ts,gpu,util,mem_used_mb,power_w,temp_c,sm_mhz
2026-07-30T04:01:16Z,0,92,31736,252.77,45,2820
2026-07-30T04:01:16Z,1,67,31856,284.51,46,2932
2026-07-30T04:01:16Z,2,0,1,13.04,33,210
2026-07-30T04:01:16Z,3,0,1,17.93,32,210
2026-07-30T04:01:16Z,4,0,29902,16.02,31,210
2026-07-30T04:01:16Z,5,0,29900,18.04,33,210
2026-07-30T04:01:16Z,6,0,17358,120.26,41,2925
2026-07-30T04:01:16Z,7,0,17358,62.99,42,2430
2026-07-30T04:01:20Z,0,100,31736,305.54,48,2790
2026-07-30T04:01:20Z,1,99,31856,422.84,44,2812
2026-07-30T04:01:20Z,2,0,1,12.74,33,210
2026-07-30T04:01:20Z,3,0,1,19.52,32,210
2026-07-30T04:01:20Z,4,0,29902,16.17,31,210
2026-07-30T04:01:20Z,5,0,29900,17.34,33,210
2026-07-30T04:01:20Z,6,0,17358,66.80,40,2430
2026-07-30T04:01:20Z,7,0,17358,63.02,42,2430
2026-07-30T04:01:21Z,0,66,31736,437.80,48,2550
2026-07-30T04:01:21Z,1,93,31856,327.66,46,2917
2026-07-30T04:01:21Z,2,0,1,13.42,33,210
2026-07-30T04:01:21Z,3,0,1,19.12,32,210
2026-07-30T04:01:21Z,4,0,29902,19.04,31,210
2026-07-30T04:01:21Z,5,0,29900,16.23,33,210
2026-07-30T04:01:21Z,6,0,17358,65.46,40,2430
2026-07-30T04:01:21Z,7,0,17358,66.08,42,2430
2026-07-30T04:01:23Z,0,100,31736,451.11,48,2422
2026-07-30T04:01:23Z,1,100,31856,459.43,51,2677
2026-07-30T04:01:23Z,2,0,1,12.62,33,210
2026-07-30T04:01:23Z,3,0,1,17.59,32,210
2026-07-30T04:01:23Z,4,0,29902,15.10,31,210
2026-07-30T04:01:23Z,5,0,29900,16.69,33,210
2026-07-30T04:01:23Z,6,0,17358,65.83,40,2430
2026-07-30T04:01:23Z,7,0,17358,62.66,42,2430
2026-07-30T04:01:24Z,0,99,31736,273.99,42,2827
2026-07-30T04:01:24Z,1,98,31856,365.55,45,2872
2026-07-30T04:01:24Z,2,0,1,14.52,34,210
2026-07-30T04:01:24Z,3,0,1,18.97,32,210
2026-07-30T04:01:24Z,4,0,29902,16.77,31,210
2026-07-30T04:01:24Z,5,0,29900,16.31,33,210
2026-07-30T04:01:24Z,6,0,17358,67.14,40,2430
2026-07-30T04:01:24Z,7,0,17358,21.82,41,352
2026-07-30T04:01:26Z,0,100,31736,464.68,51,2677
2026-07-30T04:01:26Z,1,99,31856,332.21,44,2917
2026-07-30T04:01:26Z,2,0,1,14.79,33,210
2026-07-30T04:01:26Z,3,0,1,16.49,32,210
2026-07-30T04:01:26Z,4,0,29902,15.94,31,210
2026-07-30T04:01:26Z,5,0,29900,16.32,33,210
2026-07-30T04:01:26Z,6,0,17358,65.50,40,2430
2026-07-30T04:01:26Z,7,0,17358,13.55,41,210
2026-07-30T04:01:27Z,0,100,31736,451.35,51,2670
2026-07-30T04:01:27Z,1,100,31856,434.97,52,2677
2026-07-30T04:01:27Z,2,0,1,13.39,33,210
2026-07-30T04:01:27Z,3,0,1,18.37,32,210
2026-07-30T04:01:27Z,4,0,29902,16.89,31,210
2026-07-30T04:01:27Z,5,0,29900,17.55,33,210
2026-07-30T04:01:27Z,6,0,17358,66.67,40,2430
2026-07-30T04:01:27Z,7,0,17358,12.98,41,210
2026-07-30T04:01:29Z,0,99,31736,312.05,44,2812
2026-07-30T04:01:29Z,1,100,31856,450.04,51,2677
2026-07-30T04:01:29Z,2,0,1,15.73,33,210
2026-07-30T04:01:29Z,3,0,1,17.72,32,210
2026-07-30T04:01:29Z,4,0,29902,18.03,31,210
2026-07-30T04:01:29Z,5,0,29900,14.36,33,210
2026-07-30T04:01:29Z,6,0,17358,64.87,40,2430
2026-07-30T04:01:29Z,7,100,17358,117.24,50,1312
2026-07-30T04:01:30Z,0,100,31736,289.20,49,2820
2026-07-30T04:01:30Z,1,99,31856,402.55,46,2917
2026-07-30T04:01:30Z,2,0,1,12.80,33,210
2026-07-30T04:01:30Z,3,0,1,16.88,32,210
2026-07-30T04:01:30Z,4,0,29902,16.45,31,210
2026-07-30T04:01:30Z,5,0,29900,15.75,33,210
2026-07-30T04:01:30Z,6,0,17358,66.78,40,2430
2026-07-30T04:01:30Z,7,0,17358,99.27,43,2917
2026-07-30T04:01:32Z,0,100,31736,451.21,51,2550
2026-07-30T04:01:32Z,1,80,31856,351.67,50,2865
2026-07-30T04:01:32Z,2,0,1,15.17,33,210
2026-07-30T04:01:32Z,3,0,1,18.66,32,210
2026-07-30T04:01:32Z,4,0,29902,18.46,31,210
2026-07-30T04:01:32Z,5,0,29900,15.82,33,210
2026-07-30T04:01:32Z,6,0,17358,67.10,40,2430
2026-07-30T04:01:32Z,7,0,17358,74.78,42,2430
2026-07-30T04:01:33Z,0,100,31736,451.30,51,2445
2026-07-30T04:01:33Z,1,99,31856,345.74,46,2917
2026-07-30T04:01:33Z,2,0,1,13.20,34,210
2026-07-30T04:01:33Z,3,0,1,17.70,32,210
2026-07-30T04:01:33Z,4,0,29902,16.10,31,210
2026-07-30T04:01:33Z,5,0,29900,15.35,33,210
2026-07-30T04:01:33Z,6,0,17358,22.39,39,375
2026-07-30T04:01:33Z,7,0,17358,63.99,42,2430
2026-07-30T04:01:37Z,0,67,31736,437.08,47,2355
2026-07-30T04:01:37Z,1,100,31856,443.38,53,2670
2026-07-30T04:01:37Z,2,0,1,14.30,33,210
2026-07-30T04:01:37Z,3,0,1,16.86,32,210
2026-07-30T04:01:37Z,4,0,29902,16.13,31,210
2026-07-30T04:01:37Z,5,0,29900,16.29,33,210
2026-07-30T04:01:37Z,6,0,17358,11.18,39,210
2026-07-30T04:01:37Z,7,0,17358,64.28,42,2430
2026-07-30T04:01:39Z,0,100,31736,450.27,52,2580
2026-07-30T04:01:39Z,1,99,31856,376.67,47,2917
2026-07-30T04:01:39Z,2,0,1,13.19,34,210
2026-07-30T04:01:39Z,3,0,1,19.44,32,210
2026-07-30T04:01:39Z,4,0,29902,19.06,31,210
2026-07-30T04:01:39Z,5,0,29900,16.89,33,210
2026-07-30T04:01:39Z,6,100,17358,100.93,50,2002
2026-07-30T04:01:39Z,7,0,17358,63.89,42,2430
2026-07-30T04:01:40Z,0,100,31736,449.75,52,2670
2026-07-30T04:01:40Z,1,99,31856,322.52,47,2917
2026-07-30T04:01:40Z,2,0,1,16.02,33,210
2026-07-30T04:01:40Z,3,0,1,16.60,32,210
2026-07-30T04:01:40Z,4,0,29902,18.35,31,210
2026-07-30T04:01:40Z,5,0,29900,14.15,33,210
2026-07-30T04:01:40Z,6,0,17358,98.30,41,2925
2026-07-30T04:01:40Z,7,0,17358,65.49,42,2430
2026-07-30T04:01:42Z,0,99,31736,291.32,47,2812
2026-07-30T04:01:42Z,1,90,31856,342.59,48,2910
2026-07-30T04:01:42Z,2,0,1,12.91,34,210
2026-07-30T04:01:42Z,3,0,1,20.18,32,210
2026-07-30T04:01:42Z,4,0,29902,16.73,31,210
2026-07-30T04:01:42Z,5,0,29900,17.43,33,210
2026-07-30T04:01:42Z,6,0,17358,68.14,40,2430
2026-07-30T04:01:42Z,7,0,17358,63.41,42,2430
2026-07-30T04:01:43Z,0,100,31736,399.99,53,2730
2026-07-30T04:01:43Z,1,100,31856,451.75,54,2655
2026-07-30T04:01:43Z,2,0,1,15.43,34,210
2026-07-30T04:01:43Z,3,0,1,19.45,32,210
2026-07-30T04:01:43Z,4,0,29902,18.61,31,210
2026-07-30T04:01:43Z,5,0,29900,16.09,33,210
2026-07-30T04:01:43Z,6,0,17358,65.04,40,2430
2026-07-30T04:01:43Z,7,0,17358,66.14,42,2430
2026-07-30T04:01:45Z,0,99,31736,377.42,47,2820
2026-07-30T04:01:45Z,1,99,31856,353.02,48,2910
2026-07-30T04:01:45Z,2,0,1,14.11,33,210
2026-07-30T04:01:45Z,3,0,1,17.67,32,210
2026-07-30T04:01:45Z,4,0,29902,15.40,31,210
2026-07-30T04:01:45Z,5,0,29900,16.47,33,210
2026-07-30T04:01:45Z,6,0,17358,65.60,40,2430
2026-07-30T04:01:45Z,7,0,17358,63.30,42,2430
2026-07-30T04:01:46Z,0,99,31736,256.10,47,2812
2026-07-30T04:01:46Z,1,99,31856,300.55,53,2917
2026-07-30T04:01:46Z,2,0,1,14.17,34,210
2026-07-30T04:01:46Z,3,0,1,20.14,32,210
2026-07-30T04:01:46Z,4,0,29902,18.43,31,210
2026-07-30T04:01:46Z,5,0,29900,16.24,33,210
2026-07-30T04:01:46Z,6,0,17358,66.25,40,2430
2026-07-30T04:01:46Z,7,0,17358,65.16,42,2430
2026-07-30T04:01:48Z,0,69,31736,282.45,46,2820
2026-07-30T04:01:48Z,1,100,31856,450.46,53,2527
2026-07-30T04:01:48Z,2,0,1,15.32,34,210
2026-07-30T04:01:48Z,3,0,1,17.68,32,210
2026-07-30T04:01:48Z,4,0,29902,16.39,31,210
2026-07-30T04:01:48Z,5,0,29900,16.55,33,210
2026-07-30T04:01:48Z,6,0,17358,64.89,40,2430
2026-07-30T04:01:48Z,7,0,17358,23.27,41,352
2026-07-30T04:01:49Z,0,99,31736,278.32,47,2782
2026-07-30T04:01:49Z,1,100,31856,450.39,55,2670
2026-07-30T04:01:49Z,2,0,1,13.30,34,210
2026-07-30T04:01:49Z,3,0,1,18.53,32,210
2026-07-30T04:01:49Z,4,0,29902,16.60,31,210
2026-07-30T04:01:49Z,5,0,29900,17.53,33,210
2026-07-30T04:01:49Z,6,0,17358,66.52,40,2430
2026-07-30T04:01:49Z,7,0,17358,12.72,41,210
2026-07-30T04:01:51Z,0,100,31736,461.98,55,2670
2026-07-30T04:01:51Z,1,100,31856,369.39,57,2865
2026-07-30T04:01:51Z,2,0,1,15.39,34,210
2026-07-30T04:01:51Z,3,0,1,17.91,32,210
2026-07-30T04:01:51Z,4,0,29902,18.07,31,210
2026-07-30T04:01:51Z,5,0,29900,14.03,33,210
2026-07-30T04:01:51Z,6,0,17358,64.53,40,2430
2026-07-30T04:01:51Z,7,0,17358,14.58,41,210
2026-07-30T04:01:54Z,0,99,31736,301.95,49,2797
2026-07-30T04:01:54Z,1,99,31856,339.15,50,2880
2026-07-30T04:01:54Z,2,0,1,14.98,34,210
2026-07-30T04:01:54Z,3,0,1,19.46,32,210
2026-07-30T04:01:54Z,4,0,29902,18.18,31,210
2026-07-30T04:01:54Z,5,0,29900,13.93,33,210
2026-07-30T04:01:54Z,6,0,17358,65.52,40,2430
2026-07-30T04:01:54Z,7,0,17358,84.82,42,2430
2026-07-30T04:01:56Z,0,100,31736,370.42,56,2775
2026-07-30T04:01:56Z,1,100,31856,461.18,57,2655
2026-07-30T04:01:56Z,2,0,1,12.75,34,210
2026-07-30T04:01:56Z,3,0,1,17.85,32,210
2026-07-30T04:01:56Z,4,0,29902,15.37,31,210
2026-07-30T04:01:56Z,5,0,29900,16.98,33,210
2026-07-30T04:01:56Z,6,0,17358,66.00,40,2430
2026-07-30T04:01:56Z,7,0,17358,63.00,42,2430
2026-07-30T04:01:57Z,0,99,31736,391.70,49,2820
2026-07-30T04:01:57Z,1,100,31856,449.96,57,2662
2026-07-30T04:01:57Z,2,0,1,15.84,34,210
2026-07-30T04:01:57Z,3,0,1,18.87,32,210
2026-07-30T04:01:57Z,4,0,29902,19.15,31,210
2026-07-30T04:01:57Z,5,0,29900,15.37,33,210
2026-07-30T04:01:57Z,6,0,17358,28.52,39,375
2026-07-30T04:01:57Z,7,0,17358,65.66,42,2430
2026-07-30T04:01:59Z,0,100,31736,427.37,57,2655
2026-07-30T04:01:59Z,1,99,31856,376.23,51,2917
2026-07-30T04:01:59Z,2,0,1,15.48,34,210
2026-07-30T04:01:59Z,3,0,1,16.93,32,210
2026-07-30T04:01:59Z,4,0,29902,17.76,31,210
2026-07-30T04:01:59Z,5,0,29900,16.02,33,210
2026-07-30T04:01:59Z,6,0,17358,11.98,39,217
2026-07-30T04:01:59Z,7,0,17358,64.53,42,2430
2026-07-30T04:02:01Z,0,95,31736,362.68,52,2820
2026-07-30T04:02:01Z,1,99,31856,359.05,51,2925
2026-07-30T04:02:01Z,2,0,1,13.33,34,210
2026-07-30T04:02:01Z,3,0,1,19.59,32,210
2026-07-30T04:02:01Z,4,0,29902,18.02,31,210
2026-07-30T04:02:01Z,5,0,29900,16.66,33,210
2026-07-30T04:02:01Z,6,0,17358,12.10,39,210
2026-07-30T04:02:01Z,7,0,17358,64.29,42,2430
2026-07-30T04:02:02Z,0,100,31736,355.13,57,2790
2026-07-30T04:02:02Z,1,98,31856,342.61,56,2857
2026-07-30T04:02:02Z,2,0,1,15.81,34,210
2026-07-30T04:02:02Z,3,0,1,18.22,32,210
2026-07-30T04:02:02Z,4,0,29902,17.91,31,210
2026-07-30T04:02:02Z,5,0,29900,14.57,33,210
2026-07-30T04:02:02Z,6,0,17358,10.75,39,210
2026-07-30T04:02:02Z,7,0,17358,66.02,42,2430
2026-07-30T04:02:04Z,0,99,31736,433.15,51,2722
2026-07-30T04:02:04Z,1,99,31856,339.95,51,2917
2026-07-30T04:02:04Z,2,0,1,13.36,34,210
2026-07-30T04:02:04Z,3,0,1,20.46,32,210
2026-07-30T04:02:04Z,4,0,29902,17.80,31,210
2026-07-30T04:02:04Z,5,0,29900,17.41,33,210
2026-07-30T04:02:04Z,6,0,17358,11.89,39,210
2026-07-30T04:02:04Z,7,0,17358,63.12,42,2430
2026-07-30T04:02:05Z,0,99,31736,288.47,50,2820
2026-07-30T04:02:05Z,1,100,31856,430.68,58,2655
2026-07-30T04:02:05Z,2,0,1,14.05,34,210
2026-07-30T04:02:05Z,3,0,1,19.84,32,210
2026-07-30T04:02:05Z,4,0,29902,19.71,31,210
2026-07-30T04:02:05Z,5,0,29900,15.90,33,210
2026-07-30T04:02:05Z,6,24,17358,324.39,42,2917
2026-07-30T04:02:05Z,7,0,17358,66.10,42,2430
2026-07-30T04:02:07Z,0,100,31736,423.13,58,2707
2026-07-30T04:02:07Z,1,99,31856,390.95,51,2917
2026-07-30T04:02:07Z,2,0,1,12.35,34,210
2026-07-30T04:02:07Z,3,0,1,17.19,32,210
2026-07-30T04:02:07Z,4,0,29902,16.53,31,210
2026-07-30T04:02:07Z,5,0,29900,16.34,33,210
2026-07-30T04:02:07Z,6,0,17358,94.02,41,2925
2026-07-30T04:02:07Z,7,0,17358,63.38,42,2430
2026-07-30T04:02:08Z,0,100,31736,449.87,58,2670
2026-07-30T04:02:08Z,1,100,31856,463.90,58,2655
2026-07-30T04:02:08Z,2,0,1,12.56,34,210
2026-07-30T04:02:08Z,3,0,1,19.86,32,210
2026-07-30T04:02:08Z,4,0,29902,18.20,31,210
2026-07-30T04:02:08Z,5,0,29900,16.38,33,210
2026-07-30T04:02:08Z,6,0,17358,67.35,40,2430
2026-07-30T04:02:08Z,7,0,17358,64.75,42,2430
2026-07-30T04:02:12Z,0,88,31736,299.70,50,2820
2026-07-30T04:02:12Z,1,100,31856,354.38,59,2895
2026-07-30T04:02:12Z,2,0,1,13.56,34,210
2026-07-30T04:02:12Z,3,0,1,19.06,32,210
2026-07-30T04:02:12Z,4,0,29902,17.78,31,210
2026-07-30T04:02:12Z,5,0,29900,16.43,33,210
2026-07-30T04:02:12Z,6,0,17358,67.13,40,2430
2026-07-30T04:02:12Z,7,0,17358,19.85,41,352
2026-07-30T04:02:13Z,0,100,31736,450.91,53,2482
2026-07-30T04:02:13Z,1,99,31856,426.47,53,2737
2026-07-30T04:02:13Z,2,0,1,14.18,34,210
2026-07-30T04:02:13Z,3,0,1,16.38,32,210
2026-07-30T04:02:13Z,4,0,29902,17.40,31,210
2026-07-30T04:02:13Z,5,0,29900,14.57,33,210
2026-07-30T04:02:13Z,6,0,17358,65.04,40,2430
2026-07-30T04:02:13Z,7,0,17358,14.41,41,210
2026-07-30T04:02:15Z,0,99,31736,308.57,51,2820
2026-07-30T04:02:15Z,1,100,31856,368.85,59,2842
2026-07-30T04:02:15Z,2,0,1,12.18,34,210
2026-07-30T04:02:15Z,3,0,1,19.53,32,210
2026-07-30T04:02:15Z,4,0,29902,17.04,31,210
2026-07-30T04:02:15Z,5,0,29900,17.13,33,210
2026-07-30T04:02:15Z,6,0,17358,67.53,40,2430
2026-07-30T04:02:15Z,7,75,17358,262.57,50,2437
2026-07-30T04:02:17Z,0,100,31736,379.23,58,2730
2026-07-30T04:02:17Z,1,40,31856,418.02,52,2370
2026-07-30T04:02:17Z,2,0,1,15.08,34,210
2026-07-30T04:02:17Z,3,0,1,15.97,32,210
2026-07-30T04:02:17Z,4,0,29902,18.15,31,210
2026-07-30T04:02:17Z,5,0,29900,14.90,33,210
2026-07-30T04:02:17Z,6,0,17358,64.73,40,2430
2026-07-30T04:02:17Z,7,0,17358,96.60,42,2917
2026-07-30T04:02:18Z,0,100,31736,448.99,59,2760
2026-07-30T04:02:18Z,1,99,31856,335.52,53,2917
2026-07-30T04:02:18Z,2,0,1,13.81,34,210
2026-07-30T04:02:18Z,3,0,1,16.74,32,210
2026-07-30T04:02:18Z,4,0,29902,15.94,31,210
2026-07-30T04:02:18Z,5,0,29900,17.38,33,210
2026-07-30T04:02:18Z,6,0,17358,66.05,40,2430
2026-07-30T04:02:18Z,7,0,17358,63.13,42,2430
2026-07-30T04:02:20Z,0,100,31736,449.98,60,2617
2026-07-30T04:02:20Z,1,100,31856,436.46,59,2655
2026-07-30T04:02:20Z,2,0,1,15.77,34,210
2026-07-30T04:02:20Z,3,0,1,19.20,32,210
2026-07-30T04:02:20Z,4,0,29902,18.74,31,210
2026-07-30T04:02:20Z,5,0,29900,14.32,33,210
2026-07-30T04:02:20Z,6,0,17358,65.49,40,2430
2026-07-30T04:02:20Z,7,0,17358,65.18,42,2430
2026-07-30T04:02:21Z,0,99,31736,445.61,54,2392
2026-07-30T04:02:21Z,1,99,31856,389.78,53,2910
2026-07-30T04:02:21Z,2,0,1,15.47,34,210
2026-07-30T04:02:21Z,3,0,1,16.50,32,210
2026-07-30T04:02:21Z,4,0,29902,15.93,31,210
2026-07-30T04:02:21Z,5,0,29900,16.18,33,210
2026-07-30T04:02:21Z,6,0,17358,64.21,40,2430
2026-07-30T04:02:21Z,7,0,17358,64.38,42,2430
2026-07-30T04:02:23Z,0,100,31736,388.60,60,2692
2026-07-30T04:02:23Z,1,99,31856,341.53,53,2850
2026-07-30T04:02:23Z,2,0,1,13.40,34,210
2026-07-30T04:02:23Z,3,0,1,19.14,32,202
2026-07-30T04:02:23Z,4,0,29902,18.57,31,210
2026-07-30T04:02:23Z,5,0,29900,14.92,33,210
2026-07-30T04:02:23Z,6,0,17358,52.37,40,540
2026-07-30T04:02:23Z,7,0,17358,63.05,42,2430
2026-07-30T04:02:24Z,0,99,31736,385.50,53,2812
2026-07-30T04:02:24Z,1,100,31856,464.75,60,2647
2026-07-30T04:02:24Z,2,0,1,14.60,34,210
2026-07-30T04:02:24Z,3,0,1,17.99,32,210
2026-07-30T04:02:24Z,4,0,29902,18.11,31,210
2026-07-30T04:02:24Z,5,0,29900,14.41,33,210
2026-07-30T04:02:24Z,6,0,17358,27.94,39,375
2026-07-30T04:02:24Z,7,0,17358,65.78,42,2430
2026-07-30T04:02:26Z,0,99,31736,296.08,53,2820
2026-07-30T04:02:26Z,1,99,31856,345.60,53,2910
2026-07-30T04:02:26Z,2,0,1,12.20,34,210
2026-07-30T04:02:26Z,3,0,1,20.13,32,210
2026-07-30T04:02:26Z,4,0,29902,17.47,31,210
2026-07-30T04:02:26Z,5,0,29900,17.16,33,210
2026-07-30T04:02:26Z,6,0,17358,10.73,39,210
2026-07-30T04:02:26Z,7,0,17358,62.61,42,2430
2026-07-30T04:02:29Z,0,100,31736,451.85,61,2640
2026-07-30T04:02:29Z,1,93,31856,434.31,57,2422
2026-07-30T04:02:29Z,2,0,1,14.11,34,210
2026-07-30T04:02:29Z,3,0,1,17.83,32,210
2026-07-30T04:02:29Z,4,0,29902,16.03,31,210
2026-07-30T04:02:29Z,5,0,29900,15.98,33,210
2026-07-30T04:02:29Z,6,26,17358,315.44,43,2775
2026-07-30T04:02:29Z,7,0,17358,62.55,42,2430
2026-07-30T04:02:31Z,0,99,31736,355.61,54,2812
2026-07-30T04:02:31Z,1,100,31856,378.33,61,2880
2026-07-30T04:02:31Z,2,0,1,14.68,34,210
2026-07-30T04:02:31Z,3,0,1,19.33,32,210
2026-07-30T04:02:31Z,4,0,29902,18.84,31,210
2026-07-30T04:02:31Z,5,0,29900,14.02,33,210
2026-07-30T04:02:31Z,6,0,17358,94.12,41,2925
2026-07-30T04:02:31Z,7,0,17358,65.08,42,2430
2026-07-30T04:02:32Z,0,99,31736,307.08,53,2805
2026-07-30T04:02:32Z,1,99,31856,448.51,55,2347
2026-07-30T04:02:32Z,2,0,1,15.21,34,210
2026-07-30T04:02:32Z,3,0,1,17.30,32,210
2026-07-30T04:02:32Z,4,0,29902,16.31,31,210
2026-07-30T04:02:32Z,5,0,29900,15.01,33,210
2026-07-30T04:02:32Z,6,0,17358,65.81,40,2430
2026-07-30T04:02:32Z,7,0,17358,53.13,41,472
2026-07-30T04:02:34Z,0,99,31736,300.59,58,2812
2026-07-30T04:02:34Z,1,100,31856,398.69,59,2865
2026-07-30T04:02:34Z,2,0,1,12.97,34,210
2026-07-30T04:02:34Z,3,0,1,19.67,32,210
2026-07-30T04:02:34Z,4,0,29902,18.88,31,210
2026-07-30T04:02:34Z,5,0,29900,15.46,33,210
2026-07-30T04:02:34Z,6,0,17358,67.24,40,2430
2026-07-30T04:02:34Z,7,0,17358,21.87,41,352
2026-07-30T04:02:35Z,0,100,31736,450.93,59,2557
2026-07-30T04:02:35Z,1,99,31856,423.14,55,2910
2026-07-30T04:02:35Z,2,0,1,15.15,34,210
2026-07-30T04:02:35Z,3,0,1,17.19,32,210
2026-07-30T04:02:35Z,4,0,29902,18.69,31,210
2026-07-30T04:02:35Z,5,0,29900,15.00,33,210
2026-07-30T04:02:35Z,6,0,17358,64.01,40,2430
2026-07-30T04:02:35Z,7,0,17358,14.72,41,210
2026-07-30T04:02:37Z,0,98,31736,298.82,54,2797
2026-07-30T04:02:37Z,1,97,31856,318.70,54,2910
2026-07-30T04:02:37Z,2,0,1,13.18,34,210
2026-07-30T04:02:37Z,3,0,1,18.64,32,210
2026-07-30T04:02:37Z,4,0,29902,17.58,31,210
2026-07-30T04:02:37Z,5,0,29900,17.38,33,210
2026-07-30T04:02:37Z,6,0,17358,67.17,40,2430
2026-07-30T04:02:37Z,7,0,17358,12.15,40,210
2026-07-30T04:02:38Z,0,100,31736,450.01,62,2647
2026-07-30T04:02:38Z,1,100,31856,450.77,59,2535
2026-07-30T04:02:38Z,2,0,1,15.09,34,210
2026-07-30T04:02:38Z,3,0,1,19.42,32,210
2026-07-30T04:02:38Z,4,0,29902,18.97,31,210
2026-07-30T04:02:38Z,5,0,29900,16.02,33,210
2026-07-30T04:02:38Z,6,0,17358,65.75,40,2430
2026-07-30T04:02:38Z,7,0,17358,298.62,43,2910
2026-07-30T04:02:40Z,0,99,31736,334.69,54,2812
2026-07-30T04:02:40Z,1,100,31856,375.89,61,2782
2026-07-30T04:02:40Z,2,0,1,13.38,34,210
2026-07-30T04:02:40Z,3,0,1,18.60,32,210
2026-07-30T04:02:40Z,4,0,29902,15.97,31,210
2026-07-30T04:02:40Z,5,0,29900,17.87,33,210
2026-07-30T04:02:40Z,6,0,17358,66.24,40,2430
2026-07-30T04:02:40Z,7,0,17358,88.11,42,2842
2026-07-30T04:02:41Z,0,100,31736,346.22,62,2767
2026-07-30T04:02:41Z,1,99,31856,449.31,57,2422
2026-07-30T04:02:41Z,2,0,1,15.31,34,210
2026-07-30T04:02:41Z,3,0,1,19.56,32,210
2026-07-30T04:02:41Z,4,0,29902,17.17,31,210
2026-07-30T04:02:41Z,5,0,29900,17.05,33,210
2026-07-30T04:02:41Z,6,0,17358,67.12,40,2430
2026-07-30T04:02:41Z,7,0,17358,64.46,42,2430
2026-07-30T04:02:43Z,0,100,31736,450.04,62,2677
2026-07-30T04:02:43Z,1,99,31856,334.50,55,2910
2026-07-30T04:02:43Z,2,0,1,14.95,34,210
2026-07-30T04:02:43Z,3,0,1,16.05,32,210
2026-07-30T04:02:43Z,4,0,29902,17.11,31,210
2026-07-30T04:02:43Z,5,0,29900,15.05,33,210
2026-07-30T04:02:43Z,6,0,17358,64.76,40,2430
2026-07-30T04:02:43Z,7,0,17358,64.73,42,2430
2026-07-30T04:02:46Z,0,99,31736,296.81,54,2812
2026-07-30T04:02:46Z,1,99,31856,395.04,55,2910
2026-07-30T04:02:46Z,2,0,1,14.04,34,202
2026-07-30T04:02:46Z,3,0,1,16.86,32,210
2026-07-30T04:02:46Z,4,0,29902,15.57,31,210
2026-07-30T04:02:46Z,5,0,29900,15.53,33,210
2026-07-30T04:02:46Z,6,0,17358,49.57,40,547
2026-07-30T04:02:46Z,7,0,17358,64.72,42,2430
2026-07-30T04:02:48Z,0,100,31736,450.61,60,2527
2026-07-30T04:02:48Z,1,100,31856,368.31,63,2820
2026-07-30T04:02:48Z,2,0,1,13.34,34,210
2026-07-30T04:02:48Z,3,0,1,19.65,32,210
2026-07-30T04:02:48Z,4,0,29902,16.32,31,210
2026-07-30T04:02:48Z,5,0,29900,17.18,33,210
2026-07-30T04:02:48Z,6,0,17358,22.96,40,375
2026-07-30T04:02:48Z,7,0,17358,62.92,42,2430
2026-07-30T04:02:50Z,0,99,31736,289.91,55,2790
2026-07-30T04:02:50Z,1,99,31856,436.83,57,2535
2026-07-30T04:02:50Z,2,0,1,15.02,34,210
2026-07-30T04:02:50Z,3,0,1,16.86,32,210
2026-07-30T04:02:50Z,4,0,29902,17.16,31,210
2026-07-30T04:02:50Z,5,0,29900,14.85,33,210
2026-07-30T04:02:50Z,6,0,17358,10.94,39,210
2026-07-30T04:02:50Z,7,0,17358,65.57,42,2430
2026-07-30T04:02:51Z,0,100,31736,459.91,61,2625
2026-07-30T04:02:51Z,1,100,31856,412.90,62,2662
2026-07-30T04:02:51Z,2,0,1,13.57,34,210
2026-07-30T04:02:51Z,3,0,1,17.77,32,210
2026-07-30T04:02:51Z,4,0,29902,16.02,31,210
2026-07-30T04:02:51Z,5,0,29900,18.21,33,210
2026-07-30T04:02:51Z,6,0,17358,12.15,39,210
2026-07-30T04:02:51Z,7,0,17358,62.78,42,2430
2026-07-30T04:02:53Z,0,100,31736,459.71,61,2632
2026-07-30T04:02:53Z,1,99,31856,407.17,56,2910
2026-07-30T04:02:53Z,2,0,1,15.76,34,202
2026-07-30T04:02:53Z,3,0,1,17.40,32,210
2026-07-30T04:02:53Z,4,0,29902,18.08,31,210
2026-07-30T04:02:53Z,5,0,29900,15.63,33,210
2026-07-30T04:02:53Z,6,0,17358,12.52,39,210
2026-07-30T04:02:53Z,7,0,17358,65.19,42,2430
2026-07-30T04:02:54Z,0,99,31736,335.48,56,2812
2026-07-30T04:02:54Z,1,100,31856,415.78,62,2647
2026-07-30T04:02:54Z,2,0,1,15.17,34,210
2026-07-30T04:02:54Z,3,0,1,16.86,32,210
2026-07-30T04:02:54Z,4,0,29902,17.02,31,210
2026-07-30T04:02:54Z,5,0,29900,15.66,33,210
2026-07-30T04:02:54Z,6,24,17358,310.69,44,2640
2026-07-30T04:02:54Z,7,0,17358,63.86,42,2430
2026-07-30T04:02:56Z,0,100,31736,394.24,63,2655
2026-07-30T04:02:56Z,1,95,31856,403.49,56,2910
2026-07-30T04:02:56Z,2,0,1,13.69,34,210
2026-07-30T04:02:56Z,3,0,1,20.21,32,210
2026-07-30T04:02:56Z,4,0,29902,19.29,31,210
2026-07-30T04:02:56Z,5,0,29900,17.07,33,210
2026-07-30T04:02:56Z,6,0,17358,95.67,41,2925
2026-07-30T04:02:56Z,7,0,17358,32.26,41,352
2026-07-30T04:02:57Z,0,99,31736,411.70,56,2610
2026-07-30T04:02:57Z,1,88,31856,331.42,55,2902
2026-07-30T04:02:57Z,2,0,1,14.79,34,210
2026-07-30T04:02:57Z,3,0,1,16.75,32,210
2026-07-30T04:02:57Z,4,0,29902,17.59,31,210
2026-07-30T04:02:57Z,5,0,29900,15.32,33,210
2026-07-30T04:02:57Z,6,0,17358,64.86,41,2430
2026-07-30T04:02:57Z,7,0,17358,14.81,41,210
2026-07-30T04:02:59Z,0,17,31736,272.87,54,2797
2026-07-30T04:02:59Z,1,100,31856,460.92,63,2640
2026-07-30T04:02:59Z,2,0,1,12.10,34,202
2026-07-30T04:02:59Z,3,0,1,19.43,32,210
2026-07-30T04:02:59Z,4,0,29902,16.49,31,210
2026-07-30T04:02:59Z,5,0,29900,17.18,33,210
2026-07-30T04:02:59Z,6,0,17358,66.55,41,2430
2026-07-30T04:02:59Z,7,0,17358,12.65,41,210
2026-07-30T04:03:00Z,0,99,31736,290.59,55,2820
2026-07-30T04:03:00Z,1,100,31856,449.58,63,2632
2026-07-30T04:03:00Z,2,0,1,13.43,34,210
2026-07-30T04:03:00Z,3,0,1,18.95,32,210
2026-07-30T04:03:00Z,4,0,29902,18.86,31,210
2026-07-30T04:03:00Z,5,0,29900,15.88,33,210
2026-07-30T04:03:00Z,6,0,17358,66.04,41,2430
2026-07-30T04:03:00Z,7,0,17358,13.49,40,210
2026-07-30T04:03:04Z,0,100,31736,450.19,62,2632
2026-07-30T04:03:04Z,1,100,31856,450.50,61,2475
2026-07-30T04:03:04Z,2,0,1,15.41,34,210
2026-07-30T04:03:04Z,3,0,1,18.46,32,210
2026-07-30T04:03:04Z,4,0,29902,17.83,31,210
2026-07-30T04:03:04Z,5,0,29900,13.79,33,210
2026-07-30T04:03:04Z,6,0,17358,65.57,41,2430
2026-07-30T04:03:04Z,7,0,17358,301.71,43,2910
2026-07-30T04:03:05Z,0,100,31736,449.85,63,2625
2026-07-30T04:03:05Z,1,100,31856,450.28,62,2632
2026-07-30T04:03:05Z,2,0,1,12.85,34,210
2026-07-30T04:03:05Z,3,0,1,16.73,32,210
2026-07-30T04:03:05Z,4,0,29902,16.93,31,210
2026-07-30T04:03:05Z,5,0,29900,14.65,33,210
2026-07-30T04:03:05Z,6,0,17358,64.99,41,2430
2026-07-30T04:03:05Z,7,0,17358,86.50,42,2647
2026-07-30T04:03:07Z,0,99,31736,301.15,57,2812
2026-07-30T04:03:07Z,1,99,31856,352.05,57,2910
2026-07-30T04:03:07Z,2,0,1,13.72,34,210
2026-07-30T04:03:07Z,3,0,1,19.48,32,210
2026-07-30T04:03:07Z,4,0,29902,17.82,31,210
2026-07-30T04:03:07Z,5,0,29900,15.49,33,210
2026-07-30T04:03:07Z,6,0,17358,67.36,41,2430
2026-07-30T04:03:07Z,7,0,17358,64.38,42,2430
2026-07-30T04:03:08Z,0,99,31736,313.82,56,2812
2026-07-30T04:03:08Z,1,100,31856,313.41,63,2887
2026-07-30T04:03:08Z,2,0,1,14.26,34,210
2026-07-30T04:03:08Z,3,0,1,17.56,32,210
2026-07-30T04:03:08Z,4,0,29902,18.45,31,210
2026-07-30T04:03:08Z,5,0,29900,14.88,33,210
2026-07-30T04:03:08Z,6,0,17358,65.56,41,2430
2026-07-30T04:03:08Z,7,0,17358,64.91,42,2430
2026-07-30T04:03:10Z,0,99,31736,276.18,56,2812
2026-07-30T04:03:10Z,1,99,31856,450.18,63,2340
2026-07-30T04:03:10Z,2,0,1,12.24,34,210
2026-07-30T04:03:10Z,3,0,1,18.48,32,210
2026-07-30T04:03:10Z,4,0,29902,16.56,31,210
2026-07-30T04:03:10Z,5,0,29900,16.91,33,210
2026-07-30T04:03:10Z,6,0,17358,67.37,41,2430
2026-07-30T04:03:10Z,7,0,17358,62.31,41,2430
2026-07-30T04:03:11Z,0,100,31736,452.72,62,2617
2026-07-30T04:03:11Z,1,100,31856,450.30,62,2392
2026-07-30T04:03:11Z,2,0,1,15.85,34,210
2026-07-30T04:03:11Z,3,0,1,19.16,32,210
2026-07-30T04:03:11Z,4,0,29902,18.84,31,210
2026-07-30T04:03:11Z,5,0,29900,14.82,33,210
2026-07-30T04:03:11Z,6,0,17358,59.61,40,555
2026-07-30T04:03:11Z,7,0,17358,65.76,42,2430
2026-07-30T04:03:13Z,0,100,31736,453.30,64,2625
2026-07-30T04:03:13Z,1,99,31856,343.89,57,2910
2026-07-30T04:03:13Z,2,0,1,15.02,34,210
2026-07-30T04:03:13Z,3,0,1,17.48,32,210
2026-07-30T04:03:13Z,4,0,29902,16.71,31,210
2026-07-30T04:03:13Z,5,0,29900,17.56,33,210
2026-07-30T04:03:13Z,6,0,17358,22.14,40,330
2026-07-30T04:03:13Z,7,0,17358,62.75,42,2430
2026-07-30T04:03:14Z,0,100,31736,450.33,63,2625
2026-07-30T04:03:14Z,1,100,31856,411.49,64,2640
2026-07-30T04:03:14Z,2,0,1,14.33,34,210
2026-07-30T04:03:14Z,3,0,1,19.11,32,210
2026-07-30T04:03:14Z,4,0,29902,16.96,31,210
2026-07-30T04:03:14Z,5,0,29900,17.31,33,210
2026-07-30T04:03:14Z,6,0,17358,11.27,40,210
2026-07-30T04:03:14Z,7,0,17358,64.31,41,2430
2026-07-30T04:03:16Z,0,99,31736,300.99,57,2812
2026-07-30T04:03:16Z,1,99,31856,392.38,58,2910
2026-07-30T04:03:16Z,2,0,1,15.47,34,210
2026-07-30T04:03:16Z,3,0,1,16.35,32,210
2026-07-30T04:03:16Z,4,0,29902,15.85,31,210
2026-07-30T04:03:16Z,5,0,29900,15.86,33,210
2026-07-30T04:03:16Z,6,0,17358,9.44,40,210
2026-07-30T04:03:16Z,7,0,17358,64.34,42,2430
2026-07-30T04:03:18Z,0,100,31736,464.42,65,2625
2026-07-30T04:03:18Z,1,99,31856,342.74,57,2910
2026-07-30T04:03:18Z,2,0,1,13.38,34,210
2026-07-30T04:03:18Z,3,0,1,19.71,32,210
2026-07-30T04:03:18Z,4,0,29902,17.50,31,210
2026-07-30T04:03:18Z,5,0,29900,15.86,33,210
2026-07-30T04:03:18Z,6,0,17358,12.24,39,210
2026-07-30T04:03:18Z,7,0,17358,63.37,42,2430
2026-07-30T04:03:21Z,0,100,31736,450.02,65,2625
2026-07-30T04:03:21Z,1,98,31856,339.38,58,2910
2026-07-30T04:03:21Z,2,0,1,13.44,34,210
2026-07-30T04:03:21Z,3,0,1,19.51,32,210
2026-07-30T04:03:21Z,4,0,29902,15.85,31,210
2026-07-30T04:03:21Z,5,0,29900,16.50,33,210
2026-07-30T04:03:21Z,6,0,17358,75.33,41,2430
2026-07-30T04:03:21Z,7,0,17358,49.03,41,457
2026-07-30T04:03:23Z,0,99,31736,377.09,58,2812
2026-07-30T04:03:23Z,1,99,31856,347.03,57,2910
2026-07-30T04:03:23Z,2,0,1,15.57,34,210
2026-07-30T04:03:23Z,3,0,1,18.42,32,210
2026-07-30T04:03:23Z,4,0,29902,18.63,31,210
2026-07-30T04:03:23Z,5,0,29900,15.13,33,210
2026-07-30T04:03:23Z,6,0,17358,64.49,41,2430
2026-07-30T04:03:23Z,7,0,17358,14.31,41,210
2026-07-30T04:03:24Z,0,99,31736,297.43,57,2812
2026-07-30T04:03:24Z,1,99,31856,363.24,58,2917
2026-07-30T04:03:24Z,2,0,1,13.15,34,210
2026-07-30T04:03:24Z,3,0,1,18.66,32,210
2026-07-30T04:03:24Z,4,0,29902,17.04,31,210
2026-07-30T04:03:24Z,5,0,29900,17.88,33,210
2026-07-30T04:03:24Z,6,0,17358,66.90,41,2430
2026-07-30T04:03:24Z,7,0,17358,13.06,40,210
2026-07-30T04:03:26Z,0,100,31736,461.81,65,2625
2026-07-30T04:03:26Z,1,100,31856,316.97,65,2865
2026-07-30T04:03:26Z,2,0,1,15.01,34,210
2026-07-30T04:03:26Z,3,0,1,18.84,32,210
2026-07-30T04:03:26Z,4,0,29902,18.52,31,210
2026-07-30T04:03:26Z,5,0,29900,13.60,33,210
2026-07-30T04:03:26Z,6,0,17358,65.44,41,2430
2026-07-30T04:03:26Z,7,100,17358,105.28,51,2160
2026-07-30T04:03:27Z,0,99,31736,322.02,58,2782
2026-07-30T04:03:27Z,1,100,31856,449.92,62,2572
2026-07-30T04:03:27Z,2,0,1,14.02,34,210
2026-07-30T04:03:27Z,3,0,1,16.97,32,210
2026-07-30T04:03:27Z,4,0,29902,16.76,31,210
2026-07-30T04:03:27Z,5,0,29900,16.40,33,210
2026-07-30T04:03:27Z,6,0,17358,65.78,41,2430
2026-07-30T04:03:27Z,7,0,17358,99.83,42,2917
2026-07-30T04:03:29Z,0,100,31736,385.90,65,2662
2026-07-30T04:03:29Z,1,100,31856,450.18,64,2632
2026-07-30T04:03:29Z,2,0,1,13.07,34,210
2026-07-30T04:03:29Z,3,0,1,19.28,32,210
2026-07-30T04:03:29Z,4,0,29902,18.50,31,210
2026-07-30T04:03:29Z,5,0,29900,15.51,33,210
2026-07-30T04:03:29Z,6,0,17358,66.78,41,2430
2026-07-30T04:03:29Z,7,0,17358,67.11,42,2430
2026-07-30T04:03:30Z,0,96,31736,397.99,62,2812
2026-07-30T04:03:30Z,1,99,31856,345.06,58,2910
2026-07-30T04:03:30Z,2,0,1,13.68,34,210
2026-07-30T04:03:30Z,3,0,1,16.81,32,210
2026-07-30T04:03:30Z,4,0,29902,18.64,31,210
2026-07-30T04:03:30Z,5,0,29900,14.39,33,210
2026-07-30T04:03:30Z,6,0,17358,64.94,41,2430
2026-07-30T04:03:30Z,7,0,17358,65.09,42,2430
2026-07-30T04:03:32Z,0,84,31736,297.58,61,2812
2026-07-30T04:03:32Z,1,100,31856,427.58,64,2647
2026-07-30T04:03:32Z,2,0,1,13.09,34,210
2026-07-30T04:03:32Z,3,0,1,18.37,32,210
2026-07-30T04:03:32Z,4,0,29902,16.93,32,210
2026-07-30T04:03:32Z,5,0,29900,17.38,33,210
2026-07-30T04:03:32Z,6,0,17358,67.81,41,2430
2026-07-30T04:03:32Z,7,0,17358,62.76,42,2430
2026-07-30T04:03:33Z,0,100,31736,354.31,66,2760
2026-07-30T04:03:33Z,1,99,31856,428.27,59,2505
2026-07-30T04:03:33Z,2,0,1,15.62,34,210
2026-07-30T04:03:33Z,3,0,1,19.72,32,210
2026-07-30T04:03:33Z,4,0,29902,18.94,31,210
2026-07-30T04:03:33Z,5,0,29900,16.49,33,210
2026-07-30T04:03:33Z,6,0,17358,65.67,41,2430
2026-07-30T04:03:33Z,7,0,17358,65.73,42,2430
2026-07-30T04:03:35Z,0,99,31736,417.64,59,2707
2026-07-30T04:03:35Z,1,99,31856,347.68,58,2857
2026-07-30T04:03:35Z,2,0,1,13.70,34,210
2026-07-30T04:03:35Z,3,0,1,17.56,32,210
2026-07-30T04:03:35Z,4,0,29902,15.72,32,210
2026-07-30T04:03:35Z,5,0,29900,16.44,33,210
2026-07-30T04:03:35Z,6,0,17358,66.17,41,2430
2026-07-30T04:03:35Z,7,0,17358,63.10,41,2430
2026-07-30T04:03:38Z,0,100,31736,451.13,64,2625
2026-07-30T04:03:38Z,1,99,31856,366.23,59,2917
2026-07-30T04:03:38Z,2,0,1,12.73,34,210
2026-07-30T04:03:38Z,3,0,1,16.60,32,210
2026-07-30T04:03:38Z,4,0,29902,16.61,31,210
2026-07-30T04:03:38Z,5,0,29900,14.89,33,210
2026-07-30T04:03:38Z,6,0,17358,11.51,40,210
2026-07-30T04:03:38Z,7,0,17358,63.08,42,2430
2026-07-30T04:03:40Z,0,100,31736,450.65,66,2617
2026-07-30T04:03:40Z,1,99,31856,343.23,58,2872
2026-07-30T04:03:40Z,2,0,1,13.30,34,210
2026-07-30T04:03:40Z,3,0,1,19.56,32,210
2026-07-30T04:03:40Z,4,0,29902,17.70,31,210
2026-07-30T04:03:40Z,5,0,29900,15.70,33,210
2026-07-30T04:03:40Z,6,0,17358,12.19,40,210
2026-07-30T04:03:40Z,7,0,17358,63.67,42,2430
2026-07-30T04:03:41Z,0,99,31736,304.20,59,2812
2026-07-30T04:03:41Z,1,100,31856,451.96,65,2617
2026-07-30T04:03:41Z,2,0,1,14.58,34,210
2026-07-30T04:03:41Z,3,0,1,18.25,32,210
2026-07-30T04:03:41Z,4,0,29902,18.63,31,210
2026-07-30T04:03:41Z,5,0,29900,14.82,33,210
2026-07-30T04:03:41Z,6,0,17358,9.03,40,210
2026-07-30T04:03:41Z,7,0,17358,64.65,41,2430
2026-07-30T04:03:43Z,0,100,31736,328.34,66,2767
2026-07-30T04:03:43Z,1,100,31856,462.51,65,2625
2026-07-30T04:03:43Z,2,0,1,12.07,34,210
2026-07-30T04:03:43Z,3,0,1,20.08,32,210
2026-07-30T04:03:43Z,4,0,29902,16.49,31,210
2026-07-30T04:03:43Z,5,0,29900,17.85,33,210
2026-07-30T04:03:43Z,6,0,17358,11.95,40,210
2026-07-30T04:03:43Z,7,0,17358,63.10,41,2430
2026-07-30T04:03:45Z,0,100,31736,443.34,67,2610
2026-07-30T04:03:45Z,1,99,31856,346.57,58,2910
2026-07-30T04:03:45Z,2,0,1,14.89,34,210
2026-07-30T04:03:45Z,3,0,1,17.77,32,210
2026-07-30T04:03:45Z,4,0,29902,17.17,31,210
2026-07-30T04:03:45Z,5,0,29900,15.18,33,210
2026-07-30T04:03:45Z,6,0,17358,12.27,40,210
2026-07-30T04:03:45Z,7,0,17358,38.90,41,412
2026-07-30T04:03:46Z,0,99,31736,446.53,60,2310
2026-07-30T04:03:46Z,1,100,31856,450.24,63,2550
2026-07-30T04:03:46Z,2,0,1,12.95,34,210
2026-07-30T04:03:46Z,3,0,1,16.82,32,210
2026-07-30T04:03:46Z,4,0,29902,15.11,31,210
2026-07-30T04:03:46Z,5,0,29900,16.32,33,210
2026-07-30T04:03:46Z,6,0,17358,188.52,42,2925
2026-07-30T04:03:46Z,7,0,17358,12.00,41,210
2026-07-30T04:03:48Z,0,99,31736,286.66,59,2812
2026-07-30T04:03:48Z,1,100,31856,450.28,65,2632
2026-07-30T04:03:48Z,2,0,1,13.48,34,210
2026-07-30T04:03:48Z,3,0,1,18.89,32,202
2026-07-30T04:03:48Z,4,0,29902,18.19,32,210
2026-07-30T04:03:48Z,5,0,29900,15.52,33,210
2026-07-30T04:03:48Z,6,0,17358,79.64,41,2430
2026-07-30T04:03:48Z,7,0,17358,12.17,40,210
2026-07-30T04:03:49Z,0,100,31736,450.61,65,2437
2026-07-30T04:03:49Z,1,99,31856,362.97,59,2910
2026-07-30T04:03:49Z,2,0,1,13.74,34,210
2026-07-30T04:03:49Z,3,0,1,16.62,32,210
2026-07-30T04:03:49Z,4,0,29902,16.39,31,210
2026-07-30T04:03:49Z,5,0,29900,15.21,33,210
2026-07-30T04:03:49Z,6,0,17358,65.22,41,2430
2026-07-30T04:03:49Z,7,0,17358,13.87,40,202
2026-07-30T04:03:51Z,0,96,31736,286.84,59,2812
2026-07-30T04:03:51Z,1,99,31856,325.78,58,2910
2026-07-30T04:03:51Z,2,0,1,12.82,34,210
2026-07-30T04:03:51Z,3,0,1,19.29,32,210
2026-07-30T04:03:51Z,4,0,29902,18.56,31,210
2026-07-30T04:03:51Z,5,0,29900,15.69,33,210
2026-07-30T04:03:51Z,6,0,17358,67.39,41,2430
2026-07-30T04:03:51Z,7,0,17358,241.47,43,2917
2026-07-30T04:03:52Z,0,99,31736,316.45,59,2812
2026-07-30T04:03:52Z,1,100,31856,453.29,64,2625
2026-07-30T04:03:52Z,2,0,1,14.62,34,210
2026-07-30T04:03:52Z,3,0,1,18.44,32,210
2026-07-30T04:03:52Z,4,0,29902,18.31,31,210
2026-07-30T04:03:52Z,5,0,29900,14.83,33,210
2026-07-30T04:03:52Z,6,0,17358,63.96,41,2430
2026-07-30T04:03:52Z,7,0,17358,81.06,42,2430
2026-07-30T04:03:56Z,0,99,31736,365.72,59,2812
2026-07-30T04:03:56Z,1,99,31856,340.46,59,2910
2026-07-30T04:03:56Z,2,0,1,14.77,34,210
2026-07-30T04:03:56Z,3,0,1,17.10,32,210
2026-07-30T04:03:56Z,4,0,29902,17.09,31,210
2026-07-30T04:03:56Z,5,0,29900,14.32,33,210
2026-07-30T04:03:56Z,6,0,17358,64.78,41,2430
2026-07-30T04:03:56Z,7,0,17358,65.11,42,2430
2026-07-30T04:03:57Z,0,89,31736,320.78,60,2782
2026-07-30T04:03:57Z,1,100,31856,395.63,65,2715
2026-07-30T04:03:57Z,2,0,1,12.56,34,210
2026-07-30T04:03:57Z,3,0,1,17.05,32,210
2026-07-30T04:03:57Z,4,0,29902,15.92,31,210
2026-07-30T04:03:57Z,5,0,29900,17.39,33,210
2026-07-30T04:03:57Z,6,0,17358,67.05,41,2430
2026-07-30T04:03:57Z,7,0,17358,62.21,42,2430
2026-07-30T04:03:59Z,0,99,31736,269.30,58,2820
2026-07-30T04:03:59Z,1,100,31856,448.89,66,2745
2026-07-30T04:03:59Z,2,0,1,14.25,34,210
2026-07-30T04:03:59Z,3,0,1,19.41,32,210
2026-07-30T04:03:59Z,4,0,29902,18.66,31,210
2026-07-30T04:03:59Z,5,0,29900,14.41,33,210
2026-07-30T04:03:59Z,6,0,17358,65.67,41,2430
2026-07-30T04:03:59Z,7,0,17358,65.56,41,2430
2026-07-30T04:04:01Z,0,100,31736,460.95,67,2617
2026-07-30T04:04:01Z,1,100,31856,449.72,66,2325
2026-07-30T04:04:01Z,2,0,1,14.06,34,210
2026-07-30T04:04:01Z,3,0,1,18.24,32,202
2026-07-30T04:04:01Z,4,0,29902,15.50,31,210
2026-07-30T04:04:01Z,5,0,29900,16.70,33,210
2026-07-30T04:04:01Z,6,0,17358,65.15,41,2430
2026-07-30T04:04:01Z,7,0,17358,62.89,41,2430
2026-07-30T04:04:02Z,0,100,31736,449.76,67,2617
2026-07-30T04:04:02Z,1,100,31856,450.19,64,2512
2026-07-30T04:04:02Z,2,0,1,13.34,34,210
2026-07-30T04:04:02Z,3,0,1,18.92,32,210
2026-07-30T04:04:02Z,4,0,29902,17.86,31,210
2026-07-30T04:04:02Z,5,0,29900,16.70,33,210
2026-07-30T04:04:02Z,6,0,17358,65.89,41,2430
2026-07-30T04:04:02Z,7,0,17358,63.58,41,2430
2026-07-30T04:04:04Z,0,99,31736,337.95,60,2812
2026-07-30T04:04:04Z,1,99,31856,355.11,60,2910
2026-07-30T04:04:04Z,2,0,1,14.61,34,210
2026-07-30T04:04:04Z,3,0,1,18.00,32,210
2026-07-30T04:04:04Z,4,0,29902,17.22,32,210
2026-07-30T04:04:04Z,5,0,29900,17.06,33,210
2026-07-30T04:04:04Z,6,0,17358,47.01,40,427
2026-07-30T04:04:04Z,7,0,17358,63.99,41,2430
2026-07-30T04:04:05Z,0,81,31736,317.66,60,2820
2026-07-30T04:04:05Z,1,100,31856,429.87,64,2632
2026-07-30T04:04:05Z,2,0,1,12.81,34,210
2026-07-30T04:04:05Z,3,0,1,20.28,32,210
2026-07-30T04:04:05Z,4,0,29902,16.93,31,210
2026-07-30T04:04:05Z,5,0,29900,17.54,33,210
2026-07-30T04:04:05Z,6,0,17358,12.97,40,210
2026-07-30T04:04:05Z,7,0,17358,62.68,41,2430
2026-07-30T04:04:07Z,0,99,31736,304.82,59,2782
2026-07-30T04:04:07Z,1,55,31856,382.98,58,2910
2026-07-30T04:04:07Z,2,0,1,15.04,34,210
2026-07-30T04:04:07Z,3,0,1,16.65,32,210
2026-07-30T04:04:07Z,4,0,29902,18.07,31,210
2026-07-30T04:04:07Z,5,0,29900,14.87,33,210
2026-07-30T04:04:07Z,6,0,17358,10.31,40,210
2026-07-30T04:04:07Z,7,0,17358,65.50,41,2430
2026-07-30T04:04:08Z,0,100,31736,455.20,66,2617
2026-07-30T04:04:08Z,1,100,31856,398.91,66,2842
2026-07-30T04:04:08Z,2,0,1,13.48,34,210
2026-07-30T04:04:08Z,3,0,1,17.37,32,210
2026-07-30T04:04:08Z,4,0,29902,16.25,31,210
2026-07-30T04:04:08Z,5,0,29900,17.27,33,210
2026-07-30T04:04:08Z,6,0,17358,10.69,40,210
2026-07-30T04:04:08Z,7,0,17358,53.06,41,472
2026-07-30T04:04:10Z,0,84,31736,296.96,60,2812
2026-07-30T04:04:10Z,1,95,31856,440.10,61,2377
2026-07-30T04:04:10Z,2,0,1,14.16,34,210
2026-07-30T04:04:10Z,3,0,1,19.12,32,210
2026-07-30T04:04:10Z,4,0,29902,18.48,31,210
2026-07-30T04:04:10Z,5,0,29900,15.46,33,210
2026-07-30T04:04:10Z,6,0,17358,11.34,40,210
2026-07-30T04:04:10Z,7,0,17358,22.70,41,352
2026-07-30T04:04:13Z,0,100,31736,397.65,67,2767
2026-07-30T04:04:13Z,1,100,31856,451.63,66,2625
2026-07-30T04:04:13Z,2,0,1,15.69,34,210
2026-07-30T04:04:13Z,3,0,1,18.44,32,210
2026-07-30T04:04:13Z,4,0,29902,17.72,31,210
2026-07-30T04:04:13Z,5,0,29900,16.36,33,210
2026-07-30T04:04:13Z,6,66,17358,253.09,48,2602
2026-07-30T04:04:13Z,7,72,17358,35.65,45,210
2026-07-30T04:04:15Z,0,99,31736,416.76,61,2587
2026-07-30T04:04:15Z,1,99,31856,363.13,61,2902
2026-07-30T04:04:15Z,2,0,1,15.35,34,210
2026-07-30T04:04:15Z,3,0,1,17.50,32,210
2026-07-30T04:04:15Z,4,0,29902,16.03,31,210
2026-07-30T04:04:15Z,5,0,29900,15.24,33,210
2026-07-30T04:04:15Z,6,0,17358,93.35,42,2925
2026-07-30T04:04:15Z,7,0,17358,140.33,42,2917
2026-07-30T04:04:16Z,0,100,31736,388.48,67,2782
2026-07-30T04:04:16Z,1,100,31856,431.76,66,2617
2026-07-30T04:04:16Z,2,0,1,14.11,34,210
2026-07-30T04:04:16Z,3,0,1,20.43,32,210
2026-07-30T04:04:16Z,4,0,29902,16.77,31,210
2026-07-30T04:04:16Z,5,0,29900,17.68,33,202
2026-07-30T04:04:16Z,6,0,17358,67.01,41,2430
2026-07-30T04:04:16Z,7,0,17358,73.51,42,2430
2026-07-30T04:04:18Z,0,99,31736,431.68,61,2340
2026-07-30T04:04:18Z,1,99,31856,423.92,61,2880
2026-07-30T04:04:18Z,2,0,1,14.74,34,210
2026-07-30T04:04:18Z,3,0,1,17.13,32,210
2026-07-30T04:04:18Z,4,0,29902,17.64,31,210
2026-07-30T04:04:18Z,5,0,29900,14.01,33,210
2026-07-30T04:04:18Z,6,0,17358,64.20,41,2430
2026-07-30T04:04:18Z,7,0,17358,65.76,42,2430
2026-07-30T04:04:19Z,0,100,31736,456.12,68,2595
2026-07-30T04:04:19Z,1,100,31856,463.32,66,2625
2026-07-30T04:04:19Z,2,0,1,12.96,34,210
2026-07-30T04:04:19Z,3,0,1,17.52,32,210
2026-07-30T04:04:19Z,4,0,29902,15.67,31,210
2026-07-30T04:04:19Z,5,0,29900,17.20,33,210
2026-07-30T04:04:19Z,6,0,17358,66.50,41,2430
2026-07-30T04:04:19Z,7,0,17358,62.74,41,2430
2026-07-30T04:04:21Z,0,95,31736,370.26,64,2805
2026-07-30T04:04:21Z,1,100,31856,449.71,65,2610
2026-07-30T04:04:21Z,2,0,1,13.85,34,210
2026-07-30T04:04:21Z,3,0,1,17.43,32,210
2026-07-30T04:04:21Z,4,0,29902,18.34,31,210
2026-07-30T04:04:21Z,5,0,29900,15.59,33,210
2026-07-30T04:04:21Z,6,0,17358,64.92,41,2430
2026-07-30T04:04:21Z,7,0,17358,65.15,41,2430
2026-07-30T04:04:22Z,0,100,31736,442.29,68,2610
2026-07-30T04:04:22Z,1,99,31856,404.57,61,2865
2026-07-30T04:04:22Z,2,0,1,13.52,34,210
2026-07-30T04:04:22Z,3,0,1,17.03,32,210
2026-07-30T04:04:22Z,4,0,29902,17.50,31,210
2026-07-30T04:04:22Z,5,0,29900,14.81,33,202
2026-07-30T04:04:22Z,6,0,17358,64.35,41,2430
2026-07-30T04:04:22Z,7,0,17358,63.44,41,2430
2026-07-30T04:04:24Z,0,100,31736,450.23,66,2617
2026-07-30T04:04:24Z,1,100,31856,400.93,67,2737
2026-07-30T04:04:24Z,2,0,1,12.26,34,202
2026-07-30T04:04:24Z,3,0,1,19.08,32,210
2026-07-30T04:04:24Z,4,0,29902,16.88,31,210
2026-07-30T04:04:24Z,5,0,29900,16.52,33,210
2026-07-30T04:04:24Z,6,0,17358,66.23,41,2430
2026-07-30T04:04:24Z,7,0,17358,64.17,41,2430
2026-07-30T04:04:25Z,0,99,31736,398.87,61,2797
2026-07-30T04:04:25Z,1,95,31856,448.20,67,2647
2026-07-30T04:04:25Z,2,0,1,14.55,34,210
2026-07-30T04:04:25Z,3,0,1,18.18,32,210
2026-07-30T04:04:25Z,4,0,29902,18.03,31,210
2026-07-30T04:04:25Z,5,0,29900,14.26,33,210
2026-07-30T04:04:25Z,6,0,17358,64.10,41,2430
2026-07-30T04:04:25Z,7,0,17358,65.31,41,2430
2026-07-30T04:04:27Z,0,99,31736,331.13,61,2805
2026-07-30T04:04:27Z,1,100,31856,450.20,65,2355
2026-07-30T04:04:27Z,2,0,1,12.26,34,210
2026-07-30T04:04:27Z,3,0,1,18.25,32,210
2026-07-30T04:04:27Z,4,0,29902,16.67,31,210
2026-07-30T04:04:27Z,5,0,29900,17.38,33,210
2026-07-30T04:04:27Z,6,0,17358,66.68,41,2430
2026-07-30T04:04:27Z,7,0,17358,62.57,41,2430
2026-07-30T04:04:31Z,0,100,31736,351.01,69,2775
2026-07-30T04:04:31Z,1,99,31856,378.14,61,2902
2026-07-30T04:04:31Z,2,0,1,13.10,34,210
2026-07-30T04:04:31Z,3,0,1,17.38,32,210
2026-07-30T04:04:31Z,4,0,29902,15.92,31,210
2026-07-30T04:04:31Z,5,0,29900,17.39,33,210
2026-07-30T04:04:31Z,6,0,17358,56.45,41,600
2026-07-30T04:04:31Z,7,0,17358,62.64,41,2430
2026-07-30T04:04:32Z,0,99,31736,443.50,62,2407
2026-07-30T04:04:32Z,1,100,31856,451.47,66,2625
2026-07-30T04:04:32Z,2,0,1,15.05,34,210
2026-07-30T04:04:32Z,3,0,1,19.13,32,210
2026-07-30T04:04:32Z,4,0,29902,18.22,31,210
2026-07-30T04:04:32Z,5,0,29900,14.06,33,210
2026-07-30T04:04:32Z,6,0,17358,25.45,40,337
2026-07-30T04:04:32Z,7,0,17358,24.83,41,352
2026-07-30T04:04:34Z,0,88,31736,367.61,68,2797
2026-07-30T04:04:34Z,1,99,31856,358.15,61,2865
2026-07-30T04:04:34Z,2,0,1,13.68,34,210
2026-07-30T04:04:34Z,3,0,1,18.86,32,210
2026-07-30T04:04:34Z,4,0,29902,16.12,31,210
2026-07-30T04:04:34Z,5,0,29900,16.86,33,210
2026-07-30T04:04:34Z,6,0,17358,10.15,40,210
2026-07-30T04:04:34Z,7,0,17358,13.59,41,210
2026-07-30T04:04:35Z,0,100,31736,450.43,64,2422
2026-07-30T04:04:35Z,1,99,31856,361.71,61,2902
2026-07-30T04:04:35Z,2,0,1,13.26,34,210
2026-07-30T04:04:35Z,3,0,1,19.71,32,210
2026-07-30T04:04:35Z,4,0,29902,18.42,31,210
2026-07-30T04:04:35Z,5,0,29900,16.12,33,210
2026-07-30T04:04:35Z,6,0,17358,11.88,40,210
2026-07-30T04:04:35Z,7,0,17358,13.35,40,210
2026-07-30T04:04:37Z,0,99,31736,338.27,61,2812
2026-07-30T04:04:37Z,1,100,31856,450.52,65,2617
2026-07-30T04:04:37Z,2,0,1,15.46,34,210
2026-07-30T04:04:37Z,3,0,1,17.44,32,210
2026-07-30T04:04:37Z,4,0,29902,17.50,31,210
2026-07-30T04:04:37Z,5,0,29900,15.86,33,210
2026-07-30T04:04:37Z,6,0,17358,10.18,40,210
2026-07-30T04:04:37Z,7,0,17358,14.30,40,210
2026-07-30T04:04:38Z,0,99,31736,339.60,61,2812
2026-07-30T04:04:38Z,1,100,31856,423.43,66,2767
2026-07-30T04:04:38Z,2,0,1,12.80,34,210
2026-07-30T04:04:38Z,3,0,1,20.02,32,210
2026-07-30T04:04:38Z,4,0,29902,17.56,31,210
2026-07-30T04:04:38Z,5,0,29900,18.11,33,210
2026-07-30T04:04:38Z,6,27,17358,290.38,44,2505
2026-07-30T04:04:38Z,7,100,17358,191.31,50,2272
2026-07-30T04:04:40Z,0,100,31736,438.28,67,2610
2026-07-30T04:04:40Z,1,99,31856,432.17,62,2557
2026-07-30T04:04:40Z,2,0,1,15.59,34,210
2026-07-30T04:04:40Z,3,0,1,15.90,32,210
2026-07-30T04:04:40Z,4,0,29902,18.01,31,210
2026-07-30T04:04:40Z,5,0,29900,14.71,33,210
2026-07-30T04:04:40Z,6,0,17358,92.89,42,2925
2026-07-30T04:04:40Z,7,0,17358,96.68,42,2917
2026-07-30T04:04:41Z,0,51,31736,380.89,62,2745
2026-07-30T04:04:41Z,1,76,31856,371.98,63,2910
2026-07-30T04:04:41Z,2,0,1,14.94,34,210
2026-07-30T04:04:41Z,3,0,1,17.20,32,210
2026-07-30T04:04:41Z,4,0,29902,16.38,31,210
2026-07-30T04:04:41Z,5,0,29900,16.41,33,210
2026-07-30T04:04:41Z,6,0,17358,66.91,41,2430
2026-07-30T04:04:41Z,7,0,17358,62.86,41,2430
2026-07-30T04:04:43Z,0,100,31736,465.05,69,2610
2026-07-30T04:04:43Z,1,78,31856,347.88,61,2895
2026-07-30T04:04:43Z,2,0,1,13.98,34,210
2026-07-30T04:04:43Z,3,0,1,19.37,32,210
2026-07-30T04:04:43Z,4,0,29902,18.63,31,210
2026-07-30T04:04:43Z,5,0,29900,14.50,33,210
2026-07-30T04:04:43Z,6,0,17358,66.44,41,2430
2026-07-30T04:04:43Z,7,0,17358,65.47,41,2430
2026-07-30T04:04:44Z,0,100,31736,449.47,68,2617
2026-07-30T04:04:44Z,1,100,31856,455.56,67,2602
2026-07-30T04:04:44Z,2,0,1,15.30,34,210
2026-07-30T04:04:44Z,3,0,1,16.17,32,210
2026-07-30T04:04:44Z,4,0,29902,16.61,31,210
2026-07-30T04:04:44Z,5,0,29900,15.12,33,210
2026-07-30T04:04:44Z,6,0,17358,64.91,41,2430
2026-07-30T04:04:44Z,7,0,17358,64.53,41,2430
2026-07-30T04:04:48Z,0,100,31736,387.67,68,2625
2026-07-30T04:04:48Z,1,99,31856,393.77,62,2857
2026-07-30T04:04:48Z,2,0,1,13.78,34,210
2026-07-30T04:04:48Z,3,0,1,17.16,32,210
2026-07-30T04:04:48Z,4,0,29902,17.24,31,210
2026-07-30T04:04:48Z,5,0,29900,15.78,33,210
2026-07-30T04:04:48Z,6,0,17358,65.29,41,2430
2026-07-30T04:04:48Z,7,0,17358,64.38,41,2430
2026-07-30T04:04:49Z,0,99,31736,422.49,63,2760
2026-07-30T04:04:49Z,1,100,31856,427.08,67,2707
2026-07-30T04:04:49Z,2,0,1,13.29,34,210
2026-07-30T04:04:49Z,3,0,1,18.16,32,210
2026-07-30T04:04:49Z,4,0,29902,16.96,31,210
2026-07-30T04:04:49Z,5,0,29900,18.13,33,210
2026-07-30T04:04:49Z,6,0,17358,67.03,41,2430
2026-07-30T04:04:49Z,7,0,17358,63.10,41,2430
2026-07-30T04:04:51Z,0,99,31736,347.27,62,2767
2026-07-30T04:04:51Z,1,99,31856,425.52,62,2887
2026-07-30T04:04:51Z,2,0,1,15.49,34,210
2026-07-30T04:04:51Z,3,0,1,16.40,32,210
2026-07-30T04:04:51Z,4,0,29902,17.51,31,210
2026-07-30T04:04:51Z,5,0,29900,14.91,33,210
2026-07-30T04:04:51Z,6,0,17358,64.99,42,2430
2026-07-30T04:04:51Z,7,0,17358,65.55,41,2430
2026-07-30T04:04:52Z,0,100,31736,417.21,67,2722
2026-07-30T04:04:52Z,1,100,31856,449.91,67,2602
2026-07-30T04:04:52Z,2,0,1,12.60,34,210
2026-07-30T04:04:52Z,3,0,1,17.14,32,210
2026-07-30T04:04:52Z,4,0,29902,16.92,32,210
2026-07-30T04:04:52Z,5,0,29900,16.43,33,210
2026-07-30T04:04:52Z,6,0,17358,66.01,42,2430
2026-07-30T04:04:52Z,7,0,17358,62.20,41,2430
2026-07-30T04:04:54Z,0,99,31736,422.42,63,2715
2026-07-30T04:04:54Z,1,93,31856,411.95,63,2887
2026-07-30T04:04:54Z,2,0,1,13.79,34,210
2026-07-30T04:04:54Z,3,0,1,17.58,32,210
2026-07-30T04:04:54Z,4,0,29902,17.81,31,210
2026-07-30T04:04:54Z,5,0,29900,15.69,33,210
2026-07-30T04:04:54Z,6,0,17358,66.39,42,2430
2026-07-30T04:04:54Z,7,0,17358,65.09,41,2430
2026-07-30T04:04:55Z,0,93,31736,341.48,62,2797
2026-07-30T04:04:55Z,1,100,31856,419.64,66,2805
2026-07-30T04:04:55Z,2,0,1,13.81,34,210
2026-07-30T04:04:55Z,3,0,1,16.80,32,210
2026-07-30T04:04:55Z,4,0,29902,17.08,31,210
2026-07-30T04:04:55Z,5,0,29900,15.97,33,210
2026-07-30T04:04:55Z,6,0,17358,58.41,41,2430
2026-07-30T04:04:55Z,7,0,17358,63.45,41,2430
2026-07-30T04:04:57Z,0,100,31736,457.63,68,2610
2026-07-30T04:04:57Z,1,99,31856,427.65,62,2887
2026-07-30T04:04:57Z,2,0,1,13.54,34,210
2026-07-30T04:04:57Z,3,0,1,20.05,32,210
2026-07-30T04:04:57Z,4,0,29902,18.71,31,210
2026-07-30T04:04:57Z,5,0,29900,16.87,33,210
2026-07-30T04:04:57Z,6,0,17358,26.22,41,337
2026-07-30T04:04:57Z,7,0,17358,23.02,41,352
2026-07-30T04:04:58Z,0,100,31736,449.78,69,2602
2026-07-30T04:04:58Z,1,74,31856,354.10,64,2872
2026-07-30T04:04:58Z,2,0,1,14.54,34,210
2026-07-30T04:04:58Z,3,0,1,18.96,32,210
2026-07-30T04:04:58Z,4,0,29902,18.86,31,210
2026-07-30T04:04:58Z,5,0,29900,15.80,33,210
2026-07-30T04:04:58Z,6,0,17358,12.28,40,210
2026-07-30T04:04:58Z,7,0,17358,14.96,40,210
2026-07-30T04:05:00Z,0,99,31736,374.14,62,2797
2026-07-30T04:05:00Z,1,100,31856,400.20,67,2737
2026-07-30T04:05:00Z,2,0,1,13.58,34,210
2026-07-30T04:05:00Z,3,0,1,18.95,32,210
2026-07-30T04:05:00Z,4,0,29902,16.41,31,210
2026-07-30T04:05:00Z,5,0,29900,17.15,33,210
2026-07-30T04:05:00Z,6,0,17358,11.30,40,210
2026-07-30T04:05:00Z,7,0,17358,12.02,40,210
2026-07-30T04:05:01Z,0,100,31736,417.79,69,2647
2026-07-30T04:05:01Z,1,99,31856,444.86,63,2475
2026-07-30T04:05:01Z,2,0,1,15.01,34,210
2026-07-30T04:05:01Z,3,0,1,18.99,32,210
2026-07-30T04:05:01Z,4,0,29902,17.70,31,210
2026-07-30T04:05:01Z,5,0,29900,15.07,33,210
2026-07-30T04:05:01Z,6,0,17358,11.74,40,210
2026-07-30T04:05:01Z,7,0,17358,270.29,43,2910
2026-07-30T04:05:05Z,0,99,31736,322.39,62,2767
2026-07-30T04:05:05Z,1,99,31856,404.82,62,2895
2026-07-30T04:05:05Z,2,0,1,13.27,34,210
2026-07-30T04:05:05Z,3,0,1,17.55,32,210
2026-07-30T04:05:05Z,4,0,29902,18.41,31,210
2026-07-30T04:05:05Z,5,0,29900,14.15,33,210
2026-07-30T04:05:05Z,6,0,17358,86.42,42,2655
2026-07-30T04:05:05Z,7,0,17358,65.57,41,2430
2026-07-30T04:05:07Z,0,100,31736,383.16,69,2722
2026-07-30T04:05:07Z,1,100,31856,447.15,68,2617
2026-07-30T04:05:07Z,2,0,1,12.40,34,210
2026-07-30T04:05:07Z,3,0,1,18.72,32,210
2026-07-30T04:05:07Z,4,0,29902,16.19,31,210
2026-07-30T04:05:07Z,5,0,29900,18.52,33,210
2026-07-30T04:05:07Z,6,0,17358,66.86,42,2430
2026-07-30T04:05:07Z,7,0,17358,63.04,41,2430
2026-07-30T04:05:08Z,0,95,31736,447.95,68,2610
2026-07-30T04:05:08Z,1,100,31856,449.99,68,2625
2026-07-30T04:05:08Z,2,0,1,12.97,34,210
2026-07-30T04:05:08Z,3,0,1,19.71,32,210
2026-07-30T04:05:08Z,4,0,29902,17.29,31,210
2026-07-30T04:05:08Z,5,0,29900,16.60,33,210
2026-07-30T04:05:08Z,6,0,17358,67.84,42,2430
2026-07-30T04:05:08Z,7,0,17358,64.01,41,2430
2026-07-30T04:05:10Z,0,100,31736,450.36,68,2610
2026-07-30T04:05:10Z,1,99,31856,430.17,62,2722
2026-07-30T04:05:10Z,2,0,1,14.98,34,210
2026-07-30T04:05:10Z,3,0,1,17.37,32,210
2026-07-30T04:05:10Z,4,0,29902,18.48,31,210
2026-07-30T04:05:10Z,5,0,29900,15.54,33,210
2026-07-30T04:05:10Z,6,0,17358,64.63,42,2430
2026-07-30T04:05:10Z,7,0,17358,64.99,41,2430
2026-07-30T04:05:11Z,0,84,31736,328.70,66,2775
2026-07-30T04:05:11Z,1,99,31856,385.71,62,2895
2026-07-30T04:05:11Z,2,0,1,11.99,34,210
2026-07-30T04:05:11Z,3,0,1,19.08,32,210
2026-07-30T04:05:11Z,4,0,29902,16.07,31,210
2026-07-30T04:05:11Z,5,0,29900,17.47,33,210
2026-07-30T04:05:11Z,6,0,17358,67.86,42,2430
2026-07-30T04:05:11Z,7,0,17358,62.35,41,2430
2026-07-30T04:05:13Z,0,89,31736,333.97,69,2797
2026-07-30T04:05:13Z,1,100,31856,428.70,68,2662
2026-07-30T04:05:13Z,2,0,1,15.02,34,210
2026-07-30T04:05:13Z,3,0,1,19.54,32,210
2026-07-30T04:05:13Z,4,0,29902,19.98,31,210
2026-07-30T04:05:13Z,5,0,29900,16.73,33,210
2026-07-30T04:05:13Z,6,0,17358,66.45,42,2430
2026-07-30T04:05:13Z,7,0,17358,65.27,41,2430
2026-07-30T04:05:14Z,0,100,31736,450.68,67,2602
2026-07-30T04:05:14Z,1,99,31856,420.92,62,2872
2026-07-30T04:05:14Z,2,0,1,13.67,34,210
2026-07-30T04:05:14Z,3,0,1,16.72,32,210
2026-07-30T04:05:14Z,4,0,29902,14.65,31,210
2026-07-30T04:05:14Z,5,0,29900,16.20,33,210
2026-07-30T04:05:14Z,6,0,17358,65.93,42,2430
2026-07-30T04:05:14Z,7,0,17358,62.89,41,2430
2026-07-30T04:05:15Z,0,99,31736,330.73,63,2797
2026-07-30T04:05:15Z,1,99,31856,366.01,61,2902
2026-07-30T04:05:15Z,2,0,1,13.73,34,210
2026-07-30T04:05:15Z,3,0,1,20.56,32,210
2026-07-30T04:05:15Z,4,0,29902,17.96,31,210
2026-07-30T04:05:15Z,5,0,29900,17.61,33,210
2026-07-30T04:05:15Z,6,0,17358,67.79,42,2430
2026-07-30T04:05:15Z,7,0,17358,63.92,41,2430
2026-07-30T04:05:17Z,0,100,31736,453.25,70,2602
2026-07-30T04:05:17Z,1,100,31856,452.55,68,2595
2026-07-30T04:05:17Z,2,0,1,14.95,34,210
2026-07-30T04:05:17Z,3,0,1,15.96,32,210
2026-07-30T04:05:17Z,4,0,29902,17.47,32,210
2026-07-30T04:05:17Z,5,0,29900,14.96,33,210
2026-07-30T04:05:17Z,6,0,17358,65.11,42,2430
2026-07-30T04:05:17Z,7,0,17358,64.39,41,2430
2026-07-30T04:05:18Z,0,100,31736,378.33,69,2775
2026-07-30T04:05:18Z,1,100,31856,449.60,68,2617
2026-07-30T04:05:18Z,2,0,1,13.13,34,210
2026-07-30T04:05:18Z,3,0,1,17.57,32,210
2026-07-30T04:05:18Z,4,0,29902,16.60,32,210
2026-07-30T04:05:18Z,5,0,29900,18.33,33,210
2026-07-30T04:05:18Z,6,0,17358,67.63,42,2430
2026-07-30T04:05:18Z,7,0,17358,43.81,41,472
2026-07-30T04:05:22Z,0,100,31736,318.61,69,2812
2026-07-30T04:05:22Z,1,100,31856,449.28,68,2625
2026-07-30T04:05:22Z,2,0,1,11.59,34,210
2026-07-30T04:05:22Z,3,0,1,17.73,32,210
2026-07-30T04:05:22Z,4,0,29902,16.35,32,210
2026-07-30T04:05:22Z,5,0,29900,16.94,33,210
2026-07-30T04:05:22Z,6,0,17358,24.51,41,337
2026-07-30T04:05:22Z,7,0,17358,11.61,40,210
2026-07-30T04:05:24Z,0,99,31736,449.85,68,2295
2026-07-30T04:05:24Z,1,99,31856,388.12,62,2902
2026-07-30T04:05:24Z,2,0,1,14.85,34,210
2026-07-30T04:05:24Z,3,0,1,18.36,32,210
2026-07-30T04:05:24Z,4,0,29902,18.72,32,210
2026-07-30T04:05:24Z,5,0,29900,14.51,34,210
2026-07-30T04:05:24Z,6,0,17358,12.77,41,210
2026-07-30T04:05:24Z,7,72,17358,174.36,45,2145
2026-07-30T04:05:25Z,0,100,31736,450.19,69,2602
2026-07-30T04:05:25Z,1,100,31856,451.68,67,2580
2026-07-30T04:05:25Z,2,0,1,14.66,34,210
2026-07-30T04:05:25Z,3,0,1,16.90,32,210
2026-07-30T04:05:25Z,4,0,29902,16.52,32,210
2026-07-30T04:05:25Z,5,0,29900,15.74,33,210
2026-07-30T04:05:25Z,6,0,17358,10.12,41,210
2026-07-30T04:05:25Z,7,0,17358,94.12,42,2917
2026-07-30T04:05:27Z,0,100,31736,449.95,70,2602
2026-07-30T04:05:27Z,1,99,31856,385.29,62,2887
2026-07-30T04:05:27Z,2,0,1,14.81,34,210
2026-07-30T04:05:27Z,3,0,1,17.78,32,210
2026-07-30T04:05:27Z,4,0,29902,17.94,32,210
2026-07-30T04:05:27Z,5,0,29900,14.12,33,210
2026-07-30T04:05:27Z,6,26,17358,15.23,41,210
2026-07-30T04:05:27Z,7,0,17358,64.46,42,2430
2026-07-30T04:05:28Z,0,99,31736,342.46,63,2797
2026-07-30T04:05:28Z,1,100,31856,432.18,68,2625
2026-07-30T04:05:28Z,2,0,1,15.81,34,210
2026-07-30T04:05:28Z,3,0,1,17.51,32,210
2026-07-30T04:05:28Z,4,0,29902,17.22,32,210
2026-07-30T04:05:28Z,5,0,29900,15.73,33,210
2026-07-30T04:05:28Z,6,0,17358,101.68,43,2917
2026-07-30T04:05:28Z,7,0,17358,64.20,41,2430
2026-07-30T04:05:30Z,0,99,31736,313.32,63,2805
2026-07-30T04:05:30Z,1,100,31856,449.65,68,2707
2026-07-30T04:05:30Z,2,0,1,12.90,34,210
2026-07-30T04:05:30Z,3,0,1,20.05,32,210
2026-07-30T04:05:30Z,4,0,29902,17.70,32,210
2026-07-30T04:05:30Z,5,0,29900,17.25,33,210
2026-07-30T04:05:30Z,6,0,17358,79.10,42,2430
2026-07-30T04:05:30Z,7,0,17358,62.87,41,2430
2026-07-30T04:05:31Z,0,100,31736,450.83,68,2610
2026-07-30T04:05:31Z,1,99,31856,438.08,63,2595
2026-07-30T04:05:31Z,2,0,1,15.73,34,210
2026-07-30T04:05:31Z,3,0,1,16.38,32,210
2026-07-30T04:05:31Z,4,0,29902,18.25,32,210
2026-07-30T04:05:31Z,5,0,29900,13.63,33,210
2026-07-30T04:05:31Z,6,0,17358,66.18,42,2430
2026-07-30T04:05:31Z,7,0,17358,65.04,41,2430
2026-07-30T04:05:33Z,0,100,31736,454.00,69,2595
2026-07-30T04:05:33Z,1,100,31856,461.71,68,2610
2026-07-30T04:05:33Z,2,0,1,12.45,34,210
2026-07-30T04:05:33Z,3,0,1,19.18,32,210
2026-07-30T04:05:33Z,4,0,29902,16.12,32,210
2026-07-30T04:05:33Z,5,0,29900,17.13,33,210
2026-07-30T04:05:33Z,6,0,17358,67.33,42,2430
2026-07-30T04:05:33Z,7,0,17358,61.98,41,2430
2026-07-30T04:05:34Z,0,100,31736,449.49,70,2595
2026-07-30T04:05:34Z,1,100,31856,449.89,67,2610
2026-07-30T04:05:34Z,2,0,1,13.67,34,210
2026-07-30T04:05:34Z,3,0,1,19.08,32,210
2026-07-30T04:05:34Z,4,0,29902,17.66,32,210
2026-07-30T04:05:34Z,5,0,29900,14.92,33,210
2026-07-30T04:05:34Z,6,0,17358,67.25,42,2430
2026-07-30T04:05:34Z,7,0,17358,64.45,41,2430
2026-07-30T04:05:36Z,0,99,31736,368.22,64,2797
2026-07-30T04:05:36Z,1,99,31856,420.47,63,2887
2026-07-30T04:05:36Z,2,0,1,14.67,34,210
2026-07-30T04:05:36Z,3,0,1,17.32,32,210
2026-07-30T04:05:36Z,4,0,29902,16.52,32,210
2026-07-30T04:05:36Z,5,0,29900,17.41,33,210
2026-07-30T04:05:36Z,6,0,17358,65.83,42,2430
2026-07-30T04:05:36Z,7,0,17358,63.71,41,2430
2026-07-30T04:05:39Z,0,100,31736,450.32,68,2587
2026-07-30T04:05:39Z,1,100,31856,449.80,67,2602
2026-07-30T04:05:39Z,2,0,1,15.74,34,210
2026-07-30T04:05:39Z,3,0,1,16.11,32,210
2026-07-30T04:05:39Z,4,0,29902,17.55,32,210
2026-07-30T04:05:39Z,5,0,29900,15.15,33,210
2026-07-30T04:05:39Z,6,0,17358,65.83,42,2430
2026-07-30T04:05:39Z,7,0,17358,63.71,41,2430
2026-07-30T04:05:41Z,0,99,31736,347.00,63,2745
2026-07-30T04:05:41Z,1,93,31856,393.20,62,2895
2026-07-30T04:05:41Z,2,0,1,13.11,34,210
2026-07-30T04:05:41Z,3,0,1,18.80,32,210
2026-07-30T04:05:41Z,4,0,29902,17.28,32,210
2026-07-30T04:05:41Z,5,0,29900,17.53,33,210
2026-07-30T04:05:41Z,6,0,17358,68.24,42,2430
2026-07-30T04:05:41Z,7,0,17358,62.69,41,2430
2026-07-30T04:05:42Z,0,100,31736,461.16,70,2602
2026-07-30T04:05:42Z,1,100,31856,444.11,68,2602
2026-07-30T04:05:42Z,2,0,1,15.57,34,210
2026-07-30T04:05:42Z,3,0,1,16.60,32,210
2026-07-30T04:05:42Z,4,0,29902,18.40,31,210
2026-07-30T04:05:42Z,5,0,29900,15.25,33,210
2026-07-30T04:05:42Z,6,0,17358,66.07,42,2430
2026-07-30T04:05:42Z,7,0,17358,23.87,41,352
2026-07-30T04:05:44Z,0,99,31736,325.97,63,2790
2026-07-30T04:05:44Z,1,100,31856,449.54,68,2610
2026-07-30T04:05:44Z,2,0,1,12.26,34,210
2026-07-30T04:05:44Z,3,0,1,19.94,32,210
2026-07-30T04:05:44Z,4,0,29902,16.32,31,210
2026-07-30T04:05:44Z,5,0,29900,17.12,33,210
2026-07-30T04:05:44Z,6,0,17358,68.41,42,2430
2026-07-30T04:05:44Z,7,0,17358,13.38,41,210
2026-07-30T04:05:45Z,0,100,31736,354.30,71,2760
2026-07-30T04:05:45Z,1,52,31856,397.27,63,2887
2026-07-30T04:05:45Z,2,0,1,13.26,34,210
2026-07-30T04:05:45Z,3,0,1,18.90,32,210
2026-07-30T04:05:45Z,4,0,29902,19.25,32,210
2026-07-30T04:05:45Z,5,0,29900,15.15,33,210
2026-07-30T04:05:45Z,6,0,17358,25.97,41,337
2026-07-30T04:05:45Z,7,0,17358,12.27,40,210
2026-07-30T04:05:47Z,0,93,31736,448.68,70,2505
2026-07-30T04:05:47Z,1,100,31856,458.90,68,2610
2026-07-30T04:05:47Z,2,0,1,14.62,34,210
2026-07-30T04:05:47Z,3,0,1,16.80,32,210
2026-07-30T04:05:47Z,4,0,29902,15.10,31,210
2026-07-30T04:05:47Z,5,0,29900,15.64,33,210
2026-07-30T04:05:47Z,6,0,17358,11.39,41,210
2026-07-30T04:05:47Z,7,0,17358,299.62,43,2910
2026-07-30T04:05:48Z,0,100,31736,450.25,69,2392
2026-07-30T04:05:48Z,1,99,31856,396.66,63,2887
2026-07-30T04:05:48Z,2,0,1,12.64,35,210
2026-07-30T04:05:48Z,3,0,1,18.02,32,210
2026-07-30T04:05:48Z,4,0,29902,16.21,32,210
2026-07-30T04:05:48Z,5,0,29900,16.66,33,210
2026-07-30T04:05:48Z,6,0,17358,12.79,41,210
2026-07-30T04:05:48Z,7,0,17358,89.11,42,2647
2026-07-30T04:05:50Z,0,99,31736,343.18,64,2797
2026-07-30T04:05:50Z,1,83,31856,354.74,67,2895
2026-07-30T04:05:50Z,2,0,1,15.62,34,210
2026-07-30T04:05:50Z,3,0,1,16.82,32,210
2026-07-30T04:05:50Z,4,0,29902,17.58,31,210
2026-07-30T04:05:50Z,5,0,29900,15.84,33,210
2026-07-30T04:05:50Z,6,0,17358,12.57,41,210
2026-07-30T04:05:50Z,7,0,17358,65.55,42,2430
2026-07-30T04:05:51Z,0,100,31736,426.97,70,2602
2026-07-30T04:05:51Z,1,100,31856,450.34,66,2310
2026-07-30T04:05:51Z,2,0,1,12.86,34,210
2026-07-30T04:05:51Z,3,0,1,18.46,32,210
2026-07-30T04:05:51Z,4,0,29902,16.33,32,210
2026-07-30T04:05:51Z,5,0,29900,18.51,33,210
2026-07-30T04:05:51Z,6,9,17358,334.50,44,2775
2026-07-30T04:05:51Z,7,0,17358,62.42,42,2430
2026-07-30T04:05:53Z,0,100,31736,450.13,71,2610
2026-07-30T04:05:53Z,1,100,31856,450.37,67,2610
2026-07-30T04:05:53Z,2,0,1,14.07,34,210
2026-07-30T04:05:53Z,3,0,1,16.28,32,210
2026-07-30T04:05:53Z,4,0,29902,17.87,31,210
2026-07-30T04:05:53Z,5,0,29900,14.95,33,202
2026-07-30T04:05:53Z,6,0,17358,92.11,42,2917
2026-07-30T04:05:53Z,7,0,17358,65.15,42,2430
2026-07-30T04:05:56Z,0,100,31736,452.44,71,2610
2026-07-30T04:05:56Z,1,100,31856,395.36,68,2842
2026-07-30T04:05:56Z,2,0,1,15.87,35,210
2026-07-30T04:05:56Z,3,0,1,19.38,32,210
2026-07-30T04:05:56Z,4,0,29902,17.86,32,210
2026-07-30T04:05:56Z,5,0,29900,15.07,33,210
2026-07-30T04:05:56Z,6,0,17358,67.47,42,2430
2026-07-30T04:05:56Z,7,0,17358,64.84,41,2430
2026-07-30T04:05:58Z,0,43,31736,317.76,68,2797
2026-07-30T04:05:58Z,1,100,31856,448.17,69,2805
2026-07-30T04:05:58Z,2,0,1,14.61,34,210
2026-07-30T04:05:58Z,3,0,1,16.55,32,210
2026-07-30T04:05:58Z,4,0,29902,16.33,31,210
2026-07-30T04:05:58Z,5,0,29900,17.17,33,210
2026-07-30T04:05:58Z,6,0,17358,66.90,42,2430
2026-07-30T04:05:58Z,7,0,17358,62.89,41,2430
2026-07-30T04:05:59Z,0,100,31736,455.08,71,2595
2026-07-30T04:05:59Z,1,100,31856,449.66,67,2347
2026-07-30T04:05:59Z,2,0,1,14.10,35,210
2026-07-30T04:05:59Z,3,0,1,20.06,32,210
2026-07-30T04:05:59Z,4,0,29902,16.34,31,210
2026-07-30T04:05:59Z,5,0,29900,17.36,33,202
2026-07-30T04:05:59Z,6,0,17358,68.83,42,2430
2026-07-30T04:05:59Z,7,0,17358,63.74,41,2430
2026-07-30T04:06:01Z,0,100,31736,449.48,70,2610
2026-07-30T04:06:01Z,1,100,31856,450.34,67,2437
2026-07-30T04:06:01Z,2,0,1,16.14,34,210
2026-07-30T04:06:01Z,3,0,1,17.33,32,210
2026-07-30T04:06:01Z,4,0,29902,17.70,31,210
2026-07-30T04:06:01Z,5,0,29900,15.05,33,210
2026-07-30T04:06:01Z,6,0,17358,66.93,42,2430
2026-07-30T04:06:01Z,7,0,17358,64.56,42,2430
2026-07-30T04:06:02Z,0,99,31736,384.68,64,2797
2026-07-30T04:06:02Z,1,100,31856,450.08,69,2625
2026-07-30T04:06:02Z,2,0,1,13.25,35,210
2026-07-30T04:06:02Z,3,0,1,17.90,32,210
2026-07-30T04:06:02Z,4,0,29902,15.48,31,210
2026-07-30T04:06:02Z,5,0,29900,17.89,33,210
2026-07-30T04:06:02Z,6,0,17358,68.52,42,2430
2026-07-30T04:06:02Z,7,0,17358,62.70,41,2430
2026-07-30T04:06:04Z,0,100,31736,464.03,70,2595
2026-07-30T04:06:04Z,1,99,31856,378.58,67,2895
2026-07-30T04:06:04Z,2,0,1,14.34,34,210
2026-07-30T04:06:04Z,3,0,1,18.28,32,210
2026-07-30T04:06:04Z,4,0,29902,18.08,32,210
2026-07-30T04:06:04Z,5,0,29900,15.19,34,210
2026-07-30T04:06:04Z,6,0,17358,66.78,42,2430
2026-07-30T04:06:04Z,7,0,17358,65.79,41,2430
2026-07-30T04:06:05Z,0,87,31736,318.89,64,2797
2026-07-30T04:06:05Z,1,89,31856,381.61,61,2902
2026-07-30T04:06:05Z,2,0,1,12.57,35,210
2026-07-30T04:06:05Z,3,0,1,17.34,32,210
2026-07-30T04:06:05Z,4,0,29902,16.38,31,210
2026-07-30T04:06:05Z,5,0,29900,15.30,33,202
2026-07-30T04:06:05Z,6,0,17358,67.56,42,2430
2026-07-30T04:06:05Z,7,0,17358,23.05,41,352
2026-07-30T04:06:07Z,0,100,31736,451.43,69,2617
2026-07-30T04:06:07Z,1,100,31856,450.26,66,2542
2026-07-30T04:06:07Z,2,0,1,13.19,34,210
2026-07-30T04:06:07Z,3,0,1,19.04,32,210
2026-07-30T04:06:07Z,4,0,29902,17.56,31,210
2026-07-30T04:06:07Z,5,0,29900,16.50,33,210
2026-07-30T04:06:07Z,6,0,17358,67.54,42,2430
2026-07-30T04:06:07Z,7,0,17358,13.34,40,202
2026-07-30T04:06:08Z,0,100,31736,410.68,71,2707
2026-07-30T04:06:08Z,1,100,31856,452.60,69,2602
2026-07-30T04:06:08Z,2,0,1,13.49,34,210
2026-07-30T04:06:08Z,3,0,1,16.22,32,210
2026-07-30T04:06:08Z,4,0,29902,17.61,31,210
2026-07-30T04:06:08Z,5,0,29900,14.76,33,210
2026-07-30T04:06:08Z,6,0,17358,56.95,42,637
2026-07-30T04:06:08Z,7,0,17358,206.68,43,2880
2026-07-30T04:06:10Z,0,99,31736,415.44,65,2692
2026-07-30T04:06:10Z,1,99,31856,383.95,63,2895
2026-07-30T04:06:10Z,2,0,1,12.69,35,210
2026-07-30T04:06:10Z,3,0,1,20.03,32,210
2026-07-30T04:06:10Z,4,0,29902,16.50,31,210
2026-07-30T04:06:10Z,5,0,29900,17.45,33,210
2026-07-30T04:06:10Z,6,0,17358,26.58,41,337
2026-07-30T04:06:10Z,7,0,17358,91.75,42,2745
2026-07-30T04:06:14Z,0,99,31736,353.11,69,2797
2026-07-30T04:06:14Z,1,100,31856,449.76,68,2610
2026-07-30T04:06:14Z,2,0,1,12.85,35,210
2026-07-30T04:06:14Z,3,0,1,18.43,32,210
2026-07-30T04:06:14Z,4,0,29902,16.80,31,210
2026-07-30T04:06:14Z,5,0,29900,16.65,33,210
2026-07-30T04:06:14Z,6,0,17358,10.99,41,210
2026-07-30T04:06:14Z,7,0,1,34.69,41,502
2026-07-30T04:06:15Z,0,100,31736,451.20,69,2482
2026-07-30T04:06:15Z,1,96,31856,396.32,63,2887
2026-07-30T04:06:15Z,2,0,1,15.53,35,210
2026-07-30T04:06:15Z,3,0,1,18.33,32,210
2026-07-30T04:06:15Z,4,0,29902,18.77,31,210
2026-07-30T04:06:15Z,5,0,29900,15.44,33,210
2026-07-30T04:06:15Z,6,0,17358,270.63,43,2917
2026-07-30T04:06:15Z,7,0,1,35.76,41,315
2026-07-30T04:06:17Z,0,100,31736,411.67,71,2610
2026-07-30T04:06:17Z,1,95,31856,384.82,64,2887
2026-07-30T04:06:17Z,2,0,1,11.50,34,210
2026-07-30T04:06:17Z,3,0,1,18.21,32,210
2026-07-30T04:06:17Z,4,0,29902,16.82,32,210
2026-07-30T04:06:17Z,5,0,29900,17.40,33,210
2026-07-30T04:06:17Z,6,0,17358,90.34,43,2850
2026-07-30T04:06:17Z,7,0,1,23.27,41,210
2026-07-30T04:06:18Z,0,99,31736,401.21,65,2797
2026-07-30T04:06:18Z,1,100,31856,449.04,69,2610
2026-07-30T04:06:18Z,2,0,1,12.52,35,210
2026-07-30T04:06:18Z,3,0,1,18.55,32,210
2026-07-30T04:06:18Z,4,0,29902,18.58,31,210
2026-07-30T04:06:18Z,5,0,29900,15.83,33,210
2026-07-30T04:06:18Z,6,0,17358,67.81,42,2430
2026-07-30T04:06:18Z,7,0,1,13.25,40,210
2026-07-30T04:06:20Z,0,100,31736,445.32,71,2595
2026-07-30T04:06:20Z,1,99,31856,407.24,63,2895
2026-07-30T04:06:20Z,2,0,1,13.48,35,210
2026-07-30T04:06:20Z,3,0,1,17.34,32,210
2026-07-30T04:06:20Z,4,0,29902,16.67,32,210
2026-07-30T04:06:20Z,5,0,29900,17.60,34,210
2026-07-30T04:06:20Z,6,0,17358,66.00,42,2430
2026-07-30T04:06:20Z,7,0,4,15.96,40,210
2026-07-30T04:06:21Z,0,100,31736,449.57,71,2595
2026-07-30T04:06:21Z,1,31,31856,344.37,62,2895
2026-07-30T04:06:21Z,2,0,1,12.98,35,210
2026-07-30T04:06:21Z,3,0,1,18.86,32,210
2026-07-30T04:06:21Z,4,0,29902,18.04,31,210
2026-07-30T04:06:21Z,5,0,29900,17.92,33,210
2026-07-30T04:06:21Z,6,0,17358,69.04,42,2430
2026-07-30T04:06:21Z,7,0,4,13.12,40,210
2026-07-30T04:06:23Z,0,99,31736,382.67,65,2797
2026-07-30T04:06:23Z,1,100,31856,460.90,68,2602
2026-07-30T04:06:23Z,2,0,1,14.80,35,210
2026-07-30T04:06:23Z,3,0,1,16.04,32,210
2026-07-30T04:06:23Z,4,0,29902,16.75,32,210
2026-07-30T04:06:23Z,5,0,29900,15.12,33,210
2026-07-30T04:06:23Z,6,0,17358,65.93,42,2430
2026-07-30T04:06:23Z,7,0,4,14.47,40,210
2026-07-30T04:06:24Z,0,100,31736,450.49,69,2595
2026-07-30T04:06:24Z,1,99,31856,398.30,65,2887
2026-07-30T04:06:24Z,2,0,1,12.39,34,210
2026-07-30T04:06:24Z,3,0,1,16.84,32,210
2026-07-30T04:06:24Z,4,0,29902,15.73,31,210
2026-07-30T04:06:24Z,5,0,29900,17.95,33,210
2026-07-30T04:06:24Z,6,0,17358,67.82,42,2430
2026-07-30T04:06:24Z,7,0,4,12.50,40,210
2026-07-30T04:06:26Z,0,99,31736,336.06,64,2797
2026-07-30T04:06:26Z,1,100,31856,456.07,69,2610
2026-07-30T04:06:26Z,2,0,1,15.35,35,210
2026-07-30T04:06:26Z,3,0,1,17.39,32,210
2026-07-30T04:06:26Z,4,0,29902,19.17,31,210
2026-07-30T04:06:26Z,5,0,29900,15.56,33,210
2026-07-30T04:06:26Z,6,0,17358,66.30,42,2430
2026-07-30T04:06:26Z,7,0,4,14.42,40,210
2026-07-30T04:06:28Z,0,100,31736,416.45,71,2572
2026-07-30T04:06:28Z,1,100,31856,449.89,69,2610
2026-07-30T04:06:28Z,2,0,1,13.23,35,210
2026-07-30T04:06:28Z,3,0,1,17.24,32,210
2026-07-30T04:06:28Z,4,0,29902,16.47,32,210
2026-07-30T04:06:28Z,5,0,29900,15.42,34,210
2026-07-30T04:06:28Z,6,0,17358,66.71,42,2430
2026-07-30T04:06:28Z,7,0,4,12.39,40,210
2026-07-30T04:06:31Z,0,99,31736,435.50,66,2242
2026-07-30T04:06:31Z,1,98,31856,449.65,67,2325
2026-07-30T04:06:31Z,2,0,1,13.34,35,210
2026-07-30T04:06:31Z,3,0,1,17.14,32,210
2026-07-30T04:06:31Z,4,0,29902,15.44,31,210
2026-07-30T04:06:31Z,5,0,29900,15.84,33,210
2026-07-30T04:06:31Z,6,0,17358,67.23,42,2430
2026-07-30T04:06:31Z,7,0,4,13.77,40,202
2026-07-30T04:06:33Z,0,99,31736,332.19,64,2775
2026-07-30T04:06:33Z,1,100,31856,459.57,69,2610
2026-07-30T04:06:33Z,2,0,1,14.09,35,210
2026-07-30T04:06:33Z,3,0,1,18.82,32,210
2026-07-30T04:06:33Z,4,0,29902,19.80,31,210
2026-07-30T04:06:33Z,5,0,29900,16.68,33,210
2026-07-30T04:06:33Z,6,0,17358,43.32,42,435
2026-07-30T04:06:33Z,7,0,4,13.90,40,210
2026-07-30T04:06:34Z,0,100,31736,451.29,70,2587
2026-07-30T04:06:34Z,1,100,31856,415.73,70,2857
2026-07-30T04:06:34Z,2,0,1,13.59,35,210
2026-07-30T04:06:34Z,3,0,1,17.49,32,210
2026-07-30T04:06:34Z,4,0,29902,16.80,31,210
2026-07-30T04:06:34Z,5,0,29900,15.26,33,210
2026-07-30T04:06:34Z,6,0,17358,10.76,41,210
2026-07-30T04:06:34Z,7,0,4,14.46,40,210
2026-07-30T04:06:36Z,0,100,31736,400.44,71,2715
2026-07-30T04:06:36Z,1,99,31856,439.84,64,2302
2026-07-30T04:06:36Z,2,0,1,12.18,35,210
2026-07-30T04:06:36Z,3,0,1,19.05,32,210
2026-07-30T04:06:36Z,4,0,29902,18.42,31,210
2026-07-30T04:06:36Z,5,0,29900,17.14,33,210
2026-07-30T04:06:36Z,6,0,17358,12.77,41,210
2026-07-30T04:06:36Z,7,0,4,12.49,40,210
2026-07-30T04:06:38Z,0,100,31736,449.08,71,2655
2026-07-30T04:06:38Z,1,100,31856,422.04,69,2655
2026-07-30T04:06:38Z,2,0,1,14.64,35,210
2026-07-30T04:06:38Z,3,0,1,17.46,32,210
2026-07-30T04:06:38Z,4,0,29902,16.34,31,210
2026-07-30T04:06:38Z,5,0,29900,15.37,33,210
2026-07-30T04:06:38Z,6,0,17358,146.71,43,2917
2026-07-30T04:06:38Z,7,0,4,13.71,40,210
2026-07-30T04:06:39Z,0,99,31736,413.95,65,2700
2026-07-30T04:06:39Z,1,99,31856,405.08,63,2895
2026-07-30T04:06:39Z,2,0,1,13.12,35,210
2026-07-30T04:06:39Z,3,0,1,17.61,32,210
2026-07-30T04:06:39Z,4,0,29902,16.15,31,210
2026-07-30T04:06:39Z,5,0,29900,17.87,33,210
2026-07-30T04:06:39Z,6,33,1,79.06,43,2430
2026-07-30T04:06:39Z,7,0,4,12.90,40,210
2026-07-30T04:06:41Z,0,100,31736,428.92,72,2625
2026-07-30T04:06:41Z,1,100,31856,463.21,68,2595
2026-07-30T04:06:41Z,2,0,1,14.08,35,210
2026-07-30T04:06:41Z,3,0,1,18.19,32,210
2026-07-30T04:06:41Z,4,0,29902,18.32,31,210
2026-07-30T04:06:41Z,5,0,29900,14.72,33,210
2026-07-30T04:06:41Z,6,0,1,69.06,43,2430
2026-07-30T04:06:41Z,7,0,4,13.39,40,210
2026-07-30T04:06:43Z,0,99,31736,371.83,65,2797
2026-07-30T04:06:43Z,1,67,31856,372.40,63,2895
2026-07-30T04:06:43Z,2,0,1,12.25,35,210
2026-07-30T04:06:43Z,3,0,1,20.93,32,210
2026-07-30T04:06:43Z,4,0,29902,18.25,31,210
2026-07-30T04:06:43Z,5,0,29900,18.24,33,210
2026-07-30T04:06:43Z,6,0,1,41.05,42,540
2026-07-30T04:06:43Z,7,0,4,13.14,40,202
2026-07-30T04:06:44Z,0,96,31736,338.61,64,2797
2026-07-30T04:06:44Z,1,99,31856,399.54,63,2775
2026-07-30T04:06:44Z,2,0,1,14.81,35,210
2026-07-30T04:06:44Z,3,0,1,19.84,32,210
2026-07-30T04:06:44Z,4,0,29902,19.59,31,210
2026-07-30T04:06:44Z,5,0,29900,16.76,33,210
2026-07-30T04:06:44Z,6,0,1,30.00,42,210
2026-07-30T04:06:44Z,7,0,4,13.09,39,210
2026-07-30T04:06:46Z,0,90,31736,348.90,70,2797
2026-07-30T04:06:46Z,1,99,31856,382.27,63,2895
2026-07-30T04:06:46Z,2,0,1,13.83,35,210
2026-07-30T04:06:46Z,3,0,1,17.48,32,210
2026-07-30T04:06:46Z,4,0,29902,16.72,31,210
2026-07-30T04:06:46Z,5,0,29900,17.69,33,210
2026-07-30T04:06:46Z,6,0,1,21.49,41,210
2026-07-30T04:06:46Z,7,0,4,11.85,39,210
2026-07-30T04:06:50Z,0,100,31736,392.27,71,2610
2026-07-30T04:06:50Z,1,100,31856,450.34,69,2610
2026-07-30T04:06:50Z,2,0,1,11.73,35,210
2026-07-30T04:06:50Z,3,0,1,17.59,32,210
2026-07-30T04:06:50Z,4,0,29902,15.93,31,210
2026-07-30T04:06:50Z,5,0,29900,17.15,33,210
2026-07-30T04:06:50Z,6,0,4,12.60,41,210
2026-07-30T04:06:50Z,7,0,4,11.67,39,210
2026-07-30T04:06:51Z,0,100,31736,450.01,72,2602
2026-07-30T04:06:51Z,1,100,31856,424.77,69,2700
2026-07-30T04:06:51Z,2,0,1,14.16,35,210
2026-07-30T04:06:51Z,3,0,1,18.05,32,210
2026-07-30T04:06:51Z,4,0,29902,18.08,31,210
2026-07-30T04:06:51Z,5,0,29900,14.92,33,210
2026-07-30T04:06:51Z,6,0,4,12.55,41,210
2026-07-30T04:06:51Z,7,0,4,14.10,39,210
2026-07-30T04:06:53Z,0,87,31736,374.17,65,2760
2026-07-30T04:06:53Z,1,99,31856,400.62,64,2850
2026-07-30T04:06:53Z,2,0,1,12.77,35,210
2026-07-30T04:06:53Z,3,0,1,17.09,32,210
2026-07-30T04:06:53Z,4,0,29902,15.58,31,210
2026-07-30T04:06:53Z,5,0,29900,17.12,33,210
2026-07-30T04:06:53Z,6,0,4,12.93,41,210
2026-07-30T04:06:53Z,7,0,4,13.33,39,210
2026-07-30T04:06:55Z,0,99,31736,358.12,66,2760
2026-07-30T04:06:55Z,1,100,31856,451.02,67,2617
2026-07-30T04:06:55Z,2,0,1,13.83,35,210
2026-07-30T04:06:55Z,3,0,1,18.31,32,210
2026-07-30T04:06:55Z,4,0,29902,19.45,31,210
2026-07-30T04:06:55Z,5,0,29900,14.74,33,210
2026-07-30T04:06:55Z,6,0,4,13.73,41,210
2026-07-30T04:06:55Z,7,0,4,13.55,39,210
2026-07-30T04:06:57Z,0,100,31736,409.67,71,2610
2026-07-30T04:06:57Z,1,99,31856,387.66,63,2857
2026-07-30T04:06:57Z,2,0,1,14.22,35,210
2026-07-30T04:06:57Z,3,0,1,17.37,32,210
2026-07-30T04:06:57Z,4,0,29902,15.86,31,202
2026-07-30T04:06:57Z,5,0,29900,17.76,33,210
2026-07-30T04:06:57Z,6,0,4,11.17,41,210
2026-07-30T04:06:57Z,7,0,4,13.54,39,210
2026-07-30T04:06:59Z,0,100,31736,449.69,71,2602
2026-07-30T04:06:59Z,1,100,31856,413.89,68,2872
2026-07-30T04:06:59Z,2,0,1,15.07,35,210
2026-07-30T04:06:59Z,3,0,1,17.58,32,210
2026-07-30T04:06:59Z,4,0,29902,18.87,31,210
2026-07-30T04:06:59Z,5,0,29900,14.04,33,210
2026-07-30T04:06:59Z,6,0,4,14.14,41,210
2026-07-30T04:06:59Z,7,0,4,13.55,39,210
2026-07-30T04:07:00Z,0,47,31736,365.20,64,2797
2026-07-30T04:07:00Z,1,99,31856,440.58,64,2647
2026-07-30T04:07:00Z,2,0,1,13.69,35,210
2026-07-30T04:07:00Z,3,0,1,16.55,32,210
2026-07-30T04:07:00Z,4,0,29902,17.24,31,210
2026-07-30T04:07:00Z,5,0,29900,16.14,33,210
2026-07-30T04:07:00Z,6,0,4,11.13,41,210
2026-07-30T04:07:00Z,7,0,4,14.85,39,210
2026-07-30T04:07:02Z,0,99,31736,347.56,65,2745
2026-07-30T04:07:02Z,1,100,31856,447.75,69,2602
2026-07-30T04:07:02Z,2,0,1,13.18,35,210
2026-07-30T04:07:02Z,3,0,1,19.16,32,210
2026-07-30T04:07:02Z,4,0,29902,18.36,31,210
2026-07-30T04:07:02Z,5,0,29900,16.48,33,210
2026-07-30T04:07:02Z,6,0,4,13.18,41,210
2026-07-30T04:07:02Z,7,0,4,12.03,39,210
2026-07-30T04:07:04Z,0,100,31736,451.25,70,2542
2026-07-30T04:07:04Z,1,97,31856,399.98,64,2827
2026-07-30T04:07:04Z,2,0,1,14.69,35,210
2026-07-30T04:07:04Z,3,0,1,17.00,32,210
2026-07-30T04:07:04Z,4,0,29902,16.88,31,210
2026-07-30T04:07:04Z,5,0,29900,16.06,33,210
2026-07-30T04:07:04Z,6,0,4,12.27,41,210
2026-07-30T04:07:04Z,7,0,4,14.35,39,210
2026-07-30T04:07:05Z,0,100,31736,416.04,71,2602
2026-07-30T04:07:05Z,1,99,31856,359.92,63,2895
2026-07-30T04:07:05Z,2,0,1,13.88,35,210
2026-07-30T04:07:05Z,3,0,1,20.53,32,210
2026-07-30T04:07:05Z,4,0,29902,18.13,31,210
2026-07-30T04:07:05Z,5,0,29900,17.48,33,210
2026-07-30T04:07:05Z,6,0,4,13.68,41,210
2026-07-30T04:07:05Z,7,0,4,13.03,39,210
2026-07-30T04:07:09Z,0,66,31736,330.85,65,2782
2026-07-30T04:07:09Z,1,100,31856,450.26,67,2625
2026-07-30T04:07:09Z,2,0,1,12.88,35,210
2026-07-30T04:07:09Z,3,0,1,18.61,32,210
2026-07-30T04:07:09Z,4,0,29902,16.45,31,210
2026-07-30T04:07:09Z,5,0,29900,16.87,33,210
2026-07-30T04:07:09Z,6,0,4,12.75,41,210
2026-07-30T04:07:09Z,7,0,4,12.45,39,210
2026-07-30T04:07:11Z,0,100,31736,417.01,72,2602
2026-07-30T04:07:11Z,1,100,31856,449.86,69,2610
2026-07-30T04:07:11Z,2,0,1,15.23,35,210
2026-07-30T04:07:11Z,3,0,1,17.02,32,210
2026-07-30T04:07:11Z,4,0,29902,17.15,31,210
2026-07-30T04:07:11Z,5,0,29900,15.40,33,210
2026-07-30T04:07:11Z,6,0,4,11.55,41,210
2026-07-30T04:07:11Z,7,0,4,14.31,38,210
2026-07-30T04:07:12Z,0,100,31736,450.23,72,2595
2026-07-30T04:07:12Z,1,100,31856,450.88,67,2617
2026-07-30T04:07:12Z,2,0,1,13.56,35,210
2026-07-30T04:07:12Z,3,0,1,18.37,32,210
2026-07-30T04:07:12Z,4,0,29902,18.19,31,210
2026-07-30T04:07:12Z,5,0,29900,16.73,33,210
2026-07-30T04:07:12Z,6,0,4,11.78,41,210
2026-07-30T04:07:12Z,7,0,4,12.29,38,210
2026-07-30T04:07:14Z,0,99,31736,392.85,65,2790
2026-07-30T04:07:14Z,1,99,31856,387.23,64,2887
2026-07-30T04:07:14Z,2,0,1,14.90,35,210
2026-07-30T04:07:14Z,3,0,1,17.25,32,202
2026-07-30T04:07:14Z,4,0,29902,18.19,31,210
2026-07-30T04:07:14Z,5,0,29900,14.96,33,210
2026-07-30T04:07:14Z,6,0,4,10.96,41,210
2026-07-30T04:07:14Z,7,0,4,15.01,38,210
2026-07-30T04:07:16Z,0,100,31736,455.71,71,2595
2026-07-30T04:07:16Z,1,100,31856,460.71,69,2610
2026-07-30T04:07:16Z,2,0,1,13.24,35,210
2026-07-30T04:07:16Z,3,0,1,18.87,32,210
2026-07-30T04:07:16Z,4,0,29902,16.93,31,210
2026-07-30T04:07:16Z,5,0,29900,17.53,33,210
2026-07-30T04:07:16Z,6,0,4,11.78,41,210
2026-07-30T04:07:16Z,7,0,4,12.59,38,210
2026-07-30T04:07:17Z,0,100,31736,407.70,72,2737
2026-07-30T04:07:17Z,1,99,31856,415.97,64,2895
2026-07-30T04:07:17Z,2,0,1,15.30,35,210
2026-07-30T04:07:17Z,3,0,1,18.52,32,210
2026-07-30T04:07:17Z,4,0,29902,17.85,31,210
2026-07-30T04:07:17Z,5,0,29900,14.70,33,210
2026-07-30T04:07:17Z,6,0,4,11.65,40,210
2026-07-30T04:07:17Z,7,0,4,12.74,38,210
2026-07-30T04:07:19Z,0,99,31736,415.30,66,2797
2026-07-30T04:07:19Z,1,100,31856,453.92,69,2617
2026-07-30T04:07:19Z,2,0,1,14.26,35,210
2026-07-30T04:07:19Z,3,0,1,18.16,32,210
2026-07-30T04:07:19Z,4,0,29902,16.39,31,210
2026-07-30T04:07:19Z,5,0,29900,18.15,33,210
2026-07-30T04:07:19Z,6,0,4,11.13,40,210
2026-07-30T04:07:19Z,7,0,4,13.60,38,210
2026-07-30T04:07:21Z,0,100,31736,461.51,72,2587
2026-07-30T04:07:21Z,1,64,31856,376.61,65,2850
2026-07-30T04:07:21Z,2,0,1,15.32,35,210
2026-07-30T04:07:21Z,3,0,1,19.24,32,210
2026-07-30T04:07:21Z,4,0,29902,18.67,31,210
2026-07-30T04:07:21Z,5,0,29900,15.61,33,210
2026-07-30T04:07:21Z,6,0,4,12.91,40,210
2026-07-30T04:07:21Z,7,0,4,12.72,38,210
2026-07-30T04:07:22Z,0,100,31736,450.11,72,2580
2026-07-30T04:07:22Z,1,100,31856,459.07,69,2602
2026-07-30T04:07:22Z,2,0,1,12.33,35,210
2026-07-30T04:07:22Z,3,0,1,16.29,32,210
2026-07-30T04:07:22Z,4,0,29902,16.21,31,210
2026-07-30T04:07:22Z,5,0,29900,16.01,33,210
2026-07-30T04:07:22Z,6,0,4,10.78,40,210
2026-07-30T04:07:22Z,7,0,4,14.16,38,210
2026-07-30T04:07:24Z,0,100,31736,450.20,72,2595
2026-07-30T04:07:24Z,1,100,31856,461.03,69,2602
2026-07-30T04:07:24Z,2,0,1,13.05,35,210
2026-07-30T04:07:24Z,3,0,1,18.92,32,210
2026-07-30T04:07:24Z,4,0,29902,17.27,31,210
2026-07-30T04:07:24Z,5,0,29900,16.80,33,210
2026-07-30T04:07:24Z,6,0,4,13.04,40,210
2026-07-30T04:07:24Z,7,0,4,12.08,38,210
2026-07-30T04:07:28Z,0,99,31736,316.40,64,2805
2026-07-30T04:07:28Z,1,78,31856,382.69,67,2887
2026-07-30T04:07:28Z,2,0,1,13.63,35,210
2026-07-30T04:07:28Z,3,0,1,18.45,32,210
2026-07-30T04:07:28Z,4,0,29902,18.83,31,210
2026-07-30T04:07:28Z,5,0,29900,14.95,33,210
2026-07-30T04:07:28Z,6,0,4,13.05,40,210
2026-07-30T04:07:28Z,7,0,4,12.12,38,210
2026-07-30T04:07:29Z,0,100,31736,450.52,70,2340
2026-07-30T04:07:29Z,1,100,31856,449.29,67,2437
2026-07-30T04:07:29Z,2,0,1,14.83,35,210
2026-07-30T04:07:29Z,3,0,1,18.14,32,210
2026-07-30T04:07:29Z,4,0,29902,16.33,31,210
2026-07-30T04:07:29Z,5,0,29900,17.00,33,210
2026-07-30T04:07:29Z,6,0,4,10.81,40,210
2026-07-30T04:07:29Z,7,0,4,14.44,38,210
2026-07-30T04:07:31Z,0,100,31736,450.49,70,2347
2026-07-30T04:07:31Z,1,100,31856,393.71,69,2835
2026-07-30T04:07:31Z,2,0,1,13.19,35,210
2026-07-30T04:07:31Z,3,0,1,18.96,32,210
2026-07-30T04:07:31Z,4,0,29902,17.69,31,210
2026-07-30T04:07:31Z,5,0,29900,16.96,33,210
2026-07-30T04:07:31Z,6,0,4,12.68,40,210
2026-07-30T04:07:31Z,7,0,4,12.83,38,210
2026-07-30T04:07:33Z,0,100,31736,450.32,70,2595
2026-07-30T04:07:33Z,1,100,31856,449.92,69,2610
2026-07-30T04:07:33Z,2,0,1,14.89,35,210
2026-07-30T04:07:33Z,3,0,1,15.60,32,210
2026-07-30T04:07:33Z,4,0,29902,15.26,31,210
2026-07-30T04:07:33Z,5,0,29900,15.25,33,210
2026-07-30T04:07:33Z,6,0,4,11.86,40,210
2026-07-30T04:07:33Z,7,0,4,14.12,38,210
2026-07-30T04:07:35Z,0,98,31736,350.32,67,2797
2026-07-30T04:07:35Z,1,100,31856,450.10,68,2572
2026-07-30T04:07:35Z,2,0,1,13.94,35,210
2026-07-30T04:07:35Z,3,0,1,19.89,32,210
2026-07-30T04:07:35Z,4,0,29902,17.72,31,210
2026-07-30T04:07:35Z,5,0,29900,17.35,33,210
2026-07-30T04:07:35Z,6,0,4,11.86,40,210
2026-07-30T04:07:35Z,7,0,4,12.45,38,210
2026-07-30T04:07:36Z,0,100,31736,420.57,72,2655
2026-07-30T04:07:36Z,1,100,31856,450.05,68,2677
2026-07-30T04:07:36Z,2,0,1,14.78,35,210
2026-07-30T04:07:36Z,3,0,1,17.09,32,210
2026-07-30T04:07:36Z,4,0,29902,17.99,31,210
2026-07-30T04:07:36Z,5,0,29900,15.39,33,210
2026-07-30T04:07:36Z,6,0,4,11.88,40,210
2026-07-30T04:07:36Z,7,0,4,13.30,38,210
2026-07-30T04:07:38Z,0,100,31736,449.67,72,2752
2026-07-30T04:07:38Z,1,99,31856,430.33,64,2887
2026-07-30T04:07:38Z,2,0,1,13.22,35,210
2026-07-30T04:07:38Z,3,0,1,18.35,32,210
2026-07-30T04:07:38Z,4,0,29902,17.05,31,210
2026-07-30T04:07:38Z,5,0,29900,17.63,33,210
2026-07-30T04:07:38Z,6,0,4,12.88,40,210
2026-07-30T04:07:38Z,7,0,4,12.89,38,210
2026-07-30T04:07:40Z,0,99,31736,407.74,66,2797
2026-07-30T04:07:40Z,1,100,31856,458.83,69,2595
2026-07-30T04:07:40Z,2,0,1,14.92,35,210
2026-07-30T04:07:40Z,3,0,1,17.77,32,210
2026-07-30T04:07:40Z,4,0,29902,18.04,31,210
2026-07-30T04:07:40Z,5,0,29900,15.23,33,210
2026-07-30T04:07:40Z,6,0,4,11.81,40,210
2026-07-30T04:07:40Z,7,0,1,16.25,38,210
2026-07-30T04:07:42Z,0,100,31736,451.51,70,2490
2026-07-30T04:07:42Z,1,81,31856,384.29,66,2887
2026-07-30T04:07:42Z,2,0,1,12.24,35,210
2026-07-30T04:07:42Z,3,0,1,20.28,32,210
2026-07-30T04:07:42Z,4,0,29902,18.10,31,210
2026-07-30T04:07:42Z,5,0,29900,17.54,33,210
2026-07-30T04:07:42Z,6,0,4,11.98,40,210
2026-07-30T04:07:42Z,7,0,1,12.16,38,210
2026-07-30T04:07:43Z,0,100,31736,421.23,71,2610
2026-07-30T04:07:43Z,1,100,31856,464.21,69,2602
2026-07-30T04:07:43Z,2,0,1,14.67,35,210
2026-07-30T04:07:43Z,3,0,1,19.27,32,210
2026-07-30T04:07:43Z,4,0,29902,18.49,31,210
2026-07-30T04:07:43Z,5,0,29900,15.78,33,210
2026-07-30T04:07:43Z,6,0,4,10.45,40,210
2026-07-30T04:07:43Z,7,0,1,13.73,38,210
2026-07-30T04:07:47Z,0,100,31736,451.90,70,2595
2026-07-30T04:07:47Z,1,100,31856,450.33,67,2527
2026-07-30T04:07:47Z,2,0,1,14.78,35,210
2026-07-30T04:07:47Z,3,0,1,16.21,32,210
2026-07-30T04:07:47Z,4,0,29902,18.26,31,210
2026-07-30T04:07:47Z,5,0,29900,14.86,33,210
2026-07-30T04:07:47Z,6,0,4,10.99,40,202
2026-07-30T04:07:47Z,7,0,1,13.43,38,210
2026-07-30T04:07:49Z,0,98,31736,354.60,71,2745
2026-07-30T04:07:49Z,1,99,31856,393.64,64,2887
2026-07-30T04:07:49Z,2,0,1,12.82,35,210
2026-07-30T04:07:49Z,3,0,1,19.27,32,210
2026-07-30T04:07:49Z,4,0,29902,18.01,31,210
2026-07-30T04:07:49Z,5,0,29900,18.02,33,210
2026-07-30T04:07:49Z,6,0,4,13.43,40,210
2026-07-30T04:07:49Z,7,0,1,12.93,37,210
2026-07-30T04:07:50Z,0,100,31736,455.08,72,2602
2026-07-30T04:07:50Z,1,100,31856,462.27,69,2602
2026-07-30T04:07:50Z,2,0,1,15.75,35,210
2026-07-30T04:07:50Z,3,0,1,19.30,32,210
2026-07-30T04:07:50Z,4,0,29902,18.82,31,210
2026-07-30T04:07:50Z,5,0,29900,16.71,33,210
2026-07-30T04:07:50Z,6,0,4,12.56,40,210
2026-07-30T04:07:50Z,7,0,1,13.81,37,210
2026-07-30T04:07:52Z,0,99,31736,350.31,70,2797
2026-07-30T04:07:52Z,1,100,31856,449.76,68,2602
2026-07-30T04:07:52Z,2,0,1,14.64,35,210
2026-07-30T04:07:52Z,3,0,1,17.41,32,210
2026-07-30T04:07:52Z,4,0,29902,15.43,31,210
2026-07-30T04:07:52Z,5,0,29900,16.65,33,210
2026-07-30T04:07:52Z,6,0,4,11.36,40,210
2026-07-30T04:07:52Z,7,0,1,12.31,37,210
2026-07-30T04:07:54Z,0,100,31736,450.29,70,2257
2026-07-30T04:07:54Z,1,99,31856,405.89,64,2857
2026-07-30T04:07:54Z,2,0,1,15.13,35,210
2026-07-30T04:07:54Z,3,0,1,18.86,32,210
2026-07-30T04:07:54Z,4,0,29902,18.59,31,210
2026-07-30T04:07:54Z,5,0,29900,14.08,33,210
2026-07-30T04:07:54Z,6,0,4,13.52,40,202
2026-07-30T04:07:54Z,7,0,2,12.23,37,210
2026-07-30T04:07:56Z,0,99,31736,349.60,65,2797
2026-07-30T04:07:56Z,1,99,31856,394.37,64,2842
2026-07-30T04:07:56Z,2,0,1,13.65,35,202
2026-07-30T04:07:56Z,3,0,1,18.54,32,210
2026-07-30T04:07:56Z,4,0,29902,17.07,31,210
2026-07-30T04:07:56Z,5,0,29900,18.48,33,210
2026-07-30T04:07:56Z,6,0,4,10.99,40,210
2026-07-30T04:07:56Z,7,0,760,63.47,38,2430
2026-07-30T04:07:57Z,0,100,31736,450.73,71,2595
2026-07-30T04:07:57Z,1,100,31856,433.29,69,2625
2026-07-30T04:07:57Z,2,0,1,13.11,35,210
2026-07-30T04:07:57Z,3,0,1,19.76,32,210
2026-07-30T04:07:57Z,4,0,29902,18.83,31,210
2026-07-30T04:07:57Z,5,0,29900,17.10,33,210
2026-07-30T04:07:57Z,6,0,4,13.36,40,210
2026-07-30T04:07:57Z,7,0,760,63.34,38,2430
2026-07-30T04:07:59Z,0,100,31736,367.85,73,2782
2026-07-30T04:07:59Z,1,99,31856,417.39,64,2887
2026-07-30T04:07:59Z,2,0,1,13.70,35,210
2026-07-30T04:07:59Z,3,0,1,17.34,32,210
2026-07-30T04:07:59Z,4,0,29902,16.94,31,210
2026-07-30T04:07:59Z,5,0,29900,16.96,33,210
2026-07-30T04:07:59Z,6,0,4,11.76,40,210
2026-07-30T04:07:59Z,7,0,760,62.35,38,2430
2026-07-30T04:08:00Z,0,99,31736,450.33,70,2257
2026-07-30T04:08:00Z,1,100,31856,468.64,69,2602
2026-07-30T04:08:00Z,2,0,1,13.24,35,210
2026-07-30T04:08:00Z,3,0,1,18.48,32,210
2026-07-30T04:08:00Z,4,0,29902,18.98,31,210
2026-07-30T04:08:00Z,5,0,29900,16.48,33,210
2026-07-30T04:08:00Z,6,0,4,12.40,40,210
2026-07-30T04:08:00Z,7,0,760,62.71,38,2430
2026-07-30T04:08:02Z,0,100,31736,450.47,70,2340
2026-07-30T04:08:02Z,1,100,31856,451.97,69,2595
2026-07-30T04:08:02Z,2,0,1,15.65,35,202
2026-07-30T04:08:02Z,3,0,1,17.60,32,210
2026-07-30T04:08:02Z,4,0,29902,17.17,31,210
2026-07-30T04:08:02Z,5,0,29900,15.34,33,210
2026-07-30T04:08:02Z,6,0,4,12.10,40,210
2026-07-30T04:08:02Z,7,0,1404,63.56,38,2430
2026-07-30T04:08:06Z,0,99,31736,423.93,66,2415
2026-07-30T04:08:06Z,1,100,31856,449.93,70,2610
2026-07-30T04:08:06Z,2,0,1,14.61,35,210
2026-07-30T04:08:06Z,3,0,1,16.35,32,210
2026-07-30T04:08:06Z,4,0,29902,16.05,31,210
2026-07-30T04:08:06Z,5,0,29900,15.82,33,210
2026-07-30T04:08:06Z,6,0,4,11.52,39,210
2026-07-30T04:08:06Z,7,0,1404,63.23,38,2430
2026-07-30T04:08:07Z,0,100,31736,412.85,72,2602
2026-07-30T04:08:07Z,1,100,31856,452.37,70,2602
2026-07-30T04:08:07Z,2,0,1,12.65,35,210
2026-07-30T04:08:07Z,3,0,1,17.46,32,210
2026-07-30T04:08:07Z,4,0,29902,16.31,31,210
2026-07-30T04:08:07Z,5,0,29900,17.23,33,210
2026-07-30T04:08:07Z,6,0,4,13.52,39,210
2026-07-30T04:08:07Z,7,0,1404,61.53,38,2430
2026-07-30T04:08:09Z,0,100,31736,449.84,72,2610
2026-07-30T04:08:09Z,1,99,31856,390.57,64,2887
2026-07-30T04:08:09Z,2,0,1,14.07,35,210
2026-07-30T04:08:09Z,3,0,1,17.98,32,210
2026-07-30T04:08:09Z,4,0,29902,17.86,31,210
2026-07-30T04:08:09Z,5,0,29900,15.10,33,210
2026-07-30T04:08:09Z,6,0,4,13.27,39,210
2026-07-30T04:08:09Z,7,7,2076,78.33,39,2430
2026-07-30T04:08:10Z,0,100,31736,450.18,72,2580
2026-07-30T04:08:10Z,1,100,31856,450.79,67,2610
2026-07-30T04:08:10Z,2,0,1,12.00,35,210
2026-07-30T04:08:10Z,3,0,1,18.30,32,210
2026-07-30T04:08:10Z,4,0,29902,16.65,31,210
2026-07-30T04:08:10Z,5,0,29900,17.85,33,210
2026-07-30T04:08:10Z,6,0,4,11.94,39,210
2026-07-30T04:08:10Z,7,92,2702,108.54,48,2497
2026-07-30T04:08:12Z,0,99,31736,408.88,66,2797
2026-07-30T04:08:12Z,1,89,31856,371.93,70,2872
2026-07-30T04:08:12Z,2,0,1,13.07,35,210
2026-07-30T04:08:12Z,3,0,1,19.21,32,210
2026-07-30T04:08:12Z,4,0,29902,17.92,31,210
2026-07-30T04:08:12Z,5,0,29900,16.64,33,210
2026-07-30T04:08:12Z,6,0,4,13.23,39,210
2026-07-30T04:08:12Z,7,100,6796,455.58,47,2347
2026-07-30T04:08:14Z,0,99,31736,353.89,66,2737
2026-07-30T04:08:14Z,1,100,31856,450.52,68,2325
2026-07-30T04:08:14Z,2,0,1,12.68,35,210
2026-07-30T04:08:14Z,3,0,1,17.42,32,210
2026-07-30T04:08:14Z,4,0,29902,15.71,31,210
2026-07-30T04:08:14Z,5,0,29900,18.12,33,210
2026-07-30T04:08:14Z,6,0,4,10.04,39,210
2026-07-30T04:08:14Z,7,100,10296,450.01,49,2182
2026-07-30T04:08:15Z,0,100,31736,404.89,72,2602
2026-07-30T04:08:15Z,1,100,31856,450.29,68,2617
2026-07-30T04:08:15Z,2,0,1,12.33,35,210
2026-07-30T04:08:15Z,3,0,1,18.59,32,210
2026-07-30T04:08:15Z,4,0,29902,16.83,31,210
2026-07-30T04:08:15Z,5,0,29900,17.27,33,210
2026-07-30T04:08:15Z,6,0,4,12.35,39,210
2026-07-30T04:08:15Z,7,100,10868,449.88,49,1927
2026-07-30T04:08:17Z,0,94,31736,418.17,70,2790
2026-07-30T04:08:17Z,1,100,31856,449.83,68,2602
2026-07-30T04:08:17Z,2,0,1,14.42,35,210
2026-07-30T04:08:17Z,3,0,1,16.93,32,210
2026-07-30T04:08:17Z,4,0,29902,16.06,31,210
2026-07-30T04:08:17Z,5,0,29900,15.63,33,210
2026-07-30T04:08:17Z,6,0,4,10.89,39,210
2026-07-30T04:08:17Z,7,100,10570,450.04,51,2040
2026-07-30T04:08:18Z,0,100,31736,391.47,73,2782
2026-07-30T04:08:18Z,1,99,31856,372.17,64,2887
2026-07-30T04:08:18Z,2,0,1,12.49,35,210
2026-07-30T04:08:18Z,3,0,1,17.81,32,210
2026-07-30T04:08:18Z,4,0,29902,16.30,31,210
2026-07-30T04:08:18Z,5,0,29900,17.58,33,210
2026-07-30T04:08:18Z,6,0,4,12.11,39,210
2026-07-30T04:08:18Z,7,37,19992,250.75,43,2887
2026-07-30T04:08:20Z,0,100,31736,447.95,73,2587
2026-07-30T04:08:20Z,1,91,31856,399.36,69,2895
2026-07-30T04:08:20Z,2,0,1,14.73,35,210
2026-07-30T04:08:20Z,3,0,1,18.37,32,210
2026-07-30T04:08:20Z,4,0,29902,18.17,31,210
2026-07-30T04:08:20Z,5,0,29900,15.52,33,210
2026-07-30T04:08:20Z,6,0,4,12.36,39,210
2026-07-30T04:08:20Z,7,99,19992,361.04,51,2400
2026-07-30T04:08:24Z,0,100,31736,461.47,72,2580
2026-07-30T04:08:24Z,1,99,31856,425.81,64,2850
2026-07-30T04:08:24Z,2,0,1,15.17,35,210
2026-07-30T04:08:24Z,3,0,1,15.95,32,210
2026-07-30T04:08:24Z,4,0,29902,16.50,31,210
2026-07-30T04:08:24Z,5,0,29900,15.32,33,210
2026-07-30T04:08:24Z,6,0,4,12.10,39,210
2026-07-30T04:08:24Z,7,99,19992,400.81,51,2062
2026-07-30T04:08:25Z,0,100,31736,449.66,73,2580
2026-07-30T04:08:25Z,1,100,31856,463.78,70,2610
2026-07-30T04:08:25Z,2,0,1,12.20,35,210
2026-07-30T04:08:25Z,3,0,1,16.80,32,210
2026-07-30T04:08:25Z,4,0,29902,15.87,31,210
2026-07-30T04:08:25Z,5,0,29900,17.65,33,210
2026-07-30T04:08:25Z,6,0,4,11.00,39,210
2026-07-30T04:08:25Z,7,56,19992,262.59,50,2910
2026-07-30T04:08:27Z,0,100,31736,449.83,73,2580
2026-07-30T04:08:27Z,1,100,31856,449.62,69,2602
2026-07-30T04:08:27Z,2,0,1,14.62,35,210
2026-07-30T04:08:27Z,3,0,1,17.22,32,210
2026-07-30T04:08:27Z,4,0,29902,17.86,31,210
2026-07-30T04:08:27Z,5,0,29900,14.21,33,210
2026-07-30T04:08:27Z,6,0,1,12.55,39,210
2026-07-30T04:08:27Z,7,3,19992,121.87,43,2880
2026-07-30T04:08:29Z,0,99,31736,373.78,66,2797
2026-07-30T04:08:29Z,1,100,31856,449.88,69,2602
2026-07-30T04:08:29Z,2,0,1,13.10,35,210
2026-07-30T04:08:29Z,3,0,1,18.51,32,210
2026-07-30T04:08:29Z,4,0,29902,15.88,31,210
2026-07-30T04:08:29Z,5,0,29900,17.09,33,210
2026-07-30T04:08:29Z,6,0,1,11.95,39,210
2026-07-30T04:08:29Z,7,100,19992,345.40,52,2265
2026-07-30T04:08:30Z,0,100,31736,452.07,73,2595
2026-07-30T04:08:30Z,1,100,31856,449.88,69,2602
2026-07-30T04:08:30Z,2,0,1,12.87,35,210
2026-07-30T04:08:30Z,3,0,1,18.88,32,210
2026-07-30T04:08:30Z,4,0,29902,17.08,31,210
2026-07-30T04:08:30Z,5,0,29900,17.09,33,210
2026-07-30T04:08:30Z,6,0,1,13.22,39,210
2026-07-30T04:08:30Z,7,48,19992,388.52,52,2370
2026-07-30T04:08:32Z,0,100,31736,451.40,71,2580
2026-07-30T04:08:32Z,1,91,31856,416.62,65,2887
2026-07-30T04:08:32Z,2,0,1,13.21,35,210
2026-07-30T04:08:32Z,3,0,1,17.00,32,210
2026-07-30T04:08:32Z,4,0,29902,16.75,31,210
2026-07-30T04:08:32Z,5,0,29900,16.94,33,210
2026-07-30T04:08:32Z,6,0,1,11.70,39,210
2026-07-30T04:08:32Z,7,0,19992,133.73,44,2857
2026-07-30T04:08:33Z,0,100,31736,449.81,71,2572
2026-07-30T04:08:33Z,1,100,31856,460.97,69,2602
2026-07-30T04:08:33Z,2,0,1,13.05,35,210
2026-07-30T04:08:33Z,3,0,1,19.93,32,210
2026-07-30T04:08:33Z,4,0,29902,16.26,31,210
2026-07-30T04:08:33Z,5,0,29900,17.47,33,210
2026-07-30T04:08:33Z,6,0,1,13.57,39,210
2026-07-30T04:08:33Z,7,99,19992,443.08,53,2407
2026-07-30T04:08:35Z,0,100,31736,449.65,73,2580
2026-07-30T04:08:35Z,1,98,31856,393.19,64,2887
2026-07-30T04:08:35Z,2,0,1,14.77,35,210
2026-07-30T04:08:35Z,3,0,1,16.32,32,210
2026-07-30T04:08:35Z,4,0,29902,17.84,31,210
2026-07-30T04:08:35Z,5,0,29900,14.97,33,210
2026-07-30T04:08:35Z,6,0,1,10.29,39,210
2026-07-30T04:08:35Z,7,99,22298,389.46,53,2872
2026-07-30T04:08:36Z,0,99,31736,391.05,67,2767
2026-07-30T04:08:36Z,1,100,31856,444.40,70,2602
2026-07-30T04:08:36Z,2,0,1,12.32,35,210
2026-07-30T04:08:36Z,3,0,1,17.12,32,210
2026-07-30T04:08:36Z,4,0,29902,15.93,31,210
2026-07-30T04:08:36Z,5,0,29900,17.99,33,210
2026-07-30T04:08:36Z,6,0,1,10.95,39,210
2026-07-30T04:08:36Z,7,0,22298,168.48,45,2910
2026-07-30T04:08:38Z,0,76,31736,334.84,66,2797
2026-07-30T04:08:38Z,1,89,31856,392.02,65,2820
2026-07-30T04:08:38Z,2,0,1,13.68,35,210
2026-07-30T04:08:38Z,3,0,1,19.13,32,210
2026-07-30T04:08:38Z,4,0,29902,19.01,31,210
2026-07-30T04:08:38Z,5,0,29900,14.46,33,210
2026-07-30T04:08:38Z,6,0,1,13.11,39,210
2026-07-30T04:08:38Z,7,18,22298,379.24,46,2385
2026-07-30T04:08:42Z,0,100,31736,329.25,73,2775
2026-07-30T04:08:42Z,1,100,31856,433.51,70,2745
2026-07-30T04:08:42Z,2,0,1,15.17,35,210
2026-07-30T04:08:42Z,3,0,1,18.54,32,210
2026-07-30T04:08:42Z,4,0,29902,18.41,31,210
2026-07-30T04:08:42Z,5,0,29900,14.57,33,210
2026-07-30T04:08:42Z,6,0,1,12.67,39,210
2026-07-30T04:08:42Z,7,0,22298,98.80,45,2910
2026-07-30T04:08:43Z,0,99,31736,437.84,67,2250
2026-07-30T04:08:43Z,1,99,31856,433.47,64,2887
2026-07-30T04:08:43Z,2,0,1,12.17,35,210
2026-07-30T04:08:43Z,3,0,1,17.11,32,210
2026-07-30T04:08:43Z,4,0,29902,16.87,31,210
2026-07-30T04:08:43Z,5,0,29900,15.61,33,210
2026-07-30T04:08:43Z,6,2,510,19.86,40,2460
2026-07-30T04:08:43Z,7,100,22298,387.01,54,2835
2026-07-30T04:08:45Z,0,100,31736,420.19,73,2587
2026-07-30T04:08:45Z,1,96,31856,390.86,70,2887
2026-07-30T04:08:45Z,2,0,1,13.00,35,210
2026-07-30T04:08:45Z,3,0,1,19.66,32,210
2026-07-30T04:08:45Z,4,0,29902,18.94,31,210
2026-07-30T04:08:45Z,5,0,29900,15.06,33,210
2026-07-30T04:08:45Z,6,0,760,66.92,40,2430
2026-07-30T04:08:45Z,7,39,22298,344.93,49,2767
2026-07-30T04:08:47Z,0,100,31736,449.81,72,2497
2026-07-30T04:08:47Z,1,100,31856,450.19,67,2467
2026-07-30T04:08:47Z,2,0,1,12.77,35,210
2026-07-30T04:08:47Z,3,0,1,17.89,32,210
2026-07-30T04:08:47Z,4,0,29902,17.28,31,210
2026-07-30T04:08:47Z,5,0,29900,15.16,33,210
2026-07-30T04:08:47Z,6,0,760,64.77,40,2430
2026-07-30T04:08:47Z,7,0,22298,258.17,46,2910
2026-07-30T04:08:48Z,0,99,31736,439.98,67,2475
2026-07-30T04:08:48Z,1,100,31856,450.29,70,2617
2026-07-30T04:08:48Z,2,0,1,12.28,35,210
2026-07-30T04:08:48Z,3,0,1,18.58,32,210
2026-07-30T04:08:48Z,4,0,29902,16.39,31,210
2026-07-30T04:08:48Z,5,0,29900,17.28,33,210
2026-07-30T04:08:48Z,6,0,1102,68.21,40,2460
2026-07-30T04:08:48Z,7,48,22298,346.64,50,2730
2026-07-30T04:08:50Z,0,100,31736,405.51,71,2760
2026-07-30T04:08:50Z,1,100,31856,449.61,70,2602
2026-07-30T04:08:50Z,2,0,1,14.89,35,210
2026-07-30T04:08:50Z,3,0,1,18.59,32,210
2026-07-30T04:08:50Z,4,0,29902,18.24,31,210
2026-07-30T04:08:50Z,5,0,29900,14.95,33,210
2026-07-30T04:08:50Z,6,0,1102,64.63,40,2430
2026-07-30T04:08:50Z,7,99,22298,433.02,54,2257
2026-07-30T04:08:51Z,0,100,31736,445.74,73,2355
2026-07-30T04:08:51Z,1,99,31856,415.95,65,2895
2026-07-30T04:08:51Z,2,0,1,13.47,35,210
2026-07-30T04:08:51Z,3,0,1,18.41,32,202
2026-07-30T04:08:51Z,4,0,29902,15.75,31,210
2026-07-30T04:08:51Z,5,0,29900,16.92,33,210
2026-07-30T04:08:51Z,6,0,1102,65.91,40,2430
2026-07-30T04:08:51Z,7,0,22298,323.85,47,2910
2026-07-30T04:08:52Z,0,100,31736,450.15,71,2445
2026-07-30T04:08:52Z,1,79,31856,373.69,66,2842
2026-07-30T04:08:52Z,2,0,1,15.04,35,210
2026-07-30T04:08:52Z,3,0,1,20.22,32,210
2026-07-30T04:08:52Z,4,0,29902,17.34,31,210
2026-07-30T04:08:52Z,5,0,29900,16.43,33,210
2026-07-30T04:08:52Z,6,0,1102,66.41,40,2430
2026-07-30T04:08:52Z,7,99,22298,229.67,54,2190
2026-07-30T04:08:54Z,0,99,31736,376.86,67,2752
2026-07-30T04:08:54Z,1,100,31856,432.41,69,2625
2026-07-30T04:08:54Z,2,0,1,13.97,35,210
2026-07-30T04:08:54Z,3,0,1,17.22,32,210
2026-07-30T04:08:54Z,4,0,29902,17.54,31,210
2026-07-30T04:08:54Z,5,0,29900,15.80,33,210
2026-07-30T04:08:54Z,6,0,1102,66.10,40,2430
2026-07-30T04:08:54Z,7,37,22298,369.62,48,2887
2026-07-30T04:08:56Z,0,82,31736,351.47,66,2775
2026-07-30T04:08:56Z,1,100,31856,449.85,70,2692
2026-07-30T04:08:56Z,2,0,1,13.52,35,210
2026-07-30T04:08:56Z,3,0,1,19.21,32,210
2026-07-30T04:08:56Z,4,0,29902,19.25,31,210
2026-07-30T04:08:56Z,5,0,29900,16.95,33,210
2026-07-30T04:08:56Z,6,0,1460,67.83,40,2430
2026-07-30T04:08:56Z,7,95,22298,411.75,50,2287
2026-07-30T04:08:59Z,0,89,31736,380.64,67,2760
2026-07-30T04:08:59Z,1,99,31856,409.64,64,2887
2026-07-30T04:08:59Z,2,0,1,12.04,35,210
2026-07-30T04:08:59Z,3,0,1,20.16,32,210
2026-07-30T04:08:59Z,4,0,29902,18.16,31,210
2026-07-30T04:08:59Z,5,0,29900,17.43,33,210
2026-07-30T04:08:59Z,6,99,5012,455.80,51,2070
2026-07-30T04:08:59Z,7,55,22298,385.30,51,2760
2026-07-30T04:09:01Z,0,100,31736,462.49,73,2580
2026-07-30T04:09:01Z,1,100,31856,445.54,68,2617
2026-07-30T04:09:01Z,2,0,1,14.19,35,210
2026-07-30T04:09:01Z,3,0,1,17.54,32,210
2026-07-30T04:09:01Z,4,0,29902,16.36,31,210
2026-07-30T04:09:01Z,5,0,29900,15.54,33,210
2026-07-30T04:09:01Z,6,100,5310,449.68,51,1815
2026-07-30T04:09:01Z,7,100,22298,355.48,55,2175
2026-07-30T04:09:02Z,0,99,31736,356.67,66,2797
2026-07-30T04:09:02Z,1,100,31856,449.92,70,2700
2026-07-30T04:09:02Z,2,0,1,13.24,35,210
2026-07-30T04:09:02Z,3,0,1,18.60,32,210
2026-07-30T04:09:02Z,4,0,29902,16.37,31,210
2026-07-30T04:09:02Z,5,0,29900,17.27,33,210
2026-07-30T04:09:02Z,6,13,9230,419.36,47,1612
2026-07-30T04:09:02Z,7,0,22298,99.25,48,2910
2026-07-30T04:09:04Z,0,100,31736,451.50,73,2587
2026-07-30T04:09:04Z,1,99,31856,436.65,65,2475
2026-07-30T04:09:04Z,2,0,1,15.25,35,210
2026-07-30T04:09:04Z,3,0,1,16.78,32,210
2026-07-30T04:09:04Z,4,0,29902,18.52,31,210
2026-07-30T04:09:04Z,5,0,29900,15.59,33,210
2026-07-30T04:09:04Z,6,99,16436,338.45,53,2775
2026-07-30T04:09:04Z,7,0,22298,75.20,46,2430
2026-07-30T04:09:05Z,0,99,31736,361.68,66,2797
2026-07-30T04:09:05Z,1,100,31856,441.72,70,2625
2026-07-30T04:09:05Z,2,0,1,14.46,35,210
2026-07-30T04:09:05Z,3,0,1,17.14,32,210
2026-07-30T04:09:05Z,4,0,29902,16.41,31,210
2026-07-30T04:09:05Z,5,0,29900,17.21,33,210
2026-07-30T04:09:05Z,6,63,18742,238.78,47,2917
2026-07-30T04:09:05Z,7,24,22298,118.74,54,2475
2026-07-30T04:09:07Z,0,84,31736,350.30,71,2782
2026-07-30T04:09:07Z,1,100,31856,449.79,69,2715
2026-07-30T04:09:07Z,2,0,1,13.02,35,210
2026-07-30T04:09:07Z,3,0,1,19.38,32,210
2026-07-30T04:09:07Z,4,0,29902,18.30,31,210
2026-07-30T04:09:07Z,5,0,29900,16.75,33,210
2026-07-30T04:09:07Z,6,99,18742,416.37,52,2422
2026-07-30T04:09:07Z,7,70,22298,413.25,55,2422
2026-07-30T04:09:08Z,0,100,31736,449.68,71,2242
2026-07-30T04:09:08Z,1,99,31856,429.08,65,2887
2026-07-30T04:09:08Z,2,0,1,12.33,35,210
2026-07-30T04:09:08Z,3,0,1,16.33,32,210
2026-07-30T04:09:08Z,4,0,29902,18.33,31,210
2026-07-30T04:09:08Z,5,0,29900,15.03,33,210
2026-07-30T04:09:08Z,6,79,18742,412.03,52,2265
2026-07-30T04:09:08Z,7,100,22298,423.11,55,2295
2026-07-30T04:09:10Z,0,100,31736,386.04,73,2707
2026-07-30T04:09:10Z,1,100,31856,394.99,69,2895
2026-07-30T04:09:10Z,2,0,1,12.17,35,210
2026-07-30T04:09:10Z,3,0,1,19.19,32,210
2026-07-30T04:09:10Z,4,0,29902,17.31,31,210
2026-07-30T04:09:10Z,5,0,29900,17.51,33,210
2026-07-30T04:09:10Z,6,99,18742,339.51,54,2100
2026-07-30T04:09:10Z,7,0,22298,97.85,48,2910
2026-07-30T04:09:12Z,0,62,31736,438.56,70,2475
2026-07-30T04:09:12Z,1,100,31856,450.33,67,2422
2026-07-30T04:09:12Z,2,0,1,14.70,35,210
2026-07-30T04:09:12Z,3,0,1,19.19,32,210
2026-07-30T04:09:12Z,4,0,29902,17.73,31,210
2026-07-30T04:09:12Z,5,0,29900,15.55,33,210
2026-07-30T04:09:12Z,6,99,18742,343.00,55,2820
2026-07-30T04:09:12Z,7,99,22298,425.10,56,2070
2026-07-30T04:09:13Z,0,100,31736,450.32,70,2362
2026-07-30T04:09:13Z,1,100,31856,450.26,68,2610
2026-07-30T04:09:13Z,2,0,1,11.95,35,210
2026-07-30T04:09:13Z,3,0,1,17.79,32,210
2026-07-30T04:09:13Z,4,0,29902,15.90,31,210
2026-07-30T04:09:13Z,5,0,29900,18.04,33,202
2026-07-30T04:09:13Z,6,99,18742,323.89,53,2910
2026-07-30T04:09:13Z,7,100,22298,423.58,56,2250
2026-07-30T04:09:17Z,0,100,31736,447.77,73,2550
2026-07-30T04:09:17Z,1,100,31856,401.27,70,2835
2026-07-30T04:09:17Z,2,0,1,12.28,35,210
2026-07-30T04:09:17Z,3,0,1,17.91,32,210
2026-07-30T04:09:17Z,4,0,29902,16.39,31,210
2026-07-30T04:09:17Z,5,0,29900,17.72,33,210
2026-07-30T04:09:17Z,6,82,18742,347.06,50,2190
2026-07-30T04:09:17Z,7,5,22298,379.21,50,2617
2026-07-30T04:09:18Z,0,99,31736,450.30,72,2325
2026-07-30T04:09:18Z,1,100,31856,450.30,65,2302
2026-07-30T04:09:18Z,2,0,1,13.74,35,210
2026-07-30T04:09:18Z,3,0,1,18.37,32,210
2026-07-30T04:09:18Z,4,0,29902,18.91,31,210
2026-07-30T04:09:18Z,5,0,29900,15.43,33,210
2026-07-30T04:09:18Z,6,99,18742,313.60,53,2212
2026-07-30T04:09:18Z,7,99,22298,413.97,56,2062
2026-07-30T04:09:20Z,0,100,31736,450.23,71,2580
2026-07-30T04:09:20Z,1,100,31856,450.33,69,2542
2026-07-30T04:09:20Z,2,0,1,13.94,35,210
2026-07-30T04:09:20Z,3,0,1,17.34,32,210
2026-07-30T04:09:20Z,4,0,29902,15.45,31,210
2026-07-30T04:09:20Z,5,0,29900,16.40,33,210
2026-07-30T04:09:20Z,6,99,18742,369.38,54,2280
2026-07-30T04:09:20Z,7,1,22298,97.76,49,2910
2026-07-30T04:09:21Z,0,78,31736,371.96,73,2797
2026-07-30T04:09:21Z,1,88,31856,398.99,64,2895
2026-07-30T04:09:21Z,2,0,1,12.43,34,210
2026-07-30T04:09:21Z,3,0,1,18.88,32,210
2026-07-30T04:09:21Z,4,0,29902,18.48,31,210
2026-07-30T04:09:21Z,5,0,29900,18.02,33,210
2026-07-30T04:09:21Z,6,95,18742,378.84,55,2370
2026-07-30T04:09:21Z,7,100,22298,419.84,55,2227
2026-07-30T04:09:23Z,0,67,31736,440.91,66,2325
2026-07-30T04:09:23Z,1,100,31856,450.29,67,2580
2026-07-30T04:09:23Z,2,0,1,14.42,35,210
2026-07-30T04:09:23Z,3,0,1,16.95,32,210
2026-07-30T04:09:23Z,4,0,29902,16.33,31,210
2026-07-30T04:09:23Z,5,0,29900,15.12,33,210
2026-07-30T04:09:23Z,6,33,18742,348.94,51,2460
2026-07-30T04:09:23Z,7,100,22298,410.78,58,2482
2026-07-30T04:09:24Z,0,100,31736,450.30,72,2460
2026-07-30T04:09:24Z,1,99,31856,391.37,64,2880
2026-07-30T04:09:24Z,2,0,1,12.92,35,210
2026-07-30T04:09:24Z,3,0,1,18.34,32,210
2026-07-30T04:09:24Z,4,0,29902,16.25,31,210
2026-07-30T04:09:24Z,5,0,29900,18.05,33,210
2026-07-30T04:09:24Z,6,37,18742,339.87,49,2407
2026-07-30T04:09:24Z,7,0,22298,118.44,49,2910
2026-07-30T04:09:26Z,0,100,31736,449.80,73,2595
2026-07-30T04:09:26Z,1,100,31856,450.17,70,2617
2026-07-30T04:09:26Z,2,0,1,14.16,35,210
2026-07-30T04:09:26Z,3,0,1,18.53,32,210
2026-07-30T04:09:26Z,4,0,29902,18.13,31,210
2026-07-30T04:09:26Z,5,0,29900,15.29,33,210
2026-07-30T04:09:26Z,6,68,18742,319.54,50,2347
2026-07-30T04:09:26Z,7,99,22298,438.95,57,2722
2026-07-30T04:09:27Z,0,99,31736,354.51,67,2797
2026-07-30T04:09:27Z,1,99,31856,412.16,65,2820
2026-07-30T04:09:27Z,2,0,1,12.09,35,210
2026-07-30T04:09:27Z,3,0,1,16.98,32,210
2026-07-30T04:09:27Z,4,0,29902,16.08,31,210
2026-07-30T04:09:27Z,5,0,29900,15.59,33,210
2026-07-30T04:09:27Z,6,97,18742,351.90,53,2160
2026-07-30T04:09:27Z,7,91,22298,389.64,56,2235
2026-07-30T04:09:29Z,0,100,31736,463.78,72,2580
2026-07-30T04:09:29Z,1,100,31856,455.19,70,2610
2026-07-30T04:09:29Z,2,0,1,12.87,34,210
2026-07-30T04:09:29Z,3,0,1,19.10,32,210
2026-07-30T04:09:29Z,4,0,29902,17.93,31,210
2026-07-30T04:09:29Z,5,0,29900,16.74,33,210
2026-07-30T04:09:29Z,6,99,18742,341.62,55,2880
2026-07-30T04:09:29Z,7,0,22298,251.22,50,2910
2026-07-30T04:09:30Z,0,100,31736,449.88,73,2587
2026-07-30T04:09:30Z,1,56,31856,380.85,64,2895
2026-07-30T04:09:30Z,2,0,1,15.47,35,210
2026-07-30T04:09:30Z,3,0,1,17.48,32,210
2026-07-30T04:09:30Z,4,0,29902,17.54,31,210
2026-07-30T04:09:30Z,5,0,29900,15.19,33,210
2026-07-30T04:09:30Z,6,14,18744,355.63,52,2535
2026-07-30T04:09:30Z,7,100,22298,304.07,57,2077
2026-07-30T04:09:34Z,0,99,31736,356.28,67,2790
2026-07-30T04:09:34Z,1,100,31856,450.24,70,2670
2026-07-30T04:09:34Z,2,0,1,14.22,35,210
2026-07-30T04:09:34Z,3,0,1,16.80,32,210
2026-07-30T04:09:34Z,4,0,29902,16.40,31,210
2026-07-30T04:09:34Z,5,0,29900,15.01,33,210
2026-07-30T04:09:34Z,6,78,18744,360.49,54,2662
2026-07-30T04:09:34Z,7,0,22298,240.63,50,2910
2026-07-30T04:09:35Z,0,100,31736,451.30,71,2587
2026-07-30T04:09:35Z,1,77,31856,434.47,66,2857
2026-07-30T04:09:35Z,2,0,1,12.59,35,210
2026-07-30T04:09:35Z,3,0,1,18.58,32,210
2026-07-30T04:09:35Z,4,0,29902,16.26,31,210
2026-07-30T04:09:35Z,5,0,29900,18.38,33,210
2026-07-30T04:09:35Z,6,0,18744,263.15,49,2917
2026-07-30T04:09:35Z,7,68,22298,374.36,55,2745
2026-07-30T04:09:37Z,0,100,31736,458.03,73,2580
2026-07-30T04:09:37Z,1,100,31856,411.81,68,2647
2026-07-30T04:09:37Z,2,0,1,15.12,34,210
2026-07-30T04:09:37Z,3,0,1,18.62,32,210
2026-07-30T04:09:37Z,4,0,29902,18.39,31,210
2026-07-30T04:09:37Z,5,0,29900,14.59,33,210
2026-07-30T04:09:37Z,6,45,18744,414.70,52,2160
2026-07-30T04:09:37Z,7,100,22298,375.87,57,2107
2026-07-30T04:09:38Z,0,98,31736,360.48,65,2797
2026-07-30T04:09:38Z,1,100,31856,449.92,70,2670
2026-07-30T04:09:38Z,2,0,1,12.15,35,210
2026-07-30T04:09:38Z,3,0,1,17.03,32,210
2026-07-30T04:09:38Z,4,0,29902,17.16,31,210
2026-07-30T04:09:38Z,5,0,29900,15.90,33,210
2026-07-30T04:09:38Z,6,0,18744,281.38,50,2917
2026-07-30T04:09:38Z,7,0,22298,278.95,51,2910
2026-07-30T04:09:40Z,0,100,31736,449.63,72,2587
2026-07-30T04:09:40Z,1,100,31856,450.49,68,2302
2026-07-30T04:09:40Z,2,0,1,13.63,35,210
2026-07-30T04:09:40Z,3,0,1,19.00,32,210
2026-07-30T04:09:40Z,4,0,29902,17.64,31,210
2026-07-30T04:09:40Z,5,0,29900,16.95,33,210
2026-07-30T04:09:40Z,6,1,18744,352.16,51,2865
2026-07-30T04:09:40Z,7,99,22298,339.94,58,2055
2026-07-30T04:09:41Z,0,99,31736,387.39,67,2797
2026-07-30T04:09:41Z,1,100,31856,450.32,68,2497
2026-07-30T04:09:41Z,2,0,1,14.31,35,210
2026-07-30T04:09:41Z,3,0,1,16.92,32,210
2026-07-30T04:09:41Z,4,0,29902,17.89,31,210
2026-07-30T04:09:41Z,5,0,29900,15.36,33,210
2026-07-30T04:09:41Z,6,0,18744,372.90,51,2887
2026-07-30T04:09:41Z,7,99,22298,367.09,60,2820
2026-07-30T04:09:43Z,0,100,31736,459.76,72,2580
2026-07-30T04:09:43Z,1,100,31856,416.06,71,2857
2026-07-30T04:09:43Z,2,0,1,11.84,35,210
2026-07-30T04:09:43Z,3,0,1,19.56,32,210
2026-07-30T04:09:43Z,4,0,29902,17.46,31,210
2026-07-30T04:09:43Z,5,0,29900,17.56,33,210
2026-07-30T04:09:43Z,6,99,18744,398.95,59,2490
2026-07-30T04:09:43Z,7,55,22298,381.60,53,2227
2026-07-30T04:09:44Z,0,91,31736,390.74,68,2737
2026-07-30T04:09:44Z,1,99,31856,448.21,65,2295
2026-07-30T04:09:44Z,2,0,1,14.89,35,210
2026-07-30T04:09:44Z,3,0,1,18.38,32,210
2026-07-30T04:09:44Z,4,0,29902,18.08,31,210
2026-07-30T04:09:44Z,5,0,29900,16.08,33,210
2026-07-30T04:09:44Z,6,67,18744,386.43,52,2565
2026-07-30T04:09:44Z,7,99,22298,300.98,56,2085
2026-07-30T04:09:46Z,0,100,31736,461.16,73,2557
2026-07-30T04:09:46Z,1,90,31856,393.48,63,2895
2026-07-30T04:09:46Z,2,0,1,13.65,35,210
2026-07-30T04:09:46Z,3,0,1,17.54,32,210
2026-07-30T04:09:46Z,4,0,29902,16.08,31,210
2026-07-30T04:09:46Z,5,0,29900,18.31,33,210
2026-07-30T04:09:46Z,6,99,18744,320.88,58,2752
2026-07-30T04:09:46Z,7,100,22298,406.13,59,2242
2026-07-30T04:09:48Z,0,100,31736,449.54,73,2587
2026-07-30T04:09:48Z,1,100,31856,450.34,68,2610
2026-07-30T04:09:48Z,2,0,1,14.12,35,210
2026-07-30T04:09:48Z,3,0,1,17.04,32,210
2026-07-30T04:09:48Z,4,0,29902,18.25,31,210
2026-07-30T04:09:48Z,5,0,29900,15.77,33,210
2026-07-30T04:09:48Z,6,99,18744,412.42,57,2482
2026-07-30T04:09:48Z,7,100,22298,442.38,59,2310
2026-07-30T04:09:51Z,0,100,31736,450.32,71,2505
2026-07-30T04:09:51Z,1,100,31856,456.18,70,2587
2026-07-30T04:09:51Z,2,0,1,13.77,35,210
2026-07-30T04:09:51Z,3,0,1,18.90,32,210
2026-07-30T04:09:51Z,4,0,29902,17.66,31,210
2026-07-30T04:09:51Z,5,0,29900,16.80,33,210
2026-07-30T04:09:51Z,6,60,18744,378.60,53,2827
2026-07-30T04:09:51Z,7,0,22298,71.27,50,2430
2026-07-30T04:09:53Z,0,99,31736,385.83,68,2715
2026-07-30T04:09:53Z,1,100,31856,449.59,70,2602
2026-07-30T04:09:53Z,2,0,1,13.36,34,210
2026-07-30T04:09:53Z,3,0,1,17.43,32,210
2026-07-30T04:09:53Z,4,0,29902,15.88,31,210
2026-07-30T04:09:53Z,5,0,29900,17.83,33,210
2026-07-30T04:09:53Z,6,99,18744,316.58,60,2775
2026-07-30T04:09:53Z,7,0,22298,338.61,51,2910
2026-07-30T04:09:54Z,0,100,31736,456.83,73,2572
2026-07-30T04:09:54Z,1,99,31856,422.53,65,2887
2026-07-30T04:09:54Z,2,0,1,12.33,35,210
2026-07-30T04:09:54Z,3,0,1,18.86,32,210
2026-07-30T04:09:54Z,4,0,29902,17.66,31,210
2026-07-30T04:09:54Z,5,0,29900,17.67,33,210
2026-07-30T04:09:54Z,6,74,18744,402.14,54,2272
2026-07-30T04:09:54Z,7,100,22298,406.80,58,2182
2026-07-30T04:09:56Z,0,99,31736,346.78,67,2760
2026-07-30T04:09:56Z,1,99,31856,391.06,64,2887
2026-07-30T04:09:56Z,2,0,1,15.50,35,210
2026-07-30T04:09:56Z,3,0,1,17.88,32,210
2026-07-30T04:09:56Z,4,0,29902,18.23,31,210
2026-07-30T04:09:56Z,5,0,29900,16.49,33,210
2026-07-30T04:09:56Z,6,99,18744,326.50,60,2602
2026-07-30T04:09:56Z,7,0,22298,337.61,52,2887
2026-07-30T04:09:57Z,0,100,31736,464.70,73,2557
2026-07-30T04:09:57Z,1,100,31856,429.47,70,2617
2026-07-30T04:09:57Z,2,0,1,14.26,35,210
2026-07-30T04:09:57Z,3,0,1,17.74,32,210
2026-07-30T04:09:57Z,4,0,29902,16.55,31,210
2026-07-30T04:09:57Z,5,0,29900,18.74,33,210
2026-07-30T04:09:57Z,6,66,18744,405.58,58,2550
2026-07-30T04:09:57Z,7,0,22298,342.59,52,2865
2026-07-30T04:09:59Z,0,100,31736,450.00,72,2580
2026-07-30T04:09:59Z,1,100,31856,450.05,69,2640
2026-07-30T04:09:59Z,2,0,1,15.46,35,210
2026-07-30T04:09:59Z,3,0,1,18.47,32,210
2026-07-30T04:09:59Z,4,0,29902,18.10,31,210
2026-07-30T04:09:59Z,5,0,29900,14.45,33,210
2026-07-30T04:09:59Z,6,99,18744,318.71,60,2662
2026-07-30T04:09:59Z,7,100,22298,437.64,59,2265
2026-07-30T04:10:00Z,0,99,31736,389.81,67,2737
2026-07-30T04:10:00Z,1,100,31856,449.87,70,2527
2026-07-30T04:10:00Z,2,0,1,15.00,35,210
2026-07-30T04:10:00Z,3,0,1,16.37,32,210
2026-07-30T04:10:00Z,4,0,29902,15.52,31,210
2026-07-30T04:10:00Z,5,0,29900,15.51,33,210
2026-07-30T04:10:00Z,6,99,18744,394.17,61,2055
2026-07-30T04:10:00Z,7,0,22298,266.51,52,2910
2026-07-30T04:10:02Z,0,100,31736,453.71,73,2580
2026-07-30T04:10:02Z,1,99,31856,448.46,69,2302
2026-07-30T04:10:02Z,2,0,1,12.63,35,210
2026-07-30T04:10:02Z,3,0,1,19.06,32,210
2026-07-30T04:10:02Z,4,0,29902,17.62,31,210
2026-07-30T04:10:02Z,5,0,29900,16.82,33,210
2026-07-30T04:10:02Z,6,0,18744,337.05,53,2902
2026-07-30T04:10:02Z,7,39,22298,368.95,53,2385
2026-07-30T04:10:03Z,0,100,31736,459.57,74,2572
2026-07-30T04:10:03Z,1,99,31856,380.92,64,2887
2026-07-30T04:10:03Z,2,0,1,14.37,35,210
2026-07-30T04:10:03Z,3,0,1,16.81,32,210
2026-07-30T04:10:03Z,4,0,29902,17.82,31,210
2026-07-30T04:10:03Z,5,0,29900,15.13,33,210
2026-07-30T04:10:03Z,6,0,18744,98.78,52,2917
2026-07-30T04:10:03Z,7,99,22298,423.95,59,2782
2026-07-30T04:10:05Z,0,99,31736,375.21,67,2782
2026-07-30T04:10:05Z,1,100,31856,450.52,69,2542
2026-07-30T04:10:05Z,2,0,1,12.79,35,210
2026-07-30T04:10:05Z,3,0,1,18.68,32,210
2026-07-30T04:10:05Z,4,0,29902,16.62,31,210
2026-07-30T04:10:05Z,5,0,29900,17.76,33,210
2026-07-30T04:10:05Z,6,99,18744,396.60,57,2235
2026-07-30T04:10:05Z,7,0,22298,359.82,53,2610
2026-07-30T04:10:08Z,0,100,31736,449.95,72,2572
2026-07-30T04:10:08Z,1,100,31856,419.80,70,2835
2026-07-30T04:10:08Z,2,0,1,12.49,35,210
2026-07-30T04:10:08Z,3,0,1,18.27,32,210
2026-07-30T04:10:08Z,4,0,29902,15.99,31,210
2026-07-30T04:10:08Z,5,0,29900,17.91,33,210
2026-07-30T04:10:08Z,6,99,18744,394.33,60,2827
2026-07-30T04:10:08Z,7,99,22298,409.60,60,2265
2026-07-30T04:10:10Z,0,99,31736,395.77,67,2760
2026-07-30T04:10:10Z,1,100,32064,448.65,65,2355
2026-07-30T04:10:10Z,2,0,1,15.36,35,210
2026-07-30T04:10:10Z,3,0,1,18.50,32,210
2026-07-30T04:10:10Z,4,0,29902,18.10,31,210
2026-07-30T04:10:10Z,5,0,29900,15.48,33,210
2026-07-30T04:10:10Z,6,0,18744,244.83,53,2902
2026-07-30T04:10:10Z,7,0,22298,368.70,53,2790
2026-07-30T04:10:11Z,0,100,31736,449.25,72,2580
2026-07-30T04:10:11Z,1,100,32070,456.71,69,2602
2026-07-30T04:10:11Z,2,0,1,12.22,35,210
2026-07-30T04:10:11Z,3,0,1,17.02,32,210
2026-07-30T04:10:11Z,4,0,29902,17.28,31,210
2026-07-30T04:10:11Z,5,0,29900,16.52,33,210
2026-07-30T04:10:11Z,6,76,18744,377.82,55,2482
2026-07-30T04:10:11Z,7,99,22298,358.39,59,2025
2026-07-30T04:10:13Z,0,100,31736,450.18,72,2587
2026-07-30T04:10:13Z,1,100,32070,449.72,70,2610
2026-07-30T04:10:13Z,2,0,1,13.06,35,210
2026-07-30T04:10:13Z,3,0,1,19.19,32,210
2026-07-30T04:10:13Z,4,0,29902,18.56,31,210
2026-07-30T04:10:13Z,5,0,29900,15.66,33,210
2026-07-30T04:10:13Z,6,0,18744,293.33,53,2850
2026-07-30T04:10:13Z,7,99,22298,435.12,60,2655
2026-07-30T04:10:15Z,0,99,31736,421.14,68,2797
2026-07-30T04:10:15Z,1,100,32070,450.18,69,2610
2026-07-30T04:10:15Z,2,0,1,14.63,35,210
2026-07-30T04:10:15Z,3,0,1,16.59,32,210
2026-07-30T04:10:15Z,4,0,29902,17.89,31,210
2026-07-30T04:10:15Z,5,0,29900,14.94,33,210
2026-07-30T04:10:15Z,6,99,18744,439.16,60,2115
2026-07-30T04:10:15Z,7,99,22298,364.67,59,2092
2026-07-30T04:10:16Z,0,91,31736,374.05,67,2797
2026-07-30T04:10:16Z,1,99,32070,440.81,65,2737
2026-07-30T04:10:16Z,2,0,1,12.81,35,210
2026-07-30T04:10:16Z,3,0,1,19.83,32,210
2026-07-30T04:10:16Z,4,0,29902,17.05,31,210
2026-07-30T04:10:16Z,5,0,29900,17.53,33,210
2026-07-30T04:10:16Z,6,0,18744,356.60,55,2700
2026-07-30T04:10:16Z,7,99,22298,236.37,60,2302
2026-07-30T04:10:18Z,0,100,31736,450.58,71,2415
2026-07-30T04:10:18Z,1,100,32070,464.26,70,2602
2026-07-30T04:10:18Z,2,0,1,15.09,35,210
2026-07-30T04:10:18Z,3,0,1,17.45,32,210
2026-07-30T04:10:18Z,4,0,29902,17.77,31,210
2026-07-30T04:10:18Z,5,0,29900,15.23,33,210
2026-07-30T04:10:18Z,6,99,18744,354.32,63,2767
2026-07-30T04:10:18Z,7,99,22298,308.81,59,2115
2026-07-30T04:10:19Z,0,100,31736,451.98,73,2580
2026-07-30T04:10:19Z,1,99,32070,431.01,65,2895
2026-07-30T04:10:19Z,2,0,1,13.92,35,210
2026-07-30T04:10:19Z,3,0,1,18.50,32,210
2026-07-30T04:10:19Z,4,0,29902,16.04,31,210
2026-07-30T04:10:19Z,5,0,29900,16.74,33,210
2026-07-30T04:10:19Z,6,100,18744,416.56,61,2287
2026-07-30T04:10:19Z,7,99,22298,385.02,60,2295
2026-07-30T04:10:21Z,0,100,31736,449.46,74,2580
2026-07-30T04:10:21Z,1,100,32070,456.37,70,2610
2026-07-30T04:10:21Z,2,0,1,13.87,35,210
2026-07-30T04:10:21Z,3,0,1,19.42,32,210
2026-07-30T04:10:21Z,4,0,29902,18.25,31,210
2026-07-30T04:10:21Z,5,0,29900,17.55,33,210
2026-07-30T04:10:21Z,6,99,18744,212.36,61,2242
2026-07-30T04:10:21Z,7,99,22298,164.64,60,2662
2026-07-30T04:10:22Z,0,98,31736,362.56,67,2797
2026-07-30T04:10:22Z,1,100,32082,449.79,69,2617
2026-07-30T04:10:22Z,2,0,1,14.42,35,210
2026-07-30T04:10:22Z,3,0,1,16.67,32,210
2026-07-30T04:10:22Z,4,0,29902,15.52,31,210
2026-07-30T04:10:22Z,5,0,29900,15.38,33,210
2026-07-30T04:10:22Z,6,34,18744,371.58,62,2617
2026-07-30T04:10:22Z,7,100,22298,314.26,60,2010
2026-07-30T04:10:26Z,0,100,31736,451.14,74,2572
2026-07-30T04:10:26Z,1,100,32082,450.37,68,2302
2026-07-30T04:10:26Z,2,0,1,14.43,35,210
2026-07-30T04:10:26Z,3,0,1,17.13,32,210
2026-07-30T04:10:26Z,4,0,29902,15.10,31,210
2026-07-30T04:10:26Z,5,0,29900,17.34,33,210
2026-07-30T04:10:26Z,6,0,18744,370.86,55,2880
2026-07-30T04:10:26Z,7,99,22298,327.31,58,2025
2026-07-30T04:10:27Z,0,100,31736,449.72,74,2572
2026-07-30T04:10:27Z,1,100,32082,422.99,72,2842
2026-07-30T04:10:27Z,2,0,1,12.87,35,210
2026-07-30T04:10:27Z,3,0,1,18.71,32,210
2026-07-30T04:10:27Z,4,0,29902,16.28,31,210
2026-07-30T04:10:27Z,5,0,29900,17.47,33,210
2026-07-30T04:10:27Z,6,99,18744,374.37,62,2212
2026-07-30T04:10:27Z,7,38,22298,388.72,60,2407
2026-07-30T04:10:29Z,0,99,31736,379.61,68,2767
2026-07-30T04:10:29Z,1,100,32082,449.44,68,2295
2026-07-30T04:10:29Z,2,0,1,15.26,35,210
2026-07-30T04:10:29Z,3,0,1,17.83,32,210
2026-07-30T04:10:29Z,4,0,29902,16.64,31,210
2026-07-30T04:10:29Z,5,0,29900,15.55,33,210
2026-07-30T04:10:29Z,6,0,18744,376.10,55,2857
2026-07-30T04:10:29Z,7,99,22298,391.09,60,2122
2026-07-30T04:10:30Z,0,99,31736,377.79,69,2775
2026-07-30T04:10:30Z,1,99,32082,423.41,65,2895
2026-07-30T04:10:30Z,2,0,1,14.24,35,210
2026-07-30T04:10:30Z,3,0,1,18.98,32,210
2026-07-30T04:10:30Z,4,0,29902,16.18,31,210
2026-07-30T04:10:30Z,5,0,29900,16.82,33,210
2026-07-30T04:10:30Z,6,99,18744,409.89,62,2280
2026-07-30T04:10:30Z,7,100,22298,244.28,60,2055
2026-07-30T04:10:32Z,0,100,31736,401.41,74,2730
2026-07-30T04:10:32Z,1,100,32082,450.08,70,2610
2026-07-30T04:10:32Z,2,0,1,15.46,35,210
2026-07-30T04:10:32Z,3,0,1,19.18,32,210
2026-07-30T04:10:32Z,4,0,29902,18.38,31,210
2026-07-30T04:10:32Z,5,0,29900,15.34,33,210
2026-07-30T04:10:32Z,6,29,18744,401.67,58,2332
2026-07-30T04:10:32Z,7,99,22298,407.41,61,2715
2026-07-30T04:10:33Z,0,93,31736,442.97,72,2512
2026-07-30T04:10:33Z,1,100,32082,449.74,70,2595
2026-07-30T04:10:33Z,2,0,1,15.06,35,210
2026-07-30T04:10:33Z,3,0,1,16.83,32,210
2026-07-30T04:10:33Z,4,0,29902,17.20,31,210
2026-07-30T04:10:33Z,5,0,29900,16.28,33,210
2026-07-30T04:10:33Z,6,0,18744,236.94,55,2902
2026-07-30T04:10:33Z,7,52,22298,375.84,57,2482
2026-07-30T04:10:35Z,0,100,31736,455.03,74,2572
2026-07-30T04:10:35Z,1,100,32082,449.89,70,2602
2026-07-30T04:10:35Z,2,0,1,13.51,35,210
2026-07-30T04:10:35Z,3,0,1,18.85,32,210
2026-07-30T04:10:35Z,4,0,29902,18.25,31,210
2026-07-30T04:10:35Z,5,0,29900,16.60,33,210
2026-07-30T04:10:35Z,6,0,18744,94.90,53,2467
2026-07-30T04:10:35Z,7,0,22298,268.71,54,2902
2026-07-30T04:10:36Z,0,100,31736,450.21,73,2580
2026-07-30T04:10:36Z,1,99,32082,429.97,65,2895
2026-07-30T04:10:36Z,2,0,1,16.04,35,210
2026-07-30T04:10:36Z,3,0,1,17.71,32,210
2026-07-30T04:10:36Z,4,0,29902,17.73,31,210
2026-07-30T04:10:36Z,5,0,29900,14.58,33,210
2026-07-30T04:10:36Z,6,0,18744,78.21,53,2475
2026-07-30T04:10:36Z,7,0,22298,95.64,52,2460
2026-07-30T04:10:38Z,0,99,31736,420.95,68,2797
2026-07-30T04:10:38Z,1,100,32082,461.30,70,2595
2026-07-30T04:10:38Z,2,0,1,12.32,35,210
2026-07-30T04:10:38Z,3,0,1,19.70,32,210
2026-07-30T04:10:38Z,4,0,29902,16.12,31,210
2026-07-30T04:10:38Z,5,0,29900,17.15,33,210
2026-07-30T04:10:38Z,6,1,18744,80.40,53,2467
2026-07-30T04:10:38Z,7,1,22298,74.42,52,2475
2026-07-30T04:10:39Z,0,100,31736,458.32,74,2595
2026-07-30T04:10:39Z,1,100,32082,449.64,70,2610
2026-07-30T04:10:39Z,2,0,1,14.91,35,210
2026-07-30T04:10:39Z,3,0,1,18.89,32,210
2026-07-30T04:10:39Z,4,0,29902,18.68,31,210
2026-07-30T04:10:39Z,5,0,29900,15.58,33,210
2026-07-30T04:10:39Z,6,0,18744,79.27,52,2475
2026-07-30T04:10:39Z,7,0,22298,77.07,51,2475
2026-07-30T04:10:43Z,0,100,31736,449.83,74,2587
2026-07-30T04:10:43Z,1,100,32082,445.37,70,2692
2026-07-30T04:10:43Z,2,0,1,15.48,35,210
2026-07-30T04:10:43Z,3,0,1,18.28,32,210
2026-07-30T04:10:43Z,4,0,29902,17.97,31,210
2026-07-30T04:10:43Z,5,0,29900,13.74,33,210
2026-07-30T04:10:43Z,6,0,18744,79.19,52,2490
2026-07-30T04:10:43Z,7,0,22298,75.71,51,2475
2026-07-30T04:10:44Z,0,99,31736,378.55,68,2797
2026-07-30T04:10:44Z,1,99,32082,442.28,66,2640
2026-07-30T04:10:44Z,2,0,1,15.21,35,210
2026-07-30T04:10:44Z,3,0,1,16.42,32,210
2026-07-30T04:10:44Z,4,0,29902,15.55,31,210
2026-07-30T04:10:44Z,5,0,29900,14.95,33,210
2026-07-30T04:10:44Z,6,1,18744,78.75,52,2505
2026-07-30T04:10:44Z,7,0,22298,73.57,51,2490
2026-07-30T04:10:46Z,0,100,31736,450.49,72,2467
2026-07-30T04:10:46Z,1,99,32082,410.30,65,2895
2026-07-30T04:10:46Z,2,0,1,13.06,35,210
2026-07-30T04:10:46Z,3,0,1,19.41,32,210
2026-07-30T04:10:46Z,4,0,29902,17.78,31,210
2026-07-30T04:10:46Z,5,0,29900,15.47,33,210
2026-07-30T04:10:46Z,6,0,18744,80.29,52,2475
2026-07-30T04:10:46Z,7,0,22298,74.16,50,2482
2026-07-30T04:10:47Z,0,100,31736,452.25,74,2572
2026-07-30T04:10:47Z,1,100,32082,449.04,69,2670
2026-07-30T04:10:47Z,2,0,1,15.95,35,210
2026-07-30T04:10:47Z,3,0,1,16.58,32,210
2026-07-30T04:10:47Z,4,0,29902,18.07,31,210
2026-07-30T04:10:47Z,5,0,29900,14.99,33,210
2026-07-30T04:10:47Z,6,1,18744,77.29,52,2482
2026-07-30T04:10:47Z,7,0,22298,74.49,50,2467
2026-07-30T04:10:49Z,0,99,31736,385.10,68,2797
2026-07-30T04:10:49Z,1,79,32082,445.27,69,2722
2026-07-30T04:10:49Z,2,0,1,12.34,35,210
2026-07-30T04:10:49Z,3,0,1,20.21,32,210
2026-07-30T04:10:49Z,4,0,29902,17.48,31,210
2026-07-30T04:10:49Z,5,0,29900,17.22,33,210
2026-07-30T04:10:49Z,6,0,18744,78.31,51,2467
2026-07-30T04:10:49Z,7,0,22298,71.88,50,2467
2026-07-30T04:10:50Z,0,100,31736,454.54,74,2587
2026-07-30T04:10:50Z,1,99,32082,419.77,65,2895
2026-07-30T04:10:50Z,2,0,1,15.02,35,210
2026-07-30T04:10:50Z,3,0,1,19.27,32,210
2026-07-30T04:10:50Z,4,0,29902,18.21,31,210
2026-07-30T04:10:50Z,5,0,29900,15.79,33,210
2026-07-30T04:10:50Z,6,0,18744,77.91,51,2482
2026-07-30T04:10:50Z,7,0,22298,74.31,50,2475
2026-07-30T04:10:52Z,0,100,31736,456.72,74,2565
2026-07-30T04:10:52Z,1,100,32082,452.88,69,2610
2026-07-30T04:10:52Z,2,0,1,12.56,35,210
2026-07-30T04:10:52Z,3,0,1,17.15,32,210
2026-07-30T04:10:52Z,4,0,29902,15.02,31,210
2026-07-30T04:10:52Z,5,0,29900,16.28,33,210
2026-07-30T04:10:52Z,6,0,18744,77.42,51,2467
2026-07-30T04:10:52Z,7,0,22298,72.10,49,2467
2026-07-30T04:10:53Z,0,99,31736,390.46,68,2737
2026-07-30T04:10:53Z,1,100,32082,451.88,71,2610
2026-07-30T04:10:53Z,2,0,1,12.88,35,210
2026-07-30T04:10:53Z,3,0,1,19.69,32,210
2026-07-30T04:10:53Z,4,0,29902,16.34,31,210
2026-07-30T04:10:53Z,5,0,29900,16.00,33,210
2026-07-30T04:10:53Z,6,1,18744,78.37,51,2467
2026-07-30T04:10:53Z,7,0,22298,72.76,49,2467
2026-07-30T04:10:55Z,0,100,31736,457.94,74,2572
2026-07-30T04:10:55Z,1,99,32082,422.13,65,2895
2026-07-30T04:10:55Z,2,0,1,15.48,35,210
2026-07-30T04:10:55Z,3,0,1,16.86,32,210
2026-07-30T04:10:55Z,4,0,29902,17.06,31,210
2026-07-30T04:10:55Z,5,0,29900,14.94,33,210
2026-07-30T04:10:55Z,6,1,18744,75.41,51,2475
2026-07-30T04:10:55Z,7,0,22298,72.95,49,2460
2026-07-30T04:10:56Z,0,99,31736,384.02,68,2752
2026-07-30T04:10:56Z,1,100,32082,440.76,70,2617
2026-07-30T04:10:56Z,2,0,1,12.94,35,210
2026-07-30T04:10:56Z,3,0,1,19.34,32,210
2026-07-30T04:10:56Z,4,0,29902,16.06,31,210
2026-07-30T04:10:56Z,5,0,29900,17.57,33,202
2026-07-30T04:10:56Z,6,0,18744,78.68,51,2475
2026-07-30T04:10:56Z,7,0,22298,70.78,49,2467
2026-07-30T04:11:00Z,0,100,31736,465.11,74,2572
2026-07-30T04:11:00Z,1,99,32082,411.82,66,2887
2026-07-30T04:11:00Z,2,0,1,12.01,35,210
2026-07-30T04:11:00Z,3,0,1,19.58,32,210
2026-07-30T04:11:00Z,4,0,29902,15.93,31,210
2026-07-30T04:11:00Z,5,0,29900,16.79,33,210
2026-07-30T04:11:00Z,6,0,18744,76.11,50,2430
2026-07-30T04:11:00Z,7,0,22298,70.26,48,2460
2026-07-30T04:11:01Z,0,100,31736,450.20,74,2572
2026-07-30T04:11:01Z,1,99,32082,401.56,65,2895
2026-07-30T04:11:01Z,2,0,1,14.84,35,210
2026-07-30T04:11:01Z,3,0,1,19.12,32,210
2026-07-30T04:11:01Z,4,0,29902,18.64,31,210
2026-07-30T04:11:01Z,5,0,29900,14.27,33,210
2026-07-30T04:11:01Z,6,0,18744,74.01,50,2430
2026-07-30T04:11:01Z,7,1,22298,73.06,48,2460
2026-07-30T04:11:03Z,0,66,31736,413.16,70,2737
2026-07-30T04:11:03Z,1,100,32082,463.78,70,2602
2026-07-30T04:11:03Z,2,0,1,13.90,35,210
2026-07-30T04:11:03Z,3,0,1,17.81,32,210
2026-07-30T04:11:03Z,4,0,29902,15.73,31,210
2026-07-30T04:11:03Z,5,0,29900,16.25,33,210
2026-07-30T04:11:03Z,6,0,18744,74.74,50,2430
2026-07-30T04:11:03Z,7,0,22298,70.35,48,2460
2026-07-30T04:11:04Z,0,99,31736,382.16,68,2782
2026-07-30T04:11:04Z,1,77,32082,420.60,65,2857
2026-07-30T04:11:04Z,2,0,1,12.47,35,210
2026-07-30T04:11:04Z,3,0,1,19.05,32,210
2026-07-30T04:11:04Z,4,0,29902,18.08,31,210
2026-07-30T04:11:04Z,5,0,29900,16.72,33,210
2026-07-30T04:11:04Z,6,0,18744,74.63,50,2430
2026-07-30T04:11:04Z,7,0,22298,71.21,48,2460
2026-07-30T04:11:06Z,0,100,31776,415.69,73,2572
2026-07-30T04:11:06Z,1,99,32082,413.49,65,2880
2026-07-30T04:11:06Z,2,0,1,14.84,35,210
2026-07-30T04:11:06Z,3,0,1,17.08,32,210
2026-07-30T04:11:06Z,4,0,29902,17.34,31,210
2026-07-30T04:11:06Z,5,0,29900,16.12,33,210
2026-07-30T04:11:06Z,6,0,1,74.26,50,2430
2026-07-30T04:11:06Z,7,0,22298,71.50,48,2467
2026-07-30T04:11:07Z,0,99,31776,429.83,68,2430
2026-07-30T04:11:07Z,1,100,32082,451.19,71,2617
2026-07-30T04:11:07Z,2,0,1,12.23,35,210
2026-07-30T04:11:07Z,3,0,1,17.78,32,210
2026-07-30T04:11:07Z,4,0,29902,15.93,31,210
2026-07-30T04:11:07Z,5,0,29900,16.91,33,210
2026-07-30T04:11:07Z,6,0,1,64.40,49,1417
2026-07-30T04:11:07Z,7,0,22298,69.91,48,2460
2026-07-30T04:11:09Z,0,100,31776,444.49,73,2565
2026-07-30T04:11:09Z,1,99,32082,393.64,66,2805
2026-07-30T04:11:09Z,2,0,1,15.23,35,210
2026-07-30T04:11:09Z,3,0,1,18.09,32,210
2026-07-30T04:11:09Z,4,0,29902,18.13,31,210
2026-07-30T04:11:09Z,5,0,29900,14.34,33,210
2026-07-30T04:11:09Z,6,0,4,38.40,49,300
2026-07-30T04:11:09Z,7,0,22298,72.32,47,2460
2026-07-30T04:11:10Z,0,99,31776,410.41,72,2760
2026-07-30T04:11:10Z,1,100,32082,454.62,69,2587
2026-07-30T04:11:10Z,2,0,1,14.71,35,210
2026-07-30T04:11:10Z,3,0,1,17.33,32,210
2026-07-30T04:11:10Z,4,0,29902,15.52,31,210
2026-07-30T04:11:10Z,5,0,29900,15.54,33,210
2026-07-30T04:11:10Z,6,0,4,17.38,48,210
2026-07-30T04:11:10Z,7,0,22298,69.47,47,2467
2026-07-30T04:11:12Z,0,99,31776,373.58,68,2707
2026-07-30T04:11:12Z,1,79,32082,394.94,65,2895
2026-07-30T04:11:12Z,2,0,1,14.16,35,210
2026-07-30T04:11:12Z,3,0,1,19.15,32,210
2026-07-30T04:11:12Z,4,0,29902,18.05,31,210
2026-07-30T04:11:12Z,5,0,29900,15.71,33,210
2026-07-30T04:11:12Z,6,0,4,16.12,48,210
2026-07-30T04:11:12Z,7,0,22298,71.36,47,2460
2026-07-30T04:11:13Z,0,100,31776,464.21,74,2557
2026-07-30T04:11:13Z,1,100,32082,450.32,69,2610
2026-07-30T04:11:13Z,2,0,1,14.07,35,210
2026-07-30T04:11:13Z,3,0,1,16.27,32,210
2026-07-30T04:11:13Z,4,0,29902,16.55,31,210
2026-07-30T04:11:13Z,5,0,29900,15.20,33,210
2026-07-30T04:11:13Z,6,0,4,15.28,48,210
2026-07-30T04:11:13Z,7,0,22298,70.56,47,2460
2026-07-30T04:11:17Z,0,66,31776,438.28,74,2272
2026-07-30T04:11:17Z,1,100,32082,450.26,69,2475
2026-07-30T04:11:17Z,2,0,1,14.71,35,210
2026-07-30T04:11:17Z,3,0,1,16.74,32,210
2026-07-30T04:11:17Z,4,0,29902,14.99,31,210
2026-07-30T04:11:17Z,5,0,29900,15.89,33,210
2026-07-30T04:11:17Z,6,0,1184,81.55,49,2430
2026-07-30T04:11:17Z,7,0,22298,69.81,46,2430
2026-07-30T04:11:18Z,0,100,31776,450.59,72,2272
2026-07-30T04:11:18Z,1,99,32082,412.52,66,2805
2026-07-30T04:11:18Z,2,0,1,13.10,35,210
2026-07-30T04:11:18Z,3,0,1,19.14,32,210
2026-07-30T04:11:18Z,4,0,29902,15.70,31,210
2026-07-30T04:11:18Z,5,0,29900,17.95,33,210
2026-07-30T04:11:18Z,6,0,1184,73.73,48,2430
2026-07-30T04:11:18Z,7,0,22298,67.98,46,2430
2026-07-30T04:11:20Z,0,100,31776,450.28,74,2572
2026-07-30T04:11:20Z,1,100,32082,453.25,70,2602
2026-07-30T04:11:20Z,2,0,1,14.22,35,210
2026-07-30T04:11:20Z,3,0,1,16.79,32,210
2026-07-30T04:11:20Z,4,0,29902,17.35,31,210
2026-07-30T04:11:20Z,5,0,29900,14.93,33,210
2026-07-30T04:11:20Z,6,0,1184,72.25,48,2430
2026-07-30T04:11:20Z,7,0,22298,70.20,46,2430
2026-07-30T04:11:22Z,0,100,31776,450.00,74,2580
2026-07-30T04:11:22Z,1,100,32094,450.19,70,2625
2026-07-30T04:11:22Z,2,0,1,12.85,35,202
2026-07-30T04:11:22Z,3,0,1,18.60,32,210
2026-07-30T04:11:22Z,4,0,29902,16.79,31,210
2026-07-30T04:11:22Z,5,0,29900,17.03,33,210
2026-07-30T04:11:22Z,6,0,1184,73.85,48,2430
2026-07-30T04:11:22Z,7,0,22298,67.29,46,2430
2026-07-30T04:11:23Z,0,100,31776,382.83,74,2722
2026-07-30T04:11:23Z,1,100,32094,449.84,70,2625
2026-07-30T04:11:23Z,2,0,1,13.31,35,210
2026-07-30T04:11:23Z,3,0,1,18.89,32,210
2026-07-30T04:11:23Z,4,0,29902,17.77,31,210
2026-07-30T04:11:23Z,5,0,29900,14.83,33,210
2026-07-30T04:11:23Z,6,0,1184,72.30,48,2430
2026-07-30T04:11:23Z,7,0,1,72.67,46,2430
2026-07-30T04:11:25Z,0,100,31776,429.33,74,2640
2026-07-30T04:11:25Z,1,95,32094,443.19,66,2430
2026-07-30T04:11:25Z,2,0,1,13.90,35,210
2026-07-30T04:11:25Z,3,0,1,17.38,32,210
2026-07-30T04:11:25Z,4,0,29902,16.24,31,210
2026-07-30T04:11:25Z,5,0,29900,16.61,33,210
2026-07-30T04:11:25Z,6,0,1184,72.01,48,2430
2026-07-30T04:11:25Z,7,0,1,54.00,45,900
2026-07-30T04:11:26Z,0,99,31776,414.32,68,2730
2026-07-30T04:11:26Z,1,100,32094,446.86,70,2617
2026-07-30T04:11:26Z,2,0,1,13.16,35,210
2026-07-30T04:11:26Z,3,0,1,19.99,32,210
2026-07-30T04:11:26Z,4,0,29902,16.75,31,210
2026-07-30T04:11:26Z,5,0,29900,16.55,33,210
2026-07-30T04:11:26Z,6,0,1184,73.70,48,2430
2026-07-30T04:11:26Z,7,0,4,36.84,45,397
2026-07-30T04:11:28Z,0,100,31776,429.40,74,2692
2026-07-30T04:11:28Z,1,100,32094,449.78,70,2625
2026-07-30T04:11:28Z,2,0,1,14.20,35,202
2026-07-30T04:11:28Z,3,0,1,16.70,32,210
2026-07-30T04:11:28Z,4,0,29902,17.40,31,210
2026-07-30T04:11:28Z,5,0,29900,16.06,33,210
2026-07-30T04:11:28Z,6,0,1184,70.71,48,2430
2026-07-30T04:11:28Z,7,0,4,26.45,45,232
2026-07-30T04:11:29Z,0,100,31776,449.47,74,2602
2026-07-30T04:11:29Z,1,99,32094,443.63,66,2610
2026-07-30T04:11:29Z,2,0,1,13.46,35,210
2026-07-30T04:11:29Z,3,0,1,18.62,32,210
2026-07-30T04:11:29Z,4,0,29902,15.60,31,210
2026-07-30T04:11:29Z,5,0,29900,16.72,33,210
2026-07-30T04:11:29Z,6,0,1184,74.36,48,2430
2026-07-30T04:11:29Z,7,0,4,13.24,44,210
2026-07-30T04:11:31Z,0,100,31776,450.20,74,2512
2026-07-30T04:11:31Z,1,76,32094,407.16,65,2872
2026-07-30T04:11:31Z,2,0,1,14.96,35,210
2026-07-30T04:11:31Z,3,0,1,16.89,32,210
2026-07-30T04:11:31Z,4,0,29902,18.26,31,210
2026-07-30T04:11:31Z,5,0,29900,14.32,33,210
2026-07-30T04:11:31Z,6,0,1184,71.64,48,2430
2026-07-30T04:11:31Z,7,0,4,14.65,44,210
2026-07-30T04:11:34Z,0,99,31776,356.09,68,2797
2026-07-30T04:11:34Z,1,100,32094,449.88,71,2602
2026-07-30T04:11:34Z,2,0,1,15.53,35,210
2026-07-30T04:11:34Z,3,0,1,18.93,32,210
2026-07-30T04:11:34Z,4,0,29902,18.95,31,210
2026-07-30T04:11:34Z,5,0,29900,15.44,33,210
2026-07-30T04:11:34Z,6,0,1184,31.31,47,345
2026-07-30T04:11:34Z,7,5,1144,43.34,45,2707
2026-07-30T04:11:36Z,0,100,31776,450.65,72,2557
2026-07-30T04:11:36Z,1,100,32094,450.10,69,2595
2026-07-30T04:11:36Z,2,0,1,14.15,35,210
2026-07-30T04:11:36Z,3,0,1,17.31,32,210
2026-07-30T04:11:36Z,4,0,29902,14.95,31,210
2026-07-30T04:11:36Z,5,0,29900,16.07,33,210
2026-07-30T04:11:36Z,6,0,1184,14.69,47,210
2026-07-30T04:11:36Z,7,0,1184,66.27,44,2430
2026-07-30T04:11:37Z,0,99,31776,344.87,68,2797
2026-07-30T04:11:37Z,1,92,32094,387.40,65,2887
2026-07-30T04:11:37Z,2,0,1,15.54,35,210
2026-07-30T04:11:37Z,3,0,1,18.92,32,210
2026-07-30T04:11:37Z,4,0,29902,16.59,31,210
2026-07-30T04:11:37Z,5,0,29900,16.43,33,210
2026-07-30T04:11:37Z,6,0,1184,16.03,46,210
2026-07-30T04:11:37Z,7,0,1184,67.14,44,2430
2026-07-30T04:11:39Z,0,100,31776,450.82,72,2580
2026-07-30T04:11:39Z,1,100,32094,450.53,69,2460
2026-07-30T04:11:39Z,2,0,1,15.18,35,210
2026-07-30T04:11:39Z,3,0,1,16.99,32,210
2026-07-30T04:11:39Z,4,0,29902,17.01,31,210
2026-07-30T04:11:39Z,5,0,29900,15.21,33,210
2026-07-30T04:11:39Z,6,0,1184,14.04,46,210
2026-07-30T04:11:39Z,7,0,1184,67.08,44,2430
2026-07-30T04:11:40Z,0,99,31776,392.89,68,2775
2026-07-30T04:11:40Z,1,100,32094,450.11,70,2602
2026-07-30T04:11:40Z,2,0,1,13.68,35,210
2026-07-30T04:11:40Z,3,0,1,17.48,32,210
2026-07-30T04:11:40Z,4,0,29902,15.57,31,210
2026-07-30T04:11:40Z,5,0,29900,17.85,33,210
2026-07-30T04:11:40Z,6,0,1184,14.84,46,210
2026-07-30T04:11:40Z,7,0,1184,66.03,44,2430
2026-07-30T04:11:42Z,0,100,31776,417.86,74,2745
2026-07-30T04:11:42Z,1,99,32094,418.68,66,2895
2026-07-30T04:11:42Z,2,0,1,14.69,35,210
2026-07-30T04:11:42Z,3,0,1,16.84,32,210
2026-07-30T04:11:42Z,4,0,29902,17.92,31,202
2026-07-30T04:11:42Z,5,0,29900,15.15,33,210
2026-07-30T04:11:42Z,6,0,1184,15.67,46,210
2026-07-30T04:11:42Z,7,0,1184,67.98,44,2430
2026-07-30T04:11:44Z,0,99,31776,430.23,68,2797
2026-07-30T04:11:44Z,1,100,32094,455.06,70,2602
2026-07-30T04:11:44Z,2,0,1,13.18,35,210
2026-07-30T04:11:44Z,3,0,1,18.45,32,210
2026-07-30T04:11:44Z,4,0,29902,16.09,31,210
2026-07-30T04:11:44Z,5,0,29900,17.04,33,210
2026-07-30T04:11:44Z,6,0,1184,14.35,46,210
2026-07-30T04:11:44Z,7,0,1184,64.71,44,2430
2026-07-30T04:11:45Z,0,100,31776,422.16,74,2692
2026-07-30T04:11:45Z,1,100,32094,450.04,71,2602
2026-07-30T04:11:45Z,2,0,1,13.39,35,210
2026-07-30T04:11:45Z,3,0,1,18.31,32,210
2026-07-30T04:11:45Z,4,0,29902,18.72,31,210
2026-07-30T04:11:45Z,5,0,29900,14.56,33,210
2026-07-30T04:11:45Z,6,0,1184,16.55,46,210
2026-07-30T04:11:45Z,7,0,1184,67.38,44,2430
2026-07-30T04:11:47Z,0,100,31776,448.76,75,2632
2026-07-30T04:11:47Z,1,99,32094,409.79,66,2895
2026-07-30T04:11:47Z,2,0,1,12.64,35,210
2026-07-30T04:11:47Z,3,0,1,17.23,32,210
2026-07-30T04:11:47Z,4,0,29902,16.18,31,210
2026-07-30T04:11:47Z,5,0,29900,17.61,33,210
2026-07-30T04:11:47Z,6,0,1184,13.46,46,210
2026-07-30T04:11:47Z,7,0,1184,65.50,44,2430
2026-07-30T04:11:48Z,0,100,31776,450.37,74,2287
2026-07-30T04:11:48Z,1,100,32094,460.61,71,2617
2026-07-30T04:11:48Z,2,0,1,12.94,35,210
2026-07-30T04:11:48Z,3,0,1,20.66,32,210
2026-07-30T04:11:48Z,4,0,29902,17.11,31,202
2026-07-30T04:11:48Z,5,0,29900,16.91,33,210
2026-07-30T04:11:48Z,6,0,1184,15.38,46,210
2026-07-30T04:11:48Z,7,0,1184,66.38,44,2430
2026-07-30T04:11:52Z,0,99,31776,439.28,69,2677
2026-07-30T04:11:52Z,1,100,32094,456.19,71,2610
2026-07-30T04:11:52Z,2,0,1,12.77,35,210
2026-07-30T04:11:52Z,3,0,1,19.08,32,210
2026-07-30T04:11:52Z,4,0,29902,17.23,31,210
2026-07-30T04:11:52Z,5,0,29900,15.62,33,210
2026-07-30T04:11:52Z,6,7,7110,24.52,46,907
2026-07-30T04:11:52Z,7,0,1184,38.78,43,375
2026-07-30T04:11:53Z,0,99,31776,394.03,68,2797
2026-07-30T04:11:53Z,1,99,32094,428.54,66,2887
2026-07-30T04:11:53Z,2,0,1,14.81,35,210
2026-07-30T04:11:53Z,3,0,1,17.42,32,210
2026-07-30T04:11:53Z,4,0,29902,18.10,31,210
2026-07-30T04:11:53Z,5,0,29900,15.15,33,210
2026-07-30T04:11:53Z,6,0,17358,191.60,48,2917
2026-07-30T04:11:53Z,7,0,1184,16.75,42,217
2026-07-30T04:11:55Z,0,99,31776,380.65,68,2752
2026-07-30T04:11:55Z,1,100,32094,454.00,70,2602
2026-07-30T04:11:55Z,2,0,1,11.88,35,210
2026-07-30T04:11:55Z,3,0,1,18.81,32,210
2026-07-30T04:11:55Z,4,0,29902,16.96,31,210
2026-07-30T04:11:55Z,5,0,29900,16.98,33,210
2026-07-30T04:11:55Z,6,0,17358,81.48,47,2430
2026-07-30T04:11:55Z,7,0,1184,15.22,42,210
2026-07-30T04:11:56Z,0,100,31776,457.52,74,2580
2026-07-30T04:11:56Z,1,99,32094,430.57,66,2895
2026-07-30T04:11:56Z,2,0,1,14.95,35,210
2026-07-30T04:11:56Z,3,0,1,18.17,32,210
2026-07-30T04:11:56Z,4,0,29902,17.85,31,210
2026-07-30T04:11:56Z,5,0,29900,15.74,33,210
2026-07-30T04:11:56Z,6,0,17358,71.64,47,2430
2026-07-30T04:11:56Z,7,0,1184,14.03,42,210
2026-07-30T04:11:58Z,0,100,31776,414.94,74,2760
2026-07-30T04:11:58Z,1,100,32094,455.45,71,2610
2026-07-30T04:11:58Z,2,0,1,14.25,35,210
2026-07-30T04:11:58Z,3,0,1,18.08,32,210
2026-07-30T04:11:58Z,4,0,29902,16.39,31,210
2026-07-30T04:11:58Z,5,0,29900,16.19,33,210
2026-07-30T04:11:58Z,6,0,17358,72.11,46,2430
2026-07-30T04:11:58Z,7,0,1184,15.20,42,210
2026-07-30T04:11:59Z,0,88,31776,446.89,74,2310
2026-07-30T04:11:59Z,1,100,32094,450.03,70,2737
2026-07-30T04:11:59Z,2,0,1,15.16,35,210
2026-07-30T04:11:59Z,3,0,1,19.05,32,210
2026-07-30T04:11:59Z,4,0,29902,17.66,31,210
2026-07-30T04:11:59Z,5,0,29900,16.57,33,210
2026-07-30T04:11:59Z,6,0,17358,72.58,46,2430
2026-07-30T04:11:59Z,7,0,1184,13.57,42,210
2026-07-30T04:12:01Z,0,100,31776,450.22,72,2527
2026-07-30T04:12:01Z,1,99,32094,438.81,66,2887
2026-07-30T04:12:01Z,2,0,1,14.95,35,210
2026-07-30T04:12:01Z,3,0,1,16.07,32,210
2026-07-30T04:12:01Z,4,0,29902,16.91,31,210
2026-07-30T04:12:01Z,5,0,29900,14.69,33,210
2026-07-30T04:12:01Z,6,0,17358,70.48,46,2430
2026-07-30T04:12:01Z,7,0,1184,14.32,42,210
2026-07-30T04:12:02Z,0,89,31776,398.07,74,2797
2026-07-30T04:12:02Z,1,100,32094,442.02,69,2617
2026-07-30T04:12:02Z,2,0,1,13.84,35,210
2026-07-30T04:12:02Z,3,0,1,17.98,32,210
2026-07-30T04:12:02Z,4,0,29902,16.86,31,210
2026-07-30T04:12:02Z,5,0,29900,18.02,33,210
2026-07-30T04:12:02Z,6,0,17358,72.95,46,2430
2026-07-30T04:12:02Z,7,0,1184,13.51,42,210
2026-07-30T04:12:04Z,0,100,31776,450.44,72,2385
2026-07-30T04:12:04Z,1,100,32094,450.00,71,2655
2026-07-30T04:12:04Z,2,0,1,14.93,35,210
2026-07-30T04:12:04Z,3,0,1,16.44,32,210
2026-07-30T04:12:04Z,4,0,29902,18.11,31,210
2026-07-30T04:12:04Z,5,0,29900,13.75,33,210
2026-07-30T04:12:04Z,6,0,17358,71.62,46,2430
2026-07-30T04:12:04Z,7,0,1184,14.44,41,210
2026-07-30T04:12:05Z,0,100,31776,450.15,73,2565
2026-07-30T04:12:05Z,1,100,32094,449.78,71,2535
2026-07-30T04:12:05Z,2,0,1,13.30,35,210
2026-07-30T04:12:05Z,3,0,1,17.05,32,210
2026-07-30T04:12:05Z,4,0,29902,15.36,31,210
2026-07-30T04:12:05Z,5,0,29900,15.30,33,210
2026-07-30T04:12:05Z,6,0,17358,71.81,46,2430
2026-07-30T04:12:05Z,7,0,1184,12.82,41,210
2026-07-30T04:12:09Z,0,99,31776,379.87,72,2730
2026-07-30T04:12:09Z,1,100,32094,449.63,71,2677
2026-07-30T04:12:09Z,2,0,1,13.06,35,210
2026-07-30T04:12:09Z,3,0,1,17.58,32,210
2026-07-30T04:12:09Z,4,0,29902,15.31,31,210
2026-07-30T04:12:09Z,5,0,29900,17.35,33,210
2026-07-30T04:12:09Z,6,0,17358,71.19,46,2430
2026-07-30T04:12:09Z,7,0,1184,12.34,41,210
2026-07-30T04:12:11Z,0,99,31776,393.94,73,2745
2026-07-30T04:12:11Z,1,99,32094,441.05,66,2467
2026-07-30T04:12:11Z,2,0,1,14.10,35,210
2026-07-30T04:12:11Z,3,0,1,17.87,32,202
2026-07-30T04:12:11Z,4,0,29902,18.46,31,210
2026-07-30T04:12:11Z,5,0,29900,15.46,33,210
2026-07-30T04:12:11Z,6,0,17358,59.04,45,1290
2026-07-30T04:12:11Z,7,0,1184,12.54,41,210
2026-07-30T04:12:12Z,0,100,31776,464.74,74,2565
2026-07-30T04:12:12Z,1,100,32094,453.25,71,2625
2026-07-30T04:12:12Z,2,0,1,15.15,35,210
2026-07-30T04:12:12Z,3,0,1,17.27,32,210
2026-07-30T04:12:12Z,4,0,29902,17.28,31,210
2026-07-30T04:12:12Z,5,0,29900,16.03,33,210
2026-07-30T04:12:12Z,6,0,17358,27.58,45,345
2026-07-30T04:12:12Z,7,0,1184,14.45,41,210
2026-07-30T04:12:14Z,0,100,31776,449.87,74,2572
2026-07-30T04:12:14Z,1,100,32094,450.17,70,2647
2026-07-30T04:12:14Z,2,0,1,13.25,35,210
2026-07-30T04:12:14Z,3,0,1,19.47,32,210
2026-07-30T04:12:14Z,4,0,29902,18.49,31,210
2026-07-30T04:12:14Z,5,0,29900,15.72,33,210
2026-07-30T04:12:14Z,6,0,17358,15.11,45,210
2026-07-30T04:12:14Z,7,0,1184,12.35,41,210
2026-07-30T04:12:15Z,0,100,31776,450.08,74,2580
2026-07-30T04:12:15Z,1,100,32094,449.76,71,2317
2026-07-30T04:12:15Z,2,0,1,15.48,35,210
2026-07-30T04:12:15Z,3,0,1,17.88,32,210
2026-07-30T04:12:15Z,4,0,29902,17.85,31,210
2026-07-30T04:12:15Z,5,0,29900,14.89,33,210
2026-07-30T04:12:15Z,6,0,17358,14.23,45,210
2026-07-30T04:12:15Z,7,77,17344,226.73,52,2182
2026-07-30T04:12:17Z,0,100,31776,449.97,74,2595
2026-07-30T04:12:17Z,1,100,32094,449.52,69,2460
2026-07-30T04:12:17Z,2,0,1,11.99,35,210
2026-07-30T04:12:17Z,3,0,1,18.29,32,202
2026-07-30T04:12:17Z,4,0,29902,16.04,31,210
2026-07-30T04:12:17Z,5,0,29900,16.95,33,210
2026-07-30T04:12:17Z,6,100,17358,55.88,52,652
2026-07-30T04:12:17Z,7,0,17358,100.23,43,2917
2026-07-30T04:12:18Z,0,99,31776,440.93,69,2535
2026-07-30T04:12:18Z,1,71,32094,398.12,69,2887
2026-07-30T04:12:18Z,2,0,1,13.20,35,210
2026-07-30T04:12:18Z,3,0,1,19.07,32,210
2026-07-30T04:12:18Z,4,0,29902,18.70,31,210
2026-07-30T04:12:18Z,5,0,29900,15.93,33,210
2026-07-30T04:12:18Z,6,0,17358,140.59,47,2917
2026-07-30T04:12:18Z,7,0,17358,65.79,42,2430
2026-07-30T04:12:20Z,0,100,31776,426.09,74,2692
2026-07-30T04:12:20Z,1,100,32094,456.37,69,2617
2026-07-30T04:12:20Z,2,0,1,14.66,35,210
2026-07-30T04:12:20Z,3,0,1,17.89,32,210
2026-07-30T04:12:20Z,4,0,29902,16.40,31,210
2026-07-30T04:12:20Z,5,0,29900,16.57,33,210
2026-07-30T04:12:20Z,6,0,17358,80.45,46,2430
2026-07-30T04:12:20Z,7,0,17358,64.28,42,2430
2026-07-30T04:12:21Z,0,100,31776,448.75,75,2632
2026-07-30T04:12:21Z,1,100,32094,449.98,71,2610
2026-07-30T04:12:21Z,2,0,1,13.11,35,210
2026-07-30T04:12:21Z,3,0,1,19.72,32,210
2026-07-30T04:12:21Z,4,0,29902,17.32,31,210
2026-07-30T04:12:21Z,5,0,29900,17.18,33,210
2026-07-30T04:12:21Z,6,0,17358,71.57,46,2430
2026-07-30T04:12:21Z,7,0,17358,64.74,42,2430
2026-07-30T04:12:23Z,0,100,31776,450.37,71,2235
2026-07-30T04:12:23Z,1,98,32094,439.79,66,2467
2026-07-30T04:12:23Z,2,0,1,15.31,35,210
2026-07-30T04:12:23Z,3,0,1,17.23,32,202
2026-07-30T04:12:23Z,4,0,29902,15.93,31,210
2026-07-30T04:12:23Z,5,0,29900,14.92,33,210
2026-07-30T04:12:23Z,6,0,17358,69.54,46,2430
2026-07-30T04:12:23Z,7,0,17358,66.01,42,2430
2026-07-30T04:12:26Z,0,100,31776,452.03,74,2587
2026-07-30T04:12:26Z,1,49,32094,382.34,66,2850
2026-07-30T04:12:26Z,2,0,1,14.60,35,210
2026-07-30T04:12:26Z,3,0,1,18.00,32,210
2026-07-30T04:12:26Z,4,0,29902,17.27,31,210
2026-07-30T04:12:26Z,5,0,29900,13.72,33,210
2026-07-30T04:12:26Z,6,0,17358,69.82,46,2430
2026-07-30T04:12:26Z,7,0,17358,65.60,42,2430
2026-07-30T04:12:28Z,0,99,31776,368.72,68,2797
2026-07-30T04:12:28Z,1,100,32094,428.30,72,2887
2026-07-30T04:12:28Z,2,0,1,13.34,35,210
2026-07-30T04:12:28Z,3,0,1,18.80,32,210
2026-07-30T04:12:28Z,4,0,29902,17.32,31,210
2026-07-30T04:12:28Z,5,0,29900,16.94,33,210
2026-07-30T04:12:28Z,6,0,17358,71.76,46,2430
2026-07-30T04:12:28Z,7,0,17358,63.32,42,2430
2026-07-30T04:12:29Z,0,100,31776,446.79,73,2580
2026-07-30T04:12:29Z,1,99,32094,449.79,69,2407
2026-07-30T04:12:29Z,2,0,1,15.97,35,210
2026-07-30T04:12:29Z,3,0,1,19.22,32,202
2026-07-30T04:12:29Z,4,0,29902,18.06,31,210
2026-07-30T04:12:29Z,5,0,29900,16.10,33,210
2026-07-30T04:12:29Z,6,0,17358,70.78,46,2430
2026-07-30T04:12:29Z,7,0,17358,66.10,42,2430
2026-07-30T04:12:31Z,0,84,31776,399.54,68,2775
2026-07-30T04:12:31Z,1,100,32094,450.19,69,2602
2026-07-30T04:12:31Z,2,0,1,14.45,35,210
2026-07-30T04:12:31Z,3,0,1,16.95,32,210
2026-07-30T04:12:31Z,4,0,29902,15.99,31,210
2026-07-30T04:12:31Z,5,0,29900,17.21,33,210
2026-07-30T04:12:31Z,6,0,17358,70.56,46,2430
2026-07-30T04:12:31Z,7,0,17358,63.84,42,2430
2026-07-30T04:12:32Z,0,100,31776,468.11,73,2565
2026-07-30T04:12:32Z,1,100,32094,449.96,71,2610
2026-07-30T04:12:32Z,2,0,1,12.80,35,210
2026-07-30T04:12:32Z,3,0,1,18.52,32,210
2026-07-30T04:12:32Z,4,0,29902,17.84,31,210
2026-07-30T04:12:32Z,5,0,29900,17.10,33,210
2026-07-30T04:12:32Z,6,0,17358,71.93,46,2430
2026-07-30T04:12:32Z,7,0,17358,65.31,42,2430
2026-07-30T04:12:34Z,0,99,31776,397.25,68,2797
2026-07-30T04:12:34Z,1,99,32094,421.36,66,2895
2026-07-30T04:12:34Z,2,0,1,15.19,35,210
2026-07-30T04:12:34Z,3,0,1,17.35,32,210
2026-07-30T04:12:34Z,4,0,29902,16.35,31,210
2026-07-30T04:12:34Z,5,0,29900,14.95,33,210
2026-07-30T04:12:34Z,6,0,17358,69.23,46,2430
2026-07-30T04:12:34Z,7,0,17358,37.37,41,375
2026-07-30T04:12:35Z,0,100,31776,439.80,74,2587
2026-07-30T04:12:35Z,1,100,32094,453.80,71,2625
2026-07-30T04:12:35Z,2,0,1,12.62,35,210
2026-07-30T04:12:35Z,3,0,1,19.43,32,202
2026-07-30T04:12:35Z,4,0,29902,16.43,31,210
2026-07-30T04:12:35Z,5,0,29900,18.13,33,210
2026-07-30T04:12:35Z,6,0,17358,71.95,46,2430
2026-07-30T04:12:35Z,7,0,17358,12.84,41,210
2026-07-30T04:12:37Z,0,99,31776,378.03,68,2760
2026-07-30T04:12:37Z,1,99,32094,413.11,65,2887
2026-07-30T04:12:37Z,2,0,1,14.63,35,210
2026-07-30T04:12:37Z,3,0,1,17.81,32,210
2026-07-30T04:12:37Z,4,0,29902,17.51,31,210
2026-07-30T04:12:37Z,5,0,29900,13.49,33,210
2026-07-30T04:12:37Z,6,0,17358,30.80,45,352
2026-07-30T04:12:37Z,7,0,17358,13.39,41,210
2026-07-30T04:12:38Z,0,100,31776,461.39,74,2572
2026-07-30T04:12:38Z,1,100,32094,461.68,69,2602
2026-07-30T04:12:38Z,2,0,1,13.09,35,210
2026-07-30T04:12:38Z,3,0,1,16.81,32,210
2026-07-30T04:12:38Z,4,0,29902,15.55,31,210
2026-07-30T04:12:38Z,5,0,29900,16.65,33,210
2026-07-30T04:12:38Z,6,0,17358,13.86,44,210
2026-07-30T04:12:38Z,7,0,17358,12.79,41,210
2026-07-30T04:12:40Z,0,99,31776,373.46,68,2752
2026-07-30T04:12:40Z,1,100,32094,449.57,70,2602
2026-07-30T04:12:40Z,2,0,1,13.28,35,210
2026-07-30T04:12:40Z,3,0,1,18.02,32,210
2026-07-30T04:12:40Z,4,0,29902,18.55,31,210
2026-07-30T04:12:40Z,5,0,29900,14.79,33,210
2026-07-30T04:12:40Z,6,0,17358,15.53,44,210
2026-07-30T04:12:40Z,7,0,17358,12.64,41,210
2026-07-30T04:12:44Z,0,100,31776,454.05,74,2580
2026-07-30T04:12:44Z,1,89,32094,444.33,67,2610
2026-07-30T04:12:44Z,2,0,1,13.70,35,210
2026-07-30T04:12:44Z,3,0,1,17.95,32,210
2026-07-30T04:12:44Z,4,0,29902,18.12,31,210
2026-07-30T04:12:44Z,5,0,29900,14.20,33,210
2026-07-30T04:12:44Z,6,0,17358,192.24,46,2917
2026-07-30T04:12:44Z,7,0,17358,81.57,42,2430
2026-07-30T04:12:45Z,0,99,31776,401.45,68,2782
2026-07-30T04:12:45Z,1,100,32094,460.85,70,2587
2026-07-30T04:12:45Z,2,0,1,14.94,35,210
2026-07-30T04:12:45Z,3,0,1,17.24,32,210
2026-07-30T04:12:45Z,4,0,29902,15.97,31,210
2026-07-30T04:12:45Z,5,0,29900,14.83,33,210
2026-07-30T04:12:45Z,6,0,17358,81.91,45,2430
2026-07-30T04:12:45Z,7,0,17358,64.36,42,2430
2026-07-30T04:12:47Z,0,100,31776,430.32,74,2587
2026-07-30T04:12:47Z,1,100,32094,449.70,70,2617
2026-07-30T04:12:47Z,2,0,1,13.32,35,210
2026-07-30T04:12:47Z,3,0,1,19.29,32,210
2026-07-30T04:12:47Z,4,0,29902,18.23,31,210
2026-07-30T04:12:47Z,5,0,29900,16.72,33,210
2026-07-30T04:12:47Z,6,0,17358,71.82,45,2430
2026-07-30T04:12:47Z,7,0,17358,63.20,42,2430
2026-07-30T04:12:48Z,0,100,31776,449.86,74,2595
2026-07-30T04:12:48Z,1,99,32094,437.03,66,2850
2026-07-30T04:12:48Z,2,0,1,14.91,35,210
2026-07-30T04:12:48Z,3,0,1,17.88,32,210
2026-07-30T04:12:48Z,4,0,29902,17.48,31,210
2026-07-30T04:12:48Z,5,0,29900,14.45,33,210
2026-07-30T04:12:48Z,6,0,17358,69.04,45,2430
2026-07-30T04:12:48Z,7,0,17358,65.74,42,2430
2026-07-30T04:12:50Z,0,100,31776,450.22,74,2445
2026-07-30T04:12:50Z,1,100,32094,438.04,71,2812
2026-07-30T04:12:50Z,2,0,1,12.53,35,210
2026-07-30T04:12:50Z,3,0,1,16.95,32,210
2026-07-30T04:12:50Z,4,0,29902,16.70,31,210
2026-07-30T04:12:50Z,5,0,29900,17.03,33,210
2026-07-30T04:12:50Z,6,0,17358,71.04,45,2430
2026-07-30T04:12:50Z,7,0,17358,62.88,42,2430
2026-07-30T04:12:51Z,0,100,31776,450.40,72,2265
2026-07-30T04:12:51Z,1,99,32094,446.05,66,2377
2026-07-30T04:12:51Z,2,0,1,13.65,35,210
2026-07-30T04:12:51Z,3,0,1,18.93,32,210
2026-07-30T04:12:51Z,4,0,29902,17.53,31,210
2026-07-30T04:12:51Z,5,0,29900,14.64,33,202
2026-07-30T04:12:51Z,6,0,17358,70.65,45,2430
2026-07-30T04:12:51Z,7,0,17358,65.33,42,2430
2026-07-30T04:12:53Z,0,100,31776,450.31,74,2572
2026-07-30T04:12:53Z,1,100,32094,437.55,71,2782
2026-07-30T04:12:53Z,2,0,1,14.60,35,202
2026-07-30T04:12:53Z,3,0,1,16.47,32,210
2026-07-30T04:12:53Z,4,0,29902,15.37,31,210
2026-07-30T04:12:53Z,5,0,29900,14.69,33,210
2026-07-30T04:12:53Z,6,0,17358,69.40,45,2430
2026-07-30T04:12:53Z,7,0,17358,64.11,42,2430
2026-07-30T04:12:54Z,0,100,31776,449.97,74,2587
2026-07-30T04:12:54Z,1,100,32094,448.20,72,2437
2026-07-30T04:12:54Z,2,0,1,13.08,35,210
2026-07-30T04:12:54Z,3,0,1,18.27,32,210
2026-07-30T04:12:54Z,4,0,29902,17.00,31,210
2026-07-30T04:12:54Z,5,0,29900,16.40,33,210
2026-07-30T04:12:54Z,6,0,17358,72.19,45,2430
2026-07-30T04:12:54Z,7,0,17358,63.93,42,2430
2026-07-30T04:12:56Z,0,47,31776,362.36,67,2797
2026-07-30T04:12:56Z,1,100,32094,450.46,69,2445
2026-07-30T04:12:56Z,2,0,1,15.47,35,210
2026-07-30T04:12:56Z,3,0,1,17.41,32,210
2026-07-30T04:12:56Z,4,0,29902,17.84,31,210
2026-07-30T04:12:56Z,5,0,29900,14.99,33,210
2026-07-30T04:12:56Z,6,0,17358,69.09,45,2430
2026-07-30T04:12:56Z,7,0,17358,65.58,42,2430
2026-07-30T04:12:57Z,0,100,31776,464.80,74,2557
2026-07-30T04:12:57Z,1,98,32094,434.05,66,2850
2026-07-30T04:12:57Z,2,0,1,12.73,34,210
2026-07-30T04:12:57Z,3,0,1,17.66,32,210
2026-07-30T04:12:57Z,4,0,29902,16.39,31,210
2026-07-30T04:12:57Z,5,0,29900,17.74,33,202
2026-07-30T04:12:57Z,6,0,17358,71.12,45,2430
2026-07-30T04:12:57Z,7,0,17358,62.82,42,2430
2026-07-30T04:13:01Z,0,100,31776,450.11,74,2565
2026-07-30T04:13:01Z,1,100,32094,451.14,70,2565
2026-07-30T04:13:01Z,2,0,1,12.60,35,210
2026-07-30T04:13:01Z,3,0,1,17.98,32,210
2026-07-30T04:13:01Z,4,0,29902,15.93,31,210
2026-07-30T04:13:01Z,5,0,29900,17.02,33,210
2026-07-30T04:13:01Z,6,0,17358,56.06,44,1312
2026-07-30T04:13:01Z,7,0,17358,22.46,41,375
2026-07-30T04:13:02Z,0,74,31776,380.50,65,2797
2026-07-30T04:13:02Z,1,100,32094,451.89,69,2610
2026-07-30T04:13:02Z,2,0,1,14.85,35,210
2026-07-30T04:13:02Z,3,0,1,18.47,32,210
2026-07-30T04:13:02Z,4,0,29902,17.46,31,210
2026-07-30T04:13:02Z,5,0,29900,16.09,33,210
2026-07-30T04:13:02Z,6,0,17358,32.28,44,352
2026-07-30T04:13:02Z,7,0,17358,13.77,41,210
2026-07-30T04:13:04Z,0,93,31776,378.51,71,2797
2026-07-30T04:13:04Z,1,99,32094,432.30,66,2857
2026-07-30T04:13:04Z,2,0,1,13.08,35,210
2026-07-30T04:13:04Z,3,0,1,17.94,32,210
2026-07-30T04:13:04Z,4,0,29902,15.89,31,210
2026-07-30T04:13:04Z,5,0,29900,17.54,33,210
2026-07-30T04:13:04Z,6,0,17358,12.21,44,210
2026-07-30T04:13:04Z,7,0,17358,13.69,41,210
2026-07-30T04:13:05Z,0,99,31776,370.43,67,2797
2026-07-30T04:13:05Z,1,99,32094,403.36,65,2857
2026-07-30T04:13:05Z,2,0,1,13.43,34,202
2026-07-30T04:13:05Z,3,0,1,19.32,32,210
2026-07-30T04:13:05Z,4,0,29902,17.13,31,210
2026-07-30T04:13:05Z,5,0,29900,17.34,33,210
2026-07-30T04:13:05Z,6,0,17358,13.49,44,202
2026-07-30T04:13:05Z,7,0,17358,298.51,43,2910
2026-07-30T04:13:07Z,0,100,31776,412.66,74,2632
2026-07-30T04:13:07Z,1,88,32094,402.42,65,2895
2026-07-30T04:13:07Z,2,0,1,15.37,35,210
2026-07-30T04:13:07Z,3,0,1,17.76,32,210
2026-07-30T04:13:07Z,4,0,29902,18.09,31,210
2026-07-30T04:13:07Z,5,0,29900,15.12,33,210
2026-07-30T04:13:07Z,6,0,17358,13.90,44,210
2026-07-30T04:13:07Z,7,0,17358,96.39,42,2910
2026-07-30T04:13:08Z,0,100,31776,448.53,73,2745
2026-07-30T04:13:08Z,1,100,32094,451.07,68,2617
2026-07-30T04:13:08Z,2,0,1,14.13,34,210
2026-07-30T04:13:08Z,3,0,1,17.81,32,210
2026-07-30T04:13:08Z,4,0,29902,15.42,31,210
2026-07-30T04:13:08Z,5,0,29900,16.66,33,210
2026-07-30T04:13:08Z,6,29,17358,179.00,49,2070
2026-07-30T04:13:08Z,7,0,17358,62.99,42,2430
2026-07-30T04:13:10Z,0,100,31776,450.13,72,2325
2026-07-30T04:13:10Z,1,100,32094,449.77,70,2602
2026-07-30T04:13:10Z,2,0,1,14.59,34,210
2026-07-30T04:13:10Z,3,0,1,16.49,32,210
2026-07-30T04:13:10Z,4,0,29902,17.49,31,210
2026-07-30T04:13:10Z,5,0,29900,15.03,33,210
2026-07-30T04:13:10Z,6,0,17358,96.78,46,2917
2026-07-30T04:13:10Z,7,0,17358,65.41,42,2430
2026-07-30T04:13:11Z,0,100,31776,450.28,72,2377
2026-07-30T04:13:11Z,1,100,32094,449.77,70,2595
2026-07-30T04:13:11Z,2,0,1,14.77,34,202
2026-07-30T04:13:11Z,3,0,1,16.47,32,210
2026-07-30T04:13:11Z,4,0,29902,15.11,31,210
2026-07-30T04:13:11Z,5,0,29900,15.40,33,210
2026-07-30T04:13:11Z,6,0,17358,68.97,45,2430
2026-07-30T04:13:11Z,7,0,17358,63.69,42,2430
2026-07-30T04:13:13Z,0,100,31776,449.99,74,2587
2026-07-30T04:13:13Z,1,99,32094,436.20,65,2865
2026-07-30T04:13:13Z,2,0,1,13.52,34,210
2026-07-30T04:13:13Z,3,0,1,19.59,32,210
2026-07-30T04:13:13Z,4,0,29902,16.93,31,210
2026-07-30T04:13:13Z,5,0,29900,17.87,33,210
2026-07-30T04:13:13Z,6,0,17358,70.73,45,2430
2026-07-30T04:13:13Z,7,0,17358,64.40,42,2430
2026-07-30T04:13:14Z,0,100,31776,449.58,74,2587
2026-07-30T04:13:14Z,1,100,32094,445.99,70,2760
2026-07-30T04:13:14Z,2,0,1,15.85,34,210
2026-07-30T04:13:14Z,3,0,1,15.89,32,210
2026-07-30T04:13:14Z,4,0,29902,17.78,31,210
2026-07-30T04:13:14Z,5,0,29900,14.83,33,210
2026-07-30T04:13:14Z,6,0,17358,67.86,45,2430
2026-07-30T04:13:14Z,7,0,17358,65.64,42,2430
2026-07-30T04:13:18Z,0,100,31776,465.54,74,2580
2026-07-30T04:13:18Z,1,100,32094,450.18,70,2617
2026-07-30T04:13:18Z,2,0,1,15.06,34,210
2026-07-30T04:13:18Z,3,0,1,18.71,32,210
2026-07-30T04:13:18Z,4,0,29902,17.27,31,210
2026-07-30T04:13:18Z,5,0,29900,14.28,33,210
2026-07-30T04:13:18Z,6,0,17358,68.69,45,2430
2026-07-30T04:13:18Z,7,0,17358,65.51,42,2430
2026-07-30T04:13:19Z,0,100,31776,400.22,68,2797
2026-07-30T04:13:19Z,1,99,32094,444.50,69,2572
2026-07-30T04:13:19Z,2,0,1,12.41,34,210
2026-07-30T04:13:19Z,3,0,1,17.02,32,210
2026-07-30T04:13:19Z,4,0,29902,15.79,31,210
2026-07-30T04:13:19Z,5,0,29900,17.33,33,210
2026-07-30T04:13:19Z,6,0,17358,70.32,45,2430
2026-07-30T04:13:19Z,7,0,17358,63.01,42,2430
2026-07-30T04:13:21Z,0,100,31776,438.51,74,2625
2026-07-30T04:13:21Z,1,100,32094,445.16,71,2895
2026-07-30T04:13:21Z,2,0,1,14.59,34,210
2026-07-30T04:13:21Z,3,0,1,18.70,32,210
2026-07-30T04:13:21Z,4,0,29902,18.71,31,210
2026-07-30T04:13:21Z,5,0,29900,14.99,33,210
2026-07-30T04:13:21Z,6,0,17358,69.93,45,2430
2026-07-30T04:13:21Z,7,0,17358,65.46,42,2430
2026-07-30T04:13:22Z,0,100,31776,449.41,74,2647
2026-07-30T04:13:22Z,1,100,32094,450.47,68,2587
2026-07-30T04:13:22Z,2,0,1,14.55,34,210
2026-07-30T04:13:22Z,3,0,1,16.44,32,210
2026-07-30T04:13:22Z,4,0,29902,15.18,31,210
2026-07-30T04:13:22Z,5,0,29900,16.07,33,210
2026-07-30T04:13:22Z,6,0,17358,69.14,45,2430
2026-07-30T04:13:22Z,7,0,17358,63.94,42,2430
2026-07-30T04:13:24Z,0,100,31776,449.00,68,2287
2026-07-30T04:13:24Z,1,100,32094,450.09,70,2610
2026-07-30T04:13:24Z,2,0,1,14.49,34,210
2026-07-30T04:13:24Z,3,0,1,18.35,32,210
2026-07-30T04:13:24Z,4,0,29902,18.32,31,210
2026-07-30T04:13:24Z,5,0,29900,14.39,33,210
2026-07-30T04:13:24Z,6,0,17358,70.03,45,2430
2026-07-30T04:13:24Z,7,0,17358,21.86,41,375
2026-07-30T04:13:25Z,0,100,31776,421.61,73,2745
2026-07-30T04:13:25Z,1,99,32094,422.35,65,2895
2026-07-30T04:13:25Z,2,0,1,15.88,34,210
2026-07-30T04:13:25Z,3,0,1,17.58,32,210
2026-07-30T04:13:25Z,4,0,29902,17.35,31,202
2026-07-30T04:13:25Z,5,0,29900,14.63,33,210
2026-07-30T04:13:25Z,6,0,17358,67.70,45,2430
2026-07-30T04:13:25Z,7,0,17358,14.19,41,210
2026-07-30T04:13:27Z,0,99,31776,446.49,69,2362
2026-07-30T04:13:27Z,1,100,32094,450.11,69,2542
2026-07-30T04:13:27Z,2,0,1,13.51,34,210
2026-07-30T04:13:27Z,3,0,1,20.12,32,210
2026-07-30T04:13:27Z,4,0,29902,17.94,31,210
2026-07-30T04:13:27Z,5,0,29900,17.45,33,210
2026-07-30T04:13:27Z,6,0,17358,25.29,44,345
2026-07-30T04:13:27Z,7,0,17358,12.80,41,210
2026-07-30T04:13:28Z,0,99,31776,402.70,68,2797
2026-07-30T04:13:28Z,1,100,32094,450.19,69,2595
2026-07-30T04:13:28Z,2,0,1,15.88,34,210
2026-07-30T04:13:28Z,3,0,1,17.83,32,210
2026-07-30T04:13:28Z,4,0,29902,18.38,31,210
2026-07-30T04:13:28Z,5,0,29900,15.68,33,210
2026-07-30T04:13:28Z,6,0,17358,14.37,43,210
2026-07-30T04:13:28Z,7,100,17358,82.40,48,2212
2026-07-30T04:13:30Z,0,100,31776,450.60,73,2520
2026-07-30T04:13:30Z,1,100,32094,436.90,71,2872
2026-07-30T04:13:30Z,2,0,1,14.35,34,210
2026-07-30T04:13:30Z,3,0,1,18.47,32,210
2026-07-30T04:13:30Z,4,0,29902,16.31,31,210
2026-07-30T04:13:30Z,5,0,29900,16.79,33,210
2026-07-30T04:13:30Z,6,0,17358,12.84,43,210
2026-07-30T04:13:30Z,7,0,17358,105.61,43,2917
2026-07-30T04:13:31Z,0,99,31776,379.44,66,2797
2026-07-30T04:13:31Z,1,98,32094,449.87,69,2325
2026-07-30T04:13:31Z,2,0,1,16.28,34,210
2026-07-30T04:13:31Z,3,0,1,19.51,32,210
2026-07-30T04:13:31Z,4,0,29902,18.68,30,202
2026-07-30T04:13:31Z,5,0,29900,16.01,33,210
2026-07-30T04:13:31Z,6,11,17358,334.31,46,2760
2026-07-30T04:13:31Z,7,0,17358,74.31,42,2430
2026-07-30T04:13:35Z,0,100,31776,449.72,72,2332
2026-07-30T04:13:35Z,1,100,32094,449.31,69,2647
2026-07-30T04:13:35Z,2,0,1,13.81,34,210
2026-07-30T04:13:35Z,3,0,1,18.45,32,210
2026-07-30T04:13:35Z,4,0,29902,17.25,31,210
2026-07-30T04:13:35Z,5,0,29900,15.70,33,210
2026-07-30T04:13:35Z,6,0,17358,69.36,45,2430
2026-07-30T04:13:35Z,7,0,17358,65.45,42,2430
2026-07-30T04:13:36Z,0,100,31776,450.36,72,2587
2026-07-30T04:13:36Z,1,100,32094,449.49,69,2302
2026-07-30T04:13:36Z,2,0,1,14.12,34,210
2026-07-30T04:13:36Z,3,0,1,17.08,32,210
2026-07-30T04:13:36Z,4,0,29902,16.75,30,210
2026-07-30T04:13:36Z,5,0,29900,14.55,33,210
2026-07-30T04:13:36Z,6,0,17358,68.29,45,2430
2026-07-30T04:13:36Z,7,0,17358,65.39,42,2430
2026-07-30T04:13:38Z,0,100,31776,429.10,74,2692
2026-07-30T04:13:38Z,1,100,32094,450.32,68,2505
2026-07-30T04:13:38Z,2,0,1,13.52,34,210
2026-07-30T04:13:38Z,3,0,1,19.21,32,210
2026-07-30T04:13:38Z,4,0,29902,17.51,31,210
2026-07-30T04:13:38Z,5,0,29900,17.02,33,210
2026-07-30T04:13:38Z,6,0,17358,70.33,45,2430
2026-07-30T04:13:38Z,7,0,17358,64.01,42,2430
2026-07-30T04:13:39Z,0,69,31776,431.49,71,2670
2026-07-30T04:13:39Z,1,99,32094,436.39,66,2887
2026-07-30T04:13:39Z,2,0,1,14.92,34,210
2026-07-30T04:13:39Z,3,0,1,19.10,32,210
2026-07-30T04:13:39Z,4,0,29902,18.17,30,210
2026-07-30T04:13:39Z,5,0,29900,15.72,33,210
2026-07-30T04:13:39Z,6,0,17358,67.61,45,2430
2026-07-30T04:13:39Z,7,0,17358,66.20,42,2430
2026-07-30T04:13:41Z,0,100,31776,409.30,74,2760
2026-07-30T04:13:41Z,1,100,32094,442.75,71,2797
2026-07-30T04:13:41Z,2,0,1,13.72,34,210
2026-07-30T04:13:41Z,3,0,1,18.60,32,210
2026-07-30T04:13:41Z,4,0,29902,16.14,30,210
2026-07-30T04:13:41Z,5,0,29900,16.49,33,210
2026-07-30T04:13:41Z,6,0,17358,69.32,45,2430
2026-07-30T04:13:41Z,7,0,17358,63.20,42,2430
2026-07-30T04:13:42Z,0,100,31776,444.49,74,2310
2026-07-30T04:13:42Z,1,69,32094,440.05,65,2437
2026-07-30T04:13:42Z,2,0,1,14.47,34,210
2026-07-30T04:13:42Z,3,0,1,19.18,32,210
2026-07-30T04:13:42Z,4,0,29902,17.25,30,210
2026-07-30T04:13:42Z,5,0,29900,15.71,33,210
2026-07-30T04:13:42Z,6,0,17358,69.71,44,2430
2026-07-30T04:13:42Z,7,0,17358,65.67,42,2430
2026-07-30T04:13:44Z,0,100,31776,450.38,72,2452
2026-07-30T04:13:44Z,1,100,32094,450.25,68,2610
2026-07-30T04:13:44Z,2,0,1,14.03,34,210
2026-07-30T04:13:44Z,3,0,1,16.42,32,210
2026-07-30T04:13:44Z,4,0,29902,16.63,30,210
2026-07-30T04:13:44Z,5,0,29900,16.28,33,210
2026-07-30T04:13:44Z,6,0,17358,68.29,45,2430
2026-07-30T04:13:44Z,7,0,17358,64.71,42,2430
2026-07-30T04:13:45Z,0,100,31776,438.86,73,2595
2026-07-30T04:13:45Z,1,100,32094,449.80,70,2610
2026-07-30T04:13:45Z,2,0,1,13.14,34,210
2026-07-30T04:13:45Z,3,0,1,17.82,32,210
2026-07-30T04:13:45Z,4,0,29902,16.75,30,210
2026-07-30T04:13:45Z,5,0,29900,16.99,33,210
2026-07-30T04:13:45Z,6,0,17358,69.69,45,2430
2026-07-30T04:13:45Z,7,0,17358,63.97,42,2430
2026-07-30T04:13:47Z,0,99,31776,445.79,68,2542
2026-07-30T04:13:47Z,1,100,32094,429.71,72,2880
2026-07-30T04:13:47Z,2,0,1,14.47,34,210
2026-07-30T04:13:47Z,3,0,1,17.74,32,210
2026-07-30T04:13:47Z,4,0,29902,17.92,30,210
2026-07-30T04:13:47Z,5,0,29900,14.25,33,210
2026-07-30T04:13:47Z,6,0,17358,67.32,45,2430
2026-07-30T04:13:47Z,7,0,17358,35.33,41,375
2026-07-30T04:13:48Z,0,100,31776,450.78,74,2572
2026-07-30T04:13:48Z,1,99,32094,449.87,68,2370
2026-07-30T04:13:48Z,2,0,1,12.99,34,210
2026-07-30T04:13:48Z,3,0,1,18.41,32,210
2026-07-30T04:13:48Z,4,0,29902,15.90,30,210
2026-07-30T04:13:48Z,5,0,29900,16.05,33,210
2026-07-30T04:13:48Z,6,0,17358,66.24,44,2430
2026-07-30T04:13:48Z,7,0,17358,12.88,41,217
2026-07-30T04:13:52Z,0,100,31776,449.86,73,2572
2026-07-30T04:13:52Z,1,98,32094,450.01,70,2505
2026-07-30T04:13:52Z,2,0,1,12.13,34,210
2026-07-30T04:13:52Z,3,0,1,16.93,32,210
2026-07-30T04:13:52Z,4,0,29902,15.45,30,210
2026-07-30T04:13:52Z,5,0,29900,17.60,33,210
2026-07-30T04:13:52Z,6,0,17358,11.63,43,210
2026-07-30T04:13:52Z,7,19,17358,183.15,43,2910
2026-07-30T04:13:53Z,0,100,31776,450.12,73,2587
2026-07-30T04:13:53Z,1,100,32094,449.72,68,2340
2026-07-30T04:13:53Z,2,0,1,14.88,34,210
2026-07-30T04:13:53Z,3,0,1,19.08,32,210
2026-07-30T04:13:53Z,4,0,29902,18.38,30,210
2026-07-30T04:13:53Z,5,0,29900,16.89,33,210
2026-07-30T04:13:53Z,6,0,17358,14.16,43,210
2026-07-30T04:13:53Z,7,0,17358,93.86,42,2917
2026-07-30T04:13:55Z,0,96,31776,421.84,68,2767
2026-07-30T04:13:55Z,1,100,32094,409.92,65,2850
2026-07-30T04:13:55Z,2,0,1,15.06,34,210
2026-07-30T04:13:55Z,3,0,1,16.78,32,210
2026-07-30T04:13:55Z,4,0,29902,16.64,30,210
2026-07-30T04:13:55Z,5,0,29900,15.19,33,210
2026-07-30T04:13:55Z,6,0,17358,230.72,46,2917
2026-07-30T04:13:55Z,7,0,17358,64.32,42,2430
2026-07-30T04:13:56Z,0,98,31776,377.82,72,2730
2026-07-30T04:13:56Z,1,100,32094,438.41,70,2677
2026-07-30T04:13:56Z,2,0,1,13.50,34,210
2026-07-30T04:13:56Z,3,0,1,20.33,32,210
2026-07-30T04:13:56Z,4,0,29902,16.35,30,210
2026-07-30T04:13:56Z,5,0,29900,18.01,33,210
2026-07-30T04:13:56Z,6,0,17358,90.10,45,2452
2026-07-30T04:13:56Z,7,0,17358,64.76,42,2430
2026-07-30T04:13:58Z,0,100,31776,450.97,74,2580
2026-07-30T04:13:58Z,1,100,32094,450.08,70,2445
2026-07-30T04:13:58Z,2,0,1,15.89,34,210
2026-07-30T04:13:58Z,3,0,1,16.54,32,210
2026-07-30T04:13:58Z,4,0,29902,17.12,30,210
2026-07-30T04:13:58Z,5,0,29900,14.43,33,210
2026-07-30T04:13:58Z,6,0,17358,68.36,44,2430
2026-07-30T04:13:58Z,7,0,17358,66.69,42,2430
2026-07-30T04:13:59Z,0,100,31776,449.68,74,2587
2026-07-30T04:13:59Z,1,100,32094,450.22,68,2482
2026-07-30T04:13:59Z,2,0,1,13.30,34,210
2026-07-30T04:13:59Z,3,0,1,17.15,32,210
2026-07-30T04:13:59Z,4,0,29902,16.43,30,210
2026-07-30T04:13:59Z,5,0,29900,17.63,33,210
2026-07-30T04:13:59Z,6,0,17358,70.38,44,2430
2026-07-30T04:13:59Z,7,0,17358,63.61,42,2430
2026-07-30T04:14:01Z,0,99,31776,405.34,72,2752
2026-07-30T04:14:01Z,1,100,32094,454.08,70,2625
2026-07-30T04:14:01Z,2,0,1,13.90,34,210
2026-07-30T04:14:01Z,3,0,1,17.27,32,210
2026-07-30T04:14:01Z,4,0,29902,17.79,30,210
2026-07-30T04:14:01Z,5,0,29900,13.64,33,210
2026-07-30T04:14:01Z,6,0,17358,68.61,44,2430
2026-07-30T04:14:01Z,7,0,17358,65.78,42,2430
2026-07-30T04:14:03Z,0,100,31776,455.61,72,2572
2026-07-30T04:14:03Z,1,100,32096,449.43,70,2730
2026-07-30T04:14:03Z,2,0,1,14.19,34,210
2026-07-30T04:14:03Z,3,0,1,16.97,32,210
2026-07-30T04:14:03Z,4,0,29902,16.43,30,210
2026-07-30T04:14:03Z,5,0,29900,14.62,33,210
2026-07-30T04:14:03Z,6,0,17358,68.39,44,2430
2026-07-30T04:14:03Z,7,0,17358,64.07,42,2430
2026-07-30T04:14:04Z,0,100,31776,449.86,73,2580
2026-07-30T04:14:04Z,1,100,32096,449.86,70,2392
2026-07-30T04:14:04Z,2,0,1,13.30,34,210
2026-07-30T04:14:04Z,3,0,1,18.78,32,210
2026-07-30T04:14:04Z,4,0,29902,16.87,30,210
2026-07-30T04:14:04Z,5,0,29900,15.69,33,210
2026-07-30T04:14:04Z,6,0,17358,70.48,44,2430
2026-07-30T04:14:04Z,7,0,17358,64.77,42,2430
2026-07-30T04:14:06Z,0,100,31776,449.73,73,2610
2026-07-30T04:14:06Z,1,100,32096,450.42,68,2385
2026-07-30T04:14:06Z,2,0,1,14.46,34,210
2026-07-30T04:14:06Z,3,0,1,17.34,32,210
2026-07-30T04:14:06Z,4,0,29902,18.15,30,210
2026-07-30T04:14:06Z,5,0,29900,14.85,33,210
2026-07-30T04:14:06Z,6,0,17358,67.37,44,2430
2026-07-30T04:14:06Z,7,0,17358,65.89,42,2430
2026-07-30T04:14:09Z,0,100,31776,455.48,73,2587
2026-07-30T04:14:09Z,1,100,32096,450.28,69,2602
2026-07-30T04:14:09Z,2,0,1,15.14,34,210
2026-07-30T04:14:09Z,3,0,1,16.66,32,210
2026-07-30T04:14:09Z,4,0,29902,17.30,30,210
2026-07-30T04:14:09Z,5,0,29900,14.91,33,210
2026-07-30T04:14:09Z,6,0,17358,68.02,44,2430
2026-07-30T04:14:09Z,7,0,17358,65.74,42,2430
2026-07-30T04:14:11Z,0,100,31776,416.57,74,2737
2026-07-30T04:14:11Z,1,100,32096,452.09,70,2610
2026-07-30T04:14:11Z,2,0,1,13.06,34,210
2026-07-30T04:14:11Z,3,0,1,17.19,32,210
2026-07-30T04:14:11Z,4,0,29902,17.50,30,210
2026-07-30T04:14:11Z,5,0,29900,17.45,33,210
2026-07-30T04:14:11Z,6,0,17358,70.27,44,2430
2026-07-30T04:14:11Z,7,0,17358,22.03,41,375
2026-07-30T04:14:12Z,0,99,31776,449.81,73,2385
2026-07-30T04:14:12Z,1,100,32096,449.66,70,2595
2026-07-30T04:14:12Z,2,0,1,15.05,34,210
2026-07-30T04:14:12Z,3,0,1,18.90,32,210
2026-07-30T04:14:12Z,4,0,29902,18.00,30,210
2026-07-30T04:14:12Z,5,0,29900,14.18,33,210
2026-07-30T04:14:12Z,6,0,17358,38.93,43,390
2026-07-30T04:14:12Z,7,0,17358,14.03,41,210
2026-07-30T04:14:14Z,0,100,31776,431.46,72,2647
2026-07-30T04:14:14Z,1,100,32096,449.87,69,2595
2026-07-30T04:14:14Z,2,0,1,13.99,34,210
2026-07-30T04:14:14Z,3,0,1,18.68,32,210
2026-07-30T04:14:14Z,4,0,29902,16.34,30,210
2026-07-30T04:14:14Z,5,0,29900,16.81,33,210
2026-07-30T04:14:14Z,6,0,17358,13.30,43,210
2026-07-30T04:14:14Z,7,0,17358,14.03,41,202
2026-07-30T04:14:15Z,0,100,31776,449.92,74,2422
2026-07-30T04:14:15Z,1,100,32096,450.14,70,2610
2026-07-30T04:14:15Z,2,0,1,13.68,34,210
2026-07-30T04:14:15Z,3,0,1,19.44,32,210
2026-07-30T04:14:15Z,4,0,29902,18.09,31,210
2026-07-30T04:14:15Z,5,0,29900,15.99,33,210
2026-07-30T04:14:15Z,6,0,17358,13.94,43,210
2026-07-30T04:14:15Z,7,3,17358,301.24,43,2902
2026-07-30T04:14:17Z,0,100,31776,450.46,72,2490
2026-07-30T04:14:17Z,1,100,32096,450.02,70,2610
2026-07-30T04:14:17Z,2,0,1,14.08,34,210
2026-07-30T04:14:17Z,3,0,1,16.43,32,210
2026-07-30T04:14:17Z,4,0,29902,16.75,31,210
2026-07-30T04:14:17Z,5,0,29900,15.32,33,210
2026-07-30T04:14:17Z,6,0,17358,12.34,43,210
2026-07-30T04:14:17Z,7,0,17358,93.59,42,2917
2026-07-30T04:14:18Z,0,100,31776,450.11,74,2580
2026-07-30T04:14:18Z,1,100,32096,449.58,70,2332
2026-07-30T04:14:18Z,2,0,1,13.15,34,210
2026-07-30T04:14:18Z,3,0,1,17.57,32,210
2026-07-30T04:14:18Z,4,0,29902,15.55,31,210
2026-07-30T04:14:18Z,5,0,29900,17.44,33,210
2026-07-30T04:14:18Z,6,0,17358,12.46,43,202
2026-07-30T04:14:18Z,7,0,17358,63.20,42,2430
2026-07-30T04:14:20Z,0,80,31776,369.34,71,2760
2026-07-30T04:14:20Z,1,95,32096,450.05,71,2422
2026-07-30T04:14:20Z,2,0,1,15.06,34,210
2026-07-30T04:14:20Z,3,0,1,17.34,32,210
2026-07-30T04:14:20Z,4,0,29902,17.70,31,210
2026-07-30T04:14:20Z,5,0,29900,15.38,33,210
2026-07-30T04:14:20Z,6,0,17358,246.18,45,2917
2026-07-30T04:14:20Z,7,0,17358,66.36,42,2430
2026-07-30T04:14:21Z,0,100,31776,451.56,74,2572
2026-07-30T04:14:21Z,1,100,32096,450.19,69,2415
2026-07-30T04:14:21Z,2,0,1,14.84,34,210
2026-07-30T04:14:21Z,3,0,1,17.42,32,210
2026-07-30T04:14:21Z,4,0,29902,16.49,31,210
2026-07-30T04:14:21Z,5,0,29900,16.23,33,210
2026-07-30T04:14:21Z,6,0,17358,91.61,44,2550
2026-07-30T04:14:21Z,7,0,17358,63.60,42,2430
2026-07-30T04:14:23Z,0,100,31776,450.21,74,2595
2026-07-30T04:14:23Z,1,100,32096,449.77,70,2617
2026-07-30T04:14:23Z,2,0,1,14.70,34,210
2026-07-30T04:14:23Z,3,0,1,17.52,32,210
2026-07-30T04:14:23Z,4,0,29902,17.81,31,210
2026-07-30T04:14:23Z,5,0,29900,15.60,33,210
2026-07-30T04:14:23Z,6,0,17358,70.08,44,2430
2026-07-30T04:14:23Z,7,0,17358,64.81,42,2430
2026-07-30T04:14:26Z,0,99,31776,403.19,68,2797
2026-07-30T04:14:26Z,1,99,32096,438.78,66,2887
2026-07-30T04:14:26Z,2,0,1,12.69,34,210
2026-07-30T04:14:26Z,3,0,1,18.76,32,210
2026-07-30T04:14:26Z,4,0,29902,18.02,31,210
2026-07-30T04:14:26Z,5,0,29900,16.30,33,210
2026-07-30T04:14:26Z,6,0,17358,69.94,44,2430
2026-07-30T04:14:26Z,7,0,17358,65.35,42,2430
2026-07-30T04:14:28Z,0,100,31776,453.81,72,2580
2026-07-30T04:14:28Z,1,100,32096,463.70,69,2595
2026-07-30T04:14:28Z,2,0,1,14.03,34,210
2026-07-30T04:14:28Z,3,0,1,16.96,32,210
2026-07-30T04:14:28Z,4,0,29902,16.83,31,210
2026-07-30T04:14:28Z,5,0,29900,15.35,33,202
2026-07-30T04:14:28Z,6,0,17358,66.96,44,2430
2026-07-30T04:14:28Z,7,0,17358,65.59,42,2430
2026-07-30T04:14:29Z,0,100,31776,450.07,74,2565
2026-07-30T04:14:29Z,1,100,32096,449.92,70,2602
2026-07-30T04:14:29Z,2,0,1,13.19,34,210
2026-07-30T04:14:29Z,3,0,1,17.94,32,210
2026-07-30T04:14:29Z,4,0,29902,16.43,30,210
2026-07-30T04:14:29Z,5,0,29900,17.06,33,210
2026-07-30T04:14:29Z,6,0,17358,69.88,44,2430
2026-07-30T04:14:29Z,7,0,17358,63.49,42,2430
2026-07-30T04:14:31Z,0,100,31776,449.84,74,2572
2026-07-30T04:14:31Z,1,67,32096,433.13,65,2872
2026-07-30T04:14:31Z,2,0,1,15.66,34,210
2026-07-30T04:14:31Z,3,0,1,16.35,32,210
2026-07-30T04:14:31Z,4,0,29902,17.21,31,210
2026-07-30T04:14:31Z,5,0,29900,14.56,33,210
2026-07-30T04:14:31Z,6,0,17358,67.26,44,2430
2026-07-30T04:14:31Z,7,0,17358,65.97,42,2430
2026-07-30T04:14:32Z,0,100,31776,449.52,74,2587
2026-07-30T04:14:32Z,1,100,32096,461.18,69,2602
2026-07-30T04:14:32Z,2,0,1,12.52,34,210
2026-07-30T04:14:32Z,3,0,1,16.81,32,210
2026-07-30T04:14:32Z,4,0,29902,16.33,30,210
2026-07-30T04:14:32Z,5,0,29900,15.88,33,210
2026-07-30T04:14:32Z,6,0,17358,68.24,44,2430
2026-07-30T04:14:32Z,7,0,17358,52.66,41,540
2026-07-30T04:14:34Z,0,100,31776,449.82,74,2580
2026-07-30T04:14:34Z,1,100,32096,449.63,70,2617
2026-07-30T04:14:34Z,2,0,1,13.71,34,210
2026-07-30T04:14:34Z,3,0,1,18.85,32,210
2026-07-30T04:14:34Z,4,0,29902,17.79,30,210
2026-07-30T04:14:34Z,5,0,29900,15.69,33,202
2026-07-30T04:14:34Z,6,0,17358,68.48,44,2430
2026-07-30T04:14:34Z,7,0,17358,22.40,41,375
2026-07-30T04:14:35Z,0,99,31776,407.41,68,2790
2026-07-30T04:14:35Z,1,100,32096,449.77,70,2595
2026-07-30T04:14:35Z,2,0,1,14.23,34,210
2026-07-30T04:14:35Z,3,0,1,17.20,32,210
2026-07-30T04:14:35Z,4,0,29902,17.46,30,210
2026-07-30T04:14:35Z,5,0,29900,15.63,33,210
2026-07-30T04:14:35Z,6,0,17358,67.75,44,2430
2026-07-30T04:14:35Z,7,0,17358,14.32,40,210
2026-07-30T04:14:37Z,0,100,31776,383.53,73,2775
2026-07-30T04:14:37Z,1,100,32096,449.61,70,2392
2026-07-30T04:14:37Z,2,0,1,12.97,34,210
2026-07-30T04:14:37Z,3,0,1,19.18,32,210
2026-07-30T04:14:37Z,4,0,29902,16.98,30,210
2026-07-30T04:14:37Z,5,0,29900,16.81,33,210
2026-07-30T04:14:37Z,6,0,17358,46.32,43,465
2026-07-30T04:14:37Z,7,0,17358,12.56,40,202
2026-07-30T04:14:38Z,0,100,31776,449.58,72,2235
2026-07-30T04:14:38Z,1,99,32096,447.98,66,2497
2026-07-30T04:14:38Z,2,0,1,15.25,34,210
2026-07-30T04:14:38Z,3,0,1,17.17,32,210
2026-07-30T04:14:38Z,4,0,29902,17.99,30,210
2026-07-30T04:14:38Z,5,0,29900,14.24,33,210
2026-07-30T04:14:38Z,6,0,17358,11.73,43,210
2026-07-30T04:14:38Z,7,0,17358,14.90,40,210
2026-07-30T04:14:40Z,0,100,31776,450.20,72,2385
2026-07-30T04:14:40Z,1,100,32096,426.12,66,2820
2026-07-30T04:14:40Z,2,0,1,12.60,34,210
2026-07-30T04:14:40Z,3,0,1,19.50,32,210
2026-07-30T04:14:40Z,4,0,29902,16.68,30,210
2026-07-30T04:14:40Z,5,0,29900,17.15,33,202
2026-07-30T04:14:40Z,6,0,17358,12.59,43,210
2026-07-30T04:14:40Z,7,0,17358,12.64,40,210
2026-07-30T04:14:44Z,0,100,31776,411.44,75,2767
2026-07-30T04:14:44Z,1,100,32096,450.44,69,2587
2026-07-30T04:14:44Z,2,0,1,12.02,34,210
2026-07-30T04:14:44Z,3,0,1,18.48,32,210
2026-07-30T04:14:44Z,4,0,29902,17.14,30,210
2026-07-30T04:14:44Z,5,0,29900,16.98,33,210
2026-07-30T04:14:44Z,6,0,17358,136.38,45,2917
2026-07-30T04:14:44Z,7,0,17358,79.98,41,2430
2026-07-30T04:14:45Z,0,99,31776,449.40,72,2250
2026-07-30T04:14:45Z,1,100,32096,449.88,69,2617
2026-07-30T04:14:45Z,2,0,1,13.63,34,210
2026-07-30T04:14:45Z,3,0,1,18.73,32,210
2026-07-30T04:14:45Z,4,0,29902,17.81,30,210
2026-07-30T04:14:45Z,5,0,29900,14.20,33,210
2026-07-30T04:14:45Z,6,0,17358,76.60,44,2430
2026-07-30T04:14:45Z,7,0,17358,65.61,41,2430
2026-07-30T04:14:47Z,0,99,31776,368.82,67,2797
2026-07-30T04:14:47Z,1,99,32096,424.61,65,2895
2026-07-30T04:14:47Z,2,0,1,12.50,34,210
2026-07-30T04:14:47Z,3,0,1,17.60,32,210
2026-07-30T04:14:47Z,4,0,29902,16.23,30,210
2026-07-30T04:14:47Z,5,0,29900,18.21,33,210
2026-07-30T04:14:47Z,6,0,17358,68.81,44,2430
2026-07-30T04:14:47Z,7,0,17358,62.84,41,2430
2026-07-30T04:14:48Z,0,100,31776,467.93,74,2580
2026-07-30T04:14:48Z,1,100,32096,454.34,69,2602
2026-07-30T04:14:48Z,2,0,1,12.92,34,210
2026-07-30T04:14:48Z,3,0,1,19.37,32,210
2026-07-30T04:14:48Z,4,0,29902,17.80,30,210
2026-07-30T04:14:48Z,5,0,29900,16.04,33,210
2026-07-30T04:14:48Z,6,0,17358,69.81,44,2430
2026-07-30T04:14:48Z,7,0,17358,64.54,41,2430
2026-07-30T04:14:50Z,0,100,31776,450.23,74,2580
2026-07-30T04:14:50Z,1,100,32096,449.62,70,2602
2026-07-30T04:14:50Z,2,0,1,15.43,34,210
2026-07-30T04:14:50Z,3,0,1,16.68,32,210
2026-07-30T04:14:50Z,4,0,29902,15.37,30,210
2026-07-30T04:14:50Z,5,0,29900,15.25,33,210
2026-07-30T04:14:50Z,6,0,17358,67.42,44,2430
2026-07-30T04:14:50Z,7,0,17358,64.66,41,2430
2026-07-30T04:14:51Z,0,100,31776,449.60,73,2595
2026-07-30T04:14:51Z,1,99,32096,429.70,70,2790
2026-07-30T04:14:51Z,2,0,1,12.91,34,210
2026-07-30T04:14:51Z,3,0,1,17.82,32,210
2026-07-30T04:14:51Z,4,0,29902,16.68,30,210
2026-07-30T04:14:51Z,5,0,29900,18.07,33,210
2026-07-30T04:14:51Z,6,0,17358,69.71,44,2430
2026-07-30T04:14:51Z,7,0,17358,63.04,41,2430
2026-07-30T04:14:53Z,0,100,31776,449.64,73,2475
2026-07-30T04:14:53Z,1,100,32096,460.82,70,2602
2026-07-30T04:14:53Z,2,0,1,15.09,34,210
2026-07-30T04:14:53Z,3,0,1,16.28,32,210
2026-07-30T04:14:53Z,4,0,29902,17.16,30,210
2026-07-30T04:14:53Z,5,0,29900,14.52,33,210
2026-07-30T04:14:53Z,6,0,17358,67.97,44,2430
2026-07-30T04:14:53Z,7,0,17358,65.52,41,2430
2026-07-30T04:14:54Z,0,100,31776,435.23,68,2302
2026-07-30T04:14:54Z,1,100,32096,427.75,65,2895
2026-07-30T04:14:54Z,2,0,1,14.81,34,210
2026-07-30T04:14:54Z,3,0,1,16.70,32,210
2026-07-30T04:14:54Z,4,0,29902,16.23,30,210
2026-07-30T04:14:54Z,5,0,29900,15.73,33,210
2026-07-30T04:14:54Z,6,0,17358,68.59,44,2430
2026-07-30T04:14:54Z,7,0,17358,62.68,41,2430
2026-07-30T04:14:56Z,0,100,31776,443.19,74,2580
2026-07-30T04:14:56Z,1,99,32096,411.55,65,2895
2026-07-30T04:14:56Z,2,0,1,15.17,34,210
2026-07-30T04:14:56Z,3,0,1,19.38,32,210
2026-07-30T04:14:56Z,4,0,29902,19.14,30,210
2026-07-30T04:14:56Z,5,0,29900,14.60,33,210
2026-07-30T04:14:56Z,6,0,17358,69.03,44,2430
2026-07-30T04:14:56Z,7,0,17358,64.76,41,2430
2026-07-30T04:14:57Z,0,100,31776,449.69,74,2640
2026-07-30T04:14:57Z,1,100,32096,453.88,70,2602
2026-07-30T04:14:57Z,2,0,1,15.55,34,210
2026-07-30T04:14:57Z,3,0,1,16.34,32,210
2026-07-30T04:14:57Z,4,0,29902,17.88,30,210
2026-07-30T04:14:57Z,5,0,29900,14.85,33,210
2026-07-30T04:14:57Z,6,0,17358,67.45,44,2430
2026-07-30T04:14:57Z,7,0,17358,64.69,41,2430
2026-07-30T04:15:01Z,0,98,31776,417.63,68,2767
2026-07-30T04:15:01Z,1,100,32096,450.17,70,2602
2026-07-30T04:15:01Z,2,0,1,14.61,34,210
2026-07-30T04:15:01Z,3,0,1,17.01,32,210
2026-07-30T04:15:01Z,4,0,29902,16.72,30,210
2026-07-30T04:15:01Z,5,0,29900,15.28,33,210
2026-07-30T04:15:01Z,6,0,17358,53.96,43,465
2026-07-30T04:15:01Z,7,0,17358,24.49,40,375
2026-07-30T04:15:02Z,0,97,31776,391.41,71,2797
2026-07-30T04:15:02Z,1,99,32096,432.30,65,2895
2026-07-30T04:15:02Z,2,0,1,13.73,34,210
2026-07-30T04:15:02Z,3,0,1,19.71,32,210
2026-07-30T04:15:02Z,4,0,29902,17.06,30,210
2026-07-30T04:15:02Z,5,0,29900,17.51,33,210
2026-07-30T04:15:02Z,6,0,17358,14.98,43,210
2026-07-30T04:15:02Z,7,0,17358,12.75,40,210
2026-07-30T04:15:04Z,0,100,31776,453.79,73,2587
2026-07-30T04:15:04Z,1,99,32096,435.22,65,2895
2026-07-30T04:15:04Z,2,0,1,15.26,34,210
2026-07-30T04:15:04Z,3,0,1,18.45,32,210
2026-07-30T04:15:04Z,4,0,29902,17.43,30,210
2026-07-30T04:15:04Z,5,0,29900,15.04,33,210
2026-07-30T04:15:04Z,6,0,17358,12.61,43,210
2026-07-30T04:15:04Z,7,0,17358,12.87,40,210
2026-07-30T04:15:05Z,0,100,31776,449.47,73,2580
2026-07-30T04:15:05Z,1,100,32096,451.54,70,2610
2026-07-30T04:15:05Z,2,0,1,12.70,34,210
2026-07-30T04:15:05Z,3,0,1,17.51,31,210
2026-07-30T04:15:05Z,4,0,29902,15.59,30,210
2026-07-30T04:15:05Z,5,0,29900,17.60,33,210
2026-07-30T04:15:05Z,6,0,17358,12.58,43,210
2026-07-30T04:15:05Z,7,27,17358,229.80,43,2805
2026-07-30T04:15:07Z,0,100,31776,449.69,74,2602
2026-07-30T04:15:07Z,1,100,32096,450.19,70,2610
2026-07-30T04:15:07Z,2,0,1,13.84,34,210
2026-07-30T04:15:07Z,3,0,1,19.17,32,210
2026-07-30T04:15:07Z,4,0,29902,18.26,30,210
2026-07-30T04:15:07Z,5,0,29900,14.49,33,210
2026-07-30T04:15:07Z,6,0,17358,13.01,43,210
2026-07-30T04:15:07Z,7,0,17358,96.55,42,2917
2026-07-30T04:15:08Z,0,99,31776,422.62,68,2595
2026-07-30T04:15:08Z,1,100,32096,449.90,70,2617
2026-07-30T04:15:08Z,2,0,1,14.34,34,210
2026-07-30T04:15:08Z,3,0,1,16.72,32,210
2026-07-30T04:15:08Z,4,0,29902,17.39,30,210
2026-07-30T04:15:08Z,5,0,29900,15.02,33,210
2026-07-30T04:15:08Z,6,0,17358,11.32,42,210
2026-07-30T04:15:08Z,7,0,17358,64.25,41,2430
2026-07-30T04:15:10Z,0,100,31776,381.06,68,2767
2026-07-30T04:15:10Z,1,100,32096,449.91,70,2535
2026-07-30T04:15:10Z,2,0,1,13.18,34,210
2026-07-30T04:15:10Z,3,0,1,18.86,32,210
2026-07-30T04:15:10Z,4,0,29902,17.70,30,210
2026-07-30T04:15:10Z,5,0,29900,17.23,33,210
2026-07-30T04:15:10Z,6,0,17358,13.40,42,210
2026-07-30T04:15:10Z,7,0,17358,63.79,41,2430
2026-07-30T04:15:11Z,0,100,31776,407.83,74,2760
2026-07-30T04:15:11Z,1,100,32096,450.34,68,2325
2026-07-30T04:15:11Z,2,0,1,14.70,34,210
2026-07-30T04:15:11Z,3,0,1,17.60,32,210
2026-07-30T04:15:11Z,4,0,29902,18.11,30,210
2026-07-30T04:15:11Z,5,0,29900,14.42,33,210
2026-07-30T04:15:11Z,6,0,17358,12.01,42,210
2026-07-30T04:15:11Z,7,0,17358,65.24,41,2430
2026-07-30T04:15:13Z,0,92,31776,447.63,74,2227
2026-07-30T04:15:13Z,1,100,32096,450.27,69,2595
2026-07-30T04:15:13Z,2,0,1,13.75,34,210
2026-07-30T04:15:13Z,3,0,1,18.72,31,210
2026-07-30T04:15:13Z,4,0,29902,16.02,30,210
2026-07-30T04:15:13Z,5,0,29900,17.02,33,210
2026-07-30T04:15:13Z,6,0,17358,11.73,42,210
2026-07-30T04:15:13Z,7,0,17358,62.52,41,2430
2026-07-30T04:15:14Z,0,100,31776,450.15,72,2595
2026-07-30T04:15:14Z,1,99,32096,400.76,65,2895
2026-07-30T04:15:14Z,2,0,1,15.04,34,210
2026-07-30T04:15:14Z,3,0,1,19.03,32,210
2026-07-30T04:15:14Z,4,0,29902,18.97,30,210
2026-07-30T04:15:14Z,5,0,29900,16.45,33,210
2026-07-30T04:15:14Z,6,0,17358,12.99,42,210
2026-07-30T04:15:14Z,7,0,17358,65.79,41,2430
2026-07-30T04:15:18Z,0,100,31776,450.45,72,2257
2026-07-30T04:15:18Z,1,100,32096,436.89,70,2625
2026-07-30T04:15:18Z,2,0,1,13.93,34,210
2026-07-30T04:15:18Z,3,0,1,17.77,32,210
2026-07-30T04:15:18Z,4,0,29902,17.56,30,210
2026-07-30T04:15:18Z,5,0,29900,14.37,33,210
2026-07-30T04:15:18Z,6,0,17358,68.95,44,2430
2026-07-30T04:15:18Z,7,0,17358,65.29,41,2430
2026-07-30T04:15:20Z,0,100,31776,450.48,72,2497
2026-07-30T04:15:20Z,1,88,32096,421.98,69,2880
2026-07-30T04:15:20Z,2,0,1,13.02,34,210
2026-07-30T04:15:20Z,3,0,1,18.00,32,210
2026-07-30T04:15:20Z,4,0,29902,15.97,30,202
2026-07-30T04:15:20Z,5,0,29900,16.64,33,210
2026-07-30T04:15:20Z,6,0,17358,67.88,43,2430
2026-07-30T04:15:20Z,7,0,17358,63.55,41,2430
2026-07-30T04:15:21Z,0,100,31776,449.81,74,2587
2026-07-30T04:15:21Z,1,100,32096,465.48,69,2602
2026-07-30T04:15:21Z,2,0,1,13.23,34,210
2026-07-30T04:15:21Z,3,0,1,18.56,31,210
2026-07-30T04:15:21Z,4,0,29902,16.60,30,210
2026-07-30T04:15:21Z,5,0,29900,15.90,33,210
2026-07-30T04:15:21Z,6,0,17358,69.44,43,2430
2026-07-30T04:15:21Z,7,0,17358,63.95,41,2430
2026-07-30T04:15:23Z,0,100,31776,449.60,74,2580
2026-07-30T04:15:23Z,1,100,32096,449.58,70,2602
2026-07-30T04:15:23Z,2,0,1,15.60,34,210
2026-07-30T04:15:23Z,3,0,1,16.61,32,210
2026-07-30T04:15:23Z,4,0,29902,17.29,30,210
2026-07-30T04:15:23Z,5,0,29900,16.06,33,210
2026-07-30T04:15:23Z,6,0,17358,66.77,43,2430
2026-07-30T04:15:23Z,7,0,17358,47.74,40,435
2026-07-30T04:15:24Z,0,87,31776,380.28,68,2797
2026-07-30T04:15:24Z,1,99,32096,431.79,65,2895
2026-07-30T04:15:24Z,2,0,1,12.91,34,210
2026-07-30T04:15:24Z,3,0,1,17.60,31,210
2026-07-30T04:15:24Z,4,0,29902,16.31,30,210
2026-07-30T04:15:24Z,5,0,29900,17.42,33,210
2026-07-30T04:15:24Z,6,0,17358,68.82,43,2430
2026-07-30T04:15:24Z,7,0,17358,12.44,40,217
2026-07-30T04:15:26Z,0,100,31776,450.93,72,2572
2026-07-30T04:15:26Z,1,100,32096,452.99,70,2602
2026-07-30T04:15:26Z,2,0,1,16.00,34,210
2026-07-30T04:15:26Z,3,0,1,15.99,32,210
2026-07-30T04:15:26Z,4,0,29902,18.05,30,202
2026-07-30T04:15:26Z,5,0,29900,13.83,33,210
2026-07-30T04:15:26Z,6,0,17358,68.00,43,2430
2026-07-30T04:15:26Z,7,0,17358,13.20,40,210
2026-07-30T04:15:27Z,0,99,31776,387.23,68,2767
2026-07-30T04:15:27Z,1,100,32096,449.92,70,2602
2026-07-30T04:15:27Z,2,0,1,14.31,34,210
2026-07-30T04:15:27Z,3,0,1,16.70,31,210
2026-07-30T04:15:27Z,4,0,29902,15.79,30,210
2026-07-30T04:15:27Z,5,0,29900,15.51,33,210
2026-07-30T04:15:27Z,6,0,17358,68.69,43,2430
2026-07-30T04:15:27Z,7,0,17358,13.47,40,210
2026-07-30T04:15:29Z,0,100,31776,452.09,74,2595
2026-07-30T04:15:29Z,1,100,32096,441.32,70,2835
2026-07-30T04:15:29Z,2,0,1,14.10,34,210
2026-07-30T04:15:29Z,3,0,1,19.07,31,210
2026-07-30T04:15:29Z,4,0,29902,18.80,30,210
2026-07-30T04:15:29Z,5,0,29900,15.77,33,210
2026-07-30T04:15:29Z,6,0,17358,68.54,43,2430
2026-07-30T04:15:29Z,7,0,17358,12.20,40,210
2026-07-30T04:15:30Z,0,100,31776,449.84,73,2572
2026-07-30T04:15:30Z,1,100,32096,450.24,68,2280
2026-07-30T04:15:30Z,2,0,1,15.89,34,210
2026-07-30T04:15:30Z,3,0,1,15.99,31,210
2026-07-30T04:15:30Z,4,0,29902,16.36,30,210
2026-07-30T04:15:30Z,5,0,29900,14.57,33,210
2026-07-30T04:15:30Z,6,0,17358,67.20,43,2430
2026-07-30T04:15:30Z,7,0,17358,13.27,40,210
2026-07-30T04:15:32Z,0,100,31776,450.09,72,2572
2026-07-30T04:15:32Z,1,100,32096,450.73,69,2610
2026-07-30T04:15:32Z,2,0,1,13.10,34,210
2026-07-30T04:15:32Z,3,0,1,18.83,31,210
2026-07-30T04:15:32Z,4,0,29902,17.92,30,210
2026-07-30T04:15:32Z,5,0,29900,16.70,33,210
2026-07-30T04:15:32Z,6,0,17358,69.14,43,2430
2026-07-30T04:15:32Z,7,0,17358,12.53,40,210
2026-07-30T04:15:35Z,0,100,31776,450.23,74,2572
2026-07-30T04:15:35Z,1,100,32096,449.09,70,2685
2026-07-30T04:15:35Z,2,0,1,13.56,34,210
2026-07-30T04:15:35Z,3,0,1,17.41,31,210
2026-07-30T04:15:35Z,4,0,29902,15.78,30,210
2026-07-30T04:15:35Z,5,0,29900,17.40,33,210
2026-07-30T04:15:35Z,6,0,17358,13.35,42,210
2026-07-30T04:15:35Z,7,0,17358,11.86,40,210
2026-07-30T04:15:37Z,0,100,31776,450.17,73,2587
2026-07-30T04:15:37Z,1,99,32096,449.29,70,2310
2026-07-30T04:15:37Z,2,0,1,14.85,34,210
2026-07-30T04:15:37Z,3,0,1,16.39,31,210
2026-07-30T04:15:37Z,4,0,29902,17.80,30,210
2026-07-30T04:15:37Z,5,0,29900,14.96,33,210
2026-07-30T04:15:37Z,6,0,17358,12.57,42,210
2026-07-30T04:15:37Z,7,0,17358,12.71,40,210
2026-07-30T04:15:38Z,0,100,31776,449.90,73,2587
2026-07-30T04:15:38Z,1,100,32096,450.45,69,2527
2026-07-30T04:15:38Z,2,0,1,12.81,34,210
2026-07-30T04:15:38Z,3,0,1,16.90,31,210
2026-07-30T04:15:38Z,4,0,29902,15.16,30,210
2026-07-30T04:15:38Z,5,0,29900,15.61,33,210
2026-07-30T04:15:38Z,6,0,17358,12.07,42,210
2026-07-30T04:15:38Z,7,8,17358,13.45,39,210
2026-07-30T04:15:40Z,0,100,31776,437.88,68,2557
2026-07-30T04:15:40Z,1,99,32096,427.09,65,2895
2026-07-30T04:15:40Z,2,0,1,14.70,34,210
2026-07-30T04:15:40Z,3,0,1,18.41,31,210
2026-07-30T04:15:40Z,4,0,29902,18.73,30,210
2026-07-30T04:15:40Z,5,0,29900,14.37,33,210
2026-07-30T04:15:40Z,6,0,17358,313.18,45,2835
2026-07-30T04:15:40Z,7,0,17358,182.54,42,2917
2026-07-30T04:15:41Z,0,85,31776,382.34,72,2797
2026-07-30T04:15:41Z,1,100,32096,451.20,70,2595
2026-07-30T04:15:41Z,2,0,1,12.61,34,210
2026-07-30T04:15:41Z,3,0,1,17.55,31,210
2026-07-30T04:15:41Z,4,0,29902,16.81,30,210
2026-07-30T04:15:41Z,5,0,29900,14.76,33,210
2026-07-30T04:15:41Z,6,0,17358,94.46,44,2917
2026-07-30T04:15:41Z,7,0,17358,78.22,41,2430
2026-07-30T04:15:43Z,0,100,31776,450.48,71,2452
2026-07-30T04:15:43Z,1,100,32096,449.84,70,2610
2026-07-30T04:15:43Z,2,0,1,13.51,34,210
2026-07-30T04:15:43Z,3,0,1,18.86,31,210
2026-07-30T04:15:43Z,4,0,29902,17.66,30,210
2026-07-30T04:15:43Z,5,0,29900,16.31,33,210
2026-07-30T04:15:43Z,6,0,17358,69.49,43,2430
2026-07-30T04:15:43Z,7,0,17358,63.75,41,2430
2026-07-30T04:15:44Z,0,99,31776,349.88,67,2797
2026-07-30T04:15:44Z,1,99,32096,440.04,66,2797
2026-07-30T04:15:44Z,2,0,1,15.92,34,210
2026-07-30T04:15:44Z,3,0,1,17.86,31,210
2026-07-30T04:15:44Z,4,0,29902,18.68,30,210
2026-07-30T04:15:44Z,5,0,29900,15.33,33,210
2026-07-30T04:15:44Z,6,0,17358,67.76,43,2430
2026-07-30T04:15:44Z,7,0,17358,65.50,41,2430
2026-07-30T04:15:46Z,0,100,31776,451.92,74,2580
2026-07-30T04:15:46Z,1,58,32096,418.34,63,2895
2026-07-30T04:15:46Z,2,0,1,12.13,34,210
2026-07-30T04:15:46Z,3,0,1,18.05,31,210
2026-07-30T04:15:46Z,4,0,29902,15.94,30,210
2026-07-30T04:15:46Z,5,0,29900,17.48,33,210
2026-07-30T04:15:46Z,6,0,17358,69.57,43,2430
2026-07-30T04:15:46Z,7,0,17358,62.42,41,2430
2026-07-30T04:15:47Z,0,100,31936,445.29,74,2557
2026-07-30T04:15:47Z,1,99,32096,408.72,65,2887
2026-07-30T04:15:47Z,2,0,1,14.15,34,210
2026-07-30T04:15:47Z,3,0,1,19.05,31,210
2026-07-30T04:15:47Z,4,0,29902,17.24,30,210
2026-07-30T04:15:47Z,5,0,29900,16.43,33,210
2026-07-30T04:15:47Z,6,0,17358,68.75,43,2430
2026-07-30T04:15:47Z,7,0,17358,65.46,41,2430
2026-07-30T04:15:49Z,0,100,31936,449.89,74,2572
2026-07-30T04:15:49Z,1,100,32096,450.52,68,2497
2026-07-30T04:15:49Z,2,0,1,15.09,34,210
2026-07-30T04:15:49Z,3,0,1,16.51,31,202
2026-07-30T04:15:49Z,4,0,29902,16.27,30,210
2026-07-30T04:15:49Z,5,0,29900,15.60,33,210
2026-07-30T04:15:49Z,6,0,17358,68.44,43,2430
2026-07-30T04:15:49Z,7,0,17358,63.53,41,2430
2026-07-30T04:15:52Z,0,100,31936,449.64,74,2572
2026-07-30T04:15:52Z,1,100,32096,450.31,68,2527
2026-07-30T04:15:52Z,2,0,1,13.07,34,210
2026-07-30T04:15:52Z,3,0,1,15.55,31,210
2026-07-30T04:15:52Z,4,0,29902,16.03,30,210
2026-07-30T04:15:52Z,5,0,29900,14.25,33,210
2026-07-30T04:15:52Z,6,0,17358,67.93,43,2430
2026-07-30T04:15:52Z,7,0,17358,63.78,41,2430
2026-07-30T04:15:54Z,0,100,31936,449.78,74,2587
2026-07-30T04:15:54Z,1,99,32096,425.75,65,2895
2026-07-30T04:15:54Z,2,0,1,13.05,34,210
2026-07-30T04:15:54Z,3,0,1,19.94,31,210
2026-07-30T04:15:54Z,4,0,29902,16.82,30,210
2026-07-30T04:15:54Z,5,0,29900,16.89,33,210
2026-07-30T04:15:54Z,6,0,17358,70.64,43,2430
2026-07-30T04:15:54Z,7,0,17358,63.45,41,2430
2026-07-30T04:15:55Z,0,100,31936,449.84,73,2677
2026-07-30T04:15:55Z,1,100,32096,459.30,70,2602
2026-07-30T04:15:55Z,2,0,1,15.29,34,210
2026-07-30T04:15:55Z,3,0,1,17.67,31,202
2026-07-30T04:15:55Z,4,0,29902,18.46,30,210
2026-07-30T04:15:55Z,5,0,29900,14.13,33,210
2026-07-30T04:15:55Z,6,0,17358,67.42,43,2430
2026-07-30T04:15:55Z,7,0,17358,65.31,41,2430
2026-07-30T04:15:57Z,0,99,31936,444.86,69,2325
2026-07-30T04:15:57Z,1,100,32096,449.86,70,2617
2026-07-30T04:15:57Z,2,0,1,13.46,34,210
2026-07-30T04:15:57Z,3,0,1,17.44,31,210
2026-07-30T04:15:57Z,4,0,29902,15.80,30,210
2026-07-30T04:15:57Z,5,0,29900,17.19,33,210
2026-07-30T04:15:57Z,6,0,17358,68.98,43,2430
2026-07-30T04:15:57Z,7,0,17358,31.53,40,375
2026-07-30T04:15:58Z,0,92,31936,371.45,68,2767
2026-07-30T04:15:58Z,1,99,32096,428.10,65,2820
2026-07-30T04:15:58Z,2,0,1,15.35,34,210
2026-07-30T04:15:58Z,3,0,1,19.21,31,210
2026-07-30T04:15:58Z,4,0,29902,18.58,30,210
2026-07-30T04:15:58Z,5,0,29900,15.18,33,210
2026-07-30T04:15:58Z,6,0,17358,24.47,42,352
2026-07-30T04:15:58Z,7,0,17358,13.78,40,217
2026-07-30T04:16:00Z,0,99,31936,377.19,68,2767
2026-07-30T04:16:00Z,1,100,32096,436.46,70,2662
2026-07-30T04:16:00Z,2,0,1,15.26,34,210
2026-07-30T04:16:00Z,3,0,1,17.55,31,210
2026-07-30T04:16:00Z,4,0,29902,15.47,30,210
2026-07-30T04:16:00Z,5,0,29900,16.64,33,210
2026-07-30T04:16:00Z,6,0,17358,12.68,42,210
2026-07-30T04:16:00Z,7,0,17358,14.34,40,210
2026-07-30T04:16:01Z,0,100,31936,466.39,73,2587
2026-07-30T04:16:01Z,1,100,32096,450.17,70,2475
2026-07-30T04:16:01Z,2,0,1,14.90,34,210
2026-07-30T04:16:01Z,3,0,1,19.84,31,210
2026-07-30T04:16:01Z,4,0,29902,17.47,30,210
2026-07-30T04:16:01Z,5,0,29900,16.98,33,210
2026-07-30T04:16:01Z,6,0,17358,13.32,42,210
2026-07-30T04:16:01Z,7,0,17358,12.11,39,210
2026-07-30T04:16:03Z,0,100,31936,449.74,73,2587
2026-07-30T04:16:03Z,1,100,32096,450.36,68,2445
2026-07-30T04:16:03Z,2,0,1,15.32,34,210
2026-07-30T04:16:03Z,3,0,1,17.12,31,210
2026-07-30T04:16:03Z,4,0,29902,16.50,30,210
2026-07-30T04:16:03Z,5,0,29900,14.50,33,210
2026-07-30T04:16:03Z,6,0,17358,12.18,42,210
2026-07-30T04:16:03Z,7,0,17358,257.85,42,2917
2026-07-30T04:16:04Z,0,100,31936,450.13,73,2572
2026-07-30T04:16:04Z,1,100,32096,450.18,69,2617
2026-07-30T04:16:04Z,2,0,1,13.70,34,210
2026-07-30T04:16:04Z,3,0,1,18.18,31,210
2026-07-30T04:16:04Z,4,0,29902,16.91,30,210
2026-07-30T04:16:04Z,5,0,29900,17.75,33,210
2026-07-30T04:16:04Z,6,0,17358,12.88,42,210
2026-07-30T04:16:04Z,7,0,17358,82.90,41,2430
2026-07-30T04:16:06Z,0,100,31936,419.35,68,2797
2026-07-30T04:16:06Z,1,87,32096,424.89,68,2895
2026-07-30T04:16:06Z,2,0,1,14.76,34,210
2026-07-30T04:16:06Z,3,0,1,18.53,31,210
2026-07-30T04:16:06Z,4,0,29902,18.42,30,210
2026-07-30T04:16:06Z,5,0,29900,15.05,33,210
2026-07-30T04:16:06Z,6,100,17358,163.10,52,1957
2026-07-30T04:16:06Z,7,0,17358,65.25,41,2430
2026-07-30T04:16:10Z,0,100,31936,449.89,73,2580
2026-07-30T04:16:10Z,1,100,32096,414.78,69,2842
2026-07-30T04:16:10Z,2,0,1,15.14,34,210
2026-07-30T04:16:10Z,3,0,1,18.65,31,210
2026-07-30T04:16:10Z,4,0,29902,18.09,30,210
2026-07-30T04:16:10Z,5,0,29900,15.45,33,210
2026-07-30T04:16:10Z,6,0,17358,68.89,43,2430
2026-07-30T04:16:10Z,7,0,17358,65.17,41,2430
2026-07-30T04:16:11Z,0,0,31936,242.62,63,2820
2026-07-30T04:16:11Z,1,100,32096,450.41,62,2310
2026-07-30T04:16:11Z,2,0,1,14.10,34,210
2026-07-30T04:16:11Z,3,0,1,16.67,31,210
2026-07-30T04:16:11Z,4,0,29902,14.79,30,210
2026-07-30T04:16:11Z,5,0,29900,16.56,33,210
2026-07-30T04:16:11Z,6,0,17358,68.92,43,2430
2026-07-30T04:16:11Z,7,0,17358,63.04,41,2430
