Timestamp,User Count,Type,Name,Requests/s,Failures/s,50%,66%,75%,80%,90%,95%,98%,99%,99.9%,99.99%,100%,Total Request Count,Total Failure Count,Total Median Response Time,Total Average Response Time,Total Min Response Time,Total Max Response Time,Total Average Content Size
1785381783,0,,Aggregated,0.000000,0.000000,N/A,N/A,N/A,N/A,N/A,N/A,N/A,N/A,N/A,N/A,N/A,0,0,0,0.0,0,0,0
1785381784,0,,Aggregated,0.000000,0.000000,N/A,N/A,N/A,N/A,N/A,N/A,N/A,N/A,N/A,N/A,N/A,0,0,0,0.0,0,0,0
1785381785,8,,Aggregated,0.000000,0.000000,N/A,N/A,N/A,N/A,N/A,N/A,N/A,N/A,N/A,N/A,N/A,0,0,0,0.0,0,0,0
1785381786,8,,Aggregated,0.000000,0.000000,N/A,N/A,N/A,N/A,N/A,N/A,N/A,N/A,N/A,N/A,N/A,0,0,0,0.0,0,0,0
1785381787,8,TTFT,S2,0.000000,0.000000,0,0,0,0,0,0,0,0,0,0,0,8,0,390.0,387.59204587404383,335.8413969981484,417.0613830210641,1153.0
1785381787,8,total,S2,0.000000,0.000000,0,0,0,0,0,0,0,0,0,0,0,8,0,1914.9039080366492,1922.2372603762778,1914.9039080366492,1927.7906059869565,256.0
1785381787,8,,Aggregated,0.000000,0.000000,1900,1900,1900,1900,1900,1900,1900,1900,1900,1900,1900,16,0,420.0,1154.9146531251608,335.8413969981484,1927.7906059869565,704.5
1785381788,8,TTFT,S2,0.000000,0.000000,390,410,410,410,420,420,420,420,420,420,420,8,0,390.0,387.59204587404383,335.8413969981484,417.0613830210641,1153.0
1785381788,8,total,S2,0.000000,0.000000,1900,1900,1900,1900,1900,1900,1900,1900,1900,1900,1900,8,0,1914.9039080366492,1922.2372603762778,1914.9039080366492,1927.7906059869565,256.0
1785381788,8,,Aggregated,0.000000,0.000000,1900,1900,1900,1900,1900,1900,1900,1900,1900,1900,1900,16,0,420.0,1154.9146531251608,335.8413969981484,1927.7906059869565,704.5
1785381789,8,TTFT,S2,0.000000,0.000000,380,380,390,390,410,420,420,420,420,420,420,16,0,380.0,375.94097812325344,329.54798598075286,417.0613830210641,1153.0
1785381789,8,total,S2,0.000000,0.000000,1900,1900,1900,1900,1900,1900,1900,1900,1900,1900,1900,16,0,1900.0,1912.943527182506,1878.0141199822538,1927.7906059869565,256.0
1785381789,8,,Aggregated,0.000000,0.000000,1900,1900,1900,1900,1900,1900,1900,1900,1900,1900,1900,32,0,420.0,1144.4422526528797,329.54798598075286,1927.7906059869565,704.5
1785381790,8,TTFT,S2,1.600000,0.000000,370,380,390,390,410,420,420,420,420,420,420,20,0,370.0,372.3844338499475,324.9368449905887,417.0613830210641,1153.0
1785381790,8,total,S2,1.600000,0.000000,1900,1900,1900,1900,1900,1900,1900,1900,1900,1900,1900,20,0,1900.0,1901.2340015440714,1852.985113975592,1927.7906059869565,256.0
1785381790,8,,Aggregated,3.200000,0.000000,1900,1900,1900,1900,1900,1900,1900,1900,1900,1900,1900,40,0,420.0,1136.8092176970094,324.9368449905887,1927.7906059869565,704.5
1785381791,8,TTFT,S2,1.600000,0.000000,380,380,380,390,410,410,420,420,420,420,420,24,0,370.0,371.13421066654456,324.9368449905887,417.0613830210641,1153.0
1785381791,8,total,S2,1.600000,0.000000,1900,1900,1900,1900,1900,1900,1900,1900,1900,1900,1900,24,0,1900.0,1903.2281617425422,1852.985113975592,1927.7906059869565,256.0
1785381791,8,,Aggregated,3.200000,0.000000,1900,1900,1900,1900,1900,1900,1900,1900,1900,1900,1900,48,0,420.0,1137.1811862045433,324.9368449905887,1927.7906059869565,704.5
1785381792,8,TTFT,S2,2.285714,0.000000,370,380,380,380,390,410,420,420,420,420,420,32,0,370.0,367.02952602536243,319.2959420266561,417.0613830210641,1153.0
1785381792,8,total,S2,2.285714,0.000000,1900,1900,1900,1900,1900,1900,1900,1900,1900,1900,1900,32,0,1900.0,1900.3132603647828,1852.985113975592,1927.7906059869565,256.0
1785381792,8,,Aggregated,4.571429,0.000000,1900,1900,1900,1900,1900,1900,1900,1900,1900,1900,1900,64,0,420.0,1133.6713931950726,319.2959420266561,1927.7906059869565,704.5
1785381793,8,TTFT,S2,2.285714,0.000000,370,380,380,380,390,410,420,420,420,420,420,32,0,370.0,367.02952602536243,319.2959420266561,417.0613830210641,1153.0
1785381793,8,total,S2,2.285714,0.000000,1900,1900,1900,1900,1900,1900,1900,1900,1900,1900,1900,32,0,1900.0,1900.3132603647828,1852.985113975592,1927.7906059869565,256.0
1785381793,8,,Aggregated,4.571429,0.000000,1900,1900,1900,1900,1900,1900,1900,1900,1900,1900,1900,64,0,420.0,1133.6713931950726,319.2959420266561,1927.7906059869565,704.5
1785381794,8,TTFT,S2,2.666667,0.000000,370,370,380,380,390,410,420,420,420,420,420,40,0,370.0,362.0437838457292,304.05494099250063,417.0613830210641,1153.0
1785381794,8,total,S2,2.666667,0.000000,1900,1900,1900,1900,1900,1900,1900,1900,1900,1900,1900,40,0,1900.0,1893.969855864998,1834.5366480061784,1927.7906059869565,256.0
1785381794,8,,Aggregated,5.333333,0.000000,1800,1900,1900,1900,1900,1900,1900,1900,1900,1900,1900,80,0,420.0,1128.0068198553636,304.05494099250063,1927.7906059869565,704.5
1785381795,8,TTFT,S2,2.666667,0.000000,370,370,380,380,390,410,420,420,420,420,420,40,0,370.0,362.0437838457292,304.05494099250063,417.0613830210641,1153.0
1785381795,8,total,S2,2.666667,0.000000,1900,1900,1900,1900,1900,1900,1900,1900,1900,1900,1900,40,0,1900.0,1893.969855864998,1834.5366480061784,1927.7906059869565,256.0
1785381795,8,,Aggregated,5.333333,0.000000,1800,1900,1900,1900,1900,1900,1900,1900,1900,1900,1900,80,0,420.0,1128.0068198553636,304.05494099250063,1927.7906059869565,704.5
1785381796,8,TTFT,S2,3.200000,0.000000,370,370,380,380,390,410,420,420,420,420,420,48,0,370.0,361.35631445601274,304.05494099250063,417.0613830210641,1153.0
1785381796,8,total,S2,3.200000,0.000000,1900,1900,1900,1900,1900,1900,1900,1900,1900,1900,1900,48,0,1900.0,1895.4456008893128,1834.5366480061784,1942.3881340189837,256.0
1785381796,8,,Aggregated,6.400000,0.000000,1800,1900,1900,1900,1900,1900,1900,1900,1900,1900,1900,96,0,420.0,1128.4009576726628,304.05494099250063,1942.3881340189837,704.5
1785381797,8,TTFT,S2,3.200000,0.000000,370,370,370,380,380,390,390,390,390,390,390,48,0,370.0,361.35631445601274,304.05494099250063,417.0613830210641,1153.0
1785381797,8,total,S2,3.200000,0.000000,1900,1900,1900,1900,1900,1900,1900,1900,1900,1900,1900,48,0,1900.0,1895.4456008893128,1834.5366480061784,1942.3881340189837,256.0
1785381797,8,,Aggregated,6.400000,0.000000,1800,1900,1900,1900,1900,1900,1900,1900,1900,1900,1900,96,0,420.0,1128.4009576726628,304.05494099250063,1942.3881340189837,704.5
1785381798,8,TTFT,S2,4.000000,0.000000,360,370,370,370,380,390,390,390,390,390,390,56,0,360.0,359.17535371221936,304.05494099250063,417.0613830210641,1153.0
1785381798,8,total,S2,4.000000,0.000000,1900,1900,1900,1900,1900,1900,1900,1900,1900,1900,1900,56,0,1900.0,1894.5642014223267,1834.5366480061784,1942.3881340189837,256.0
1785381798,8,,Aggregated,8.000000,0.000000,1800,1900,1900,1900,1900,1900,1900,1900,1900,1900,1900,112,0,420.0,1126.869777567273,304.05494099250063,1942.3881340189837,704.5
1785381799,8,TTFT,S2,4.000000,0.000000,360,370,370,370,380,390,390,390,390,390,390,56,0,360.0,359.17535371221936,304.05494099250063,417.0613830210641,1153.0
1785381799,8,total,S2,4.000000,0.000000,1900,1900,1900,1900,1900,1900,1900,1900,1900,1900,1900,56,0,1900.0,1894.5642014223267,1834.5366480061784,1942.3881340189837,256.0
1785381799,8,,Aggregated,8.000000,0.000000,1800,1900,1900,1900,1900,1900,1900,1900,1900,1900,1900,112,0,420.0,1126.869777567273,304.05494099250063,1942.3881340189837,704.5
1785381800,8,TTFT,S2,4.000000,0.000000,360,360,370,370,380,390,390,390,390,390,390,64,0,360.0,357.631004324503,304.05494099250063,417.0613830210641,1153.0
1785381800,8,total,S2,4.000000,0.000000,1900,1900,1900,1900,1900,1900,1900,1900,1900,1900,1900,64,0,1900.0,1892.0420593349263,1834.5366480061784,1942.3881340189837,256.0
1785381800,8,,Aggregated,8.000000,0.000000,1800,1900,1900,1900,1900,1900,1900,1900,1900,1900,1900,128,0,420.0,1124.8365318297147,304.05494099250063,1942.3881340189837,704.5
1785381801,8,TTFT,S2,4.000000,0.000000,350,360,360,370,370,390,390,390,390,390,390,64,0,360.0,357.631004324503,304.05494099250063,417.0613830210641,1153.0
1785381801,8,total,S2,4.000000,0.000000,1900,1900,1900,1900,1900,1900,1900,1900,1900,1900,1900,64,0,1900.0,1892.0420593349263,1834.5366480061784,1942.3881340189837,256.0
1785381801,8,,Aggregated,8.000000,0.000000,1800,1900,1900,1900,1900,1900,1900,1900,1900,1900,1900,128,0,420.0,1124.8365318297147,304.05494099250063,1942.3881340189837,704.5
1785381802,8,TTFT,S2,4.400000,0.000000,350,360,360,370,370,390,390,390,390,390,390,72,0,360.0,356.2942599285937,302.84913204377517,417.0613830210641,1153.0
1785381802,8,total,S2,4.400000,0.000000,1900,1900,1900,1900,1900,1900,1900,1900,1900,1900,1900,72,0,1900.0,1891.5692834788288,1834.5366480061784,1942.3881340189837,256.0
1785381802,8,,Aggregated,8.800000,0.000000,1800,1900,1900,1900,1900,1900,1900,1900,1900,1900,1900,144,0,420.0,1123.931771703711,302.84913204377517,1942.3881340189837,704.5
1785381803,8,TTFT,S2,4.000000,0.000000,350,360,360,360,370,390,390,390,390,390,390,76,0,360.0,355.7479488533174,302.84913204377517,417.0613830210641,1153.0
1785381803,8,total,S2,4.000000,0.000000,1900,1900,1900,1900,1900,1900,1900,1900,1900,1900,1900,76,0,1900.0,1890.0649231111042,1834.5366480061784,1942.3881340189837,256.0
1785381803,8,,Aggregated,8.000000,0.000000,1800,1900,1900,1900,1900,1900,1900,1900,1900,1900,1900,152,0,420.0,1122.9064359822107,302.84913204377517,1942.3881340189837,704.5
1785381804,8,TTFT,S2,4.400000,0.000000,350,360,360,360,370,390,390,390,390,390,390,80,0,360.0,355.686475110997,302.84913204377517,417.0613830210641,1153.0
1785381804,8,total,S2,4.400000,0.000000,1900,1900,1900,1900,1900,1900,1900,1900,1900,1900,1900,80,0,1900.0,1890.2325092807587,1834.5366480061784,1942.3881340189837,256.0
1785381804,8,,Aggregated,8.800000,0.000000,1800,1900,1900,1900,1900,1900,1900,1900,1900,1900,1900,160,0,420.0,1122.9594921958778,302.84913204377517,1942.3881340189837,704.5
1785381805,8,TTFT,S2,4.000000,0.000000,350,360,360,360,370,390,390,390,390,390,390,84,0,360.0,355.0222589741073,302.84913204377517,417.0613830210641,1153.0
1785381805,8,total,S2,4.000000,0.000000,1900,1900,1900,1900,1900,1900,1900,1900,1900,1900,1900,84,0,1900.0,1888.1549838746043,1834.5366480061784,1942.3881340189837,256.0
1785381805,8,,Aggregated,8.000000,0.000000,1800,1900,1900,1900,1900,1900,1900,1900,1900,1900,1900,168,0,420.0,1121.5886214243558,302.84913204377517,1942.3881340189837,704.5
1785381806,8,TTFT,S2,4.000000,0.000000,350,360,360,360,370,390,390,390,390,390,390,88,0,360.0,354.81173187277324,302.84913204377517,417.0613830210641,1153.0
1785381806,8,total,S2,4.000000,0.000000,1900,1900,1900,1900,1900,1900,1900,1900,1900,1900,1900,88,0,1900.0,1889.057424130442,1834.5366480061784,1942.3881340189837,256.0
1785381806,8,,Aggregated,8.000000,0.000000,1800,1900,1900,1900,1900,1900,1900,1900,1900,1900,1900,176,0,420.0,1121.9345780016076,302.84913204377517,1942.3881340189837,704.5
1785381807,8,TTFT,S2,4.000000,0.000000,350,360,360,360,360,370,370,370,370,370,370,92,0,360.0,353.82562659493567,296.92476900527254,417.0613830210641,1153.0
1785381807,8,total,S2,4.000000,0.000000,1900,1900,1900,1900,1900,1900,1900,1900,1900,1900,1900,92,0,1900.0,1887.1893067875847,1834.5366480061784,1942.3881340189837,256.0
1785381807,8,,Aggregated,8.000000,0.000000,1800,1900,1900,1900,1900,1900,1900,1900,1900,1900,1900,184,0,420.0,1120.50746669126,296.92476900527254,1942.3881340189837,704.5
1785381808,8,TTFT,S2,4.000000,0.000000,350,360,360,360,370,370,370,370,370,370,370,96,0,360.0,353.64369072522095,296.92476900527254,417.0613830210641,1153.0
1785381808,8,total,S2,4.000000,0.000000,1900,1900,1900,1900,1900,1900,1900,1900,1900,1900,1900,96,0,1900.0,1888.5716190973956,1834.5366480061784,1942.3881340189837,256.0
1785381808,8,,Aggregated,8.000000,0.000000,1800,1900,1900,1900,1900,1900,1900,1900,1900,1900,1900,192,0,420.0,1121.1076549113084,296.92476900527254,1942.3881340189837,704.5
1785381809,8,TTFT,S2,4.000000,0.000000,350,360,360,360,370,370,370,370,370,370,370,100,0,360.0,353.03979463584255,296.92476900527254,417.0613830210641,1153.0
1785381809,8,total,S2,4.000000,0.000000,1900,1900,1900,1900,1900,1900,1900,1900,1900,1900,1900,100,0,1900.0,1887.0117157534696,1834.5366480061784,1942.3881340189837,256.0
1785381809,8,,Aggregated,8.000000,0.000000,1800,1900,1900,1900,1900,1900,1900,1900,1900,1900,1900,200,0,420.0,1120.025755194656,296.92476900527254,1942.3881340189837,704.5
1785381810,8,TTFT,S2,4.000000,0.000000,350,360,360,360,370,370,370,370,370,370,370,104,0,360.0,352.7802407837813,296.92476900527254,417.0613830210641,1153.0
1785381810,8,total,S2,4.000000,0.000000,1900,1900,1900,1900,1900,1900,1900,1900,1900,1900,1900,104,0,1900.0,1887.7664505898092,1834.5366480061784,1942.3881340189837,256.0
1785381810,8,,Aggregated,8.000000,0.000000,1800,1900,1900,1900,1900,1900,1900,1900,1900,1900,1900,208,0,420.0,1120.2733456867952,296.92476900527254,1942.3881340189837,704.5
1785381811,8,TTFT,S2,4.000000,0.000000,360,360,360,360,370,380,380,380,380,380,380,108,0,360.0,353.47093838370506,296.92476900527254,417.0613830210641,1153.0
1785381811,8,total,S2,4.000000,0.000000,1900,1900,1900,1900,1900,1900,1900,1900,1900,1900,1900,108,0,1900.0,1887.6958569658368,1834.5366480061784,1942.3881340189837,256.0
1785381811,8,,Aggregated,8.000000,0.000000,1800,1900,1900,1900,1900,1900,1900,1900,1900,1900,1900,216,0,420.0,1120.583397674771,296.92476900527254,1942.3881340189837,704.5
1785381812,8,TTFT,S2,4.000000,0.000000,360,360,360,370,370,380,380,380,380,380,380,112,0,360.0,353.53427537899864,296.92476900527254,417.0613830210641,1153.0
1785381812,8,total,S2,4.000000,0.000000,1900,1900,1900,1900,1900,1900,1900,1900,1900,1900,1900,112,0,1900.0,1888.6603908421032,1834.5366480061784,1942.3881340189837,256.0
1785381812,8,,Aggregated,8.000000,0.000000,1800,1900,1900,1900,1900,1900,1900,1900,1900,1900,1900,224,0,420.0,1121.0973331105508,296.92476900527254,1942.3881340189837,704.5
1785381813,8,TTFT,S2,4.000000,0.000000,350,360,370,370,370,380,380,380,380,380,380,120,0,360.0,353.1495353367063,296.92476900527254,417.0613830210641,1153.0
1785381813,8,total,S2,4.000000,0.000000,1900,1900,1900,1900,1900,1900,1900,1900,1900,1900,1900,120,0,1900.0,1888.2325904361398,1834.5366480061784,1942.3881340189837,256.0
1785381813,8,,Aggregated,8.000000,0.000000,1800,1900,1900,1900,1900,1900,1900,1900,1900,1900,1900,240,0,420.0,1120.6910628864232,296.92476900527254,1942.3881340189837,704.5
1785381814,8,TTFT,S2,4.000000,0.000000,350,360,360,370,370,380,380,380,380,380,380,120,0,360.0,353.1495353367063,296.92476900527254,417.0613830210641,1153.0
1785381814,8,total,S2,4.000000,0.000000,1900,1900,1900,1900,1900,1900,1900,1900,1900,1900,1900,120,0,1900.0,1888.2325904361398,1834.5366480061784,1942.3881340189837,256.0
1785381814,8,,Aggregated,8.000000,0.000000,1800,1900,1900,1900,1900,1900,1900,1900,1900,1900,1900,240,0,420.0,1120.6910628864232,296.92476900527254,1942.3881340189837,704.5
1785381815,8,TTFT,S2,4.400000,0.000000,350,360,370,370,380,380,380,380,380,380,380,128,0,360.0,353.1121290261581,296.92476900527254,417.0613830210641,1153.0
1785381815,8,total,S2,4.400000,0.000000,1900,1900,1900,1900,1900,1900,1900,1900,1900,1900,1900,128,0,1900.0,1888.489423815372,1834.5366480061784,1942.3881340189837,256.0
1785381815,8,,Aggregated,8.800000,0.000000,1800,1900,1900,1900,1900,1900,1900,1900,1900,1900,1900,256,0,420.0,1120.800776420765,296.92476900527254,1942.3881340189837,704.5
1785381816,8,TTFT,S2,4.400000,0.000000,350,360,370,370,380,380,380,380,380,380,380,132,0,360.0,352.83916939586175,296.92476900527254,417.0613830210641,1153.0
1785381816,8,total,S2,4.400000,0.000000,1900,1900,1900,1900,1900,1900,1900,1900,1900,1900,1900,132,0,1900.0,1888.13238056239,1834.5366480061784,1942.3881340189837,256.0
1785381816,8,,Aggregated,8.800000,0.000000,1800,1900,1900,1900,1900,1900,1900,1900,1900,1900,1900,264,0,420.0,1120.4857749791258,296.92476900527254,1942.3881340189837,704.5
1785381817,8,TTFT,S2,4.400000,0.000000,350,360,370,370,380,380,380,380,380,380,380,136,0,360.0,352.91476455356184,296.92476900527254,417.0613830210641,1153.0
1785381817,8,total,S2,4.400000,0.000000,1900,1900,1900,1900,1900,1900,1900,1900,1900,1900,1900,136,0,1900.0,1888.7781677887474,1834.5366480061784,1942.3881340189837,256.0
1785381817,8,,Aggregated,8.800000,0.000000,1800,1900,1900,1900,1900,1900,1900,1900,1900,1900,1900,272,0,420.0,1120.8464661711546,296.92476900527254,1942.3881340189837,704.5
1785381818,8,TTFT,S2,4.000000,0.000000,360,370,370,370,380,380,380,380,380,380,380,140,0,360.0,352.71348682331984,296.92476900527254,417.0613830210641,1153.0
1785381818,8,total,S2,4.000000,0.000000,1900,1900,1900,1900,1900,1900,1900,1900,1900,1900,1900,140,0,1900.0,1888.0687922018947,1834.5366480061784,1942.3881340189837,256.0
1785381818,8,,Aggregated,8.000000,0.000000,1800,1900,1900,1900,1900,1900,1900,1900,1900,1900,1900,280,0,420.0,1120.3911395126072,296.92476900527254,1942.3881340189837,704.5
1785381819,8,TTFT,S2,4.400000,0.000000,360,370,370,370,380,380,380,380,380,380,380,144,0,360.0,352.8188128903922,296.92476900527254,417.0613830210641,1153.0
1785381819,8,total,S2,4.400000,0.000000,1900,1900,1900,1900,1900,1900,1900,1900,1900,1900,1900,144,0,1900.0,1889.1797226198023,1834.5366480061784,1942.3881340189837,256.0
1785381819,8,,Aggregated,8.800000,0.000000,1800,1900,1900,1900,1900,1900,1900,1900,1900,1900,1900,288,0,420.0,1120.9992677550972,296.92476900527254,1942.3881340189837,704.5
1785381820,8,TTFT,S2,4.000000,0.000000,360,370,370,370,380,380,380,380,380,380,380,148,0,360.0,352.7087435213616,296.92476900527254,417.0613830210641,1153.0
1785381820,8,total,S2,4.000000,0.000000,1900,1900,1900,1900,1900,1900,1900,1900,1900,1900,1900,148,0,1900.0,1888.564476413366,1834.5366480061784,1942.3881340189837,256.0
1785381820,8,,Aggregated,8.000000,0.000000,1900,1900,1900,1900,1900,1900,1900,1900,1900,1900,1900,296,0,420.0,1120.6366099673637,296.92476900527254,1942.3881340189837,704.5
1785381821,8,TTFT,S2,4.400000,0.000000,360,360,370,370,370,380,380,380,380,380,380,152,0,360.0,352.55269224465957,296.92476900527254,417.0613830210641,1153.0
1785381821,8,total,S2,4.400000,0.000000,1900,1900,1900,1900,1900,1900,1900,1900,1900,1900,1900,152,0,1900.0,1888.6363646065308,1834.5366480061784,1942.3881340189837,256.0
1785381821,8,,Aggregated,8.800000,0.000000,1900,1900,1900,1900,1900,1900,1900,1900,1900,1900,1900,304,0,420.0,1120.5945284255952,296.92476900527254,1942.3881340189837,704.5
1785381822,8,TTFT,S2,4.000000,0.000000,360,360,370,370,370,380,380,380,380,380,380,156,0,360.0,352.17622456473646,296.92476900527254,417.0613830210641,1153.0
1785381822,8,total,S2,4.000000,0.000000,1900,1900,1900,1900,1900,1900,1900,1900,1900,1900,1900,156,0,1900.0,1887.919952706001,1834.5366480061784,1942.3881340189837,256.0
1785381822,8,,Aggregated,8.000000,0.000000,1900,1900,1900,1900,1900,1900,1900,1900,1900,1900,1900,312,0,420.0,1120.0480886353687,296.92476900527254,1942.3881340189837,704.5
1785381823,8,TTFT,S2,4.400000,0.000000,360,360,360,370,370,380,380,380,380,380,380,160,0,360.0,352.0450786632864,296.92476900527254,417.0613830210641,1153.0
1785381823,8,total,S2,4.400000,0.000000,1900,1900,1900,1900,1900,1900,1900,1900,1900,1900,1900,160,0,1900.0,1888.2340693075093,1834.5366480061784,1942.3881340189837,256.0
1785381823,8,,Aggregated,8.800000,0.000000,1900,1900,1900,1900,1900,1900,1900,1900,1900,1900,1900,320,0,420.0,1120.1395739853979,296.92476900527254,1942.3881340189837,704.5
1785381824,8,TTFT,S2,4.000000,0.000000,360,360,360,370,370,380,380,380,380,380,380,164,0,360.0,351.75120944005334,296.92476900527254,417.0613830210641,1153.0
1785381824,8,total,S2,4.000000,0.000000,1900,1900,1900,1900,1900,1900,1900,1900,1900,1900,1900,164,0,1900.0,1887.6537589956836,1834.5366480061784,1942.3881340189837,256.0
1785381824,8,,Aggregated,8.000000,0.000000,1900,1900,1900,1900,1900,1900,1900,1900,1900,1900,1900,328,0,420.0,1119.7024842178685,296.92476900527254,1942.3881340189837,704.5
1785381825,8,TTFT,S2,4.000000,0.000000,360,360,360,370,370,380,380,380,380,380,380,168,0,360.0,352.2154520490273,296.92476900527254,417.0613830210641,1153.0
1785381825,8,total,S2,4.000000,0.000000,1900,1900,1900,1900,1900,1900,1900,1900,1900,1900,1900,168,0,1900.0,1888.5741280554655,1834.5366480061784,1942.3881340189837,256.0
1785381825,8,,Aggregated,8.000000,0.000000,1900,1900,1900,1900,1900,1900,1900,1900,1900,1900,1900,336,0,420.0,1120.3947900522464,296.92476900527254,1942.3881340189837,704.5
1785381826,8,TTFT,S2,4.000000,0.000000,360,360,360,370,370,380,380,380,380,380,380,172,0,360.0,351.9823805132588,296.92476900527254,417.0613830210641,1153.0
1785381826,8,total,S2,4.000000,0.000000,1900,1900,1900,1900,1900,1900,1900,1900,1900,1900,1900,172,0,1900.0,1888.0932387519563,1834.5366480061784,1942.3881340189837,256.0
1785381826,8,,Aggregated,8.000000,0.000000,1900,1900,1900,1900,1900,1900,1900,1900,1900,1900,1900,344,0,420.0,1120.0378096326076,296.92476900527254,1942.3881340189837,704.5
1785381827,8,TTFT,S2,4.000000,0.000000,360,360,360,360,370,380,380,380,380,380,380,176,0,360.0,351.9820425585336,296.92476900527254,417.0613830210641,1153.0
1785381827,8,total,S2,4.000000,0.000000,1900,1900,1900,1900,1900,1900,1900,1900,1900,1900,1900,176,0,1900.0,1888.4119305525514,1834.5366480061784,1942.3881340189837,256.0
1785381827,8,,Aggregated,8.000000,0.000000,1900,1900,1900,1900,1900,1900,1900,1900,1900,1900,1900,352,0,420.0,1120.1969865555425,296.92476900527254,1942.3881340189837,704.5
1785381828,8,TTFT,S2,4.000000,0.000000,350,360,360,360,370,380,380,380,380,380,380,180,0,360.0,351.7079358131418,296.92476900527254,417.0613830210641,1153.0
1785381828,8,total,S2,4.000000,0.000000,1900,1900,1900,1900,1900,1900,1900,1900,1900,1900,1900,180,0,1900.0,1887.4412243574625,1834.5366480061784,1942.3881340189837,256.0
1785381828,8,,Aggregated,8.000000,0.000000,1800,1900,1900,1900,1900,1900,1900,1900,1900,1900,1900,360,0,420.0,1119.5745800853022,296.92476900527254,1942.3881340189837,704.5
1785381829,8,TTFT,S2,4.000000,0.000000,350,360,360,360,360,380,380,380,380,380,380,188,0,360.0,351.4622441883709,296.92476900527254,417.0613830210641,1153.0
1785381829,8,total,S2,4.000000,0.000000,1900,1900,1900,1900,1900,1900,1900,1900,1900,1900,1900,188,0,1900.0,1887.1997981564455,1834.5366480061784,1942.3881340189837,256.0
1785381829,8,,Aggregated,8.000000,0.000000,1800,1900,1900,1900,1900,1900,1900,1900,1900,1900,1900,376,0,420.0,1119.331021172408,296.92476900527254,1942.3881340189837,704.5
1785381830,8,TTFT,S2,4.000000,0.000000,350,360,360,360,360,380,380,380,380,380,380,188,0,360.0,351.4622441883709,296.92476900527254,417.0613830210641,1153.0
1785381830,8,total,S2,4.000000,0.000000,1900,1900,1900,1900,1900,1900,1900,1900,1900,1900,1900,188,0,1900.0,1887.1997981564455,1834.5366480061784,1942.3881340189837,256.0
1785381830,8,,Aggregated,8.000000,0.000000,1800,1900,1900,1900,1900,1900,1900,1900,1900,1900,1900,376,0,420.0,1119.331021172408,296.92476900527254,1942.3881340189837,704.5
1785381831,8,TTFT,S2,4.400000,0.000000,350,360,360,360,360,380,380,380,380,380,380,196,0,360.0,351.3334028750102,296.92476900527254,417.0613830210641,1153.0
1785381831,8,total,S2,4.400000,0.000000,1900,1900,1900,1900,1900,1900,1900,1900,1900,1900,1900,196,0,1900.0,1887.303779400025,1834.5366480061784,1942.3881340189837,256.0
1785381831,8,,Aggregated,8.800000,0.000000,1800,1900,1900,1900,1900,1900,1900,1900,1900,1900,1900,392,0,420.0,1119.3185911375176,296.92476900527254,1942.3881340189837,704.5
1785381832,8,TTFT,S2,4.400000,0.000000,350,360,360,360,360,380,380,380,380,380,380,196,0,360.0,351.3334028750102,296.92476900527254,417.0613830210641,1153.0
1785381832,8,total,S2,4.400000,0.000000,1900,1900,1900,1900,1900,1900,1900,1900,1900,1900,1900,196,0,1900.0,1887.303779400025,1834.5366480061784,1942.3881340189837,256.0
1785381832,8,,Aggregated,8.800000,0.000000,1800,1900,1900,1900,1900,1900,1900,1900,1900,1900,1900,392,0,420.0,1119.3185911375176,296.92476900527254,1942.3881340189837,704.5
1785381833,8,TTFT,S2,4.400000,0.000000,350,360,360,370,380,380,380,380,380,380,380,204,0,360.0,351.7776862275901,296.92476900527254,417.0613830210641,1153.0
1785381833,8,total,S2,4.400000,0.000000,1900,1900,1900,1900,1900,1900,1900,1900,1900,1900,1900,204,0,1900.0,1887.7581790846878,1834.5366480061784,1942.3881340189837,256.0
1785381833,8,,Aggregated,8.800000,0.000000,1800,1900,1900,1900,1900,1900,1900,1900,1900,1900,1900,408,0,420.0,1119.767932656139,296.92476900527254,1942.3881340189837,704.5
1785381834,8,TTFT,S2,4.400000,0.000000,360,360,360,370,380,380,380,380,380,380,380,208,0,360.0,351.83082580008954,296.92476900527254,417.0613830210641,1153.0
1785381834,8,total,S2,4.400000,0.000000,1900,1900,1900,1900,1900,1900,1900,1900,1900,1900,1900,208,0,1900.0,1888.1379834722163,1834.5366480061784,1942.3881340189837,256.0
1785381834,8,,Aggregated,8.800000,0.000000,1800,1900,1900,1900,1900,1900,1900,1900,1900,1900,1900,416,0,420.0,1119.984404636153,296.92476900527254,1942.3881340189837,704.5
1785381835,8,TTFT,S2,4.400000,0.000000,360,360,370,370,380,380,390,390,390,390,390,212,0,360.0,352.23518658724817,296.92476900527254,417.0613830210641,1153.0
1785381835,8,total,S2,4.400000,0.000000,1900,1900,1900,1900,1900,1900,1900,1900,1900,1900,1900,212,0,1900.0,1888.248415387901,1834.5366480061784,1942.3881340189837,256.0
1785381835,8,,Aggregated,8.800000,0.000000,1800,1900,1900,1900,1900,1900,1900,1900,1900,1900,1900,424,0,420.0,1120.2418009875746,296.92476900527254,1942.3881340189837,704.5
1785381836,8,TTFT,S2,4.400000,0.000000,360,360,360,370,380,380,390,390,390,390,390,216,0,360.0,352.1009103957719,296.92476900527254,417.0613830210641,1153.0
1785381836,8,total,S2,4.400000,0.000000,1900,1900,1900,1900,1900,1900,1900,1900,1900,1900,1900,216,0,1900.0,1888.4545751492692,1834.5366480061784,1942.3881340189837,256.0
1785381836,8,,Aggregated,8.800000,0.000000,1800,1900,1900,1900,1900,1900,1900,1900,1900,1900,1900,432,0,420.0,1120.2777427725205,296.92476900527254,1942.3881340189837,704.5
1785381837,8,TTFT,S2,4.400000,0.000000,360,360,370,370,380,380,390,390,390,390,390,220,0,360.0,352.15928243388504,296.92476900527254,417.0613830210641,1153.0
1785381837,8,total,S2,4.400000,0.000000,1900,1900,1900,1900,1900,1900,1900,1900,1900,1900,1900,220,0,1900.0,1888.3441237103068,1834.5366480061784,1942.3881340189837,256.0
1785381837,8,,Aggregated,8.800000,0.000000,1900,1900,1900,1900,1900,1900,1900,1900,1900,1900,1900,440,0,420.0,1120.2517030720958,296.92476900527254,1942.3881340189837,704.5
1785381838,8,TTFT,S2,4.000000,0.000000,360,360,370,370,380,380,390,390,390,390,390,224,0,360.0,352.05555742634584,296.92476900527254,417.0613830210641,1153.0
1785381838,8,total,S2,4.000000,0.000000,1900,1900,1900,1900,1900,1900,1900,1900,1900,1900,1900,224,0,1900.0,1888.7214673364465,1834.5366480061784,1942.3881340189837,256.0
1785381838,8,,Aggregated,8.000000,0.000000,1900,1900,1900,1900,1900,1900,1900,1900,1900,1900,1900,448,0,420.0,1120.3885123813961,296.92476900527254,1942.3881340189837,704.5
1785381839,8,TTFT,S2,4.400000,0.000000,360,360,370,370,380,380,390,390,390,390,390,228,0,360.0,351.7785160940165,296.92476900527254,417.0613830210641,1153.0
1785381839,8,total,S2,4.400000,0.000000,1900,1900,1900,1900,1900,1900,1900,1900,1900,1900,1900,228,0,1900.0,1888.2296966243814,1834.5366480061784,1942.3881340189837,256.0
1785381839,8,,Aggregated,8.800000,0.000000,1900,1900,1900,1900,1900,1900,1900,1900,1900,1900,1900,456,0,420.0,1120.0041063591989,296.92476900527254,1942.3881340189837,704.5
1785381840,8,TTFT,S2,4.000000,0.000000,360,360,370,370,380,380,390,390,390,390,390,232,0,360.0,351.70125995425445,296.92476900527254,417.0613830210641,1153.0
1785381840,8,total,S2,4.000000,0.000000,1900,1900,1900,1900,1900,1900,1900,1900,1900,1900,1900,232,0,1900.0,1888.1251748850977,1834.5366480061784,1942.3881340189837,256.0
1785381840,8,,Aggregated,8.000000,0.000000,1900,1900,1900,1900,1900,1900,1900,1900,1900,1900,1900,464,0,420.0,1119.9132174196761,296.92476900527254,1942.3881340189837,704.5
1785381841,8,TTFT,S2,4.000000,0.000000,360,360,370,370,380,380,390,390,390,390,390,236,0,360.0,351.4166984046608,296.92476900527254,417.0613830210641,1153.0
1785381841,8,total,S2,4.000000,0.000000,1900,1900,1900,1900,1900,1900,1900,1900,1900,1900,1900,236,0,1900.0,1887.6143814593856,1834.5366480061784,1942.3881340189837,256.0
1785381841,8,,Aggregated,8.000000,0.000000,1900,1900,1900,1900,1900,1900,1900,1900,1900,1900,1900,472,0,420.0,1119.5155399320233,296.92476900527254,1942.3881340189837,704.5
1785381842,8,TTFT,S2,4.000000,0.000000,360,360,370,370,380,380,390,390,390,390,390,240,0,360.0,351.41222835178877,296.92476900527254,417.0613830210641,1153.0
1785381842,8,total,S2,4.000000,0.000000,1900,1900,1900,1900,1900,1900,1900,1900,1900,1900,1900,240,0,1900.0,1887.6529696390207,1834.5366480061784,1942.3881340189837,256.0
1785381842,8,,Aggregated,8.000000,0.000000,1900,1900,1900,1900,1900,1900,1900,1900,1900,1900,1900,480,0,420.0,1119.5325989954047,296.92476900527254,1942.3881340189837,704.5
1785381843,8,TTFT,S2,4.000000,0.000000,350,360,360,360,370,380,390,390,390,390,390,244,0,360.0,351.076023186057,296.92476900527254,417.0613830210641,1153.0
1785381843,8,total,S2,4.000000,0.000000,1900,1900,1900,1900,1900,1900,1900,1900,1900,1900,1900,244,0,1900.0,1887.065354275916,1834.5366480061784,1942.3881340189837,256.0
1785381843,8,,Aggregated,8.000000,0.000000,1900,1900,1900,1900,1900,1900,1900,1900,1900,1900,1900,488,0,420.0,1119.0706887309866,296.92476900527254,1942.3881340189837,704.5
1785381844,8,TTFT,S2,4.000000,0.000000,350,360,360,360,370,380,390,390,390,390,390,252,0,360.0,350.82517067614447,296.92476900527254,417.0613830210641,1153.0
1785381844,8,total,S2,4.000000,0.000000,1900,1900,1900,1900,1900,1900,1900,1900,1900,1900,1900,252,0,1900.0,1887.1759486362516,1834.5366480061784,1942.3881340189837,256.0
1785381844,8,,Aggregated,8.000000,0.000000,1900,1900,1900,1900,1900,1900,1900,1900,1900,1900,1900,504,0,420.0,1119.000559656198,296.92476900527254,1942.3881340189837,704.5
1785381845,8,TTFT,S2,4.000000,0.000000,350,360,360,360,360,370,370,370,370,370,370,252,0,360.0,350.82517067614447,296.92476900527254,417.0613830210641,1153.0
1785381845,8,total,S2,4.000000,0.000000,1900,1900,1900,1900,1900,1900,1900,1900,1900,1900,1900,252,0,1900.0,1887.1759486362516,1834.5366480061784,1942.3881340189837,256.0
1785381845,8,,Aggregated,8.000000,0.000000,1900,1900,1900,1900,1900,1900,1900,1900,1900,1900,1900,504,0,420.0,1119.000559656198,296.92476900527254,1942.3881340189837,704.5
1785381846,8,TTFT,S2,4.000000,0.000000,350,360,360,360,360,370,370,370,370,370,370,260,0,360.0,350.6705359591601,296.92476900527254,417.0613830210641,1153.0
1785381846,8,total,S2,4.000000,0.000000,1900,1900,1900,1900,1900,1900,1900,1900,1900,1900,1900,260,0,1900.0,1887.0694134243352,1834.5366480061784,1942.3881340189837,256.0
1785381846,8,,Aggregated,8.000000,0.000000,1900,1900,1900,1900,1900,1900,1900,1900,1900,1900,1900,520,0,420.0,1118.8699746917478,296.92476900527254,1942.3881340189837,704.5
1785381847,8,TTFT,S2,4.000000,0.000000,350,360,360,360,360,360,360,360,360,360,360,260,0,360.0,350.6705359591601,296.92476900527254,417.0613830210641,1153.0
1785381847,8,total,S2,4.000000,0.000000,1900,1900,1900,1900,1900,1900,1900,1900,1900,1900,1900,260,0,1900.0,1887.0694134243352,1834.5366480061784,1942.3881340189837,256.0
1785381847,8,,Aggregated,8.000000,0.000000,1900,1900,1900,1900,1900,1900,1900,1900,1900,1900,1900,520,0,420.0,1118.8699746917478,296.92476900527254,1942.3881340189837,704.5
1785381848,8,TTFT,S2,4.000000,0.000000,350,360,360,360,360,360,360,360,360,360,360,268,0,360.0,350.6373706844517,296.92476900527254,417.0613830210641,1153.0
1785381848,8,total,S2,4.000000,0.000000,1900,1900,1900,1900,1900,1900,1900,1900,1900,1900,1900,268,0,1900.0,1886.939241945285,1834.5366480061784,1942.3881340189837,256.0
1785381848,8,,Aggregated,8.000000,0.000000,1900,1900,1900,1900,1900,1900,1900,1900,1900,1900,1900,536,0,420.0,1118.7883063148684,296.92476900527254,1942.3881340189837,704.5
1785381849,8,TTFT,S2,4.000000,0.000000,350,360,360,360,360,360,360,360,360,360,360,268,0,360.0,350.6373706844517,296.92476900527254,417.0613830210641,1153.0
1785381849,8,total,S2,4.000000,0.000000,1900,1900,1900,1900,1900,1900,1900,1900,1900,1900,1900,268,0,1900.0,1886.939241945285,1834.5366480061784,1942.3881340189837,256.0
1785381849,8,,Aggregated,8.000000,0.000000,1900,1900,1900,1900,1900,1900,1900,1900,1900,1900,1900,536,0,420.0,1118.7883063148684,296.92476900527254,1942.3881340189837,704.5
1785381850,8,TTFT,S2,4.400000,0.000000,360,360,360,360,360,360,360,360,360,360,360,276,0,360.0,350.649792696788,296.92476900527254,417.0613830210641,1153.0
1785381850,8,total,S2,4.400000,0.000000,1900,1900,1900,1900,1900,1900,1900,1900,1900,1900,1900,276,0,1900.0,1886.8518004759528,1834.5366480061784,1942.3881340189837,256.0
1785381850,8,,Aggregated,8.800000,0.000000,1900,1900,1900,1900,1900,1900,1900,1900,1900,1900,1900,552,0,420.0,1118.7507965863704,296.92476900527254,1942.3881340189837,704.5
1785381851,8,TTFT,S2,4.400000,0.000000,360,360,360,360,360,360,360,360,360,360,360,276,0,360.0,350.649792696788,296.92476900527254,417.0613830210641,1153.0
1785381851,8,total,S2,4.400000,0.000000,1900,1900,1900,1900,1900,1900,1900,1900,1900,1900,1900,276,0,1900.0,1886.8518004759528,1834.5366480061784,1942.3881340189837,256.0
1785381851,8,,Aggregated,8.800000,0.000000,1900,1900,1900,1900,1900,1900,1900,1900,1900,1900,1900,552,0,420.0,1118.7507965863704,296.92476900527254,1942.3881340189837,704.5
1785381852,8,TTFT,S2,4.400000,0.000000,360,360,360,360,360,370,370,370,370,370,370,284,0,360.0,350.74382833234677,296.92476900527254,417.0613830210641,1153.0
1785381852,8,total,S2,4.400000,0.000000,1900,1900,1900,1900,1900,1900,1900,1900,1900,1900,1900,284,0,1900.0,1886.7271567689104,1834.5366480061784,1942.3881340189837,256.0
1785381852,8,,Aggregated,8.800000,0.000000,1900,1900,1900,1900,1900,1900,1900,1900,1900,1900,1900,568,0,420.0,1118.7354925506286,296.92476900527254,1942.3881340189837,704.5
1785381853,8,TTFT,S2,4.000000,0.000000,360,360,360,360,360,370,370,370,370,370,370,288,0,360.0,350.72280797713677,296.92476900527254,417.0613830210641,1153.0
1785381853,8,total,S2,4.000000,0.000000,1900,1900,1900,1900,1900,1900,1900,1900,1900,1900,1900,288,0,1900.0,1887.11318247705,1834.5366480061784,1942.3881340189837,256.0
1785381853,8,,Aggregated,8.000000,0.000000,1900,1900,1900,1900,1900,1900,1900,1900,1900,1900,1900,576,0,420.0,1118.9179952270933,296.92476900527254,1942.3881340189837,704.5
1785381854,8,TTFT,S2,4.400000,0.000000,360,360,360,360,360,370,370,370,370,370,370,292,0,360.0,350.6771487515573,296.92476900527254,417.0613830210641,1153.0
1785381854,8,total,S2,4.400000,0.000000,1900,1900,1900,1900,1900,1900,1900,1900,1900,1900,1900,292,0,1900.0,1886.968313426111,1834.5366480061784,1942.3881340189837,256.0
1785381854,8,,Aggregated,8.800000,0.000000,1900,1900,1900,1900,1900,1900,1900,1900,1900,1900,1900,584,0,420.0,1118.8227310888342,296.92476900527254,1942.3881340189837,704.5
1785381855,8,TTFT,S2,4.000000,0.000000,360,360,360,360,360,370,370,370,370,370,370,296,0,360.0,350.62335468407855,296.92476900527254,417.0613830210641,1153.0
1785381855,8,total,S2,4.000000,0.000000,1900,1900,1900,1900,1900,1900,1900,1900,1900,1900,1900,296,0,1900.0,1887.1947125047193,1834.5366480061784,1942.3881340189837,256.0
1785381855,8,,Aggregated,8.000000,0.000000,1900,1900,1900,1900,1900,1900,1900,1900,1900,1900,1900,592,0,420.0,1118.909033594399,296.92476900527254,1942.3881340189837,704.5
1785381856,8,TTFT,S2,4.000000,0.000000,360,360,360,360,370,370,370,370,370,370,370,300,0,360.0,350.54041029827204,296.92476900527254,417.0613830210641,1153.0
1785381856,8,total,S2,4.000000,0.000000,1900,1900,1900,1900,1900,1900,1900,1900,1900,1900,1900,300,0,1900.0,1886.9972883713974,1834.5366480061784,1942.3881340189837,256.0
1785381856,8,,Aggregated,8.000000,0.000000,1900,1900,1900,1900,1900,1900,1900,1900,1900,1900,1900,600,0,420.0,1118.7688493348348,296.92476900527254,1942.3881340189837,704.5
1785381857,8,TTFT,S2,4.000000,0.000000,360,360,360,360,370,380,380,380,380,380,380,308,0,360.0,350.6429345309568,296.92476900527254,417.0613830210641,1153.0
1785381857,8,total,S2,4.000000,0.000000,1900,1900,1900,1900,1900,1900,1900,1900,1900,1900,1900,308,0,1900.0,1887.0580887260194,1834.5366480061784,1942.3881340189837,256.0
1785381857,8,,Aggregated,8.000000,0.000000,1800,1900,1900,1900,1900,1900,1900,1900,1900,1900,1900,616,0,420.0,1118.850511628488,296.92476900527254,1942.3881340189837,704.5
1785381858,8,TTFT,S2,4.000000,0.000000,360,360,360,360,370,380,380,380,380,380,380,308,0,360.0,350.6429345309568,296.92476900527254,417.0613830210641,1153.0
1785381858,8,total,S2,4.000000,0.000000,1900,1900,1900,1900,1900,1900,1900,1900,1900,1900,1900,308,0,1900.0,1887.0580887260194,1834.5366480061784,1942.3881340189837,256.0
1785381858,8,,Aggregated,8.000000,0.000000,1800,1900,1900,1900,1900,1900,1900,1900,1900,1900,1900,616,0,420.0,1118.850511628488,296.92476900527254,1942.3881340189837,704.5
1785381859,8,TTFT,S2,4.000000,0.000000,360,360,370,370,380,390,390,390,390,390,390,316,0,360.0,351.1729987420708,296.92476900527254,417.0613830210641,1153.0
1785381859,8,total,S2,4.000000,0.000000,1900,1900,1900,1900,1900,1900,1900,1900,1900,1900,1900,316,0,1900.0,1887.9219265019187,1834.5366480061784,1942.3881340189837,256.0
1785381859,8,,Aggregated,8.000000,0.000000,1800,1900,1900,1900,1900,1900,1900,1900,1900,1900,1900,632,0,420.0,1119.5474626219948,296.92476900527254,1942.3881340189837,704.5
1785381860,8,TTFT,S2,4.000000,0.000000,360,360,370,370,380,390,390,390,390,390,390,316,0,360.0,351.1729987420708,296.92476900527254,417.0613830210641,1153.0
1785381860,8,total,S2,4.000000,0.000000,1900,1900,1900,1900,1900,1900,1900,1900,1900,1900,1900,316,0,1900.0,1887.9219265019187,1834.5366480061784,1942.3881340189837,256.0
1785381860,8,,Aggregated,8.000000,0.000000,1800,1900,1900,1900,1900,1900,1900,1900,1900,1900,1900,632,0,420.0,1119.5474626219948,296.92476900527254,1942.3881340189837,704.5
1785381861,8,TTFT,S2,4.000000,0.000000,360,370,370,370,380,390,390,390,390,390,390,324,0,360.0,351.31545699191463,296.92476900527254,417.0613830210641,1153.0
1785381861,8,total,S2,4.000000,0.000000,1900,1900,1900,1900,1900,1900,1900,1900,1900,1900,1900,324,0,1900.0,1887.9048840913858,1834.5366480061784,1942.3881340189837,256.0
1785381861,8,,Aggregated,8.000000,0.000000,1800,1900,1900,1900,1900,1900,1900,1900,1900,1900,1900,648,0,420.0,1119.6101705416502,296.92476900527254,1942.3881340189837,704.5
1785381862,8,TTFT,S2,4.000000,0.000000,360,360,370,370,380,390,390,390,390,390,390,324,0,360.0,351.31545699191463,296.92476900527254,417.0613830210641,1153.0
1785381862,8,total,S2,4.000000,0.000000,1900,1900,1900,1900,1900,1900,1900,1900,1900,1900,1900,324,0,1900.0,1887.9048840913858,1834.5366480061784,1942.3881340189837,256.0
1785381862,8,,Aggregated,8.000000,0.000000,1800,1900,1900,1900,1900,1900,1900,1900,1900,1900,1900,648,0,420.0,1119.6101705416502,296.92476900527254,1942.3881340189837,704.5
1785381863,8,TTFT,S2,4.000000,0.000000,360,360,370,370,380,390,390,390,390,390,390,332,0,360.0,351.22110820932915,296.92476900527254,417.0613830210641,1153.0
1785381863,8,total,S2,4.000000,0.000000,1900,1900,1900,1900,1900,1900,1900,1900,1900,1900,1900,332,0,1900.0,1887.911944182699,1834.5366480061784,1942.3881340189837,256.0
1785381863,8,,Aggregated,8.000000,0.000000,1800,1900,1900,1900,1900,1900,1900,1900,1900,1900,1900,664,0,420.0,1119.5665261960141,296.92476900527254,1942.3881340189837,704.5
1785381864,8,TTFT,S2,4.000000,0.000000,360,360,370,370,380,390,390,390,390,390,390,332,0,360.0,351.22110820932915,296.92476900527254,417.0613830210641,1153.0
1785381864,8,total,S2,4.000000,0.000000,1900,1900,1900,1900,1900,1900,1900,1900,1900,1900,1900,332,0,1900.0,1887.911944182699,1834.5366480061784,1942.3881340189837,256.0
1785381864,8,,Aggregated,8.000000,0.000000,1800,1900,1900,1900,1900,1900,1900,1900,1900,1900,1900,664,0,420.0,1119.5665261960141,296.92476900527254,1942.3881340189837,704.5
1785381865,8,TTFT,S2,4.000000,0.000000,360,360,370,370,380,390,390,390,390,390,390,340,0,360.0,351.20605826874345,296.92476900527254,417.0613830210641,1153.0
1785381865,8,total,S2,4.000000,0.000000,1900,1900,1900,1900,1900,1900,1900,1900,1900,1900,1900,340,0,1900.0,1887.904131678207,1834.5366480061784,1942.3881340189837,256.0
1785381865,8,,Aggregated,8.000000,0.000000,1800,1900,1900,1900,1900,1900,1900,1900,1900,1900,1900,680,0,420.0,1119.5550949734752,296.92476900527254,1942.3881340189837,704.5
1785381866,8,TTFT,S2,4.000000,0.000000,360,370,370,370,380,390,390,390,390,390,390,340,0,360.0,351.20605826874345,296.92476900527254,417.0613830210641,1153.0
1785381866,8,total,S2,4.000000,0.000000,1900,1900,1900,1900,1900,1900,1900,1900,1900,1900,1900,340,0,1900.0,1887.904131678207,1834.5366480061784,1942.3881340189837,256.0
1785381866,8,,Aggregated,8.000000,0.000000,1800,1900,1900,1900,1900,1900,1900,1900,1900,1900,1900,680,0,420.0,1119.5550949734752,296.92476900527254,1942.3881340189837,704.5
1785381867,8,TTFT,S2,4.000000,0.000000,360,370,370,380,380,390,390,390,390,390,390,348,0,360.0,351.5527767136602,296.92476900527254,417.0613830210641,1153.0
1785381867,8,total,S2,4.000000,0.000000,1900,1900,1900,1900,1900,1900,1900,1900,1900,1900,1900,348,0,1900.0,1888.2504262890861,1834.5366480061784,1942.3881340189837,256.0
1785381867,8,,Aggregated,8.000000,0.000000,1800,1900,1900,1900,1900,1900,1900,1900,1900,1900,1900,696,0,420.0,1119.9016015013733,296.92476900527254,1942.3881340189837,704.5
1785381868,8,TTFT,S2,4.000000,0.000000,360,370,370,370,380,390,390,390,390,390,390,348,0,360.0,351.5527767136602,296.92476900527254,417.0613830210641,1153.0
1785381868,8,total,S2,4.000000,0.000000,1900,1900,1900,1900,1900,1900,1900,1900,1900,1900,1900,348,0,1900.0,1888.2504262890861,1834.5366480061784,1942.3881340189837,256.0
1785381868,8,,Aggregated,8.000000,0.000000,1900,1900,1900,1900,1900,1900,1900,1900,1900,1900,1900,696,0,420.0,1119.9016015013733,296.92476900527254,1942.3881340189837,704.5
1785381869,8,TTFT,S2,4.000000,0.000000,370,370,380,380,390,390,390,390,390,390,390,356,0,360.0,351.98293643917896,296.92476900527254,417.0613830210641,1153.0
1785381869,8,total,S2,4.000000,0.000000,1900,1900,1900,1900,1900,1900,1900,1900,1900,1900,1900,356,0,1900.0,1888.4811101815194,1834.5366480061784,1942.3881340189837,256.0
1785381869,8,,Aggregated,8.000000,0.000000,1900,1900,1900,1900,1900,1900,1900,1900,1900,1900,1900,712,0,420.0,1120.2320233103492,296.92476900527254,1942.3881340189837,704.5
1785381870,8,TTFT,S2,4.000000,0.000000,360,370,380,380,380,390,390,390,390,390,390,356,0,360.0,351.98293643917896,296.92476900527254,417.0613830210641,1153.0
1785381870,8,total,S2,4.000000,0.000000,1900,1900,1900,1900,1900,1900,1900,1900,1900,1900,1900,356,0,1900.0,1888.4811101815194,1834.5366480061784,1942.3881340189837,256.0
1785381870,8,,Aggregated,8.000000,0.000000,1900,1900,1900,1900,1900,1900,1900,1900,1900,1900,1900,712,0,420.0,1120.2320233103492,296.92476900527254,1942.3881340189837,704.5
1785381871,8,TTFT,S2,4.000000,0.000000,360,370,370,380,380,390,390,390,390,390,390,364,0,360.0,351.82064864656553,296.92476900527254,417.0613830210641,1153.0
1785381871,8,total,S2,4.000000,0.000000,1900,1900,1900,1900,1900,1900,1900,1900,1900,1900,1900,364,0,1900.0,1888.1014044246901,1834.5366480061784,1942.3881340189837,256.0
1785381871,8,,Aggregated,8.000000,0.000000,1900,1900,1900,1900,1900,1900,1900,1900,1900,1900,1900,728,0,420.0,1119.961026535628,296.92476900527254,1942.3881340189837,704.5
1785381872,8,TTFT,S2,4.000000,0.000000,360,370,370,380,380,390,390,390,390,390,390,368,0,360.0,351.6956368406207,296.92476900527254,417.0613830210641,1153.0
1785381872,8,total,S2,4.000000,0.000000,1900,1900,1900,1900,1900,1900,1900,1900,1900,1900,1900,368,0,1900.0,1887.7619350042432,1834.5366480061784,1942.3881340189837,256.0
1785381872,8,,Aggregated,8.000000,0.000000,1900,1900,1900,1900,1900,1900,1900,1900,1900,1900,1900,736,0,420.0,1119.728785922432,296.92476900527254,1942.3881340189837,704.5
1785381873,8,TTFT,S2,4.000000,0.000000,360,360,370,370,380,390,390,390,390,390,390,372,0,360.0,351.61437386642484,296.92476900527254,417.0613830210641,1153.0
1785381873,8,total,S2,4.000000,0.000000,1900,1900,1900,1900,1900,1900,1900,1900,1900,1900,1900,372,0,1900.0,1887.8819210447311,1834.5366480061784,1942.3881340189837,256.0
1785381873,8,,Aggregated,8.000000,0.000000,1900,1900,1900,1900,1900,1900,1900,1900,1900,1900,1900,744,0,420.0,1119.748147455578,296.92476900527254,1942.3881340189837,704.5
1785381874,16,TTFT,S2,4.000000,0.000000,360,370,370,380,380,390,390,390,390,390,390,372,0,360.0,351.61437386642484,296.92476900527254,417.0613830210641,1153.0
1785381874,16,total,S2,4.000000,0.000000,1900,1900,1900,1900,1900,1900,1900,1900,1900,1900,1900,372,0,1900.0,1887.8819210447311,1834.5366480061784,1942.3881340189837,256.0
1785381874,16,,Aggregated,8.000000,0.000000,1900,1900,1900,1900,1900,1900,1900,1900,1900,1900,1900,744,0,420.0,1119.748147455578,296.92476900527254,1942.3881340189837,704.5
1785381875,16,TTFT,S2,4.800000,0.000000,360,360,370,370,380,390,390,390,390,390,390,380,0,360.0,351.56846983238785,296.92476900527254,417.0613830210641,1153.0
1785381875,16,total,S2,4.800000,0.000000,1900,1900,1900,1900,2400,2400,2400,2400,2400,2400,2400,380,0,1900.0,1898.0532354730378,1834.5366480061784,2384.4846460269764,256.0
1785381875,16,,Aggregated,9.600000,0.000000,1900,1900,1900,1900,1900,2400,2400,2400,2400,2400,2400,760,0,420.0,1124.8108526527128,296.92476900527254,2384.4846460269764,704.5
1785381876,16,TTFT,S2,4.000000,0.000000,360,370,380,380,390,400,400,400,400,400,400,388,0,360.0,352.1036858125542,296.92476900527254,417.0613830210641,1153.0
1785381876,16,total,S2,4.000000,0.000000,1900,1900,2400,2400,2500,2500,2500,2500,2500,2500,2500,388,0,1900.0,1910.8841410794862,1834.5366480061784,2536.0169779742137,256.0
1785381876,16,,Aggregated,8.000000,0.000000,1900,1900,1900,1900,2400,2500,2500,2500,2500,2500,2500,776,0,420.0,1131.49391344602,296.92476900527254,2536.0169779742137,704.5
1785381877,16,TTFT,S2,4.000000,0.000000,360,370,380,380,390,400,400,400,400,400,400,396,0,360.0,352.31936022796845,296.92476900527254,417.0613830210641,1153.0
1785381877,16,total,S2,4.000000,0.000000,2400,2400,2500,2500,2500,2500,2500,2500,2500,2500,2500,396,0,1900.0,1922.946122211564,1834.5366480061784,2536.0169779742137,256.0
1785381877,16,,Aggregated,8.000000,0.000000,1900,1900,2400,2400,2500,2500,2500,2500,2500,2500,2500,792,0,420.0,1137.6327412197663,296.92476900527254,2536.0169779742137,704.5
1785381878,16,TTFT,S2,4.000000,0.000000,360,360,370,380,390,400,400,400,400,400,400,400,0,360.0,352.3320376656193,296.92476900527254,417.0613830210641,1153.0
1785381878,16,total,S2,4.000000,0.000000,2400,2500,2500,2500,2500,2500,2500,2500,2500,2500,2500,400,0,1900.0,1928.5476479219506,1834.5366480061784,2536.0169779742137,256.0
1785381878,16,,Aggregated,8.000000,0.000000,1900,1900,2400,2500,2500,2500,2500,2500,2500,2500,2500,800,0,420.0,1140.439842793785,296.92476900527254,2536.0169779742137,704.5
1785381879,16,TTFT,S2,4.000000,0.000000,360,360,370,380,390,400,400,400,400,400,400,404,0,360.0,352.5506152012409,296.92476900527254,417.0613830210641,1153.0
1785381879,16,total,S2,4.000000,0.000000,2500,2500,2500,2500,2500,2500,2500,2500,2500,2500,2500,404,0,1900.0,1934.6184179674958,1834.5366480061784,2542.824032017961,256.0
1785381879,16,,Aggregated,8.000000,0.000000,1900,1900,2500,2500,2500,2500,2500,2500,2500,2500,2500,808,0,420.0,1143.5845165843684,296.92476900527254,2542.824032017961,704.5
1785381880,16,TTFT,S2,4.800000,0.000000,360,370,370,380,390,400,400,400,400,400,400,412,0,360.0,352.6372713698312,285.69860599236563,417.0613830210641,1153.0
1785381880,16,total,S2,4.800000,0.000000,2500,2500,2500,2500,2500,2500,2500,2500,2500,2500,2500,412,0,1900.0,1945.6271084390853,1834.5366480061784,2542.824032017961,256.0
1785381880,16,,Aggregated,9.600000,0.000000,1900,2400,2500,2500,2500,2500,2500,2500,2500,2500,2500,824,0,420.0,1149.1321899044583,285.69860599236563,2542.824032017961,704.5
1785381881,16,TTFT,S2,5.200000,0.000000,360,370,380,380,390,400,400,400,400,400,400,420,0,360.0,352.8528382032943,285.69860599236563,417.0613830210641,1153.0
1785381881,16,total,S2,5.200000,0.000000,2500,2500,2500,2500,2500,2500,2500,2500,2500,2500,2500,420,0,1900.0,1956.40348788057,1834.5366480061784,2542.824032017961,256.0
1785381881,16,,Aggregated,10.400000,0.000000,1900,2500,2500,2500,2500,2500,2500,2500,2500,2500,2500,840,0,420.0,1154.628163041932,285.69860599236563,2542.824032017961,704.5
1785381882,16,TTFT,S2,4.800000,0.000000,360,370,380,380,390,400,400,400,400,400,400,424,0,360.0,352.95191553876,285.69860599236563,417.0613830210641,1153.0
1785381882,16,total,S2,4.800000,0.000000,2500,2500,2500,2500,2500,2500,2500,2500,2500,2500,2500,424,0,1900.0,1961.65974436749,1834.5366480061784,2542.824032017961,256.0
1785381882,16,,Aggregated,9.600000,0.000000,1900,2500,2500,2500,2500,2500,2500,2500,2500,2500,2500,848,0,420.0,1157.3058299531249,285.69860599236563,2542.824032017961,704.5
1785381883,16,TTFT,S2,4.800000,0.000000,370,380,380,390,390,400,400,400,400,400,400,432,0,360.0,353.37593390162243,285.69860599236563,417.0613830210641,1153.0
1785381883,16,total,S2,4.800000,0.000000,2500,2500,2500,2500,2500,2500,2600,2600,2600,2600,2600,432,0,1900.0,1972.1379933491537,1834.5366480061784,2558.919942006469,256.0
1785381883,16,,Aggregated,9.600000,0.000000,2400,2500,2500,2500,2500,2500,2500,2600,2600,2600,2600,864,0,420.0,1162.7569636253882,285.69860599236563,2558.919942006469,704.5
1785381884,16,TTFT,S2,4.800000,0.000000,370,380,390,390,400,400,400,400,400,400,400,436,0,360.0,353.7201044780369,285.69860599236563,417.0613830210641,1153.0
1785381884,16,total,S2,4.800000,0.000000,2500,2500,2500,2500,2500,2600,2600,2600,2600,2600,2600,436,0,1900.0,1977.713923877823,1834.5366480061784,2580.8545429608785,256.0
1785381884,16,,Aggregated,9.600000,0.000000,2400,2500,2500,2500,2500,2500,2600,2600,2600,2600,2600,872,0,420.0,1165.71701417793,285.69860599236563,2580.8545429608785,704.5
1785381885,16,TTFT,S2,5.600000,0.000000,370,380,390,390,400,400,400,400,400,400,400,444,0,360.0,354.1389560979279,285.69860599236563,417.0613830210641,1153.0
1785381885,16,total,S2,5.600000,0.000000,2500,2500,2500,2500,2600,2600,2600,2600,2600,2600,2600,444,0,1900.0,1987.303699310376,1834.5366480061784,2580.8545429608785,256.0
1785381885,16,,Aggregated,11.200000,0.000000,2500,2500,2500,2500,2500,2600,2600,2600,2600,2600,2600,888,0,420.0,1170.721327704152,285.69860599236563,2580.8545429608785,704.5
1785381886,16,TTFT,S2,6.400000,0.000000,370,380,380,390,400,400,400,400,400,400,400,452,0,360.0,354.0378592820041,285.69860599236563,417.0613830210641,1153.0
1785381886,16,total,S2,6.400000,0.000000,2500,2500,2500,2500,2600,2600,2600,2600,2600,2600,2600,452,0,1900.0,1996.1976377007322,1834.5366480061784,2580.8545429608785,256.0
1785381886,16,,Aggregated,12.800000,0.000000,2500,2500,2500,2500,2500,2600,2600,2600,2600,2600,2600,904,0,420.0,1175.1177484913683,285.69860599236563,2580.8545429608785,704.5
1785381887,16,TTFT,S2,6.500000,0.000000,370,380,380,390,400,400,400,400,400,400,400,456,0,360.0,353.9912852203614,285.69860599236563,417.0613830210641,1153.0
1785381887,16,total,S2,6.500000,0.000000,2500,2500,2500,2500,2600,2600,2600,2600,2600,2600,2600,456,0,1900.0,2000.3007549557399,1834.5366480061784,2580.8545429608785,256.0
1785381887,16,,Aggregated,13.000000,0.000000,2500,2500,2500,2500,2500,2600,2600,2600,2600,2600,2600,912,0,420.0,1177.1460200880508,285.69860599236563,2580.8545429608785,704.5
1785381888,16,TTFT,S2,6.400000,0.000000,370,370,380,380,400,400,400,400,400,400,400,464,0,360.0,353.94873424229445,285.69860599236563,417.0613830210641,1153.0
1785381888,16,total,S2,6.400000,0.000000,2500,2500,2500,2500,2600,2600,2600,2600,2600,2600,2600,464,0,1900.0,2009.2618465881467,1834.5366480061784,2580.8545429608785,256.0
1785381888,16,,Aggregated,12.800000,0.000000,2500,2500,2500,2500,2500,2600,2600,2600,2600,2600,2600,928,0,420.0,1181.6052904152207,285.69860599236563,2580.8545429608785,704.5
1785381889,16,TTFT,S2,6.400000,0.000000,370,380,380,390,400,400,400,400,400,400,400,468,0,360.0,354.20304774239554,285.69860599236563,417.0613830210641,1153.0
1785381889,16,total,S2,6.400000,0.000000,2500,2500,2500,2600,2600,2600,2600,2600,2600,2600,2600,468,0,1900.0,2013.9437966280304,1834.5366480061784,2580.8545429608785,256.0
1785381889,16,,Aggregated,12.800000,0.000000,2500,2500,2500,2500,2600,2600,2600,2600,2600,2600,2600,936,0,420.0,1184.073422185213,285.69860599236563,2580.8545429608785,704.5
1785381890,16,TTFT,S2,6.400000,0.000000,360,380,380,390,400,400,400,400,400,400,400,476,0,360.0,354.262478398076,285.69860599236563,417.0613830210641,1153.0
1785381890,16,total,S2,6.400000,0.000000,2500,2500,2500,2600,2600,2600,2600,2600,2600,2600,2600,476,0,1900.0,2022.0964389703747,1834.5366480061784,2580.8545429608785,256.0
1785381890,16,,Aggregated,12.800000,0.000000,2500,2500,2500,2500,2600,2600,2600,2600,2600,2600,2600,952,0,420.0,1188.1794586842254,285.69860599236563,2580.8545429608785,704.5
1785381891,16,TTFT,S2,6.000000,0.000000,370,370,380,390,400,400,400,400,400,400,400,484,0,360.0,354.30992724268583,285.69860599236563,417.0613830210641,1153.0
1785381891,16,total,S2,6.000000,0.000000,2500,2500,2500,2600,2600,2600,2600,2600,2600,2600,2600,484,0,1900.0,2030.0172876628224,1834.5366480061784,2580.8545429608785,256.0
1785381891,16,,Aggregated,12.000000,0.000000,2500,2500,2500,2500,2600,2600,2600,2600,2600,2600,2600,968,0,420.0,1192.1636074527541,285.69860599236563,2580.8545429608785,704.5
1785381892,16,TTFT,S2,6.800000,0.000000,370,370,380,390,400,400,400,400,400,400,400,488,0,360.0,354.34688145192683,285.69860599236563,417.0613830210641,1153.0
1785381892,16,total,S2,6.800000,0.000000,2500,2500,2500,2600,2600,2600,2600,2600,2600,2600,2600,488,0,1900.0,2033.731945261949,1834.5366480061784,2580.8545429608785,256.0
1785381892,16,,Aggregated,13.600000,0.000000,2500,2500,2500,2500,2600,2600,2600,2600,2600,2600,2600,976,0,420.0,1194.039413356938,285.69860599236563,2580.8545429608785,704.5
1785381893,16,TTFT,S2,6.400000,0.000000,360,370,370,380,390,400,400,400,400,400,400,496,0,360.0,354.4385476341103,285.69860599236563,417.0613830210641,1153.0
1785381893,16,total,S2,6.400000,0.000000,2500,2500,2500,2500,2600,2600,2600,2600,2600,2600,2600,496,0,1900.0,2041.2064997130542,1834.5366480061784,2580.8545429608785,256.0
1785381893,16,,Aggregated,12.800000,0.000000,2500,2500,2500,2500,2500,2600,2600,2600,2600,2600,2600,992,0,420.0,1197.8225236735823,285.69860599236563,2580.8545429608785,704.5
1785381894,16,TTFT,S2,6.400000,0.000000,360,370,370,370,380,390,400,400,400,400,400,500,0,360.0,354.46483775705565,285.69860599236563,417.0613830210641,1153.0
1785381894,16,total,S2,6.400000,0.000000,2500,2500,2500,2500,2600,2600,2600,2600,2600,2600,2600,500,0,1900.0,2044.9718857671833,1834.5366480061784,2580.8545429608785,256.0
1785381894,16,,Aggregated,12.800000,0.000000,2500,2500,2500,2500,2500,2600,2600,2600,2600,2600,2600,1000,0,420.0,1199.7183617621195,285.69860599236563,2580.8545429608785,704.5
1785381895,16,TTFT,S2,6.400000,0.000000,360,370,370,370,380,380,390,390,390,390,390,508,0,360.0,354.48455065660687,285.69860599236563,417.0613830210641,1153.0
1785381895,16,total,S2,6.400000,0.000000,2500,2500,2500,2500,2600,2600,2600,2600,2600,2600,2600,508,0,1900.0,2052.4103823811133,1834.5366480061784,2580.8545429608785,256.0
1785381895,16,,Aggregated,12.800000,0.000000,2500,2500,2500,2500,2500,2600,2600,2600,2600,2600,2600,1016,0,420.0,1203.44746651886,285.69860599236563,2580.8545429608785,704.5
1785381896,16,TTFT,S2,6.000000,0.000000,360,370,370,370,380,390,390,390,390,390,390,516,0,360.0,354.63997231509404,285.69860599236563,417.0613830210641,1153.0
1785381896,16,total,S2,6.000000,0.000000,2500,2500,2500,2500,2600,2600,2600,2600,2600,2600,2600,516,0,1900.0,2059.488894479925,1834.5366480061784,2580.8545429608785,256.0
1785381896,16,,Aggregated,12.000000,0.000000,2500,2500,2500,2500,2500,2600,2600,2600,2600,2600,2600,1032,0,420.0,1207.0644333975094,285.69860599236563,2580.8545429608785,704.5
1785381897,16,TTFT,S2,6.700000,0.000000,360,370,370,380,390,390,390,390,390,390,390,520,0,360.0,354.6096121338241,285.69860599236563,417.0613830210641,1153.0
1785381897,16,total,S2,6.700000,0.000000,2500,2500,2500,2500,2500,2600,2600,2600,2600,2600,2600,520,0,1900.0,2062.608323132064,1834.5366480061784,2580.8545429608785,256.0
1785381897,16,,Aggregated,13.400000,0.000000,2500,2500,2500,2500,2500,2500,2600,2600,2600,2600,2600,1040,0,420.0,1208.608967632944,285.69860599236563,2580.8545429608785,704.5
1785381898,16,TTFT,S2,6.400000,0.000000,370,370,370,370,380,390,390,390,390,390,390,528,0,360.0,354.69380010897913,285.69860599236563,417.0613830210641,1153.0
1785381898,16,total,S2,6.400000,0.000000,2500,2500,2500,2500,2500,2600,2600,2600,2600,2600,2600,528,0,1900.0,2069.1453923555496,1834.5366480061784,2580.8545429608785,256.0
1785381898,16,,Aggregated,12.800000,0.000000,2500,2500,2500,2500,2500,2500,2600,2600,2600,2600,2600,1056,0,420.0,1211.9195962322644,285.69860599236563,2580.8545429608785,704.5
1785381899,16,TTFT,S2,6.400000,0.000000,370,370,370,370,380,390,390,390,390,390,390,532,0,360.0,354.7185749202639,285.69860599236563,417.0613830210641,1153.0
1785381899,16,total,S2,6.400000,0.000000,2500,2500,2500,2500,2500,2500,2500,2500,2500,2500,2500,532,0,1900.0,2072.361047349256,1834.5366480061784,2580.8545429608785,256.0
1785381899,16,,Aggregated,12.800000,0.000000,2500,2500,2500,2500,2500,2500,2500,2500,2500,2500,2500,1064,0,420.0,1213.53981113476,285.69860599236563,2580.8545429608785,704.5
1785381900,16,TTFT,S2,6.400000,0.000000,370,370,370,370,370,380,390,390,390,390,390,540,0,360.0,354.7202327826569,285.69860599236563,417.0613830210641,1153.0
1785381900,16,total,S2,6.400000,0.000000,2500,2500,2500,2500,2500,2500,2500,2500,2500,2500,2500,540,0,1900.0,2078.616401938618,1834.5366480061784,2580.8545429608785,256.0
1785381900,16,,Aggregated,12.800000,0.000000,2500,2500,2500,2500,2500,2500,2500,2500,2500,2500,2500,1080,0,420.0,1216.6683173606375,285.69860599236563,2580.8545429608785,704.5
1785381901,16,TTFT,S2,6.400000,0.000000,370,370,370,370,370,380,390,390,390,390,390,548,0,360.0,354.7471661582066,285.69860599236563,417.0613830210641,1153.0
1785381901,16,total,S2,6.400000,0.000000,2500,2500,2500,2500,2500,2500,2500,2500,2500,2500,2500,548,0,1900.0,2084.7725085964057,1834.5366480061784,2580.8545429608785,256.0
1785381901,16,,Aggregated,12.800000,0.000000,2500,2500,2500,2500,2500,2500,2500,2500,2500,2500,2500,1096,0,420.0,1219.7598373773062,285.69860599236563,2580.8545429608785,704.5
1785381902,16,TTFT,S2,6.400000,0.000000,360,370,370,370,380,390,390,390,390,390,390,552,0,360.0,354.8546994143576,285.69860599236563,417.0613830210641,1153.0
1785381902,16,total,S2,6.400000,0.000000,2500,2500,2500,2500,2500,2500,2500,2500,2500,2500,2500,552,0,1900.0,2087.772253405474,1834.5366480061784,2580.8545429608785,256.0
1785381902,16,,Aggregated,12.800000,0.000000,2500,2500,2500,2500,2500,2500,2500,2500,2500,2500,2500,1104,0,420.0,1221.313476409916,285.69860599236563,2580.8545429608785,704.5
1785381903,16,TTFT,S2,6.400000,0.000000,370,370,370,370,380,390,390,390,390,390,390,560,0,360.0,355.083415147653,285.69860599236563,417.0613830210641,1153.0
1785381903,16,total,S2,6.400000,0.000000,2500,2500,2500,2500,2500,2500,2500,2500,2500,2500,2500,560,0,1900.0,2093.462335321133,1834.5366480061784,2580.8545429608785,256.0
1785381903,16,,Aggregated,12.800000,0.000000,2500,2500,2500,2500,2500,2500,2500,2500,2500,2500,2500,1120,0,420.0,1224.2728752343933,285.69860599236563,2580.8545429608785,704.5
1785381904,16,TTFT,S2,6.400000,0.000000,370,370,370,380,380,390,390,390,390,390,390,564,0,360.0,355.0965717157922,285.69860599236563,417.0613830210641,1153.0
1785381904,16,total,S2,6.400000,0.000000,2500,2500,2500,2500,2500,2500,2500,2500,2500,2500,2500,564,0,1900.0,2096.441460414608,1834.5366480061784,2580.8545429608785,256.0
1785381904,16,,Aggregated,12.800000,0.000000,2500,2500,2500,2500,2500,2500,2500,2500,2500,2500,2500,1128,0,420.0,1225.7690160652,285.69860599236563,2580.8545429608785,704.5
1785381905,16,TTFT,S2,6.400000,0.000000,370,370,370,380,380,390,390,390,390,390,390,572,0,360.0,355.1492066202169,285.69860599236563,417.0613830210641,1153.0
1785381905,16,total,S2,6.400000,0.000000,2500,2500,2500,2500,2500,2500,2500,2500,2500,2500,2500,572,0,1900.0,2101.9658824663784,1834.5366480061784,2580.8545429608785,256.0
1785381905,16,,Aggregated,12.800000,0.000000,2400,2500,2500,2500,2500,2500,2500,2500,2500,2500,2500,1144,0,420.0,1228.5575445432976,285.69860599236563,2580.8545429608785,704.5
1785381906,16,TTFT,S2,6.400000,0.000000,370,370,370,370,380,380,380,390,390,390,390,580,0,360.0,355.0630241614397,285.69860599236563,417.0613830210641,1153.0
1785381906,16,total,S2,6.400000,0.000000,2500,2500,2500,2500,2500,2500,2500,2500,2500,2500,2500,580,0,1900.0,2107.445810909949,1834.5366480061784,2580.8545429608785,256.0
1785381906,16,,Aggregated,12.800000,0.000000,2400,2500,2500,2500,2500,2500,2500,2500,2500,2500,2500,1160,0,420.0,1231.2544175356943,285.69860599236563,2580.8545429608785,704.5
1785381907,16,TTFT,S2,6.400000,0.000000,370,370,370,370,380,380,380,390,390,390,390,584,0,360.0,354.99545830769995,271.6862150118686,417.0613830210641,1153.0
1785381907,16,total,S2,6.400000,0.000000,2500,2500,2500,2500,2500,2500,2500,2500,2500,2500,2500,584,0,1900.0,2109.977851734235,1834.5366480061784,2580.8545429608785,256.0
1785381907,16,,Aggregated,12.800000,0.000000,2400,2500,2500,2500,2500,2500,2500,2500,2500,2500,2500,1168,0,420.0,1232.4866550209674,271.6862150118686,2580.8545429608785,704.5
1785381908,16,TTFT,S2,6.400000,0.000000,370,370,370,380,380,390,390,390,390,390,390,592,0,360.0,355.0673253793738,271.6862150118686,417.0613830210641,1153.0
1785381908,16,total,S2,6.400000,0.000000,2500,2500,2500,2500,2500,2500,2500,2500,2500,2500,2500,592,0,1900.0,2115.2012832732194,1834.5366480061784,2580.8545429608785,256.0
1785381908,16,,Aggregated,12.800000,0.000000,2400,2500,2500,2500,2500,2500,2500,2500,2500,2500,2500,1184,0,420.0,1235.1343043262966,271.6862150118686,2580.8545429608785,704.5
1785381909,16,TTFT,S2,6.400000,0.000000,360,370,370,380,380,390,390,390,390,390,390,600,0,360.0,355.0253627659792,271.6862150118686,417.0613830210641,1153.0
1785381909,16,total,S2,6.400000,0.000000,2500,2500,2500,2500,2500,2500,2500,2500,2500,2500,2500,600,0,1900.0,2120.1540200346303,1834.5366480061784,2580.8545429608785,256.0
1785381909,16,,Aggregated,12.800000,0.000000,2400,2500,2500,2500,2500,2500,2500,2500,2500,2500,2500,1200,0,420.0,1237.589691400305,271.6862150118686,2580.8545429608785,704.5
1785381910,16,TTFT,S2,6.000000,0.000000,370,370,370,380,380,390,390,390,390,390,390,604,0,360.0,355.0531277013827,271.6862150118686,417.0613830210641,1153.0
1785381910,16,total,S2,6.000000,0.000000,2500,2500,2500,2500,2500,2500,2500,2500,2500,2500,2500,604,0,1900.0,2122.9247045675284,1834.5366480061784,2580.8545429608785,256.0
1785381910,16,,Aggregated,12.000000,0.000000,2400,2500,2500,2500,2500,2500,2500,2500,2500,2500,2500,1208,0,420.0,1238.9889161344556,271.6862150118686,2580.8545429608785,704.5
1785381911,16,TTFT,S2,6.400000,0.000000,370,370,380,380,380,390,390,390,390,390,390,612,0,360.0,355.1618096596916,271.6862150118686,417.0613830210641,1153.0
1785381911,16,total,S2,6.400000,0.000000,2500,2500,2500,2500,2500,2500,2500,2500,2500,2500,2500,612,0,1900.0,2128.122089114162,1834.5366480061784,2580.8545429608785,256.0
1785381911,16,,Aggregated,12.800000,0.000000,2400,2500,2500,2500,2500,2500,2500,2500,2500,2500,2500,1224,0,420.0,1241.6419493869266,271.6862150118686,2580.8545429608785,704.5
1785381912,16,TTFT,S2,6.400000,0.000000,370,370,370,380,390,400,410,410,410,410,410,616,0,360.0,355.4203156408303,271.6862150118686,417.0613830210641,1153.0
1785381912,16,total,S2,6.400000,0.000000,2500,2500,2500,2500,2500,2500,2500,2500,2500,2500,2500,616,0,1900.0,2130.5790428601754,1834.5366480061784,2580.8545429608785,256.0
1785381912,16,,Aggregated,12.800000,0.000000,2400,2500,2500,2500,2500,2500,2500,2500,2500,2500,2500,1232,0,420.0,1242.9996792505028,271.6862150118686,2580.8545429608785,704.5
1785381913,16,TTFT,S2,6.400000,0.000000,370,370,370,370,380,390,410,410,410,410,410,624,0,360.0,355.45562212474834,271.6862150118686,417.0613830210641,1153.0
1785381913,16,total,S2,6.400000,0.000000,2500,2500,2500,2500,2500,2500,2500,2500,2500,2500,2500,624,0,1900.0,2135.3286815975503,1834.5366480061784,2580.8545429608785,256.0
1785381913,16,,Aggregated,12.800000,0.000000,2400,2500,2500,2500,2500,2500,2500,2500,2500,2500,2500,1248,0,420.0,1245.3921518611494,271.6862150118686,2580.8545429608785,704.5
1785381914,16,TTFT,S2,6.400000,0.000000,370,370,370,370,380,390,410,410,410,410,410,632,0,360.0,355.4674611500386,271.6862150118686,417.0613830210641,1153.0
1785381914,16,total,S2,6.400000,0.000000,2500,2500,2500,2500,2500,2500,2500,2500,2500,2500,2500,632,0,1900.0,2140.0811566120783,1834.5366480061784,2580.8545429608785,256.0
1785381914,16,,Aggregated,12.800000,0.000000,2500,2500,2500,2500,2500,2500,2500,2500,2500,2500,2500,1264,0,420.0,1247.7743088810585,271.6862150118686,2580.8545429608785,704.5
1785381915,16,TTFT,S2,6.000000,0.000000,370,370,370,370,380,390,410,410,410,410,410,636,0,360.0,355.46637771044544,271.6862150118686,417.0613830210641,1153.0
1785381915,16,total,S2,6.000000,0.000000,2500,2500,2500,2500,2500,2500,2500,2500,2500,2500,2500,636,0,1900.0,2142.404992804872,1834.5366480061784,2580.8545429608785,256.0
1785381915,16,,Aggregated,12.000000,0.000000,2500,2500,2500,2500,2500,2500,2500,2500,2500,2500,2500,1272,0,420.0,1248.9356852576589,271.6862150118686,2580.8545429608785,704.5
1785381916,16,TTFT,S2,6.400000,0.000000,370,370,370,380,390,390,410,410,410,410,410,644,0,360.0,355.7079978056197,271.6862150118686,417.0613830210641,1153.0
1785381916,16,total,S2,6.400000,0.000000,2500,2500,2500,2500,2500,2500,2500,2500,2500,2500,2500,644,0,1900.0,2147.0947848709397,1834.5366480061784,2580.8545429608785,256.0
1785381916,16,,Aggregated,12.800000,0.000000,2500,2500,2500,2500,2500,2500,2500,2500,2500,2500,2500,1288,0,420.0,1251.4013913382796,271.6862150118686,2580.8545429608785,704.5
1785381917,16,TTFT,S2,6.400000,0.000000,370,370,380,380,390,390,410,410,410,410,410,648,0,360.0,355.8045166108418,271.6862150118686,417.0613830210641,1153.0
1785381917,16,total,S2,6.400000,0.000000,2500,2500,2500,2500,2500,2500,2500,2500,2500,2500,2500,648,0,1900.0,2149.1894156711223,1834.5366480061784,2580.8545429608785,256.0
1785381917,16,,Aggregated,12.800000,0.000000,2500,2500,2500,2500,2500,2500,2500,2500,2500,2500,2500,1296,0,420.0,1252.496966140982,271.6862150118686,2580.8545429608785,704.5
1785381918,16,TTFT,S2,6.400000,0.000000,370,370,370,380,380,390,410,410,410,410,410,656,0,360.0,355.76166575868604,271.6862150118686,417.0613830210641,1153.0
1785381918,16,total,S2,6.400000,0.000000,2500,2500,2500,2500,2500,2500,2500,2500,2500,2500,2500,656,0,1900.0,2153.1909397756576,1834.5366480061784,2580.8545429608785,256.0
1785381918,16,,Aggregated,12.800000,0.000000,2500,2500,2500,2500,2500,2500,2500,2500,2500,2500,2500,1312,0,420.0,1254.4763027671718,271.6862150118686,2580.8545429608785,704.5
1785381919,16,TTFT,S2,6.400000,0.000000,370,370,380,380,380,390,410,410,410,410,410,664,0,360.0,355.7848998248831,271.6862150118686,417.0613830210641,1153.0
1785381919,16,total,S2,6.400000,0.000000,2500,2500,2500,2500,2500,2500,2500,2500,2500,2500,2500,664,0,1900.0,2157.3032479665203,1834.5366480061784,2580.8545429608785,256.0
1785381919,16,,Aggregated,12.800000,0.000000,2500,2500,2500,2500,2500,2500,2500,2500,2500,2500,2500,1328,0,420.0,1256.5440738957018,271.6862150118686,2580.8545429608785,704.5
1785381920,16,TTFT,S2,6.400000,0.000000,370,370,380,380,380,390,410,410,410,410,410,668,0,360.0,355.7392994231547,271.6862150118686,417.0613830210641,1153.0
1785381920,16,total,S2,6.400000,0.000000,2500,2500,2500,2500,2500,2500,2500,2500,2500,2500,2500,668,0,1900.0,2159.536444075952,1834.5366480061784,2580.8545429608785,256.0
1785381920,16,,Aggregated,12.800000,0.000000,2500,2500,2500,2500,2500,2500,2500,2500,2500,2500,2500,1336,0,420.0,1257.6378717495534,271.6862150118686,2580.8545429608785,704.5
1785381921,16,TTFT,S2,6.400000,0.000000,370,370,380,380,390,390,410,410,410,410,410,676,0,360.0,355.90863103214406,271.6862150118686,417.0613830210641,1153.0
1785381921,16,total,S2,6.400000,0.000000,2500,2500,2500,2500,2500,2500,2500,2500,2500,2500,2500,676,0,1900.0,2163.6146234449848,1834.5366480061784,2580.8545429608785,256.0
1785381921,16,,Aggregated,12.800000,0.000000,2500,2500,2500,2500,2500,2500,2500,2500,2500,2500,2500,1352,0,420.0,1259.7616272385644,271.6862150118686,2580.8545429608785,704.5
1785381922,16,TTFT,S2,6.400000,0.000000,370,370,370,380,380,390,390,390,390,390,390,680,0,360.0,355.8323853658615,271.6862150118686,417.0613830210641,1153.0
1785381922,16,total,S2,6.400000,0.000000,2500,2500,2500,2500,2500,2500,2500,2500,2500,2500,2500,680,0,1900.0,2165.401517136557,1834.5366480061784,2580.8545429608785,256.0
1785381922,16,,Aggregated,12.800000,0.000000,2500,2500,2500,2500,2500,2500,2500,2500,2500,2500,2500,1360,0,420.0,1260.616951251209,271.6862150118686,2580.8545429608785,704.5
1785381923,16,TTFT,S2,6.800000,0.000000,360,370,370,380,380,390,390,390,390,390,390,688,0,360.0,355.7451092859738,271.6862150118686,417.0613830210641,1153.0
1785381923,16,total,S2,6.800000,0.000000,2500,2500,2500,2500,2500,2500,2500,2500,2500,2500,2500,688,0,1900.0,2169.0276937018966,1834.5366480061784,2580.8545429608785,256.0
1785381923,16,,Aggregated,13.600000,0.000000,2400,2500,2500,2500,2500,2500,2500,2500,2500,2500,2500,1376,0,420.0,1262.3864014939352,271.6862150118686,2580.8545429608785,704.5
1785381924,16,TTFT,S2,6.400000,0.000000,360,370,370,380,380,390,390,390,390,390,390,696,0,360.0,355.6867730429954,271.6862150118686,417.0613830210641,1153.0
1785381924,16,total,S2,6.400000,0.000000,2500,2500,2500,2500,2500,2500,2500,2500,2500,2500,2500,696,0,1900.0,2172.6775533290033,1834.5366480061784,2580.8545429608785,256.0
1785381924,16,,Aggregated,12.800000,0.000000,2400,2500,2500,2500,2500,2500,2500,2500,2500,2500,2500,1392,0,420.0,1264.1821631859993,271.6862150118686,2580.8545429608785,704.5
1785381925,16,TTFT,S2,6.400000,0.000000,360,370,370,380,380,390,390,390,390,390,390,700,0,360.0,355.675857758532,271.6862150118686,417.0613830210641,1153.0
1785381925,16,total,S2,6.400000,0.000000,2500,2500,2500,2500,2500,2500,2500,2500,2500,2500,2500,700,0,1900.0,2174.5899419628718,1834.5366480061784,2580.8545429608785,256.0
1785381925,16,,Aggregated,12.800000,0.000000,2400,2500,2500,2500,2500,2500,2500,2500,2500,2500,2500,1400,0,420.0,1265.1328998607019,271.6862150118686,2580.8545429608785,704.5
1785381926,16,TTFT,S2,6.400000,0.000000,360,370,370,370,380,380,390,390,390,390,390,708,0,360.0,355.7811897880421,271.6862150118686,417.0613830210641,1153.0
1785381926,16,total,S2,6.400000,0.000000,2500,2500,2500,2500,2500,2500,2500,2500,2500,2500,2500,708,0,1900.0,2178.2472073727804,1834.5366480061784,2580.8545429608785,256.0
1785381926,16,,Aggregated,12.800000,0.000000,2400,2500,2500,2500,2500,2500,2500,2500,2500,2500,2500,1416,0,420.0,1267.0141985804112,271.6862150118686,2580.8545429608785,704.5
1785381927,16,TTFT,S2,6.400000,0.000000,360,360,370,370,380,380,390,390,390,390,390,712,0,360.0,355.7019338228876,271.6862150118686,417.0613830210641,1153.0
1785381927,16,total,S2,6.400000,0.000000,2500,2500,2500,2500,2500,2500,2500,2500,2500,2500,2500,712,0,1900.0,2179.8111377443347,1834.5366480061784,2580.8545429608785,256.0
1785381927,16,,Aggregated,12.800000,0.000000,2400,2500,2500,2500,2500,2500,2500,2500,2500,2500,2500,1424,0,420.0,1267.756535783611,271.6862150118686,2580.8545429608785,704.5
1785381928,16,TTFT,S2,6.800000,0.000000,360,360,370,370,380,380,390,390,390,390,390,720,0,360.0,355.6958607526515,271.6862150118686,417.0613830210641,1153.0
1785381928,16,total,S2,6.800000,0.000000,2500,2500,2500,2500,2500,2500,2500,2500,2500,2500,2500,720,0,1900.0,2183.3141842012183,1834.5366480061784,2580.8545429608785,256.0
1785381928,16,,Aggregated,13.600000,0.000000,2400,2500,2500,2500,2500,2500,2500,2500,2500,2500,2500,1440,0,420.0,1269.505022476935,271.6862150118686,2580.8545429608785,704.5
1785381929,16,TTFT,S2,6.400000,0.000000,360,370,370,370,380,380,390,390,390,390,390,728,0,360.0,355.711826001285,271.6862150118686,417.0613830210641,1153.0
1785381929,16,total,S2,6.400000,0.000000,2500,2500,2500,2500,2500,2500,2500,2500,2500,2500,2500,728,0,1900.0,2186.8298526370872,1834.5366480061784,2580.8545429608785,256.0
1785381929,16,,Aggregated,12.800000,0.000000,2400,2500,2500,2500,2500,2500,2500,2500,2500,2500,2500,1456,0,420.0,1271.270839319186,271.6862150118686,2580.8545429608785,704.5
1785381930,16,TTFT,S2,6.400000,0.000000,360,370,370,370,380,390,390,390,390,390,390,732,0,360.0,355.76973106397844,271.6862150118686,417.0613830210641,1153.0
1785381930,16,total,S2,6.400000,0.000000,2500,2500,2500,2500,2500,2500,2500,2500,2500,2500,2500,732,0,1900.0,2188.660518891675,1834.5366480061784,2580.8545429608785,256.0
1785381930,16,,Aggregated,12.800000,0.000000,2400,2500,2500,2500,2500,2500,2500,2500,2500,2500,2500,1464,0,420.0,1272.2151249778267,271.6862150118686,2580.8545429608785,704.5
1785381931,16,TTFT,S2,6.400000,0.000000,360,370,370,370,370,380,380,380,380,380,380,737,0,360.0,355.7654495234601,271.6862150118686,417.0613830210641,1153.0
1785381931,16,total,S2,6.400000,0.000000,2500,2500,2500,2500,2500,2500,2500,2500,2500,2500,2500,737,0,1900.0,2190.7602182031565,1834.5366480061784,2580.8545429608785,256.0
1785381931,16,,Aggregated,12.800000,0.000000,2400,2500,2500,2500,2500,2500,2500,2500,2500,2500,2500,1474,0,420.0,1273.2628338633083,271.6862150118686,2580.8545429608785,704.5
1785381932,16,TTFT,S2,6.400000,0.000000,360,370,370,370,370,380,380,380,380,380,380,744,0,360.0,355.8033940169343,271.6862150118686,417.0613830210641,1153.0
1785381932,16,total,S2,6.400000,0.000000,2500,2500,2500,2500,2500,2500,2500,2500,2500,2500,2500,744,0,1900.0,2193.535950123264,1834.5366480061784,2580.8545429608785,256.0
1785381932,16,,Aggregated,12.800000,0.000000,2400,2500,2500,2500,2500,2500,2500,2500,2500,2500,2500,1488,0,420.0,1274.6696720700988,271.6862150118686,2580.8545429608785,704.5
1785381933,16,TTFT,S2,6.400000,0.000000,360,370,370,370,370,380,380,380,380,380,380,752,0,360.0,355.7240052547794,271.6862150118686,417.0613830210641,1153.0
1785381933,16,total,S2,6.400000,0.000000,2500,2500,2500,2500,2500,2500,2500,2500,2500,2500,2500,752,0,2400.0,2197.079362060786,1834.5366480061784,2580.8545429608785,256.0
1785381933,16,,Aggregated,12.800000,0.000000,2500,2500,2500,2500,2500,2500,2500,2500,2500,2500,2500,1504,0,420.0,1276.4016836577828,271.6862150118686,2580.8545429608785,704.5
1785381934,16,TTFT,S2,6.400000,0.000000,370,370,370,370,380,400,420,420,420,420,420,760,0,360.0,356.1923736088303,271.6862150118686,417.0613830210641,1153.0
1785381934,16,total,S2,6.400000,0.000000,2500,2500,2500,2500,2500,2600,2600,2600,2600,2600,2600,760,0,2400.0,2200.7167632523833,1834.5366480061784,2580.8545429608785,256.0
1785381934,16,,Aggregated,12.800000,0.000000,2500,2500,2500,2500,2500,2500,2600,2600,2600,2600,2600,1520,0,420.0,1278.4545684306067,271.6862150118686,2580.8545429608785,704.5
1785381935,16,TTFT,S2,6.400000,0.000000,370,370,370,380,400,410,420,420,420,420,420,764,0,360.0,356.27834651669787,271.6862150118686,417.0613830210641,1153.0
1785381935,16,total,S2,6.400000,0.000000,2500,2500,2500,2500,2500,2600,2600,2600,2600,2600,2600,764,0,2400.0,2202.4126190848983,1834.5366480061784,2580.8545429608785,256.0
1785381935,16,,Aggregated,12.800000,0.000000,2500,2500,2500,2500,2500,2500,2600,2600,2600,2600,2600,1528,0,420.0,1279.345482800798,271.6862150118686,2580.8545429608785,704.5
1785381936,16,TTFT,S2,6.400000,0.000000,370,370,370,380,400,410,420,420,420,420,420,768,0,360.0,356.27230470405874,271.6862150118686,417.0613830210641,1153.0
1785381936,16,total,S2,6.400000,0.000000,2500,2500,2500,2500,2500,2600,2600,2600,2600,2600,2600,768,0,2400.0,2203.8620860727556,1834.5366480061784,2580.8545429608785,256.0
1785381936,16,,Aggregated,12.800000,0.000000,2500,2500,2500,2500,2500,2500,2600,2600,2600,2600,2600,1536,0,420.0,1280.0671953884073,271.6862150118686,2580.8545429608785,704.5
1785381937,16,TTFT,S2,6.400000,0.000000,370,370,370,370,380,400,420,420,420,420,420,776,0,360.0,356.2427162148206,271.6862150118686,417.0613830210641,1153.0
1785381937,16,total,S2,6.400000,0.000000,2500,2500,2500,2500,2500,2600,2600,2600,2600,2600,2600,776,0,2400.0,2206.9267327744233,1834.5366480061784,2580.8545429608785,256.0
1785381937,16,,Aggregated,12.800000,0.000000,2500,2500,2500,2500,2500,2500,2600,2600,2600,2600,2600,1552,0,420.0,1281.584724494622,271.6862150118686,2580.8545429608785,704.5
1785381938,16,TTFT,S2,6.400000,0.000000,370,370,370,380,390,400,420,420,420,420,420,784,0,360.0,356.29633515269904,271.6862150118686,417.0613830210641,1153.0
1785381938,16,total,S2,6.400000,0.000000,2500,2500,2500,2500,2500,2600,2600,2600,2600,2600,2600,784,0,2500.0,2210.0318947679107,1834.5366480061784,2580.8545429608785,256.0
1785381938,16,,Aggregated,12.800000,0.000000,2500,2500,2500,2500,2500,2500,2600,2600,2600,2600,2600,1568,0,420.0,1283.1641149603047,271.6862150118686,2580.8545429608785,704.5
1785381939,16,TTFT,S2,6.400000,0.000000,370,370,370,380,390,400,420,420,420,420,420,792,0,360.0,356.3038936636535,271.6862150118686,417.0613830210641,1153.0
1785381939,16,total,S2,6.400000,0.000000,2500,2500,2500,2500,2500,2600,2600,2600,2600,2600,2600,792,0,2500.0,2213.1525503218377,1834.5366480061784,2580.8545429608785,256.0
1785381939,16,,Aggregated,12.800000,0.000000,2500,2500,2500,2500,2500,2500,2600,2600,2600,2600,2600,1584,0,420.0,1284.7282219927456,271.6862150118686,2580.8545429608785,704.5
1785381940,16,TTFT,S2,6.400000,0.000000,370,370,380,380,400,410,420,420,420,420,420,796,0,360.0,356.4067939868935,271.6862150118686,417.0613830210641,1153.0
1785381940,16,total,S2,6.400000,0.000000,2500,2500,2500,2500,2500,2600,2600,2600,2600,2600,2600,796,0,2500.0,2214.547227154414,1834.5366480061784,2580.8545429608785,256.0
1785381940,16,,Aggregated,12.800000,0.000000,2500,2500,2500,2500,2500,2500,2600,2600,2600,2600,2600,1592,0,420.0,1285.4770105706536,271.6862150118686,2580.8545429608785,704.5
1785381941,16,TTFT,S2,6.400000,0.000000,370,370,380,380,400,410,420,420,420,420,420,800,0,360.0,356.48650613940845,271.6862150118686,417.0613830210641,1153.0
1785381941,16,total,S2,6.400000,0.000000,2500,2500,2500,2500,2600,2600,2600,2600,2600,2600,2600,800,0,2500.0,2216.2617430611135,1834.5366480061784,2580.8545429608785,256.0
1785381941,16,,Aggregated,12.800000,0.000000,2500,2500,2500,2500,2500,2600,2600,2600,2600,2600,2600,1600,0,420.0,1286.374124600261,271.6862150118686,2580.8545429608785,704.5
1785381942,16,TTFT,S2,6.400000,0.000000,370,380,380,390,390,400,420,420,420,420,420,808,0,360.0,356.6299779250576,271.6862150118686,417.0613830210641,1153.0
1785381942,16,total,S2,6.400000,0.000000,2500,2500,2500,2500,2600,2600,2600,2600,2600,2600,2600,808,0,2500.0,2219.222195523285,1834.5366480061784,2580.8545429608785,256.0
1785381942,16,,Aggregated,12.800000,0.000000,2500,2500,2500,2500,2500,2600,2600,2600,2600,2600,2600,1616,0,420.0,1287.9260867241712,271.6862150118686,2580.8545429608785,704.5
1785381943,16,TTFT,S2,6.400000,0.000000,370,380,380,390,390,400,420,420,420,420,420,816,0,360.0,356.6455430263173,271.6862150118686,417.0613830210641,1153.0
1785381943,16,total,S2,6.400000,0.000000,2500,2500,2500,2500,2600,2600,2600,2600,2600,2600,2600,816,0,2500.0,2221.99040017022,1834.5366480061784,2580.8545429608785,256.0
1785381943,16,,Aggregated,12.800000,0.000000,2500,2500,2500,2500,2500,2600,2600,2600,2600,2600,2600,1632,0,420.0,1289.3179715982685,271.6862150118686,2580.8545429608785,704.5
1785381944,16,TTFT,S2,6.100000,0.000000,370,370,380,380,390,390,390,390,390,390,390,824,0,360.0,356.68407248843687,271.6862150118686,417.0613830210641,1153.0
1785381944,16,total,S2,6.100000,0.000000,2500,2500,2500,2500,2600,2600,2600,2600,2600,2600,2600,824,0,2500.0,2224.6917103712776,1834.5366480061784,2580.8545429608785,256.0
1785381944,16,,Aggregated,12.200000,0.000000,2500,2500,2500,2500,2500,2600,2600,2600,2600,2600,2600,1648,0,420.0,1290.6878914298572,271.6862150118686,2580.8545429608785,704.5
1785381945,16,TTFT,S2,6.400000,0.000000,370,370,370,380,390,390,390,390,390,390,390,828,0,360.0,356.6445634885385,271.6862150118686,417.0613830210641,1153.0
1785381945,16,total,S2,6.400000,0.000000,2500,2500,2500,2500,2600,2600,2600,2600,2600,2600,2600,828,0,2500.0,2225.8752463912,1834.5366480061784,2580.8545429608785,256.0
1785381945,16,,Aggregated,12.800000,0.000000,2500,2500,2500,2500,2500,2600,2600,2600,2600,2600,2600,1656,0,420.0,1291.2599049398693,271.6862150118686,2580.8545429608785,704.5
1785381946,16,TTFT,S2,6.400000,0.000000,370,370,370,380,390,390,390,390,390,390,390,832,0,360.0,356.6290056460275,271.6862150118686,417.0613830210641,1153.0
1785381946,16,total,S2,6.400000,0.000000,2500,2500,2500,2500,2600,2600,2600,2600,2600,2600,2600,832,0,2500.0,2227.3499175491734,1834.5366480061784,2580.8545429608785,256.0
1785381946,16,,Aggregated,12.800000,0.000000,2500,2500,2500,2500,2500,2600,2600,2600,2600,2600,2600,1664,0,420.0,1291.9894615976004,271.6862150118686,2580.8545429608785,704.5
1785381947,16,TTFT,S2,6.400000,0.000000,370,370,380,380,390,390,390,390,390,390,390,840,0,360.0,356.8086776922601,271.6862150118686,417.0613830210641,1153.0
1785381947,16,total,S2,6.400000,0.000000,2500,2500,2500,2500,2600,2600,2600,2600,2600,2600,2600,840,0,2500.0,2230.0517786653863,1834.5366480061784,2580.8545429608785,256.0
1785381947,16,,Aggregated,12.800000,0.000000,2500,2500,2500,2500,2500,2600,2600,2600,2600,2600,2600,1680,0,420.0,1293.4302281788232,271.6862150118686,2580.8545429608785,704.5
1785381948,16,TTFT,S2,6.400000,0.000000,370,370,380,380,390,390,390,390,390,390,390,848,0,360.0,356.83701280257355,271.6862150118686,417.0613830210641,1153.0
1785381948,16,total,S2,6.400000,0.000000,2500,2500,2500,2500,2600,2600,2600,2600,2600,2600,2600,848,0,2500.0,2232.820061277071,1834.5366480061784,2580.8545429608785,256.0
1785381948,16,,Aggregated,12.800000,0.000000,2500,2500,2500,2500,2500,2600,2600,2600,2600,2600,2600,1696,0,420.0,1294.8285370398223,271.6862150118686,2580.8545429608785,704.5
1785381949,16,TTFT,S2,6.000000,0.000000,370,380,380,380,390,390,390,390,390,390,390,856,0,360.0,356.9333395988285,271.6862150118686,417.0613830210641,1153.0
1785381949,16,total,S2,6.000000,0.000000,2500,2500,2500,2500,2600,2600,2600,2600,2600,2600,2600,856,0,2500.0,2235.41770966111,1834.5366480061784,2580.8545429608785,256.0
1785381949,16,,Aggregated,12.000000,0.000000,2500,2500,2500,2500,2500,2600,2600,2600,2600,2600,2600,1712,0,420.0,1296.1755246299695,271.6862150118686,2580.8545429608785,704.5
1785381950,16,TTFT,S2,6.400000,0.000000,370,370,380,380,390,390,390,390,390,390,390,860,0,360.0,356.9550723832393,271.6862150118686,417.0613830210641,1153.0
1785381950,16,total,S2,6.400000,0.000000,2500,2500,2500,2500,2500,2600,2600,2600,2600,2600,2600,860,0,2500.0,2236.5110866219175,1834.5366480061784,2580.8545429608785,256.0
1785381950,16,,Aggregated,12.800000,0.000000,2500,2500,2500,2500,2500,2500,2600,2600,2600,2600,2600,1720,0,420.0,1296.7330795025782,271.6862150118686,2580.8545429608785,704.5
1785381951,16,TTFT,S2,6.400000,0.000000,370,370,380,380,380,390,390,390,390,390,390,864,0,360.0,356.9335760215229,271.6862150118686,417.0613830210641,1153.0
1785381951,16,total,S2,6.400000,0.000000,2500,2500,2500,2500,2500,2500,2600,2600,2600,2600,2600,864,0,2500.0,2237.7546825807967,1834.5366480061784,2580.8545429608785,256.0
1785381951,16,,Aggregated,12.800000,0.000000,2500,2500,2500,2500,2500,2500,2500,2600,2600,2600,2600,1728,0,420.0,1297.3441293011597,271.6862150118686,2580.8545429608785,704.5
1785381952,16,TTFT,S2,6.400000,0.000000,370,370,370,380,380,380,390,390,390,390,390,872,0,360.0,356.92515559473134,271.6862150118686,417.0613830210641,1153.0
1785381952,16,total,S2,6.400000,0.000000,2500,2500,2500,2500,2500,2500,2500,2500,2500,2500,2500,872,0,2500.0,2239.958368342716,1834.5366480061784,2580.8545429608785,256.0
1785381952,16,,Aggregated,12.800000,0.000000,2500,2500,2500,2500,2500,2500,2500,2500,2500,2500,2500,1744,0,420.0,1298.4417619687235,271.6862150118686,2580.8545429608785,704.5
1785381953,16,TTFT,S2,6.000000,0.000000,360,370,370,380,380,380,390,390,390,390,390,880,0,360.0,356.88972153247136,271.6862150118686,417.0613830210641,1153.0
1785381953,16,total,S2,6.000000,0.000000,2500,2500,2500,2500,2500,2500,2500,2500,2500,2500,2500,880,0,2500.0,2242.2213596008737,1834.5366480061784,2580.8545429608785,256.0
1785381953,16,,Aggregated,12.000000,0.000000,2500,2500,2500,2500,2500,2500,2500,2500,2500,2500,2500,1760,0,420.0,1299.5555405666726,271.6862150118686,2580.8545429608785,704.5
1785381954,16,TTFT,S2,6.400000,0.000000,360,370,370,380,380,380,390,390,390,390,390,888,0,360.0,356.888193930924,271.6862150118686,417.0613830210641,1153.0
1785381954,16,total,S2,6.400000,0.000000,2500,2500,2500,2500,2500,2500,2500,2500,2500,2500,2500,888,0,2500.0,2244.6211771473845,1834.5366480061784,2580.8545429608785,256.0
1785381954,16,,Aggregated,12.800000,0.000000,2500,2500,2500,2500,2500,2500,2500,2500,2500,2500,2500,1776,0,420.0,1300.7546855391543,271.6862150118686,2580.8545429608785,704.5
1785381955,16,TTFT,S2,6.400000,0.000000,360,370,370,380,380,380,390,390,390,390,390,892,0,360.0,356.9184712742741,271.6862150118686,417.0613830210641,1153.0
1785381955,16,total,S2,6.400000,0.000000,2500,2500,2500,2500,2500,2500,2500,2500,2500,2500,2500,892,0,2500.0,2245.6877954773927,1834.5366480061784,2580.8545429608785,256.0
1785381955,16,,Aggregated,12.800000,0.000000,2500,2500,2500,2500,2500,2500,2500,2500,2500,2500,2500,1784,0,420.0,1301.3031333758333,271.6862150118686,2580.8545429608785,704.5
1785381956,16,TTFT,S2,6.400000,0.000000,360,370,380,380,380,390,390,390,390,390,390,896,0,360.0,357.0200108188146,271.6862150118686,417.0613830210641,1153.0
1785381956,16,total,S2,6.400000,0.000000,2500,2500,2500,2500,2500,2500,2500,2500,2500,2500,2500,896,0,2500.0,2246.952991062309,1834.5366480061784,2580.8545429608785,256.0
1785381956,16,,Aggregated,12.800000,0.000000,2500,2500,2500,2500,2500,2500,2500,2500,2500,2500,2500,1792,0,420.0,1301.9865009405619,271.6862150118686,2580.8545429608785,704.5
1785381957,16,TTFT,S2,6.400000,0.000000,360,370,370,370,380,380,390,390,390,390,390,904,0,360.0,356.90580723746433,271.6862150118686,417.0613830210641,1153.0
1785381957,16,total,S2,6.400000,0.000000,2500,2500,2500,2500,2500,2500,2500,2500,2500,2500,2500,904,0,2500.0,2249.0124382056497,1834.5366480061784,2580.8545429608785,256.0
1785381957,16,,Aggregated,12.800000,0.000000,2500,2500,2500,2500,2500,2500,2500,2500,2500,2500,2500,1808,0,420.0,1302.9591227215572,271.6862150118686,2580.8545429608785,704.5
1785381958,16,TTFT,S2,6.000000,0.000000,360,370,370,370,380,380,390,390,390,390,390,912,0,360.0,356.8966784086226,271.6862150118686,417.0613830210641,1153.0
1785381958,16,total,S2,6.000000,0.000000,2500,2500,2500,2500,2500,2500,2500,2500,2500,2500,2500,912,0,2500.0,2251.0901160503477,1834.5366480061784,2580.8545429608785,256.0
1785381958,16,,Aggregated,12.000000,0.000000,2500,2500,2500,2500,2500,2500,2500,2500,2500,2500,2500,1824,0,420.0,1303.993397229485,271.6862150118686,2580.8545429608785,704.5
1785381959,16,TTFT,S2,6.800000,0.000000,360,370,370,370,380,380,390,390,390,390,390,920,0,360.0,356.9244326138489,271.6862150118686,417.0613830210641,1153.0
1785381959,16,total,S2,6.800000,0.000000,2500,2500,2500,2500,2500,2500,2500,2500,2500,2500,2500,920,0,2500.0,2253.3275114389457,1834.5366480061784,2580.8545429608785,256.0
1785381959,16,,Aggregated,13.600000,0.000000,2500,2500,2500,2500,2500,2500,2500,2500,2500,2500,2500,1840,0,420.0,1305.1259720263972,271.6862150118686,2580.8545429608785,704.5
1785381960,16,TTFT,S2,6.400000,0.000000,360,370,370,370,380,380,390,390,390,390,390,924,0,360.0,356.9341237616203,271.6862150118686,417.0613830210641,1153.0
1785381960,16,total,S2,6.400000,0.000000,2500,2500,2500,2500,2500,2500,2500,2500,2500,2500,2500,924,0,2500.0,2254.331385325595,1834.5366480061784,2580.8545429608785,256.0
1785381960,16,,Aggregated,12.800000,0.000000,2500,2500,2500,2500,2500,2500,2500,2500,2500,2500,2500,1848,0,420.0,1305.6327545436077,271.6862150118686,2580.8545429608785,704.5
1785381961,16,TTFT,S2,6.400000,0.000000,360,370,370,370,380,380,390,390,390,390,390,928,0,360.0,356.96000095444543,271.6862150118686,417.0613830210641,1153.0
1785381961,16,total,S2,6.400000,0.000000,2500,2500,2500,2500,2500,2500,2500,2500,2500,2500,2500,928,0,2500.0,2255.514881129094,1834.5366480061784,2580.8545429608785,256.0
1785381961,16,,Aggregated,12.800000,0.000000,2500,2500,2500,2500,2500,2500,2500,2500,2500,2500,2500,1856,0,420.0,1306.2374410417697,271.6862150118686,2580.8545429608785,704.5
1785381962,16,TTFT,S2,6.400000,0.000000,360,370,370,370,380,380,390,390,390,390,390,936,0,360.0,356.89454172396114,271.6862150118686,417.0613830210641,1153.0
1785381962,16,total,S2,6.400000,0.000000,2500,2500,2500,2500,2500,2500,2500,2500,2500,2500,2500,936,0,2500.0,2257.637970200511,1834.5366480061784,2580.8545429608785,256.0
1785381962,16,,Aggregated,12.800000,0.000000,2500,2500,2500,2500,2500,2500,2500,2500,2500,2500,2500,1872,0,420.0,1307.266255962236,271.6862150118686,2580.8545429608785,704.5
1785381963,16,TTFT,S2,6.400000,0.000000,360,370,370,370,380,390,390,390,390,390,390,944,0,360.0,357.0042182049508,271.6862150118686,417.0613830210641,1153.0
1785381963,16,total,S2,6.400000,0.000000,2500,2500,2500,2500,2500,2600,2600,2600,2600,2600,2600,944,0,2500.0,2259.8010576606366,1834.5366480061784,2580.8545429608785,256.0
1785381963,16,,Aggregated,12.800000,0.000000,2500,2500,2500,2500,2500,2500,2600,2600,2600,2600,2600,1888,0,420.0,1308.4026379327936,271.6862150118686,2580.8545429608785,704.5
1785381964,0,TTFT,S2,6.400000,0.000000,360,370,370,370,390,390,390,390,390,390,390,944,0,360.0,357.0042182049508,271.6862150118686,417.0613830210641,1153.0
1785381964,0,total,S2,6.400000,0.000000,2500,2500,2500,2500,2500,2600,2600,2600,2600,2600,2600,944,0,2500.0,2259.8010576606366,1834.5366480061784,2580.8545429608785,256.0
1785381964,0,,Aggregated,12.800000,0.000000,2500,2500,2500,2500,2500,2500,2600,2600,2600,2600,2600,1888,0,420.0,1308.4026379327936,271.6862150118686,2580.8545429608785,704.5
1785381965,0,TTFT,S2,6.400000,0.000000,360,370,370,370,390,390,390,390,390,390,390,944,0,360.0,357.0042182049508,271.6862150118686,417.0613830210641,1153.0
1785381965,0,total,S2,6.400000,0.000000,2500,2500,2500,2500,2500,2600,2600,2600,2600,2600,2600,944,0,2500.0,2259.8010576606366,1834.5366480061784,2580.8545429608785,256.0
1785381965,0,,Aggregated,12.800000,0.000000,2500,2500,2500,2500,2500,2500,2600,2600,2600,2600,2600,1888,0,420.0,1308.4026379327936,271.6862150118686,2580.8545429608785,704.5
1785381966,0,TTFT,S2,6.400000,0.000000,360,370,370,370,380,390,390,390,390,390,390,944,0,360.0,357.0042182049508,271.6862150118686,417.0613830210641,1153.0
1785381966,0,total,S2,6.400000,0.000000,2500,2500,2500,2500,2500,2600,2600,2600,2600,2600,2600,944,0,2500.0,2259.8010576606366,1834.5366480061784,2580.8545429608785,256.0
1785381966,0,,Aggregated,12.800000,0.000000,2500,2500,2500,2500,2500,2500,2600,2600,2600,2600,2600,1888,0,420.0,1308.4026379327936,271.6862150118686,2580.8545429608785,704.5
1785381967,0,TTFT,S2,6.400000,0.000000,370,370,370,370,380,390,390,390,390,390,390,944,0,360.0,357.0042182049508,271.6862150118686,417.0613830210641,1153.0
1785381967,0,total,S2,6.400000,0.000000,2500,2500,2500,2500,2600,2600,2600,2600,2600,2600,2600,944,0,2500.0,2259.8010576606366,1834.5366480061784,2580.8545429608785,256.0
1785381967,0,,Aggregated,12.800000,0.000000,2500,2500,2500,2500,2500,2600,2600,2600,2600,2600,2600,1888,0,420.0,1308.4026379327936,271.6862150118686,2580.8545429608785,704.5
1785381968,0,TTFT,S2,6.400000,0.000000,370,370,370,370,380,390,390,390,390,390,390,944,0,360.0,357.0042182049508,271.6862150118686,417.0613830210641,1153.0
1785381968,0,total,S2,6.400000,0.000000,2500,2500,2500,2500,2600,2600,2600,2600,2600,2600,2600,944,0,2500.0,2259.8010576606366,1834.5366480061784,2580.8545429608785,256.0
1785381968,0,,Aggregated,12.800000,0.000000,2500,2500,2500,2500,2500,2600,2600,2600,2600,2600,2600,1888,0,420.0,1308.4026379327936,271.6862150118686,2580.8545429608785,704.5
1785381969,0,TTFT,S2,6.400000,0.000000,370,370,370,370,390,390,390,390,390,390,390,944,0,360.0,357.0042182049508,271.6862150118686,417.0613830210641,1153.0
1785381969,0,total,S2,6.400000,0.000000,2500,2500,2500,2500,2600,2600,2600,2600,2600,2600,2600,944,0,2500.0,2259.8010576606366,1834.5366480061784,2580.8545429608785,256.0
1785381969,0,,Aggregated,12.800000,0.000000,2500,2500,2500,2500,2500,2600,2600,2600,2600,2600,2600,1888,0,420.0,1308.4026379327936,271.6862150118686,2580.8545429608785,704.5
1785381970,0,TTFT,S2,6.400000,0.000000,360,370,370,370,390,390,390,390,390,390,390,944,0,360.0,357.0042182049508,271.6862150118686,417.0613830210641,1153.0
1785381970,0,total,S2,6.400000,0.000000,2500,2500,2500,2600,2600,2600,2600,2600,2600,2600,2600,944,0,2500.0,2259.8010576606366,1834.5366480061784,2580.8545429608785,256.0
1785381970,0,,Aggregated,12.800000,0.000000,2500,2500,2500,2500,2600,2600,2600,2600,2600,2600,2600,1888,0,420.0,1308.4026379327936,271.6862150118686,2580.8545429608785,704.5
1785381971,0,TTFT,S2,6.400000,0.000000,370,370,390,390,390,390,390,390,390,390,390,944,0,360.0,357.0042182049508,271.6862150118686,417.0613830210641,1153.0
1785381971,0,total,S2,6.400000,0.000000,2500,2500,2600,2600,2600,2600,2600,2600,2600,2600,2600,944,0,2500.0,2259.8010576606366,1834.5366480061784,2580.8545429608785,256.0
1785381971,0,,Aggregated,12.800000,0.000000,2500,2500,2500,2500,2600,2600,2600,2600,2600,2600,2600,1888,0,420.0,1308.4026379327936,271.6862150118686,2580.8545429608785,704.5
1785381972,0,TTFT,S2,6.400000,0.000000,370,390,390,390,390,390,390,390,390,390,390,944,0,360.0,357.0042182049508,271.6862150118686,417.0613830210641,1153.0
1785381972,0,total,S2,6.400000,0.000000,2600,2600,2600,2600,2600,2600,2600,2600,2600,2600,2600,944,0,2500.0,2259.8010576606366,1834.5366480061784,2580.8545429608785,256.0
1785381972,0,,Aggregated,12.800000,0.000000,2500,2500,2600,2600,2600,2600,2600,2600,2600,2600,2600,1888,0,420.0,1308.4026379327936,271.6862150118686,2580.8545429608785,704.5
1785381973,0,TTFT,S2,6.400000,0.000000,370,390,390,390,390,390,390,390,390,390,390,944,0,360.0,357.0042182049508,271.6862150118686,417.0613830210641,1153.0
1785381973,0,total,S2,6.400000,0.000000,2600,2600,2600,2600,2600,2600,2600,2600,2600,2600,2600,944,0,2500.0,2259.8010576606366,1834.5366480061784,2580.8545429608785,256.0
1785381973,0,,Aggregated,12.800000,0.000000,2500,2500,2600,2600,2600,2600,2600,2600,2600,2600,2600,1888,0,420.0,1308.4026379327936,271.6862150118686,2580.8545429608785,704.5
1785381974,0,TTFT,S2,6.400000,0.000000,370,390,390,390,390,390,390,390,390,390,390,944,0,360.0,357.0042182049508,271.6862150118686,417.0613830210641,1153.0
1785381974,0,total,S2,6.400000,0.000000,2600,2600,2600,2600,2600,2600,2600,2600,2600,2600,2600,944,0,2500.0,2259.8010576606366,1834.5366480061784,2580.8545429608785,256.0
1785381974,0,,Aggregated,12.800000,0.000000,2500,2500,2600,2600,2600,2600,2600,2600,2600,2600,2600,1888,0,420.0,1308.4026379327936,271.6862150118686,2580.8545429608785,704.5
1785381975,0,TTFT,S2,6.400000,0.000000,370,390,390,390,390,390,390,390,390,390,390,944,0,360.0,357.0042182049508,271.6862150118686,417.0613830210641,1153.0
1785381975,0,total,S2,6.400000,0.000000,2600,2600,2600,2600,2600,2600,2600,2600,2600,2600,2600,944,0,2500.0,2259.8010576606366,1834.5366480061784,2580.8545429608785,256.0
1785381975,0,,Aggregated,12.800000,0.000000,2500,2500,2600,2600,2600,2600,2600,2600,2600,2600,2600,1888,0,420.0,1308.4026379327936,271.6862150118686,2580.8545429608785,704.5
1785381976,0,TTFT,S2,6.400000,0.000000,370,390,390,390,390,390,390,390,390,390,390,944,0,360.0,357.0042182049508,271.6862150118686,417.0613830210641,1153.0
1785381976,0,total,S2,6.400000,0.000000,2600,2600,2600,2600,2600,2600,2600,2600,2600,2600,2600,944,0,2500.0,2259.8010576606366,1834.5366480061784,2580.8545429608785,256.0
1785381976,0,,Aggregated,12.800000,0.000000,2500,2500,2600,2600,2600,2600,2600,2600,2600,2600,2600,1888,0,420.0,1308.4026379327936,271.6862150118686,2580.8545429608785,704.5
1785381977,0,TTFT,S2,6.400000,0.000000,370,390,390,390,390,390,390,390,390,390,390,944,0,360.0,357.0042182049508,271.6862150118686,417.0613830210641,1153.0
1785381977,0,total,S2,6.400000,0.000000,2600,2600,2600,2600,2600,2600,2600,2600,2600,2600,2600,944,0,2500.0,2259.8010576606366,1834.5366480061784,2580.8545429608785,256.0
1785381977,0,,Aggregated,12.800000,0.000000,2500,2500,2600,2600,2600,2600,2600,2600,2600,2600,2600,1888,0,420.0,1308.4026379327936,271.6862150118686,2580.8545429608785,704.5
1785381978,0,TTFT,S2,6.400000,0.000000,370,390,390,390,390,390,390,390,390,390,390,944,0,360.0,357.0042182049508,271.6862150118686,417.0613830210641,1153.0
1785381978,0,total,S2,6.400000,0.000000,2600,2600,2600,2600,2600,2600,2600,2600,2600,2600,2600,944,0,2500.0,2259.8010576606366,1834.5366480061784,2580.8545429608785,256.0
1785381978,0,,Aggregated,12.800000,0.000000,2500,2500,2600,2600,2600,2600,2600,2600,2600,2600,2600,1888,0,420.0,1308.4026379327936,271.6862150118686,2580.8545429608785,704.5
1785381979,0,TTFT,S2,6.400000,0.000000,370,390,390,390,390,390,390,390,390,390,390,944,0,360.0,357.0042182049508,271.6862150118686,417.0613830210641,1153.0
1785381979,0,total,S2,6.400000,0.000000,2600,2600,2600,2600,2600,2600,2600,2600,2600,2600,2600,944,0,2500.0,2259.8010576606366,1834.5366480061784,2580.8545429608785,256.0
1785381979,0,,Aggregated,12.800000,0.000000,2500,2500,2600,2600,2600,2600,2600,2600,2600,2600,2600,1888,0,420.0,1308.4026379327936,271.6862150118686,2580.8545429608785,704.5
1785381980,0,TTFT,S2,6.400000,0.000000,370,390,390,390,390,390,390,390,390,390,390,944,0,360.0,357.0042182049508,271.6862150118686,417.0613830210641,1153.0
1785381980,0,total,S2,6.400000,0.000000,2600,2600,2600,2600,2600,2600,2600,2600,2600,2600,2600,944,0,2500.0,2259.8010576606366,1834.5366480061784,2580.8545429608785,256.0
1785381980,0,,Aggregated,12.800000,0.000000,2500,2500,2600,2600,2600,2600,2600,2600,2600,2600,2600,1888,0,420.0,1308.4026379327936,271.6862150118686,2580.8545429608785,704.5
1785381981,0,TTFT,S2,6.400000,0.000000,0,0,0,0,0,0,0,0,0,0,0,944,0,360.0,357.0042182049508,271.6862150118686,417.0613830210641,1153.0
1785381981,0,total,S2,6.400000,0.000000,0,0,0,0,0,0,0,0,0,0,0,944,0,2500.0,2259.8010576606366,1834.5366480061784,2580.8545429608785,256.0
1785381981,0,,Aggregated,12.800000,0.000000,0,0,0,0,0,0,0,0,0,0,0,1888,0,420.0,1308.4026379327936,271.6862150118686,2580.8545429608785,704.5
1785381982,0,TTFT,S2,6.400000,0.000000,0,0,0,0,0,0,0,0,0,0,0,944,0,360.0,357.0042182049508,271.6862150118686,417.0613830210641,1153.0
1785381982,0,total,S2,6.400000,0.000000,0,0,0,0,0,0,0,0,0,0,0,944,0,2500.0,2259.8010576606366,1834.5366480061784,2580.8545429608785,256.0
1785381982,0,,Aggregated,12.800000,0.000000,0,0,0,0,0,0,0,0,0,0,0,1888,0,420.0,1308.4026379327936,271.6862150118686,2580.8545429608785,704.5
1785381983,0,TTFT,S2,6.400000,0.000000,0,0,0,0,0,0,0,0,0,0,0,944,0,360.0,357.0042182049508,271.6862150118686,417.0613830210641,1153.0
1785381983,0,total,S2,6.400000,0.000000,0,0,0,0,0,0,0,0,0,0,0,944,0,2500.0,2259.8010576606366,1834.5366480061784,2580.8545429608785,256.0
1785381983,0,,Aggregated,12.800000,0.000000,0,0,0,0,0,0,0,0,0,0,0,1888,0,420.0,1308.4026379327936,271.6862150118686,2580.8545429608785,704.5
1785381984,0,TTFT,S2,6.400000,0.000000,0,0,0,0,0,0,0,0,0,0,0,944,0,360.0,357.0042182049508,271.6862150118686,417.0613830210641,1153.0
1785381984,0,total,S2,6.400000,0.000000,0,0,0,0,0,0,0,0,0,0,0,944,0,2500.0,2259.8010576606366,1834.5366480061784,2580.8545429608785,256.0
1785381984,0,,Aggregated,12.800000,0.000000,0,0,0,0,0,0,0,0,0,0,0,1888,0,420.0,1308.4026379327936,271.6862150118686,2580.8545429608785,704.5
1785381985,0,TTFT,S2,6.400000,0.000000,0,0,0,0,0,0,0,0,0,0,0,944,0,360.0,357.0042182049508,271.6862150118686,417.0613830210641,1153.0
1785381985,0,total,S2,6.400000,0.000000,0,0,0,0,0,0,0,0,0,0,0,944,0,2500.0,2259.8010576606366,1834.5366480061784,2580.8545429608785,256.0
1785381985,0,,Aggregated,12.800000,0.000000,0,0,0,0,0,0,0,0,0,0,0,1888,0,420.0,1308.4026379327936,271.6862150118686,2580.8545429608785,704.5
1785381986,0,TTFT,S2,6.400000,0.000000,0,0,0,0,0,0,0,0,0,0,0,944,0,360.0,357.0042182049508,271.6862150118686,417.0613830210641,1153.0
1785381986,0,total,S2,6.400000,0.000000,0,0,0,0,0,0,0,0,0,0,0,944,0,2500.0,2259.8010576606366,1834.5366480061784,2580.8545429608785,256.0
1785381986,0,,Aggregated,12.800000,0.000000,0,0,0,0,0,0,0,0,0,0,0,1888,0,420.0,1308.4026379327936,271.6862150118686,2580.8545429608785,704.5
1785381987,0,TTFT,S2,6.400000,0.000000,0,0,0,0,0,0,0,0,0,0,0,944,0,360.0,357.0042182049508,271.6862150118686,417.0613830210641,1153.0
1785381987,0,total,S2,6.400000,0.000000,0,0,0,0,0,0,0,0,0,0,0,944,0,2500.0,2259.8010576606366,1834.5366480061784,2580.8545429608785,256.0
1785381987,0,,Aggregated,12.800000,0.000000,0,0,0,0,0,0,0,0,0,0,0,1888,0,420.0,1308.4026379327936,271.6862150118686,2580.8545429608785,704.5
1785381988,0,TTFT,S2,6.400000,0.000000,0,0,0,0,0,0,0,0,0,0,0,944,0,360.0,357.0042182049508,271.6862150118686,417.0613830210641,1153.0
1785381988,0,total,S2,6.400000,0.000000,0,0,0,0,0,0,0,0,0,0,0,944,0,2500.0,2259.8010576606366,1834.5366480061784,2580.8545429608785,256.0
1785381988,0,,Aggregated,12.800000,0.000000,0,0,0,0,0,0,0,0,0,0,0,1888,0,420.0,1308.4026379327936,271.6862150118686,2580.8545429608785,704.5
1785381989,0,TTFT,S2,6.400000,0.000000,0,0,0,0,0,0,0,0,0,0,0,944,0,360.0,357.0042182049508,271.6862150118686,417.0613830210641,1153.0
1785381989,0,total,S2,6.400000,0.000000,0,0,0,0,0,0,0,0,0,0,0,944,0,2500.0,2259.8010576606366,1834.5366480061784,2580.8545429608785,256.0
1785381989,0,,Aggregated,12.800000,0.000000,0,0,0,0,0,0,0,0,0,0,0,1888,0,420.0,1308.4026379327936,271.6862150118686,2580.8545429608785,704.5
1785381990,0,TTFT,S2,6.400000,0.000000,0,0,0,0,0,0,0,0,0,0,0,944,0,360.0,357.0042182049508,271.6862150118686,417.0613830210641,1153.0
1785381990,0,total,S2,6.400000,0.000000,0,0,0,0,0,0,0,0,0,0,0,944,0,2500.0,2259.8010576606366,1834.5366480061784,2580.8545429608785,256.0
1785381990,0,,Aggregated,12.800000,0.000000,0,0,0,0,0,0,0,0,0,0,0,1888,0,420.0,1308.4026379327936,271.6862150118686,2580.8545429608785,704.5
1785381991,0,TTFT,S2,6.400000,0.000000,0,0,0,0,0,0,0,0,0,0,0,944,0,360.0,357.0042182049508,271.6862150118686,417.0613830210641,1153.0
1785381991,0,total,S2,6.400000,0.000000,0,0,0,0,0,0,0,0,0,0,0,944,0,2500.0,2259.8010576606366,1834.5366480061784,2580.8545429608785,256.0
1785381991,0,,Aggregated,12.800000,0.000000,0,0,0,0,0,0,0,0,0,0,0,1888,0,420.0,1308.4026379327936,271.6862150118686,2580.8545429608785,704.5
1785381992,0,TTFT,S2,6.400000,0.000000,0,0,0,0,0,0,0,0,0,0,0,944,0,360.0,357.0042182049508,271.6862150118686,417.0613830210641,1153.0
1785381992,0,total,S2,6.400000,0.000000,0,0,0,0,0,0,0,0,0,0,0,944,0,2500.0,2259.8010576606366,1834.5366480061784,2580.8545429608785,256.0
1785381992,0,,Aggregated,12.800000,0.000000,0,0,0,0,0,0,0,0,0,0,0,1888,0,420.0,1308.4026379327936,271.6862150118686,2580.8545429608785,704.5
1785381993,0,TTFT,S2,6.400000,0.000000,0,0,0,0,0,0,0,0,0,0,0,944,0,360.0,357.0042182049508,271.6862150118686,417.0613830210641,1153.0
1785381993,0,total,S2,6.400000,0.000000,0,0,0,0,0,0,0,0,0,0,0,944,0,2500.0,2259.8010576606366,1834.5366480061784,2580.8545429608785,256.0
1785381993,0,,Aggregated,12.800000,0.000000,0,0,0,0,0,0,0,0,0,0,0,1888,0,420.0,1308.4026379327936,271.6862150118686,2580.8545429608785,704.5
1785381994,0,TTFT,S2,6.400000,0.000000,0,0,0,0,0,0,0,0,0,0,0,944,0,360.0,357.0042182049508,271.6862150118686,417.0613830210641,1153.0
1785381994,0,total,S2,6.400000,0.000000,0,0,0,0,0,0,0,0,0,0,0,944,0,2500.0,2259.8010576606366,1834.5366480061784,2580.8545429608785,256.0
1785381994,0,,Aggregated,12.800000,0.000000,0,0,0,0,0,0,0,0,0,0,0,1888,0,420.0,1308.4026379327936,271.6862150118686,2580.8545429608785,704.5
1785381995,0,TTFT,S2,6.400000,0.000000,0,0,0,0,0,0,0,0,0,0,0,944,0,360.0,357.0042182049508,271.6862150118686,417.0613830210641,1153.0
1785381995,0,total,S2,6.400000,0.000000,0,0,0,0,0,0,0,0,0,0,0,944,0,2500.0,2259.8010576606366,1834.5366480061784,2580.8545429608785,256.0
1785381995,0,,Aggregated,12.800000,0.000000,0,0,0,0,0,0,0,0,0,0,0,1888,0,420.0,1308.4026379327936,271.6862150118686,2580.8545429608785,704.5
1785381996,0,TTFT,S2,6.400000,0.000000,0,0,0,0,0,0,0,0,0,0,0,944,0,360.0,357.0042182049508,271.6862150118686,417.0613830210641,1153.0
1785381996,0,total,S2,6.400000,0.000000,0,0,0,0,0,0,0,0,0,0,0,944,0,2500.0,2259.8010576606366,1834.5366480061784,2580.8545429608785,256.0
1785381996,0,,Aggregated,12.800000,0.000000,0,0,0,0,0,0,0,0,0,0,0,1888,0,420.0,1308.4026379327936,271.6862150118686,2580.8545429608785,704.5
1785381997,0,TTFT,S2,6.400000,0.000000,0,0,0,0,0,0,0,0,0,0,0,944,0,360.0,357.0042182049508,271.6862150118686,417.0613830210641,1153.0
1785381997,0,total,S2,6.400000,0.000000,0,0,0,0,0,0,0,0,0,0,0,944,0,2500.0,2259.8010576606366,1834.5366480061784,2580.8545429608785,256.0
1785381997,0,,Aggregated,12.800000,0.000000,0,0,0,0,0,0,0,0,0,0,0,1888,0,420.0,1308.4026379327936,271.6862150118686,2580.8545429608785,704.5
1785381998,0,TTFT,S2,6.400000,0.000000,0,0,0,0,0,0,0,0,0,0,0,944,0,360.0,357.0042182049508,271.6862150118686,417.0613830210641,1153.0
1785381998,0,total,S2,6.400000,0.000000,0,0,0,0,0,0,0,0,0,0,0,944,0,2500.0,2259.8010576606366,1834.5366480061784,2580.8545429608785,256.0
1785381998,0,,Aggregated,12.800000,0.000000,0,0,0,0,0,0,0,0,0,0,0,1888,0,420.0,1308.4026379327936,271.6862150118686,2580.8545429608785,704.5
1785381999,0,TTFT,S2,6.400000,0.000000,0,0,0,0,0,0,0,0,0,0,0,944,0,360.0,357.0042182049508,271.6862150118686,417.0613830210641,1153.0
1785381999,0,total,S2,6.400000,0.000000,0,0,0,0,0,0,0,0,0,0,0,944,0,2500.0,2259.8010576606366,1834.5366480061784,2580.8545429608785,256.0
1785381999,0,,Aggregated,12.800000,0.000000,0,0,0,0,0,0,0,0,0,0,0,1888,0,420.0,1308.4026379327936,271.6862150118686,2580.8545429608785,704.5
1785382000,0,TTFT,S2,6.400000,0.000000,0,0,0,0,0,0,0,0,0,0,0,944,0,360.0,357.0042182049508,271.6862150118686,417.0613830210641,1153.0
1785382000,0,total,S2,6.400000,0.000000,0,0,0,0,0,0,0,0,0,0,0,944,0,2500.0,2259.8010576606366,1834.5366480061784,2580.8545429608785,256.0
1785382000,0,,Aggregated,12.800000,0.000000,0,0,0,0,0,0,0,0,0,0,0,1888,0,420.0,1308.4026379327936,271.6862150118686,2580.8545429608785,704.5
1785382001,0,TTFT,S2,6.400000,0.000000,0,0,0,0,0,0,0,0,0,0,0,944,0,360.0,357.0042182049508,271.6862150118686,417.0613830210641,1153.0
1785382001,0,total,S2,6.400000,0.000000,0,0,0,0,0,0,0,0,0,0,0,944,0,2500.0,2259.8010576606366,1834.5366480061784,2580.8545429608785,256.0
1785382001,0,,Aggregated,12.800000,0.000000,0,0,0,0,0,0,0,0,0,0,0,1888,0,420.0,1308.4026379327936,271.6862150118686,2580.8545429608785,704.5
1785382002,0,TTFT,S2,6.400000,0.000000,0,0,0,0,0,0,0,0,0,0,0,944,0,360.0,357.0042182049508,271.6862150118686,417.0613830210641,1153.0
1785382002,0,total,S2,6.400000,0.000000,0,0,0,0,0,0,0,0,0,0,0,944,0,2500.0,2259.8010576606366,1834.5366480061784,2580.8545429608785,256.0
1785382002,0,,Aggregated,12.800000,0.000000,0,0,0,0,0,0,0,0,0,0,0,1888,0,420.0,1308.4026379327936,271.6862150118686,2580.8545429608785,704.5
1785382003,0,TTFT,S2,6.400000,0.000000,0,0,0,0,0,0,0,0,0,0,0,944,0,360.0,357.0042182049508,271.6862150118686,417.0613830210641,1153.0
1785382003,0,total,S2,6.400000,0.000000,0,0,0,0,0,0,0,0,0,0,0,944,0,2500.0,2259.8010576606366,1834.5366480061784,2580.8545429608785,256.0
1785382003,0,,Aggregated,12.800000,0.000000,0,0,0,0,0,0,0,0,0,0,0,1888,0,420.0,1308.4026379327936,271.6862150118686,2580.8545429608785,704.5
1785382004,0,TTFT,S2,6.400000,0.000000,0,0,0,0,0,0,0,0,0,0,0,944,0,360.0,357.0042182049508,271.6862150118686,417.0613830210641,1153.0
1785382004,0,total,S2,6.400000,0.000000,0,0,0,0,0,0,0,0,0,0,0,944,0,2500.0,2259.8010576606366,1834.5366480061784,2580.8545429608785,256.0
1785382004,0,,Aggregated,12.800000,0.000000,0,0,0,0,0,0,0,0,0,0,0,1888,0,420.0,1308.4026379327936,271.6862150118686,2580.8545429608785,704.5
1785382005,0,TTFT,S2,6.400000,0.000000,0,0,0,0,0,0,0,0,0,0,0,944,0,360.0,357.0042182049508,271.6862150118686,417.0613830210641,1153.0
1785382005,0,total,S2,6.400000,0.000000,0,0,0,0,0,0,0,0,0,0,0,944,0,2500.0,2259.8010576606366,1834.5366480061784,2580.8545429608785,256.0
1785382005,0,,Aggregated,12.800000,0.000000,0,0,0,0,0,0,0,0,0,0,0,1888,0,420.0,1308.4026379327936,271.6862150118686,2580.8545429608785,704.5
1785382006,0,TTFT,S2,6.400000,0.000000,0,0,0,0,0,0,0,0,0,0,0,944,0,360.0,357.0042182049508,271.6862150118686,417.0613830210641,1153.0
1785382006,0,total,S2,6.400000,0.000000,0,0,0,0,0,0,0,0,0,0,0,944,0,2500.0,2259.8010576606366,1834.5366480061784,2580.8545429608785,256.0
1785382006,0,,Aggregated,12.800000,0.000000,0,0,0,0,0,0,0,0,0,0,0,1888,0,420.0,1308.4026379327936,271.6862150118686,2580.8545429608785,704.5
1785382007,0,TTFT,S2,6.400000,0.000000,0,0,0,0,0,0,0,0,0,0,0,944,0,360.0,357.0042182049508,271.6862150118686,417.0613830210641,1153.0
1785382007,0,total,S2,6.400000,0.000000,0,0,0,0,0,0,0,0,0,0,0,944,0,2500.0,2259.8010576606366,1834.5366480061784,2580.8545429608785,256.0
1785382007,0,,Aggregated,12.800000,0.000000,0,0,0,0,0,0,0,0,0,0,0,1888,0,420.0,1308.4026379327936,271.6862150118686,2580.8545429608785,704.5
1785382008,0,TTFT,S2,6.400000,0.000000,0,0,0,0,0,0,0,0,0,0,0,944,0,360.0,357.0042182049508,271.6862150118686,417.0613830210641,1153.0
1785382008,0,total,S2,6.400000,0.000000,0,0,0,0,0,0,0,0,0,0,0,944,0,2500.0,2259.8010576606366,1834.5366480061784,2580.8545429608785,256.0
1785382008,0,,Aggregated,12.800000,0.000000,0,0,0,0,0,0,0,0,0,0,0,1888,0,420.0,1308.4026379327936,271.6862150118686,2580.8545429608785,704.5
1785382009,0,TTFT,S2,6.400000,0.000000,0,0,0,0,0,0,0,0,0,0,0,944,0,360.0,357.0042182049508,271.6862150118686,417.0613830210641,1153.0
1785382009,0,total,S2,6.400000,0.000000,0,0,0,0,0,0,0,0,0,0,0,944,0,2500.0,2259.8010576606366,1834.5366480061784,2580.8545429608785,256.0
1785382009,0,,Aggregated,12.800000,0.000000,0,0,0,0,0,0,0,0,0,0,0,1888,0,420.0,1308.4026379327936,271.6862150118686,2580.8545429608785,704.5
1785382010,0,TTFT,S2,6.400000,0.000000,0,0,0,0,0,0,0,0,0,0,0,944,0,360.0,357.0042182049508,271.6862150118686,417.0613830210641,1153.0
1785382010,0,total,S2,6.400000,0.000000,0,0,0,0,0,0,0,0,0,0,0,944,0,2500.0,2259.8010576606366,1834.5366480061784,2580.8545429608785,256.0
1785382010,0,,Aggregated,12.800000,0.000000,0,0,0,0,0,0,0,0,0,0,0,1888,0,420.0,1308.4026379327936,271.6862150118686,2580.8545429608785,704.5
1785382011,0,TTFT,S2,6.400000,0.000000,0,0,0,0,0,0,0,0,0,0,0,944,0,360.0,357.0042182049508,271.6862150118686,417.0613830210641,1153.0
1785382011,0,total,S2,6.400000,0.000000,0,0,0,0,0,0,0,0,0,0,0,944,0,2500.0,2259.8010576606366,1834.5366480061784,2580.8545429608785,256.0
1785382011,0,,Aggregated,12.800000,0.000000,0,0,0,0,0,0,0,0,0,0,0,1888,0,420.0,1308.4026379327936,271.6862150118686,2580.8545429608785,704.5
1785382012,0,TTFT,S2,6.400000,0.000000,0,0,0,0,0,0,0,0,0,0,0,944,0,360.0,357.0042182049508,271.6862150118686,417.0613830210641,1153.0
1785382012,0,total,S2,6.400000,0.000000,0,0,0,0,0,0,0,0,0,0,0,944,0,2500.0,2259.8010576606366,1834.5366480061784,2580.8545429608785,256.0
1785382012,0,,Aggregated,12.800000,0.000000,0,0,0,0,0,0,0,0,0,0,0,1888,0,420.0,1308.4026379327936,271.6862150118686,2580.8545429608785,704.5
1785382013,0,TTFT,S2,6.400000,0.000000,0,0,0,0,0,0,0,0,0,0,0,944,0,360.0,357.0042182049508,271.6862150118686,417.0613830210641,1153.0
1785382013,0,total,S2,6.400000,0.000000,0,0,0,0,0,0,0,0,0,0,0,944,0,2500.0,2259.8010576606366,1834.5366480061784,2580.8545429608785,256.0
1785382013,0,,Aggregated,12.800000,0.000000,0,0,0,0,0,0,0,0,0,0,0,1888,0,420.0,1308.4026379327936,271.6862150118686,2580.8545429608785,704.5
1785382014,0,TTFT,S2,6.400000,0.000000,0,0,0,0,0,0,0,0,0,0,0,944,0,360.0,357.0042182049508,271.6862150118686,417.0613830210641,1153.0
1785382014,0,total,S2,6.400000,0.000000,0,0,0,0,0,0,0,0,0,0,0,944,0,2500.0,2259.8010576606366,1834.5366480061784,2580.8545429608785,256.0
1785382014,0,,Aggregated,12.800000,0.000000,0,0,0,0,0,0,0,0,0,0,0,1888,0,420.0,1308.4026379327936,271.6862150118686,2580.8545429608785,704.5
1785382015,0,TTFT,S2,6.400000,0.000000,0,0,0,0,0,0,0,0,0,0,0,944,0,360.0,357.0042182049508,271.6862150118686,417.0613830210641,1153.0
1785382015,0,total,S2,6.400000,0.000000,0,0,0,0,0,0,0,0,0,0,0,944,0,2500.0,2259.8010576606366,1834.5366480061784,2580.8545429608785,256.0
1785382015,0,,Aggregated,12.800000,0.000000,0,0,0,0,0,0,0,0,0,0,0,1888,0,420.0,1308.4026379327936,271.6862150118686,2580.8545429608785,704.5
1785382016,0,TTFT,S2,6.400000,0.000000,0,0,0,0,0,0,0,0,0,0,0,944,0,360.0,357.0042182049508,271.6862150118686,417.0613830210641,1153.0
1785382016,0,total,S2,6.400000,0.000000,0,0,0,0,0,0,0,0,0,0,0,944,0,2500.0,2259.8010576606366,1834.5366480061784,2580.8545429608785,256.0
1785382016,0,,Aggregated,12.800000,0.000000,0,0,0,0,0,0,0,0,0,0,0,1888,0,420.0,1308.4026379327936,271.6862150118686,2580.8545429608785,704.5
1785382017,0,TTFT,S2,6.400000,0.000000,0,0,0,0,0,0,0,0,0,0,0,944,0,360.0,357.0042182049508,271.6862150118686,417.0613830210641,1153.0
1785382017,0,total,S2,6.400000,0.000000,0,0,0,0,0,0,0,0,0,0,0,944,0,2500.0,2259.8010576606366,1834.5366480061784,2580.8545429608785,256.0
1785382017,0,,Aggregated,12.800000,0.000000,0,0,0,0,0,0,0,0,0,0,0,1888,0,420.0,1308.4026379327936,271.6862150118686,2580.8545429608785,704.5
1785382018,0,TTFT,S2,6.400000,0.000000,0,0,0,0,0,0,0,0,0,0,0,944,0,360.0,357.0042182049508,271.6862150118686,417.0613830210641,1153.0
1785382018,0,total,S2,6.400000,0.000000,0,0,0,0,0,0,0,0,0,0,0,944,0,2500.0,2259.8010576606366,1834.5366480061784,2580.8545429608785,256.0
1785382018,0,,Aggregated,12.800000,0.000000,0,0,0,0,0,0,0,0,0,0,0,1888,0,420.0,1308.4026379327936,271.6862150118686,2580.8545429608785,704.5
1785382019,0,TTFT,S2,6.400000,0.000000,0,0,0,0,0,0,0,0,0,0,0,944,0,360.0,357.0042182049508,271.6862150118686,417.0613830210641,1153.0
1785382019,0,total,S2,6.400000,0.000000,0,0,0,0,0,0,0,0,0,0,0,944,0,2500.0,2259.8010576606366,1834.5366480061784,2580.8545429608785,256.0
1785382019,0,,Aggregated,12.800000,0.000000,0,0,0,0,0,0,0,0,0,0,0,1888,0,420.0,1308.4026379327936,271.6862150118686,2580.8545429608785,704.5
1785382020,0,TTFT,S2,6.400000,0.000000,0,0,0,0,0,0,0,0,0,0,0,944,0,360.0,357.0042182049508,271.6862150118686,417.0613830210641,1153.0
1785382020,0,total,S2,6.400000,0.000000,0,0,0,0,0,0,0,0,0,0,0,944,0,2500.0,2259.8010576606366,1834.5366480061784,2580.8545429608785,256.0
1785382020,0,,Aggregated,12.800000,0.000000,0,0,0,0,0,0,0,0,0,0,0,1888,0,420.0,1308.4026379327936,271.6862150118686,2580.8545429608785,704.5
1785382021,0,TTFT,S2,6.400000,0.000000,0,0,0,0,0,0,0,0,0,0,0,944,0,360.0,357.0042182049508,271.6862150118686,417.0613830210641,1153.0
1785382021,0,total,S2,6.400000,0.000000,0,0,0,0,0,0,0,0,0,0,0,944,0,2500.0,2259.8010576606366,1834.5366480061784,2580.8545429608785,256.0
1785382021,0,,Aggregated,12.800000,0.000000,0,0,0,0,0,0,0,0,0,0,0,1888,0,420.0,1308.4026379327936,271.6862150118686,2580.8545429608785,704.5
1785382022,0,TTFT,S2,6.400000,0.000000,0,0,0,0,0,0,0,0,0,0,0,944,0,360.0,357.0042182049508,271.6862150118686,417.0613830210641,1153.0
1785382022,0,total,S2,6.400000,0.000000,0,0,0,0,0,0,0,0,0,0,0,944,0,2500.0,2259.8010576606366,1834.5366480061784,2580.8545429608785,256.0
1785382022,0,,Aggregated,12.800000,0.000000,0,0,0,0,0,0,0,0,0,0,0,1888,0,420.0,1308.4026379327936,271.6862150118686,2580.8545429608785,704.5
1785382023,0,TTFT,S2,6.400000,0.000000,0,0,0,0,0,0,0,0,0,0,0,944,0,360.0,357.0042182049508,271.6862150118686,417.0613830210641,1153.0
1785382023,0,total,S2,6.400000,0.000000,0,0,0,0,0,0,0,0,0,0,0,944,0,2500.0,2259.8010576606366,1834.5366480061784,2580.8545429608785,256.0
1785382023,0,,Aggregated,12.800000,0.000000,0,0,0,0,0,0,0,0,0,0,0,1888,0,420.0,1308.4026379327936,271.6862150118686,2580.8545429608785,704.5
1785382024,0,TTFT,S2,6.400000,0.000000,0,0,0,0,0,0,0,0,0,0,0,944,0,360.0,357.0042182049508,271.6862150118686,417.0613830210641,1153.0
1785382024,0,total,S2,6.400000,0.000000,0,0,0,0,0,0,0,0,0,0,0,944,0,2500.0,2259.8010576606366,1834.5366480061784,2580.8545429608785,256.0
1785382024,0,,Aggregated,12.800000,0.000000,0,0,0,0,0,0,0,0,0,0,0,1888,0,420.0,1308.4026379327936,271.6862150118686,2580.8545429608785,704.5
1785382025,0,TTFT,S2,6.400000,0.000000,0,0,0,0,0,0,0,0,0,0,0,944,0,360.0,357.0042182049508,271.6862150118686,417.0613830210641,1153.0
1785382025,0,total,S2,6.400000,0.000000,0,0,0,0,0,0,0,0,0,0,0,944,0,2500.0,2259.8010576606366,1834.5366480061784,2580.8545429608785,256.0
1785382025,0,,Aggregated,12.800000,0.000000,0,0,0,0,0,0,0,0,0,0,0,1888,0,420.0,1308.4026379327936,271.6862150118686,2580.8545429608785,704.5
1785382026,0,TTFT,S2,6.400000,0.000000,0,0,0,0,0,0,0,0,0,0,0,944,0,360.0,357.0042182049508,271.6862150118686,417.0613830210641,1153.0
1785382026,0,total,S2,6.400000,0.000000,0,0,0,0,0,0,0,0,0,0,0,944,0,2500.0,2259.8010576606366,1834.5366480061784,2580.8545429608785,256.0
1785382026,0,,Aggregated,12.800000,0.000000,0,0,0,0,0,0,0,0,0,0,0,1888,0,420.0,1308.4026379327936,271.6862150118686,2580.8545429608785,704.5
1785382027,0,TTFT,S2,6.400000,0.000000,0,0,0,0,0,0,0,0,0,0,0,944,0,360.0,357.0042182049508,271.6862150118686,417.0613830210641,1153.0
1785382027,0,total,S2,6.400000,0.000000,0,0,0,0,0,0,0,0,0,0,0,944,0,2500.0,2259.8010576606366,1834.5366480061784,2580.8545429608785,256.0
1785382027,0,,Aggregated,12.800000,0.000000,0,0,0,0,0,0,0,0,0,0,0,1888,0,420.0,1308.4026379327936,271.6862150118686,2580.8545429608785,704.5
1785382028,0,TTFT,S2,6.400000,0.000000,0,0,0,0,0,0,0,0,0,0,0,944,0,360.0,357.0042182049508,271.6862150118686,417.0613830210641,1153.0
1785382028,0,total,S2,6.400000,0.000000,0,0,0,0,0,0,0,0,0,0,0,944,0,2500.0,2259.8010576606366,1834.5366480061784,2580.8545429608785,256.0
1785382028,0,,Aggregated,12.800000,0.000000,0,0,0,0,0,0,0,0,0,0,0,1888,0,420.0,1308.4026379327936,271.6862150118686,2580.8545429608785,704.5
1785382029,0,TTFT,S2,6.400000,0.000000,0,0,0,0,0,0,0,0,0,0,0,944,0,360.0,357.0042182049508,271.6862150118686,417.0613830210641,1153.0
1785382029,0,total,S2,6.400000,0.000000,0,0,0,0,0,0,0,0,0,0,0,944,0,2500.0,2259.8010576606366,1834.5366480061784,2580.8545429608785,256.0
1785382029,0,,Aggregated,12.800000,0.000000,0,0,0,0,0,0,0,0,0,0,0,1888,0,420.0,1308.4026379327936,271.6862150118686,2580.8545429608785,704.5
1785382030,0,TTFT,S2,6.400000,0.000000,0,0,0,0,0,0,0,0,0,0,0,944,0,360.0,357.0042182049508,271.6862150118686,417.0613830210641,1153.0
1785382030,0,total,S2,6.400000,0.000000,0,0,0,0,0,0,0,0,0,0,0,944,0,2500.0,2259.8010576606366,1834.5366480061784,2580.8545429608785,256.0
1785382030,0,,Aggregated,12.800000,0.000000,0,0,0,0,0,0,0,0,0,0,0,1888,0,420.0,1308.4026379327936,271.6862150118686,2580.8545429608785,704.5
1785382031,0,TTFT,S2,6.400000,0.000000,0,0,0,0,0,0,0,0,0,0,0,944,0,360.0,357.0042182049508,271.6862150118686,417.0613830210641,1153.0
1785382031,0,total,S2,6.400000,0.000000,0,0,0,0,0,0,0,0,0,0,0,944,0,2500.0,2259.8010576606366,1834.5366480061784,2580.8545429608785,256.0
1785382031,0,,Aggregated,12.800000,0.000000,0,0,0,0,0,0,0,0,0,0,0,1888,0,420.0,1308.4026379327936,271.6862150118686,2580.8545429608785,704.5
1785382032,0,TTFT,S2,6.400000,0.000000,0,0,0,0,0,0,0,0,0,0,0,944,0,360.0,357.0042182049508,271.6862150118686,417.0613830210641,1153.0
1785382032,0,total,S2,6.400000,0.000000,0,0,0,0,0,0,0,0,0,0,0,944,0,2500.0,2259.8010576606366,1834.5366480061784,2580.8545429608785,256.0
1785382032,0,,Aggregated,12.800000,0.000000,0,0,0,0,0,0,0,0,0,0,0,1888,0,420.0,1308.4026379327936,271.6862150118686,2580.8545429608785,704.5
1785382033,0,TTFT,S2,6.400000,0.000000,0,0,0,0,0,0,0,0,0,0,0,944,0,360.0,357.0042182049508,271.6862150118686,417.0613830210641,1153.0
1785382033,0,total,S2,6.400000,0.000000,0,0,0,0,0,0,0,0,0,0,0,944,0,2500.0,2259.8010576606366,1834.5366480061784,2580.8545429608785,256.0
1785382033,0,,Aggregated,12.800000,0.000000,0,0,0,0,0,0,0,0,0,0,0,1888,0,420.0,1308.4026379327936,271.6862150118686,2580.8545429608785,704.5
1785382034,0,TTFT,S2,6.400000,0.000000,0,0,0,0,0,0,0,0,0,0,0,944,0,360.0,357.0042182049508,271.6862150118686,417.0613830210641,1153.0
1785382034,0,total,S2,6.400000,0.000000,0,0,0,0,0,0,0,0,0,0,0,944,0,2500.0,2259.8010576606366,1834.5366480061784,2580.8545429608785,256.0
1785382034,0,,Aggregated,12.800000,0.000000,0,0,0,0,0,0,0,0,0,0,0,1888,0,420.0,1308.4026379327936,271.6862150118686,2580.8545429608785,704.5
1785382035,0,TTFT,S2,6.400000,0.000000,0,0,0,0,0,0,0,0,0,0,0,944,0,360.0,357.0042182049508,271.6862150118686,417.0613830210641,1153.0
1785382035,0,total,S2,6.400000,0.000000,0,0,0,0,0,0,0,0,0,0,0,944,0,2500.0,2259.8010576606366,1834.5366480061784,2580.8545429608785,256.0
1785382035,0,,Aggregated,12.800000,0.000000,0,0,0,0,0,0,0,0,0,0,0,1888,0,420.0,1308.4026379327936,271.6862150118686,2580.8545429608785,704.5
1785382036,0,TTFT,S2,6.400000,0.000000,0,0,0,0,0,0,0,0,0,0,0,944,0,360.0,357.0042182049508,271.6862150118686,417.0613830210641,1153.0
1785382036,0,total,S2,6.400000,0.000000,0,0,0,0,0,0,0,0,0,0,0,944,0,2500.0,2259.8010576606366,1834.5366480061784,2580.8545429608785,256.0
1785382036,0,,Aggregated,12.800000,0.000000,0,0,0,0,0,0,0,0,0,0,0,1888,0,420.0,1308.4026379327936,271.6862150118686,2580.8545429608785,704.5
1785382037,0,TTFT,S2,6.400000,0.000000,0,0,0,0,0,0,0,0,0,0,0,944,0,360.0,357.0042182049508,271.6862150118686,417.0613830210641,1153.0
1785382037,0,total,S2,6.400000,0.000000,0,0,0,0,0,0,0,0,0,0,0,944,0,2500.0,2259.8010576606366,1834.5366480061784,2580.8545429608785,256.0
1785382037,0,,Aggregated,12.800000,0.000000,0,0,0,0,0,0,0,0,0,0,0,1888,0,420.0,1308.4026379327936,271.6862150118686,2580.8545429608785,704.5
1785382038,0,TTFT,S2,6.400000,0.000000,0,0,0,0,0,0,0,0,0,0,0,944,0,360.0,357.0042182049508,271.6862150118686,417.0613830210641,1153.0
1785382038,0,total,S2,6.400000,0.000000,0,0,0,0,0,0,0,0,0,0,0,944,0,2500.0,2259.8010576606366,1834.5366480061784,2580.8545429608785,256.0
1785382038,0,,Aggregated,12.800000,0.000000,0,0,0,0,0,0,0,0,0,0,0,1888,0,420.0,1308.4026379327936,271.6862150118686,2580.8545429608785,704.5
1785382040,0,TTFT,S2,6.400000,0.000000,0,0,0,0,0,0,0,0,0,0,0,944,0,360.0,357.0042182049508,271.6862150118686,417.0613830210641,1153.0
1785382040,0,total,S2,6.400000,0.000000,0,0,0,0,0,0,0,0,0,0,0,944,0,2500.0,2259.8010576606366,1834.5366480061784,2580.8545429608785,256.0
1785382040,0,,Aggregated,12.800000,0.000000,0,0,0,0,0,0,0,0,0,0,0,1888,0,420.0,1308.4026379327936,271.6862150118686,2580.8545429608785,704.5
1785382041,0,TTFT,S2,6.400000,0.000000,0,0,0,0,0,0,0,0,0,0,0,944,0,360.0,357.0042182049508,271.6862150118686,417.0613830210641,1153.0
1785382041,0,total,S2,6.400000,0.000000,0,0,0,0,0,0,0,0,0,0,0,944,0,2500.0,2259.8010576606366,1834.5366480061784,2580.8545429608785,256.0
1785382041,0,,Aggregated,12.800000,0.000000,0,0,0,0,0,0,0,0,0,0,0,1888,0,420.0,1308.4026379327936,271.6862150118686,2580.8545429608785,704.5
1785382042,0,TTFT,S2,6.400000,0.000000,0,0,0,0,0,0,0,0,0,0,0,944,0,360.0,357.0042182049508,271.6862150118686,417.0613830210641,1153.0
1785382042,0,total,S2,6.400000,0.000000,0,0,0,0,0,0,0,0,0,0,0,944,0,2500.0,2259.8010576606366,1834.5366480061784,2580.8545429608785,256.0
1785382042,0,,Aggregated,12.800000,0.000000,0,0,0,0,0,0,0,0,0,0,0,1888,0,420.0,1308.4026379327936,271.6862150118686,2580.8545429608785,704.5
1785382043,0,TTFT,S2,6.400000,0.000000,0,0,0,0,0,0,0,0,0,0,0,944,0,360.0,357.0042182049508,271.6862150118686,417.0613830210641,1153.0
1785382043,0,total,S2,6.400000,0.000000,0,0,0,0,0,0,0,0,0,0,0,944,0,2500.0,2259.8010576606366,1834.5366480061784,2580.8545429608785,256.0
1785382043,0,,Aggregated,12.800000,0.000000,0,0,0,0,0,0,0,0,0,0,0,1888,0,420.0,1308.4026379327936,271.6862150118686,2580.8545429608785,704.5
1785382044,0,TTFT,S2,6.400000,0.000000,0,0,0,0,0,0,0,0,0,0,0,944,0,360.0,357.0042182049508,271.6862150118686,417.0613830210641,1153.0
1785382044,0,total,S2,6.400000,0.000000,0,0,0,0,0,0,0,0,0,0,0,944,0,2500.0,2259.8010576606366,1834.5366480061784,2580.8545429608785,256.0
1785382044,0,,Aggregated,12.800000,0.000000,0,0,0,0,0,0,0,0,0,0,0,1888,0,420.0,1308.4026379327936,271.6862150118686,2580.8545429608785,704.5
1785382045,0,TTFT,S2,6.400000,0.000000,0,0,0,0,0,0,0,0,0,0,0,944,0,360.0,357.0042182049508,271.6862150118686,417.0613830210641,1153.0
1785382045,0,total,S2,6.400000,0.000000,0,0,0,0,0,0,0,0,0,0,0,944,0,2500.0,2259.8010576606366,1834.5366480061784,2580.8545429608785,256.0
1785382045,0,,Aggregated,12.800000,0.000000,0,0,0,0,0,0,0,0,0,0,0,1888,0,420.0,1308.4026379327936,271.6862150118686,2580.8545429608785,704.5
1785382046,0,TTFT,S2,6.400000,0.000000,0,0,0,0,0,0,0,0,0,0,0,944,0,360.0,357.0042182049508,271.6862150118686,417.0613830210641,1153.0
1785382046,0,total,S2,6.400000,0.000000,0,0,0,0,0,0,0,0,0,0,0,944,0,2500.0,2259.8010576606366,1834.5366480061784,2580.8545429608785,256.0
1785382046,0,,Aggregated,12.800000,0.000000,0,0,0,0,0,0,0,0,0,0,0,1888,0,420.0,1308.4026379327936,271.6862150118686,2580.8545429608785,704.5
1785382047,0,TTFT,S2,6.400000,0.000000,0,0,0,0,0,0,0,0,0,0,0,944,0,360.0,357.0042182049508,271.6862150118686,417.0613830210641,1153.0
1785382047,0,total,S2,6.400000,0.000000,0,0,0,0,0,0,0,0,0,0,0,944,0,2500.0,2259.8010576606366,1834.5366480061784,2580.8545429608785,256.0
1785382047,0,,Aggregated,12.800000,0.000000,0,0,0,0,0,0,0,0,0,0,0,1888,0,420.0,1308.4026379327936,271.6862150118686,2580.8545429608785,704.5
1785382048,0,TTFT,S2,6.400000,0.000000,0,0,0,0,0,0,0,0,0,0,0,944,0,360.0,357.0042182049508,271.6862150118686,417.0613830210641,1153.0
1785382048,0,total,S2,6.400000,0.000000,0,0,0,0,0,0,0,0,0,0,0,944,0,2500.0,2259.8010576606366,1834.5366480061784,2580.8545429608785,256.0
1785382048,0,,Aggregated,12.800000,0.000000,0,0,0,0,0,0,0,0,0,0,0,1888,0,420.0,1308.4026379327936,271.6862150118686,2580.8545429608785,704.5
1785382049,0,TTFT,S2,6.400000,0.000000,0,0,0,0,0,0,0,0,0,0,0,944,0,360.0,357.0042182049508,271.6862150118686,417.0613830210641,1153.0
1785382049,0,total,S2,6.400000,0.000000,0,0,0,0,0,0,0,0,0,0,0,944,0,2500.0,2259.8010576606366,1834.5366480061784,2580.8545429608785,256.0
1785382049,0,,Aggregated,12.800000,0.000000,0,0,0,0,0,0,0,0,0,0,0,1888,0,420.0,1308.4026379327936,271.6862150118686,2580.8545429608785,704.5
1785382050,0,TTFT,S2,6.400000,0.000000,0,0,0,0,0,0,0,0,0,0,0,944,0,360.0,357.0042182049508,271.6862150118686,417.0613830210641,1153.0
1785382050,0,total,S2,6.400000,0.000000,0,0,0,0,0,0,0,0,0,0,0,944,0,2500.0,2259.8010576606366,1834.5366480061784,2580.8545429608785,256.0
1785382050,0,,Aggregated,12.800000,0.000000,0,0,0,0,0,0,0,0,0,0,0,1888,0,420.0,1308.4026379327936,271.6862150118686,2580.8545429608785,704.5
1785382051,0,TTFT,S2,6.400000,0.000000,0,0,0,0,0,0,0,0,0,0,0,944,0,360.0,357.0042182049508,271.6862150118686,417.0613830210641,1153.0
1785382051,0,total,S2,6.400000,0.000000,0,0,0,0,0,0,0,0,0,0,0,944,0,2500.0,2259.8010576606366,1834.5366480061784,2580.8545429608785,256.0
1785382051,0,,Aggregated,12.800000,0.000000,0,0,0,0,0,0,0,0,0,0,0,1888,0,420.0,1308.4026379327936,271.6862150118686,2580.8545429608785,704.5
1785382052,0,TTFT,S2,6.400000,0.000000,0,0,0,0,0,0,0,0,0,0,0,944,0,360.0,357.0042182049508,271.6862150118686,417.0613830210641,1153.0
1785382052,0,total,S2,6.400000,0.000000,0,0,0,0,0,0,0,0,0,0,0,944,0,2500.0,2259.8010576606366,1834.5366480061784,2580.8545429608785,256.0
1785382052,0,,Aggregated,12.800000,0.000000,0,0,0,0,0,0,0,0,0,0,0,1888,0,420.0,1308.4026379327936,271.6862150118686,2580.8545429608785,704.5
1785382053,0,TTFT,S2,6.400000,0.000000,0,0,0,0,0,0,0,0,0,0,0,944,0,360.0,357.0042182049508,271.6862150118686,417.0613830210641,1153.0
1785382053,0,total,S2,6.400000,0.000000,0,0,0,0,0,0,0,0,0,0,0,944,0,2500.0,2259.8010576606366,1834.5366480061784,2580.8545429608785,256.0
1785382053,0,,Aggregated,12.800000,0.000000,0,0,0,0,0,0,0,0,0,0,0,1888,0,420.0,1308.4026379327936,271.6862150118686,2580.8545429608785,704.5
1785382054,0,TTFT,S2,6.400000,0.000000,0,0,0,0,0,0,0,0,0,0,0,944,0,360.0,357.0042182049508,271.6862150118686,417.0613830210641,1153.0
1785382054,0,total,S2,6.400000,0.000000,0,0,0,0,0,0,0,0,0,0,0,944,0,2500.0,2259.8010576606366,1834.5366480061784,2580.8545429608785,256.0
1785382054,0,,Aggregated,12.800000,0.000000,0,0,0,0,0,0,0,0,0,0,0,1888,0,420.0,1308.4026379327936,271.6862150118686,2580.8545429608785,704.5
1785382055,0,TTFT,S2,6.400000,0.000000,0,0,0,0,0,0,0,0,0,0,0,944,0,360.0,357.0042182049508,271.6862150118686,417.0613830210641,1153.0
1785382055,0,total,S2,6.400000,0.000000,0,0,0,0,0,0,0,0,0,0,0,944,0,2500.0,2259.8010576606366,1834.5366480061784,2580.8545429608785,256.0
1785382055,0,,Aggregated,12.800000,0.000000,0,0,0,0,0,0,0,0,0,0,0,1888,0,420.0,1308.4026379327936,271.6862150118686,2580.8545429608785,704.5
1785382056,0,TTFT,S2,6.400000,0.000000,0,0,0,0,0,0,0,0,0,0,0,944,0,360.0,357.0042182049508,271.6862150118686,417.0613830210641,1153.0
1785382056,0,total,S2,6.400000,0.000000,0,0,0,0,0,0,0,0,0,0,0,944,0,2500.0,2259.8010576606366,1834.5366480061784,2580.8545429608785,256.0
1785382056,0,,Aggregated,12.800000,0.000000,0,0,0,0,0,0,0,0,0,0,0,1888,0,420.0,1308.4026379327936,271.6862150118686,2580.8545429608785,704.5
1785382057,0,TTFT,S2,6.400000,0.000000,0,0,0,0,0,0,0,0,0,0,0,944,0,360.0,357.0042182049508,271.6862150118686,417.0613830210641,1153.0
1785382057,0,total,S2,6.400000,0.000000,0,0,0,0,0,0,0,0,0,0,0,944,0,2500.0,2259.8010576606366,1834.5366480061784,2580.8545429608785,256.0
1785382057,0,,Aggregated,12.800000,0.000000,0,0,0,0,0,0,0,0,0,0,0,1888,0,420.0,1308.4026379327936,271.6862150118686,2580.8545429608785,704.5
1785382058,0,TTFT,S2,6.400000,0.000000,0,0,0,0,0,0,0,0,0,0,0,944,0,360.0,357.0042182049508,271.6862150118686,417.0613830210641,1153.0
1785382058,0,total,S2,6.400000,0.000000,0,0,0,0,0,0,0,0,0,0,0,944,0,2500.0,2259.8010576606366,1834.5366480061784,2580.8545429608785,256.0
1785382058,0,,Aggregated,12.800000,0.000000,0,0,0,0,0,0,0,0,0,0,0,1888,0,420.0,1308.4026379327936,271.6862150118686,2580.8545429608785,704.5
1785382059,0,TTFT,S2,6.400000,0.000000,0,0,0,0,0,0,0,0,0,0,0,944,0,360.0,357.0042182049508,271.6862150118686,417.0613830210641,1153.0
1785382059,0,total,S2,6.400000,0.000000,0,0,0,0,0,0,0,0,0,0,0,944,0,2500.0,2259.8010576606366,1834.5366480061784,2580.8545429608785,256.0
1785382059,0,,Aggregated,12.800000,0.000000,0,0,0,0,0,0,0,0,0,0,0,1888,0,420.0,1308.4026379327936,271.6862150118686,2580.8545429608785,704.5
1785382060,0,TTFT,S2,6.400000,0.000000,0,0,0,0,0,0,0,0,0,0,0,944,0,360.0,357.0042182049508,271.6862150118686,417.0613830210641,1153.0
1785382060,0,total,S2,6.400000,0.000000,0,0,0,0,0,0,0,0,0,0,0,944,0,2500.0,2259.8010576606366,1834.5366480061784,2580.8545429608785,256.0
1785382060,0,,Aggregated,12.800000,0.000000,0,0,0,0,0,0,0,0,0,0,0,1888,0,420.0,1308.4026379327936,271.6862150118686,2580.8545429608785,704.5
1785382061,0,TTFT,S2,6.400000,0.000000,0,0,0,0,0,0,0,0,0,0,0,944,0,360.0,357.0042182049508,271.6862150118686,417.0613830210641,1153.0
1785382061,0,total,S2,6.400000,0.000000,0,0,0,0,0,0,0,0,0,0,0,944,0,2500.0,2259.8010576606366,1834.5366480061784,2580.8545429608785,256.0
1785382061,0,,Aggregated,12.800000,0.000000,0,0,0,0,0,0,0,0,0,0,0,1888,0,420.0,1308.4026379327936,271.6862150118686,2580.8545429608785,704.5
1785382062,0,TTFT,S2,6.400000,0.000000,0,0,0,0,0,0,0,0,0,0,0,944,0,360.0,357.0042182049508,271.6862150118686,417.0613830210641,1153.0
1785382062,0,total,S2,6.400000,0.000000,0,0,0,0,0,0,0,0,0,0,0,944,0,2500.0,2259.8010576606366,1834.5366480061784,2580.8545429608785,256.0
1785382062,0,,Aggregated,12.800000,0.000000,0,0,0,0,0,0,0,0,0,0,0,1888,0,420.0,1308.4026379327936,271.6862150118686,2580.8545429608785,704.5
1785382063,0,TTFT,S2,6.400000,0.000000,0,0,0,0,0,0,0,0,0,0,0,944,0,360.0,357.0042182049508,271.6862150118686,417.0613830210641,1153.0
1785382063,0,total,S2,6.400000,0.000000,0,0,0,0,0,0,0,0,0,0,0,944,0,2500.0,2259.8010576606366,1834.5366480061784,2580.8545429608785,256.0
1785382063,0,,Aggregated,12.800000,0.000000,0,0,0,0,0,0,0,0,0,0,0,1888,0,420.0,1308.4026379327936,271.6862150118686,2580.8545429608785,704.5
1785382064,0,TTFT,S2,6.400000,0.000000,0,0,0,0,0,0,0,0,0,0,0,944,0,360.0,357.0042182049508,271.6862150118686,417.0613830210641,1153.0
1785382064,0,total,S2,6.400000,0.000000,0,0,0,0,0,0,0,0,0,0,0,944,0,2500.0,2259.8010576606366,1834.5366480061784,2580.8545429608785,256.0
1785382064,0,,Aggregated,12.800000,0.000000,0,0,0,0,0,0,0,0,0,0,0,1888,0,420.0,1308.4026379327936,271.6862150118686,2580.8545429608785,704.5
1785382065,0,TTFT,S2,6.400000,0.000000,0,0,0,0,0,0,0,0,0,0,0,944,0,360.0,357.0042182049508,271.6862150118686,417.0613830210641,1153.0
1785382065,0,total,S2,6.400000,0.000000,0,0,0,0,0,0,0,0,0,0,0,944,0,2500.0,2259.8010576606366,1834.5366480061784,2580.8545429608785,256.0
1785382065,0,,Aggregated,12.800000,0.000000,0,0,0,0,0,0,0,0,0,0,0,1888,0,420.0,1308.4026379327936,271.6862150118686,2580.8545429608785,704.5
1785382066,0,TTFT,S2,6.400000,0.000000,0,0,0,0,0,0,0,0,0,0,0,944,0,360.0,357.0042182049508,271.6862150118686,417.0613830210641,1153.0
1785382066,0,total,S2,6.400000,0.000000,0,0,0,0,0,0,0,0,0,0,0,944,0,2500.0,2259.8010576606366,1834.5366480061784,2580.8545429608785,256.0
1785382066,0,,Aggregated,12.800000,0.000000,0,0,0,0,0,0,0,0,0,0,0,1888,0,420.0,1308.4026379327936,271.6862150118686,2580.8545429608785,704.5
1785382067,0,TTFT,S2,6.400000,0.000000,0,0,0,0,0,0,0,0,0,0,0,944,0,360.0,357.0042182049508,271.6862150118686,417.0613830210641,1153.0
1785382067,0,total,S2,6.400000,0.000000,0,0,0,0,0,0,0,0,0,0,0,944,0,2500.0,2259.8010576606366,1834.5366480061784,2580.8545429608785,256.0
1785382067,0,,Aggregated,12.800000,0.000000,0,0,0,0,0,0,0,0,0,0,0,1888,0,420.0,1308.4026379327936,271.6862150118686,2580.8545429608785,704.5
1785382068,0,TTFT,S2,6.400000,0.000000,0,0,0,0,0,0,0,0,0,0,0,944,0,360.0,357.0042182049508,271.6862150118686,417.0613830210641,1153.0
1785382068,0,total,S2,6.400000,0.000000,0,0,0,0,0,0,0,0,0,0,0,944,0,2500.0,2259.8010576606366,1834.5366480061784,2580.8545429608785,256.0
1785382068,0,,Aggregated,12.800000,0.000000,0,0,0,0,0,0,0,0,0,0,0,1888,0,420.0,1308.4026379327936,271.6862150118686,2580.8545429608785,704.5
1785382069,0,TTFT,S2,6.400000,0.000000,0,0,0,0,0,0,0,0,0,0,0,944,0,360.0,357.0042182049508,271.6862150118686,417.0613830210641,1153.0
1785382069,0,total,S2,6.400000,0.000000,0,0,0,0,0,0,0,0,0,0,0,944,0,2500.0,2259.8010576606366,1834.5366480061784,2580.8545429608785,256.0
1785382069,0,,Aggregated,12.800000,0.000000,0,0,0,0,0,0,0,0,0,0,0,1888,0,420.0,1308.4026379327936,271.6862150118686,2580.8545429608785,704.5
1785382070,0,TTFT,S2,6.400000,0.000000,0,0,0,0,0,0,0,0,0,0,0,944,0,360.0,357.0042182049508,271.6862150118686,417.0613830210641,1153.0
1785382070,0,total,S2,6.400000,0.000000,0,0,0,0,0,0,0,0,0,0,0,944,0,2500.0,2259.8010576606366,1834.5366480061784,2580.8545429608785,256.0
1785382070,0,,Aggregated,12.800000,0.000000,0,0,0,0,0,0,0,0,0,0,0,1888,0,420.0,1308.4026379327936,271.6862150118686,2580.8545429608785,704.5
1785382071,0,TTFT,S2,6.400000,0.000000,0,0,0,0,0,0,0,0,0,0,0,944,0,360.0,357.0042182049508,271.6862150118686,417.0613830210641,1153.0
1785382071,0,total,S2,6.400000,0.000000,0,0,0,0,0,0,0,0,0,0,0,944,0,2500.0,2259.8010576606366,1834.5366480061784,2580.8545429608785,256.0
1785382071,0,,Aggregated,12.800000,0.000000,0,0,0,0,0,0,0,0,0,0,0,1888,0,420.0,1308.4026379327936,271.6862150118686,2580.8545429608785,704.5
1785382072,0,TTFT,S2,6.400000,0.000000,0,0,0,0,0,0,0,0,0,0,0,944,0,360.0,357.0042182049508,271.6862150118686,417.0613830210641,1153.0
1785382072,0,total,S2,6.400000,0.000000,0,0,0,0,0,0,0,0,0,0,0,944,0,2500.0,2259.8010576606366,1834.5366480061784,2580.8545429608785,256.0
1785382072,0,,Aggregated,12.800000,0.000000,0,0,0,0,0,0,0,0,0,0,0,1888,0,420.0,1308.4026379327936,271.6862150118686,2580.8545429608785,704.5
1785382073,0,TTFT,S2,6.400000,0.000000,0,0,0,0,0,0,0,0,0,0,0,944,0,360.0,357.0042182049508,271.6862150118686,417.0613830210641,1153.0
1785382073,0,total,S2,6.400000,0.000000,0,0,0,0,0,0,0,0,0,0,0,944,0,2500.0,2259.8010576606366,1834.5366480061784,2580.8545429608785,256.0
1785382073,0,,Aggregated,12.800000,0.000000,0,0,0,0,0,0,0,0,0,0,0,1888,0,420.0,1308.4026379327936,271.6862150118686,2580.8545429608785,704.5
1785382074,0,TTFT,S2,6.400000,0.000000,0,0,0,0,0,0,0,0,0,0,0,944,0,360.0,357.0042182049508,271.6862150118686,417.0613830210641,1153.0
1785382074,0,total,S2,6.400000,0.000000,0,0,0,0,0,0,0,0,0,0,0,944,0,2500.0,2259.8010576606366,1834.5366480061784,2580.8545429608785,256.0
1785382074,0,,Aggregated,12.800000,0.000000,0,0,0,0,0,0,0,0,0,0,0,1888,0,420.0,1308.4026379327936,271.6862150118686,2580.8545429608785,704.5
1785382075,0,TTFT,S2,6.400000,0.000000,0,0,0,0,0,0,0,0,0,0,0,944,0,360.0,357.0042182049508,271.6862150118686,417.0613830210641,1153.0
1785382075,0,total,S2,6.400000,0.000000,0,0,0,0,0,0,0,0,0,0,0,944,0,2500.0,2259.8010576606366,1834.5366480061784,2580.8545429608785,256.0
1785382075,0,,Aggregated,12.800000,0.000000,0,0,0,0,0,0,0,0,0,0,0,1888,0,420.0,1308.4026379327936,271.6862150118686,2580.8545429608785,704.5
1785382076,0,TTFT,S2,6.400000,0.000000,0,0,0,0,0,0,0,0,0,0,0,944,0,360.0,357.0042182049508,271.6862150118686,417.0613830210641,1153.0
1785382076,0,total,S2,6.400000,0.000000,0,0,0,0,0,0,0,0,0,0,0,944,0,2500.0,2259.8010576606366,1834.5366480061784,2580.8545429608785,256.0
1785382076,0,,Aggregated,12.800000,0.000000,0,0,0,0,0,0,0,0,0,0,0,1888,0,420.0,1308.4026379327936,271.6862150118686,2580.8545429608785,704.5
1785382077,0,TTFT,S2,6.400000,0.000000,0,0,0,0,0,0,0,0,0,0,0,944,0,360.0,357.0042182049508,271.6862150118686,417.0613830210641,1153.0
1785382077,0,total,S2,6.400000,0.000000,0,0,0,0,0,0,0,0,0,0,0,944,0,2500.0,2259.8010576606366,1834.5366480061784,2580.8545429608785,256.0
1785382077,0,,Aggregated,12.800000,0.000000,0,0,0,0,0,0,0,0,0,0,0,1888,0,420.0,1308.4026379327936,271.6862150118686,2580.8545429608785,704.5
1785382078,0,TTFT,S2,6.400000,0.000000,0,0,0,0,0,0,0,0,0,0,0,944,0,360.0,357.0042182049508,271.6862150118686,417.0613830210641,1153.0
1785382078,0,total,S2,6.400000,0.000000,0,0,0,0,0,0,0,0,0,0,0,944,0,2500.0,2259.8010576606366,1834.5366480061784,2580.8545429608785,256.0
1785382078,0,,Aggregated,12.800000,0.000000,0,0,0,0,0,0,0,0,0,0,0,1888,0,420.0,1308.4026379327936,271.6862150118686,2580.8545429608785,704.5
1785382079,0,TTFT,S2,6.400000,0.000000,0,0,0,0,0,0,0,0,0,0,0,944,0,360.0,357.0042182049508,271.6862150118686,417.0613830210641,1153.0
1785382079,0,total,S2,6.400000,0.000000,0,0,0,0,0,0,0,0,0,0,0,944,0,2500.0,2259.8010576606366,1834.5366480061784,2580.8545429608785,256.0
1785382079,0,,Aggregated,12.800000,0.000000,0,0,0,0,0,0,0,0,0,0,0,1888,0,420.0,1308.4026379327936,271.6862150118686,2580.8545429608785,704.5
1785382080,0,TTFT,S2,6.400000,0.000000,0,0,0,0,0,0,0,0,0,0,0,944,0,360.0,357.0042182049508,271.6862150118686,417.0613830210641,1153.0
1785382080,0,total,S2,6.400000,0.000000,0,0,0,0,0,0,0,0,0,0,0,944,0,2500.0,2259.8010576606366,1834.5366480061784,2580.8545429608785,256.0
1785382080,0,,Aggregated,12.800000,0.000000,0,0,0,0,0,0,0,0,0,0,0,1888,0,420.0,1308.4026379327936,271.6862150118686,2580.8545429608785,704.5
1785382081,0,TTFT,S2,6.400000,0.000000,0,0,0,0,0,0,0,0,0,0,0,944,0,360.0,357.0042182049508,271.6862150118686,417.0613830210641,1153.0
1785382081,0,total,S2,6.400000,0.000000,0,0,0,0,0,0,0,0,0,0,0,944,0,2500.0,2259.8010576606366,1834.5366480061784,2580.8545429608785,256.0
1785382081,0,,Aggregated,12.800000,0.000000,0,0,0,0,0,0,0,0,0,0,0,1888,0,420.0,1308.4026379327936,271.6862150118686,2580.8545429608785,704.5
1785382082,0,TTFT,S2,6.400000,0.000000,0,0,0,0,0,0,0,0,0,0,0,944,0,360.0,357.0042182049508,271.6862150118686,417.0613830210641,1153.0
1785382082,0,total,S2,6.400000,0.000000,0,0,0,0,0,0,0,0,0,0,0,944,0,2500.0,2259.8010576606366,1834.5366480061784,2580.8545429608785,256.0
1785382082,0,,Aggregated,12.800000,0.000000,0,0,0,0,0,0,0,0,0,0,0,1888,0,420.0,1308.4026379327936,271.6862150118686,2580.8545429608785,704.5
1785382083,0,TTFT,S2,6.400000,0.000000,0,0,0,0,0,0,0,0,0,0,0,944,0,360.0,357.0042182049508,271.6862150118686,417.0613830210641,1153.0
1785382083,0,total,S2,6.400000,0.000000,0,0,0,0,0,0,0,0,0,0,0,944,0,2500.0,2259.8010576606366,1834.5366480061784,2580.8545429608785,256.0
1785382083,0,,Aggregated,12.800000,0.000000,0,0,0,0,0,0,0,0,0,0,0,1888,0,420.0,1308.4026379327936,271.6862150118686,2580.8545429608785,704.5
1785382084,0,TTFT,S2,6.400000,0.000000,0,0,0,0,0,0,0,0,0,0,0,944,0,360.0,357.0042182049508,271.6862150118686,417.0613830210641,1153.0
1785382084,0,total,S2,6.400000,0.000000,0,0,0,0,0,0,0,0,0,0,0,944,0,2500.0,2259.8010576606366,1834.5366480061784,2580.8545429608785,256.0
1785382084,0,,Aggregated,12.800000,0.000000,0,0,0,0,0,0,0,0,0,0,0,1888,0,420.0,1308.4026379327936,271.6862150118686,2580.8545429608785,704.5
1785382085,0,TTFT,S2,6.400000,0.000000,0,0,0,0,0,0,0,0,0,0,0,944,0,360.0,357.0042182049508,271.6862150118686,417.0613830210641,1153.0
1785382085,0,total,S2,6.400000,0.000000,0,0,0,0,0,0,0,0,0,0,0,944,0,2500.0,2259.8010576606366,1834.5366480061784,2580.8545429608785,256.0
1785382085,0,,Aggregated,12.800000,0.000000,0,0,0,0,0,0,0,0,0,0,0,1888,0,420.0,1308.4026379327936,271.6862150118686,2580.8545429608785,704.5
1785382086,0,TTFT,S2,6.400000,0.000000,0,0,0,0,0,0,0,0,0,0,0,944,0,360.0,357.0042182049508,271.6862150118686,417.0613830210641,1153.0
1785382086,0,total,S2,6.400000,0.000000,0,0,0,0,0,0,0,0,0,0,0,944,0,2500.0,2259.8010576606366,1834.5366480061784,2580.8545429608785,256.0
1785382086,0,,Aggregated,12.800000,0.000000,0,0,0,0,0,0,0,0,0,0,0,1888,0,420.0,1308.4026379327936,271.6862150118686,2580.8545429608785,704.5
1785382087,0,TTFT,S2,6.400000,0.000000,0,0,0,0,0,0,0,0,0,0,0,944,0,360.0,357.0042182049508,271.6862150118686,417.0613830210641,1153.0
1785382087,0,total,S2,6.400000,0.000000,0,0,0,0,0,0,0,0,0,0,0,944,0,2500.0,2259.8010576606366,1834.5366480061784,2580.8545429608785,256.0
1785382087,0,,Aggregated,12.800000,0.000000,0,0,0,0,0,0,0,0,0,0,0,1888,0,420.0,1308.4026379327936,271.6862150118686,2580.8545429608785,704.5
1785382088,0,TTFT,S2,6.400000,0.000000,0,0,0,0,0,0,0,0,0,0,0,944,0,360.0,357.0042182049508,271.6862150118686,417.0613830210641,1153.0
1785382088,0,total,S2,6.400000,0.000000,0,0,0,0,0,0,0,0,0,0,0,944,0,2500.0,2259.8010576606366,1834.5366480061784,2580.8545429608785,256.0
1785382088,0,,Aggregated,12.800000,0.000000,0,0,0,0,0,0,0,0,0,0,0,1888,0,420.0,1308.4026379327936,271.6862150118686,2580.8545429608785,704.5
1785382089,0,TTFT,S2,6.400000,0.000000,0,0,0,0,0,0,0,0,0,0,0,944,0,360.0,357.0042182049508,271.6862150118686,417.0613830210641,1153.0
1785382089,0,total,S2,6.400000,0.000000,0,0,0,0,0,0,0,0,0,0,0,944,0,2500.0,2259.8010576606366,1834.5366480061784,2580.8545429608785,256.0
1785382089,0,,Aggregated,12.800000,0.000000,0,0,0,0,0,0,0,0,0,0,0,1888,0,420.0,1308.4026379327936,271.6862150118686,2580.8545429608785,704.5
1785382090,0,TTFT,S2,6.400000,0.000000,0,0,0,0,0,0,0,0,0,0,0,944,0,360.0,357.0042182049508,271.6862150118686,417.0613830210641,1153.0
1785382090,0,total,S2,6.400000,0.000000,0,0,0,0,0,0,0,0,0,0,0,944,0,2500.0,2259.8010576606366,1834.5366480061784,2580.8545429608785,256.0
1785382090,0,,Aggregated,12.800000,0.000000,0,0,0,0,0,0,0,0,0,0,0,1888,0,420.0,1308.4026379327936,271.6862150118686,2580.8545429608785,704.5
1785382091,0,TTFT,S2,6.400000,0.000000,0,0,0,0,0,0,0,0,0,0,0,944,0,360.0,357.0042182049508,271.6862150118686,417.0613830210641,1153.0
1785382091,0,total,S2,6.400000,0.000000,0,0,0,0,0,0,0,0,0,0,0,944,0,2500.0,2259.8010576606366,1834.5366480061784,2580.8545429608785,256.0
1785382091,0,,Aggregated,12.800000,0.000000,0,0,0,0,0,0,0,0,0,0,0,1888,0,420.0,1308.4026379327936,271.6862150118686,2580.8545429608785,704.5
1785382092,0,TTFT,S2,6.400000,0.000000,0,0,0,0,0,0,0,0,0,0,0,944,0,360.0,357.0042182049508,271.6862150118686,417.0613830210641,1153.0
1785382092,0,total,S2,6.400000,0.000000,0,0,0,0,0,0,0,0,0,0,0,944,0,2500.0,2259.8010576606366,1834.5366480061784,2580.8545429608785,256.0
1785382092,0,,Aggregated,12.800000,0.000000,0,0,0,0,0,0,0,0,0,0,0,1888,0,420.0,1308.4026379327936,271.6862150118686,2580.8545429608785,704.5
1785382093,0,TTFT,S2,6.400000,0.000000,0,0,0,0,0,0,0,0,0,0,0,944,0,360.0,357.0042182049508,271.6862150118686,417.0613830210641,1153.0
1785382093,0,total,S2,6.400000,0.000000,0,0,0,0,0,0,0,0,0,0,0,944,0,2500.0,2259.8010576606366,1834.5366480061784,2580.8545429608785,256.0
1785382093,0,,Aggregated,12.800000,0.000000,0,0,0,0,0,0,0,0,0,0,0,1888,0,420.0,1308.4026379327936,271.6862150118686,2580.8545429608785,704.5
1785382094,0,TTFT,S2,6.400000,0.000000,0,0,0,0,0,0,0,0,0,0,0,944,0,360.0,357.0042182049508,271.6862150118686,417.0613830210641,1153.0
1785382094,0,total,S2,6.400000,0.000000,0,0,0,0,0,0,0,0,0,0,0,944,0,2500.0,2259.8010576606366,1834.5366480061784,2580.8545429608785,256.0
1785382094,0,,Aggregated,12.800000,0.000000,0,0,0,0,0,0,0,0,0,0,0,1888,0,420.0,1308.4026379327936,271.6862150118686,2580.8545429608785,704.5
1785382095,0,TTFT,S2,6.400000,0.000000,0,0,0,0,0,0,0,0,0,0,0,944,0,360.0,357.0042182049508,271.6862150118686,417.0613830210641,1153.0
1785382095,0,total,S2,6.400000,0.000000,0,0,0,0,0,0,0,0,0,0,0,944,0,2500.0,2259.8010576606366,1834.5366480061784,2580.8545429608785,256.0
1785382095,0,,Aggregated,12.800000,0.000000,0,0,0,0,0,0,0,0,0,0,0,1888,0,420.0,1308.4026379327936,271.6862150118686,2580.8545429608785,704.5
1785382096,0,TTFT,S2,6.400000,0.000000,0,0,0,0,0,0,0,0,0,0,0,944,0,360.0,357.0042182049508,271.6862150118686,417.0613830210641,1153.0
1785382096,0,total,S2,6.400000,0.000000,0,0,0,0,0,0,0,0,0,0,0,944,0,2500.0,2259.8010576606366,1834.5366480061784,2580.8545429608785,256.0
1785382096,0,,Aggregated,12.800000,0.000000,0,0,0,0,0,0,0,0,0,0,0,1888,0,420.0,1308.4026379327936,271.6862150118686,2580.8545429608785,704.5
1785382097,0,TTFT,S2,6.400000,0.000000,0,0,0,0,0,0,0,0,0,0,0,944,0,360.0,357.0042182049508,271.6862150118686,417.0613830210641,1153.0
1785382097,0,total,S2,6.400000,0.000000,0,0,0,0,0,0,0,0,0,0,0,944,0,2500.0,2259.8010576606366,1834.5366480061784,2580.8545429608785,256.0
1785382097,0,,Aggregated,12.800000,0.000000,0,0,0,0,0,0,0,0,0,0,0,1888,0,420.0,1308.4026379327936,271.6862150118686,2580.8545429608785,704.5
1785382098,0,TTFT,S2,6.400000,0.000000,0,0,0,0,0,0,0,0,0,0,0,944,0,360.0,357.0042182049508,271.6862150118686,417.0613830210641,1153.0
1785382098,0,total,S2,6.400000,0.000000,0,0,0,0,0,0,0,0,0,0,0,944,0,2500.0,2259.8010576606366,1834.5366480061784,2580.8545429608785,256.0
1785382098,0,,Aggregated,12.800000,0.000000,0,0,0,0,0,0,0,0,0,0,0,1888,0,420.0,1308.4026379327936,271.6862150118686,2580.8545429608785,704.5
1785382099,0,TTFT,S2,6.400000,0.000000,0,0,0,0,0,0,0,0,0,0,0,944,0,360.0,357.0042182049508,271.6862150118686,417.0613830210641,1153.0
1785382099,0,total,S2,6.400000,0.000000,0,0,0,0,0,0,0,0,0,0,0,944,0,2500.0,2259.8010576606366,1834.5366480061784,2580.8545429608785,256.0
1785382099,0,,Aggregated,12.800000,0.000000,0,0,0,0,0,0,0,0,0,0,0,1888,0,420.0,1308.4026379327936,271.6862150118686,2580.8545429608785,704.5
1785382100,0,TTFT,S2,6.400000,0.000000,0,0,0,0,0,0,0,0,0,0,0,944,0,360.0,357.0042182049508,271.6862150118686,417.0613830210641,1153.0
1785382100,0,total,S2,6.400000,0.000000,0,0,0,0,0,0,0,0,0,0,0,944,0,2500.0,2259.8010576606366,1834.5366480061784,2580.8545429608785,256.0
1785382100,0,,Aggregated,12.800000,0.000000,0,0,0,0,0,0,0,0,0,0,0,1888,0,420.0,1308.4026379327936,271.6862150118686,2580.8545429608785,704.5
1785382101,0,TTFT,S2,6.400000,0.000000,0,0,0,0,0,0,0,0,0,0,0,944,0,360.0,357.0042182049508,271.6862150118686,417.0613830210641,1153.0
1785382101,0,total,S2,6.400000,0.000000,0,0,0,0,0,0,0,0,0,0,0,944,0,2500.0,2259.8010576606366,1834.5366480061784,2580.8545429608785,256.0
1785382101,0,,Aggregated,12.800000,0.000000,0,0,0,0,0,0,0,0,0,0,0,1888,0,420.0,1308.4026379327936,271.6862150118686,2580.8545429608785,704.5
1785382102,0,TTFT,S2,6.400000,0.000000,0,0,0,0,0,0,0,0,0,0,0,944,0,360.0,357.0042182049508,271.6862150118686,417.0613830210641,1153.0
1785382102,0,total,S2,6.400000,0.000000,0,0,0,0,0,0,0,0,0,0,0,944,0,2500.0,2259.8010576606366,1834.5366480061784,2580.8545429608785,256.0
1785382102,0,,Aggregated,12.800000,0.000000,0,0,0,0,0,0,0,0,0,0,0,1888,0,420.0,1308.4026379327936,271.6862150118686,2580.8545429608785,704.5
1785382103,0,TTFT,S2,6.400000,0.000000,0,0,0,0,0,0,0,0,0,0,0,944,0,360.0,357.0042182049508,271.6862150118686,417.0613830210641,1153.0
1785382103,0,total,S2,6.400000,0.000000,0,0,0,0,0,0,0,0,0,0,0,944,0,2500.0,2259.8010576606366,1834.5366480061784,2580.8545429608785,256.0
1785382103,0,,Aggregated,12.800000,0.000000,0,0,0,0,0,0,0,0,0,0,0,1888,0,420.0,1308.4026379327936,271.6862150118686,2580.8545429608785,704.5
1785382104,0,TTFT,S2,6.400000,0.000000,0,0,0,0,0,0,0,0,0,0,0,944,0,360.0,357.0042182049508,271.6862150118686,417.0613830210641,1153.0
1785382104,0,total,S2,6.400000,0.000000,0,0,0,0,0,0,0,0,0,0,0,944,0,2500.0,2259.8010576606366,1834.5366480061784,2580.8545429608785,256.0
1785382104,0,,Aggregated,12.800000,0.000000,0,0,0,0,0,0,0,0,0,0,0,1888,0,420.0,1308.4026379327936,271.6862150118686,2580.8545429608785,704.5
1785382105,0,TTFT,S2,6.400000,0.000000,0,0,0,0,0,0,0,0,0,0,0,944,0,360.0,357.0042182049508,271.6862150118686,417.0613830210641,1153.0
1785382105,0,total,S2,6.400000,0.000000,0,0,0,0,0,0,0,0,0,0,0,944,0,2500.0,2259.8010576606366,1834.5366480061784,2580.8545429608785,256.0
1785382105,0,,Aggregated,12.800000,0.000000,0,0,0,0,0,0,0,0,0,0,0,1888,0,420.0,1308.4026379327936,271.6862150118686,2580.8545429608785,704.5
1785382106,0,TTFT,S2,6.400000,0.000000,0,0,0,0,0,0,0,0,0,0,0,944,0,360.0,357.0042182049508,271.6862150118686,417.0613830210641,1153.0
1785382106,0,total,S2,6.400000,0.000000,0,0,0,0,0,0,0,0,0,0,0,944,0,2500.0,2259.8010576606366,1834.5366480061784,2580.8545429608785,256.0
1785382106,0,,Aggregated,12.800000,0.000000,0,0,0,0,0,0,0,0,0,0,0,1888,0,420.0,1308.4026379327936,271.6862150118686,2580.8545429608785,704.5
1785382107,0,TTFT,S2,6.400000,0.000000,0,0,0,0,0,0,0,0,0,0,0,944,0,360.0,357.0042182049508,271.6862150118686,417.0613830210641,1153.0
1785382107,0,total,S2,6.400000,0.000000,0,0,0,0,0,0,0,0,0,0,0,944,0,2500.0,2259.8010576606366,1834.5366480061784,2580.8545429608785,256.0
1785382107,0,,Aggregated,12.800000,0.000000,0,0,0,0,0,0,0,0,0,0,0,1888,0,420.0,1308.4026379327936,271.6862150118686,2580.8545429608785,704.5
1785382108,0,TTFT,S2,6.400000,0.000000,0,0,0,0,0,0,0,0,0,0,0,944,0,360.0,357.0042182049508,271.6862150118686,417.0613830210641,1153.0
1785382108,0,total,S2,6.400000,0.000000,0,0,0,0,0,0,0,0,0,0,0,944,0,2500.0,2259.8010576606366,1834.5366480061784,2580.8545429608785,256.0
1785382108,0,,Aggregated,12.800000,0.000000,0,0,0,0,0,0,0,0,0,0,0,1888,0,420.0,1308.4026379327936,271.6862150118686,2580.8545429608785,704.5
1785382109,0,TTFT,S2,6.400000,0.000000,0,0,0,0,0,0,0,0,0,0,0,944,0,360.0,357.0042182049508,271.6862150118686,417.0613830210641,1153.0
1785382109,0,total,S2,6.400000,0.000000,0,0,0,0,0,0,0,0,0,0,0,944,0,2500.0,2259.8010576606366,1834.5366480061784,2580.8545429608785,256.0
1785382109,0,,Aggregated,12.800000,0.000000,0,0,0,0,0,0,0,0,0,0,0,1888,0,420.0,1308.4026379327936,271.6862150118686,2580.8545429608785,704.5
1785382110,0,TTFT,S2,6.400000,0.000000,0,0,0,0,0,0,0,0,0,0,0,944,0,360.0,357.0042182049508,271.6862150118686,417.0613830210641,1153.0
1785382110,0,total,S2,6.400000,0.000000,0,0,0,0,0,0,0,0,0,0,0,944,0,2500.0,2259.8010576606366,1834.5366480061784,2580.8545429608785,256.0
1785382110,0,,Aggregated,12.800000,0.000000,0,0,0,0,0,0,0,0,0,0,0,1888,0,420.0,1308.4026379327936,271.6862150118686,2580.8545429608785,704.5
1785382111,0,TTFT,S2,6.400000,0.000000,0,0,0,0,0,0,0,0,0,0,0,944,0,360.0,357.0042182049508,271.6862150118686,417.0613830210641,1153.0
1785382111,0,total,S2,6.400000,0.000000,0,0,0,0,0,0,0,0,0,0,0,944,0,2500.0,2259.8010576606366,1834.5366480061784,2580.8545429608785,256.0
1785382111,0,,Aggregated,12.800000,0.000000,0,0,0,0,0,0,0,0,0,0,0,1888,0,420.0,1308.4026379327936,271.6862150118686,2580.8545429608785,704.5
1785382112,0,TTFT,S2,6.400000,0.000000,0,0,0,0,0,0,0,0,0,0,0,944,0,360.0,357.0042182049508,271.6862150118686,417.0613830210641,1153.0
1785382112,0,total,S2,6.400000,0.000000,0,0,0,0,0,0,0,0,0,0,0,944,0,2500.0,2259.8010576606366,1834.5366480061784,2580.8545429608785,256.0
1785382112,0,,Aggregated,12.800000,0.000000,0,0,0,0,0,0,0,0,0,0,0,1888,0,420.0,1308.4026379327936,271.6862150118686,2580.8545429608785,704.5
1785382113,0,TTFT,S2,6.400000,0.000000,0,0,0,0,0,0,0,0,0,0,0,944,0,360.0,357.0042182049508,271.6862150118686,417.0613830210641,1153.0
1785382113,0,total,S2,6.400000,0.000000,0,0,0,0,0,0,0,0,0,0,0,944,0,2500.0,2259.8010576606366,1834.5366480061784,2580.8545429608785,256.0
1785382113,0,,Aggregated,12.800000,0.000000,0,0,0,0,0,0,0,0,0,0,0,1888,0,420.0,1308.4026379327936,271.6862150118686,2580.8545429608785,704.5
1785382114,0,TTFT,S2,6.400000,0.000000,0,0,0,0,0,0,0,0,0,0,0,944,0,360.0,357.0042182049508,271.6862150118686,417.0613830210641,1153.0
1785382114,0,total,S2,6.400000,0.000000,0,0,0,0,0,0,0,0,0,0,0,944,0,2500.0,2259.8010576606366,1834.5366480061784,2580.8545429608785,256.0
1785382114,0,,Aggregated,12.800000,0.000000,0,0,0,0,0,0,0,0,0,0,0,1888,0,420.0,1308.4026379327936,271.6862150118686,2580.8545429608785,704.5
1785382115,0,TTFT,S2,6.400000,0.000000,0,0,0,0,0,0,0,0,0,0,0,944,0,360.0,357.0042182049508,271.6862150118686,417.0613830210641,1153.0
1785382115,0,total,S2,6.400000,0.000000,0,0,0,0,0,0,0,0,0,0,0,944,0,2500.0,2259.8010576606366,1834.5366480061784,2580.8545429608785,256.0
1785382115,0,,Aggregated,12.800000,0.000000,0,0,0,0,0,0,0,0,0,0,0,1888,0,420.0,1308.4026379327936,271.6862150118686,2580.8545429608785,704.5
1785382116,0,TTFT,S2,6.400000,0.000000,0,0,0,0,0,0,0,0,0,0,0,944,0,360.0,357.0042182049508,271.6862150118686,417.0613830210641,1153.0
1785382116,0,total,S2,6.400000,0.000000,0,0,0,0,0,0,0,0,0,0,0,944,0,2500.0,2259.8010576606366,1834.5366480061784,2580.8545429608785,256.0
1785382116,0,,Aggregated,12.800000,0.000000,0,0,0,0,0,0,0,0,0,0,0,1888,0,420.0,1308.4026379327936,271.6862150118686,2580.8545429608785,704.5
1785382117,0,TTFT,S2,6.400000,0.000000,0,0,0,0,0,0,0,0,0,0,0,944,0,360.0,357.0042182049508,271.6862150118686,417.0613830210641,1153.0
1785382117,0,total,S2,6.400000,0.000000,0,0,0,0,0,0,0,0,0,0,0,944,0,2500.0,2259.8010576606366,1834.5366480061784,2580.8545429608785,256.0
1785382117,0,,Aggregated,12.800000,0.000000,0,0,0,0,0,0,0,0,0,0,0,1888,0,420.0,1308.4026379327936,271.6862150118686,2580.8545429608785,704.5
1785382118,0,TTFT,S2,6.400000,0.000000,0,0,0,0,0,0,0,0,0,0,0,944,0,360.0,357.0042182049508,271.6862150118686,417.0613830210641,1153.0
1785382118,0,total,S2,6.400000,0.000000,0,0,0,0,0,0,0,0,0,0,0,944,0,2500.0,2259.8010576606366,1834.5366480061784,2580.8545429608785,256.0
1785382118,0,,Aggregated,12.800000,0.000000,0,0,0,0,0,0,0,0,0,0,0,1888,0,420.0,1308.4026379327936,271.6862150118686,2580.8545429608785,704.5
1785382119,0,TTFT,S2,6.400000,0.000000,0,0,0,0,0,0,0,0,0,0,0,944,0,360.0,357.0042182049508,271.6862150118686,417.0613830210641,1153.0
1785382119,0,total,S2,6.400000,0.000000,0,0,0,0,0,0,0,0,0,0,0,944,0,2500.0,2259.8010576606366,1834.5366480061784,2580.8545429608785,256.0
1785382119,0,,Aggregated,12.800000,0.000000,0,0,0,0,0,0,0,0,0,0,0,1888,0,420.0,1308.4026379327936,271.6862150118686,2580.8545429608785,704.5
1785382120,0,TTFT,S2,6.400000,0.000000,0,0,0,0,0,0,0,0,0,0,0,944,0,360.0,357.0042182049508,271.6862150118686,417.0613830210641,1153.0
1785382120,0,total,S2,6.400000,0.000000,0,0,0,0,0,0,0,0,0,0,0,944,0,2500.0,2259.8010576606366,1834.5366480061784,2580.8545429608785,256.0
1785382120,0,,Aggregated,12.800000,0.000000,0,0,0,0,0,0,0,0,0,0,0,1888,0,420.0,1308.4026379327936,271.6862150118686,2580.8545429608785,704.5
1785382121,0,TTFT,S2,6.400000,0.000000,0,0,0,0,0,0,0,0,0,0,0,944,0,360.0,357.0042182049508,271.6862150118686,417.0613830210641,1153.0
1785382121,0,total,S2,6.400000,0.000000,0,0,0,0,0,0,0,0,0,0,0,944,0,2500.0,2259.8010576606366,1834.5366480061784,2580.8545429608785,256.0
1785382121,0,,Aggregated,12.800000,0.000000,0,0,0,0,0,0,0,0,0,0,0,1888,0,420.0,1308.4026379327936,271.6862150118686,2580.8545429608785,704.5
1785382122,0,TTFT,S2,6.400000,0.000000,0,0,0,0,0,0,0,0,0,0,0,944,0,360.0,357.0042182049508,271.6862150118686,417.0613830210641,1153.0
1785382122,0,total,S2,6.400000,0.000000,0,0,0,0,0,0,0,0,0,0,0,944,0,2500.0,2259.8010576606366,1834.5366480061784,2580.8545429608785,256.0
1785382122,0,,Aggregated,12.800000,0.000000,0,0,0,0,0,0,0,0,0,0,0,1888,0,420.0,1308.4026379327936,271.6862150118686,2580.8545429608785,704.5
1785382123,0,TTFT,S2,6.400000,0.000000,0,0,0,0,0,0,0,0,0,0,0,944,0,360.0,357.0042182049508,271.6862150118686,417.0613830210641,1153.0
1785382123,0,total,S2,6.400000,0.000000,0,0,0,0,0,0,0,0,0,0,0,944,0,2500.0,2259.8010576606366,1834.5366480061784,2580.8545429608785,256.0
1785382123,0,,Aggregated,12.800000,0.000000,0,0,0,0,0,0,0,0,0,0,0,1888,0,420.0,1308.4026379327936,271.6862150118686,2580.8545429608785,704.5
1785382124,0,TTFT,S2,6.400000,0.000000,0,0,0,0,0,0,0,0,0,0,0,944,0,360.0,357.0042182049508,271.6862150118686,417.0613830210641,1153.0
1785382124,0,total,S2,6.400000,0.000000,0,0,0,0,0,0,0,0,0,0,0,944,0,2500.0,2259.8010576606366,1834.5366480061784,2580.8545429608785,256.0
1785382124,0,,Aggregated,12.800000,0.000000,0,0,0,0,0,0,0,0,0,0,0,1888,0,420.0,1308.4026379327936,271.6862150118686,2580.8545429608785,704.5
1785382125,0,TTFT,S2,6.400000,0.000000,0,0,0,0,0,0,0,0,0,0,0,944,0,360.0,357.0042182049508,271.6862150118686,417.0613830210641,1153.0
1785382125,0,total,S2,6.400000,0.000000,0,0,0,0,0,0,0,0,0,0,0,944,0,2500.0,2259.8010576606366,1834.5366480061784,2580.8545429608785,256.0
1785382125,0,,Aggregated,12.800000,0.000000,0,0,0,0,0,0,0,0,0,0,0,1888,0,420.0,1308.4026379327936,271.6862150118686,2580.8545429608785,704.5
1785382126,0,TTFT,S2,6.400000,0.000000,0,0,0,0,0,0,0,0,0,0,0,944,0,360.0,357.0042182049508,271.6862150118686,417.0613830210641,1153.0
1785382126,0,total,S2,6.400000,0.000000,0,0,0,0,0,0,0,0,0,0,0,944,0,2500.0,2259.8010576606366,1834.5366480061784,2580.8545429608785,256.0
1785382126,0,,Aggregated,12.800000,0.000000,0,0,0,0,0,0,0,0,0,0,0,1888,0,420.0,1308.4026379327936,271.6862150118686,2580.8545429608785,704.5
1785382127,0,TTFT,S2,6.400000,0.000000,0,0,0,0,0,0,0,0,0,0,0,944,0,360.0,357.0042182049508,271.6862150118686,417.0613830210641,1153.0
1785382127,0,total,S2,6.400000,0.000000,0,0,0,0,0,0,0,0,0,0,0,944,0,2500.0,2259.8010576606366,1834.5366480061784,2580.8545429608785,256.0
1785382127,0,,Aggregated,12.800000,0.000000,0,0,0,0,0,0,0,0,0,0,0,1888,0,420.0,1308.4026379327936,271.6862150118686,2580.8545429608785,704.5
1785382128,0,TTFT,S2,6.400000,0.000000,0,0,0,0,0,0,0,0,0,0,0,944,0,360.0,357.0042182049508,271.6862150118686,417.0613830210641,1153.0
1785382128,0,total,S2,6.400000,0.000000,0,0,0,0,0,0,0,0,0,0,0,944,0,2500.0,2259.8010576606366,1834.5366480061784,2580.8545429608785,256.0
1785382128,0,,Aggregated,12.800000,0.000000,0,0,0,0,0,0,0,0,0,0,0,1888,0,420.0,1308.4026379327936,271.6862150118686,2580.8545429608785,704.5
1785382129,0,TTFT,S2,6.400000,0.000000,0,0,0,0,0,0,0,0,0,0,0,944,0,360.0,357.0042182049508,271.6862150118686,417.0613830210641,1153.0
1785382129,0,total,S2,6.400000,0.000000,0,0,0,0,0,0,0,0,0,0,0,944,0,2500.0,2259.8010576606366,1834.5366480061784,2580.8545429608785,256.0
1785382129,0,,Aggregated,12.800000,0.000000,0,0,0,0,0,0,0,0,0,0,0,1888,0,420.0,1308.4026379327936,271.6862150118686,2580.8545429608785,704.5
1785382130,0,TTFT,S2,6.400000,0.000000,0,0,0,0,0,0,0,0,0,0,0,944,0,360.0,357.0042182049508,271.6862150118686,417.0613830210641,1153.0
1785382130,0,total,S2,6.400000,0.000000,0,0,0,0,0,0,0,0,0,0,0,944,0,2500.0,2259.8010576606366,1834.5366480061784,2580.8545429608785,256.0
1785382130,0,,Aggregated,12.800000,0.000000,0,0,0,0,0,0,0,0,0,0,0,1888,0,420.0,1308.4026379327936,271.6862150118686,2580.8545429608785,704.5
1785382131,0,TTFT,S2,6.400000,0.000000,0,0,0,0,0,0,0,0,0,0,0,944,0,360.0,357.0042182049508,271.6862150118686,417.0613830210641,1153.0
1785382131,0,total,S2,6.400000,0.000000,0,0,0,0,0,0,0,0,0,0,0,944,0,2500.0,2259.8010576606366,1834.5366480061784,2580.8545429608785,256.0
1785382131,0,,Aggregated,12.800000,0.000000,0,0,0,0,0,0,0,0,0,0,0,1888,0,420.0,1308.4026379327936,271.6862150118686,2580.8545429608785,704.5
1785382132,0,TTFT,S2,6.400000,0.000000,0,0,0,0,0,0,0,0,0,0,0,944,0,360.0,357.0042182049508,271.6862150118686,417.0613830210641,1153.0
1785382132,0,total,S2,6.400000,0.000000,0,0,0,0,0,0,0,0,0,0,0,944,0,2500.0,2259.8010576606366,1834.5366480061784,2580.8545429608785,256.0
1785382132,0,,Aggregated,12.800000,0.000000,0,0,0,0,0,0,0,0,0,0,0,1888,0,420.0,1308.4026379327936,271.6862150118686,2580.8545429608785,704.5
1785382133,0,TTFT,S2,6.400000,0.000000,0,0,0,0,0,0,0,0,0,0,0,944,0,360.0,357.0042182049508,271.6862150118686,417.0613830210641,1153.0
1785382133,0,total,S2,6.400000,0.000000,0,0,0,0,0,0,0,0,0,0,0,944,0,2500.0,2259.8010576606366,1834.5366480061784,2580.8545429608785,256.0
1785382133,0,,Aggregated,12.800000,0.000000,0,0,0,0,0,0,0,0,0,0,0,1888,0,420.0,1308.4026379327936,271.6862150118686,2580.8545429608785,704.5
1785382134,0,TTFT,S2,6.400000,0.000000,0,0,0,0,0,0,0,0,0,0,0,944,0,360.0,357.0042182049508,271.6862150118686,417.0613830210641,1153.0
1785382134,0,total,S2,6.400000,0.000000,0,0,0,0,0,0,0,0,0,0,0,944,0,2500.0,2259.8010576606366,1834.5366480061784,2580.8545429608785,256.0
1785382134,0,,Aggregated,12.800000,0.000000,0,0,0,0,0,0,0,0,0,0,0,1888,0,420.0,1308.4026379327936,271.6862150118686,2580.8545429608785,704.5
1785382135,0,TTFT,S2,6.400000,0.000000,0,0,0,0,0,0,0,0,0,0,0,944,0,360.0,357.0042182049508,271.6862150118686,417.0613830210641,1153.0
1785382135,0,total,S2,6.400000,0.000000,0,0,0,0,0,0,0,0,0,0,0,944,0,2500.0,2259.8010576606366,1834.5366480061784,2580.8545429608785,256.0
1785382135,0,,Aggregated,12.800000,0.000000,0,0,0,0,0,0,0,0,0,0,0,1888,0,420.0,1308.4026379327936,271.6862150118686,2580.8545429608785,704.5
1785382136,0,TTFT,S2,6.400000,0.000000,0,0,0,0,0,0,0,0,0,0,0,944,0,360.0,357.0042182049508,271.6862150118686,417.0613830210641,1153.0
1785382136,0,total,S2,6.400000,0.000000,0,0,0,0,0,0,0,0,0,0,0,944,0,2500.0,2259.8010576606366,1834.5366480061784,2580.8545429608785,256.0
1785382136,0,,Aggregated,12.800000,0.000000,0,0,0,0,0,0,0,0,0,0,0,1888,0,420.0,1308.4026379327936,271.6862150118686,2580.8545429608785,704.5
1785382137,0,TTFT,S2,6.400000,0.000000,0,0,0,0,0,0,0,0,0,0,0,944,0,360.0,357.0042182049508,271.6862150118686,417.0613830210641,1153.0
1785382137,0,total,S2,6.400000,0.000000,0,0,0,0,0,0,0,0,0,0,0,944,0,2500.0,2259.8010576606366,1834.5366480061784,2580.8545429608785,256.0
1785382137,0,,Aggregated,12.800000,0.000000,0,0,0,0,0,0,0,0,0,0,0,1888,0,420.0,1308.4026379327936,271.6862150118686,2580.8545429608785,704.5
1785382138,0,TTFT,S2,6.400000,0.000000,0,0,0,0,0,0,0,0,0,0,0,944,0,360.0,357.0042182049508,271.6862150118686,417.0613830210641,1153.0
1785382138,0,total,S2,6.400000,0.000000,0,0,0,0,0,0,0,0,0,0,0,944,0,2500.0,2259.8010576606366,1834.5366480061784,2580.8545429608785,256.0
1785382138,0,,Aggregated,12.800000,0.000000,0,0,0,0,0,0,0,0,0,0,0,1888,0,420.0,1308.4026379327936,271.6862150118686,2580.8545429608785,704.5
1785382139,0,TTFT,S2,6.400000,0.000000,0,0,0,0,0,0,0,0,0,0,0,944,0,360.0,357.0042182049508,271.6862150118686,417.0613830210641,1153.0
1785382139,0,total,S2,6.400000,0.000000,0,0,0,0,0,0,0,0,0,0,0,944,0,2500.0,2259.8010576606366,1834.5366480061784,2580.8545429608785,256.0
1785382139,0,,Aggregated,12.800000,0.000000,0,0,0,0,0,0,0,0,0,0,0,1888,0,420.0,1308.4026379327936,271.6862150118686,2580.8545429608785,704.5
1785382140,0,TTFT,S2,6.400000,0.000000,0,0,0,0,0,0,0,0,0,0,0,944,0,360.0,357.0042182049508,271.6862150118686,417.0613830210641,1153.0
1785382140,0,total,S2,6.400000,0.000000,0,0,0,0,0,0,0,0,0,0,0,944,0,2500.0,2259.8010576606366,1834.5366480061784,2580.8545429608785,256.0
1785382140,0,,Aggregated,12.800000,0.000000,0,0,0,0,0,0,0,0,0,0,0,1888,0,420.0,1308.4026379327936,271.6862150118686,2580.8545429608785,704.5
1785382141,0,TTFT,S2,6.400000,0.000000,0,0,0,0,0,0,0,0,0,0,0,944,0,360.0,357.0042182049508,271.6862150118686,417.0613830210641,1153.0
1785382141,0,total,S2,6.400000,0.000000,0,0,0,0,0,0,0,0,0,0,0,944,0,2500.0,2259.8010576606366,1834.5366480061784,2580.8545429608785,256.0
1785382141,0,,Aggregated,12.800000,0.000000,0,0,0,0,0,0,0,0,0,0,0,1888,0,420.0,1308.4026379327936,271.6862150118686,2580.8545429608785,704.5
1785382142,0,TTFT,S2,6.400000,0.000000,0,0,0,0,0,0,0,0,0,0,0,944,0,360.0,357.0042182049508,271.6862150118686,417.0613830210641,1153.0
1785382142,0,total,S2,6.400000,0.000000,0,0,0,0,0,0,0,0,0,0,0,944,0,2500.0,2259.8010576606366,1834.5366480061784,2580.8545429608785,256.0
1785382142,0,,Aggregated,12.800000,0.000000,0,0,0,0,0,0,0,0,0,0,0,1888,0,420.0,1308.4026379327936,271.6862150118686,2580.8545429608785,704.5
1785382143,0,TTFT,S2,6.400000,0.000000,0,0,0,0,0,0,0,0,0,0,0,944,0,360.0,357.0042182049508,271.6862150118686,417.0613830210641,1153.0
1785382143,0,total,S2,6.400000,0.000000,0,0,0,0,0,0,0,0,0,0,0,944,0,2500.0,2259.8010576606366,1834.5366480061784,2580.8545429608785,256.0
1785382143,0,,Aggregated,12.800000,0.000000,0,0,0,0,0,0,0,0,0,0,0,1888,0,420.0,1308.4026379327936,271.6862150118686,2580.8545429608785,704.5
1785382144,0,TTFT,S2,6.400000,0.000000,0,0,0,0,0,0,0,0,0,0,0,944,0,360.0,357.0042182049508,271.6862150118686,417.0613830210641,1153.0
1785382144,0,total,S2,6.400000,0.000000,0,0,0,0,0,0,0,0,0,0,0,944,0,2500.0,2259.8010576606366,1834.5366480061784,2580.8545429608785,256.0
1785382144,0,,Aggregated,12.800000,0.000000,0,0,0,0,0,0,0,0,0,0,0,1888,0,420.0,1308.4026379327936,271.6862150118686,2580.8545429608785,704.5
1785382145,0,TTFT,S2,6.400000,0.000000,0,0,0,0,0,0,0,0,0,0,0,944,0,360.0,357.0042182049508,271.6862150118686,417.0613830210641,1153.0
1785382145,0,total,S2,6.400000,0.000000,0,0,0,0,0,0,0,0,0,0,0,944,0,2500.0,2259.8010576606366,1834.5366480061784,2580.8545429608785,256.0
1785382145,0,,Aggregated,12.800000,0.000000,0,0,0,0,0,0,0,0,0,0,0,1888,0,420.0,1308.4026379327936,271.6862150118686,2580.8545429608785,704.5
1785382146,0,TTFT,S2,6.400000,0.000000,0,0,0,0,0,0,0,0,0,0,0,944,0,360.0,357.0042182049508,271.6862150118686,417.0613830210641,1153.0
1785382146,0,total,S2,6.400000,0.000000,0,0,0,0,0,0,0,0,0,0,0,944,0,2500.0,2259.8010576606366,1834.5366480061784,2580.8545429608785,256.0
1785382146,0,,Aggregated,12.800000,0.000000,0,0,0,0,0,0,0,0,0,0,0,1888,0,420.0,1308.4026379327936,271.6862150118686,2580.8545429608785,704.5
1785382147,0,TTFT,S2,6.400000,0.000000,0,0,0,0,0,0,0,0,0,0,0,944,0,360.0,357.0042182049508,271.6862150118686,417.0613830210641,1153.0
1785382147,0,total,S2,6.400000,0.000000,0,0,0,0,0,0,0,0,0,0,0,944,0,2500.0,2259.8010576606366,1834.5366480061784,2580.8545429608785,256.0
1785382147,0,,Aggregated,12.800000,0.000000,0,0,0,0,0,0,0,0,0,0,0,1888,0,420.0,1308.4026379327936,271.6862150118686,2580.8545429608785,704.5
1785382148,0,TTFT,S2,6.400000,0.000000,0,0,0,0,0,0,0,0,0,0,0,944,0,360.0,357.0042182049508,271.6862150118686,417.0613830210641,1153.0
1785382148,0,total,S2,6.400000,0.000000,0,0,0,0,0,0,0,0,0,0,0,944,0,2500.0,2259.8010576606366,1834.5366480061784,2580.8545429608785,256.0
1785382148,0,,Aggregated,12.800000,0.000000,0,0,0,0,0,0,0,0,0,0,0,1888,0,420.0,1308.4026379327936,271.6862150118686,2580.8545429608785,704.5
1785382149,0,TTFT,S2,6.400000,0.000000,0,0,0,0,0,0,0,0,0,0,0,944,0,360.0,357.0042182049508,271.6862150118686,417.0613830210641,1153.0
1785382149,0,total,S2,6.400000,0.000000,0,0,0,0,0,0,0,0,0,0,0,944,0,2500.0,2259.8010576606366,1834.5366480061784,2580.8545429608785,256.0
1785382149,0,,Aggregated,12.800000,0.000000,0,0,0,0,0,0,0,0,0,0,0,1888,0,420.0,1308.4026379327936,271.6862150118686,2580.8545429608785,704.5
1785382150,0,TTFT,S2,6.400000,0.000000,0,0,0,0,0,0,0,0,0,0,0,944,0,360.0,357.0042182049508,271.6862150118686,417.0613830210641,1153.0
1785382150,0,total,S2,6.400000,0.000000,0,0,0,0,0,0,0,0,0,0,0,944,0,2500.0,2259.8010576606366,1834.5366480061784,2580.8545429608785,256.0
1785382150,0,,Aggregated,12.800000,0.000000,0,0,0,0,0,0,0,0,0,0,0,1888,0,420.0,1308.4026379327936,271.6862150118686,2580.8545429608785,704.5
1785382151,0,TTFT,S2,6.400000,0.000000,0,0,0,0,0,0,0,0,0,0,0,944,0,360.0,357.0042182049508,271.6862150118686,417.0613830210641,1153.0
1785382151,0,total,S2,6.400000,0.000000,0,0,0,0,0,0,0,0,0,0,0,944,0,2500.0,2259.8010576606366,1834.5366480061784,2580.8545429608785,256.0
1785382151,0,,Aggregated,12.800000,0.000000,0,0,0,0,0,0,0,0,0,0,0,1888,0,420.0,1308.4026379327936,271.6862150118686,2580.8545429608785,704.5
1785382152,0,TTFT,S2,6.400000,0.000000,0,0,0,0,0,0,0,0,0,0,0,944,0,360.0,357.0042182049508,271.6862150118686,417.0613830210641,1153.0
1785382152,0,total,S2,6.400000,0.000000,0,0,0,0,0,0,0,0,0,0,0,944,0,2500.0,2259.8010576606366,1834.5366480061784,2580.8545429608785,256.0
1785382152,0,,Aggregated,12.800000,0.000000,0,0,0,0,0,0,0,0,0,0,0,1888,0,420.0,1308.4026379327936,271.6862150118686,2580.8545429608785,704.5
1785382153,0,TTFT,S2,6.400000,0.000000,0,0,0,0,0,0,0,0,0,0,0,944,0,360.0,357.0042182049508,271.6862150118686,417.0613830210641,1153.0
1785382153,0,total,S2,6.400000,0.000000,0,0,0,0,0,0,0,0,0,0,0,944,0,2500.0,2259.8010576606366,1834.5366480061784,2580.8545429608785,256.0
1785382153,0,,Aggregated,12.800000,0.000000,0,0,0,0,0,0,0,0,0,0,0,1888,0,420.0,1308.4026379327936,271.6862150118686,2580.8545429608785,704.5
1785382154,0,TTFT,S2,6.400000,0.000000,0,0,0,0,0,0,0,0,0,0,0,944,0,360.0,357.0042182049508,271.6862150118686,417.0613830210641,1153.0
1785382154,0,total,S2,6.400000,0.000000,0,0,0,0,0,0,0,0,0,0,0,944,0,2500.0,2259.8010576606366,1834.5366480061784,2580.8545429608785,256.0
1785382154,0,,Aggregated,12.800000,0.000000,0,0,0,0,0,0,0,0,0,0,0,1888,0,420.0,1308.4026379327936,271.6862150118686,2580.8545429608785,704.5
1785382155,0,TTFT,S2,6.400000,0.000000,0,0,0,0,0,0,0,0,0,0,0,944,0,360.0,357.0042182049508,271.6862150118686,417.0613830210641,1153.0
1785382155,0,total,S2,6.400000,0.000000,0,0,0,0,0,0,0,0,0,0,0,944,0,2500.0,2259.8010576606366,1834.5366480061784,2580.8545429608785,256.0
1785382155,0,,Aggregated,12.800000,0.000000,0,0,0,0,0,0,0,0,0,0,0,1888,0,420.0,1308.4026379327936,271.6862150118686,2580.8545429608785,704.5
1785382156,0,TTFT,S2,6.400000,0.000000,0,0,0,0,0,0,0,0,0,0,0,944,0,360.0,357.0042182049508,271.6862150118686,417.0613830210641,1153.0
1785382156,0,total,S2,6.400000,0.000000,0,0,0,0,0,0,0,0,0,0,0,944,0,2500.0,2259.8010576606366,1834.5366480061784,2580.8545429608785,256.0
1785382156,0,,Aggregated,12.800000,0.000000,0,0,0,0,0,0,0,0,0,0,0,1888,0,420.0,1308.4026379327936,271.6862150118686,2580.8545429608785,704.5
1785382157,0,TTFT,S2,6.400000,0.000000,0,0,0,0,0,0,0,0,0,0,0,944,0,360.0,357.0042182049508,271.6862150118686,417.0613830210641,1153.0
1785382157,0,total,S2,6.400000,0.000000,0,0,0,0,0,0,0,0,0,0,0,944,0,2500.0,2259.8010576606366,1834.5366480061784,2580.8545429608785,256.0
1785382157,0,,Aggregated,12.800000,0.000000,0,0,0,0,0,0,0,0,0,0,0,1888,0,420.0,1308.4026379327936,271.6862150118686,2580.8545429608785,704.5
1785382158,0,TTFT,S2,6.400000,0.000000,0,0,0,0,0,0,0,0,0,0,0,944,0,360.0,357.0042182049508,271.6862150118686,417.0613830210641,1153.0
1785382158,0,total,S2,6.400000,0.000000,0,0,0,0,0,0,0,0,0,0,0,944,0,2500.0,2259.8010576606366,1834.5366480061784,2580.8545429608785,256.0
1785382158,0,,Aggregated,12.800000,0.000000,0,0,0,0,0,0,0,0,0,0,0,1888,0,420.0,1308.4026379327936,271.6862150118686,2580.8545429608785,704.5
1785382159,0,TTFT,S2,6.400000,0.000000,0,0,0,0,0,0,0,0,0,0,0,944,0,360.0,357.0042182049508,271.6862150118686,417.0613830210641,1153.0
1785382159,0,total,S2,6.400000,0.000000,0,0,0,0,0,0,0,0,0,0,0,944,0,2500.0,2259.8010576606366,1834.5366480061784,2580.8545429608785,256.0
1785382159,0,,Aggregated,12.800000,0.000000,0,0,0,0,0,0,0,0,0,0,0,1888,0,420.0,1308.4026379327936,271.6862150118686,2580.8545429608785,704.5
1785382160,0,TTFT,S2,6.400000,0.000000,0,0,0,0,0,0,0,0,0,0,0,944,0,360.0,357.0042182049508,271.6862150118686,417.0613830210641,1153.0
1785382160,0,total,S2,6.400000,0.000000,0,0,0,0,0,0,0,0,0,0,0,944,0,2500.0,2259.8010576606366,1834.5366480061784,2580.8545429608785,256.0
1785382160,0,,Aggregated,12.800000,0.000000,0,0,0,0,0,0,0,0,0,0,0,1888,0,420.0,1308.4026379327936,271.6862150118686,2580.8545429608785,704.5
1785382161,0,TTFT,S2,6.400000,0.000000,0,0,0,0,0,0,0,0,0,0,0,944,0,360.0,357.0042182049508,271.6862150118686,417.0613830210641,1153.0
1785382161,0,total,S2,6.400000,0.000000,0,0,0,0,0,0,0,0,0,0,0,944,0,2500.0,2259.8010576606366,1834.5366480061784,2580.8545429608785,256.0
1785382161,0,,Aggregated,12.800000,0.000000,0,0,0,0,0,0,0,0,0,0,0,1888,0,420.0,1308.4026379327936,271.6862150118686,2580.8545429608785,704.5
1785382162,0,TTFT,S2,6.400000,0.000000,0,0,0,0,0,0,0,0,0,0,0,944,0,360.0,357.0042182049508,271.6862150118686,417.0613830210641,1153.0
1785382162,0,total,S2,6.400000,0.000000,0,0,0,0,0,0,0,0,0,0,0,944,0,2500.0,2259.8010576606366,1834.5366480061784,2580.8545429608785,256.0
1785382162,0,,Aggregated,12.800000,0.000000,0,0,0,0,0,0,0,0,0,0,0,1888,0,420.0,1308.4026379327936,271.6862150118686,2580.8545429608785,704.5
1785382163,0,TTFT,S2,6.400000,0.000000,0,0,0,0,0,0,0,0,0,0,0,944,0,360.0,357.0042182049508,271.6862150118686,417.0613830210641,1153.0
1785382163,0,total,S2,6.400000,0.000000,0,0,0,0,0,0,0,0,0,0,0,944,0,2500.0,2259.8010576606366,1834.5366480061784,2580.8545429608785,256.0
1785382163,0,,Aggregated,12.800000,0.000000,0,0,0,0,0,0,0,0,0,0,0,1888,0,420.0,1308.4026379327936,271.6862150118686,2580.8545429608785,704.5
1785382164,0,TTFT,S2,6.400000,0.000000,0,0,0,0,0,0,0,0,0,0,0,944,0,360.0,357.0042182049508,271.6862150118686,417.0613830210641,1153.0
1785382164,0,total,S2,6.400000,0.000000,0,0,0,0,0,0,0,0,0,0,0,944,0,2500.0,2259.8010576606366,1834.5366480061784,2580.8545429608785,256.0
1785382164,0,,Aggregated,12.800000,0.000000,0,0,0,0,0,0,0,0,0,0,0,1888,0,420.0,1308.4026379327936,271.6862150118686,2580.8545429608785,704.5
1785382165,0,TTFT,S2,6.400000,0.000000,0,0,0,0,0,0,0,0,0,0,0,944,0,360.0,357.0042182049508,271.6862150118686,417.0613830210641,1153.0
1785382165,0,total,S2,6.400000,0.000000,0,0,0,0,0,0,0,0,0,0,0,944,0,2500.0,2259.8010576606366,1834.5366480061784,2580.8545429608785,256.0
1785382165,0,,Aggregated,12.800000,0.000000,0,0,0,0,0,0,0,0,0,0,0,1888,0,420.0,1308.4026379327936,271.6862150118686,2580.8545429608785,704.5
1785382166,0,TTFT,S2,6.400000,0.000000,0,0,0,0,0,0,0,0,0,0,0,944,0,360.0,357.0042182049508,271.6862150118686,417.0613830210641,1153.0
1785382166,0,total,S2,6.400000,0.000000,0,0,0,0,0,0,0,0,0,0,0,944,0,2500.0,2259.8010576606366,1834.5366480061784,2580.8545429608785,256.0
1785382166,0,,Aggregated,12.800000,0.000000,0,0,0,0,0,0,0,0,0,0,0,1888,0,420.0,1308.4026379327936,271.6862150118686,2580.8545429608785,704.5
1785382167,0,TTFT,S2,6.400000,0.000000,0,0,0,0,0,0,0,0,0,0,0,944,0,360.0,357.0042182049508,271.6862150118686,417.0613830210641,1153.0
1785382167,0,total,S2,6.400000,0.000000,0,0,0,0,0,0,0,0,0,0,0,944,0,2500.0,2259.8010576606366,1834.5366480061784,2580.8545429608785,256.0
1785382167,0,,Aggregated,12.800000,0.000000,0,0,0,0,0,0,0,0,0,0,0,1888,0,420.0,1308.4026379327936,271.6862150118686,2580.8545429608785,704.5
1785382168,0,TTFT,S2,6.400000,0.000000,0,0,0,0,0,0,0,0,0,0,0,944,0,360.0,357.0042182049508,271.6862150118686,417.0613830210641,1153.0
1785382168,0,total,S2,6.400000,0.000000,0,0,0,0,0,0,0,0,0,0,0,944,0,2500.0,2259.8010576606366,1834.5366480061784,2580.8545429608785,256.0
1785382168,0,,Aggregated,12.800000,0.000000,0,0,0,0,0,0,0,0,0,0,0,1888,0,420.0,1308.4026379327936,271.6862150118686,2580.8545429608785,704.5
1785382169,0,TTFT,S2,6.400000,0.000000,0,0,0,0,0,0,0,0,0,0,0,944,0,360.0,357.0042182049508,271.6862150118686,417.0613830210641,1153.0
1785382169,0,total,S2,6.400000,0.000000,0,0,0,0,0,0,0,0,0,0,0,944,0,2500.0,2259.8010576606366,1834.5366480061784,2580.8545429608785,256.0
1785382169,0,,Aggregated,12.800000,0.000000,0,0,0,0,0,0,0,0,0,0,0,1888,0,420.0,1308.4026379327936,271.6862150118686,2580.8545429608785,704.5
1785382170,0,TTFT,S2,6.400000,0.000000,0,0,0,0,0,0,0,0,0,0,0,944,0,360.0,357.0042182049508,271.6862150118686,417.0613830210641,1153.0
1785382170,0,total,S2,6.400000,0.000000,0,0,0,0,0,0,0,0,0,0,0,944,0,2500.0,2259.8010576606366,1834.5366480061784,2580.8545429608785,256.0
1785382170,0,,Aggregated,12.800000,0.000000,0,0,0,0,0,0,0,0,0,0,0,1888,0,420.0,1308.4026379327936,271.6862150118686,2580.8545429608785,704.5
1785382171,0,TTFT,S2,6.400000,0.000000,0,0,0,0,0,0,0,0,0,0,0,944,0,360.0,357.0042182049508,271.6862150118686,417.0613830210641,1153.0
1785382171,0,total,S2,6.400000,0.000000,0,0,0,0,0,0,0,0,0,0,0,944,0,2500.0,2259.8010576606366,1834.5366480061784,2580.8545429608785,256.0
1785382171,0,,Aggregated,12.800000,0.000000,0,0,0,0,0,0,0,0,0,0,0,1888,0,420.0,1308.4026379327936,271.6862150118686,2580.8545429608785,704.5
1785382172,0,TTFT,S2,6.400000,0.000000,0,0,0,0,0,0,0,0,0,0,0,944,0,360.0,357.0042182049508,271.6862150118686,417.0613830210641,1153.0
1785382172,0,total,S2,6.400000,0.000000,0,0,0,0,0,0,0,0,0,0,0,944,0,2500.0,2259.8010576606366,1834.5366480061784,2580.8545429608785,256.0
1785382172,0,,Aggregated,12.800000,0.000000,0,0,0,0,0,0,0,0,0,0,0,1888,0,420.0,1308.4026379327936,271.6862150118686,2580.8545429608785,704.5
1785382173,0,TTFT,S2,6.400000,0.000000,0,0,0,0,0,0,0,0,0,0,0,944,0,360.0,357.0042182049508,271.6862150118686,417.0613830210641,1153.0
1785382173,0,total,S2,6.400000,0.000000,0,0,0,0,0,0,0,0,0,0,0,944,0,2500.0,2259.8010576606366,1834.5366480061784,2580.8545429608785,256.0
1785382173,0,,Aggregated,12.800000,0.000000,0,0,0,0,0,0,0,0,0,0,0,1888,0,420.0,1308.4026379327936,271.6862150118686,2580.8545429608785,704.5
1785382174,0,TTFT,S2,6.400000,0.000000,0,0,0,0,0,0,0,0,0,0,0,944,0,360.0,357.0042182049508,271.6862150118686,417.0613830210641,1153.0
1785382174,0,total,S2,6.400000,0.000000,0,0,0,0,0,0,0,0,0,0,0,944,0,2500.0,2259.8010576606366,1834.5366480061784,2580.8545429608785,256.0
1785382174,0,,Aggregated,12.800000,0.000000,0,0,0,0,0,0,0,0,0,0,0,1888,0,420.0,1308.4026379327936,271.6862150118686,2580.8545429608785,704.5
1785382175,0,TTFT,S2,6.400000,0.000000,0,0,0,0,0,0,0,0,0,0,0,944,0,360.0,357.0042182049508,271.6862150118686,417.0613830210641,1153.0
1785382175,0,total,S2,6.400000,0.000000,0,0,0,0,0,0,0,0,0,0,0,944,0,2500.0,2259.8010576606366,1834.5366480061784,2580.8545429608785,256.0
1785382175,0,,Aggregated,12.800000,0.000000,0,0,0,0,0,0,0,0,0,0,0,1888,0,420.0,1308.4026379327936,271.6862150118686,2580.8545429608785,704.5
1785382176,0,TTFT,S2,6.400000,0.000000,0,0,0,0,0,0,0,0,0,0,0,944,0,360.0,357.0042182049508,271.6862150118686,417.0613830210641,1153.0
1785382176,0,total,S2,6.400000,0.000000,0,0,0,0,0,0,0,0,0,0,0,944,0,2500.0,2259.8010576606366,1834.5366480061784,2580.8545429608785,256.0
1785382176,0,,Aggregated,12.800000,0.000000,0,0,0,0,0,0,0,0,0,0,0,1888,0,420.0,1308.4026379327936,271.6862150118686,2580.8545429608785,704.5
1785382177,0,TTFT,S2,6.400000,0.000000,0,0,0,0,0,0,0,0,0,0,0,944,0,360.0,357.0042182049508,271.6862150118686,417.0613830210641,1153.0
1785382177,0,total,S2,6.400000,0.000000,0,0,0,0,0,0,0,0,0,0,0,944,0,2500.0,2259.8010576606366,1834.5366480061784,2580.8545429608785,256.0
1785382177,0,,Aggregated,12.800000,0.000000,0,0,0,0,0,0,0,0,0,0,0,1888,0,420.0,1308.4026379327936,271.6862150118686,2580.8545429608785,704.5
1785382178,0,TTFT,S2,6.400000,0.000000,0,0,0,0,0,0,0,0,0,0,0,944,0,360.0,357.0042182049508,271.6862150118686,417.0613830210641,1153.0
1785382178,0,total,S2,6.400000,0.000000,0,0,0,0,0,0,0,0,0,0,0,944,0,2500.0,2259.8010576606366,1834.5366480061784,2580.8545429608785,256.0
1785382178,0,,Aggregated,12.800000,0.000000,0,0,0,0,0,0,0,0,0,0,0,1888,0,420.0,1308.4026379327936,271.6862150118686,2580.8545429608785,704.5
1785382179,0,TTFT,S2,6.400000,0.000000,0,0,0,0,0,0,0,0,0,0,0,944,0,360.0,357.0042182049508,271.6862150118686,417.0613830210641,1153.0
1785382179,0,total,S2,6.400000,0.000000,0,0,0,0,0,0,0,0,0,0,0,944,0,2500.0,2259.8010576606366,1834.5366480061784,2580.8545429608785,256.0
1785382179,0,,Aggregated,12.800000,0.000000,0,0,0,0,0,0,0,0,0,0,0,1888,0,420.0,1308.4026379327936,271.6862150118686,2580.8545429608785,704.5
1785382180,0,TTFT,S2,6.400000,0.000000,0,0,0,0,0,0,0,0,0,0,0,944,0,360.0,357.0042182049508,271.6862150118686,417.0613830210641,1153.0
1785382180,0,total,S2,6.400000,0.000000,0,0,0,0,0,0,0,0,0,0,0,944,0,2500.0,2259.8010576606366,1834.5366480061784,2580.8545429608785,256.0
1785382180,0,,Aggregated,12.800000,0.000000,0,0,0,0,0,0,0,0,0,0,0,1888,0,420.0,1308.4026379327936,271.6862150118686,2580.8545429608785,704.5
1785382181,0,TTFT,S2,6.400000,0.000000,0,0,0,0,0,0,0,0,0,0,0,944,0,360.0,357.0042182049508,271.6862150118686,417.0613830210641,1153.0
1785382181,0,total,S2,6.400000,0.000000,0,0,0,0,0,0,0,0,0,0,0,944,0,2500.0,2259.8010576606366,1834.5366480061784,2580.8545429608785,256.0
1785382181,0,,Aggregated,12.800000,0.000000,0,0,0,0,0,0,0,0,0,0,0,1888,0,420.0,1308.4026379327936,271.6862150118686,2580.8545429608785,704.5
1785382182,0,TTFT,S2,6.400000,0.000000,0,0,0,0,0,0,0,0,0,0,0,944,0,360.0,357.0042182049508,271.6862150118686,417.0613830210641,1153.0
1785382182,0,total,S2,6.400000,0.000000,0,0,0,0,0,0,0,0,0,0,0,944,0,2500.0,2259.8010576606366,1834.5366480061784,2580.8545429608785,256.0
1785382182,0,,Aggregated,12.800000,0.000000,0,0,0,0,0,0,0,0,0,0,0,1888,0,420.0,1308.4026379327936,271.6862150118686,2580.8545429608785,704.5
1785382183,0,TTFT,S2,6.400000,0.000000,0,0,0,0,0,0,0,0,0,0,0,944,0,360.0,357.0042182049508,271.6862150118686,417.0613830210641,1153.0
1785382183,0,total,S2,6.400000,0.000000,0,0,0,0,0,0,0,0,0,0,0,944,0,2500.0,2259.8010576606366,1834.5366480061784,2580.8545429608785,256.0
1785382183,0,,Aggregated,12.800000,0.000000,0,0,0,0,0,0,0,0,0,0,0,1888,0,420.0,1308.4026379327936,271.6862150118686,2580.8545429608785,704.5
1785382184,0,TTFT,S2,6.400000,0.000000,0,0,0,0,0,0,0,0,0,0,0,944,0,360.0,357.0042182049508,271.6862150118686,417.0613830210641,1153.0
1785382184,0,total,S2,6.400000,0.000000,0,0,0,0,0,0,0,0,0,0,0,944,0,2500.0,2259.8010576606366,1834.5366480061784,2580.8545429608785,256.0
1785382184,0,,Aggregated,12.800000,0.000000,0,0,0,0,0,0,0,0,0,0,0,1888,0,420.0,1308.4026379327936,271.6862150118686,2580.8545429608785,704.5
1785382185,0,TTFT,S2,6.400000,0.000000,0,0,0,0,0,0,0,0,0,0,0,944,0,360.0,357.0042182049508,271.6862150118686,417.0613830210641,1153.0
1785382185,0,total,S2,6.400000,0.000000,0,0,0,0,0,0,0,0,0,0,0,944,0,2500.0,2259.8010576606366,1834.5366480061784,2580.8545429608785,256.0
1785382185,0,,Aggregated,12.800000,0.000000,0,0,0,0,0,0,0,0,0,0,0,1888,0,420.0,1308.4026379327936,271.6862150118686,2580.8545429608785,704.5
1785382186,0,TTFT,S2,6.400000,0.000000,0,0,0,0,0,0,0,0,0,0,0,944,0,360.0,357.0042182049508,271.6862150118686,417.0613830210641,1153.0
1785382186,0,total,S2,6.400000,0.000000,0,0,0,0,0,0,0,0,0,0,0,944,0,2500.0,2259.8010576606366,1834.5366480061784,2580.8545429608785,256.0
1785382186,0,,Aggregated,12.800000,0.000000,0,0,0,0,0,0,0,0,0,0,0,1888,0,420.0,1308.4026379327936,271.6862150118686,2580.8545429608785,704.5
1785382187,0,TTFT,S2,6.400000,0.000000,0,0,0,0,0,0,0,0,0,0,0,944,0,360.0,357.0042182049508,271.6862150118686,417.0613830210641,1153.0
1785382187,0,total,S2,6.400000,0.000000,0,0,0,0,0,0,0,0,0,0,0,944,0,2500.0,2259.8010576606366,1834.5366480061784,2580.8545429608785,256.0
1785382187,0,,Aggregated,12.800000,0.000000,0,0,0,0,0,0,0,0,0,0,0,1888,0,420.0,1308.4026379327936,271.6862150118686,2580.8545429608785,704.5
1785382188,0,TTFT,S2,6.400000,0.000000,0,0,0,0,0,0,0,0,0,0,0,944,0,360.0,357.0042182049508,271.6862150118686,417.0613830210641,1153.0
1785382188,0,total,S2,6.400000,0.000000,0,0,0,0,0,0,0,0,0,0,0,944,0,2500.0,2259.8010576606366,1834.5366480061784,2580.8545429608785,256.0
1785382188,0,,Aggregated,12.800000,0.000000,0,0,0,0,0,0,0,0,0,0,0,1888,0,420.0,1308.4026379327936,271.6862150118686,2580.8545429608785,704.5
1785382189,0,TTFT,S2,6.400000,0.000000,0,0,0,0,0,0,0,0,0,0,0,944,0,360.0,357.0042182049508,271.6862150118686,417.0613830210641,1153.0
1785382189,0,total,S2,6.400000,0.000000,0,0,0,0,0,0,0,0,0,0,0,944,0,2500.0,2259.8010576606366,1834.5366480061784,2580.8545429608785,256.0
1785382189,0,,Aggregated,12.800000,0.000000,0,0,0,0,0,0,0,0,0,0,0,1888,0,420.0,1308.4026379327936,271.6862150118686,2580.8545429608785,704.5
1785382190,0,TTFT,S2,6.400000,0.000000,0,0,0,0,0,0,0,0,0,0,0,944,0,360.0,357.0042182049508,271.6862150118686,417.0613830210641,1153.0
1785382190,0,total,S2,6.400000,0.000000,0,0,0,0,0,0,0,0,0,0,0,944,0,2500.0,2259.8010576606366,1834.5366480061784,2580.8545429608785,256.0
1785382190,0,,Aggregated,12.800000,0.000000,0,0,0,0,0,0,0,0,0,0,0,1888,0,420.0,1308.4026379327936,271.6862150118686,2580.8545429608785,704.5
1785382191,0,TTFT,S2,6.400000,0.000000,0,0,0,0,0,0,0,0,0,0,0,944,0,360.0,357.0042182049508,271.6862150118686,417.0613830210641,1153.0
1785382191,0,total,S2,6.400000,0.000000,0,0,0,0,0,0,0,0,0,0,0,944,0,2500.0,2259.8010576606366,1834.5366480061784,2580.8545429608785,256.0
1785382191,0,,Aggregated,12.800000,0.000000,0,0,0,0,0,0,0,0,0,0,0,1888,0,420.0,1308.4026379327936,271.6862150118686,2580.8545429608785,704.5
1785382192,0,TTFT,S2,6.400000,0.000000,0,0,0,0,0,0,0,0,0,0,0,944,0,360.0,357.0042182049508,271.6862150118686,417.0613830210641,1153.0
1785382192,0,total,S2,6.400000,0.000000,0,0,0,0,0,0,0,0,0,0,0,944,0,2500.0,2259.8010576606366,1834.5366480061784,2580.8545429608785,256.0
1785382192,0,,Aggregated,12.800000,0.000000,0,0,0,0,0,0,0,0,0,0,0,1888,0,420.0,1308.4026379327936,271.6862150118686,2580.8545429608785,704.5
1785382193,0,TTFT,S2,6.400000,0.000000,0,0,0,0,0,0,0,0,0,0,0,944,0,360.0,357.0042182049508,271.6862150118686,417.0613830210641,1153.0
1785382193,0,total,S2,6.400000,0.000000,0,0,0,0,0,0,0,0,0,0,0,944,0,2500.0,2259.8010576606366,1834.5366480061784,2580.8545429608785,256.0
1785382193,0,,Aggregated,12.800000,0.000000,0,0,0,0,0,0,0,0,0,0,0,1888,0,420.0,1308.4026379327936,271.6862150118686,2580.8545429608785,704.5
1785382194,0,TTFT,S2,6.400000,0.000000,0,0,0,0,0,0,0,0,0,0,0,944,0,360.0,357.0042182049508,271.6862150118686,417.0613830210641,1153.0
1785382194,0,total,S2,6.400000,0.000000,0,0,0,0,0,0,0,0,0,0,0,944,0,2500.0,2259.8010576606366,1834.5366480061784,2580.8545429608785,256.0
1785382194,0,,Aggregated,12.800000,0.000000,0,0,0,0,0,0,0,0,0,0,0,1888,0,420.0,1308.4026379327936,271.6862150118686,2580.8545429608785,704.5
1785382195,0,TTFT,S2,6.400000,0.000000,0,0,0,0,0,0,0,0,0,0,0,944,0,360.0,357.0042182049508,271.6862150118686,417.0613830210641,1153.0
1785382195,0,total,S2,6.400000,0.000000,0,0,0,0,0,0,0,0,0,0,0,944,0,2500.0,2259.8010576606366,1834.5366480061784,2580.8545429608785,256.0
1785382195,0,,Aggregated,12.800000,0.000000,0,0,0,0,0,0,0,0,0,0,0,1888,0,420.0,1308.4026379327936,271.6862150118686,2580.8545429608785,704.5
1785382196,0,TTFT,S2,6.400000,0.000000,0,0,0,0,0,0,0,0,0,0,0,944,0,360.0,357.0042182049508,271.6862150118686,417.0613830210641,1153.0
1785382196,0,total,S2,6.400000,0.000000,0,0,0,0,0,0,0,0,0,0,0,944,0,2500.0,2259.8010576606366,1834.5366480061784,2580.8545429608785,256.0
1785382196,0,,Aggregated,12.800000,0.000000,0,0,0,0,0,0,0,0,0,0,0,1888,0,420.0,1308.4026379327936,271.6862150118686,2580.8545429608785,704.5
1785382197,0,TTFT,S2,6.400000,0.000000,0,0,0,0,0,0,0,0,0,0,0,944,0,360.0,357.0042182049508,271.6862150118686,417.0613830210641,1153.0
1785382197,0,total,S2,6.400000,0.000000,0,0,0,0,0,0,0,0,0,0,0,944,0,2500.0,2259.8010576606366,1834.5366480061784,2580.8545429608785,256.0
1785382197,0,,Aggregated,12.800000,0.000000,0,0,0,0,0,0,0,0,0,0,0,1888,0,420.0,1308.4026379327936,271.6862150118686,2580.8545429608785,704.5
1785382198,0,TTFT,S2,6.400000,0.000000,0,0,0,0,0,0,0,0,0,0,0,944,0,360.0,357.0042182049508,271.6862150118686,417.0613830210641,1153.0
1785382198,0,total,S2,6.400000,0.000000,0,0,0,0,0,0,0,0,0,0,0,944,0,2500.0,2259.8010576606366,1834.5366480061784,2580.8545429608785,256.0
1785382198,0,,Aggregated,12.800000,0.000000,0,0,0,0,0,0,0,0,0,0,0,1888,0,420.0,1308.4026379327936,271.6862150118686,2580.8545429608785,704.5
1785382199,0,TTFT,S2,6.400000,0.000000,0,0,0,0,0,0,0,0,0,0,0,944,0,360.0,357.0042182049508,271.6862150118686,417.0613830210641,1153.0
1785382199,0,total,S2,6.400000,0.000000,0,0,0,0,0,0,0,0,0,0,0,944,0,2500.0,2259.8010576606366,1834.5366480061784,2580.8545429608785,256.0
1785382199,0,,Aggregated,12.800000,0.000000,0,0,0,0,0,0,0,0,0,0,0,1888,0,420.0,1308.4026379327936,271.6862150118686,2580.8545429608785,704.5
1785382200,0,TTFT,S2,6.400000,0.000000,0,0,0,0,0,0,0,0,0,0,0,944,0,360.0,357.0042182049508,271.6862150118686,417.0613830210641,1153.0
1785382200,0,total,S2,6.400000,0.000000,0,0,0,0,0,0,0,0,0,0,0,944,0,2500.0,2259.8010576606366,1834.5366480061784,2580.8545429608785,256.0
1785382200,0,,Aggregated,12.800000,0.000000,0,0,0,0,0,0,0,0,0,0,0,1888,0,420.0,1308.4026379327936,271.6862150118686,2580.8545429608785,704.5
1785382201,0,TTFT,S2,6.400000,0.000000,0,0,0,0,0,0,0,0,0,0,0,944,0,360.0,357.0042182049508,271.6862150118686,417.0613830210641,1153.0
1785382201,0,total,S2,6.400000,0.000000,0,0,0,0,0,0,0,0,0,0,0,944,0,2500.0,2259.8010576606366,1834.5366480061784,2580.8545429608785,256.0
1785382201,0,,Aggregated,12.800000,0.000000,0,0,0,0,0,0,0,0,0,0,0,1888,0,420.0,1308.4026379327936,271.6862150118686,2580.8545429608785,704.5
1785382202,0,TTFT,S2,6.400000,0.000000,0,0,0,0,0,0,0,0,0,0,0,944,0,360.0,357.0042182049508,271.6862150118686,417.0613830210641,1153.0
1785382202,0,total,S2,6.400000,0.000000,0,0,0,0,0,0,0,0,0,0,0,944,0,2500.0,2259.8010576606366,1834.5366480061784,2580.8545429608785,256.0
1785382202,0,,Aggregated,12.800000,0.000000,0,0,0,0,0,0,0,0,0,0,0,1888,0,420.0,1308.4026379327936,271.6862150118686,2580.8545429608785,704.5
1785382203,0,TTFT,S2,6.400000,0.000000,0,0,0,0,0,0,0,0,0,0,0,944,0,360.0,357.0042182049508,271.6862150118686,417.0613830210641,1153.0
1785382203,0,total,S2,6.400000,0.000000,0,0,0,0,0,0,0,0,0,0,0,944,0,2500.0,2259.8010576606366,1834.5366480061784,2580.8545429608785,256.0
1785382203,0,,Aggregated,12.800000,0.000000,0,0,0,0,0,0,0,0,0,0,0,1888,0,420.0,1308.4026379327936,271.6862150118686,2580.8545429608785,704.5
1785382204,0,TTFT,S2,6.400000,0.000000,0,0,0,0,0,0,0,0,0,0,0,944,0,360.0,357.0042182049508,271.6862150118686,417.0613830210641,1153.0
1785382204,0,total,S2,6.400000,0.000000,0,0,0,0,0,0,0,0,0,0,0,944,0,2500.0,2259.8010576606366,1834.5366480061784,2580.8545429608785,256.0
1785382204,0,,Aggregated,12.800000,0.000000,0,0,0,0,0,0,0,0,0,0,0,1888,0,420.0,1308.4026379327936,271.6862150118686,2580.8545429608785,704.5
1785382205,0,TTFT,S2,6.400000,0.000000,0,0,0,0,0,0,0,0,0,0,0,944,0,360.0,357.0042182049508,271.6862150118686,417.0613830210641,1153.0
1785382205,0,total,S2,6.400000,0.000000,0,0,0,0,0,0,0,0,0,0,0,944,0,2500.0,2259.8010576606366,1834.5366480061784,2580.8545429608785,256.0
1785382205,0,,Aggregated,12.800000,0.000000,0,0,0,0,0,0,0,0,0,0,0,1888,0,420.0,1308.4026379327936,271.6862150118686,2580.8545429608785,704.5
1785382206,0,TTFT,S2,6.400000,0.000000,0,0,0,0,0,0,0,0,0,0,0,944,0,360.0,357.0042182049508,271.6862150118686,417.0613830210641,1153.0
1785382206,0,total,S2,6.400000,0.000000,0,0,0,0,0,0,0,0,0,0,0,944,0,2500.0,2259.8010576606366,1834.5366480061784,2580.8545429608785,256.0
1785382206,0,,Aggregated,12.800000,0.000000,0,0,0,0,0,0,0,0,0,0,0,1888,0,420.0,1308.4026379327936,271.6862150118686,2580.8545429608785,704.5
1785382207,0,TTFT,S2,6.400000,0.000000,0,0,0,0,0,0,0,0,0,0,0,944,0,360.0,357.0042182049508,271.6862150118686,417.0613830210641,1153.0
1785382207,0,total,S2,6.400000,0.000000,0,0,0,0,0,0,0,0,0,0,0,944,0,2500.0,2259.8010576606366,1834.5366480061784,2580.8545429608785,256.0
1785382207,0,,Aggregated,12.800000,0.000000,0,0,0,0,0,0,0,0,0,0,0,1888,0,420.0,1308.4026379327936,271.6862150118686,2580.8545429608785,704.5
1785382208,0,TTFT,S2,6.400000,0.000000,0,0,0,0,0,0,0,0,0,0,0,944,0,360.0,357.0042182049508,271.6862150118686,417.0613830210641,1153.0
1785382208,0,total,S2,6.400000,0.000000,0,0,0,0,0,0,0,0,0,0,0,944,0,2500.0,2259.8010576606366,1834.5366480061784,2580.8545429608785,256.0
1785382208,0,,Aggregated,12.800000,0.000000,0,0,0,0,0,0,0,0,0,0,0,1888,0,420.0,1308.4026379327936,271.6862150118686,2580.8545429608785,704.5
1785382209,0,TTFT,S2,6.400000,0.000000,0,0,0,0,0,0,0,0,0,0,0,944,0,360.0,357.0042182049508,271.6862150118686,417.0613830210641,1153.0
1785382209,0,total,S2,6.400000,0.000000,0,0,0,0,0,0,0,0,0,0,0,944,0,2500.0,2259.8010576606366,1834.5366480061784,2580.8545429608785,256.0
1785382209,0,,Aggregated,12.800000,0.000000,0,0,0,0,0,0,0,0,0,0,0,1888,0,420.0,1308.4026379327936,271.6862150118686,2580.8545429608785,704.5
1785382210,0,TTFT,S2,6.400000,0.000000,0,0,0,0,0,0,0,0,0,0,0,944,0,360.0,357.0042182049508,271.6862150118686,417.0613830210641,1153.0
1785382210,0,total,S2,6.400000,0.000000,0,0,0,0,0,0,0,0,0,0,0,944,0,2500.0,2259.8010576606366,1834.5366480061784,2580.8545429608785,256.0
1785382210,0,,Aggregated,12.800000,0.000000,0,0,0,0,0,0,0,0,0,0,0,1888,0,420.0,1308.4026379327936,271.6862150118686,2580.8545429608785,704.5
1785382211,0,TTFT,S2,6.400000,0.000000,0,0,0,0,0,0,0,0,0,0,0,944,0,360.0,357.0042182049508,271.6862150118686,417.0613830210641,1153.0
1785382211,0,total,S2,6.400000,0.000000,0,0,0,0,0,0,0,0,0,0,0,944,0,2500.0,2259.8010576606366,1834.5366480061784,2580.8545429608785,256.0
1785382211,0,,Aggregated,12.800000,0.000000,0,0,0,0,0,0,0,0,0,0,0,1888,0,420.0,1308.4026379327936,271.6862150118686,2580.8545429608785,704.5
1785382212,0,TTFT,S2,6.400000,0.000000,0,0,0,0,0,0,0,0,0,0,0,944,0,360.0,357.0042182049508,271.6862150118686,417.0613830210641,1153.0
1785382212,0,total,S2,6.400000,0.000000,0,0,0,0,0,0,0,0,0,0,0,944,0,2500.0,2259.8010576606366,1834.5366480061784,2580.8545429608785,256.0
1785382212,0,,Aggregated,12.800000,0.000000,0,0,0,0,0,0,0,0,0,0,0,1888,0,420.0,1308.4026379327936,271.6862150118686,2580.8545429608785,704.5
1785382213,0,TTFT,S2,6.400000,0.000000,0,0,0,0,0,0,0,0,0,0,0,944,0,360.0,357.0042182049508,271.6862150118686,417.0613830210641,1153.0
1785382213,0,total,S2,6.400000,0.000000,0,0,0,0,0,0,0,0,0,0,0,944,0,2500.0,2259.8010576606366,1834.5366480061784,2580.8545429608785,256.0
1785382213,0,,Aggregated,12.800000,0.000000,0,0,0,0,0,0,0,0,0,0,0,1888,0,420.0,1308.4026379327936,271.6862150118686,2580.8545429608785,704.5
1785382214,0,TTFT,S2,6.400000,0.000000,0,0,0,0,0,0,0,0,0,0,0,944,0,360.0,357.0042182049508,271.6862150118686,417.0613830210641,1153.0
1785382214,0,total,S2,6.400000,0.000000,0,0,0,0,0,0,0,0,0,0,0,944,0,2500.0,2259.8010576606366,1834.5366480061784,2580.8545429608785,256.0
1785382214,0,,Aggregated,12.800000,0.000000,0,0,0,0,0,0,0,0,0,0,0,1888,0,420.0,1308.4026379327936,271.6862150118686,2580.8545429608785,704.5
1785382215,0,TTFT,S2,6.400000,0.000000,0,0,0,0,0,0,0,0,0,0,0,944,0,360.0,357.0042182049508,271.6862150118686,417.0613830210641,1153.0
1785382215,0,total,S2,6.400000,0.000000,0,0,0,0,0,0,0,0,0,0,0,944,0,2500.0,2259.8010576606366,1834.5366480061784,2580.8545429608785,256.0
1785382215,0,,Aggregated,12.800000,0.000000,0,0,0,0,0,0,0,0,0,0,0,1888,0,420.0,1308.4026379327936,271.6862150118686,2580.8545429608785,704.5
1785382216,0,TTFT,S2,6.400000,0.000000,0,0,0,0,0,0,0,0,0,0,0,944,0,360.0,357.0042182049508,271.6862150118686,417.0613830210641,1153.0
1785382216,0,total,S2,6.400000,0.000000,0,0,0,0,0,0,0,0,0,0,0,944,0,2500.0,2259.8010576606366,1834.5366480061784,2580.8545429608785,256.0
1785382216,0,,Aggregated,12.800000,0.000000,0,0,0,0,0,0,0,0,0,0,0,1888,0,420.0,1308.4026379327936,271.6862150118686,2580.8545429608785,704.5
1785382217,0,TTFT,S2,6.400000,0.000000,0,0,0,0,0,0,0,0,0,0,0,944,0,360.0,357.0042182049508,271.6862150118686,417.0613830210641,1153.0
1785382217,0,total,S2,6.400000,0.000000,0,0,0,0,0,0,0,0,0,0,0,944,0,2500.0,2259.8010576606366,1834.5366480061784,2580.8545429608785,256.0
1785382217,0,,Aggregated,12.800000,0.000000,0,0,0,0,0,0,0,0,0,0,0,1888,0,420.0,1308.4026379327936,271.6862150118686,2580.8545429608785,704.5
1785382218,0,TTFT,S2,6.400000,0.000000,0,0,0,0,0,0,0,0,0,0,0,944,0,360.0,357.0042182049508,271.6862150118686,417.0613830210641,1153.0
1785382218,0,total,S2,6.400000,0.000000,0,0,0,0,0,0,0,0,0,0,0,944,0,2500.0,2259.8010576606366,1834.5366480061784,2580.8545429608785,256.0
1785382218,0,,Aggregated,12.800000,0.000000,0,0,0,0,0,0,0,0,0,0,0,1888,0,420.0,1308.4026379327936,271.6862150118686,2580.8545429608785,704.5
1785382219,0,TTFT,S2,6.400000,0.000000,0,0,0,0,0,0,0,0,0,0,0,944,0,360.0,357.0042182049508,271.6862150118686,417.0613830210641,1153.0
1785382219,0,total,S2,6.400000,0.000000,0,0,0,0,0,0,0,0,0,0,0,944,0,2500.0,2259.8010576606366,1834.5366480061784,2580.8545429608785,256.0
1785382219,0,,Aggregated,12.800000,0.000000,0,0,0,0,0,0,0,0,0,0,0,1888,0,420.0,1308.4026379327936,271.6862150118686,2580.8545429608785,704.5
1785382220,0,TTFT,S2,6.400000,0.000000,0,0,0,0,0,0,0,0,0,0,0,944,0,360.0,357.0042182049508,271.6862150118686,417.0613830210641,1153.0
1785382220,0,total,S2,6.400000,0.000000,0,0,0,0,0,0,0,0,0,0,0,944,0,2500.0,2259.8010576606366,1834.5366480061784,2580.8545429608785,256.0
1785382220,0,,Aggregated,12.800000,0.000000,0,0,0,0,0,0,0,0,0,0,0,1888,0,420.0,1308.4026379327936,271.6862150118686,2580.8545429608785,704.5
1785382221,0,TTFT,S2,6.400000,0.000000,0,0,0,0,0,0,0,0,0,0,0,944,0,360.0,357.0042182049508,271.6862150118686,417.0613830210641,1153.0
1785382221,0,total,S2,6.400000,0.000000,0,0,0,0,0,0,0,0,0,0,0,944,0,2500.0,2259.8010576606366,1834.5366480061784,2580.8545429608785,256.0
1785382221,0,,Aggregated,12.800000,0.000000,0,0,0,0,0,0,0,0,0,0,0,1888,0,420.0,1308.4026379327936,271.6862150118686,2580.8545429608785,704.5
1785382222,0,TTFT,S2,6.400000,0.000000,0,0,0,0,0,0,0,0,0,0,0,944,0,360.0,357.0042182049508,271.6862150118686,417.0613830210641,1153.0
1785382222,0,total,S2,6.400000,0.000000,0,0,0,0,0,0,0,0,0,0,0,944,0,2500.0,2259.8010576606366,1834.5366480061784,2580.8545429608785,256.0
1785382222,0,,Aggregated,12.800000,0.000000,0,0,0,0,0,0,0,0,0,0,0,1888,0,420.0,1308.4026379327936,271.6862150118686,2580.8545429608785,704.5
1785382223,0,TTFT,S2,6.400000,0.000000,0,0,0,0,0,0,0,0,0,0,0,944,0,360.0,357.0042182049508,271.6862150118686,417.0613830210641,1153.0
1785382223,0,total,S2,6.400000,0.000000,0,0,0,0,0,0,0,0,0,0,0,944,0,2500.0,2259.8010576606366,1834.5366480061784,2580.8545429608785,256.0
1785382223,0,,Aggregated,12.800000,0.000000,0,0,0,0,0,0,0,0,0,0,0,1888,0,420.0,1308.4026379327936,271.6862150118686,2580.8545429608785,704.5
1785382224,0,TTFT,S2,6.400000,0.000000,0,0,0,0,0,0,0,0,0,0,0,944,0,360.0,357.0042182049508,271.6862150118686,417.0613830210641,1153.0
1785382224,0,total,S2,6.400000,0.000000,0,0,0,0,0,0,0,0,0,0,0,944,0,2500.0,2259.8010576606366,1834.5366480061784,2580.8545429608785,256.0
1785382224,0,,Aggregated,12.800000,0.000000,0,0,0,0,0,0,0,0,0,0,0,1888,0,420.0,1308.4026379327936,271.6862150118686,2580.8545429608785,704.5
1785382225,0,TTFT,S2,6.400000,0.000000,0,0,0,0,0,0,0,0,0,0,0,944,0,360.0,357.0042182049508,271.6862150118686,417.0613830210641,1153.0
1785382225,0,total,S2,6.400000,0.000000,0,0,0,0,0,0,0,0,0,0,0,944,0,2500.0,2259.8010576606366,1834.5366480061784,2580.8545429608785,256.0
1785382225,0,,Aggregated,12.800000,0.000000,0,0,0,0,0,0,0,0,0,0,0,1888,0,420.0,1308.4026379327936,271.6862150118686,2580.8545429608785,704.5
1785382226,0,TTFT,S2,6.400000,0.000000,0,0,0,0,0,0,0,0,0,0,0,944,0,360.0,357.0042182049508,271.6862150118686,417.0613830210641,1153.0
1785382226,0,total,S2,6.400000,0.000000,0,0,0,0,0,0,0,0,0,0,0,944,0,2500.0,2259.8010576606366,1834.5366480061784,2580.8545429608785,256.0
1785382226,0,,Aggregated,12.800000,0.000000,0,0,0,0,0,0,0,0,0,0,0,1888,0,420.0,1308.4026379327936,271.6862150118686,2580.8545429608785,704.5
1785382227,0,TTFT,S2,6.400000,0.000000,0,0,0,0,0,0,0,0,0,0,0,944,0,360.0,357.0042182049508,271.6862150118686,417.0613830210641,1153.0
1785382227,0,total,S2,6.400000,0.000000,0,0,0,0,0,0,0,0,0,0,0,944,0,2500.0,2259.8010576606366,1834.5366480061784,2580.8545429608785,256.0
1785382227,0,,Aggregated,12.800000,0.000000,0,0,0,0,0,0,0,0,0,0,0,1888,0,420.0,1308.4026379327936,271.6862150118686,2580.8545429608785,704.5
1785382228,0,TTFT,S2,6.400000,0.000000,0,0,0,0,0,0,0,0,0,0,0,944,0,360.0,357.0042182049508,271.6862150118686,417.0613830210641,1153.0
1785382228,0,total,S2,6.400000,0.000000,0,0,0,0,0,0,0,0,0,0,0,944,0,2500.0,2259.8010576606366,1834.5366480061784,2580.8545429608785,256.0
1785382228,0,,Aggregated,12.800000,0.000000,0,0,0,0,0,0,0,0,0,0,0,1888,0,420.0,1308.4026379327936,271.6862150118686,2580.8545429608785,704.5
1785382229,0,TTFT,S2,6.400000,0.000000,0,0,0,0,0,0,0,0,0,0,0,944,0,360.0,357.0042182049508,271.6862150118686,417.0613830210641,1153.0
1785382229,0,total,S2,6.400000,0.000000,0,0,0,0,0,0,0,0,0,0,0,944,0,2500.0,2259.8010576606366,1834.5366480061784,2580.8545429608785,256.0
1785382229,0,,Aggregated,12.800000,0.000000,0,0,0,0,0,0,0,0,0,0,0,1888,0,420.0,1308.4026379327936,271.6862150118686,2580.8545429608785,704.5
1785382230,0,TTFT,S2,6.400000,0.000000,0,0,0,0,0,0,0,0,0,0,0,944,0,360.0,357.0042182049508,271.6862150118686,417.0613830210641,1153.0
1785382230,0,total,S2,6.400000,0.000000,0,0,0,0,0,0,0,0,0,0,0,944,0,2500.0,2259.8010576606366,1834.5366480061784,2580.8545429608785,256.0
1785382230,0,,Aggregated,12.800000,0.000000,0,0,0,0,0,0,0,0,0,0,0,1888,0,420.0,1308.4026379327936,271.6862150118686,2580.8545429608785,704.5
1785382231,0,TTFT,S2,6.400000,0.000000,0,0,0,0,0,0,0,0,0,0,0,944,0,360.0,357.0042182049508,271.6862150118686,417.0613830210641,1153.0
1785382231,0,total,S2,6.400000,0.000000,0,0,0,0,0,0,0,0,0,0,0,944,0,2500.0,2259.8010576606366,1834.5366480061784,2580.8545429608785,256.0
1785382231,0,,Aggregated,12.800000,0.000000,0,0,0,0,0,0,0,0,0,0,0,1888,0,420.0,1308.4026379327936,271.6862150118686,2580.8545429608785,704.5
1785382232,0,TTFT,S2,6.400000,0.000000,0,0,0,0,0,0,0,0,0,0,0,944,0,360.0,357.0042182049508,271.6862150118686,417.0613830210641,1153.0
1785382232,0,total,S2,6.400000,0.000000,0,0,0,0,0,0,0,0,0,0,0,944,0,2500.0,2259.8010576606366,1834.5366480061784,2580.8545429608785,256.0
1785382232,0,,Aggregated,12.800000,0.000000,0,0,0,0,0,0,0,0,0,0,0,1888,0,420.0,1308.4026379327936,271.6862150118686,2580.8545429608785,704.5
1785382233,0,TTFT,S2,6.400000,0.000000,0,0,0,0,0,0,0,0,0,0,0,944,0,360.0,357.0042182049508,271.6862150118686,417.0613830210641,1153.0
1785382233,0,total,S2,6.400000,0.000000,0,0,0,0,0,0,0,0,0,0,0,944,0,2500.0,2259.8010576606366,1834.5366480061784,2580.8545429608785,256.0
1785382233,0,,Aggregated,12.800000,0.000000,0,0,0,0,0,0,0,0,0,0,0,1888,0,420.0,1308.4026379327936,271.6862150118686,2580.8545429608785,704.5
1785382234,0,TTFT,S2,6.400000,0.000000,0,0,0,0,0,0,0,0,0,0,0,944,0,360.0,357.0042182049508,271.6862150118686,417.0613830210641,1153.0
1785382234,0,total,S2,6.400000,0.000000,0,0,0,0,0,0,0,0,0,0,0,944,0,2500.0,2259.8010576606366,1834.5366480061784,2580.8545429608785,256.0
1785382234,0,,Aggregated,12.800000,0.000000,0,0,0,0,0,0,0,0,0,0,0,1888,0,420.0,1308.4026379327936,271.6862150118686,2580.8545429608785,704.5
1785382235,0,TTFT,S2,6.400000,0.000000,0,0,0,0,0,0,0,0,0,0,0,944,0,360.0,357.0042182049508,271.6862150118686,417.0613830210641,1153.0
1785382235,0,total,S2,6.400000,0.000000,0,0,0,0,0,0,0,0,0,0,0,944,0,2500.0,2259.8010576606366,1834.5366480061784,2580.8545429608785,256.0
1785382235,0,,Aggregated,12.800000,0.000000,0,0,0,0,0,0,0,0,0,0,0,1888,0,420.0,1308.4026379327936,271.6862150118686,2580.8545429608785,704.5
1785382236,0,TTFT,S2,6.400000,0.000000,0,0,0,0,0,0,0,0,0,0,0,944,0,360.0,357.0042182049508,271.6862150118686,417.0613830210641,1153.0
1785382236,0,total,S2,6.400000,0.000000,0,0,0,0,0,0,0,0,0,0,0,944,0,2500.0,2259.8010576606366,1834.5366480061784,2580.8545429608785,256.0
1785382236,0,,Aggregated,12.800000,0.000000,0,0,0,0,0,0,0,0,0,0,0,1888,0,420.0,1308.4026379327936,271.6862150118686,2580.8545429608785,704.5
1785382237,0,TTFT,S2,6.400000,0.000000,0,0,0,0,0,0,0,0,0,0,0,944,0,360.0,357.0042182049508,271.6862150118686,417.0613830210641,1153.0
1785382237,0,total,S2,6.400000,0.000000,0,0,0,0,0,0,0,0,0,0,0,944,0,2500.0,2259.8010576606366,1834.5366480061784,2580.8545429608785,256.0
1785382237,0,,Aggregated,12.800000,0.000000,0,0,0,0,0,0,0,0,0,0,0,1888,0,420.0,1308.4026379327936,271.6862150118686,2580.8545429608785,704.5
1785382238,0,TTFT,S2,6.400000,0.000000,0,0,0,0,0,0,0,0,0,0,0,944,0,360.0,357.0042182049508,271.6862150118686,417.0613830210641,1153.0
1785382238,0,total,S2,6.400000,0.000000,0,0,0,0,0,0,0,0,0,0,0,944,0,2500.0,2259.8010576606366,1834.5366480061784,2580.8545429608785,256.0
1785382238,0,,Aggregated,12.800000,0.000000,0,0,0,0,0,0,0,0,0,0,0,1888,0,420.0,1308.4026379327936,271.6862150118686,2580.8545429608785,704.5
1785382239,0,TTFT,S2,6.400000,0.000000,0,0,0,0,0,0,0,0,0,0,0,944,0,360.0,357.0042182049508,271.6862150118686,417.0613830210641,1153.0
1785382239,0,total,S2,6.400000,0.000000,0,0,0,0,0,0,0,0,0,0,0,944,0,2500.0,2259.8010576606366,1834.5366480061784,2580.8545429608785,256.0
1785382239,0,,Aggregated,12.800000,0.000000,0,0,0,0,0,0,0,0,0,0,0,1888,0,420.0,1308.4026379327936,271.6862150118686,2580.8545429608785,704.5
1785382240,0,TTFT,S2,6.400000,0.000000,0,0,0,0,0,0,0,0,0,0,0,944,0,360.0,357.0042182049508,271.6862150118686,417.0613830210641,1153.0
1785382240,0,total,S2,6.400000,0.000000,0,0,0,0,0,0,0,0,0,0,0,944,0,2500.0,2259.8010576606366,1834.5366480061784,2580.8545429608785,256.0
1785382240,0,,Aggregated,12.800000,0.000000,0,0,0,0,0,0,0,0,0,0,0,1888,0,420.0,1308.4026379327936,271.6862150118686,2580.8545429608785,704.5
1785382241,0,TTFT,S2,6.400000,0.000000,0,0,0,0,0,0,0,0,0,0,0,944,0,360.0,357.0042182049508,271.6862150118686,417.0613830210641,1153.0
1785382241,0,total,S2,6.400000,0.000000,0,0,0,0,0,0,0,0,0,0,0,944,0,2500.0,2259.8010576606366,1834.5366480061784,2580.8545429608785,256.0
1785382241,0,,Aggregated,12.800000,0.000000,0,0,0,0,0,0,0,0,0,0,0,1888,0,420.0,1308.4026379327936,271.6862150118686,2580.8545429608785,704.5
1785382242,0,TTFT,S2,6.400000,0.000000,0,0,0,0,0,0,0,0,0,0,0,944,0,360.0,357.0042182049508,271.6862150118686,417.0613830210641,1153.0
1785382242,0,total,S2,6.400000,0.000000,0,0,0,0,0,0,0,0,0,0,0,944,0,2500.0,2259.8010576606366,1834.5366480061784,2580.8545429608785,256.0
1785382242,0,,Aggregated,12.800000,0.000000,0,0,0,0,0,0,0,0,0,0,0,1888,0,420.0,1308.4026379327936,271.6862150118686,2580.8545429608785,704.5
1785382243,0,TTFT,S2,6.400000,0.000000,0,0,0,0,0,0,0,0,0,0,0,944,0,360.0,357.0042182049508,271.6862150118686,417.0613830210641,1153.0
1785382243,0,total,S2,6.400000,0.000000,0,0,0,0,0,0,0,0,0,0,0,944,0,2500.0,2259.8010576606366,1834.5366480061784,2580.8545429608785,256.0
1785382243,0,,Aggregated,12.800000,0.000000,0,0,0,0,0,0,0,0,0,0,0,1888,0,420.0,1308.4026379327936,271.6862150118686,2580.8545429608785,704.5
1785382244,0,TTFT,S2,6.400000,0.000000,0,0,0,0,0,0,0,0,0,0,0,944,0,360.0,357.0042182049508,271.6862150118686,417.0613830210641,1153.0
1785382244,0,total,S2,6.400000,0.000000,0,0,0,0,0,0,0,0,0,0,0,944,0,2500.0,2259.8010576606366,1834.5366480061784,2580.8545429608785,256.0
1785382244,0,,Aggregated,12.800000,0.000000,0,0,0,0,0,0,0,0,0,0,0,1888,0,420.0,1308.4026379327936,271.6862150118686,2580.8545429608785,704.5
1785382245,0,TTFT,S2,6.400000,0.000000,0,0,0,0,0,0,0,0,0,0,0,944,0,360.0,357.0042182049508,271.6862150118686,417.0613830210641,1153.0
1785382245,0,total,S2,6.400000,0.000000,0,0,0,0,0,0,0,0,0,0,0,944,0,2500.0,2259.8010576606366,1834.5366480061784,2580.8545429608785,256.0
1785382245,0,,Aggregated,12.800000,0.000000,0,0,0,0,0,0,0,0,0,0,0,1888,0,420.0,1308.4026379327936,271.6862150118686,2580.8545429608785,704.5
1785382246,0,TTFT,S2,6.400000,0.000000,0,0,0,0,0,0,0,0,0,0,0,944,0,360.0,357.0042182049508,271.6862150118686,417.0613830210641,1153.0
1785382246,0,total,S2,6.400000,0.000000,0,0,0,0,0,0,0,0,0,0,0,944,0,2500.0,2259.8010576606366,1834.5366480061784,2580.8545429608785,256.0
1785382246,0,,Aggregated,12.800000,0.000000,0,0,0,0,0,0,0,0,0,0,0,1888,0,420.0,1308.4026379327936,271.6862150118686,2580.8545429608785,704.5
1785382247,0,TTFT,S2,6.400000,0.000000,0,0,0,0,0,0,0,0,0,0,0,944,0,360.0,357.0042182049508,271.6862150118686,417.0613830210641,1153.0
1785382247,0,total,S2,6.400000,0.000000,0,0,0,0,0,0,0,0,0,0,0,944,0,2500.0,2259.8010576606366,1834.5366480061784,2580.8545429608785,256.0
1785382247,0,,Aggregated,12.800000,0.000000,0,0,0,0,0,0,0,0,0,0,0,1888,0,420.0,1308.4026379327936,271.6862150118686,2580.8545429608785,704.5
1785382248,0,TTFT,S2,6.400000,0.000000,0,0,0,0,0,0,0,0,0,0,0,944,0,360.0,357.0042182049508,271.6862150118686,417.0613830210641,1153.0
1785382248,0,total,S2,6.400000,0.000000,0,0,0,0,0,0,0,0,0,0,0,944,0,2500.0,2259.8010576606366,1834.5366480061784,2580.8545429608785,256.0
1785382248,0,,Aggregated,12.800000,0.000000,0,0,0,0,0,0,0,0,0,0,0,1888,0,420.0,1308.4026379327936,271.6862150118686,2580.8545429608785,704.5
1785382249,0,TTFT,S2,6.400000,0.000000,0,0,0,0,0,0,0,0,0,0,0,944,0,360.0,357.0042182049508,271.6862150118686,417.0613830210641,1153.0
1785382249,0,total,S2,6.400000,0.000000,0,0,0,0,0,0,0,0,0,0,0,944,0,2500.0,2259.8010576606366,1834.5366480061784,2580.8545429608785,256.0
1785382249,0,,Aggregated,12.800000,0.000000,0,0,0,0,0,0,0,0,0,0,0,1888,0,420.0,1308.4026379327936,271.6862150118686,2580.8545429608785,704.5
1785382250,0,TTFT,S2,6.400000,0.000000,0,0,0,0,0,0,0,0,0,0,0,944,0,360.0,357.0042182049508,271.6862150118686,417.0613830210641,1153.0
1785382250,0,total,S2,6.400000,0.000000,0,0,0,0,0,0,0,0,0,0,0,944,0,2500.0,2259.8010576606366,1834.5366480061784,2580.8545429608785,256.0
1785382250,0,,Aggregated,12.800000,0.000000,0,0,0,0,0,0,0,0,0,0,0,1888,0,420.0,1308.4026379327936,271.6862150118686,2580.8545429608785,704.5
1785382251,0,TTFT,S2,6.400000,0.000000,0,0,0,0,0,0,0,0,0,0,0,944,0,360.0,357.0042182049508,271.6862150118686,417.0613830210641,1153.0
1785382251,0,total,S2,6.400000,0.000000,0,0,0,0,0,0,0,0,0,0,0,944,0,2500.0,2259.8010576606366,1834.5366480061784,2580.8545429608785,256.0
1785382251,0,,Aggregated,12.800000,0.000000,0,0,0,0,0,0,0,0,0,0,0,1888,0,420.0,1308.4026379327936,271.6862150118686,2580.8545429608785,704.5
1785382252,0,TTFT,S2,6.400000,0.000000,0,0,0,0,0,0,0,0,0,0,0,944,0,360.0,357.0042182049508,271.6862150118686,417.0613830210641,1153.0
1785382252,0,total,S2,6.400000,0.000000,0,0,0,0,0,0,0,0,0,0,0,944,0,2500.0,2259.8010576606366,1834.5366480061784,2580.8545429608785,256.0
1785382252,0,,Aggregated,12.800000,0.000000,0,0,0,0,0,0,0,0,0,0,0,1888,0,420.0,1308.4026379327936,271.6862150118686,2580.8545429608785,704.5
1785382253,0,TTFT,S2,6.400000,0.000000,0,0,0,0,0,0,0,0,0,0,0,944,0,360.0,357.0042182049508,271.6862150118686,417.0613830210641,1153.0
1785382253,0,total,S2,6.400000,0.000000,0,0,0,0,0,0,0,0,0,0,0,944,0,2500.0,2259.8010576606366,1834.5366480061784,2580.8545429608785,256.0
1785382253,0,,Aggregated,12.800000,0.000000,0,0,0,0,0,0,0,0,0,0,0,1888,0,420.0,1308.4026379327936,271.6862150118686,2580.8545429608785,704.5
1785382254,0,TTFT,S2,6.400000,0.000000,0,0,0,0,0,0,0,0,0,0,0,944,0,360.0,357.0042182049508,271.6862150118686,417.0613830210641,1153.0
1785382254,0,total,S2,6.400000,0.000000,0,0,0,0,0,0,0,0,0,0,0,944,0,2500.0,2259.8010576606366,1834.5366480061784,2580.8545429608785,256.0
1785382254,0,,Aggregated,12.800000,0.000000,0,0,0,0,0,0,0,0,0,0,0,1888,0,420.0,1308.4026379327936,271.6862150118686,2580.8545429608785,704.5
1785382255,0,TTFT,S2,6.400000,0.000000,0,0,0,0,0,0,0,0,0,0,0,944,0,360.0,357.0042182049508,271.6862150118686,417.0613830210641,1153.0
1785382255,0,total,S2,6.400000,0.000000,0,0,0,0,0,0,0,0,0,0,0,944,0,2500.0,2259.8010576606366,1834.5366480061784,2580.8545429608785,256.0
1785382255,0,,Aggregated,12.800000,0.000000,0,0,0,0,0,0,0,0,0,0,0,1888,0,420.0,1308.4026379327936,271.6862150118686,2580.8545429608785,704.5
1785382256,0,TTFT,S2,6.400000,0.000000,0,0,0,0,0,0,0,0,0,0,0,944,0,360.0,357.0042182049508,271.6862150118686,417.0613830210641,1153.0
1785382256,0,total,S2,6.400000,0.000000,0,0,0,0,0,0,0,0,0,0,0,944,0,2500.0,2259.8010576606366,1834.5366480061784,2580.8545429608785,256.0
1785382256,0,,Aggregated,12.800000,0.000000,0,0,0,0,0,0,0,0,0,0,0,1888,0,420.0,1308.4026379327936,271.6862150118686,2580.8545429608785,704.5
1785382257,0,TTFT,S2,6.400000,0.000000,0,0,0,0,0,0,0,0,0,0,0,944,0,360.0,357.0042182049508,271.6862150118686,417.0613830210641,1153.0
1785382257,0,total,S2,6.400000,0.000000,0,0,0,0,0,0,0,0,0,0,0,944,0,2500.0,2259.8010576606366,1834.5366480061784,2580.8545429608785,256.0
1785382257,0,,Aggregated,12.800000,0.000000,0,0,0,0,0,0,0,0,0,0,0,1888,0,420.0,1308.4026379327936,271.6862150118686,2580.8545429608785,704.5
1785382258,0,TTFT,S2,6.400000,0.000000,0,0,0,0,0,0,0,0,0,0,0,944,0,360.0,357.0042182049508,271.6862150118686,417.0613830210641,1153.0
1785382258,0,total,S2,6.400000,0.000000,0,0,0,0,0,0,0,0,0,0,0,944,0,2500.0,2259.8010576606366,1834.5366480061784,2580.8545429608785,256.0
1785382258,0,,Aggregated,12.800000,0.000000,0,0,0,0,0,0,0,0,0,0,0,1888,0,420.0,1308.4026379327936,271.6862150118686,2580.8545429608785,704.5
1785382259,0,TTFT,S2,6.400000,0.000000,0,0,0,0,0,0,0,0,0,0,0,944,0,360.0,357.0042182049508,271.6862150118686,417.0613830210641,1153.0
1785382259,0,total,S2,6.400000,0.000000,0,0,0,0,0,0,0,0,0,0,0,944,0,2500.0,2259.8010576606366,1834.5366480061784,2580.8545429608785,256.0
1785382259,0,,Aggregated,12.800000,0.000000,0,0,0,0,0,0,0,0,0,0,0,1888,0,420.0,1308.4026379327936,271.6862150118686,2580.8545429608785,704.5
1785382260,0,TTFT,S2,6.400000,0.000000,0,0,0,0,0,0,0,0,0,0,0,944,0,360.0,357.0042182049508,271.6862150118686,417.0613830210641,1153.0
1785382260,0,total,S2,6.400000,0.000000,0,0,0,0,0,0,0,0,0,0,0,944,0,2500.0,2259.8010576606366,1834.5366480061784,2580.8545429608785,256.0
1785382260,0,,Aggregated,12.800000,0.000000,0,0,0,0,0,0,0,0,0,0,0,1888,0,420.0,1308.4026379327936,271.6862150118686,2580.8545429608785,704.5
1785382261,0,TTFT,S2,6.400000,0.000000,0,0,0,0,0,0,0,0,0,0,0,944,0,360.0,357.0042182049508,271.6862150118686,417.0613830210641,1153.0
1785382261,0,total,S2,6.400000,0.000000,0,0,0,0,0,0,0,0,0,0,0,944,0,2500.0,2259.8010576606366,1834.5366480061784,2580.8545429608785,256.0
1785382261,0,,Aggregated,12.800000,0.000000,0,0,0,0,0,0,0,0,0,0,0,1888,0,420.0,1308.4026379327936,271.6862150118686,2580.8545429608785,704.5
1785382262,0,TTFT,S2,6.400000,0.000000,0,0,0,0,0,0,0,0,0,0,0,944,0,360.0,357.0042182049508,271.6862150118686,417.0613830210641,1153.0
1785382262,0,total,S2,6.400000,0.000000,0,0,0,0,0,0,0,0,0,0,0,944,0,2500.0,2259.8010576606366,1834.5366480061784,2580.8545429608785,256.0
1785382262,0,,Aggregated,12.800000,0.000000,0,0,0,0,0,0,0,0,0,0,0,1888,0,420.0,1308.4026379327936,271.6862150118686,2580.8545429608785,704.5
1785382263,0,TTFT,S2,6.400000,0.000000,0,0,0,0,0,0,0,0,0,0,0,944,0,360.0,357.0042182049508,271.6862150118686,417.0613830210641,1153.0
1785382263,0,total,S2,6.400000,0.000000,0,0,0,0,0,0,0,0,0,0,0,944,0,2500.0,2259.8010576606366,1834.5366480061784,2580.8545429608785,256.0
1785382263,0,,Aggregated,12.800000,0.000000,0,0,0,0,0,0,0,0,0,0,0,1888,0,420.0,1308.4026379327936,271.6862150118686,2580.8545429608785,704.5
1785382264,0,TTFT,S2,6.400000,0.000000,0,0,0,0,0,0,0,0,0,0,0,944,0,360.0,357.0042182049508,271.6862150118686,417.0613830210641,1153.0
1785382264,0,total,S2,6.400000,0.000000,0,0,0,0,0,0,0,0,0,0,0,944,0,2500.0,2259.8010576606366,1834.5366480061784,2580.8545429608785,256.0
1785382264,0,,Aggregated,12.800000,0.000000,0,0,0,0,0,0,0,0,0,0,0,1888,0,420.0,1308.4026379327936,271.6862150118686,2580.8545429608785,704.5
1785382265,0,TTFT,S2,6.400000,0.000000,0,0,0,0,0,0,0,0,0,0,0,944,0,360.0,357.0042182049508,271.6862150118686,417.0613830210641,1153.0
1785382265,0,total,S2,6.400000,0.000000,0,0,0,0,0,0,0,0,0,0,0,944,0,2500.0,2259.8010576606366,1834.5366480061784,2580.8545429608785,256.0
1785382265,0,,Aggregated,12.800000,0.000000,0,0,0,0,0,0,0,0,0,0,0,1888,0,420.0,1308.4026379327936,271.6862150118686,2580.8545429608785,704.5
1785382266,0,TTFT,S2,6.400000,0.000000,0,0,0,0,0,0,0,0,0,0,0,944,0,360.0,357.0042182049508,271.6862150118686,417.0613830210641,1153.0
1785382266,0,total,S2,6.400000,0.000000,0,0,0,0,0,0,0,0,0,0,0,944,0,2500.0,2259.8010576606366,1834.5366480061784,2580.8545429608785,256.0
1785382266,0,,Aggregated,12.800000,0.000000,0,0,0,0,0,0,0,0,0,0,0,1888,0,420.0,1308.4026379327936,271.6862150118686,2580.8545429608785,704.5
1785382267,0,TTFT,S2,6.400000,0.000000,0,0,0,0,0,0,0,0,0,0,0,944,0,360.0,357.0042182049508,271.6862150118686,417.0613830210641,1153.0
1785382267,0,total,S2,6.400000,0.000000,0,0,0,0,0,0,0,0,0,0,0,944,0,2500.0,2259.8010576606366,1834.5366480061784,2580.8545429608785,256.0
1785382267,0,,Aggregated,12.800000,0.000000,0,0,0,0,0,0,0,0,0,0,0,1888,0,420.0,1308.4026379327936,271.6862150118686,2580.8545429608785,704.5
1785382268,0,TTFT,S2,6.400000,0.000000,0,0,0,0,0,0,0,0,0,0,0,944,0,360.0,357.0042182049508,271.6862150118686,417.0613830210641,1153.0
1785382268,0,total,S2,6.400000,0.000000,0,0,0,0,0,0,0,0,0,0,0,944,0,2500.0,2259.8010576606366,1834.5366480061784,2580.8545429608785,256.0
1785382268,0,,Aggregated,12.800000,0.000000,0,0,0,0,0,0,0,0,0,0,0,1888,0,420.0,1308.4026379327936,271.6862150118686,2580.8545429608785,704.5
1785382269,0,TTFT,S2,6.400000,0.000000,0,0,0,0,0,0,0,0,0,0,0,944,0,360.0,357.0042182049508,271.6862150118686,417.0613830210641,1153.0
1785382269,0,total,S2,6.400000,0.000000,0,0,0,0,0,0,0,0,0,0,0,944,0,2500.0,2259.8010576606366,1834.5366480061784,2580.8545429608785,256.0
1785382269,0,,Aggregated,12.800000,0.000000,0,0,0,0,0,0,0,0,0,0,0,1888,0,420.0,1308.4026379327936,271.6862150118686,2580.8545429608785,704.5
1785382270,0,TTFT,S2,6.400000,0.000000,0,0,0,0,0,0,0,0,0,0,0,944,0,360.0,357.0042182049508,271.6862150118686,417.0613830210641,1153.0
1785382270,0,total,S2,6.400000,0.000000,0,0,0,0,0,0,0,0,0,0,0,944,0,2500.0,2259.8010576606366,1834.5366480061784,2580.8545429608785,256.0
1785382270,0,,Aggregated,12.800000,0.000000,0,0,0,0,0,0,0,0,0,0,0,1888,0,420.0,1308.4026379327936,271.6862150118686,2580.8545429608785,704.5
1785382271,0,TTFT,S2,6.400000,0.000000,0,0,0,0,0,0,0,0,0,0,0,944,0,360.0,357.0042182049508,271.6862150118686,417.0613830210641,1153.0
1785382271,0,total,S2,6.400000,0.000000,0,0,0,0,0,0,0,0,0,0,0,944,0,2500.0,2259.8010576606366,1834.5366480061784,2580.8545429608785,256.0
1785382271,0,,Aggregated,12.800000,0.000000,0,0,0,0,0,0,0,0,0,0,0,1888,0,420.0,1308.4026379327936,271.6862150118686,2580.8545429608785,704.5
1785382272,0,TTFT,S2,6.400000,0.000000,0,0,0,0,0,0,0,0,0,0,0,944,0,360.0,357.0042182049508,271.6862150118686,417.0613830210641,1153.0
1785382272,0,total,S2,6.400000,0.000000,0,0,0,0,0,0,0,0,0,0,0,944,0,2500.0,2259.8010576606366,1834.5366480061784,2580.8545429608785,256.0
1785382272,0,,Aggregated,12.800000,0.000000,0,0,0,0,0,0,0,0,0,0,0,1888,0,420.0,1308.4026379327936,271.6862150118686,2580.8545429608785,704.5
1785382273,0,TTFT,S2,6.400000,0.000000,0,0,0,0,0,0,0,0,0,0,0,944,0,360.0,357.0042182049508,271.6862150118686,417.0613830210641,1153.0
1785382273,0,total,S2,6.400000,0.000000,0,0,0,0,0,0,0,0,0,0,0,944,0,2500.0,2259.8010576606366,1834.5366480061784,2580.8545429608785,256.0
1785382273,0,,Aggregated,12.800000,0.000000,0,0,0,0,0,0,0,0,0,0,0,1888,0,420.0,1308.4026379327936,271.6862150118686,2580.8545429608785,704.5
1785382274,0,TTFT,S2,6.400000,0.000000,0,0,0,0,0,0,0,0,0,0,0,944,0,360.0,357.0042182049508,271.6862150118686,417.0613830210641,1153.0
1785382274,0,total,S2,6.400000,0.000000,0,0,0,0,0,0,0,0,0,0,0,944,0,2500.0,2259.8010576606366,1834.5366480061784,2580.8545429608785,256.0
1785382274,0,,Aggregated,12.800000,0.000000,0,0,0,0,0,0,0,0,0,0,0,1888,0,420.0,1308.4026379327936,271.6862150118686,2580.8545429608785,704.5
1785382275,0,TTFT,S2,6.400000,0.000000,0,0,0,0,0,0,0,0,0,0,0,944,0,360.0,357.0042182049508,271.6862150118686,417.0613830210641,1153.0
1785382275,0,total,S2,6.400000,0.000000,0,0,0,0,0,0,0,0,0,0,0,944,0,2500.0,2259.8010576606366,1834.5366480061784,2580.8545429608785,256.0
1785382275,0,,Aggregated,12.800000,0.000000,0,0,0,0,0,0,0,0,0,0,0,1888,0,420.0,1308.4026379327936,271.6862150118686,2580.8545429608785,704.5
1785382276,0,TTFT,S2,6.400000,0.000000,0,0,0,0,0,0,0,0,0,0,0,944,0,360.0,357.0042182049508,271.6862150118686,417.0613830210641,1153.0
1785382276,0,total,S2,6.400000,0.000000,0,0,0,0,0,0,0,0,0,0,0,944,0,2500.0,2259.8010576606366,1834.5366480061784,2580.8545429608785,256.0
1785382276,0,,Aggregated,12.800000,0.000000,0,0,0,0,0,0,0,0,0,0,0,1888,0,420.0,1308.4026379327936,271.6862150118686,2580.8545429608785,704.5
1785382277,0,TTFT,S2,6.400000,0.000000,0,0,0,0,0,0,0,0,0,0,0,944,0,360.0,357.0042182049508,271.6862150118686,417.0613830210641,1153.0
1785382277,0,total,S2,6.400000,0.000000,0,0,0,0,0,0,0,0,0,0,0,944,0,2500.0,2259.8010576606366,1834.5366480061784,2580.8545429608785,256.0
1785382277,0,,Aggregated,12.800000,0.000000,0,0,0,0,0,0,0,0,0,0,0,1888,0,420.0,1308.4026379327936,271.6862150118686,2580.8545429608785,704.5
1785382278,0,TTFT,S2,6.400000,0.000000,0,0,0,0,0,0,0,0,0,0,0,944,0,360.0,357.0042182049508,271.6862150118686,417.0613830210641,1153.0
1785382278,0,total,S2,6.400000,0.000000,0,0,0,0,0,0,0,0,0,0,0,944,0,2500.0,2259.8010576606366,1834.5366480061784,2580.8545429608785,256.0
1785382278,0,,Aggregated,12.800000,0.000000,0,0,0,0,0,0,0,0,0,0,0,1888,0,420.0,1308.4026379327936,271.6862150118686,2580.8545429608785,704.5
1785382279,0,TTFT,S2,6.400000,0.000000,0,0,0,0,0,0,0,0,0,0,0,944,0,360.0,357.0042182049508,271.6862150118686,417.0613830210641,1153.0
1785382279,0,total,S2,6.400000,0.000000,0,0,0,0,0,0,0,0,0,0,0,944,0,2500.0,2259.8010576606366,1834.5366480061784,2580.8545429608785,256.0
1785382279,0,,Aggregated,12.800000,0.000000,0,0,0,0,0,0,0,0,0,0,0,1888,0,420.0,1308.4026379327936,271.6862150118686,2580.8545429608785,704.5
1785382280,0,TTFT,S2,6.400000,0.000000,0,0,0,0,0,0,0,0,0,0,0,944,0,360.0,357.0042182049508,271.6862150118686,417.0613830210641,1153.0
1785382280,0,total,S2,6.400000,0.000000,0,0,0,0,0,0,0,0,0,0,0,944,0,2500.0,2259.8010576606366,1834.5366480061784,2580.8545429608785,256.0
1785382280,0,,Aggregated,12.800000,0.000000,0,0,0,0,0,0,0,0,0,0,0,1888,0,420.0,1308.4026379327936,271.6862150118686,2580.8545429608785,704.5
1785382281,0,TTFT,S2,6.400000,0.000000,0,0,0,0,0,0,0,0,0,0,0,944,0,360.0,357.0042182049508,271.6862150118686,417.0613830210641,1153.0
1785382281,0,total,S2,6.400000,0.000000,0,0,0,0,0,0,0,0,0,0,0,944,0,2500.0,2259.8010576606366,1834.5366480061784,2580.8545429608785,256.0
1785382281,0,,Aggregated,12.800000,0.000000,0,0,0,0,0,0,0,0,0,0,0,1888,0,420.0,1308.4026379327936,271.6862150118686,2580.8545429608785,704.5
1785382282,0,TTFT,S2,6.400000,0.000000,0,0,0,0,0,0,0,0,0,0,0,944,0,360.0,357.0042182049508,271.6862150118686,417.0613830210641,1153.0
1785382282,0,total,S2,6.400000,0.000000,0,0,0,0,0,0,0,0,0,0,0,944,0,2500.0,2259.8010576606366,1834.5366480061784,2580.8545429608785,256.0
1785382282,0,,Aggregated,12.800000,0.000000,0,0,0,0,0,0,0,0,0,0,0,1888,0,420.0,1308.4026379327936,271.6862150118686,2580.8545429608785,704.5
1785382283,0,TTFT,S2,6.400000,0.000000,0,0,0,0,0,0,0,0,0,0,0,944,0,360.0,357.0042182049508,271.6862150118686,417.0613830210641,1153.0
1785382283,0,total,S2,6.400000,0.000000,0,0,0,0,0,0,0,0,0,0,0,944,0,2500.0,2259.8010576606366,1834.5366480061784,2580.8545429608785,256.0
1785382283,0,,Aggregated,12.800000,0.000000,0,0,0,0,0,0,0,0,0,0,0,1888,0,420.0,1308.4026379327936,271.6862150118686,2580.8545429608785,704.5
1785382284,0,TTFT,S2,6.400000,0.000000,0,0,0,0,0,0,0,0,0,0,0,944,0,360.0,357.0042182049508,271.6862150118686,417.0613830210641,1153.0
1785382284,0,total,S2,6.400000,0.000000,0,0,0,0,0,0,0,0,0,0,0,944,0,2500.0,2259.8010576606366,1834.5366480061784,2580.8545429608785,256.0
1785382284,0,,Aggregated,12.800000,0.000000,0,0,0,0,0,0,0,0,0,0,0,1888,0,420.0,1308.4026379327936,271.6862150118686,2580.8545429608785,704.5
1785382285,0,TTFT,S2,6.400000,0.000000,0,0,0,0,0,0,0,0,0,0,0,944,0,360.0,357.0042182049508,271.6862150118686,417.0613830210641,1153.0
1785382285,0,total,S2,6.400000,0.000000,0,0,0,0,0,0,0,0,0,0,0,944,0,2500.0,2259.8010576606366,1834.5366480061784,2580.8545429608785,256.0
1785382285,0,,Aggregated,12.800000,0.000000,0,0,0,0,0,0,0,0,0,0,0,1888,0,420.0,1308.4026379327936,271.6862150118686,2580.8545429608785,704.5
1785382286,0,TTFT,S2,6.400000,0.000000,0,0,0,0,0,0,0,0,0,0,0,944,0,360.0,357.0042182049508,271.6862150118686,417.0613830210641,1153.0
1785382286,0,total,S2,6.400000,0.000000,0,0,0,0,0,0,0,0,0,0,0,944,0,2500.0,2259.8010576606366,1834.5366480061784,2580.8545429608785,256.0
1785382286,0,,Aggregated,12.800000,0.000000,0,0,0,0,0,0,0,0,0,0,0,1888,0,420.0,1308.4026379327936,271.6862150118686,2580.8545429608785,704.5
1785382287,0,TTFT,S2,6.400000,0.000000,0,0,0,0,0,0,0,0,0,0,0,944,0,360.0,357.0042182049508,271.6862150118686,417.0613830210641,1153.0
1785382287,0,total,S2,6.400000,0.000000,0,0,0,0,0,0,0,0,0,0,0,944,0,2500.0,2259.8010576606366,1834.5366480061784,2580.8545429608785,256.0
1785382287,0,,Aggregated,12.800000,0.000000,0,0,0,0,0,0,0,0,0,0,0,1888,0,420.0,1308.4026379327936,271.6862150118686,2580.8545429608785,704.5
1785382288,0,TTFT,S2,6.400000,0.000000,0,0,0,0,0,0,0,0,0,0,0,944,0,360.0,357.0042182049508,271.6862150118686,417.0613830210641,1153.0
1785382288,0,total,S2,6.400000,0.000000,0,0,0,0,0,0,0,0,0,0,0,944,0,2500.0,2259.8010576606366,1834.5366480061784,2580.8545429608785,256.0
1785382288,0,,Aggregated,12.800000,0.000000,0,0,0,0,0,0,0,0,0,0,0,1888,0,420.0,1308.4026379327936,271.6862150118686,2580.8545429608785,704.5
1785382289,0,TTFT,S2,6.400000,0.000000,0,0,0,0,0,0,0,0,0,0,0,944,0,360.0,357.0042182049508,271.6862150118686,417.0613830210641,1153.0
1785382289,0,total,S2,6.400000,0.000000,0,0,0,0,0,0,0,0,0,0,0,944,0,2500.0,2259.8010576606366,1834.5366480061784,2580.8545429608785,256.0
1785382289,0,,Aggregated,12.800000,0.000000,0,0,0,0,0,0,0,0,0,0,0,1888,0,420.0,1308.4026379327936,271.6862150118686,2580.8545429608785,704.5
1785382290,0,TTFT,S2,6.400000,0.000000,0,0,0,0,0,0,0,0,0,0,0,944,0,360.0,357.0042182049508,271.6862150118686,417.0613830210641,1153.0
1785382290,0,total,S2,6.400000,0.000000,0,0,0,0,0,0,0,0,0,0,0,944,0,2500.0,2259.8010576606366,1834.5366480061784,2580.8545429608785,256.0
1785382290,0,,Aggregated,12.800000,0.000000,0,0,0,0,0,0,0,0,0,0,0,1888,0,420.0,1308.4026379327936,271.6862150118686,2580.8545429608785,704.5
1785382291,0,TTFT,S2,6.400000,0.000000,0,0,0,0,0,0,0,0,0,0,0,944,0,360.0,357.0042182049508,271.6862150118686,417.0613830210641,1153.0
1785382291,0,total,S2,6.400000,0.000000,0,0,0,0,0,0,0,0,0,0,0,944,0,2500.0,2259.8010576606366,1834.5366480061784,2580.8545429608785,256.0
1785382291,0,,Aggregated,12.800000,0.000000,0,0,0,0,0,0,0,0,0,0,0,1888,0,420.0,1308.4026379327936,271.6862150118686,2580.8545429608785,704.5
1785382292,0,TTFT,S2,6.400000,0.000000,0,0,0,0,0,0,0,0,0,0,0,944,0,360.0,357.0042182049508,271.6862150118686,417.0613830210641,1153.0
1785382292,0,total,S2,6.400000,0.000000,0,0,0,0,0,0,0,0,0,0,0,944,0,2500.0,2259.8010576606366,1834.5366480061784,2580.8545429608785,256.0
1785382292,0,,Aggregated,12.800000,0.000000,0,0,0,0,0,0,0,0,0,0,0,1888,0,420.0,1308.4026379327936,271.6862150118686,2580.8545429608785,704.5
1785382293,0,TTFT,S2,6.400000,0.000000,0,0,0,0,0,0,0,0,0,0,0,944,0,360.0,357.0042182049508,271.6862150118686,417.0613830210641,1153.0
1785382293,0,total,S2,6.400000,0.000000,0,0,0,0,0,0,0,0,0,0,0,944,0,2500.0,2259.8010576606366,1834.5366480061784,2580.8545429608785,256.0
1785382293,0,,Aggregated,12.800000,0.000000,0,0,0,0,0,0,0,0,0,0,0,1888,0,420.0,1308.4026379327936,271.6862150118686,2580.8545429608785,704.5
1785382294,0,TTFT,S2,6.400000,0.000000,0,0,0,0,0,0,0,0,0,0,0,944,0,360.0,357.0042182049508,271.6862150118686,417.0613830210641,1153.0
1785382294,0,total,S2,6.400000,0.000000,0,0,0,0,0,0,0,0,0,0,0,944,0,2500.0,2259.8010576606366,1834.5366480061784,2580.8545429608785,256.0
1785382294,0,,Aggregated,12.800000,0.000000,0,0,0,0,0,0,0,0,0,0,0,1888,0,420.0,1308.4026379327936,271.6862150118686,2580.8545429608785,704.5
1785382295,0,TTFT,S2,6.400000,0.000000,0,0,0,0,0,0,0,0,0,0,0,944,0,360.0,357.0042182049508,271.6862150118686,417.0613830210641,1153.0
1785382295,0,total,S2,6.400000,0.000000,0,0,0,0,0,0,0,0,0,0,0,944,0,2500.0,2259.8010576606366,1834.5366480061784,2580.8545429608785,256.0
1785382295,0,,Aggregated,12.800000,0.000000,0,0,0,0,0,0,0,0,0,0,0,1888,0,420.0,1308.4026379327936,271.6862150118686,2580.8545429608785,704.5
1785382296,0,TTFT,S2,6.400000,0.000000,0,0,0,0,0,0,0,0,0,0,0,944,0,360.0,357.0042182049508,271.6862150118686,417.0613830210641,1153.0
1785382296,0,total,S2,6.400000,0.000000,0,0,0,0,0,0,0,0,0,0,0,944,0,2500.0,2259.8010576606366,1834.5366480061784,2580.8545429608785,256.0
1785382296,0,,Aggregated,12.800000,0.000000,0,0,0,0,0,0,0,0,0,0,0,1888,0,420.0,1308.4026379327936,271.6862150118686,2580.8545429608785,704.5
1785382297,0,TTFT,S2,6.400000,0.000000,0,0,0,0,0,0,0,0,0,0,0,944,0,360.0,357.0042182049508,271.6862150118686,417.0613830210641,1153.0
1785382297,0,total,S2,6.400000,0.000000,0,0,0,0,0,0,0,0,0,0,0,944,0,2500.0,2259.8010576606366,1834.5366480061784,2580.8545429608785,256.0
1785382297,0,,Aggregated,12.800000,0.000000,0,0,0,0,0,0,0,0,0,0,0,1888,0,420.0,1308.4026379327936,271.6862150118686,2580.8545429608785,704.5
1785382298,0,TTFT,S2,6.400000,0.000000,0,0,0,0,0,0,0,0,0,0,0,944,0,360.0,357.0042182049508,271.6862150118686,417.0613830210641,1153.0
1785382298,0,total,S2,6.400000,0.000000,0,0,0,0,0,0,0,0,0,0,0,944,0,2500.0,2259.8010576606366,1834.5366480061784,2580.8545429608785,256.0
1785382298,0,,Aggregated,12.800000,0.000000,0,0,0,0,0,0,0,0,0,0,0,1888,0,420.0,1308.4026379327936,271.6862150118686,2580.8545429608785,704.5
1785382299,0,TTFT,S2,6.400000,0.000000,0,0,0,0,0,0,0,0,0,0,0,944,0,360.0,357.0042182049508,271.6862150118686,417.0613830210641,1153.0
1785382299,0,total,S2,6.400000,0.000000,0,0,0,0,0,0,0,0,0,0,0,944,0,2500.0,2259.8010576606366,1834.5366480061784,2580.8545429608785,256.0
1785382299,0,,Aggregated,12.800000,0.000000,0,0,0,0,0,0,0,0,0,0,0,1888,0,420.0,1308.4026379327936,271.6862150118686,2580.8545429608785,704.5
1785382300,0,TTFT,S2,6.400000,0.000000,0,0,0,0,0,0,0,0,0,0,0,944,0,360.0,357.0042182049508,271.6862150118686,417.0613830210641,1153.0
1785382300,0,total,S2,6.400000,0.000000,0,0,0,0,0,0,0,0,0,0,0,944,0,2500.0,2259.8010576606366,1834.5366480061784,2580.8545429608785,256.0
1785382300,0,,Aggregated,12.800000,0.000000,0,0,0,0,0,0,0,0,0,0,0,1888,0,420.0,1308.4026379327936,271.6862150118686,2580.8545429608785,704.5
1785382301,0,TTFT,S2,6.400000,0.000000,0,0,0,0,0,0,0,0,0,0,0,944,0,360.0,357.0042182049508,271.6862150118686,417.0613830210641,1153.0
1785382301,0,total,S2,6.400000,0.000000,0,0,0,0,0,0,0,0,0,0,0,944,0,2500.0,2259.8010576606366,1834.5366480061784,2580.8545429608785,256.0
1785382301,0,,Aggregated,12.800000,0.000000,0,0,0,0,0,0,0,0,0,0,0,1888,0,420.0,1308.4026379327936,271.6862150118686,2580.8545429608785,704.5
1785382302,0,TTFT,S2,6.400000,0.000000,0,0,0,0,0,0,0,0,0,0,0,944,0,360.0,357.0042182049508,271.6862150118686,417.0613830210641,1153.0
1785382302,0,total,S2,6.400000,0.000000,0,0,0,0,0,0,0,0,0,0,0,944,0,2500.0,2259.8010576606366,1834.5366480061784,2580.8545429608785,256.0
1785382302,0,,Aggregated,12.800000,0.000000,0,0,0,0,0,0,0,0,0,0,0,1888,0,420.0,1308.4026379327936,271.6862150118686,2580.8545429608785,704.5
1785382303,0,TTFT,S2,6.400000,0.000000,0,0,0,0,0,0,0,0,0,0,0,944,0,360.0,357.0042182049508,271.6862150118686,417.0613830210641,1153.0
1785382303,0,total,S2,6.400000,0.000000,0,0,0,0,0,0,0,0,0,0,0,944,0,2500.0,2259.8010576606366,1834.5366480061784,2580.8545429608785,256.0
1785382303,0,,Aggregated,12.800000,0.000000,0,0,0,0,0,0,0,0,0,0,0,1888,0,420.0,1308.4026379327936,271.6862150118686,2580.8545429608785,704.5
1785382304,0,TTFT,S2,6.400000,0.000000,0,0,0,0,0,0,0,0,0,0,0,944,0,360.0,357.0042182049508,271.6862150118686,417.0613830210641,1153.0
1785382304,0,total,S2,6.400000,0.000000,0,0,0,0,0,0,0,0,0,0,0,944,0,2500.0,2259.8010576606366,1834.5366480061784,2580.8545429608785,256.0
1785382304,0,,Aggregated,12.800000,0.000000,0,0,0,0,0,0,0,0,0,0,0,1888,0,420.0,1308.4026379327936,271.6862150118686,2580.8545429608785,704.5
1785382305,0,TTFT,S2,6.400000,0.000000,0,0,0,0,0,0,0,0,0,0,0,944,0,360.0,357.0042182049508,271.6862150118686,417.0613830210641,1153.0
1785382305,0,total,S2,6.400000,0.000000,0,0,0,0,0,0,0,0,0,0,0,944,0,2500.0,2259.8010576606366,1834.5366480061784,2580.8545429608785,256.0
1785382305,0,,Aggregated,12.800000,0.000000,0,0,0,0,0,0,0,0,0,0,0,1888,0,420.0,1308.4026379327936,271.6862150118686,2580.8545429608785,704.5
1785382306,0,TTFT,S2,6.400000,0.000000,0,0,0,0,0,0,0,0,0,0,0,944,0,360.0,357.0042182049508,271.6862150118686,417.0613830210641,1153.0
1785382306,0,total,S2,6.400000,0.000000,0,0,0,0,0,0,0,0,0,0,0,944,0,2500.0,2259.8010576606366,1834.5366480061784,2580.8545429608785,256.0
1785382306,0,,Aggregated,12.800000,0.000000,0,0,0,0,0,0,0,0,0,0,0,1888,0,420.0,1308.4026379327936,271.6862150118686,2580.8545429608785,704.5
1785382307,0,TTFT,S2,6.400000,0.000000,0,0,0,0,0,0,0,0,0,0,0,944,0,360.0,357.0042182049508,271.6862150118686,417.0613830210641,1153.0
1785382307,0,total,S2,6.400000,0.000000,0,0,0,0,0,0,0,0,0,0,0,944,0,2500.0,2259.8010576606366,1834.5366480061784,2580.8545429608785,256.0
1785382307,0,,Aggregated,12.800000,0.000000,0,0,0,0,0,0,0,0,0,0,0,1888,0,420.0,1308.4026379327936,271.6862150118686,2580.8545429608785,704.5
1785382308,0,TTFT,S2,6.400000,0.000000,0,0,0,0,0,0,0,0,0,0,0,944,0,360.0,357.0042182049508,271.6862150118686,417.0613830210641,1153.0
1785382308,0,total,S2,6.400000,0.000000,0,0,0,0,0,0,0,0,0,0,0,944,0,2500.0,2259.8010576606366,1834.5366480061784,2580.8545429608785,256.0
1785382308,0,,Aggregated,12.800000,0.000000,0,0,0,0,0,0,0,0,0,0,0,1888,0,420.0,1308.4026379327936,271.6862150118686,2580.8545429608785,704.5
1785382309,0,TTFT,S2,6.400000,0.000000,0,0,0,0,0,0,0,0,0,0,0,944,0,360.0,357.0042182049508,271.6862150118686,417.0613830210641,1153.0
1785382309,0,total,S2,6.400000,0.000000,0,0,0,0,0,0,0,0,0,0,0,944,0,2500.0,2259.8010576606366,1834.5366480061784,2580.8545429608785,256.0
1785382309,0,,Aggregated,12.800000,0.000000,0,0,0,0,0,0,0,0,0,0,0,1888,0,420.0,1308.4026379327936,271.6862150118686,2580.8545429608785,704.5
1785382310,0,TTFT,S2,6.400000,0.000000,0,0,0,0,0,0,0,0,0,0,0,944,0,360.0,357.0042182049508,271.6862150118686,417.0613830210641,1153.0
1785382310,0,total,S2,6.400000,0.000000,0,0,0,0,0,0,0,0,0,0,0,944,0,2500.0,2259.8010576606366,1834.5366480061784,2580.8545429608785,256.0
1785382310,0,,Aggregated,12.800000,0.000000,0,0,0,0,0,0,0,0,0,0,0,1888,0,420.0,1308.4026379327936,271.6862150118686,2580.8545429608785,704.5
1785382311,0,TTFT,S2,6.400000,0.000000,0,0,0,0,0,0,0,0,0,0,0,944,0,360.0,357.0042182049508,271.6862150118686,417.0613830210641,1153.0
1785382311,0,total,S2,6.400000,0.000000,0,0,0,0,0,0,0,0,0,0,0,944,0,2500.0,2259.8010576606366,1834.5366480061784,2580.8545429608785,256.0
1785382311,0,,Aggregated,12.800000,0.000000,0,0,0,0,0,0,0,0,0,0,0,1888,0,420.0,1308.4026379327936,271.6862150118686,2580.8545429608785,704.5
1785382312,0,TTFT,S2,6.400000,0.000000,0,0,0,0,0,0,0,0,0,0,0,944,0,360.0,357.0042182049508,271.6862150118686,417.0613830210641,1153.0
1785382312,0,total,S2,6.400000,0.000000,0,0,0,0,0,0,0,0,0,0,0,944,0,2500.0,2259.8010576606366,1834.5366480061784,2580.8545429608785,256.0
1785382312,0,,Aggregated,12.800000,0.000000,0,0,0,0,0,0,0,0,0,0,0,1888,0,420.0,1308.4026379327936,271.6862150118686,2580.8545429608785,704.5
1785382313,0,TTFT,S2,6.400000,0.000000,0,0,0,0,0,0,0,0,0,0,0,944,0,360.0,357.0042182049508,271.6862150118686,417.0613830210641,1153.0
1785382313,0,total,S2,6.400000,0.000000,0,0,0,0,0,0,0,0,0,0,0,944,0,2500.0,2259.8010576606366,1834.5366480061784,2580.8545429608785,256.0
1785382313,0,,Aggregated,12.800000,0.000000,0,0,0,0,0,0,0,0,0,0,0,1888,0,420.0,1308.4026379327936,271.6862150118686,2580.8545429608785,704.5
1785382314,0,TTFT,S2,6.400000,0.000000,0,0,0,0,0,0,0,0,0,0,0,944,0,360.0,357.0042182049508,271.6862150118686,417.0613830210641,1153.0
1785382314,0,total,S2,6.400000,0.000000,0,0,0,0,0,0,0,0,0,0,0,944,0,2500.0,2259.8010576606366,1834.5366480061784,2580.8545429608785,256.0
1785382314,0,,Aggregated,12.800000,0.000000,0,0,0,0,0,0,0,0,0,0,0,1888,0,420.0,1308.4026379327936,271.6862150118686,2580.8545429608785,704.5
1785382315,0,TTFT,S2,6.400000,0.000000,0,0,0,0,0,0,0,0,0,0,0,944,0,360.0,357.0042182049508,271.6862150118686,417.0613830210641,1153.0
1785382315,0,total,S2,6.400000,0.000000,0,0,0,0,0,0,0,0,0,0,0,944,0,2500.0,2259.8010576606366,1834.5366480061784,2580.8545429608785,256.0
1785382315,0,,Aggregated,12.800000,0.000000,0,0,0,0,0,0,0,0,0,0,0,1888,0,420.0,1308.4026379327936,271.6862150118686,2580.8545429608785,704.5
1785382316,0,TTFT,S2,6.400000,0.000000,0,0,0,0,0,0,0,0,0,0,0,944,0,360.0,357.0042182049508,271.6862150118686,417.0613830210641,1153.0
1785382316,0,total,S2,6.400000,0.000000,0,0,0,0,0,0,0,0,0,0,0,944,0,2500.0,2259.8010576606366,1834.5366480061784,2580.8545429608785,256.0
1785382316,0,,Aggregated,12.800000,0.000000,0,0,0,0,0,0,0,0,0,0,0,1888,0,420.0,1308.4026379327936,271.6862150118686,2580.8545429608785,704.5
1785382317,0,TTFT,S2,6.400000,0.000000,0,0,0,0,0,0,0,0,0,0,0,944,0,360.0,357.0042182049508,271.6862150118686,417.0613830210641,1153.0
1785382317,0,total,S2,6.400000,0.000000,0,0,0,0,0,0,0,0,0,0,0,944,0,2500.0,2259.8010576606366,1834.5366480061784,2580.8545429608785,256.0
1785382317,0,,Aggregated,12.800000,0.000000,0,0,0,0,0,0,0,0,0,0,0,1888,0,420.0,1308.4026379327936,271.6862150118686,2580.8545429608785,704.5
1785382318,0,TTFT,S2,6.400000,0.000000,0,0,0,0,0,0,0,0,0,0,0,944,0,360.0,357.0042182049508,271.6862150118686,417.0613830210641,1153.0
1785382318,0,total,S2,6.400000,0.000000,0,0,0,0,0,0,0,0,0,0,0,944,0,2500.0,2259.8010576606366,1834.5366480061784,2580.8545429608785,256.0
1785382318,0,,Aggregated,12.800000,0.000000,0,0,0,0,0,0,0,0,0,0,0,1888,0,420.0,1308.4026379327936,271.6862150118686,2580.8545429608785,704.5
1785382319,0,TTFT,S2,6.400000,0.000000,0,0,0,0,0,0,0,0,0,0,0,944,0,360.0,357.0042182049508,271.6862150118686,417.0613830210641,1153.0
1785382319,0,total,S2,6.400000,0.000000,0,0,0,0,0,0,0,0,0,0,0,944,0,2500.0,2259.8010576606366,1834.5366480061784,2580.8545429608785,256.0
1785382319,0,,Aggregated,12.800000,0.000000,0,0,0,0,0,0,0,0,0,0,0,1888,0,420.0,1308.4026379327936,271.6862150118686,2580.8545429608785,704.5
1785382320,0,TTFT,S2,6.400000,0.000000,0,0,0,0,0,0,0,0,0,0,0,944,0,360.0,357.0042182049508,271.6862150118686,417.0613830210641,1153.0
1785382320,0,total,S2,6.400000,0.000000,0,0,0,0,0,0,0,0,0,0,0,944,0,2500.0,2259.8010576606366,1834.5366480061784,2580.8545429608785,256.0
1785382320,0,,Aggregated,12.800000,0.000000,0,0,0,0,0,0,0,0,0,0,0,1888,0,420.0,1308.4026379327936,271.6862150118686,2580.8545429608785,704.5
1785382321,0,TTFT,S2,6.400000,0.000000,0,0,0,0,0,0,0,0,0,0,0,944,0,360.0,357.0042182049508,271.6862150118686,417.0613830210641,1153.0
1785382321,0,total,S2,6.400000,0.000000,0,0,0,0,0,0,0,0,0,0,0,944,0,2500.0,2259.8010576606366,1834.5366480061784,2580.8545429608785,256.0
1785382321,0,,Aggregated,12.800000,0.000000,0,0,0,0,0,0,0,0,0,0,0,1888,0,420.0,1308.4026379327936,271.6862150118686,2580.8545429608785,704.5
1785382322,0,TTFT,S2,6.400000,0.000000,0,0,0,0,0,0,0,0,0,0,0,944,0,360.0,357.0042182049508,271.6862150118686,417.0613830210641,1153.0
1785382322,0,total,S2,6.400000,0.000000,0,0,0,0,0,0,0,0,0,0,0,944,0,2500.0,2259.8010576606366,1834.5366480061784,2580.8545429608785,256.0
1785382322,0,,Aggregated,12.800000,0.000000,0,0,0,0,0,0,0,0,0,0,0,1888,0,420.0,1308.4026379327936,271.6862150118686,2580.8545429608785,704.5
1785382323,0,TTFT,S2,6.400000,0.000000,0,0,0,0,0,0,0,0,0,0,0,944,0,360.0,357.0042182049508,271.6862150118686,417.0613830210641,1153.0
1785382323,0,total,S2,6.400000,0.000000,0,0,0,0,0,0,0,0,0,0,0,944,0,2500.0,2259.8010576606366,1834.5366480061784,2580.8545429608785,256.0
1785382323,0,,Aggregated,12.800000,0.000000,0,0,0,0,0,0,0,0,0,0,0,1888,0,420.0,1308.4026379327936,271.6862150118686,2580.8545429608785,704.5
1785382324,0,TTFT,S2,6.400000,0.000000,0,0,0,0,0,0,0,0,0,0,0,944,0,360.0,357.0042182049508,271.6862150118686,417.0613830210641,1153.0
1785382324,0,total,S2,6.400000,0.000000,0,0,0,0,0,0,0,0,0,0,0,944,0,2500.0,2259.8010576606366,1834.5366480061784,2580.8545429608785,256.0
1785382324,0,,Aggregated,12.800000,0.000000,0,0,0,0,0,0,0,0,0,0,0,1888,0,420.0,1308.4026379327936,271.6862150118686,2580.8545429608785,704.5
1785382325,0,TTFT,S2,6.400000,0.000000,0,0,0,0,0,0,0,0,0,0,0,944,0,360.0,357.0042182049508,271.6862150118686,417.0613830210641,1153.0
1785382325,0,total,S2,6.400000,0.000000,0,0,0,0,0,0,0,0,0,0,0,944,0,2500.0,2259.8010576606366,1834.5366480061784,2580.8545429608785,256.0
1785382325,0,,Aggregated,12.800000,0.000000,0,0,0,0,0,0,0,0,0,0,0,1888,0,420.0,1308.4026379327936,271.6862150118686,2580.8545429608785,704.5
1785382326,0,TTFT,S2,6.400000,0.000000,0,0,0,0,0,0,0,0,0,0,0,944,0,360.0,357.0042182049508,271.6862150118686,417.0613830210641,1153.0
1785382326,0,total,S2,6.400000,0.000000,0,0,0,0,0,0,0,0,0,0,0,944,0,2500.0,2259.8010576606366,1834.5366480061784,2580.8545429608785,256.0
1785382326,0,,Aggregated,12.800000,0.000000,0,0,0,0,0,0,0,0,0,0,0,1888,0,420.0,1308.4026379327936,271.6862150118686,2580.8545429608785,704.5
1785382327,0,TTFT,S2,6.400000,0.000000,0,0,0,0,0,0,0,0,0,0,0,944,0,360.0,357.0042182049508,271.6862150118686,417.0613830210641,1153.0
1785382327,0,total,S2,6.400000,0.000000,0,0,0,0,0,0,0,0,0,0,0,944,0,2500.0,2259.8010576606366,1834.5366480061784,2580.8545429608785,256.0
1785382327,0,,Aggregated,12.800000,0.000000,0,0,0,0,0,0,0,0,0,0,0,1888,0,420.0,1308.4026379327936,271.6862150118686,2580.8545429608785,704.5
1785382328,0,TTFT,S2,6.400000,0.000000,0,0,0,0,0,0,0,0,0,0,0,944,0,360.0,357.0042182049508,271.6862150118686,417.0613830210641,1153.0
1785382328,0,total,S2,6.400000,0.000000,0,0,0,0,0,0,0,0,0,0,0,944,0,2500.0,2259.8010576606366,1834.5366480061784,2580.8545429608785,256.0
1785382328,0,,Aggregated,12.800000,0.000000,0,0,0,0,0,0,0,0,0,0,0,1888,0,420.0,1308.4026379327936,271.6862150118686,2580.8545429608785,704.5
1785382329,0,TTFT,S2,6.400000,0.000000,0,0,0,0,0,0,0,0,0,0,0,944,0,360.0,357.0042182049508,271.6862150118686,417.0613830210641,1153.0
1785382329,0,total,S2,6.400000,0.000000,0,0,0,0,0,0,0,0,0,0,0,944,0,2500.0,2259.8010576606366,1834.5366480061784,2580.8545429608785,256.0
1785382329,0,,Aggregated,12.800000,0.000000,0,0,0,0,0,0,0,0,0,0,0,1888,0,420.0,1308.4026379327936,271.6862150118686,2580.8545429608785,704.5
1785382330,0,TTFT,S2,6.400000,0.000000,0,0,0,0,0,0,0,0,0,0,0,944,0,360.0,357.0042182049508,271.6862150118686,417.0613830210641,1153.0
1785382330,0,total,S2,6.400000,0.000000,0,0,0,0,0,0,0,0,0,0,0,944,0,2500.0,2259.8010576606366,1834.5366480061784,2580.8545429608785,256.0
1785382330,0,,Aggregated,12.800000,0.000000,0,0,0,0,0,0,0,0,0,0,0,1888,0,420.0,1308.4026379327936,271.6862150118686,2580.8545429608785,704.5
1785382331,0,TTFT,S2,6.400000,0.000000,0,0,0,0,0,0,0,0,0,0,0,944,0,360.0,357.0042182049508,271.6862150118686,417.0613830210641,1153.0
1785382331,0,total,S2,6.400000,0.000000,0,0,0,0,0,0,0,0,0,0,0,944,0,2500.0,2259.8010576606366,1834.5366480061784,2580.8545429608785,256.0
1785382331,0,,Aggregated,12.800000,0.000000,0,0,0,0,0,0,0,0,0,0,0,1888,0,420.0,1308.4026379327936,271.6862150118686,2580.8545429608785,704.5
1785382332,0,TTFT,S2,6.400000,0.000000,0,0,0,0,0,0,0,0,0,0,0,944,0,360.0,357.0042182049508,271.6862150118686,417.0613830210641,1153.0
1785382332,0,total,S2,6.400000,0.000000,0,0,0,0,0,0,0,0,0,0,0,944,0,2500.0,2259.8010576606366,1834.5366480061784,2580.8545429608785,256.0
1785382332,0,,Aggregated,12.800000,0.000000,0,0,0,0,0,0,0,0,0,0,0,1888,0,420.0,1308.4026379327936,271.6862150118686,2580.8545429608785,704.5
1785382333,0,TTFT,S2,6.400000,0.000000,0,0,0,0,0,0,0,0,0,0,0,944,0,360.0,357.0042182049508,271.6862150118686,417.0613830210641,1153.0
1785382333,0,total,S2,6.400000,0.000000,0,0,0,0,0,0,0,0,0,0,0,944,0,2500.0,2259.8010576606366,1834.5366480061784,2580.8545429608785,256.0
1785382333,0,,Aggregated,12.800000,0.000000,0,0,0,0,0,0,0,0,0,0,0,1888,0,420.0,1308.4026379327936,271.6862150118686,2580.8545429608785,704.5
1785382334,0,TTFT,S2,6.400000,0.000000,0,0,0,0,0,0,0,0,0,0,0,944,0,360.0,357.0042182049508,271.6862150118686,417.0613830210641,1153.0
1785382334,0,total,S2,6.400000,0.000000,0,0,0,0,0,0,0,0,0,0,0,944,0,2500.0,2259.8010576606366,1834.5366480061784,2580.8545429608785,256.0
1785382334,0,,Aggregated,12.800000,0.000000,0,0,0,0,0,0,0,0,0,0,0,1888,0,420.0,1308.4026379327936,271.6862150118686,2580.8545429608785,704.5
1785382335,0,TTFT,S2,6.400000,0.000000,0,0,0,0,0,0,0,0,0,0,0,944,0,360.0,357.0042182049508,271.6862150118686,417.0613830210641,1153.0
1785382335,0,total,S2,6.400000,0.000000,0,0,0,0,0,0,0,0,0,0,0,944,0,2500.0,2259.8010576606366,1834.5366480061784,2580.8545429608785,256.0
1785382335,0,,Aggregated,12.800000,0.000000,0,0,0,0,0,0,0,0,0,0,0,1888,0,420.0,1308.4026379327936,271.6862150118686,2580.8545429608785,704.5
1785382336,0,TTFT,S2,6.400000,0.000000,0,0,0,0,0,0,0,0,0,0,0,944,0,360.0,357.0042182049508,271.6862150118686,417.0613830210641,1153.0
1785382336,0,total,S2,6.400000,0.000000,0,0,0,0,0,0,0,0,0,0,0,944,0,2500.0,2259.8010576606366,1834.5366480061784,2580.8545429608785,256.0
1785382336,0,,Aggregated,12.800000,0.000000,0,0,0,0,0,0,0,0,0,0,0,1888,0,420.0,1308.4026379327936,271.6862150118686,2580.8545429608785,704.5
1785382337,0,TTFT,S2,6.400000,0.000000,0,0,0,0,0,0,0,0,0,0,0,944,0,360.0,357.0042182049508,271.6862150118686,417.0613830210641,1153.0
1785382337,0,total,S2,6.400000,0.000000,0,0,0,0,0,0,0,0,0,0,0,944,0,2500.0,2259.8010576606366,1834.5366480061784,2580.8545429608785,256.0
1785382337,0,,Aggregated,12.800000,0.000000,0,0,0,0,0,0,0,0,0,0,0,1888,0,420.0,1308.4026379327936,271.6862150118686,2580.8545429608785,704.5
1785382338,0,TTFT,S2,6.400000,0.000000,0,0,0,0,0,0,0,0,0,0,0,944,0,360.0,357.0042182049508,271.6862150118686,417.0613830210641,1153.0
1785382338,0,total,S2,6.400000,0.000000,0,0,0,0,0,0,0,0,0,0,0,944,0,2500.0,2259.8010576606366,1834.5366480061784,2580.8545429608785,256.0
1785382338,0,,Aggregated,12.800000,0.000000,0,0,0,0,0,0,0,0,0,0,0,1888,0,420.0,1308.4026379327936,271.6862150118686,2580.8545429608785,704.5
1785382339,0,TTFT,S2,6.400000,0.000000,0,0,0,0,0,0,0,0,0,0,0,944,0,360.0,357.0042182049508,271.6862150118686,417.0613830210641,1153.0
1785382339,0,total,S2,6.400000,0.000000,0,0,0,0,0,0,0,0,0,0,0,944,0,2500.0,2259.8010576606366,1834.5366480061784,2580.8545429608785,256.0
1785382339,0,,Aggregated,12.800000,0.000000,0,0,0,0,0,0,0,0,0,0,0,1888,0,420.0,1308.4026379327936,271.6862150118686,2580.8545429608785,704.5
1785382340,0,TTFT,S2,6.400000,0.000000,0,0,0,0,0,0,0,0,0,0,0,944,0,360.0,357.0042182049508,271.6862150118686,417.0613830210641,1153.0
1785382340,0,total,S2,6.400000,0.000000,0,0,0,0,0,0,0,0,0,0,0,944,0,2500.0,2259.8010576606366,1834.5366480061784,2580.8545429608785,256.0
1785382340,0,,Aggregated,12.800000,0.000000,0,0,0,0,0,0,0,0,0,0,0,1888,0,420.0,1308.4026379327936,271.6862150118686,2580.8545429608785,704.5
1785382341,0,TTFT,S2,6.400000,0.000000,0,0,0,0,0,0,0,0,0,0,0,944,0,360.0,357.0042182049508,271.6862150118686,417.0613830210641,1153.0
1785382341,0,total,S2,6.400000,0.000000,0,0,0,0,0,0,0,0,0,0,0,944,0,2500.0,2259.8010576606366,1834.5366480061784,2580.8545429608785,256.0
1785382341,0,,Aggregated,12.800000,0.000000,0,0,0,0,0,0,0,0,0,0,0,1888,0,420.0,1308.4026379327936,271.6862150118686,2580.8545429608785,704.5
1785382342,0,TTFT,S2,6.400000,0.000000,0,0,0,0,0,0,0,0,0,0,0,944,0,360.0,357.0042182049508,271.6862150118686,417.0613830210641,1153.0
1785382342,0,total,S2,6.400000,0.000000,0,0,0,0,0,0,0,0,0,0,0,944,0,2500.0,2259.8010576606366,1834.5366480061784,2580.8545429608785,256.0
1785382342,0,,Aggregated,12.800000,0.000000,0,0,0,0,0,0,0,0,0,0,0,1888,0,420.0,1308.4026379327936,271.6862150118686,2580.8545429608785,704.5
1785382343,0,TTFT,S2,6.400000,0.000000,0,0,0,0,0,0,0,0,0,0,0,944,0,360.0,357.0042182049508,271.6862150118686,417.0613830210641,1153.0
1785382343,0,total,S2,6.400000,0.000000,0,0,0,0,0,0,0,0,0,0,0,944,0,2500.0,2259.8010576606366,1834.5366480061784,2580.8545429608785,256.0
1785382343,0,,Aggregated,12.800000,0.000000,0,0,0,0,0,0,0,0,0,0,0,1888,0,420.0,1308.4026379327936,271.6862150118686,2580.8545429608785,704.5
1785382344,0,TTFT,S2,6.400000,0.000000,0,0,0,0,0,0,0,0,0,0,0,944,0,360.0,357.0042182049508,271.6862150118686,417.0613830210641,1153.0
1785382344,0,total,S2,6.400000,0.000000,0,0,0,0,0,0,0,0,0,0,0,944,0,2500.0,2259.8010576606366,1834.5366480061784,2580.8545429608785,256.0
1785382344,0,,Aggregated,12.800000,0.000000,0,0,0,0,0,0,0,0,0,0,0,1888,0,420.0,1308.4026379327936,271.6862150118686,2580.8545429608785,704.5
1785382345,0,TTFT,S2,6.400000,0.000000,0,0,0,0,0,0,0,0,0,0,0,944,0,360.0,357.0042182049508,271.6862150118686,417.0613830210641,1153.0
1785382345,0,total,S2,6.400000,0.000000,0,0,0,0,0,0,0,0,0,0,0,944,0,2500.0,2259.8010576606366,1834.5366480061784,2580.8545429608785,256.0
1785382345,0,,Aggregated,12.800000,0.000000,0,0,0,0,0,0,0,0,0,0,0,1888,0,420.0,1308.4026379327936,271.6862150118686,2580.8545429608785,704.5
1785382346,0,TTFT,S2,6.400000,0.000000,0,0,0,0,0,0,0,0,0,0,0,944,0,360.0,357.0042182049508,271.6862150118686,417.0613830210641,1153.0
1785382346,0,total,S2,6.400000,0.000000,0,0,0,0,0,0,0,0,0,0,0,944,0,2500.0,2259.8010576606366,1834.5366480061784,2580.8545429608785,256.0
1785382346,0,,Aggregated,12.800000,0.000000,0,0,0,0,0,0,0,0,0,0,0,1888,0,420.0,1308.4026379327936,271.6862150118686,2580.8545429608785,704.5
1785382347,0,TTFT,S2,6.400000,0.000000,0,0,0,0,0,0,0,0,0,0,0,944,0,360.0,357.0042182049508,271.6862150118686,417.0613830210641,1153.0
1785382347,0,total,S2,6.400000,0.000000,0,0,0,0,0,0,0,0,0,0,0,944,0,2500.0,2259.8010576606366,1834.5366480061784,2580.8545429608785,256.0
1785382347,0,,Aggregated,12.800000,0.000000,0,0,0,0,0,0,0,0,0,0,0,1888,0,420.0,1308.4026379327936,271.6862150118686,2580.8545429608785,704.5
1785382348,0,TTFT,S2,6.400000,0.000000,0,0,0,0,0,0,0,0,0,0,0,944,0,360.0,357.0042182049508,271.6862150118686,417.0613830210641,1153.0
1785382348,0,total,S2,6.400000,0.000000,0,0,0,0,0,0,0,0,0,0,0,944,0,2500.0,2259.8010576606366,1834.5366480061784,2580.8545429608785,256.0
1785382348,0,,Aggregated,12.800000,0.000000,0,0,0,0,0,0,0,0,0,0,0,1888,0,420.0,1308.4026379327936,271.6862150118686,2580.8545429608785,704.5
1785382349,0,TTFT,S2,6.400000,0.000000,0,0,0,0,0,0,0,0,0,0,0,944,0,360.0,357.0042182049508,271.6862150118686,417.0613830210641,1153.0
1785382349,0,total,S2,6.400000,0.000000,0,0,0,0,0,0,0,0,0,0,0,944,0,2500.0,2259.8010576606366,1834.5366480061784,2580.8545429608785,256.0
1785382349,0,,Aggregated,12.800000,0.000000,0,0,0,0,0,0,0,0,0,0,0,1888,0,420.0,1308.4026379327936,271.6862150118686,2580.8545429608785,704.5
1785382350,0,TTFT,S2,6.400000,0.000000,0,0,0,0,0,0,0,0,0,0,0,944,0,360.0,357.0042182049508,271.6862150118686,417.0613830210641,1153.0
1785382350,0,total,S2,6.400000,0.000000,0,0,0,0,0,0,0,0,0,0,0,944,0,2500.0,2259.8010576606366,1834.5366480061784,2580.8545429608785,256.0
1785382350,0,,Aggregated,12.800000,0.000000,0,0,0,0,0,0,0,0,0,0,0,1888,0,420.0,1308.4026379327936,271.6862150118686,2580.8545429608785,704.5
1785382351,0,TTFT,S2,6.400000,0.000000,0,0,0,0,0,0,0,0,0,0,0,944,0,360.0,357.0042182049508,271.6862150118686,417.0613830210641,1153.0
1785382351,0,total,S2,6.400000,0.000000,0,0,0,0,0,0,0,0,0,0,0,944,0,2500.0,2259.8010576606366,1834.5366480061784,2580.8545429608785,256.0
1785382351,0,,Aggregated,12.800000,0.000000,0,0,0,0,0,0,0,0,0,0,0,1888,0,420.0,1308.4026379327936,271.6862150118686,2580.8545429608785,704.5
1785382352,0,TTFT,S2,6.400000,0.000000,0,0,0,0,0,0,0,0,0,0,0,944,0,360.0,357.0042182049508,271.6862150118686,417.0613830210641,1153.0
1785382352,0,total,S2,6.400000,0.000000,0,0,0,0,0,0,0,0,0,0,0,944,0,2500.0,2259.8010576606366,1834.5366480061784,2580.8545429608785,256.0
1785382352,0,,Aggregated,12.800000,0.000000,0,0,0,0,0,0,0,0,0,0,0,1888,0,420.0,1308.4026379327936,271.6862150118686,2580.8545429608785,704.5
1785382353,0,TTFT,S2,6.400000,0.000000,0,0,0,0,0,0,0,0,0,0,0,944,0,360.0,357.0042182049508,271.6862150118686,417.0613830210641,1153.0
1785382353,0,total,S2,6.400000,0.000000,0,0,0,0,0,0,0,0,0,0,0,944,0,2500.0,2259.8010576606366,1834.5366480061784,2580.8545429608785,256.0
1785382353,0,,Aggregated,12.800000,0.000000,0,0,0,0,0,0,0,0,0,0,0,1888,0,420.0,1308.4026379327936,271.6862150118686,2580.8545429608785,704.5
1785382354,0,TTFT,S2,6.400000,0.000000,0,0,0,0,0,0,0,0,0,0,0,944,0,360.0,357.0042182049508,271.6862150118686,417.0613830210641,1153.0
1785382354,0,total,S2,6.400000,0.000000,0,0,0,0,0,0,0,0,0,0,0,944,0,2500.0,2259.8010576606366,1834.5366480061784,2580.8545429608785,256.0
1785382354,0,,Aggregated,12.800000,0.000000,0,0,0,0,0,0,0,0,0,0,0,1888,0,420.0,1308.4026379327936,271.6862150118686,2580.8545429608785,704.5
1785382355,0,TTFT,S2,6.400000,0.000000,0,0,0,0,0,0,0,0,0,0,0,944,0,360.0,357.0042182049508,271.6862150118686,417.0613830210641,1153.0
1785382355,0,total,S2,6.400000,0.000000,0,0,0,0,0,0,0,0,0,0,0,944,0,2500.0,2259.8010576606366,1834.5366480061784,2580.8545429608785,256.0
1785382355,0,,Aggregated,12.800000,0.000000,0,0,0,0,0,0,0,0,0,0,0,1888,0,420.0,1308.4026379327936,271.6862150118686,2580.8545429608785,704.5
1785382356,0,TTFT,S2,6.400000,0.000000,0,0,0,0,0,0,0,0,0,0,0,944,0,360.0,357.0042182049508,271.6862150118686,417.0613830210641,1153.0
1785382356,0,total,S2,6.400000,0.000000,0,0,0,0,0,0,0,0,0,0,0,944,0,2500.0,2259.8010576606366,1834.5366480061784,2580.8545429608785,256.0
1785382356,0,,Aggregated,12.800000,0.000000,0,0,0,0,0,0,0,0,0,0,0,1888,0,420.0,1308.4026379327936,271.6862150118686,2580.8545429608785,704.5
1785382357,0,TTFT,S2,6.400000,0.000000,0,0,0,0,0,0,0,0,0,0,0,944,0,360.0,357.0042182049508,271.6862150118686,417.0613830210641,1153.0
1785382357,0,total,S2,6.400000,0.000000,0,0,0,0,0,0,0,0,0,0,0,944,0,2500.0,2259.8010576606366,1834.5366480061784,2580.8545429608785,256.0
1785382357,0,,Aggregated,12.800000,0.000000,0,0,0,0,0,0,0,0,0,0,0,1888,0,420.0,1308.4026379327936,271.6862150118686,2580.8545429608785,704.5
1785382358,0,TTFT,S2,6.400000,0.000000,0,0,0,0,0,0,0,0,0,0,0,944,0,360.0,357.0042182049508,271.6862150118686,417.0613830210641,1153.0
1785382358,0,total,S2,6.400000,0.000000,0,0,0,0,0,0,0,0,0,0,0,944,0,2500.0,2259.8010576606366,1834.5366480061784,2580.8545429608785,256.0
1785382358,0,,Aggregated,12.800000,0.000000,0,0,0,0,0,0,0,0,0,0,0,1888,0,420.0,1308.4026379327936,271.6862150118686,2580.8545429608785,704.5
1785382359,0,TTFT,S2,6.400000,0.000000,0,0,0,0,0,0,0,0,0,0,0,944,0,360.0,357.0042182049508,271.6862150118686,417.0613830210641,1153.0
1785382359,0,total,S2,6.400000,0.000000,0,0,0,0,0,0,0,0,0,0,0,944,0,2500.0,2259.8010576606366,1834.5366480061784,2580.8545429608785,256.0
1785382359,0,,Aggregated,12.800000,0.000000,0,0,0,0,0,0,0,0,0,0,0,1888,0,420.0,1308.4026379327936,271.6862150118686,2580.8545429608785,704.5
1785382360,0,TTFT,S2,6.400000,0.000000,0,0,0,0,0,0,0,0,0,0,0,944,0,360.0,357.0042182049508,271.6862150118686,417.0613830210641,1153.0
1785382360,0,total,S2,6.400000,0.000000,0,0,0,0,0,0,0,0,0,0,0,944,0,2500.0,2259.8010576606366,1834.5366480061784,2580.8545429608785,256.0
1785382360,0,,Aggregated,12.800000,0.000000,0,0,0,0,0,0,0,0,0,0,0,1888,0,420.0,1308.4026379327936,271.6862150118686,2580.8545429608785,704.5
1785382361,0,TTFT,S2,6.400000,0.000000,0,0,0,0,0,0,0,0,0,0,0,944,0,360.0,357.0042182049508,271.6862150118686,417.0613830210641,1153.0
1785382361,0,total,S2,6.400000,0.000000,0,0,0,0,0,0,0,0,0,0,0,944,0,2500.0,2259.8010576606366,1834.5366480061784,2580.8545429608785,256.0
1785382361,0,,Aggregated,12.800000,0.000000,0,0,0,0,0,0,0,0,0,0,0,1888,0,420.0,1308.4026379327936,271.6862150118686,2580.8545429608785,704.5
1785382362,0,TTFT,S2,6.400000,0.000000,0,0,0,0,0,0,0,0,0,0,0,944,0,360.0,357.0042182049508,271.6862150118686,417.0613830210641,1153.0
1785382362,0,total,S2,6.400000,0.000000,0,0,0,0,0,0,0,0,0,0,0,944,0,2500.0,2259.8010576606366,1834.5366480061784,2580.8545429608785,256.0
1785382362,0,,Aggregated,12.800000,0.000000,0,0,0,0,0,0,0,0,0,0,0,1888,0,420.0,1308.4026379327936,271.6862150118686,2580.8545429608785,704.5
1785382363,0,TTFT,S2,6.400000,0.000000,0,0,0,0,0,0,0,0,0,0,0,944,0,360.0,357.0042182049508,271.6862150118686,417.0613830210641,1153.0
1785382363,0,total,S2,6.400000,0.000000,0,0,0,0,0,0,0,0,0,0,0,944,0,2500.0,2259.8010576606366,1834.5366480061784,2580.8545429608785,256.0
1785382363,0,,Aggregated,12.800000,0.000000,0,0,0,0,0,0,0,0,0,0,0,1888,0,420.0,1308.4026379327936,271.6862150118686,2580.8545429608785,704.5
1785382364,0,TTFT,S2,6.400000,0.000000,0,0,0,0,0,0,0,0,0,0,0,944,0,360.0,357.0042182049508,271.6862150118686,417.0613830210641,1153.0
1785382364,0,total,S2,6.400000,0.000000,0,0,0,0,0,0,0,0,0,0,0,944,0,2500.0,2259.8010576606366,1834.5366480061784,2580.8545429608785,256.0
1785382364,0,,Aggregated,12.800000,0.000000,0,0,0,0,0,0,0,0,0,0,0,1888,0,420.0,1308.4026379327936,271.6862150118686,2580.8545429608785,704.5
1785382365,0,TTFT,S2,6.400000,0.000000,0,0,0,0,0,0,0,0,0,0,0,944,0,360.0,357.0042182049508,271.6862150118686,417.0613830210641,1153.0
1785382365,0,total,S2,6.400000,0.000000,0,0,0,0,0,0,0,0,0,0,0,944,0,2500.0,2259.8010576606366,1834.5366480061784,2580.8545429608785,256.0
1785382365,0,,Aggregated,12.800000,0.000000,0,0,0,0,0,0,0,0,0,0,0,1888,0,420.0,1308.4026379327936,271.6862150118686,2580.8545429608785,704.5
1785382366,0,TTFT,S2,6.400000,0.000000,0,0,0,0,0,0,0,0,0,0,0,944,0,360.0,357.0042182049508,271.6862150118686,417.0613830210641,1153.0
1785382366,0,total,S2,6.400000,0.000000,0,0,0,0,0,0,0,0,0,0,0,944,0,2500.0,2259.8010576606366,1834.5366480061784,2580.8545429608785,256.0
1785382366,0,,Aggregated,12.800000,0.000000,0,0,0,0,0,0,0,0,0,0,0,1888,0,420.0,1308.4026379327936,271.6862150118686,2580.8545429608785,704.5
1785382367,0,TTFT,S2,6.400000,0.000000,0,0,0,0,0,0,0,0,0,0,0,944,0,360.0,357.0042182049508,271.6862150118686,417.0613830210641,1153.0
1785382367,0,total,S2,6.400000,0.000000,0,0,0,0,0,0,0,0,0,0,0,944,0,2500.0,2259.8010576606366,1834.5366480061784,2580.8545429608785,256.0
1785382367,0,,Aggregated,12.800000,0.000000,0,0,0,0,0,0,0,0,0,0,0,1888,0,420.0,1308.4026379327936,271.6862150118686,2580.8545429608785,704.5
1785382368,0,TTFT,S2,6.400000,0.000000,0,0,0,0,0,0,0,0,0,0,0,944,0,360.0,357.0042182049508,271.6862150118686,417.0613830210641,1153.0
1785382368,0,total,S2,6.400000,0.000000,0,0,0,0,0,0,0,0,0,0,0,944,0,2500.0,2259.8010576606366,1834.5366480061784,2580.8545429608785,256.0
1785382368,0,,Aggregated,12.800000,0.000000,0,0,0,0,0,0,0,0,0,0,0,1888,0,420.0,1308.4026379327936,271.6862150118686,2580.8545429608785,704.5
1785382369,0,TTFT,S2,6.400000,0.000000,0,0,0,0,0,0,0,0,0,0,0,944,0,360.0,357.0042182049508,271.6862150118686,417.0613830210641,1153.0
1785382369,0,total,S2,6.400000,0.000000,0,0,0,0,0,0,0,0,0,0,0,944,0,2500.0,2259.8010576606366,1834.5366480061784,2580.8545429608785,256.0
1785382369,0,,Aggregated,12.800000,0.000000,0,0,0,0,0,0,0,0,0,0,0,1888,0,420.0,1308.4026379327936,271.6862150118686,2580.8545429608785,704.5
1785382370,0,TTFT,S2,6.400000,0.000000,0,0,0,0,0,0,0,0,0,0,0,944,0,360.0,357.0042182049508,271.6862150118686,417.0613830210641,1153.0
1785382370,0,total,S2,6.400000,0.000000,0,0,0,0,0,0,0,0,0,0,0,944,0,2500.0,2259.8010576606366,1834.5366480061784,2580.8545429608785,256.0
1785382370,0,,Aggregated,12.800000,0.000000,0,0,0,0,0,0,0,0,0,0,0,1888,0,420.0,1308.4026379327936,271.6862150118686,2580.8545429608785,704.5
1785382371,0,TTFT,S2,6.400000,0.000000,0,0,0,0,0,0,0,0,0,0,0,944,0,360.0,357.0042182049508,271.6862150118686,417.0613830210641,1153.0
1785382371,0,total,S2,6.400000,0.000000,0,0,0,0,0,0,0,0,0,0,0,944,0,2500.0,2259.8010576606366,1834.5366480061784,2580.8545429608785,256.0
1785382371,0,,Aggregated,12.800000,0.000000,0,0,0,0,0,0,0,0,0,0,0,1888,0,420.0,1308.4026379327936,271.6862150118686,2580.8545429608785,704.5
1785382372,0,TTFT,S2,6.400000,0.000000,0,0,0,0,0,0,0,0,0,0,0,944,0,360.0,357.0042182049508,271.6862150118686,417.0613830210641,1153.0
1785382372,0,total,S2,6.400000,0.000000,0,0,0,0,0,0,0,0,0,0,0,944,0,2500.0,2259.8010576606366,1834.5366480061784,2580.8545429608785,256.0
1785382372,0,,Aggregated,12.800000,0.000000,0,0,0,0,0,0,0,0,0,0,0,1888,0,420.0,1308.4026379327936,271.6862150118686,2580.8545429608785,704.5
1785382373,0,TTFT,S2,6.400000,0.000000,0,0,0,0,0,0,0,0,0,0,0,944,0,360.0,357.0042182049508,271.6862150118686,417.0613830210641,1153.0
1785382373,0,total,S2,6.400000,0.000000,0,0,0,0,0,0,0,0,0,0,0,944,0,2500.0,2259.8010576606366,1834.5366480061784,2580.8545429608785,256.0
1785382373,0,,Aggregated,12.800000,0.000000,0,0,0,0,0,0,0,0,0,0,0,1888,0,420.0,1308.4026379327936,271.6862150118686,2580.8545429608785,704.5
1785382374,0,TTFT,S2,6.400000,0.000000,0,0,0,0,0,0,0,0,0,0,0,944,0,360.0,357.0042182049508,271.6862150118686,417.0613830210641,1153.0
1785382374,0,total,S2,6.400000,0.000000,0,0,0,0,0,0,0,0,0,0,0,944,0,2500.0,2259.8010576606366,1834.5366480061784,2580.8545429608785,256.0
1785382374,0,,Aggregated,12.800000,0.000000,0,0,0,0,0,0,0,0,0,0,0,1888,0,420.0,1308.4026379327936,271.6862150118686,2580.8545429608785,704.5
1785382375,0,TTFT,S2,6.400000,0.000000,0,0,0,0,0,0,0,0,0,0,0,944,0,360.0,357.0042182049508,271.6862150118686,417.0613830210641,1153.0
1785382375,0,total,S2,6.400000,0.000000,0,0,0,0,0,0,0,0,0,0,0,944,0,2500.0,2259.8010576606366,1834.5366480061784,2580.8545429608785,256.0
1785382375,0,,Aggregated,12.800000,0.000000,0,0,0,0,0,0,0,0,0,0,0,1888,0,420.0,1308.4026379327936,271.6862150118686,2580.8545429608785,704.5
1785382376,0,TTFT,S2,6.400000,0.000000,0,0,0,0,0,0,0,0,0,0,0,944,0,360.0,357.0042182049508,271.6862150118686,417.0613830210641,1153.0
1785382376,0,total,S2,6.400000,0.000000,0,0,0,0,0,0,0,0,0,0,0,944,0,2500.0,2259.8010576606366,1834.5366480061784,2580.8545429608785,256.0
1785382376,0,,Aggregated,12.800000,0.000000,0,0,0,0,0,0,0,0,0,0,0,1888,0,420.0,1308.4026379327936,271.6862150118686,2580.8545429608785,704.5
1785382377,0,TTFT,S2,6.400000,0.000000,0,0,0,0,0,0,0,0,0,0,0,944,0,360.0,357.0042182049508,271.6862150118686,417.0613830210641,1153.0
1785382377,0,total,S2,6.400000,0.000000,0,0,0,0,0,0,0,0,0,0,0,944,0,2500.0,2259.8010576606366,1834.5366480061784,2580.8545429608785,256.0
1785382377,0,,Aggregated,12.800000,0.000000,0,0,0,0,0,0,0,0,0,0,0,1888,0,420.0,1308.4026379327936,271.6862150118686,2580.8545429608785,704.5
1785382378,0,TTFT,S2,6.400000,0.000000,0,0,0,0,0,0,0,0,0,0,0,944,0,360.0,357.0042182049508,271.6862150118686,417.0613830210641,1153.0
1785382378,0,total,S2,6.400000,0.000000,0,0,0,0,0,0,0,0,0,0,0,944,0,2500.0,2259.8010576606366,1834.5366480061784,2580.8545429608785,256.0
1785382378,0,,Aggregated,12.800000,0.000000,0,0,0,0,0,0,0,0,0,0,0,1888,0,420.0,1308.4026379327936,271.6862150118686,2580.8545429608785,704.5
1785382379,0,TTFT,S2,6.400000,0.000000,0,0,0,0,0,0,0,0,0,0,0,944,0,360.0,357.0042182049508,271.6862150118686,417.0613830210641,1153.0
1785382379,0,total,S2,6.400000,0.000000,0,0,0,0,0,0,0,0,0,0,0,944,0,2500.0,2259.8010576606366,1834.5366480061784,2580.8545429608785,256.0
1785382379,0,,Aggregated,12.800000,0.000000,0,0,0,0,0,0,0,0,0,0,0,1888,0,420.0,1308.4026379327936,271.6862150118686,2580.8545429608785,704.5
1785382380,0,TTFT,S2,6.400000,0.000000,0,0,0,0,0,0,0,0,0,0,0,944,0,360.0,357.0042182049508,271.6862150118686,417.0613830210641,1153.0
1785382380,0,total,S2,6.400000,0.000000,0,0,0,0,0,0,0,0,0,0,0,944,0,2500.0,2259.8010576606366,1834.5366480061784,2580.8545429608785,256.0
1785382380,0,,Aggregated,12.800000,0.000000,0,0,0,0,0,0,0,0,0,0,0,1888,0,420.0,1308.4026379327936,271.6862150118686,2580.8545429608785,704.5
1785382381,0,TTFT,S2,6.400000,0.000000,0,0,0,0,0,0,0,0,0,0,0,944,0,360.0,357.0042182049508,271.6862150118686,417.0613830210641,1153.0
1785382381,0,total,S2,6.400000,0.000000,0,0,0,0,0,0,0,0,0,0,0,944,0,2500.0,2259.8010576606366,1834.5366480061784,2580.8545429608785,256.0
1785382381,0,,Aggregated,12.800000,0.000000,0,0,0,0,0,0,0,0,0,0,0,1888,0,420.0,1308.4026379327936,271.6862150118686,2580.8545429608785,704.5
1785382382,0,TTFT,S2,6.400000,0.000000,0,0,0,0,0,0,0,0,0,0,0,944,0,360.0,357.0042182049508,271.6862150118686,417.0613830210641,1153.0
1785382382,0,total,S2,6.400000,0.000000,0,0,0,0,0,0,0,0,0,0,0,944,0,2500.0,2259.8010576606366,1834.5366480061784,2580.8545429608785,256.0
1785382382,0,,Aggregated,12.800000,0.000000,0,0,0,0,0,0,0,0,0,0,0,1888,0,420.0,1308.4026379327936,271.6862150118686,2580.8545429608785,704.5
1785382383,0,TTFT,S2,6.400000,0.000000,0,0,0,0,0,0,0,0,0,0,0,944,0,360.0,357.0042182049508,271.6862150118686,417.0613830210641,1153.0
1785382383,0,total,S2,6.400000,0.000000,0,0,0,0,0,0,0,0,0,0,0,944,0,2500.0,2259.8010576606366,1834.5366480061784,2580.8545429608785,256.0
1785382383,0,,Aggregated,12.800000,0.000000,0,0,0,0,0,0,0,0,0,0,0,1888,0,420.0,1308.4026379327936,271.6862150118686,2580.8545429608785,704.5
1785382384,0,TTFT,S2,6.400000,0.000000,0,0,0,0,0,0,0,0,0,0,0,944,0,360.0,357.0042182049508,271.6862150118686,417.0613830210641,1153.0
1785382384,0,total,S2,6.400000,0.000000,0,0,0,0,0,0,0,0,0,0,0,944,0,2500.0,2259.8010576606366,1834.5366480061784,2580.8545429608785,256.0
1785382384,0,,Aggregated,12.800000,0.000000,0,0,0,0,0,0,0,0,0,0,0,1888,0,420.0,1308.4026379327936,271.6862150118686,2580.8545429608785,704.5
1785382385,0,TTFT,S2,6.400000,0.000000,0,0,0,0,0,0,0,0,0,0,0,944,0,360.0,357.0042182049508,271.6862150118686,417.0613830210641,1153.0
1785382385,0,total,S2,6.400000,0.000000,0,0,0,0,0,0,0,0,0,0,0,944,0,2500.0,2259.8010576606366,1834.5366480061784,2580.8545429608785,256.0
1785382385,0,,Aggregated,12.800000,0.000000,0,0,0,0,0,0,0,0,0,0,0,1888,0,420.0,1308.4026379327936,271.6862150118686,2580.8545429608785,704.5
1785382386,0,TTFT,S2,6.400000,0.000000,0,0,0,0,0,0,0,0,0,0,0,944,0,360.0,357.0042182049508,271.6862150118686,417.0613830210641,1153.0
1785382386,0,total,S2,6.400000,0.000000,0,0,0,0,0,0,0,0,0,0,0,944,0,2500.0,2259.8010576606366,1834.5366480061784,2580.8545429608785,256.0
1785382386,0,,Aggregated,12.800000,0.000000,0,0,0,0,0,0,0,0,0,0,0,1888,0,420.0,1308.4026379327936,271.6862150118686,2580.8545429608785,704.5
1785382387,0,TTFT,S2,6.400000,0.000000,0,0,0,0,0,0,0,0,0,0,0,944,0,360.0,357.0042182049508,271.6862150118686,417.0613830210641,1153.0
1785382387,0,total,S2,6.400000,0.000000,0,0,0,0,0,0,0,0,0,0,0,944,0,2500.0,2259.8010576606366,1834.5366480061784,2580.8545429608785,256.0
1785382387,0,,Aggregated,12.800000,0.000000,0,0,0,0,0,0,0,0,0,0,0,1888,0,420.0,1308.4026379327936,271.6862150118686,2580.8545429608785,704.5
1785382388,0,TTFT,S2,6.400000,0.000000,0,0,0,0,0,0,0,0,0,0,0,944,0,360.0,357.0042182049508,271.6862150118686,417.0613830210641,1153.0
1785382388,0,total,S2,6.400000,0.000000,0,0,0,0,0,0,0,0,0,0,0,944,0,2500.0,2259.8010576606366,1834.5366480061784,2580.8545429608785,256.0
1785382388,0,,Aggregated,12.800000,0.000000,0,0,0,0,0,0,0,0,0,0,0,1888,0,420.0,1308.4026379327936,271.6862150118686,2580.8545429608785,704.5
1785382389,0,TTFT,S2,6.400000,0.000000,0,0,0,0,0,0,0,0,0,0,0,944,0,360.0,357.0042182049508,271.6862150118686,417.0613830210641,1153.0
1785382389,0,total,S2,6.400000,0.000000,0,0,0,0,0,0,0,0,0,0,0,944,0,2500.0,2259.8010576606366,1834.5366480061784,2580.8545429608785,256.0
1785382389,0,,Aggregated,12.800000,0.000000,0,0,0,0,0,0,0,0,0,0,0,1888,0,420.0,1308.4026379327936,271.6862150118686,2580.8545429608785,704.5
1785382390,0,TTFT,S2,6.400000,0.000000,0,0,0,0,0,0,0,0,0,0,0,944,0,360.0,357.0042182049508,271.6862150118686,417.0613830210641,1153.0
1785382390,0,total,S2,6.400000,0.000000,0,0,0,0,0,0,0,0,0,0,0,944,0,2500.0,2259.8010576606366,1834.5366480061784,2580.8545429608785,256.0
1785382390,0,,Aggregated,12.800000,0.000000,0,0,0,0,0,0,0,0,0,0,0,1888,0,420.0,1308.4026379327936,271.6862150118686,2580.8545429608785,704.5
1785382391,0,TTFT,S2,6.400000,0.000000,0,0,0,0,0,0,0,0,0,0,0,944,0,360.0,357.0042182049508,271.6862150118686,417.0613830210641,1153.0
1785382391,0,total,S2,6.400000,0.000000,0,0,0,0,0,0,0,0,0,0,0,944,0,2500.0,2259.8010576606366,1834.5366480061784,2580.8545429608785,256.0
1785382391,0,,Aggregated,12.800000,0.000000,0,0,0,0,0,0,0,0,0,0,0,1888,0,420.0,1308.4026379327936,271.6862150118686,2580.8545429608785,704.5
1785382392,0,TTFT,S2,6.400000,0.000000,0,0,0,0,0,0,0,0,0,0,0,944,0,360.0,357.0042182049508,271.6862150118686,417.0613830210641,1153.0
1785382392,0,total,S2,6.400000,0.000000,0,0,0,0,0,0,0,0,0,0,0,944,0,2500.0,2259.8010576606366,1834.5366480061784,2580.8545429608785,256.0
1785382392,0,,Aggregated,12.800000,0.000000,0,0,0,0,0,0,0,0,0,0,0,1888,0,420.0,1308.4026379327936,271.6862150118686,2580.8545429608785,704.5
1785382393,0,TTFT,S2,6.400000,0.000000,0,0,0,0,0,0,0,0,0,0,0,944,0,360.0,357.0042182049508,271.6862150118686,417.0613830210641,1153.0
1785382393,0,total,S2,6.400000,0.000000,0,0,0,0,0,0,0,0,0,0,0,944,0,2500.0,2259.8010576606366,1834.5366480061784,2580.8545429608785,256.0
1785382393,0,,Aggregated,12.800000,0.000000,0,0,0,0,0,0,0,0,0,0,0,1888,0,420.0,1308.4026379327936,271.6862150118686,2580.8545429608785,704.5
1785382394,0,TTFT,S2,6.400000,0.000000,0,0,0,0,0,0,0,0,0,0,0,944,0,360.0,357.0042182049508,271.6862150118686,417.0613830210641,1153.0
1785382394,0,total,S2,6.400000,0.000000,0,0,0,0,0,0,0,0,0,0,0,944,0,2500.0,2259.8010576606366,1834.5366480061784,2580.8545429608785,256.0
1785382394,0,,Aggregated,12.800000,0.000000,0,0,0,0,0,0,0,0,0,0,0,1888,0,420.0,1308.4026379327936,271.6862150118686,2580.8545429608785,704.5
1785382395,0,TTFT,S2,6.400000,0.000000,0,0,0,0,0,0,0,0,0,0,0,944,0,360.0,357.0042182049508,271.6862150118686,417.0613830210641,1153.0
1785382395,0,total,S2,6.400000,0.000000,0,0,0,0,0,0,0,0,0,0,0,944,0,2500.0,2259.8010576606366,1834.5366480061784,2580.8545429608785,256.0
1785382395,0,,Aggregated,12.800000,0.000000,0,0,0,0,0,0,0,0,0,0,0,1888,0,420.0,1308.4026379327936,271.6862150118686,2580.8545429608785,704.5
1785382396,0,TTFT,S2,6.400000,0.000000,0,0,0,0,0,0,0,0,0,0,0,944,0,360.0,357.0042182049508,271.6862150118686,417.0613830210641,1153.0
1785382396,0,total,S2,6.400000,0.000000,0,0,0,0,0,0,0,0,0,0,0,944,0,2500.0,2259.8010576606366,1834.5366480061784,2580.8545429608785,256.0
1785382396,0,,Aggregated,12.800000,0.000000,0,0,0,0,0,0,0,0,0,0,0,1888,0,420.0,1308.4026379327936,271.6862150118686,2580.8545429608785,704.5
1785382397,0,TTFT,S2,6.400000,0.000000,0,0,0,0,0,0,0,0,0,0,0,944,0,360.0,357.0042182049508,271.6862150118686,417.0613830210641,1153.0
1785382397,0,total,S2,6.400000,0.000000,0,0,0,0,0,0,0,0,0,0,0,944,0,2500.0,2259.8010576606366,1834.5366480061784,2580.8545429608785,256.0
1785382397,0,,Aggregated,12.800000,0.000000,0,0,0,0,0,0,0,0,0,0,0,1888,0,420.0,1308.4026379327936,271.6862150118686,2580.8545429608785,704.5
1785382398,0,TTFT,S2,6.400000,0.000000,0,0,0,0,0,0,0,0,0,0,0,944,0,360.0,357.0042182049508,271.6862150118686,417.0613830210641,1153.0
1785382398,0,total,S2,6.400000,0.000000,0,0,0,0,0,0,0,0,0,0,0,944,0,2500.0,2259.8010576606366,1834.5366480061784,2580.8545429608785,256.0
1785382398,0,,Aggregated,12.800000,0.000000,0,0,0,0,0,0,0,0,0,0,0,1888,0,420.0,1308.4026379327936,271.6862150118686,2580.8545429608785,704.5
1785382399,0,TTFT,S2,6.400000,0.000000,0,0,0,0,0,0,0,0,0,0,0,944,0,360.0,357.0042182049508,271.6862150118686,417.0613830210641,1153.0
1785382399,0,total,S2,6.400000,0.000000,0,0,0,0,0,0,0,0,0,0,0,944,0,2500.0,2259.8010576606366,1834.5366480061784,2580.8545429608785,256.0
1785382399,0,,Aggregated,12.800000,0.000000,0,0,0,0,0,0,0,0,0,0,0,1888,0,420.0,1308.4026379327936,271.6862150118686,2580.8545429608785,704.5
1785382400,0,TTFT,S2,6.400000,0.000000,0,0,0,0,0,0,0,0,0,0,0,944,0,360.0,357.0042182049508,271.6862150118686,417.0613830210641,1153.0
1785382400,0,total,S2,6.400000,0.000000,0,0,0,0,0,0,0,0,0,0,0,944,0,2500.0,2259.8010576606366,1834.5366480061784,2580.8545429608785,256.0
1785382400,0,,Aggregated,12.800000,0.000000,0,0,0,0,0,0,0,0,0,0,0,1888,0,420.0,1308.4026379327936,271.6862150118686,2580.8545429608785,704.5
1785382401,0,TTFT,S2,6.400000,0.000000,0,0,0,0,0,0,0,0,0,0,0,944,0,360.0,357.0042182049508,271.6862150118686,417.0613830210641,1153.0
1785382401,0,total,S2,6.400000,0.000000,0,0,0,0,0,0,0,0,0,0,0,944,0,2500.0,2259.8010576606366,1834.5366480061784,2580.8545429608785,256.0
1785382401,0,,Aggregated,12.800000,0.000000,0,0,0,0,0,0,0,0,0,0,0,1888,0,420.0,1308.4026379327936,271.6862150118686,2580.8545429608785,704.5
1785382402,0,TTFT,S2,6.400000,0.000000,0,0,0,0,0,0,0,0,0,0,0,944,0,360.0,357.0042182049508,271.6862150118686,417.0613830210641,1153.0
1785382402,0,total,S2,6.400000,0.000000,0,0,0,0,0,0,0,0,0,0,0,944,0,2500.0,2259.8010576606366,1834.5366480061784,2580.8545429608785,256.0
1785382402,0,,Aggregated,12.800000,0.000000,0,0,0,0,0,0,0,0,0,0,0,1888,0,420.0,1308.4026379327936,271.6862150118686,2580.8545429608785,704.5
1785382403,0,TTFT,S2,6.400000,0.000000,0,0,0,0,0,0,0,0,0,0,0,944,0,360.0,357.0042182049508,271.6862150118686,417.0613830210641,1153.0
1785382403,0,total,S2,6.400000,0.000000,0,0,0,0,0,0,0,0,0,0,0,944,0,2500.0,2259.8010576606366,1834.5366480061784,2580.8545429608785,256.0
1785382403,0,,Aggregated,12.800000,0.000000,0,0,0,0,0,0,0,0,0,0,0,1888,0,420.0,1308.4026379327936,271.6862150118686,2580.8545429608785,704.5
1785382404,0,TTFT,S2,6.400000,0.000000,0,0,0,0,0,0,0,0,0,0,0,944,0,360.0,357.0042182049508,271.6862150118686,417.0613830210641,1153.0
1785382404,0,total,S2,6.400000,0.000000,0,0,0,0,0,0,0,0,0,0,0,944,0,2500.0,2259.8010576606366,1834.5366480061784,2580.8545429608785,256.0
1785382404,0,,Aggregated,12.800000,0.000000,0,0,0,0,0,0,0,0,0,0,0,1888,0,420.0,1308.4026379327936,271.6862150118686,2580.8545429608785,704.5
1785382405,0,TTFT,S2,6.400000,0.000000,0,0,0,0,0,0,0,0,0,0,0,944,0,360.0,357.0042182049508,271.6862150118686,417.0613830210641,1153.0
1785382405,0,total,S2,6.400000,0.000000,0,0,0,0,0,0,0,0,0,0,0,944,0,2500.0,2259.8010576606366,1834.5366480061784,2580.8545429608785,256.0
1785382405,0,,Aggregated,12.800000,0.000000,0,0,0,0,0,0,0,0,0,0,0,1888,0,420.0,1308.4026379327936,271.6862150118686,2580.8545429608785,704.5
1785382406,0,TTFT,S2,6.400000,0.000000,0,0,0,0,0,0,0,0,0,0,0,944,0,360.0,357.0042182049508,271.6862150118686,417.0613830210641,1153.0
1785382406,0,total,S2,6.400000,0.000000,0,0,0,0,0,0,0,0,0,0,0,944,0,2500.0,2259.8010576606366,1834.5366480061784,2580.8545429608785,256.0
1785382406,0,,Aggregated,12.800000,0.000000,0,0,0,0,0,0,0,0,0,0,0,1888,0,420.0,1308.4026379327936,271.6862150118686,2580.8545429608785,704.5
1785382407,0,TTFT,S2,6.400000,0.000000,0,0,0,0,0,0,0,0,0,0,0,944,0,360.0,357.0042182049508,271.6862150118686,417.0613830210641,1153.0
1785382407,0,total,S2,6.400000,0.000000,0,0,0,0,0,0,0,0,0,0,0,944,0,2500.0,2259.8010576606366,1834.5366480061784,2580.8545429608785,256.0
1785382407,0,,Aggregated,12.800000,0.000000,0,0,0,0,0,0,0,0,0,0,0,1888,0,420.0,1308.4026379327936,271.6862150118686,2580.8545429608785,704.5
1785382408,0,TTFT,S2,6.400000,0.000000,0,0,0,0,0,0,0,0,0,0,0,944,0,360.0,357.0042182049508,271.6862150118686,417.0613830210641,1153.0
1785382408,0,total,S2,6.400000,0.000000,0,0,0,0,0,0,0,0,0,0,0,944,0,2500.0,2259.8010576606366,1834.5366480061784,2580.8545429608785,256.0
1785382408,0,,Aggregated,12.800000,0.000000,0,0,0,0,0,0,0,0,0,0,0,1888,0,420.0,1308.4026379327936,271.6862150118686,2580.8545429608785,704.5
1785382409,0,TTFT,S2,6.400000,0.000000,0,0,0,0,0,0,0,0,0,0,0,944,0,360.0,357.0042182049508,271.6862150118686,417.0613830210641,1153.0
1785382409,0,total,S2,6.400000,0.000000,0,0,0,0,0,0,0,0,0,0,0,944,0,2500.0,2259.8010576606366,1834.5366480061784,2580.8545429608785,256.0
1785382409,0,,Aggregated,12.800000,0.000000,0,0,0,0,0,0,0,0,0,0,0,1888,0,420.0,1308.4026379327936,271.6862150118686,2580.8545429608785,704.5
1785382410,0,TTFT,S2,6.400000,0.000000,0,0,0,0,0,0,0,0,0,0,0,944,0,360.0,357.0042182049508,271.6862150118686,417.0613830210641,1153.0
1785382410,0,total,S2,6.400000,0.000000,0,0,0,0,0,0,0,0,0,0,0,944,0,2500.0,2259.8010576606366,1834.5366480061784,2580.8545429608785,256.0
1785382410,0,,Aggregated,12.800000,0.000000,0,0,0,0,0,0,0,0,0,0,0,1888,0,420.0,1308.4026379327936,271.6862150118686,2580.8545429608785,704.5
1785382411,0,TTFT,S2,6.400000,0.000000,0,0,0,0,0,0,0,0,0,0,0,944,0,360.0,357.0042182049508,271.6862150118686,417.0613830210641,1153.0
1785382411,0,total,S2,6.400000,0.000000,0,0,0,0,0,0,0,0,0,0,0,944,0,2500.0,2259.8010576606366,1834.5366480061784,2580.8545429608785,256.0
1785382411,0,,Aggregated,12.800000,0.000000,0,0,0,0,0,0,0,0,0,0,0,1888,0,420.0,1308.4026379327936,271.6862150118686,2580.8545429608785,704.5
1785382412,0,TTFT,S2,6.400000,0.000000,0,0,0,0,0,0,0,0,0,0,0,944,0,360.0,357.0042182049508,271.6862150118686,417.0613830210641,1153.0
1785382412,0,total,S2,6.400000,0.000000,0,0,0,0,0,0,0,0,0,0,0,944,0,2500.0,2259.8010576606366,1834.5366480061784,2580.8545429608785,256.0
1785382412,0,,Aggregated,12.800000,0.000000,0,0,0,0,0,0,0,0,0,0,0,1888,0,420.0,1308.4026379327936,271.6862150118686,2580.8545429608785,704.5
1785382413,0,TTFT,S2,6.400000,0.000000,0,0,0,0,0,0,0,0,0,0,0,944,0,360.0,357.0042182049508,271.6862150118686,417.0613830210641,1153.0
1785382413,0,total,S2,6.400000,0.000000,0,0,0,0,0,0,0,0,0,0,0,944,0,2500.0,2259.8010576606366,1834.5366480061784,2580.8545429608785,256.0
1785382413,0,,Aggregated,12.800000,0.000000,0,0,0,0,0,0,0,0,0,0,0,1888,0,420.0,1308.4026379327936,271.6862150118686,2580.8545429608785,704.5
1785382414,0,TTFT,S2,6.400000,0.000000,0,0,0,0,0,0,0,0,0,0,0,944,0,360.0,357.0042182049508,271.6862150118686,417.0613830210641,1153.0
1785382414,0,total,S2,6.400000,0.000000,0,0,0,0,0,0,0,0,0,0,0,944,0,2500.0,2259.8010576606366,1834.5366480061784,2580.8545429608785,256.0
1785382414,0,,Aggregated,12.800000,0.000000,0,0,0,0,0,0,0,0,0,0,0,1888,0,420.0,1308.4026379327936,271.6862150118686,2580.8545429608785,704.5
1785382415,0,TTFT,S2,6.400000,0.000000,0,0,0,0,0,0,0,0,0,0,0,944,0,360.0,357.0042182049508,271.6862150118686,417.0613830210641,1153.0
1785382415,0,total,S2,6.400000,0.000000,0,0,0,0,0,0,0,0,0,0,0,944,0,2500.0,2259.8010576606366,1834.5366480061784,2580.8545429608785,256.0
1785382415,0,,Aggregated,12.800000,0.000000,0,0,0,0,0,0,0,0,0,0,0,1888,0,420.0,1308.4026379327936,271.6862150118686,2580.8545429608785,704.5
1785382416,0,TTFT,S2,6.400000,0.000000,0,0,0,0,0,0,0,0,0,0,0,944,0,360.0,357.0042182049508,271.6862150118686,417.0613830210641,1153.0
1785382416,0,total,S2,6.400000,0.000000,0,0,0,0,0,0,0,0,0,0,0,944,0,2500.0,2259.8010576606366,1834.5366480061784,2580.8545429608785,256.0
1785382416,0,,Aggregated,12.800000,0.000000,0,0,0,0,0,0,0,0,0,0,0,1888,0,420.0,1308.4026379327936,271.6862150118686,2580.8545429608785,704.5
1785382417,0,TTFT,S2,6.400000,0.000000,0,0,0,0,0,0,0,0,0,0,0,944,0,360.0,357.0042182049508,271.6862150118686,417.0613830210641,1153.0
1785382417,0,total,S2,6.400000,0.000000,0,0,0,0,0,0,0,0,0,0,0,944,0,2500.0,2259.8010576606366,1834.5366480061784,2580.8545429608785,256.0
1785382417,0,,Aggregated,12.800000,0.000000,0,0,0,0,0,0,0,0,0,0,0,1888,0,420.0,1308.4026379327936,271.6862150118686,2580.8545429608785,704.5
1785382418,0,TTFT,S2,6.400000,0.000000,0,0,0,0,0,0,0,0,0,0,0,944,0,360.0,357.0042182049508,271.6862150118686,417.0613830210641,1153.0
1785382418,0,total,S2,6.400000,0.000000,0,0,0,0,0,0,0,0,0,0,0,944,0,2500.0,2259.8010576606366,1834.5366480061784,2580.8545429608785,256.0
1785382418,0,,Aggregated,12.800000,0.000000,0,0,0,0,0,0,0,0,0,0,0,1888,0,420.0,1308.4026379327936,271.6862150118686,2580.8545429608785,704.5
1785382419,0,TTFT,S2,6.400000,0.000000,0,0,0,0,0,0,0,0,0,0,0,944,0,360.0,357.0042182049508,271.6862150118686,417.0613830210641,1153.0
1785382419,0,total,S2,6.400000,0.000000,0,0,0,0,0,0,0,0,0,0,0,944,0,2500.0,2259.8010576606366,1834.5366480061784,2580.8545429608785,256.0
1785382419,0,,Aggregated,12.800000,0.000000,0,0,0,0,0,0,0,0,0,0,0,1888,0,420.0,1308.4026379327936,271.6862150118686,2580.8545429608785,704.5
1785382420,0,TTFT,S2,6.400000,0.000000,0,0,0,0,0,0,0,0,0,0,0,944,0,360.0,357.0042182049508,271.6862150118686,417.0613830210641,1153.0
1785382420,0,total,S2,6.400000,0.000000,0,0,0,0,0,0,0,0,0,0,0,944,0,2500.0,2259.8010576606366,1834.5366480061784,2580.8545429608785,256.0
1785382420,0,,Aggregated,12.800000,0.000000,0,0,0,0,0,0,0,0,0,0,0,1888,0,420.0,1308.4026379327936,271.6862150118686,2580.8545429608785,704.5
1785382421,0,TTFT,S2,6.400000,0.000000,0,0,0,0,0,0,0,0,0,0,0,944,0,360.0,357.0042182049508,271.6862150118686,417.0613830210641,1153.0
1785382421,0,total,S2,6.400000,0.000000,0,0,0,0,0,0,0,0,0,0,0,944,0,2500.0,2259.8010576606366,1834.5366480061784,2580.8545429608785,256.0
1785382421,0,,Aggregated,12.800000,0.000000,0,0,0,0,0,0,0,0,0,0,0,1888,0,420.0,1308.4026379327936,271.6862150118686,2580.8545429608785,704.5
1785382422,0,TTFT,S2,6.400000,0.000000,0,0,0,0,0,0,0,0,0,0,0,944,0,360.0,357.0042182049508,271.6862150118686,417.0613830210641,1153.0
1785382422,0,total,S2,6.400000,0.000000,0,0,0,0,0,0,0,0,0,0,0,944,0,2500.0,2259.8010576606366,1834.5366480061784,2580.8545429608785,256.0
1785382422,0,,Aggregated,12.800000,0.000000,0,0,0,0,0,0,0,0,0,0,0,1888,0,420.0,1308.4026379327936,271.6862150118686,2580.8545429608785,704.5
1785382423,0,TTFT,S2,6.400000,0.000000,0,0,0,0,0,0,0,0,0,0,0,944,0,360.0,357.0042182049508,271.6862150118686,417.0613830210641,1153.0
1785382423,0,total,S2,6.400000,0.000000,0,0,0,0,0,0,0,0,0,0,0,944,0,2500.0,2259.8010576606366,1834.5366480061784,2580.8545429608785,256.0
1785382423,0,,Aggregated,12.800000,0.000000,0,0,0,0,0,0,0,0,0,0,0,1888,0,420.0,1308.4026379327936,271.6862150118686,2580.8545429608785,704.5
1785382424,0,TTFT,S2,6.400000,0.000000,0,0,0,0,0,0,0,0,0,0,0,944,0,360.0,357.0042182049508,271.6862150118686,417.0613830210641,1153.0
1785382424,0,total,S2,6.400000,0.000000,0,0,0,0,0,0,0,0,0,0,0,944,0,2500.0,2259.8010576606366,1834.5366480061784,2580.8545429608785,256.0
1785382424,0,,Aggregated,12.800000,0.000000,0,0,0,0,0,0,0,0,0,0,0,1888,0,420.0,1308.4026379327936,271.6862150118686,2580.8545429608785,704.5
1785382425,0,TTFT,S2,6.400000,0.000000,0,0,0,0,0,0,0,0,0,0,0,944,0,360.0,357.0042182049508,271.6862150118686,417.0613830210641,1153.0
1785382425,0,total,S2,6.400000,0.000000,0,0,0,0,0,0,0,0,0,0,0,944,0,2500.0,2259.8010576606366,1834.5366480061784,2580.8545429608785,256.0
1785382425,0,,Aggregated,12.800000,0.000000,0,0,0,0,0,0,0,0,0,0,0,1888,0,420.0,1308.4026379327936,271.6862150118686,2580.8545429608785,704.5
1785382426,0,TTFT,S2,6.400000,0.000000,0,0,0,0,0,0,0,0,0,0,0,944,0,360.0,357.0042182049508,271.6862150118686,417.0613830210641,1153.0
1785382426,0,total,S2,6.400000,0.000000,0,0,0,0,0,0,0,0,0,0,0,944,0,2500.0,2259.8010576606366,1834.5366480061784,2580.8545429608785,256.0
1785382426,0,,Aggregated,12.800000,0.000000,0,0,0,0,0,0,0,0,0,0,0,1888,0,420.0,1308.4026379327936,271.6862150118686,2580.8545429608785,704.5
1785382427,0,TTFT,S2,6.400000,0.000000,0,0,0,0,0,0,0,0,0,0,0,944,0,360.0,357.0042182049508,271.6862150118686,417.0613830210641,1153.0
1785382427,0,total,S2,6.400000,0.000000,0,0,0,0,0,0,0,0,0,0,0,944,0,2500.0,2259.8010576606366,1834.5366480061784,2580.8545429608785,256.0
1785382427,0,,Aggregated,12.800000,0.000000,0,0,0,0,0,0,0,0,0,0,0,1888,0,420.0,1308.4026379327936,271.6862150118686,2580.8545429608785,704.5
1785382428,0,TTFT,S2,6.400000,0.000000,0,0,0,0,0,0,0,0,0,0,0,944,0,360.0,357.0042182049508,271.6862150118686,417.0613830210641,1153.0
1785382428,0,total,S2,6.400000,0.000000,0,0,0,0,0,0,0,0,0,0,0,944,0,2500.0,2259.8010576606366,1834.5366480061784,2580.8545429608785,256.0
1785382428,0,,Aggregated,12.800000,0.000000,0,0,0,0,0,0,0,0,0,0,0,1888,0,420.0,1308.4026379327936,271.6862150118686,2580.8545429608785,704.5
1785382429,0,TTFT,S2,6.400000,0.000000,0,0,0,0,0,0,0,0,0,0,0,944,0,360.0,357.0042182049508,271.6862150118686,417.0613830210641,1153.0
1785382429,0,total,S2,6.400000,0.000000,0,0,0,0,0,0,0,0,0,0,0,944,0,2500.0,2259.8010576606366,1834.5366480061784,2580.8545429608785,256.0
1785382429,0,,Aggregated,12.800000,0.000000,0,0,0,0,0,0,0,0,0,0,0,1888,0,420.0,1308.4026379327936,271.6862150118686,2580.8545429608785,704.5
1785382430,0,TTFT,S2,6.400000,0.000000,0,0,0,0,0,0,0,0,0,0,0,944,0,360.0,357.0042182049508,271.6862150118686,417.0613830210641,1153.0
1785382430,0,total,S2,6.400000,0.000000,0,0,0,0,0,0,0,0,0,0,0,944,0,2500.0,2259.8010576606366,1834.5366480061784,2580.8545429608785,256.0
1785382430,0,,Aggregated,12.800000,0.000000,0,0,0,0,0,0,0,0,0,0,0,1888,0,420.0,1308.4026379327936,271.6862150118686,2580.8545429608785,704.5
1785382431,0,TTFT,S2,6.400000,0.000000,0,0,0,0,0,0,0,0,0,0,0,944,0,360.0,357.0042182049508,271.6862150118686,417.0613830210641,1153.0
1785382431,0,total,S2,6.400000,0.000000,0,0,0,0,0,0,0,0,0,0,0,944,0,2500.0,2259.8010576606366,1834.5366480061784,2580.8545429608785,256.0
1785382431,0,,Aggregated,12.800000,0.000000,0,0,0,0,0,0,0,0,0,0,0,1888,0,420.0,1308.4026379327936,271.6862150118686,2580.8545429608785,704.5
1785382432,0,TTFT,S2,6.400000,0.000000,0,0,0,0,0,0,0,0,0,0,0,944,0,360.0,357.0042182049508,271.6862150118686,417.0613830210641,1153.0
1785382432,0,total,S2,6.400000,0.000000,0,0,0,0,0,0,0,0,0,0,0,944,0,2500.0,2259.8010576606366,1834.5366480061784,2580.8545429608785,256.0
1785382432,0,,Aggregated,12.800000,0.000000,0,0,0,0,0,0,0,0,0,0,0,1888,0,420.0,1308.4026379327936,271.6862150118686,2580.8545429608785,704.5
1785382433,0,TTFT,S2,6.400000,0.000000,0,0,0,0,0,0,0,0,0,0,0,944,0,360.0,357.0042182049508,271.6862150118686,417.0613830210641,1153.0
1785382433,0,total,S2,6.400000,0.000000,0,0,0,0,0,0,0,0,0,0,0,944,0,2500.0,2259.8010576606366,1834.5366480061784,2580.8545429608785,256.0
1785382433,0,,Aggregated,12.800000,0.000000,0,0,0,0,0,0,0,0,0,0,0,1888,0,420.0,1308.4026379327936,271.6862150118686,2580.8545429608785,704.5
1785382434,0,TTFT,S2,6.400000,0.000000,0,0,0,0,0,0,0,0,0,0,0,944,0,360.0,357.0042182049508,271.6862150118686,417.0613830210641,1153.0
1785382434,0,total,S2,6.400000,0.000000,0,0,0,0,0,0,0,0,0,0,0,944,0,2500.0,2259.8010576606366,1834.5366480061784,2580.8545429608785,256.0
1785382434,0,,Aggregated,12.800000,0.000000,0,0,0,0,0,0,0,0,0,0,0,1888,0,420.0,1308.4026379327936,271.6862150118686,2580.8545429608785,704.5
1785382435,0,TTFT,S2,6.400000,0.000000,0,0,0,0,0,0,0,0,0,0,0,944,0,360.0,357.0042182049508,271.6862150118686,417.0613830210641,1153.0
1785382435,0,total,S2,6.400000,0.000000,0,0,0,0,0,0,0,0,0,0,0,944,0,2500.0,2259.8010576606366,1834.5366480061784,2580.8545429608785,256.0
1785382435,0,,Aggregated,12.800000,0.000000,0,0,0,0,0,0,0,0,0,0,0,1888,0,420.0,1308.4026379327936,271.6862150118686,2580.8545429608785,704.5
1785382436,0,TTFT,S2,6.400000,0.000000,0,0,0,0,0,0,0,0,0,0,0,944,0,360.0,357.0042182049508,271.6862150118686,417.0613830210641,1153.0
1785382436,0,total,S2,6.400000,0.000000,0,0,0,0,0,0,0,0,0,0,0,944,0,2500.0,2259.8010576606366,1834.5366480061784,2580.8545429608785,256.0
1785382436,0,,Aggregated,12.800000,0.000000,0,0,0,0,0,0,0,0,0,0,0,1888,0,420.0,1308.4026379327936,271.6862150118686,2580.8545429608785,704.5
1785382437,0,TTFT,S2,6.400000,0.000000,0,0,0,0,0,0,0,0,0,0,0,944,0,360.0,357.0042182049508,271.6862150118686,417.0613830210641,1153.0
1785382437,0,total,S2,6.400000,0.000000,0,0,0,0,0,0,0,0,0,0,0,944,0,2500.0,2259.8010576606366,1834.5366480061784,2580.8545429608785,256.0
1785382437,0,,Aggregated,12.800000,0.000000,0,0,0,0,0,0,0,0,0,0,0,1888,0,420.0,1308.4026379327936,271.6862150118686,2580.8545429608785,704.5
1785382438,0,TTFT,S2,6.400000,0.000000,0,0,0,0,0,0,0,0,0,0,0,944,0,360.0,357.0042182049508,271.6862150118686,417.0613830210641,1153.0
1785382438,0,total,S2,6.400000,0.000000,0,0,0,0,0,0,0,0,0,0,0,944,0,2500.0,2259.8010576606366,1834.5366480061784,2580.8545429608785,256.0
1785382438,0,,Aggregated,12.800000,0.000000,0,0,0,0,0,0,0,0,0,0,0,1888,0,420.0,1308.4026379327936,271.6862150118686,2580.8545429608785,704.5
1785382439,0,TTFT,S2,6.400000,0.000000,0,0,0,0,0,0,0,0,0,0,0,944,0,360.0,357.0042182049508,271.6862150118686,417.0613830210641,1153.0
1785382439,0,total,S2,6.400000,0.000000,0,0,0,0,0,0,0,0,0,0,0,944,0,2500.0,2259.8010576606366,1834.5366480061784,2580.8545429608785,256.0
1785382439,0,,Aggregated,12.800000,0.000000,0,0,0,0,0,0,0,0,0,0,0,1888,0,420.0,1308.4026379327936,271.6862150118686,2580.8545429608785,704.5
1785382440,0,TTFT,S2,6.400000,0.000000,0,0,0,0,0,0,0,0,0,0,0,944,0,360.0,357.0042182049508,271.6862150118686,417.0613830210641,1153.0
1785382440,0,total,S2,6.400000,0.000000,0,0,0,0,0,0,0,0,0,0,0,944,0,2500.0,2259.8010576606366,1834.5366480061784,2580.8545429608785,256.0
1785382440,0,,Aggregated,12.800000,0.000000,0,0,0,0,0,0,0,0,0,0,0,1888,0,420.0,1308.4026379327936,271.6862150118686,2580.8545429608785,704.5
1785382441,0,TTFT,S2,6.400000,0.000000,0,0,0,0,0,0,0,0,0,0,0,944,0,360.0,357.0042182049508,271.6862150118686,417.0613830210641,1153.0
1785382441,0,total,S2,6.400000,0.000000,0,0,0,0,0,0,0,0,0,0,0,944,0,2500.0,2259.8010576606366,1834.5366480061784,2580.8545429608785,256.0
1785382441,0,,Aggregated,12.800000,0.000000,0,0,0,0,0,0,0,0,0,0,0,1888,0,420.0,1308.4026379327936,271.6862150118686,2580.8545429608785,704.5
1785382442,0,TTFT,S2,6.400000,0.000000,0,0,0,0,0,0,0,0,0,0,0,944,0,360.0,357.0042182049508,271.6862150118686,417.0613830210641,1153.0
1785382442,0,total,S2,6.400000,0.000000,0,0,0,0,0,0,0,0,0,0,0,944,0,2500.0,2259.8010576606366,1834.5366480061784,2580.8545429608785,256.0
1785382442,0,,Aggregated,12.800000,0.000000,0,0,0,0,0,0,0,0,0,0,0,1888,0,420.0,1308.4026379327936,271.6862150118686,2580.8545429608785,704.5
1785382443,0,TTFT,S2,6.400000,0.000000,0,0,0,0,0,0,0,0,0,0,0,944,0,360.0,357.0042182049508,271.6862150118686,417.0613830210641,1153.0
1785382443,0,total,S2,6.400000,0.000000,0,0,0,0,0,0,0,0,0,0,0,944,0,2500.0,2259.8010576606366,1834.5366480061784,2580.8545429608785,256.0
1785382443,0,,Aggregated,12.800000,0.000000,0,0,0,0,0,0,0,0,0,0,0,1888,0,420.0,1308.4026379327936,271.6862150118686,2580.8545429608785,704.5
1785382444,0,TTFT,S2,6.400000,0.000000,0,0,0,0,0,0,0,0,0,0,0,944,0,360.0,357.0042182049508,271.6862150118686,417.0613830210641,1153.0
1785382444,0,total,S2,6.400000,0.000000,0,0,0,0,0,0,0,0,0,0,0,944,0,2500.0,2259.8010576606366,1834.5366480061784,2580.8545429608785,256.0
1785382444,0,,Aggregated,12.800000,0.000000,0,0,0,0,0,0,0,0,0,0,0,1888,0,420.0,1308.4026379327936,271.6862150118686,2580.8545429608785,704.5
1785382445,0,TTFT,S2,6.400000,0.000000,0,0,0,0,0,0,0,0,0,0,0,944,0,360.0,357.0042182049508,271.6862150118686,417.0613830210641,1153.0
1785382445,0,total,S2,6.400000,0.000000,0,0,0,0,0,0,0,0,0,0,0,944,0,2500.0,2259.8010576606366,1834.5366480061784,2580.8545429608785,256.0
1785382445,0,,Aggregated,12.800000,0.000000,0,0,0,0,0,0,0,0,0,0,0,1888,0,420.0,1308.4026379327936,271.6862150118686,2580.8545429608785,704.5
1785382446,0,TTFT,S2,6.400000,0.000000,0,0,0,0,0,0,0,0,0,0,0,944,0,360.0,357.0042182049508,271.6862150118686,417.0613830210641,1153.0
1785382446,0,total,S2,6.400000,0.000000,0,0,0,0,0,0,0,0,0,0,0,944,0,2500.0,2259.8010576606366,1834.5366480061784,2580.8545429608785,256.0
1785382446,0,,Aggregated,12.800000,0.000000,0,0,0,0,0,0,0,0,0,0,0,1888,0,420.0,1308.4026379327936,271.6862150118686,2580.8545429608785,704.5
1785382447,0,TTFT,S2,6.400000,0.000000,0,0,0,0,0,0,0,0,0,0,0,944,0,360.0,357.0042182049508,271.6862150118686,417.0613830210641,1153.0
1785382447,0,total,S2,6.400000,0.000000,0,0,0,0,0,0,0,0,0,0,0,944,0,2500.0,2259.8010576606366,1834.5366480061784,2580.8545429608785,256.0
1785382447,0,,Aggregated,12.800000,0.000000,0,0,0,0,0,0,0,0,0,0,0,1888,0,420.0,1308.4026379327936,271.6862150118686,2580.8545429608785,704.5
1785382448,0,TTFT,S2,6.400000,0.000000,0,0,0,0,0,0,0,0,0,0,0,944,0,360.0,357.0042182049508,271.6862150118686,417.0613830210641,1153.0
1785382448,0,total,S2,6.400000,0.000000,0,0,0,0,0,0,0,0,0,0,0,944,0,2500.0,2259.8010576606366,1834.5366480061784,2580.8545429608785,256.0
1785382448,0,,Aggregated,12.800000,0.000000,0,0,0,0,0,0,0,0,0,0,0,1888,0,420.0,1308.4026379327936,271.6862150118686,2580.8545429608785,704.5
1785382449,0,TTFT,S2,6.400000,0.000000,0,0,0,0,0,0,0,0,0,0,0,944,0,360.0,357.0042182049508,271.6862150118686,417.0613830210641,1153.0
1785382449,0,total,S2,6.400000,0.000000,0,0,0,0,0,0,0,0,0,0,0,944,0,2500.0,2259.8010576606366,1834.5366480061784,2580.8545429608785,256.0
1785382449,0,,Aggregated,12.800000,0.000000,0,0,0,0,0,0,0,0,0,0,0,1888,0,420.0,1308.4026379327936,271.6862150118686,2580.8545429608785,704.5
1785382450,0,TTFT,S2,6.400000,0.000000,0,0,0,0,0,0,0,0,0,0,0,944,0,360.0,357.0042182049508,271.6862150118686,417.0613830210641,1153.0
1785382450,0,total,S2,6.400000,0.000000,0,0,0,0,0,0,0,0,0,0,0,944,0,2500.0,2259.8010576606366,1834.5366480061784,2580.8545429608785,256.0
1785382450,0,,Aggregated,12.800000,0.000000,0,0,0,0,0,0,0,0,0,0,0,1888,0,420.0,1308.4026379327936,271.6862150118686,2580.8545429608785,704.5
1785382451,0,TTFT,S2,6.400000,0.000000,0,0,0,0,0,0,0,0,0,0,0,944,0,360.0,357.0042182049508,271.6862150118686,417.0613830210641,1153.0
1785382451,0,total,S2,6.400000,0.000000,0,0,0,0,0,0,0,0,0,0,0,944,0,2500.0,2259.8010576606366,1834.5366480061784,2580.8545429608785,256.0
1785382451,0,,Aggregated,12.800000,0.000000,0,0,0,0,0,0,0,0,0,0,0,1888,0,420.0,1308.4026379327936,271.6862150118686,2580.8545429608785,704.5
1785382452,0,TTFT,S2,6.400000,0.000000,0,0,0,0,0,0,0,0,0,0,0,944,0,360.0,357.0042182049508,271.6862150118686,417.0613830210641,1153.0
1785382452,0,total,S2,6.400000,0.000000,0,0,0,0,0,0,0,0,0,0,0,944,0,2500.0,2259.8010576606366,1834.5366480061784,2580.8545429608785,256.0
1785382452,0,,Aggregated,12.800000,0.000000,0,0,0,0,0,0,0,0,0,0,0,1888,0,420.0,1308.4026379327936,271.6862150118686,2580.8545429608785,704.5
1785382453,0,TTFT,S2,6.400000,0.000000,0,0,0,0,0,0,0,0,0,0,0,944,0,360.0,357.0042182049508,271.6862150118686,417.0613830210641,1153.0
1785382453,0,total,S2,6.400000,0.000000,0,0,0,0,0,0,0,0,0,0,0,944,0,2500.0,2259.8010576606366,1834.5366480061784,2580.8545429608785,256.0
1785382453,0,,Aggregated,12.800000,0.000000,0,0,0,0,0,0,0,0,0,0,0,1888,0,420.0,1308.4026379327936,271.6862150118686,2580.8545429608785,704.5
1785382454,0,TTFT,S2,6.400000,0.000000,0,0,0,0,0,0,0,0,0,0,0,944,0,360.0,357.0042182049508,271.6862150118686,417.0613830210641,1153.0
1785382454,0,total,S2,6.400000,0.000000,0,0,0,0,0,0,0,0,0,0,0,944,0,2500.0,2259.8010576606366,1834.5366480061784,2580.8545429608785,256.0
1785382454,0,,Aggregated,12.800000,0.000000,0,0,0,0,0,0,0,0,0,0,0,1888,0,420.0,1308.4026379327936,271.6862150118686,2580.8545429608785,704.5
1785382455,0,TTFT,S2,6.400000,0.000000,0,0,0,0,0,0,0,0,0,0,0,944,0,360.0,357.0042182049508,271.6862150118686,417.0613830210641,1153.0
1785382455,0,total,S2,6.400000,0.000000,0,0,0,0,0,0,0,0,0,0,0,944,0,2500.0,2259.8010576606366,1834.5366480061784,2580.8545429608785,256.0
1785382455,0,,Aggregated,12.800000,0.000000,0,0,0,0,0,0,0,0,0,0,0,1888,0,420.0,1308.4026379327936,271.6862150118686,2580.8545429608785,704.5
1785382456,0,TTFT,S2,6.400000,0.000000,0,0,0,0,0,0,0,0,0,0,0,944,0,360.0,357.0042182049508,271.6862150118686,417.0613830210641,1153.0
1785382456,0,total,S2,6.400000,0.000000,0,0,0,0,0,0,0,0,0,0,0,944,0,2500.0,2259.8010576606366,1834.5366480061784,2580.8545429608785,256.0
1785382456,0,,Aggregated,12.800000,0.000000,0,0,0,0,0,0,0,0,0,0,0,1888,0,420.0,1308.4026379327936,271.6862150118686,2580.8545429608785,704.5
1785382457,0,TTFT,S2,6.400000,0.000000,0,0,0,0,0,0,0,0,0,0,0,944,0,360.0,357.0042182049508,271.6862150118686,417.0613830210641,1153.0
1785382457,0,total,S2,6.400000,0.000000,0,0,0,0,0,0,0,0,0,0,0,944,0,2500.0,2259.8010576606366,1834.5366480061784,2580.8545429608785,256.0
1785382457,0,,Aggregated,12.800000,0.000000,0,0,0,0,0,0,0,0,0,0,0,1888,0,420.0,1308.4026379327936,271.6862150118686,2580.8545429608785,704.5
1785382458,0,TTFT,S2,6.400000,0.000000,0,0,0,0,0,0,0,0,0,0,0,944,0,360.0,357.0042182049508,271.6862150118686,417.0613830210641,1153.0
1785382458,0,total,S2,6.400000,0.000000,0,0,0,0,0,0,0,0,0,0,0,944,0,2500.0,2259.8010576606366,1834.5366480061784,2580.8545429608785,256.0
1785382458,0,,Aggregated,12.800000,0.000000,0,0,0,0,0,0,0,0,0,0,0,1888,0,420.0,1308.4026379327936,271.6862150118686,2580.8545429608785,704.5
1785382459,0,TTFT,S2,6.400000,0.000000,0,0,0,0,0,0,0,0,0,0,0,944,0,360.0,357.0042182049508,271.6862150118686,417.0613830210641,1153.0
1785382459,0,total,S2,6.400000,0.000000,0,0,0,0,0,0,0,0,0,0,0,944,0,2500.0,2259.8010576606366,1834.5366480061784,2580.8545429608785,256.0
1785382459,0,,Aggregated,12.800000,0.000000,0,0,0,0,0,0,0,0,0,0,0,1888,0,420.0,1308.4026379327936,271.6862150118686,2580.8545429608785,704.5
1785382460,0,TTFT,S2,6.400000,0.000000,0,0,0,0,0,0,0,0,0,0,0,944,0,360.0,357.0042182049508,271.6862150118686,417.0613830210641,1153.0
1785382460,0,total,S2,6.400000,0.000000,0,0,0,0,0,0,0,0,0,0,0,944,0,2500.0,2259.8010576606366,1834.5366480061784,2580.8545429608785,256.0
1785382460,0,,Aggregated,12.800000,0.000000,0,0,0,0,0,0,0,0,0,0,0,1888,0,420.0,1308.4026379327936,271.6862150118686,2580.8545429608785,704.5
1785382461,0,TTFT,S2,6.400000,0.000000,0,0,0,0,0,0,0,0,0,0,0,944,0,360.0,357.0042182049508,271.6862150118686,417.0613830210641,1153.0
1785382461,0,total,S2,6.400000,0.000000,0,0,0,0,0,0,0,0,0,0,0,944,0,2500.0,2259.8010576606366,1834.5366480061784,2580.8545429608785,256.0
1785382461,0,,Aggregated,12.800000,0.000000,0,0,0,0,0,0,0,0,0,0,0,1888,0,420.0,1308.4026379327936,271.6862150118686,2580.8545429608785,704.5
1785382462,0,TTFT,S2,6.400000,0.000000,0,0,0,0,0,0,0,0,0,0,0,944,0,360.0,357.0042182049508,271.6862150118686,417.0613830210641,1153.0
1785382462,0,total,S2,6.400000,0.000000,0,0,0,0,0,0,0,0,0,0,0,944,0,2500.0,2259.8010576606366,1834.5366480061784,2580.8545429608785,256.0
1785382462,0,,Aggregated,12.800000,0.000000,0,0,0,0,0,0,0,0,0,0,0,1888,0,420.0,1308.4026379327936,271.6862150118686,2580.8545429608785,704.5
1785382463,0,TTFT,S2,6.400000,0.000000,0,0,0,0,0,0,0,0,0,0,0,944,0,360.0,357.0042182049508,271.6862150118686,417.0613830210641,1153.0
1785382463,0,total,S2,6.400000,0.000000,0,0,0,0,0,0,0,0,0,0,0,944,0,2500.0,2259.8010576606366,1834.5366480061784,2580.8545429608785,256.0
1785382463,0,,Aggregated,12.800000,0.000000,0,0,0,0,0,0,0,0,0,0,0,1888,0,420.0,1308.4026379327936,271.6862150118686,2580.8545429608785,704.5
1785382464,0,TTFT,S2,6.400000,0.000000,0,0,0,0,0,0,0,0,0,0,0,944,0,360.0,357.0042182049508,271.6862150118686,417.0613830210641,1153.0
1785382464,0,total,S2,6.400000,0.000000,0,0,0,0,0,0,0,0,0,0,0,944,0,2500.0,2259.8010576606366,1834.5366480061784,2580.8545429608785,256.0
1785382464,0,,Aggregated,12.800000,0.000000,0,0,0,0,0,0,0,0,0,0,0,1888,0,420.0,1308.4026379327936,271.6862150118686,2580.8545429608785,704.5
1785382465,0,TTFT,S2,6.400000,0.000000,0,0,0,0,0,0,0,0,0,0,0,944,0,360.0,357.0042182049508,271.6862150118686,417.0613830210641,1153.0
1785382465,0,total,S2,6.400000,0.000000,0,0,0,0,0,0,0,0,0,0,0,944,0,2500.0,2259.8010576606366,1834.5366480061784,2580.8545429608785,256.0
1785382465,0,,Aggregated,12.800000,0.000000,0,0,0,0,0,0,0,0,0,0,0,1888,0,420.0,1308.4026379327936,271.6862150118686,2580.8545429608785,704.5
1785382466,0,TTFT,S2,6.400000,0.000000,0,0,0,0,0,0,0,0,0,0,0,944,0,360.0,357.0042182049508,271.6862150118686,417.0613830210641,1153.0
1785382466,0,total,S2,6.400000,0.000000,0,0,0,0,0,0,0,0,0,0,0,944,0,2500.0,2259.8010576606366,1834.5366480061784,2580.8545429608785,256.0
1785382466,0,,Aggregated,12.800000,0.000000,0,0,0,0,0,0,0,0,0,0,0,1888,0,420.0,1308.4026379327936,271.6862150118686,2580.8545429608785,704.5
1785382467,0,TTFT,S2,6.400000,0.000000,0,0,0,0,0,0,0,0,0,0,0,944,0,360.0,357.0042182049508,271.6862150118686,417.0613830210641,1153.0
1785382467,0,total,S2,6.400000,0.000000,0,0,0,0,0,0,0,0,0,0,0,944,0,2500.0,2259.8010576606366,1834.5366480061784,2580.8545429608785,256.0
1785382467,0,,Aggregated,12.800000,0.000000,0,0,0,0,0,0,0,0,0,0,0,1888,0,420.0,1308.4026379327936,271.6862150118686,2580.8545429608785,704.5
1785382468,0,TTFT,S2,6.400000,0.000000,0,0,0,0,0,0,0,0,0,0,0,944,0,360.0,357.0042182049508,271.6862150118686,417.0613830210641,1153.0
1785382468,0,total,S2,6.400000,0.000000,0,0,0,0,0,0,0,0,0,0,0,944,0,2500.0,2259.8010576606366,1834.5366480061784,2580.8545429608785,256.0
1785382468,0,,Aggregated,12.800000,0.000000,0,0,0,0,0,0,0,0,0,0,0,1888,0,420.0,1308.4026379327936,271.6862150118686,2580.8545429608785,704.5
1785382469,0,TTFT,S2,6.400000,0.000000,0,0,0,0,0,0,0,0,0,0,0,944,0,360.0,357.0042182049508,271.6862150118686,417.0613830210641,1153.0
1785382469,0,total,S2,6.400000,0.000000,0,0,0,0,0,0,0,0,0,0,0,944,0,2500.0,2259.8010576606366,1834.5366480061784,2580.8545429608785,256.0
1785382469,0,,Aggregated,12.800000,0.000000,0,0,0,0,0,0,0,0,0,0,0,1888,0,420.0,1308.4026379327936,271.6862150118686,2580.8545429608785,704.5
1785382470,0,TTFT,S2,6.400000,0.000000,0,0,0,0,0,0,0,0,0,0,0,944,0,360.0,357.0042182049508,271.6862150118686,417.0613830210641,1153.0
1785382470,0,total,S2,6.400000,0.000000,0,0,0,0,0,0,0,0,0,0,0,944,0,2500.0,2259.8010576606366,1834.5366480061784,2580.8545429608785,256.0
1785382470,0,,Aggregated,12.800000,0.000000,0,0,0,0,0,0,0,0,0,0,0,1888,0,420.0,1308.4026379327936,271.6862150118686,2580.8545429608785,704.5
1785382471,0,TTFT,S2,6.400000,0.000000,0,0,0,0,0,0,0,0,0,0,0,944,0,360.0,357.0042182049508,271.6862150118686,417.0613830210641,1153.0
1785382471,0,total,S2,6.400000,0.000000,0,0,0,0,0,0,0,0,0,0,0,944,0,2500.0,2259.8010576606366,1834.5366480061784,2580.8545429608785,256.0
1785382471,0,,Aggregated,12.800000,0.000000,0,0,0,0,0,0,0,0,0,0,0,1888,0,420.0,1308.4026379327936,271.6862150118686,2580.8545429608785,704.5
1785382472,0,TTFT,S2,6.400000,0.000000,0,0,0,0,0,0,0,0,0,0,0,944,0,360.0,357.0042182049508,271.6862150118686,417.0613830210641,1153.0
1785382472,0,total,S2,6.400000,0.000000,0,0,0,0,0,0,0,0,0,0,0,944,0,2500.0,2259.8010576606366,1834.5366480061784,2580.8545429608785,256.0
1785382472,0,,Aggregated,12.800000,0.000000,0,0,0,0,0,0,0,0,0,0,0,1888,0,420.0,1308.4026379327936,271.6862150118686,2580.8545429608785,704.5
1785382473,0,TTFT,S2,6.400000,0.000000,0,0,0,0,0,0,0,0,0,0,0,944,0,360.0,357.0042182049508,271.6862150118686,417.0613830210641,1153.0
1785382473,0,total,S2,6.400000,0.000000,0,0,0,0,0,0,0,0,0,0,0,944,0,2500.0,2259.8010576606366,1834.5366480061784,2580.8545429608785,256.0
1785382473,0,,Aggregated,12.800000,0.000000,0,0,0,0,0,0,0,0,0,0,0,1888,0,420.0,1308.4026379327936,271.6862150118686,2580.8545429608785,704.5
1785382474,0,TTFT,S2,6.400000,0.000000,0,0,0,0,0,0,0,0,0,0,0,944,0,360.0,357.0042182049508,271.6862150118686,417.0613830210641,1153.0
1785382474,0,total,S2,6.400000,0.000000,0,0,0,0,0,0,0,0,0,0,0,944,0,2500.0,2259.8010576606366,1834.5366480061784,2580.8545429608785,256.0
1785382474,0,,Aggregated,12.800000,0.000000,0,0,0,0,0,0,0,0,0,0,0,1888,0,420.0,1308.4026379327936,271.6862150118686,2580.8545429608785,704.5
1785382475,0,TTFT,S2,6.400000,0.000000,0,0,0,0,0,0,0,0,0,0,0,944,0,360.0,357.0042182049508,271.6862150118686,417.0613830210641,1153.0
1785382475,0,total,S2,6.400000,0.000000,0,0,0,0,0,0,0,0,0,0,0,944,0,2500.0,2259.8010576606366,1834.5366480061784,2580.8545429608785,256.0
1785382475,0,,Aggregated,12.800000,0.000000,0,0,0,0,0,0,0,0,0,0,0,1888,0,420.0,1308.4026379327936,271.6862150118686,2580.8545429608785,704.5
1785382476,0,TTFT,S2,6.400000,0.000000,0,0,0,0,0,0,0,0,0,0,0,944,0,360.0,357.0042182049508,271.6862150118686,417.0613830210641,1153.0
1785382476,0,total,S2,6.400000,0.000000,0,0,0,0,0,0,0,0,0,0,0,944,0,2500.0,2259.8010576606366,1834.5366480061784,2580.8545429608785,256.0
1785382476,0,,Aggregated,12.800000,0.000000,0,0,0,0,0,0,0,0,0,0,0,1888,0,420.0,1308.4026379327936,271.6862150118686,2580.8545429608785,704.5
1785382477,0,TTFT,S2,6.400000,0.000000,0,0,0,0,0,0,0,0,0,0,0,944,0,360.0,357.0042182049508,271.6862150118686,417.0613830210641,1153.0
1785382477,0,total,S2,6.400000,0.000000,0,0,0,0,0,0,0,0,0,0,0,944,0,2500.0,2259.8010576606366,1834.5366480061784,2580.8545429608785,256.0
1785382477,0,,Aggregated,12.800000,0.000000,0,0,0,0,0,0,0,0,0,0,0,1888,0,420.0,1308.4026379327936,271.6862150118686,2580.8545429608785,704.5
1785382478,0,TTFT,S2,6.400000,0.000000,0,0,0,0,0,0,0,0,0,0,0,944,0,360.0,357.0042182049508,271.6862150118686,417.0613830210641,1153.0
1785382478,0,total,S2,6.400000,0.000000,0,0,0,0,0,0,0,0,0,0,0,944,0,2500.0,2259.8010576606366,1834.5366480061784,2580.8545429608785,256.0
1785382478,0,,Aggregated,12.800000,0.000000,0,0,0,0,0,0,0,0,0,0,0,1888,0,420.0,1308.4026379327936,271.6862150118686,2580.8545429608785,704.5
1785382479,0,TTFT,S2,6.400000,0.000000,0,0,0,0,0,0,0,0,0,0,0,944,0,360.0,357.0042182049508,271.6862150118686,417.0613830210641,1153.0
1785382479,0,total,S2,6.400000,0.000000,0,0,0,0,0,0,0,0,0,0,0,944,0,2500.0,2259.8010576606366,1834.5366480061784,2580.8545429608785,256.0
1785382479,0,,Aggregated,12.800000,0.000000,0,0,0,0,0,0,0,0,0,0,0,1888,0,420.0,1308.4026379327936,271.6862150118686,2580.8545429608785,704.5
1785382480,0,TTFT,S2,6.400000,0.000000,0,0,0,0,0,0,0,0,0,0,0,944,0,360.0,357.0042182049508,271.6862150118686,417.0613830210641,1153.0
1785382480,0,total,S2,6.400000,0.000000,0,0,0,0,0,0,0,0,0,0,0,944,0,2500.0,2259.8010576606366,1834.5366480061784,2580.8545429608785,256.0
1785382480,0,,Aggregated,12.800000,0.000000,0,0,0,0,0,0,0,0,0,0,0,1888,0,420.0,1308.4026379327936,271.6862150118686,2580.8545429608785,704.5
1785382481,0,TTFT,S2,6.400000,0.000000,0,0,0,0,0,0,0,0,0,0,0,944,0,360.0,357.0042182049508,271.6862150118686,417.0613830210641,1153.0
1785382481,0,total,S2,6.400000,0.000000,0,0,0,0,0,0,0,0,0,0,0,944,0,2500.0,2259.8010576606366,1834.5366480061784,2580.8545429608785,256.0
1785382481,0,,Aggregated,12.800000,0.000000,0,0,0,0,0,0,0,0,0,0,0,1888,0,420.0,1308.4026379327936,271.6862150118686,2580.8545429608785,704.5
1785382482,0,TTFT,S2,6.400000,0.000000,0,0,0,0,0,0,0,0,0,0,0,944,0,360.0,357.0042182049508,271.6862150118686,417.0613830210641,1153.0
1785382482,0,total,S2,6.400000,0.000000,0,0,0,0,0,0,0,0,0,0,0,944,0,2500.0,2259.8010576606366,1834.5366480061784,2580.8545429608785,256.0
1785382482,0,,Aggregated,12.800000,0.000000,0,0,0,0,0,0,0,0,0,0,0,1888,0,420.0,1308.4026379327936,271.6862150118686,2580.8545429608785,704.5
1785382483,0,TTFT,S2,6.400000,0.000000,0,0,0,0,0,0,0,0,0,0,0,944,0,360.0,357.0042182049508,271.6862150118686,417.0613830210641,1153.0
1785382483,0,total,S2,6.400000,0.000000,0,0,0,0,0,0,0,0,0,0,0,944,0,2500.0,2259.8010576606366,1834.5366480061784,2580.8545429608785,256.0
1785382483,0,,Aggregated,12.800000,0.000000,0,0,0,0,0,0,0,0,0,0,0,1888,0,420.0,1308.4026379327936,271.6862150118686,2580.8545429608785,704.5
1785382484,0,TTFT,S2,6.400000,0.000000,0,0,0,0,0,0,0,0,0,0,0,944,0,360.0,357.0042182049508,271.6862150118686,417.0613830210641,1153.0
1785382484,0,total,S2,6.400000,0.000000,0,0,0,0,0,0,0,0,0,0,0,944,0,2500.0,2259.8010576606366,1834.5366480061784,2580.8545429608785,256.0
1785382484,0,,Aggregated,12.800000,0.000000,0,0,0,0,0,0,0,0,0,0,0,1888,0,420.0,1308.4026379327936,271.6862150118686,2580.8545429608785,704.5
1785382485,0,TTFT,S2,6.400000,0.000000,0,0,0,0,0,0,0,0,0,0,0,944,0,360.0,357.0042182049508,271.6862150118686,417.0613830210641,1153.0
1785382485,0,total,S2,6.400000,0.000000,0,0,0,0,0,0,0,0,0,0,0,944,0,2500.0,2259.8010576606366,1834.5366480061784,2580.8545429608785,256.0
1785382485,0,,Aggregated,12.800000,0.000000,0,0,0,0,0,0,0,0,0,0,0,1888,0,420.0,1308.4026379327936,271.6862150118686,2580.8545429608785,704.5
1785382486,0,TTFT,S2,6.400000,0.000000,0,0,0,0,0,0,0,0,0,0,0,944,0,360.0,357.0042182049508,271.6862150118686,417.0613830210641,1153.0
1785382486,0,total,S2,6.400000,0.000000,0,0,0,0,0,0,0,0,0,0,0,944,0,2500.0,2259.8010576606366,1834.5366480061784,2580.8545429608785,256.0
1785382486,0,,Aggregated,12.800000,0.000000,0,0,0,0,0,0,0,0,0,0,0,1888,0,420.0,1308.4026379327936,271.6862150118686,2580.8545429608785,704.5
1785382487,0,TTFT,S2,6.400000,0.000000,0,0,0,0,0,0,0,0,0,0,0,944,0,360.0,357.0042182049508,271.6862150118686,417.0613830210641,1153.0
1785382487,0,total,S2,6.400000,0.000000,0,0,0,0,0,0,0,0,0,0,0,944,0,2500.0,2259.8010576606366,1834.5366480061784,2580.8545429608785,256.0
1785382487,0,,Aggregated,12.800000,0.000000,0,0,0,0,0,0,0,0,0,0,0,1888,0,420.0,1308.4026379327936,271.6862150118686,2580.8545429608785,704.5
1785382488,0,TTFT,S2,6.400000,0.000000,0,0,0,0,0,0,0,0,0,0,0,944,0,360.0,357.0042182049508,271.6862150118686,417.0613830210641,1153.0
1785382488,0,total,S2,6.400000,0.000000,0,0,0,0,0,0,0,0,0,0,0,944,0,2500.0,2259.8010576606366,1834.5366480061784,2580.8545429608785,256.0
1785382488,0,,Aggregated,12.800000,0.000000,0,0,0,0,0,0,0,0,0,0,0,1888,0,420.0,1308.4026379327936,271.6862150118686,2580.8545429608785,704.5
1785382489,0,TTFT,S2,6.400000,0.000000,0,0,0,0,0,0,0,0,0,0,0,944,0,360.0,357.0042182049508,271.6862150118686,417.0613830210641,1153.0
1785382489,0,total,S2,6.400000,0.000000,0,0,0,0,0,0,0,0,0,0,0,944,0,2500.0,2259.8010576606366,1834.5366480061784,2580.8545429608785,256.0
1785382489,0,,Aggregated,12.800000,0.000000,0,0,0,0,0,0,0,0,0,0,0,1888,0,420.0,1308.4026379327936,271.6862150118686,2580.8545429608785,704.5
1785382490,0,TTFT,S2,6.400000,0.000000,0,0,0,0,0,0,0,0,0,0,0,944,0,360.0,357.0042182049508,271.6862150118686,417.0613830210641,1153.0
1785382490,0,total,S2,6.400000,0.000000,0,0,0,0,0,0,0,0,0,0,0,944,0,2500.0,2259.8010576606366,1834.5366480061784,2580.8545429608785,256.0
1785382490,0,,Aggregated,12.800000,0.000000,0,0,0,0,0,0,0,0,0,0,0,1888,0,420.0,1308.4026379327936,271.6862150118686,2580.8545429608785,704.5
1785382491,0,TTFT,S2,6.400000,0.000000,0,0,0,0,0,0,0,0,0,0,0,944,0,360.0,357.0042182049508,271.6862150118686,417.0613830210641,1153.0
1785382491,0,total,S2,6.400000,0.000000,0,0,0,0,0,0,0,0,0,0,0,944,0,2500.0,2259.8010576606366,1834.5366480061784,2580.8545429608785,256.0
1785382491,0,,Aggregated,12.800000,0.000000,0,0,0,0,0,0,0,0,0,0,0,1888,0,420.0,1308.4026379327936,271.6862150118686,2580.8545429608785,704.5
1785382492,0,TTFT,S2,6.400000,0.000000,0,0,0,0,0,0,0,0,0,0,0,944,0,360.0,357.0042182049508,271.6862150118686,417.0613830210641,1153.0
1785382492,0,total,S2,6.400000,0.000000,0,0,0,0,0,0,0,0,0,0,0,944,0,2500.0,2259.8010576606366,1834.5366480061784,2580.8545429608785,256.0
1785382492,0,,Aggregated,12.800000,0.000000,0,0,0,0,0,0,0,0,0,0,0,1888,0,420.0,1308.4026379327936,271.6862150118686,2580.8545429608785,704.5
1785382493,0,TTFT,S2,6.400000,0.000000,0,0,0,0,0,0,0,0,0,0,0,944,0,360.0,357.0042182049508,271.6862150118686,417.0613830210641,1153.0
1785382493,0,total,S2,6.400000,0.000000,0,0,0,0,0,0,0,0,0,0,0,944,0,2500.0,2259.8010576606366,1834.5366480061784,2580.8545429608785,256.0
1785382493,0,,Aggregated,12.800000,0.000000,0,0,0,0,0,0,0,0,0,0,0,1888,0,420.0,1308.4026379327936,271.6862150118686,2580.8545429608785,704.5
1785382494,0,TTFT,S2,6.400000,0.000000,0,0,0,0,0,0,0,0,0,0,0,944,0,360.0,357.0042182049508,271.6862150118686,417.0613830210641,1153.0
1785382494,0,total,S2,6.400000,0.000000,0,0,0,0,0,0,0,0,0,0,0,944,0,2500.0,2259.8010576606366,1834.5366480061784,2580.8545429608785,256.0
1785382494,0,,Aggregated,12.800000,0.000000,0,0,0,0,0,0,0,0,0,0,0,1888,0,420.0,1308.4026379327936,271.6862150118686,2580.8545429608785,704.5
1785382495,0,TTFT,S2,6.400000,0.000000,0,0,0,0,0,0,0,0,0,0,0,944,0,360.0,357.0042182049508,271.6862150118686,417.0613830210641,1153.0
1785382495,0,total,S2,6.400000,0.000000,0,0,0,0,0,0,0,0,0,0,0,944,0,2500.0,2259.8010576606366,1834.5366480061784,2580.8545429608785,256.0
1785382495,0,,Aggregated,12.800000,0.000000,0,0,0,0,0,0,0,0,0,0,0,1888,0,420.0,1308.4026379327936,271.6862150118686,2580.8545429608785,704.5
1785382496,0,TTFT,S2,6.400000,0.000000,0,0,0,0,0,0,0,0,0,0,0,944,0,360.0,357.0042182049508,271.6862150118686,417.0613830210641,1153.0
1785382496,0,total,S2,6.400000,0.000000,0,0,0,0,0,0,0,0,0,0,0,944,0,2500.0,2259.8010576606366,1834.5366480061784,2580.8545429608785,256.0
1785382496,0,,Aggregated,12.800000,0.000000,0,0,0,0,0,0,0,0,0,0,0,1888,0,420.0,1308.4026379327936,271.6862150118686,2580.8545429608785,704.5
1785382497,0,TTFT,S2,6.400000,0.000000,0,0,0,0,0,0,0,0,0,0,0,944,0,360.0,357.0042182049508,271.6862150118686,417.0613830210641,1153.0
1785382497,0,total,S2,6.400000,0.000000,0,0,0,0,0,0,0,0,0,0,0,944,0,2500.0,2259.8010576606366,1834.5366480061784,2580.8545429608785,256.0
1785382497,0,,Aggregated,12.800000,0.000000,0,0,0,0,0,0,0,0,0,0,0,1888,0,420.0,1308.4026379327936,271.6862150118686,2580.8545429608785,704.5
1785382498,0,TTFT,S2,6.400000,0.000000,0,0,0,0,0,0,0,0,0,0,0,944,0,360.0,357.0042182049508,271.6862150118686,417.0613830210641,1153.0
1785382498,0,total,S2,6.400000,0.000000,0,0,0,0,0,0,0,0,0,0,0,944,0,2500.0,2259.8010576606366,1834.5366480061784,2580.8545429608785,256.0
1785382498,0,,Aggregated,12.800000,0.000000,0,0,0,0,0,0,0,0,0,0,0,1888,0,420.0,1308.4026379327936,271.6862150118686,2580.8545429608785,704.5
1785382499,0,TTFT,S2,6.400000,0.000000,0,0,0,0,0,0,0,0,0,0,0,944,0,360.0,357.0042182049508,271.6862150118686,417.0613830210641,1153.0
1785382499,0,total,S2,6.400000,0.000000,0,0,0,0,0,0,0,0,0,0,0,944,0,2500.0,2259.8010576606366,1834.5366480061784,2580.8545429608785,256.0
1785382499,0,,Aggregated,12.800000,0.000000,0,0,0,0,0,0,0,0,0,0,0,1888,0,420.0,1308.4026379327936,271.6862150118686,2580.8545429608785,704.5
1785382500,0,TTFT,S2,6.400000,0.000000,0,0,0,0,0,0,0,0,0,0,0,944,0,360.0,357.0042182049508,271.6862150118686,417.0613830210641,1153.0
1785382500,0,total,S2,6.400000,0.000000,0,0,0,0,0,0,0,0,0,0,0,944,0,2500.0,2259.8010576606366,1834.5366480061784,2580.8545429608785,256.0
1785382500,0,,Aggregated,12.800000,0.000000,0,0,0,0,0,0,0,0,0,0,0,1888,0,420.0,1308.4026379327936,271.6862150118686,2580.8545429608785,704.5
1785382501,0,TTFT,S2,6.400000,0.000000,0,0,0,0,0,0,0,0,0,0,0,944,0,360.0,357.0042182049508,271.6862150118686,417.0613830210641,1153.0
1785382501,0,total,S2,6.400000,0.000000,0,0,0,0,0,0,0,0,0,0,0,944,0,2500.0,2259.8010576606366,1834.5366480061784,2580.8545429608785,256.0
1785382501,0,,Aggregated,12.800000,0.000000,0,0,0,0,0,0,0,0,0,0,0,1888,0,420.0,1308.4026379327936,271.6862150118686,2580.8545429608785,704.5
1785382502,0,TTFT,S2,6.400000,0.000000,0,0,0,0,0,0,0,0,0,0,0,944,0,360.0,357.0042182049508,271.6862150118686,417.0613830210641,1153.0
1785382502,0,total,S2,6.400000,0.000000,0,0,0,0,0,0,0,0,0,0,0,944,0,2500.0,2259.8010576606366,1834.5366480061784,2580.8545429608785,256.0
1785382502,0,,Aggregated,12.800000,0.000000,0,0,0,0,0,0,0,0,0,0,0,1888,0,420.0,1308.4026379327936,271.6862150118686,2580.8545429608785,704.5
1785382503,0,TTFT,S2,6.400000,0.000000,0,0,0,0,0,0,0,0,0,0,0,944,0,360.0,357.0042182049508,271.6862150118686,417.0613830210641,1153.0
1785382503,0,total,S2,6.400000,0.000000,0,0,0,0,0,0,0,0,0,0,0,944,0,2500.0,2259.8010576606366,1834.5366480061784,2580.8545429608785,256.0
1785382503,0,,Aggregated,12.800000,0.000000,0,0,0,0,0,0,0,0,0,0,0,1888,0,420.0,1308.4026379327936,271.6862150118686,2580.8545429608785,704.5
1785382504,0,TTFT,S2,6.400000,0.000000,0,0,0,0,0,0,0,0,0,0,0,944,0,360.0,357.0042182049508,271.6862150118686,417.0613830210641,1153.0
1785382504,0,total,S2,6.400000,0.000000,0,0,0,0,0,0,0,0,0,0,0,944,0,2500.0,2259.8010576606366,1834.5366480061784,2580.8545429608785,256.0
1785382504,0,,Aggregated,12.800000,0.000000,0,0,0,0,0,0,0,0,0,0,0,1888,0,420.0,1308.4026379327936,271.6862150118686,2580.8545429608785,704.5
1785382505,0,TTFT,S2,6.400000,0.000000,0,0,0,0,0,0,0,0,0,0,0,944,0,360.0,357.0042182049508,271.6862150118686,417.0613830210641,1153.0
1785382505,0,total,S2,6.400000,0.000000,0,0,0,0,0,0,0,0,0,0,0,944,0,2500.0,2259.8010576606366,1834.5366480061784,2580.8545429608785,256.0
1785382505,0,,Aggregated,12.800000,0.000000,0,0,0,0,0,0,0,0,0,0,0,1888,0,420.0,1308.4026379327936,271.6862150118686,2580.8545429608785,704.5
1785382506,0,TTFT,S2,6.400000,0.000000,0,0,0,0,0,0,0,0,0,0,0,944,0,360.0,357.0042182049508,271.6862150118686,417.0613830210641,1153.0
1785382506,0,total,S2,6.400000,0.000000,0,0,0,0,0,0,0,0,0,0,0,944,0,2500.0,2259.8010576606366,1834.5366480061784,2580.8545429608785,256.0
1785382506,0,,Aggregated,12.800000,0.000000,0,0,0,0,0,0,0,0,0,0,0,1888,0,420.0,1308.4026379327936,271.6862150118686,2580.8545429608785,704.5
1785382507,0,TTFT,S2,6.400000,0.000000,0,0,0,0,0,0,0,0,0,0,0,944,0,360.0,357.0042182049508,271.6862150118686,417.0613830210641,1153.0
1785382507,0,total,S2,6.400000,0.000000,0,0,0,0,0,0,0,0,0,0,0,944,0,2500.0,2259.8010576606366,1834.5366480061784,2580.8545429608785,256.0
1785382507,0,,Aggregated,12.800000,0.000000,0,0,0,0,0,0,0,0,0,0,0,1888,0,420.0,1308.4026379327936,271.6862150118686,2580.8545429608785,704.5
1785382508,0,TTFT,S2,6.400000,0.000000,0,0,0,0,0,0,0,0,0,0,0,944,0,360.0,357.0042182049508,271.6862150118686,417.0613830210641,1153.0
1785382508,0,total,S2,6.400000,0.000000,0,0,0,0,0,0,0,0,0,0,0,944,0,2500.0,2259.8010576606366,1834.5366480061784,2580.8545429608785,256.0
1785382508,0,,Aggregated,12.800000,0.000000,0,0,0,0,0,0,0,0,0,0,0,1888,0,420.0,1308.4026379327936,271.6862150118686,2580.8545429608785,704.5
1785382509,0,TTFT,S2,6.400000,0.000000,0,0,0,0,0,0,0,0,0,0,0,944,0,360.0,357.0042182049508,271.6862150118686,417.0613830210641,1153.0
1785382509,0,total,S2,6.400000,0.000000,0,0,0,0,0,0,0,0,0,0,0,944,0,2500.0,2259.8010576606366,1834.5366480061784,2580.8545429608785,256.0
1785382509,0,,Aggregated,12.800000,0.000000,0,0,0,0,0,0,0,0,0,0,0,1888,0,420.0,1308.4026379327936,271.6862150118686,2580.8545429608785,704.5
1785382510,0,TTFT,S2,6.400000,0.000000,0,0,0,0,0,0,0,0,0,0,0,944,0,360.0,357.0042182049508,271.6862150118686,417.0613830210641,1153.0
1785382510,0,total,S2,6.400000,0.000000,0,0,0,0,0,0,0,0,0,0,0,944,0,2500.0,2259.8010576606366,1834.5366480061784,2580.8545429608785,256.0
1785382510,0,,Aggregated,12.800000,0.000000,0,0,0,0,0,0,0,0,0,0,0,1888,0,420.0,1308.4026379327936,271.6862150118686,2580.8545429608785,704.5
1785382511,0,TTFT,S2,6.400000,0.000000,0,0,0,0,0,0,0,0,0,0,0,944,0,360.0,357.0042182049508,271.6862150118686,417.0613830210641,1153.0
1785382511,0,total,S2,6.400000,0.000000,0,0,0,0,0,0,0,0,0,0,0,944,0,2500.0,2259.8010576606366,1834.5366480061784,2580.8545429608785,256.0
1785382511,0,,Aggregated,12.800000,0.000000,0,0,0,0,0,0,0,0,0,0,0,1888,0,420.0,1308.4026379327936,271.6862150118686,2580.8545429608785,704.5
1785382512,0,TTFT,S2,6.400000,0.000000,0,0,0,0,0,0,0,0,0,0,0,944,0,360.0,357.0042182049508,271.6862150118686,417.0613830210641,1153.0
1785382512,0,total,S2,6.400000,0.000000,0,0,0,0,0,0,0,0,0,0,0,944,0,2500.0,2259.8010576606366,1834.5366480061784,2580.8545429608785,256.0
1785382512,0,,Aggregated,12.800000,0.000000,0,0,0,0,0,0,0,0,0,0,0,1888,0,420.0,1308.4026379327936,271.6862150118686,2580.8545429608785,704.5
1785382513,0,TTFT,S2,6.400000,0.000000,0,0,0,0,0,0,0,0,0,0,0,944,0,360.0,357.0042182049508,271.6862150118686,417.0613830210641,1153.0
1785382513,0,total,S2,6.400000,0.000000,0,0,0,0,0,0,0,0,0,0,0,944,0,2500.0,2259.8010576606366,1834.5366480061784,2580.8545429608785,256.0
1785382513,0,,Aggregated,12.800000,0.000000,0,0,0,0,0,0,0,0,0,0,0,1888,0,420.0,1308.4026379327936,271.6862150118686,2580.8545429608785,704.5
1785382514,0,TTFT,S2,6.400000,0.000000,0,0,0,0,0,0,0,0,0,0,0,944,0,360.0,357.0042182049508,271.6862150118686,417.0613830210641,1153.0
1785382514,0,total,S2,6.400000,0.000000,0,0,0,0,0,0,0,0,0,0,0,944,0,2500.0,2259.8010576606366,1834.5366480061784,2580.8545429608785,256.0
1785382514,0,,Aggregated,12.800000,0.000000,0,0,0,0,0,0,0,0,0,0,0,1888,0,420.0,1308.4026379327936,271.6862150118686,2580.8545429608785,704.5
1785382515,0,TTFT,S2,6.400000,0.000000,0,0,0,0,0,0,0,0,0,0,0,944,0,360.0,357.0042182049508,271.6862150118686,417.0613830210641,1153.0
1785382515,0,total,S2,6.400000,0.000000,0,0,0,0,0,0,0,0,0,0,0,944,0,2500.0,2259.8010576606366,1834.5366480061784,2580.8545429608785,256.0
1785382515,0,,Aggregated,12.800000,0.000000,0,0,0,0,0,0,0,0,0,0,0,1888,0,420.0,1308.4026379327936,271.6862150118686,2580.8545429608785,704.5
1785382516,0,TTFT,S2,6.400000,0.000000,0,0,0,0,0,0,0,0,0,0,0,944,0,360.0,357.0042182049508,271.6862150118686,417.0613830210641,1153.0
1785382516,0,total,S2,6.400000,0.000000,0,0,0,0,0,0,0,0,0,0,0,944,0,2500.0,2259.8010576606366,1834.5366480061784,2580.8545429608785,256.0
1785382516,0,,Aggregated,12.800000,0.000000,0,0,0,0,0,0,0,0,0,0,0,1888,0,420.0,1308.4026379327936,271.6862150118686,2580.8545429608785,704.5
1785382517,0,TTFT,S2,6.400000,0.000000,0,0,0,0,0,0,0,0,0,0,0,944,0,360.0,357.0042182049508,271.6862150118686,417.0613830210641,1153.0
1785382517,0,total,S2,6.400000,0.000000,0,0,0,0,0,0,0,0,0,0,0,944,0,2500.0,2259.8010576606366,1834.5366480061784,2580.8545429608785,256.0
1785382517,0,,Aggregated,12.800000,0.000000,0,0,0,0,0,0,0,0,0,0,0,1888,0,420.0,1308.4026379327936,271.6862150118686,2580.8545429608785,704.5
1785382518,0,TTFT,S2,6.400000,0.000000,0,0,0,0,0,0,0,0,0,0,0,944,0,360.0,357.0042182049508,271.6862150118686,417.0613830210641,1153.0
1785382518,0,total,S2,6.400000,0.000000,0,0,0,0,0,0,0,0,0,0,0,944,0,2500.0,2259.8010576606366,1834.5366480061784,2580.8545429608785,256.0
1785382518,0,,Aggregated,12.800000,0.000000,0,0,0,0,0,0,0,0,0,0,0,1888,0,420.0,1308.4026379327936,271.6862150118686,2580.8545429608785,704.5
1785382519,0,TTFT,S2,6.400000,0.000000,0,0,0,0,0,0,0,0,0,0,0,944,0,360.0,357.0042182049508,271.6862150118686,417.0613830210641,1153.0
1785382519,0,total,S2,6.400000,0.000000,0,0,0,0,0,0,0,0,0,0,0,944,0,2500.0,2259.8010576606366,1834.5366480061784,2580.8545429608785,256.0
1785382519,0,,Aggregated,12.800000,0.000000,0,0,0,0,0,0,0,0,0,0,0,1888,0,420.0,1308.4026379327936,271.6862150118686,2580.8545429608785,704.5
1785382520,0,TTFT,S2,6.400000,0.000000,0,0,0,0,0,0,0,0,0,0,0,944,0,360.0,357.0042182049508,271.6862150118686,417.0613830210641,1153.0
1785382520,0,total,S2,6.400000,0.000000,0,0,0,0,0,0,0,0,0,0,0,944,0,2500.0,2259.8010576606366,1834.5366480061784,2580.8545429608785,256.0
1785382520,0,,Aggregated,12.800000,0.000000,0,0,0,0,0,0,0,0,0,0,0,1888,0,420.0,1308.4026379327936,271.6862150118686,2580.8545429608785,704.5
1785382521,0,TTFT,S2,6.400000,0.000000,0,0,0,0,0,0,0,0,0,0,0,944,0,360.0,357.0042182049508,271.6862150118686,417.0613830210641,1153.0
1785382521,0,total,S2,6.400000,0.000000,0,0,0,0,0,0,0,0,0,0,0,944,0,2500.0,2259.8010576606366,1834.5366480061784,2580.8545429608785,256.0
1785382521,0,,Aggregated,12.800000,0.000000,0,0,0,0,0,0,0,0,0,0,0,1888,0,420.0,1308.4026379327936,271.6862150118686,2580.8545429608785,704.5
1785382522,0,TTFT,S2,6.400000,0.000000,0,0,0,0,0,0,0,0,0,0,0,944,0,360.0,357.0042182049508,271.6862150118686,417.0613830210641,1153.0
1785382522,0,total,S2,6.400000,0.000000,0,0,0,0,0,0,0,0,0,0,0,944,0,2500.0,2259.8010576606366,1834.5366480061784,2580.8545429608785,256.0
1785382522,0,,Aggregated,12.800000,0.000000,0,0,0,0,0,0,0,0,0,0,0,1888,0,420.0,1308.4026379327936,271.6862150118686,2580.8545429608785,704.5
1785382523,0,TTFT,S2,6.400000,0.000000,0,0,0,0,0,0,0,0,0,0,0,944,0,360.0,357.0042182049508,271.6862150118686,417.0613830210641,1153.0
1785382523,0,total,S2,6.400000,0.000000,0,0,0,0,0,0,0,0,0,0,0,944,0,2500.0,2259.8010576606366,1834.5366480061784,2580.8545429608785,256.0
1785382523,0,,Aggregated,12.800000,0.000000,0,0,0,0,0,0,0,0,0,0,0,1888,0,420.0,1308.4026379327936,271.6862150118686,2580.8545429608785,704.5
1785382524,0,TTFT,S2,6.400000,0.000000,0,0,0,0,0,0,0,0,0,0,0,944,0,360.0,357.0042182049508,271.6862150118686,417.0613830210641,1153.0
1785382524,0,total,S2,6.400000,0.000000,0,0,0,0,0,0,0,0,0,0,0,944,0,2500.0,2259.8010576606366,1834.5366480061784,2580.8545429608785,256.0
1785382524,0,,Aggregated,12.800000,0.000000,0,0,0,0,0,0,0,0,0,0,0,1888,0,420.0,1308.4026379327936,271.6862150118686,2580.8545429608785,704.5
1785382525,0,TTFT,S2,6.400000,0.000000,0,0,0,0,0,0,0,0,0,0,0,944,0,360.0,357.0042182049508,271.6862150118686,417.0613830210641,1153.0
1785382525,0,total,S2,6.400000,0.000000,0,0,0,0,0,0,0,0,0,0,0,944,0,2500.0,2259.8010576606366,1834.5366480061784,2580.8545429608785,256.0
1785382525,0,,Aggregated,12.800000,0.000000,0,0,0,0,0,0,0,0,0,0,0,1888,0,420.0,1308.4026379327936,271.6862150118686,2580.8545429608785,704.5
1785382526,0,TTFT,S2,6.400000,0.000000,0,0,0,0,0,0,0,0,0,0,0,944,0,360.0,357.0042182049508,271.6862150118686,417.0613830210641,1153.0
1785382526,0,total,S2,6.400000,0.000000,0,0,0,0,0,0,0,0,0,0,0,944,0,2500.0,2259.8010576606366,1834.5366480061784,2580.8545429608785,256.0
1785382526,0,,Aggregated,12.800000,0.000000,0,0,0,0,0,0,0,0,0,0,0,1888,0,420.0,1308.4026379327936,271.6862150118686,2580.8545429608785,704.5
1785382527,0,TTFT,S2,6.400000,0.000000,0,0,0,0,0,0,0,0,0,0,0,944,0,360.0,357.0042182049508,271.6862150118686,417.0613830210641,1153.0
1785382527,0,total,S2,6.400000,0.000000,0,0,0,0,0,0,0,0,0,0,0,944,0,2500.0,2259.8010576606366,1834.5366480061784,2580.8545429608785,256.0
1785382527,0,,Aggregated,12.800000,0.000000,0,0,0,0,0,0,0,0,0,0,0,1888,0,420.0,1308.4026379327936,271.6862150118686,2580.8545429608785,704.5
1785382528,0,TTFT,S2,6.400000,0.000000,0,0,0,0,0,0,0,0,0,0,0,944,0,360.0,357.0042182049508,271.6862150118686,417.0613830210641,1153.0
1785382528,0,total,S2,6.400000,0.000000,0,0,0,0,0,0,0,0,0,0,0,944,0,2500.0,2259.8010576606366,1834.5366480061784,2580.8545429608785,256.0
1785382528,0,,Aggregated,12.800000,0.000000,0,0,0,0,0,0,0,0,0,0,0,1888,0,420.0,1308.4026379327936,271.6862150118686,2580.8545429608785,704.5
1785382529,0,TTFT,S2,6.400000,0.000000,0,0,0,0,0,0,0,0,0,0,0,944,0,360.0,357.0042182049508,271.6862150118686,417.0613830210641,1153.0
1785382529,0,total,S2,6.400000,0.000000,0,0,0,0,0,0,0,0,0,0,0,944,0,2500.0,2259.8010576606366,1834.5366480061784,2580.8545429608785,256.0
1785382529,0,,Aggregated,12.800000,0.000000,0,0,0,0,0,0,0,0,0,0,0,1888,0,420.0,1308.4026379327936,271.6862150118686,2580.8545429608785,704.5
1785382530,0,TTFT,S2,6.400000,0.000000,0,0,0,0,0,0,0,0,0,0,0,944,0,360.0,357.0042182049508,271.6862150118686,417.0613830210641,1153.0
1785382530,0,total,S2,6.400000,0.000000,0,0,0,0,0,0,0,0,0,0,0,944,0,2500.0,2259.8010576606366,1834.5366480061784,2580.8545429608785,256.0
1785382530,0,,Aggregated,12.800000,0.000000,0,0,0,0,0,0,0,0,0,0,0,1888,0,420.0,1308.4026379327936,271.6862150118686,2580.8545429608785,704.5
1785382531,0,TTFT,S2,6.400000,0.000000,0,0,0,0,0,0,0,0,0,0,0,944,0,360.0,357.0042182049508,271.6862150118686,417.0613830210641,1153.0
1785382531,0,total,S2,6.400000,0.000000,0,0,0,0,0,0,0,0,0,0,0,944,0,2500.0,2259.8010576606366,1834.5366480061784,2580.8545429608785,256.0
1785382531,0,,Aggregated,12.800000,0.000000,0,0,0,0,0,0,0,0,0,0,0,1888,0,420.0,1308.4026379327936,271.6862150118686,2580.8545429608785,704.5
1785382532,0,TTFT,S2,6.400000,0.000000,0,0,0,0,0,0,0,0,0,0,0,944,0,360.0,357.0042182049508,271.6862150118686,417.0613830210641,1153.0
1785382532,0,total,S2,6.400000,0.000000,0,0,0,0,0,0,0,0,0,0,0,944,0,2500.0,2259.8010576606366,1834.5366480061784,2580.8545429608785,256.0
1785382532,0,,Aggregated,12.800000,0.000000,0,0,0,0,0,0,0,0,0,0,0,1888,0,420.0,1308.4026379327936,271.6862150118686,2580.8545429608785,704.5
1785382533,0,TTFT,S2,6.400000,0.000000,0,0,0,0,0,0,0,0,0,0,0,944,0,360.0,357.0042182049508,271.6862150118686,417.0613830210641,1153.0
1785382533,0,total,S2,6.400000,0.000000,0,0,0,0,0,0,0,0,0,0,0,944,0,2500.0,2259.8010576606366,1834.5366480061784,2580.8545429608785,256.0
1785382533,0,,Aggregated,12.800000,0.000000,0,0,0,0,0,0,0,0,0,0,0,1888,0,420.0,1308.4026379327936,271.6862150118686,2580.8545429608785,704.5
1785382534,0,TTFT,S2,6.400000,0.000000,0,0,0,0,0,0,0,0,0,0,0,944,0,360.0,357.0042182049508,271.6862150118686,417.0613830210641,1153.0
1785382534,0,total,S2,6.400000,0.000000,0,0,0,0,0,0,0,0,0,0,0,944,0,2500.0,2259.8010576606366,1834.5366480061784,2580.8545429608785,256.0
1785382534,0,,Aggregated,12.800000,0.000000,0,0,0,0,0,0,0,0,0,0,0,1888,0,420.0,1308.4026379327936,271.6862150118686,2580.8545429608785,704.5
1785382535,0,TTFT,S2,6.400000,0.000000,0,0,0,0,0,0,0,0,0,0,0,944,0,360.0,357.0042182049508,271.6862150118686,417.0613830210641,1153.0
1785382535,0,total,S2,6.400000,0.000000,0,0,0,0,0,0,0,0,0,0,0,944,0,2500.0,2259.8010576606366,1834.5366480061784,2580.8545429608785,256.0
1785382535,0,,Aggregated,12.800000,0.000000,0,0,0,0,0,0,0,0,0,0,0,1888,0,420.0,1308.4026379327936,271.6862150118686,2580.8545429608785,704.5
1785382536,0,TTFT,S2,6.400000,0.000000,0,0,0,0,0,0,0,0,0,0,0,944,0,360.0,357.0042182049508,271.6862150118686,417.0613830210641,1153.0
1785382536,0,total,S2,6.400000,0.000000,0,0,0,0,0,0,0,0,0,0,0,944,0,2500.0,2259.8010576606366,1834.5366480061784,2580.8545429608785,256.0
1785382536,0,,Aggregated,12.800000,0.000000,0,0,0,0,0,0,0,0,0,0,0,1888,0,420.0,1308.4026379327936,271.6862150118686,2580.8545429608785,704.5
1785382537,0,TTFT,S2,6.400000,0.000000,0,0,0,0,0,0,0,0,0,0,0,944,0,360.0,357.0042182049508,271.6862150118686,417.0613830210641,1153.0
1785382537,0,total,S2,6.400000,0.000000,0,0,0,0,0,0,0,0,0,0,0,944,0,2500.0,2259.8010576606366,1834.5366480061784,2580.8545429608785,256.0
1785382537,0,,Aggregated,12.800000,0.000000,0,0,0,0,0,0,0,0,0,0,0,1888,0,420.0,1308.4026379327936,271.6862150118686,2580.8545429608785,704.5
1785382538,0,TTFT,S2,6.400000,0.000000,0,0,0,0,0,0,0,0,0,0,0,944,0,360.0,357.0042182049508,271.6862150118686,417.0613830210641,1153.0
1785382538,0,total,S2,6.400000,0.000000,0,0,0,0,0,0,0,0,0,0,0,944,0,2500.0,2259.8010576606366,1834.5366480061784,2580.8545429608785,256.0
1785382538,0,,Aggregated,12.800000,0.000000,0,0,0,0,0,0,0,0,0,0,0,1888,0,420.0,1308.4026379327936,271.6862150118686,2580.8545429608785,704.5
1785382539,0,TTFT,S2,6.400000,0.000000,0,0,0,0,0,0,0,0,0,0,0,944,0,360.0,357.0042182049508,271.6862150118686,417.0613830210641,1153.0
1785382539,0,total,S2,6.400000,0.000000,0,0,0,0,0,0,0,0,0,0,0,944,0,2500.0,2259.8010576606366,1834.5366480061784,2580.8545429608785,256.0
1785382539,0,,Aggregated,12.800000,0.000000,0,0,0,0,0,0,0,0,0,0,0,1888,0,420.0,1308.4026379327936,271.6862150118686,2580.8545429608785,704.5
1785382540,0,TTFT,S2,6.400000,0.000000,0,0,0,0,0,0,0,0,0,0,0,944,0,360.0,357.0042182049508,271.6862150118686,417.0613830210641,1153.0
1785382540,0,total,S2,6.400000,0.000000,0,0,0,0,0,0,0,0,0,0,0,944,0,2500.0,2259.8010576606366,1834.5366480061784,2580.8545429608785,256.0
1785382540,0,,Aggregated,12.800000,0.000000,0,0,0,0,0,0,0,0,0,0,0,1888,0,420.0,1308.4026379327936,271.6862150118686,2580.8545429608785,704.5
1785382541,0,TTFT,S2,6.400000,0.000000,0,0,0,0,0,0,0,0,0,0,0,944,0,360.0,357.0042182049508,271.6862150118686,417.0613830210641,1153.0
1785382541,0,total,S2,6.400000,0.000000,0,0,0,0,0,0,0,0,0,0,0,944,0,2500.0,2259.8010576606366,1834.5366480061784,2580.8545429608785,256.0
1785382541,0,,Aggregated,12.800000,0.000000,0,0,0,0,0,0,0,0,0,0,0,1888,0,420.0,1308.4026379327936,271.6862150118686,2580.8545429608785,704.5
1785382542,0,TTFT,S2,6.400000,0.000000,0,0,0,0,0,0,0,0,0,0,0,944,0,360.0,357.0042182049508,271.6862150118686,417.0613830210641,1153.0
1785382542,0,total,S2,6.400000,0.000000,0,0,0,0,0,0,0,0,0,0,0,944,0,2500.0,2259.8010576606366,1834.5366480061784,2580.8545429608785,256.0
1785382542,0,,Aggregated,12.800000,0.000000,0,0,0,0,0,0,0,0,0,0,0,1888,0,420.0,1308.4026379327936,271.6862150118686,2580.8545429608785,704.5
1785382543,0,TTFT,S2,6.400000,0.000000,0,0,0,0,0,0,0,0,0,0,0,944,0,360.0,357.0042182049508,271.6862150118686,417.0613830210641,1153.0
1785382543,0,total,S2,6.400000,0.000000,0,0,0,0,0,0,0,0,0,0,0,944,0,2500.0,2259.8010576606366,1834.5366480061784,2580.8545429608785,256.0
1785382543,0,,Aggregated,12.800000,0.000000,0,0,0,0,0,0,0,0,0,0,0,1888,0,420.0,1308.4026379327936,271.6862150118686,2580.8545429608785,704.5
1785382544,0,TTFT,S2,6.400000,0.000000,0,0,0,0,0,0,0,0,0,0,0,944,0,360.0,357.0042182049508,271.6862150118686,417.0613830210641,1153.0
1785382544,0,total,S2,6.400000,0.000000,0,0,0,0,0,0,0,0,0,0,0,944,0,2500.0,2259.8010576606366,1834.5366480061784,2580.8545429608785,256.0
1785382544,0,,Aggregated,12.800000,0.000000,0,0,0,0,0,0,0,0,0,0,0,1888,0,420.0,1308.4026379327936,271.6862150118686,2580.8545429608785,704.5
1785382545,0,TTFT,S2,6.400000,0.000000,0,0,0,0,0,0,0,0,0,0,0,944,0,360.0,357.0042182049508,271.6862150118686,417.0613830210641,1153.0
1785382545,0,total,S2,6.400000,0.000000,0,0,0,0,0,0,0,0,0,0,0,944,0,2500.0,2259.8010576606366,1834.5366480061784,2580.8545429608785,256.0
1785382545,0,,Aggregated,12.800000,0.000000,0,0,0,0,0,0,0,0,0,0,0,1888,0,420.0,1308.4026379327936,271.6862150118686,2580.8545429608785,704.5
1785382546,0,TTFT,S2,6.400000,0.000000,0,0,0,0,0,0,0,0,0,0,0,944,0,360.0,357.0042182049508,271.6862150118686,417.0613830210641,1153.0
1785382546,0,total,S2,6.400000,0.000000,0,0,0,0,0,0,0,0,0,0,0,944,0,2500.0,2259.8010576606366,1834.5366480061784,2580.8545429608785,256.0
1785382546,0,,Aggregated,12.800000,0.000000,0,0,0,0,0,0,0,0,0,0,0,1888,0,420.0,1308.4026379327936,271.6862150118686,2580.8545429608785,704.5
1785382547,0,TTFT,S2,6.400000,0.000000,0,0,0,0,0,0,0,0,0,0,0,944,0,360.0,357.0042182049508,271.6862150118686,417.0613830210641,1153.0
1785382547,0,total,S2,6.400000,0.000000,0,0,0,0,0,0,0,0,0,0,0,944,0,2500.0,2259.8010576606366,1834.5366480061784,2580.8545429608785,256.0
1785382547,0,,Aggregated,12.800000,0.000000,0,0,0,0,0,0,0,0,0,0,0,1888,0,420.0,1308.4026379327936,271.6862150118686,2580.8545429608785,704.5
1785382548,0,TTFT,S2,6.400000,0.000000,0,0,0,0,0,0,0,0,0,0,0,944,0,360.0,357.0042182049508,271.6862150118686,417.0613830210641,1153.0
1785382548,0,total,S2,6.400000,0.000000,0,0,0,0,0,0,0,0,0,0,0,944,0,2500.0,2259.8010576606366,1834.5366480061784,2580.8545429608785,256.0
1785382548,0,,Aggregated,12.800000,0.000000,0,0,0,0,0,0,0,0,0,0,0,1888,0,420.0,1308.4026379327936,271.6862150118686,2580.8545429608785,704.5
1785382549,0,TTFT,S2,6.400000,0.000000,0,0,0,0,0,0,0,0,0,0,0,944,0,360.0,357.0042182049508,271.6862150118686,417.0613830210641,1153.0
1785382549,0,total,S2,6.400000,0.000000,0,0,0,0,0,0,0,0,0,0,0,944,0,2500.0,2259.8010576606366,1834.5366480061784,2580.8545429608785,256.0
1785382549,0,,Aggregated,12.800000,0.000000,0,0,0,0,0,0,0,0,0,0,0,1888,0,420.0,1308.4026379327936,271.6862150118686,2580.8545429608785,704.5
1785382550,0,TTFT,S2,6.400000,0.000000,0,0,0,0,0,0,0,0,0,0,0,944,0,360.0,357.0042182049508,271.6862150118686,417.0613830210641,1153.0
1785382550,0,total,S2,6.400000,0.000000,0,0,0,0,0,0,0,0,0,0,0,944,0,2500.0,2259.8010576606366,1834.5366480061784,2580.8545429608785,256.0
1785382550,0,,Aggregated,12.800000,0.000000,0,0,0,0,0,0,0,0,0,0,0,1888,0,420.0,1308.4026379327936,271.6862150118686,2580.8545429608785,704.5
1785382551,0,TTFT,S2,6.400000,0.000000,0,0,0,0,0,0,0,0,0,0,0,944,0,360.0,357.0042182049508,271.6862150118686,417.0613830210641,1153.0
1785382551,0,total,S2,6.400000,0.000000,0,0,0,0,0,0,0,0,0,0,0,944,0,2500.0,2259.8010576606366,1834.5366480061784,2580.8545429608785,256.0
1785382551,0,,Aggregated,12.800000,0.000000,0,0,0,0,0,0,0,0,0,0,0,1888,0,420.0,1308.4026379327936,271.6862150118686,2580.8545429608785,704.5
1785382552,0,TTFT,S2,6.400000,0.000000,0,0,0,0,0,0,0,0,0,0,0,944,0,360.0,357.0042182049508,271.6862150118686,417.0613830210641,1153.0
1785382552,0,total,S2,6.400000,0.000000,0,0,0,0,0,0,0,0,0,0,0,944,0,2500.0,2259.8010576606366,1834.5366480061784,2580.8545429608785,256.0
1785382552,0,,Aggregated,12.800000,0.000000,0,0,0,0,0,0,0,0,0,0,0,1888,0,420.0,1308.4026379327936,271.6862150118686,2580.8545429608785,704.5
1785382553,0,TTFT,S2,6.400000,0.000000,0,0,0,0,0,0,0,0,0,0,0,944,0,360.0,357.0042182049508,271.6862150118686,417.0613830210641,1153.0
1785382553,0,total,S2,6.400000,0.000000,0,0,0,0,0,0,0,0,0,0,0,944,0,2500.0,2259.8010576606366,1834.5366480061784,2580.8545429608785,256.0
1785382553,0,,Aggregated,12.800000,0.000000,0,0,0,0,0,0,0,0,0,0,0,1888,0,420.0,1308.4026379327936,271.6862150118686,2580.8545429608785,704.5
1785382554,0,TTFT,S2,6.400000,0.000000,0,0,0,0,0,0,0,0,0,0,0,944,0,360.0,357.0042182049508,271.6862150118686,417.0613830210641,1153.0
1785382554,0,total,S2,6.400000,0.000000,0,0,0,0,0,0,0,0,0,0,0,944,0,2500.0,2259.8010576606366,1834.5366480061784,2580.8545429608785,256.0
1785382554,0,,Aggregated,12.800000,0.000000,0,0,0,0,0,0,0,0,0,0,0,1888,0,420.0,1308.4026379327936,271.6862150118686,2580.8545429608785,704.5
1785382555,0,TTFT,S2,6.400000,0.000000,0,0,0,0,0,0,0,0,0,0,0,944,0,360.0,357.0042182049508,271.6862150118686,417.0613830210641,1153.0
1785382555,0,total,S2,6.400000,0.000000,0,0,0,0,0,0,0,0,0,0,0,944,0,2500.0,2259.8010576606366,1834.5366480061784,2580.8545429608785,256.0
1785382555,0,,Aggregated,12.800000,0.000000,0,0,0,0,0,0,0,0,0,0,0,1888,0,420.0,1308.4026379327936,271.6862150118686,2580.8545429608785,704.5
1785382556,0,TTFT,S2,6.400000,0.000000,0,0,0,0,0,0,0,0,0,0,0,944,0,360.0,357.0042182049508,271.6862150118686,417.0613830210641,1153.0
1785382556,0,total,S2,6.400000,0.000000,0,0,0,0,0,0,0,0,0,0,0,944,0,2500.0,2259.8010576606366,1834.5366480061784,2580.8545429608785,256.0
1785382556,0,,Aggregated,12.800000,0.000000,0,0,0,0,0,0,0,0,0,0,0,1888,0,420.0,1308.4026379327936,271.6862150118686,2580.8545429608785,704.5
1785382557,0,TTFT,S2,6.400000,0.000000,0,0,0,0,0,0,0,0,0,0,0,944,0,360.0,357.0042182049508,271.6862150118686,417.0613830210641,1153.0
1785382557,0,total,S2,6.400000,0.000000,0,0,0,0,0,0,0,0,0,0,0,944,0,2500.0,2259.8010576606366,1834.5366480061784,2580.8545429608785,256.0
1785382557,0,,Aggregated,12.800000,0.000000,0,0,0,0,0,0,0,0,0,0,0,1888,0,420.0,1308.4026379327936,271.6862150118686,2580.8545429608785,704.5
1785382558,0,TTFT,S2,6.400000,0.000000,0,0,0,0,0,0,0,0,0,0,0,944,0,360.0,357.0042182049508,271.6862150118686,417.0613830210641,1153.0
1785382558,0,total,S2,6.400000,0.000000,0,0,0,0,0,0,0,0,0,0,0,944,0,2500.0,2259.8010576606366,1834.5366480061784,2580.8545429608785,256.0
1785382558,0,,Aggregated,12.800000,0.000000,0,0,0,0,0,0,0,0,0,0,0,1888,0,420.0,1308.4026379327936,271.6862150118686,2580.8545429608785,704.5
1785382559,0,TTFT,S2,6.400000,0.000000,0,0,0,0,0,0,0,0,0,0,0,944,0,360.0,357.0042182049508,271.6862150118686,417.0613830210641,1153.0
1785382559,0,total,S2,6.400000,0.000000,0,0,0,0,0,0,0,0,0,0,0,944,0,2500.0,2259.8010576606366,1834.5366480061784,2580.8545429608785,256.0
1785382559,0,,Aggregated,12.800000,0.000000,0,0,0,0,0,0,0,0,0,0,0,1888,0,420.0,1308.4026379327936,271.6862150118686,2580.8545429608785,704.5
1785382560,0,TTFT,S2,6.400000,0.000000,0,0,0,0,0,0,0,0,0,0,0,944,0,360.0,357.0042182049508,271.6862150118686,417.0613830210641,1153.0
1785382560,0,total,S2,6.400000,0.000000,0,0,0,0,0,0,0,0,0,0,0,944,0,2500.0,2259.8010576606366,1834.5366480061784,2580.8545429608785,256.0
1785382560,0,,Aggregated,12.800000,0.000000,0,0,0,0,0,0,0,0,0,0,0,1888,0,420.0,1308.4026379327936,271.6862150118686,2580.8545429608785,704.5
1785382561,0,TTFT,S2,6.400000,0.000000,0,0,0,0,0,0,0,0,0,0,0,944,0,360.0,357.0042182049508,271.6862150118686,417.0613830210641,1153.0
1785382561,0,total,S2,6.400000,0.000000,0,0,0,0,0,0,0,0,0,0,0,944,0,2500.0,2259.8010576606366,1834.5366480061784,2580.8545429608785,256.0
1785382561,0,,Aggregated,12.800000,0.000000,0,0,0,0,0,0,0,0,0,0,0,1888,0,420.0,1308.4026379327936,271.6862150118686,2580.8545429608785,704.5
1785382562,0,TTFT,S2,6.400000,0.000000,0,0,0,0,0,0,0,0,0,0,0,944,0,360.0,357.0042182049508,271.6862150118686,417.0613830210641,1153.0
1785382562,0,total,S2,6.400000,0.000000,0,0,0,0,0,0,0,0,0,0,0,944,0,2500.0,2259.8010576606366,1834.5366480061784,2580.8545429608785,256.0
1785382562,0,,Aggregated,12.800000,0.000000,0,0,0,0,0,0,0,0,0,0,0,1888,0,420.0,1308.4026379327936,271.6862150118686,2580.8545429608785,704.5
1785382563,0,TTFT,S2,6.400000,0.000000,0,0,0,0,0,0,0,0,0,0,0,944,0,360.0,357.0042182049508,271.6862150118686,417.0613830210641,1153.0
1785382563,0,total,S2,6.400000,0.000000,0,0,0,0,0,0,0,0,0,0,0,944,0,2500.0,2259.8010576606366,1834.5366480061784,2580.8545429608785,256.0
1785382563,0,,Aggregated,12.800000,0.000000,0,0,0,0,0,0,0,0,0,0,0,1888,0,420.0,1308.4026379327936,271.6862150118686,2580.8545429608785,704.5
1785382564,0,TTFT,S2,6.400000,0.000000,0,0,0,0,0,0,0,0,0,0,0,944,0,360.0,357.0042182049508,271.6862150118686,417.0613830210641,1153.0
1785382564,0,total,S2,6.400000,0.000000,0,0,0,0,0,0,0,0,0,0,0,944,0,2500.0,2259.8010576606366,1834.5366480061784,2580.8545429608785,256.0
1785382564,0,,Aggregated,12.800000,0.000000,0,0,0,0,0,0,0,0,0,0,0,1888,0,420.0,1308.4026379327936,271.6862150118686,2580.8545429608785,704.5
1785382565,0,TTFT,S2,6.400000,0.000000,0,0,0,0,0,0,0,0,0,0,0,944,0,360.0,357.0042182049508,271.6862150118686,417.0613830210641,1153.0
1785382565,0,total,S2,6.400000,0.000000,0,0,0,0,0,0,0,0,0,0,0,944,0,2500.0,2259.8010576606366,1834.5366480061784,2580.8545429608785,256.0
1785382565,0,,Aggregated,12.800000,0.000000,0,0,0,0,0,0,0,0,0,0,0,1888,0,420.0,1308.4026379327936,271.6862150118686,2580.8545429608785,704.5
1785382566,0,TTFT,S2,6.400000,0.000000,0,0,0,0,0,0,0,0,0,0,0,944,0,360.0,357.0042182049508,271.6862150118686,417.0613830210641,1153.0
1785382566,0,total,S2,6.400000,0.000000,0,0,0,0,0,0,0,0,0,0,0,944,0,2500.0,2259.8010576606366,1834.5366480061784,2580.8545429608785,256.0
1785382566,0,,Aggregated,12.800000,0.000000,0,0,0,0,0,0,0,0,0,0,0,1888,0,420.0,1308.4026379327936,271.6862150118686,2580.8545429608785,704.5
1785382567,0,TTFT,S2,6.400000,0.000000,0,0,0,0,0,0,0,0,0,0,0,944,0,360.0,357.0042182049508,271.6862150118686,417.0613830210641,1153.0
1785382567,0,total,S2,6.400000,0.000000,0,0,0,0,0,0,0,0,0,0,0,944,0,2500.0,2259.8010576606366,1834.5366480061784,2580.8545429608785,256.0
1785382567,0,,Aggregated,12.800000,0.000000,0,0,0,0,0,0,0,0,0,0,0,1888,0,420.0,1308.4026379327936,271.6862150118686,2580.8545429608785,704.5
1785382568,0,TTFT,S2,6.400000,0.000000,0,0,0,0,0,0,0,0,0,0,0,944,0,360.0,357.0042182049508,271.6862150118686,417.0613830210641,1153.0
1785382568,0,total,S2,6.400000,0.000000,0,0,0,0,0,0,0,0,0,0,0,944,0,2500.0,2259.8010576606366,1834.5366480061784,2580.8545429608785,256.0
1785382568,0,,Aggregated,12.800000,0.000000,0,0,0,0,0,0,0,0,0,0,0,1888,0,420.0,1308.4026379327936,271.6862150118686,2580.8545429608785,704.5
1785382569,0,TTFT,S2,6.400000,0.000000,0,0,0,0,0,0,0,0,0,0,0,944,0,360.0,357.0042182049508,271.6862150118686,417.0613830210641,1153.0
1785382569,0,total,S2,6.400000,0.000000,0,0,0,0,0,0,0,0,0,0,0,944,0,2500.0,2259.8010576606366,1834.5366480061784,2580.8545429608785,256.0
1785382569,0,,Aggregated,12.800000,0.000000,0,0,0,0,0,0,0,0,0,0,0,1888,0,420.0,1308.4026379327936,271.6862150118686,2580.8545429608785,704.5
1785382570,0,TTFT,S2,6.400000,0.000000,0,0,0,0,0,0,0,0,0,0,0,944,0,360.0,357.0042182049508,271.6862150118686,417.0613830210641,1153.0
1785382570,0,total,S2,6.400000,0.000000,0,0,0,0,0,0,0,0,0,0,0,944,0,2500.0,2259.8010576606366,1834.5366480061784,2580.8545429608785,256.0
1785382570,0,,Aggregated,12.800000,0.000000,0,0,0,0,0,0,0,0,0,0,0,1888,0,420.0,1308.4026379327936,271.6862150118686,2580.8545429608785,704.5
1785382571,0,TTFT,S2,6.400000,0.000000,0,0,0,0,0,0,0,0,0,0,0,944,0,360.0,357.0042182049508,271.6862150118686,417.0613830210641,1153.0
1785382571,0,total,S2,6.400000,0.000000,0,0,0,0,0,0,0,0,0,0,0,944,0,2500.0,2259.8010576606366,1834.5366480061784,2580.8545429608785,256.0
1785382571,0,,Aggregated,12.800000,0.000000,0,0,0,0,0,0,0,0,0,0,0,1888,0,420.0,1308.4026379327936,271.6862150118686,2580.8545429608785,704.5
1785382572,0,TTFT,S2,6.400000,0.000000,0,0,0,0,0,0,0,0,0,0,0,944,0,360.0,357.0042182049508,271.6862150118686,417.0613830210641,1153.0
1785382572,0,total,S2,6.400000,0.000000,0,0,0,0,0,0,0,0,0,0,0,944,0,2500.0,2259.8010576606366,1834.5366480061784,2580.8545429608785,256.0
1785382572,0,,Aggregated,12.800000,0.000000,0,0,0,0,0,0,0,0,0,0,0,1888,0,420.0,1308.4026379327936,271.6862150118686,2580.8545429608785,704.5
1785382573,0,TTFT,S2,6.400000,0.000000,0,0,0,0,0,0,0,0,0,0,0,944,0,360.0,357.0042182049508,271.6862150118686,417.0613830210641,1153.0
1785382573,0,total,S2,6.400000,0.000000,0,0,0,0,0,0,0,0,0,0,0,944,0,2500.0,2259.8010576606366,1834.5366480061784,2580.8545429608785,256.0
1785382573,0,,Aggregated,12.800000,0.000000,0,0,0,0,0,0,0,0,0,0,0,1888,0,420.0,1308.4026379327936,271.6862150118686,2580.8545429608785,704.5
1785382574,0,TTFT,S2,6.400000,0.000000,0,0,0,0,0,0,0,0,0,0,0,944,0,360.0,357.0042182049508,271.6862150118686,417.0613830210641,1153.0
1785382574,0,total,S2,6.400000,0.000000,0,0,0,0,0,0,0,0,0,0,0,944,0,2500.0,2259.8010576606366,1834.5366480061784,2580.8545429608785,256.0
1785382574,0,,Aggregated,12.800000,0.000000,0,0,0,0,0,0,0,0,0,0,0,1888,0,420.0,1308.4026379327936,271.6862150118686,2580.8545429608785,704.5
1785382575,0,TTFT,S2,6.400000,0.000000,0,0,0,0,0,0,0,0,0,0,0,944,0,360.0,357.0042182049508,271.6862150118686,417.0613830210641,1153.0
1785382575,0,total,S2,6.400000,0.000000,0,0,0,0,0,0,0,0,0,0,0,944,0,2500.0,2259.8010576606366,1834.5366480061784,2580.8545429608785,256.0
1785382575,0,,Aggregated,12.800000,0.000000,0,0,0,0,0,0,0,0,0,0,0,1888,0,420.0,1308.4026379327936,271.6862150118686,2580.8545429608785,704.5
1785382577,0,TTFT,S2,6.400000,0.000000,0,0,0,0,0,0,0,0,0,0,0,944,0,360.0,357.0042182049508,271.6862150118686,417.0613830210641,1153.0
1785382577,0,total,S2,6.400000,0.000000,0,0,0,0,0,0,0,0,0,0,0,944,0,2500.0,2259.8010576606366,1834.5366480061784,2580.8545429608785,256.0
1785382577,0,,Aggregated,12.800000,0.000000,0,0,0,0,0,0,0,0,0,0,0,1888,0,420.0,1308.4026379327936,271.6862150118686,2580.8545429608785,704.5
1785382578,0,TTFT,S2,6.400000,0.000000,0,0,0,0,0,0,0,0,0,0,0,944,0,360.0,357.0042182049508,271.6862150118686,417.0613830210641,1153.0
1785382578,0,total,S2,6.400000,0.000000,0,0,0,0,0,0,0,0,0,0,0,944,0,2500.0,2259.8010576606366,1834.5366480061784,2580.8545429608785,256.0
1785382578,0,,Aggregated,12.800000,0.000000,0,0,0,0,0,0,0,0,0,0,0,1888,0,420.0,1308.4026379327936,271.6862150118686,2580.8545429608785,704.5
1785382579,0,TTFT,S2,6.400000,0.000000,0,0,0,0,0,0,0,0,0,0,0,944,0,360.0,357.0042182049508,271.6862150118686,417.0613830210641,1153.0
1785382579,0,total,S2,6.400000,0.000000,0,0,0,0,0,0,0,0,0,0,0,944,0,2500.0,2259.8010576606366,1834.5366480061784,2580.8545429608785,256.0
1785382579,0,,Aggregated,12.800000,0.000000,0,0,0,0,0,0,0,0,0,0,0,1888,0,420.0,1308.4026379327936,271.6862150118686,2580.8545429608785,704.5
1785382580,0,TTFT,S2,6.400000,0.000000,0,0,0,0,0,0,0,0,0,0,0,944,0,360.0,357.0042182049508,271.6862150118686,417.0613830210641,1153.0
1785382580,0,total,S2,6.400000,0.000000,0,0,0,0,0,0,0,0,0,0,0,944,0,2500.0,2259.8010576606366,1834.5366480061784,2580.8545429608785,256.0
1785382580,0,,Aggregated,12.800000,0.000000,0,0,0,0,0,0,0,0,0,0,0,1888,0,420.0,1308.4026379327936,271.6862150118686,2580.8545429608785,704.5
1785382581,0,TTFT,S2,6.400000,0.000000,0,0,0,0,0,0,0,0,0,0,0,944,0,360.0,357.0042182049508,271.6862150118686,417.0613830210641,1153.0
1785382581,0,total,S2,6.400000,0.000000,0,0,0,0,0,0,0,0,0,0,0,944,0,2500.0,2259.8010576606366,1834.5366480061784,2580.8545429608785,256.0
1785382581,0,,Aggregated,12.800000,0.000000,0,0,0,0,0,0,0,0,0,0,0,1888,0,420.0,1308.4026379327936,271.6862150118686,2580.8545429608785,704.5
1785382582,0,TTFT,S2,6.400000,0.000000,0,0,0,0,0,0,0,0,0,0,0,944,0,360.0,357.0042182049508,271.6862150118686,417.0613830210641,1153.0
1785382582,0,total,S2,6.400000,0.000000,0,0,0,0,0,0,0,0,0,0,0,944,0,2500.0,2259.8010576606366,1834.5366480061784,2580.8545429608785,256.0
1785382582,0,,Aggregated,12.800000,0.000000,0,0,0,0,0,0,0,0,0,0,0,1888,0,420.0,1308.4026379327936,271.6862150118686,2580.8545429608785,704.5
1785382583,0,TTFT,S2,6.400000,0.000000,0,0,0,0,0,0,0,0,0,0,0,944,0,360.0,357.0042182049508,271.6862150118686,417.0613830210641,1153.0
1785382583,0,total,S2,6.400000,0.000000,0,0,0,0,0,0,0,0,0,0,0,944,0,2500.0,2259.8010576606366,1834.5366480061784,2580.8545429608785,256.0
1785382583,0,,Aggregated,12.800000,0.000000,0,0,0,0,0,0,0,0,0,0,0,1888,0,420.0,1308.4026379327936,271.6862150118686,2580.8545429608785,704.5
1785382584,0,TTFT,S2,6.400000,0.000000,0,0,0,0,0,0,0,0,0,0,0,944,0,360.0,357.0042182049508,271.6862150118686,417.0613830210641,1153.0
1785382584,0,total,S2,6.400000,0.000000,0,0,0,0,0,0,0,0,0,0,0,944,0,2500.0,2259.8010576606366,1834.5366480061784,2580.8545429608785,256.0
1785382584,0,,Aggregated,12.800000,0.000000,0,0,0,0,0,0,0,0,0,0,0,1888,0,420.0,1308.4026379327936,271.6862150118686,2580.8545429608785,704.5
1785382585,0,TTFT,S2,6.400000,0.000000,0,0,0,0,0,0,0,0,0,0,0,944,0,360.0,357.0042182049508,271.6862150118686,417.0613830210641,1153.0
1785382585,0,total,S2,6.400000,0.000000,0,0,0,0,0,0,0,0,0,0,0,944,0,2500.0,2259.8010576606366,1834.5366480061784,2580.8545429608785,256.0
1785382585,0,,Aggregated,12.800000,0.000000,0,0,0,0,0,0,0,0,0,0,0,1888,0,420.0,1308.4026379327936,271.6862150118686,2580.8545429608785,704.5
1785382586,0,TTFT,S2,6.400000,0.000000,0,0,0,0,0,0,0,0,0,0,0,944,0,360.0,357.0042182049508,271.6862150118686,417.0613830210641,1153.0
1785382586,0,total,S2,6.400000,0.000000,0,0,0,0,0,0,0,0,0,0,0,944,0,2500.0,2259.8010576606366,1834.5366480061784,2580.8545429608785,256.0
1785382586,0,,Aggregated,12.800000,0.000000,0,0,0,0,0,0,0,0,0,0,0,1888,0,420.0,1308.4026379327936,271.6862150118686,2580.8545429608785,704.5
1785382587,0,TTFT,S2,6.400000,0.000000,0,0,0,0,0,0,0,0,0,0,0,944,0,360.0,357.0042182049508,271.6862150118686,417.0613830210641,1153.0
1785382587,0,total,S2,6.400000,0.000000,0,0,0,0,0,0,0,0,0,0,0,944,0,2500.0,2259.8010576606366,1834.5366480061784,2580.8545429608785,256.0
1785382587,0,,Aggregated,12.800000,0.000000,0,0,0,0,0,0,0,0,0,0,0,1888,0,420.0,1308.4026379327936,271.6862150118686,2580.8545429608785,704.5
1785382588,0,TTFT,S2,6.400000,0.000000,0,0,0,0,0,0,0,0,0,0,0,944,0,360.0,357.0042182049508,271.6862150118686,417.0613830210641,1153.0
1785382588,0,total,S2,6.400000,0.000000,0,0,0,0,0,0,0,0,0,0,0,944,0,2500.0,2259.8010576606366,1834.5366480061784,2580.8545429608785,256.0
1785382588,0,,Aggregated,12.800000,0.000000,0,0,0,0,0,0,0,0,0,0,0,1888,0,420.0,1308.4026379327936,271.6862150118686,2580.8545429608785,704.5
1785382589,0,TTFT,S2,6.400000,0.000000,0,0,0,0,0,0,0,0,0,0,0,944,0,360.0,357.0042182049508,271.6862150118686,417.0613830210641,1153.0
1785382589,0,total,S2,6.400000,0.000000,0,0,0,0,0,0,0,0,0,0,0,944,0,2500.0,2259.8010576606366,1834.5366480061784,2580.8545429608785,256.0
1785382589,0,,Aggregated,12.800000,0.000000,0,0,0,0,0,0,0,0,0,0,0,1888,0,420.0,1308.4026379327936,271.6862150118686,2580.8545429608785,704.5
1785382590,0,TTFT,S2,6.400000,0.000000,0,0,0,0,0,0,0,0,0,0,0,944,0,360.0,357.0042182049508,271.6862150118686,417.0613830210641,1153.0
1785382590,0,total,S2,6.400000,0.000000,0,0,0,0,0,0,0,0,0,0,0,944,0,2500.0,2259.8010576606366,1834.5366480061784,2580.8545429608785,256.0
1785382590,0,,Aggregated,12.800000,0.000000,0,0,0,0,0,0,0,0,0,0,0,1888,0,420.0,1308.4026379327936,271.6862150118686,2580.8545429608785,704.5
1785382591,0,TTFT,S2,6.400000,0.000000,0,0,0,0,0,0,0,0,0,0,0,944,0,360.0,357.0042182049508,271.6862150118686,417.0613830210641,1153.0
1785382591,0,total,S2,6.400000,0.000000,0,0,0,0,0,0,0,0,0,0,0,944,0,2500.0,2259.8010576606366,1834.5366480061784,2580.8545429608785,256.0
1785382591,0,,Aggregated,12.800000,0.000000,0,0,0,0,0,0,0,0,0,0,0,1888,0,420.0,1308.4026379327936,271.6862150118686,2580.8545429608785,704.5
1785382592,0,TTFT,S2,6.400000,0.000000,0,0,0,0,0,0,0,0,0,0,0,944,0,360.0,357.0042182049508,271.6862150118686,417.0613830210641,1153.0
1785382592,0,total,S2,6.400000,0.000000,0,0,0,0,0,0,0,0,0,0,0,944,0,2500.0,2259.8010576606366,1834.5366480061784,2580.8545429608785,256.0
1785382592,0,,Aggregated,12.800000,0.000000,0,0,0,0,0,0,0,0,0,0,0,1888,0,420.0,1308.4026379327936,271.6862150118686,2580.8545429608785,704.5
1785382593,0,TTFT,S2,6.400000,0.000000,0,0,0,0,0,0,0,0,0,0,0,944,0,360.0,357.0042182049508,271.6862150118686,417.0613830210641,1153.0
1785382593,0,total,S2,6.400000,0.000000,0,0,0,0,0,0,0,0,0,0,0,944,0,2500.0,2259.8010576606366,1834.5366480061784,2580.8545429608785,256.0
1785382593,0,,Aggregated,12.800000,0.000000,0,0,0,0,0,0,0,0,0,0,0,1888,0,420.0,1308.4026379327936,271.6862150118686,2580.8545429608785,704.5
1785382594,0,TTFT,S2,6.400000,0.000000,0,0,0,0,0,0,0,0,0,0,0,944,0,360.0,357.0042182049508,271.6862150118686,417.0613830210641,1153.0
1785382594,0,total,S2,6.400000,0.000000,0,0,0,0,0,0,0,0,0,0,0,944,0,2500.0,2259.8010576606366,1834.5366480061784,2580.8545429608785,256.0
1785382594,0,,Aggregated,12.800000,0.000000,0,0,0,0,0,0,0,0,0,0,0,1888,0,420.0,1308.4026379327936,271.6862150118686,2580.8545429608785,704.5
1785382595,0,TTFT,S2,6.400000,0.000000,0,0,0,0,0,0,0,0,0,0,0,944,0,360.0,357.0042182049508,271.6862150118686,417.0613830210641,1153.0
1785382595,0,total,S2,6.400000,0.000000,0,0,0,0,0,0,0,0,0,0,0,944,0,2500.0,2259.8010576606366,1834.5366480061784,2580.8545429608785,256.0
1785382595,0,,Aggregated,12.800000,0.000000,0,0,0,0,0,0,0,0,0,0,0,1888,0,420.0,1308.4026379327936,271.6862150118686,2580.8545429608785,704.5
1785382596,0,TTFT,S2,6.400000,0.000000,0,0,0,0,0,0,0,0,0,0,0,944,0,360.0,357.0042182049508,271.6862150118686,417.0613830210641,1153.0
1785382596,0,total,S2,6.400000,0.000000,0,0,0,0,0,0,0,0,0,0,0,944,0,2500.0,2259.8010576606366,1834.5366480061784,2580.8545429608785,256.0
1785382596,0,,Aggregated,12.800000,0.000000,0,0,0,0,0,0,0,0,0,0,0,1888,0,420.0,1308.4026379327936,271.6862150118686,2580.8545429608785,704.5
1785382597,0,TTFT,S2,6.400000,0.000000,0,0,0,0,0,0,0,0,0,0,0,944,0,360.0,357.0042182049508,271.6862150118686,417.0613830210641,1153.0
1785382597,0,total,S2,6.400000,0.000000,0,0,0,0,0,0,0,0,0,0,0,944,0,2500.0,2259.8010576606366,1834.5366480061784,2580.8545429608785,256.0
1785382597,0,,Aggregated,12.800000,0.000000,0,0,0,0,0,0,0,0,0,0,0,1888,0,420.0,1308.4026379327936,271.6862150118686,2580.8545429608785,704.5
1785382598,0,TTFT,S2,6.400000,0.000000,0,0,0,0,0,0,0,0,0,0,0,944,0,360.0,357.0042182049508,271.6862150118686,417.0613830210641,1153.0
1785382598,0,total,S2,6.400000,0.000000,0,0,0,0,0,0,0,0,0,0,0,944,0,2500.0,2259.8010576606366,1834.5366480061784,2580.8545429608785,256.0
1785382598,0,,Aggregated,12.800000,0.000000,0,0,0,0,0,0,0,0,0,0,0,1888,0,420.0,1308.4026379327936,271.6862150118686,2580.8545429608785,704.5
1785382599,0,TTFT,S2,6.400000,0.000000,0,0,0,0,0,0,0,0,0,0,0,944,0,360.0,357.0042182049508,271.6862150118686,417.0613830210641,1153.0
1785382599,0,total,S2,6.400000,0.000000,0,0,0,0,0,0,0,0,0,0,0,944,0,2500.0,2259.8010576606366,1834.5366480061784,2580.8545429608785,256.0
1785382599,0,,Aggregated,12.800000,0.000000,0,0,0,0,0,0,0,0,0,0,0,1888,0,420.0,1308.4026379327936,271.6862150118686,2580.8545429608785,704.5
1785382600,0,TTFT,S2,6.400000,0.000000,0,0,0,0,0,0,0,0,0,0,0,944,0,360.0,357.0042182049508,271.6862150118686,417.0613830210641,1153.0
1785382600,0,total,S2,6.400000,0.000000,0,0,0,0,0,0,0,0,0,0,0,944,0,2500.0,2259.8010576606366,1834.5366480061784,2580.8545429608785,256.0
1785382600,0,,Aggregated,12.800000,0.000000,0,0,0,0,0,0,0,0,0,0,0,1888,0,420.0,1308.4026379327936,271.6862150118686,2580.8545429608785,704.5
1785382601,0,TTFT,S2,6.400000,0.000000,0,0,0,0,0,0,0,0,0,0,0,944,0,360.0,357.0042182049508,271.6862150118686,417.0613830210641,1153.0
1785382601,0,total,S2,6.400000,0.000000,0,0,0,0,0,0,0,0,0,0,0,944,0,2500.0,2259.8010576606366,1834.5366480061784,2580.8545429608785,256.0
1785382601,0,,Aggregated,12.800000,0.000000,0,0,0,0,0,0,0,0,0,0,0,1888,0,420.0,1308.4026379327936,271.6862150118686,2580.8545429608785,704.5
1785382602,0,TTFT,S2,6.400000,0.000000,0,0,0,0,0,0,0,0,0,0,0,944,0,360.0,357.0042182049508,271.6862150118686,417.0613830210641,1153.0
1785382602,0,total,S2,6.400000,0.000000,0,0,0,0,0,0,0,0,0,0,0,944,0,2500.0,2259.8010576606366,1834.5366480061784,2580.8545429608785,256.0
1785382602,0,,Aggregated,12.800000,0.000000,0,0,0,0,0,0,0,0,0,0,0,1888,0,420.0,1308.4026379327936,271.6862150118686,2580.8545429608785,704.5
1785382603,0,TTFT,S2,6.400000,0.000000,0,0,0,0,0,0,0,0,0,0,0,944,0,360.0,357.0042182049508,271.6862150118686,417.0613830210641,1153.0
1785382603,0,total,S2,6.400000,0.000000,0,0,0,0,0,0,0,0,0,0,0,944,0,2500.0,2259.8010576606366,1834.5366480061784,2580.8545429608785,256.0
1785382603,0,,Aggregated,12.800000,0.000000,0,0,0,0,0,0,0,0,0,0,0,1888,0,420.0,1308.4026379327936,271.6862150118686,2580.8545429608785,704.5
1785382604,0,TTFT,S2,6.400000,0.000000,0,0,0,0,0,0,0,0,0,0,0,944,0,360.0,357.0042182049508,271.6862150118686,417.0613830210641,1153.0
1785382604,0,total,S2,6.400000,0.000000,0,0,0,0,0,0,0,0,0,0,0,944,0,2500.0,2259.8010576606366,1834.5366480061784,2580.8545429608785,256.0
1785382604,0,,Aggregated,12.800000,0.000000,0,0,0,0,0,0,0,0,0,0,0,1888,0,420.0,1308.4026379327936,271.6862150118686,2580.8545429608785,704.5
1785382605,0,TTFT,S2,6.400000,0.000000,0,0,0,0,0,0,0,0,0,0,0,944,0,360.0,357.0042182049508,271.6862150118686,417.0613830210641,1153.0
1785382605,0,total,S2,6.400000,0.000000,0,0,0,0,0,0,0,0,0,0,0,944,0,2500.0,2259.8010576606366,1834.5366480061784,2580.8545429608785,256.0
1785382605,0,,Aggregated,12.800000,0.000000,0,0,0,0,0,0,0,0,0,0,0,1888,0,420.0,1308.4026379327936,271.6862150118686,2580.8545429608785,704.5
1785382606,0,TTFT,S2,6.400000,0.000000,0,0,0,0,0,0,0,0,0,0,0,944,0,360.0,357.0042182049508,271.6862150118686,417.0613830210641,1153.0
1785382606,0,total,S2,6.400000,0.000000,0,0,0,0,0,0,0,0,0,0,0,944,0,2500.0,2259.8010576606366,1834.5366480061784,2580.8545429608785,256.0
1785382606,0,,Aggregated,12.800000,0.000000,0,0,0,0,0,0,0,0,0,0,0,1888,0,420.0,1308.4026379327936,271.6862150118686,2580.8545429608785,704.5
1785382607,0,TTFT,S2,6.400000,0.000000,0,0,0,0,0,0,0,0,0,0,0,944,0,360.0,357.0042182049508,271.6862150118686,417.0613830210641,1153.0
1785382607,0,total,S2,6.400000,0.000000,0,0,0,0,0,0,0,0,0,0,0,944,0,2500.0,2259.8010576606366,1834.5366480061784,2580.8545429608785,256.0
1785382607,0,,Aggregated,12.800000,0.000000,0,0,0,0,0,0,0,0,0,0,0,1888,0,420.0,1308.4026379327936,271.6862150118686,2580.8545429608785,704.5
1785382608,0,TTFT,S2,6.400000,0.000000,0,0,0,0,0,0,0,0,0,0,0,944,0,360.0,357.0042182049508,271.6862150118686,417.0613830210641,1153.0
1785382608,0,total,S2,6.400000,0.000000,0,0,0,0,0,0,0,0,0,0,0,944,0,2500.0,2259.8010576606366,1834.5366480061784,2580.8545429608785,256.0
1785382608,0,,Aggregated,12.800000,0.000000,0,0,0,0,0,0,0,0,0,0,0,1888,0,420.0,1308.4026379327936,271.6862150118686,2580.8545429608785,704.5
1785382609,0,TTFT,S2,6.400000,0.000000,0,0,0,0,0,0,0,0,0,0,0,944,0,360.0,357.0042182049508,271.6862150118686,417.0613830210641,1153.0
1785382609,0,total,S2,6.400000,0.000000,0,0,0,0,0,0,0,0,0,0,0,944,0,2500.0,2259.8010576606366,1834.5366480061784,2580.8545429608785,256.0
1785382609,0,,Aggregated,12.800000,0.000000,0,0,0,0,0,0,0,0,0,0,0,1888,0,420.0,1308.4026379327936,271.6862150118686,2580.8545429608785,704.5
1785382610,0,TTFT,S2,6.400000,0.000000,0,0,0,0,0,0,0,0,0,0,0,944,0,360.0,357.0042182049508,271.6862150118686,417.0613830210641,1153.0
1785382610,0,total,S2,6.400000,0.000000,0,0,0,0,0,0,0,0,0,0,0,944,0,2500.0,2259.8010576606366,1834.5366480061784,2580.8545429608785,256.0
1785382610,0,,Aggregated,12.800000,0.000000,0,0,0,0,0,0,0,0,0,0,0,1888,0,420.0,1308.4026379327936,271.6862150118686,2580.8545429608785,704.5
1785382611,0,TTFT,S2,6.400000,0.000000,0,0,0,0,0,0,0,0,0,0,0,944,0,360.0,357.0042182049508,271.6862150118686,417.0613830210641,1153.0
1785382611,0,total,S2,6.400000,0.000000,0,0,0,0,0,0,0,0,0,0,0,944,0,2500.0,2259.8010576606366,1834.5366480061784,2580.8545429608785,256.0
1785382611,0,,Aggregated,12.800000,0.000000,0,0,0,0,0,0,0,0,0,0,0,1888,0,420.0,1308.4026379327936,271.6862150118686,2580.8545429608785,704.5
1785382612,0,TTFT,S2,6.400000,0.000000,0,0,0,0,0,0,0,0,0,0,0,944,0,360.0,357.0042182049508,271.6862150118686,417.0613830210641,1153.0
1785382612,0,total,S2,6.400000,0.000000,0,0,0,0,0,0,0,0,0,0,0,944,0,2500.0,2259.8010576606366,1834.5366480061784,2580.8545429608785,256.0
1785382612,0,,Aggregated,12.800000,0.000000,0,0,0,0,0,0,0,0,0,0,0,1888,0,420.0,1308.4026379327936,271.6862150118686,2580.8545429608785,704.5
1785382613,0,TTFT,S2,6.400000,0.000000,0,0,0,0,0,0,0,0,0,0,0,944,0,360.0,357.0042182049508,271.6862150118686,417.0613830210641,1153.0
1785382613,0,total,S2,6.400000,0.000000,0,0,0,0,0,0,0,0,0,0,0,944,0,2500.0,2259.8010576606366,1834.5366480061784,2580.8545429608785,256.0
1785382613,0,,Aggregated,12.800000,0.000000,0,0,0,0,0,0,0,0,0,0,0,1888,0,420.0,1308.4026379327936,271.6862150118686,2580.8545429608785,704.5
1785382614,0,TTFT,S2,6.400000,0.000000,0,0,0,0,0,0,0,0,0,0,0,944,0,360.0,357.0042182049508,271.6862150118686,417.0613830210641,1153.0
1785382614,0,total,S2,6.400000,0.000000,0,0,0,0,0,0,0,0,0,0,0,944,0,2500.0,2259.8010576606366,1834.5366480061784,2580.8545429608785,256.0
1785382614,0,,Aggregated,12.800000,0.000000,0,0,0,0,0,0,0,0,0,0,0,1888,0,420.0,1308.4026379327936,271.6862150118686,2580.8545429608785,704.5
1785382615,0,TTFT,S2,6.400000,0.000000,0,0,0,0,0,0,0,0,0,0,0,944,0,360.0,357.0042182049508,271.6862150118686,417.0613830210641,1153.0
1785382615,0,total,S2,6.400000,0.000000,0,0,0,0,0,0,0,0,0,0,0,944,0,2500.0,2259.8010576606366,1834.5366480061784,2580.8545429608785,256.0
1785382615,0,,Aggregated,12.800000,0.000000,0,0,0,0,0,0,0,0,0,0,0,1888,0,420.0,1308.4026379327936,271.6862150118686,2580.8545429608785,704.5
1785382616,0,TTFT,S2,6.400000,0.000000,0,0,0,0,0,0,0,0,0,0,0,944,0,360.0,357.0042182049508,271.6862150118686,417.0613830210641,1153.0
1785382616,0,total,S2,6.400000,0.000000,0,0,0,0,0,0,0,0,0,0,0,944,0,2500.0,2259.8010576606366,1834.5366480061784,2580.8545429608785,256.0
1785382616,0,,Aggregated,12.800000,0.000000,0,0,0,0,0,0,0,0,0,0,0,1888,0,420.0,1308.4026379327936,271.6862150118686,2580.8545429608785,704.5
1785382617,0,TTFT,S2,6.400000,0.000000,0,0,0,0,0,0,0,0,0,0,0,944,0,360.0,357.0042182049508,271.6862150118686,417.0613830210641,1153.0
1785382617,0,total,S2,6.400000,0.000000,0,0,0,0,0,0,0,0,0,0,0,944,0,2500.0,2259.8010576606366,1834.5366480061784,2580.8545429608785,256.0
1785382617,0,,Aggregated,12.800000,0.000000,0,0,0,0,0,0,0,0,0,0,0,1888,0,420.0,1308.4026379327936,271.6862150118686,2580.8545429608785,704.5
1785382618,0,TTFT,S2,6.400000,0.000000,0,0,0,0,0,0,0,0,0,0,0,944,0,360.0,357.0042182049508,271.6862150118686,417.0613830210641,1153.0
1785382618,0,total,S2,6.400000,0.000000,0,0,0,0,0,0,0,0,0,0,0,944,0,2500.0,2259.8010576606366,1834.5366480061784,2580.8545429608785,256.0
1785382618,0,,Aggregated,12.800000,0.000000,0,0,0,0,0,0,0,0,0,0,0,1888,0,420.0,1308.4026379327936,271.6862150118686,2580.8545429608785,704.5
1785382619,0,TTFT,S2,6.400000,0.000000,0,0,0,0,0,0,0,0,0,0,0,944,0,360.0,357.0042182049508,271.6862150118686,417.0613830210641,1153.0
1785382619,0,total,S2,6.400000,0.000000,0,0,0,0,0,0,0,0,0,0,0,944,0,2500.0,2259.8010576606366,1834.5366480061784,2580.8545429608785,256.0
1785382619,0,,Aggregated,12.800000,0.000000,0,0,0,0,0,0,0,0,0,0,0,1888,0,420.0,1308.4026379327936,271.6862150118686,2580.8545429608785,704.5
1785382620,0,TTFT,S2,6.400000,0.000000,0,0,0,0,0,0,0,0,0,0,0,944,0,360.0,357.0042182049508,271.6862150118686,417.0613830210641,1153.0
1785382620,0,total,S2,6.400000,0.000000,0,0,0,0,0,0,0,0,0,0,0,944,0,2500.0,2259.8010576606366,1834.5366480061784,2580.8545429608785,256.0
1785382620,0,,Aggregated,12.800000,0.000000,0,0,0,0,0,0,0,0,0,0,0,1888,0,420.0,1308.4026379327936,271.6862150118686,2580.8545429608785,704.5
1785382621,0,TTFT,S2,6.400000,0.000000,0,0,0,0,0,0,0,0,0,0,0,944,0,360.0,357.0042182049508,271.6862150118686,417.0613830210641,1153.0
1785382621,0,total,S2,6.400000,0.000000,0,0,0,0,0,0,0,0,0,0,0,944,0,2500.0,2259.8010576606366,1834.5366480061784,2580.8545429608785,256.0
1785382621,0,,Aggregated,12.800000,0.000000,0,0,0,0,0,0,0,0,0,0,0,1888,0,420.0,1308.4026379327936,271.6862150118686,2580.8545429608785,704.5
1785382622,0,TTFT,S2,6.400000,0.000000,0,0,0,0,0,0,0,0,0,0,0,944,0,360.0,357.0042182049508,271.6862150118686,417.0613830210641,1153.0
1785382622,0,total,S2,6.400000,0.000000,0,0,0,0,0,0,0,0,0,0,0,944,0,2500.0,2259.8010576606366,1834.5366480061784,2580.8545429608785,256.0
1785382622,0,,Aggregated,12.800000,0.000000,0,0,0,0,0,0,0,0,0,0,0,1888,0,420.0,1308.4026379327936,271.6862150118686,2580.8545429608785,704.5
1785382623,0,TTFT,S2,6.400000,0.000000,0,0,0,0,0,0,0,0,0,0,0,944,0,360.0,357.0042182049508,271.6862150118686,417.0613830210641,1153.0
1785382623,0,total,S2,6.400000,0.000000,0,0,0,0,0,0,0,0,0,0,0,944,0,2500.0,2259.8010576606366,1834.5366480061784,2580.8545429608785,256.0
1785382623,0,,Aggregated,12.800000,0.000000,0,0,0,0,0,0,0,0,0,0,0,1888,0,420.0,1308.4026379327936,271.6862150118686,2580.8545429608785,704.5
1785382624,0,TTFT,S2,6.400000,0.000000,0,0,0,0,0,0,0,0,0,0,0,944,0,360.0,357.0042182049508,271.6862150118686,417.0613830210641,1153.0
1785382624,0,total,S2,6.400000,0.000000,0,0,0,0,0,0,0,0,0,0,0,944,0,2500.0,2259.8010576606366,1834.5366480061784,2580.8545429608785,256.0
1785382624,0,,Aggregated,12.800000,0.000000,0,0,0,0,0,0,0,0,0,0,0,1888,0,420.0,1308.4026379327936,271.6862150118686,2580.8545429608785,704.5
1785382625,0,TTFT,S2,6.400000,0.000000,0,0,0,0,0,0,0,0,0,0,0,944,0,360.0,357.0042182049508,271.6862150118686,417.0613830210641,1153.0
1785382625,0,total,S2,6.400000,0.000000,0,0,0,0,0,0,0,0,0,0,0,944,0,2500.0,2259.8010576606366,1834.5366480061784,2580.8545429608785,256.0
1785382625,0,,Aggregated,12.800000,0.000000,0,0,0,0,0,0,0,0,0,0,0,1888,0,420.0,1308.4026379327936,271.6862150118686,2580.8545429608785,704.5
1785382626,0,TTFT,S2,6.400000,0.000000,0,0,0,0,0,0,0,0,0,0,0,944,0,360.0,357.0042182049508,271.6862150118686,417.0613830210641,1153.0
1785382626,0,total,S2,6.400000,0.000000,0,0,0,0,0,0,0,0,0,0,0,944,0,2500.0,2259.8010576606366,1834.5366480061784,2580.8545429608785,256.0
1785382626,0,,Aggregated,12.800000,0.000000,0,0,0,0,0,0,0,0,0,0,0,1888,0,420.0,1308.4026379327936,271.6862150118686,2580.8545429608785,704.5
1785382627,0,TTFT,S2,6.400000,0.000000,0,0,0,0,0,0,0,0,0,0,0,944,0,360.0,357.0042182049508,271.6862150118686,417.0613830210641,1153.0
1785382627,0,total,S2,6.400000,0.000000,0,0,0,0,0,0,0,0,0,0,0,944,0,2500.0,2259.8010576606366,1834.5366480061784,2580.8545429608785,256.0
1785382627,0,,Aggregated,12.800000,0.000000,0,0,0,0,0,0,0,0,0,0,0,1888,0,420.0,1308.4026379327936,271.6862150118686,2580.8545429608785,704.5
1785382628,0,TTFT,S2,6.400000,0.000000,0,0,0,0,0,0,0,0,0,0,0,944,0,360.0,357.0042182049508,271.6862150118686,417.0613830210641,1153.0
1785382628,0,total,S2,6.400000,0.000000,0,0,0,0,0,0,0,0,0,0,0,944,0,2500.0,2259.8010576606366,1834.5366480061784,2580.8545429608785,256.0
1785382628,0,,Aggregated,12.800000,0.000000,0,0,0,0,0,0,0,0,0,0,0,1888,0,420.0,1308.4026379327936,271.6862150118686,2580.8545429608785,704.5
1785382629,0,TTFT,S2,6.400000,0.000000,0,0,0,0,0,0,0,0,0,0,0,944,0,360.0,357.0042182049508,271.6862150118686,417.0613830210641,1153.0
1785382629,0,total,S2,6.400000,0.000000,0,0,0,0,0,0,0,0,0,0,0,944,0,2500.0,2259.8010576606366,1834.5366480061784,2580.8545429608785,256.0
1785382629,0,,Aggregated,12.800000,0.000000,0,0,0,0,0,0,0,0,0,0,0,1888,0,420.0,1308.4026379327936,271.6862150118686,2580.8545429608785,704.5
1785382630,0,TTFT,S2,6.400000,0.000000,0,0,0,0,0,0,0,0,0,0,0,944,0,360.0,357.0042182049508,271.6862150118686,417.0613830210641,1153.0
1785382630,0,total,S2,6.400000,0.000000,0,0,0,0,0,0,0,0,0,0,0,944,0,2500.0,2259.8010576606366,1834.5366480061784,2580.8545429608785,256.0
1785382630,0,,Aggregated,12.800000,0.000000,0,0,0,0,0,0,0,0,0,0,0,1888,0,420.0,1308.4026379327936,271.6862150118686,2580.8545429608785,704.5
1785382631,0,TTFT,S2,6.400000,0.000000,0,0,0,0,0,0,0,0,0,0,0,944,0,360.0,357.0042182049508,271.6862150118686,417.0613830210641,1153.0
1785382631,0,total,S2,6.400000,0.000000,0,0,0,0,0,0,0,0,0,0,0,944,0,2500.0,2259.8010576606366,1834.5366480061784,2580.8545429608785,256.0
1785382631,0,,Aggregated,12.800000,0.000000,0,0,0,0,0,0,0,0,0,0,0,1888,0,420.0,1308.4026379327936,271.6862150118686,2580.8545429608785,704.5
1785382632,0,TTFT,S2,6.400000,0.000000,0,0,0,0,0,0,0,0,0,0,0,944,0,360.0,357.0042182049508,271.6862150118686,417.0613830210641,1153.0
1785382632,0,total,S2,6.400000,0.000000,0,0,0,0,0,0,0,0,0,0,0,944,0,2500.0,2259.8010576606366,1834.5366480061784,2580.8545429608785,256.0
1785382632,0,,Aggregated,12.800000,0.000000,0,0,0,0,0,0,0,0,0,0,0,1888,0,420.0,1308.4026379327936,271.6862150118686,2580.8545429608785,704.5
1785382633,0,TTFT,S2,6.400000,0.000000,0,0,0,0,0,0,0,0,0,0,0,944,0,360.0,357.0042182049508,271.6862150118686,417.0613830210641,1153.0
1785382633,0,total,S2,6.400000,0.000000,0,0,0,0,0,0,0,0,0,0,0,944,0,2500.0,2259.8010576606366,1834.5366480061784,2580.8545429608785,256.0
1785382633,0,,Aggregated,12.800000,0.000000,0,0,0,0,0,0,0,0,0,0,0,1888,0,420.0,1308.4026379327936,271.6862150118686,2580.8545429608785,704.5
1785382634,0,TTFT,S2,6.400000,0.000000,0,0,0,0,0,0,0,0,0,0,0,944,0,360.0,357.0042182049508,271.6862150118686,417.0613830210641,1153.0
1785382634,0,total,S2,6.400000,0.000000,0,0,0,0,0,0,0,0,0,0,0,944,0,2500.0,2259.8010576606366,1834.5366480061784,2580.8545429608785,256.0
1785382634,0,,Aggregated,12.800000,0.000000,0,0,0,0,0,0,0,0,0,0,0,1888,0,420.0,1308.4026379327936,271.6862150118686,2580.8545429608785,704.5
1785382635,0,TTFT,S2,6.400000,0.000000,0,0,0,0,0,0,0,0,0,0,0,944,0,360.0,357.0042182049508,271.6862150118686,417.0613830210641,1153.0
1785382635,0,total,S2,6.400000,0.000000,0,0,0,0,0,0,0,0,0,0,0,944,0,2500.0,2259.8010576606366,1834.5366480061784,2580.8545429608785,256.0
1785382635,0,,Aggregated,12.800000,0.000000,0,0,0,0,0,0,0,0,0,0,0,1888,0,420.0,1308.4026379327936,271.6862150118686,2580.8545429608785,704.5
1785382636,0,TTFT,S2,6.400000,0.000000,0,0,0,0,0,0,0,0,0,0,0,944,0,360.0,357.0042182049508,271.6862150118686,417.0613830210641,1153.0
1785382636,0,total,S2,6.400000,0.000000,0,0,0,0,0,0,0,0,0,0,0,944,0,2500.0,2259.8010576606366,1834.5366480061784,2580.8545429608785,256.0
1785382636,0,,Aggregated,12.800000,0.000000,0,0,0,0,0,0,0,0,0,0,0,1888,0,420.0,1308.4026379327936,271.6862150118686,2580.8545429608785,704.5
1785382637,0,TTFT,S2,6.400000,0.000000,0,0,0,0,0,0,0,0,0,0,0,944,0,360.0,357.0042182049508,271.6862150118686,417.0613830210641,1153.0
1785382637,0,total,S2,6.400000,0.000000,0,0,0,0,0,0,0,0,0,0,0,944,0,2500.0,2259.8010576606366,1834.5366480061784,2580.8545429608785,256.0
1785382637,0,,Aggregated,12.800000,0.000000,0,0,0,0,0,0,0,0,0,0,0,1888,0,420.0,1308.4026379327936,271.6862150118686,2580.8545429608785,704.5
1785382638,0,TTFT,S2,6.400000,0.000000,0,0,0,0,0,0,0,0,0,0,0,944,0,360.0,357.0042182049508,271.6862150118686,417.0613830210641,1153.0
1785382638,0,total,S2,6.400000,0.000000,0,0,0,0,0,0,0,0,0,0,0,944,0,2500.0,2259.8010576606366,1834.5366480061784,2580.8545429608785,256.0
1785382638,0,,Aggregated,12.800000,0.000000,0,0,0,0,0,0,0,0,0,0,0,1888,0,420.0,1308.4026379327936,271.6862150118686,2580.8545429608785,704.5
1785382639,0,TTFT,S2,6.400000,0.000000,0,0,0,0,0,0,0,0,0,0,0,944,0,360.0,357.0042182049508,271.6862150118686,417.0613830210641,1153.0
1785382639,0,total,S2,6.400000,0.000000,0,0,0,0,0,0,0,0,0,0,0,944,0,2500.0,2259.8010576606366,1834.5366480061784,2580.8545429608785,256.0
1785382639,0,,Aggregated,12.800000,0.000000,0,0,0,0,0,0,0,0,0,0,0,1888,0,420.0,1308.4026379327936,271.6862150118686,2580.8545429608785,704.5
1785382640,0,TTFT,S2,6.400000,0.000000,0,0,0,0,0,0,0,0,0,0,0,944,0,360.0,357.0042182049508,271.6862150118686,417.0613830210641,1153.0
1785382640,0,total,S2,6.400000,0.000000,0,0,0,0,0,0,0,0,0,0,0,944,0,2500.0,2259.8010576606366,1834.5366480061784,2580.8545429608785,256.0
1785382640,0,,Aggregated,12.800000,0.000000,0,0,0,0,0,0,0,0,0,0,0,1888,0,420.0,1308.4026379327936,271.6862150118686,2580.8545429608785,704.5
1785382641,0,TTFT,S2,6.400000,0.000000,0,0,0,0,0,0,0,0,0,0,0,944,0,360.0,357.0042182049508,271.6862150118686,417.0613830210641,1153.0
1785382641,0,total,S2,6.400000,0.000000,0,0,0,0,0,0,0,0,0,0,0,944,0,2500.0,2259.8010576606366,1834.5366480061784,2580.8545429608785,256.0
1785382641,0,,Aggregated,12.800000,0.000000,0,0,0,0,0,0,0,0,0,0,0,1888,0,420.0,1308.4026379327936,271.6862150118686,2580.8545429608785,704.5
1785382642,0,TTFT,S2,6.400000,0.000000,0,0,0,0,0,0,0,0,0,0,0,944,0,360.0,357.0042182049508,271.6862150118686,417.0613830210641,1153.0
1785382642,0,total,S2,6.400000,0.000000,0,0,0,0,0,0,0,0,0,0,0,944,0,2500.0,2259.8010576606366,1834.5366480061784,2580.8545429608785,256.0
1785382642,0,,Aggregated,12.800000,0.000000,0,0,0,0,0,0,0,0,0,0,0,1888,0,420.0,1308.4026379327936,271.6862150118686,2580.8545429608785,704.5
1785382643,0,TTFT,S2,6.400000,0.000000,0,0,0,0,0,0,0,0,0,0,0,944,0,360.0,357.0042182049508,271.6862150118686,417.0613830210641,1153.0
1785382643,0,total,S2,6.400000,0.000000,0,0,0,0,0,0,0,0,0,0,0,944,0,2500.0,2259.8010576606366,1834.5366480061784,2580.8545429608785,256.0
1785382643,0,,Aggregated,12.800000,0.000000,0,0,0,0,0,0,0,0,0,0,0,1888,0,420.0,1308.4026379327936,271.6862150118686,2580.8545429608785,704.5
1785382644,0,TTFT,S2,6.400000,0.000000,0,0,0,0,0,0,0,0,0,0,0,944,0,360.0,357.0042182049508,271.6862150118686,417.0613830210641,1153.0
1785382644,0,total,S2,6.400000,0.000000,0,0,0,0,0,0,0,0,0,0,0,944,0,2500.0,2259.8010576606366,1834.5366480061784,2580.8545429608785,256.0
1785382644,0,,Aggregated,12.800000,0.000000,0,0,0,0,0,0,0,0,0,0,0,1888,0,420.0,1308.4026379327936,271.6862150118686,2580.8545429608785,704.5
1785382645,0,TTFT,S2,6.400000,0.000000,0,0,0,0,0,0,0,0,0,0,0,944,0,360.0,357.0042182049508,271.6862150118686,417.0613830210641,1153.0
1785382645,0,total,S2,6.400000,0.000000,0,0,0,0,0,0,0,0,0,0,0,944,0,2500.0,2259.8010576606366,1834.5366480061784,2580.8545429608785,256.0
1785382645,0,,Aggregated,12.800000,0.000000,0,0,0,0,0,0,0,0,0,0,0,1888,0,420.0,1308.4026379327936,271.6862150118686,2580.8545429608785,704.5
1785382646,0,TTFT,S2,6.400000,0.000000,0,0,0,0,0,0,0,0,0,0,0,944,0,360.0,357.0042182049508,271.6862150118686,417.0613830210641,1153.0
1785382646,0,total,S2,6.400000,0.000000,0,0,0,0,0,0,0,0,0,0,0,944,0,2500.0,2259.8010576606366,1834.5366480061784,2580.8545429608785,256.0
1785382646,0,,Aggregated,12.800000,0.000000,0,0,0,0,0,0,0,0,0,0,0,1888,0,420.0,1308.4026379327936,271.6862150118686,2580.8545429608785,704.5
1785382647,0,TTFT,S2,6.400000,0.000000,0,0,0,0,0,0,0,0,0,0,0,944,0,360.0,357.0042182049508,271.6862150118686,417.0613830210641,1153.0
1785382647,0,total,S2,6.400000,0.000000,0,0,0,0,0,0,0,0,0,0,0,944,0,2500.0,2259.8010576606366,1834.5366480061784,2580.8545429608785,256.0
1785382647,0,,Aggregated,12.800000,0.000000,0,0,0,0,0,0,0,0,0,0,0,1888,0,420.0,1308.4026379327936,271.6862150118686,2580.8545429608785,704.5
1785382648,0,TTFT,S2,6.400000,0.000000,0,0,0,0,0,0,0,0,0,0,0,944,0,360.0,357.0042182049508,271.6862150118686,417.0613830210641,1153.0
1785382648,0,total,S2,6.400000,0.000000,0,0,0,0,0,0,0,0,0,0,0,944,0,2500.0,2259.8010576606366,1834.5366480061784,2580.8545429608785,256.0
1785382648,0,,Aggregated,12.800000,0.000000,0,0,0,0,0,0,0,0,0,0,0,1888,0,420.0,1308.4026379327936,271.6862150118686,2580.8545429608785,704.5
1785382649,0,TTFT,S2,6.400000,0.000000,0,0,0,0,0,0,0,0,0,0,0,944,0,360.0,357.0042182049508,271.6862150118686,417.0613830210641,1153.0
1785382649,0,total,S2,6.400000,0.000000,0,0,0,0,0,0,0,0,0,0,0,944,0,2500.0,2259.8010576606366,1834.5366480061784,2580.8545429608785,256.0
1785382649,0,,Aggregated,12.800000,0.000000,0,0,0,0,0,0,0,0,0,0,0,1888,0,420.0,1308.4026379327936,271.6862150118686,2580.8545429608785,704.5
1785382650,0,TTFT,S2,6.400000,0.000000,0,0,0,0,0,0,0,0,0,0,0,944,0,360.0,357.0042182049508,271.6862150118686,417.0613830210641,1153.0
1785382650,0,total,S2,6.400000,0.000000,0,0,0,0,0,0,0,0,0,0,0,944,0,2500.0,2259.8010576606366,1834.5366480061784,2580.8545429608785,256.0
1785382650,0,,Aggregated,12.800000,0.000000,0,0,0,0,0,0,0,0,0,0,0,1888,0,420.0,1308.4026379327936,271.6862150118686,2580.8545429608785,704.5
1785382651,0,TTFT,S2,6.400000,0.000000,0,0,0,0,0,0,0,0,0,0,0,944,0,360.0,357.0042182049508,271.6862150118686,417.0613830210641,1153.0
1785382651,0,total,S2,6.400000,0.000000,0,0,0,0,0,0,0,0,0,0,0,944,0,2500.0,2259.8010576606366,1834.5366480061784,2580.8545429608785,256.0
1785382651,0,,Aggregated,12.800000,0.000000,0,0,0,0,0,0,0,0,0,0,0,1888,0,420.0,1308.4026379327936,271.6862150118686,2580.8545429608785,704.5
1785382652,0,TTFT,S2,6.400000,0.000000,0,0,0,0,0,0,0,0,0,0,0,944,0,360.0,357.0042182049508,271.6862150118686,417.0613830210641,1153.0
1785382652,0,total,S2,6.400000,0.000000,0,0,0,0,0,0,0,0,0,0,0,944,0,2500.0,2259.8010576606366,1834.5366480061784,2580.8545429608785,256.0
1785382652,0,,Aggregated,12.800000,0.000000,0,0,0,0,0,0,0,0,0,0,0,1888,0,420.0,1308.4026379327936,271.6862150118686,2580.8545429608785,704.5
1785382653,0,TTFT,S2,6.400000,0.000000,0,0,0,0,0,0,0,0,0,0,0,944,0,360.0,357.0042182049508,271.6862150118686,417.0613830210641,1153.0
1785382653,0,total,S2,6.400000,0.000000,0,0,0,0,0,0,0,0,0,0,0,944,0,2500.0,2259.8010576606366,1834.5366480061784,2580.8545429608785,256.0
1785382653,0,,Aggregated,12.800000,0.000000,0,0,0,0,0,0,0,0,0,0,0,1888,0,420.0,1308.4026379327936,271.6862150118686,2580.8545429608785,704.5
1785382654,0,TTFT,S2,6.400000,0.000000,0,0,0,0,0,0,0,0,0,0,0,944,0,360.0,357.0042182049508,271.6862150118686,417.0613830210641,1153.0
1785382654,0,total,S2,6.400000,0.000000,0,0,0,0,0,0,0,0,0,0,0,944,0,2500.0,2259.8010576606366,1834.5366480061784,2580.8545429608785,256.0
1785382654,0,,Aggregated,12.800000,0.000000,0,0,0,0,0,0,0,0,0,0,0,1888,0,420.0,1308.4026379327936,271.6862150118686,2580.8545429608785,704.5
1785382655,0,TTFT,S2,6.400000,0.000000,0,0,0,0,0,0,0,0,0,0,0,944,0,360.0,357.0042182049508,271.6862150118686,417.0613830210641,1153.0
1785382655,0,total,S2,6.400000,0.000000,0,0,0,0,0,0,0,0,0,0,0,944,0,2500.0,2259.8010576606366,1834.5366480061784,2580.8545429608785,256.0
1785382655,0,,Aggregated,12.800000,0.000000,0,0,0,0,0,0,0,0,0,0,0,1888,0,420.0,1308.4026379327936,271.6862150118686,2580.8545429608785,704.5
1785382656,0,TTFT,S2,6.400000,0.000000,0,0,0,0,0,0,0,0,0,0,0,944,0,360.0,357.0042182049508,271.6862150118686,417.0613830210641,1153.0
1785382656,0,total,S2,6.400000,0.000000,0,0,0,0,0,0,0,0,0,0,0,944,0,2500.0,2259.8010576606366,1834.5366480061784,2580.8545429608785,256.0
1785382656,0,,Aggregated,12.800000,0.000000,0,0,0,0,0,0,0,0,0,0,0,1888,0,420.0,1308.4026379327936,271.6862150118686,2580.8545429608785,704.5
1785382657,0,TTFT,S2,6.400000,0.000000,0,0,0,0,0,0,0,0,0,0,0,944,0,360.0,357.0042182049508,271.6862150118686,417.0613830210641,1153.0
1785382657,0,total,S2,6.400000,0.000000,0,0,0,0,0,0,0,0,0,0,0,944,0,2500.0,2259.8010576606366,1834.5366480061784,2580.8545429608785,256.0
1785382657,0,,Aggregated,12.800000,0.000000,0,0,0,0,0,0,0,0,0,0,0,1888,0,420.0,1308.4026379327936,271.6862150118686,2580.8545429608785,704.5
1785382658,0,TTFT,S2,6.400000,0.000000,0,0,0,0,0,0,0,0,0,0,0,944,0,360.0,357.0042182049508,271.6862150118686,417.0613830210641,1153.0
1785382658,0,total,S2,6.400000,0.000000,0,0,0,0,0,0,0,0,0,0,0,944,0,2500.0,2259.8010576606366,1834.5366480061784,2580.8545429608785,256.0
1785382658,0,,Aggregated,12.800000,0.000000,0,0,0,0,0,0,0,0,0,0,0,1888,0,420.0,1308.4026379327936,271.6862150118686,2580.8545429608785,704.5
1785382659,0,TTFT,S2,6.400000,0.000000,0,0,0,0,0,0,0,0,0,0,0,944,0,360.0,357.0042182049508,271.6862150118686,417.0613830210641,1153.0
1785382659,0,total,S2,6.400000,0.000000,0,0,0,0,0,0,0,0,0,0,0,944,0,2500.0,2259.8010576606366,1834.5366480061784,2580.8545429608785,256.0
1785382659,0,,Aggregated,12.800000,0.000000,0,0,0,0,0,0,0,0,0,0,0,1888,0,420.0,1308.4026379327936,271.6862150118686,2580.8545429608785,704.5
1785382660,0,TTFT,S2,6.400000,0.000000,0,0,0,0,0,0,0,0,0,0,0,944,0,360.0,357.0042182049508,271.6862150118686,417.0613830210641,1153.0
1785382660,0,total,S2,6.400000,0.000000,0,0,0,0,0,0,0,0,0,0,0,944,0,2500.0,2259.8010576606366,1834.5366480061784,2580.8545429608785,256.0
1785382660,0,,Aggregated,12.800000,0.000000,0,0,0,0,0,0,0,0,0,0,0,1888,0,420.0,1308.4026379327936,271.6862150118686,2580.8545429608785,704.5
1785382661,0,TTFT,S2,6.400000,0.000000,0,0,0,0,0,0,0,0,0,0,0,944,0,360.0,357.0042182049508,271.6862150118686,417.0613830210641,1153.0
1785382661,0,total,S2,6.400000,0.000000,0,0,0,0,0,0,0,0,0,0,0,944,0,2500.0,2259.8010576606366,1834.5366480061784,2580.8545429608785,256.0
1785382661,0,,Aggregated,12.800000,0.000000,0,0,0,0,0,0,0,0,0,0,0,1888,0,420.0,1308.4026379327936,271.6862150118686,2580.8545429608785,704.5
1785382662,0,TTFT,S2,6.400000,0.000000,0,0,0,0,0,0,0,0,0,0,0,944,0,360.0,357.0042182049508,271.6862150118686,417.0613830210641,1153.0
1785382662,0,total,S2,6.400000,0.000000,0,0,0,0,0,0,0,0,0,0,0,944,0,2500.0,2259.8010576606366,1834.5366480061784,2580.8545429608785,256.0
1785382662,0,,Aggregated,12.800000,0.000000,0,0,0,0,0,0,0,0,0,0,0,1888,0,420.0,1308.4026379327936,271.6862150118686,2580.8545429608785,704.5
1785382663,0,TTFT,S2,6.400000,0.000000,0,0,0,0,0,0,0,0,0,0,0,944,0,360.0,357.0042182049508,271.6862150118686,417.0613830210641,1153.0
1785382663,0,total,S2,6.400000,0.000000,0,0,0,0,0,0,0,0,0,0,0,944,0,2500.0,2259.8010576606366,1834.5366480061784,2580.8545429608785,256.0
1785382663,0,,Aggregated,12.800000,0.000000,0,0,0,0,0,0,0,0,0,0,0,1888,0,420.0,1308.4026379327936,271.6862150118686,2580.8545429608785,704.5
1785382664,0,TTFT,S2,6.400000,0.000000,0,0,0,0,0,0,0,0,0,0,0,944,0,360.0,357.0042182049508,271.6862150118686,417.0613830210641,1153.0
1785382664,0,total,S2,6.400000,0.000000,0,0,0,0,0,0,0,0,0,0,0,944,0,2500.0,2259.8010576606366,1834.5366480061784,2580.8545429608785,256.0
1785382664,0,,Aggregated,12.800000,0.000000,0,0,0,0,0,0,0,0,0,0,0,1888,0,420.0,1308.4026379327936,271.6862150118686,2580.8545429608785,704.5
1785382665,0,TTFT,S2,6.400000,0.000000,0,0,0,0,0,0,0,0,0,0,0,944,0,360.0,357.0042182049508,271.6862150118686,417.0613830210641,1153.0
1785382665,0,total,S2,6.400000,0.000000,0,0,0,0,0,0,0,0,0,0,0,944,0,2500.0,2259.8010576606366,1834.5366480061784,2580.8545429608785,256.0
1785382665,0,,Aggregated,12.800000,0.000000,0,0,0,0,0,0,0,0,0,0,0,1888,0,420.0,1308.4026379327936,271.6862150118686,2580.8545429608785,704.5
1785382666,0,TTFT,S2,6.400000,0.000000,0,0,0,0,0,0,0,0,0,0,0,944,0,360.0,357.0042182049508,271.6862150118686,417.0613830210641,1153.0
1785382666,0,total,S2,6.400000,0.000000,0,0,0,0,0,0,0,0,0,0,0,944,0,2500.0,2259.8010576606366,1834.5366480061784,2580.8545429608785,256.0
1785382666,0,,Aggregated,12.800000,0.000000,0,0,0,0,0,0,0,0,0,0,0,1888,0,420.0,1308.4026379327936,271.6862150118686,2580.8545429608785,704.5
1785382667,0,TTFT,S2,6.400000,0.000000,0,0,0,0,0,0,0,0,0,0,0,944,0,360.0,357.0042182049508,271.6862150118686,417.0613830210641,1153.0
1785382667,0,total,S2,6.400000,0.000000,0,0,0,0,0,0,0,0,0,0,0,944,0,2500.0,2259.8010576606366,1834.5366480061784,2580.8545429608785,256.0
1785382667,0,,Aggregated,12.800000,0.000000,0,0,0,0,0,0,0,0,0,0,0,1888,0,420.0,1308.4026379327936,271.6862150118686,2580.8545429608785,704.5
1785382668,0,TTFT,S2,6.400000,0.000000,0,0,0,0,0,0,0,0,0,0,0,944,0,360.0,357.0042182049508,271.6862150118686,417.0613830210641,1153.0
1785382668,0,total,S2,6.400000,0.000000,0,0,0,0,0,0,0,0,0,0,0,944,0,2500.0,2259.8010576606366,1834.5366480061784,2580.8545429608785,256.0
1785382668,0,,Aggregated,12.800000,0.000000,0,0,0,0,0,0,0,0,0,0,0,1888,0,420.0,1308.4026379327936,271.6862150118686,2580.8545429608785,704.5
1785382669,0,TTFT,S2,6.400000,0.000000,0,0,0,0,0,0,0,0,0,0,0,944,0,360.0,357.0042182049508,271.6862150118686,417.0613830210641,1153.0
1785382669,0,total,S2,6.400000,0.000000,0,0,0,0,0,0,0,0,0,0,0,944,0,2500.0,2259.8010576606366,1834.5366480061784,2580.8545429608785,256.0
1785382669,0,,Aggregated,12.800000,0.000000,0,0,0,0,0,0,0,0,0,0,0,1888,0,420.0,1308.4026379327936,271.6862150118686,2580.8545429608785,704.5
1785382670,0,TTFT,S2,6.400000,0.000000,0,0,0,0,0,0,0,0,0,0,0,944,0,360.0,357.0042182049508,271.6862150118686,417.0613830210641,1153.0
1785382670,0,total,S2,6.400000,0.000000,0,0,0,0,0,0,0,0,0,0,0,944,0,2500.0,2259.8010576606366,1834.5366480061784,2580.8545429608785,256.0
1785382670,0,,Aggregated,12.800000,0.000000,0,0,0,0,0,0,0,0,0,0,0,1888,0,420.0,1308.4026379327936,271.6862150118686,2580.8545429608785,704.5
1785382671,0,TTFT,S2,6.400000,0.000000,0,0,0,0,0,0,0,0,0,0,0,944,0,360.0,357.0042182049508,271.6862150118686,417.0613830210641,1153.0
1785382671,0,total,S2,6.400000,0.000000,0,0,0,0,0,0,0,0,0,0,0,944,0,2500.0,2259.8010576606366,1834.5366480061784,2580.8545429608785,256.0
1785382671,0,,Aggregated,12.800000,0.000000,0,0,0,0,0,0,0,0,0,0,0,1888,0,420.0,1308.4026379327936,271.6862150118686,2580.8545429608785,704.5
1785382672,0,TTFT,S2,6.400000,0.000000,0,0,0,0,0,0,0,0,0,0,0,944,0,360.0,357.0042182049508,271.6862150118686,417.0613830210641,1153.0
1785382672,0,total,S2,6.400000,0.000000,0,0,0,0,0,0,0,0,0,0,0,944,0,2500.0,2259.8010576606366,1834.5366480061784,2580.8545429608785,256.0
1785382672,0,,Aggregated,12.800000,0.000000,0,0,0,0,0,0,0,0,0,0,0,1888,0,420.0,1308.4026379327936,271.6862150118686,2580.8545429608785,704.5
1785382673,0,TTFT,S2,6.400000,0.000000,0,0,0,0,0,0,0,0,0,0,0,944,0,360.0,357.0042182049508,271.6862150118686,417.0613830210641,1153.0
1785382673,0,total,S2,6.400000,0.000000,0,0,0,0,0,0,0,0,0,0,0,944,0,2500.0,2259.8010576606366,1834.5366480061784,2580.8545429608785,256.0
1785382673,0,,Aggregated,12.800000,0.000000,0,0,0,0,0,0,0,0,0,0,0,1888,0,420.0,1308.4026379327936,271.6862150118686,2580.8545429608785,704.5
1785382674,0,TTFT,S2,6.400000,0.000000,0,0,0,0,0,0,0,0,0,0,0,944,0,360.0,357.0042182049508,271.6862150118686,417.0613830210641,1153.0
1785382674,0,total,S2,6.400000,0.000000,0,0,0,0,0,0,0,0,0,0,0,944,0,2500.0,2259.8010576606366,1834.5366480061784,2580.8545429608785,256.0
1785382674,0,,Aggregated,12.800000,0.000000,0,0,0,0,0,0,0,0,0,0,0,1888,0,420.0,1308.4026379327936,271.6862150118686,2580.8545429608785,704.5
1785382675,0,TTFT,S2,6.400000,0.000000,0,0,0,0,0,0,0,0,0,0,0,944,0,360.0,357.0042182049508,271.6862150118686,417.0613830210641,1153.0
1785382675,0,total,S2,6.400000,0.000000,0,0,0,0,0,0,0,0,0,0,0,944,0,2500.0,2259.8010576606366,1834.5366480061784,2580.8545429608785,256.0
1785382675,0,,Aggregated,12.800000,0.000000,0,0,0,0,0,0,0,0,0,0,0,1888,0,420.0,1308.4026379327936,271.6862150118686,2580.8545429608785,704.5
1785382676,0,TTFT,S2,6.400000,0.000000,0,0,0,0,0,0,0,0,0,0,0,944,0,360.0,357.0042182049508,271.6862150118686,417.0613830210641,1153.0
1785382676,0,total,S2,6.400000,0.000000,0,0,0,0,0,0,0,0,0,0,0,944,0,2500.0,2259.8010576606366,1834.5366480061784,2580.8545429608785,256.0
1785382676,0,,Aggregated,12.800000,0.000000,0,0,0,0,0,0,0,0,0,0,0,1888,0,420.0,1308.4026379327936,271.6862150118686,2580.8545429608785,704.5
1785382677,0,TTFT,S2,6.400000,0.000000,0,0,0,0,0,0,0,0,0,0,0,944,0,360.0,357.0042182049508,271.6862150118686,417.0613830210641,1153.0
1785382677,0,total,S2,6.400000,0.000000,0,0,0,0,0,0,0,0,0,0,0,944,0,2500.0,2259.8010576606366,1834.5366480061784,2580.8545429608785,256.0
1785382677,0,,Aggregated,12.800000,0.000000,0,0,0,0,0,0,0,0,0,0,0,1888,0,420.0,1308.4026379327936,271.6862150118686,2580.8545429608785,704.5
1785382678,0,TTFT,S2,6.400000,0.000000,0,0,0,0,0,0,0,0,0,0,0,944,0,360.0,357.0042182049508,271.6862150118686,417.0613830210641,1153.0
1785382678,0,total,S2,6.400000,0.000000,0,0,0,0,0,0,0,0,0,0,0,944,0,2500.0,2259.8010576606366,1834.5366480061784,2580.8545429608785,256.0
1785382678,0,,Aggregated,12.800000,0.000000,0,0,0,0,0,0,0,0,0,0,0,1888,0,420.0,1308.4026379327936,271.6862150118686,2580.8545429608785,704.5
1785382679,0,TTFT,S2,6.400000,0.000000,0,0,0,0,0,0,0,0,0,0,0,944,0,360.0,357.0042182049508,271.6862150118686,417.0613830210641,1153.0
1785382679,0,total,S2,6.400000,0.000000,0,0,0,0,0,0,0,0,0,0,0,944,0,2500.0,2259.8010576606366,1834.5366480061784,2580.8545429608785,256.0
1785382679,0,,Aggregated,12.800000,0.000000,0,0,0,0,0,0,0,0,0,0,0,1888,0,420.0,1308.4026379327936,271.6862150118686,2580.8545429608785,704.5
1785382680,0,TTFT,S2,6.400000,0.000000,0,0,0,0,0,0,0,0,0,0,0,944,0,360.0,357.0042182049508,271.6862150118686,417.0613830210641,1153.0
1785382680,0,total,S2,6.400000,0.000000,0,0,0,0,0,0,0,0,0,0,0,944,0,2500.0,2259.8010576606366,1834.5366480061784,2580.8545429608785,256.0
1785382680,0,,Aggregated,12.800000,0.000000,0,0,0,0,0,0,0,0,0,0,0,1888,0,420.0,1308.4026379327936,271.6862150118686,2580.8545429608785,704.5
1785382681,0,TTFT,S2,6.400000,0.000000,0,0,0,0,0,0,0,0,0,0,0,944,0,360.0,357.0042182049508,271.6862150118686,417.0613830210641,1153.0
1785382681,0,total,S2,6.400000,0.000000,0,0,0,0,0,0,0,0,0,0,0,944,0,2500.0,2259.8010576606366,1834.5366480061784,2580.8545429608785,256.0
1785382681,0,,Aggregated,12.800000,0.000000,0,0,0,0,0,0,0,0,0,0,0,1888,0,420.0,1308.4026379327936,271.6862150118686,2580.8545429608785,704.5
1785382682,0,TTFT,S2,6.400000,0.000000,0,0,0,0,0,0,0,0,0,0,0,944,0,360.0,357.0042182049508,271.6862150118686,417.0613830210641,1153.0
1785382682,0,total,S2,6.400000,0.000000,0,0,0,0,0,0,0,0,0,0,0,944,0,2500.0,2259.8010576606366,1834.5366480061784,2580.8545429608785,256.0
1785382682,0,,Aggregated,12.800000,0.000000,0,0,0,0,0,0,0,0,0,0,0,1888,0,420.0,1308.4026379327936,271.6862150118686,2580.8545429608785,704.5
1785382683,0,TTFT,S2,6.400000,0.000000,0,0,0,0,0,0,0,0,0,0,0,944,0,360.0,357.0042182049508,271.6862150118686,417.0613830210641,1153.0
1785382683,0,total,S2,6.400000,0.000000,0,0,0,0,0,0,0,0,0,0,0,944,0,2500.0,2259.8010576606366,1834.5366480061784,2580.8545429608785,256.0
1785382683,0,,Aggregated,12.800000,0.000000,0,0,0,0,0,0,0,0,0,0,0,1888,0,420.0,1308.4026379327936,271.6862150118686,2580.8545429608785,704.5
1785382684,0,TTFT,S2,6.400000,0.000000,0,0,0,0,0,0,0,0,0,0,0,944,0,360.0,357.0042182049508,271.6862150118686,417.0613830210641,1153.0
1785382684,0,total,S2,6.400000,0.000000,0,0,0,0,0,0,0,0,0,0,0,944,0,2500.0,2259.8010576606366,1834.5366480061784,2580.8545429608785,256.0
1785382684,0,,Aggregated,12.800000,0.000000,0,0,0,0,0,0,0,0,0,0,0,1888,0,420.0,1308.4026379327936,271.6862150118686,2580.8545429608785,704.5
1785382685,0,TTFT,S2,6.400000,0.000000,0,0,0,0,0,0,0,0,0,0,0,944,0,360.0,357.0042182049508,271.6862150118686,417.0613830210641,1153.0
1785382685,0,total,S2,6.400000,0.000000,0,0,0,0,0,0,0,0,0,0,0,944,0,2500.0,2259.8010576606366,1834.5366480061784,2580.8545429608785,256.0
1785382685,0,,Aggregated,12.800000,0.000000,0,0,0,0,0,0,0,0,0,0,0,1888,0,420.0,1308.4026379327936,271.6862150118686,2580.8545429608785,704.5
1785382686,0,TTFT,S2,6.400000,0.000000,0,0,0,0,0,0,0,0,0,0,0,944,0,360.0,357.0042182049508,271.6862150118686,417.0613830210641,1153.0
1785382686,0,total,S2,6.400000,0.000000,0,0,0,0,0,0,0,0,0,0,0,944,0,2500.0,2259.8010576606366,1834.5366480061784,2580.8545429608785,256.0
1785382686,0,,Aggregated,12.800000,0.000000,0,0,0,0,0,0,0,0,0,0,0,1888,0,420.0,1308.4026379327936,271.6862150118686,2580.8545429608785,704.5
1785382687,0,TTFT,S2,6.400000,0.000000,0,0,0,0,0,0,0,0,0,0,0,944,0,360.0,357.0042182049508,271.6862150118686,417.0613830210641,1153.0
1785382687,0,total,S2,6.400000,0.000000,0,0,0,0,0,0,0,0,0,0,0,944,0,2500.0,2259.8010576606366,1834.5366480061784,2580.8545429608785,256.0
1785382687,0,,Aggregated,12.800000,0.000000,0,0,0,0,0,0,0,0,0,0,0,1888,0,420.0,1308.4026379327936,271.6862150118686,2580.8545429608785,704.5
1785382688,0,TTFT,S2,6.400000,0.000000,0,0,0,0,0,0,0,0,0,0,0,944,0,360.0,357.0042182049508,271.6862150118686,417.0613830210641,1153.0
1785382688,0,total,S2,6.400000,0.000000,0,0,0,0,0,0,0,0,0,0,0,944,0,2500.0,2259.8010576606366,1834.5366480061784,2580.8545429608785,256.0
1785382688,0,,Aggregated,12.800000,0.000000,0,0,0,0,0,0,0,0,0,0,0,1888,0,420.0,1308.4026379327936,271.6862150118686,2580.8545429608785,704.5
1785382689,0,TTFT,S2,6.400000,0.000000,0,0,0,0,0,0,0,0,0,0,0,944,0,360.0,357.0042182049508,271.6862150118686,417.0613830210641,1153.0
1785382689,0,total,S2,6.400000,0.000000,0,0,0,0,0,0,0,0,0,0,0,944,0,2500.0,2259.8010576606366,1834.5366480061784,2580.8545429608785,256.0
1785382689,0,,Aggregated,12.800000,0.000000,0,0,0,0,0,0,0,0,0,0,0,1888,0,420.0,1308.4026379327936,271.6862150118686,2580.8545429608785,704.5
1785382690,0,TTFT,S2,6.400000,0.000000,0,0,0,0,0,0,0,0,0,0,0,944,0,360.0,357.0042182049508,271.6862150118686,417.0613830210641,1153.0
1785382690,0,total,S2,6.400000,0.000000,0,0,0,0,0,0,0,0,0,0,0,944,0,2500.0,2259.8010576606366,1834.5366480061784,2580.8545429608785,256.0
1785382690,0,,Aggregated,12.800000,0.000000,0,0,0,0,0,0,0,0,0,0,0,1888,0,420.0,1308.4026379327936,271.6862150118686,2580.8545429608785,704.5
1785382691,0,TTFT,S2,6.400000,0.000000,0,0,0,0,0,0,0,0,0,0,0,944,0,360.0,357.0042182049508,271.6862150118686,417.0613830210641,1153.0
1785382691,0,total,S2,6.400000,0.000000,0,0,0,0,0,0,0,0,0,0,0,944,0,2500.0,2259.8010576606366,1834.5366480061784,2580.8545429608785,256.0
1785382691,0,,Aggregated,12.800000,0.000000,0,0,0,0,0,0,0,0,0,0,0,1888,0,420.0,1308.4026379327936,271.6862150118686,2580.8545429608785,704.5
1785382692,0,TTFT,S2,6.400000,0.000000,0,0,0,0,0,0,0,0,0,0,0,944,0,360.0,357.0042182049508,271.6862150118686,417.0613830210641,1153.0
1785382692,0,total,S2,6.400000,0.000000,0,0,0,0,0,0,0,0,0,0,0,944,0,2500.0,2259.8010576606366,1834.5366480061784,2580.8545429608785,256.0
1785382692,0,,Aggregated,12.800000,0.000000,0,0,0,0,0,0,0,0,0,0,0,1888,0,420.0,1308.4026379327936,271.6862150118686,2580.8545429608785,704.5
1785382693,0,TTFT,S2,6.400000,0.000000,0,0,0,0,0,0,0,0,0,0,0,944,0,360.0,357.0042182049508,271.6862150118686,417.0613830210641,1153.0
1785382693,0,total,S2,6.400000,0.000000,0,0,0,0,0,0,0,0,0,0,0,944,0,2500.0,2259.8010576606366,1834.5366480061784,2580.8545429608785,256.0
1785382693,0,,Aggregated,12.800000,0.000000,0,0,0,0,0,0,0,0,0,0,0,1888,0,420.0,1308.4026379327936,271.6862150118686,2580.8545429608785,704.5
1785382694,0,TTFT,S2,6.400000,0.000000,0,0,0,0,0,0,0,0,0,0,0,944,0,360.0,357.0042182049508,271.6862150118686,417.0613830210641,1153.0
1785382694,0,total,S2,6.400000,0.000000,0,0,0,0,0,0,0,0,0,0,0,944,0,2500.0,2259.8010576606366,1834.5366480061784,2580.8545429608785,256.0
1785382694,0,,Aggregated,12.800000,0.000000,0,0,0,0,0,0,0,0,0,0,0,1888,0,420.0,1308.4026379327936,271.6862150118686,2580.8545429608785,704.5
1785382695,0,TTFT,S2,6.400000,0.000000,0,0,0,0,0,0,0,0,0,0,0,944,0,360.0,357.0042182049508,271.6862150118686,417.0613830210641,1153.0
1785382695,0,total,S2,6.400000,0.000000,0,0,0,0,0,0,0,0,0,0,0,944,0,2500.0,2259.8010576606366,1834.5366480061784,2580.8545429608785,256.0
1785382695,0,,Aggregated,12.800000,0.000000,0,0,0,0,0,0,0,0,0,0,0,1888,0,420.0,1308.4026379327936,271.6862150118686,2580.8545429608785,704.5
1785382696,0,TTFT,S2,6.400000,0.000000,0,0,0,0,0,0,0,0,0,0,0,944,0,360.0,357.0042182049508,271.6862150118686,417.0613830210641,1153.0
1785382696,0,total,S2,6.400000,0.000000,0,0,0,0,0,0,0,0,0,0,0,944,0,2500.0,2259.8010576606366,1834.5366480061784,2580.8545429608785,256.0
1785382696,0,,Aggregated,12.800000,0.000000,0,0,0,0,0,0,0,0,0,0,0,1888,0,420.0,1308.4026379327936,271.6862150118686,2580.8545429608785,704.5
1785382697,0,TTFT,S2,6.400000,0.000000,0,0,0,0,0,0,0,0,0,0,0,944,0,360.0,357.0042182049508,271.6862150118686,417.0613830210641,1153.0
1785382697,0,total,S2,6.400000,0.000000,0,0,0,0,0,0,0,0,0,0,0,944,0,2500.0,2259.8010576606366,1834.5366480061784,2580.8545429608785,256.0
1785382697,0,,Aggregated,12.800000,0.000000,0,0,0,0,0,0,0,0,0,0,0,1888,0,420.0,1308.4026379327936,271.6862150118686,2580.8545429608785,704.5
1785382698,0,TTFT,S2,6.400000,0.000000,0,0,0,0,0,0,0,0,0,0,0,944,0,360.0,357.0042182049508,271.6862150118686,417.0613830210641,1153.0
1785382698,0,total,S2,6.400000,0.000000,0,0,0,0,0,0,0,0,0,0,0,944,0,2500.0,2259.8010576606366,1834.5366480061784,2580.8545429608785,256.0
1785382698,0,,Aggregated,12.800000,0.000000,0,0,0,0,0,0,0,0,0,0,0,1888,0,420.0,1308.4026379327936,271.6862150118686,2580.8545429608785,704.5
1785382699,0,TTFT,S2,6.400000,0.000000,0,0,0,0,0,0,0,0,0,0,0,944,0,360.0,357.0042182049508,271.6862150118686,417.0613830210641,1153.0
1785382699,0,total,S2,6.400000,0.000000,0,0,0,0,0,0,0,0,0,0,0,944,0,2500.0,2259.8010576606366,1834.5366480061784,2580.8545429608785,256.0
1785382699,0,,Aggregated,12.800000,0.000000,0,0,0,0,0,0,0,0,0,0,0,1888,0,420.0,1308.4026379327936,271.6862150118686,2580.8545429608785,704.5
1785382700,0,TTFT,S2,6.400000,0.000000,0,0,0,0,0,0,0,0,0,0,0,944,0,360.0,357.0042182049508,271.6862150118686,417.0613830210641,1153.0
1785382700,0,total,S2,6.400000,0.000000,0,0,0,0,0,0,0,0,0,0,0,944,0,2500.0,2259.8010576606366,1834.5366480061784,2580.8545429608785,256.0
1785382700,0,,Aggregated,12.800000,0.000000,0,0,0,0,0,0,0,0,0,0,0,1888,0,420.0,1308.4026379327936,271.6862150118686,2580.8545429608785,704.5
1785382701,0,TTFT,S2,6.400000,0.000000,0,0,0,0,0,0,0,0,0,0,0,944,0,360.0,357.0042182049508,271.6862150118686,417.0613830210641,1153.0
1785382701,0,total,S2,6.400000,0.000000,0,0,0,0,0,0,0,0,0,0,0,944,0,2500.0,2259.8010576606366,1834.5366480061784,2580.8545429608785,256.0
1785382701,0,,Aggregated,12.800000,0.000000,0,0,0,0,0,0,0,0,0,0,0,1888,0,420.0,1308.4026379327936,271.6862150118686,2580.8545429608785,704.5
1785382702,0,TTFT,S2,6.400000,0.000000,0,0,0,0,0,0,0,0,0,0,0,944,0,360.0,357.0042182049508,271.6862150118686,417.0613830210641,1153.0
1785382702,0,total,S2,6.400000,0.000000,0,0,0,0,0,0,0,0,0,0,0,944,0,2500.0,2259.8010576606366,1834.5366480061784,2580.8545429608785,256.0
1785382702,0,,Aggregated,12.800000,0.000000,0,0,0,0,0,0,0,0,0,0,0,1888,0,420.0,1308.4026379327936,271.6862150118686,2580.8545429608785,704.5
1785382703,0,TTFT,S2,6.400000,0.000000,0,0,0,0,0,0,0,0,0,0,0,944,0,360.0,357.0042182049508,271.6862150118686,417.0613830210641,1153.0
1785382703,0,total,S2,6.400000,0.000000,0,0,0,0,0,0,0,0,0,0,0,944,0,2500.0,2259.8010576606366,1834.5366480061784,2580.8545429608785,256.0
1785382703,0,,Aggregated,12.800000,0.000000,0,0,0,0,0,0,0,0,0,0,0,1888,0,420.0,1308.4026379327936,271.6862150118686,2580.8545429608785,704.5
1785382704,0,TTFT,S2,6.400000,0.000000,0,0,0,0,0,0,0,0,0,0,0,944,0,360.0,357.0042182049508,271.6862150118686,417.0613830210641,1153.0
1785382704,0,total,S2,6.400000,0.000000,0,0,0,0,0,0,0,0,0,0,0,944,0,2500.0,2259.8010576606366,1834.5366480061784,2580.8545429608785,256.0
1785382704,0,,Aggregated,12.800000,0.000000,0,0,0,0,0,0,0,0,0,0,0,1888,0,420.0,1308.4026379327936,271.6862150118686,2580.8545429608785,704.5
1785382705,0,TTFT,S2,6.400000,0.000000,0,0,0,0,0,0,0,0,0,0,0,944,0,360.0,357.0042182049508,271.6862150118686,417.0613830210641,1153.0
1785382705,0,total,S2,6.400000,0.000000,0,0,0,0,0,0,0,0,0,0,0,944,0,2500.0,2259.8010576606366,1834.5366480061784,2580.8545429608785,256.0
1785382705,0,,Aggregated,12.800000,0.000000,0,0,0,0,0,0,0,0,0,0,0,1888,0,420.0,1308.4026379327936,271.6862150118686,2580.8545429608785,704.5
1785382706,0,TTFT,S2,6.400000,0.000000,0,0,0,0,0,0,0,0,0,0,0,944,0,360.0,357.0042182049508,271.6862150118686,417.0613830210641,1153.0
1785382706,0,total,S2,6.400000,0.000000,0,0,0,0,0,0,0,0,0,0,0,944,0,2500.0,2259.8010576606366,1834.5366480061784,2580.8545429608785,256.0
1785382706,0,,Aggregated,12.800000,0.000000,0,0,0,0,0,0,0,0,0,0,0,1888,0,420.0,1308.4026379327936,271.6862150118686,2580.8545429608785,704.5
1785382707,0,TTFT,S2,6.400000,0.000000,0,0,0,0,0,0,0,0,0,0,0,944,0,360.0,357.0042182049508,271.6862150118686,417.0613830210641,1153.0
1785382707,0,total,S2,6.400000,0.000000,0,0,0,0,0,0,0,0,0,0,0,944,0,2500.0,2259.8010576606366,1834.5366480061784,2580.8545429608785,256.0
1785382707,0,,Aggregated,12.800000,0.000000,0,0,0,0,0,0,0,0,0,0,0,1888,0,420.0,1308.4026379327936,271.6862150118686,2580.8545429608785,704.5
1785382708,0,TTFT,S2,6.400000,0.000000,0,0,0,0,0,0,0,0,0,0,0,944,0,360.0,357.0042182049508,271.6862150118686,417.0613830210641,1153.0
1785382708,0,total,S2,6.400000,0.000000,0,0,0,0,0,0,0,0,0,0,0,944,0,2500.0,2259.8010576606366,1834.5366480061784,2580.8545429608785,256.0
1785382708,0,,Aggregated,12.800000,0.000000,0,0,0,0,0,0,0,0,0,0,0,1888,0,420.0,1308.4026379327936,271.6862150118686,2580.8545429608785,704.5
1785382709,0,TTFT,S2,6.400000,0.000000,0,0,0,0,0,0,0,0,0,0,0,944,0,360.0,357.0042182049508,271.6862150118686,417.0613830210641,1153.0
1785382709,0,total,S2,6.400000,0.000000,0,0,0,0,0,0,0,0,0,0,0,944,0,2500.0,2259.8010576606366,1834.5366480061784,2580.8545429608785,256.0
1785382709,0,,Aggregated,12.800000,0.000000,0,0,0,0,0,0,0,0,0,0,0,1888,0,420.0,1308.4026379327936,271.6862150118686,2580.8545429608785,704.5
1785382710,0,TTFT,S2,6.400000,0.000000,0,0,0,0,0,0,0,0,0,0,0,944,0,360.0,357.0042182049508,271.6862150118686,417.0613830210641,1153.0
1785382710,0,total,S2,6.400000,0.000000,0,0,0,0,0,0,0,0,0,0,0,944,0,2500.0,2259.8010576606366,1834.5366480061784,2580.8545429608785,256.0
1785382710,0,,Aggregated,12.800000,0.000000,0,0,0,0,0,0,0,0,0,0,0,1888,0,420.0,1308.4026379327936,271.6862150118686,2580.8545429608785,704.5
1785382711,0,TTFT,S2,6.400000,0.000000,0,0,0,0,0,0,0,0,0,0,0,944,0,360.0,357.0042182049508,271.6862150118686,417.0613830210641,1153.0
1785382711,0,total,S2,6.400000,0.000000,0,0,0,0,0,0,0,0,0,0,0,944,0,2500.0,2259.8010576606366,1834.5366480061784,2580.8545429608785,256.0
1785382711,0,,Aggregated,12.800000,0.000000,0,0,0,0,0,0,0,0,0,0,0,1888,0,420.0,1308.4026379327936,271.6862150118686,2580.8545429608785,704.5
1785382712,0,TTFT,S2,6.400000,0.000000,0,0,0,0,0,0,0,0,0,0,0,944,0,360.0,357.0042182049508,271.6862150118686,417.0613830210641,1153.0
1785382712,0,total,S2,6.400000,0.000000,0,0,0,0,0,0,0,0,0,0,0,944,0,2500.0,2259.8010576606366,1834.5366480061784,2580.8545429608785,256.0
1785382712,0,,Aggregated,12.800000,0.000000,0,0,0,0,0,0,0,0,0,0,0,1888,0,420.0,1308.4026379327936,271.6862150118686,2580.8545429608785,704.5
1785382713,0,TTFT,S2,6.400000,0.000000,0,0,0,0,0,0,0,0,0,0,0,944,0,360.0,357.0042182049508,271.6862150118686,417.0613830210641,1153.0
1785382713,0,total,S2,6.400000,0.000000,0,0,0,0,0,0,0,0,0,0,0,944,0,2500.0,2259.8010576606366,1834.5366480061784,2580.8545429608785,256.0
1785382713,0,,Aggregated,12.800000,0.000000,0,0,0,0,0,0,0,0,0,0,0,1888,0,420.0,1308.4026379327936,271.6862150118686,2580.8545429608785,704.5
1785382714,0,TTFT,S2,6.400000,0.000000,0,0,0,0,0,0,0,0,0,0,0,944,0,360.0,357.0042182049508,271.6862150118686,417.0613830210641,1153.0
1785382714,0,total,S2,6.400000,0.000000,0,0,0,0,0,0,0,0,0,0,0,944,0,2500.0,2259.8010576606366,1834.5366480061784,2580.8545429608785,256.0
1785382714,0,,Aggregated,12.800000,0.000000,0,0,0,0,0,0,0,0,0,0,0,1888,0,420.0,1308.4026379327936,271.6862150118686,2580.8545429608785,704.5
1785382715,0,TTFT,S2,6.400000,0.000000,0,0,0,0,0,0,0,0,0,0,0,944,0,360.0,357.0042182049508,271.6862150118686,417.0613830210641,1153.0
1785382715,0,total,S2,6.400000,0.000000,0,0,0,0,0,0,0,0,0,0,0,944,0,2500.0,2259.8010576606366,1834.5366480061784,2580.8545429608785,256.0
1785382715,0,,Aggregated,12.800000,0.000000,0,0,0,0,0,0,0,0,0,0,0,1888,0,420.0,1308.4026379327936,271.6862150118686,2580.8545429608785,704.5
1785382716,0,TTFT,S2,6.400000,0.000000,0,0,0,0,0,0,0,0,0,0,0,944,0,360.0,357.0042182049508,271.6862150118686,417.0613830210641,1153.0
1785382716,0,total,S2,6.400000,0.000000,0,0,0,0,0,0,0,0,0,0,0,944,0,2500.0,2259.8010576606366,1834.5366480061784,2580.8545429608785,256.0
1785382716,0,,Aggregated,12.800000,0.000000,0,0,0,0,0,0,0,0,0,0,0,1888,0,420.0,1308.4026379327936,271.6862150118686,2580.8545429608785,704.5
1785382717,0,TTFT,S2,6.400000,0.000000,0,0,0,0,0,0,0,0,0,0,0,944,0,360.0,357.0042182049508,271.6862150118686,417.0613830210641,1153.0
1785382717,0,total,S2,6.400000,0.000000,0,0,0,0,0,0,0,0,0,0,0,944,0,2500.0,2259.8010576606366,1834.5366480061784,2580.8545429608785,256.0
1785382717,0,,Aggregated,12.800000,0.000000,0,0,0,0,0,0,0,0,0,0,0,1888,0,420.0,1308.4026379327936,271.6862150118686,2580.8545429608785,704.5
1785382718,0,TTFT,S2,6.400000,0.000000,0,0,0,0,0,0,0,0,0,0,0,944,0,360.0,357.0042182049508,271.6862150118686,417.0613830210641,1153.0
1785382718,0,total,S2,6.400000,0.000000,0,0,0,0,0,0,0,0,0,0,0,944,0,2500.0,2259.8010576606366,1834.5366480061784,2580.8545429608785,256.0
1785382718,0,,Aggregated,12.800000,0.000000,0,0,0,0,0,0,0,0,0,0,0,1888,0,420.0,1308.4026379327936,271.6862150118686,2580.8545429608785,704.5
1785382719,0,TTFT,S2,6.400000,0.000000,0,0,0,0,0,0,0,0,0,0,0,944,0,360.0,357.0042182049508,271.6862150118686,417.0613830210641,1153.0
1785382719,0,total,S2,6.400000,0.000000,0,0,0,0,0,0,0,0,0,0,0,944,0,2500.0,2259.8010576606366,1834.5366480061784,2580.8545429608785,256.0
1785382719,0,,Aggregated,12.800000,0.000000,0,0,0,0,0,0,0,0,0,0,0,1888,0,420.0,1308.4026379327936,271.6862150118686,2580.8545429608785,704.5
1785382720,0,TTFT,S2,6.400000,0.000000,0,0,0,0,0,0,0,0,0,0,0,944,0,360.0,357.0042182049508,271.6862150118686,417.0613830210641,1153.0
1785382720,0,total,S2,6.400000,0.000000,0,0,0,0,0,0,0,0,0,0,0,944,0,2500.0,2259.8010576606366,1834.5366480061784,2580.8545429608785,256.0
1785382720,0,,Aggregated,12.800000,0.000000,0,0,0,0,0,0,0,0,0,0,0,1888,0,420.0,1308.4026379327936,271.6862150118686,2580.8545429608785,704.5
1785382721,0,TTFT,S2,6.400000,0.000000,0,0,0,0,0,0,0,0,0,0,0,944,0,360.0,357.0042182049508,271.6862150118686,417.0613830210641,1153.0
1785382721,0,total,S2,6.400000,0.000000,0,0,0,0,0,0,0,0,0,0,0,944,0,2500.0,2259.8010576606366,1834.5366480061784,2580.8545429608785,256.0
1785382721,0,,Aggregated,12.800000,0.000000,0,0,0,0,0,0,0,0,0,0,0,1888,0,420.0,1308.4026379327936,271.6862150118686,2580.8545429608785,704.5
1785382722,0,TTFT,S2,6.400000,0.000000,0,0,0,0,0,0,0,0,0,0,0,944,0,360.0,357.0042182049508,271.6862150118686,417.0613830210641,1153.0
1785382722,0,total,S2,6.400000,0.000000,0,0,0,0,0,0,0,0,0,0,0,944,0,2500.0,2259.8010576606366,1834.5366480061784,2580.8545429608785,256.0
1785382722,0,,Aggregated,12.800000,0.000000,0,0,0,0,0,0,0,0,0,0,0,1888,0,420.0,1308.4026379327936,271.6862150118686,2580.8545429608785,704.5
1785382723,0,TTFT,S2,6.400000,0.000000,0,0,0,0,0,0,0,0,0,0,0,944,0,360.0,357.0042182049508,271.6862150118686,417.0613830210641,1153.0
1785382723,0,total,S2,6.400000,0.000000,0,0,0,0,0,0,0,0,0,0,0,944,0,2500.0,2259.8010576606366,1834.5366480061784,2580.8545429608785,256.0
1785382723,0,,Aggregated,12.800000,0.000000,0,0,0,0,0,0,0,0,0,0,0,1888,0,420.0,1308.4026379327936,271.6862150118686,2580.8545429608785,704.5
1785382724,0,TTFT,S2,6.400000,0.000000,0,0,0,0,0,0,0,0,0,0,0,944,0,360.0,357.0042182049508,271.6862150118686,417.0613830210641,1153.0
1785382724,0,total,S2,6.400000,0.000000,0,0,0,0,0,0,0,0,0,0,0,944,0,2500.0,2259.8010576606366,1834.5366480061784,2580.8545429608785,256.0
1785382724,0,,Aggregated,12.800000,0.000000,0,0,0,0,0,0,0,0,0,0,0,1888,0,420.0,1308.4026379327936,271.6862150118686,2580.8545429608785,704.5
1785382725,0,TTFT,S2,6.400000,0.000000,0,0,0,0,0,0,0,0,0,0,0,944,0,360.0,357.0042182049508,271.6862150118686,417.0613830210641,1153.0
1785382725,0,total,S2,6.400000,0.000000,0,0,0,0,0,0,0,0,0,0,0,944,0,2500.0,2259.8010576606366,1834.5366480061784,2580.8545429608785,256.0
1785382725,0,,Aggregated,12.800000,0.000000,0,0,0,0,0,0,0,0,0,0,0,1888,0,420.0,1308.4026379327936,271.6862150118686,2580.8545429608785,704.5
1785382726,0,TTFT,S2,6.400000,0.000000,0,0,0,0,0,0,0,0,0,0,0,944,0,360.0,357.0042182049508,271.6862150118686,417.0613830210641,1153.0
1785382726,0,total,S2,6.400000,0.000000,0,0,0,0,0,0,0,0,0,0,0,944,0,2500.0,2259.8010576606366,1834.5366480061784,2580.8545429608785,256.0
1785382726,0,,Aggregated,12.800000,0.000000,0,0,0,0,0,0,0,0,0,0,0,1888,0,420.0,1308.4026379327936,271.6862150118686,2580.8545429608785,704.5
1785382727,0,TTFT,S2,6.400000,0.000000,0,0,0,0,0,0,0,0,0,0,0,944,0,360.0,357.0042182049508,271.6862150118686,417.0613830210641,1153.0
1785382727,0,total,S2,6.400000,0.000000,0,0,0,0,0,0,0,0,0,0,0,944,0,2500.0,2259.8010576606366,1834.5366480061784,2580.8545429608785,256.0
1785382727,0,,Aggregated,12.800000,0.000000,0,0,0,0,0,0,0,0,0,0,0,1888,0,420.0,1308.4026379327936,271.6862150118686,2580.8545429608785,704.5
1785382728,0,TTFT,S2,6.400000,0.000000,0,0,0,0,0,0,0,0,0,0,0,944,0,360.0,357.0042182049508,271.6862150118686,417.0613830210641,1153.0
1785382728,0,total,S2,6.400000,0.000000,0,0,0,0,0,0,0,0,0,0,0,944,0,2500.0,2259.8010576606366,1834.5366480061784,2580.8545429608785,256.0
1785382728,0,,Aggregated,12.800000,0.000000,0,0,0,0,0,0,0,0,0,0,0,1888,0,420.0,1308.4026379327936,271.6862150118686,2580.8545429608785,704.5
1785382729,0,TTFT,S2,6.400000,0.000000,0,0,0,0,0,0,0,0,0,0,0,944,0,360.0,357.0042182049508,271.6862150118686,417.0613830210641,1153.0
1785382729,0,total,S2,6.400000,0.000000,0,0,0,0,0,0,0,0,0,0,0,944,0,2500.0,2259.8010576606366,1834.5366480061784,2580.8545429608785,256.0
1785382729,0,,Aggregated,12.800000,0.000000,0,0,0,0,0,0,0,0,0,0,0,1888,0,420.0,1308.4026379327936,271.6862150118686,2580.8545429608785,704.5
1785382730,0,TTFT,S2,6.400000,0.000000,0,0,0,0,0,0,0,0,0,0,0,944,0,360.0,357.0042182049508,271.6862150118686,417.0613830210641,1153.0
1785382730,0,total,S2,6.400000,0.000000,0,0,0,0,0,0,0,0,0,0,0,944,0,2500.0,2259.8010576606366,1834.5366480061784,2580.8545429608785,256.0
1785382730,0,,Aggregated,12.800000,0.000000,0,0,0,0,0,0,0,0,0,0,0,1888,0,420.0,1308.4026379327936,271.6862150118686,2580.8545429608785,704.5
1785382731,0,TTFT,S2,6.400000,0.000000,0,0,0,0,0,0,0,0,0,0,0,944,0,360.0,357.0042182049508,271.6862150118686,417.0613830210641,1153.0
1785382731,0,total,S2,6.400000,0.000000,0,0,0,0,0,0,0,0,0,0,0,944,0,2500.0,2259.8010576606366,1834.5366480061784,2580.8545429608785,256.0
1785382731,0,,Aggregated,12.800000,0.000000,0,0,0,0,0,0,0,0,0,0,0,1888,0,420.0,1308.4026379327936,271.6862150118686,2580.8545429608785,704.5
1785382732,0,TTFT,S2,6.400000,0.000000,0,0,0,0,0,0,0,0,0,0,0,944,0,360.0,357.0042182049508,271.6862150118686,417.0613830210641,1153.0
1785382732,0,total,S2,6.400000,0.000000,0,0,0,0,0,0,0,0,0,0,0,944,0,2500.0,2259.8010576606366,1834.5366480061784,2580.8545429608785,256.0
1785382732,0,,Aggregated,12.800000,0.000000,0,0,0,0,0,0,0,0,0,0,0,1888,0,420.0,1308.4026379327936,271.6862150118686,2580.8545429608785,704.5
1785382733,0,TTFT,S2,6.400000,0.000000,0,0,0,0,0,0,0,0,0,0,0,944,0,360.0,357.0042182049508,271.6862150118686,417.0613830210641,1153.0
1785382733,0,total,S2,6.400000,0.000000,0,0,0,0,0,0,0,0,0,0,0,944,0,2500.0,2259.8010576606366,1834.5366480061784,2580.8545429608785,256.0
1785382733,0,,Aggregated,12.800000,0.000000,0,0,0,0,0,0,0,0,0,0,0,1888,0,420.0,1308.4026379327936,271.6862150118686,2580.8545429608785,704.5
1785382734,0,TTFT,S2,6.400000,0.000000,0,0,0,0,0,0,0,0,0,0,0,944,0,360.0,357.0042182049508,271.6862150118686,417.0613830210641,1153.0
1785382734,0,total,S2,6.400000,0.000000,0,0,0,0,0,0,0,0,0,0,0,944,0,2500.0,2259.8010576606366,1834.5366480061784,2580.8545429608785,256.0
1785382734,0,,Aggregated,12.800000,0.000000,0,0,0,0,0,0,0,0,0,0,0,1888,0,420.0,1308.4026379327936,271.6862150118686,2580.8545429608785,704.5
1785382735,0,TTFT,S2,6.400000,0.000000,0,0,0,0,0,0,0,0,0,0,0,944,0,360.0,357.0042182049508,271.6862150118686,417.0613830210641,1153.0
1785382735,0,total,S2,6.400000,0.000000,0,0,0,0,0,0,0,0,0,0,0,944,0,2500.0,2259.8010576606366,1834.5366480061784,2580.8545429608785,256.0
1785382735,0,,Aggregated,12.800000,0.000000,0,0,0,0,0,0,0,0,0,0,0,1888,0,420.0,1308.4026379327936,271.6862150118686,2580.8545429608785,704.5
1785382736,0,TTFT,S2,6.400000,0.000000,0,0,0,0,0,0,0,0,0,0,0,944,0,360.0,357.0042182049508,271.6862150118686,417.0613830210641,1153.0
1785382736,0,total,S2,6.400000,0.000000,0,0,0,0,0,0,0,0,0,0,0,944,0,2500.0,2259.8010576606366,1834.5366480061784,2580.8545429608785,256.0
1785382736,0,,Aggregated,12.800000,0.000000,0,0,0,0,0,0,0,0,0,0,0,1888,0,420.0,1308.4026379327936,271.6862150118686,2580.8545429608785,704.5
1785382737,0,TTFT,S2,6.400000,0.000000,0,0,0,0,0,0,0,0,0,0,0,944,0,360.0,357.0042182049508,271.6862150118686,417.0613830210641,1153.0
1785382737,0,total,S2,6.400000,0.000000,0,0,0,0,0,0,0,0,0,0,0,944,0,2500.0,2259.8010576606366,1834.5366480061784,2580.8545429608785,256.0
1785382737,0,,Aggregated,12.800000,0.000000,0,0,0,0,0,0,0,0,0,0,0,1888,0,420.0,1308.4026379327936,271.6862150118686,2580.8545429608785,704.5
1785382738,0,TTFT,S2,6.400000,0.000000,0,0,0,0,0,0,0,0,0,0,0,944,0,360.0,357.0042182049508,271.6862150118686,417.0613830210641,1153.0
1785382738,0,total,S2,6.400000,0.000000,0,0,0,0,0,0,0,0,0,0,0,944,0,2500.0,2259.8010576606366,1834.5366480061784,2580.8545429608785,256.0
1785382738,0,,Aggregated,12.800000,0.000000,0,0,0,0,0,0,0,0,0,0,0,1888,0,420.0,1308.4026379327936,271.6862150118686,2580.8545429608785,704.5
1785382739,0,TTFT,S2,6.400000,0.000000,0,0,0,0,0,0,0,0,0,0,0,944,0,360.0,357.0042182049508,271.6862150118686,417.0613830210641,1153.0
1785382739,0,total,S2,6.400000,0.000000,0,0,0,0,0,0,0,0,0,0,0,944,0,2500.0,2259.8010576606366,1834.5366480061784,2580.8545429608785,256.0
1785382739,0,,Aggregated,12.800000,0.000000,0,0,0,0,0,0,0,0,0,0,0,1888,0,420.0,1308.4026379327936,271.6862150118686,2580.8545429608785,704.5
1785382740,0,TTFT,S2,6.400000,0.000000,0,0,0,0,0,0,0,0,0,0,0,944,0,360.0,357.0042182049508,271.6862150118686,417.0613830210641,1153.0
1785382740,0,total,S2,6.400000,0.000000,0,0,0,0,0,0,0,0,0,0,0,944,0,2500.0,2259.8010576606366,1834.5366480061784,2580.8545429608785,256.0
1785382740,0,,Aggregated,12.800000,0.000000,0,0,0,0,0,0,0,0,0,0,0,1888,0,420.0,1308.4026379327936,271.6862150118686,2580.8545429608785,704.5
1785382741,0,TTFT,S2,6.400000,0.000000,0,0,0,0,0,0,0,0,0,0,0,944,0,360.0,357.0042182049508,271.6862150118686,417.0613830210641,1153.0
1785382741,0,total,S2,6.400000,0.000000,0,0,0,0,0,0,0,0,0,0,0,944,0,2500.0,2259.8010576606366,1834.5366480061784,2580.8545429608785,256.0
1785382741,0,,Aggregated,12.800000,0.000000,0,0,0,0,0,0,0,0,0,0,0,1888,0,420.0,1308.4026379327936,271.6862150118686,2580.8545429608785,704.5
1785382742,0,TTFT,S2,6.400000,0.000000,0,0,0,0,0,0,0,0,0,0,0,944,0,360.0,357.0042182049508,271.6862150118686,417.0613830210641,1153.0
1785382742,0,total,S2,6.400000,0.000000,0,0,0,0,0,0,0,0,0,0,0,944,0,2500.0,2259.8010576606366,1834.5366480061784,2580.8545429608785,256.0
1785382742,0,,Aggregated,12.800000,0.000000,0,0,0,0,0,0,0,0,0,0,0,1888,0,420.0,1308.4026379327936,271.6862150118686,2580.8545429608785,704.5
1785382743,0,TTFT,S2,6.400000,0.000000,0,0,0,0,0,0,0,0,0,0,0,944,0,360.0,357.0042182049508,271.6862150118686,417.0613830210641,1153.0
1785382743,0,total,S2,6.400000,0.000000,0,0,0,0,0,0,0,0,0,0,0,944,0,2500.0,2259.8010576606366,1834.5366480061784,2580.8545429608785,256.0
1785382743,0,,Aggregated,12.800000,0.000000,0,0,0,0,0,0,0,0,0,0,0,1888,0,420.0,1308.4026379327936,271.6862150118686,2580.8545429608785,704.5
1785382744,0,TTFT,S2,6.400000,0.000000,0,0,0,0,0,0,0,0,0,0,0,944,0,360.0,357.0042182049508,271.6862150118686,417.0613830210641,1153.0
1785382744,0,total,S2,6.400000,0.000000,0,0,0,0,0,0,0,0,0,0,0,944,0,2500.0,2259.8010576606366,1834.5366480061784,2580.8545429608785,256.0
1785382744,0,,Aggregated,12.800000,0.000000,0,0,0,0,0,0,0,0,0,0,0,1888,0,420.0,1308.4026379327936,271.6862150118686,2580.8545429608785,704.5
1785382745,0,TTFT,S2,6.400000,0.000000,0,0,0,0,0,0,0,0,0,0,0,944,0,360.0,357.0042182049508,271.6862150118686,417.0613830210641,1153.0
1785382745,0,total,S2,6.400000,0.000000,0,0,0,0,0,0,0,0,0,0,0,944,0,2500.0,2259.8010576606366,1834.5366480061784,2580.8545429608785,256.0
1785382745,0,,Aggregated,12.800000,0.000000,0,0,0,0,0,0,0,0,0,0,0,1888,0,420.0,1308.4026379327936,271.6862150118686,2580.8545429608785,704.5
1785382746,0,TTFT,S2,6.400000,0.000000,0,0,0,0,0,0,0,0,0,0,0,944,0,360.0,357.0042182049508,271.6862150118686,417.0613830210641,1153.0
1785382746,0,total,S2,6.400000,0.000000,0,0,0,0,0,0,0,0,0,0,0,944,0,2500.0,2259.8010576606366,1834.5366480061784,2580.8545429608785,256.0
1785382746,0,,Aggregated,12.800000,0.000000,0,0,0,0,0,0,0,0,0,0,0,1888,0,420.0,1308.4026379327936,271.6862150118686,2580.8545429608785,704.5
1785382747,0,TTFT,S2,6.400000,0.000000,0,0,0,0,0,0,0,0,0,0,0,944,0,360.0,357.0042182049508,271.6862150118686,417.0613830210641,1153.0
1785382747,0,total,S2,6.400000,0.000000,0,0,0,0,0,0,0,0,0,0,0,944,0,2500.0,2259.8010576606366,1834.5366480061784,2580.8545429608785,256.0
1785382747,0,,Aggregated,12.800000,0.000000,0,0,0,0,0,0,0,0,0,0,0,1888,0,420.0,1308.4026379327936,271.6862150118686,2580.8545429608785,704.5
1785382748,0,TTFT,S2,6.400000,0.000000,0,0,0,0,0,0,0,0,0,0,0,944,0,360.0,357.0042182049508,271.6862150118686,417.0613830210641,1153.0
1785382748,0,total,S2,6.400000,0.000000,0,0,0,0,0,0,0,0,0,0,0,944,0,2500.0,2259.8010576606366,1834.5366480061784,2580.8545429608785,256.0
1785382748,0,,Aggregated,12.800000,0.000000,0,0,0,0,0,0,0,0,0,0,0,1888,0,420.0,1308.4026379327936,271.6862150118686,2580.8545429608785,704.5
1785382749,0,TTFT,S2,6.400000,0.000000,0,0,0,0,0,0,0,0,0,0,0,944,0,360.0,357.0042182049508,271.6862150118686,417.0613830210641,1153.0
1785382749,0,total,S2,6.400000,0.000000,0,0,0,0,0,0,0,0,0,0,0,944,0,2500.0,2259.8010576606366,1834.5366480061784,2580.8545429608785,256.0
1785382749,0,,Aggregated,12.800000,0.000000,0,0,0,0,0,0,0,0,0,0,0,1888,0,420.0,1308.4026379327936,271.6862150118686,2580.8545429608785,704.5
1785382750,0,TTFT,S2,6.400000,0.000000,0,0,0,0,0,0,0,0,0,0,0,944,0,360.0,357.0042182049508,271.6862150118686,417.0613830210641,1153.0
1785382750,0,total,S2,6.400000,0.000000,0,0,0,0,0,0,0,0,0,0,0,944,0,2500.0,2259.8010576606366,1834.5366480061784,2580.8545429608785,256.0
1785382750,0,,Aggregated,12.800000,0.000000,0,0,0,0,0,0,0,0,0,0,0,1888,0,420.0,1308.4026379327936,271.6862150118686,2580.8545429608785,704.5
1785382751,0,TTFT,S2,6.400000,0.000000,0,0,0,0,0,0,0,0,0,0,0,944,0,360.0,357.0042182049508,271.6862150118686,417.0613830210641,1153.0
1785382751,0,total,S2,6.400000,0.000000,0,0,0,0,0,0,0,0,0,0,0,944,0,2500.0,2259.8010576606366,1834.5366480061784,2580.8545429608785,256.0
1785382751,0,,Aggregated,12.800000,0.000000,0,0,0,0,0,0,0,0,0,0,0,1888,0,420.0,1308.4026379327936,271.6862150118686,2580.8545429608785,704.5
1785382752,0,TTFT,S2,6.400000,0.000000,0,0,0,0,0,0,0,0,0,0,0,944,0,360.0,357.0042182049508,271.6862150118686,417.0613830210641,1153.0
1785382752,0,total,S2,6.400000,0.000000,0,0,0,0,0,0,0,0,0,0,0,944,0,2500.0,2259.8010576606366,1834.5366480061784,2580.8545429608785,256.0
1785382752,0,,Aggregated,12.800000,0.000000,0,0,0,0,0,0,0,0,0,0,0,1888,0,420.0,1308.4026379327936,271.6862150118686,2580.8545429608785,704.5
1785382753,0,TTFT,S2,6.400000,0.000000,0,0,0,0,0,0,0,0,0,0,0,944,0,360.0,357.0042182049508,271.6862150118686,417.0613830210641,1153.0
1785382753,0,total,S2,6.400000,0.000000,0,0,0,0,0,0,0,0,0,0,0,944,0,2500.0,2259.8010576606366,1834.5366480061784,2580.8545429608785,256.0
1785382753,0,,Aggregated,12.800000,0.000000,0,0,0,0,0,0,0,0,0,0,0,1888,0,420.0,1308.4026379327936,271.6862150118686,2580.8545429608785,704.5
1785382754,0,TTFT,S2,6.400000,0.000000,0,0,0,0,0,0,0,0,0,0,0,944,0,360.0,357.0042182049508,271.6862150118686,417.0613830210641,1153.0
1785382754,0,total,S2,6.400000,0.000000,0,0,0,0,0,0,0,0,0,0,0,944,0,2500.0,2259.8010576606366,1834.5366480061784,2580.8545429608785,256.0
1785382754,0,,Aggregated,12.800000,0.000000,0,0,0,0,0,0,0,0,0,0,0,1888,0,420.0,1308.4026379327936,271.6862150118686,2580.8545429608785,704.5
1785382755,0,TTFT,S2,6.400000,0.000000,0,0,0,0,0,0,0,0,0,0,0,944,0,360.0,357.0042182049508,271.6862150118686,417.0613830210641,1153.0
1785382755,0,total,S2,6.400000,0.000000,0,0,0,0,0,0,0,0,0,0,0,944,0,2500.0,2259.8010576606366,1834.5366480061784,2580.8545429608785,256.0
1785382755,0,,Aggregated,12.800000,0.000000,0,0,0,0,0,0,0,0,0,0,0,1888,0,420.0,1308.4026379327936,271.6862150118686,2580.8545429608785,704.5
1785382756,0,TTFT,S2,6.400000,0.000000,0,0,0,0,0,0,0,0,0,0,0,944,0,360.0,357.0042182049508,271.6862150118686,417.0613830210641,1153.0
1785382756,0,total,S2,6.400000,0.000000,0,0,0,0,0,0,0,0,0,0,0,944,0,2500.0,2259.8010576606366,1834.5366480061784,2580.8545429608785,256.0
1785382756,0,,Aggregated,12.800000,0.000000,0,0,0,0,0,0,0,0,0,0,0,1888,0,420.0,1308.4026379327936,271.6862150118686,2580.8545429608785,704.5
1785382757,0,TTFT,S2,6.400000,0.000000,0,0,0,0,0,0,0,0,0,0,0,944,0,360.0,357.0042182049508,271.6862150118686,417.0613830210641,1153.0
1785382757,0,total,S2,6.400000,0.000000,0,0,0,0,0,0,0,0,0,0,0,944,0,2500.0,2259.8010576606366,1834.5366480061784,2580.8545429608785,256.0
1785382757,0,,Aggregated,12.800000,0.000000,0,0,0,0,0,0,0,0,0,0,0,1888,0,420.0,1308.4026379327936,271.6862150118686,2580.8545429608785,704.5
1785382758,0,TTFT,S2,6.400000,0.000000,0,0,0,0,0,0,0,0,0,0,0,944,0,360.0,357.0042182049508,271.6862150118686,417.0613830210641,1153.0
1785382758,0,total,S2,6.400000,0.000000,0,0,0,0,0,0,0,0,0,0,0,944,0,2500.0,2259.8010576606366,1834.5366480061784,2580.8545429608785,256.0
1785382758,0,,Aggregated,12.800000,0.000000,0,0,0,0,0,0,0,0,0,0,0,1888,0,420.0,1308.4026379327936,271.6862150118686,2580.8545429608785,704.5
1785382759,0,TTFT,S2,6.400000,0.000000,0,0,0,0,0,0,0,0,0,0,0,944,0,360.0,357.0042182049508,271.6862150118686,417.0613830210641,1153.0
1785382759,0,total,S2,6.400000,0.000000,0,0,0,0,0,0,0,0,0,0,0,944,0,2500.0,2259.8010576606366,1834.5366480061784,2580.8545429608785,256.0
1785382759,0,,Aggregated,12.800000,0.000000,0,0,0,0,0,0,0,0,0,0,0,1888,0,420.0,1308.4026379327936,271.6862150118686,2580.8545429608785,704.5
1785382760,0,TTFT,S2,6.400000,0.000000,0,0,0,0,0,0,0,0,0,0,0,944,0,360.0,357.0042182049508,271.6862150118686,417.0613830210641,1153.0
1785382760,0,total,S2,6.400000,0.000000,0,0,0,0,0,0,0,0,0,0,0,944,0,2500.0,2259.8010576606366,1834.5366480061784,2580.8545429608785,256.0
1785382760,0,,Aggregated,12.800000,0.000000,0,0,0,0,0,0,0,0,0,0,0,1888,0,420.0,1308.4026379327936,271.6862150118686,2580.8545429608785,704.5
1785382761,0,TTFT,S2,6.400000,0.000000,0,0,0,0,0,0,0,0,0,0,0,944,0,360.0,357.0042182049508,271.6862150118686,417.0613830210641,1153.0
1785382761,0,total,S2,6.400000,0.000000,0,0,0,0,0,0,0,0,0,0,0,944,0,2500.0,2259.8010576606366,1834.5366480061784,2580.8545429608785,256.0
1785382761,0,,Aggregated,12.800000,0.000000,0,0,0,0,0,0,0,0,0,0,0,1888,0,420.0,1308.4026379327936,271.6862150118686,2580.8545429608785,704.5
1785382762,0,TTFT,S2,6.400000,0.000000,0,0,0,0,0,0,0,0,0,0,0,944,0,360.0,357.0042182049508,271.6862150118686,417.0613830210641,1153.0
1785382762,0,total,S2,6.400000,0.000000,0,0,0,0,0,0,0,0,0,0,0,944,0,2500.0,2259.8010576606366,1834.5366480061784,2580.8545429608785,256.0
1785382762,0,,Aggregated,12.800000,0.000000,0,0,0,0,0,0,0,0,0,0,0,1888,0,420.0,1308.4026379327936,271.6862150118686,2580.8545429608785,704.5
1785382763,0,TTFT,S2,6.400000,0.000000,0,0,0,0,0,0,0,0,0,0,0,944,0,360.0,357.0042182049508,271.6862150118686,417.0613830210641,1153.0
1785382763,0,total,S2,6.400000,0.000000,0,0,0,0,0,0,0,0,0,0,0,944,0,2500.0,2259.8010576606366,1834.5366480061784,2580.8545429608785,256.0
1785382763,0,,Aggregated,12.800000,0.000000,0,0,0,0,0,0,0,0,0,0,0,1888,0,420.0,1308.4026379327936,271.6862150118686,2580.8545429608785,704.5
1785382764,0,TTFT,S2,6.400000,0.000000,0,0,0,0,0,0,0,0,0,0,0,944,0,360.0,357.0042182049508,271.6862150118686,417.0613830210641,1153.0
1785382764,0,total,S2,6.400000,0.000000,0,0,0,0,0,0,0,0,0,0,0,944,0,2500.0,2259.8010576606366,1834.5366480061784,2580.8545429608785,256.0
1785382764,0,,Aggregated,12.800000,0.000000,0,0,0,0,0,0,0,0,0,0,0,1888,0,420.0,1308.4026379327936,271.6862150118686,2580.8545429608785,704.5
1785382765,0,TTFT,S2,6.400000,0.000000,0,0,0,0,0,0,0,0,0,0,0,944,0,360.0,357.0042182049508,271.6862150118686,417.0613830210641,1153.0
1785382765,0,total,S2,6.400000,0.000000,0,0,0,0,0,0,0,0,0,0,0,944,0,2500.0,2259.8010576606366,1834.5366480061784,2580.8545429608785,256.0
1785382765,0,,Aggregated,12.800000,0.000000,0,0,0,0,0,0,0,0,0,0,0,1888,0,420.0,1308.4026379327936,271.6862150118686,2580.8545429608785,704.5
1785382766,0,TTFT,S2,6.400000,0.000000,0,0,0,0,0,0,0,0,0,0,0,944,0,360.0,357.0042182049508,271.6862150118686,417.0613830210641,1153.0
1785382766,0,total,S2,6.400000,0.000000,0,0,0,0,0,0,0,0,0,0,0,944,0,2500.0,2259.8010576606366,1834.5366480061784,2580.8545429608785,256.0
1785382766,0,,Aggregated,12.800000,0.000000,0,0,0,0,0,0,0,0,0,0,0,1888,0,420.0,1308.4026379327936,271.6862150118686,2580.8545429608785,704.5
1785382767,0,TTFT,S2,6.400000,0.000000,0,0,0,0,0,0,0,0,0,0,0,944,0,360.0,357.0042182049508,271.6862150118686,417.0613830210641,1153.0
1785382767,0,total,S2,6.400000,0.000000,0,0,0,0,0,0,0,0,0,0,0,944,0,2500.0,2259.8010576606366,1834.5366480061784,2580.8545429608785,256.0
1785382767,0,,Aggregated,12.800000,0.000000,0,0,0,0,0,0,0,0,0,0,0,1888,0,420.0,1308.4026379327936,271.6862150118686,2580.8545429608785,704.5
1785382768,0,TTFT,S2,6.400000,0.000000,0,0,0,0,0,0,0,0,0,0,0,944,0,360.0,357.0042182049508,271.6862150118686,417.0613830210641,1153.0
1785382768,0,total,S2,6.400000,0.000000,0,0,0,0,0,0,0,0,0,0,0,944,0,2500.0,2259.8010576606366,1834.5366480061784,2580.8545429608785,256.0
1785382768,0,,Aggregated,12.800000,0.000000,0,0,0,0,0,0,0,0,0,0,0,1888,0,420.0,1308.4026379327936,271.6862150118686,2580.8545429608785,704.5
1785382769,0,TTFT,S2,6.400000,0.000000,0,0,0,0,0,0,0,0,0,0,0,944,0,360.0,357.0042182049508,271.6862150118686,417.0613830210641,1153.0
1785382769,0,total,S2,6.400000,0.000000,0,0,0,0,0,0,0,0,0,0,0,944,0,2500.0,2259.8010576606366,1834.5366480061784,2580.8545429608785,256.0
1785382769,0,,Aggregated,12.800000,0.000000,0,0,0,0,0,0,0,0,0,0,0,1888,0,420.0,1308.4026379327936,271.6862150118686,2580.8545429608785,704.5
1785382770,0,TTFT,S2,6.400000,0.000000,0,0,0,0,0,0,0,0,0,0,0,944,0,360.0,357.0042182049508,271.6862150118686,417.0613830210641,1153.0
1785382770,0,total,S2,6.400000,0.000000,0,0,0,0,0,0,0,0,0,0,0,944,0,2500.0,2259.8010576606366,1834.5366480061784,2580.8545429608785,256.0
1785382770,0,,Aggregated,12.800000,0.000000,0,0,0,0,0,0,0,0,0,0,0,1888,0,420.0,1308.4026379327936,271.6862150118686,2580.8545429608785,704.5
1785382771,0,TTFT,S2,6.400000,0.000000,0,0,0,0,0,0,0,0,0,0,0,944,0,360.0,357.0042182049508,271.6862150118686,417.0613830210641,1153.0
1785382771,0,total,S2,6.400000,0.000000,0,0,0,0,0,0,0,0,0,0,0,944,0,2500.0,2259.8010576606366,1834.5366480061784,2580.8545429608785,256.0
1785382771,0,,Aggregated,12.800000,0.000000,0,0,0,0,0,0,0,0,0,0,0,1888,0,420.0,1308.4026379327936,271.6862150118686,2580.8545429608785,704.5
1785382772,0,TTFT,S2,6.400000,0.000000,0,0,0,0,0,0,0,0,0,0,0,944,0,360.0,357.0042182049508,271.6862150118686,417.0613830210641,1153.0
1785382772,0,total,S2,6.400000,0.000000,0,0,0,0,0,0,0,0,0,0,0,944,0,2500.0,2259.8010576606366,1834.5366480061784,2580.8545429608785,256.0
1785382772,0,,Aggregated,12.800000,0.000000,0,0,0,0,0,0,0,0,0,0,0,1888,0,420.0,1308.4026379327936,271.6862150118686,2580.8545429608785,704.5
1785382773,0,TTFT,S2,6.400000,0.000000,0,0,0,0,0,0,0,0,0,0,0,944,0,360.0,357.0042182049508,271.6862150118686,417.0613830210641,1153.0
1785382773,0,total,S2,6.400000,0.000000,0,0,0,0,0,0,0,0,0,0,0,944,0,2500.0,2259.8010576606366,1834.5366480061784,2580.8545429608785,256.0
1785382773,0,,Aggregated,12.800000,0.000000,0,0,0,0,0,0,0,0,0,0,0,1888,0,420.0,1308.4026379327936,271.6862150118686,2580.8545429608785,704.5
1785382774,0,TTFT,S2,6.400000,0.000000,0,0,0,0,0,0,0,0,0,0,0,944,0,360.0,357.0042182049508,271.6862150118686,417.0613830210641,1153.0
1785382774,0,total,S2,6.400000,0.000000,0,0,0,0,0,0,0,0,0,0,0,944,0,2500.0,2259.8010576606366,1834.5366480061784,2580.8545429608785,256.0
1785382774,0,,Aggregated,12.800000,0.000000,0,0,0,0,0,0,0,0,0,0,0,1888,0,420.0,1308.4026379327936,271.6862150118686,2580.8545429608785,704.5
1785382775,0,TTFT,S2,6.400000,0.000000,0,0,0,0,0,0,0,0,0,0,0,944,0,360.0,357.0042182049508,271.6862150118686,417.0613830210641,1153.0
1785382775,0,total,S2,6.400000,0.000000,0,0,0,0,0,0,0,0,0,0,0,944,0,2500.0,2259.8010576606366,1834.5366480061784,2580.8545429608785,256.0
1785382775,0,,Aggregated,12.800000,0.000000,0,0,0,0,0,0,0,0,0,0,0,1888,0,420.0,1308.4026379327936,271.6862150118686,2580.8545429608785,704.5
1785382776,0,TTFT,S2,6.400000,0.000000,0,0,0,0,0,0,0,0,0,0,0,944,0,360.0,357.0042182049508,271.6862150118686,417.0613830210641,1153.0
1785382776,0,total,S2,6.400000,0.000000,0,0,0,0,0,0,0,0,0,0,0,944,0,2500.0,2259.8010576606366,1834.5366480061784,2580.8545429608785,256.0
1785382776,0,,Aggregated,12.800000,0.000000,0,0,0,0,0,0,0,0,0,0,0,1888,0,420.0,1308.4026379327936,271.6862150118686,2580.8545429608785,704.5
1785382777,0,TTFT,S2,6.400000,0.000000,0,0,0,0,0,0,0,0,0,0,0,944,0,360.0,357.0042182049508,271.6862150118686,417.0613830210641,1153.0
1785382777,0,total,S2,6.400000,0.000000,0,0,0,0,0,0,0,0,0,0,0,944,0,2500.0,2259.8010576606366,1834.5366480061784,2580.8545429608785,256.0
1785382777,0,,Aggregated,12.800000,0.000000,0,0,0,0,0,0,0,0,0,0,0,1888,0,420.0,1308.4026379327936,271.6862150118686,2580.8545429608785,704.5
1785382778,0,TTFT,S2,6.400000,0.000000,0,0,0,0,0,0,0,0,0,0,0,944,0,360.0,357.0042182049508,271.6862150118686,417.0613830210641,1153.0
1785382778,0,total,S2,6.400000,0.000000,0,0,0,0,0,0,0,0,0,0,0,944,0,2500.0,2259.8010576606366,1834.5366480061784,2580.8545429608785,256.0
1785382778,0,,Aggregated,12.800000,0.000000,0,0,0,0,0,0,0,0,0,0,0,1888,0,420.0,1308.4026379327936,271.6862150118686,2580.8545429608785,704.5
1785382779,0,TTFT,S2,6.400000,0.000000,0,0,0,0,0,0,0,0,0,0,0,944,0,360.0,357.0042182049508,271.6862150118686,417.0613830210641,1153.0
1785382779,0,total,S2,6.400000,0.000000,0,0,0,0,0,0,0,0,0,0,0,944,0,2500.0,2259.8010576606366,1834.5366480061784,2580.8545429608785,256.0
1785382779,0,,Aggregated,12.800000,0.000000,0,0,0,0,0,0,0,0,0,0,0,1888,0,420.0,1308.4026379327936,271.6862150118686,2580.8545429608785,704.5
1785382780,0,TTFT,S2,6.400000,0.000000,0,0,0,0,0,0,0,0,0,0,0,944,0,360.0,357.0042182049508,271.6862150118686,417.0613830210641,1153.0
1785382780,0,total,S2,6.400000,0.000000,0,0,0,0,0,0,0,0,0,0,0,944,0,2500.0,2259.8010576606366,1834.5366480061784,2580.8545429608785,256.0
1785382780,0,,Aggregated,12.800000,0.000000,0,0,0,0,0,0,0,0,0,0,0,1888,0,420.0,1308.4026379327936,271.6862150118686,2580.8545429608785,704.5
1785382781,0,TTFT,S2,6.400000,0.000000,0,0,0,0,0,0,0,0,0,0,0,944,0,360.0,357.0042182049508,271.6862150118686,417.0613830210641,1153.0
1785382781,0,total,S2,6.400000,0.000000,0,0,0,0,0,0,0,0,0,0,0,944,0,2500.0,2259.8010576606366,1834.5366480061784,2580.8545429608785,256.0
1785382781,0,,Aggregated,12.800000,0.000000,0,0,0,0,0,0,0,0,0,0,0,1888,0,420.0,1308.4026379327936,271.6862150118686,2580.8545429608785,704.5
1785382782,0,TTFT,S2,6.400000,0.000000,0,0,0,0,0,0,0,0,0,0,0,944,0,360.0,357.0042182049508,271.6862150118686,417.0613830210641,1153.0
1785382782,0,total,S2,6.400000,0.000000,0,0,0,0,0,0,0,0,0,0,0,944,0,2500.0,2259.8010576606366,1834.5366480061784,2580.8545429608785,256.0
1785382782,0,,Aggregated,12.800000,0.000000,0,0,0,0,0,0,0,0,0,0,0,1888,0,420.0,1308.4026379327936,271.6862150118686,2580.8545429608785,704.5
1785382783,0,TTFT,S2,6.400000,0.000000,0,0,0,0,0,0,0,0,0,0,0,944,0,360.0,357.0042182049508,271.6862150118686,417.0613830210641,1153.0
1785382783,0,total,S2,6.400000,0.000000,0,0,0,0,0,0,0,0,0,0,0,944,0,2500.0,2259.8010576606366,1834.5366480061784,2580.8545429608785,256.0
1785382783,0,,Aggregated,12.800000,0.000000,0,0,0,0,0,0,0,0,0,0,0,1888,0,420.0,1308.4026379327936,271.6862150118686,2580.8545429608785,704.5
1785382784,0,TTFT,S2,6.400000,0.000000,0,0,0,0,0,0,0,0,0,0,0,944,0,360.0,357.0042182049508,271.6862150118686,417.0613830210641,1153.0
1785382784,0,total,S2,6.400000,0.000000,0,0,0,0,0,0,0,0,0,0,0,944,0,2500.0,2259.8010576606366,1834.5366480061784,2580.8545429608785,256.0
1785382784,0,,Aggregated,12.800000,0.000000,0,0,0,0,0,0,0,0,0,0,0,1888,0,420.0,1308.4026379327936,271.6862150118686,2580.8545429608785,704.5
1785382785,0,TTFT,S2,6.400000,0.000000,0,0,0,0,0,0,0,0,0,0,0,944,0,360.0,357.0042182049508,271.6862150118686,417.0613830210641,1153.0
1785382785,0,total,S2,6.400000,0.000000,0,0,0,0,0,0,0,0,0,0,0,944,0,2500.0,2259.8010576606366,1834.5366480061784,2580.8545429608785,256.0
1785382785,0,,Aggregated,12.800000,0.000000,0,0,0,0,0,0,0,0,0,0,0,1888,0,420.0,1308.4026379327936,271.6862150118686,2580.8545429608785,704.5
1785382786,0,TTFT,S2,6.400000,0.000000,0,0,0,0,0,0,0,0,0,0,0,944,0,360.0,357.0042182049508,271.6862150118686,417.0613830210641,1153.0
1785382786,0,total,S2,6.400000,0.000000,0,0,0,0,0,0,0,0,0,0,0,944,0,2500.0,2259.8010576606366,1834.5366480061784,2580.8545429608785,256.0
1785382786,0,,Aggregated,12.800000,0.000000,0,0,0,0,0,0,0,0,0,0,0,1888,0,420.0,1308.4026379327936,271.6862150118686,2580.8545429608785,704.5
1785382787,0,TTFT,S2,6.400000,0.000000,0,0,0,0,0,0,0,0,0,0,0,944,0,360.0,357.0042182049508,271.6862150118686,417.0613830210641,1153.0
1785382787,0,total,S2,6.400000,0.000000,0,0,0,0,0,0,0,0,0,0,0,944,0,2500.0,2259.8010576606366,1834.5366480061784,2580.8545429608785,256.0
1785382787,0,,Aggregated,12.800000,0.000000,0,0,0,0,0,0,0,0,0,0,0,1888,0,420.0,1308.4026379327936,271.6862150118686,2580.8545429608785,704.5
1785382788,0,TTFT,S2,6.400000,0.000000,0,0,0,0,0,0,0,0,0,0,0,944,0,360.0,357.0042182049508,271.6862150118686,417.0613830210641,1153.0
1785382788,0,total,S2,6.400000,0.000000,0,0,0,0,0,0,0,0,0,0,0,944,0,2500.0,2259.8010576606366,1834.5366480061784,2580.8545429608785,256.0
1785382788,0,,Aggregated,12.800000,0.000000,0,0,0,0,0,0,0,0,0,0,0,1888,0,420.0,1308.4026379327936,271.6862150118686,2580.8545429608785,704.5
1785382789,0,TTFT,S2,6.400000,0.000000,0,0,0,0,0,0,0,0,0,0,0,944,0,360.0,357.0042182049508,271.6862150118686,417.0613830210641,1153.0
1785382789,0,total,S2,6.400000,0.000000,0,0,0,0,0,0,0,0,0,0,0,944,0,2500.0,2259.8010576606366,1834.5366480061784,2580.8545429608785,256.0
1785382789,0,,Aggregated,12.800000,0.000000,0,0,0,0,0,0,0,0,0,0,0,1888,0,420.0,1308.4026379327936,271.6862150118686,2580.8545429608785,704.5
1785382790,0,TTFT,S2,6.400000,0.000000,0,0,0,0,0,0,0,0,0,0,0,944,0,360.0,357.0042182049508,271.6862150118686,417.0613830210641,1153.0
1785382790,0,total,S2,6.400000,0.000000,0,0,0,0,0,0,0,0,0,0,0,944,0,2500.0,2259.8010576606366,1834.5366480061784,2580.8545429608785,256.0
1785382790,0,,Aggregated,12.800000,0.000000,0,0,0,0,0,0,0,0,0,0,0,1888,0,420.0,1308.4026379327936,271.6862150118686,2580.8545429608785,704.5
1785382791,0,TTFT,S2,6.400000,0.000000,0,0,0,0,0,0,0,0,0,0,0,944,0,360.0,357.0042182049508,271.6862150118686,417.0613830210641,1153.0
1785382791,0,total,S2,6.400000,0.000000,0,0,0,0,0,0,0,0,0,0,0,944,0,2500.0,2259.8010576606366,1834.5366480061784,2580.8545429608785,256.0
1785382791,0,,Aggregated,12.800000,0.000000,0,0,0,0,0,0,0,0,0,0,0,1888,0,420.0,1308.4026379327936,271.6862150118686,2580.8545429608785,704.5
1785382792,0,TTFT,S2,6.400000,0.000000,0,0,0,0,0,0,0,0,0,0,0,944,0,360.0,357.0042182049508,271.6862150118686,417.0613830210641,1153.0
1785382792,0,total,S2,6.400000,0.000000,0,0,0,0,0,0,0,0,0,0,0,944,0,2500.0,2259.8010576606366,1834.5366480061784,2580.8545429608785,256.0
1785382792,0,,Aggregated,12.800000,0.000000,0,0,0,0,0,0,0,0,0,0,0,1888,0,420.0,1308.4026379327936,271.6862150118686,2580.8545429608785,704.5
1785382793,0,TTFT,S2,6.400000,0.000000,0,0,0,0,0,0,0,0,0,0,0,944,0,360.0,357.0042182049508,271.6862150118686,417.0613830210641,1153.0
1785382793,0,total,S2,6.400000,0.000000,0,0,0,0,0,0,0,0,0,0,0,944,0,2500.0,2259.8010576606366,1834.5366480061784,2580.8545429608785,256.0
1785382793,0,,Aggregated,12.800000,0.000000,0,0,0,0,0,0,0,0,0,0,0,1888,0,420.0,1308.4026379327936,271.6862150118686,2580.8545429608785,704.5
1785382794,0,TTFT,S2,6.400000,0.000000,0,0,0,0,0,0,0,0,0,0,0,944,0,360.0,357.0042182049508,271.6862150118686,417.0613830210641,1153.0
1785382794,0,total,S2,6.400000,0.000000,0,0,0,0,0,0,0,0,0,0,0,944,0,2500.0,2259.8010576606366,1834.5366480061784,2580.8545429608785,256.0
1785382794,0,,Aggregated,12.800000,0.000000,0,0,0,0,0,0,0,0,0,0,0,1888,0,420.0,1308.4026379327936,271.6862150118686,2580.8545429608785,704.5
1785382795,0,TTFT,S2,6.400000,0.000000,0,0,0,0,0,0,0,0,0,0,0,944,0,360.0,357.0042182049508,271.6862150118686,417.0613830210641,1153.0
1785382795,0,total,S2,6.400000,0.000000,0,0,0,0,0,0,0,0,0,0,0,944,0,2500.0,2259.8010576606366,1834.5366480061784,2580.8545429608785,256.0
1785382795,0,,Aggregated,12.800000,0.000000,0,0,0,0,0,0,0,0,0,0,0,1888,0,420.0,1308.4026379327936,271.6862150118686,2580.8545429608785,704.5
1785382796,0,TTFT,S2,6.400000,0.000000,0,0,0,0,0,0,0,0,0,0,0,944,0,360.0,357.0042182049508,271.6862150118686,417.0613830210641,1153.0
1785382796,0,total,S2,6.400000,0.000000,0,0,0,0,0,0,0,0,0,0,0,944,0,2500.0,2259.8010576606366,1834.5366480061784,2580.8545429608785,256.0
1785382796,0,,Aggregated,12.800000,0.000000,0,0,0,0,0,0,0,0,0,0,0,1888,0,420.0,1308.4026379327936,271.6862150118686,2580.8545429608785,704.5
1785382797,0,TTFT,S2,6.400000,0.000000,0,0,0,0,0,0,0,0,0,0,0,944,0,360.0,357.0042182049508,271.6862150118686,417.0613830210641,1153.0
1785382797,0,total,S2,6.400000,0.000000,0,0,0,0,0,0,0,0,0,0,0,944,0,2500.0,2259.8010576606366,1834.5366480061784,2580.8545429608785,256.0
1785382797,0,,Aggregated,12.800000,0.000000,0,0,0,0,0,0,0,0,0,0,0,1888,0,420.0,1308.4026379327936,271.6862150118686,2580.8545429608785,704.5
1785382798,0,TTFT,S2,6.400000,0.000000,0,0,0,0,0,0,0,0,0,0,0,944,0,360.0,357.0042182049508,271.6862150118686,417.0613830210641,1153.0
1785382798,0,total,S2,6.400000,0.000000,0,0,0,0,0,0,0,0,0,0,0,944,0,2500.0,2259.8010576606366,1834.5366480061784,2580.8545429608785,256.0
1785382798,0,,Aggregated,12.800000,0.000000,0,0,0,0,0,0,0,0,0,0,0,1888,0,420.0,1308.4026379327936,271.6862150118686,2580.8545429608785,704.5
1785382799,0,TTFT,S2,6.400000,0.000000,0,0,0,0,0,0,0,0,0,0,0,944,0,360.0,357.0042182049508,271.6862150118686,417.0613830210641,1153.0
1785382799,0,total,S2,6.400000,0.000000,0,0,0,0,0,0,0,0,0,0,0,944,0,2500.0,2259.8010576606366,1834.5366480061784,2580.8545429608785,256.0
1785382799,0,,Aggregated,12.800000,0.000000,0,0,0,0,0,0,0,0,0,0,0,1888,0,420.0,1308.4026379327936,271.6862150118686,2580.8545429608785,704.5
1785382800,0,TTFT,S2,6.400000,0.000000,0,0,0,0,0,0,0,0,0,0,0,944,0,360.0,357.0042182049508,271.6862150118686,417.0613830210641,1153.0
1785382800,0,total,S2,6.400000,0.000000,0,0,0,0,0,0,0,0,0,0,0,944,0,2500.0,2259.8010576606366,1834.5366480061784,2580.8545429608785,256.0
1785382800,0,,Aggregated,12.800000,0.000000,0,0,0,0,0,0,0,0,0,0,0,1888,0,420.0,1308.4026379327936,271.6862150118686,2580.8545429608785,704.5
1785382801,0,TTFT,S2,6.400000,0.000000,0,0,0,0,0,0,0,0,0,0,0,944,0,360.0,357.0042182049508,271.6862150118686,417.0613830210641,1153.0
1785382801,0,total,S2,6.400000,0.000000,0,0,0,0,0,0,0,0,0,0,0,944,0,2500.0,2259.8010576606366,1834.5366480061784,2580.8545429608785,256.0
1785382801,0,,Aggregated,12.800000,0.000000,0,0,0,0,0,0,0,0,0,0,0,1888,0,420.0,1308.4026379327936,271.6862150118686,2580.8545429608785,704.5
1785382802,0,TTFT,S2,6.400000,0.000000,0,0,0,0,0,0,0,0,0,0,0,944,0,360.0,357.0042182049508,271.6862150118686,417.0613830210641,1153.0
1785382802,0,total,S2,6.400000,0.000000,0,0,0,0,0,0,0,0,0,0,0,944,0,2500.0,2259.8010576606366,1834.5366480061784,2580.8545429608785,256.0
1785382802,0,,Aggregated,12.800000,0.000000,0,0,0,0,0,0,0,0,0,0,0,1888,0,420.0,1308.4026379327936,271.6862150118686,2580.8545429608785,704.5
1785382803,0,TTFT,S2,6.400000,0.000000,0,0,0,0,0,0,0,0,0,0,0,944,0,360.0,357.0042182049508,271.6862150118686,417.0613830210641,1153.0
1785382803,0,total,S2,6.400000,0.000000,0,0,0,0,0,0,0,0,0,0,0,944,0,2500.0,2259.8010576606366,1834.5366480061784,2580.8545429608785,256.0
1785382803,0,,Aggregated,12.800000,0.000000,0,0,0,0,0,0,0,0,0,0,0,1888,0,420.0,1308.4026379327936,271.6862150118686,2580.8545429608785,704.5
1785382804,0,TTFT,S2,6.400000,0.000000,0,0,0,0,0,0,0,0,0,0,0,944,0,360.0,357.0042182049508,271.6862150118686,417.0613830210641,1153.0
1785382804,0,total,S2,6.400000,0.000000,0,0,0,0,0,0,0,0,0,0,0,944,0,2500.0,2259.8010576606366,1834.5366480061784,2580.8545429608785,256.0
1785382804,0,,Aggregated,12.800000,0.000000,0,0,0,0,0,0,0,0,0,0,0,1888,0,420.0,1308.4026379327936,271.6862150118686,2580.8545429608785,704.5
1785382805,0,TTFT,S2,6.400000,0.000000,0,0,0,0,0,0,0,0,0,0,0,944,0,360.0,357.0042182049508,271.6862150118686,417.0613830210641,1153.0
1785382805,0,total,S2,6.400000,0.000000,0,0,0,0,0,0,0,0,0,0,0,944,0,2500.0,2259.8010576606366,1834.5366480061784,2580.8545429608785,256.0
1785382805,0,,Aggregated,12.800000,0.000000,0,0,0,0,0,0,0,0,0,0,0,1888,0,420.0,1308.4026379327936,271.6862150118686,2580.8545429608785,704.5
1785382806,0,TTFT,S2,6.400000,0.000000,0,0,0,0,0,0,0,0,0,0,0,944,0,360.0,357.0042182049508,271.6862150118686,417.0613830210641,1153.0
1785382806,0,total,S2,6.400000,0.000000,0,0,0,0,0,0,0,0,0,0,0,944,0,2500.0,2259.8010576606366,1834.5366480061784,2580.8545429608785,256.0
1785382806,0,,Aggregated,12.800000,0.000000,0,0,0,0,0,0,0,0,0,0,0,1888,0,420.0,1308.4026379327936,271.6862150118686,2580.8545429608785,704.5
1785382807,0,TTFT,S2,6.400000,0.000000,0,0,0,0,0,0,0,0,0,0,0,944,0,360.0,357.0042182049508,271.6862150118686,417.0613830210641,1153.0
1785382807,0,total,S2,6.400000,0.000000,0,0,0,0,0,0,0,0,0,0,0,944,0,2500.0,2259.8010576606366,1834.5366480061784,2580.8545429608785,256.0
1785382807,0,,Aggregated,12.800000,0.000000,0,0,0,0,0,0,0,0,0,0,0,1888,0,420.0,1308.4026379327936,271.6862150118686,2580.8545429608785,704.5
1785382808,0,TTFT,S2,6.400000,0.000000,0,0,0,0,0,0,0,0,0,0,0,944,0,360.0,357.0042182049508,271.6862150118686,417.0613830210641,1153.0
1785382808,0,total,S2,6.400000,0.000000,0,0,0,0,0,0,0,0,0,0,0,944,0,2500.0,2259.8010576606366,1834.5366480061784,2580.8545429608785,256.0
1785382808,0,,Aggregated,12.800000,0.000000,0,0,0,0,0,0,0,0,0,0,0,1888,0,420.0,1308.4026379327936,271.6862150118686,2580.8545429608785,704.5
1785382809,0,TTFT,S2,6.400000,0.000000,0,0,0,0,0,0,0,0,0,0,0,944,0,360.0,357.0042182049508,271.6862150118686,417.0613830210641,1153.0
1785382809,0,total,S2,6.400000,0.000000,0,0,0,0,0,0,0,0,0,0,0,944,0,2500.0,2259.8010576606366,1834.5366480061784,2580.8545429608785,256.0
1785382809,0,,Aggregated,12.800000,0.000000,0,0,0,0,0,0,0,0,0,0,0,1888,0,420.0,1308.4026379327936,271.6862150118686,2580.8545429608785,704.5
1785382810,0,TTFT,S2,6.400000,0.000000,0,0,0,0,0,0,0,0,0,0,0,944,0,360.0,357.0042182049508,271.6862150118686,417.0613830210641,1153.0
1785382810,0,total,S2,6.400000,0.000000,0,0,0,0,0,0,0,0,0,0,0,944,0,2500.0,2259.8010576606366,1834.5366480061784,2580.8545429608785,256.0
1785382810,0,,Aggregated,12.800000,0.000000,0,0,0,0,0,0,0,0,0,0,0,1888,0,420.0,1308.4026379327936,271.6862150118686,2580.8545429608785,704.5
1785382811,0,TTFT,S2,6.400000,0.000000,0,0,0,0,0,0,0,0,0,0,0,944,0,360.0,357.0042182049508,271.6862150118686,417.0613830210641,1153.0
1785382811,0,total,S2,6.400000,0.000000,0,0,0,0,0,0,0,0,0,0,0,944,0,2500.0,2259.8010576606366,1834.5366480061784,2580.8545429608785,256.0
1785382811,0,,Aggregated,12.800000,0.000000,0,0,0,0,0,0,0,0,0,0,0,1888,0,420.0,1308.4026379327936,271.6862150118686,2580.8545429608785,704.5
1785382812,0,TTFT,S2,6.400000,0.000000,0,0,0,0,0,0,0,0,0,0,0,944,0,360.0,357.0042182049508,271.6862150118686,417.0613830210641,1153.0
1785382812,0,total,S2,6.400000,0.000000,0,0,0,0,0,0,0,0,0,0,0,944,0,2500.0,2259.8010576606366,1834.5366480061784,2580.8545429608785,256.0
1785382812,0,,Aggregated,12.800000,0.000000,0,0,0,0,0,0,0,0,0,0,0,1888,0,420.0,1308.4026379327936,271.6862150118686,2580.8545429608785,704.5
1785382813,0,TTFT,S2,6.400000,0.000000,0,0,0,0,0,0,0,0,0,0,0,944,0,360.0,357.0042182049508,271.6862150118686,417.0613830210641,1153.0
1785382813,0,total,S2,6.400000,0.000000,0,0,0,0,0,0,0,0,0,0,0,944,0,2500.0,2259.8010576606366,1834.5366480061784,2580.8545429608785,256.0
1785382813,0,,Aggregated,12.800000,0.000000,0,0,0,0,0,0,0,0,0,0,0,1888,0,420.0,1308.4026379327936,271.6862150118686,2580.8545429608785,704.5
1785382814,0,TTFT,S2,6.400000,0.000000,0,0,0,0,0,0,0,0,0,0,0,944,0,360.0,357.0042182049508,271.6862150118686,417.0613830210641,1153.0
1785382814,0,total,S2,6.400000,0.000000,0,0,0,0,0,0,0,0,0,0,0,944,0,2500.0,2259.8010576606366,1834.5366480061784,2580.8545429608785,256.0
1785382814,0,,Aggregated,12.800000,0.000000,0,0,0,0,0,0,0,0,0,0,0,1888,0,420.0,1308.4026379327936,271.6862150118686,2580.8545429608785,704.5
1785382815,0,TTFT,S2,6.400000,0.000000,0,0,0,0,0,0,0,0,0,0,0,944,0,360.0,357.0042182049508,271.6862150118686,417.0613830210641,1153.0
1785382815,0,total,S2,6.400000,0.000000,0,0,0,0,0,0,0,0,0,0,0,944,0,2500.0,2259.8010576606366,1834.5366480061784,2580.8545429608785,256.0
1785382815,0,,Aggregated,12.800000,0.000000,0,0,0,0,0,0,0,0,0,0,0,1888,0,420.0,1308.4026379327936,271.6862150118686,2580.8545429608785,704.5
1785382816,0,TTFT,S2,6.400000,0.000000,0,0,0,0,0,0,0,0,0,0,0,944,0,360.0,357.0042182049508,271.6862150118686,417.0613830210641,1153.0
1785382816,0,total,S2,6.400000,0.000000,0,0,0,0,0,0,0,0,0,0,0,944,0,2500.0,2259.8010576606366,1834.5366480061784,2580.8545429608785,256.0
1785382816,0,,Aggregated,12.800000,0.000000,0,0,0,0,0,0,0,0,0,0,0,1888,0,420.0,1308.4026379327936,271.6862150118686,2580.8545429608785,704.5
1785382817,0,TTFT,S2,6.400000,0.000000,0,0,0,0,0,0,0,0,0,0,0,944,0,360.0,357.0042182049508,271.6862150118686,417.0613830210641,1153.0
1785382817,0,total,S2,6.400000,0.000000,0,0,0,0,0,0,0,0,0,0,0,944,0,2500.0,2259.8010576606366,1834.5366480061784,2580.8545429608785,256.0
1785382817,0,,Aggregated,12.800000,0.000000,0,0,0,0,0,0,0,0,0,0,0,1888,0,420.0,1308.4026379327936,271.6862150118686,2580.8545429608785,704.5
1785382818,0,TTFT,S2,6.400000,0.000000,0,0,0,0,0,0,0,0,0,0,0,944,0,360.0,357.0042182049508,271.6862150118686,417.0613830210641,1153.0
1785382818,0,total,S2,6.400000,0.000000,0,0,0,0,0,0,0,0,0,0,0,944,0,2500.0,2259.8010576606366,1834.5366480061784,2580.8545429608785,256.0
1785382818,0,,Aggregated,12.800000,0.000000,0,0,0,0,0,0,0,0,0,0,0,1888,0,420.0,1308.4026379327936,271.6862150118686,2580.8545429608785,704.5
1785382819,0,TTFT,S2,6.400000,0.000000,0,0,0,0,0,0,0,0,0,0,0,944,0,360.0,357.0042182049508,271.6862150118686,417.0613830210641,1153.0
1785382819,0,total,S2,6.400000,0.000000,0,0,0,0,0,0,0,0,0,0,0,944,0,2500.0,2259.8010576606366,1834.5366480061784,2580.8545429608785,256.0
1785382819,0,,Aggregated,12.800000,0.000000,0,0,0,0,0,0,0,0,0,0,0,1888,0,420.0,1308.4026379327936,271.6862150118686,2580.8545429608785,704.5
1785382820,0,TTFT,S2,6.400000,0.000000,0,0,0,0,0,0,0,0,0,0,0,944,0,360.0,357.0042182049508,271.6862150118686,417.0613830210641,1153.0
1785382820,0,total,S2,6.400000,0.000000,0,0,0,0,0,0,0,0,0,0,0,944,0,2500.0,2259.8010576606366,1834.5366480061784,2580.8545429608785,256.0
1785382820,0,,Aggregated,12.800000,0.000000,0,0,0,0,0,0,0,0,0,0,0,1888,0,420.0,1308.4026379327936,271.6862150118686,2580.8545429608785,704.5
1785382821,0,TTFT,S2,6.400000,0.000000,0,0,0,0,0,0,0,0,0,0,0,944,0,360.0,357.0042182049508,271.6862150118686,417.0613830210641,1153.0
1785382821,0,total,S2,6.400000,0.000000,0,0,0,0,0,0,0,0,0,0,0,944,0,2500.0,2259.8010576606366,1834.5366480061784,2580.8545429608785,256.0
1785382821,0,,Aggregated,12.800000,0.000000,0,0,0,0,0,0,0,0,0,0,0,1888,0,420.0,1308.4026379327936,271.6862150118686,2580.8545429608785,704.5
1785382822,0,TTFT,S2,6.400000,0.000000,0,0,0,0,0,0,0,0,0,0,0,944,0,360.0,357.0042182049508,271.6862150118686,417.0613830210641,1153.0
1785382822,0,total,S2,6.400000,0.000000,0,0,0,0,0,0,0,0,0,0,0,944,0,2500.0,2259.8010576606366,1834.5366480061784,2580.8545429608785,256.0
1785382822,0,,Aggregated,12.800000,0.000000,0,0,0,0,0,0,0,0,0,0,0,1888,0,420.0,1308.4026379327936,271.6862150118686,2580.8545429608785,704.5
1785382823,0,TTFT,S2,6.400000,0.000000,0,0,0,0,0,0,0,0,0,0,0,944,0,360.0,357.0042182049508,271.6862150118686,417.0613830210641,1153.0
1785382823,0,total,S2,6.400000,0.000000,0,0,0,0,0,0,0,0,0,0,0,944,0,2500.0,2259.8010576606366,1834.5366480061784,2580.8545429608785,256.0
1785382823,0,,Aggregated,12.800000,0.000000,0,0,0,0,0,0,0,0,0,0,0,1888,0,420.0,1308.4026379327936,271.6862150118686,2580.8545429608785,704.5
1785382824,0,TTFT,S2,6.400000,0.000000,0,0,0,0,0,0,0,0,0,0,0,944,0,360.0,357.0042182049508,271.6862150118686,417.0613830210641,1153.0
1785382824,0,total,S2,6.400000,0.000000,0,0,0,0,0,0,0,0,0,0,0,944,0,2500.0,2259.8010576606366,1834.5366480061784,2580.8545429608785,256.0
1785382824,0,,Aggregated,12.800000,0.000000,0,0,0,0,0,0,0,0,0,0,0,1888,0,420.0,1308.4026379327936,271.6862150118686,2580.8545429608785,704.5
1785382825,0,TTFT,S2,6.400000,0.000000,0,0,0,0,0,0,0,0,0,0,0,944,0,360.0,357.0042182049508,271.6862150118686,417.0613830210641,1153.0
1785382825,0,total,S2,6.400000,0.000000,0,0,0,0,0,0,0,0,0,0,0,944,0,2500.0,2259.8010576606366,1834.5366480061784,2580.8545429608785,256.0
1785382825,0,,Aggregated,12.800000,0.000000,0,0,0,0,0,0,0,0,0,0,0,1888,0,420.0,1308.4026379327936,271.6862150118686,2580.8545429608785,704.5
1785382826,0,TTFT,S2,6.400000,0.000000,0,0,0,0,0,0,0,0,0,0,0,944,0,360.0,357.0042182049508,271.6862150118686,417.0613830210641,1153.0
1785382826,0,total,S2,6.400000,0.000000,0,0,0,0,0,0,0,0,0,0,0,944,0,2500.0,2259.8010576606366,1834.5366480061784,2580.8545429608785,256.0
1785382826,0,,Aggregated,12.800000,0.000000,0,0,0,0,0,0,0,0,0,0,0,1888,0,420.0,1308.4026379327936,271.6862150118686,2580.8545429608785,704.5
1785382827,0,TTFT,S2,6.400000,0.000000,0,0,0,0,0,0,0,0,0,0,0,944,0,360.0,357.0042182049508,271.6862150118686,417.0613830210641,1153.0
1785382827,0,total,S2,6.400000,0.000000,0,0,0,0,0,0,0,0,0,0,0,944,0,2500.0,2259.8010576606366,1834.5366480061784,2580.8545429608785,256.0
1785382827,0,,Aggregated,12.800000,0.000000,0,0,0,0,0,0,0,0,0,0,0,1888,0,420.0,1308.4026379327936,271.6862150118686,2580.8545429608785,704.5
1785382828,0,TTFT,S2,6.400000,0.000000,0,0,0,0,0,0,0,0,0,0,0,944,0,360.0,357.0042182049508,271.6862150118686,417.0613830210641,1153.0
1785382828,0,total,S2,6.400000,0.000000,0,0,0,0,0,0,0,0,0,0,0,944,0,2500.0,2259.8010576606366,1834.5366480061784,2580.8545429608785,256.0
1785382828,0,,Aggregated,12.800000,0.000000,0,0,0,0,0,0,0,0,0,0,0,1888,0,420.0,1308.4026379327936,271.6862150118686,2580.8545429608785,704.5
1785382829,0,TTFT,S2,6.400000,0.000000,0,0,0,0,0,0,0,0,0,0,0,944,0,360.0,357.0042182049508,271.6862150118686,417.0613830210641,1153.0
1785382829,0,total,S2,6.400000,0.000000,0,0,0,0,0,0,0,0,0,0,0,944,0,2500.0,2259.8010576606366,1834.5366480061784,2580.8545429608785,256.0
1785382829,0,,Aggregated,12.800000,0.000000,0,0,0,0,0,0,0,0,0,0,0,1888,0,420.0,1308.4026379327936,271.6862150118686,2580.8545429608785,704.5
1785382830,0,TTFT,S2,6.400000,0.000000,0,0,0,0,0,0,0,0,0,0,0,944,0,360.0,357.0042182049508,271.6862150118686,417.0613830210641,1153.0
1785382830,0,total,S2,6.400000,0.000000,0,0,0,0,0,0,0,0,0,0,0,944,0,2500.0,2259.8010576606366,1834.5366480061784,2580.8545429608785,256.0
1785382830,0,,Aggregated,12.800000,0.000000,0,0,0,0,0,0,0,0,0,0,0,1888,0,420.0,1308.4026379327936,271.6862150118686,2580.8545429608785,704.5
1785382831,0,TTFT,S2,6.400000,0.000000,0,0,0,0,0,0,0,0,0,0,0,944,0,360.0,357.0042182049508,271.6862150118686,417.0613830210641,1153.0
1785382831,0,total,S2,6.400000,0.000000,0,0,0,0,0,0,0,0,0,0,0,944,0,2500.0,2259.8010576606366,1834.5366480061784,2580.8545429608785,256.0
1785382831,0,,Aggregated,12.800000,0.000000,0,0,0,0,0,0,0,0,0,0,0,1888,0,420.0,1308.4026379327936,271.6862150118686,2580.8545429608785,704.5
1785382832,0,TTFT,S2,6.400000,0.000000,0,0,0,0,0,0,0,0,0,0,0,944,0,360.0,357.0042182049508,271.6862150118686,417.0613830210641,1153.0
1785382832,0,total,S2,6.400000,0.000000,0,0,0,0,0,0,0,0,0,0,0,944,0,2500.0,2259.8010576606366,1834.5366480061784,2580.8545429608785,256.0
1785382832,0,,Aggregated,12.800000,0.000000,0,0,0,0,0,0,0,0,0,0,0,1888,0,420.0,1308.4026379327936,271.6862150118686,2580.8545429608785,704.5
1785382833,0,TTFT,S2,6.400000,0.000000,0,0,0,0,0,0,0,0,0,0,0,944,0,360.0,357.0042182049508,271.6862150118686,417.0613830210641,1153.0
1785382833,0,total,S2,6.400000,0.000000,0,0,0,0,0,0,0,0,0,0,0,944,0,2500.0,2259.8010576606366,1834.5366480061784,2580.8545429608785,256.0
1785382833,0,,Aggregated,12.800000,0.000000,0,0,0,0,0,0,0,0,0,0,0,1888,0,420.0,1308.4026379327936,271.6862150118686,2580.8545429608785,704.5
1785382834,0,TTFT,S2,6.400000,0.000000,0,0,0,0,0,0,0,0,0,0,0,944,0,360.0,357.0042182049508,271.6862150118686,417.0613830210641,1153.0
1785382834,0,total,S2,6.400000,0.000000,0,0,0,0,0,0,0,0,0,0,0,944,0,2500.0,2259.8010576606366,1834.5366480061784,2580.8545429608785,256.0
1785382834,0,,Aggregated,12.800000,0.000000,0,0,0,0,0,0,0,0,0,0,0,1888,0,420.0,1308.4026379327936,271.6862150118686,2580.8545429608785,704.5
1785382835,0,TTFT,S2,6.400000,0.000000,0,0,0,0,0,0,0,0,0,0,0,944,0,360.0,357.0042182049508,271.6862150118686,417.0613830210641,1153.0
1785382835,0,total,S2,6.400000,0.000000,0,0,0,0,0,0,0,0,0,0,0,944,0,2500.0,2259.8010576606366,1834.5366480061784,2580.8545429608785,256.0
1785382835,0,,Aggregated,12.800000,0.000000,0,0,0,0,0,0,0,0,0,0,0,1888,0,420.0,1308.4026379327936,271.6862150118686,2580.8545429608785,704.5
1785382836,0,TTFT,S2,6.400000,0.000000,0,0,0,0,0,0,0,0,0,0,0,944,0,360.0,357.0042182049508,271.6862150118686,417.0613830210641,1153.0
1785382836,0,total,S2,6.400000,0.000000,0,0,0,0,0,0,0,0,0,0,0,944,0,2500.0,2259.8010576606366,1834.5366480061784,2580.8545429608785,256.0
1785382836,0,,Aggregated,12.800000,0.000000,0,0,0,0,0,0,0,0,0,0,0,1888,0,420.0,1308.4026379327936,271.6862150118686,2580.8545429608785,704.5
1785382837,0,TTFT,S2,6.400000,0.000000,0,0,0,0,0,0,0,0,0,0,0,944,0,360.0,357.0042182049508,271.6862150118686,417.0613830210641,1153.0
1785382837,0,total,S2,6.400000,0.000000,0,0,0,0,0,0,0,0,0,0,0,944,0,2500.0,2259.8010576606366,1834.5366480061784,2580.8545429608785,256.0
1785382837,0,,Aggregated,12.800000,0.000000,0,0,0,0,0,0,0,0,0,0,0,1888,0,420.0,1308.4026379327936,271.6862150118686,2580.8545429608785,704.5
1785382838,0,TTFT,S2,6.400000,0.000000,0,0,0,0,0,0,0,0,0,0,0,944,0,360.0,357.0042182049508,271.6862150118686,417.0613830210641,1153.0
1785382838,0,total,S2,6.400000,0.000000,0,0,0,0,0,0,0,0,0,0,0,944,0,2500.0,2259.8010576606366,1834.5366480061784,2580.8545429608785,256.0
1785382838,0,,Aggregated,12.800000,0.000000,0,0,0,0,0,0,0,0,0,0,0,1888,0,420.0,1308.4026379327936,271.6862150118686,2580.8545429608785,704.5
1785382839,0,TTFT,S2,6.400000,0.000000,0,0,0,0,0,0,0,0,0,0,0,944,0,360.0,357.0042182049508,271.6862150118686,417.0613830210641,1153.0
1785382839,0,total,S2,6.400000,0.000000,0,0,0,0,0,0,0,0,0,0,0,944,0,2500.0,2259.8010576606366,1834.5366480061784,2580.8545429608785,256.0
1785382839,0,,Aggregated,12.800000,0.000000,0,0,0,0,0,0,0,0,0,0,0,1888,0,420.0,1308.4026379327936,271.6862150118686,2580.8545429608785,704.5
1785382840,0,TTFT,S2,6.400000,0.000000,0,0,0,0,0,0,0,0,0,0,0,944,0,360.0,357.0042182049508,271.6862150118686,417.0613830210641,1153.0
1785382840,0,total,S2,6.400000,0.000000,0,0,0,0,0,0,0,0,0,0,0,944,0,2500.0,2259.8010576606366,1834.5366480061784,2580.8545429608785,256.0
1785382840,0,,Aggregated,12.800000,0.000000,0,0,0,0,0,0,0,0,0,0,0,1888,0,420.0,1308.4026379327936,271.6862150118686,2580.8545429608785,704.5
1785382841,0,TTFT,S2,6.400000,0.000000,0,0,0,0,0,0,0,0,0,0,0,944,0,360.0,357.0042182049508,271.6862150118686,417.0613830210641,1153.0
1785382841,0,total,S2,6.400000,0.000000,0,0,0,0,0,0,0,0,0,0,0,944,0,2500.0,2259.8010576606366,1834.5366480061784,2580.8545429608785,256.0
1785382841,0,,Aggregated,12.800000,0.000000,0,0,0,0,0,0,0,0,0,0,0,1888,0,420.0,1308.4026379327936,271.6862150118686,2580.8545429608785,704.5
1785382842,0,TTFT,S2,6.400000,0.000000,0,0,0,0,0,0,0,0,0,0,0,944,0,360.0,357.0042182049508,271.6862150118686,417.0613830210641,1153.0
1785382842,0,total,S2,6.400000,0.000000,0,0,0,0,0,0,0,0,0,0,0,944,0,2500.0,2259.8010576606366,1834.5366480061784,2580.8545429608785,256.0
1785382842,0,,Aggregated,12.800000,0.000000,0,0,0,0,0,0,0,0,0,0,0,1888,0,420.0,1308.4026379327936,271.6862150118686,2580.8545429608785,704.5
1785382843,0,TTFT,S2,6.400000,0.000000,0,0,0,0,0,0,0,0,0,0,0,944,0,360.0,357.0042182049508,271.6862150118686,417.0613830210641,1153.0
1785382843,0,total,S2,6.400000,0.000000,0,0,0,0,0,0,0,0,0,0,0,944,0,2500.0,2259.8010576606366,1834.5366480061784,2580.8545429608785,256.0
1785382843,0,,Aggregated,12.800000,0.000000,0,0,0,0,0,0,0,0,0,0,0,1888,0,420.0,1308.4026379327936,271.6862150118686,2580.8545429608785,704.5
1785382844,0,TTFT,S2,6.400000,0.000000,0,0,0,0,0,0,0,0,0,0,0,944,0,360.0,357.0042182049508,271.6862150118686,417.0613830210641,1153.0
1785382844,0,total,S2,6.400000,0.000000,0,0,0,0,0,0,0,0,0,0,0,944,0,2500.0,2259.8010576606366,1834.5366480061784,2580.8545429608785,256.0
1785382844,0,,Aggregated,12.800000,0.000000,0,0,0,0,0,0,0,0,0,0,0,1888,0,420.0,1308.4026379327936,271.6862150118686,2580.8545429608785,704.5
1785382845,0,TTFT,S2,6.400000,0.000000,0,0,0,0,0,0,0,0,0,0,0,944,0,360.0,357.0042182049508,271.6862150118686,417.0613830210641,1153.0
1785382845,0,total,S2,6.400000,0.000000,0,0,0,0,0,0,0,0,0,0,0,944,0,2500.0,2259.8010576606366,1834.5366480061784,2580.8545429608785,256.0
1785382845,0,,Aggregated,12.800000,0.000000,0,0,0,0,0,0,0,0,0,0,0,1888,0,420.0,1308.4026379327936,271.6862150118686,2580.8545429608785,704.5
1785382846,0,TTFT,S2,6.400000,0.000000,0,0,0,0,0,0,0,0,0,0,0,944,0,360.0,357.0042182049508,271.6862150118686,417.0613830210641,1153.0
1785382846,0,total,S2,6.400000,0.000000,0,0,0,0,0,0,0,0,0,0,0,944,0,2500.0,2259.8010576606366,1834.5366480061784,2580.8545429608785,256.0
1785382846,0,,Aggregated,12.800000,0.000000,0,0,0,0,0,0,0,0,0,0,0,1888,0,420.0,1308.4026379327936,271.6862150118686,2580.8545429608785,704.5
1785382847,0,TTFT,S2,6.400000,0.000000,0,0,0,0,0,0,0,0,0,0,0,944,0,360.0,357.0042182049508,271.6862150118686,417.0613830210641,1153.0
1785382847,0,total,S2,6.400000,0.000000,0,0,0,0,0,0,0,0,0,0,0,944,0,2500.0,2259.8010576606366,1834.5366480061784,2580.8545429608785,256.0
1785382847,0,,Aggregated,12.800000,0.000000,0,0,0,0,0,0,0,0,0,0,0,1888,0,420.0,1308.4026379327936,271.6862150118686,2580.8545429608785,704.5
1785382848,0,TTFT,S2,6.400000,0.000000,0,0,0,0,0,0,0,0,0,0,0,944,0,360.0,357.0042182049508,271.6862150118686,417.0613830210641,1153.0
1785382848,0,total,S2,6.400000,0.000000,0,0,0,0,0,0,0,0,0,0,0,944,0,2500.0,2259.8010576606366,1834.5366480061784,2580.8545429608785,256.0
1785382848,0,,Aggregated,12.800000,0.000000,0,0,0,0,0,0,0,0,0,0,0,1888,0,420.0,1308.4026379327936,271.6862150118686,2580.8545429608785,704.5
1785382849,0,TTFT,S2,6.400000,0.000000,0,0,0,0,0,0,0,0,0,0,0,944,0,360.0,357.0042182049508,271.6862150118686,417.0613830210641,1153.0
1785382849,0,total,S2,6.400000,0.000000,0,0,0,0,0,0,0,0,0,0,0,944,0,2500.0,2259.8010576606366,1834.5366480061784,2580.8545429608785,256.0
1785382849,0,,Aggregated,12.800000,0.000000,0,0,0,0,0,0,0,0,0,0,0,1888,0,420.0,1308.4026379327936,271.6862150118686,2580.8545429608785,704.5
1785382850,0,TTFT,S2,6.400000,0.000000,0,0,0,0,0,0,0,0,0,0,0,944,0,360.0,357.0042182049508,271.6862150118686,417.0613830210641,1153.0
1785382850,0,total,S2,6.400000,0.000000,0,0,0,0,0,0,0,0,0,0,0,944,0,2500.0,2259.8010576606366,1834.5366480061784,2580.8545429608785,256.0
1785382850,0,,Aggregated,12.800000,0.000000,0,0,0,0,0,0,0,0,0,0,0,1888,0,420.0,1308.4026379327936,271.6862150118686,2580.8545429608785,704.5
1785382851,0,TTFT,S2,6.400000,0.000000,0,0,0,0,0,0,0,0,0,0,0,944,0,360.0,357.0042182049508,271.6862150118686,417.0613830210641,1153.0
1785382851,0,total,S2,6.400000,0.000000,0,0,0,0,0,0,0,0,0,0,0,944,0,2500.0,2259.8010576606366,1834.5366480061784,2580.8545429608785,256.0
1785382851,0,,Aggregated,12.800000,0.000000,0,0,0,0,0,0,0,0,0,0,0,1888,0,420.0,1308.4026379327936,271.6862150118686,2580.8545429608785,704.5
1785382852,0,TTFT,S2,6.400000,0.000000,0,0,0,0,0,0,0,0,0,0,0,944,0,360.0,357.0042182049508,271.6862150118686,417.0613830210641,1153.0
1785382852,0,total,S2,6.400000,0.000000,0,0,0,0,0,0,0,0,0,0,0,944,0,2500.0,2259.8010576606366,1834.5366480061784,2580.8545429608785,256.0
1785382852,0,,Aggregated,12.800000,0.000000,0,0,0,0,0,0,0,0,0,0,0,1888,0,420.0,1308.4026379327936,271.6862150118686,2580.8545429608785,704.5
1785382853,0,TTFT,S2,6.400000,0.000000,0,0,0,0,0,0,0,0,0,0,0,944,0,360.0,357.0042182049508,271.6862150118686,417.0613830210641,1153.0
1785382853,0,total,S2,6.400000,0.000000,0,0,0,0,0,0,0,0,0,0,0,944,0,2500.0,2259.8010576606366,1834.5366480061784,2580.8545429608785,256.0
1785382853,0,,Aggregated,12.800000,0.000000,0,0,0,0,0,0,0,0,0,0,0,1888,0,420.0,1308.4026379327936,271.6862150118686,2580.8545429608785,704.5
1785382854,0,TTFT,S2,6.400000,0.000000,0,0,0,0,0,0,0,0,0,0,0,944,0,360.0,357.0042182049508,271.6862150118686,417.0613830210641,1153.0
1785382854,0,total,S2,6.400000,0.000000,0,0,0,0,0,0,0,0,0,0,0,944,0,2500.0,2259.8010576606366,1834.5366480061784,2580.8545429608785,256.0
1785382854,0,,Aggregated,12.800000,0.000000,0,0,0,0,0,0,0,0,0,0,0,1888,0,420.0,1308.4026379327936,271.6862150118686,2580.8545429608785,704.5
1785382855,0,TTFT,S2,6.400000,0.000000,0,0,0,0,0,0,0,0,0,0,0,944,0,360.0,357.0042182049508,271.6862150118686,417.0613830210641,1153.0
1785382855,0,total,S2,6.400000,0.000000,0,0,0,0,0,0,0,0,0,0,0,944,0,2500.0,2259.8010576606366,1834.5366480061784,2580.8545429608785,256.0
1785382855,0,,Aggregated,12.800000,0.000000,0,0,0,0,0,0,0,0,0,0,0,1888,0,420.0,1308.4026379327936,271.6862150118686,2580.8545429608785,704.5
1785382856,0,TTFT,S2,6.400000,0.000000,0,0,0,0,0,0,0,0,0,0,0,944,0,360.0,357.0042182049508,271.6862150118686,417.0613830210641,1153.0
1785382856,0,total,S2,6.400000,0.000000,0,0,0,0,0,0,0,0,0,0,0,944,0,2500.0,2259.8010576606366,1834.5366480061784,2580.8545429608785,256.0
1785382856,0,,Aggregated,12.800000,0.000000,0,0,0,0,0,0,0,0,0,0,0,1888,0,420.0,1308.4026379327936,271.6862150118686,2580.8545429608785,704.5
1785382857,0,TTFT,S2,6.400000,0.000000,0,0,0,0,0,0,0,0,0,0,0,944,0,360.0,357.0042182049508,271.6862150118686,417.0613830210641,1153.0
1785382857,0,total,S2,6.400000,0.000000,0,0,0,0,0,0,0,0,0,0,0,944,0,2500.0,2259.8010576606366,1834.5366480061784,2580.8545429608785,256.0
1785382857,0,,Aggregated,12.800000,0.000000,0,0,0,0,0,0,0,0,0,0,0,1888,0,420.0,1308.4026379327936,271.6862150118686,2580.8545429608785,704.5
1785382858,0,TTFT,S2,6.400000,0.000000,0,0,0,0,0,0,0,0,0,0,0,944,0,360.0,357.0042182049508,271.6862150118686,417.0613830210641,1153.0
1785382858,0,total,S2,6.400000,0.000000,0,0,0,0,0,0,0,0,0,0,0,944,0,2500.0,2259.8010576606366,1834.5366480061784,2580.8545429608785,256.0
1785382858,0,,Aggregated,12.800000,0.000000,0,0,0,0,0,0,0,0,0,0,0,1888,0,420.0,1308.4026379327936,271.6862150118686,2580.8545429608785,704.5
1785382859,0,TTFT,S2,6.400000,0.000000,0,0,0,0,0,0,0,0,0,0,0,944,0,360.0,357.0042182049508,271.6862150118686,417.0613830210641,1153.0
1785382859,0,total,S2,6.400000,0.000000,0,0,0,0,0,0,0,0,0,0,0,944,0,2500.0,2259.8010576606366,1834.5366480061784,2580.8545429608785,256.0
1785382859,0,,Aggregated,12.800000,0.000000,0,0,0,0,0,0,0,0,0,0,0,1888,0,420.0,1308.4026379327936,271.6862150118686,2580.8545429608785,704.5
1785382860,0,TTFT,S2,6.400000,0.000000,0,0,0,0,0,0,0,0,0,0,0,944,0,360.0,357.0042182049508,271.6862150118686,417.0613830210641,1153.0
1785382860,0,total,S2,6.400000,0.000000,0,0,0,0,0,0,0,0,0,0,0,944,0,2500.0,2259.8010576606366,1834.5366480061784,2580.8545429608785,256.0
1785382860,0,,Aggregated,12.800000,0.000000,0,0,0,0,0,0,0,0,0,0,0,1888,0,420.0,1308.4026379327936,271.6862150118686,2580.8545429608785,704.5
1785382861,0,TTFT,S2,6.400000,0.000000,0,0,0,0,0,0,0,0,0,0,0,944,0,360.0,357.0042182049508,271.6862150118686,417.0613830210641,1153.0
1785382861,0,total,S2,6.400000,0.000000,0,0,0,0,0,0,0,0,0,0,0,944,0,2500.0,2259.8010576606366,1834.5366480061784,2580.8545429608785,256.0
1785382861,0,,Aggregated,12.800000,0.000000,0,0,0,0,0,0,0,0,0,0,0,1888,0,420.0,1308.4026379327936,271.6862150118686,2580.8545429608785,704.5
1785382862,0,TTFT,S2,6.400000,0.000000,0,0,0,0,0,0,0,0,0,0,0,944,0,360.0,357.0042182049508,271.6862150118686,417.0613830210641,1153.0
1785382862,0,total,S2,6.400000,0.000000,0,0,0,0,0,0,0,0,0,0,0,944,0,2500.0,2259.8010576606366,1834.5366480061784,2580.8545429608785,256.0
1785382862,0,,Aggregated,12.800000,0.000000,0,0,0,0,0,0,0,0,0,0,0,1888,0,420.0,1308.4026379327936,271.6862150118686,2580.8545429608785,704.5
1785382863,0,TTFT,S2,6.400000,0.000000,0,0,0,0,0,0,0,0,0,0,0,944,0,360.0,357.0042182049508,271.6862150118686,417.0613830210641,1153.0
1785382863,0,total,S2,6.400000,0.000000,0,0,0,0,0,0,0,0,0,0,0,944,0,2500.0,2259.8010576606366,1834.5366480061784,2580.8545429608785,256.0
1785382863,0,,Aggregated,12.800000,0.000000,0,0,0,0,0,0,0,0,0,0,0,1888,0,420.0,1308.4026379327936,271.6862150118686,2580.8545429608785,704.5
1785382864,0,TTFT,S2,6.400000,0.000000,0,0,0,0,0,0,0,0,0,0,0,944,0,360.0,357.0042182049508,271.6862150118686,417.0613830210641,1153.0
1785382864,0,total,S2,6.400000,0.000000,0,0,0,0,0,0,0,0,0,0,0,944,0,2500.0,2259.8010576606366,1834.5366480061784,2580.8545429608785,256.0
1785382864,0,,Aggregated,12.800000,0.000000,0,0,0,0,0,0,0,0,0,0,0,1888,0,420.0,1308.4026379327936,271.6862150118686,2580.8545429608785,704.5
1785382865,0,TTFT,S2,6.400000,0.000000,0,0,0,0,0,0,0,0,0,0,0,944,0,360.0,357.0042182049508,271.6862150118686,417.0613830210641,1153.0
1785382865,0,total,S2,6.400000,0.000000,0,0,0,0,0,0,0,0,0,0,0,944,0,2500.0,2259.8010576606366,1834.5366480061784,2580.8545429608785,256.0
1785382865,0,,Aggregated,12.800000,0.000000,0,0,0,0,0,0,0,0,0,0,0,1888,0,420.0,1308.4026379327936,271.6862150118686,2580.8545429608785,704.5
1785382866,0,TTFT,S2,6.400000,0.000000,0,0,0,0,0,0,0,0,0,0,0,944,0,360.0,357.0042182049508,271.6862150118686,417.0613830210641,1153.0
1785382866,0,total,S2,6.400000,0.000000,0,0,0,0,0,0,0,0,0,0,0,944,0,2500.0,2259.8010576606366,1834.5366480061784,2580.8545429608785,256.0
1785382866,0,,Aggregated,12.800000,0.000000,0,0,0,0,0,0,0,0,0,0,0,1888,0,420.0,1308.4026379327936,271.6862150118686,2580.8545429608785,704.5
1785382867,0,TTFT,S2,6.400000,0.000000,0,0,0,0,0,0,0,0,0,0,0,944,0,360.0,357.0042182049508,271.6862150118686,417.0613830210641,1153.0
1785382867,0,total,S2,6.400000,0.000000,0,0,0,0,0,0,0,0,0,0,0,944,0,2500.0,2259.8010576606366,1834.5366480061784,2580.8545429608785,256.0
1785382867,0,,Aggregated,12.800000,0.000000,0,0,0,0,0,0,0,0,0,0,0,1888,0,420.0,1308.4026379327936,271.6862150118686,2580.8545429608785,704.5
1785382868,0,TTFT,S2,6.400000,0.000000,0,0,0,0,0,0,0,0,0,0,0,944,0,360.0,357.0042182049508,271.6862150118686,417.0613830210641,1153.0
1785382868,0,total,S2,6.400000,0.000000,0,0,0,0,0,0,0,0,0,0,0,944,0,2500.0,2259.8010576606366,1834.5366480061784,2580.8545429608785,256.0
1785382868,0,,Aggregated,12.800000,0.000000,0,0,0,0,0,0,0,0,0,0,0,1888,0,420.0,1308.4026379327936,271.6862150118686,2580.8545429608785,704.5
1785382869,0,TTFT,S2,6.400000,0.000000,0,0,0,0,0,0,0,0,0,0,0,944,0,360.0,357.0042182049508,271.6862150118686,417.0613830210641,1153.0
1785382869,0,total,S2,6.400000,0.000000,0,0,0,0,0,0,0,0,0,0,0,944,0,2500.0,2259.8010576606366,1834.5366480061784,2580.8545429608785,256.0
1785382869,0,,Aggregated,12.800000,0.000000,0,0,0,0,0,0,0,0,0,0,0,1888,0,420.0,1308.4026379327936,271.6862150118686,2580.8545429608785,704.5
1785382870,0,TTFT,S2,6.400000,0.000000,0,0,0,0,0,0,0,0,0,0,0,944,0,360.0,357.0042182049508,271.6862150118686,417.0613830210641,1153.0
1785382870,0,total,S2,6.400000,0.000000,0,0,0,0,0,0,0,0,0,0,0,944,0,2500.0,2259.8010576606366,1834.5366480061784,2580.8545429608785,256.0
1785382870,0,,Aggregated,12.800000,0.000000,0,0,0,0,0,0,0,0,0,0,0,1888,0,420.0,1308.4026379327936,271.6862150118686,2580.8545429608785,704.5
1785382871,0,TTFT,S2,6.400000,0.000000,0,0,0,0,0,0,0,0,0,0,0,944,0,360.0,357.0042182049508,271.6862150118686,417.0613830210641,1153.0
1785382871,0,total,S2,6.400000,0.000000,0,0,0,0,0,0,0,0,0,0,0,944,0,2500.0,2259.8010576606366,1834.5366480061784,2580.8545429608785,256.0
1785382871,0,,Aggregated,12.800000,0.000000,0,0,0,0,0,0,0,0,0,0,0,1888,0,420.0,1308.4026379327936,271.6862150118686,2580.8545429608785,704.5
1785382872,0,TTFT,S2,6.400000,0.000000,0,0,0,0,0,0,0,0,0,0,0,944,0,360.0,357.0042182049508,271.6862150118686,417.0613830210641,1153.0
1785382872,0,total,S2,6.400000,0.000000,0,0,0,0,0,0,0,0,0,0,0,944,0,2500.0,2259.8010576606366,1834.5366480061784,2580.8545429608785,256.0
1785382872,0,,Aggregated,12.800000,0.000000,0,0,0,0,0,0,0,0,0,0,0,1888,0,420.0,1308.4026379327936,271.6862150118686,2580.8545429608785,704.5
1785382873,0,TTFT,S2,6.400000,0.000000,0,0,0,0,0,0,0,0,0,0,0,944,0,360.0,357.0042182049508,271.6862150118686,417.0613830210641,1153.0
1785382873,0,total,S2,6.400000,0.000000,0,0,0,0,0,0,0,0,0,0,0,944,0,2500.0,2259.8010576606366,1834.5366480061784,2580.8545429608785,256.0
1785382873,0,,Aggregated,12.800000,0.000000,0,0,0,0,0,0,0,0,0,0,0,1888,0,420.0,1308.4026379327936,271.6862150118686,2580.8545429608785,704.5
1785382874,0,TTFT,S2,6.400000,0.000000,0,0,0,0,0,0,0,0,0,0,0,944,0,360.0,357.0042182049508,271.6862150118686,417.0613830210641,1153.0
1785382874,0,total,S2,6.400000,0.000000,0,0,0,0,0,0,0,0,0,0,0,944,0,2500.0,2259.8010576606366,1834.5366480061784,2580.8545429608785,256.0
1785382874,0,,Aggregated,12.800000,0.000000,0,0,0,0,0,0,0,0,0,0,0,1888,0,420.0,1308.4026379327936,271.6862150118686,2580.8545429608785,704.5
1785382875,0,TTFT,S2,6.400000,0.000000,0,0,0,0,0,0,0,0,0,0,0,944,0,360.0,357.0042182049508,271.6862150118686,417.0613830210641,1153.0
1785382875,0,total,S2,6.400000,0.000000,0,0,0,0,0,0,0,0,0,0,0,944,0,2500.0,2259.8010576606366,1834.5366480061784,2580.8545429608785,256.0
1785382875,0,,Aggregated,12.800000,0.000000,0,0,0,0,0,0,0,0,0,0,0,1888,0,420.0,1308.4026379327936,271.6862150118686,2580.8545429608785,704.5
1785382876,0,TTFT,S2,6.400000,0.000000,0,0,0,0,0,0,0,0,0,0,0,944,0,360.0,357.0042182049508,271.6862150118686,417.0613830210641,1153.0
1785382876,0,total,S2,6.400000,0.000000,0,0,0,0,0,0,0,0,0,0,0,944,0,2500.0,2259.8010576606366,1834.5366480061784,2580.8545429608785,256.0
1785382876,0,,Aggregated,12.800000,0.000000,0,0,0,0,0,0,0,0,0,0,0,1888,0,420.0,1308.4026379327936,271.6862150118686,2580.8545429608785,704.5
1785382877,0,TTFT,S2,6.400000,0.000000,0,0,0,0,0,0,0,0,0,0,0,944,0,360.0,357.0042182049508,271.6862150118686,417.0613830210641,1153.0
1785382877,0,total,S2,6.400000,0.000000,0,0,0,0,0,0,0,0,0,0,0,944,0,2500.0,2259.8010576606366,1834.5366480061784,2580.8545429608785,256.0
1785382877,0,,Aggregated,12.800000,0.000000,0,0,0,0,0,0,0,0,0,0,0,1888,0,420.0,1308.4026379327936,271.6862150118686,2580.8545429608785,704.5
1785382878,0,TTFT,S2,6.400000,0.000000,0,0,0,0,0,0,0,0,0,0,0,944,0,360.0,357.0042182049508,271.6862150118686,417.0613830210641,1153.0
1785382878,0,total,S2,6.400000,0.000000,0,0,0,0,0,0,0,0,0,0,0,944,0,2500.0,2259.8010576606366,1834.5366480061784,2580.8545429608785,256.0
1785382878,0,,Aggregated,12.800000,0.000000,0,0,0,0,0,0,0,0,0,0,0,1888,0,420.0,1308.4026379327936,271.6862150118686,2580.8545429608785,704.5
1785382879,0,TTFT,S2,6.400000,0.000000,0,0,0,0,0,0,0,0,0,0,0,944,0,360.0,357.0042182049508,271.6862150118686,417.0613830210641,1153.0
1785382879,0,total,S2,6.400000,0.000000,0,0,0,0,0,0,0,0,0,0,0,944,0,2500.0,2259.8010576606366,1834.5366480061784,2580.8545429608785,256.0
1785382879,0,,Aggregated,12.800000,0.000000,0,0,0,0,0,0,0,0,0,0,0,1888,0,420.0,1308.4026379327936,271.6862150118686,2580.8545429608785,704.5
1785382880,0,TTFT,S2,6.400000,0.000000,0,0,0,0,0,0,0,0,0,0,0,944,0,360.0,357.0042182049508,271.6862150118686,417.0613830210641,1153.0
1785382880,0,total,S2,6.400000,0.000000,0,0,0,0,0,0,0,0,0,0,0,944,0,2500.0,2259.8010576606366,1834.5366480061784,2580.8545429608785,256.0
1785382880,0,,Aggregated,12.800000,0.000000,0,0,0,0,0,0,0,0,0,0,0,1888,0,420.0,1308.4026379327936,271.6862150118686,2580.8545429608785,704.5
1785382881,0,TTFT,S2,6.400000,0.000000,0,0,0,0,0,0,0,0,0,0,0,944,0,360.0,357.0042182049508,271.6862150118686,417.0613830210641,1153.0
1785382881,0,total,S2,6.400000,0.000000,0,0,0,0,0,0,0,0,0,0,0,944,0,2500.0,2259.8010576606366,1834.5366480061784,2580.8545429608785,256.0
1785382881,0,,Aggregated,12.800000,0.000000,0,0,0,0,0,0,0,0,0,0,0,1888,0,420.0,1308.4026379327936,271.6862150118686,2580.8545429608785,704.5
1785382882,0,TTFT,S2,6.400000,0.000000,0,0,0,0,0,0,0,0,0,0,0,944,0,360.0,357.0042182049508,271.6862150118686,417.0613830210641,1153.0
1785382882,0,total,S2,6.400000,0.000000,0,0,0,0,0,0,0,0,0,0,0,944,0,2500.0,2259.8010576606366,1834.5366480061784,2580.8545429608785,256.0
1785382882,0,,Aggregated,12.800000,0.000000,0,0,0,0,0,0,0,0,0,0,0,1888,0,420.0,1308.4026379327936,271.6862150118686,2580.8545429608785,704.5
1785382883,0,TTFT,S2,6.400000,0.000000,0,0,0,0,0,0,0,0,0,0,0,944,0,360.0,357.0042182049508,271.6862150118686,417.0613830210641,1153.0
1785382883,0,total,S2,6.400000,0.000000,0,0,0,0,0,0,0,0,0,0,0,944,0,2500.0,2259.8010576606366,1834.5366480061784,2580.8545429608785,256.0
1785382883,0,,Aggregated,12.800000,0.000000,0,0,0,0,0,0,0,0,0,0,0,1888,0,420.0,1308.4026379327936,271.6862150118686,2580.8545429608785,704.5
1785382884,0,TTFT,S2,6.400000,0.000000,0,0,0,0,0,0,0,0,0,0,0,944,0,360.0,357.0042182049508,271.6862150118686,417.0613830210641,1153.0
1785382884,0,total,S2,6.400000,0.000000,0,0,0,0,0,0,0,0,0,0,0,944,0,2500.0,2259.8010576606366,1834.5366480061784,2580.8545429608785,256.0
1785382884,0,,Aggregated,12.800000,0.000000,0,0,0,0,0,0,0,0,0,0,0,1888,0,420.0,1308.4026379327936,271.6862150118686,2580.8545429608785,704.5
1785382885,0,TTFT,S2,6.400000,0.000000,0,0,0,0,0,0,0,0,0,0,0,944,0,360.0,357.0042182049508,271.6862150118686,417.0613830210641,1153.0
1785382885,0,total,S2,6.400000,0.000000,0,0,0,0,0,0,0,0,0,0,0,944,0,2500.0,2259.8010576606366,1834.5366480061784,2580.8545429608785,256.0
1785382885,0,,Aggregated,12.800000,0.000000,0,0,0,0,0,0,0,0,0,0,0,1888,0,420.0,1308.4026379327936,271.6862150118686,2580.8545429608785,704.5
1785382886,0,TTFT,S2,6.400000,0.000000,0,0,0,0,0,0,0,0,0,0,0,944,0,360.0,357.0042182049508,271.6862150118686,417.0613830210641,1153.0
1785382886,0,total,S2,6.400000,0.000000,0,0,0,0,0,0,0,0,0,0,0,944,0,2500.0,2259.8010576606366,1834.5366480061784,2580.8545429608785,256.0
1785382886,0,,Aggregated,12.800000,0.000000,0,0,0,0,0,0,0,0,0,0,0,1888,0,420.0,1308.4026379327936,271.6862150118686,2580.8545429608785,704.5
1785382887,0,TTFT,S2,6.400000,0.000000,0,0,0,0,0,0,0,0,0,0,0,944,0,360.0,357.0042182049508,271.6862150118686,417.0613830210641,1153.0
1785382887,0,total,S2,6.400000,0.000000,0,0,0,0,0,0,0,0,0,0,0,944,0,2500.0,2259.8010576606366,1834.5366480061784,2580.8545429608785,256.0
1785382887,0,,Aggregated,12.800000,0.000000,0,0,0,0,0,0,0,0,0,0,0,1888,0,420.0,1308.4026379327936,271.6862150118686,2580.8545429608785,704.5
1785382888,0,TTFT,S2,6.400000,0.000000,0,0,0,0,0,0,0,0,0,0,0,944,0,360.0,357.0042182049508,271.6862150118686,417.0613830210641,1153.0
1785382888,0,total,S2,6.400000,0.000000,0,0,0,0,0,0,0,0,0,0,0,944,0,2500.0,2259.8010576606366,1834.5366480061784,2580.8545429608785,256.0
1785382888,0,,Aggregated,12.800000,0.000000,0,0,0,0,0,0,0,0,0,0,0,1888,0,420.0,1308.4026379327936,271.6862150118686,2580.8545429608785,704.5
1785382889,0,TTFT,S2,6.400000,0.000000,0,0,0,0,0,0,0,0,0,0,0,944,0,360.0,357.0042182049508,271.6862150118686,417.0613830210641,1153.0
1785382889,0,total,S2,6.400000,0.000000,0,0,0,0,0,0,0,0,0,0,0,944,0,2500.0,2259.8010576606366,1834.5366480061784,2580.8545429608785,256.0
1785382889,0,,Aggregated,12.800000,0.000000,0,0,0,0,0,0,0,0,0,0,0,1888,0,420.0,1308.4026379327936,271.6862150118686,2580.8545429608785,704.5
1785382890,0,TTFT,S2,6.400000,0.000000,0,0,0,0,0,0,0,0,0,0,0,944,0,360.0,357.0042182049508,271.6862150118686,417.0613830210641,1153.0
1785382890,0,total,S2,6.400000,0.000000,0,0,0,0,0,0,0,0,0,0,0,944,0,2500.0,2259.8010576606366,1834.5366480061784,2580.8545429608785,256.0
1785382890,0,,Aggregated,12.800000,0.000000,0,0,0,0,0,0,0,0,0,0,0,1888,0,420.0,1308.4026379327936,271.6862150118686,2580.8545429608785,704.5
1785382891,0,TTFT,S2,6.400000,0.000000,0,0,0,0,0,0,0,0,0,0,0,944,0,360.0,357.0042182049508,271.6862150118686,417.0613830210641,1153.0
1785382891,0,total,S2,6.400000,0.000000,0,0,0,0,0,0,0,0,0,0,0,944,0,2500.0,2259.8010576606366,1834.5366480061784,2580.8545429608785,256.0
1785382891,0,,Aggregated,12.800000,0.000000,0,0,0,0,0,0,0,0,0,0,0,1888,0,420.0,1308.4026379327936,271.6862150118686,2580.8545429608785,704.5
1785382892,0,TTFT,S2,6.400000,0.000000,0,0,0,0,0,0,0,0,0,0,0,944,0,360.0,357.0042182049508,271.6862150118686,417.0613830210641,1153.0
1785382892,0,total,S2,6.400000,0.000000,0,0,0,0,0,0,0,0,0,0,0,944,0,2500.0,2259.8010576606366,1834.5366480061784,2580.8545429608785,256.0
1785382892,0,,Aggregated,12.800000,0.000000,0,0,0,0,0,0,0,0,0,0,0,1888,0,420.0,1308.4026379327936,271.6862150118686,2580.8545429608785,704.5
1785382893,0,TTFT,S2,6.400000,0.000000,0,0,0,0,0,0,0,0,0,0,0,944,0,360.0,357.0042182049508,271.6862150118686,417.0613830210641,1153.0
1785382893,0,total,S2,6.400000,0.000000,0,0,0,0,0,0,0,0,0,0,0,944,0,2500.0,2259.8010576606366,1834.5366480061784,2580.8545429608785,256.0
1785382893,0,,Aggregated,12.800000,0.000000,0,0,0,0,0,0,0,0,0,0,0,1888,0,420.0,1308.4026379327936,271.6862150118686,2580.8545429608785,704.5
1785382894,0,TTFT,S2,6.400000,0.000000,0,0,0,0,0,0,0,0,0,0,0,944,0,360.0,357.0042182049508,271.6862150118686,417.0613830210641,1153.0
1785382894,0,total,S2,6.400000,0.000000,0,0,0,0,0,0,0,0,0,0,0,944,0,2500.0,2259.8010576606366,1834.5366480061784,2580.8545429608785,256.0
1785382894,0,,Aggregated,12.800000,0.000000,0,0,0,0,0,0,0,0,0,0,0,1888,0,420.0,1308.4026379327936,271.6862150118686,2580.8545429608785,704.5
1785382895,0,TTFT,S2,6.400000,0.000000,0,0,0,0,0,0,0,0,0,0,0,944,0,360.0,357.0042182049508,271.6862150118686,417.0613830210641,1153.0
1785382895,0,total,S2,6.400000,0.000000,0,0,0,0,0,0,0,0,0,0,0,944,0,2500.0,2259.8010576606366,1834.5366480061784,2580.8545429608785,256.0
1785382895,0,,Aggregated,12.800000,0.000000,0,0,0,0,0,0,0,0,0,0,0,1888,0,420.0,1308.4026379327936,271.6862150118686,2580.8545429608785,704.5
1785382896,0,TTFT,S2,6.400000,0.000000,0,0,0,0,0,0,0,0,0,0,0,944,0,360.0,357.0042182049508,271.6862150118686,417.0613830210641,1153.0
1785382896,0,total,S2,6.400000,0.000000,0,0,0,0,0,0,0,0,0,0,0,944,0,2500.0,2259.8010576606366,1834.5366480061784,2580.8545429608785,256.0
1785382896,0,,Aggregated,12.800000,0.000000,0,0,0,0,0,0,0,0,0,0,0,1888,0,420.0,1308.4026379327936,271.6862150118686,2580.8545429608785,704.5
1785382897,0,TTFT,S2,6.400000,0.000000,0,0,0,0,0,0,0,0,0,0,0,944,0,360.0,357.0042182049508,271.6862150118686,417.0613830210641,1153.0
1785382897,0,total,S2,6.400000,0.000000,0,0,0,0,0,0,0,0,0,0,0,944,0,2500.0,2259.8010576606366,1834.5366480061784,2580.8545429608785,256.0
1785382897,0,,Aggregated,12.800000,0.000000,0,0,0,0,0,0,0,0,0,0,0,1888,0,420.0,1308.4026379327936,271.6862150118686,2580.8545429608785,704.5
1785382898,0,TTFT,S2,6.400000,0.000000,0,0,0,0,0,0,0,0,0,0,0,944,0,360.0,357.0042182049508,271.6862150118686,417.0613830210641,1153.0
1785382898,0,total,S2,6.400000,0.000000,0,0,0,0,0,0,0,0,0,0,0,944,0,2500.0,2259.8010576606366,1834.5366480061784,2580.8545429608785,256.0
1785382898,0,,Aggregated,12.800000,0.000000,0,0,0,0,0,0,0,0,0,0,0,1888,0,420.0,1308.4026379327936,271.6862150118686,2580.8545429608785,704.5
1785382899,0,TTFT,S2,6.400000,0.000000,0,0,0,0,0,0,0,0,0,0,0,944,0,360.0,357.0042182049508,271.6862150118686,417.0613830210641,1153.0
1785382899,0,total,S2,6.400000,0.000000,0,0,0,0,0,0,0,0,0,0,0,944,0,2500.0,2259.8010576606366,1834.5366480061784,2580.8545429608785,256.0
1785382899,0,,Aggregated,12.800000,0.000000,0,0,0,0,0,0,0,0,0,0,0,1888,0,420.0,1308.4026379327936,271.6862150118686,2580.8545429608785,704.5
1785382900,0,TTFT,S2,6.400000,0.000000,0,0,0,0,0,0,0,0,0,0,0,944,0,360.0,357.0042182049508,271.6862150118686,417.0613830210641,1153.0
1785382900,0,total,S2,6.400000,0.000000,0,0,0,0,0,0,0,0,0,0,0,944,0,2500.0,2259.8010576606366,1834.5366480061784,2580.8545429608785,256.0
1785382900,0,,Aggregated,12.800000,0.000000,0,0,0,0,0,0,0,0,0,0,0,1888,0,420.0,1308.4026379327936,271.6862150118686,2580.8545429608785,704.5
1785382901,0,TTFT,S2,6.400000,0.000000,0,0,0,0,0,0,0,0,0,0,0,944,0,360.0,357.0042182049508,271.6862150118686,417.0613830210641,1153.0
1785382901,0,total,S2,6.400000,0.000000,0,0,0,0,0,0,0,0,0,0,0,944,0,2500.0,2259.8010576606366,1834.5366480061784,2580.8545429608785,256.0
1785382901,0,,Aggregated,12.800000,0.000000,0,0,0,0,0,0,0,0,0,0,0,1888,0,420.0,1308.4026379327936,271.6862150118686,2580.8545429608785,704.5
1785382902,0,TTFT,S2,6.400000,0.000000,0,0,0,0,0,0,0,0,0,0,0,944,0,360.0,357.0042182049508,271.6862150118686,417.0613830210641,1153.0
1785382902,0,total,S2,6.400000,0.000000,0,0,0,0,0,0,0,0,0,0,0,944,0,2500.0,2259.8010576606366,1834.5366480061784,2580.8545429608785,256.0
1785382902,0,,Aggregated,12.800000,0.000000,0,0,0,0,0,0,0,0,0,0,0,1888,0,420.0,1308.4026379327936,271.6862150118686,2580.8545429608785,704.5
1785382903,0,TTFT,S2,6.400000,0.000000,0,0,0,0,0,0,0,0,0,0,0,944,0,360.0,357.0042182049508,271.6862150118686,417.0613830210641,1153.0
1785382903,0,total,S2,6.400000,0.000000,0,0,0,0,0,0,0,0,0,0,0,944,0,2500.0,2259.8010576606366,1834.5366480061784,2580.8545429608785,256.0
1785382903,0,,Aggregated,12.800000,0.000000,0,0,0,0,0,0,0,0,0,0,0,1888,0,420.0,1308.4026379327936,271.6862150118686,2580.8545429608785,704.5
1785382904,0,TTFT,S2,6.400000,0.000000,0,0,0,0,0,0,0,0,0,0,0,944,0,360.0,357.0042182049508,271.6862150118686,417.0613830210641,1153.0
1785382904,0,total,S2,6.400000,0.000000,0,0,0,0,0,0,0,0,0,0,0,944,0,2500.0,2259.8010576606366,1834.5366480061784,2580.8545429608785,256.0
1785382904,0,,Aggregated,12.800000,0.000000,0,0,0,0,0,0,0,0,0,0,0,1888,0,420.0,1308.4026379327936,271.6862150118686,2580.8545429608785,704.5
1785382905,0,TTFT,S2,6.400000,0.000000,0,0,0,0,0,0,0,0,0,0,0,944,0,360.0,357.0042182049508,271.6862150118686,417.0613830210641,1153.0
1785382905,0,total,S2,6.400000,0.000000,0,0,0,0,0,0,0,0,0,0,0,944,0,2500.0,2259.8010576606366,1834.5366480061784,2580.8545429608785,256.0
1785382905,0,,Aggregated,12.800000,0.000000,0,0,0,0,0,0,0,0,0,0,0,1888,0,420.0,1308.4026379327936,271.6862150118686,2580.8545429608785,704.5
1785382906,0,TTFT,S2,6.400000,0.000000,0,0,0,0,0,0,0,0,0,0,0,944,0,360.0,357.0042182049508,271.6862150118686,417.0613830210641,1153.0
1785382906,0,total,S2,6.400000,0.000000,0,0,0,0,0,0,0,0,0,0,0,944,0,2500.0,2259.8010576606366,1834.5366480061784,2580.8545429608785,256.0
1785382906,0,,Aggregated,12.800000,0.000000,0,0,0,0,0,0,0,0,0,0,0,1888,0,420.0,1308.4026379327936,271.6862150118686,2580.8545429608785,704.5
1785382907,0,TTFT,S2,6.400000,0.000000,0,0,0,0,0,0,0,0,0,0,0,944,0,360.0,357.0042182049508,271.6862150118686,417.0613830210641,1153.0
1785382907,0,total,S2,6.400000,0.000000,0,0,0,0,0,0,0,0,0,0,0,944,0,2500.0,2259.8010576606366,1834.5366480061784,2580.8545429608785,256.0
1785382907,0,,Aggregated,12.800000,0.000000,0,0,0,0,0,0,0,0,0,0,0,1888,0,420.0,1308.4026379327936,271.6862150118686,2580.8545429608785,704.5
1785382908,0,TTFT,S2,6.400000,0.000000,0,0,0,0,0,0,0,0,0,0,0,944,0,360.0,357.0042182049508,271.6862150118686,417.0613830210641,1153.0
1785382908,0,total,S2,6.400000,0.000000,0,0,0,0,0,0,0,0,0,0,0,944,0,2500.0,2259.8010576606366,1834.5366480061784,2580.8545429608785,256.0
1785382908,0,,Aggregated,12.800000,0.000000,0,0,0,0,0,0,0,0,0,0,0,1888,0,420.0,1308.4026379327936,271.6862150118686,2580.8545429608785,704.5
1785382909,0,TTFT,S2,6.400000,0.000000,0,0,0,0,0,0,0,0,0,0,0,944,0,360.0,357.0042182049508,271.6862150118686,417.0613830210641,1153.0
1785382909,0,total,S2,6.400000,0.000000,0,0,0,0,0,0,0,0,0,0,0,944,0,2500.0,2259.8010576606366,1834.5366480061784,2580.8545429608785,256.0
1785382909,0,,Aggregated,12.800000,0.000000,0,0,0,0,0,0,0,0,0,0,0,1888,0,420.0,1308.4026379327936,271.6862150118686,2580.8545429608785,704.5
1785382910,0,TTFT,S2,6.400000,0.000000,0,0,0,0,0,0,0,0,0,0,0,944,0,360.0,357.0042182049508,271.6862150118686,417.0613830210641,1153.0
1785382910,0,total,S2,6.400000,0.000000,0,0,0,0,0,0,0,0,0,0,0,944,0,2500.0,2259.8010576606366,1834.5366480061784,2580.8545429608785,256.0
1785382910,0,,Aggregated,12.800000,0.000000,0,0,0,0,0,0,0,0,0,0,0,1888,0,420.0,1308.4026379327936,271.6862150118686,2580.8545429608785,704.5
1785382911,0,TTFT,S2,6.400000,0.000000,0,0,0,0,0,0,0,0,0,0,0,944,0,360.0,357.0042182049508,271.6862150118686,417.0613830210641,1153.0
1785382911,0,total,S2,6.400000,0.000000,0,0,0,0,0,0,0,0,0,0,0,944,0,2500.0,2259.8010576606366,1834.5366480061784,2580.8545429608785,256.0
1785382911,0,,Aggregated,12.800000,0.000000,0,0,0,0,0,0,0,0,0,0,0,1888,0,420.0,1308.4026379327936,271.6862150118686,2580.8545429608785,704.5
1785382912,0,TTFT,S2,6.400000,0.000000,0,0,0,0,0,0,0,0,0,0,0,944,0,360.0,357.0042182049508,271.6862150118686,417.0613830210641,1153.0
1785382912,0,total,S2,6.400000,0.000000,0,0,0,0,0,0,0,0,0,0,0,944,0,2500.0,2259.8010576606366,1834.5366480061784,2580.8545429608785,256.0
1785382912,0,,Aggregated,12.800000,0.000000,0,0,0,0,0,0,0,0,0,0,0,1888,0,420.0,1308.4026379327936,271.6862150118686,2580.8545429608785,704.5
1785382913,0,TTFT,S2,6.400000,0.000000,0,0,0,0,0,0,0,0,0,0,0,944,0,360.0,357.0042182049508,271.6862150118686,417.0613830210641,1153.0
1785382913,0,total,S2,6.400000,0.000000,0,0,0,0,0,0,0,0,0,0,0,944,0,2500.0,2259.8010576606366,1834.5366480061784,2580.8545429608785,256.0
1785382913,0,,Aggregated,12.800000,0.000000,0,0,0,0,0,0,0,0,0,0,0,1888,0,420.0,1308.4026379327936,271.6862150118686,2580.8545429608785,704.5
1785382914,0,TTFT,S2,6.400000,0.000000,0,0,0,0,0,0,0,0,0,0,0,944,0,360.0,357.0042182049508,271.6862150118686,417.0613830210641,1153.0
1785382914,0,total,S2,6.400000,0.000000,0,0,0,0,0,0,0,0,0,0,0,944,0,2500.0,2259.8010576606366,1834.5366480061784,2580.8545429608785,256.0
1785382914,0,,Aggregated,12.800000,0.000000,0,0,0,0,0,0,0,0,0,0,0,1888,0,420.0,1308.4026379327936,271.6862150118686,2580.8545429608785,704.5
1785382915,0,TTFT,S2,6.400000,0.000000,0,0,0,0,0,0,0,0,0,0,0,944,0,360.0,357.0042182049508,271.6862150118686,417.0613830210641,1153.0
1785382915,0,total,S2,6.400000,0.000000,0,0,0,0,0,0,0,0,0,0,0,944,0,2500.0,2259.8010576606366,1834.5366480061784,2580.8545429608785,256.0
1785382915,0,,Aggregated,12.800000,0.000000,0,0,0,0,0,0,0,0,0,0,0,1888,0,420.0,1308.4026379327936,271.6862150118686,2580.8545429608785,704.5
1785382916,0,TTFT,S2,6.400000,0.000000,0,0,0,0,0,0,0,0,0,0,0,944,0,360.0,357.0042182049508,271.6862150118686,417.0613830210641,1153.0
1785382916,0,total,S2,6.400000,0.000000,0,0,0,0,0,0,0,0,0,0,0,944,0,2500.0,2259.8010576606366,1834.5366480061784,2580.8545429608785,256.0
1785382916,0,,Aggregated,12.800000,0.000000,0,0,0,0,0,0,0,0,0,0,0,1888,0,420.0,1308.4026379327936,271.6862150118686,2580.8545429608785,704.5
1785382917,0,TTFT,S2,6.400000,0.000000,0,0,0,0,0,0,0,0,0,0,0,944,0,360.0,357.0042182049508,271.6862150118686,417.0613830210641,1153.0
1785382917,0,total,S2,6.400000,0.000000,0,0,0,0,0,0,0,0,0,0,0,944,0,2500.0,2259.8010576606366,1834.5366480061784,2580.8545429608785,256.0
1785382917,0,,Aggregated,12.800000,0.000000,0,0,0,0,0,0,0,0,0,0,0,1888,0,420.0,1308.4026379327936,271.6862150118686,2580.8545429608785,704.5
1785382918,0,TTFT,S2,6.400000,0.000000,0,0,0,0,0,0,0,0,0,0,0,944,0,360.0,357.0042182049508,271.6862150118686,417.0613830210641,1153.0
1785382918,0,total,S2,6.400000,0.000000,0,0,0,0,0,0,0,0,0,0,0,944,0,2500.0,2259.8010576606366,1834.5366480061784,2580.8545429608785,256.0
1785382918,0,,Aggregated,12.800000,0.000000,0,0,0,0,0,0,0,0,0,0,0,1888,0,420.0,1308.4026379327936,271.6862150118686,2580.8545429608785,704.5
1785382919,0,TTFT,S2,6.400000,0.000000,0,0,0,0,0,0,0,0,0,0,0,944,0,360.0,357.0042182049508,271.6862150118686,417.0613830210641,1153.0
1785382919,0,total,S2,6.400000,0.000000,0,0,0,0,0,0,0,0,0,0,0,944,0,2500.0,2259.8010576606366,1834.5366480061784,2580.8545429608785,256.0
1785382919,0,,Aggregated,12.800000,0.000000,0,0,0,0,0,0,0,0,0,0,0,1888,0,420.0,1308.4026379327936,271.6862150118686,2580.8545429608785,704.5
1785382920,0,TTFT,S2,6.400000,0.000000,0,0,0,0,0,0,0,0,0,0,0,944,0,360.0,357.0042182049508,271.6862150118686,417.0613830210641,1153.0
1785382920,0,total,S2,6.400000,0.000000,0,0,0,0,0,0,0,0,0,0,0,944,0,2500.0,2259.8010576606366,1834.5366480061784,2580.8545429608785,256.0
1785382920,0,,Aggregated,12.800000,0.000000,0,0,0,0,0,0,0,0,0,0,0,1888,0,420.0,1308.4026379327936,271.6862150118686,2580.8545429608785,704.5
1785382921,0,TTFT,S2,6.400000,0.000000,0,0,0,0,0,0,0,0,0,0,0,944,0,360.0,357.0042182049508,271.6862150118686,417.0613830210641,1153.0
1785382921,0,total,S2,6.400000,0.000000,0,0,0,0,0,0,0,0,0,0,0,944,0,2500.0,2259.8010576606366,1834.5366480061784,2580.8545429608785,256.0
1785382921,0,,Aggregated,12.800000,0.000000,0,0,0,0,0,0,0,0,0,0,0,1888,0,420.0,1308.4026379327936,271.6862150118686,2580.8545429608785,704.5
1785382922,0,TTFT,S2,6.400000,0.000000,0,0,0,0,0,0,0,0,0,0,0,944,0,360.0,357.0042182049508,271.6862150118686,417.0613830210641,1153.0
1785382922,0,total,S2,6.400000,0.000000,0,0,0,0,0,0,0,0,0,0,0,944,0,2500.0,2259.8010576606366,1834.5366480061784,2580.8545429608785,256.0
1785382922,0,,Aggregated,12.800000,0.000000,0,0,0,0,0,0,0,0,0,0,0,1888,0,420.0,1308.4026379327936,271.6862150118686,2580.8545429608785,704.5
1785382923,0,TTFT,S2,6.400000,0.000000,0,0,0,0,0,0,0,0,0,0,0,944,0,360.0,357.0042182049508,271.6862150118686,417.0613830210641,1153.0
1785382923,0,total,S2,6.400000,0.000000,0,0,0,0,0,0,0,0,0,0,0,944,0,2500.0,2259.8010576606366,1834.5366480061784,2580.8545429608785,256.0
1785382923,0,,Aggregated,12.800000,0.000000,0,0,0,0,0,0,0,0,0,0,0,1888,0,420.0,1308.4026379327936,271.6862150118686,2580.8545429608785,704.5
1785382924,0,TTFT,S2,6.400000,0.000000,0,0,0,0,0,0,0,0,0,0,0,944,0,360.0,357.0042182049508,271.6862150118686,417.0613830210641,1153.0
1785382924,0,total,S2,6.400000,0.000000,0,0,0,0,0,0,0,0,0,0,0,944,0,2500.0,2259.8010576606366,1834.5366480061784,2580.8545429608785,256.0
1785382924,0,,Aggregated,12.800000,0.000000,0,0,0,0,0,0,0,0,0,0,0,1888,0,420.0,1308.4026379327936,271.6862150118686,2580.8545429608785,704.5
1785382925,0,TTFT,S2,6.400000,0.000000,0,0,0,0,0,0,0,0,0,0,0,944,0,360.0,357.0042182049508,271.6862150118686,417.0613830210641,1153.0
1785382925,0,total,S2,6.400000,0.000000,0,0,0,0,0,0,0,0,0,0,0,944,0,2500.0,2259.8010576606366,1834.5366480061784,2580.8545429608785,256.0
1785382925,0,,Aggregated,12.800000,0.000000,0,0,0,0,0,0,0,0,0,0,0,1888,0,420.0,1308.4026379327936,271.6862150118686,2580.8545429608785,704.5
1785382926,0,TTFT,S2,6.400000,0.000000,0,0,0,0,0,0,0,0,0,0,0,944,0,360.0,357.0042182049508,271.6862150118686,417.0613830210641,1153.0
1785382926,0,total,S2,6.400000,0.000000,0,0,0,0,0,0,0,0,0,0,0,944,0,2500.0,2259.8010576606366,1834.5366480061784,2580.8545429608785,256.0
1785382926,0,,Aggregated,12.800000,0.000000,0,0,0,0,0,0,0,0,0,0,0,1888,0,420.0,1308.4026379327936,271.6862150118686,2580.8545429608785,704.5
1785382927,0,TTFT,S2,6.400000,0.000000,0,0,0,0,0,0,0,0,0,0,0,944,0,360.0,357.0042182049508,271.6862150118686,417.0613830210641,1153.0
1785382927,0,total,S2,6.400000,0.000000,0,0,0,0,0,0,0,0,0,0,0,944,0,2500.0,2259.8010576606366,1834.5366480061784,2580.8545429608785,256.0
1785382927,0,,Aggregated,12.800000,0.000000,0,0,0,0,0,0,0,0,0,0,0,1888,0,420.0,1308.4026379327936,271.6862150118686,2580.8545429608785,704.5
1785382928,0,TTFT,S2,6.400000,0.000000,0,0,0,0,0,0,0,0,0,0,0,944,0,360.0,357.0042182049508,271.6862150118686,417.0613830210641,1153.0
1785382928,0,total,S2,6.400000,0.000000,0,0,0,0,0,0,0,0,0,0,0,944,0,2500.0,2259.8010576606366,1834.5366480061784,2580.8545429608785,256.0
1785382928,0,,Aggregated,12.800000,0.000000,0,0,0,0,0,0,0,0,0,0,0,1888,0,420.0,1308.4026379327936,271.6862150118686,2580.8545429608785,704.5
1785382929,0,TTFT,S2,6.400000,0.000000,0,0,0,0,0,0,0,0,0,0,0,944,0,360.0,357.0042182049508,271.6862150118686,417.0613830210641,1153.0
1785382929,0,total,S2,6.400000,0.000000,0,0,0,0,0,0,0,0,0,0,0,944,0,2500.0,2259.8010576606366,1834.5366480061784,2580.8545429608785,256.0
1785382929,0,,Aggregated,12.800000,0.000000,0,0,0,0,0,0,0,0,0,0,0,1888,0,420.0,1308.4026379327936,271.6862150118686,2580.8545429608785,704.5
1785382930,0,TTFT,S2,6.400000,0.000000,0,0,0,0,0,0,0,0,0,0,0,944,0,360.0,357.0042182049508,271.6862150118686,417.0613830210641,1153.0
1785382930,0,total,S2,6.400000,0.000000,0,0,0,0,0,0,0,0,0,0,0,944,0,2500.0,2259.8010576606366,1834.5366480061784,2580.8545429608785,256.0
1785382930,0,,Aggregated,12.800000,0.000000,0,0,0,0,0,0,0,0,0,0,0,1888,0,420.0,1308.4026379327936,271.6862150118686,2580.8545429608785,704.5
1785382931,0,TTFT,S2,6.400000,0.000000,0,0,0,0,0,0,0,0,0,0,0,944,0,360.0,357.0042182049508,271.6862150118686,417.0613830210641,1153.0
1785382931,0,total,S2,6.400000,0.000000,0,0,0,0,0,0,0,0,0,0,0,944,0,2500.0,2259.8010576606366,1834.5366480061784,2580.8545429608785,256.0
1785382931,0,,Aggregated,12.800000,0.000000,0,0,0,0,0,0,0,0,0,0,0,1888,0,420.0,1308.4026379327936,271.6862150118686,2580.8545429608785,704.5
1785382932,0,TTFT,S2,6.400000,0.000000,0,0,0,0,0,0,0,0,0,0,0,944,0,360.0,357.0042182049508,271.6862150118686,417.0613830210641,1153.0
1785382932,0,total,S2,6.400000,0.000000,0,0,0,0,0,0,0,0,0,0,0,944,0,2500.0,2259.8010576606366,1834.5366480061784,2580.8545429608785,256.0
1785382932,0,,Aggregated,12.800000,0.000000,0,0,0,0,0,0,0,0,0,0,0,1888,0,420.0,1308.4026379327936,271.6862150118686,2580.8545429608785,704.5
1785382933,0,TTFT,S2,6.400000,0.000000,0,0,0,0,0,0,0,0,0,0,0,944,0,360.0,357.0042182049508,271.6862150118686,417.0613830210641,1153.0
1785382933,0,total,S2,6.400000,0.000000,0,0,0,0,0,0,0,0,0,0,0,944,0,2500.0,2259.8010576606366,1834.5366480061784,2580.8545429608785,256.0
1785382933,0,,Aggregated,12.800000,0.000000,0,0,0,0,0,0,0,0,0,0,0,1888,0,420.0,1308.4026379327936,271.6862150118686,2580.8545429608785,704.5
1785382934,0,TTFT,S2,6.400000,0.000000,0,0,0,0,0,0,0,0,0,0,0,944,0,360.0,357.0042182049508,271.6862150118686,417.0613830210641,1153.0
1785382934,0,total,S2,6.400000,0.000000,0,0,0,0,0,0,0,0,0,0,0,944,0,2500.0,2259.8010576606366,1834.5366480061784,2580.8545429608785,256.0
1785382934,0,,Aggregated,12.800000,0.000000,0,0,0,0,0,0,0,0,0,0,0,1888,0,420.0,1308.4026379327936,271.6862150118686,2580.8545429608785,704.5
1785382935,0,TTFT,S2,6.400000,0.000000,0,0,0,0,0,0,0,0,0,0,0,944,0,360.0,357.0042182049508,271.6862150118686,417.0613830210641,1153.0
1785382935,0,total,S2,6.400000,0.000000,0,0,0,0,0,0,0,0,0,0,0,944,0,2500.0,2259.8010576606366,1834.5366480061784,2580.8545429608785,256.0
1785382935,0,,Aggregated,12.800000,0.000000,0,0,0,0,0,0,0,0,0,0,0,1888,0,420.0,1308.4026379327936,271.6862150118686,2580.8545429608785,704.5
1785382936,0,TTFT,S2,6.400000,0.000000,0,0,0,0,0,0,0,0,0,0,0,944,0,360.0,357.0042182049508,271.6862150118686,417.0613830210641,1153.0
1785382936,0,total,S2,6.400000,0.000000,0,0,0,0,0,0,0,0,0,0,0,944,0,2500.0,2259.8010576606366,1834.5366480061784,2580.8545429608785,256.0
1785382936,0,,Aggregated,12.800000,0.000000,0,0,0,0,0,0,0,0,0,0,0,1888,0,420.0,1308.4026379327936,271.6862150118686,2580.8545429608785,704.5
1785382937,0,TTFT,S2,6.400000,0.000000,0,0,0,0,0,0,0,0,0,0,0,944,0,360.0,357.0042182049508,271.6862150118686,417.0613830210641,1153.0
1785382937,0,total,S2,6.400000,0.000000,0,0,0,0,0,0,0,0,0,0,0,944,0,2500.0,2259.8010576606366,1834.5366480061784,2580.8545429608785,256.0
1785382937,0,,Aggregated,12.800000,0.000000,0,0,0,0,0,0,0,0,0,0,0,1888,0,420.0,1308.4026379327936,271.6862150118686,2580.8545429608785,704.5
1785382938,0,TTFT,S2,6.400000,0.000000,0,0,0,0,0,0,0,0,0,0,0,944,0,360.0,357.0042182049508,271.6862150118686,417.0613830210641,1153.0
1785382938,0,total,S2,6.400000,0.000000,0,0,0,0,0,0,0,0,0,0,0,944,0,2500.0,2259.8010576606366,1834.5366480061784,2580.8545429608785,256.0
1785382938,0,,Aggregated,12.800000,0.000000,0,0,0,0,0,0,0,0,0,0,0,1888,0,420.0,1308.4026379327936,271.6862150118686,2580.8545429608785,704.5
1785382939,0,TTFT,S2,6.400000,0.000000,0,0,0,0,0,0,0,0,0,0,0,944,0,360.0,357.0042182049508,271.6862150118686,417.0613830210641,1153.0
1785382939,0,total,S2,6.400000,0.000000,0,0,0,0,0,0,0,0,0,0,0,944,0,2500.0,2259.8010576606366,1834.5366480061784,2580.8545429608785,256.0
1785382939,0,,Aggregated,12.800000,0.000000,0,0,0,0,0,0,0,0,0,0,0,1888,0,420.0,1308.4026379327936,271.6862150118686,2580.8545429608785,704.5
1785382940,0,TTFT,S2,6.400000,0.000000,0,0,0,0,0,0,0,0,0,0,0,944,0,360.0,357.0042182049508,271.6862150118686,417.0613830210641,1153.0
1785382940,0,total,S2,6.400000,0.000000,0,0,0,0,0,0,0,0,0,0,0,944,0,2500.0,2259.8010576606366,1834.5366480061784,2580.8545429608785,256.0
1785382940,0,,Aggregated,12.800000,0.000000,0,0,0,0,0,0,0,0,0,0,0,1888,0,420.0,1308.4026379327936,271.6862150118686,2580.8545429608785,704.5
1785382941,0,TTFT,S2,6.400000,0.000000,0,0,0,0,0,0,0,0,0,0,0,944,0,360.0,357.0042182049508,271.6862150118686,417.0613830210641,1153.0
1785382941,0,total,S2,6.400000,0.000000,0,0,0,0,0,0,0,0,0,0,0,944,0,2500.0,2259.8010576606366,1834.5366480061784,2580.8545429608785,256.0
1785382941,0,,Aggregated,12.800000,0.000000,0,0,0,0,0,0,0,0,0,0,0,1888,0,420.0,1308.4026379327936,271.6862150118686,2580.8545429608785,704.5
1785382942,0,TTFT,S2,6.400000,0.000000,0,0,0,0,0,0,0,0,0,0,0,944,0,360.0,357.0042182049508,271.6862150118686,417.0613830210641,1153.0
1785382942,0,total,S2,6.400000,0.000000,0,0,0,0,0,0,0,0,0,0,0,944,0,2500.0,2259.8010576606366,1834.5366480061784,2580.8545429608785,256.0
1785382942,0,,Aggregated,12.800000,0.000000,0,0,0,0,0,0,0,0,0,0,0,1888,0,420.0,1308.4026379327936,271.6862150118686,2580.8545429608785,704.5
1785382943,0,TTFT,S2,6.400000,0.000000,0,0,0,0,0,0,0,0,0,0,0,944,0,360.0,357.0042182049508,271.6862150118686,417.0613830210641,1153.0
1785382943,0,total,S2,6.400000,0.000000,0,0,0,0,0,0,0,0,0,0,0,944,0,2500.0,2259.8010576606366,1834.5366480061784,2580.8545429608785,256.0
1785382943,0,,Aggregated,12.800000,0.000000,0,0,0,0,0,0,0,0,0,0,0,1888,0,420.0,1308.4026379327936,271.6862150118686,2580.8545429608785,704.5
1785382944,0,TTFT,S2,6.400000,0.000000,0,0,0,0,0,0,0,0,0,0,0,944,0,360.0,357.0042182049508,271.6862150118686,417.0613830210641,1153.0
1785382944,0,total,S2,6.400000,0.000000,0,0,0,0,0,0,0,0,0,0,0,944,0,2500.0,2259.8010576606366,1834.5366480061784,2580.8545429608785,256.0
1785382944,0,,Aggregated,12.800000,0.000000,0,0,0,0,0,0,0,0,0,0,0,1888,0,420.0,1308.4026379327936,271.6862150118686,2580.8545429608785,704.5
1785382945,0,TTFT,S2,6.400000,0.000000,0,0,0,0,0,0,0,0,0,0,0,944,0,360.0,357.0042182049508,271.6862150118686,417.0613830210641,1153.0
1785382945,0,total,S2,6.400000,0.000000,0,0,0,0,0,0,0,0,0,0,0,944,0,2500.0,2259.8010576606366,1834.5366480061784,2580.8545429608785,256.0
1785382945,0,,Aggregated,12.800000,0.000000,0,0,0,0,0,0,0,0,0,0,0,1888,0,420.0,1308.4026379327936,271.6862150118686,2580.8545429608785,704.5
1785382946,0,TTFT,S2,6.400000,0.000000,0,0,0,0,0,0,0,0,0,0,0,944,0,360.0,357.0042182049508,271.6862150118686,417.0613830210641,1153.0
1785382946,0,total,S2,6.400000,0.000000,0,0,0,0,0,0,0,0,0,0,0,944,0,2500.0,2259.8010576606366,1834.5366480061784,2580.8545429608785,256.0
1785382946,0,,Aggregated,12.800000,0.000000,0,0,0,0,0,0,0,0,0,0,0,1888,0,420.0,1308.4026379327936,271.6862150118686,2580.8545429608785,704.5
1785382947,0,TTFT,S2,6.400000,0.000000,0,0,0,0,0,0,0,0,0,0,0,944,0,360.0,357.0042182049508,271.6862150118686,417.0613830210641,1153.0
1785382947,0,total,S2,6.400000,0.000000,0,0,0,0,0,0,0,0,0,0,0,944,0,2500.0,2259.8010576606366,1834.5366480061784,2580.8545429608785,256.0
1785382947,0,,Aggregated,12.800000,0.000000,0,0,0,0,0,0,0,0,0,0,0,1888,0,420.0,1308.4026379327936,271.6862150118686,2580.8545429608785,704.5
1785382948,0,TTFT,S2,6.400000,0.000000,0,0,0,0,0,0,0,0,0,0,0,944,0,360.0,357.0042182049508,271.6862150118686,417.0613830210641,1153.0
1785382948,0,total,S2,6.400000,0.000000,0,0,0,0,0,0,0,0,0,0,0,944,0,2500.0,2259.8010576606366,1834.5366480061784,2580.8545429608785,256.0
1785382948,0,,Aggregated,12.800000,0.000000,0,0,0,0,0,0,0,0,0,0,0,1888,0,420.0,1308.4026379327936,271.6862150118686,2580.8545429608785,704.5
1785382949,0,TTFT,S2,6.400000,0.000000,0,0,0,0,0,0,0,0,0,0,0,944,0,360.0,357.0042182049508,271.6862150118686,417.0613830210641,1153.0
1785382949,0,total,S2,6.400000,0.000000,0,0,0,0,0,0,0,0,0,0,0,944,0,2500.0,2259.8010576606366,1834.5366480061784,2580.8545429608785,256.0
1785382949,0,,Aggregated,12.800000,0.000000,0,0,0,0,0,0,0,0,0,0,0,1888,0,420.0,1308.4026379327936,271.6862150118686,2580.8545429608785,704.5
1785382950,0,TTFT,S2,6.400000,0.000000,0,0,0,0,0,0,0,0,0,0,0,944,0,360.0,357.0042182049508,271.6862150118686,417.0613830210641,1153.0
1785382950,0,total,S2,6.400000,0.000000,0,0,0,0,0,0,0,0,0,0,0,944,0,2500.0,2259.8010576606366,1834.5366480061784,2580.8545429608785,256.0
1785382950,0,,Aggregated,12.800000,0.000000,0,0,0,0,0,0,0,0,0,0,0,1888,0,420.0,1308.4026379327936,271.6862150118686,2580.8545429608785,704.5
1785382951,0,TTFT,S2,6.400000,0.000000,0,0,0,0,0,0,0,0,0,0,0,944,0,360.0,357.0042182049508,271.6862150118686,417.0613830210641,1153.0
1785382951,0,total,S2,6.400000,0.000000,0,0,0,0,0,0,0,0,0,0,0,944,0,2500.0,2259.8010576606366,1834.5366480061784,2580.8545429608785,256.0
1785382951,0,,Aggregated,12.800000,0.000000,0,0,0,0,0,0,0,0,0,0,0,1888,0,420.0,1308.4026379327936,271.6862150118686,2580.8545429608785,704.5
1785382952,0,TTFT,S2,6.400000,0.000000,0,0,0,0,0,0,0,0,0,0,0,944,0,360.0,357.0042182049508,271.6862150118686,417.0613830210641,1153.0
1785382952,0,total,S2,6.400000,0.000000,0,0,0,0,0,0,0,0,0,0,0,944,0,2500.0,2259.8010576606366,1834.5366480061784,2580.8545429608785,256.0
1785382952,0,,Aggregated,12.800000,0.000000,0,0,0,0,0,0,0,0,0,0,0,1888,0,420.0,1308.4026379327936,271.6862150118686,2580.8545429608785,704.5
1785382953,0,TTFT,S2,6.400000,0.000000,0,0,0,0,0,0,0,0,0,0,0,944,0,360.0,357.0042182049508,271.6862150118686,417.0613830210641,1153.0
1785382953,0,total,S2,6.400000,0.000000,0,0,0,0,0,0,0,0,0,0,0,944,0,2500.0,2259.8010576606366,1834.5366480061784,2580.8545429608785,256.0
1785382953,0,,Aggregated,12.800000,0.000000,0,0,0,0,0,0,0,0,0,0,0,1888,0,420.0,1308.4026379327936,271.6862150118686,2580.8545429608785,704.5
1785382954,0,TTFT,S2,6.400000,0.000000,0,0,0,0,0,0,0,0,0,0,0,944,0,360.0,357.0042182049508,271.6862150118686,417.0613830210641,1153.0
1785382954,0,total,S2,6.400000,0.000000,0,0,0,0,0,0,0,0,0,0,0,944,0,2500.0,2259.8010576606366,1834.5366480061784,2580.8545429608785,256.0
1785382954,0,,Aggregated,12.800000,0.000000,0,0,0,0,0,0,0,0,0,0,0,1888,0,420.0,1308.4026379327936,271.6862150118686,2580.8545429608785,704.5
1785382955,0,TTFT,S2,6.400000,0.000000,0,0,0,0,0,0,0,0,0,0,0,944,0,360.0,357.0042182049508,271.6862150118686,417.0613830210641,1153.0
1785382955,0,total,S2,6.400000,0.000000,0,0,0,0,0,0,0,0,0,0,0,944,0,2500.0,2259.8010576606366,1834.5366480061784,2580.8545429608785,256.0
1785382955,0,,Aggregated,12.800000,0.000000,0,0,0,0,0,0,0,0,0,0,0,1888,0,420.0,1308.4026379327936,271.6862150118686,2580.8545429608785,704.5
1785382956,0,TTFT,S2,6.400000,0.000000,0,0,0,0,0,0,0,0,0,0,0,944,0,360.0,357.0042182049508,271.6862150118686,417.0613830210641,1153.0
1785382956,0,total,S2,6.400000,0.000000,0,0,0,0,0,0,0,0,0,0,0,944,0,2500.0,2259.8010576606366,1834.5366480061784,2580.8545429608785,256.0
1785382956,0,,Aggregated,12.800000,0.000000,0,0,0,0,0,0,0,0,0,0,0,1888,0,420.0,1308.4026379327936,271.6862150118686,2580.8545429608785,704.5
1785382957,0,TTFT,S2,6.400000,0.000000,0,0,0,0,0,0,0,0,0,0,0,944,0,360.0,357.0042182049508,271.6862150118686,417.0613830210641,1153.0
1785382957,0,total,S2,6.400000,0.000000,0,0,0,0,0,0,0,0,0,0,0,944,0,2500.0,2259.8010576606366,1834.5366480061784,2580.8545429608785,256.0
1785382957,0,,Aggregated,12.800000,0.000000,0,0,0,0,0,0,0,0,0,0,0,1888,0,420.0,1308.4026379327936,271.6862150118686,2580.8545429608785,704.5
1785382958,0,TTFT,S2,6.400000,0.000000,0,0,0,0,0,0,0,0,0,0,0,944,0,360.0,357.0042182049508,271.6862150118686,417.0613830210641,1153.0
1785382958,0,total,S2,6.400000,0.000000,0,0,0,0,0,0,0,0,0,0,0,944,0,2500.0,2259.8010576606366,1834.5366480061784,2580.8545429608785,256.0
1785382958,0,,Aggregated,12.800000,0.000000,0,0,0,0,0,0,0,0,0,0,0,1888,0,420.0,1308.4026379327936,271.6862150118686,2580.8545429608785,704.5
1785382959,0,TTFT,S2,6.400000,0.000000,0,0,0,0,0,0,0,0,0,0,0,944,0,360.0,357.0042182049508,271.6862150118686,417.0613830210641,1153.0
1785382959,0,total,S2,6.400000,0.000000,0,0,0,0,0,0,0,0,0,0,0,944,0,2500.0,2259.8010576606366,1834.5366480061784,2580.8545429608785,256.0
1785382959,0,,Aggregated,12.800000,0.000000,0,0,0,0,0,0,0,0,0,0,0,1888,0,420.0,1308.4026379327936,271.6862150118686,2580.8545429608785,704.5
1785382960,0,TTFT,S2,6.400000,0.000000,0,0,0,0,0,0,0,0,0,0,0,944,0,360.0,357.0042182049508,271.6862150118686,417.0613830210641,1153.0
1785382960,0,total,S2,6.400000,0.000000,0,0,0,0,0,0,0,0,0,0,0,944,0,2500.0,2259.8010576606366,1834.5366480061784,2580.8545429608785,256.0
1785382960,0,,Aggregated,12.800000,0.000000,0,0,0,0,0,0,0,0,0,0,0,1888,0,420.0,1308.4026379327936,271.6862150118686,2580.8545429608785,704.5
1785382961,0,TTFT,S2,6.400000,0.000000,0,0,0,0,0,0,0,0,0,0,0,944,0,360.0,357.0042182049508,271.6862150118686,417.0613830210641,1153.0
1785382961,0,total,S2,6.400000,0.000000,0,0,0,0,0,0,0,0,0,0,0,944,0,2500.0,2259.8010576606366,1834.5366480061784,2580.8545429608785,256.0
1785382961,0,,Aggregated,12.800000,0.000000,0,0,0,0,0,0,0,0,0,0,0,1888,0,420.0,1308.4026379327936,271.6862150118686,2580.8545429608785,704.5
1785382962,0,TTFT,S2,6.400000,0.000000,0,0,0,0,0,0,0,0,0,0,0,944,0,360.0,357.0042182049508,271.6862150118686,417.0613830210641,1153.0
1785382962,0,total,S2,6.400000,0.000000,0,0,0,0,0,0,0,0,0,0,0,944,0,2500.0,2259.8010576606366,1834.5366480061784,2580.8545429608785,256.0
1785382962,0,,Aggregated,12.800000,0.000000,0,0,0,0,0,0,0,0,0,0,0,1888,0,420.0,1308.4026379327936,271.6862150118686,2580.8545429608785,704.5
1785382963,0,TTFT,S2,6.400000,0.000000,0,0,0,0,0,0,0,0,0,0,0,944,0,360.0,357.0042182049508,271.6862150118686,417.0613830210641,1153.0
1785382963,0,total,S2,6.400000,0.000000,0,0,0,0,0,0,0,0,0,0,0,944,0,2500.0,2259.8010576606366,1834.5366480061784,2580.8545429608785,256.0
1785382963,0,,Aggregated,12.800000,0.000000,0,0,0,0,0,0,0,0,0,0,0,1888,0,420.0,1308.4026379327936,271.6862150118686,2580.8545429608785,704.5
1785382964,0,TTFT,S2,6.400000,0.000000,0,0,0,0,0,0,0,0,0,0,0,944,0,360.0,357.0042182049508,271.6862150118686,417.0613830210641,1153.0
1785382964,0,total,S2,6.400000,0.000000,0,0,0,0,0,0,0,0,0,0,0,944,0,2500.0,2259.8010576606366,1834.5366480061784,2580.8545429608785,256.0
1785382964,0,,Aggregated,12.800000,0.000000,0,0,0,0,0,0,0,0,0,0,0,1888,0,420.0,1308.4026379327936,271.6862150118686,2580.8545429608785,704.5
1785382965,0,TTFT,S2,6.400000,0.000000,0,0,0,0,0,0,0,0,0,0,0,944,0,360.0,357.0042182049508,271.6862150118686,417.0613830210641,1153.0
1785382965,0,total,S2,6.400000,0.000000,0,0,0,0,0,0,0,0,0,0,0,944,0,2500.0,2259.8010576606366,1834.5366480061784,2580.8545429608785,256.0
1785382965,0,,Aggregated,12.800000,0.000000,0,0,0,0,0,0,0,0,0,0,0,1888,0,420.0,1308.4026379327936,271.6862150118686,2580.8545429608785,704.5
1785382966,0,TTFT,S2,6.400000,0.000000,0,0,0,0,0,0,0,0,0,0,0,944,0,360.0,357.0042182049508,271.6862150118686,417.0613830210641,1153.0
1785382966,0,total,S2,6.400000,0.000000,0,0,0,0,0,0,0,0,0,0,0,944,0,2500.0,2259.8010576606366,1834.5366480061784,2580.8545429608785,256.0
1785382966,0,,Aggregated,12.800000,0.000000,0,0,0,0,0,0,0,0,0,0,0,1888,0,420.0,1308.4026379327936,271.6862150118686,2580.8545429608785,704.5
1785382967,0,TTFT,S2,6.400000,0.000000,0,0,0,0,0,0,0,0,0,0,0,944,0,360.0,357.0042182049508,271.6862150118686,417.0613830210641,1153.0
1785382967,0,total,S2,6.400000,0.000000,0,0,0,0,0,0,0,0,0,0,0,944,0,2500.0,2259.8010576606366,1834.5366480061784,2580.8545429608785,256.0
1785382967,0,,Aggregated,12.800000,0.000000,0,0,0,0,0,0,0,0,0,0,0,1888,0,420.0,1308.4026379327936,271.6862150118686,2580.8545429608785,704.5
1785382968,0,TTFT,S2,6.400000,0.000000,0,0,0,0,0,0,0,0,0,0,0,944,0,360.0,357.0042182049508,271.6862150118686,417.0613830210641,1153.0
1785382968,0,total,S2,6.400000,0.000000,0,0,0,0,0,0,0,0,0,0,0,944,0,2500.0,2259.8010576606366,1834.5366480061784,2580.8545429608785,256.0
1785382968,0,,Aggregated,12.800000,0.000000,0,0,0,0,0,0,0,0,0,0,0,1888,0,420.0,1308.4026379327936,271.6862150118686,2580.8545429608785,704.5
1785382969,0,TTFT,S2,6.400000,0.000000,0,0,0,0,0,0,0,0,0,0,0,944,0,360.0,357.0042182049508,271.6862150118686,417.0613830210641,1153.0
1785382969,0,total,S2,6.400000,0.000000,0,0,0,0,0,0,0,0,0,0,0,944,0,2500.0,2259.8010576606366,1834.5366480061784,2580.8545429608785,256.0
1785382969,0,,Aggregated,12.800000,0.000000,0,0,0,0,0,0,0,0,0,0,0,1888,0,420.0,1308.4026379327936,271.6862150118686,2580.8545429608785,704.5
1785382970,0,TTFT,S2,6.400000,0.000000,0,0,0,0,0,0,0,0,0,0,0,944,0,360.0,357.0042182049508,271.6862150118686,417.0613830210641,1153.0
1785382970,0,total,S2,6.400000,0.000000,0,0,0,0,0,0,0,0,0,0,0,944,0,2500.0,2259.8010576606366,1834.5366480061784,2580.8545429608785,256.0
1785382970,0,,Aggregated,12.800000,0.000000,0,0,0,0,0,0,0,0,0,0,0,1888,0,420.0,1308.4026379327936,271.6862150118686,2580.8545429608785,704.5
1785382971,0,TTFT,S2,6.400000,0.000000,0,0,0,0,0,0,0,0,0,0,0,944,0,360.0,357.0042182049508,271.6862150118686,417.0613830210641,1153.0
1785382971,0,total,S2,6.400000,0.000000,0,0,0,0,0,0,0,0,0,0,0,944,0,2500.0,2259.8010576606366,1834.5366480061784,2580.8545429608785,256.0
1785382971,0,,Aggregated,12.800000,0.000000,0,0,0,0,0,0,0,0,0,0,0,1888,0,420.0,1308.4026379327936,271.6862150118686,2580.8545429608785,704.5
1785382972,0,TTFT,S2,6.400000,0.000000,0,0,0,0,0,0,0,0,0,0,0,944,0,360.0,357.0042182049508,271.6862150118686,417.0613830210641,1153.0
1785382972,0,total,S2,6.400000,0.000000,0,0,0,0,0,0,0,0,0,0,0,944,0,2500.0,2259.8010576606366,1834.5366480061784,2580.8545429608785,256.0
1785382972,0,,Aggregated,12.800000,0.000000,0,0,0,0,0,0,0,0,0,0,0,1888,0,420.0,1308.4026379327936,271.6862150118686,2580.8545429608785,704.5
1785382973,0,TTFT,S2,6.400000,0.000000,0,0,0,0,0,0,0,0,0,0,0,944,0,360.0,357.0042182049508,271.6862150118686,417.0613830210641,1153.0
1785382973,0,total,S2,6.400000,0.000000,0,0,0,0,0,0,0,0,0,0,0,944,0,2500.0,2259.8010576606366,1834.5366480061784,2580.8545429608785,256.0
1785382973,0,,Aggregated,12.800000,0.000000,0,0,0,0,0,0,0,0,0,0,0,1888,0,420.0,1308.4026379327936,271.6862150118686,2580.8545429608785,704.5
1785382974,0,TTFT,S2,6.400000,0.000000,0,0,0,0,0,0,0,0,0,0,0,944,0,360.0,357.0042182049508,271.6862150118686,417.0613830210641,1153.0
1785382974,0,total,S2,6.400000,0.000000,0,0,0,0,0,0,0,0,0,0,0,944,0,2500.0,2259.8010576606366,1834.5366480061784,2580.8545429608785,256.0
1785382974,0,,Aggregated,12.800000,0.000000,0,0,0,0,0,0,0,0,0,0,0,1888,0,420.0,1308.4026379327936,271.6862150118686,2580.8545429608785,704.5
1785382975,0,TTFT,S2,6.400000,0.000000,0,0,0,0,0,0,0,0,0,0,0,944,0,360.0,357.0042182049508,271.6862150118686,417.0613830210641,1153.0
1785382975,0,total,S2,6.400000,0.000000,0,0,0,0,0,0,0,0,0,0,0,944,0,2500.0,2259.8010576606366,1834.5366480061784,2580.8545429608785,256.0
1785382975,0,,Aggregated,12.800000,0.000000,0,0,0,0,0,0,0,0,0,0,0,1888,0,420.0,1308.4026379327936,271.6862150118686,2580.8545429608785,704.5
1785382976,0,TTFT,S2,6.400000,0.000000,0,0,0,0,0,0,0,0,0,0,0,944,0,360.0,357.0042182049508,271.6862150118686,417.0613830210641,1153.0
1785382976,0,total,S2,6.400000,0.000000,0,0,0,0,0,0,0,0,0,0,0,944,0,2500.0,2259.8010576606366,1834.5366480061784,2580.8545429608785,256.0
1785382976,0,,Aggregated,12.800000,0.000000,0,0,0,0,0,0,0,0,0,0,0,1888,0,420.0,1308.4026379327936,271.6862150118686,2580.8545429608785,704.5
1785382977,0,TTFT,S2,6.400000,0.000000,0,0,0,0,0,0,0,0,0,0,0,944,0,360.0,357.0042182049508,271.6862150118686,417.0613830210641,1153.0
1785382977,0,total,S2,6.400000,0.000000,0,0,0,0,0,0,0,0,0,0,0,944,0,2500.0,2259.8010576606366,1834.5366480061784,2580.8545429608785,256.0
1785382977,0,,Aggregated,12.800000,0.000000,0,0,0,0,0,0,0,0,0,0,0,1888,0,420.0,1308.4026379327936,271.6862150118686,2580.8545429608785,704.5
1785382978,0,TTFT,S2,6.400000,0.000000,0,0,0,0,0,0,0,0,0,0,0,944,0,360.0,357.0042182049508,271.6862150118686,417.0613830210641,1153.0
1785382978,0,total,S2,6.400000,0.000000,0,0,0,0,0,0,0,0,0,0,0,944,0,2500.0,2259.8010576606366,1834.5366480061784,2580.8545429608785,256.0
1785382978,0,,Aggregated,12.800000,0.000000,0,0,0,0,0,0,0,0,0,0,0,1888,0,420.0,1308.4026379327936,271.6862150118686,2580.8545429608785,704.5
1785382979,0,TTFT,S2,6.400000,0.000000,0,0,0,0,0,0,0,0,0,0,0,944,0,360.0,357.0042182049508,271.6862150118686,417.0613830210641,1153.0
1785382979,0,total,S2,6.400000,0.000000,0,0,0,0,0,0,0,0,0,0,0,944,0,2500.0,2259.8010576606366,1834.5366480061784,2580.8545429608785,256.0
1785382979,0,,Aggregated,12.800000,0.000000,0,0,0,0,0,0,0,0,0,0,0,1888,0,420.0,1308.4026379327936,271.6862150118686,2580.8545429608785,704.5
1785382980,0,TTFT,S2,6.400000,0.000000,0,0,0,0,0,0,0,0,0,0,0,944,0,360.0,357.0042182049508,271.6862150118686,417.0613830210641,1153.0
1785382980,0,total,S2,6.400000,0.000000,0,0,0,0,0,0,0,0,0,0,0,944,0,2500.0,2259.8010576606366,1834.5366480061784,2580.8545429608785,256.0
1785382980,0,,Aggregated,12.800000,0.000000,0,0,0,0,0,0,0,0,0,0,0,1888,0,420.0,1308.4026379327936,271.6862150118686,2580.8545429608785,704.5
1785382981,0,TTFT,S2,6.400000,0.000000,0,0,0,0,0,0,0,0,0,0,0,944,0,360.0,357.0042182049508,271.6862150118686,417.0613830210641,1153.0
1785382981,0,total,S2,6.400000,0.000000,0,0,0,0,0,0,0,0,0,0,0,944,0,2500.0,2259.8010576606366,1834.5366480061784,2580.8545429608785,256.0
1785382981,0,,Aggregated,12.800000,0.000000,0,0,0,0,0,0,0,0,0,0,0,1888,0,420.0,1308.4026379327936,271.6862150118686,2580.8545429608785,704.5
1785382982,0,TTFT,S2,6.400000,0.000000,0,0,0,0,0,0,0,0,0,0,0,944,0,360.0,357.0042182049508,271.6862150118686,417.0613830210641,1153.0
1785382982,0,total,S2,6.400000,0.000000,0,0,0,0,0,0,0,0,0,0,0,944,0,2500.0,2259.8010576606366,1834.5366480061784,2580.8545429608785,256.0
1785382982,0,,Aggregated,12.800000,0.000000,0,0,0,0,0,0,0,0,0,0,0,1888,0,420.0,1308.4026379327936,271.6862150118686,2580.8545429608785,704.5
1785382983,0,TTFT,S2,6.400000,0.000000,0,0,0,0,0,0,0,0,0,0,0,944,0,360.0,357.0042182049508,271.6862150118686,417.0613830210641,1153.0
1785382983,0,total,S2,6.400000,0.000000,0,0,0,0,0,0,0,0,0,0,0,944,0,2500.0,2259.8010576606366,1834.5366480061784,2580.8545429608785,256.0
1785382983,0,,Aggregated,12.800000,0.000000,0,0,0,0,0,0,0,0,0,0,0,1888,0,420.0,1308.4026379327936,271.6862150118686,2580.8545429608785,704.5
1785382984,0,TTFT,S2,6.400000,0.000000,0,0,0,0,0,0,0,0,0,0,0,944,0,360.0,357.0042182049508,271.6862150118686,417.0613830210641,1153.0
1785382984,0,total,S2,6.400000,0.000000,0,0,0,0,0,0,0,0,0,0,0,944,0,2500.0,2259.8010576606366,1834.5366480061784,2580.8545429608785,256.0
1785382984,0,,Aggregated,12.800000,0.000000,0,0,0,0,0,0,0,0,0,0,0,1888,0,420.0,1308.4026379327936,271.6862150118686,2580.8545429608785,704.5
1785382985,0,TTFT,S2,6.400000,0.000000,0,0,0,0,0,0,0,0,0,0,0,944,0,360.0,357.0042182049508,271.6862150118686,417.0613830210641,1153.0
1785382985,0,total,S2,6.400000,0.000000,0,0,0,0,0,0,0,0,0,0,0,944,0,2500.0,2259.8010576606366,1834.5366480061784,2580.8545429608785,256.0
1785382985,0,,Aggregated,12.800000,0.000000,0,0,0,0,0,0,0,0,0,0,0,1888,0,420.0,1308.4026379327936,271.6862150118686,2580.8545429608785,704.5
1785382986,0,TTFT,S2,6.400000,0.000000,0,0,0,0,0,0,0,0,0,0,0,944,0,360.0,357.0042182049508,271.6862150118686,417.0613830210641,1153.0
1785382986,0,total,S2,6.400000,0.000000,0,0,0,0,0,0,0,0,0,0,0,944,0,2500.0,2259.8010576606366,1834.5366480061784,2580.8545429608785,256.0
1785382986,0,,Aggregated,12.800000,0.000000,0,0,0,0,0,0,0,0,0,0,0,1888,0,420.0,1308.4026379327936,271.6862150118686,2580.8545429608785,704.5
1785382987,0,TTFT,S2,6.400000,0.000000,0,0,0,0,0,0,0,0,0,0,0,944,0,360.0,357.0042182049508,271.6862150118686,417.0613830210641,1153.0
1785382987,0,total,S2,6.400000,0.000000,0,0,0,0,0,0,0,0,0,0,0,944,0,2500.0,2259.8010576606366,1834.5366480061784,2580.8545429608785,256.0
1785382987,0,,Aggregated,12.800000,0.000000,0,0,0,0,0,0,0,0,0,0,0,1888,0,420.0,1308.4026379327936,271.6862150118686,2580.8545429608785,704.5
1785382988,0,TTFT,S2,6.400000,0.000000,0,0,0,0,0,0,0,0,0,0,0,944,0,360.0,357.0042182049508,271.6862150118686,417.0613830210641,1153.0
1785382988,0,total,S2,6.400000,0.000000,0,0,0,0,0,0,0,0,0,0,0,944,0,2500.0,2259.8010576606366,1834.5366480061784,2580.8545429608785,256.0
1785382988,0,,Aggregated,12.800000,0.000000,0,0,0,0,0,0,0,0,0,0,0,1888,0,420.0,1308.4026379327936,271.6862150118686,2580.8545429608785,704.5
1785382989,0,TTFT,S2,6.400000,0.000000,0,0,0,0,0,0,0,0,0,0,0,944,0,360.0,357.0042182049508,271.6862150118686,417.0613830210641,1153.0
1785382989,0,total,S2,6.400000,0.000000,0,0,0,0,0,0,0,0,0,0,0,944,0,2500.0,2259.8010576606366,1834.5366480061784,2580.8545429608785,256.0
1785382989,0,,Aggregated,12.800000,0.000000,0,0,0,0,0,0,0,0,0,0,0,1888,0,420.0,1308.4026379327936,271.6862150118686,2580.8545429608785,704.5
1785382990,0,TTFT,S2,6.400000,0.000000,0,0,0,0,0,0,0,0,0,0,0,944,0,360.0,357.0042182049508,271.6862150118686,417.0613830210641,1153.0
1785382990,0,total,S2,6.400000,0.000000,0,0,0,0,0,0,0,0,0,0,0,944,0,2500.0,2259.8010576606366,1834.5366480061784,2580.8545429608785,256.0
1785382990,0,,Aggregated,12.800000,0.000000,0,0,0,0,0,0,0,0,0,0,0,1888,0,420.0,1308.4026379327936,271.6862150118686,2580.8545429608785,704.5
1785382991,0,TTFT,S2,6.400000,0.000000,0,0,0,0,0,0,0,0,0,0,0,944,0,360.0,357.0042182049508,271.6862150118686,417.0613830210641,1153.0
1785382991,0,total,S2,6.400000,0.000000,0,0,0,0,0,0,0,0,0,0,0,944,0,2500.0,2259.8010576606366,1834.5366480061784,2580.8545429608785,256.0
1785382991,0,,Aggregated,12.800000,0.000000,0,0,0,0,0,0,0,0,0,0,0,1888,0,420.0,1308.4026379327936,271.6862150118686,2580.8545429608785,704.5
1785382992,0,TTFT,S2,6.400000,0.000000,0,0,0,0,0,0,0,0,0,0,0,944,0,360.0,357.0042182049508,271.6862150118686,417.0613830210641,1153.0
1785382992,0,total,S2,6.400000,0.000000,0,0,0,0,0,0,0,0,0,0,0,944,0,2500.0,2259.8010576606366,1834.5366480061784,2580.8545429608785,256.0
1785382992,0,,Aggregated,12.800000,0.000000,0,0,0,0,0,0,0,0,0,0,0,1888,0,420.0,1308.4026379327936,271.6862150118686,2580.8545429608785,704.5
1785382993,0,TTFT,S2,6.400000,0.000000,0,0,0,0,0,0,0,0,0,0,0,944,0,360.0,357.0042182049508,271.6862150118686,417.0613830210641,1153.0
1785382993,0,total,S2,6.400000,0.000000,0,0,0,0,0,0,0,0,0,0,0,944,0,2500.0,2259.8010576606366,1834.5366480061784,2580.8545429608785,256.0
1785382993,0,,Aggregated,12.800000,0.000000,0,0,0,0,0,0,0,0,0,0,0,1888,0,420.0,1308.4026379327936,271.6862150118686,2580.8545429608785,704.5
1785382994,0,TTFT,S2,6.400000,0.000000,0,0,0,0,0,0,0,0,0,0,0,944,0,360.0,357.0042182049508,271.6862150118686,417.0613830210641,1153.0
1785382994,0,total,S2,6.400000,0.000000,0,0,0,0,0,0,0,0,0,0,0,944,0,2500.0,2259.8010576606366,1834.5366480061784,2580.8545429608785,256.0
1785382994,0,,Aggregated,12.800000,0.000000,0,0,0,0,0,0,0,0,0,0,0,1888,0,420.0,1308.4026379327936,271.6862150118686,2580.8545429608785,704.5
1785382995,0,TTFT,S2,6.400000,0.000000,0,0,0,0,0,0,0,0,0,0,0,944,0,360.0,357.0042182049508,271.6862150118686,417.0613830210641,1153.0
1785382995,0,total,S2,6.400000,0.000000,0,0,0,0,0,0,0,0,0,0,0,944,0,2500.0,2259.8010576606366,1834.5366480061784,2580.8545429608785,256.0
1785382995,0,,Aggregated,12.800000,0.000000,0,0,0,0,0,0,0,0,0,0,0,1888,0,420.0,1308.4026379327936,271.6862150118686,2580.8545429608785,704.5
1785382996,0,TTFT,S2,6.400000,0.000000,0,0,0,0,0,0,0,0,0,0,0,944,0,360.0,357.0042182049508,271.6862150118686,417.0613830210641,1153.0
1785382996,0,total,S2,6.400000,0.000000,0,0,0,0,0,0,0,0,0,0,0,944,0,2500.0,2259.8010576606366,1834.5366480061784,2580.8545429608785,256.0
1785382996,0,,Aggregated,12.800000,0.000000,0,0,0,0,0,0,0,0,0,0,0,1888,0,420.0,1308.4026379327936,271.6862150118686,2580.8545429608785,704.5
1785382997,0,TTFT,S2,6.400000,0.000000,0,0,0,0,0,0,0,0,0,0,0,944,0,360.0,357.0042182049508,271.6862150118686,417.0613830210641,1153.0
1785382997,0,total,S2,6.400000,0.000000,0,0,0,0,0,0,0,0,0,0,0,944,0,2500.0,2259.8010576606366,1834.5366480061784,2580.8545429608785,256.0
1785382997,0,,Aggregated,12.800000,0.000000,0,0,0,0,0,0,0,0,0,0,0,1888,0,420.0,1308.4026379327936,271.6862150118686,2580.8545429608785,704.5
1785382998,0,TTFT,S2,6.400000,0.000000,0,0,0,0,0,0,0,0,0,0,0,944,0,360.0,357.0042182049508,271.6862150118686,417.0613830210641,1153.0
1785382998,0,total,S2,6.400000,0.000000,0,0,0,0,0,0,0,0,0,0,0,944,0,2500.0,2259.8010576606366,1834.5366480061784,2580.8545429608785,256.0
1785382998,0,,Aggregated,12.800000,0.000000,0,0,0,0,0,0,0,0,0,0,0,1888,0,420.0,1308.4026379327936,271.6862150118686,2580.8545429608785,704.5
1785382999,0,TTFT,S2,6.400000,0.000000,0,0,0,0,0,0,0,0,0,0,0,944,0,360.0,357.0042182049508,271.6862150118686,417.0613830210641,1153.0
1785382999,0,total,S2,6.400000,0.000000,0,0,0,0,0,0,0,0,0,0,0,944,0,2500.0,2259.8010576606366,1834.5366480061784,2580.8545429608785,256.0
1785382999,0,,Aggregated,12.800000,0.000000,0,0,0,0,0,0,0,0,0,0,0,1888,0,420.0,1308.4026379327936,271.6862150118686,2580.8545429608785,704.5
1785383000,0,TTFT,S2,6.400000,0.000000,0,0,0,0,0,0,0,0,0,0,0,944,0,360.0,357.0042182049508,271.6862150118686,417.0613830210641,1153.0
1785383000,0,total,S2,6.400000,0.000000,0,0,0,0,0,0,0,0,0,0,0,944,0,2500.0,2259.8010576606366,1834.5366480061784,2580.8545429608785,256.0
1785383000,0,,Aggregated,12.800000,0.000000,0,0,0,0,0,0,0,0,0,0,0,1888,0,420.0,1308.4026379327936,271.6862150118686,2580.8545429608785,704.5
1785383001,0,TTFT,S2,6.400000,0.000000,0,0,0,0,0,0,0,0,0,0,0,944,0,360.0,357.0042182049508,271.6862150118686,417.0613830210641,1153.0
1785383001,0,total,S2,6.400000,0.000000,0,0,0,0,0,0,0,0,0,0,0,944,0,2500.0,2259.8010576606366,1834.5366480061784,2580.8545429608785,256.0
1785383001,0,,Aggregated,12.800000,0.000000,0,0,0,0,0,0,0,0,0,0,0,1888,0,420.0,1308.4026379327936,271.6862150118686,2580.8545429608785,704.5
1785383002,0,TTFT,S2,6.400000,0.000000,0,0,0,0,0,0,0,0,0,0,0,944,0,360.0,357.0042182049508,271.6862150118686,417.0613830210641,1153.0
1785383002,0,total,S2,6.400000,0.000000,0,0,0,0,0,0,0,0,0,0,0,944,0,2500.0,2259.8010576606366,1834.5366480061784,2580.8545429608785,256.0
1785383002,0,,Aggregated,12.800000,0.000000,0,0,0,0,0,0,0,0,0,0,0,1888,0,420.0,1308.4026379327936,271.6862150118686,2580.8545429608785,704.5
1785383003,0,TTFT,S2,6.400000,0.000000,0,0,0,0,0,0,0,0,0,0,0,944,0,360.0,357.0042182049508,271.6862150118686,417.0613830210641,1153.0
1785383003,0,total,S2,6.400000,0.000000,0,0,0,0,0,0,0,0,0,0,0,944,0,2500.0,2259.8010576606366,1834.5366480061784,2580.8545429608785,256.0
1785383003,0,,Aggregated,12.800000,0.000000,0,0,0,0,0,0,0,0,0,0,0,1888,0,420.0,1308.4026379327936,271.6862150118686,2580.8545429608785,704.5
1785383004,0,TTFT,S2,6.400000,0.000000,0,0,0,0,0,0,0,0,0,0,0,944,0,360.0,357.0042182049508,271.6862150118686,417.0613830210641,1153.0
1785383004,0,total,S2,6.400000,0.000000,0,0,0,0,0,0,0,0,0,0,0,944,0,2500.0,2259.8010576606366,1834.5366480061784,2580.8545429608785,256.0
1785383004,0,,Aggregated,12.800000,0.000000,0,0,0,0,0,0,0,0,0,0,0,1888,0,420.0,1308.4026379327936,271.6862150118686,2580.8545429608785,704.5
1785383005,0,TTFT,S2,6.400000,0.000000,0,0,0,0,0,0,0,0,0,0,0,944,0,360.0,357.0042182049508,271.6862150118686,417.0613830210641,1153.0
1785383005,0,total,S2,6.400000,0.000000,0,0,0,0,0,0,0,0,0,0,0,944,0,2500.0,2259.8010576606366,1834.5366480061784,2580.8545429608785,256.0
1785383005,0,,Aggregated,12.800000,0.000000,0,0,0,0,0,0,0,0,0,0,0,1888,0,420.0,1308.4026379327936,271.6862150118686,2580.8545429608785,704.5
1785383006,0,TTFT,S2,6.400000,0.000000,0,0,0,0,0,0,0,0,0,0,0,944,0,360.0,357.0042182049508,271.6862150118686,417.0613830210641,1153.0
1785383006,0,total,S2,6.400000,0.000000,0,0,0,0,0,0,0,0,0,0,0,944,0,2500.0,2259.8010576606366,1834.5366480061784,2580.8545429608785,256.0
1785383006,0,,Aggregated,12.800000,0.000000,0,0,0,0,0,0,0,0,0,0,0,1888,0,420.0,1308.4026379327936,271.6862150118686,2580.8545429608785,704.5
1785383007,0,TTFT,S2,6.400000,0.000000,0,0,0,0,0,0,0,0,0,0,0,944,0,360.0,357.0042182049508,271.6862150118686,417.0613830210641,1153.0
1785383007,0,total,S2,6.400000,0.000000,0,0,0,0,0,0,0,0,0,0,0,944,0,2500.0,2259.8010576606366,1834.5366480061784,2580.8545429608785,256.0
1785383007,0,,Aggregated,12.800000,0.000000,0,0,0,0,0,0,0,0,0,0,0,1888,0,420.0,1308.4026379327936,271.6862150118686,2580.8545429608785,704.5
1785383008,0,TTFT,S2,6.400000,0.000000,0,0,0,0,0,0,0,0,0,0,0,944,0,360.0,357.0042182049508,271.6862150118686,417.0613830210641,1153.0
1785383008,0,total,S2,6.400000,0.000000,0,0,0,0,0,0,0,0,0,0,0,944,0,2500.0,2259.8010576606366,1834.5366480061784,2580.8545429608785,256.0
1785383008,0,,Aggregated,12.800000,0.000000,0,0,0,0,0,0,0,0,0,0,0,1888,0,420.0,1308.4026379327936,271.6862150118686,2580.8545429608785,704.5
1785383009,0,TTFT,S2,6.400000,0.000000,0,0,0,0,0,0,0,0,0,0,0,944,0,360.0,357.0042182049508,271.6862150118686,417.0613830210641,1153.0
1785383009,0,total,S2,6.400000,0.000000,0,0,0,0,0,0,0,0,0,0,0,944,0,2500.0,2259.8010576606366,1834.5366480061784,2580.8545429608785,256.0
1785383009,0,,Aggregated,12.800000,0.000000,0,0,0,0,0,0,0,0,0,0,0,1888,0,420.0,1308.4026379327936,271.6862150118686,2580.8545429608785,704.5
1785383010,0,TTFT,S2,6.400000,0.000000,0,0,0,0,0,0,0,0,0,0,0,944,0,360.0,357.0042182049508,271.6862150118686,417.0613830210641,1153.0
1785383010,0,total,S2,6.400000,0.000000,0,0,0,0,0,0,0,0,0,0,0,944,0,2500.0,2259.8010576606366,1834.5366480061784,2580.8545429608785,256.0
1785383010,0,,Aggregated,12.800000,0.000000,0,0,0,0,0,0,0,0,0,0,0,1888,0,420.0,1308.4026379327936,271.6862150118686,2580.8545429608785,704.5
1785383011,0,TTFT,S2,6.400000,0.000000,0,0,0,0,0,0,0,0,0,0,0,944,0,360.0,357.0042182049508,271.6862150118686,417.0613830210641,1153.0
1785383011,0,total,S2,6.400000,0.000000,0,0,0,0,0,0,0,0,0,0,0,944,0,2500.0,2259.8010576606366,1834.5366480061784,2580.8545429608785,256.0
1785383011,0,,Aggregated,12.800000,0.000000,0,0,0,0,0,0,0,0,0,0,0,1888,0,420.0,1308.4026379327936,271.6862150118686,2580.8545429608785,704.5
1785383012,0,TTFT,S2,6.400000,0.000000,0,0,0,0,0,0,0,0,0,0,0,944,0,360.0,357.0042182049508,271.6862150118686,417.0613830210641,1153.0
1785383012,0,total,S2,6.400000,0.000000,0,0,0,0,0,0,0,0,0,0,0,944,0,2500.0,2259.8010576606366,1834.5366480061784,2580.8545429608785,256.0
1785383012,0,,Aggregated,12.800000,0.000000,0,0,0,0,0,0,0,0,0,0,0,1888,0,420.0,1308.4026379327936,271.6862150118686,2580.8545429608785,704.5
1785383013,0,TTFT,S2,6.400000,0.000000,0,0,0,0,0,0,0,0,0,0,0,944,0,360.0,357.0042182049508,271.6862150118686,417.0613830210641,1153.0
1785383013,0,total,S2,6.400000,0.000000,0,0,0,0,0,0,0,0,0,0,0,944,0,2500.0,2259.8010576606366,1834.5366480061784,2580.8545429608785,256.0
1785383013,0,,Aggregated,12.800000,0.000000,0,0,0,0,0,0,0,0,0,0,0,1888,0,420.0,1308.4026379327936,271.6862150118686,2580.8545429608785,704.5
1785383014,0,TTFT,S2,6.400000,0.000000,0,0,0,0,0,0,0,0,0,0,0,944,0,360.0,357.0042182049508,271.6862150118686,417.0613830210641,1153.0
1785383014,0,total,S2,6.400000,0.000000,0,0,0,0,0,0,0,0,0,0,0,944,0,2500.0,2259.8010576606366,1834.5366480061784,2580.8545429608785,256.0
1785383014,0,,Aggregated,12.800000,0.000000,0,0,0,0,0,0,0,0,0,0,0,1888,0,420.0,1308.4026379327936,271.6862150118686,2580.8545429608785,704.5
1785383015,0,TTFT,S2,6.400000,0.000000,0,0,0,0,0,0,0,0,0,0,0,944,0,360.0,357.0042182049508,271.6862150118686,417.0613830210641,1153.0
1785383015,0,total,S2,6.400000,0.000000,0,0,0,0,0,0,0,0,0,0,0,944,0,2500.0,2259.8010576606366,1834.5366480061784,2580.8545429608785,256.0
1785383015,0,,Aggregated,12.800000,0.000000,0,0,0,0,0,0,0,0,0,0,0,1888,0,420.0,1308.4026379327936,271.6862150118686,2580.8545429608785,704.5
1785383016,0,TTFT,S2,6.400000,0.000000,0,0,0,0,0,0,0,0,0,0,0,944,0,360.0,357.0042182049508,271.6862150118686,417.0613830210641,1153.0
1785383016,0,total,S2,6.400000,0.000000,0,0,0,0,0,0,0,0,0,0,0,944,0,2500.0,2259.8010576606366,1834.5366480061784,2580.8545429608785,256.0
1785383016,0,,Aggregated,12.800000,0.000000,0,0,0,0,0,0,0,0,0,0,0,1888,0,420.0,1308.4026379327936,271.6862150118686,2580.8545429608785,704.5
1785383017,0,TTFT,S2,6.400000,0.000000,0,0,0,0,0,0,0,0,0,0,0,944,0,360.0,357.0042182049508,271.6862150118686,417.0613830210641,1153.0
1785383017,0,total,S2,6.400000,0.000000,0,0,0,0,0,0,0,0,0,0,0,944,0,2500.0,2259.8010576606366,1834.5366480061784,2580.8545429608785,256.0
1785383017,0,,Aggregated,12.800000,0.000000,0,0,0,0,0,0,0,0,0,0,0,1888,0,420.0,1308.4026379327936,271.6862150118686,2580.8545429608785,704.5
1785383018,0,TTFT,S2,6.400000,0.000000,0,0,0,0,0,0,0,0,0,0,0,944,0,360.0,357.0042182049508,271.6862150118686,417.0613830210641,1153.0
1785383018,0,total,S2,6.400000,0.000000,0,0,0,0,0,0,0,0,0,0,0,944,0,2500.0,2259.8010576606366,1834.5366480061784,2580.8545429608785,256.0
1785383018,0,,Aggregated,12.800000,0.000000,0,0,0,0,0,0,0,0,0,0,0,1888,0,420.0,1308.4026379327936,271.6862150118686,2580.8545429608785,704.5
1785383019,0,TTFT,S2,6.400000,0.000000,0,0,0,0,0,0,0,0,0,0,0,944,0,360.0,357.0042182049508,271.6862150118686,417.0613830210641,1153.0
1785383019,0,total,S2,6.400000,0.000000,0,0,0,0,0,0,0,0,0,0,0,944,0,2500.0,2259.8010576606366,1834.5366480061784,2580.8545429608785,256.0
1785383019,0,,Aggregated,12.800000,0.000000,0,0,0,0,0,0,0,0,0,0,0,1888,0,420.0,1308.4026379327936,271.6862150118686,2580.8545429608785,704.5
1785383020,0,TTFT,S2,6.400000,0.000000,0,0,0,0,0,0,0,0,0,0,0,944,0,360.0,357.0042182049508,271.6862150118686,417.0613830210641,1153.0
1785383020,0,total,S2,6.400000,0.000000,0,0,0,0,0,0,0,0,0,0,0,944,0,2500.0,2259.8010576606366,1834.5366480061784,2580.8545429608785,256.0
1785383020,0,,Aggregated,12.800000,0.000000,0,0,0,0,0,0,0,0,0,0,0,1888,0,420.0,1308.4026379327936,271.6862150118686,2580.8545429608785,704.5
1785383021,0,TTFT,S2,6.400000,0.000000,0,0,0,0,0,0,0,0,0,0,0,944,0,360.0,357.0042182049508,271.6862150118686,417.0613830210641,1153.0
1785383021,0,total,S2,6.400000,0.000000,0,0,0,0,0,0,0,0,0,0,0,944,0,2500.0,2259.8010576606366,1834.5366480061784,2580.8545429608785,256.0
1785383021,0,,Aggregated,12.800000,0.000000,0,0,0,0,0,0,0,0,0,0,0,1888,0,420.0,1308.4026379327936,271.6862150118686,2580.8545429608785,704.5
1785383022,0,TTFT,S2,6.400000,0.000000,0,0,0,0,0,0,0,0,0,0,0,944,0,360.0,357.0042182049508,271.6862150118686,417.0613830210641,1153.0
1785383022,0,total,S2,6.400000,0.000000,0,0,0,0,0,0,0,0,0,0,0,944,0,2500.0,2259.8010576606366,1834.5366480061784,2580.8545429608785,256.0
1785383022,0,,Aggregated,12.800000,0.000000,0,0,0,0,0,0,0,0,0,0,0,1888,0,420.0,1308.4026379327936,271.6862150118686,2580.8545429608785,704.5
1785383023,0,TTFT,S2,6.400000,0.000000,0,0,0,0,0,0,0,0,0,0,0,944,0,360.0,357.0042182049508,271.6862150118686,417.0613830210641,1153.0
1785383023,0,total,S2,6.400000,0.000000,0,0,0,0,0,0,0,0,0,0,0,944,0,2500.0,2259.8010576606366,1834.5366480061784,2580.8545429608785,256.0
1785383023,0,,Aggregated,12.800000,0.000000,0,0,0,0,0,0,0,0,0,0,0,1888,0,420.0,1308.4026379327936,271.6862150118686,2580.8545429608785,704.5
1785383024,0,TTFT,S2,6.400000,0.000000,0,0,0,0,0,0,0,0,0,0,0,944,0,360.0,357.0042182049508,271.6862150118686,417.0613830210641,1153.0
1785383024,0,total,S2,6.400000,0.000000,0,0,0,0,0,0,0,0,0,0,0,944,0,2500.0,2259.8010576606366,1834.5366480061784,2580.8545429608785,256.0
1785383024,0,,Aggregated,12.800000,0.000000,0,0,0,0,0,0,0,0,0,0,0,1888,0,420.0,1308.4026379327936,271.6862150118686,2580.8545429608785,704.5
1785383025,0,TTFT,S2,6.400000,0.000000,0,0,0,0,0,0,0,0,0,0,0,944,0,360.0,357.0042182049508,271.6862150118686,417.0613830210641,1153.0
1785383025,0,total,S2,6.400000,0.000000,0,0,0,0,0,0,0,0,0,0,0,944,0,2500.0,2259.8010576606366,1834.5366480061784,2580.8545429608785,256.0
1785383025,0,,Aggregated,12.800000,0.000000,0,0,0,0,0,0,0,0,0,0,0,1888,0,420.0,1308.4026379327936,271.6862150118686,2580.8545429608785,704.5
1785383026,0,TTFT,S2,6.400000,0.000000,0,0,0,0,0,0,0,0,0,0,0,944,0,360.0,357.0042182049508,271.6862150118686,417.0613830210641,1153.0
1785383026,0,total,S2,6.400000,0.000000,0,0,0,0,0,0,0,0,0,0,0,944,0,2500.0,2259.8010576606366,1834.5366480061784,2580.8545429608785,256.0
1785383026,0,,Aggregated,12.800000,0.000000,0,0,0,0,0,0,0,0,0,0,0,1888,0,420.0,1308.4026379327936,271.6862150118686,2580.8545429608785,704.5
1785383027,0,TTFT,S2,6.400000,0.000000,0,0,0,0,0,0,0,0,0,0,0,944,0,360.0,357.0042182049508,271.6862150118686,417.0613830210641,1153.0
1785383027,0,total,S2,6.400000,0.000000,0,0,0,0,0,0,0,0,0,0,0,944,0,2500.0,2259.8010576606366,1834.5366480061784,2580.8545429608785,256.0
1785383027,0,,Aggregated,12.800000,0.000000,0,0,0,0,0,0,0,0,0,0,0,1888,0,420.0,1308.4026379327936,271.6862150118686,2580.8545429608785,704.5
1785383028,0,TTFT,S2,6.400000,0.000000,0,0,0,0,0,0,0,0,0,0,0,944,0,360.0,357.0042182049508,271.6862150118686,417.0613830210641,1153.0
1785383028,0,total,S2,6.400000,0.000000,0,0,0,0,0,0,0,0,0,0,0,944,0,2500.0,2259.8010576606366,1834.5366480061784,2580.8545429608785,256.0
1785383028,0,,Aggregated,12.800000,0.000000,0,0,0,0,0,0,0,0,0,0,0,1888,0,420.0,1308.4026379327936,271.6862150118686,2580.8545429608785,704.5
1785383029,0,TTFT,S2,6.400000,0.000000,0,0,0,0,0,0,0,0,0,0,0,944,0,360.0,357.0042182049508,271.6862150118686,417.0613830210641,1153.0
1785383029,0,total,S2,6.400000,0.000000,0,0,0,0,0,0,0,0,0,0,0,944,0,2500.0,2259.8010576606366,1834.5366480061784,2580.8545429608785,256.0
1785383029,0,,Aggregated,12.800000,0.000000,0,0,0,0,0,0,0,0,0,0,0,1888,0,420.0,1308.4026379327936,271.6862150118686,2580.8545429608785,704.5
1785383030,0,TTFT,S2,6.400000,0.000000,0,0,0,0,0,0,0,0,0,0,0,944,0,360.0,357.0042182049508,271.6862150118686,417.0613830210641,1153.0
1785383030,0,total,S2,6.400000,0.000000,0,0,0,0,0,0,0,0,0,0,0,944,0,2500.0,2259.8010576606366,1834.5366480061784,2580.8545429608785,256.0
1785383030,0,,Aggregated,12.800000,0.000000,0,0,0,0,0,0,0,0,0,0,0,1888,0,420.0,1308.4026379327936,271.6862150118686,2580.8545429608785,704.5
1785383031,0,TTFT,S2,6.400000,0.000000,0,0,0,0,0,0,0,0,0,0,0,944,0,360.0,357.0042182049508,271.6862150118686,417.0613830210641,1153.0
1785383031,0,total,S2,6.400000,0.000000,0,0,0,0,0,0,0,0,0,0,0,944,0,2500.0,2259.8010576606366,1834.5366480061784,2580.8545429608785,256.0
1785383031,0,,Aggregated,12.800000,0.000000,0,0,0,0,0,0,0,0,0,0,0,1888,0,420.0,1308.4026379327936,271.6862150118686,2580.8545429608785,704.5
1785383032,0,TTFT,S2,6.400000,0.000000,0,0,0,0,0,0,0,0,0,0,0,944,0,360.0,357.0042182049508,271.6862150118686,417.0613830210641,1153.0
1785383032,0,total,S2,6.400000,0.000000,0,0,0,0,0,0,0,0,0,0,0,944,0,2500.0,2259.8010576606366,1834.5366480061784,2580.8545429608785,256.0
1785383032,0,,Aggregated,12.800000,0.000000,0,0,0,0,0,0,0,0,0,0,0,1888,0,420.0,1308.4026379327936,271.6862150118686,2580.8545429608785,704.5
1785383033,0,TTFT,S2,6.400000,0.000000,0,0,0,0,0,0,0,0,0,0,0,944,0,360.0,357.0042182049508,271.6862150118686,417.0613830210641,1153.0
1785383033,0,total,S2,6.400000,0.000000,0,0,0,0,0,0,0,0,0,0,0,944,0,2500.0,2259.8010576606366,1834.5366480061784,2580.8545429608785,256.0
1785383033,0,,Aggregated,12.800000,0.000000,0,0,0,0,0,0,0,0,0,0,0,1888,0,420.0,1308.4026379327936,271.6862150118686,2580.8545429608785,704.5
1785383034,0,TTFT,S2,6.400000,0.000000,0,0,0,0,0,0,0,0,0,0,0,944,0,360.0,357.0042182049508,271.6862150118686,417.0613830210641,1153.0
1785383034,0,total,S2,6.400000,0.000000,0,0,0,0,0,0,0,0,0,0,0,944,0,2500.0,2259.8010576606366,1834.5366480061784,2580.8545429608785,256.0
1785383034,0,,Aggregated,12.800000,0.000000,0,0,0,0,0,0,0,0,0,0,0,1888,0,420.0,1308.4026379327936,271.6862150118686,2580.8545429608785,704.5
1785383035,0,TTFT,S2,6.400000,0.000000,0,0,0,0,0,0,0,0,0,0,0,944,0,360.0,357.0042182049508,271.6862150118686,417.0613830210641,1153.0
1785383035,0,total,S2,6.400000,0.000000,0,0,0,0,0,0,0,0,0,0,0,944,0,2500.0,2259.8010576606366,1834.5366480061784,2580.8545429608785,256.0
1785383035,0,,Aggregated,12.800000,0.000000,0,0,0,0,0,0,0,0,0,0,0,1888,0,420.0,1308.4026379327936,271.6862150118686,2580.8545429608785,704.5
1785383036,0,TTFT,S2,6.400000,0.000000,0,0,0,0,0,0,0,0,0,0,0,944,0,360.0,357.0042182049508,271.6862150118686,417.0613830210641,1153.0
1785383036,0,total,S2,6.400000,0.000000,0,0,0,0,0,0,0,0,0,0,0,944,0,2500.0,2259.8010576606366,1834.5366480061784,2580.8545429608785,256.0
1785383036,0,,Aggregated,12.800000,0.000000,0,0,0,0,0,0,0,0,0,0,0,1888,0,420.0,1308.4026379327936,271.6862150118686,2580.8545429608785,704.5
1785383037,0,TTFT,S2,6.400000,0.000000,0,0,0,0,0,0,0,0,0,0,0,944,0,360.0,357.0042182049508,271.6862150118686,417.0613830210641,1153.0
1785383037,0,total,S2,6.400000,0.000000,0,0,0,0,0,0,0,0,0,0,0,944,0,2500.0,2259.8010576606366,1834.5366480061784,2580.8545429608785,256.0
1785383037,0,,Aggregated,12.800000,0.000000,0,0,0,0,0,0,0,0,0,0,0,1888,0,420.0,1308.4026379327936,271.6862150118686,2580.8545429608785,704.5
1785383038,0,TTFT,S2,6.400000,0.000000,0,0,0,0,0,0,0,0,0,0,0,944,0,360.0,357.0042182049508,271.6862150118686,417.0613830210641,1153.0
1785383038,0,total,S2,6.400000,0.000000,0,0,0,0,0,0,0,0,0,0,0,944,0,2500.0,2259.8010576606366,1834.5366480061784,2580.8545429608785,256.0
1785383038,0,,Aggregated,12.800000,0.000000,0,0,0,0,0,0,0,0,0,0,0,1888,0,420.0,1308.4026379327936,271.6862150118686,2580.8545429608785,704.5
1785383039,0,TTFT,S2,6.400000,0.000000,0,0,0,0,0,0,0,0,0,0,0,944,0,360.0,357.0042182049508,271.6862150118686,417.0613830210641,1153.0
1785383039,0,total,S2,6.400000,0.000000,0,0,0,0,0,0,0,0,0,0,0,944,0,2500.0,2259.8010576606366,1834.5366480061784,2580.8545429608785,256.0
1785383039,0,,Aggregated,12.800000,0.000000,0,0,0,0,0,0,0,0,0,0,0,1888,0,420.0,1308.4026379327936,271.6862150118686,2580.8545429608785,704.5
1785383040,0,TTFT,S2,6.400000,0.000000,0,0,0,0,0,0,0,0,0,0,0,944,0,360.0,357.0042182049508,271.6862150118686,417.0613830210641,1153.0
1785383040,0,total,S2,6.400000,0.000000,0,0,0,0,0,0,0,0,0,0,0,944,0,2500.0,2259.8010576606366,1834.5366480061784,2580.8545429608785,256.0
1785383040,0,,Aggregated,12.800000,0.000000,0,0,0,0,0,0,0,0,0,0,0,1888,0,420.0,1308.4026379327936,271.6862150118686,2580.8545429608785,704.5
1785383041,0,TTFT,S2,6.400000,0.000000,0,0,0,0,0,0,0,0,0,0,0,944,0,360.0,357.0042182049508,271.6862150118686,417.0613830210641,1153.0
1785383041,0,total,S2,6.400000,0.000000,0,0,0,0,0,0,0,0,0,0,0,944,0,2500.0,2259.8010576606366,1834.5366480061784,2580.8545429608785,256.0
1785383041,0,,Aggregated,12.800000,0.000000,0,0,0,0,0,0,0,0,0,0,0,1888,0,420.0,1308.4026379327936,271.6862150118686,2580.8545429608785,704.5
1785383042,0,TTFT,S2,6.400000,0.000000,0,0,0,0,0,0,0,0,0,0,0,944,0,360.0,357.0042182049508,271.6862150118686,417.0613830210641,1153.0
1785383042,0,total,S2,6.400000,0.000000,0,0,0,0,0,0,0,0,0,0,0,944,0,2500.0,2259.8010576606366,1834.5366480061784,2580.8545429608785,256.0
1785383042,0,,Aggregated,12.800000,0.000000,0,0,0,0,0,0,0,0,0,0,0,1888,0,420.0,1308.4026379327936,271.6862150118686,2580.8545429608785,704.5
1785383043,0,TTFT,S2,6.400000,0.000000,0,0,0,0,0,0,0,0,0,0,0,944,0,360.0,357.0042182049508,271.6862150118686,417.0613830210641,1153.0
1785383043,0,total,S2,6.400000,0.000000,0,0,0,0,0,0,0,0,0,0,0,944,0,2500.0,2259.8010576606366,1834.5366480061784,2580.8545429608785,256.0
1785383043,0,,Aggregated,12.800000,0.000000,0,0,0,0,0,0,0,0,0,0,0,1888,0,420.0,1308.4026379327936,271.6862150118686,2580.8545429608785,704.5
1785383044,0,TTFT,S2,6.400000,0.000000,0,0,0,0,0,0,0,0,0,0,0,944,0,360.0,357.0042182049508,271.6862150118686,417.0613830210641,1153.0
1785383044,0,total,S2,6.400000,0.000000,0,0,0,0,0,0,0,0,0,0,0,944,0,2500.0,2259.8010576606366,1834.5366480061784,2580.8545429608785,256.0
1785383044,0,,Aggregated,12.800000,0.000000,0,0,0,0,0,0,0,0,0,0,0,1888,0,420.0,1308.4026379327936,271.6862150118686,2580.8545429608785,704.5
1785383045,0,TTFT,S2,6.400000,0.000000,0,0,0,0,0,0,0,0,0,0,0,944,0,360.0,357.0042182049508,271.6862150118686,417.0613830210641,1153.0
1785383045,0,total,S2,6.400000,0.000000,0,0,0,0,0,0,0,0,0,0,0,944,0,2500.0,2259.8010576606366,1834.5366480061784,2580.8545429608785,256.0
1785383045,0,,Aggregated,12.800000,0.000000,0,0,0,0,0,0,0,0,0,0,0,1888,0,420.0,1308.4026379327936,271.6862150118686,2580.8545429608785,704.5
1785383046,0,TTFT,S2,6.400000,0.000000,0,0,0,0,0,0,0,0,0,0,0,944,0,360.0,357.0042182049508,271.6862150118686,417.0613830210641,1153.0
1785383046,0,total,S2,6.400000,0.000000,0,0,0,0,0,0,0,0,0,0,0,944,0,2500.0,2259.8010576606366,1834.5366480061784,2580.8545429608785,256.0
1785383046,0,,Aggregated,12.800000,0.000000,0,0,0,0,0,0,0,0,0,0,0,1888,0,420.0,1308.4026379327936,271.6862150118686,2580.8545429608785,704.5
1785383047,0,TTFT,S2,6.400000,0.000000,0,0,0,0,0,0,0,0,0,0,0,944,0,360.0,357.0042182049508,271.6862150118686,417.0613830210641,1153.0
1785383047,0,total,S2,6.400000,0.000000,0,0,0,0,0,0,0,0,0,0,0,944,0,2500.0,2259.8010576606366,1834.5366480061784,2580.8545429608785,256.0
1785383047,0,,Aggregated,12.800000,0.000000,0,0,0,0,0,0,0,0,0,0,0,1888,0,420.0,1308.4026379327936,271.6862150118686,2580.8545429608785,704.5
1785383048,0,TTFT,S2,6.400000,0.000000,0,0,0,0,0,0,0,0,0,0,0,944,0,360.0,357.0042182049508,271.6862150118686,417.0613830210641,1153.0
1785383048,0,total,S2,6.400000,0.000000,0,0,0,0,0,0,0,0,0,0,0,944,0,2500.0,2259.8010576606366,1834.5366480061784,2580.8545429608785,256.0
1785383048,0,,Aggregated,12.800000,0.000000,0,0,0,0,0,0,0,0,0,0,0,1888,0,420.0,1308.4026379327936,271.6862150118686,2580.8545429608785,704.5
1785383049,0,TTFT,S2,6.400000,0.000000,0,0,0,0,0,0,0,0,0,0,0,944,0,360.0,357.0042182049508,271.6862150118686,417.0613830210641,1153.0
1785383049,0,total,S2,6.400000,0.000000,0,0,0,0,0,0,0,0,0,0,0,944,0,2500.0,2259.8010576606366,1834.5366480061784,2580.8545429608785,256.0
1785383049,0,,Aggregated,12.800000,0.000000,0,0,0,0,0,0,0,0,0,0,0,1888,0,420.0,1308.4026379327936,271.6862150118686,2580.8545429608785,704.5
1785383050,0,TTFT,S2,6.400000,0.000000,0,0,0,0,0,0,0,0,0,0,0,944,0,360.0,357.0042182049508,271.6862150118686,417.0613830210641,1153.0
1785383050,0,total,S2,6.400000,0.000000,0,0,0,0,0,0,0,0,0,0,0,944,0,2500.0,2259.8010576606366,1834.5366480061784,2580.8545429608785,256.0
1785383050,0,,Aggregated,12.800000,0.000000,0,0,0,0,0,0,0,0,0,0,0,1888,0,420.0,1308.4026379327936,271.6862150118686,2580.8545429608785,704.5
1785383051,0,TTFT,S2,6.400000,0.000000,0,0,0,0,0,0,0,0,0,0,0,944,0,360.0,357.0042182049508,271.6862150118686,417.0613830210641,1153.0
1785383051,0,total,S2,6.400000,0.000000,0,0,0,0,0,0,0,0,0,0,0,944,0,2500.0,2259.8010576606366,1834.5366480061784,2580.8545429608785,256.0
1785383051,0,,Aggregated,12.800000,0.000000,0,0,0,0,0,0,0,0,0,0,0,1888,0,420.0,1308.4026379327936,271.6862150118686,2580.8545429608785,704.5
1785383052,0,TTFT,S2,6.400000,0.000000,0,0,0,0,0,0,0,0,0,0,0,944,0,360.0,357.0042182049508,271.6862150118686,417.0613830210641,1153.0
1785383052,0,total,S2,6.400000,0.000000,0,0,0,0,0,0,0,0,0,0,0,944,0,2500.0,2259.8010576606366,1834.5366480061784,2580.8545429608785,256.0
1785383052,0,,Aggregated,12.800000,0.000000,0,0,0,0,0,0,0,0,0,0,0,1888,0,420.0,1308.4026379327936,271.6862150118686,2580.8545429608785,704.5
1785383053,0,TTFT,S2,6.400000,0.000000,0,0,0,0,0,0,0,0,0,0,0,944,0,360.0,357.0042182049508,271.6862150118686,417.0613830210641,1153.0
1785383053,0,total,S2,6.400000,0.000000,0,0,0,0,0,0,0,0,0,0,0,944,0,2500.0,2259.8010576606366,1834.5366480061784,2580.8545429608785,256.0
1785383053,0,,Aggregated,12.800000,0.000000,0,0,0,0,0,0,0,0,0,0,0,1888,0,420.0,1308.4026379327936,271.6862150118686,2580.8545429608785,704.5
1785383054,0,TTFT,S2,6.400000,0.000000,0,0,0,0,0,0,0,0,0,0,0,944,0,360.0,357.0042182049508,271.6862150118686,417.0613830210641,1153.0
1785383054,0,total,S2,6.400000,0.000000,0,0,0,0,0,0,0,0,0,0,0,944,0,2500.0,2259.8010576606366,1834.5366480061784,2580.8545429608785,256.0
1785383054,0,,Aggregated,12.800000,0.000000,0,0,0,0,0,0,0,0,0,0,0,1888,0,420.0,1308.4026379327936,271.6862150118686,2580.8545429608785,704.5
1785383055,0,TTFT,S2,6.400000,0.000000,0,0,0,0,0,0,0,0,0,0,0,944,0,360.0,357.0042182049508,271.6862150118686,417.0613830210641,1153.0
1785383055,0,total,S2,6.400000,0.000000,0,0,0,0,0,0,0,0,0,0,0,944,0,2500.0,2259.8010576606366,1834.5366480061784,2580.8545429608785,256.0
1785383055,0,,Aggregated,12.800000,0.000000,0,0,0,0,0,0,0,0,0,0,0,1888,0,420.0,1308.4026379327936,271.6862150118686,2580.8545429608785,704.5
1785383056,0,TTFT,S2,6.400000,0.000000,0,0,0,0,0,0,0,0,0,0,0,944,0,360.0,357.0042182049508,271.6862150118686,417.0613830210641,1153.0
1785383056,0,total,S2,6.400000,0.000000,0,0,0,0,0,0,0,0,0,0,0,944,0,2500.0,2259.8010576606366,1834.5366480061784,2580.8545429608785,256.0
1785383056,0,,Aggregated,12.800000,0.000000,0,0,0,0,0,0,0,0,0,0,0,1888,0,420.0,1308.4026379327936,271.6862150118686,2580.8545429608785,704.5
1785383057,0,TTFT,S2,6.400000,0.000000,0,0,0,0,0,0,0,0,0,0,0,944,0,360.0,357.0042182049508,271.6862150118686,417.0613830210641,1153.0
1785383057,0,total,S2,6.400000,0.000000,0,0,0,0,0,0,0,0,0,0,0,944,0,2500.0,2259.8010576606366,1834.5366480061784,2580.8545429608785,256.0
1785383057,0,,Aggregated,12.800000,0.000000,0,0,0,0,0,0,0,0,0,0,0,1888,0,420.0,1308.4026379327936,271.6862150118686,2580.8545429608785,704.5
1785383058,0,TTFT,S2,6.400000,0.000000,0,0,0,0,0,0,0,0,0,0,0,944,0,360.0,357.0042182049508,271.6862150118686,417.0613830210641,1153.0
1785383058,0,total,S2,6.400000,0.000000,0,0,0,0,0,0,0,0,0,0,0,944,0,2500.0,2259.8010576606366,1834.5366480061784,2580.8545429608785,256.0
1785383058,0,,Aggregated,12.800000,0.000000,0,0,0,0,0,0,0,0,0,0,0,1888,0,420.0,1308.4026379327936,271.6862150118686,2580.8545429608785,704.5
1785383059,0,TTFT,S2,6.400000,0.000000,0,0,0,0,0,0,0,0,0,0,0,944,0,360.0,357.0042182049508,271.6862150118686,417.0613830210641,1153.0
1785383059,0,total,S2,6.400000,0.000000,0,0,0,0,0,0,0,0,0,0,0,944,0,2500.0,2259.8010576606366,1834.5366480061784,2580.8545429608785,256.0
1785383059,0,,Aggregated,12.800000,0.000000,0,0,0,0,0,0,0,0,0,0,0,1888,0,420.0,1308.4026379327936,271.6862150118686,2580.8545429608785,704.5
1785383060,0,TTFT,S2,6.400000,0.000000,0,0,0,0,0,0,0,0,0,0,0,944,0,360.0,357.0042182049508,271.6862150118686,417.0613830210641,1153.0
1785383060,0,total,S2,6.400000,0.000000,0,0,0,0,0,0,0,0,0,0,0,944,0,2500.0,2259.8010576606366,1834.5366480061784,2580.8545429608785,256.0
1785383060,0,,Aggregated,12.800000,0.000000,0,0,0,0,0,0,0,0,0,0,0,1888,0,420.0,1308.4026379327936,271.6862150118686,2580.8545429608785,704.5
1785383061,0,TTFT,S2,6.400000,0.000000,0,0,0,0,0,0,0,0,0,0,0,944,0,360.0,357.0042182049508,271.6862150118686,417.0613830210641,1153.0
1785383061,0,total,S2,6.400000,0.000000,0,0,0,0,0,0,0,0,0,0,0,944,0,2500.0,2259.8010576606366,1834.5366480061784,2580.8545429608785,256.0
1785383061,0,,Aggregated,12.800000,0.000000,0,0,0,0,0,0,0,0,0,0,0,1888,0,420.0,1308.4026379327936,271.6862150118686,2580.8545429608785,704.5
1785383062,0,TTFT,S2,6.400000,0.000000,0,0,0,0,0,0,0,0,0,0,0,944,0,360.0,357.0042182049508,271.6862150118686,417.0613830210641,1153.0
1785383062,0,total,S2,6.400000,0.000000,0,0,0,0,0,0,0,0,0,0,0,944,0,2500.0,2259.8010576606366,1834.5366480061784,2580.8545429608785,256.0
1785383062,0,,Aggregated,12.800000,0.000000,0,0,0,0,0,0,0,0,0,0,0,1888,0,420.0,1308.4026379327936,271.6862150118686,2580.8545429608785,704.5
1785383063,0,TTFT,S2,6.400000,0.000000,0,0,0,0,0,0,0,0,0,0,0,944,0,360.0,357.0042182049508,271.6862150118686,417.0613830210641,1153.0
1785383063,0,total,S2,6.400000,0.000000,0,0,0,0,0,0,0,0,0,0,0,944,0,2500.0,2259.8010576606366,1834.5366480061784,2580.8545429608785,256.0
1785383063,0,,Aggregated,12.800000,0.000000,0,0,0,0,0,0,0,0,0,0,0,1888,0,420.0,1308.4026379327936,271.6862150118686,2580.8545429608785,704.5
1785383064,0,TTFT,S2,6.400000,0.000000,0,0,0,0,0,0,0,0,0,0,0,944,0,360.0,357.0042182049508,271.6862150118686,417.0613830210641,1153.0
1785383064,0,total,S2,6.400000,0.000000,0,0,0,0,0,0,0,0,0,0,0,944,0,2500.0,2259.8010576606366,1834.5366480061784,2580.8545429608785,256.0
1785383064,0,,Aggregated,12.800000,0.000000,0,0,0,0,0,0,0,0,0,0,0,1888,0,420.0,1308.4026379327936,271.6862150118686,2580.8545429608785,704.5
1785383065,0,TTFT,S2,6.400000,0.000000,0,0,0,0,0,0,0,0,0,0,0,944,0,360.0,357.0042182049508,271.6862150118686,417.0613830210641,1153.0
1785383065,0,total,S2,6.400000,0.000000,0,0,0,0,0,0,0,0,0,0,0,944,0,2500.0,2259.8010576606366,1834.5366480061784,2580.8545429608785,256.0
1785383065,0,,Aggregated,12.800000,0.000000,0,0,0,0,0,0,0,0,0,0,0,1888,0,420.0,1308.4026379327936,271.6862150118686,2580.8545429608785,704.5
1785383066,0,TTFT,S2,6.400000,0.000000,0,0,0,0,0,0,0,0,0,0,0,944,0,360.0,357.0042182049508,271.6862150118686,417.0613830210641,1153.0
1785383066,0,total,S2,6.400000,0.000000,0,0,0,0,0,0,0,0,0,0,0,944,0,2500.0,2259.8010576606366,1834.5366480061784,2580.8545429608785,256.0
1785383066,0,,Aggregated,12.800000,0.000000,0,0,0,0,0,0,0,0,0,0,0,1888,0,420.0,1308.4026379327936,271.6862150118686,2580.8545429608785,704.5
1785383067,0,TTFT,S2,6.400000,0.000000,0,0,0,0,0,0,0,0,0,0,0,944,0,360.0,357.0042182049508,271.6862150118686,417.0613830210641,1153.0
1785383067,0,total,S2,6.400000,0.000000,0,0,0,0,0,0,0,0,0,0,0,944,0,2500.0,2259.8010576606366,1834.5366480061784,2580.8545429608785,256.0
1785383067,0,,Aggregated,12.800000,0.000000,0,0,0,0,0,0,0,0,0,0,0,1888,0,420.0,1308.4026379327936,271.6862150118686,2580.8545429608785,704.5
1785383068,0,TTFT,S2,6.400000,0.000000,0,0,0,0,0,0,0,0,0,0,0,944,0,360.0,357.0042182049508,271.6862150118686,417.0613830210641,1153.0
1785383068,0,total,S2,6.400000,0.000000,0,0,0,0,0,0,0,0,0,0,0,944,0,2500.0,2259.8010576606366,1834.5366480061784,2580.8545429608785,256.0
1785383068,0,,Aggregated,12.800000,0.000000,0,0,0,0,0,0,0,0,0,0,0,1888,0,420.0,1308.4026379327936,271.6862150118686,2580.8545429608785,704.5
1785383069,0,TTFT,S2,6.400000,0.000000,0,0,0,0,0,0,0,0,0,0,0,944,0,360.0,357.0042182049508,271.6862150118686,417.0613830210641,1153.0
1785383069,0,total,S2,6.400000,0.000000,0,0,0,0,0,0,0,0,0,0,0,944,0,2500.0,2259.8010576606366,1834.5366480061784,2580.8545429608785,256.0
1785383069,0,,Aggregated,12.800000,0.000000,0,0,0,0,0,0,0,0,0,0,0,1888,0,420.0,1308.4026379327936,271.6862150118686,2580.8545429608785,704.5
1785383070,0,TTFT,S2,6.400000,0.000000,0,0,0,0,0,0,0,0,0,0,0,944,0,360.0,357.0042182049508,271.6862150118686,417.0613830210641,1153.0
1785383070,0,total,S2,6.400000,0.000000,0,0,0,0,0,0,0,0,0,0,0,944,0,2500.0,2259.8010576606366,1834.5366480061784,2580.8545429608785,256.0
1785383070,0,,Aggregated,12.800000,0.000000,0,0,0,0,0,0,0,0,0,0,0,1888,0,420.0,1308.4026379327936,271.6862150118686,2580.8545429608785,704.5
1785383071,0,TTFT,S2,6.400000,0.000000,0,0,0,0,0,0,0,0,0,0,0,944,0,360.0,357.0042182049508,271.6862150118686,417.0613830210641,1153.0
1785383071,0,total,S2,6.400000,0.000000,0,0,0,0,0,0,0,0,0,0,0,944,0,2500.0,2259.8010576606366,1834.5366480061784,2580.8545429608785,256.0
1785383071,0,,Aggregated,12.800000,0.000000,0,0,0,0,0,0,0,0,0,0,0,1888,0,420.0,1308.4026379327936,271.6862150118686,2580.8545429608785,704.5
1785383072,0,TTFT,S2,6.400000,0.000000,0,0,0,0,0,0,0,0,0,0,0,944,0,360.0,357.0042182049508,271.6862150118686,417.0613830210641,1153.0
1785383072,0,total,S2,6.400000,0.000000,0,0,0,0,0,0,0,0,0,0,0,944,0,2500.0,2259.8010576606366,1834.5366480061784,2580.8545429608785,256.0
1785383072,0,,Aggregated,12.800000,0.000000,0,0,0,0,0,0,0,0,0,0,0,1888,0,420.0,1308.4026379327936,271.6862150118686,2580.8545429608785,704.5
1785383073,0,TTFT,S2,6.400000,0.000000,0,0,0,0,0,0,0,0,0,0,0,944,0,360.0,357.0042182049508,271.6862150118686,417.0613830210641,1153.0
1785383073,0,total,S2,6.400000,0.000000,0,0,0,0,0,0,0,0,0,0,0,944,0,2500.0,2259.8010576606366,1834.5366480061784,2580.8545429608785,256.0
1785383073,0,,Aggregated,12.800000,0.000000,0,0,0,0,0,0,0,0,0,0,0,1888,0,420.0,1308.4026379327936,271.6862150118686,2580.8545429608785,704.5
1785383074,0,TTFT,S2,6.400000,0.000000,0,0,0,0,0,0,0,0,0,0,0,944,0,360.0,357.0042182049508,271.6862150118686,417.0613830210641,1153.0
1785383074,0,total,S2,6.400000,0.000000,0,0,0,0,0,0,0,0,0,0,0,944,0,2500.0,2259.8010576606366,1834.5366480061784,2580.8545429608785,256.0
1785383074,0,,Aggregated,12.800000,0.000000,0,0,0,0,0,0,0,0,0,0,0,1888,0,420.0,1308.4026379327936,271.6862150118686,2580.8545429608785,704.5
1785383075,0,TTFT,S2,6.400000,0.000000,0,0,0,0,0,0,0,0,0,0,0,944,0,360.0,357.0042182049508,271.6862150118686,417.0613830210641,1153.0
1785383075,0,total,S2,6.400000,0.000000,0,0,0,0,0,0,0,0,0,0,0,944,0,2500.0,2259.8010576606366,1834.5366480061784,2580.8545429608785,256.0
1785383075,0,,Aggregated,12.800000,0.000000,0,0,0,0,0,0,0,0,0,0,0,1888,0,420.0,1308.4026379327936,271.6862150118686,2580.8545429608785,704.5
1785383076,0,TTFT,S2,6.400000,0.000000,0,0,0,0,0,0,0,0,0,0,0,944,0,360.0,357.0042182049508,271.6862150118686,417.0613830210641,1153.0
1785383076,0,total,S2,6.400000,0.000000,0,0,0,0,0,0,0,0,0,0,0,944,0,2500.0,2259.8010576606366,1834.5366480061784,2580.8545429608785,256.0
1785383076,0,,Aggregated,12.800000,0.000000,0,0,0,0,0,0,0,0,0,0,0,1888,0,420.0,1308.4026379327936,271.6862150118686,2580.8545429608785,704.5
1785383077,0,TTFT,S2,6.400000,0.000000,0,0,0,0,0,0,0,0,0,0,0,944,0,360.0,357.0042182049508,271.6862150118686,417.0613830210641,1153.0
1785383077,0,total,S2,6.400000,0.000000,0,0,0,0,0,0,0,0,0,0,0,944,0,2500.0,2259.8010576606366,1834.5366480061784,2580.8545429608785,256.0
1785383077,0,,Aggregated,12.800000,0.000000,0,0,0,0,0,0,0,0,0,0,0,1888,0,420.0,1308.4026379327936,271.6862150118686,2580.8545429608785,704.5
1785383078,0,TTFT,S2,6.400000,0.000000,0,0,0,0,0,0,0,0,0,0,0,944,0,360.0,357.0042182049508,271.6862150118686,417.0613830210641,1153.0
1785383078,0,total,S2,6.400000,0.000000,0,0,0,0,0,0,0,0,0,0,0,944,0,2500.0,2259.8010576606366,1834.5366480061784,2580.8545429608785,256.0
1785383078,0,,Aggregated,12.800000,0.000000,0,0,0,0,0,0,0,0,0,0,0,1888,0,420.0,1308.4026379327936,271.6862150118686,2580.8545429608785,704.5
1785383079,0,TTFT,S2,6.400000,0.000000,0,0,0,0,0,0,0,0,0,0,0,944,0,360.0,357.0042182049508,271.6862150118686,417.0613830210641,1153.0
1785383079,0,total,S2,6.400000,0.000000,0,0,0,0,0,0,0,0,0,0,0,944,0,2500.0,2259.8010576606366,1834.5366480061784,2580.8545429608785,256.0
1785383079,0,,Aggregated,12.800000,0.000000,0,0,0,0,0,0,0,0,0,0,0,1888,0,420.0,1308.4026379327936,271.6862150118686,2580.8545429608785,704.5
1785383080,0,TTFT,S2,6.400000,0.000000,0,0,0,0,0,0,0,0,0,0,0,944,0,360.0,357.0042182049508,271.6862150118686,417.0613830210641,1153.0
1785383080,0,total,S2,6.400000,0.000000,0,0,0,0,0,0,0,0,0,0,0,944,0,2500.0,2259.8010576606366,1834.5366480061784,2580.8545429608785,256.0
1785383080,0,,Aggregated,12.800000,0.000000,0,0,0,0,0,0,0,0,0,0,0,1888,0,420.0,1308.4026379327936,271.6862150118686,2580.8545429608785,704.5
1785383081,0,TTFT,S2,6.400000,0.000000,0,0,0,0,0,0,0,0,0,0,0,944,0,360.0,357.0042182049508,271.6862150118686,417.0613830210641,1153.0
1785383081,0,total,S2,6.400000,0.000000,0,0,0,0,0,0,0,0,0,0,0,944,0,2500.0,2259.8010576606366,1834.5366480061784,2580.8545429608785,256.0
1785383081,0,,Aggregated,12.800000,0.000000,0,0,0,0,0,0,0,0,0,0,0,1888,0,420.0,1308.4026379327936,271.6862150118686,2580.8545429608785,704.5
1785383082,0,TTFT,S2,6.400000,0.000000,0,0,0,0,0,0,0,0,0,0,0,944,0,360.0,357.0042182049508,271.6862150118686,417.0613830210641,1153.0
1785383082,0,total,S2,6.400000,0.000000,0,0,0,0,0,0,0,0,0,0,0,944,0,2500.0,2259.8010576606366,1834.5366480061784,2580.8545429608785,256.0
1785383082,0,,Aggregated,12.800000,0.000000,0,0,0,0,0,0,0,0,0,0,0,1888,0,420.0,1308.4026379327936,271.6862150118686,2580.8545429608785,704.5
1785383083,0,TTFT,S2,6.400000,0.000000,0,0,0,0,0,0,0,0,0,0,0,944,0,360.0,357.0042182049508,271.6862150118686,417.0613830210641,1153.0
1785383083,0,total,S2,6.400000,0.000000,0,0,0,0,0,0,0,0,0,0,0,944,0,2500.0,2259.8010576606366,1834.5366480061784,2580.8545429608785,256.0
1785383083,0,,Aggregated,12.800000,0.000000,0,0,0,0,0,0,0,0,0,0,0,1888,0,420.0,1308.4026379327936,271.6862150118686,2580.8545429608785,704.5
1785383084,0,TTFT,S2,6.400000,0.000000,0,0,0,0,0,0,0,0,0,0,0,944,0,360.0,357.0042182049508,271.6862150118686,417.0613830210641,1153.0
1785383084,0,total,S2,6.400000,0.000000,0,0,0,0,0,0,0,0,0,0,0,944,0,2500.0,2259.8010576606366,1834.5366480061784,2580.8545429608785,256.0
1785383084,0,,Aggregated,12.800000,0.000000,0,0,0,0,0,0,0,0,0,0,0,1888,0,420.0,1308.4026379327936,271.6862150118686,2580.8545429608785,704.5
1785383085,0,TTFT,S2,6.400000,0.000000,0,0,0,0,0,0,0,0,0,0,0,944,0,360.0,357.0042182049508,271.6862150118686,417.0613830210641,1153.0
1785383085,0,total,S2,6.400000,0.000000,0,0,0,0,0,0,0,0,0,0,0,944,0,2500.0,2259.8010576606366,1834.5366480061784,2580.8545429608785,256.0
1785383085,0,,Aggregated,12.800000,0.000000,0,0,0,0,0,0,0,0,0,0,0,1888,0,420.0,1308.4026379327936,271.6862150118686,2580.8545429608785,704.5
1785383086,0,TTFT,S2,6.400000,0.000000,0,0,0,0,0,0,0,0,0,0,0,944,0,360.0,357.0042182049508,271.6862150118686,417.0613830210641,1153.0
1785383086,0,total,S2,6.400000,0.000000,0,0,0,0,0,0,0,0,0,0,0,944,0,2500.0,2259.8010576606366,1834.5366480061784,2580.8545429608785,256.0
1785383086,0,,Aggregated,12.800000,0.000000,0,0,0,0,0,0,0,0,0,0,0,1888,0,420.0,1308.4026379327936,271.6862150118686,2580.8545429608785,704.5
1785383087,0,TTFT,S2,6.400000,0.000000,0,0,0,0,0,0,0,0,0,0,0,944,0,360.0,357.0042182049508,271.6862150118686,417.0613830210641,1153.0
1785383087,0,total,S2,6.400000,0.000000,0,0,0,0,0,0,0,0,0,0,0,944,0,2500.0,2259.8010576606366,1834.5366480061784,2580.8545429608785,256.0
1785383087,0,,Aggregated,12.800000,0.000000,0,0,0,0,0,0,0,0,0,0,0,1888,0,420.0,1308.4026379327936,271.6862150118686,2580.8545429608785,704.5
1785383088,0,TTFT,S2,6.400000,0.000000,0,0,0,0,0,0,0,0,0,0,0,944,0,360.0,357.0042182049508,271.6862150118686,417.0613830210641,1153.0
1785383088,0,total,S2,6.400000,0.000000,0,0,0,0,0,0,0,0,0,0,0,944,0,2500.0,2259.8010576606366,1834.5366480061784,2580.8545429608785,256.0
1785383088,0,,Aggregated,12.800000,0.000000,0,0,0,0,0,0,0,0,0,0,0,1888,0,420.0,1308.4026379327936,271.6862150118686,2580.8545429608785,704.5
1785383089,0,TTFT,S2,6.400000,0.000000,0,0,0,0,0,0,0,0,0,0,0,944,0,360.0,357.0042182049508,271.6862150118686,417.0613830210641,1153.0
1785383089,0,total,S2,6.400000,0.000000,0,0,0,0,0,0,0,0,0,0,0,944,0,2500.0,2259.8010576606366,1834.5366480061784,2580.8545429608785,256.0
1785383089,0,,Aggregated,12.800000,0.000000,0,0,0,0,0,0,0,0,0,0,0,1888,0,420.0,1308.4026379327936,271.6862150118686,2580.8545429608785,704.5
1785383090,0,TTFT,S2,6.400000,0.000000,0,0,0,0,0,0,0,0,0,0,0,944,0,360.0,357.0042182049508,271.6862150118686,417.0613830210641,1153.0
1785383090,0,total,S2,6.400000,0.000000,0,0,0,0,0,0,0,0,0,0,0,944,0,2500.0,2259.8010576606366,1834.5366480061784,2580.8545429608785,256.0
1785383090,0,,Aggregated,12.800000,0.000000,0,0,0,0,0,0,0,0,0,0,0,1888,0,420.0,1308.4026379327936,271.6862150118686,2580.8545429608785,704.5
1785383091,0,TTFT,S2,6.400000,0.000000,0,0,0,0,0,0,0,0,0,0,0,944,0,360.0,357.0042182049508,271.6862150118686,417.0613830210641,1153.0
1785383091,0,total,S2,6.400000,0.000000,0,0,0,0,0,0,0,0,0,0,0,944,0,2500.0,2259.8010576606366,1834.5366480061784,2580.8545429608785,256.0
1785383091,0,,Aggregated,12.800000,0.000000,0,0,0,0,0,0,0,0,0,0,0,1888,0,420.0,1308.4026379327936,271.6862150118686,2580.8545429608785,704.5
1785383092,0,TTFT,S2,6.400000,0.000000,0,0,0,0,0,0,0,0,0,0,0,944,0,360.0,357.0042182049508,271.6862150118686,417.0613830210641,1153.0
1785383092,0,total,S2,6.400000,0.000000,0,0,0,0,0,0,0,0,0,0,0,944,0,2500.0,2259.8010576606366,1834.5366480061784,2580.8545429608785,256.0
1785383092,0,,Aggregated,12.800000,0.000000,0,0,0,0,0,0,0,0,0,0,0,1888,0,420.0,1308.4026379327936,271.6862150118686,2580.8545429608785,704.5
1785383093,0,TTFT,S2,6.400000,0.000000,0,0,0,0,0,0,0,0,0,0,0,944,0,360.0,357.0042182049508,271.6862150118686,417.0613830210641,1153.0
1785383093,0,total,S2,6.400000,0.000000,0,0,0,0,0,0,0,0,0,0,0,944,0,2500.0,2259.8010576606366,1834.5366480061784,2580.8545429608785,256.0
1785383093,0,,Aggregated,12.800000,0.000000,0,0,0,0,0,0,0,0,0,0,0,1888,0,420.0,1308.4026379327936,271.6862150118686,2580.8545429608785,704.5
1785383094,0,TTFT,S2,6.400000,0.000000,0,0,0,0,0,0,0,0,0,0,0,944,0,360.0,357.0042182049508,271.6862150118686,417.0613830210641,1153.0
1785383094,0,total,S2,6.400000,0.000000,0,0,0,0,0,0,0,0,0,0,0,944,0,2500.0,2259.8010576606366,1834.5366480061784,2580.8545429608785,256.0
1785383094,0,,Aggregated,12.800000,0.000000,0,0,0,0,0,0,0,0,0,0,0,1888,0,420.0,1308.4026379327936,271.6862150118686,2580.8545429608785,704.5
1785383095,0,TTFT,S2,6.400000,0.000000,0,0,0,0,0,0,0,0,0,0,0,944,0,360.0,357.0042182049508,271.6862150118686,417.0613830210641,1153.0
1785383095,0,total,S2,6.400000,0.000000,0,0,0,0,0,0,0,0,0,0,0,944,0,2500.0,2259.8010576606366,1834.5366480061784,2580.8545429608785,256.0
1785383095,0,,Aggregated,12.800000,0.000000,0,0,0,0,0,0,0,0,0,0,0,1888,0,420.0,1308.4026379327936,271.6862150118686,2580.8545429608785,704.5
1785383096,0,TTFT,S2,6.400000,0.000000,0,0,0,0,0,0,0,0,0,0,0,944,0,360.0,357.0042182049508,271.6862150118686,417.0613830210641,1153.0
1785383096,0,total,S2,6.400000,0.000000,0,0,0,0,0,0,0,0,0,0,0,944,0,2500.0,2259.8010576606366,1834.5366480061784,2580.8545429608785,256.0
1785383096,0,,Aggregated,12.800000,0.000000,0,0,0,0,0,0,0,0,0,0,0,1888,0,420.0,1308.4026379327936,271.6862150118686,2580.8545429608785,704.5
1785383097,0,TTFT,S2,6.400000,0.000000,0,0,0,0,0,0,0,0,0,0,0,944,0,360.0,357.0042182049508,271.6862150118686,417.0613830210641,1153.0
1785383097,0,total,S2,6.400000,0.000000,0,0,0,0,0,0,0,0,0,0,0,944,0,2500.0,2259.8010576606366,1834.5366480061784,2580.8545429608785,256.0
1785383097,0,,Aggregated,12.800000,0.000000,0,0,0,0,0,0,0,0,0,0,0,1888,0,420.0,1308.4026379327936,271.6862150118686,2580.8545429608785,704.5
1785383098,0,TTFT,S2,6.400000,0.000000,0,0,0,0,0,0,0,0,0,0,0,944,0,360.0,357.0042182049508,271.6862150118686,417.0613830210641,1153.0
1785383098,0,total,S2,6.400000,0.000000,0,0,0,0,0,0,0,0,0,0,0,944,0,2500.0,2259.8010576606366,1834.5366480061784,2580.8545429608785,256.0
1785383098,0,,Aggregated,12.800000,0.000000,0,0,0,0,0,0,0,0,0,0,0,1888,0,420.0,1308.4026379327936,271.6862150118686,2580.8545429608785,704.5
1785383099,0,TTFT,S2,6.400000,0.000000,0,0,0,0,0,0,0,0,0,0,0,944,0,360.0,357.0042182049508,271.6862150118686,417.0613830210641,1153.0
1785383099,0,total,S2,6.400000,0.000000,0,0,0,0,0,0,0,0,0,0,0,944,0,2500.0,2259.8010576606366,1834.5366480061784,2580.8545429608785,256.0
1785383099,0,,Aggregated,12.800000,0.000000,0,0,0,0,0,0,0,0,0,0,0,1888,0,420.0,1308.4026379327936,271.6862150118686,2580.8545429608785,704.5
1785383100,0,TTFT,S2,6.400000,0.000000,0,0,0,0,0,0,0,0,0,0,0,944,0,360.0,357.0042182049508,271.6862150118686,417.0613830210641,1153.0
1785383100,0,total,S2,6.400000,0.000000,0,0,0,0,0,0,0,0,0,0,0,944,0,2500.0,2259.8010576606366,1834.5366480061784,2580.8545429608785,256.0
1785383100,0,,Aggregated,12.800000,0.000000,0,0,0,0,0,0,0,0,0,0,0,1888,0,420.0,1308.4026379327936,271.6862150118686,2580.8545429608785,704.5
1785383101,0,TTFT,S2,6.400000,0.000000,0,0,0,0,0,0,0,0,0,0,0,944,0,360.0,357.0042182049508,271.6862150118686,417.0613830210641,1153.0
1785383101,0,total,S2,6.400000,0.000000,0,0,0,0,0,0,0,0,0,0,0,944,0,2500.0,2259.8010576606366,1834.5366480061784,2580.8545429608785,256.0
1785383101,0,,Aggregated,12.800000,0.000000,0,0,0,0,0,0,0,0,0,0,0,1888,0,420.0,1308.4026379327936,271.6862150118686,2580.8545429608785,704.5
1785383102,0,TTFT,S2,6.400000,0.000000,0,0,0,0,0,0,0,0,0,0,0,944,0,360.0,357.0042182049508,271.6862150118686,417.0613830210641,1153.0
1785383102,0,total,S2,6.400000,0.000000,0,0,0,0,0,0,0,0,0,0,0,944,0,2500.0,2259.8010576606366,1834.5366480061784,2580.8545429608785,256.0
1785383102,0,,Aggregated,12.800000,0.000000,0,0,0,0,0,0,0,0,0,0,0,1888,0,420.0,1308.4026379327936,271.6862150118686,2580.8545429608785,704.5
1785383103,0,TTFT,S2,6.400000,0.000000,0,0,0,0,0,0,0,0,0,0,0,944,0,360.0,357.0042182049508,271.6862150118686,417.0613830210641,1153.0
1785383103,0,total,S2,6.400000,0.000000,0,0,0,0,0,0,0,0,0,0,0,944,0,2500.0,2259.8010576606366,1834.5366480061784,2580.8545429608785,256.0
1785383103,0,,Aggregated,12.800000,0.000000,0,0,0,0,0,0,0,0,0,0,0,1888,0,420.0,1308.4026379327936,271.6862150118686,2580.8545429608785,704.5
1785383104,0,TTFT,S2,6.400000,0.000000,0,0,0,0,0,0,0,0,0,0,0,944,0,360.0,357.0042182049508,271.6862150118686,417.0613830210641,1153.0
1785383104,0,total,S2,6.400000,0.000000,0,0,0,0,0,0,0,0,0,0,0,944,0,2500.0,2259.8010576606366,1834.5366480061784,2580.8545429608785,256.0
1785383104,0,,Aggregated,12.800000,0.000000,0,0,0,0,0,0,0,0,0,0,0,1888,0,420.0,1308.4026379327936,271.6862150118686,2580.8545429608785,704.5
1785383105,0,TTFT,S2,6.400000,0.000000,0,0,0,0,0,0,0,0,0,0,0,944,0,360.0,357.0042182049508,271.6862150118686,417.0613830210641,1153.0
1785383105,0,total,S2,6.400000,0.000000,0,0,0,0,0,0,0,0,0,0,0,944,0,2500.0,2259.8010576606366,1834.5366480061784,2580.8545429608785,256.0
1785383105,0,,Aggregated,12.800000,0.000000,0,0,0,0,0,0,0,0,0,0,0,1888,0,420.0,1308.4026379327936,271.6862150118686,2580.8545429608785,704.5
1785383106,0,TTFT,S2,6.400000,0.000000,0,0,0,0,0,0,0,0,0,0,0,944,0,360.0,357.0042182049508,271.6862150118686,417.0613830210641,1153.0
1785383106,0,total,S2,6.400000,0.000000,0,0,0,0,0,0,0,0,0,0,0,944,0,2500.0,2259.8010576606366,1834.5366480061784,2580.8545429608785,256.0
1785383106,0,,Aggregated,12.800000,0.000000,0,0,0,0,0,0,0,0,0,0,0,1888,0,420.0,1308.4026379327936,271.6862150118686,2580.8545429608785,704.5
1785383108,0,TTFT,S2,6.400000,0.000000,0,0,0,0,0,0,0,0,0,0,0,944,0,360.0,357.0042182049508,271.6862150118686,417.0613830210641,1153.0
1785383108,0,total,S2,6.400000,0.000000,0,0,0,0,0,0,0,0,0,0,0,944,0,2500.0,2259.8010576606366,1834.5366480061784,2580.8545429608785,256.0
1785383108,0,,Aggregated,12.800000,0.000000,0,0,0,0,0,0,0,0,0,0,0,1888,0,420.0,1308.4026379327936,271.6862150118686,2580.8545429608785,704.5
1785383109,0,TTFT,S2,6.400000,0.000000,0,0,0,0,0,0,0,0,0,0,0,944,0,360.0,357.0042182049508,271.6862150118686,417.0613830210641,1153.0
1785383109,0,total,S2,6.400000,0.000000,0,0,0,0,0,0,0,0,0,0,0,944,0,2500.0,2259.8010576606366,1834.5366480061784,2580.8545429608785,256.0
1785383109,0,,Aggregated,12.800000,0.000000,0,0,0,0,0,0,0,0,0,0,0,1888,0,420.0,1308.4026379327936,271.6862150118686,2580.8545429608785,704.5
1785383110,0,TTFT,S2,6.400000,0.000000,0,0,0,0,0,0,0,0,0,0,0,944,0,360.0,357.0042182049508,271.6862150118686,417.0613830210641,1153.0
1785383110,0,total,S2,6.400000,0.000000,0,0,0,0,0,0,0,0,0,0,0,944,0,2500.0,2259.8010576606366,1834.5366480061784,2580.8545429608785,256.0
1785383110,0,,Aggregated,12.800000,0.000000,0,0,0,0,0,0,0,0,0,0,0,1888,0,420.0,1308.4026379327936,271.6862150118686,2580.8545429608785,704.5
1785383111,0,TTFT,S2,6.400000,0.000000,0,0,0,0,0,0,0,0,0,0,0,944,0,360.0,357.0042182049508,271.6862150118686,417.0613830210641,1153.0
1785383111,0,total,S2,6.400000,0.000000,0,0,0,0,0,0,0,0,0,0,0,944,0,2500.0,2259.8010576606366,1834.5366480061784,2580.8545429608785,256.0
1785383111,0,,Aggregated,12.800000,0.000000,0,0,0,0,0,0,0,0,0,0,0,1888,0,420.0,1308.4026379327936,271.6862150118686,2580.8545429608785,704.5
1785383112,0,TTFT,S2,6.400000,0.000000,0,0,0,0,0,0,0,0,0,0,0,944,0,360.0,357.0042182049508,271.6862150118686,417.0613830210641,1153.0
1785383112,0,total,S2,6.400000,0.000000,0,0,0,0,0,0,0,0,0,0,0,944,0,2500.0,2259.8010576606366,1834.5366480061784,2580.8545429608785,256.0
1785383112,0,,Aggregated,12.800000,0.000000,0,0,0,0,0,0,0,0,0,0,0,1888,0,420.0,1308.4026379327936,271.6862150118686,2580.8545429608785,704.5
1785383113,0,TTFT,S2,6.400000,0.000000,0,0,0,0,0,0,0,0,0,0,0,944,0,360.0,357.0042182049508,271.6862150118686,417.0613830210641,1153.0
1785383113,0,total,S2,6.400000,0.000000,0,0,0,0,0,0,0,0,0,0,0,944,0,2500.0,2259.8010576606366,1834.5366480061784,2580.8545429608785,256.0
1785383113,0,,Aggregated,12.800000,0.000000,0,0,0,0,0,0,0,0,0,0,0,1888,0,420.0,1308.4026379327936,271.6862150118686,2580.8545429608785,704.5
1785383114,0,TTFT,S2,6.400000,0.000000,0,0,0,0,0,0,0,0,0,0,0,944,0,360.0,357.0042182049508,271.6862150118686,417.0613830210641,1153.0
1785383114,0,total,S2,6.400000,0.000000,0,0,0,0,0,0,0,0,0,0,0,944,0,2500.0,2259.8010576606366,1834.5366480061784,2580.8545429608785,256.0
1785383114,0,,Aggregated,12.800000,0.000000,0,0,0,0,0,0,0,0,0,0,0,1888,0,420.0,1308.4026379327936,271.6862150118686,2580.8545429608785,704.5
1785383115,0,TTFT,S2,6.400000,0.000000,0,0,0,0,0,0,0,0,0,0,0,944,0,360.0,357.0042182049508,271.6862150118686,417.0613830210641,1153.0
1785383115,0,total,S2,6.400000,0.000000,0,0,0,0,0,0,0,0,0,0,0,944,0,2500.0,2259.8010576606366,1834.5366480061784,2580.8545429608785,256.0
1785383115,0,,Aggregated,12.800000,0.000000,0,0,0,0,0,0,0,0,0,0,0,1888,0,420.0,1308.4026379327936,271.6862150118686,2580.8545429608785,704.5
1785383116,0,TTFT,S2,6.400000,0.000000,0,0,0,0,0,0,0,0,0,0,0,944,0,360.0,357.0042182049508,271.6862150118686,417.0613830210641,1153.0
1785383116,0,total,S2,6.400000,0.000000,0,0,0,0,0,0,0,0,0,0,0,944,0,2500.0,2259.8010576606366,1834.5366480061784,2580.8545429608785,256.0
1785383116,0,,Aggregated,12.800000,0.000000,0,0,0,0,0,0,0,0,0,0,0,1888,0,420.0,1308.4026379327936,271.6862150118686,2580.8545429608785,704.5
1785383117,0,TTFT,S2,6.400000,0.000000,0,0,0,0,0,0,0,0,0,0,0,944,0,360.0,357.0042182049508,271.6862150118686,417.0613830210641,1153.0
1785383117,0,total,S2,6.400000,0.000000,0,0,0,0,0,0,0,0,0,0,0,944,0,2500.0,2259.8010576606366,1834.5366480061784,2580.8545429608785,256.0
1785383117,0,,Aggregated,12.800000,0.000000,0,0,0,0,0,0,0,0,0,0,0,1888,0,420.0,1308.4026379327936,271.6862150118686,2580.8545429608785,704.5
1785383118,0,TTFT,S2,6.400000,0.000000,0,0,0,0,0,0,0,0,0,0,0,944,0,360.0,357.0042182049508,271.6862150118686,417.0613830210641,1153.0
1785383118,0,total,S2,6.400000,0.000000,0,0,0,0,0,0,0,0,0,0,0,944,0,2500.0,2259.8010576606366,1834.5366480061784,2580.8545429608785,256.0
1785383118,0,,Aggregated,12.800000,0.000000,0,0,0,0,0,0,0,0,0,0,0,1888,0,420.0,1308.4026379327936,271.6862150118686,2580.8545429608785,704.5
1785383119,0,TTFT,S2,6.400000,0.000000,0,0,0,0,0,0,0,0,0,0,0,944,0,360.0,357.0042182049508,271.6862150118686,417.0613830210641,1153.0
1785383119,0,total,S2,6.400000,0.000000,0,0,0,0,0,0,0,0,0,0,0,944,0,2500.0,2259.8010576606366,1834.5366480061784,2580.8545429608785,256.0
1785383119,0,,Aggregated,12.800000,0.000000,0,0,0,0,0,0,0,0,0,0,0,1888,0,420.0,1308.4026379327936,271.6862150118686,2580.8545429608785,704.5
1785383120,0,TTFT,S2,6.400000,0.000000,0,0,0,0,0,0,0,0,0,0,0,944,0,360.0,357.0042182049508,271.6862150118686,417.0613830210641,1153.0
1785383120,0,total,S2,6.400000,0.000000,0,0,0,0,0,0,0,0,0,0,0,944,0,2500.0,2259.8010576606366,1834.5366480061784,2580.8545429608785,256.0
1785383120,0,,Aggregated,12.800000,0.000000,0,0,0,0,0,0,0,0,0,0,0,1888,0,420.0,1308.4026379327936,271.6862150118686,2580.8545429608785,704.5
1785383121,0,TTFT,S2,6.400000,0.000000,0,0,0,0,0,0,0,0,0,0,0,944,0,360.0,357.0042182049508,271.6862150118686,417.0613830210641,1153.0
1785383121,0,total,S2,6.400000,0.000000,0,0,0,0,0,0,0,0,0,0,0,944,0,2500.0,2259.8010576606366,1834.5366480061784,2580.8545429608785,256.0
1785383121,0,,Aggregated,12.800000,0.000000,0,0,0,0,0,0,0,0,0,0,0,1888,0,420.0,1308.4026379327936,271.6862150118686,2580.8545429608785,704.5
1785383122,0,TTFT,S2,6.400000,0.000000,0,0,0,0,0,0,0,0,0,0,0,944,0,360.0,357.0042182049508,271.6862150118686,417.0613830210641,1153.0
1785383122,0,total,S2,6.400000,0.000000,0,0,0,0,0,0,0,0,0,0,0,944,0,2500.0,2259.8010576606366,1834.5366480061784,2580.8545429608785,256.0
1785383122,0,,Aggregated,12.800000,0.000000,0,0,0,0,0,0,0,0,0,0,0,1888,0,420.0,1308.4026379327936,271.6862150118686,2580.8545429608785,704.5
1785383123,0,TTFT,S2,6.400000,0.000000,0,0,0,0,0,0,0,0,0,0,0,944,0,360.0,357.0042182049508,271.6862150118686,417.0613830210641,1153.0
1785383123,0,total,S2,6.400000,0.000000,0,0,0,0,0,0,0,0,0,0,0,944,0,2500.0,2259.8010576606366,1834.5366480061784,2580.8545429608785,256.0
1785383123,0,,Aggregated,12.800000,0.000000,0,0,0,0,0,0,0,0,0,0,0,1888,0,420.0,1308.4026379327936,271.6862150118686,2580.8545429608785,704.5
1785383124,0,TTFT,S2,6.400000,0.000000,0,0,0,0,0,0,0,0,0,0,0,944,0,360.0,357.0042182049508,271.6862150118686,417.0613830210641,1153.0
1785383124,0,total,S2,6.400000,0.000000,0,0,0,0,0,0,0,0,0,0,0,944,0,2500.0,2259.8010576606366,1834.5366480061784,2580.8545429608785,256.0
1785383124,0,,Aggregated,12.800000,0.000000,0,0,0,0,0,0,0,0,0,0,0,1888,0,420.0,1308.4026379327936,271.6862150118686,2580.8545429608785,704.5
1785383125,0,TTFT,S2,6.400000,0.000000,0,0,0,0,0,0,0,0,0,0,0,944,0,360.0,357.0042182049508,271.6862150118686,417.0613830210641,1153.0
1785383125,0,total,S2,6.400000,0.000000,0,0,0,0,0,0,0,0,0,0,0,944,0,2500.0,2259.8010576606366,1834.5366480061784,2580.8545429608785,256.0
1785383125,0,,Aggregated,12.800000,0.000000,0,0,0,0,0,0,0,0,0,0,0,1888,0,420.0,1308.4026379327936,271.6862150118686,2580.8545429608785,704.5
1785383126,0,TTFT,S2,6.400000,0.000000,0,0,0,0,0,0,0,0,0,0,0,944,0,360.0,357.0042182049508,271.6862150118686,417.0613830210641,1153.0
1785383126,0,total,S2,6.400000,0.000000,0,0,0,0,0,0,0,0,0,0,0,944,0,2500.0,2259.8010576606366,1834.5366480061784,2580.8545429608785,256.0
1785383126,0,,Aggregated,12.800000,0.000000,0,0,0,0,0,0,0,0,0,0,0,1888,0,420.0,1308.4026379327936,271.6862150118686,2580.8545429608785,704.5
1785383127,0,TTFT,S2,6.400000,0.000000,0,0,0,0,0,0,0,0,0,0,0,944,0,360.0,357.0042182049508,271.6862150118686,417.0613830210641,1153.0
1785383127,0,total,S2,6.400000,0.000000,0,0,0,0,0,0,0,0,0,0,0,944,0,2500.0,2259.8010576606366,1834.5366480061784,2580.8545429608785,256.0
1785383127,0,,Aggregated,12.800000,0.000000,0,0,0,0,0,0,0,0,0,0,0,1888,0,420.0,1308.4026379327936,271.6862150118686,2580.8545429608785,704.5
1785383128,0,TTFT,S2,6.400000,0.000000,0,0,0,0,0,0,0,0,0,0,0,944,0,360.0,357.0042182049508,271.6862150118686,417.0613830210641,1153.0
1785383128,0,total,S2,6.400000,0.000000,0,0,0,0,0,0,0,0,0,0,0,944,0,2500.0,2259.8010576606366,1834.5366480061784,2580.8545429608785,256.0
1785383128,0,,Aggregated,12.800000,0.000000,0,0,0,0,0,0,0,0,0,0,0,1888,0,420.0,1308.4026379327936,271.6862150118686,2580.8545429608785,704.5
1785383129,0,TTFT,S2,6.400000,0.000000,0,0,0,0,0,0,0,0,0,0,0,944,0,360.0,357.0042182049508,271.6862150118686,417.0613830210641,1153.0
1785383129,0,total,S2,6.400000,0.000000,0,0,0,0,0,0,0,0,0,0,0,944,0,2500.0,2259.8010576606366,1834.5366480061784,2580.8545429608785,256.0
1785383129,0,,Aggregated,12.800000,0.000000,0,0,0,0,0,0,0,0,0,0,0,1888,0,420.0,1308.4026379327936,271.6862150118686,2580.8545429608785,704.5
1785383130,0,TTFT,S2,6.400000,0.000000,0,0,0,0,0,0,0,0,0,0,0,944,0,360.0,357.0042182049508,271.6862150118686,417.0613830210641,1153.0
1785383130,0,total,S2,6.400000,0.000000,0,0,0,0,0,0,0,0,0,0,0,944,0,2500.0,2259.8010576606366,1834.5366480061784,2580.8545429608785,256.0
1785383130,0,,Aggregated,12.800000,0.000000,0,0,0,0,0,0,0,0,0,0,0,1888,0,420.0,1308.4026379327936,271.6862150118686,2580.8545429608785,704.5
1785383131,0,TTFT,S2,6.400000,0.000000,0,0,0,0,0,0,0,0,0,0,0,944,0,360.0,357.0042182049508,271.6862150118686,417.0613830210641,1153.0
1785383131,0,total,S2,6.400000,0.000000,0,0,0,0,0,0,0,0,0,0,0,944,0,2500.0,2259.8010576606366,1834.5366480061784,2580.8545429608785,256.0
1785383131,0,,Aggregated,12.800000,0.000000,0,0,0,0,0,0,0,0,0,0,0,1888,0,420.0,1308.4026379327936,271.6862150118686,2580.8545429608785,704.5
1785383132,0,TTFT,S2,6.400000,0.000000,0,0,0,0,0,0,0,0,0,0,0,944,0,360.0,357.0042182049508,271.6862150118686,417.0613830210641,1153.0
1785383132,0,total,S2,6.400000,0.000000,0,0,0,0,0,0,0,0,0,0,0,944,0,2500.0,2259.8010576606366,1834.5366480061784,2580.8545429608785,256.0
1785383132,0,,Aggregated,12.800000,0.000000,0,0,0,0,0,0,0,0,0,0,0,1888,0,420.0,1308.4026379327936,271.6862150118686,2580.8545429608785,704.5
1785383133,0,TTFT,S2,6.400000,0.000000,0,0,0,0,0,0,0,0,0,0,0,944,0,360.0,357.0042182049508,271.6862150118686,417.0613830210641,1153.0
1785383133,0,total,S2,6.400000,0.000000,0,0,0,0,0,0,0,0,0,0,0,944,0,2500.0,2259.8010576606366,1834.5366480061784,2580.8545429608785,256.0
1785383133,0,,Aggregated,12.800000,0.000000,0,0,0,0,0,0,0,0,0,0,0,1888,0,420.0,1308.4026379327936,271.6862150118686,2580.8545429608785,704.5
1785383134,0,TTFT,S2,6.400000,0.000000,0,0,0,0,0,0,0,0,0,0,0,944,0,360.0,357.0042182049508,271.6862150118686,417.0613830210641,1153.0
1785383134,0,total,S2,6.400000,0.000000,0,0,0,0,0,0,0,0,0,0,0,944,0,2500.0,2259.8010576606366,1834.5366480061784,2580.8545429608785,256.0
1785383134,0,,Aggregated,12.800000,0.000000,0,0,0,0,0,0,0,0,0,0,0,1888,0,420.0,1308.4026379327936,271.6862150118686,2580.8545429608785,704.5
1785383135,0,TTFT,S2,6.400000,0.000000,0,0,0,0,0,0,0,0,0,0,0,944,0,360.0,357.0042182049508,271.6862150118686,417.0613830210641,1153.0
1785383135,0,total,S2,6.400000,0.000000,0,0,0,0,0,0,0,0,0,0,0,944,0,2500.0,2259.8010576606366,1834.5366480061784,2580.8545429608785,256.0
1785383135,0,,Aggregated,12.800000,0.000000,0,0,0,0,0,0,0,0,0,0,0,1888,0,420.0,1308.4026379327936,271.6862150118686,2580.8545429608785,704.5
1785383136,0,TTFT,S2,6.400000,0.000000,0,0,0,0,0,0,0,0,0,0,0,944,0,360.0,357.0042182049508,271.6862150118686,417.0613830210641,1153.0
1785383136,0,total,S2,6.400000,0.000000,0,0,0,0,0,0,0,0,0,0,0,944,0,2500.0,2259.8010576606366,1834.5366480061784,2580.8545429608785,256.0
1785383136,0,,Aggregated,12.800000,0.000000,0,0,0,0,0,0,0,0,0,0,0,1888,0,420.0,1308.4026379327936,271.6862150118686,2580.8545429608785,704.5
1785383137,0,TTFT,S2,6.400000,0.000000,0,0,0,0,0,0,0,0,0,0,0,944,0,360.0,357.0042182049508,271.6862150118686,417.0613830210641,1153.0
1785383137,0,total,S2,6.400000,0.000000,0,0,0,0,0,0,0,0,0,0,0,944,0,2500.0,2259.8010576606366,1834.5366480061784,2580.8545429608785,256.0
1785383137,0,,Aggregated,12.800000,0.000000,0,0,0,0,0,0,0,0,0,0,0,1888,0,420.0,1308.4026379327936,271.6862150118686,2580.8545429608785,704.5
1785383138,0,TTFT,S2,6.400000,0.000000,0,0,0,0,0,0,0,0,0,0,0,944,0,360.0,357.0042182049508,271.6862150118686,417.0613830210641,1153.0
1785383138,0,total,S2,6.400000,0.000000,0,0,0,0,0,0,0,0,0,0,0,944,0,2500.0,2259.8010576606366,1834.5366480061784,2580.8545429608785,256.0
1785383138,0,,Aggregated,12.800000,0.000000,0,0,0,0,0,0,0,0,0,0,0,1888,0,420.0,1308.4026379327936,271.6862150118686,2580.8545429608785,704.5
1785383139,0,TTFT,S2,6.400000,0.000000,0,0,0,0,0,0,0,0,0,0,0,944,0,360.0,357.0042182049508,271.6862150118686,417.0613830210641,1153.0
1785383139,0,total,S2,6.400000,0.000000,0,0,0,0,0,0,0,0,0,0,0,944,0,2500.0,2259.8010576606366,1834.5366480061784,2580.8545429608785,256.0
1785383139,0,,Aggregated,12.800000,0.000000,0,0,0,0,0,0,0,0,0,0,0,1888,0,420.0,1308.4026379327936,271.6862150118686,2580.8545429608785,704.5
1785383140,0,TTFT,S2,6.400000,0.000000,0,0,0,0,0,0,0,0,0,0,0,944,0,360.0,357.0042182049508,271.6862150118686,417.0613830210641,1153.0
1785383140,0,total,S2,6.400000,0.000000,0,0,0,0,0,0,0,0,0,0,0,944,0,2500.0,2259.8010576606366,1834.5366480061784,2580.8545429608785,256.0
1785383140,0,,Aggregated,12.800000,0.000000,0,0,0,0,0,0,0,0,0,0,0,1888,0,420.0,1308.4026379327936,271.6862150118686,2580.8545429608785,704.5
1785383141,0,TTFT,S2,6.400000,0.000000,0,0,0,0,0,0,0,0,0,0,0,944,0,360.0,357.0042182049508,271.6862150118686,417.0613830210641,1153.0
1785383141,0,total,S2,6.400000,0.000000,0,0,0,0,0,0,0,0,0,0,0,944,0,2500.0,2259.8010576606366,1834.5366480061784,2580.8545429608785,256.0
1785383141,0,,Aggregated,12.800000,0.000000,0,0,0,0,0,0,0,0,0,0,0,1888,0,420.0,1308.4026379327936,271.6862150118686,2580.8545429608785,704.5
1785383142,0,TTFT,S2,6.400000,0.000000,0,0,0,0,0,0,0,0,0,0,0,944,0,360.0,357.0042182049508,271.6862150118686,417.0613830210641,1153.0
1785383142,0,total,S2,6.400000,0.000000,0,0,0,0,0,0,0,0,0,0,0,944,0,2500.0,2259.8010576606366,1834.5366480061784,2580.8545429608785,256.0
1785383142,0,,Aggregated,12.800000,0.000000,0,0,0,0,0,0,0,0,0,0,0,1888,0,420.0,1308.4026379327936,271.6862150118686,2580.8545429608785,704.5
1785383143,0,TTFT,S2,6.400000,0.000000,0,0,0,0,0,0,0,0,0,0,0,944,0,360.0,357.0042182049508,271.6862150118686,417.0613830210641,1153.0
1785383143,0,total,S2,6.400000,0.000000,0,0,0,0,0,0,0,0,0,0,0,944,0,2500.0,2259.8010576606366,1834.5366480061784,2580.8545429608785,256.0
1785383143,0,,Aggregated,12.800000,0.000000,0,0,0,0,0,0,0,0,0,0,0,1888,0,420.0,1308.4026379327936,271.6862150118686,2580.8545429608785,704.5
1785383144,0,TTFT,S2,6.400000,0.000000,0,0,0,0,0,0,0,0,0,0,0,944,0,360.0,357.0042182049508,271.6862150118686,417.0613830210641,1153.0
1785383144,0,total,S2,6.400000,0.000000,0,0,0,0,0,0,0,0,0,0,0,944,0,2500.0,2259.8010576606366,1834.5366480061784,2580.8545429608785,256.0
1785383144,0,,Aggregated,12.800000,0.000000,0,0,0,0,0,0,0,0,0,0,0,1888,0,420.0,1308.4026379327936,271.6862150118686,2580.8545429608785,704.5
1785383145,0,TTFT,S2,6.400000,0.000000,0,0,0,0,0,0,0,0,0,0,0,944,0,360.0,357.0042182049508,271.6862150118686,417.0613830210641,1153.0
1785383145,0,total,S2,6.400000,0.000000,0,0,0,0,0,0,0,0,0,0,0,944,0,2500.0,2259.8010576606366,1834.5366480061784,2580.8545429608785,256.0
1785383145,0,,Aggregated,12.800000,0.000000,0,0,0,0,0,0,0,0,0,0,0,1888,0,420.0,1308.4026379327936,271.6862150118686,2580.8545429608785,704.5
1785383146,0,TTFT,S2,6.400000,0.000000,0,0,0,0,0,0,0,0,0,0,0,944,0,360.0,357.0042182049508,271.6862150118686,417.0613830210641,1153.0
1785383146,0,total,S2,6.400000,0.000000,0,0,0,0,0,0,0,0,0,0,0,944,0,2500.0,2259.8010576606366,1834.5366480061784,2580.8545429608785,256.0
1785383146,0,,Aggregated,12.800000,0.000000,0,0,0,0,0,0,0,0,0,0,0,1888,0,420.0,1308.4026379327936,271.6862150118686,2580.8545429608785,704.5
1785383147,0,TTFT,S2,6.400000,0.000000,0,0,0,0,0,0,0,0,0,0,0,944,0,360.0,357.0042182049508,271.6862150118686,417.0613830210641,1153.0
1785383147,0,total,S2,6.400000,0.000000,0,0,0,0,0,0,0,0,0,0,0,944,0,2500.0,2259.8010576606366,1834.5366480061784,2580.8545429608785,256.0
1785383147,0,,Aggregated,12.800000,0.000000,0,0,0,0,0,0,0,0,0,0,0,1888,0,420.0,1308.4026379327936,271.6862150118686,2580.8545429608785,704.5
1785383148,0,TTFT,S2,6.400000,0.000000,0,0,0,0,0,0,0,0,0,0,0,944,0,360.0,357.0042182049508,271.6862150118686,417.0613830210641,1153.0
1785383148,0,total,S2,6.400000,0.000000,0,0,0,0,0,0,0,0,0,0,0,944,0,2500.0,2259.8010576606366,1834.5366480061784,2580.8545429608785,256.0
1785383148,0,,Aggregated,12.800000,0.000000,0,0,0,0,0,0,0,0,0,0,0,1888,0,420.0,1308.4026379327936,271.6862150118686,2580.8545429608785,704.5
1785383149,0,TTFT,S2,6.400000,0.000000,0,0,0,0,0,0,0,0,0,0,0,944,0,360.0,357.0042182049508,271.6862150118686,417.0613830210641,1153.0
1785383149,0,total,S2,6.400000,0.000000,0,0,0,0,0,0,0,0,0,0,0,944,0,2500.0,2259.8010576606366,1834.5366480061784,2580.8545429608785,256.0
1785383149,0,,Aggregated,12.800000,0.000000,0,0,0,0,0,0,0,0,0,0,0,1888,0,420.0,1308.4026379327936,271.6862150118686,2580.8545429608785,704.5
1785383150,0,TTFT,S2,6.400000,0.000000,0,0,0,0,0,0,0,0,0,0,0,944,0,360.0,357.0042182049508,271.6862150118686,417.0613830210641,1153.0
1785383150,0,total,S2,6.400000,0.000000,0,0,0,0,0,0,0,0,0,0,0,944,0,2500.0,2259.8010576606366,1834.5366480061784,2580.8545429608785,256.0
1785383150,0,,Aggregated,12.800000,0.000000,0,0,0,0,0,0,0,0,0,0,0,1888,0,420.0,1308.4026379327936,271.6862150118686,2580.8545429608785,704.5
1785383151,0,TTFT,S2,6.400000,0.000000,0,0,0,0,0,0,0,0,0,0,0,944,0,360.0,357.0042182049508,271.6862150118686,417.0613830210641,1153.0
1785383151,0,total,S2,6.400000,0.000000,0,0,0,0,0,0,0,0,0,0,0,944,0,2500.0,2259.8010576606366,1834.5366480061784,2580.8545429608785,256.0
1785383151,0,,Aggregated,12.800000,0.000000,0,0,0,0,0,0,0,0,0,0,0,1888,0,420.0,1308.4026379327936,271.6862150118686,2580.8545429608785,704.5
1785383152,0,TTFT,S2,6.400000,0.000000,0,0,0,0,0,0,0,0,0,0,0,944,0,360.0,357.0042182049508,271.6862150118686,417.0613830210641,1153.0
1785383152,0,total,S2,6.400000,0.000000,0,0,0,0,0,0,0,0,0,0,0,944,0,2500.0,2259.8010576606366,1834.5366480061784,2580.8545429608785,256.0
1785383152,0,,Aggregated,12.800000,0.000000,0,0,0,0,0,0,0,0,0,0,0,1888,0,420.0,1308.4026379327936,271.6862150118686,2580.8545429608785,704.5
1785383153,0,TTFT,S2,6.400000,0.000000,0,0,0,0,0,0,0,0,0,0,0,944,0,360.0,357.0042182049508,271.6862150118686,417.0613830210641,1153.0
1785383153,0,total,S2,6.400000,0.000000,0,0,0,0,0,0,0,0,0,0,0,944,0,2500.0,2259.8010576606366,1834.5366480061784,2580.8545429608785,256.0
1785383153,0,,Aggregated,12.800000,0.000000,0,0,0,0,0,0,0,0,0,0,0,1888,0,420.0,1308.4026379327936,271.6862150118686,2580.8545429608785,704.5
1785383154,0,TTFT,S2,6.400000,0.000000,0,0,0,0,0,0,0,0,0,0,0,944,0,360.0,357.0042182049508,271.6862150118686,417.0613830210641,1153.0
1785383154,0,total,S2,6.400000,0.000000,0,0,0,0,0,0,0,0,0,0,0,944,0,2500.0,2259.8010576606366,1834.5366480061784,2580.8545429608785,256.0
1785383154,0,,Aggregated,12.800000,0.000000,0,0,0,0,0,0,0,0,0,0,0,1888,0,420.0,1308.4026379327936,271.6862150118686,2580.8545429608785,704.5
1785383155,0,TTFT,S2,6.400000,0.000000,0,0,0,0,0,0,0,0,0,0,0,944,0,360.0,357.0042182049508,271.6862150118686,417.0613830210641,1153.0
1785383155,0,total,S2,6.400000,0.000000,0,0,0,0,0,0,0,0,0,0,0,944,0,2500.0,2259.8010576606366,1834.5366480061784,2580.8545429608785,256.0
1785383155,0,,Aggregated,12.800000,0.000000,0,0,0,0,0,0,0,0,0,0,0,1888,0,420.0,1308.4026379327936,271.6862150118686,2580.8545429608785,704.5
1785383156,0,TTFT,S2,6.400000,0.000000,0,0,0,0,0,0,0,0,0,0,0,944,0,360.0,357.0042182049508,271.6862150118686,417.0613830210641,1153.0
1785383156,0,total,S2,6.400000,0.000000,0,0,0,0,0,0,0,0,0,0,0,944,0,2500.0,2259.8010576606366,1834.5366480061784,2580.8545429608785,256.0
1785383156,0,,Aggregated,12.800000,0.000000,0,0,0,0,0,0,0,0,0,0,0,1888,0,420.0,1308.4026379327936,271.6862150118686,2580.8545429608785,704.5
1785383157,0,TTFT,S2,6.400000,0.000000,0,0,0,0,0,0,0,0,0,0,0,944,0,360.0,357.0042182049508,271.6862150118686,417.0613830210641,1153.0
1785383157,0,total,S2,6.400000,0.000000,0,0,0,0,0,0,0,0,0,0,0,944,0,2500.0,2259.8010576606366,1834.5366480061784,2580.8545429608785,256.0
1785383157,0,,Aggregated,12.800000,0.000000,0,0,0,0,0,0,0,0,0,0,0,1888,0,420.0,1308.4026379327936,271.6862150118686,2580.8545429608785,704.5
1785383158,0,TTFT,S2,6.400000,0.000000,0,0,0,0,0,0,0,0,0,0,0,944,0,360.0,357.0042182049508,271.6862150118686,417.0613830210641,1153.0
1785383158,0,total,S2,6.400000,0.000000,0,0,0,0,0,0,0,0,0,0,0,944,0,2500.0,2259.8010576606366,1834.5366480061784,2580.8545429608785,256.0
1785383158,0,,Aggregated,12.800000,0.000000,0,0,0,0,0,0,0,0,0,0,0,1888,0,420.0,1308.4026379327936,271.6862150118686,2580.8545429608785,704.5
1785383159,0,TTFT,S2,6.400000,0.000000,0,0,0,0,0,0,0,0,0,0,0,944,0,360.0,357.0042182049508,271.6862150118686,417.0613830210641,1153.0
1785383159,0,total,S2,6.400000,0.000000,0,0,0,0,0,0,0,0,0,0,0,944,0,2500.0,2259.8010576606366,1834.5366480061784,2580.8545429608785,256.0
1785383159,0,,Aggregated,12.800000,0.000000,0,0,0,0,0,0,0,0,0,0,0,1888,0,420.0,1308.4026379327936,271.6862150118686,2580.8545429608785,704.5
1785383160,0,TTFT,S2,6.400000,0.000000,0,0,0,0,0,0,0,0,0,0,0,944,0,360.0,357.0042182049508,271.6862150118686,417.0613830210641,1153.0
1785383160,0,total,S2,6.400000,0.000000,0,0,0,0,0,0,0,0,0,0,0,944,0,2500.0,2259.8010576606366,1834.5366480061784,2580.8545429608785,256.0
1785383160,0,,Aggregated,12.800000,0.000000,0,0,0,0,0,0,0,0,0,0,0,1888,0,420.0,1308.4026379327936,271.6862150118686,2580.8545429608785,704.5
1785383161,0,TTFT,S2,6.400000,0.000000,0,0,0,0,0,0,0,0,0,0,0,944,0,360.0,357.0042182049508,271.6862150118686,417.0613830210641,1153.0
1785383161,0,total,S2,6.400000,0.000000,0,0,0,0,0,0,0,0,0,0,0,944,0,2500.0,2259.8010576606366,1834.5366480061784,2580.8545429608785,256.0
1785383161,0,,Aggregated,12.800000,0.000000,0,0,0,0,0,0,0,0,0,0,0,1888,0,420.0,1308.4026379327936,271.6862150118686,2580.8545429608785,704.5
1785383162,0,TTFT,S2,6.400000,0.000000,0,0,0,0,0,0,0,0,0,0,0,944,0,360.0,357.0042182049508,271.6862150118686,417.0613830210641,1153.0
1785383162,0,total,S2,6.400000,0.000000,0,0,0,0,0,0,0,0,0,0,0,944,0,2500.0,2259.8010576606366,1834.5366480061784,2580.8545429608785,256.0
1785383162,0,,Aggregated,12.800000,0.000000,0,0,0,0,0,0,0,0,0,0,0,1888,0,420.0,1308.4026379327936,271.6862150118686,2580.8545429608785,704.5
1785383163,0,TTFT,S2,6.400000,0.000000,0,0,0,0,0,0,0,0,0,0,0,944,0,360.0,357.0042182049508,271.6862150118686,417.0613830210641,1153.0
1785383163,0,total,S2,6.400000,0.000000,0,0,0,0,0,0,0,0,0,0,0,944,0,2500.0,2259.8010576606366,1834.5366480061784,2580.8545429608785,256.0
1785383163,0,,Aggregated,12.800000,0.000000,0,0,0,0,0,0,0,0,0,0,0,1888,0,420.0,1308.4026379327936,271.6862150118686,2580.8545429608785,704.5
1785383164,0,TTFT,S2,6.400000,0.000000,0,0,0,0,0,0,0,0,0,0,0,944,0,360.0,357.0042182049508,271.6862150118686,417.0613830210641,1153.0
1785383164,0,total,S2,6.400000,0.000000,0,0,0,0,0,0,0,0,0,0,0,944,0,2500.0,2259.8010576606366,1834.5366480061784,2580.8545429608785,256.0
1785383164,0,,Aggregated,12.800000,0.000000,0,0,0,0,0,0,0,0,0,0,0,1888,0,420.0,1308.4026379327936,271.6862150118686,2580.8545429608785,704.5
1785383165,0,TTFT,S2,6.400000,0.000000,0,0,0,0,0,0,0,0,0,0,0,944,0,360.0,357.0042182049508,271.6862150118686,417.0613830210641,1153.0
1785383165,0,total,S2,6.400000,0.000000,0,0,0,0,0,0,0,0,0,0,0,944,0,2500.0,2259.8010576606366,1834.5366480061784,2580.8545429608785,256.0
1785383165,0,,Aggregated,12.800000,0.000000,0,0,0,0,0,0,0,0,0,0,0,1888,0,420.0,1308.4026379327936,271.6862150118686,2580.8545429608785,704.5
1785383166,0,TTFT,S2,6.400000,0.000000,0,0,0,0,0,0,0,0,0,0,0,944,0,360.0,357.0042182049508,271.6862150118686,417.0613830210641,1153.0
1785383166,0,total,S2,6.400000,0.000000,0,0,0,0,0,0,0,0,0,0,0,944,0,2500.0,2259.8010576606366,1834.5366480061784,2580.8545429608785,256.0
1785383166,0,,Aggregated,12.800000,0.000000,0,0,0,0,0,0,0,0,0,0,0,1888,0,420.0,1308.4026379327936,271.6862150118686,2580.8545429608785,704.5
1785383167,0,TTFT,S2,6.400000,0.000000,0,0,0,0,0,0,0,0,0,0,0,944,0,360.0,357.0042182049508,271.6862150118686,417.0613830210641,1153.0
1785383167,0,total,S2,6.400000,0.000000,0,0,0,0,0,0,0,0,0,0,0,944,0,2500.0,2259.8010576606366,1834.5366480061784,2580.8545429608785,256.0
1785383167,0,,Aggregated,12.800000,0.000000,0,0,0,0,0,0,0,0,0,0,0,1888,0,420.0,1308.4026379327936,271.6862150118686,2580.8545429608785,704.5
1785383168,0,TTFT,S2,6.400000,0.000000,0,0,0,0,0,0,0,0,0,0,0,944,0,360.0,357.0042182049508,271.6862150118686,417.0613830210641,1153.0
1785383168,0,total,S2,6.400000,0.000000,0,0,0,0,0,0,0,0,0,0,0,944,0,2500.0,2259.8010576606366,1834.5366480061784,2580.8545429608785,256.0
1785383168,0,,Aggregated,12.800000,0.000000,0,0,0,0,0,0,0,0,0,0,0,1888,0,420.0,1308.4026379327936,271.6862150118686,2580.8545429608785,704.5
1785383169,0,TTFT,S2,6.400000,0.000000,0,0,0,0,0,0,0,0,0,0,0,944,0,360.0,357.0042182049508,271.6862150118686,417.0613830210641,1153.0
1785383169,0,total,S2,6.400000,0.000000,0,0,0,0,0,0,0,0,0,0,0,944,0,2500.0,2259.8010576606366,1834.5366480061784,2580.8545429608785,256.0
1785383169,0,,Aggregated,12.800000,0.000000,0,0,0,0,0,0,0,0,0,0,0,1888,0,420.0,1308.4026379327936,271.6862150118686,2580.8545429608785,704.5
1785383170,0,TTFT,S2,6.400000,0.000000,0,0,0,0,0,0,0,0,0,0,0,944,0,360.0,357.0042182049508,271.6862150118686,417.0613830210641,1153.0
1785383170,0,total,S2,6.400000,0.000000,0,0,0,0,0,0,0,0,0,0,0,944,0,2500.0,2259.8010576606366,1834.5366480061784,2580.8545429608785,256.0
1785383170,0,,Aggregated,12.800000,0.000000,0,0,0,0,0,0,0,0,0,0,0,1888,0,420.0,1308.4026379327936,271.6862150118686,2580.8545429608785,704.5
1785383171,0,TTFT,S2,6.400000,0.000000,0,0,0,0,0,0,0,0,0,0,0,944,0,360.0,357.0042182049508,271.6862150118686,417.0613830210641,1153.0
1785383171,0,total,S2,6.400000,0.000000,0,0,0,0,0,0,0,0,0,0,0,944,0,2500.0,2259.8010576606366,1834.5366480061784,2580.8545429608785,256.0
1785383171,0,,Aggregated,12.800000,0.000000,0,0,0,0,0,0,0,0,0,0,0,1888,0,420.0,1308.4026379327936,271.6862150118686,2580.8545429608785,704.5
1785383172,0,TTFT,S2,6.400000,0.000000,0,0,0,0,0,0,0,0,0,0,0,944,0,360.0,357.0042182049508,271.6862150118686,417.0613830210641,1153.0
1785383172,0,total,S2,6.400000,0.000000,0,0,0,0,0,0,0,0,0,0,0,944,0,2500.0,2259.8010576606366,1834.5366480061784,2580.8545429608785,256.0
1785383172,0,,Aggregated,12.800000,0.000000,0,0,0,0,0,0,0,0,0,0,0,1888,0,420.0,1308.4026379327936,271.6862150118686,2580.8545429608785,704.5
1785383173,0,TTFT,S2,6.400000,0.000000,0,0,0,0,0,0,0,0,0,0,0,944,0,360.0,357.0042182049508,271.6862150118686,417.0613830210641,1153.0
1785383173,0,total,S2,6.400000,0.000000,0,0,0,0,0,0,0,0,0,0,0,944,0,2500.0,2259.8010576606366,1834.5366480061784,2580.8545429608785,256.0
1785383173,0,,Aggregated,12.800000,0.000000,0,0,0,0,0,0,0,0,0,0,0,1888,0,420.0,1308.4026379327936,271.6862150118686,2580.8545429608785,704.5
1785383174,0,TTFT,S2,6.400000,0.000000,0,0,0,0,0,0,0,0,0,0,0,944,0,360.0,357.0042182049508,271.6862150118686,417.0613830210641,1153.0
1785383174,0,total,S2,6.400000,0.000000,0,0,0,0,0,0,0,0,0,0,0,944,0,2500.0,2259.8010576606366,1834.5366480061784,2580.8545429608785,256.0
1785383174,0,,Aggregated,12.800000,0.000000,0,0,0,0,0,0,0,0,0,0,0,1888,0,420.0,1308.4026379327936,271.6862150118686,2580.8545429608785,704.5
1785383175,0,TTFT,S2,6.400000,0.000000,0,0,0,0,0,0,0,0,0,0,0,944,0,360.0,357.0042182049508,271.6862150118686,417.0613830210641,1153.0
1785383175,0,total,S2,6.400000,0.000000,0,0,0,0,0,0,0,0,0,0,0,944,0,2500.0,2259.8010576606366,1834.5366480061784,2580.8545429608785,256.0
1785383175,0,,Aggregated,12.800000,0.000000,0,0,0,0,0,0,0,0,0,0,0,1888,0,420.0,1308.4026379327936,271.6862150118686,2580.8545429608785,704.5
1785383176,0,TTFT,S2,6.400000,0.000000,0,0,0,0,0,0,0,0,0,0,0,944,0,360.0,357.0042182049508,271.6862150118686,417.0613830210641,1153.0
1785383176,0,total,S2,6.400000,0.000000,0,0,0,0,0,0,0,0,0,0,0,944,0,2500.0,2259.8010576606366,1834.5366480061784,2580.8545429608785,256.0
1785383176,0,,Aggregated,12.800000,0.000000,0,0,0,0,0,0,0,0,0,0,0,1888,0,420.0,1308.4026379327936,271.6862150118686,2580.8545429608785,704.5
1785383177,0,TTFT,S2,6.400000,0.000000,0,0,0,0,0,0,0,0,0,0,0,944,0,360.0,357.0042182049508,271.6862150118686,417.0613830210641,1153.0
1785383177,0,total,S2,6.400000,0.000000,0,0,0,0,0,0,0,0,0,0,0,944,0,2500.0,2259.8010576606366,1834.5366480061784,2580.8545429608785,256.0
1785383177,0,,Aggregated,12.800000,0.000000,0,0,0,0,0,0,0,0,0,0,0,1888,0,420.0,1308.4026379327936,271.6862150118686,2580.8545429608785,704.5
1785383178,0,TTFT,S2,6.400000,0.000000,0,0,0,0,0,0,0,0,0,0,0,944,0,360.0,357.0042182049508,271.6862150118686,417.0613830210641,1153.0
1785383178,0,total,S2,6.400000,0.000000,0,0,0,0,0,0,0,0,0,0,0,944,0,2500.0,2259.8010576606366,1834.5366480061784,2580.8545429608785,256.0
1785383178,0,,Aggregated,12.800000,0.000000,0,0,0,0,0,0,0,0,0,0,0,1888,0,420.0,1308.4026379327936,271.6862150118686,2580.8545429608785,704.5
1785383179,0,TTFT,S2,6.400000,0.000000,0,0,0,0,0,0,0,0,0,0,0,944,0,360.0,357.0042182049508,271.6862150118686,417.0613830210641,1153.0
1785383179,0,total,S2,6.400000,0.000000,0,0,0,0,0,0,0,0,0,0,0,944,0,2500.0,2259.8010576606366,1834.5366480061784,2580.8545429608785,256.0
1785383179,0,,Aggregated,12.800000,0.000000,0,0,0,0,0,0,0,0,0,0,0,1888,0,420.0,1308.4026379327936,271.6862150118686,2580.8545429608785,704.5
1785383180,0,TTFT,S2,6.400000,0.000000,0,0,0,0,0,0,0,0,0,0,0,944,0,360.0,357.0042182049508,271.6862150118686,417.0613830210641,1153.0
1785383180,0,total,S2,6.400000,0.000000,0,0,0,0,0,0,0,0,0,0,0,944,0,2500.0,2259.8010576606366,1834.5366480061784,2580.8545429608785,256.0
1785383180,0,,Aggregated,12.800000,0.000000,0,0,0,0,0,0,0,0,0,0,0,1888,0,420.0,1308.4026379327936,271.6862150118686,2580.8545429608785,704.5
1785383181,0,TTFT,S2,6.400000,0.000000,0,0,0,0,0,0,0,0,0,0,0,944,0,360.0,357.0042182049508,271.6862150118686,417.0613830210641,1153.0
1785383181,0,total,S2,6.400000,0.000000,0,0,0,0,0,0,0,0,0,0,0,944,0,2500.0,2259.8010576606366,1834.5366480061784,2580.8545429608785,256.0
1785383181,0,,Aggregated,12.800000,0.000000,0,0,0,0,0,0,0,0,0,0,0,1888,0,420.0,1308.4026379327936,271.6862150118686,2580.8545429608785,704.5
1785383182,0,TTFT,S2,6.400000,0.000000,0,0,0,0,0,0,0,0,0,0,0,944,0,360.0,357.0042182049508,271.6862150118686,417.0613830210641,1153.0
1785383182,0,total,S2,6.400000,0.000000,0,0,0,0,0,0,0,0,0,0,0,944,0,2500.0,2259.8010576606366,1834.5366480061784,2580.8545429608785,256.0
1785383182,0,,Aggregated,12.800000,0.000000,0,0,0,0,0,0,0,0,0,0,0,1888,0,420.0,1308.4026379327936,271.6862150118686,2580.8545429608785,704.5
1785383183,0,TTFT,S2,6.400000,0.000000,0,0,0,0,0,0,0,0,0,0,0,944,0,360.0,357.0042182049508,271.6862150118686,417.0613830210641,1153.0
1785383183,0,total,S2,6.400000,0.000000,0,0,0,0,0,0,0,0,0,0,0,944,0,2500.0,2259.8010576606366,1834.5366480061784,2580.8545429608785,256.0
1785383183,0,,Aggregated,12.800000,0.000000,0,0,0,0,0,0,0,0,0,0,0,1888,0,420.0,1308.4026379327936,271.6862150118686,2580.8545429608785,704.5
1785383184,0,TTFT,S2,6.400000,0.000000,0,0,0,0,0,0,0,0,0,0,0,944,0,360.0,357.0042182049508,271.6862150118686,417.0613830210641,1153.0
1785383184,0,total,S2,6.400000,0.000000,0,0,0,0,0,0,0,0,0,0,0,944,0,2500.0,2259.8010576606366,1834.5366480061784,2580.8545429608785,256.0
1785383184,0,,Aggregated,12.800000,0.000000,0,0,0,0,0,0,0,0,0,0,0,1888,0,420.0,1308.4026379327936,271.6862150118686,2580.8545429608785,704.5
1785383185,0,TTFT,S2,6.400000,0.000000,0,0,0,0,0,0,0,0,0,0,0,944,0,360.0,357.0042182049508,271.6862150118686,417.0613830210641,1153.0
1785383185,0,total,S2,6.400000,0.000000,0,0,0,0,0,0,0,0,0,0,0,944,0,2500.0,2259.8010576606366,1834.5366480061784,2580.8545429608785,256.0
1785383185,0,,Aggregated,12.800000,0.000000,0,0,0,0,0,0,0,0,0,0,0,1888,0,420.0,1308.4026379327936,271.6862150118686,2580.8545429608785,704.5
1785383186,0,TTFT,S2,6.400000,0.000000,0,0,0,0,0,0,0,0,0,0,0,944,0,360.0,357.0042182049508,271.6862150118686,417.0613830210641,1153.0
1785383186,0,total,S2,6.400000,0.000000,0,0,0,0,0,0,0,0,0,0,0,944,0,2500.0,2259.8010576606366,1834.5366480061784,2580.8545429608785,256.0
1785383186,0,,Aggregated,12.800000,0.000000,0,0,0,0,0,0,0,0,0,0,0,1888,0,420.0,1308.4026379327936,271.6862150118686,2580.8545429608785,704.5
1785383187,0,TTFT,S2,6.400000,0.000000,0,0,0,0,0,0,0,0,0,0,0,944,0,360.0,357.0042182049508,271.6862150118686,417.0613830210641,1153.0
1785383187,0,total,S2,6.400000,0.000000,0,0,0,0,0,0,0,0,0,0,0,944,0,2500.0,2259.8010576606366,1834.5366480061784,2580.8545429608785,256.0
1785383187,0,,Aggregated,12.800000,0.000000,0,0,0,0,0,0,0,0,0,0,0,1888,0,420.0,1308.4026379327936,271.6862150118686,2580.8545429608785,704.5
1785383188,0,TTFT,S2,6.400000,0.000000,0,0,0,0,0,0,0,0,0,0,0,944,0,360.0,357.0042182049508,271.6862150118686,417.0613830210641,1153.0
1785383188,0,total,S2,6.400000,0.000000,0,0,0,0,0,0,0,0,0,0,0,944,0,2500.0,2259.8010576606366,1834.5366480061784,2580.8545429608785,256.0
1785383188,0,,Aggregated,12.800000,0.000000,0,0,0,0,0,0,0,0,0,0,0,1888,0,420.0,1308.4026379327936,271.6862150118686,2580.8545429608785,704.5
1785383189,0,TTFT,S2,6.400000,0.000000,0,0,0,0,0,0,0,0,0,0,0,944,0,360.0,357.0042182049508,271.6862150118686,417.0613830210641,1153.0
1785383189,0,total,S2,6.400000,0.000000,0,0,0,0,0,0,0,0,0,0,0,944,0,2500.0,2259.8010576606366,1834.5366480061784,2580.8545429608785,256.0
1785383189,0,,Aggregated,12.800000,0.000000,0,0,0,0,0,0,0,0,0,0,0,1888,0,420.0,1308.4026379327936,271.6862150118686,2580.8545429608785,704.5
1785383190,0,TTFT,S2,6.400000,0.000000,0,0,0,0,0,0,0,0,0,0,0,944,0,360.0,357.0042182049508,271.6862150118686,417.0613830210641,1153.0
1785383190,0,total,S2,6.400000,0.000000,0,0,0,0,0,0,0,0,0,0,0,944,0,2500.0,2259.8010576606366,1834.5366480061784,2580.8545429608785,256.0
1785383190,0,,Aggregated,12.800000,0.000000,0,0,0,0,0,0,0,0,0,0,0,1888,0,420.0,1308.4026379327936,271.6862150118686,2580.8545429608785,704.5
1785383191,0,TTFT,S2,6.400000,0.000000,0,0,0,0,0,0,0,0,0,0,0,944,0,360.0,357.0042182049508,271.6862150118686,417.0613830210641,1153.0
1785383191,0,total,S2,6.400000,0.000000,0,0,0,0,0,0,0,0,0,0,0,944,0,2500.0,2259.8010576606366,1834.5366480061784,2580.8545429608785,256.0
1785383191,0,,Aggregated,12.800000,0.000000,0,0,0,0,0,0,0,0,0,0,0,1888,0,420.0,1308.4026379327936,271.6862150118686,2580.8545429608785,704.5
1785383192,0,TTFT,S2,6.400000,0.000000,0,0,0,0,0,0,0,0,0,0,0,944,0,360.0,357.0042182049508,271.6862150118686,417.0613830210641,1153.0
1785383192,0,total,S2,6.400000,0.000000,0,0,0,0,0,0,0,0,0,0,0,944,0,2500.0,2259.8010576606366,1834.5366480061784,2580.8545429608785,256.0
1785383192,0,,Aggregated,12.800000,0.000000,0,0,0,0,0,0,0,0,0,0,0,1888,0,420.0,1308.4026379327936,271.6862150118686,2580.8545429608785,704.5
1785383193,0,TTFT,S2,6.400000,0.000000,0,0,0,0,0,0,0,0,0,0,0,944,0,360.0,357.0042182049508,271.6862150118686,417.0613830210641,1153.0
1785383193,0,total,S2,6.400000,0.000000,0,0,0,0,0,0,0,0,0,0,0,944,0,2500.0,2259.8010576606366,1834.5366480061784,2580.8545429608785,256.0
1785383193,0,,Aggregated,12.800000,0.000000,0,0,0,0,0,0,0,0,0,0,0,1888,0,420.0,1308.4026379327936,271.6862150118686,2580.8545429608785,704.5
1785383194,0,TTFT,S2,6.400000,0.000000,0,0,0,0,0,0,0,0,0,0,0,944,0,360.0,357.0042182049508,271.6862150118686,417.0613830210641,1153.0
1785383194,0,total,S2,6.400000,0.000000,0,0,0,0,0,0,0,0,0,0,0,944,0,2500.0,2259.8010576606366,1834.5366480061784,2580.8545429608785,256.0
1785383194,0,,Aggregated,12.800000,0.000000,0,0,0,0,0,0,0,0,0,0,0,1888,0,420.0,1308.4026379327936,271.6862150118686,2580.8545429608785,704.5
1785383195,0,TTFT,S2,6.400000,0.000000,0,0,0,0,0,0,0,0,0,0,0,944,0,360.0,357.0042182049508,271.6862150118686,417.0613830210641,1153.0
1785383195,0,total,S2,6.400000,0.000000,0,0,0,0,0,0,0,0,0,0,0,944,0,2500.0,2259.8010576606366,1834.5366480061784,2580.8545429608785,256.0
1785383195,0,,Aggregated,12.800000,0.000000,0,0,0,0,0,0,0,0,0,0,0,1888,0,420.0,1308.4026379327936,271.6862150118686,2580.8545429608785,704.5
1785383196,0,TTFT,S2,6.400000,0.000000,0,0,0,0,0,0,0,0,0,0,0,944,0,360.0,357.0042182049508,271.6862150118686,417.0613830210641,1153.0
1785383196,0,total,S2,6.400000,0.000000,0,0,0,0,0,0,0,0,0,0,0,944,0,2500.0,2259.8010576606366,1834.5366480061784,2580.8545429608785,256.0
1785383196,0,,Aggregated,12.800000,0.000000,0,0,0,0,0,0,0,0,0,0,0,1888,0,420.0,1308.4026379327936,271.6862150118686,2580.8545429608785,704.5
1785383197,0,TTFT,S2,6.400000,0.000000,0,0,0,0,0,0,0,0,0,0,0,944,0,360.0,357.0042182049508,271.6862150118686,417.0613830210641,1153.0
1785383197,0,total,S2,6.400000,0.000000,0,0,0,0,0,0,0,0,0,0,0,944,0,2500.0,2259.8010576606366,1834.5366480061784,2580.8545429608785,256.0
1785383197,0,,Aggregated,12.800000,0.000000,0,0,0,0,0,0,0,0,0,0,0,1888,0,420.0,1308.4026379327936,271.6862150118686,2580.8545429608785,704.5
1785383198,0,TTFT,S2,6.400000,0.000000,0,0,0,0,0,0,0,0,0,0,0,944,0,360.0,357.0042182049508,271.6862150118686,417.0613830210641,1153.0
1785383198,0,total,S2,6.400000,0.000000,0,0,0,0,0,0,0,0,0,0,0,944,0,2500.0,2259.8010576606366,1834.5366480061784,2580.8545429608785,256.0
1785383198,0,,Aggregated,12.800000,0.000000,0,0,0,0,0,0,0,0,0,0,0,1888,0,420.0,1308.4026379327936,271.6862150118686,2580.8545429608785,704.5
1785383199,0,TTFT,S2,6.400000,0.000000,0,0,0,0,0,0,0,0,0,0,0,944,0,360.0,357.0042182049508,271.6862150118686,417.0613830210641,1153.0
1785383199,0,total,S2,6.400000,0.000000,0,0,0,0,0,0,0,0,0,0,0,944,0,2500.0,2259.8010576606366,1834.5366480061784,2580.8545429608785,256.0
1785383199,0,,Aggregated,12.800000,0.000000,0,0,0,0,0,0,0,0,0,0,0,1888,0,420.0,1308.4026379327936,271.6862150118686,2580.8545429608785,704.5
1785383200,0,TTFT,S2,6.400000,0.000000,0,0,0,0,0,0,0,0,0,0,0,944,0,360.0,357.0042182049508,271.6862150118686,417.0613830210641,1153.0
1785383200,0,total,S2,6.400000,0.000000,0,0,0,0,0,0,0,0,0,0,0,944,0,2500.0,2259.8010576606366,1834.5366480061784,2580.8545429608785,256.0
1785383200,0,,Aggregated,12.800000,0.000000,0,0,0,0,0,0,0,0,0,0,0,1888,0,420.0,1308.4026379327936,271.6862150118686,2580.8545429608785,704.5
1785383201,0,TTFT,S2,6.400000,0.000000,0,0,0,0,0,0,0,0,0,0,0,944,0,360.0,357.0042182049508,271.6862150118686,417.0613830210641,1153.0
1785383201,0,total,S2,6.400000,0.000000,0,0,0,0,0,0,0,0,0,0,0,944,0,2500.0,2259.8010576606366,1834.5366480061784,2580.8545429608785,256.0
1785383201,0,,Aggregated,12.800000,0.000000,0,0,0,0,0,0,0,0,0,0,0,1888,0,420.0,1308.4026379327936,271.6862150118686,2580.8545429608785,704.5
1785383202,0,TTFT,S2,6.400000,0.000000,0,0,0,0,0,0,0,0,0,0,0,944,0,360.0,357.0042182049508,271.6862150118686,417.0613830210641,1153.0
1785383202,0,total,S2,6.400000,0.000000,0,0,0,0,0,0,0,0,0,0,0,944,0,2500.0,2259.8010576606366,1834.5366480061784,2580.8545429608785,256.0
1785383202,0,,Aggregated,12.800000,0.000000,0,0,0,0,0,0,0,0,0,0,0,1888,0,420.0,1308.4026379327936,271.6862150118686,2580.8545429608785,704.5
1785383203,0,TTFT,S2,6.400000,0.000000,0,0,0,0,0,0,0,0,0,0,0,944,0,360.0,357.0042182049508,271.6862150118686,417.0613830210641,1153.0
1785383203,0,total,S2,6.400000,0.000000,0,0,0,0,0,0,0,0,0,0,0,944,0,2500.0,2259.8010576606366,1834.5366480061784,2580.8545429608785,256.0
1785383203,0,,Aggregated,12.800000,0.000000,0,0,0,0,0,0,0,0,0,0,0,1888,0,420.0,1308.4026379327936,271.6862150118686,2580.8545429608785,704.5
1785383204,0,TTFT,S2,6.400000,0.000000,0,0,0,0,0,0,0,0,0,0,0,944,0,360.0,357.0042182049508,271.6862150118686,417.0613830210641,1153.0
1785383204,0,total,S2,6.400000,0.000000,0,0,0,0,0,0,0,0,0,0,0,944,0,2500.0,2259.8010576606366,1834.5366480061784,2580.8545429608785,256.0
1785383204,0,,Aggregated,12.800000,0.000000,0,0,0,0,0,0,0,0,0,0,0,1888,0,420.0,1308.4026379327936,271.6862150118686,2580.8545429608785,704.5
1785383205,0,TTFT,S2,6.400000,0.000000,0,0,0,0,0,0,0,0,0,0,0,944,0,360.0,357.0042182049508,271.6862150118686,417.0613830210641,1153.0
1785383205,0,total,S2,6.400000,0.000000,0,0,0,0,0,0,0,0,0,0,0,944,0,2500.0,2259.8010576606366,1834.5366480061784,2580.8545429608785,256.0
1785383205,0,,Aggregated,12.800000,0.000000,0,0,0,0,0,0,0,0,0,0,0,1888,0,420.0,1308.4026379327936,271.6862150118686,2580.8545429608785,704.5
1785383206,0,TTFT,S2,6.400000,0.000000,0,0,0,0,0,0,0,0,0,0,0,944,0,360.0,357.0042182049508,271.6862150118686,417.0613830210641,1153.0
1785383206,0,total,S2,6.400000,0.000000,0,0,0,0,0,0,0,0,0,0,0,944,0,2500.0,2259.8010576606366,1834.5366480061784,2580.8545429608785,256.0
1785383206,0,,Aggregated,12.800000,0.000000,0,0,0,0,0,0,0,0,0,0,0,1888,0,420.0,1308.4026379327936,271.6862150118686,2580.8545429608785,704.5
1785383207,0,TTFT,S2,6.400000,0.000000,0,0,0,0,0,0,0,0,0,0,0,944,0,360.0,357.0042182049508,271.6862150118686,417.0613830210641,1153.0
1785383207,0,total,S2,6.400000,0.000000,0,0,0,0,0,0,0,0,0,0,0,944,0,2500.0,2259.8010576606366,1834.5366480061784,2580.8545429608785,256.0
1785383207,0,,Aggregated,12.800000,0.000000,0,0,0,0,0,0,0,0,0,0,0,1888,0,420.0,1308.4026379327936,271.6862150118686,2580.8545429608785,704.5
1785383208,0,TTFT,S2,6.400000,0.000000,0,0,0,0,0,0,0,0,0,0,0,944,0,360.0,357.0042182049508,271.6862150118686,417.0613830210641,1153.0
1785383208,0,total,S2,6.400000,0.000000,0,0,0,0,0,0,0,0,0,0,0,944,0,2500.0,2259.8010576606366,1834.5366480061784,2580.8545429608785,256.0
1785383208,0,,Aggregated,12.800000,0.000000,0,0,0,0,0,0,0,0,0,0,0,1888,0,420.0,1308.4026379327936,271.6862150118686,2580.8545429608785,704.5
1785383209,0,TTFT,S2,6.400000,0.000000,0,0,0,0,0,0,0,0,0,0,0,944,0,360.0,357.0042182049508,271.6862150118686,417.0613830210641,1153.0
1785383209,0,total,S2,6.400000,0.000000,0,0,0,0,0,0,0,0,0,0,0,944,0,2500.0,2259.8010576606366,1834.5366480061784,2580.8545429608785,256.0
1785383209,0,,Aggregated,12.800000,0.000000,0,0,0,0,0,0,0,0,0,0,0,1888,0,420.0,1308.4026379327936,271.6862150118686,2580.8545429608785,704.5
1785383210,0,TTFT,S2,6.400000,0.000000,0,0,0,0,0,0,0,0,0,0,0,944,0,360.0,357.0042182049508,271.6862150118686,417.0613830210641,1153.0
1785383210,0,total,S2,6.400000,0.000000,0,0,0,0,0,0,0,0,0,0,0,944,0,2500.0,2259.8010576606366,1834.5366480061784,2580.8545429608785,256.0
1785383210,0,,Aggregated,12.800000,0.000000,0,0,0,0,0,0,0,0,0,0,0,1888,0,420.0,1308.4026379327936,271.6862150118686,2580.8545429608785,704.5
1785383211,0,TTFT,S2,6.400000,0.000000,0,0,0,0,0,0,0,0,0,0,0,944,0,360.0,357.0042182049508,271.6862150118686,417.0613830210641,1153.0
1785383211,0,total,S2,6.400000,0.000000,0,0,0,0,0,0,0,0,0,0,0,944,0,2500.0,2259.8010576606366,1834.5366480061784,2580.8545429608785,256.0
1785383211,0,,Aggregated,12.800000,0.000000,0,0,0,0,0,0,0,0,0,0,0,1888,0,420.0,1308.4026379327936,271.6862150118686,2580.8545429608785,704.5
1785383212,0,TTFT,S2,6.400000,0.000000,0,0,0,0,0,0,0,0,0,0,0,944,0,360.0,357.0042182049508,271.6862150118686,417.0613830210641,1153.0
1785383212,0,total,S2,6.400000,0.000000,0,0,0,0,0,0,0,0,0,0,0,944,0,2500.0,2259.8010576606366,1834.5366480061784,2580.8545429608785,256.0
1785383212,0,,Aggregated,12.800000,0.000000,0,0,0,0,0,0,0,0,0,0,0,1888,0,420.0,1308.4026379327936,271.6862150118686,2580.8545429608785,704.5
1785383213,0,TTFT,S2,6.400000,0.000000,0,0,0,0,0,0,0,0,0,0,0,944,0,360.0,357.0042182049508,271.6862150118686,417.0613830210641,1153.0
1785383213,0,total,S2,6.400000,0.000000,0,0,0,0,0,0,0,0,0,0,0,944,0,2500.0,2259.8010576606366,1834.5366480061784,2580.8545429608785,256.0
1785383213,0,,Aggregated,12.800000,0.000000,0,0,0,0,0,0,0,0,0,0,0,1888,0,420.0,1308.4026379327936,271.6862150118686,2580.8545429608785,704.5
1785383214,0,TTFT,S2,6.400000,0.000000,0,0,0,0,0,0,0,0,0,0,0,944,0,360.0,357.0042182049508,271.6862150118686,417.0613830210641,1153.0
1785383214,0,total,S2,6.400000,0.000000,0,0,0,0,0,0,0,0,0,0,0,944,0,2500.0,2259.8010576606366,1834.5366480061784,2580.8545429608785,256.0
1785383214,0,,Aggregated,12.800000,0.000000,0,0,0,0,0,0,0,0,0,0,0,1888,0,420.0,1308.4026379327936,271.6862150118686,2580.8545429608785,704.5
1785383215,0,TTFT,S2,6.400000,0.000000,0,0,0,0,0,0,0,0,0,0,0,944,0,360.0,357.0042182049508,271.6862150118686,417.0613830210641,1153.0
1785383215,0,total,S2,6.400000,0.000000,0,0,0,0,0,0,0,0,0,0,0,944,0,2500.0,2259.8010576606366,1834.5366480061784,2580.8545429608785,256.0
1785383215,0,,Aggregated,12.800000,0.000000,0,0,0,0,0,0,0,0,0,0,0,1888,0,420.0,1308.4026379327936,271.6862150118686,2580.8545429608785,704.5
1785383216,0,TTFT,S2,6.400000,0.000000,0,0,0,0,0,0,0,0,0,0,0,944,0,360.0,357.0042182049508,271.6862150118686,417.0613830210641,1153.0
1785383216,0,total,S2,6.400000,0.000000,0,0,0,0,0,0,0,0,0,0,0,944,0,2500.0,2259.8010576606366,1834.5366480061784,2580.8545429608785,256.0
1785383216,0,,Aggregated,12.800000,0.000000,0,0,0,0,0,0,0,0,0,0,0,1888,0,420.0,1308.4026379327936,271.6862150118686,2580.8545429608785,704.5
1785383217,0,TTFT,S2,6.400000,0.000000,0,0,0,0,0,0,0,0,0,0,0,944,0,360.0,357.0042182049508,271.6862150118686,417.0613830210641,1153.0
1785383217,0,total,S2,6.400000,0.000000,0,0,0,0,0,0,0,0,0,0,0,944,0,2500.0,2259.8010576606366,1834.5366480061784,2580.8545429608785,256.0
1785383217,0,,Aggregated,12.800000,0.000000,0,0,0,0,0,0,0,0,0,0,0,1888,0,420.0,1308.4026379327936,271.6862150118686,2580.8545429608785,704.5
1785383218,0,TTFT,S2,6.400000,0.000000,0,0,0,0,0,0,0,0,0,0,0,944,0,360.0,357.0042182049508,271.6862150118686,417.0613830210641,1153.0
1785383218,0,total,S2,6.400000,0.000000,0,0,0,0,0,0,0,0,0,0,0,944,0,2500.0,2259.8010576606366,1834.5366480061784,2580.8545429608785,256.0
1785383218,0,,Aggregated,12.800000,0.000000,0,0,0,0,0,0,0,0,0,0,0,1888,0,420.0,1308.4026379327936,271.6862150118686,2580.8545429608785,704.5
1785383219,0,TTFT,S2,6.400000,0.000000,0,0,0,0,0,0,0,0,0,0,0,944,0,360.0,357.0042182049508,271.6862150118686,417.0613830210641,1153.0
1785383219,0,total,S2,6.400000,0.000000,0,0,0,0,0,0,0,0,0,0,0,944,0,2500.0,2259.8010576606366,1834.5366480061784,2580.8545429608785,256.0
1785383219,0,,Aggregated,12.800000,0.000000,0,0,0,0,0,0,0,0,0,0,0,1888,0,420.0,1308.4026379327936,271.6862150118686,2580.8545429608785,704.5
1785383220,0,TTFT,S2,6.400000,0.000000,0,0,0,0,0,0,0,0,0,0,0,944,0,360.0,357.0042182049508,271.6862150118686,417.0613830210641,1153.0
1785383220,0,total,S2,6.400000,0.000000,0,0,0,0,0,0,0,0,0,0,0,944,0,2500.0,2259.8010576606366,1834.5366480061784,2580.8545429608785,256.0
1785383220,0,,Aggregated,12.800000,0.000000,0,0,0,0,0,0,0,0,0,0,0,1888,0,420.0,1308.4026379327936,271.6862150118686,2580.8545429608785,704.5
1785383221,0,TTFT,S2,6.400000,0.000000,0,0,0,0,0,0,0,0,0,0,0,944,0,360.0,357.0042182049508,271.6862150118686,417.0613830210641,1153.0
1785383221,0,total,S2,6.400000,0.000000,0,0,0,0,0,0,0,0,0,0,0,944,0,2500.0,2259.8010576606366,1834.5366480061784,2580.8545429608785,256.0
1785383221,0,,Aggregated,12.800000,0.000000,0,0,0,0,0,0,0,0,0,0,0,1888,0,420.0,1308.4026379327936,271.6862150118686,2580.8545429608785,704.5
1785383222,0,TTFT,S2,6.400000,0.000000,0,0,0,0,0,0,0,0,0,0,0,944,0,360.0,357.0042182049508,271.6862150118686,417.0613830210641,1153.0
1785383222,0,total,S2,6.400000,0.000000,0,0,0,0,0,0,0,0,0,0,0,944,0,2500.0,2259.8010576606366,1834.5366480061784,2580.8545429608785,256.0
1785383222,0,,Aggregated,12.800000,0.000000,0,0,0,0,0,0,0,0,0,0,0,1888,0,420.0,1308.4026379327936,271.6862150118686,2580.8545429608785,704.5
1785383223,0,TTFT,S2,6.400000,0.000000,0,0,0,0,0,0,0,0,0,0,0,944,0,360.0,357.0042182049508,271.6862150118686,417.0613830210641,1153.0
1785383223,0,total,S2,6.400000,0.000000,0,0,0,0,0,0,0,0,0,0,0,944,0,2500.0,2259.8010576606366,1834.5366480061784,2580.8545429608785,256.0
1785383223,0,,Aggregated,12.800000,0.000000,0,0,0,0,0,0,0,0,0,0,0,1888,0,420.0,1308.4026379327936,271.6862150118686,2580.8545429608785,704.5
1785383224,0,TTFT,S2,6.400000,0.000000,0,0,0,0,0,0,0,0,0,0,0,944,0,360.0,357.0042182049508,271.6862150118686,417.0613830210641,1153.0
1785383224,0,total,S2,6.400000,0.000000,0,0,0,0,0,0,0,0,0,0,0,944,0,2500.0,2259.8010576606366,1834.5366480061784,2580.8545429608785,256.0
1785383224,0,,Aggregated,12.800000,0.000000,0,0,0,0,0,0,0,0,0,0,0,1888,0,420.0,1308.4026379327936,271.6862150118686,2580.8545429608785,704.5
1785383225,0,TTFT,S2,6.400000,0.000000,0,0,0,0,0,0,0,0,0,0,0,944,0,360.0,357.0042182049508,271.6862150118686,417.0613830210641,1153.0
1785383225,0,total,S2,6.400000,0.000000,0,0,0,0,0,0,0,0,0,0,0,944,0,2500.0,2259.8010576606366,1834.5366480061784,2580.8545429608785,256.0
1785383225,0,,Aggregated,12.800000,0.000000,0,0,0,0,0,0,0,0,0,0,0,1888,0,420.0,1308.4026379327936,271.6862150118686,2580.8545429608785,704.5
1785383226,0,TTFT,S2,6.400000,0.000000,0,0,0,0,0,0,0,0,0,0,0,944,0,360.0,357.0042182049508,271.6862150118686,417.0613830210641,1153.0
1785383226,0,total,S2,6.400000,0.000000,0,0,0,0,0,0,0,0,0,0,0,944,0,2500.0,2259.8010576606366,1834.5366480061784,2580.8545429608785,256.0
1785383226,0,,Aggregated,12.800000,0.000000,0,0,0,0,0,0,0,0,0,0,0,1888,0,420.0,1308.4026379327936,271.6862150118686,2580.8545429608785,704.5
1785383227,0,TTFT,S2,6.400000,0.000000,0,0,0,0,0,0,0,0,0,0,0,944,0,360.0,357.0042182049508,271.6862150118686,417.0613830210641,1153.0
1785383227,0,total,S2,6.400000,0.000000,0,0,0,0,0,0,0,0,0,0,0,944,0,2500.0,2259.8010576606366,1834.5366480061784,2580.8545429608785,256.0
1785383227,0,,Aggregated,12.800000,0.000000,0,0,0,0,0,0,0,0,0,0,0,1888,0,420.0,1308.4026379327936,271.6862150118686,2580.8545429608785,704.5
1785383228,0,TTFT,S2,6.400000,0.000000,0,0,0,0,0,0,0,0,0,0,0,944,0,360.0,357.0042182049508,271.6862150118686,417.0613830210641,1153.0
1785383228,0,total,S2,6.400000,0.000000,0,0,0,0,0,0,0,0,0,0,0,944,0,2500.0,2259.8010576606366,1834.5366480061784,2580.8545429608785,256.0
1785383228,0,,Aggregated,12.800000,0.000000,0,0,0,0,0,0,0,0,0,0,0,1888,0,420.0,1308.4026379327936,271.6862150118686,2580.8545429608785,704.5
1785383229,0,TTFT,S2,6.400000,0.000000,0,0,0,0,0,0,0,0,0,0,0,944,0,360.0,357.0042182049508,271.6862150118686,417.0613830210641,1153.0
1785383229,0,total,S2,6.400000,0.000000,0,0,0,0,0,0,0,0,0,0,0,944,0,2500.0,2259.8010576606366,1834.5366480061784,2580.8545429608785,256.0
1785383229,0,,Aggregated,12.800000,0.000000,0,0,0,0,0,0,0,0,0,0,0,1888,0,420.0,1308.4026379327936,271.6862150118686,2580.8545429608785,704.5
1785383230,0,TTFT,S2,6.400000,0.000000,0,0,0,0,0,0,0,0,0,0,0,944,0,360.0,357.0042182049508,271.6862150118686,417.0613830210641,1153.0
1785383230,0,total,S2,6.400000,0.000000,0,0,0,0,0,0,0,0,0,0,0,944,0,2500.0,2259.8010576606366,1834.5366480061784,2580.8545429608785,256.0
1785383230,0,,Aggregated,12.800000,0.000000,0,0,0,0,0,0,0,0,0,0,0,1888,0,420.0,1308.4026379327936,271.6862150118686,2580.8545429608785,704.5
1785383231,0,TTFT,S2,6.400000,0.000000,0,0,0,0,0,0,0,0,0,0,0,944,0,360.0,357.0042182049508,271.6862150118686,417.0613830210641,1153.0
1785383231,0,total,S2,6.400000,0.000000,0,0,0,0,0,0,0,0,0,0,0,944,0,2500.0,2259.8010576606366,1834.5366480061784,2580.8545429608785,256.0
1785383231,0,,Aggregated,12.800000,0.000000,0,0,0,0,0,0,0,0,0,0,0,1888,0,420.0,1308.4026379327936,271.6862150118686,2580.8545429608785,704.5
1785383232,0,TTFT,S2,6.400000,0.000000,0,0,0,0,0,0,0,0,0,0,0,944,0,360.0,357.0042182049508,271.6862150118686,417.0613830210641,1153.0
1785383232,0,total,S2,6.400000,0.000000,0,0,0,0,0,0,0,0,0,0,0,944,0,2500.0,2259.8010576606366,1834.5366480061784,2580.8545429608785,256.0
1785383232,0,,Aggregated,12.800000,0.000000,0,0,0,0,0,0,0,0,0,0,0,1888,0,420.0,1308.4026379327936,271.6862150118686,2580.8545429608785,704.5
1785383233,0,TTFT,S2,6.400000,0.000000,0,0,0,0,0,0,0,0,0,0,0,944,0,360.0,357.0042182049508,271.6862150118686,417.0613830210641,1153.0
1785383233,0,total,S2,6.400000,0.000000,0,0,0,0,0,0,0,0,0,0,0,944,0,2500.0,2259.8010576606366,1834.5366480061784,2580.8545429608785,256.0
1785383233,0,,Aggregated,12.800000,0.000000,0,0,0,0,0,0,0,0,0,0,0,1888,0,420.0,1308.4026379327936,271.6862150118686,2580.8545429608785,704.5
1785383234,0,TTFT,S2,6.400000,0.000000,0,0,0,0,0,0,0,0,0,0,0,944,0,360.0,357.0042182049508,271.6862150118686,417.0613830210641,1153.0
1785383234,0,total,S2,6.400000,0.000000,0,0,0,0,0,0,0,0,0,0,0,944,0,2500.0,2259.8010576606366,1834.5366480061784,2580.8545429608785,256.0
1785383234,0,,Aggregated,12.800000,0.000000,0,0,0,0,0,0,0,0,0,0,0,1888,0,420.0,1308.4026379327936,271.6862150118686,2580.8545429608785,704.5
1785383235,0,TTFT,S2,6.400000,0.000000,0,0,0,0,0,0,0,0,0,0,0,944,0,360.0,357.0042182049508,271.6862150118686,417.0613830210641,1153.0
1785383235,0,total,S2,6.400000,0.000000,0,0,0,0,0,0,0,0,0,0,0,944,0,2500.0,2259.8010576606366,1834.5366480061784,2580.8545429608785,256.0
1785383235,0,,Aggregated,12.800000,0.000000,0,0,0,0,0,0,0,0,0,0,0,1888,0,420.0,1308.4026379327936,271.6862150118686,2580.8545429608785,704.5
1785383236,0,TTFT,S2,6.400000,0.000000,0,0,0,0,0,0,0,0,0,0,0,944,0,360.0,357.0042182049508,271.6862150118686,417.0613830210641,1153.0
1785383236,0,total,S2,6.400000,0.000000,0,0,0,0,0,0,0,0,0,0,0,944,0,2500.0,2259.8010576606366,1834.5366480061784,2580.8545429608785,256.0
1785383236,0,,Aggregated,12.800000,0.000000,0,0,0,0,0,0,0,0,0,0,0,1888,0,420.0,1308.4026379327936,271.6862150118686,2580.8545429608785,704.5
1785383237,0,TTFT,S2,6.400000,0.000000,0,0,0,0,0,0,0,0,0,0,0,944,0,360.0,357.0042182049508,271.6862150118686,417.0613830210641,1153.0
1785383237,0,total,S2,6.400000,0.000000,0,0,0,0,0,0,0,0,0,0,0,944,0,2500.0,2259.8010576606366,1834.5366480061784,2580.8545429608785,256.0
1785383237,0,,Aggregated,12.800000,0.000000,0,0,0,0,0,0,0,0,0,0,0,1888,0,420.0,1308.4026379327936,271.6862150118686,2580.8545429608785,704.5
1785383238,0,TTFT,S2,6.400000,0.000000,0,0,0,0,0,0,0,0,0,0,0,944,0,360.0,357.0042182049508,271.6862150118686,417.0613830210641,1153.0
1785383238,0,total,S2,6.400000,0.000000,0,0,0,0,0,0,0,0,0,0,0,944,0,2500.0,2259.8010576606366,1834.5366480061784,2580.8545429608785,256.0
1785383238,0,,Aggregated,12.800000,0.000000,0,0,0,0,0,0,0,0,0,0,0,1888,0,420.0,1308.4026379327936,271.6862150118686,2580.8545429608785,704.5
1785383239,0,TTFT,S2,6.400000,0.000000,0,0,0,0,0,0,0,0,0,0,0,944,0,360.0,357.0042182049508,271.6862150118686,417.0613830210641,1153.0
1785383239,0,total,S2,6.400000,0.000000,0,0,0,0,0,0,0,0,0,0,0,944,0,2500.0,2259.8010576606366,1834.5366480061784,2580.8545429608785,256.0
1785383239,0,,Aggregated,12.800000,0.000000,0,0,0,0,0,0,0,0,0,0,0,1888,0,420.0,1308.4026379327936,271.6862150118686,2580.8545429608785,704.5
1785383240,0,TTFT,S2,6.400000,0.000000,0,0,0,0,0,0,0,0,0,0,0,944,0,360.0,357.0042182049508,271.6862150118686,417.0613830210641,1153.0
1785383240,0,total,S2,6.400000,0.000000,0,0,0,0,0,0,0,0,0,0,0,944,0,2500.0,2259.8010576606366,1834.5366480061784,2580.8545429608785,256.0
1785383240,0,,Aggregated,12.800000,0.000000,0,0,0,0,0,0,0,0,0,0,0,1888,0,420.0,1308.4026379327936,271.6862150118686,2580.8545429608785,704.5
1785383241,0,TTFT,S2,6.400000,0.000000,0,0,0,0,0,0,0,0,0,0,0,944,0,360.0,357.0042182049508,271.6862150118686,417.0613830210641,1153.0
1785383241,0,total,S2,6.400000,0.000000,0,0,0,0,0,0,0,0,0,0,0,944,0,2500.0,2259.8010576606366,1834.5366480061784,2580.8545429608785,256.0
1785383241,0,,Aggregated,12.800000,0.000000,0,0,0,0,0,0,0,0,0,0,0,1888,0,420.0,1308.4026379327936,271.6862150118686,2580.8545429608785,704.5
1785383242,0,TTFT,S2,6.400000,0.000000,0,0,0,0,0,0,0,0,0,0,0,944,0,360.0,357.0042182049508,271.6862150118686,417.0613830210641,1153.0
1785383242,0,total,S2,6.400000,0.000000,0,0,0,0,0,0,0,0,0,0,0,944,0,2500.0,2259.8010576606366,1834.5366480061784,2580.8545429608785,256.0
1785383242,0,,Aggregated,12.800000,0.000000,0,0,0,0,0,0,0,0,0,0,0,1888,0,420.0,1308.4026379327936,271.6862150118686,2580.8545429608785,704.5
1785383243,0,TTFT,S2,6.400000,0.000000,0,0,0,0,0,0,0,0,0,0,0,944,0,360.0,357.0042182049508,271.6862150118686,417.0613830210641,1153.0
1785383243,0,total,S2,6.400000,0.000000,0,0,0,0,0,0,0,0,0,0,0,944,0,2500.0,2259.8010576606366,1834.5366480061784,2580.8545429608785,256.0
1785383243,0,,Aggregated,12.800000,0.000000,0,0,0,0,0,0,0,0,0,0,0,1888,0,420.0,1308.4026379327936,271.6862150118686,2580.8545429608785,704.5
1785383244,0,TTFT,S2,6.400000,0.000000,0,0,0,0,0,0,0,0,0,0,0,944,0,360.0,357.0042182049508,271.6862150118686,417.0613830210641,1153.0
1785383244,0,total,S2,6.400000,0.000000,0,0,0,0,0,0,0,0,0,0,0,944,0,2500.0,2259.8010576606366,1834.5366480061784,2580.8545429608785,256.0
1785383244,0,,Aggregated,12.800000,0.000000,0,0,0,0,0,0,0,0,0,0,0,1888,0,420.0,1308.4026379327936,271.6862150118686,2580.8545429608785,704.5
1785383245,0,TTFT,S2,6.400000,0.000000,0,0,0,0,0,0,0,0,0,0,0,944,0,360.0,357.0042182049508,271.6862150118686,417.0613830210641,1153.0
1785383245,0,total,S2,6.400000,0.000000,0,0,0,0,0,0,0,0,0,0,0,944,0,2500.0,2259.8010576606366,1834.5366480061784,2580.8545429608785,256.0
1785383245,0,,Aggregated,12.800000,0.000000,0,0,0,0,0,0,0,0,0,0,0,1888,0,420.0,1308.4026379327936,271.6862150118686,2580.8545429608785,704.5
1785383246,0,TTFT,S2,6.400000,0.000000,0,0,0,0,0,0,0,0,0,0,0,944,0,360.0,357.0042182049508,271.6862150118686,417.0613830210641,1153.0
1785383246,0,total,S2,6.400000,0.000000,0,0,0,0,0,0,0,0,0,0,0,944,0,2500.0,2259.8010576606366,1834.5366480061784,2580.8545429608785,256.0
1785383246,0,,Aggregated,12.800000,0.000000,0,0,0,0,0,0,0,0,0,0,0,1888,0,420.0,1308.4026379327936,271.6862150118686,2580.8545429608785,704.5
1785383247,0,TTFT,S2,6.400000,0.000000,0,0,0,0,0,0,0,0,0,0,0,944,0,360.0,357.0042182049508,271.6862150118686,417.0613830210641,1153.0
1785383247,0,total,S2,6.400000,0.000000,0,0,0,0,0,0,0,0,0,0,0,944,0,2500.0,2259.8010576606366,1834.5366480061784,2580.8545429608785,256.0
1785383247,0,,Aggregated,12.800000,0.000000,0,0,0,0,0,0,0,0,0,0,0,1888,0,420.0,1308.4026379327936,271.6862150118686,2580.8545429608785,704.5
1785383248,0,TTFT,S2,6.400000,0.000000,0,0,0,0,0,0,0,0,0,0,0,944,0,360.0,357.0042182049508,271.6862150118686,417.0613830210641,1153.0
1785383248,0,total,S2,6.400000,0.000000,0,0,0,0,0,0,0,0,0,0,0,944,0,2500.0,2259.8010576606366,1834.5366480061784,2580.8545429608785,256.0
1785383248,0,,Aggregated,12.800000,0.000000,0,0,0,0,0,0,0,0,0,0,0,1888,0,420.0,1308.4026379327936,271.6862150118686,2580.8545429608785,704.5
1785383249,0,TTFT,S2,6.400000,0.000000,0,0,0,0,0,0,0,0,0,0,0,944,0,360.0,357.0042182049508,271.6862150118686,417.0613830210641,1153.0
1785383249,0,total,S2,6.400000,0.000000,0,0,0,0,0,0,0,0,0,0,0,944,0,2500.0,2259.8010576606366,1834.5366480061784,2580.8545429608785,256.0
1785383249,0,,Aggregated,12.800000,0.000000,0,0,0,0,0,0,0,0,0,0,0,1888,0,420.0,1308.4026379327936,271.6862150118686,2580.8545429608785,704.5
1785383250,0,TTFT,S2,6.400000,0.000000,0,0,0,0,0,0,0,0,0,0,0,944,0,360.0,357.0042182049508,271.6862150118686,417.0613830210641,1153.0
1785383250,0,total,S2,6.400000,0.000000,0,0,0,0,0,0,0,0,0,0,0,944,0,2500.0,2259.8010576606366,1834.5366480061784,2580.8545429608785,256.0
1785383250,0,,Aggregated,12.800000,0.000000,0,0,0,0,0,0,0,0,0,0,0,1888,0,420.0,1308.4026379327936,271.6862150118686,2580.8545429608785,704.5
1785383251,0,TTFT,S2,6.400000,0.000000,0,0,0,0,0,0,0,0,0,0,0,944,0,360.0,357.0042182049508,271.6862150118686,417.0613830210641,1153.0
1785383251,0,total,S2,6.400000,0.000000,0,0,0,0,0,0,0,0,0,0,0,944,0,2500.0,2259.8010576606366,1834.5366480061784,2580.8545429608785,256.0
1785383251,0,,Aggregated,12.800000,0.000000,0,0,0,0,0,0,0,0,0,0,0,1888,0,420.0,1308.4026379327936,271.6862150118686,2580.8545429608785,704.5
1785383252,0,TTFT,S2,6.400000,0.000000,0,0,0,0,0,0,0,0,0,0,0,944,0,360.0,357.0042182049508,271.6862150118686,417.0613830210641,1153.0
1785383252,0,total,S2,6.400000,0.000000,0,0,0,0,0,0,0,0,0,0,0,944,0,2500.0,2259.8010576606366,1834.5366480061784,2580.8545429608785,256.0
1785383252,0,,Aggregated,12.800000,0.000000,0,0,0,0,0,0,0,0,0,0,0,1888,0,420.0,1308.4026379327936,271.6862150118686,2580.8545429608785,704.5
1785383253,0,TTFT,S2,6.400000,0.000000,0,0,0,0,0,0,0,0,0,0,0,944,0,360.0,357.0042182049508,271.6862150118686,417.0613830210641,1153.0
1785383253,0,total,S2,6.400000,0.000000,0,0,0,0,0,0,0,0,0,0,0,944,0,2500.0,2259.8010576606366,1834.5366480061784,2580.8545429608785,256.0
1785383253,0,,Aggregated,12.800000,0.000000,0,0,0,0,0,0,0,0,0,0,0,1888,0,420.0,1308.4026379327936,271.6862150118686,2580.8545429608785,704.5
1785383254,0,TTFT,S2,6.400000,0.000000,0,0,0,0,0,0,0,0,0,0,0,944,0,360.0,357.0042182049508,271.6862150118686,417.0613830210641,1153.0
1785383254,0,total,S2,6.400000,0.000000,0,0,0,0,0,0,0,0,0,0,0,944,0,2500.0,2259.8010576606366,1834.5366480061784,2580.8545429608785,256.0
1785383254,0,,Aggregated,12.800000,0.000000,0,0,0,0,0,0,0,0,0,0,0,1888,0,420.0,1308.4026379327936,271.6862150118686,2580.8545429608785,704.5
1785383255,0,TTFT,S2,6.400000,0.000000,0,0,0,0,0,0,0,0,0,0,0,944,0,360.0,357.0042182049508,271.6862150118686,417.0613830210641,1153.0
1785383255,0,total,S2,6.400000,0.000000,0,0,0,0,0,0,0,0,0,0,0,944,0,2500.0,2259.8010576606366,1834.5366480061784,2580.8545429608785,256.0
1785383255,0,,Aggregated,12.800000,0.000000,0,0,0,0,0,0,0,0,0,0,0,1888,0,420.0,1308.4026379327936,271.6862150118686,2580.8545429608785,704.5
1785383256,0,TTFT,S2,6.400000,0.000000,0,0,0,0,0,0,0,0,0,0,0,944,0,360.0,357.0042182049508,271.6862150118686,417.0613830210641,1153.0
1785383256,0,total,S2,6.400000,0.000000,0,0,0,0,0,0,0,0,0,0,0,944,0,2500.0,2259.8010576606366,1834.5366480061784,2580.8545429608785,256.0
1785383256,0,,Aggregated,12.800000,0.000000,0,0,0,0,0,0,0,0,0,0,0,1888,0,420.0,1308.4026379327936,271.6862150118686,2580.8545429608785,704.5
1785383257,0,TTFT,S2,6.400000,0.000000,0,0,0,0,0,0,0,0,0,0,0,944,0,360.0,357.0042182049508,271.6862150118686,417.0613830210641,1153.0
1785383257,0,total,S2,6.400000,0.000000,0,0,0,0,0,0,0,0,0,0,0,944,0,2500.0,2259.8010576606366,1834.5366480061784,2580.8545429608785,256.0
1785383257,0,,Aggregated,12.800000,0.000000,0,0,0,0,0,0,0,0,0,0,0,1888,0,420.0,1308.4026379327936,271.6862150118686,2580.8545429608785,704.5
1785383258,0,TTFT,S2,6.400000,0.000000,0,0,0,0,0,0,0,0,0,0,0,944,0,360.0,357.0042182049508,271.6862150118686,417.0613830210641,1153.0
1785383258,0,total,S2,6.400000,0.000000,0,0,0,0,0,0,0,0,0,0,0,944,0,2500.0,2259.8010576606366,1834.5366480061784,2580.8545429608785,256.0
1785383258,0,,Aggregated,12.800000,0.000000,0,0,0,0,0,0,0,0,0,0,0,1888,0,420.0,1308.4026379327936,271.6862150118686,2580.8545429608785,704.5
1785383259,0,TTFT,S2,6.400000,0.000000,0,0,0,0,0,0,0,0,0,0,0,944,0,360.0,357.0042182049508,271.6862150118686,417.0613830210641,1153.0
1785383259,0,total,S2,6.400000,0.000000,0,0,0,0,0,0,0,0,0,0,0,944,0,2500.0,2259.8010576606366,1834.5366480061784,2580.8545429608785,256.0
1785383259,0,,Aggregated,12.800000,0.000000,0,0,0,0,0,0,0,0,0,0,0,1888,0,420.0,1308.4026379327936,271.6862150118686,2580.8545429608785,704.5
1785383260,0,TTFT,S2,6.400000,0.000000,0,0,0,0,0,0,0,0,0,0,0,944,0,360.0,357.0042182049508,271.6862150118686,417.0613830210641,1153.0
1785383260,0,total,S2,6.400000,0.000000,0,0,0,0,0,0,0,0,0,0,0,944,0,2500.0,2259.8010576606366,1834.5366480061784,2580.8545429608785,256.0
1785383260,0,,Aggregated,12.800000,0.000000,0,0,0,0,0,0,0,0,0,0,0,1888,0,420.0,1308.4026379327936,271.6862150118686,2580.8545429608785,704.5
1785383261,0,TTFT,S2,6.400000,0.000000,0,0,0,0,0,0,0,0,0,0,0,944,0,360.0,357.0042182049508,271.6862150118686,417.0613830210641,1153.0
1785383261,0,total,S2,6.400000,0.000000,0,0,0,0,0,0,0,0,0,0,0,944,0,2500.0,2259.8010576606366,1834.5366480061784,2580.8545429608785,256.0
1785383261,0,,Aggregated,12.800000,0.000000,0,0,0,0,0,0,0,0,0,0,0,1888,0,420.0,1308.4026379327936,271.6862150118686,2580.8545429608785,704.5
1785383262,0,TTFT,S2,6.400000,0.000000,0,0,0,0,0,0,0,0,0,0,0,944,0,360.0,357.0042182049508,271.6862150118686,417.0613830210641,1153.0
1785383262,0,total,S2,6.400000,0.000000,0,0,0,0,0,0,0,0,0,0,0,944,0,2500.0,2259.8010576606366,1834.5366480061784,2580.8545429608785,256.0
1785383262,0,,Aggregated,12.800000,0.000000,0,0,0,0,0,0,0,0,0,0,0,1888,0,420.0,1308.4026379327936,271.6862150118686,2580.8545429608785,704.5
1785383263,0,TTFT,S2,6.400000,0.000000,0,0,0,0,0,0,0,0,0,0,0,944,0,360.0,357.0042182049508,271.6862150118686,417.0613830210641,1153.0
1785383263,0,total,S2,6.400000,0.000000,0,0,0,0,0,0,0,0,0,0,0,944,0,2500.0,2259.8010576606366,1834.5366480061784,2580.8545429608785,256.0
1785383263,0,,Aggregated,12.800000,0.000000,0,0,0,0,0,0,0,0,0,0,0,1888,0,420.0,1308.4026379327936,271.6862150118686,2580.8545429608785,704.5
1785383264,0,TTFT,S2,6.400000,0.000000,0,0,0,0,0,0,0,0,0,0,0,944,0,360.0,357.0042182049508,271.6862150118686,417.0613830210641,1153.0
1785383264,0,total,S2,6.400000,0.000000,0,0,0,0,0,0,0,0,0,0,0,944,0,2500.0,2259.8010576606366,1834.5366480061784,2580.8545429608785,256.0
1785383264,0,,Aggregated,12.800000,0.000000,0,0,0,0,0,0,0,0,0,0,0,1888,0,420.0,1308.4026379327936,271.6862150118686,2580.8545429608785,704.5
1785383265,0,TTFT,S2,6.400000,0.000000,0,0,0,0,0,0,0,0,0,0,0,944,0,360.0,357.0042182049508,271.6862150118686,417.0613830210641,1153.0
1785383265,0,total,S2,6.400000,0.000000,0,0,0,0,0,0,0,0,0,0,0,944,0,2500.0,2259.8010576606366,1834.5366480061784,2580.8545429608785,256.0
1785383265,0,,Aggregated,12.800000,0.000000,0,0,0,0,0,0,0,0,0,0,0,1888,0,420.0,1308.4026379327936,271.6862150118686,2580.8545429608785,704.5
1785383266,0,TTFT,S2,6.400000,0.000000,0,0,0,0,0,0,0,0,0,0,0,944,0,360.0,357.0042182049508,271.6862150118686,417.0613830210641,1153.0
1785383266,0,total,S2,6.400000,0.000000,0,0,0,0,0,0,0,0,0,0,0,944,0,2500.0,2259.8010576606366,1834.5366480061784,2580.8545429608785,256.0
1785383266,0,,Aggregated,12.800000,0.000000,0,0,0,0,0,0,0,0,0,0,0,1888,0,420.0,1308.4026379327936,271.6862150118686,2580.8545429608785,704.5
1785383267,0,TTFT,S2,6.400000,0.000000,0,0,0,0,0,0,0,0,0,0,0,944,0,360.0,357.0042182049508,271.6862150118686,417.0613830210641,1153.0
1785383267,0,total,S2,6.400000,0.000000,0,0,0,0,0,0,0,0,0,0,0,944,0,2500.0,2259.8010576606366,1834.5366480061784,2580.8545429608785,256.0
1785383267,0,,Aggregated,12.800000,0.000000,0,0,0,0,0,0,0,0,0,0,0,1888,0,420.0,1308.4026379327936,271.6862150118686,2580.8545429608785,704.5
1785383268,0,TTFT,S2,6.400000,0.000000,0,0,0,0,0,0,0,0,0,0,0,944,0,360.0,357.0042182049508,271.6862150118686,417.0613830210641,1153.0
1785383268,0,total,S2,6.400000,0.000000,0,0,0,0,0,0,0,0,0,0,0,944,0,2500.0,2259.8010576606366,1834.5366480061784,2580.8545429608785,256.0
1785383268,0,,Aggregated,12.800000,0.000000,0,0,0,0,0,0,0,0,0,0,0,1888,0,420.0,1308.4026379327936,271.6862150118686,2580.8545429608785,704.5
1785383269,0,TTFT,S2,6.400000,0.000000,0,0,0,0,0,0,0,0,0,0,0,944,0,360.0,357.0042182049508,271.6862150118686,417.0613830210641,1153.0
1785383269,0,total,S2,6.400000,0.000000,0,0,0,0,0,0,0,0,0,0,0,944,0,2500.0,2259.8010576606366,1834.5366480061784,2580.8545429608785,256.0
1785383269,0,,Aggregated,12.800000,0.000000,0,0,0,0,0,0,0,0,0,0,0,1888,0,420.0,1308.4026379327936,271.6862150118686,2580.8545429608785,704.5
1785383270,0,TTFT,S2,6.400000,0.000000,0,0,0,0,0,0,0,0,0,0,0,944,0,360.0,357.0042182049508,271.6862150118686,417.0613830210641,1153.0
1785383270,0,total,S2,6.400000,0.000000,0,0,0,0,0,0,0,0,0,0,0,944,0,2500.0,2259.8010576606366,1834.5366480061784,2580.8545429608785,256.0
1785383270,0,,Aggregated,12.800000,0.000000,0,0,0,0,0,0,0,0,0,0,0,1888,0,420.0,1308.4026379327936,271.6862150118686,2580.8545429608785,704.5
1785383271,0,TTFT,S2,6.400000,0.000000,0,0,0,0,0,0,0,0,0,0,0,944,0,360.0,357.0042182049508,271.6862150118686,417.0613830210641,1153.0
1785383271,0,total,S2,6.400000,0.000000,0,0,0,0,0,0,0,0,0,0,0,944,0,2500.0,2259.8010576606366,1834.5366480061784,2580.8545429608785,256.0
1785383271,0,,Aggregated,12.800000,0.000000,0,0,0,0,0,0,0,0,0,0,0,1888,0,420.0,1308.4026379327936,271.6862150118686,2580.8545429608785,704.5
1785383272,0,TTFT,S2,6.400000,0.000000,0,0,0,0,0,0,0,0,0,0,0,944,0,360.0,357.0042182049508,271.6862150118686,417.0613830210641,1153.0
1785383272,0,total,S2,6.400000,0.000000,0,0,0,0,0,0,0,0,0,0,0,944,0,2500.0,2259.8010576606366,1834.5366480061784,2580.8545429608785,256.0
1785383272,0,,Aggregated,12.800000,0.000000,0,0,0,0,0,0,0,0,0,0,0,1888,0,420.0,1308.4026379327936,271.6862150118686,2580.8545429608785,704.5
1785383273,0,TTFT,S2,6.400000,0.000000,0,0,0,0,0,0,0,0,0,0,0,944,0,360.0,357.0042182049508,271.6862150118686,417.0613830210641,1153.0
1785383273,0,total,S2,6.400000,0.000000,0,0,0,0,0,0,0,0,0,0,0,944,0,2500.0,2259.8010576606366,1834.5366480061784,2580.8545429608785,256.0
1785383273,0,,Aggregated,12.800000,0.000000,0,0,0,0,0,0,0,0,0,0,0,1888,0,420.0,1308.4026379327936,271.6862150118686,2580.8545429608785,704.5
1785383274,0,TTFT,S2,6.400000,0.000000,0,0,0,0,0,0,0,0,0,0,0,944,0,360.0,357.0042182049508,271.6862150118686,417.0613830210641,1153.0
1785383274,0,total,S2,6.400000,0.000000,0,0,0,0,0,0,0,0,0,0,0,944,0,2500.0,2259.8010576606366,1834.5366480061784,2580.8545429608785,256.0
1785383274,0,,Aggregated,12.800000,0.000000,0,0,0,0,0,0,0,0,0,0,0,1888,0,420.0,1308.4026379327936,271.6862150118686,2580.8545429608785,704.5
1785383275,0,TTFT,S2,6.400000,0.000000,0,0,0,0,0,0,0,0,0,0,0,944,0,360.0,357.0042182049508,271.6862150118686,417.0613830210641,1153.0
1785383275,0,total,S2,6.400000,0.000000,0,0,0,0,0,0,0,0,0,0,0,944,0,2500.0,2259.8010576606366,1834.5366480061784,2580.8545429608785,256.0
1785383275,0,,Aggregated,12.800000,0.000000,0,0,0,0,0,0,0,0,0,0,0,1888,0,420.0,1308.4026379327936,271.6862150118686,2580.8545429608785,704.5
1785383276,0,TTFT,S2,6.400000,0.000000,0,0,0,0,0,0,0,0,0,0,0,944,0,360.0,357.0042182049508,271.6862150118686,417.0613830210641,1153.0
1785383276,0,total,S2,6.400000,0.000000,0,0,0,0,0,0,0,0,0,0,0,944,0,2500.0,2259.8010576606366,1834.5366480061784,2580.8545429608785,256.0
1785383276,0,,Aggregated,12.800000,0.000000,0,0,0,0,0,0,0,0,0,0,0,1888,0,420.0,1308.4026379327936,271.6862150118686,2580.8545429608785,704.5
1785383277,0,TTFT,S2,6.400000,0.000000,0,0,0,0,0,0,0,0,0,0,0,944,0,360.0,357.0042182049508,271.6862150118686,417.0613830210641,1153.0
1785383277,0,total,S2,6.400000,0.000000,0,0,0,0,0,0,0,0,0,0,0,944,0,2500.0,2259.8010576606366,1834.5366480061784,2580.8545429608785,256.0
1785383277,0,,Aggregated,12.800000,0.000000,0,0,0,0,0,0,0,0,0,0,0,1888,0,420.0,1308.4026379327936,271.6862150118686,2580.8545429608785,704.5
1785383278,0,TTFT,S2,6.400000,0.000000,0,0,0,0,0,0,0,0,0,0,0,944,0,360.0,357.0042182049508,271.6862150118686,417.0613830210641,1153.0
1785383278,0,total,S2,6.400000,0.000000,0,0,0,0,0,0,0,0,0,0,0,944,0,2500.0,2259.8010576606366,1834.5366480061784,2580.8545429608785,256.0
1785383278,0,,Aggregated,12.800000,0.000000,0,0,0,0,0,0,0,0,0,0,0,1888,0,420.0,1308.4026379327936,271.6862150118686,2580.8545429608785,704.5
1785383279,0,TTFT,S2,6.400000,0.000000,0,0,0,0,0,0,0,0,0,0,0,944,0,360.0,357.0042182049508,271.6862150118686,417.0613830210641,1153.0
1785383279,0,total,S2,6.400000,0.000000,0,0,0,0,0,0,0,0,0,0,0,944,0,2500.0,2259.8010576606366,1834.5366480061784,2580.8545429608785,256.0
1785383279,0,,Aggregated,12.800000,0.000000,0,0,0,0,0,0,0,0,0,0,0,1888,0,420.0,1308.4026379327936,271.6862150118686,2580.8545429608785,704.5
1785383280,0,TTFT,S2,6.400000,0.000000,0,0,0,0,0,0,0,0,0,0,0,944,0,360.0,357.0042182049508,271.6862150118686,417.0613830210641,1153.0
1785383280,0,total,S2,6.400000,0.000000,0,0,0,0,0,0,0,0,0,0,0,944,0,2500.0,2259.8010576606366,1834.5366480061784,2580.8545429608785,256.0
1785383280,0,,Aggregated,12.800000,0.000000,0,0,0,0,0,0,0,0,0,0,0,1888,0,420.0,1308.4026379327936,271.6862150118686,2580.8545429608785,704.5
1785383281,0,TTFT,S2,6.400000,0.000000,0,0,0,0,0,0,0,0,0,0,0,944,0,360.0,357.0042182049508,271.6862150118686,417.0613830210641,1153.0
1785383281,0,total,S2,6.400000,0.000000,0,0,0,0,0,0,0,0,0,0,0,944,0,2500.0,2259.8010576606366,1834.5366480061784,2580.8545429608785,256.0
1785383281,0,,Aggregated,12.800000,0.000000,0,0,0,0,0,0,0,0,0,0,0,1888,0,420.0,1308.4026379327936,271.6862150118686,2580.8545429608785,704.5
1785383282,0,TTFT,S2,6.400000,0.000000,0,0,0,0,0,0,0,0,0,0,0,944,0,360.0,357.0042182049508,271.6862150118686,417.0613830210641,1153.0
1785383282,0,total,S2,6.400000,0.000000,0,0,0,0,0,0,0,0,0,0,0,944,0,2500.0,2259.8010576606366,1834.5366480061784,2580.8545429608785,256.0
1785383282,0,,Aggregated,12.800000,0.000000,0,0,0,0,0,0,0,0,0,0,0,1888,0,420.0,1308.4026379327936,271.6862150118686,2580.8545429608785,704.5
1785383283,0,TTFT,S2,6.400000,0.000000,0,0,0,0,0,0,0,0,0,0,0,944,0,360.0,357.0042182049508,271.6862150118686,417.0613830210641,1153.0
1785383283,0,total,S2,6.400000,0.000000,0,0,0,0,0,0,0,0,0,0,0,944,0,2500.0,2259.8010576606366,1834.5366480061784,2580.8545429608785,256.0
1785383283,0,,Aggregated,12.800000,0.000000,0,0,0,0,0,0,0,0,0,0,0,1888,0,420.0,1308.4026379327936,271.6862150118686,2580.8545429608785,704.5
1785383284,0,TTFT,S2,6.400000,0.000000,0,0,0,0,0,0,0,0,0,0,0,944,0,360.0,357.0042182049508,271.6862150118686,417.0613830210641,1153.0
1785383284,0,total,S2,6.400000,0.000000,0,0,0,0,0,0,0,0,0,0,0,944,0,2500.0,2259.8010576606366,1834.5366480061784,2580.8545429608785,256.0
1785383284,0,,Aggregated,12.800000,0.000000,0,0,0,0,0,0,0,0,0,0,0,1888,0,420.0,1308.4026379327936,271.6862150118686,2580.8545429608785,704.5
1785383285,0,TTFT,S2,6.400000,0.000000,0,0,0,0,0,0,0,0,0,0,0,944,0,360.0,357.0042182049508,271.6862150118686,417.0613830210641,1153.0
1785383285,0,total,S2,6.400000,0.000000,0,0,0,0,0,0,0,0,0,0,0,944,0,2500.0,2259.8010576606366,1834.5366480061784,2580.8545429608785,256.0
1785383285,0,,Aggregated,12.800000,0.000000,0,0,0,0,0,0,0,0,0,0,0,1888,0,420.0,1308.4026379327936,271.6862150118686,2580.8545429608785,704.5
1785383286,0,TTFT,S2,6.400000,0.000000,0,0,0,0,0,0,0,0,0,0,0,944,0,360.0,357.0042182049508,271.6862150118686,417.0613830210641,1153.0
1785383286,0,total,S2,6.400000,0.000000,0,0,0,0,0,0,0,0,0,0,0,944,0,2500.0,2259.8010576606366,1834.5366480061784,2580.8545429608785,256.0
1785383286,0,,Aggregated,12.800000,0.000000,0,0,0,0,0,0,0,0,0,0,0,1888,0,420.0,1308.4026379327936,271.6862150118686,2580.8545429608785,704.5
1785383287,0,TTFT,S2,6.400000,0.000000,0,0,0,0,0,0,0,0,0,0,0,944,0,360.0,357.0042182049508,271.6862150118686,417.0613830210641,1153.0
1785383287,0,total,S2,6.400000,0.000000,0,0,0,0,0,0,0,0,0,0,0,944,0,2500.0,2259.8010576606366,1834.5366480061784,2580.8545429608785,256.0
1785383287,0,,Aggregated,12.800000,0.000000,0,0,0,0,0,0,0,0,0,0,0,1888,0,420.0,1308.4026379327936,271.6862150118686,2580.8545429608785,704.5
1785383288,0,TTFT,S2,6.400000,0.000000,0,0,0,0,0,0,0,0,0,0,0,944,0,360.0,357.0042182049508,271.6862150118686,417.0613830210641,1153.0
1785383288,0,total,S2,6.400000,0.000000,0,0,0,0,0,0,0,0,0,0,0,944,0,2500.0,2259.8010576606366,1834.5366480061784,2580.8545429608785,256.0
1785383288,0,,Aggregated,12.800000,0.000000,0,0,0,0,0,0,0,0,0,0,0,1888,0,420.0,1308.4026379327936,271.6862150118686,2580.8545429608785,704.5
1785383289,0,TTFT,S2,6.400000,0.000000,0,0,0,0,0,0,0,0,0,0,0,944,0,360.0,357.0042182049508,271.6862150118686,417.0613830210641,1153.0
1785383289,0,total,S2,6.400000,0.000000,0,0,0,0,0,0,0,0,0,0,0,944,0,2500.0,2259.8010576606366,1834.5366480061784,2580.8545429608785,256.0
1785383289,0,,Aggregated,12.800000,0.000000,0,0,0,0,0,0,0,0,0,0,0,1888,0,420.0,1308.4026379327936,271.6862150118686,2580.8545429608785,704.5
1785383290,0,TTFT,S2,6.400000,0.000000,0,0,0,0,0,0,0,0,0,0,0,944,0,360.0,357.0042182049508,271.6862150118686,417.0613830210641,1153.0
1785383290,0,total,S2,6.400000,0.000000,0,0,0,0,0,0,0,0,0,0,0,944,0,2500.0,2259.8010576606366,1834.5366480061784,2580.8545429608785,256.0
1785383290,0,,Aggregated,12.800000,0.000000,0,0,0,0,0,0,0,0,0,0,0,1888,0,420.0,1308.4026379327936,271.6862150118686,2580.8545429608785,704.5
1785383291,0,TTFT,S2,6.400000,0.000000,0,0,0,0,0,0,0,0,0,0,0,944,0,360.0,357.0042182049508,271.6862150118686,417.0613830210641,1153.0
1785383291,0,total,S2,6.400000,0.000000,0,0,0,0,0,0,0,0,0,0,0,944,0,2500.0,2259.8010576606366,1834.5366480061784,2580.8545429608785,256.0
1785383291,0,,Aggregated,12.800000,0.000000,0,0,0,0,0,0,0,0,0,0,0,1888,0,420.0,1308.4026379327936,271.6862150118686,2580.8545429608785,704.5
1785383292,0,TTFT,S2,6.400000,0.000000,0,0,0,0,0,0,0,0,0,0,0,944,0,360.0,357.0042182049508,271.6862150118686,417.0613830210641,1153.0
1785383292,0,total,S2,6.400000,0.000000,0,0,0,0,0,0,0,0,0,0,0,944,0,2500.0,2259.8010576606366,1834.5366480061784,2580.8545429608785,256.0
1785383292,0,,Aggregated,12.800000,0.000000,0,0,0,0,0,0,0,0,0,0,0,1888,0,420.0,1308.4026379327936,271.6862150118686,2580.8545429608785,704.5
1785383293,0,TTFT,S2,6.400000,0.000000,0,0,0,0,0,0,0,0,0,0,0,944,0,360.0,357.0042182049508,271.6862150118686,417.0613830210641,1153.0
1785383293,0,total,S2,6.400000,0.000000,0,0,0,0,0,0,0,0,0,0,0,944,0,2500.0,2259.8010576606366,1834.5366480061784,2580.8545429608785,256.0
1785383293,0,,Aggregated,12.800000,0.000000,0,0,0,0,0,0,0,0,0,0,0,1888,0,420.0,1308.4026379327936,271.6862150118686,2580.8545429608785,704.5
1785383294,0,TTFT,S2,6.400000,0.000000,0,0,0,0,0,0,0,0,0,0,0,944,0,360.0,357.0042182049508,271.6862150118686,417.0613830210641,1153.0
1785383294,0,total,S2,6.400000,0.000000,0,0,0,0,0,0,0,0,0,0,0,944,0,2500.0,2259.8010576606366,1834.5366480061784,2580.8545429608785,256.0
1785383294,0,,Aggregated,12.800000,0.000000,0,0,0,0,0,0,0,0,0,0,0,1888,0,420.0,1308.4026379327936,271.6862150118686,2580.8545429608785,704.5
1785383295,0,TTFT,S2,6.400000,0.000000,0,0,0,0,0,0,0,0,0,0,0,944,0,360.0,357.0042182049508,271.6862150118686,417.0613830210641,1153.0
1785383295,0,total,S2,6.400000,0.000000,0,0,0,0,0,0,0,0,0,0,0,944,0,2500.0,2259.8010576606366,1834.5366480061784,2580.8545429608785,256.0
1785383295,0,,Aggregated,12.800000,0.000000,0,0,0,0,0,0,0,0,0,0,0,1888,0,420.0,1308.4026379327936,271.6862150118686,2580.8545429608785,704.5
1785383296,0,TTFT,S2,6.400000,0.000000,0,0,0,0,0,0,0,0,0,0,0,944,0,360.0,357.0042182049508,271.6862150118686,417.0613830210641,1153.0
1785383296,0,total,S2,6.400000,0.000000,0,0,0,0,0,0,0,0,0,0,0,944,0,2500.0,2259.8010576606366,1834.5366480061784,2580.8545429608785,256.0
1785383296,0,,Aggregated,12.800000,0.000000,0,0,0,0,0,0,0,0,0,0,0,1888,0,420.0,1308.4026379327936,271.6862150118686,2580.8545429608785,704.5
1785383297,0,TTFT,S2,6.400000,0.000000,0,0,0,0,0,0,0,0,0,0,0,944,0,360.0,357.0042182049508,271.6862150118686,417.0613830210641,1153.0
1785383297,0,total,S2,6.400000,0.000000,0,0,0,0,0,0,0,0,0,0,0,944,0,2500.0,2259.8010576606366,1834.5366480061784,2580.8545429608785,256.0
1785383297,0,,Aggregated,12.800000,0.000000,0,0,0,0,0,0,0,0,0,0,0,1888,0,420.0,1308.4026379327936,271.6862150118686,2580.8545429608785,704.5
1785383298,0,TTFT,S2,6.400000,0.000000,0,0,0,0,0,0,0,0,0,0,0,944,0,360.0,357.0042182049508,271.6862150118686,417.0613830210641,1153.0
1785383298,0,total,S2,6.400000,0.000000,0,0,0,0,0,0,0,0,0,0,0,944,0,2500.0,2259.8010576606366,1834.5366480061784,2580.8545429608785,256.0
1785383298,0,,Aggregated,12.800000,0.000000,0,0,0,0,0,0,0,0,0,0,0,1888,0,420.0,1308.4026379327936,271.6862150118686,2580.8545429608785,704.5
1785383299,0,TTFT,S2,6.400000,0.000000,0,0,0,0,0,0,0,0,0,0,0,944,0,360.0,357.0042182049508,271.6862150118686,417.0613830210641,1153.0
1785383299,0,total,S2,6.400000,0.000000,0,0,0,0,0,0,0,0,0,0,0,944,0,2500.0,2259.8010576606366,1834.5366480061784,2580.8545429608785,256.0
1785383299,0,,Aggregated,12.800000,0.000000,0,0,0,0,0,0,0,0,0,0,0,1888,0,420.0,1308.4026379327936,271.6862150118686,2580.8545429608785,704.5
1785383300,0,TTFT,S2,6.400000,0.000000,0,0,0,0,0,0,0,0,0,0,0,944,0,360.0,357.0042182049508,271.6862150118686,417.0613830210641,1153.0
1785383300,0,total,S2,6.400000,0.000000,0,0,0,0,0,0,0,0,0,0,0,944,0,2500.0,2259.8010576606366,1834.5366480061784,2580.8545429608785,256.0
1785383300,0,,Aggregated,12.800000,0.000000,0,0,0,0,0,0,0,0,0,0,0,1888,0,420.0,1308.4026379327936,271.6862150118686,2580.8545429608785,704.5
1785383301,0,TTFT,S2,6.400000,0.000000,0,0,0,0,0,0,0,0,0,0,0,944,0,360.0,357.0042182049508,271.6862150118686,417.0613830210641,1153.0
1785383301,0,total,S2,6.400000,0.000000,0,0,0,0,0,0,0,0,0,0,0,944,0,2500.0,2259.8010576606366,1834.5366480061784,2580.8545429608785,256.0
1785383301,0,,Aggregated,12.800000,0.000000,0,0,0,0,0,0,0,0,0,0,0,1888,0,420.0,1308.4026379327936,271.6862150118686,2580.8545429608785,704.5
1785383302,0,TTFT,S2,6.400000,0.000000,0,0,0,0,0,0,0,0,0,0,0,944,0,360.0,357.0042182049508,271.6862150118686,417.0613830210641,1153.0
1785383302,0,total,S2,6.400000,0.000000,0,0,0,0,0,0,0,0,0,0,0,944,0,2500.0,2259.8010576606366,1834.5366480061784,2580.8545429608785,256.0
1785383302,0,,Aggregated,12.800000,0.000000,0,0,0,0,0,0,0,0,0,0,0,1888,0,420.0,1308.4026379327936,271.6862150118686,2580.8545429608785,704.5
1785383303,0,TTFT,S2,6.400000,0.000000,0,0,0,0,0,0,0,0,0,0,0,944,0,360.0,357.0042182049508,271.6862150118686,417.0613830210641,1153.0
1785383303,0,total,S2,6.400000,0.000000,0,0,0,0,0,0,0,0,0,0,0,944,0,2500.0,2259.8010576606366,1834.5366480061784,2580.8545429608785,256.0
1785383303,0,,Aggregated,12.800000,0.000000,0,0,0,0,0,0,0,0,0,0,0,1888,0,420.0,1308.4026379327936,271.6862150118686,2580.8545429608785,704.5
1785383304,0,TTFT,S2,6.400000,0.000000,0,0,0,0,0,0,0,0,0,0,0,944,0,360.0,357.0042182049508,271.6862150118686,417.0613830210641,1153.0
1785383304,0,total,S2,6.400000,0.000000,0,0,0,0,0,0,0,0,0,0,0,944,0,2500.0,2259.8010576606366,1834.5366480061784,2580.8545429608785,256.0
1785383304,0,,Aggregated,12.800000,0.000000,0,0,0,0,0,0,0,0,0,0,0,1888,0,420.0,1308.4026379327936,271.6862150118686,2580.8545429608785,704.5
1785383305,0,TTFT,S2,6.400000,0.000000,0,0,0,0,0,0,0,0,0,0,0,944,0,360.0,357.0042182049508,271.6862150118686,417.0613830210641,1153.0
1785383305,0,total,S2,6.400000,0.000000,0,0,0,0,0,0,0,0,0,0,0,944,0,2500.0,2259.8010576606366,1834.5366480061784,2580.8545429608785,256.0
1785383305,0,,Aggregated,12.800000,0.000000,0,0,0,0,0,0,0,0,0,0,0,1888,0,420.0,1308.4026379327936,271.6862150118686,2580.8545429608785,704.5
1785383306,0,TTFT,S2,6.400000,0.000000,0,0,0,0,0,0,0,0,0,0,0,944,0,360.0,357.0042182049508,271.6862150118686,417.0613830210641,1153.0
1785383306,0,total,S2,6.400000,0.000000,0,0,0,0,0,0,0,0,0,0,0,944,0,2500.0,2259.8010576606366,1834.5366480061784,2580.8545429608785,256.0
1785383306,0,,Aggregated,12.800000,0.000000,0,0,0,0,0,0,0,0,0,0,0,1888,0,420.0,1308.4026379327936,271.6862150118686,2580.8545429608785,704.5
1785383307,0,TTFT,S2,6.400000,0.000000,0,0,0,0,0,0,0,0,0,0,0,944,0,360.0,357.0042182049508,271.6862150118686,417.0613830210641,1153.0
1785383307,0,total,S2,6.400000,0.000000,0,0,0,0,0,0,0,0,0,0,0,944,0,2500.0,2259.8010576606366,1834.5366480061784,2580.8545429608785,256.0
1785383307,0,,Aggregated,12.800000,0.000000,0,0,0,0,0,0,0,0,0,0,0,1888,0,420.0,1308.4026379327936,271.6862150118686,2580.8545429608785,704.5
1785383308,0,TTFT,S2,6.400000,0.000000,0,0,0,0,0,0,0,0,0,0,0,944,0,360.0,357.0042182049508,271.6862150118686,417.0613830210641,1153.0
1785383308,0,total,S2,6.400000,0.000000,0,0,0,0,0,0,0,0,0,0,0,944,0,2500.0,2259.8010576606366,1834.5366480061784,2580.8545429608785,256.0
1785383308,0,,Aggregated,12.800000,0.000000,0,0,0,0,0,0,0,0,0,0,0,1888,0,420.0,1308.4026379327936,271.6862150118686,2580.8545429608785,704.5
1785383309,0,TTFT,S2,6.400000,0.000000,0,0,0,0,0,0,0,0,0,0,0,944,0,360.0,357.0042182049508,271.6862150118686,417.0613830210641,1153.0
1785383309,0,total,S2,6.400000,0.000000,0,0,0,0,0,0,0,0,0,0,0,944,0,2500.0,2259.8010576606366,1834.5366480061784,2580.8545429608785,256.0
1785383309,0,,Aggregated,12.800000,0.000000,0,0,0,0,0,0,0,0,0,0,0,1888,0,420.0,1308.4026379327936,271.6862150118686,2580.8545429608785,704.5
1785383310,0,TTFT,S2,6.400000,0.000000,0,0,0,0,0,0,0,0,0,0,0,944,0,360.0,357.0042182049508,271.6862150118686,417.0613830210641,1153.0
1785383310,0,total,S2,6.400000,0.000000,0,0,0,0,0,0,0,0,0,0,0,944,0,2500.0,2259.8010576606366,1834.5366480061784,2580.8545429608785,256.0
1785383310,0,,Aggregated,12.800000,0.000000,0,0,0,0,0,0,0,0,0,0,0,1888,0,420.0,1308.4026379327936,271.6862150118686,2580.8545429608785,704.5
1785383311,0,TTFT,S2,6.400000,0.000000,0,0,0,0,0,0,0,0,0,0,0,944,0,360.0,357.0042182049508,271.6862150118686,417.0613830210641,1153.0
1785383311,0,total,S2,6.400000,0.000000,0,0,0,0,0,0,0,0,0,0,0,944,0,2500.0,2259.8010576606366,1834.5366480061784,2580.8545429608785,256.0
1785383311,0,,Aggregated,12.800000,0.000000,0,0,0,0,0,0,0,0,0,0,0,1888,0,420.0,1308.4026379327936,271.6862150118686,2580.8545429608785,704.5
1785383312,0,TTFT,S2,6.400000,0.000000,0,0,0,0,0,0,0,0,0,0,0,944,0,360.0,357.0042182049508,271.6862150118686,417.0613830210641,1153.0
1785383312,0,total,S2,6.400000,0.000000,0,0,0,0,0,0,0,0,0,0,0,944,0,2500.0,2259.8010576606366,1834.5366480061784,2580.8545429608785,256.0
1785383312,0,,Aggregated,12.800000,0.000000,0,0,0,0,0,0,0,0,0,0,0,1888,0,420.0,1308.4026379327936,271.6862150118686,2580.8545429608785,704.5
1785383313,0,TTFT,S2,6.400000,0.000000,0,0,0,0,0,0,0,0,0,0,0,944,0,360.0,357.0042182049508,271.6862150118686,417.0613830210641,1153.0
1785383313,0,total,S2,6.400000,0.000000,0,0,0,0,0,0,0,0,0,0,0,944,0,2500.0,2259.8010576606366,1834.5366480061784,2580.8545429608785,256.0
1785383313,0,,Aggregated,12.800000,0.000000,0,0,0,0,0,0,0,0,0,0,0,1888,0,420.0,1308.4026379327936,271.6862150118686,2580.8545429608785,704.5
1785383314,0,TTFT,S2,6.400000,0.000000,0,0,0,0,0,0,0,0,0,0,0,944,0,360.0,357.0042182049508,271.6862150118686,417.0613830210641,1153.0
1785383314,0,total,S2,6.400000,0.000000,0,0,0,0,0,0,0,0,0,0,0,944,0,2500.0,2259.8010576606366,1834.5366480061784,2580.8545429608785,256.0
1785383314,0,,Aggregated,12.800000,0.000000,0,0,0,0,0,0,0,0,0,0,0,1888,0,420.0,1308.4026379327936,271.6862150118686,2580.8545429608785,704.5
1785383315,0,TTFT,S2,6.400000,0.000000,0,0,0,0,0,0,0,0,0,0,0,944,0,360.0,357.0042182049508,271.6862150118686,417.0613830210641,1153.0
1785383315,0,total,S2,6.400000,0.000000,0,0,0,0,0,0,0,0,0,0,0,944,0,2500.0,2259.8010576606366,1834.5366480061784,2580.8545429608785,256.0
1785383315,0,,Aggregated,12.800000,0.000000,0,0,0,0,0,0,0,0,0,0,0,1888,0,420.0,1308.4026379327936,271.6862150118686,2580.8545429608785,704.5
1785383316,0,TTFT,S2,6.400000,0.000000,0,0,0,0,0,0,0,0,0,0,0,944,0,360.0,357.0042182049508,271.6862150118686,417.0613830210641,1153.0
1785383316,0,total,S2,6.400000,0.000000,0,0,0,0,0,0,0,0,0,0,0,944,0,2500.0,2259.8010576606366,1834.5366480061784,2580.8545429608785,256.0
1785383316,0,,Aggregated,12.800000,0.000000,0,0,0,0,0,0,0,0,0,0,0,1888,0,420.0,1308.4026379327936,271.6862150118686,2580.8545429608785,704.5
1785383317,0,TTFT,S2,6.400000,0.000000,0,0,0,0,0,0,0,0,0,0,0,944,0,360.0,357.0042182049508,271.6862150118686,417.0613830210641,1153.0
1785383317,0,total,S2,6.400000,0.000000,0,0,0,0,0,0,0,0,0,0,0,944,0,2500.0,2259.8010576606366,1834.5366480061784,2580.8545429608785,256.0
1785383317,0,,Aggregated,12.800000,0.000000,0,0,0,0,0,0,0,0,0,0,0,1888,0,420.0,1308.4026379327936,271.6862150118686,2580.8545429608785,704.5
1785383318,0,TTFT,S2,6.400000,0.000000,0,0,0,0,0,0,0,0,0,0,0,944,0,360.0,357.0042182049508,271.6862150118686,417.0613830210641,1153.0
1785383318,0,total,S2,6.400000,0.000000,0,0,0,0,0,0,0,0,0,0,0,944,0,2500.0,2259.8010576606366,1834.5366480061784,2580.8545429608785,256.0
1785383318,0,,Aggregated,12.800000,0.000000,0,0,0,0,0,0,0,0,0,0,0,1888,0,420.0,1308.4026379327936,271.6862150118686,2580.8545429608785,704.5
1785383319,0,TTFT,S2,6.400000,0.000000,0,0,0,0,0,0,0,0,0,0,0,944,0,360.0,357.0042182049508,271.6862150118686,417.0613830210641,1153.0
1785383319,0,total,S2,6.400000,0.000000,0,0,0,0,0,0,0,0,0,0,0,944,0,2500.0,2259.8010576606366,1834.5366480061784,2580.8545429608785,256.0
1785383319,0,,Aggregated,12.800000,0.000000,0,0,0,0,0,0,0,0,0,0,0,1888,0,420.0,1308.4026379327936,271.6862150118686,2580.8545429608785,704.5
1785383320,0,TTFT,S2,6.400000,0.000000,0,0,0,0,0,0,0,0,0,0,0,944,0,360.0,357.0042182049508,271.6862150118686,417.0613830210641,1153.0
1785383320,0,total,S2,6.400000,0.000000,0,0,0,0,0,0,0,0,0,0,0,944,0,2500.0,2259.8010576606366,1834.5366480061784,2580.8545429608785,256.0
1785383320,0,,Aggregated,12.800000,0.000000,0,0,0,0,0,0,0,0,0,0,0,1888,0,420.0,1308.4026379327936,271.6862150118686,2580.8545429608785,704.5
1785383321,0,TTFT,S2,6.400000,0.000000,0,0,0,0,0,0,0,0,0,0,0,944,0,360.0,357.0042182049508,271.6862150118686,417.0613830210641,1153.0
1785383321,0,total,S2,6.400000,0.000000,0,0,0,0,0,0,0,0,0,0,0,944,0,2500.0,2259.8010576606366,1834.5366480061784,2580.8545429608785,256.0
1785383321,0,,Aggregated,12.800000,0.000000,0,0,0,0,0,0,0,0,0,0,0,1888,0,420.0,1308.4026379327936,271.6862150118686,2580.8545429608785,704.5
1785383322,0,TTFT,S2,6.400000,0.000000,0,0,0,0,0,0,0,0,0,0,0,944,0,360.0,357.0042182049508,271.6862150118686,417.0613830210641,1153.0
1785383322,0,total,S2,6.400000,0.000000,0,0,0,0,0,0,0,0,0,0,0,944,0,2500.0,2259.8010576606366,1834.5366480061784,2580.8545429608785,256.0
1785383322,0,,Aggregated,12.800000,0.000000,0,0,0,0,0,0,0,0,0,0,0,1888,0,420.0,1308.4026379327936,271.6862150118686,2580.8545429608785,704.5
1785383323,0,TTFT,S2,6.400000,0.000000,0,0,0,0,0,0,0,0,0,0,0,944,0,360.0,357.0042182049508,271.6862150118686,417.0613830210641,1153.0
1785383323,0,total,S2,6.400000,0.000000,0,0,0,0,0,0,0,0,0,0,0,944,0,2500.0,2259.8010576606366,1834.5366480061784,2580.8545429608785,256.0
1785383323,0,,Aggregated,12.800000,0.000000,0,0,0,0,0,0,0,0,0,0,0,1888,0,420.0,1308.4026379327936,271.6862150118686,2580.8545429608785,704.5
1785383324,0,TTFT,S2,6.400000,0.000000,0,0,0,0,0,0,0,0,0,0,0,944,0,360.0,357.0042182049508,271.6862150118686,417.0613830210641,1153.0
1785383324,0,total,S2,6.400000,0.000000,0,0,0,0,0,0,0,0,0,0,0,944,0,2500.0,2259.8010576606366,1834.5366480061784,2580.8545429608785,256.0
1785383324,0,,Aggregated,12.800000,0.000000,0,0,0,0,0,0,0,0,0,0,0,1888,0,420.0,1308.4026379327936,271.6862150118686,2580.8545429608785,704.5
1785383325,0,TTFT,S2,6.400000,0.000000,0,0,0,0,0,0,0,0,0,0,0,944,0,360.0,357.0042182049508,271.6862150118686,417.0613830210641,1153.0
1785383325,0,total,S2,6.400000,0.000000,0,0,0,0,0,0,0,0,0,0,0,944,0,2500.0,2259.8010576606366,1834.5366480061784,2580.8545429608785,256.0
1785383325,0,,Aggregated,12.800000,0.000000,0,0,0,0,0,0,0,0,0,0,0,1888,0,420.0,1308.4026379327936,271.6862150118686,2580.8545429608785,704.5
1785383326,0,TTFT,S2,6.400000,0.000000,0,0,0,0,0,0,0,0,0,0,0,944,0,360.0,357.0042182049508,271.6862150118686,417.0613830210641,1153.0
1785383326,0,total,S2,6.400000,0.000000,0,0,0,0,0,0,0,0,0,0,0,944,0,2500.0,2259.8010576606366,1834.5366480061784,2580.8545429608785,256.0
1785383326,0,,Aggregated,12.800000,0.000000,0,0,0,0,0,0,0,0,0,0,0,1888,0,420.0,1308.4026379327936,271.6862150118686,2580.8545429608785,704.5
1785383327,0,TTFT,S2,6.400000,0.000000,0,0,0,0,0,0,0,0,0,0,0,944,0,360.0,357.0042182049508,271.6862150118686,417.0613830210641,1153.0
1785383327,0,total,S2,6.400000,0.000000,0,0,0,0,0,0,0,0,0,0,0,944,0,2500.0,2259.8010576606366,1834.5366480061784,2580.8545429608785,256.0
1785383327,0,,Aggregated,12.800000,0.000000,0,0,0,0,0,0,0,0,0,0,0,1888,0,420.0,1308.4026379327936,271.6862150118686,2580.8545429608785,704.5
1785383328,0,TTFT,S2,6.400000,0.000000,0,0,0,0,0,0,0,0,0,0,0,944,0,360.0,357.0042182049508,271.6862150118686,417.0613830210641,1153.0
1785383328,0,total,S2,6.400000,0.000000,0,0,0,0,0,0,0,0,0,0,0,944,0,2500.0,2259.8010576606366,1834.5366480061784,2580.8545429608785,256.0
1785383328,0,,Aggregated,12.800000,0.000000,0,0,0,0,0,0,0,0,0,0,0,1888,0,420.0,1308.4026379327936,271.6862150118686,2580.8545429608785,704.5
1785383329,0,TTFT,S2,6.400000,0.000000,0,0,0,0,0,0,0,0,0,0,0,944,0,360.0,357.0042182049508,271.6862150118686,417.0613830210641,1153.0
1785383329,0,total,S2,6.400000,0.000000,0,0,0,0,0,0,0,0,0,0,0,944,0,2500.0,2259.8010576606366,1834.5366480061784,2580.8545429608785,256.0
1785383329,0,,Aggregated,12.800000,0.000000,0,0,0,0,0,0,0,0,0,0,0,1888,0,420.0,1308.4026379327936,271.6862150118686,2580.8545429608785,704.5
1785383330,0,TTFT,S2,6.400000,0.000000,0,0,0,0,0,0,0,0,0,0,0,944,0,360.0,357.0042182049508,271.6862150118686,417.0613830210641,1153.0
1785383330,0,total,S2,6.400000,0.000000,0,0,0,0,0,0,0,0,0,0,0,944,0,2500.0,2259.8010576606366,1834.5366480061784,2580.8545429608785,256.0
1785383330,0,,Aggregated,12.800000,0.000000,0,0,0,0,0,0,0,0,0,0,0,1888,0,420.0,1308.4026379327936,271.6862150118686,2580.8545429608785,704.5
1785383331,0,TTFT,S2,6.400000,0.000000,0,0,0,0,0,0,0,0,0,0,0,944,0,360.0,357.0042182049508,271.6862150118686,417.0613830210641,1153.0
1785383331,0,total,S2,6.400000,0.000000,0,0,0,0,0,0,0,0,0,0,0,944,0,2500.0,2259.8010576606366,1834.5366480061784,2580.8545429608785,256.0
1785383331,0,,Aggregated,12.800000,0.000000,0,0,0,0,0,0,0,0,0,0,0,1888,0,420.0,1308.4026379327936,271.6862150118686,2580.8545429608785,704.5
