ts,port,running,waiting,waiting_capacity,waiting_deferred,kv_usage,preemptions,success,gen_tokens,queue_sum,queue_count,ttft_sum,ttft_count
2026-07-30T05:23:38Z,8001,0,0,0,0,0,0,4296,1096825,3298.98,4296,9580.8,4365
2026-07-30T05:23:38Z,8002,1,0,0,0,0.025641,0,3532,906318,1701.81,3532,6441.29,3587
2026-07-30T05:23:38Z,8003,1,0,0,0,0.025641,0,180,45585,0.0018038,180,212.232,185
2026-07-30T05:23:38Z,8004,2,0,0,0,0.0512821,0,185,47207,0.001906,185,208.868,189
2026-07-30T05:23:42Z,8001,2,0,0,0,0.102564,0,4296,1096963,3298.98,4296,9587.27,4367
2026-07-30T05:23:42Z,8002,2,0,0,0,0.0512821,0,3534,907024,1701.81,3534,6443.88,3590
2026-07-30T05:23:42Z,8003,0,0,0,0,0,0,182,45982,0.00183574,182,214.586,186
2026-07-30T05:23:42Z,8004,2,0,0,0,0.0769231,0,187,47775,0.00194766,187,211.34,191
2026-07-30T05:23:43Z,8001,0,0,0,0,0,0,4298,1097337,3298.98,4298,9587.27,4367
2026-07-30T05:23:43Z,8002,2,0,0,0,0.0512821,0,3536,907529,1701.81,3536,6444.11,3592
2026-07-30T05:23:43Z,8003,2,0,0,0,0.0769231,0,182,46213,0.00183574,182,218.823,188
2026-07-30T05:23:43Z,8004,2,0,0,0,0.0512821,0,189,48258,0.00197347,189,211.634,193
2026-07-30T05:23:45Z,8001,0,0,0,0,0,0,4298,1097337,3298.98,4298,9587.27,4367
2026-07-30T05:23:45Z,8002,2,0,0,0,0.0512821,0,3538,908018,1701.81,3538,6444.35,3594
2026-07-30T05:23:45Z,8003,1,0,0,0,0.025641,0,184,46604,0.00185683,184,218.964,189
2026-07-30T05:23:45Z,8004,2,0,0,0,0.0512821,0,191,48737,0.00198304,191,211.92,195
2026-07-30T05:23:46Z,8001,2,0,0,0,0.0769231,0,4298,1097338,3298.98,4298,9589.63,4368
2026-07-30T05:23:46Z,8002,2,0,0,0,0.0512821,0,3540,908519,1701.81,3540,6444.58,3596
2026-07-30T05:23:46Z,8003,2,0,0,0,0.0769231,0,184,46637,0.00185683,184,221.238,190
2026-07-30T05:23:46Z,8004,1,0,0,0,0.025641,0,193,49194,0.00199249,193,212.058,196
2026-07-30T05:23:48Z,8001,2,0,0,0,0.102564,0,4298,1097745,3298.98,4298,9593.67,4369
2026-07-30T05:23:48Z,8002,2,0,0,0,0.0512821,0,3542,909018,1701.81,3542,6444.86,3598
2026-07-30T05:23:48Z,8003,2,0,0,0,0.0512821,0,186,47152,0.00187801,186,221.52,192
2026-07-30T05:23:48Z,8004,1,0,0,0,0.025641,0,193,49227,0.00199249,193,212.058,196
2026-07-30T05:23:50Z,8001,2,0,0,0,0.0512821,0,4300,1098220,3298.98,4300,9594.16,4371
2026-07-30T05:23:50Z,8002,2,0,0,0,0.0512821,0,3544,909515,1701.81,3544,6445.13,3600
2026-07-30T05:23:50Z,8003,2,0,0,0,0.0512821,0,188,47663,0.00188679,188,221.825,194
2026-07-30T05:23:50Z,8004,1,0,0,0,0.0512821,0,194,49399,0.00199667,194,214.381,197
2026-07-30T05:23:51Z,8001,2,0,0,0,0.0512821,0,4302,1098698,3298.98,4302,9594.66,4373
2026-07-30T05:23:51Z,8002,1,0,0,0,0.025641,0,3546,910003,1701.81,3546,6445.27,3601
2026-07-30T05:23:51Z,8003,0,0,0,0,0,0,190,48030,0.00189563,190,221.825,194
2026-07-30T05:23:51Z,8004,1,0,0,0,0.0512821,0,195,49588,0.00200188,195,216.761,198
2026-07-30T05:23:53Z,8001,1,0,0,0,0.025641,0,4304,1098994,3298.98,4304,9594.75,4374
2026-07-30T05:23:53Z,8002,0,0,0,0,0,0,3547,910039,1701.81,3547,6445.27,3601
2026-07-30T05:23:53Z,8003,2,0,0,0,0.0769231,0,190,48031,0.00189563,190,224.179,195
2026-07-30T05:23:53Z,8004,1,0,0,0,0.0512821,0,195,49728,0.00200188,195,216.761,198
2026-07-30T05:23:54Z,8001,2,0,0,0,0.0769231,0,4304,1099115,3298.98,4304,9597.06,4375
2026-07-30T05:23:54Z,8002,2,0,0,0,0.0769231,0,3547,910040,1701.81,3547,6447.58,3602
2026-07-30T05:23:54Z,8003,2,0,0,0,0.102564,0,190,48042,0.00189563,190,227.728,196
2026-07-30T05:23:54Z,8004,2,0,0,0,0.0769231,0,196,50003,0.0020075,196,219.159,200
2026-07-30T05:23:56Z,8001,0,0,0,0,0,0,4306,1099385,3298.98,4306,9597.06,4375
2026-07-30T05:23:56Z,8002,2,0,0,0,0.102564,0,3547,910397,1701.81,3547,6451.08,3603
2026-07-30T05:23:56Z,8003,0,0,0,0,0,0,192,48542,0.00191965,192,227.728,196
2026-07-30T05:23:56Z,8004,2,0,0,0,0.0512821,0,198,50463,0.00201545,198,219.452,202
2026-07-30T05:23:59Z,8001,2,0,0,0,0.0512821,0,4308,1100129,3298.98,4308,9601.67,4379
2026-07-30T05:23:59Z,8002,2,0,0,0,0.0769231,0,3549,910952,1701.81,3549,6453.61,3605
2026-07-30T05:23:59Z,8003,2,0,0,0,0.0769231,0,192,48543,0.00191965,192,230.16,197
2026-07-30T05:23:59Z,8004,0,0,0,0,0,0,202,51284,0.00203937,202,219.785,204
2026-07-30T05:24:01Z,8001,1,0,0,0,0.025641,0,4310,1100517,3298.98,4310,9601.84,4380
2026-07-30T05:24:01Z,8002,2,0,0,0,0.0512821,0,3551,911436,1701.81,3551,6453.85,3607
2026-07-30T05:24:01Z,8003,2,0,0,0,0.102564,0,192,48940,0.00191965,192,234.284,198
2026-07-30T05:24:01Z,8004,2,0,0,0,0.0769231,0,202,51285,0.00203937,202,222.183,205
2026-07-30T05:24:03Z,8001,2,0,0,0,0.0769231,0,4310,1100518,3298.98,4310,9601.84,4380
2026-07-30T05:24:03Z,8002,2,0,0,0,0.0512821,0,3553,911918,1701.81,3553,6454.1,3609
2026-07-30T05:24:03Z,8003,2,0,0,0,0.0512821,0,194,49409,0.00198102,194,234.763,200
2026-07-30T05:24:03Z,8004,2,0,0,0,0.102564,0,202,51322,0.00203937,202,226.191,206
2026-07-30T05:24:04Z,8001,1,0,0,0,0.025641,0,4312,1101032,3298.98,4312,9604.32,4382
2026-07-30T05:24:04Z,8002,0,0,0,0,0,0,3555,912087,1701.81,3555,6454.1,3609
2026-07-30T05:24:04Z,8003,1,0,0,0,0.025641,0,196,49684,0.00201307,196,234.858,201
2026-07-30T05:24:04Z,8004,1,0,0,0,0.025641,0,204,51829,0.00206492,204,226.336,207
2026-07-30T05:24:06Z,8001,1,0,0,0,0.025641,0,4312,1101169,3298.98,4312,9604.32,4382
2026-07-30T05:24:06Z,8002,2,0,0,0,0.0769231,0,3555,912358,1701.81,3555,6458.22,3611
2026-07-30T05:24:06Z,8003,2,0,0,0,0.0769231,0,196,49857,0.00201307,196,237.155,202
2026-07-30T05:24:06Z,8004,1,0,0,0,0.025641,0,204,51912,0.00206492,204,226.336,207
2026-07-30T05:24:07Z,8001,2,0,0,0,0.0769231,0,4313,1101438,3298.98,4313,9606.8,4384
2026-07-30T05:24:07Z,8002,1,0,0,0,0.025641,0,3557,912716,1701.81,3557,6458.37,3612
2026-07-30T05:24:07Z,8003,2,0,0,0,0.0512821,0,198,50354,0.00202676,198,237.424,204
2026-07-30T05:24:07Z,8004,1,0,0,0,0.0512821,0,205,52270,0.00209274,205,228.674,208
2026-07-30T05:24:09Z,8001,2,0,0,0,0.0512821,0,4315,1101920,3298.98,4315,9607.05,4386
2026-07-30T05:24:09Z,8002,2,0,0,0,0.0769231,0,3557,912773,1701.81,3557,6460.73,3613
2026-07-30T05:24:09Z,8003,0,0,0,0,0,0,200,50590,0.00203461,200,237.424,204
2026-07-30T05:24:09Z,8004,0,0,0,0,0,0,206,52308,0.00209714,206,228.674,208
2026-07-30T05:24:11Z,8001,2,0,0,0,0.0512821,0,4317,1102428,3298.98,4317,9607.49,4388
2026-07-30T05:24:11Z,8002,2,0,0,0,0.0512821,0,3559,913293,1701.81,3559,6460.95,3615
2026-07-30T05:24:11Z,8003,2,0,0,0,0.0769231,0,200,50755,0.00203461,200,241.747,206
2026-07-30T05:24:11Z,8004,2,0,0,0,0.0769231,0,206,52719,0.00209714,206,232.991,210
2026-07-30T05:24:12Z,8001,1,0,0,0,0.025641,0,4319,1102840,3298.99,4319,9607.59,4389
2026-07-30T05:24:12Z,8002,0,0,0,0,0,0,3561,913623,1701.81,3561,6460.95,3615
2026-07-30T05:24:12Z,8003,0,0,0,0,0,0,202,51102,0.00207009,202,241.747,206
2026-07-30T05:24:12Z,8004,2,0,0,0,0.0512821,0,208,53229,0.00212457,208,233.48,212
2026-07-30T05:24:14Z,8001,2,0,0,0,0.0769231,0,4319,1102893,3298.99,4319,9609.95,4390
2026-07-30T05:24:14Z,8002,2,0,0,0,0.0769231,0,3561,913760,1701.81,3561,6465.11,3617
2026-07-30T05:24:14Z,8003,0,0,0,0,0,0,202,51102,0.00207009,202,241.747,206
2026-07-30T05:24:14Z,8004,1,0,0,0,0.025641,0,210,53442,0.00214382,210,233.617,213
2026-07-30T05:24:18Z,8001,0,0,0,0,0,0,4323,1103737,3298.99,4323,9610.23,4392
2026-07-30T05:24:18Z,8002,2,0,0,0,0.0512821,0,3565,914966,1701.81,3565,6465.91,3621
2026-07-30T05:24:18Z,8003,2,0,0,0,0.0512821,0,204,51715,0.00211498,204,248.712,210
2026-07-30T05:24:18Z,8004,0,0,0,0,0,0,212,53844,0.00216714,212,235.92,214
2026-07-30T05:24:19Z,8001,2,0,0,0,0.0769231,0,4323,1104022,3298.99,4323,9614.37,4394
2026-07-30T05:24:19Z,8002,1,0,0,0,0.025641,0,3567,915275,1701.81,3567,6466.05,3622
2026-07-30T05:24:19Z,8003,1,0,0,0,0.025641,0,206,52227,0.00213069,206,248.807,211
2026-07-30T05:24:19Z,8004,2,0,0,0,0.0769231,0,212,54289,0.00216714,212,240.258,216
2026-07-30T05:24:21Z,8001,1,0,0,0,0.025641,0,4325,1104348,3298.99,4325,9614.56,4395
2026-07-30T05:24:21Z,8002,2,0,0,0,0.0769231,0,3567,915420,1701.81,3567,6468.38,3623
2026-07-30T05:24:21Z,8003,1,0,0,0,0.025641,0,206,52246,0.00213069,206,248.807,211
2026-07-30T05:24:21Z,8004,1,0,0,0,0.025641,0,214,54468,0.00220807,214,240.4,217
2026-07-30T05:24:22Z,8001,2,0,0,0,0.0769231,0,4325,1104401,3298.99,4325,9616.88,4396
2026-07-30T05:24:22Z,8002,0,0,0,0,0,0,3569,915671,1701.81,3569,6468.38,3623
2026-07-30T05:24:22Z,8003,2,0,0,0,0.0769231,0,207,52691,0.00213953,207,251.255,213
2026-07-30T05:24:22Z,8004,2,0,0,0,0.0769231,0,214,54685,0.00220807,214,242.717,218
2026-07-30T05:24:24Z,8001,0,0,0,0,0,0,4327,1104761,3298.99,4327,9616.88,4396
2026-07-30T05:24:24Z,8002,2,0,0,0,0.0769231,0,3569,915852,1701.81,3569,6472.52,3625
2026-07-30T05:24:24Z,8003,2,0,0,0,0.0512821,0,209,53224,0.00214764,209,251.486,215
2026-07-30T05:24:24Z,8004,0,0,0,0,0,0,216,54868,0.00224115,216,242.717,218
2026-07-30T05:24:26Z,8001,2,0,0,0,0.0769231,0,4327,1104802,3298.99,4327,9621.27,4398
2026-07-30T05:24:26Z,8002,1,0,0,0,0.025641,0,3571,916302,1701.81,3571,6472.67,3626
2026-07-30T05:24:26Z,8003,0,0,0,0,0,0,211,53406,0.00215585,211,251.486,215
2026-07-30T05:24:26Z,8004,2,0,0,0,0.0769231,0,216,54869,0.00224115,216,245.059,219
2026-07-30T05:24:27Z,8001,2,0,0,0,0.0512821,0,4329,1105286,3298.99,4329,9621.77,4400
2026-07-30T05:24:27Z,8002,2,0,0,0,0.0769231,0,3571,916303,1701.81,3571,6472.67,3626
2026-07-30T05:24:27Z,8003,2,0,0,0,0.0769231,0,211,53677,0.00215585,211,255.599,217
2026-07-30T05:24:27Z,8004,2,0,0,0,0.102564,0,216,55118,0.00224115,216,248.567,220
2026-07-30T05:24:29Z,8001,0,0,0,0,0,0,4331,1105785,3298.99,4331,9621.77,4400
2026-07-30T05:24:29Z,8002,1,0,0,0,0.025641,0,3573,916808,1701.81,3573,6475.17,3628
2026-07-30T05:24:29Z,8003,2,0,0,0,0.0512821,0,213,54179,0.0021665,213,256.055,219
2026-07-30T05:24:29Z,8004,1,0,0,0,0.025641,0,218,55496,0.00226503,218,248.691,221
2026-07-30T05:24:31Z,8001,0,0,0,0,0,0,4333,1106297,3298.99,4333,9622.25,4402
2026-07-30T05:24:31Z,8002,1,0,0,0,0.025641,0,3575,917319,1701.81,3575,6475.41,3630
2026-07-30T05:24:31Z,8003,1,0,0,0,0.025641,0,215,54543,0.00219645,215,256.197,220
2026-07-30T05:24:31Z,8004,2,0,0,0,0.0769231,0,218,55577,0.00226503,218,250.997,222
2026-07-30T05:24:32Z,8001,0,0,0,0,0,0,4333,1106297,3298.99,4333,9622.25,4402
2026-07-30T05:24:32Z,8002,2,0,0,0,0.0512821,0,3577,917838,1701.81,3577,6475.82,3633
2026-07-30T05:24:32Z,8003,2,0,0,0,0.0769231,0,215,54638,0.00219645,215,258.526,221
2026-07-30T05:24:32Z,8004,1,0,0,0,0.025641,0,220,56075,0.00227569,220,251.142,223
2026-07-30T05:24:36Z,8001,0,0,0,0,0,0,4335,1106809,3298.99,4335,9628.62,4404
2026-07-30T05:24:36Z,8002,2,0,0,0,0.0512821,0,3581,919035,1701.81,3581,6476.37,3637
2026-07-30T05:24:36Z,8003,2,0,0,0,0.0769231,0,217,55227,0.00222474,217,262.803,223
2026-07-30T05:24:36Z,8004,1,0,0,0,0.0512821,0,221,56293,0.00227982,221,253.442,224
2026-07-30T05:24:38Z,8001,0,0,0,0,0,0,4335,1106809,3298.99,4335,9628.62,4404
2026-07-30T05:24:38Z,8002,2,0,0,0,0.0512821,0,3583,919539,1701.81,3583,6476.66,3639
2026-07-30T05:24:38Z,8003,2,0,0,0,0.0512821,0,219,55725,0.002243,219,263.267,225
2026-07-30T05:24:38Z,8004,1,0,0,0,0.0512821,0,222,56608,0.0022848,222,255.73,225
2026-07-30T05:24:39Z,8001,2,0,0,0,0.0769231,0,4335,1106810,3298.99,4335,9630.98,4405
2026-07-30T05:24:39Z,8002,2,0,0,0,0.0512821,0,3585,920057,1701.81,3585,6476.92,3641
2026-07-30T05:24:39Z,8003,1,0,0,0,0.025641,0,221,56080,0.00227033,221,263.4,226
2026-07-30T05:24:39Z,8004,1,0,0,0,0.0512821,0,222,56655,0.0022848,222,255.73,225
2026-07-30T05:24:41Z,8001,2,0,0,0,0.102564,0,4335,1107127,3298.99,4335,9635.02,4406
2026-07-30T05:24:41Z,8002,2,0,0,0,0.0512821,0,3587,920572,1701.81,3587,6477.15,3643
2026-07-30T05:24:41Z,8003,2,0,0,0,0.0769231,0,221,56173,0.00227033,221,265.728,227
2026-07-30T05:24:41Z,8004,2,0,0,0,0.0769231,0,223,57116,0.00228903,223,258.125,227
2026-07-30T05:24:43Z,8001,2,0,0,0,0.0512821,0,4337,1107640,3298.99,4337,9635.43,4408
2026-07-30T05:24:43Z,8002,2,0,0,0,0.0512821,0,3589,921110,1701.81,3589,6477.37,3645
2026-07-30T05:24:43Z,8003,2,0,0,0,0.0512821,0,223,56689,0.00230014,223,266.004,229
2026-07-30T05:24:43Z,8004,2,0,0,0,0.0512821,0,225,57664,0.00229751,225,258.438,229
2026-07-30T05:24:44Z,8001,1,0,0,0,0.025641,0,4339,1107952,3298.99,4339,9635.53,4409
2026-07-30T05:24:44Z,8002,0,0,0,0,0,0,3592,921559,1701.81,3592,6477.46,3646
2026-07-30T05:24:44Z,8003,0,0,0,0,0,0,225,56990,0.00230865,225,266.004,229
2026-07-30T05:24:44Z,8004,2,0,0,0,0.0512821,0,227,58165,0.00234288,227,258.813,231
2026-07-30T05:24:46Z,8001,2,0,0,0,0.0769231,0,4339,1108071,3298.99,4339,9637.86,4410
2026-07-30T05:24:46Z,8002,0,0,0,0,0,0,3592,921559,1701.81,3592,6477.46,3646
2026-07-30T05:24:46Z,8003,2,0,0,0,0.0769231,0,225,57113,0.00230865,225,270.209,231
2026-07-30T05:24:46Z,8004,2,0,0,0,0.0512821,0,229,58669,0.00235402,229,259.339,233
2026-07-30T05:24:47Z,8001,2,0,0,0,0.0512821,0,4341,1108577,3298.99,4341,9638.14,4412
2026-07-30T05:24:47Z,8002,1,0,0,0,0.025641,0,3594,922076,1701.81,3594,6481.68,3649
2026-07-30T05:24:47Z,8003,1,0,0,0,0.025641,0,227,57595,0.00232995,227,270.36,232
2026-07-30T05:24:47Z,8004,1,0,0,0,0.025641,0,231,58822,0.0023894,231,259.477,234
2026-07-30T05:24:49Z,8001,2,0,0,0,0.0512821,0,4343,1109072,3298.99,4343,9638.43,4414
2026-07-30T05:24:49Z,8002,1,0,0,0,0.025641,0,3594,922181,1701.81,3594,6481.68,3649
2026-07-30T05:24:49Z,8003,2,0,0,0,0.0769231,0,227,57612,0.00232995,227,270.36,232
2026-07-30T05:24:49Z,8004,1,0,0,0,0.0512821,0,232,59115,0.00242774,232,261.793,235
2026-07-30T05:24:51Z,8001,1,0,0,0,0.025641,0,4345,1109563,3298.99,4345,9638.57,4415
2026-07-30T05:24:51Z,8002,2,0,0,0,0.0769231,0,3595,922534,1701.81,3595,6484.14,3651
2026-07-30T05:24:51Z,8003,0,0,0,0,0,0,229,58014,0.00237134,229,272.684,233
2026-07-30T05:24:51Z,8004,1,0,0,0,0.025641,0,234,59628,0.0024359,234,262.064,237
2026-07-30T05:24:54Z,8001,1,0,0,0,0.025641,0,4348,1110152,3298.99,4348,9642.9,4418
2026-07-30T05:24:54Z,8002,1,0,0,0,0.025641,0,3600,923723,1701.81,3600,6484.64,3655
2026-07-30T05:24:54Z,8003,1,0,0,0,0.025641,0,231,58622,0.00239362,231,277.102,236
2026-07-30T05:24:54Z,8004,2,0,0,0,0.0769231,0,235,59733,0.00244018,235,264.42,238
2026-07-30T05:24:56Z,8001,1,0,0,0,0.025641,0,4348,1110253,3298.99,4348,9642.9,4418
2026-07-30T05:24:56Z,8002,1,0,0,0,0.025641,0,3600,923844,1701.81,3600,6484.64,3655
2026-07-30T05:24:56Z,8003,2,0,0,0,0.0769231,0,231,58636,0.00239362,231,277.102,236
2026-07-30T05:24:56Z,8004,2,0,0,0,0.102564,0,235,60214,0.00244018,235,267.938,239
2026-07-30T05:24:58Z,8001,2,0,0,0,0.0769231,0,4349,1110611,3298.99,4349,9645.35,4420
2026-07-30T05:24:58Z,8002,1,0,0,0,0.0512821,0,3601,924014,1701.81,3601,6486.95,3656
2026-07-30T05:24:58Z,8003,0,0,0,0,0,0,233,59038,0.00242151,233,279.409,237
2026-07-30T05:24:58Z,8004,2,0,0,0,0.0512821,0,237,60729,0.00248775,237,268.321,241
2026-07-30T05:24:59Z,8001,0,0,0,0,0,0,4351,1110905,3298.99,4351,9645.35,4420
2026-07-30T05:24:59Z,8002,2,0,0,0,0.102564,0,3601,924093,1701.81,3601,6489.23,3657
2026-07-30T05:24:59Z,8003,0,0,0,0,0,0,233,59038,0.00242151,233,279.409,237
2026-07-30T05:24:59Z,8004,0,0,0,0,0,0,239,60756,0.00251915,239,268.321,241
2026-07-30T05:25:01Z,8001,2,0,0,0,0.0769231,0,4351,1111004,3298.99,4351,9649.56,4422
2026-07-30T05:25:01Z,8002,2,0,0,0,0.0512821,0,3603,924600,1701.81,3603,6489.42,3659
2026-07-30T05:25:01Z,8003,0,0,0,0,0,0,235,59550,0.00245051,235,283.664,239
2026-07-30T05:25:01Z,8004,2,0,0,0,0.0769231,0,239,60757,0.00251915,239,270.693,242
2026-07-30T05:25:02Z,8001,2,0,0,0,0.0512821,0,4353,1111506,3298.99,4353,9650.08,4424
2026-07-30T05:25:02Z,8002,2,0,0,0,0.0512821,0,3605,925131,1701.81,3605,6489.71,3661
2026-07-30T05:25:02Z,8003,1,0,0,0,0.025641,0,237,60070,0.00246419,237,284.113,242
2026-07-30T05:25:02Z,8004,2,0,0,0,0.102564,0,239,61014,0.00251915,239,274.744,243
2026-07-30T05:25:04Z,8001,2,0,0,0,0.0512821,0,4355,1111988,3298.99,4355,9650.59,4426
2026-07-30T05:25:04Z,8002,2,0,0,0,0.0512821,0,3607,925628,1701.81,3607,6490,3663
2026-07-30T05:25:04Z,8003,1,0,0,0,0.025641,0,237,60188,0.00246419,237,284.113,242
2026-07-30T05:25:04Z,8004,1,0,0,0,0.025641,0,241,61396,0.00255679,241,274.843,244
2026-07-30T05:25:06Z,8001,2,0,0,0,0.0512821,0,4357,1112476,3298.99,4357,9651.05,4428
2026-07-30T05:25:06Z,8002,2,0,0,0,0.0512821,0,3609,926131,1701.81,3609,6490.28,3665
2026-07-30T05:25:06Z,8003,2,0,0,0,0.0769231,0,238,60516,0.00247063,238,286.538,244
2026-07-30T05:25:06Z,8004,2,0,0,0,0.0769231,0,241,61449,0.00255679,241,277.18,245
2026-07-30T05:25:07Z,8001,1,0,0,0,0.025641,0,4359,1112970,3298.99,4359,9651.2,4429
2026-07-30T05:25:07Z,8002,2,0,0,0,0.0512821,0,3611,926622,1701.81,3611,6490.53,3667
2026-07-30T05:25:07Z,8003,0,0,0,0,0,0,240,60830,0.00248006,240,286.538,244
2026-07-30T05:25:07Z,8004,2,0,0,0,0.0512821,0,243,61926,0.0025707,243,277.472,247
2026-07-30T05:25:09Z,8001,1,0,0,0,0.025641,0,4359,1113066,3298.99,4359,9651.2,4429
2026-07-30T05:25:09Z,8002,1,0,0,0,0.025641,0,3612,926917,1701.81,3612,6490.53,3667
2026-07-30T05:25:09Z,8003,2,0,0,0,0.0769231,0,240,60911,0.00248006,240,290.767,246
2026-07-30T05:25:09Z,8004,1,0,0,0,0.025641,0,245,62435,0.00258085,245,277.633,248
2026-07-30T05:25:13Z,8001,0,0,0,0,0,0,4361,1113465,3298.99,4361,9653.55,4430
2026-07-30T05:25:13Z,8002,0,0,0,0,0,0,3615,927447,1701.81,3615,6492.95,3669
2026-07-30T05:25:13Z,8003,2,0,0,0,0.0769231,0,242,61482,0.00251126,242,293.264,248
2026-07-30T05:25:13Z,8004,2,0,0,0,0.0769231,0,246,63017,0.00258552,246,281.878,250
2026-07-30T05:25:14Z,8001,2,0,0,0,0.0769231,0,4361,1113950,3298.99,4361,9657.97,4432
2026-07-30T05:25:14Z,8002,2,0,0,0,0.0769231,0,3615,927484,1701.81,3615,6497.71,3671
2026-07-30T05:25:14Z,8003,0,0,0,0,0,0,244,61854,0.00253229,244,293.264,248
2026-07-30T05:25:14Z,8004,2,0,0,0,0.0512821,0,248,63489,0.00261088,248,282.416,252
2026-07-30T05:25:16Z,8001,2,0,0,0,0.0512821,0,4363,1114434,3298.99,4363,9658.34,4434
2026-07-30T05:25:16Z,8002,0,0,0,0,0,0,3617,927959,1701.81,3617,6497.71,3671
2026-07-30T05:25:16Z,8003,0,0,0,0,0,0,244,61854,0.00253229,244,293.264,248
2026-07-30T05:25:16Z,8004,1,0,0,0,0.025641,0,250,63685,0.00263277,250,282.557,253
2026-07-30T05:25:17Z,8001,1,0,0,0,0.025641,0,4365,1114602,3298.99,4365,9658.48,4435
2026-07-30T05:25:17Z,8002,0,0,0,0,0,0,3619,928471,1701.81,3619,6498.13,3673
2026-07-30T05:25:17Z,8003,0,0,0,0,0,0,246,62366,0.00257359,246,297.536,250
2026-07-30T05:25:17Z,8004,2,0,0,0,0.0769231,0,250,63870,0.00263277,250,284.88,254
2026-07-30T05:25:19Z,8001,2,0,0,0,0.0769231,0,4365,1114795,3298.99,4365,9660.81,4436
2026-07-30T05:25:19Z,8002,0,0,0,0,0,0,3619,928471,1701.81,3619,6498.13,3673
2026-07-30T05:25:19Z,8003,2,0,0,0,0.0512821,0,246,62857,0.00257359,246,297.967,252
2026-07-30T05:25:19Z,8004,2,0,0,0,0.0512821,0,252,64341,0.00266011,252,285.108,256
2026-07-30T05:25:20Z,8001,0,0,0,0,0,0,4367,1115001,3298.99,4367,9660.81,4436
2026-07-30T05:25:20Z,8002,2,0,0,0,0.0769231,0,3619,928472,1701.81,3619,6500.5,3674
2026-07-30T05:25:20Z,8003,1,0,0,0,0.025641,0,248,63000,0.00259875,248,298.056,253
2026-07-30T05:25:20Z,8004,0,0,0,0,0,0,254,64596,0.00266862,254,285.108,256
2026-07-30T05:25:22Z,8001,2,0,0,0,0.0769231,0,4367,1115128,3298.99,4367,9665.14,4438
2026-07-30T05:25:22Z,8002,2,0,0,0,0.102564,0,3619,928689,1701.81,3619,6504.55,3675
2026-07-30T05:25:22Z,8003,2,0,0,0,0.0769231,0,248,63243,0.00259875,248,300.366,254
2026-07-30T05:25:22Z,8004,2,0,0,0,0.0769231,0,254,64669,0.00266862,254,289.503,258
2026-07-30T05:25:23Z,8001,2,0,0,0,0.0512821,0,4369,1115594,3298.99,4369,9665.66,4440
2026-07-30T05:25:23Z,8002,1,0,0,0,0.025641,0,3621,929101,1701.81,3621,6504.73,3676
2026-07-30T05:25:23Z,8003,0,0,0,0,0,0,251,63646,0.00261178,251,300.5,255
2026-07-30T05:25:23Z,8004,2,0,0,0,0.0512821,0,256,65149,0.00270805,256,289.975,260
2026-07-30T05:25:25Z,8001,1,0,0,0,0.025641,0,4371,1116074,3298.99,4371,9665.81,4441
2026-07-30T05:25:25Z,8002,2,0,0,0,0.0769231,0,3621,929102,1701.81,3621,6504.73,3676
2026-07-30T05:25:25Z,8003,0,0,0,0,0,0,251,63646,0.00261178,251,300.5,255
2026-07-30T05:25:25Z,8004,2,0,0,0,0.0512821,0,258,65653,0.00274944,258,290.376,262
2026-07-30T05:25:26Z,8001,1,0,0,0,0.025641,0,4371,1116143,3298.99,4371,9665.81,4441
2026-07-30T05:25:26Z,8002,1,0,0,0,0.025641,0,3623,929618,1701.81,3623,6507.19,3678
2026-07-30T05:25:26Z,8003,2,0,0,0,0.0769231,0,251,63647,0.00261178,251,302.911,256
2026-07-30T05:25:26Z,8004,2,0,0,0,0.0512821,0,260,66135,0.00276028,260,290.842,264
2026-07-30T05:25:30Z,8001,1,0,0,0,0.025641,0,4375,1117162,3298.99,4375,9668.55,4445
2026-07-30T05:25:30Z,8002,2,0,0,0,0.0769231,0,3624,930252,1701.81,3624,6511.28,3680
2026-07-30T05:25:30Z,8003,1,0,0,0,0.025641,0,255,64727,0.00267818,255,307.015,260
2026-07-30T05:25:30Z,8004,1,0,0,0,0.025641,0,264,67272,0.00280817,264,291.35,267
2026-07-30T05:25:32Z,8001,1,0,0,0,0.025641,0,4377,1117673,3298.99,4377,9668.85,4447
2026-07-30T05:25:32Z,8002,0,0,0,0,0,0,3626,930263,1701.81,3626,6511.28,3680
2026-07-30T05:25:32Z,8003,1,0,0,0,0.025641,0,255,64787,0.00267818,255,307.015,260
2026-07-30T05:25:32Z,8004,2,0,0,0,0.0769231,0,264,67273,0.00280817,264,291.35,267
2026-07-30T05:25:33Z,8001,1,0,0,0,0.025641,0,4377,1117814,3298.99,4377,9668.85,4447
2026-07-30T05:25:33Z,8002,2,0,0,0,0.0769231,0,3626,930264,1701.81,3626,6513.62,3681
2026-07-30T05:25:33Z,8003,2,0,0,0,0.0769231,0,256,65199,0.00269446,256,309.461,262
2026-07-30T05:25:33Z,8004,1,0,0,0,0.025641,0,266,67786,0.0028257,266,293.82,269
2026-07-30T05:25:35Z,8001,2,0,0,0,0.0769231,0,4378,1118062,3298.99,4378,9671.38,4449
2026-07-30T05:25:35Z,8002,2,0,0,0,0.102564,0,3626,930515,1701.81,3626,6517.65,3682
2026-07-30T05:25:35Z,8003,0,0,0,0,0,0,258,65438,0.00270258,258,309.461,262
2026-07-30T05:25:35Z,8004,2,0,0,0,0.0512821,0,267,68273,0.00282964,267,294.107,271
2026-07-30T05:25:37Z,8001,0,0,0,0,0,0,4380,1118329,3298.99,4380,9671.38,4449
2026-07-30T05:25:37Z,8002,1,0,0,0,0.025641,0,3628,930891,1701.81,3628,6517.8,3683
2026-07-30T05:25:37Z,8003,2,0,0,0,0.0769231,0,258,65439,0.00270258,258,311.836,263
2026-07-30T05:25:37Z,8004,0,0,0,0,0,0,269,68436,0.00283926,269,294.107,271
2026-07-30T05:25:38Z,8001,0,0,0,0,0,0,4380,1118329,3298.99,4380,9671.38,4449
2026-07-30T05:25:38Z,8002,2,0,0,0,0.0769231,0,3628,930896,1701.81,3628,6520.16,3684
2026-07-30T05:25:38Z,8003,2,0,0,0,0.102564,0,258,65558,0.00270258,258,315.268,264
2026-07-30T05:25:38Z,8004,2,0,0,0,0.0769231,0,269,68437,0.00283926,269,296.474,272
2026-07-30T05:25:40Z,8001,0,0,0,0,0,0,4382,1118841,3298.99,4382,9676.11,4451
2026-07-30T05:25:40Z,8002,0,0,0,0,0,0,3630,931287,1701.81,3630,6520.16,3684
2026-07-30T05:25:40Z,8003,2,0,0,0,0.0512821,0,260,66031,0.00272056,260,315.707,266
2026-07-30T05:25:40Z,8004,2,0,0,0,0.102564,0,269,68642,0.00283926,269,299.861,273
2026-07-30T05:25:41Z,8001,2,0,0,0,0.0512821,0,4382,1119342,3298.99,4382,9676.59,4453
2026-07-30T05:25:41Z,8002,0,0,0,0,0,0,3630,931287,1701.81,3630,6520.16,3684
2026-07-30T05:25:41Z,8003,2,0,0,0,0.0512821,0,262,66503,0.00274011,262,316.231,268
2026-07-30T05:25:41Z,8004,1,0,0,0,0.025641,0,271,69066,0.00285455,271,300.017,274
2026-07-30T05:25:43Z,8001,2,0,0,0,0.0512821,0,4384,1119852,3298.99,4384,9677.01,4455
2026-07-30T05:25:43Z,8002,0,0,0,0,0,0,3632,931799,1701.81,3632,6524.45,3686
2026-07-30T05:25:43Z,8003,2,0,0,0,0.0512821,0,264,67023,0.00275736,264,316.674,270
2026-07-30T05:25:43Z,8004,2,0,0,0,0.0769231,0,271,69067,0.00285455,271,300.017,274
2026-07-30T05:25:44Z,8001,2,0,0,0,0.0512821,0,4386,1120330,3298.99,4386,9677.51,4457
2026-07-30T05:25:44Z,8002,0,0,0,0,0,0,3634,932311,1701.81,3634,6524.8,3688
2026-07-30T05:25:44Z,8003,2,0,0,0,0.0512821,0,266,67527,0.00278655,266,317.054,272
2026-07-30T05:25:44Z,8004,1,0,0,0,0.025641,0,273,69572,0.00286811,273,302.504,276
2026-07-30T05:25:48Z,8001,1,0,0,0,0.025641,0,4392,1121414,3298.99,4392,9678.59,4462
2026-07-30T05:25:48Z,8002,2,0,0,0,0.0769231,0,3634,932312,1701.81,3634,6527.18,3689
2026-07-30T05:25:48Z,8003,2,0,0,0,0.0769231,0,268,68128,0.00280502,268,317.143,273
2026-07-30T05:25:48Z,8004,2,0,0,0,0.0512821,0,277,70722,0.00288537,277,303.158,281
2026-07-30T05:25:50Z,8001,1,0,0,0,0.025641,0,4392,1121520,3298.99,4392,9678.59,4462
2026-07-30T05:25:50Z,8002,2,0,0,0,0.102564,0,3634,932759,1701.81,3634,6531.26,3690
2026-07-30T05:25:50Z,8003,1,0,0,0,0.025641,0,270,68630,0.00281334,270,319.633,275
2026-07-30T05:25:50Z,8004,0,0,0,0,0,0,279,70996,0.0028939,279,303.158,281
2026-07-30T05:25:51Z,8001,2,0,0,0,0.0769231,0,4393,1121825,3298.99,4393,9681.04,4464
2026-07-30T05:25:51Z,8002,0,0,0,0,0,0,3636,932823,1701.81,3636,6531.26,3690
2026-07-30T05:25:51Z,8003,2,0,0,0,0.0512821,0,271,69117,0.00281742,271,319.93,277
2026-07-30T05:25:51Z,8004,2,0,0,0,0.0769231,0,279,71103,0.0028939,279,307.445,283
2026-07-30T05:25:53Z,8001,1,0,0,0,0.025641,0,4395,1122305,3298.99,4395,9681.19,4465
2026-07-30T05:25:53Z,8002,2,0,0,0,0.0769231,0,3636,932824,1701.81,3636,6533.59,3691
2026-07-30T05:25:53Z,8003,0,0,0,0,0,0,273,69278,0.00282549,273,319.93,277
2026-07-30T05:25:53Z,8004,1,0,0,0,0.025641,0,281,71580,0.0029282,281,307.541,284
2026-07-30T05:25:54Z,8001,1,0,0,0,0.025641,0,4397,1122815,3298.99,4397,9681.42,4467
2026-07-30T05:25:54Z,8002,2,0,0,0,0.102564,0,3636,933019,1701.81,3636,6537.61,3692
2026-07-30T05:25:54Z,8003,2,0,0,0,0.0769231,0,273,69507,0.00282549,273,324.219,279
2026-07-30T05:25:54Z,8004,1,0,0,0,0.025641,0,281,71630,0.0029282,281,307.541,284
2026-07-30T05:25:56Z,8001,0,0,0,0,0,0,4399,1123193,3298.99,4399,9681.55,4468
2026-07-30T05:25:56Z,8002,1,0,0,0,0.025641,0,3638,933451,1701.81,3638,6537.76,3693
2026-07-30T05:25:56Z,8003,2,0,0,0,0.0512821,0,275,70009,0.00286863,275,324.563,281
2026-07-30T05:25:56Z,8004,2,0,0,0,0.0769231,0,282,72054,0.00294183,282,309.954,286
2026-07-30T05:25:57Z,8001,0,0,0,0,0,0,4399,1123193,3298.99,4399,9681.55,4468
2026-07-30T05:25:57Z,8002,2,0,0,0,0.0769231,0,3638,933452,1701.81,3638,6537.76,3693
2026-07-30T05:25:57Z,8003,1,0,0,0,0.025641,0,277,70423,0.00288405,277,324.655,282
2026-07-30T05:25:57Z,8004,2,0,0,0,0.0512821,0,284,72539,0.0029508,284,310.207,288
2026-07-30T05:25:59Z,8001,0,0,0,0,0,0,4401,1123705,3298.99,4401,9685.8,4470
2026-07-30T05:25:59Z,8002,2,0,0,0,0.0769231,0,3639,933916,1701.81,3639,6540.25,3695
2026-07-30T05:25:59Z,8003,2,0,0,0,0.0769231,0,277,70424,0.00288405,277,324.655,282
2026-07-30T05:25:59Z,8004,1,0,0,0,0.025641,0,285,72784,0.00295741,285,310.207,288
2026-07-30T05:26:01Z,8001,1,0,0,0,0.025641,0,4401,1123829,3298.99,4401,9685.89,4471
2026-07-30T05:26:01Z,8002,0,0,0,0,0,0,3642,934359,1701.81,3642,6540.39,3696
2026-07-30T05:26:01Z,8003,1,0,0,0,0.025641,0,279,70933,0.00289831,279,327.07,284
2026-07-30T05:26:01Z,8004,2,0,0,0,0.0769231,0,286,72928,0.00296297,286,312.643,290
2026-07-30T05:26:02Z,8001,1,0,0,0,0.0512821,0,4402,1124110,3298.99,4402,9688.23,4472
2026-07-30T05:26:02Z,8002,0,0,0,0,0,0,3642,934359,1701.81,3642,6540.39,3696
2026-07-30T05:26:02Z,8003,2,0,0,0,0.0512821,0,280,71418,0.00290222,280,327.368,286
2026-07-30T05:26:02Z,8004,0,0,0,0,0,0,288,73300,0.00297235,288,312.643,290
2026-07-30T05:26:06Z,8001,2,0,0,0,0.0769231,0,4403,1124648,3298.99,4403,9692.58,4474
2026-07-30T05:26:06Z,8002,0,0,0,0,0,0,3644,934871,1701.81,3644,6544.56,3698
2026-07-30T05:26:06Z,8003,2,0,0,0,0.0769231,0,282,71979,0.00291117,282,331.604,288
2026-07-30T05:26:06Z,8004,0,0,0,0,0,0,290,73812,0.00301426,290,317.33,292
2026-07-30T05:26:07Z,8001,2,0,0,0,0.0512821,0,4405,1125108,3298.99,4405,9693.08,4476
2026-07-30T05:26:07Z,8002,2,0,0,0,0.0769231,0,3644,934872,1701.81,3644,6546.89,3699
2026-07-30T05:26:07Z,8003,1,0,0,0,0.025641,0,284,72200,0.00294366,284,331.784,289
2026-07-30T05:26:07Z,8004,0,0,0,0,0,0,290,73812,0.00301426,290,317.33,292
2026-07-30T05:26:09Z,8001,1,0,0,0,0.025641,0,4407,1125351,3298.99,4407,9693.22,4477
2026-07-30T05:26:09Z,8002,2,0,0,0,0.102564,0,3644,935233,1701.81,3644,6550.91,3700
2026-07-30T05:26:09Z,8003,2,0,0,0,0.0769231,0,284,72335,0.00294366,284,334.127,290
2026-07-30T05:26:09Z,8004,2,0,0,0,0.0769231,0,290,73813,0.00301426,290,319.668,293
2026-07-30T05:26:10Z,8001,2,0,0,0,0.0769231,0,4407,1125484,3298.99,4407,9695.54,4478
2026-07-30T05:26:10Z,8002,1,0,0,0,0.025641,0,3646,935493,1701.81,3646,6551.06,3701
2026-07-30T05:26:10Z,8003,2,0,0,0,0.0512821,0,286,72808,0.00299701,286,334.403,292
2026-07-30T05:26:10Z,8004,2,0,0,0,0.102564,0,290,74152,0.00301426,290,323.679,294
2026-07-30T05:26:12Z,8001,2,0,0,0,0.0512821,0,4409,1125953,3298.99,4409,9695.78,4480
2026-07-30T05:26:12Z,8002,2,0,0,0,0.0769231,0,3646,935620,1701.81,3646,6553.37,3702
2026-07-30T05:26:12Z,8003,2,0,0,0,0.0512821,0,288,73291,0.00300557,288,334.668,294
2026-07-30T05:26:12Z,8004,1,0,0,0,0.025641,0,292,74432,0.00304212,292,323.831,295
2026-07-30T05:26:13Z,8001,2,0,0,0,0.0512821,0,4411,1126443,3298.99,4411,9695.96,4482
2026-07-30T05:26:13Z,8002,0,0,0,0,0,0,3648,935895,1701.81,3648,6553.37,3702
2026-07-30T05:26:13Z,8003,2,0,0,0,0.0512821,0,290,73791,0.00301352,290,334.839,296
2026-07-30T05:26:13Z,8004,2,0,0,0,0.0769231,0,292,74535,0.00304212,292,326.138,296
2026-07-30T05:26:15Z,8001,1,0,0,0,0.025641,0,4413,1126920,3298.99,4413,9696.12,4483
2026-07-30T05:26:15Z,8002,2,0,0,0,0.0769231,0,3648,935970,1701.81,3648,6557.73,3704
2026-07-30T05:26:15Z,8003,1,0,0,0,0.025641,0,292,74284,0.00302172,292,334.979,297
2026-07-30T05:26:15Z,8004,2,0,0,0,0.0512821,0,294,75008,0.00307069,294,326.413,298
2026-07-30T05:26:17Z,8001,1,0,0,0,0.025641,0,4413,1127020,3298.99,4413,9696.12,4483
2026-07-30T05:26:17Z,8002,2,0,0,0,0.0512821,0,3650,936432,1701.81,3650,6558.22,3706
2026-07-30T05:26:17Z,8003,1,0,0,0,0.025641,0,292,74393,0.00302172,292,334.979,297
2026-07-30T05:26:17Z,8004,2,0,0,0,0.0512821,0,296,75501,0.00307925,296,326.629,300
2026-07-30T05:26:18Z,8001,1,0,0,0,0.0512821,0,4414,1127182,3298.99,4414,9698.48,4484
2026-07-30T05:26:18Z,8002,2,0,0,0,0.0512821,0,3652,936938,1701.81,3652,6558.63,3708
2026-07-30T05:26:18Z,8003,2,0,0,0,0.0769231,0,293,74705,0.00302561,293,337.449,299
2026-07-30T05:26:18Z,8004,1,0,0,0,0.025641,0,298,76011,0.00308754,298,326.764,301
2026-07-30T05:26:20Z,8001,2,0,0,0,0.102564,0,4414,1127257,3298.99,4414,9700.79,4485
2026-07-30T05:26:20Z,8002,2,0,0,0,0.0512821,0,3654,937452,1701.81,3654,6559.02,3710
2026-07-30T05:26:20Z,8003,0,0,0,0,0,0,295,74910,0.00303504,295,337.449,299
2026-07-30T05:26:20Z,8004,1,0,0,0,0.025641,0,298,76111,0.00308754,298,326.764,301
2026-07-30T05:26:23Z,8001,2,0,0,0,0.0769231,0,4416,1127830,3298.99,4416,9703.21,4487
2026-07-30T05:26:23Z,8002,2,0,0,0,0.0769231,0,3656,938054,1701.81,3656,6559.16,3711
2026-07-30T05:26:23Z,8003,2,0,0,0,0.102564,0,295,75146,0.00303504,295,343.833,301
2026-07-30T05:26:23Z,8004,2,0,0,0,0.0512821,0,301,77113,0.0031,301,329.532,305
2026-07-30T05:26:25Z,8001,1,0,0,0,0.025641,0,4418,1128208,3298.99,4418,9703.31,4488
2026-07-30T05:26:25Z,8002,1,0,0,0,0.025641,0,3658,938569,1701.81,3658,6561.56,3713
2026-07-30T05:26:25Z,8003,2,0,0,0,0.0512821,0,297,75625,0.00306789,297,344.204,303
2026-07-30T05:26:25Z,8004,0,0,0,0,0,0,303,77140,0.00310834,303,329.532,305
2026-07-30T05:26:26Z,8001,2,0,0,0,0.0769231,0,4418,1128209,3298.99,4418,9703.31,4488
2026-07-30T05:26:26Z,8002,2,0,0,0,0.0512821,0,3659,939053,1701.81,3659,6561.79,3715
2026-07-30T05:26:26Z,8003,1,0,0,0,0.025641,0,299,76058,0.00308999,299,344.288,304
2026-07-30T05:26:26Z,8004,2,0,0,0,0.0769231,0,303,77381,0.00310834,303,334.176,307
2026-07-30T05:26:28Z,8001,2,0,0,0,0.0769231,0,4419,1128714,3298.99,4419,9705.73,4490
2026-07-30T05:26:28Z,8002,1,0,0,0,0.025641,0,3660,939219,1701.81,3660,6561.79,3715
2026-07-30T05:26:28Z,8003,2,0,0,0,0.0769231,0,299,76059,0.00308999,299,344.288,304
2026-07-30T05:26:28Z,8004,2,0,0,0,0.0512821,0,305,77857,0.00314768,305,334.652,309
2026-07-30T05:26:30Z,8001,1,0,0,0,0.025641,0,4421,1129063,3298.99,4421,9705.86,4491
2026-07-30T05:26:30Z,8002,2,0,0,0,0.0769231,0,3661,939440,1701.81,3661,6564.23,3717
2026-07-30T05:26:30Z,8003,2,0,0,0,0.0769231,0,300,76533,0.00309696,300,346.757,306
2026-07-30T05:26:30Z,8004,0,0,0,0,0,0,307,78164,0.00319292,307,334.652,309
2026-07-30T05:26:31Z,8001,2,0,0,0,0.0769231,0,4421,1129094,3298.99,4421,9708.19,4492
2026-07-30T05:26:31Z,8002,1,0,0,0,0.025641,0,3663,939873,1701.81,3663,6564.37,3718
2026-07-30T05:26:31Z,8003,0,0,0,0,0,0,302,76702,0.00310509,302,346.757,306
2026-07-30T05:26:31Z,8004,0,0,0,0,0,0,307,78164,0.00319292,307,334.652,309
2026-07-30T05:26:33Z,8001,4,0,0,0,0.128205,0,4422,1129774,3298.99,4422,9708.7,4495
2026-07-30T05:26:33Z,8002,2,0,0,0,0.0769231,0,3663,939881,1701.81,3663,6564.37,3718
2026-07-30T05:26:33Z,8003,4,0,0,0,0.128205,0,302,76703,0.00310509,302,349.19,307
2026-07-30T05:26:33Z,8004,2,0,0,0,0.0769231,0,307,78165,0.00319292,307,337.021,310
2026-07-30T05:26:34Z,8001,1,0,0,0,0.025641,0,4426,1130233,3298.99,4426,9708.79,4496
2026-07-30T05:26:34Z,8002,4,0,0,0,0.128205,0,3664,940656,1701.81,3664,6569.5,3722
2026-07-30T05:26:34Z,8003,4,0,0,0,0.153846,0,302,77010,0.00310509,302,356.556,310
2026-07-30T05:26:34Z,8004,4,0,0,0,0.153846,0,307,78936,0.00319292,307,343.98,313
2026-07-30T05:26:36Z,8001,4,0,0,0,0.128205,0,4426,1130236,3298.99,4426,9711.15,4497
2026-07-30T05:26:36Z,8002,2,0,0,0,0.0512821,0,3667,941089,1701.81,3667,6569.64,3723
2026-07-30T05:26:36Z,8003,3,0,0,0,0.0769231,0,306,77790,0.00315366,306,357.43,313
2026-07-30T05:26:36Z,8004,1,0,0,0,0.025641,0,311,79308,0.00325314,311,344.083,314
2026-07-30T05:26:37Z,8001,4,0,0,0,0.153846,0,4426,1130238,3298.99,4426,9711.15,4497
2026-07-30T05:26:37Z,8002,4,0,0,0,0.128205,0,3667,941094,1701.81,3667,6571.99,3724
2026-07-30T05:26:37Z,8003,3,0,0,0,0.0769231,0,306,77955,0.00315366,306,357.43,313
2026-07-30T05:26:37Z,8004,4,0,0,0,0.128205,0,311,79311,0.00325314,311,346.454,315
2026-07-30T05:26:41Z,8001,3,0,0,0,0.153846,0,4427,1131046,3298.99,4427,9721.37,4499
2026-07-30T05:26:41Z,8002,4,0,0,0,0.179487,0,3668,941439,1701.81,3668,6576.02,3725
2026-07-30T05:26:41Z,8003,1,0,0,0,0.025641,0,310,78847,0.00318844,310,359.962,315
2026-07-30T05:26:41Z,8004,4,0,0,0,0.179487,0,311,79668,0.00325314,311,357.7,317
2026-07-30T05:26:42Z,8001,3,0,0,0,0.102564,0,4430,1131284,3298.99,4430,9724,4502
2026-07-30T05:26:42Z,8002,1,0,0,0,0.0512821,0,3671,941934,1701.81,3671,6578.32,3726
2026-07-30T05:26:42Z,8003,4,0,0,0,0.128205,0,310,78850,0.00318844,310,362.342,316
2026-07-30T05:26:42Z,8004,4,0,0,0,0.102564,0,315,80428,0.00328868,315,358.518,321
2026-07-30T05:26:44Z,8001,3,0,0,0,0.102564,0,4430,1131407,3298.99,4430,9724,4502
2026-07-30T05:26:44Z,8002,4,0,0,0,0.153846,0,3671,942105,1701.81,3671,6584.41,3729
2026-07-30T05:26:44Z,8003,3,0,0,0,0.128205,0,311,79531,0.00319587,311,369.823,318
2026-07-30T05:26:44Z,8004,1,0,0,0,0.025641,0,319,81353,0.00330724,319,358.656,322
2026-07-30T05:26:46Z,8001,2,0,0,0,0.0769231,0,4433,1132117,3298.99,4433,9726.45,4504
2026-07-30T05:26:46Z,8002,2,0,0,0,0.0512821,0,3675,943015,1701.81,3675,6584.64,3731
2026-07-30T05:26:46Z,8003,0,0,0,0,0,0,314,79774,0.00321352,314,369.823,318
2026-07-30T05:26:46Z,8004,4,0,0,0,0.102564,0,320,82301,0.00331215,320,359.505,326
2026-07-30T05:26:47Z,8001,3,0,0,0,0.0769231,0,4435,1132987,3298.99,4435,9727.06,4507
2026-07-30T05:26:47Z,8002,2,0,0,0,0.0512821,0,3675,943149,1701.81,3675,6584.64,3731
2026-07-30T05:26:47Z,8003,4,0,0,0,0.128205,0,314,80391,0.00321352,314,377.731,322
2026-07-30T05:26:47Z,8004,4,0,0,0,0.102564,0,324,83141,0.00333476,324,360.5,330
2026-07-30T05:26:49Z,8001,3,0,0,0,0.0769231,0,4438,1133764,3298.99,4438,9727.32,4510
2026-07-30T05:26:49Z,8002,4,0,0,0,0.128205,0,3675,943154,1701.81,3675,6587,3732
2026-07-30T05:26:49Z,8003,4,0,0,0,0.102564,0,318,81195,0.00324501,318,379.056,326
2026-07-30T05:26:49Z,8004,2,0,0,0,0.0512821,0,327,83610,0.0033531,327,360.598,331
2026-07-30T05:26:50Z,8001,4,0,0,0,0.128205,0,4438,1133767,3298.99,4438,9727.32,4510
2026-07-30T05:26:50Z,8002,3,0,0,0,0.128205,0,3676,943494,1701.81,3676,6591.04,3733
2026-07-30T05:26:50Z,8003,3,0,0,0,0.0769231,0,322,81991,0.00328107,322,379.743,329
2026-07-30T05:26:50Z,8004,4,0,0,0,0.128205,0,327,83615,0.0033531,327,362.967,332
2026-07-30T05:26:52Z,8001,3,0,0,0,0.102564,0,4441,1134297,3298.99,4441,9729.88,4513
2026-07-30T05:26:52Z,8002,4,0,0,0,0.179487,0,3676,943525,1701.81,3676,6593.39,3734
2026-07-30T05:26:52Z,8003,3,0,0,0,0.0769231,0,322,82042,0.00328107,322,379.743,329
2026-07-30T05:26:52Z,8004,4,0,0,0,0.153846,0,327,83694,0.0033531,327,367.008,333
2026-07-30T05:26:53Z,8001,4,0,0,0,0.153846,0,4441,1134420,3298.99,4441,9732.16,4514
2026-07-30T05:26:53Z,8002,4,0,0,0,0.128205,0,3679,944323,1701.81,3679,6594.05,3737
2026-07-30T05:26:53Z,8003,1,0,0,0,0.0512821,0,325,82784,0.00330165,325,382.093,330
2026-07-30T05:26:53Z,8004,4,0,0,0,0.153846,0,329,84596,0.00336135,329,367.193,335
2026-07-30T05:26:55Z,8001,1,0,0,0,0.0512821,0,4444,1134929,3298.99,4444,9732.16,4514
2026-07-30T05:26:55Z,8002,4,0,0,0,0.102564,0,3683,945113,1701.81,3683,6594.8,3741
2026-07-30T05:26:55Z,8003,1,0,0,0,0.025641,0,326,82949,0.00330537,326,382.24,331
2026-07-30T05:26:55Z,8004,2,0,0,0,0.0512821,0,332,84863,0.0033749,332,367.354,336
2026-07-30T05:26:59Z,8001,4,0,0,0,0.153846,0,4445,1135385,3298.99,4445,9738.72,4517
2026-07-30T05:26:59Z,8002,4,0,0,0,0.128205,0,3687,946128,1701.81,3687,6599.64,3745
2026-07-30T05:26:59Z,8003,4,0,0,0,0.153846,0,327,83707,0.00330937,327,392.485,335
2026-07-30T05:26:59Z,8004,2,0,0,0,0.0512821,0,337,86139,0.00339784,337,372.426,341
2026-07-30T05:27:00Z,8001,3,0,0,0,0.102564,0,4448,1136064,3298.99,4448,9741.51,4520
2026-07-30T05:27:00Z,8002,2,0,0,0,0.0512821,0,3691,947002,1701.81,3691,6600.11,3747
2026-07-30T05:27:00Z,8003,3,0,0,0,0.0769231,0,331,84617,0.00333271,331,393.036,338
2026-07-30T05:27:00Z,8004,4,0,0,0,0.128205,0,337,86144,0.00339784,337,374.866,342
2026-07-30T05:27:02Z,8001,4,0,0,0,0.153846,0,4448,1136067,3298.99,4448,9741.51,4520
2026-07-30T05:27:02Z,8002,3,0,0,0,0.0769231,0,3691,947262,1701.81,3691,6600.26,3748
2026-07-30T05:27:02Z,8003,0,0,0,0,0,0,334,84894,0.00335485,334,393.036,338
2026-07-30T05:27:02Z,8004,4,0,0,0,0.153846,0,337,86147,0.00339784,337,374.866,342
2026-07-30T05:27:03Z,8001,2,0,0,0,0.0769231,0,4451,1136875,3298.99,4451,9743.93,4522
2026-07-30T05:27:03Z,8002,2,0,0,0,0.0769231,0,3693,947744,1701.81,3693,6602.62,3749
2026-07-30T05:27:03Z,8003,4,0,0,0,0.128205,0,334,85287,0.00335485,334,401.264,342
2026-07-30T05:27:03Z,8004,2,0,0,0,0.102564,0,339,86684,0.00340569,339,378.56,343
2026-07-30T05:27:05Z,8001,1,0,0,0,0.025641,0,4452,1137011,3298.99,4452,9743.93,4522
2026-07-30T05:27:05Z,8002,2,0,0,0,0.0769231,0,3694,947999,1701.81,3694,6602.71,3750
2026-07-30T05:27:05Z,8003,3,0,0,0,0.0769231,0,338,86126,0.00340916,338,401.832,345
2026-07-30T05:27:05Z,8004,4,0,0,0,0.179487,0,339,86966,0.00340569,339,382.617,345
2026-07-30T05:27:06Z,8001,4,0,0,0,0.128205,0,4452,1137014,3298.99,4452,9746.28,4523
2026-07-30T05:27:06Z,8002,4,0,0,0,0.153846,0,3694,948004,1701.81,3694,6605.12,3751
2026-07-30T05:27:06Z,8003,4,0,0,0,0.128205,0,338,86144,0.00340916,338,401.832,345
2026-07-30T05:27:06Z,8004,4,0,0,0,0.102564,0,343,87746,0.00342835,343,383.493,349
2026-07-30T05:27:08Z,8001,4,0,0,0,0.153846,0,4452,1137016,3298.99,4452,9746.28,4523
2026-07-30T05:27:08Z,8002,4,0,0,0,0.153846,0,3695,948359,1701.81,3695,6608.98,3753
2026-07-30T05:27:08Z,8003,3,0,0,0,0.102564,0,341,86921,0.00344982,341,404.526,348
2026-07-30T05:27:08Z,8004,3,0,0,0,0.0769231,0,345,88361,0.00343724,345,383.643,350
2026-07-30T05:27:10Z,8001,4,0,0,0,0.179487,0,4453,1137411,3298.99,4453,9757.31,4526
2026-07-30T05:27:10Z,8002,2,0,0,0,0.0512821,0,3699,949173,1701.81,3699,6609.26,3755
2026-07-30T05:27:10Z,8003,2,0,0,0,0.0512821,0,342,87093,0.00345383,342,404.526,348
2026-07-30T05:27:10Z,8004,4,0,0,0,0.128205,0,345,88536,0.00343724,345,385.973,351
2026-07-30T05:27:11Z,8001,2,0,0,0,0.0512821,0,4457,1138164,3298.99,4457,9757.84,4528
2026-07-30T05:27:11Z,8002,2,0,0,0,0.0512821,0,3699,949241,1701.81,3699,6609.26,3755
2026-07-30T05:27:11Z,8003,4,0,0,0,0.128205,0,342,87098,0.00345383,342,406.904,349
2026-07-30T05:27:11Z,8004,2,0,0,0,0.0512821,0,349,89325,0.00345646,349,386.384,353
2026-07-30T05:27:13Z,8001,2,0,0,0,0.0512821,0,4457,1138194,3298.99,4457,9757.84,4528
2026-07-30T05:27:13Z,8002,3,0,0,0,0.102564,0,3701,949914,1701.81,3701,6613.94,3758
2026-07-30T05:27:13Z,8003,4,0,0,0,0.153846,0,342,87705,0.00345383,342,410.339,350
2026-07-30T05:27:13Z,8004,2,0,0,0,0.0512821,0,349,89351,0.00345646,349,386.384,353
2026-07-30T05:27:16Z,8001,2,0,0,0,0.0512821,0,4463,1140022,3298.99,4463,9763.31,4534
2026-07-30T05:27:16Z,8002,4,0,0,0,0.128205,0,3705,950825,1701.81,3705,6616.96,3762
2026-07-30T05:27:16Z,8003,3,0,0,0,0.0769231,0,350,89438,0.0034931,350,411.511,357
2026-07-30T05:27:16Z,8004,1,0,0,0,0.025641,0,355,90554,0.00349082,355,391.277,358
2026-07-30T05:27:18Z,8001,0,0,0,0,0,0,4465,1140089,3298.99,4465,9763.31,4534
2026-07-30T05:27:18Z,8002,4,0,0,0,0.153846,0,3705,950828,1701.81,3705,6616.96,3762
2026-07-30T05:27:18Z,8003,4,0,0,0,0.128205,0,350,89513,0.0034931,350,413.852,358
2026-07-30T05:27:18Z,8004,4,0,0,0,0.128205,0,355,91015,0.00349082,355,397.881,361
2026-07-30T05:27:19Z,8001,4,0,0,0,0.128205,0,4465,1140090,3298.99,4465,9765.71,4535
2026-07-30T05:27:19Z,8002,2,0,0,0,0.102564,0,3707,951397,1701.81,3707,6620.39,3763
2026-07-30T05:27:19Z,8003,2,0,0,0,0.0769231,0,353,90014,0.00350873,353,414.009,359
2026-07-30T05:27:19Z,8004,2,0,0,0,0.0512821,0,359,91747,0.00351798,359,398.099,363
2026-07-30T05:27:21Z,8001,4,0,0,0,0.153846,0,4465,1140092,3298.99,4465,9769.15,4536
2026-07-30T05:27:21Z,8002,4,0,0,0,0.179487,0,3707,951402,1701.81,3707,6622.75,3764
2026-07-30T05:27:21Z,8003,4,0,0,0,0.153846,0,353,90144,0.00350873,353,418.254,361
2026-07-30T05:27:21Z,8004,2,0,0,0,0.0512821,0,359,91783,0.00351798,359,398.099,363
2026-07-30T05:27:22Z,8001,4,0,0,0,0.179487,0,4465,1140471,3298.99,4465,9780.05,4538
2026-07-30T05:27:22Z,8002,4,0,0,0,0.205128,0,3707,951405,1701.81,3707,6622.75,3764
2026-07-30T05:27:22Z,8003,1,0,0,0,0.025641,0,357,90965,0.00352779,357,418.394,362
2026-07-30T05:27:22Z,8004,4,0,0,0,0.128205,0,359,91788,0.00351798,359,400.479,364
2026-07-30T05:27:24Z,8001,3,0,0,0,0.0769231,0,4469,1141231,3298.99,4469,9781.02,4541
2026-07-30T05:27:24Z,8002,2,0,0,0,0.102564,0,3709,951839,1701.81,3709,6626.78,3765
2026-07-30T05:27:24Z,8003,2,0,0,0,0.0769231,0,357,90975,0.00352779,357,418.394,362
2026-07-30T05:27:24Z,8004,3,0,0,0,0.128205,0,361,92447,0.00353062,361,404.634,366
2026-07-30T05:27:26Z,8001,3,0,0,0,0.0769231,0,4469,1141300,3298.99,4469,9781.02,4541
2026-07-30T05:27:26Z,8002,4,0,0,0,0.179487,0,3709,951844,1701.81,3709,6629.13,3766
2026-07-30T05:27:26Z,8003,4,0,0,0,0.128205,0,357,90977,0.00352779,357,420.76,363
2026-07-30T05:27:26Z,8004,1,0,0,0,0.025641,0,363,92712,0.00353986,363,404.634,366
2026-07-30T05:27:27Z,8001,1,0,0,0,0.0512821,0,4472,1142088,3298.99,4472,9783.4,4542
2026-07-30T05:27:27Z,8002,4,0,0,0,0.205128,0,3709,951971,1701.81,3709,6633.16,3767
2026-07-30T05:27:27Z,8003,4,0,0,0,0.153846,0,357,90979,0.00352779,357,420.76,363
2026-07-30T05:27:27Z,8004,3,0,0,0,0.102564,0,364,93117,0.00354391,364,410.735,369
2026-07-30T05:27:29Z,8001,0,0,0,0,0,0,4473,1142137,3298.99,4473,9783.4,4542
2026-07-30T05:27:29Z,8002,2,0,0,0,0.102564,0,3711,952423,1701.81,3711,6633.16,3767
2026-07-30T05:27:29Z,8003,3,0,0,0,0.153846,0,358,91543,0.00353439,358,431.016,365
2026-07-30T05:27:29Z,8004,3,0,0,0,0.102564,0,364,93195,0.00354391,364,410.735,369
2026-07-30T05:27:30Z,8001,4,0,0,0,0.128205,0,4473,1142138,3298.99,4473,9785.77,4543
2026-07-30T05:27:30Z,8002,4,0,0,0,0.179487,0,3711,952428,1701.81,3711,6635.5,3768
2026-07-30T05:27:30Z,8003,3,0,0,0,0.153846,0,358,91543,0.00353439,358,431.016,365
2026-07-30T05:27:30Z,8004,3,0,0,0,0.102564,0,367,93836,0.00356172,367,413.245,372
2026-07-30T05:27:34Z,8001,4,0,0,0,0.179487,0,4473,1142759,3298.99,4473,9800.66,4546
2026-07-30T05:27:34Z,8002,1,0,0,0,0.025641,0,3717,953616,1701.81,3717,6640.15,3772
2026-07-30T05:27:34Z,8003,4,0,0,0,0.153846,0,361,92098,0.00355585,361,435.943,368
2026-07-30T05:27:34Z,8004,3,0,0,0,0.102564,0,368,94431,0.00356572,368,415.597,373
2026-07-30T05:27:35Z,8001,1,0,0,0,0.025641,0,4477,1143273,3298.99,4477,9800.78,4547
2026-07-30T05:27:35Z,8002,1,0,0,0,0.025641,0,3717,953652,1701.81,3717,6640.15,3772
2026-07-30T05:27:35Z,8003,3,0,0,0,0.128205,0,362,92340,0.003561,362,440.032,369
2026-07-30T05:27:35Z,8004,4,0,0,0,0.153846,0,370,94771,0.00357844,370,418.394,376
2026-07-30T05:27:37Z,8001,4,0,0,0,0.128205,0,4477,1143276,3298.99,4477,9803.13,4548
2026-07-30T05:27:37Z,8002,4,0,0,0,0.128205,0,3717,953656,1701.81,3717,6644.56,3774
2026-07-30T05:27:37Z,8003,2,0,0,0,0.102564,0,363,92656,0.00356493,363,440.032,369
2026-07-30T05:27:37Z,8004,1,0,0,0,0.025641,0,374,95570,0.00359606,374,418.485,377
2026-07-30T05:27:38Z,8001,4,0,0,0,0.153846,0,4477,1143278,3298.99,4477,9803.13,4548
2026-07-30T05:27:38Z,8002,3,0,0,0,0.128205,0,3718,954323,1701.81,3718,6648.23,3775
2026-07-30T05:27:38Z,8003,3,0,0,0,0.102564,0,365,93052,0.00357415,365,444.453,372
2026-07-30T05:27:38Z,8004,0,0,0,0,0,0,375,95572,0.00360031,375,418.485,377
2026-07-30T05:27:40Z,8001,4,0,0,0,0.179487,0,4477,1143281,3298.99,4477,9808.68,4549
2026-07-30T05:27:40Z,8002,3,0,0,0,0.0769231,0,3721,954893,1701.81,3721,6648.85,3778
2026-07-30T05:27:40Z,8003,3,0,0,0,0.102564,0,365,93280,0.00357415,365,444.453,372
2026-07-30T05:27:40Z,8004,4,0,0,0,0.128205,0,375,95573,0.00360031,375,420.824,378
2026-07-30T05:27:42Z,8001,3,0,0,0,0.153846,0,4478,1144138,3298.99,4478,9814.4,4550
2026-07-30T05:27:42Z,8002,4,0,0,0,0.128205,0,3721,955056,1701.81,3721,6651.18,3779
2026-07-30T05:27:42Z,8003,3,0,0,0,0.102564,0,367,93781,0.00358365,367,446.917,374
2026-07-30T05:27:42Z,8004,4,0,0,0,0.153846,0,375,95575,0.00360031,375,424.603,379
2026-07-30T05:27:43Z,8001,4,0,0,0,0.205128,0,4478,1144144,3298.99,4478,9814.4,4550
2026-07-30T05:27:43Z,8002,1,0,0,0,0.0512821,0,3724,955539,1701.81,3724,6651.18,3779
2026-07-30T05:27:43Z,8003,2,0,0,0,0.0769231,0,368,93865,0.00358749,368,446.917,374
2026-07-30T05:27:43Z,8004,4,0,0,0,0.179487,0,375,96290,0.00360031,375,435.268,381
2026-07-30T05:27:45Z,8001,3,0,0,0,0.102564,0,4481,1144466,3298.99,4481,9817.12,4553
2026-07-30T05:27:45Z,8002,4,0,0,0,0.153846,0,3724,955542,1701.81,3724,6653.55,3780
2026-07-30T05:27:45Z,8003,4,0,0,0,0.128205,0,370,94532,0.00359663,370,451.44,378
2026-07-30T05:27:45Z,8004,4,0,0,0,0.102564,0,379,97177,0.00365497,379,436.255,385
2026-07-30T05:27:46Z,8001,4,0,0,0,0.153846,0,4481,1144789,3298.99,4481,9819.46,4554
2026-07-30T05:27:46Z,8002,4,0,0,0,0.179487,0,3724,955789,1701.81,3724,6660.35,3782
2026-07-30T05:27:46Z,8003,2,0,0,0,0.0512821,0,373,95179,0.00360957,373,451.546,379
2026-07-30T05:27:46Z,8004,3,0,0,0,0.0769231,0,383,97828,0.00372309,383,437.237,388
2026-07-30T05:27:48Z,8001,4,0,0,0,0.102564,0,4485,1145528,3298.99,4485,9820.12,4558
2026-07-30T05:27:48Z,8002,4,0,0,0,0.102564,0,3728,956567,1701.81,3728,6660.77,3784
2026-07-30T05:27:48Z,8003,4,0,0,0,0.128205,0,373,95240,0.00360957,373,455.907,381
2026-07-30T05:27:48Z,8004,4,0,0,0,0.128205,0,383,97839,0.00372309,383,439.649,389
2026-07-30T05:27:51Z,8001,4,0,0,0,0.128205,0,4489,1146442,3298.99,4489,9822.87,4561
2026-07-30T05:27:51Z,8002,2,0,0,0,0.0512821,0,3733,957808,1701.81,3733,6661.95,3789
2026-07-30T05:27:51Z,8003,4,0,0,0,0.128205,0,377,96287,0.0036278,377,461.992,385
2026-07-30T05:27:51Z,8004,3,0,0,0,0.0769231,0,387,99173,0.00376752,387,440.223,392
2026-07-30T05:27:53Z,8001,4,0,0,0,0.153846,0,4489,1146445,3298.99,4489,9822.87,4561
2026-07-30T05:27:53Z,8002,2,0,0,0,0.0769231,0,3735,958549,1701.81,3735,6666.15,3791
2026-07-30T05:27:53Z,8003,3,0,0,0,0.102564,0,378,96633,0.00363184,378,461.992,385
2026-07-30T05:27:53Z,8004,2,0,0,0,0.0769231,0,390,99672,0.00379014,390,442.687,394
2026-07-30T05:27:55Z,8001,4,0,0,0,0.153846,0,4491,1147301,3298.99,4491,9826.62,4564
2026-07-30T05:27:55Z,8002,0,0,0,0,0,0,3737,958679,1701.81,3737,6666.15,3791
2026-07-30T05:27:55Z,8003,2,0,0,0,0.0769231,0,381,97027,0.00365054,381,464.3,386
2026-07-30T05:27:55Z,8004,3,0,0,0,0.128205,0,390,99674,0.00379014,390,442.687,394
2026-07-30T05:27:56Z,8001,3,0,0,0,0.0769231,0,4495,1148083,3298.99,4495,9827.24,4567
2026-07-30T05:27:56Z,8002,3,0,0,0,0.102564,0,3737,958680,1701.81,3737,6668.54,3792
2026-07-30T05:27:56Z,8003,4,0,0,0,0.102564,0,382,97920,0.00365505,382,465.134,390
2026-07-30T05:27:56Z,8004,4,0,0,0,0.153846,0,390,99677,0.00379014,390,445.016,395
2026-07-30T05:27:58Z,8001,4,0,0,0,0.102564,0,4497,1149025,3298.99,4497,9827.53,4570
2026-07-30T05:27:58Z,8002,4,0,0,0,0.153846,0,3737,958681,1701.81,3737,6668.54,3792
2026-07-30T05:27:58Z,8003,3,0,0,0,0.0769231,0,385,98263,0.00367636,385,465.649,392
2026-07-30T05:27:58Z,8004,4,0,0,0,0.153846,0,392,100371,0.00379836,392,449.308,398
2026-07-30T05:27:59Z,8001,2,0,0,0,0.0512821,0,4499,1149301,3298.99,4499,9827.53,4570
2026-07-30T05:27:59Z,8002,4,0,0,0,0.179487,0,3737,958686,1701.81,3737,6679.45,3794
2026-07-30T05:27:59Z,8003,4,0,0,0,0.128205,0,386,98621,0.00368026,386,468.15,394
2026-07-30T05:27:59Z,8004,4,0,0,0,0.102564,0,395,101264,0.00381423,395,449.804,401
2026-07-30T05:28:01Z,8001,4,0,0,0,0.128205,0,4501,1149688,3298.99,4501,9832.61,4574
2026-07-30T05:28:01Z,8002,4,0,0,0,0.205128,0,3737,959005,1701.81,3737,6686.48,3795
2026-07-30T05:28:01Z,8003,2,0,0,0,0.0512821,0,389,99251,0.00369437,389,468.302,395
2026-07-30T05:28:01Z,8004,4,0,0,0,0.102564,0,399,102126,0.00383171,399,450.261,405
2026-07-30T05:28:02Z,8001,1,0,0,0,0.025641,0,4505,1150426,3298.99,4505,9832.76,4575
2026-07-30T05:28:02Z,8002,4,0,0,0,0.102564,0,3741,959800,1701.81,3741,6687.76,3799
2026-07-30T05:28:02Z,8003,4,0,0,0,0.128205,0,389,99389,0.00369437,389,472.471,397
2026-07-30T05:28:02Z,8004,3,0,0,0,0.0769231,0,402,102933,0.00384767,402,450.576,407
2026-07-30T05:28:04Z,8001,1,0,0,0,0.025641,0,4505,1150456,3298.99,4505,9832.76,4575
2026-07-30T05:28:04Z,8002,0,0,0,0,0,0,3745,960727,1701.81,3745,6687.76,3799
2026-07-30T05:28:04Z,8003,3,0,0,0,0.102564,0,390,99813,0.00369861,390,472.471,397
2026-07-30T05:28:04Z,8004,2,0,0,0,0.0512821,0,403,103012,0.00385163,403,450.576,407
2026-07-30T05:28:06Z,8001,4,0,0,0,0.128205,0,4505,1150460,3298.99,4505,9837.65,4577
2026-07-30T05:28:06Z,8002,0,0,0,0,0,0,3745,960727,1701.81,3745,6687.76,3799
2026-07-30T05:28:06Z,8003,1,0,0,0,0.0512821,0,393,100106,0.00371761,393,474.811,398
2026-07-30T05:28:06Z,8004,4,0,0,0,0.128205,0,405,103726,0.00386092,405,455.136,411
2026-07-30T05:28:09Z,8001,4,0,0,0,0.179487,0,4506,1151333,3298.99,4506,9844.02,4579
2026-07-30T05:28:09Z,8002,4,0,0,0,0.153846,0,3745,960729,1701.81,3745,6690.15,3800
2026-07-30T05:28:09Z,8003,3,0,0,0,0.102564,0,394,100990,0.00372175,394,481.084,401
2026-07-30T05:28:09Z,8004,1,0,0,0,0.025641,0,411,104966,0.00388922,411,455.762,414
2026-07-30T05:28:11Z,8001,3,0,0,0,0.102564,0,4509,1151620,3298.99,4509,9844.5,4581
2026-07-30T05:28:11Z,8002,4,0,0,0,0.179487,0,3745,960734,1701.81,3745,6701.5,3802
2026-07-30T05:28:11Z,8003,1,0,0,0,0.0512821,0,397,101043,0.00374715,397,483.376,402
2026-07-30T05:28:11Z,8004,4,0,0,0,0.128205,0,411,104970,0.00388922,411,459.89,416
2026-07-30T05:28:12Z,8001,4,0,0,0,0.153846,0,4509,1152035,3298.99,4509,9846.89,4582
2026-07-30T05:28:12Z,8002,4,0,0,0,0.205128,0,3745,961421,1701.81,3745,6708.96,3803
2026-07-30T05:28:12Z,8003,3,0,0,0,0.102564,0,397,101247,0.00374715,397,483.847,404
2026-07-30T05:28:12Z,8004,4,0,0,0,0.153846,0,412,105513,0.00389346,412,463.456,418
2026-07-30T05:28:14Z,8001,0,0,0,0,0,0,4513,1152377,3298.99,4513,9846.89,4582
2026-07-30T05:28:14Z,8002,3,0,0,0,0.0769231,0,3749,961989,1701.81,3749,6709.73,3806
2026-07-30T05:28:14Z,8003,4,0,0,0,0.153846,0,397,101846,0.00374715,397,486.177,405
2026-07-30T05:28:14Z,8004,4,0,0,0,0.102564,0,416,106365,0.00391787,416,464.252,422
2026-07-30T05:28:16Z,8001,4,0,0,0,0.128205,0,4513,1152378,3298.99,4513,9849.35,4583
2026-07-30T05:28:16Z,8002,4,0,0,0,0.128205,0,3749,962180,1701.81,3749,6712.13,3807
2026-07-30T05:28:16Z,8003,3,0,0,0,0.0769231,0,401,102589,0.00376523,401,486.74,408
2026-07-30T05:28:16Z,8004,1,0,0,0,0.025641,0,420,107185,0.00393941,420,464.403,423
2026-07-30T05:28:17Z,8001,4,0,0,0,0.153846,0,4513,1152645,3298.99,4513,9860.42,4586
2026-07-30T05:28:17Z,8002,1,0,0,0,0.025641,0,3753,962871,1701.81,3753,6712.28,3808
2026-07-30T05:28:17Z,8003,4,0,0,0,0.128205,0,401,102592,0.00376523,401,486.74,408
2026-07-30T05:28:17Z,8004,2,0,0,0,0.0769231,0,420,107192,0.00393941,420,464.403,423
2026-07-30T05:28:19Z,8001,4,0,0,0,0.102564,0,4517,1153402,3298.99,4517,9860.75,4587
2026-07-30T05:28:19Z,8002,2,0,0,0,0.0769231,0,3753,962872,1701.81,3753,6712.28,3808
2026-07-30T05:28:19Z,8003,2,0,0,0,0.0769231,0,404,103132,0.00378892,404,489.173,410
2026-07-30T05:28:19Z,8004,4,0,0,0,0.128205,0,420,107194,0.00393941,420,466.801,424
2026-07-30T05:28:20Z,8001,4,0,0,0,0.102564,0,4517,1154390,3298.99,4517,9861.89,4590
2026-07-30T05:28:20Z,8002,4,0,0,0,0.128205,0,3753,962874,1701.81,3753,6714.67,3809
2026-07-30T05:28:20Z,8003,4,0,0,0,0.153846,0,404,103137,0.00378892,404,491.541,411
2026-07-30T05:28:20Z,8004,4,0,0,0,0.153846,0,420,107196,0.00393941,420,466.801,424
2026-07-30T05:28:22Z,8001,2,0,0,0,0.0512821,0,4521,1154556,3298.99,4521,9862.44,4592
2026-07-30T05:28:22Z,8002,4,0,0,0,0.153846,0,3753,962876,1701.81,3753,6714.67,3809
2026-07-30T05:28:22Z,8003,4,0,0,0,0.179487,0,404,103140,0.00378892,404,491.541,411
2026-07-30T05:28:22Z,8004,3,0,0,0,0.153846,0,421,107886,0.0039436,421,477.576,426
2026-07-30T05:28:23Z,8001,4,0,0,0,0.128205,0,4521,1154561,3298.99,4521,9864.8,4593
2026-07-30T05:28:23Z,8002,4,0,0,0,0.179487,0,3754,963600,1701.81,3754,6725.64,3812
2026-07-30T05:28:23Z,8003,4,0,0,0,0.153846,0,406,103958,0.00379764,406,495.881,414
2026-07-30T05:28:23Z,8004,3,0,0,0,0.153846,0,421,108096,0.0039436,421,477.576,426
2026-07-30T05:28:27Z,8001,0,0,0,0,0,0,4525,1155449,3298.99,4525,9868.85,4594
2026-07-30T05:28:27Z,8002,4,0,0,0,0.128205,0,3757,964105,1701.81,3757,6728.22,3814
2026-07-30T05:28:27Z,8003,4,0,0,0,0.128205,0,410,104998,0.00381945,410,496.409,417
2026-07-30T05:28:27Z,8004,4,0,0,0,0.153846,0,424,108324,0.00396142,424,482.403,429
2026-07-30T05:28:28Z,8001,4,0,0,0,0.128205,0,4525,1155450,3298.99,4525,9871.2,4595
2026-07-30T05:28:28Z,8002,3,0,0,0,0.128205,0,3758,964439,1701.81,3758,6732.32,3815
2026-07-30T05:28:28Z,8003,2,0,0,0,0.0769231,0,413,105299,0.00383225,413,498.905,419
2026-07-30T05:28:28Z,8004,4,0,0,0,0.179487,0,424,108631,0.00396142,424,486.476,430
2026-07-30T05:28:30Z,8001,4,0,0,0,0.153846,0,4525,1155452,3298.99,4525,9874.68,4596
2026-07-30T05:28:30Z,8002,3,0,0,0,0.128205,0,3758,964610,1701.81,3758,6732.32,3815
2026-07-30T05:28:30Z,8003,4,0,0,0,0.153846,0,413,105697,0.00383225,413,502.992,421
2026-07-30T05:28:30Z,8004,4,0,0,0,0.102564,0,428,109409,0.00398018,428,487.124,434
2026-07-30T05:28:32Z,8001,4,0,0,0,0.179487,0,4525,1155707,3298.99,4525,9885.56,4598
2026-07-30T05:28:32Z,8002,4,0,0,0,0.128205,0,3761,965172,1701.81,3761,6735.05,3819
2026-07-30T05:28:32Z,8003,1,0,0,0,0.025641,0,417,106270,0.00385421,417,503.127,422
2026-07-30T05:28:32Z,8004,1,0,0,0,0.025641,0,432,110266,0.00399714,432,487.268,435
2026-07-30T05:28:33Z,8001,4,0,0,0,0.102564,0,4529,1156474,3298.99,4529,9885.89,4599
2026-07-30T05:28:33Z,8002,2,0,0,0,0.0512821,0,3765,966058,1701.81,3765,6735.48,3821
2026-07-30T05:28:33Z,8003,4,0,0,0,0.128205,0,417,106331,0.00385421,417,509.428,425
2026-07-30T05:28:33Z,8004,1,0,0,0,0.025641,0,432,110288,0.00399714,432,487.268,435
2026-07-30T05:28:35Z,8001,4,0,0,0,0.102564,0,4529,1157486,3298.99,4529,9886.99,4602
2026-07-30T05:28:35Z,8002,3,0,0,0,0.0769231,0,3765,966357,1701.81,3765,6735.58,3822
2026-07-30T05:28:35Z,8003,1,0,0,0,0.025641,0,421,107297,0.00388916,421,509.519,426
2026-07-30T05:28:35Z,8004,4,0,0,0,0.128205,0,433,111049,0.00400159,433,493.565,439
2026-07-30T05:28:36Z,8001,3,0,0,0,0.0769231,0,4533,1157705,3298.99,4533,9887.87,4605
2026-07-30T05:28:36Z,8002,4,0,0,0,0.128205,0,3767,966732,1701.81,3767,6738.45,3825
2026-07-30T05:28:36Z,8003,3,0,0,0,0.0769231,0,421,107541,0.00388916,421,510.004,428
2026-07-30T05:28:36Z,8004,2,0,0,0,0.0512821,0,436,111506,0.00402452,436,493.71,440
2026-07-30T05:28:38Z,8001,4,0,0,0,0.128205,0,4533,1158124,3298.99,4533,9890.28,4606
2026-07-30T05:28:38Z,8002,2,0,0,0,0.0512821,0,3771,967587,1701.81,3771,6738.74,3827
2026-07-30T05:28:38Z,8003,4,0,0,0,0.128205,0,422,107933,0.00389305,422,512.519,430
2026-07-30T05:28:38Z,8004,4,0,0,0,0.128205,0,436,111511,0.00402452,436,496.086,441
2026-07-30T05:28:39Z,8001,2,0,0,0,0.0512821,0,4537,1158664,3298.99,4537,9890.66,4608
2026-07-30T05:28:39Z,8002,3,0,0,0,0.0769231,0,3771,967886,1701.81,3771,6738.84,3828
2026-07-30T05:28:39Z,8003,3,0,0,0,0.0769231,0,426,108784,0.00391016,426,512.994,433
2026-07-30T05:28:39Z,8004,3,0,0,0,0.128205,0,437,111645,0.0040284,437,500.152,442
2026-07-30T05:28:41Z,8001,4,0,0,0,0.128205,0,4537,1158833,3298.99,4537,9894.84,4610
2026-07-30T05:28:41Z,8002,3,0,0,0,0.102564,0,3773,968320,1701.81,3773,6741.36,3830
2026-07-30T05:28:41Z,8003,3,0,0,0,0.0769231,0,426,109036,0.00391016,426,512.994,433
2026-07-30T05:28:41Z,8004,3,0,0,0,0.128205,0,437,111939,0.0040284,437,500.152,442
2026-07-30T05:28:45Z,8001,4,0,0,0,0.128205,0,4541,1159850,3298.99,4541,9901.09,4614
2026-07-30T05:28:45Z,8002,4,0,0,0,0.128205,0,3777,969281,1701.81,3777,6745.92,3835
2026-07-30T05:28:45Z,8003,2,0,0,0,0.0512821,0,433,110484,0.00394832,433,516.165,439
2026-07-30T05:28:45Z,8004,4,0,0,0,0.153846,0,440,112358,0.00404108,440,506.802,445
2026-07-30T05:28:46Z,8001,2,0,0,0,0.0512821,0,4545,1160660,3298.99,4545,9901.25,4615
2026-07-30T05:28:46Z,8002,4,0,0,0,0.128205,0,3779,970178,1701.81,3779,6746.14,3837
2026-07-30T05:28:46Z,8003,4,0,0,0,0.128205,0,433,110486,0.00394832,433,516.165,439
2026-07-30T05:28:46Z,8004,4,0,0,0,0.179487,0,440,112437,0.00404108,440,510.352,446
2026-07-30T05:28:48Z,8001,4,0,0,0,0.102564,0,4546,1161547,3298.99,4546,9902.06,4619
2026-07-30T05:28:48Z,8002,2,0,0,0,0.0512821,0,3782,970503,1701.81,3782,6746.24,3838
2026-07-30T05:28:48Z,8003,3,0,0,0,0.102564,0,435,111289,0.00395623,435,520.713,442
2026-07-30T05:28:48Z,8004,3,0,0,0,0.128205,0,441,113129,0.00404511,441,510.352,446
2026-07-30T05:28:49Z,8001,2,0,0,0,0.0512821,0,4549,1161865,3298.99,4549,9902.21,4620
2026-07-30T05:28:49Z,8002,4,0,0,0,0.128205,0,3782,970508,1701.81,3782,6748.6,3839
2026-07-30T05:28:49Z,8003,1,0,0,0,0.025641,0,437,111398,0.00396733,437,520.713,442
2026-07-30T05:28:49Z,8004,4,0,0,0,0.179487,0,441,113264,0.00404511,441,512.692,447
2026-07-30T05:28:51Z,8001,4,0,0,0,0.128205,0,4549,1161870,3298.99,4549,9904.58,4621
2026-07-30T05:28:51Z,8002,3,0,0,0,0.128205,0,3783,970773,1701.81,3783,6752.35,3840
2026-07-30T05:28:51Z,8003,4,0,0,0,0.128205,0,438,112021,0.00397151,438,527.027,446
2026-07-30T05:28:51Z,8004,3,0,0,0,0.0769231,0,445,114123,0.00406875,445,513.402,450
2026-07-30T05:28:52Z,8001,3,0,0,0,0.128205,0,4550,1162158,3298.99,4550,9908.62,4622
2026-07-30T05:28:52Z,8002,3,0,0,0,0.128205,0,3783,970989,1701.81,3783,6752.35,3840
2026-07-30T05:28:52Z,8003,3,0,0,0,0.0769231,0,442,112912,0.00399388,442,527.748,449
2026-07-30T05:28:52Z,8004,2,0,0,0,0.0512821,0,448,114510,0.00408517,448,513.693,452
2026-07-30T05:28:54Z,8001,3,0,0,0,0.128205,0,4550,1162437,3298.99,4550,9908.62,4622
2026-07-30T05:28:54Z,8002,3,0,0,0,0.102564,0,3786,971517,1701.81,3786,6754.91,3843
2026-07-30T05:28:54Z,8003,4,0,0,0,0.102564,0,445,113802,0.00401402,445,528.362,453
2026-07-30T05:28:54Z,8004,4,0,0,0,0.128205,0,448,114515,0.00408517,448,516.115,453
2026-07-30T05:28:56Z,8001,3,0,0,0,0.102564,0,4553,1162824,3298.99,4553,9911.22,4625
2026-07-30T05:28:56Z,8002,3,0,0,0,0.102564,0,3786,971715,1701.81,3786,6754.91,3843
2026-07-30T05:28:56Z,8003,3,0,0,0,0.0769231,0,449,114584,0.00403499,449,528.873,456
2026-07-30T05:28:56Z,8004,4,0,0,0,0.153846,0,448,114670,0.00408517,448,520.214,454
2026-07-30T05:28:57Z,8001,3,0,0,0,0.102564,0,4553,1163052,3298.99,4553,9911.22,4625
2026-07-30T05:28:57Z,8002,4,0,0,0,0.128205,0,3788,972248,1701.81,3788,6757.46,3846
2026-07-30T05:28:57Z,8003,3,0,0,0,0.0769231,0,449,114704,0.00403499,449,528.873,456
2026-07-30T05:28:57Z,8004,1,0,0,0,0.025641,0,452,115432,0.00410275,452,520.361,455
2026-07-30T05:28:59Z,8001,2,0,0,0,0.0769231,0,4555,1163509,3298.99,4555,9913.59,4626
2026-07-30T05:28:59Z,8002,2,0,0,0,0.0512821,0,3790,972650,1701.81,3790,6757.46,3846
2026-07-30T05:28:59Z,8003,4,0,0,0,0.128205,0,450,115387,0.00403888,450,531.374,458
2026-07-30T05:28:59Z,8004,2,0,0,0,0.0769231,0,452,115433,0.00410275,452,520.361,455
2026-07-30T05:29:02Z,8001,4,0,0,0,0.179487,0,4556,1163583,3298.99,4556,9919.41,4628
2026-07-30T05:29:02Z,8002,3,0,0,0,0.102564,0,3792,973228,1701.81,3792,6761.79,3849
2026-07-30T05:29:02Z,8003,2,0,0,0,0.0769231,0,456,116316,0.00406535,456,536.309,462
2026-07-30T05:29:02Z,8004,3,0,0,0,0.102564,0,456,116374,0.00412705,456,529.226,461
2026-07-30T05:29:04Z,8001,4,0,0,0,0.153846,0,4557,1164437,3298.99,4557,9923.65,4630
2026-07-30T05:29:04Z,8002,4,0,0,0,0.128205,0,3795,973994,1701.81,3795,6764.46,3853
2026-07-30T05:29:04Z,8003,2,0,0,0,0.0769231,0,456,116496,0.00406535,456,536.309,462
2026-07-30T05:29:04Z,8004,3,0,0,0,0.102564,0,456,116566,0.00412705,456,529.226,461
2026-07-30T05:29:05Z,8001,2,0,0,0,0.0512821,0,4561,1164818,3298.99,4561,9924.17,4632
2026-07-30T05:29:05Z,8002,1,0,0,0,0.025641,0,3798,974539,1701.81,3798,6764.46,3853
2026-07-30T05:29:05Z,8003,4,0,0,0,0.153846,0,456,116501,0.00406535,456,538.724,463
2026-07-30T05:29:05Z,8004,3,0,0,0,0.102564,0,457,117153,0.00413364,457,531.541,462
2026-07-30T05:29:07Z,8001,4,0,0,0,0.128205,0,4561,1165079,3298.99,4561,9928.53,4634
2026-07-30T05:29:07Z,8002,4,0,0,0,0.128205,0,3799,974621,1701.81,3799,6771.15,3857
2026-07-30T05:29:07Z,8003,4,0,0,0,0.153846,0,458,116817,0.0040768,458,543.329,466
2026-07-30T05:29:07Z,8004,1,0,0,0,0.025641,0,460,117494,0.00414695,460,531.678,463
2026-07-30T05:29:08Z,8001,3,0,0,0,0.0769231,0,4565,1165836,3298.99,4565,9929.01,4636
2026-07-30T05:29:08Z,8002,1,0,0,0,0.025641,0,3802,975567,1701.81,3802,6771.15,3857
2026-07-30T05:29:08Z,8003,4,0,0,0,0.102564,0,460,117680,0.00408598,460,543.831,468
2026-07-30T05:29:08Z,8004,4,0,0,0,0.128205,0,460,117497,0.00414695,460,534.056,464
2026-07-30T05:29:10Z,8001,4,0,0,0,0.102564,0,4567,1166681,3298.99,4567,9929.85,4640
2026-07-30T05:29:10Z,8002,2,0,0,0,0.0512821,0,3803,975742,1701.81,3803,6771.62,3859
2026-07-30T05:29:10Z,8003,2,0,0,0,0.0512821,0,464,118533,0.0041063,464,544.345,470
2026-07-30T05:29:10Z,8004,4,0,0,0,0.153846,0,460,117499,0.00414695,460,534.056,464
2026-07-30T05:29:12Z,8001,2,0,0,0,0.0512821,0,4571,1167578,3298.99,4571,9930.31,4642
2026-07-30T05:29:12Z,8002,4,0,0,0,0.128205,0,3803,976296,1701.81,3803,6776.13,3861
2026-07-30T05:29:12Z,8003,4,0,0,0,0.102564,0,466,119308,0.00411806,466,545.347,474
2026-07-30T05:29:12Z,8004,4,0,0,0,0.179487,0,460,117686,0.00414695,460,544.958,466
2026-07-30T05:29:13Z,8001,3,0,0,0,0.0769231,0,4573,1168181,3298.99,4573,9930.8,4645
2026-07-30T05:29:13Z,8002,4,0,0,0,0.102564,0,3807,977083,1701.81,3807,6776.99,3865
2026-07-30T05:29:13Z,8003,1,0,0,0,0.025641,0,470,119807,0.00413667,470,545.485,475
2026-07-30T05:29:13Z,8004,2,0,0,0,0.0512821,0,464,118527,0.00417224,464,545.101,467
2026-07-30T05:29:15Z,8001,4,0,0,0,0.128205,0,4573,1168288,3298.99,4573,9933.18,4646
2026-07-30T05:29:15Z,8002,1,0,0,0,0.025641,0,3811,977718,1701.81,3811,6777.14,3866
2026-07-30T05:29:15Z,8003,4,0,0,0,0.128205,0,470,119810,0.00413667,470,547.949,476
2026-07-30T05:29:15Z,8004,3,0,0,0,0.0769231,0,464,118766,0.00417224,464,545.574,469
2026-07-30T05:29:16Z,8001,2,0,0,0,0.0769231,0,4576,1168764,3298.99,4576,9933.32,4647
2026-07-30T05:29:16Z,8002,4,0,0,0,0.128205,0,3811,977786,1701.81,3811,6783.32,3869
2026-07-30T05:29:16Z,8003,4,0,0,0,0.153846,0,470,119925,0.00413667,470,554.982,478
2026-07-30T05:29:16Z,8004,3,0,0,0,0.102564,0,465,119115,0.00417737,465,547.971,470
2026-07-30T05:29:20Z,8001,4,0,0,0,0.153846,0,4577,1169179,3298.99,4577,9939.33,4650
2026-07-30T05:29:20Z,8002,4,0,0,0,0.128205,0,3815,978648,1701.81,3815,6785.72,3870
2026-07-30T05:29:20Z,8003,3,0,0,0,0.0769231,0,474,121031,0.0041595,474,555.738,481
2026-07-30T05:29:20Z,8004,2,0,0,0,0.0769231,0,468,119627,0.00419096,468,550.469,472
2026-07-30T05:29:21Z,8001,4,0,0,0,0.102564,0,4580,1169960,3298.99,4580,9939.94,4653
2026-07-30T05:29:21Z,8002,4,0,0,0,0.153846,0,3815,978747,1701.81,3815,6795.87,3873
2026-07-30T05:29:21Z,8003,3,0,0,0,0.102564,0,476,121792,0.00416808,476,558.191,483
2026-07-30T05:29:21Z,8004,4,0,0,0,0.153846,0,468,119632,0.00419096,468,552.865,473
2026-07-30T05:29:23Z,8001,2,0,0,0,0.0512821,0,4584,1170808,3298.99,4584,9940.23,4655
2026-07-30T05:29:23Z,8002,0,0,0,0,0,0,3819,979671,1701.81,3819,6795.87,3873
2026-07-30T05:29:23Z,8003,4,0,0,0,0.102564,0,479,122587,0.0041813,479,558.764,487
2026-07-30T05:29:23Z,8004,4,0,0,0,0.153846,0,469,120045,0.00419506,469,556.501,475
2026-07-30T05:29:24Z,8001,4,0,0,0,0.102564,0,4586,1171585,3298.99,4586,9940.92,4659
2026-07-30T05:29:24Z,8002,4,0,0,0,0.102564,0,3819,980632,1701.81,3819,6796.86,3877
2026-07-30T05:29:24Z,8003,3,0,0,0,0.0769231,0,483,123437,0.0041988,483,559.23,490
2026-07-30T05:29:24Z,8004,4,0,0,0,0.102564,0,472,120888,0.0042083,472,556.962,478
2026-07-30T05:29:26Z,8001,1,0,0,0,0.025641,0,4589,1172040,3298.99,4589,9940.92,4659
2026-07-30T05:29:26Z,8002,4,0,0,0,0.102564,0,3823,981476,1701.81,3823,6797.96,3881
2026-07-30T05:29:26Z,8003,1,0,0,0,0.025641,0,485,123746,0.00420881,485,559.23,490
2026-07-30T05:29:26Z,8004,3,0,0,0,0.0769231,0,476,121693,0.00422576,476,557.367,481
2026-07-30T05:29:28Z,8001,4,0,0,0,0.128205,0,4589,1172043,3298.99,4589,9943.37,4660
2026-07-30T05:29:28Z,8002,4,0,0,0,0.102564,0,3827,982344,1701.81,3827,6798.91,3885
2026-07-30T05:29:28Z,8003,4,0,0,0,0.128205,0,486,124116,0.00421258,486,565.439,494
2026-07-30T05:29:28Z,8004,3,0,0,0,0.0769231,0,476,121945,0.00422576,476,557.367,481
2026-07-30T05:29:29Z,8001,4,0,0,0,0.153846,0,4589,1172106,3298.99,4589,9951,4662
2026-07-30T05:29:29Z,8002,0,0,0,0,0,0,3831,982743,1701.81,3831,6798.91,3885
2026-07-30T05:29:29Z,8003,4,0,0,0,0.102564,0,489,125017,0.00423099,489,565.995,497
2026-07-30T05:29:29Z,8004,3,0,0,0,0.102564,0,478,122416,0.00423504,478,559.798,483
2026-07-30T05:29:31Z,8001,1,0,0,0,0.025641,0,4593,1173061,3298.99,4593,9951.14,4663
2026-07-30T05:29:31Z,8002,3,0,0,0,0.102564,0,3831,982744,1701.81,3831,6801.27,3886
2026-07-30T05:29:31Z,8003,3,0,0,0,0.0769231,0,493,125876,0.00425129,493,566.528,500
2026-07-30T05:29:31Z,8004,2,0,0,0,0.0769231,0,479,122573,0.00423984,479,559.798,483
2026-07-30T05:29:32Z,8001,1,0,0,0,0.025641,0,4594,1173214,3298.99,4594,9951.29,4664
2026-07-30T05:29:32Z,8002,4,0,0,0,0.153846,0,3831,982745,1701.81,3831,6801.27,3886
2026-07-30T05:29:32Z,8003,2,0,0,0,0.0512821,0,494,126011,0.00425557,494,566.528,500
2026-07-30T05:29:32Z,8004,5,0,0,0,0.153846,0,481,123099,0.00424844,481,564.459,487
2026-07-30T05:29:34Z,8001,5,0,0,0,0.153846,0,4594,1173217,3298.99,4594,9953.73,4665
2026-07-30T05:29:34Z,8002,4,0,0,0,0.179487,0,3831,982747,1701.81,3831,6806.85,3887
2026-07-30T05:29:34Z,8003,6,0,0,0,0.179487,0,494,126016,0.00425557,494,569.003,501
2026-07-30T05:29:34Z,8004,2,0,0,0,0.0512821,0,485,124165,0.00426967,485,564.852,489
2026-07-30T05:29:37Z,8001,6,0,0,0,0.230769,0,4594,1173229,3298.99,4594,9967.28,4668
2026-07-30T05:29:37Z,8002,6,0,0,0,0.282051,0,3831,982854,1701.81,3831,6828.53,3891
2026-07-30T05:29:37Z,8003,5,0,0,0,0.179487,0,496,127412,0.00426526,496,577.095,505
2026-07-30T05:29:37Z,8004,6,0,0,0,0.205128,0,485,124262,0.00426967,485,576.844,493
2026-07-30T05:29:39Z,8001,6,0,0,0,0.25641,0,4594,1173846,3298.99,4594,9973.3,4669
2026-07-30T05:29:39Z,8002,6,0,0,0,0.282051,0,3831,984114,1701.81,3831,6828.53,3891
2026-07-30T05:29:39Z,8003,4,0,0,0,0.128205,0,500,127790,0.00429877,500,579.878,508
2026-07-30T05:29:39Z,8004,6,0,0,0,0.205128,0,487,125423,0.00428005,487,577.106,495
2026-07-30T05:29:41Z,8001,5,0,0,0,0.230769,0,4595,1174593,3298.99,4595,9973.3,4669
2026-07-30T05:29:41Z,8002,5,0,0,0,0.128205,0,3837,984590,1701.81,3837,6830.38,3896
2026-07-30T05:29:41Z,8003,5,0,0,0,0.179487,0,500,127794,0.00429877,500,579.878,508
2026-07-30T05:29:41Z,8004,4,0,0,0,0.102564,0,493,126305,0.00431884,493,578.622,499
2026-07-30T05:29:42Z,8001,3,0,0,0,0.102564,0,4600,1174771,3298.99,4600,9975.87,4672
2026-07-30T05:29:42Z,8002,6,0,0,0,0.179487,0,3837,984943,1701.81,3837,6832.88,3897
2026-07-30T05:29:42Z,8003,6,0,0,0,0.205128,0,500,127799,0.00429877,500,582.288,509
2026-07-30T05:29:42Z,8004,5,0,0,0,0.153846,0,493,126309,0.00431884,493,578.622,499
2026-07-30T05:29:44Z,8001,3,0,0,0,0.102564,0,4600,1174951,3298.99,4600,9975.87,4672
2026-07-30T05:29:44Z,8002,3,0,0,0,0.102564,0,3842,985893,1701.81,3842,6833.43,3899
2026-07-30T05:29:44Z,8003,5,0,0,0,0.179487,0,502,128820,0.00430689,502,586.544,511
2026-07-30T05:29:44Z,8004,6,0,0,0,0.179487,0,493,126314,0.00431884,493,581.015,500
2026-07-30T05:29:45Z,8001,6,0,0,0,0.205128,0,4600,1175691,3298.99,4600,9983.27,4675
2026-07-30T05:29:45Z,8002,2,0,0,0,0.0512821,0,3843,985974,1701.81,3843,6833.43,3899
2026-07-30T05:29:45Z,8003,1,0,0,0,0.025641,0,506,129089,0.0043263,506,586.544,511
2026-07-30T05:29:45Z,8004,4,0,0,0,0.153846,0,497,127189,0.00434599,497,585.596,503
2026-07-30T05:29:47Z,8001,6,0,0,0,0.153846,0,4606,1176524,3298.99,4606,9984.67,4681
2026-07-30T05:29:47Z,8002,5,0,0,0,0.153846,0,3843,985979,1701.81,3843,6835.92,3900
2026-07-30T05:29:47Z,8003,6,0,0,0,0.179487,0,506,129093,0.0043263,506,591.423,513
2026-07-30T05:29:47Z,8004,4,0,0,0,0.153846,0,497,127377,0.00434599,497,585.596,503
2026-07-30T05:29:48Z,8001,5,0,0,0,0.128205,0,4609,1177565,3298.99,4609,9984.97,4683
2026-07-30T05:29:48Z,8002,6,0,0,0,0.205128,0,3843,985982,1701.81,3843,6835.92,3900
2026-07-30T05:29:48Z,8003,6,0,0,0,0.205128,0,506,129097,0.0043263,506,594.834,514
2026-07-30T05:29:48Z,8004,6,0,0,0,0.230769,0,497,127386,0.00434599,497,588.033,504
2026-07-30T05:29:50Z,8001,5,0,0,0,0.128205,0,4609,1177805,3298.99,4609,9984.97,4683
2026-07-30T05:29:50Z,8002,6,0,0,0,0.230769,0,3843,985991,1701.81,3843,6847.49,3902
2026-07-30T05:29:50Z,8003,6,0,0,0,0.230769,0,506,129474,0.0043263,506,605.714,516
2026-07-30T05:29:50Z,8004,4,0,0,0,0.153846,0,499,128045,0.0043548,499,592.157,505
2026-07-30T05:29:51Z,8001,4,0,0,0,0.128205,0,4612,1178261,3298.99,4612,9987.44,4685
2026-07-30T05:29:51Z,8002,6,0,0,0,0.25641,0,3843,986590,1701.81,3843,6854.53,3903
2026-07-30T05:29:51Z,8003,5,0,0,0,0.205128,0,507,130101,0.00433011,507,605.714,516
2026-07-30T05:29:51Z,8004,4,0,0,0,0.153846,0,499,128085,0.0043548,499,592.157,505
2026-07-30T05:29:55Z,8001,6,0,0,0,0.230769,0,4612,1178587,3298.99,4612,9993.85,4687
2026-07-30T05:29:55Z,8002,4,0,0,0,0.128205,0,3849,987744,1701.81,3849,6854.99,3905
2026-07-30T05:29:55Z,8003,3,0,0,0,0.102564,0,512,130773,0.00436916,512,608.589,519
2026-07-30T05:29:55Z,8004,5,0,0,0,0.230769,0,501,128596,0.00436412,501,598.781,508
2026-07-30T05:29:57Z,8001,4,0,0,0,0.153846,0,4615,1179161,3298.99,4615,9993.99,4688
2026-07-30T05:29:57Z,8002,6,0,0,0,0.179487,0,3849,987748,1701.81,3849,6860.02,3907
2026-07-30T05:29:57Z,8003,6,0,0,0,0.205128,0,512,130780,0.00436916,512,611.026,520
2026-07-30T05:29:57Z,8004,4,0,0,0,0.179487,0,503,129025,0.00437376,503,601.113,509
2026-07-30T05:29:58Z,8001,6,0,0,0,0.230769,0,4616,1179428,3298.99,4616,9998.27,4691
2026-07-30T05:29:58Z,8002,6,0,0,0,0.205128,0,3851,988531,1701.81,3851,6868.64,3911
2026-07-30T05:29:58Z,8003,6,0,0,0,0.230769,0,512,130784,0.00436916,512,611.026,520
2026-07-30T05:29:58Z,8004,5,0,0,0,0.230769,0,503,129029,0.00437376,503,601.113,509
2026-07-30T05:30:00Z,8001,5,0,0,0,0.153846,0,4618,1180027,3298.99,4618,9998.41,4692
2026-07-30T05:30:00Z,8002,6,0,0,0,0.153846,0,3855,989515,1701.81,3855,6870.09,3915
2026-07-30T05:30:00Z,8003,5,0,0,0,0.205128,0,513,131364,0.00437295,513,622.493,522
2026-07-30T05:30:00Z,8004,6,0,0,0,0.25641,0,503,129034,0.00437376,503,603.459,510
2026-07-30T05:30:01Z,8001,6,0,0,0,0.205128,0,4619,1180355,3298.99,4619,10000.9,4694
2026-07-30T05:30:01Z,8002,5,0,0,0,0.128205,0,3857,990010,1701.81,3857,6870.18,3916
2026-07-30T05:30:01Z,8003,2,0,0,0,0.0512821,0,518,132250,0.00440222,518,622.825,524
2026-07-30T05:30:01Z,8004,4,0,0,0,0.179487,0,506,129698,0.00438824,506,607.634,512
2026-07-30T05:30:03Z,8001,4,0,0,0,0.128205,0,4622,1180977,3298.99,4622,10001,4695
2026-07-30T05:30:03Z,8002,6,0,0,0,0.179487,0,3857,990567,1701.81,3857,6872.55,3917
2026-07-30T05:30:03Z,8003,3,0,0,0,0.102564,0,518,132252,0.00440222,518,622.825,524
2026-07-30T05:30:03Z,8004,5,0,0,0,0.205128,0,507,129779,0.00439268,507,612.162,514
2026-07-30T05:30:04Z,8001,6,0,0,0,0.205128,0,4622,1180986,3298.99,4622,10003.3,4696
2026-07-30T05:30:04Z,8002,3,0,0,0,0.102564,0,3862,991031,1701.81,3862,6873.05,3919
2026-07-30T05:30:04Z,8003,6,0,0,0,0.205128,0,518,132260,0.00440222,518,632.27,527
2026-07-30T05:30:04Z,8004,3,0,0,0,0.102564,0,510,130812,0.00440627,510,612.313,515
2026-07-30T05:30:06Z,8001,6,0,0,0,0.230769,0,4623,1181163,3298.99,4623,10007.4,4698
2026-07-30T05:30:06Z,8002,6,0,0,0,0.205128,0,3862,991038,1701.81,3862,6875.5,3920
2026-07-30T05:30:06Z,8003,5,0,0,0,0.179487,0,519,133191,0.00440623,519,635.872,528
2026-07-30T05:30:06Z,8004,4,0,0,0,0.153846,0,510,130815,0.00440627,510,612.313,515
2026-07-30T05:30:07Z,8001,4,0,0,0,0.153846,0,4625,1181786,3298.99,4625,10007.4,4698
2026-07-30T05:30:07Z,8002,6,0,0,0,0.230769,0,3862,991289,1701.81,3862,6883.09,3922
2026-07-30T05:30:07Z,8003,6,0,0,0,0.230769,0,519,133196,0.00440623,519,635.872,528
2026-07-30T05:30:07Z,8004,6,0,0,0,0.205128,0,510,130819,0.00440627,510,614.719,516
2026-07-30T05:30:09Z,8001,6,0,0,0,0.230769,0,4626,1182023,3298.99,4626,10012.1,4701
2026-07-30T05:30:09Z,8002,5,0,0,0,0.179487,0,3863,991752,1701.81,3863,6883.09,3922
2026-07-30T05:30:09Z,8003,5,0,0,0,0.153846,0,524,133990,0.00444186,524,639.07,533
2026-07-30T05:30:09Z,8004,6,0,0,0,0.230769,0,510,130823,0.00440627,510,614.719,516
2026-07-30T05:30:13Z,8001,3,0,0,0,0.0769231,0,4634,1183797,3298.99,4634,10013,4706
2026-07-30T05:30:13Z,8002,5,0,0,0,0.153846,0,3868,992801,1701.81,3868,6886.49,3927
2026-07-30T05:30:13Z,8003,1,0,0,0,0.0512821,0,529,135041,0.00446894,529,641.408,534
2026-07-30T05:30:13Z,8004,6,0,0,0,0.25641,0,513,131764,0.00442479,513,630.353,521
2026-07-30T05:30:14Z,8001,5,0,0,0,0.153846,0,4635,1184205,3298.99,4635,10019.2,4709
2026-07-30T05:30:14Z,8002,6,0,0,0,0.179487,0,3869,993338,1701.81,3869,6889.07,3929
2026-07-30T05:30:14Z,8003,6,0,0,0,0.205128,0,529,135044,0.00446894,529,643.928,535
2026-07-30T05:30:14Z,8004,3,0,0,0,0.0769231,0,519,132765,0.00445737,519,631.052,524
2026-07-30T05:30:16Z,8001,5,0,0,0,0.153846,0,4635,1184305,3298.99,4635,10019.2,4709
2026-07-30T05:30:16Z,8002,3,0,0,0,0.102564,0,3873,993898,1701.81,3873,6889.21,3930
2026-07-30T05:30:16Z,8003,6,0,0,0,0.230769,0,529,135079,0.00446894,529,658.837,539
2026-07-30T05:30:16Z,8004,5,0,0,0,0.153846,0,519,132771,0.00445737,519,631.052,524
2026-07-30T05:30:17Z,8001,6,0,0,0,0.205128,0,4637,1185140,3298.99,4637,10022.1,4712
2026-07-30T05:30:17Z,8002,6,0,0,0,0.205128,0,3873,993905,1701.81,3873,6891.66,3931
2026-07-30T05:30:17Z,8003,5,0,0,0,0.179487,0,530,135655,0.00447294,530,658.837,539
2026-07-30T05:30:17Z,8004,5,0,0,0,0.153846,0,522,133671,0.00447476,522,637.703,529
2026-07-30T05:30:19Z,8001,4,0,0,0,0.102564,0,4642,1186119,3298.99,4642,10023,4715
2026-07-30T05:30:19Z,8002,6,0,0,0,0.230769,0,3873,994156,1701.81,3873,6898.54,3933
2026-07-30T05:30:19Z,8003,6,0,0,0,0.230769,0,530,136158,0.00447294,530,661.17,540
2026-07-30T05:30:19Z,8004,5,0,0,0,0.153846,0,522,133981,0.00447476,522,637.703,529
2026-07-30T05:30:20Z,8001,3,0,0,0,0.0769231,0,4643,1186228,3298.99,4643,10023,4715
2026-07-30T05:30:20Z,8002,4,0,0,0,0.153846,0,3876,995105,1701.81,3876,6898.7,3934
2026-07-30T05:30:20Z,8003,4,0,0,0,0.128205,0,535,136787,0.0045389,535,662.046,543
2026-07-30T05:30:20Z,8004,5,0,0,0,0.153846,0,525,134562,0.00449191,525,640.63,532
2026-07-30T05:30:22Z,8001,5,0,0,0,0.153846,0,4646,1186913,3298.99,4646,10029.9,4720
2026-07-30T05:30:22Z,8002,6,0,0,0,0.230769,0,3876,995109,1701.81,3876,6898.7,3934
2026-07-30T05:30:22Z,8003,6,0,0,0,0.205128,0,535,136796,0.0045389,535,664.503,544
2026-07-30T05:30:22Z,8004,6,0,0,0,0.205128,0,525,134582,0.00449191,525,640.63,532
2026-07-30T05:30:23Z,8001,6,0,0,0,0.205128,0,4646,1186918,3298.99,4646,10029.9,4720
2026-07-30T05:30:23Z,8002,3,0,0,0,0.102564,0,3880,995615,1701.81,3880,6903.36,3937
2026-07-30T05:30:23Z,8003,6,0,0,0,0.230769,0,535,136891,0.0045389,535,668.662,545
2026-07-30T05:30:23Z,8004,4,0,0,0,0.128205,0,528,135432,0.00450672,528,643.146,534
2026-07-30T05:30:25Z,8001,3,0,0,0,0.102564,0,4649,1187899,3298.99,4649,10032.3,4721
2026-07-30T05:30:25Z,8002,6,0,0,0,0.205128,0,3880,995622,1701.81,3880,6905.8,3938
2026-07-30T05:30:25Z,8003,4,0,0,0,0.153846,0,539,137928,0.00456105,539,668.757,546
2026-07-30T05:30:25Z,8004,5,0,0,0,0.179487,0,528,135436,0.00450672,528,643.146,534
2026-07-30T05:30:27Z,8001,1,0,0,0,0.0512821,0,4651,1187956,3298.99,4651,10032.3,4721
2026-07-30T05:30:27Z,8002,6,0,0,0,0.230769,0,3880,995867,1701.81,3880,6913.43,3940
2026-07-30T05:30:27Z,8003,3,0,0,0,0.0769231,0,541,138239,0.00457055,541,669.275,548
2026-07-30T05:30:27Z,8004,6,0,0,0,0.230769,0,528,135446,0.00450672,528,645.531,535
2026-07-30T05:30:30Z,8001,6,0,0,0,0.230769,0,4651,1187964,3298.99,4651,10040.3,4724
2026-07-30T05:30:30Z,8002,5,0,0,0,0.153846,0,3886,997073,1701.81,3886,6918.57,3945
2026-07-30T05:30:30Z,8003,4,0,0,0,0.102564,0,548,140093,0.00460668,548,676.374,556
2026-07-30T05:30:30Z,8004,6,0,0,0,0.230769,0,532,136681,0.00452478,532,653.624,540
2026-07-30T05:30:32Z,8001,6,0,0,0,0.230769,0,4652,1188913,3298.99,4652,10052,4727
2026-07-30T05:30:32Z,8002,5,0,0,0,0.153846,0,3886,997383,1701.81,3886,6918.57,3945
2026-07-30T05:30:32Z,8003,5,0,0,0,0.153846,0,548,140097,0.00460668,548,676.374,556
2026-07-30T05:30:32Z,8004,2,0,0,0,0.0769231,0,536,137147,0.00454607,536,653.624,540
2026-07-30T05:30:33Z,8001,3,0,0,0,0.0769231,0,4658,1189711,3298.99,4658,10052.9,4730
2026-07-30T05:30:33Z,8002,6,0,0,0,0.205128,0,3887,998011,1701.81,3887,6921.16,3947
2026-07-30T05:30:33Z,8003,6,0,0,0,0.179487,0,548,140102,0.00460668,548,678.781,557
2026-07-30T05:30:33Z,8004,6,0,0,0,0.205128,0,536,137152,0.00454607,536,656.002,541
2026-07-30T05:30:35Z,8001,4,0,0,0,0.128205,0,4658,1189714,3298.99,4658,10052.9,4730
2026-07-30T05:30:35Z,8002,3,0,0,0,0.102564,0,3891,998589,1701.81,3891,6921.31,3948
2026-07-30T05:30:35Z,8003,6,0,0,0,0.205128,0,550,140976,0.00461795,550,682.837,560
2026-07-30T05:30:35Z,8004,6,0,0,0,0.230769,0,536,137155,0.00454607,536,656.002,541
2026-07-30T05:30:36Z,8001,6,0,0,0,0.179487,0,4658,1189718,3298.99,4658,10055.3,4731
2026-07-30T05:30:36Z,8002,6,0,0,0,0.205128,0,3891,998596,1701.81,3891,6923.77,3949
2026-07-30T05:30:36Z,8003,6,0,0,0,0.153846,0,554,141935,0.00463635,554,683.661,564
2026-07-30T05:30:36Z,8004,6,0,0,0,0.25641,0,536,137164,0.00454607,536,667.108,543
2026-07-30T05:30:38Z,8001,6,0,0,0,0.205128,0,4658,1189722,3298.99,4658,10055.3,4731
2026-07-30T05:30:38Z,8002,5,0,0,0,0.179487,0,3892,998750,1701.81,3892,6931.15,3951
2026-07-30T05:30:38Z,8003,3,0,0,0,0.0769231,0,558,142691,0.00465531,558,683.748,565
2026-07-30T05:30:38Z,8004,6,0,0,0,0.282051,0,536,137199,0.00454607,536,674.333,544
2026-07-30T05:30:40Z,8001,6,0,0,0,0.230769,0,4658,1190687,3298.99,4658,10066.8,4733
2026-07-30T05:30:40Z,8002,4,0,0,0,0.153846,0,3893,999198,1701.81,3893,6931.15,3951
2026-07-30T05:30:40Z,8003,6,0,0,0,0.179487,0,558,142896,0.00465531,558,689.958,568
2026-07-30T05:30:40Z,8004,6,0,0,0,0.25641,0,538,138337,0.0045571,538,674.756,546
2026-07-30T05:30:41Z,8001,6,0,0,0,0.153846,0,4664,1191578,3298.99,4664,10068.3,4739
2026-07-30T05:30:41Z,8002,6,0,0,0,0.230769,0,3894,999753,1701.81,3894,6935.79,3954
2026-07-30T05:30:41Z,8003,5,0,0,0,0.153846,0,561,143948,0.00466797,561,690.487,570
2026-07-30T05:30:41Z,8004,2,0,0,0,0.0512821,0,544,139002,0.00459683,544,675.088,548
2026-07-30T05:30:43Z,8001,5,0,0,0,0.128205,0,4667,1192594,3298.99,4667,10068.8,4741
2026-07-30T05:30:43Z,8002,4,0,0,0,0.128205,0,3897,1000369,1701.81,3897,6935.9,3955
2026-07-30T05:30:43Z,8003,2,0,0,0,0.0512821,0,564,144167,0.004686,564,690.487,570
2026-07-30T05:30:43Z,8004,6,0,0,0,0.179487,0,544,139007,0.00459683,544,677.518,549
2026-07-30T05:30:44Z,8001,5,0,0,0,0.128205,0,4667,1192669,3298.99,4667,10068.8,4741
2026-07-30T05:30:44Z,8002,6,0,0,0,0.205128,0,3897,1000378,1701.81,3897,6938.32,3956
2026-07-30T05:30:44Z,8003,4,0,0,0,0.128205,0,566,144773,0.00469629,566,698.809,574
2026-07-30T05:30:44Z,8004,6,0,0,0,0.205128,0,544,139030,0.00459683,544,688.529,552
2026-07-30T05:30:48Z,8001,6,0,0,0,0.205128,0,4670,1193078,3298.99,4670,10073.6,4744
2026-07-30T05:30:48Z,8002,4,0,0,0,0.153846,0,3900,1000930,1701.81,3900,6942.59,3958
2026-07-30T05:30:48Z,8003,6,0,0,0,0.230769,0,566,144951,0.00469629,566,701.185,575
2026-07-30T05:30:48Z,8004,2,0,0,0,0.0769231,0,550,140473,0.0046433,550,690.956,554
2026-07-30T05:30:49Z,8001,4,0,0,0,0.179487,0,4672,1193668,3298.99,4672,10077.7,4745
2026-07-30T05:30:49Z,8002,6,0,0,0,0.230769,0,3900,1000939,1701.81,3900,6945.01,3959
2026-07-30T05:30:49Z,8003,5,0,0,0,0.179487,0,570,145777,0.0047244,570,706,579
2026-07-30T05:30:49Z,8004,4,0,0,0,0.128205,0,550,140770,0.0046433,550,691.383,556
2026-07-30T05:30:51Z,8001,2,0,0,0,0.0512821,0,4676,1194428,3298.99,4676,10078.1,4747
2026-07-30T05:30:51Z,8002,6,0,0,0,0.25641,0,3901,1001745,1701.81,3901,6948.76,3961
2026-07-30T05:30:51Z,8003,6,0,0,0,0.230769,0,570,145830,0.0047244,570,708.347,580
2026-07-30T05:30:51Z,8004,6,0,0,0,0.205128,0,550,140779,0.0046433,550,693.736,557
2026-07-30T05:30:52Z,8001,6,0,0,0,0.179487,0,4676,1194433,3298.99,4676,10080.5,4748
2026-07-30T05:30:52Z,8002,6,0,0,0,0.153846,0,3906,1002679,1701.81,3906,6949.72,3966
2026-07-30T05:30:52Z,8003,5,0,0,0,0.153846,0,572,146778,0.00473311,572,708.442,581
2026-07-30T05:30:52Z,8004,5,0,0,0,0.205128,0,551,141349,0.00464737,551,697.799,558
2026-07-30T05:30:54Z,8001,6,0,0,0,0.205128,0,4676,1194438,3298.99,4676,10087.2,4750
2026-07-30T05:30:54Z,8002,4,0,0,0,0.102564,0,3910,1003701,1701.81,3910,6950.01,3968
2026-07-30T05:30:54Z,8003,6,0,0,0,0.205128,0,572,146843,0.00473311,572,710.766,582
2026-07-30T05:30:54Z,8004,3,0,0,0,0.128205,0,553,141755,0.00465581,553,697.799,558
2026-07-30T05:30:56Z,8001,5,0,0,0,0.179487,0,4678,1195366,3298.99,4678,10091.5,4752
2026-07-30T05:30:56Z,8002,4,0,0,0,0.102564,0,3910,1003705,1701.81,3910,6950.01,3968
2026-07-30T05:30:56Z,8003,4,0,0,0,0.128205,0,576,147200,0.00475659,576,711.142,584
2026-07-30T05:30:56Z,8004,5,0,0,0,0.205128,0,554,141761,0.00466071,554,700.199,559
2026-07-30T05:30:57Z,8001,6,0,0,0,0.230769,0,4678,1195371,3298.99,4678,10091.5,4752
2026-07-30T05:30:57Z,8002,4,0,0,0,0.128205,0,3913,1004214,1701.81,3913,6954.61,3971
2026-07-30T05:30:57Z,8003,6,0,0,0,0.205128,0,576,147702,0.00475659,576,715.217,586
2026-07-30T05:30:57Z,8004,6,0,0,0,0.25641,0,554,142143,0.00466071,554,709.141,562
2026-07-30T05:30:59Z,8001,6,0,0,0,0.179487,0,4682,1196446,3298.99,4682,10094.6,4757
2026-07-30T05:30:59Z,8002,6,0,0,0,0.205128,0,3913,1004223,1701.81,3913,6956.99,3972
2026-07-30T05:30:59Z,8003,4,0,0,0,0.128205,0,578,148219,0.00476416,578,715.217,586
2026-07-30T05:30:59Z,8004,6,0,0,0,0.205128,0,556,143246,0.00467222,556,709.622,564
2026-07-30T05:31:00Z,8001,4,0,0,0,0.102564,0,4684,1196928,3298.99,4684,10094.6,4757
2026-07-30T05:31:00Z,8002,6,0,0,0,0.230769,0,3913,1004396,1701.81,3913,6960.68,3973
2026-07-30T05:31:00Z,8003,3,0,0,0,0.102564,0,582,148578,0.00478542,582,719.603,589
2026-07-30T05:31:00Z,8004,4,0,0,0,0.102564,0,562,144177,0.00470459,562,710.581,568
2026-07-30T05:31:02Z,8001,3,0,0,0,0.102564,0,4688,1197321,3298.99,4688,10099,4759
2026-07-30T05:31:02Z,8002,6,0,0,0,0.205128,0,3917,1005410,1701.81,3917,6961.38,3977
2026-07-30T05:31:02Z,8003,3,0,0,0,0.102564,0,582,148635,0.00478542,582,719.603,589
2026-07-30T05:31:02Z,8004,5,0,0,0,0.153846,0,562,144181,0.00470459,562,710.581,568
2026-07-30T05:31:05Z,8001,6,0,0,0,0.205128,0,4688,1197653,3298.99,4688,10102,4762
2026-07-30T05:31:05Z,8002,6,0,0,0,0.179487,0,3920,1006142,1701.81,3920,6963.8,3978
2026-07-30T05:31:05Z,8003,6,0,0,0,0.205128,0,585,149791,0.00480339,585,729.654,595
2026-07-30T05:31:05Z,8004,5,0,0,0,0.179487,0,566,144906,0.00473579,566,717.818,573
2026-07-30T05:31:07Z,8001,6,0,0,0,0.205128,0,4690,1198519,3298.99,4690,10106.5,4765
2026-07-30T05:31:07Z,8002,6,0,0,0,0.205128,0,3920,1006146,1701.81,3920,6963.8,3978
2026-07-30T05:31:07Z,8003,3,0,0,0,0.0769231,0,588,150475,0.00482187,588,729.654,595
2026-07-30T05:31:07Z,8004,6,0,0,0,0.230769,0,566,145373,0.00473579,566,720.186,574
2026-07-30T05:31:09Z,8001,5,0,0,0,0.128205,0,4694,1199508,3298.99,4694,10107.2,4768
2026-07-30T05:31:09Z,8002,4,0,0,0,0.179487,0,3923,1006532,1701.81,3923,6974.97,3981
2026-07-30T05:31:09Z,8003,6,0,0,0,0.179487,0,588,150482,0.00482187,588,732.029,596
2026-07-30T05:31:09Z,8004,3,0,0,0,0.0769231,0,572,146396,0.00476763,572,720.682,577
2026-07-30T05:31:10Z,8001,5,0,0,0,0.128205,0,4694,1199563,3298.99,4694,10107.2,4768
2026-07-30T05:31:10Z,8002,4,0,0,0,0.179487,0,3923,1006792,1701.81,3923,6974.97,3981
2026-07-30T05:31:10Z,8003,6,0,0,0,0.205128,0,588,150486,0.00482187,588,732.029,596
2026-07-30T05:31:10Z,8004,3,0,0,0,0.0769231,0,572,146450,0.00476763,572,720.682,577
2026-07-30T05:31:12Z,8001,5,0,0,0,0.153846,0,4696,1200065,3298.99,4696,10109.7,4770
2026-07-30T05:31:12Z,8002,6,0,0,0,0.25641,0,3923,1006801,1701.81,3923,6977.41,3982
2026-07-30T05:31:12Z,8003,6,0,0,0,0.230769,0,588,150491,0.00482187,588,737.636,597
2026-07-30T05:31:12Z,8004,6,0,0,0,0.179487,0,572,146457,0.00476763,572,723.159,578
2026-07-30T05:31:13Z,8001,5,0,0,0,0.179487,0,4698,1200206,3298.99,4698,10112.2,4772
2026-07-30T05:31:13Z,8002,6,0,0,0,0.282051,0,3923,1007406,1701.81,3923,6981.29,3983
2026-07-30T05:31:13Z,8003,6,0,0,0,0.230769,0,591,151516,0.00483466,591,743.914,601
2026-07-30T05:31:13Z,8004,6,0,0,0,0.205128,0,574,147139,0.00478853,574,731.336,582
2026-07-30T05:31:15Z,8001,5,0,0,0,0.179487,0,4698,1200471,3298.99,4698,10112.2,4772
2026-07-30T05:31:15Z,8002,4,0,0,0,0.153846,0,3927,1007876,1701.81,3927,6981.76,3985
2026-07-30T05:31:15Z,8003,3,0,0,0,0.0769231,0,596,152335,0.00486275,596,744.296,603
2026-07-30T05:31:15Z,8004,5,0,0,0,0.128205,0,578,148144,0.00481301,578,731.881,585
2026-07-30T05:31:16Z,8001,4,0,0,0,0.153846,0,4701,1201154,3298.99,4701,10114.7,4774
2026-07-30T05:31:16Z,8002,4,0,0,0,0.128205,0,3929,1008202,1701.81,3929,6986.25,3987
2026-07-30T05:31:16Z,8003,6,0,0,0,0.179487,0,596,152367,0.00486275,596,750.38,606
2026-07-30T05:31:16Z,8004,5,0,0,0,0.128205,0,578,148329,0.00481301,578,731.881,585
2026-07-30T05:31:18Z,8001,3,0,0,0,0.102564,0,4702,1201370,3298.99,4702,10114.7,4774
2026-07-30T05:31:18Z,8002,5,0,0,0,0.153846,0,3929,1008641,1701.81,3929,6986.35,3988
2026-07-30T05:31:18Z,8003,4,0,0,0,0.128205,0,599,153479,0.00487851,599,750.533,607
2026-07-30T05:31:18Z,8004,5,0,0,0,0.153846,0,580,148784,0.00482215,580,734.334,587
2026-07-30T05:31:19Z,8001,5,0,0,0,0.153846,0,4705,1201991,3298.99,4705,10121.5,4779
2026-07-30T05:31:19Z,8002,5,0,0,0,0.179487,0,3931,1009123,1701.81,3931,6988.93,3990
2026-07-30T05:31:19Z,8003,4,0,0,0,0.102564,0,603,154194,0.00490072,603,751.406,611
2026-07-30T05:31:19Z,8004,6,0,0,0,0.205128,0,581,148979,0.00482705,581,736.778,589
2026-07-30T05:31:23Z,8001,4,0,0,0,0.128205,0,4709,1203112,3298.99,4709,10124.4,4782
2026-07-30T05:31:23Z,8002,6,0,0,0,0.230769,0,3933,1009289,1701.81,3933,6994.85,3992
2026-07-30T05:31:23Z,8003,4,0,0,0,0.102564,0,609,155709,0.00493104,609,756.825,617
2026-07-30T05:31:23Z,8004,4,0,0,0,0.128205,0,587,150291,0.00485382,587,737.438,592
2026-07-30T05:31:25Z,8001,5,0,0,0,0.179487,0,4710,1203145,3298.99,4710,10129,4784
2026-07-30T05:31:25Z,8002,4,0,0,0,0.153846,0,3935,1009971,1701.81,3935,6998.4,3993
2026-07-30T05:31:25Z,8003,5,0,0,0,0.128205,0,611,156707,0.00494339,611,757.455,620
2026-07-30T05:31:25Z,8004,4,0,0,0,0.128205,0,590,151181,0.00486833,590,743.951,596
2026-07-30T05:31:26Z,8001,4,0,0,0,0.128205,0,4713,1204258,3298.99,4713,10129.3,4786
2026-07-30T05:31:26Z,8002,6,0,0,0,0.230769,0,3935,1009980,1701.81,3935,7000.79,3994
2026-07-30T05:31:26Z,8003,3,0,0,0,0.0769231,0,613,156763,0.00495383,613,757.455,620
2026-07-30T05:31:26Z,8004,6,0,0,0,0.205128,0,590,151185,0.00486833,590,743.951,596
2026-07-30T05:31:28Z,8001,5,0,0,0,0.128205,0,4717,1205127,3298.99,4717,10130.6,4791
2026-07-30T05:31:28Z,8002,6,0,0,0,0.25641,0,3935,1010159,1701.81,3935,7004.24,3995
2026-07-30T05:31:28Z,8003,5,0,0,0,0.153846,0,615,157524,0.00496329,615,763.819,624
2026-07-30T05:31:28Z,8004,6,0,0,0,0.179487,0,593,152130,0.00488705,593,748.991,601
2026-07-30T05:31:29Z,8001,5,0,0,0,0.128205,0,4717,1205547,3298.99,4717,10130.6,4791
2026-07-30T05:31:29Z,8002,5,0,0,0,0.179487,0,3939,1011046,1701.81,3939,7004.95,3998
2026-07-30T05:31:29Z,8003,6,0,0,0,0.205128,0,615,157529,0.00496329,615,763.819,624
2026-07-30T05:31:29Z,8004,5,0,0,0,0.128205,0,596,153105,0.0049042,596,749.284,603
2026-07-30T05:31:31Z,8001,1,0,0,0,0.0512821,0,4722,1206020,3298.99,4722,10133,4792
2026-07-30T05:31:31Z,8002,6,0,0,0,0.230769,0,3939,1011051,1701.81,3939,7004.95,3998
2026-07-30T05:31:31Z,8003,2,0,0,0,0.0769231,0,619,158172,0.00498678,619,766.13,625
2026-07-30T05:31:31Z,8004,6,0,0,0,0.179487,0,596,153110,0.0049042,596,749.284,603
2026-07-30T05:31:33Z,8001,3,0,0,0,0.128205,0,4722,1206021,3298.99,4722,10133,4792
2026-07-30T05:31:33Z,8002,6,0,0,0,0.179487,0,3942,1012112,1701.81,3942,7007.8,4002
2026-07-30T05:31:33Z,8003,6,0,0,0,0.205128,0,619,158178,0.00498678,619,770.51,627
2026-07-30T05:31:33Z,8004,5,0,0,0,0.153846,0,599,153558,0.00492218,599,752.148,606
2026-07-30T05:31:34Z,8001,6,0,0,0,0.205128,0,4722,1206024,3298.99,4722,10137.4,4794
2026-07-30T05:31:34Z,8002,5,0,0,0,0.128205,0,3947,1012994,1701.81,3947,7008.43,4005
2026-07-30T05:31:34Z,8003,6,0,0,0,0.230769,0,619,158303,0.00498678,619,777.562,629
2026-07-30T05:31:34Z,8004,6,0,0,0,0.205128,0,600,153975,0.00492632,600,754.703,608
2026-07-30T05:31:36Z,8001,6,0,0,0,0.230769,0,4722,1206028,3298.99,4722,10141,4795
2026-07-30T05:31:36Z,8002,4,0,0,0,0.102564,0,3951,1014059,1701.81,3951,7009.15,4009
2026-07-30T05:31:36Z,8003,6,0,0,0,0.205128,0,621,159417,0.00499479,621,777.855,631
2026-07-30T05:31:36Z,8004,5,0,0,0,0.153846,0,604,154954,0.00494447,604,755.122,611
2026-07-30T05:31:37Z,8001,6,0,0,0,0.230769,0,4723,1206888,3298.99,4723,10152.2,4798
2026-07-30T05:31:37Z,8002,4,0,0,0,0.102564,0,3951,1014175,1701.81,3951,7009.15,4009
2026-07-30T05:31:37Z,8003,3,0,0,0,0.0769231,0,626,160004,0.00502564,626,778.387,633
2026-07-30T05:31:37Z,8004,4,0,0,0,0.102564,0,605,155027,0.00494853,605,755.122,611
2026-07-30T05:31:41Z,8001,5,0,0,0,0.153846,0,4729,1208209,3298.99,4729,10155.5,4803
2026-07-30T05:31:41Z,8002,6,0,0,0,0.205128,0,3955,1015271,1701.81,3955,7018.32,4015
2026-07-30T05:31:41Z,8003,6,0,0,0,0.205128,0,627,160585,0.00502974,627,788.464,637
2026-07-30T05:31:41Z,8004,2,0,0,0,0.0512821,0,612,156549,0.00497888,612,759.761,616
2026-07-30T05:31:43Z,8001,5,0,0,0,0.153846,0,4729,1208639,3298.99,4729,10155.5,4803
2026-07-30T05:31:43Z,8002,4,0,0,0,0.102564,0,3960,1016333,1701.81,3960,7018.84,4018
2026-07-30T05:31:43Z,8003,5,0,0,0,0.179487,0,629,161445,0.0050393,629,788.616,638
2026-07-30T05:31:43Z,8004,6,0,0,0,0.179487,0,612,156555,0.00497888,612,764.134,618
2026-07-30T05:31:44Z,8001,1,0,0,0,0.0512821,0,4734,1209076,3298.99,4734,10157.9,4804
2026-07-30T05:31:44Z,8002,4,0,0,0,0.102564,0,3961,1016709,1701.81,3961,7018.99,4019
2026-07-30T05:31:44Z,8003,4,0,0,0,0.128205,0,632,161511,0.0050572,632,791.202,640
2026-07-30T05:31:44Z,8004,5,0,0,0,0.179487,0,613,157141,0.00498364,613,771.107,620
2026-07-30T05:31:46Z,8001,1,0,0,0,0.0512821,0,4734,1209139,3298.99,4734,10157.9,4804
2026-07-30T05:31:46Z,8002,6,0,0,0,0.179487,0,3963,1017097,1701.81,3963,7024.03,4023
2026-07-30T05:31:46Z,8003,3,0,0,0,0.102564,0,633,161793,0.00506408,633,791.202,640
2026-07-30T05:31:46Z,8004,4,0,0,0,0.153846,0,614,157381,0.00498785,614,771.107,620
2026-07-30T05:31:47Z,8001,5,0,0,0,0.179487,0,4734,1209143,3298.99,4734,10162.4,4806
2026-07-30T05:31:47Z,8002,6,0,0,0,0.179487,0,3965,1018187,1701.81,3965,7024.3,4025
2026-07-30T05:31:47Z,8003,6,0,0,0,0.205128,0,633,161800,0.00506408,633,793.596,641
2026-07-30T05:31:47Z,8004,5,0,0,0,0.153846,0,618,158016,0.00501567,618,775.989,625
2026-07-30T05:31:49Z,8001,6,0,0,0,0.230769,0,4734,1209146,3298.99,4734,10162.4,4806
2026-07-30T05:31:49Z,8002,2,0,0,0,0.0512821,0,3970,1018574,1701.81,3970,7024.47,4026
2026-07-30T05:31:49Z,8003,6,0,0,0,0.230769,0,633,161804,0.00506408,633,793.596,641
2026-07-30T05:31:49Z,8004,5,0,0,0,0.153846,0,618,158311,0.00501567,618,775.989,625
2026-07-30T05:31:50Z,8001,6,0,0,0,0.25641,0,4734,1209155,3298.99,4734,10173.9,4808
2026-07-30T05:31:50Z,8002,6,0,0,0,0.179487,0,3970,1018579,1701.81,3970,7026.95,4027
2026-07-30T05:31:50Z,8003,6,0,0,0,0.25641,0,633,162313,0.00506408,633,804.527,643
2026-07-30T05:31:50Z,8004,5,0,0,0,0.153846,0,620,159020,0.00502448,620,778.441,627
2026-07-30T05:31:52Z,8001,6,0,0,0,0.25641,0,4735,1209609,3298.99,4735,10181.6,4810
2026-07-30T05:31:52Z,8002,6,0,0,0,0.205128,0,3970,1018974,1701.81,3970,7037.63,4030
2026-07-30T05:31:52Z,8003,3,0,0,0,0.153846,0,636,162771,0.00507747,636,804.527,643
2026-07-30T05:31:52Z,8004,5,0,0,0,0.153846,0,620,159215,0.00502448,620,778.441,627
2026-07-30T05:31:53Z,8001,2,0,0,0,0.0512821,0,4740,1210684,3298.99,4740,10181.6,4810
2026-07-30T05:31:53Z,8002,1,0,0,0,0.025641,0,3976,1020025,1701.81,3976,7037.77,4031
2026-07-30T05:31:53Z,8003,6,0,0,0,0.25641,0,636,162778,0.00507747,636,806.985,644
2026-07-30T05:31:53Z,8004,6,0,0,0,0.179487,0,624,159909,0.00504935,624,781.72,632
2026-07-30T05:31:55Z,8001,3,0,0,0,0.0769231,0,4741,1210962,3298.99,4741,10182.5,4813
2026-07-30T05:31:55Z,8002,3,0,0,0,0.102564,0,3976,1020026,1701.81,3976,7037.77,4031
2026-07-30T05:31:55Z,8003,3,0,0,0,0.128205,0,639,163178,0.00509578,639,814.166,646
2026-07-30T05:31:55Z,8004,4,0,0,0,0.102564,0,626,160742,0.00505795,626,781.72,632
2026-07-30T05:31:59Z,8001,6,0,0,0,0.205128,0,4741,1212013,3298.99,4741,10191,4816
2026-07-30T05:31:59Z,8002,6,0,0,0,0.205128,0,3977,1021429,1701.81,3977,7052.3,4037
2026-07-30T05:31:59Z,8003,6,0,0,0,0.179487,0,642,164360,0.00512451,642,817.771,652
2026-07-30T05:31:59Z,8004,5,0,0,0,0.128205,0,632,162305,0.005097,632,786.737,638
2026-07-30T05:32:00Z,8001,3,0,0,0,0.102564,0,4746,1212410,3298.99,4746,10191.5,4818
2026-07-30T05:32:00Z,8002,6,0,0,0,0.153846,0,3983,1022385,1701.81,3983,7053.95,4043
2026-07-30T05:32:00Z,8003,3,0,0,0,0.0769231,0,645,165072,0.00513802,645,817.771,652
2026-07-30T05:32:00Z,8004,4,0,0,0,0.102564,0,636,162676,0.0051181,636,787.709,642
2026-07-30T05:32:02Z,8001,6,0,0,0,0.179487,0,4747,1212729,3298.99,4747,10197.8,4822
2026-07-30T05:32:02Z,8002,5,0,0,0,0.128205,0,3988,1023410,1701.81,3988,7054.77,4047
2026-07-30T05:32:02Z,8003,6,0,0,0,0.179487,0,645,165080,0.00513802,645,822.298,654
2026-07-30T05:32:02Z,8004,6,0,0,0,0.179487,0,636,163123,0.0051181,636,792.017,644
2026-07-30T05:32:03Z,8001,5,0,0,0,0.153846,0,4749,1213839,3298.99,4749,10198,4823
2026-07-30T05:32:03Z,8002,6,0,0,0,0.179487,0,3988,1023415,1701.81,3988,7054.77,4047
2026-07-30T05:32:03Z,8003,6,0,0,0,0.205128,0,645,165223,0.00513802,645,826.425,655
2026-07-30T05:32:03Z,8004,0,0,0,0,0,0,642,163924,0.00516128,642,792.017,644
2026-07-30T05:32:05Z,8001,1,0,0,0,0.025641,0,4753,1213902,3298.99,4753,10198,4823
2026-07-30T05:32:05Z,8002,6,0,0,0,0.179487,0,3989,1024530,1701.81,3989,7057.28,4049
2026-07-30T05:32:05Z,8003,6,0,0,0,0.205128,0,648,166352,0.00516105,648,827.173,658
2026-07-30T05:32:05Z,8004,0,0,0,0,0,0,642,163924,0.00516128,642,792.017,644
2026-07-30T05:32:07Z,8001,6,0,0,0,0.179487,0,4753,1213906,3298.99,4753,10202.5,4825
2026-07-30T05:32:07Z,8002,4,0,0,0,0.102564,0,3994,1024885,1701.81,3994,7058.07,4052
2026-07-30T05:32:07Z,8003,1,0,0,0,0.025641,0,654,166907,0.00519936,654,827.335,659
2026-07-30T05:32:07Z,8004,5,0,0,0,0.153846,0,642,163925,0.00516128,642,794.461,645
2026-07-30T05:32:08Z,8001,6,0,0,0,0.205128,0,4753,1213910,3298.99,4753,10206,4826
2026-07-30T05:32:08Z,8002,6,0,0,0,0.179487,0,3994,1024894,1701.81,3994,7060.52,4053
2026-07-30T05:32:08Z,8003,5,0,0,0,0.153846,0,654,166910,0.00519936,654,829.796,660
2026-07-30T05:32:08Z,8004,6,0,0,0,0.205128,0,642,163928,0.00516128,642,802.285,647
2026-07-30T05:32:10Z,8001,6,0,0,0,0.230769,0,4753,1214581,3298.99,4753,10216.7,4828
2026-07-30T05:32:10Z,8002,5,0,0,0,0.179487,0,3995,1025212,1701.81,3995,7064,4054
2026-07-30T05:32:10Z,8003,6,0,0,0,0.205128,0,654,166913,0.00519936,654,833.247,661
2026-07-30T05:32:10Z,8004,6,0,0,0,0.230769,0,642,163937,0.00516128,642,813.333,649
2026-07-30T05:32:11Z,8001,4,0,0,0,0.102564,0,4759,1215536,3298.99,4759,10217.4,4832
2026-07-30T05:32:11Z,8002,5,0,0,0,0.179487,0,3995,1025497,1701.81,3995,7064,4054
2026-07-30T05:32:11Z,8003,6,0,0,0,0.230769,0,654,166917,0.00519936,654,838.94,662
2026-07-30T05:32:11Z,8004,6,0,0,0,0.25641,0,642,164818,0.00516128,642,820.409,650
2026-07-30T05:32:13Z,8001,4,0,0,0,0.102564,0,4759,1215744,3298.99,4759,10217.4,4832
2026-07-30T05:32:13Z,8002,4,0,0,0,0.179487,0,3998,1026151,1701.81,3998,7066.51,4056
2026-07-30T05:32:13Z,8003,6,0,0,0,0.230769,0,654,166922,0.00519936,654,844.255,663
2026-07-30T05:32:13Z,8004,5,0,0,0,0.128205,0,648,165751,0.00524653,648,822.064,655
2026-07-30T05:32:16Z,8001,3,0,0,0,0.128205,0,4763,1216841,3298.99,4763,10224,4835
2026-07-30T05:32:16Z,8002,6,0,0,0,0.230769,0,4000,1026289,1701.81,4000,7068.96,4057
2026-07-30T05:32:16Z,8003,5,0,0,0,0.128205,0,661,169462,0.00524488,661,852.857,670
2026-07-30T05:32:16Z,8004,5,0,0,0,0.153846,0,653,167111,0.00529817,653,825.688,660
2026-07-30T05:32:18Z,8001,2,0,0,0,0.0512821,0,4765,1217166,3298.99,4765,10224.2,4836
2026-07-30T05:32:18Z,8002,6,0,0,0,0.230769,0,4000,1026289,1701.81,4000,7068.96,4057
2026-07-30T05:32:18Z,8003,5,0,0,0,0.128205,0,661,169867,0.00524488,661,852.857,670
2026-07-30T05:32:18Z,8004,4,0,0,0,0.102564,0,654,167266,0.00530257,654,825.688,660
2026-07-30T05:32:20Z,8001,6,0,0,0,0.179487,0,4765,1217171,3298.99,4765,10226.6,4837
2026-07-30T05:32:20Z,8002,6,0,0,0,0.25641,0,4000,1026298,1701.81,4000,7080,4059
2026-07-30T05:32:20Z,8003,6,0,0,0,0.179487,0,666,170336,0.00528197,666,856.637,676
2026-07-30T05:32:20Z,8004,6,0,0,0,0.179487,0,654,168187,0.00530257,654,830.067,662
2026-07-30T05:32:21Z,8001,6,0,0,0,0.205128,0,4765,1217175,3298.99,4765,10230.1,4838
2026-07-30T05:32:21Z,8002,6,0,0,0,0.25641,0,4001,1027183,1701.81,4001,7087.19,4061
2026-07-30T05:32:21Z,8003,1,0,0,0,0.025641,0,672,171444,0.00532045,672,856.779,677
2026-07-30T05:32:21Z,8004,2,0,0,0,0.0512821,0,660,168665,0.00533851,660,830.565,664
2026-07-30T05:32:23Z,8001,6,0,0,0,0.230769,0,4765,1217516,3298.99,4765,10241,4840
2026-07-30T05:32:23Z,8002,2,0,0,0,0.0512821,0,4007,1028080,1701.81,4007,7087.45,4063
2026-07-30T05:32:23Z,8003,2,0,0,0,0.0512821,0,672,171627,0.00532045,672,856.937,678
2026-07-30T05:32:23Z,8004,6,0,0,0,0.179487,0,660,168670,0.00533851,660,832.975,665
2026-07-30T05:32:24Z,8001,6,0,0,0,0.230769,0,4767,1218522,3298.99,4767,10241.3,4842
2026-07-30T05:32:24Z,8002,2,0,0,0,0.0512821,0,4007,1028080,1701.81,4007,7087.45,4063
2026-07-30T05:32:24Z,8003,5,0,0,0,0.153846,0,672,171632,0.00532045,672,859.332,679
2026-07-30T05:32:24Z,8004,6,0,0,0,0.205128,0,660,168873,0.00533851,660,843.741,668
2026-07-30T05:32:26Z,8001,5,0,0,0,0.128205,0,4771,1219001,3298.99,4771,10242.1,4845
2026-07-30T05:32:26Z,8002,6,0,0,0,0.179487,0,4008,1029011,1701.81,4008,7096.93,4068
2026-07-30T05:32:26Z,8003,6,0,0,0,0.205128,0,672,171635,0.00532045,672,859.332,679
2026-07-30T05:32:26Z,8004,6,0,0,0,0.205128,0,662,170009,0.00534805,662,844.255,670
2026-07-30T05:32:27Z,8001,6,0,0,0,0.179487,0,4772,1219333,3298.99,4772,10244.6,4847
2026-07-30T05:32:27Z,8002,5,0,0,0,0.153846,0,4009,1029485,1701.81,4009,7096.93,4068
2026-07-30T05:32:27Z,8003,6,0,0,0,0.230769,0,672,171644,0.00532045,672,870.75,681
2026-07-30T05:32:27Z,8004,4,0,0,0,0.102564,0,666,170552,0.00537809,666,844.646,672
2026-07-30T05:32:29Z,8001,5,0,0,0,0.153846,0,4773,1220008,3298.99,4773,10244.6,4847
2026-07-30T05:32:29Z,8002,5,0,0,0,0.153846,0,4013,1029810,1701.81,4013,7100.04,4072
2026-07-30T05:32:29Z,8003,6,0,0,0,0.25641,0,672,171913,0.00532045,672,878.252,682
2026-07-30T05:32:29Z,8004,6,0,0,0,0.179487,0,666,170561,0.00537809,666,847.089,673
2026-07-30T05:32:30Z,8001,5,0,0,0,0.179487,0,4776,1220173,3298.99,4776,10247.4,4850
2026-07-30T05:32:30Z,8002,5,0,0,0,0.153846,0,4013,1029825,1701.81,4013,7100.04,4072
2026-07-30T05:32:30Z,8003,6,0,0,0,0.25641,0,674,172997,0.00532964,674,878.529,684
2026-07-30T05:32:30Z,8004,6,0,0,0,0.205128,0,666,170788,0.00537809,666,851.215,674
2026-07-30T05:32:34Z,8001,7,0,0,0,0.230769,0,4777,1220415,3298.99,4777,10249.9,4851
2026-07-30T05:32:34Z,8002,5,0,0,0,0.179487,0,4018,1031168,1701.81,4018,7102.71,4075
2026-07-30T05:32:34Z,8003,4,0,0,0,0.102564,0,683,174879,0.00537521,683,879.941,691
2026-07-30T05:32:34Z,8004,6,0,0,0,0.179487,0,672,171963,0.00540795,672,853.834,677
2026-07-30T05:32:35Z,8001,8,0,0,0,0.282051,0,4778,1221687,3298.99,4778,10258.3,4855
2026-07-30T05:32:35Z,8002,8,0,0,0,0.25641,0,4018,1031173,1701.81,4018,7107.33,4077
2026-07-30T05:32:35Z,8003,8,0,0,0,0.230769,0,683,174888,0.00537521,683,882.433,692
2026-07-30T05:32:35Z,8004,7,0,0,0,0.230769,0,672,171967,0.00540795,672,857.455,678
2026-07-30T05:32:37Z,8001,1,0,0,0,0.025641,0,4785,1222262,3298.99,4785,10258.3,4855
2026-07-30T05:32:37Z,8002,8,0,0,0,0.282051,0,4018,1031179,1701.81,4018,7110.92,4078
2026-07-30T05:32:37Z,8003,8,0,0,0,0.25641,0,684,175301,0.00537925,684,893.071,696
2026-07-30T05:32:37Z,8004,8,0,0,0,0.282051,0,672,171972,0.00540795,672,863.121,679
2026-07-30T05:32:39Z,8001,8,0,0,0,0.230769,0,4785,1222266,3298.99,4785,10263,4857
2026-07-30T05:32:39Z,8002,7,0,0,0,0.25641,0,4020,1031989,1701.81,4020,7121.81,4081
2026-07-30T05:32:39Z,8003,7,0,0,0,0.230769,0,687,176608,0.00539516,687,893.54,698
2026-07-30T05:32:39Z,8004,8,0,0,0,0.282051,0,672,171978,0.00540795,672,868.594,680
2026-07-30T05:32:40Z,8001,7,0,0,0,0.230769,0,4786,1222588,3298.99,4786,10280.7,4862
2026-07-30T05:32:40Z,8002,8,0,0,0,0.307692,0,4020,1031996,1701.81,4020,7121.81,4081
2026-07-30T05:32:40Z,8003,8,0,0,0,0.282051,0,687,176615,0.00539516,687,893.54,698
2026-07-30T05:32:40Z,8004,8,0,0,0,0.307692,0,672,171991,0.00540795,672,875.559,681
2026-07-30T05:32:42Z,8001,7,0,0,0,0.230769,0,4786,1222721,3298.99,4786,10280.7,4862
2026-07-30T05:32:42Z,8002,4,0,0,0,0.128205,0,4026,1033158,1701.81,4026,7124.29,4083
2026-07-30T05:32:42Z,8003,7,0,0,0,0.205128,0,692,177278,0.00543028,692,896.544,703
2026-07-30T05:32:42Z,8004,8,0,0,0,0.333333,0,674,173003,0.00542065,674,884.71,684
2026-07-30T05:32:43Z,8001,8,0,0,0,0.282051,0,4786,1224120,3298.99,4786,10283,4863
2026-07-30T05:32:43Z,8002,5,0,0,0,0.153846,0,4027,1033463,1701.81,4027,7125.19,4086
2026-07-30T05:32:43Z,8003,7,0,0,0,0.230769,0,694,177776,0.00543861,694,898.858,704
2026-07-30T05:32:43Z,8004,2,0,0,0,0.0512821,0,682,174352,0.00547385,682,884.925,686
2026-07-30T05:32:45Z,8001,6,0,0,0,0.153846,0,4794,1224669,3298.99,4794,10284.9,4869
2026-07-30T05:32:45Z,8002,8,0,0,0,0.25641,0,4027,1033474,1701.81,4027,7127.65,4087
2026-07-30T05:32:45Z,8003,2,0,0,0,0.0512821,0,700,178975,0.00547164,700,899.356,706
2026-07-30T05:32:45Z,8004,5,0,0,0,0.153846,0,682,174354,0.00547385,682,884.925,686
2026-07-30T05:32:46Z,8001,8,0,0,0,0.230769,0,4794,1225194,3298.99,4794,10289.3,4871
2026-07-30T05:32:46Z,8002,8,0,0,0,0.282051,0,4027,1033480,1701.81,4027,7127.65,4087
2026-07-30T05:32:46Z,8003,6,0,0,0,0.179487,0,700,178977,0.00547164,700,899.356,706
2026-07-30T05:32:46Z,8004,7,0,0,0,0.205128,0,682,174359,0.00547385,682,892.14,689
2026-07-30T05:32:48Z,8001,8,0,0,0,0.230769,0,4800,1226475,3298.99,4800,10291.4,4877
2026-07-30T05:32:48Z,8002,7,0,0,0,0.25641,0,4028,1034120,1701.81,4028,7138.89,4089
2026-07-30T05:32:48Z,8003,8,0,0,0,0.230769,0,700,178983,0.00547164,700,908.156,710
2026-07-30T05:32:48Z,8004,8,0,0,0,0.25641,0,682,174364,0.00547385,682,892.14,689
2026-07-30T05:32:52Z,8001,7,0,0,0,0.179487,0,4810,1229152,3298.99,4810,10294.5,4886
2026-07-30T05:32:52Z,8002,8,0,0,0,0.230769,0,4035,1035526,1701.81,4035,7145.11,4097
2026-07-30T05:32:52Z,8003,8,0,0,0,0.282051,0,702,180646,0.00548217,702,919.148,714
2026-07-30T05:32:52Z,8004,6,0,0,0,0.25641,0,684,175860,0.00548701,684,909.856,692
2026-07-30T05:32:53Z,8001,8,0,0,0,0.230769,0,4810,1229575,3298.99,4810,10296.8,4887
2026-07-30T05:32:53Z,8002,6,0,0,0,0.153846,0,4040,1037007,1701.81,4040,7145.65,4100
2026-07-30T05:32:53Z,8003,6,0,0,0,0.153846,0,708,181370,0.00553765,708,920.463,718
2026-07-30T05:32:53Z,8004,6,0,0,0,0.25641,0,684,176142,0.00548701,684,909.856,692
2026-07-30T05:32:55Z,8001,0,0,0,0,0,0,4818,1230457,3298.99,4818,10296.8,4887
2026-07-30T05:32:55Z,8002,3,0,0,0,0.0769231,0,4043,1037402,1701.81,4043,7145.65,4100
2026-07-30T05:32:55Z,8003,7,0,0,0,0.205128,0,708,181376,0.00553765,708,920.463,718
2026-07-30T05:32:55Z,8004,8,0,0,0,0.333333,0,684,176155,0.00548701,684,912.225,693
2026-07-30T05:32:56Z,8001,4,0,0,0,0.128205,0,4818,1230458,3298.99,4818,10299.2,4888
2026-07-30T05:32:56Z,8002,8,0,0,0,0.230769,0,4043,1037412,1701.81,4043,7153.84,4104
2026-07-30T05:32:56Z,8003,7,0,0,0,0.205128,0,709,181383,0.00554215,709,923.594,719
2026-07-30T05:32:56Z,8004,5,0,0,0,0.179487,0,690,176557,0.00553544,690,917.046,697
2026-07-30T05:32:58Z,8001,5,0,0,0,0.179487,0,4818,1230460,3298.99,4818,10303.2,4889
2026-07-30T05:32:58Z,8002,8,0,0,0,0.25641,0,4043,1038179,1701.81,4043,7158.01,4105
2026-07-30T05:32:58Z,8003,7,0,0,0,0.230769,0,710,181836,0.00554712,710,930.197,721
2026-07-30T05:32:58Z,8004,8,0,0,0,0.282051,0,690,176568,0.00553544,690,919.471,698
2026-07-30T05:32:59Z,8001,5,0,0,0,0.179487,0,4818,1230460,3298.99,4818,10303.2,4889
2026-07-30T05:32:59Z,8002,5,0,0,0,0.128205,0,4051,1039449,1701.81,4051,7158.66,4108
2026-07-30T05:32:59Z,8003,8,0,0,0,0.282051,0,710,182363,0.00554712,710,932.558,722
2026-07-30T05:32:59Z,8004,8,0,0,0,0.307692,0,690,176574,0.00553544,690,919.471,698
2026-07-30T05:33:01Z,8001,8,0,0,0,0.282051,0,4818,1230468,3298.99,4818,10320.3,4892
2026-07-30T05:33:01Z,8002,7,0,0,0,0.179487,0,4051,1039895,1701.81,4051,7159.62,4112
2026-07-30T05:33:01Z,8003,4,0,0,0,0.128205,0,717,183300,0.00559231,717,933.425,725
2026-07-30T05:33:01Z,8004,8,0,0,0,0.307692,0,690,176574,0.00553544,690,919.471,698
2026-07-30T05:33:03Z,8001,8,0,0,0,0.307692,0,4818,1230479,3298.99,4818,10327.9,4893
2026-07-30T05:33:03Z,8002,7,0,0,0,0.205128,0,4053,1040548,1701.81,4053,7162.18,4114
2026-07-30T05:33:03Z,8003,8,0,0,0,0.25641,0,717,183309,0.00559231,717,935.926,726
2026-07-30T05:33:03Z,8004,6,0,0,0,0.230769,0,692,177971,0.00554707,692,930.877,700
2026-07-30T05:33:04Z,8001,8,0,0,0,0.333333,0,4818,1230492,3298.99,4818,10337.3,4894
2026-07-30T05:33:04Z,8002,6,0,0,0,0.179487,0,4054,1040746,1701.81,4054,7162.18,4114
2026-07-30T05:33:04Z,8003,8,0,0,0,0.282051,0,717,183316,0.00559231,717,942.716,728
2026-07-30T05:33:04Z,8004,1,0,0,0,0.025641,0,698,178352,0.0055821,698,931.035,701
2026-07-30T05:33:06Z,8001,8,0,0,0,0.358974,0,4818,1231211,3298.99,4818,10347.7,4895
2026-07-30T05:33:06Z,8002,8,0,0,0,0.25641,0,4054,1040759,1701.81,4054,7164.58,4115
2026-07-30T05:33:06Z,8003,7,0,0,0,0.230769,0,718,184382,0.00559636,718,946.272,729
2026-07-30T05:33:06Z,8004,8,0,0,0,0.230769,0,698,178356,0.0055821,698,935.994,703
2026-07-30T05:33:09Z,8001,0,0,0,0,0,0,4834,1234553,3298.99,4834,10351.3,4903
2026-07-30T05:33:09Z,8002,8,0,0,0,0.282051,0,4059,1041826,1701.81,4059,7168.79,4119
2026-07-30T05:33:09Z,8003,3,0,0,0,0.102564,0,725,185258,0.00564471,725,948.903,732
2026-07-30T05:33:09Z,8004,8,0,0,0,0.282051,0,698,179137,0.0055821,698,957.827,708
2026-07-30T05:33:11Z,8001,7,0,0,0,0.179487,0,4834,1234824,3298.99,4834,10354.8,4910
2026-07-30T05:33:11Z,8002,5,0,0,0,0.153846,0,4062,1042716,1701.81,4062,7173.15,4121
2026-07-30T05:33:11Z,8003,8,0,0,0,0.25641,0,725,186165,0.00564471,725,959.724,737
2026-07-30T05:33:11Z,8004,7,0,0,0,0.25641,0,699,180286,0.00558691,699,957.827,708
2026-07-30T05:33:12Z,8001,8,0,0,0,0.230769,0,4834,1235567,3298.99,4834,10357.3,4911
2026-07-30T05:33:12Z,8002,8,0,0,0,0.25641,0,4062,1042728,1701.81,4062,7177.61,4123
2026-07-30T05:33:12Z,8003,2,0,0,0,0.0512821,0,733,187229,0.00570647,733,960.024,739
2026-07-30T05:33:12Z,8004,2,0,0,0,0.0769231,0,706,180332,0.00565625,706,960.196,709
2026-07-30T05:33:14Z,8001,5,0,0,0,0.128205,0,4842,1236793,3298.99,4842,10359.1,4916
2026-07-30T05:33:14Z,8002,8,0,0,0,0.282051,0,4062,1042983,1701.81,4062,7181.27,4124
2026-07-30T05:33:14Z,8003,3,0,0,0,0.102564,0,733,187231,0.00570647,733,960.024,739
2026-07-30T05:33:14Z,8004,5,0,0,0,0.153846,0,706,180624,0.00565625,706,961.741,713
2026-07-30T05:33:15Z,8001,5,0,0,0,0.128205,0,4842,1236843,3298.99,4842,10359.1,4916
2026-07-30T05:33:15Z,8002,4,0,0,0,0.153846,0,4067,1043660,1701.81,4067,7181.36,4125
2026-07-30T05:33:15Z,8003,8,0,0,0,0.230769,0,733,187234,0.00570647,733,962.551,740
2026-07-30T05:33:15Z,8004,8,0,0,0,0.25641,0,706,180635,0.00565625,706,964.27,714
2026-07-30T05:33:17Z,8001,8,0,0,0,0.230769,0,4842,1236854,3298.99,4842,10361.6,4917
2026-07-30T05:33:17Z,8002,8,0,0,0,0.282051,0,4067,1043669,1701.81,4067,7183.83,4126
2026-07-30T05:33:17Z,8003,8,0,0,0,0.25641,0,734,188570,0.00571034,734,980.399,746
2026-07-30T05:33:17Z,8004,8,0,0,0,0.282051,0,706,180641,0.00565625,706,964.27,714
2026-07-30T05:33:19Z,8001,8,0,0,0,0.25641,0,4842,1238005,3298.99,4842,10369.3,4919
2026-07-30T05:33:19Z,8002,8,0,0,0,0.307692,0,4067,1043908,1701.81,4067,7194.92,4129
2026-07-30T05:33:19Z,8003,5,0,0,0,0.128205,0,741,189591,0.00577705,741,981.14,750
2026-07-30T05:33:19Z,8004,8,0,0,0,0.307692,0,706,181224,0.00565625,706,975.886,716
2026-07-30T05:33:20Z,8001,2,0,0,0,0.0512821,0,4850,1238807,3298.99,4850,10369.6,4921
2026-07-30T05:33:20Z,8002,8,0,0,0,0.25641,0,4071,1045289,1701.81,4071,7195.65,4133
2026-07-30T05:33:20Z,8003,6,0,0,0,0.179487,0,741,189596,0.00577705,741,981.14,750
2026-07-30T05:33:20Z,8004,8,0,0,0,0.282051,0,711,182517,0.00569348,711,977.17,721
2026-07-30T05:33:22Z,8001,7,0,0,0,0.205128,0,4850,1238813,3298.99,4850,10374,4923
2026-07-30T05:33:22Z,8002,7,0,0,0,0.179487,0,4075,1046191,1701.81,4075,7196.54,4136
2026-07-30T05:33:22Z,8003,8,0,0,0,0.25641,0,741,189608,0.00577705,741,983.513,751
2026-07-30T05:33:22Z,8004,6,0,0,0,0.153846,0,714,183157,0.00571356,714,977.32,722
2026-07-30T05:33:23Z,8001,8,0,0,0,0.25641,0,4850,1238818,3298.99,4850,10377.6,4924
2026-07-30T05:33:23Z,8002,8,0,0,0,0.230769,0,4075,1046494,1701.81,4075,7198.99,4137
2026-07-30T05:33:23Z,8003,8,0,0,0,0.25641,0,741,189608,0.00577705,741,983.513,751
2026-07-30T05:33:23Z,8004,8,0,0,0,0.230769,0,714,183170,0.00571356,714,979.769,723
2026-07-30T05:33:27Z,8001,8,0,0,0,0.307692,0,4850,1239054,3298.99,4850,10396.3,4927
2026-07-30T05:33:27Z,8002,8,0,0,0,0.25641,0,4079,1046992,1701.81,4079,7201.88,4140
2026-07-30T05:33:27Z,8003,4,0,0,0,0.102564,0,749,191633,0.00582232,749,995.336,757
2026-07-30T05:33:27Z,8004,5,0,0,0,0.179487,0,720,184506,0.00575094,720,984.546,727
2026-07-30T05:33:28Z,8001,8,0,0,0,0.307692,0,4852,1240503,3298.99,4852,10396.7,4929
2026-07-30T05:33:28Z,8002,6,0,0,0,0.230769,0,4082,1047906,1701.81,4082,7205.5,4142
2026-07-30T05:33:28Z,8003,8,0,0,0,0.230769,0,749,191642,0.00582232,749,997.757,758
2026-07-30T05:33:28Z,8004,8,0,0,0,0.282051,0,720,184517,0.00575094,720,987.008,728
2026-07-30T05:33:30Z,8001,6,0,0,0,0.153846,0,4858,1241183,3298.99,4858,10398.2,4933
2026-07-30T05:33:30Z,8002,5,0,0,0,0.179487,0,4083,1048089,1701.81,4083,7205.5,4142
2026-07-30T05:33:30Z,8003,8,0,0,0,0.25641,0,749,191648,0.00582232,749,1001.18,759
2026-07-30T05:33:30Z,8004,8,0,0,0,0.307692,0,720,184988,0.00575094,720,994.531,730
2026-07-30T05:33:31Z,8001,8,0,0,0,0.230769,0,4858,1241196,3298.99,4858,10400.7,4934
2026-07-30T05:33:31Z,8002,8,0,0,0,0.282051,0,4083,1048100,1701.81,4083,7207.93,4143
2026-07-30T05:33:31Z,8003,8,0,0,0,0.282051,0,750,192068,0.00582626,750,1011.61,762
2026-07-30T05:33:31Z,8004,5,0,0,0,0.179487,0,725,186230,0.00577462,725,995.021,732
2026-07-30T05:33:33Z,8001,8,0,0,0,0.25641,0,4858,1241291,3298.99,4858,10404.9,4935
2026-07-30T05:33:33Z,8002,5,0,0,0,0.179487,0,4087,1048852,1701.81,4087,7215.53,4146
2026-07-30T05:33:33Z,8003,7,0,0,0,0.25641,0,753,193532,0.00584295,753,1011.87,764
2026-07-30T05:33:33Z,8004,5,0,0,0,0.179487,0,725,186265,0.00577462,725,995.021,732
2026-07-30T05:33:35Z,8001,7,0,0,0,0.230769,0,4860,1242607,3298.99,4860,10405.1,4936
2026-07-30T05:33:35Z,8002,5,0,0,0,0.179487,0,4087,1048852,1701.81,4087,7215.53,4146
2026-07-30T05:33:35Z,8003,4,0,0,0,0.128205,0,756,193599,0.00586957,756,1011.87,764
2026-07-30T05:33:35Z,8004,8,0,0,0,0.230769,0,730,187197,0.0058032,730,1003.35,740
2026-07-30T05:33:36Z,8001,8,0,0,0,0.282051,0,4860,1242614,3298.99,4860,10405.1,4936
2026-07-30T05:33:36Z,8002,4,0,0,0,0.128205,0,4091,1050048,1701.81,4091,7221.91,4149
2026-07-30T05:33:36Z,8003,7,0,0,0,0.205128,0,757,193607,0.00587412,757,1014.35,765
2026-07-30T05:33:36Z,8004,3,0,0,0,0.0769231,0,736,188534,0.00584011,736,1003.47,741
2026-07-30T05:33:38Z,8001,7,0,0,0,0.205128,0,4866,1243716,3298.99,4866,10408.5,4942
2026-07-30T05:33:38Z,8002,6,0,0,0,0.205128,0,4091,1050052,1701.81,4091,7221.91,4149
2026-07-30T05:33:38Z,8003,7,0,0,0,0.230769,0,757,193613,0.00587412,757,1021.1,767
2026-07-30T05:33:38Z,8004,1,0,0,0,0.025641,0,738,188595,0.00584924,738,1003.47,741
2026-07-30T05:33:39Z,8001,8,0,0,0,0.25641,0,4866,1243723,3298.99,4866,10408.5,4942
2026-07-30T05:33:39Z,8002,8,0,0,0,0.25641,0,4091,1050058,1701.81,4091,7226.32,4151
2026-07-30T05:33:39Z,8003,6,0,0,0,0.230769,0,759,194512,0.00588305,759,1029.88,769
2026-07-30T05:33:39Z,8004,8,0,0,0,0.230769,0,738,188598,0.00584924,738,1006.03,742
2026-07-30T05:33:41Z,8001,6,0,0,0,0.179487,0,4868,1244591,3298.99,4868,10410.9,4943
2026-07-30T05:33:41Z,8002,8,0,0,0,0.282051,0,4091,1050064,1701.81,4091,7226.32,4151
2026-07-30T05:33:41Z,8003,6,0,0,0,0.230769,0,759,194554,0.00588305,759,1029.88,769
2026-07-30T05:33:41Z,8004,8,0,0,0,0.25641,0,738,188604,0.00584924,738,1021.05,746
2026-07-30T05:33:44Z,8001,5,0,0,0,0.205128,0,4872,1244606,3298.99,4872,10413.3,4944
2026-07-30T05:33:44Z,8002,6,0,0,0,0.153846,0,4100,1052511,1701.81,4100,7238.74,4160
2026-07-30T05:33:44Z,8003,7,0,0,0,0.230769,0,765,195910,0.00592041,765,1037.18,776
2026-07-30T05:33:44Z,8004,4,0,0,0,0.102564,0,746,190966,0.00593045,746,1033.33,752
2026-07-30T05:33:46Z,8001,7,0,0,0,0.282051,0,4873,1245206,3298.99,4873,10432.3,4949
2026-07-30T05:33:46Z,8002,7,0,0,0,0.205128,0,4100,1052517,1701.81,4100,7238.74,4160
2026-07-30T05:33:46Z,8003,7,0,0,0,0.230769,0,765,195945,0.00592041,765,1037.18,776
2026-07-30T05:33:46Z,8004,7,0,0,0,0.205128,0,746,190975,0.00593045,746,1035.74,753
2026-07-30T05:33:47Z,8001,6,0,0,0,0.230769,0,4874,1245632,3298.99,4874,10432.3,4949
2026-07-30T05:33:47Z,8002,7,0,0,0,0.205128,0,4103,1053146,1701.81,4103,7244.02,4164
2026-07-30T05:33:47Z,8003,8,0,0,0,0.230769,0,768,197176,0.00593496,768,1040.05,780
2026-07-30T05:33:47Z,8004,8,0,0,0,0.25641,0,746,190980,0.00593045,746,1035.74,753
2026-07-30T05:33:49Z,8001,8,0,0,0,0.307692,0,4874,1245645,3298.99,4874,10434.7,4950
2026-07-30T05:33:49Z,8002,8,0,0,0,0.25641,0,4103,1053601,1701.81,4103,7246.42,4165
2026-07-30T05:33:49Z,8003,6,0,0,0,0.153846,0,773,197961,0.00597201,773,1040.91,783
2026-07-30T05:33:49Z,8004,8,0,0,0,0.25641,0,746,190980,0.00593045,746,1035.74,753
2026-07-30T05:33:51Z,8001,8,0,0,0,0.333333,0,4874,1246292,3298.99,4874,10438.2,4951
2026-07-30T05:33:51Z,8002,5,0,0,0,0.153846,0,4110,1054762,1701.81,4110,7247.18,4169
2026-07-30T05:33:51Z,8003,8,0,0,0,0.230769,0,773,197974,0.00597201,773,1043.34,784
2026-07-30T05:33:51Z,8004,8,0,0,0,0.282051,0,746,190993,0.00593045,746,1047.14,755
2026-07-30T05:33:52Z,8001,7,0,0,0,0.230769,0,4880,1246959,3298.99,4880,10439.5,4956
2026-07-30T05:33:52Z,8002,5,0,0,0,0.153846,0,4110,1054892,1701.81,4110,7247.18,4169
2026-07-30T05:33:52Z,8003,8,0,0,0,0.25641,0,773,198021,0.00597201,773,1046.84,785
2026-07-30T05:33:52Z,8004,8,0,0,0,0.307692,0,747,192015,0.00593426,747,1054.77,757
2026-07-30T05:33:54Z,8001,8,0,0,0,0.282051,0,4880,1247342,3298.99,4880,10441.9,4957
2026-07-30T05:33:54Z,8002,8,0,0,0,0.25641,0,4110,1054903,1701.81,4110,7249.61,4170
2026-07-30T05:33:54Z,8003,5,0,0,0,0.179487,0,776,198950,0.00598519,776,1046.84,785
2026-07-30T05:33:54Z,8004,7,0,0,0,0.282051,0,750,192834,0.00595134,750,1055.17,759
2026-07-30T05:33:55Z,8001,6,0,0,0,0.179487,0,4887,1248544,3298.99,4887,10442.4,4960
2026-07-30T05:33:55Z,8002,5,0,0,0,0.179487,0,4114,1055823,1701.81,4114,7257.3,4173
2026-07-30T05:33:55Z,8003,8,0,0,0,0.282051,0,776,198961,0.00598519,776,1049.26,786
2026-07-30T05:33:55Z,8004,5,0,0,0,0.153846,0,754,193070,0.00598015,754,1057.71,761
2026-07-30T05:33:57Z,8001,5,0,0,0,0.128205,0,4890,1249643,3298.99,4890,10443.6,4964
2026-07-30T05:33:57Z,8002,4,0,0,0,0.102564,0,4119,1057029,1701.81,4119,7258.25,4177
2026-07-30T05:33:57Z,8003,8,0,0,0,0.307692,0,776,199000,0.00598519,776,1056.94,788
2026-07-30T05:33:57Z,8004,4,0,0,0,0.128205,0,755,193377,0.00598456,755,1057.71,761
2026-07-30T05:33:58Z,8001,8,0,0,0,0.230769,0,4890,1249655,3298.99,4890,10447.8,4966
2026-07-30T05:33:58Z,8002,4,0,0,0,0.102564,0,4119,1057381,1701.81,4119,7258.25,4177
2026-07-30T05:33:58Z,8003,5,0,0,0,0.179487,0,781,199784,0.00601709,781,1057.47,790
2026-07-30T05:33:58Z,8004,8,0,0,0,0.25641,0,755,193386,0.00598456,755,1060.24,762
2026-07-30T05:34:02Z,8001,7,0,0,0,0.230769,0,4895,1250838,3298.99,4895,10452.3,4971
2026-07-30T05:34:02Z,8002,8,0,0,0,0.25641,0,4119,1057396,1701.81,4119,7264.6,4179
2026-07-30T05:34:02Z,8003,8,0,0,0,0.307692,0,781,199801,0.00601709,781,1059.88,791
2026-07-30T05:34:02Z,8004,8,0,0,0,0.307692,0,757,194311,0.00599685,757,1075.66,767
2026-07-30T05:34:03Z,8001,8,0,0,0,0.282051,0,4895,1251333,3298.99,4895,10454.6,4972
2026-07-30T05:34:03Z,8002,6,0,0,0,0.230769,0,4123,1057972,1701.81,4123,7276.7,4183
2026-07-30T05:34:03Z,8003,8,0,0,0,0.333333,0,781,200376,0.00601709,781,1070.09,793
2026-07-30T05:34:03Z,8004,3,0,0,0,0.0769231,0,763,195348,0.0060521,763,1075.81,768
2026-07-30T05:34:05Z,8001,7,0,0,0,0.205128,0,4898,1252087,3298.99,4898,10455.1,4974
2026-07-30T05:34:05Z,8002,8,0,0,0,0.307692,0,4123,1057978,1701.81,4123,7276.7,4183
2026-07-30T05:34:05Z,8003,5,0,0,0,0.205128,0,786,201347,0.0060453,786,1070.49,795
2026-07-30T05:34:05Z,8004,8,0,0,0,0.230769,0,763,195355,0.0060521,763,1078.25,769
2026-07-30T05:34:06Z,8001,6,0,0,0,0.205128,0,4902,1252441,3298.99,4902,10457.5,4975
2026-07-30T05:34:06Z,8002,8,0,0,0,0.230769,0,4127,1059377,1701.81,4127,7281.36,4186
2026-07-30T05:34:06Z,8003,8,0,0,0,0.307692,0,786,201359,0.0060453,786,1074.72,797
2026-07-30T05:34:06Z,8004,8,0,0,0,0.25641,0,763,195361,0.0060521,763,1085.04,771
2026-07-30T05:34:08Z,8001,6,0,0,0,0.179487,0,4903,1252817,3298.99,4903,10458.4,4978
2026-07-30T05:34:08Z,8002,5,0,0,0,0.128205,0,4131,1059994,1701.81,4131,7282.49,4190
2026-07-30T05:34:08Z,8003,8,0,0,0,0.333333,0,786,201486,0.0060453,786,1078.23,798
2026-07-30T05:34:08Z,8004,8,0,0,0,0.282051,0,763,195368,0.0060521,763,1090.1,772
2026-07-30T05:34:10Z,8001,6,0,0,0,0.205128,0,4905,1253586,3298.99,4905,10462.7,4980
2026-07-30T05:34:10Z,8002,8,0,0,0,0.230769,0,4131,1060006,1701.81,4131,7286.79,4192
2026-07-30T05:34:10Z,8003,6,0,0,0,0.205128,0,789,202184,0.00606302,789,1078.39,799
2026-07-30T05:34:10Z,8004,8,0,0,0,0.282051,0,766,196627,0.00606514,766,1095.98,776
2026-07-30T05:34:11Z,8001,4,0,0,0,0.128205,0,4909,1254524,3298.99,4909,10463.2,4982
2026-07-30T05:34:11Z,8002,8,0,0,0,0.25641,0,4131,1060445,1701.81,4131,7290.35,4193
2026-07-30T05:34:11Z,8003,8,0,0,0,0.282051,0,789,202197,0.00606302,789,1080.79,800
2026-07-30T05:34:11Z,8004,6,0,0,0,0.153846,0,771,197799,0.00612399,771,1096.78,779
2026-07-30T05:34:13Z,8001,8,0,0,0,0.25641,0,4909,1254534,3298.99,4909,10467.9,4984
2026-07-30T05:34:13Z,8002,6,0,0,0,0.205128,0,4136,1061711,1701.81,4136,7291.1,4196
2026-07-30T05:34:13Z,8003,8,0,0,0,0.307692,0,789,202468,0.00606302,789,1084.88,801
2026-07-30T05:34:13Z,8004,7,0,0,0,0.205128,0,771,197805,0.00612399,771,1096.78,779
2026-07-30T05:34:14Z,8001,7,0,0,0,0.205128,0,4911,1255150,3298.99,4911,10472.4,4987
2026-07-30T05:34:14Z,8002,8,0,0,0,0.282051,0,4136,1061717,1701.81,4136,7291.1,4196
2026-07-30T05:34:14Z,8003,4,0,0,0,0.153846,0,794,203231,0.00608997,794,1084.99,802
2026-07-30T05:34:14Z,8004,8,0,0,0,0.230769,0,771,197812,0.00612399,771,1099.24,780
2026-07-30T05:34:16Z,8001,7,0,0,0,0.230769,0,4913,1255655,3298.99,4913,10474.9,4989
2026-07-30T05:34:16Z,8002,7,0,0,0,0.205128,0,4139,1062379,1701.81,4139,7296.18,4200
2026-07-30T05:34:16Z,8003,8,0,0,0,0.282051,0,794,203241,0.00608997,794,1089.45,804
2026-07-30T05:34:16Z,8004,8,0,0,0,0.25641,0,774,198860,0.00614065,774,1103.92,784
2026-07-30T05:34:19Z,8001,6,0,0,0,0.205128,0,4918,1256813,3298.99,4918,10478,4993
2026-07-30T05:34:19Z,8002,8,0,0,0,0.230769,0,4146,1064304,1701.81,4146,7300.15,4208
2026-07-30T05:34:19Z,8003,5,0,0,0,0.179487,0,797,204160,0.00610453,797,1096.56,806
2026-07-30T05:34:19Z,8004,8,0,0,0,0.230769,0,779,199724,0.00617157,779,1106.5,786
2026-07-30T05:34:21Z,8001,8,0,0,0,0.282051,0,4918,1256826,3298.99,4918,10480.4,4994
2026-07-30T05:34:21Z,8002,4,0,0,0,0.102564,0,4152,1065658,1701.81,4152,7300.45,4210
2026-07-30T05:34:21Z,8003,8,0,0,0,0.282051,0,797,204172,0.00610453,797,1101,808
2026-07-30T05:34:21Z,8004,8,0,0,0,0.25641,0,781,200213,0.00618245,781,1117.79,791
2026-07-30T05:34:22Z,8001,8,0,0,0,0.307692,0,4918,1256969,3298.99,4918,10484.2,4995
2026-07-30T05:34:22Z,8002,6,0,0,0,0.179487,0,4152,1065670,1701.81,4152,7300.45,4210
2026-07-30T05:34:22Z,8003,7,0,0,0,0.282051,0,798,204951,0.00611014,798,1104.69,809
2026-07-30T05:34:22Z,8004,7,0,0,0,0.230769,0,782,200989,0.00618758,782,1117.79,791
2026-07-30T05:34:24Z,8001,8,0,0,0,0.25641,0,4921,1258312,3298.99,4921,10484.7,4998
2026-07-30T05:34:24Z,8002,8,0,0,0,0.230769,0,4152,1065676,1701.81,4152,7304.71,4212
2026-07-30T05:34:24Z,8003,3,0,0,0,0.128205,0,802,205093,0.00614761,802,1104.69,809
2026-07-30T05:34:24Z,8004,8,0,0,0,0.282051,0,783,201580,0.0061922,783,1120.28,793
2026-07-30T05:34:26Z,8001,5,0,0,0,0.128205,0,4926,1258793,3298.99,4926,10485.3,5000
2026-07-30T05:34:26Z,8002,8,0,0,0,0.25641,0,4152,1065682,1701.81,4152,7304.71,4212
2026-07-30T05:34:26Z,8003,8,0,0,0,0.282051,0,802,205101,0.00614761,802,1109.03,811
2026-07-30T05:34:26Z,8004,4,0,0,0,0.128205,0,789,202046,0.00623183,789,1120.71,795
2026-07-30T05:34:27Z,8001,7,0,0,0,0.205128,0,4928,1259329,3298.99,4928,10491.6,5004
2026-07-30T05:34:27Z,8002,5,0,0,0,0.205128,0,4155,1066241,1701.81,4155,7315.64,4214
2026-07-30T05:34:27Z,8003,5,0,0,0,0.179487,0,805,206131,0.00616394,805,1119.49,814
2026-07-30T05:34:27Z,8004,8,0,0,0,0.25641,0,789,202055,0.00623183,789,1123.21,796
2026-07-30T05:34:29Z,8001,6,0,0,0,0.179487,0,4929,1259806,3298.99,4929,10491.6,5004
2026-07-30T05:34:29Z,8002,8,0,0,0,0.307692,0,4155,1066252,1701.81,4155,7318.08,4215
2026-07-30T05:34:29Z,8003,7,0,0,0,0.230769,0,805,206520,0.00616394,805,1120.02,816
2026-07-30T05:34:29Z,8004,8,0,0,0,0.282051,0,789,202061,0.00623183,789,1126.98,797
2026-07-30T05:34:30Z,8001,4,0,0,0,0.128205,0,4934,1260668,3298.99,4934,10495.9,5007
2026-07-30T05:34:30Z,8002,8,0,0,0,0.333333,0,4155,1066403,1701.81,4155,7325.69,4217
2026-07-30T05:34:30Z,8003,6,0,0,0,0.179487,0,810,207305,0.00621133,810,1122.74,820
2026-07-30T05:34:30Z,8004,8,0,0,0,0.307692,0,789,202484,0.00623183,789,1138.28,799
2026-07-30T05:34:32Z,8001,5,0,0,0,0.179487,0,4935,1260760,3298.99,4935,10495.9,5007
2026-07-30T05:34:32Z,8002,3,0,0,0,0.128205,0,4160,1067459,1701.81,4160,7325.69,4217
2026-07-30T05:34:32Z,8003,6,0,0,0,0.179487,0,810,207515,0.00621133,810,1122.74,820
2026-07-30T05:34:32Z,8004,5,0,0,0,0.205128,0,793,203476,0.0062518,793,1138.44,800
2026-07-30T05:34:34Z,8001,7,0,0,0,0.205128,0,4937,1261967,3298.99,4937,10505,5013
2026-07-30T05:34:34Z,8002,8,0,0,0,0.282051,0,4160,1067466,1701.81,4160,7328.12,4218
2026-07-30T05:34:34Z,8003,8,0,0,0,0.25641,0,810,207528,0.00621133,810,1125.12,821
2026-07-30T05:34:34Z,8004,8,0,0,0,0.307692,0,793,203488,0.0062518,793,1142.9,802
2026-07-30T05:34:37Z,8001,6,0,0,0,0.179487,0,4943,1263097,3298.99,4943,10510.1,5018
2026-07-30T05:34:37Z,8002,5,0,0,0,0.205128,0,4163,1068193,1701.81,4163,7345.32,4222
2026-07-30T05:34:37Z,8003,6,0,0,0,0.230769,0,816,208961,0.00626834,816,1129.74,824
2026-07-30T05:34:37Z,8004,7,0,0,0,0.230769,0,797,204407,0.00628449,797,1147.48,806
2026-07-30T05:34:39Z,8001,8,0,0,0,0.25641,0,4943,1263110,3298.99,4943,10512.6,5019
2026-07-30T05:34:39Z,8002,7,0,0,0,0.25641,0,4163,1068652,1701.81,4163,7345.76,4224
2026-07-30T05:34:39Z,8003,8,0,0,0,0.307692,0,816,208974,0.00626834,816,1137.45,827
2026-07-30T05:34:39Z,8004,6,0,0,0,0.179487,0,801,205432,0.00630728,801,1150.06,808
2026-07-30T05:34:41Z,8001,7,0,0,0,0.25641,0,4944,1263585,3298.99,4944,10516.8,5020
2026-07-30T05:34:41Z,8002,4,0,0,0,0.128205,0,4168,1069533,1701.81,4168,7348.34,4226
2026-07-30T05:34:41Z,8003,8,0,0,0,0.25641,0,820,210292,0.00629015,820,1141.83,832
2026-07-30T05:34:41Z,8004,7,0,0,0,0.179487,0,806,206882,0.00633573,806,1151.48,815
2026-07-30T05:34:42Z,8001,5,0,0,0,0.179487,0,4946,1264096,3298.99,4946,10516.8,5020
2026-07-30T05:34:42Z,8002,2,0,0,0,0.0769231,0,4170,1069818,1701.81,4170,7348.34,4226
2026-07-30T05:34:42Z,8003,5,0,0,0,0.128205,0,826,211442,0.00632971,826,1142.72,835
2026-07-30T05:34:42Z,8004,7,0,0,0,0.179487,0,806,207281,0.00633573,806,1151.48,815
2026-07-30T05:34:44Z,8001,6,0,0,0,0.230769,0,4949,1264756,3298.99,4949,10523.4,5024
2026-07-30T05:34:44Z,8002,5,0,0,0,0.179487,0,4170,1069823,1701.81,4170,7350.8,4227
2026-07-30T05:34:44Z,8003,8,0,0,0,0.230769,0,826,211454,0.00632971,826,1147,837
2026-07-30T05:34:44Z,8004,6,0,0,0,0.179487,0,810,207833,0.00635776,810,1154.35,818
2026-07-30T05:34:45Z,8001,4,0,0,0,0.128205,0,4951,1264970,3298.99,4951,10523.4,5024
2026-07-30T05:34:45Z,8002,7,0,0,0,0.25641,0,4170,1069826,1701.81,4170,7350.8,4227
2026-07-30T05:34:45Z,8003,8,0,0,0,0.25641,0,826,211517,0.00632971,826,1150.5,838
2026-07-30T05:34:45Z,8004,8,0,0,0,0.25641,0,812,208090,0.00637204,812,1159.15,822
2026-07-30T05:34:47Z,8001,8,0,0,0,0.25641,0,4951,1264979,3298.99,4951,10525.8,5025
2026-07-30T05:34:47Z,8002,8,0,0,0,0.307692,0,4170,1069837,1701.81,4170,7367.41,4230
2026-07-30T05:34:47Z,8003,5,0,0,0,0.179487,0,831,213009,0.00635906,831,1150.98,840
2026-07-30T05:34:47Z,8004,7,0,0,0,0.205128,0,816,209554,0.00639111,816,1159.59,825
2026-07-30T05:34:49Z,8001,7,0,0,0,0.230769,0,4954,1266050,3298.99,4954,10537.5,5030
2026-07-30T05:34:49Z,8002,8,0,0,0,0.333333,0,4170,1069850,1701.81,4170,7374.99,4231
2026-07-30T05:34:49Z,8003,7,0,0,0,0.179487,0,836,214350,0.00639035,836,1152.76,847
2026-07-30T05:34:49Z,8004,3,0,0,0,0.0769231,0,820,209870,0.00641389,820,1159.59,825
2026-07-30T05:34:51Z,8001,7,0,0,0,0.230769,0,4954,1266358,3298.99,4954,10537.5,5030
2026-07-30T05:34:51Z,8002,7,0,0,0,0.307692,0,4171,1070757,1701.81,4171,7383.65,4232
2026-07-30T05:34:51Z,8003,8,0,0,0,0.230769,0,836,214462,0.00639035,836,1152.76,847
2026-07-30T05:34:51Z,8004,7,0,0,0,0.205128,0,820,209877,0.00641389,820,1162.04,826
2026-07-30T05:34:52Z,8001,7,0,0,0,0.205128,0,4959,1267314,3298.99,4959,10540.7,5035
2026-07-30T05:34:52Z,8002,7,0,0,0,0.307692,0,4171,1070855,1701.81,4171,7383.65,4232
2026-07-30T05:34:52Z,8003,8,0,0,0,0.230769,0,842,215568,0.00642565,842,1156.66,854
2026-07-30T05:34:52Z,8004,8,0,0,0,0.25641,0,820,209882,0.00641389,820,1165.47,827
2026-07-30T05:34:56Z,8001,5,0,0,0,0.153846,0,4963,1268397,3298.99,4963,10543.2,5037
2026-07-30T05:34:56Z,8002,8,0,0,0,0.25641,0,4178,1072096,1701.81,4178,7389.1,4238
2026-07-30T05:34:56Z,8003,4,0,0,0,0.102564,0,850,217485,0.00647571,850,1157.44,858
2026-07-30T05:34:56Z,8004,7,0,0,0,0.282051,0,821,210841,0.00641824,821,1182.81,830
2026-07-30T05:34:58Z,8001,8,0,0,0,0.25641,0,4963,1268409,3298.99,4963,10547.7,5039
2026-07-30T05:34:58Z,8002,8,0,0,0,0.282051,0,4178,1072102,1701.81,4178,7389.1,4238
2026-07-30T05:34:58Z,8003,8,0,0,0,0.230769,0,850,217496,0.00647571,850,1163.62,861
2026-07-30T05:34:58Z,8004,7,0,0,0,0.307692,0,823,211206,0.00642795,823,1185.28,832
2026-07-30T05:34:59Z,8001,5,0,0,0,0.205128,0,4966,1268866,3298.99,4966,10551.3,5040
2026-07-30T05:34:59Z,8002,8,0,0,0,0.307692,0,4178,1072157,1701.81,4178,7400.43,4240
2026-07-30T05:34:59Z,8003,8,0,0,0,0.25641,0,852,218688,0.00648359,852,1167.48,864
2026-07-30T05:34:59Z,8004,6,0,0,0,0.179487,0,828,212197,0.00646797,828,1186.19,836
2026-07-30T05:35:01Z,8001,6,0,0,0,0.205128,0,4968,1269885,3298.99,4968,10552.2,5043
2026-07-30T05:35:01Z,8002,6,0,0,0,0.230769,0,4180,1073233,1701.81,4180,7400.43,4240
2026-07-30T05:35:01Z,8003,6,0,0,0,0.153846,0,859,219958,0.00652669,859,1168.64,869
2026-07-30T05:35:01Z,8004,8,0,0,0,0.25641,0,828,212210,0.00646797,828,1188.6,837
2026-07-30T05:35:02Z,8001,8,0,0,0,0.282051,0,4968,1269898,3298.99,4968,10554.5,5044
2026-07-30T05:35:02Z,8002,5,0,0,0,0.230769,0,4183,1073549,1701.81,4183,7405.11,4242
2026-07-30T05:35:02Z,8003,8,0,0,0,0.230769,0,859,219964,0.00652669,859,1168.64,869
2026-07-30T05:35:02Z,8004,8,0,0,0,0.282051,0,828,212465,0.00646797,828,1192.68,838
2026-07-30T05:35:04Z,8001,8,0,0,0,0.307692,0,4968,1270289,3298.99,4968,10558.2,5045
2026-07-30T05:35:04Z,8002,3,0,0,0,0.102564,0,4186,1073931,1701.81,4186,7405.28,4243
2026-07-30T05:35:04Z,8003,5,0,0,0,0.153846,0,862,220946,0.00654016,862,1173.06,871
2026-07-30T05:35:04Z,8004,8,0,0,0,0.25641,0,834,213816,0.00650037,834,1193.71,844
2026-07-30T05:35:06Z,8001,7,0,0,0,0.230769,0,4974,1271220,3298.99,4974,10559.4,5050
2026-07-30T05:35:06Z,8002,8,0,0,0,0.25641,0,4186,1073938,1701.81,4186,7407.79,4244
2026-07-30T05:35:06Z,8003,5,0,0,0,0.179487,0,865,221391,0.00655881,865,1179.27,874
2026-07-30T05:35:06Z,8004,6,0,0,0,0.153846,0,837,214768,0.00651576,837,1193.81,845
2026-07-30T05:35:07Z,8001,8,0,0,0,0.282051,0,4974,1271411,3298.99,4974,10561.7,5051
2026-07-30T05:35:07Z,8002,8,0,0,0,0.282051,0,4186,1073944,1701.81,4186,7414.8,4246
2026-07-30T05:35:07Z,8003,4,0,0,0,0.128205,0,867,221757,0.00657163,867,1179.43,875
2026-07-30T05:35:07Z,8004,8,0,0,0,0.230769,0,837,214781,0.00651576,837,1196.16,846
2026-07-30T05:35:09Z,8001,4,0,0,0,0.128205,0,4979,1272359,3298.99,4979,10561.8,5052
2026-07-30T05:35:09Z,8002,8,0,0,0,0.307692,0,4186,1074791,1701.81,4186,7425.97,4248
2026-07-30T05:35:09Z,8003,8,0,0,0,0.25641,0,867,221766,0.00657163,867,1181.86,876
2026-07-30T05:35:09Z,8004,7,0,0,0,0.230769,0,839,215129,0.00652456,839,1199.73,848
2026-07-30T05:35:11Z,8001,8,0,0,0,0.25641,0,4979,1272369,3298.99,4979,10566.4,5054
2026-07-30T05:35:11Z,8002,8,0,0,0,0.205128,0,4194,1076048,1701.81,4194,7427.72,4256
2026-07-30T05:35:11Z,8003,8,0,0,0,0.282051,0,867,222653,0.00657163,867,1192.75,879
2026-07-30T05:35:11Z,8004,7,0,0,0,0.230769,0,843,216601,0.00654636,843,1200.44,852
2026-07-30T05:35:15Z,8001,3,0,0,0,0.0769231,0,4987,1274331,3298.99,4987,10574.2,5059
2026-07-30T05:35:15Z,8002,7,0,0,0,0.179487,0,4202,1078529,1701.81,4202,7429.33,4263
2026-07-30T05:35:15Z,8003,8,0,0,0,0.282051,0,871,223291,0.00660042,871,1195.28,881
2026-07-30T05:35:15Z,8004,8,0,0,0,0.230769,0,850,218263,0.00658176,850,1207.76,860
2026-07-30T05:35:16Z,8001,8,0,0,0,0.230769,0,4987,1274339,3298.99,4987,10578.5,5061
2026-07-30T05:35:16Z,8002,8,0,0,0,0.230769,0,4204,1079254,1701.81,4204,7432.3,4266
2026-07-30T05:35:16Z,8003,5,0,0,0,0.179487,0,875,224047,0.00662878,875,1202.99,884
2026-07-30T05:35:16Z,8004,5,0,0,0,0.128205,0,855,219194,0.0066104,855,1208.27,862
2026-07-30T05:35:18Z,8001,8,0,0,0,0.25641,0,4987,1274345,3298.99,4987,10581.8,5062
2026-07-30T05:35:18Z,8002,3,0,0,0,0.102564,0,4209,1079966,1701.81,4209,7432.3,4266
2026-07-30T05:35:18Z,8003,8,0,0,0,0.282051,0,875,224058,0.00662878,875,1205.42,885
2026-07-30T05:35:18Z,8004,8,0,0,0,0.230769,0,855,219503,0.0066104,855,1215,865
2026-07-30T05:35:19Z,8001,8,0,0,0,0.282051,0,4987,1274352,3298.99,4987,10586.9,5063
2026-07-30T05:35:19Z,8002,8,0,0,0,0.25641,0,4209,1079974,1701.81,4209,7436.69,4268
2026-07-30T05:35:19Z,8003,8,0,0,0,0.307692,0,875,224064,0.00662878,875,1205.42,885
2026-07-30T05:35:19Z,8004,7,0,0,0,0.205128,0,858,220060,0.00662735,858,1215.41,867
2026-07-30T05:35:21Z,8001,6,0,0,0,0.230769,0,4990,1275020,3298.99,4990,10592.3,5065
2026-07-30T05:35:21Z,8002,7,0,0,0,0.230769,0,4210,1080662,1701.81,4210,7447.36,4271
2026-07-30T05:35:21Z,8003,8,0,0,0,0.333333,0,875,224071,0.00662878,875,1211.09,886
2026-07-30T05:35:21Z,8004,7,0,0,0,0.230769,0,860,220905,0.00663808,860,1217.93,869
2026-07-30T05:35:23Z,8001,8,0,0,0,0.307692,0,4990,1275930,3298.99,4990,10596.3,5067
2026-07-30T05:35:23Z,8002,5,0,0,0,0.179487,0,4212,1081000,1701.81,4212,7447.36,4271
2026-07-30T05:35:23Z,8003,7,0,0,0,0.25641,0,880,225579,0.0066611,880,1217.55,891
2026-07-30T05:35:23Z,8004,4,0,0,0,0.128205,0,863,221230,0.00666289,863,1217.93,869
2026-07-30T05:35:25Z,8001,5,0,0,0,0.153846,0,4996,1276681,3298.99,4996,10596.9,5070
2026-07-30T05:35:25Z,8002,8,0,0,0,0.282051,0,4212,1081011,1701.81,4212,7449.82,4272
2026-07-30T05:35:25Z,8003,4,0,0,0,0.102564,0,883,226063,0.00667957,883,1217.55,891
2026-07-30T05:35:25Z,8004,5,0,0,0,0.153846,0,866,221894,0.00667672,866,1226.97,873
2026-07-30T05:35:26Z,8001,8,0,0,0,0.25641,0,4996,1276692,3298.99,4996,10599.4,5071
2026-07-30T05:35:26Z,8002,6,0,0,0,0.205128,0,4217,1081935,1701.81,4217,7457.63,4277
2026-07-30T05:35:26Z,8003,8,0,0,0,0.230769,0,883,226072,0.00667957,883,1220.01,892
2026-07-30T05:35:26Z,8004,8,0,0,0,0.25641,0,866,221906,0.00667672,866,1231.28,875
2026-07-30T05:35:28Z,8001,7,0,0,0,0.230769,0,4998,1276965,3298.99,4998,10607.3,5074
2026-07-30T05:35:28Z,8002,6,0,0,0,0.205128,0,4217,1082277,1701.81,4217,7457.63,4277
2026-07-30T05:35:28Z,8003,8,0,0,0,0.25641,0,884,226872,0.0066835,884,1230.62,896
2026-07-30T05:35:28Z,8004,8,0,0,0,0.282051,0,866,221985,0.00667672,866,1235.36,876
2026-07-30T05:35:29Z,8001,7,0,0,0,0.230769,0,4998,1277385,3298.99,4998,10607.3,5074
2026-07-30T05:35:29Z,8002,8,0,0,0,0.282051,0,4217,1082290,1701.81,4217,7460.07,4278
2026-07-30T05:35:29Z,8003,6,0,0,0,0.205128,0,887,227413,0.00669959,887,1230.76,897
2026-07-30T05:35:29Z,8004,7,0,0,0,0.25641,0,867,222944,0.00668121,867,1235.36,876
2026-07-30T05:35:33Z,8001,5,0,0,0,0.179487,0,5004,1278601,3298.99,5004,10610,5077
2026-07-30T05:35:33Z,8002,9,0,0,0,0.230769,0,4225,1084680,1701.81,4225,7466.77,4288
2026-07-30T05:35:33Z,8003,6,0,0,0,0.205128,0,891,228174,0.00672765,891,1237.81,901
2026-07-30T05:35:33Z,8004,6,0,0,0,0.179487,0,874,224324,0.0067302,874,1239.09,882
2026-07-30T05:35:35Z,8001,12,0,0,0,0.358974,0,5004,1278606,3298.99,5004,10612.5,5078
2026-07-30T05:35:35Z,8002,11,0,0,0,0.307692,0,4225,1084689,1701.81,4225,7466.77,4288
2026-07-30T05:35:35Z,8003,7,0,0,0,0.25641,0,891,228180,0.00672765,891,1237.81,901
2026-07-30T05:35:35Z,8004,12,0,0,0,0.358974,0,874,224338,0.0067302,874,1243.51,884
2026-07-30T05:35:36Z,8001,12,0,0,0,0.384615,0,5004,1278616,3298.99,5004,10626.4,5083
2026-07-30T05:35:36Z,8002,12,0,0,0,0.333333,0,4225,1084700,1701.81,4225,7471.37,4290
2026-07-30T05:35:36Z,8003,11,0,0,0,0.358974,0,891,228187,0.00672765,891,1240.36,902
2026-07-30T05:35:36Z,8004,12,0,0,0,0.384615,0,874,224348,0.0067302,874,1250.45,886
2026-07-30T05:35:38Z,8001,12,0,0,0,0.384615,0,5006,1280017,3298.99,5006,10637.2,5087
2026-07-30T05:35:38Z,8002,11,0,0,0,0.333333,0,4228,1085873,1701.81,4228,7475.6,4293
2026-07-30T05:35:38Z,8003,12,0,0,0,0.410256,0,891,228196,0.00672765,891,1247.55,904
2026-07-30T05:35:38Z,8004,12,0,0,0,0.410256,0,874,224947,0.0067302,874,1261.49,888
2026-07-30T05:35:40Z,8001,11,0,0,0,0.358974,0,5008,1281463,3298.99,5008,10637.3,5088
2026-07-30T05:35:40Z,8002,12,0,0,0,0.384615,0,4228,1086280,1701.81,4228,7478,4294
2026-07-30T05:35:40Z,8003,12,0,0,0,0.435897,0,891,228217,0.00672765,891,1258.82,906
2026-07-30T05:35:40Z,8004,11,0,0,0,0.358974,0,879,225753,0.00676617,879,1262.56,892
2026-07-30T05:35:41Z,8001,6,0,0,0,0.179487,0,5016,1281644,3298.99,5016,10639.7,5089
2026-07-30T05:35:41Z,8002,8,0,0,0,0.282051,0,4234,1087182,1701.81,4234,7478.28,4296
2026-07-30T05:35:41Z,8003,11,0,0,0,0.435897,0,893,229817,0.00673572,893,1266.14,908
2026-07-30T05:35:41Z,8004,12,0,0,0,0.410256,0,880,226554,0.00677082,880,1265.06,894
2026-07-30T05:35:43Z,8001,7,0,0,0,0.205128,0,5017,1282106,3298.99,5017,10640.9,5093
2026-07-30T05:35:43Z,8002,12,0,0,0,0.410256,0,4234,1087201,1701.81,4234,7485.03,4299
2026-07-30T05:35:43Z,8003,9,0,0,0,0.333333,0,895,230062,0.00674486,895,1266.14,908
2026-07-30T05:35:43Z,8004,10,0,0,0,0.282051,0,886,227850,0.00682494,886,1266.66,898
2026-07-30T05:35:45Z,8001,10,0,0,0,0.307692,0,5017,1282121,3298.99,5017,10643.3,5094
2026-07-30T05:35:45Z,8002,12,0,0,0,0.384615,0,4237,1087701,1701.81,4237,7489.74,4303
2026-07-30T05:35:45Z,8003,12,0,0,0,0.435897,0,895,230081,0.00674486,895,1268.58,909
2026-07-30T05:35:45Z,8004,12,0,0,0,0.358974,0,886,227871,0.00682494,886,1269.2,899
2026-07-30T05:35:46Z,8001,12,0,0,0,0.384615,0,5017,1282129,3298.99,5017,10643.3,5094
2026-07-30T05:35:46Z,8002,10,0,0,0,0.307692,0,4242,1089703,1701.81,4242,7490.18,4306
2026-07-30T05:35:46Z,8003,11,0,0,0,0.333333,0,903,231229,0.00680591,903,1276.17,914
2026-07-30T05:35:46Z,8004,12,0,0,0,0.384615,0,887,228055,0.00682922,887,1273.59,901
2026-07-30T05:35:48Z,8001,12,0,0,0,0.410256,0,5017,1282150,3298.99,5017,10660.4,5097
2026-07-30T05:35:48Z,8002,6,0,0,0,0.153846,0,4246,1090239,1701.81,4246,7490.18,4306
2026-07-30T05:35:48Z,8003,10,0,0,0,0.307692,0,904,231599,0.00681047,904,1277.97,918
2026-07-30T05:35:48Z,8004,12,0,0,0,0.358974,0,892,229700,0.00685838,892,1274.74,906
2026-07-30T05:35:52Z,8001,8,0,0,0,0.307692,0,5022,1284300,3298.99,5022,10668.3,5099
2026-07-30T05:35:52Z,8002,12,0,0,0,0.358974,0,4246,1090262,1701.81,4246,7503.63,4310
2026-07-30T05:35:52Z,8003,9,0,0,0,0.25641,0,909,233589,0.00683789,909,1282.8,922
2026-07-30T05:35:52Z,8004,12,0,0,0,0.333333,0,903,231453,0.0069298,903,1278.3,911
2026-07-30T05:35:53Z,8001,10,0,0,0,0.384615,0,5024,1284316,3298.99,5024,10672.9,5101
2026-07-30T05:35:53Z,8002,11,0,0,0,0.358974,0,4249,1090912,1701.81,4249,7515.38,4314
2026-07-30T05:35:53Z,8003,12,0,0,0,0.358974,0,909,233609,0.00683789,909,1287.11,924
2026-07-30T05:35:53Z,8004,12,0,0,0,0.358974,0,903,231463,0.0069298,903,1293.67,915
2026-07-30T05:35:55Z,8001,7,0,0,0,0.230769,0,5029,1285244,3298.99,5029,10684.1,5105
2026-07-30T05:35:55Z,8002,11,0,0,0,0.384615,0,4251,1091229,1701.81,4251,7517.95,4316
2026-07-30T05:35:55Z,8003,8,0,0,0,0.25641,0,916,234707,0.00689878,916,1291.62,928
2026-07-30T05:35:55Z,8004,12,0,0,0,0.384615,0,903,231474,0.0069298,903,1299.46,916
2026-07-30T05:35:57Z,8001,6,0,0,0,0.205128,0,5030,1285628,3298.99,5030,10684.1,5105
2026-07-30T05:35:57Z,8002,11,0,0,0,0.384615,0,4251,1091416,1701.81,4251,7517.95,4316
2026-07-30T05:35:57Z,8003,9,0,0,0,0.307692,0,916,234715,0.00689878,916,1291.62,928
2026-07-30T05:35:57Z,8004,10,0,0,0,0.333333,0,908,233156,0.00696357,908,1305.71,920
2026-07-30T05:35:58Z,8001,12,0,0,0,0.384615,0,5030,1285644,3298.99,5030,10694,5109
2026-07-30T05:35:58Z,8002,12,0,0,0,0.435897,0,4252,1093165,1701.81,4252,7520.41,4318
2026-07-30T05:35:58Z,8003,12,0,0,0,0.410256,0,916,234733,0.00689878,916,1294.1,929
2026-07-30T05:35:58Z,8004,10,0,0,0,0.333333,0,908,233536,0.00696357,908,1305.71,920
2026-07-30T05:36:00Z,8001,12,0,0,0,0.410256,0,5030,1285654,3298.99,5030,10694,5109
2026-07-30T05:36:00Z,8002,5,0,0,0,0.153846,0,4262,1093699,1701.81,4262,7521.02,4321
2026-07-30T05:36:00Z,8003,12,0,0,0,0.435897,0,916,234743,0.00689878,916,1299.81,930
2026-07-30T05:36:00Z,8004,12,0,0,0,0.410256,0,908,233557,0.00696357,908,1308.05,921
2026-07-30T05:36:01Z,8001,12,0,0,0,0.435897,0,5030,1286685,3298.99,5030,10705.8,5111
2026-07-30T05:36:01Z,8002,10,0,0,0,0.307692,0,4262,1093710,1701.81,4262,7523.48,4322
2026-07-30T05:36:01Z,8003,12,0,0,0,0.435897,0,916,234754,0.00689878,916,1305.15,931
2026-07-30T05:36:01Z,8004,10,0,0,0,0.307692,0,915,234568,0.00704649,915,1313.99,927
2026-07-30T05:36:03Z,8001,10,0,0,0,0.333333,0,5036,1287347,3298.99,5036,10707.3,5115
2026-07-30T05:36:03Z,8002,12,0,0,0,0.384615,0,4262,1093718,1701.81,4262,7530.72,4324
2026-07-30T05:36:03Z,8003,8,0,0,0,0.307692,0,921,236440,0.0069296,921,1312.35,933
2026-07-30T05:36:03Z,8004,10,0,0,0,0.307692,0,915,234798,0.00704649,915,1313.99,927
2026-07-30T05:36:05Z,8001,12,0,0,0,0.410256,0,5036,1287368,3298.99,5036,10709.8,5116
2026-07-30T05:36:05Z,8002,12,0,0,0,0.410256,0,4262,1093739,1701.81,4262,7547.56,4327
2026-07-30T05:36:05Z,8003,9,0,0,0,0.358974,0,921,236448,0.0069296,921,1312.35,933
2026-07-30T05:36:05Z,8004,12,0,0,0,0.384615,0,915,234819,0.00704649,915,1316.43,928
2026-07-30T05:36:06Z,8001,12,0,0,0,0.435897,0,5036,1288339,3298.99,5036,10714,5117
2026-07-30T05:36:06Z,8002,11,0,0,0,0.384615,0,4264,1094464,1701.81,4264,7555.11,4329
2026-07-30T05:36:06Z,8003,12,0,0,0,0.461538,0,921,236467,0.0069296,921,1318.15,935
2026-07-30T05:36:06Z,8004,12,0,0,0,0.410256,0,918,236415,0.00705983,918,1321.07,932
2026-07-30T05:36:10Z,8001,12,0,0,0,0.384615,0,5042,1289071,3298.99,5042,10717.7,5122
2026-07-30T05:36:10Z,8002,11,0,0,0,0.410256,0,4267,1096522,1701.81,4267,7558.04,4332
2026-07-30T05:36:10Z,8003,12,0,0,0,0.384615,0,928,238313,0.00698855,928,1330.82,944
2026-07-30T05:36:10Z,8004,12,0,0,0,0.384615,0,920,237240,0.00706918,920,1323.46,933
2026-07-30T05:36:12Z,8001,11,0,0,0,0.384615,0,5046,1290027,3298.99,5046,10722.6,5126
2026-07-30T05:36:12Z,8002,12,0,0,0,0.461538,0,4267,1096569,1701.81,4267,7560.47,4333
2026-07-30T05:36:12Z,8003,7,0,0,0,0.179487,0,933,239558,0.00702099,933,1330.82,944
2026-07-30T05:36:12Z,8004,4,0,0,0,0.153846,0,928,237663,0.00712139,928,1327.52,934
2026-07-30T05:36:13Z,8001,9,0,0,0,0.282051,0,5048,1290346,3298.99,5048,10722.6,5126
2026-07-30T05:36:13Z,8002,9,0,0,0,0.282051,0,4275,1097181,1701.81,4275,7562.03,4338
2026-07-30T05:36:13Z,8003,9,0,0,0,0.25641,0,936,239994,0.00703913,936,1341.23,949
2026-07-30T05:36:13Z,8004,10,0,0,0,0.333333,0,928,237673,0.00712139,928,1331.98,936
2026-07-30T05:36:15Z,8001,9,0,0,0,0.307692,0,5052,1291527,3298.99,5052,10728.9,5129
2026-07-30T05:36:15Z,8002,12,0,0,0,0.384615,0,4275,1097200,1701.81,4275,7564.54,4339
2026-07-30T05:36:15Z,8003,9,0,0,0,0.25641,0,940,241300,0.00706937,940,1342.11,953
2026-07-30T05:36:15Z,8004,11,0,0,0,0.384615,0,928,237681,0.00712139,928,1339.64,938
2026-07-30T05:36:17Z,8001,9,0,0,0,0.25641,0,5054,1292180,3298.99,5054,10729.6,5132
2026-07-30T05:36:17Z,8002,12,0,0,0,0.410256,0,4275,1097210,1701.81,4275,7564.54,4339
2026-07-30T05:36:17Z,8003,10,0,0,0,0.307692,0,940,241309,0.00706937,940,1342.11,953
2026-07-30T05:36:17Z,8004,12,0,0,0,0.435897,0,928,237700,0.00712139,928,1350.84,940
2026-07-30T05:36:18Z,8001,12,0,0,0,0.358974,0,5054,1292199,3298.99,5054,10732.1,5133
2026-07-30T05:36:18Z,8002,12,0,0,0,0.435897,0,4275,1097641,1701.81,4275,7575.61,4341
2026-07-30T05:36:18Z,8003,12,0,0,0,0.384615,0,940,241329,0.00706937,940,1344.59,954
2026-07-30T05:36:18Z,8004,12,0,0,0,0.461538,0,928,237721,0.00712139,928,1357.93,941
2026-07-30T05:36:20Z,8001,11,0,0,0,0.358974,0,5057,1292797,3298.99,5057,10739.6,5137
2026-07-30T05:36:20Z,8002,11,0,0,0,0.384615,0,4276,1098672,1701.81,4276,7575.61,4341
2026-07-30T05:36:20Z,8003,12,0,0,0,0.384615,0,940,241329,0.00706937,940,1344.59,954
2026-07-30T05:36:20Z,8004,12,0,0,0,0.487179,0,928,237732,0.00712139,928,1357.93,941
2026-07-30T05:36:21Z,8001,8,0,0,0,0.25641,0,5060,1293267,3298.99,5060,10739.6,5137
2026-07-30T05:36:21Z,8002,10,0,0,0,0.358974,0,4279,1099360,1701.81,4279,7578.04,4343
2026-07-30T05:36:21Z,8003,12,0,0,0,0.384615,0,945,242624,0.00711164,945,1357.88,961
2026-07-30T05:36:21Z,8004,12,0,0,0,0.487179,0,930,239504,0.00712986,930,1367.01,944
2026-07-30T05:36:23Z,8001,12,0,0,0,0.384615,0,5060,1293284,3298.99,5060,10742.1,5138
2026-07-30T05:36:23Z,8002,10,0,0,0,0.358974,0,4279,1099430,1701.81,4279,7578.04,4343
2026-07-30T05:36:23Z,8003,9,0,0,0,0.307692,0,949,243485,0.00713411,949,1358.04,962
2026-07-30T05:36:23Z,8004,10,0,0,0,0.384615,0,932,240544,0.00714027,932,1367.01,944
2026-07-30T05:36:24Z,8001,12,0,0,0,0.410256,0,5060,1294303,3298.99,5060,10752.4,5141
2026-07-30T05:36:24Z,8002,8,0,0,0,0.333333,0,4284,1099842,1701.81,4284,7582.53,4346
2026-07-30T05:36:24Z,8003,12,0,0,0,0.410256,0,949,243504,0.00713411,949,1360.48,963
2026-07-30T05:36:24Z,8004,12,0,0,0,0.461538,0,932,240565,0.00714027,932,1369.38,945
2026-07-30T05:36:28Z,8001,8,0,0,0,0.282051,0,5068,1295753,3298.99,5068,10755.4,5145
2026-07-30T05:36:28Z,8002,12,0,0,0,0.410256,0,4287,1100788,1701.81,4287,7595.56,4353
2026-07-30T05:36:28Z,8003,10,0,0,0,0.307692,0,958,245926,0.00718907,958,1369.55,972
2026-07-30T05:36:28Z,8004,10,0,0,0,0.333333,0,940,240883,0.0072048,940,1373.67,947
2026-07-30T05:36:30Z,8001,12,0,0,0,0.410256,0,5068,1295770,3298.99,5068,10757.8,5146
2026-07-30T05:36:30Z,8002,8,0,0,0,0.25641,0,4292,1102250,1701.81,4292,7595.66,4354
2026-07-30T05:36:30Z,8003,11,0,0,0,0.358974,0,958,245936,0.00718907,958,1369.55,972
2026-07-30T05:36:30Z,8004,12,0,0,0,0.384615,0,940,240893,0.0072048,940,1385.77,952
2026-07-30T05:36:31Z,8001,12,0,0,0,0.435897,0,5068,1295781,3298.99,5068,10764.9,5148
2026-07-30T05:36:31Z,8002,12,0,0,0,0.384615,0,4292,1102267,1701.81,4292,7598.09,4355
2026-07-30T05:36:31Z,8003,12,0,0,0,0.384615,0,958,245947,0.00718907,958,1371.98,973
2026-07-30T05:36:31Z,8004,11,0,0,0,0.384615,0,942,241617,0.00721428,942,1393.75,955
2026-07-30T05:36:33Z,8001,11,0,0,0,0.358974,0,5072,1296680,3298.99,5072,10769.8,5152
2026-07-30T05:36:33Z,8002,12,0,0,0,0.410256,0,4292,1102278,1701.81,4292,7604.86,4357
2026-07-30T05:36:33Z,8003,9,0,0,0,0.282051,0,964,247267,0.0072244,964,1376.26,977
2026-07-30T05:36:33Z,8004,12,0,0,0,0.435897,0,942,242396,0.00721428,942,1396.06,956
2026-07-30T05:36:34Z,8001,11,0,0,0,0.384615,0,5074,1297312,3298.99,5074,10772.2,5153
2026-07-30T05:36:34Z,8002,7,0,0,0,0.230769,0,4299,1103385,1701.81,4299,7608.82,4360
2026-07-30T05:36:34Z,8003,9,0,0,0,0.25641,0,969,248854,0.00725614,969,1377.7,982
2026-07-30T05:36:34Z,8004,8,0,0,0,0.230769,0,953,243985,0.00731053,953,1397.82,963
2026-07-30T05:36:36Z,8001,10,0,0,0,0.333333,0,5076,1298486,3298.99,5076,10772.7,5155
2026-07-30T05:36:36Z,8002,11,0,0,0,0.358974,0,4299,1103400,1701.81,4299,7611.33,4361
2026-07-30T05:36:36Z,8003,9,0,0,0,0.25641,0,970,248919,0.00726309,970,1377.7,982
2026-07-30T05:36:36Z,8004,7,0,0,0,0.179487,0,954,244421,0.00731479,954,1397.82,963
2026-07-30T05:36:37Z,8001,11,0,0,0,0.333333,0,5080,1298684,3298.99,5080,10778,5160
2026-07-30T05:36:37Z,8002,11,0,0,0,0.384615,0,4299,1103409,1701.81,4299,7615.16,4362
2026-07-30T05:36:37Z,8003,12,0,0,0,0.333333,0,970,248928,0.00726309,970,1380.24,983
2026-07-30T05:36:37Z,8004,11,0,0,0,0.307692,0,954,244436,0.00731479,954,1400.35,964
2026-07-30T05:36:39Z,8001,8,0,0,0,0.25641,0,5083,1299213,3298.99,5083,10778,5160
2026-07-30T05:36:39Z,8002,12,0,0,0,0.435897,0,4299,1103419,1701.81,4299,7620.9,4363
2026-07-30T05:36:39Z,8003,7,0,0,0,0.230769,0,976,250059,0.00730009,976,1391.4,987
2026-07-30T05:36:39Z,8004,12,0,0,0,0.358974,0,954,244445,0.00731479,954,1403.62,965
2026-07-30T05:36:41Z,8001,12,0,0,0,0.384615,0,5083,1299231,3298.99,5083,10782.7,5162
2026-07-30T05:36:41Z,8002,12,0,0,0,0.435897,0,4299,1103430,1701.81,4299,7626.62,4364
2026-07-30T05:36:41Z,8003,8,0,0,0,0.282051,0,976,250066,0.00730009,976,1391.4,987
2026-07-30T05:36:41Z,8004,12,0,0,0,0.384615,0,954,244466,0.00731479,954,1415.25,967
2026-07-30T05:36:42Z,8001,12,0,0,0,0.384615,0,5084,1299942,3298.99,5084,10790.2,5165
2026-07-30T05:36:42Z,8002,7,0,0,0,0.282051,0,4304,1104952,1701.81,4304,7634.05,4365
2026-07-30T05:36:42Z,8003,12,0,0,0,0.384615,0,976,250074,0.00730009,976,1393.96,988
2026-07-30T05:36:42Z,8004,12,0,0,0,0.410256,0,954,245389,0.00731479,954,1422.46,968
2026-07-30T05:36:46Z,8001,9,0,0,0,0.25641,0,5093,1302182,3298.99,5093,10791.7,5171
2026-07-30T05:36:46Z,8002,8,0,0,0,0.230769,0,4311,1106950,1701.81,4311,7644.91,4373
2026-07-30T05:36:46Z,8003,10,0,0,0,0.307692,0,983,252458,0.00734412,983,1409.9,997
2026-07-30T05:36:46Z,8004,11,0,0,0,0.282051,0,966,248111,0.00740215,966,1425.87,979
2026-07-30T05:36:47Z,8001,9,0,0,0,0.25641,0,5096,1302632,3298.99,5096,10797.8,5174
2026-07-30T05:36:47Z,8002,9,0,0,0,0.282051,0,4311,1106958,1701.81,4311,7644.91,4373
2026-07-30T05:36:47Z,8003,12,0,0,0,0.384615,0,983,252479,0.00734412,983,1412.41,998
2026-07-30T05:36:47Z,8004,10,0,0,0,0.282051,0,969,249002,0.00742044,969,1428.42,981
2026-07-30T05:36:49Z,8001,12,0,0,0,0.358974,0,5096,1302652,3298.99,5096,10802.4,5176
2026-07-30T05:36:49Z,8002,12,0,0,0,0.358974,0,4311,1106967,1701.81,4311,7647.4,4374
2026-07-30T05:36:49Z,8003,12,0,0,0,0.358974,0,988,253254,0.00738806,988,1417.51,1004
2026-07-30T05:36:49Z,8004,6,0,0,0,0.179487,0,973,249645,0.00744992,973,1428.42,981
2026-07-30T05:36:51Z,8001,10,0,0,0,0.333333,0,5098,1303106,3298.99,5098,10806,5177
2026-07-30T05:36:51Z,8002,8,0,0,0,0.25641,0,4318,1108230,1701.81,4318,7660.46,4380
2026-07-30T05:36:51Z,8003,8,0,0,0,0.25641,0,993,254923,0.00741649,993,1417.67,1005
2026-07-30T05:36:51Z,8004,12,0,0,0,0.358974,0,973,249658,0.00744992,973,1430.88,982
2026-07-30T05:36:52Z,8001,9,0,0,0,0.307692,0,5102,1304795,3298.99,5102,10806.7,5180
2026-07-30T05:36:52Z,8002,9,0,0,0,0.307692,0,4318,1108238,1701.81,4318,7660.46,4380
2026-07-30T05:36:52Z,8003,9,0,0,0,0.307692,0,993,254931,0.00741649,993,1417.67,1005
2026-07-30T05:36:52Z,8004,12,0,0,0,0.384615,0,973,249668,0.00744992,973,1440.88,985
2026-07-30T05:36:54Z,8001,6,0,0,0,0.205128,0,5105,1304956,3298.99,5105,10806.7,5180
2026-07-30T05:36:54Z,8002,12,0,0,0,0.384615,0,4318,1108247,1701.81,4318,7662.97,4381
2026-07-30T05:36:54Z,8003,12,0,0,0,0.384615,0,993,254940,0.00741649,993,1420.21,1006
2026-07-30T05:36:54Z,8004,8,0,0,0,0.307692,0,977,250446,0.00748397,977,1451.74,987
2026-07-30T05:36:55Z,8001,11,0,0,0,0.358974,0,5105,1304971,3298.99,5105,10813.9,5183
2026-07-30T05:36:55Z,8002,8,0,0,0,0.25641,0,4323,1109920,1701.81,4323,7674.19,4385
2026-07-30T05:36:55Z,8003,9,0,0,0,0.282051,0,1000,256246,0.00746318,1000,1431.79,1013
2026-07-30T05:36:55Z,8004,9,0,0,0,0.307692,0,978,250911,0.00748859,978,1452.25,989
2026-07-30T05:36:57Z,8001,12,0,0,0,0.410256,0,5105,1304980,3298.99,5105,10813.9,5183
2026-07-30T05:36:57Z,8002,7,0,0,0,0.230769,0,4326,1110523,1701.81,4326,7674.7,4387
2026-07-30T05:36:57Z,8003,9,0,0,0,0.282051,0,1000,256561,0.00746318,1000,1431.79,1013
2026-07-30T05:36:57Z,8004,12,0,0,0,0.410256,0,978,250930,0.00748859,978,1454.66,990
2026-07-30T05:36:58Z,8001,12,0,0,0,0.435897,0,5105,1305001,3298.99,5105,10824.2,5185
2026-07-30T05:36:58Z,8002,10,0,0,0,0.333333,0,4326,1110538,1701.81,4326,7677.19,4388
2026-07-30T05:36:58Z,8003,12,0,0,0,0.384615,0,1000,256580,0.00746318,1000,1434.26,1014
2026-07-30T05:36:58Z,8004,11,0,0,0,0.410256,0,979,251756,0.00749293,979,1462.03,992
2026-07-30T05:37:00Z,8001,11,0,0,0,0.384615,0,5108,1305652,3298.99,5108,10831.6,5188
2026-07-30T05:37:00Z,8002,11,0,0,0,0.384615,0,4326,1110546,1701.81,4326,7677.19,4388
2026-07-30T05:37:00Z,8003,12,0,0,0,0.410256,0,1000,256590,0.00746318,1000,1434.26,1014
2026-07-30T05:37:00Z,8004,10,0,0,0,0.307692,0,985,253150,0.00755626,985,1462.93,997
2026-07-30T05:37:04Z,8001,12,0,0,0,0.435897,0,5110,1306058,3298.99,5110,10835.9,5190
2026-07-30T05:37:04Z,8002,12,0,0,0,0.461538,0,4326,1110586,1701.81,4326,7694.99,4391
2026-07-30T05:37:04Z,8003,12,0,0,0,0.410256,0,1005,257754,0.00750346,1005,1448.35,1017
2026-07-30T05:37:04Z,8004,11,0,0,0,0.384615,0,987,253627,0.0075657,987,1469.53,1000
2026-07-30T05:37:05Z,8001,12,0,0,0,0.461538,0,5111,1307723,3298.99,5111,10839.6,5192
2026-07-30T05:37:05Z,8002,8,0,0,0,0.333333,0,4330,1111189,1701.81,4330,7703.6,4392
2026-07-30T05:37:05Z,8003,12,0,0,0,0.435897,0,1005,257765,0.00750346,1005,1458.78,1020
2026-07-30T05:37:05Z,8004,8,0,0,0,0.25641,0,990,253915,0.00759528,990,1469.53,1000
2026-07-30T05:37:07Z,8001,12,0,0,0,0.358974,0,5119,1308958,3298.99,5119,10842.6,5200
2026-07-30T05:37:07Z,8002,10,0,0,0,0.384615,0,4330,1111716,1701.81,4330,7704.08,4394
2026-07-30T05:37:07Z,8003,11,0,0,0,0.410256,0,1009,259274,0.0075218,1009,1463.07,1024
2026-07-30T05:37:07Z,8004,11,0,0,0,0.358974,0,991,255143,0.00759946,991,1478.14,1004
2026-07-30T05:37:08Z,8001,11,0,0,0,0.282051,0,5123,1310644,3298.99,5123,10843.7,5203
2026-07-30T05:37:08Z,8002,12,0,0,0,0.461538,0,4330,1111737,1701.81,4330,7706.53,4395
2026-07-30T05:37:08Z,8003,8,0,0,0,0.25641,0,1012,259527,0.00754447,1012,1463.07,1024
2026-07-30T05:37:08Z,8004,11,0,0,0,0.358974,0,991,255330,0.00759946,991,1478.14,1004
2026-07-30T05:37:10Z,8001,5,0,0,0,0.128205,0,5129,1310984,3298.99,5129,10843.7,5203
2026-07-30T05:37:10Z,8002,12,0,0,0,0.487179,0,4331,1112557,1701.81,4331,7710.85,4397
2026-07-30T05:37:10Z,8003,12,0,0,0,0.384615,0,1012,259545,0.00754447,1012,1467.51,1026
2026-07-30T05:37:10Z,8004,11,0,0,0,0.384615,0,995,255934,0.00763528,995,1481.4,1008
2026-07-30T05:37:11Z,8001,12,0,0,0,0.333333,0,5129,1310995,3298.99,5129,10846.2,5204
2026-07-30T05:37:11Z,8002,8,0,0,0,0.307692,0,4336,1113405,1701.81,4336,7711.01,4398
2026-07-30T05:37:11Z,8003,7,0,0,0,0.230769,0,1017,260785,0.00760033,1017,1474.57,1028
2026-07-30T05:37:11Z,8004,11,0,0,0,0.358974,0,998,256267,0.0076506,998,1484.24,1011
2026-07-30T05:37:13Z,8001,12,0,0,0,0.358974,0,5131,1311818,3298.99,5131,10867.5,5212
2026-07-30T05:37:13Z,8002,11,0,0,0,0.384615,0,4337,1113421,1701.81,4337,7713.46,4399
2026-07-30T05:37:13Z,8003,6,0,0,0,0.205128,0,1019,261311,0.00761128,1019,1474.73,1029
2026-07-30T05:37:13Z,8004,7,0,0,0,0.230769,0,1002,256886,0.00768212,1002,1484.24,1011
2026-07-30T05:37:15Z,8001,11,0,0,0,0.333333,0,5134,1312763,3298.99,5134,10867.8,5214
2026-07-30T05:37:15Z,8002,10,0,0,0,0.358974,0,4338,1113431,1701.81,4338,7720.17,4401
2026-07-30T05:37:15Z,8003,9,0,0,0,0.307692,0,1019,261324,0.00761128,1019,1477.19,1030
2026-07-30T05:37:15Z,8004,12,0,0,0,0.384615,0,1002,256902,0.00768212,1002,1488.73,1013
2026-07-30T05:37:16Z,8001,12,0,0,0,0.384615,0,5134,1313338,3298.99,5134,10870.1,5215
2026-07-30T05:37:16Z,8002,12,0,0,0,0.435897,0,4338,1113464,1701.81,4338,7730.9,4404
2026-07-30T05:37:16Z,8003,12,0,0,0,0.410256,0,1019,261331,0.00761128,1019,1477.19,1030
2026-07-30T05:37:16Z,8004,12,0,0,0,0.410256,0,1002,257597,0.00768212,1002,1499.49,1016
2026-07-30T05:37:18Z,8001,6,0,0,0,0.179487,0,5143,1314466,3298.99,5143,10870.8,5218
2026-07-30T05:37:18Z,8002,10,0,0,0,0.333333,0,4343,1115041,1701.81,4343,7731.57,4407
2026-07-30T05:37:18Z,8003,12,0,0,0,0.435897,0,1019,261352,0.00761128,1019,1500.11,1034
2026-07-30T05:37:18Z,8004,11,0,0,0,0.333333,0,1009,259040,0.00772224,1009,1500.68,1022
2026-07-30T05:37:21Z,8001,11,0,0,0,0.358974,0,5143,1314486,3298.99,5143,10873.2,5219
2026-07-30T05:37:21Z,8002,10,0,0,0,0.282051,0,4350,1116830,1701.81,4350,7738.09,4414
2026-07-30T05:37:21Z,8003,10,0,0,0,0.358974,0,1024,262730,0.00764308,1024,1508.45,1038
2026-07-30T05:37:21Z,8004,10,0,0,0,0.282051,0,1014,260466,0.00776108,1014,1503.97,1026
2026-07-30T05:37:23Z,8001,12,0,0,0,0.410256,0,5143,1314505,3298.99,5143,10889.9,5222
2026-07-30T05:37:23Z,8002,9,0,0,0,0.25641,0,4351,1116880,1701.81,4351,7738.09,4414
2026-07-30T05:37:23Z,8003,12,0,0,0,0.435897,0,1024,262751,0.00764308,1024,1510.94,1039
2026-07-30T05:37:23Z,8004,12,0,0,0,0.358974,0,1014,260487,0.00776108,1014,1506.47,1027
2026-07-30T05:37:24Z,8001,12,0,0,0,0.435897,0,5143,1314526,3298.99,5143,10897.5,5223
2026-07-30T05:37:24Z,8002,11,0,0,0,0.333333,0,4352,1116898,1701.81,4352,7740.62,4415
2026-07-30T05:37:24Z,8003,12,0,0,0,0.461538,0,1024,263158,0.00764308,1024,1515.13,1040
2026-07-30T05:37:24Z,8004,12,0,0,0,0.384615,0,1014,260786,0.00776108,1014,1510.65,1028
2026-07-30T05:37:26Z,8001,12,0,0,0,0.461538,0,5143,1314609,3298.99,5143,10906.3,5224
2026-07-30T05:37:26Z,8002,12,0,0,0,0.384615,0,4352,1116907,1701.81,4352,7740.62,4415
2026-07-30T05:37:26Z,8003,10,0,0,0,0.307692,0,1032,264568,0.00769448,1032,1517.31,1046
2026-07-30T05:37:26Z,8004,6,0,0,0,0.230769,0,1020,261721,0.0077977,1020,1510.65,1028
2026-07-30T05:37:27Z,8001,12,0,0,0,0.435897,0,5146,1316279,3298.99,5146,10906.8,5227
2026-07-30T05:37:27Z,8002,12,0,0,0,0.410256,0,4353,1118248,1701.81,4353,7755.07,4419
2026-07-30T05:37:27Z,8003,10,0,0,0,0.307692,0,1032,264618,0.00769448,1032,1517.31,1046
2026-07-30T05:37:27Z,8004,11,0,0,0,0.358974,0,1021,262277,0.00780221,1021,1524.53,1034
2026-07-30T05:37:29Z,8001,11,0,0,0,0.410256,0,5149,1317402,3298.99,5149,10907.3,5229
2026-07-30T05:37:29Z,8002,12,0,0,0,0.384615,0,4360,1119672,1701.81,4360,7756.78,4426
2026-07-30T05:37:29Z,8003,9,0,0,0,0.25641,0,1036,265760,0.0077179,1036,1521.84,1049
2026-07-30T05:37:29Z,8004,6,0,0,0,0.179487,0,1026,263020,0.00783011,1026,1524.53,1034
2026-07-30T05:37:31Z,8001,7,0,0,0,0.205128,0,5155,1317516,3298.99,5155,10909.8,5230
2026-07-30T05:37:31Z,8002,9,0,0,0,0.230769,0,4365,1120527,1701.81,4365,7757.17,4428
2026-07-30T05:37:31Z,8003,12,0,0,0,0.358974,0,1036,265780,0.0077179,1036,1526.26,1051
2026-07-30T05:37:31Z,8004,11,0,0,0,0.333333,0,1026,263034,0.00783011,1026,1529.25,1036
2026-07-30T05:37:32Z,8001,8,0,0,0,0.230769,0,5157,1317976,3298.99,5157,10911.2,5234
2026-07-30T05:37:32Z,8002,12,0,0,0,0.333333,0,4365,1120546,1701.81,4365,7759.6,4429
2026-07-30T05:37:32Z,8003,12,0,0,0,0.384615,0,1036,265791,0.0077179,1036,1526.26,1051
2026-07-30T05:37:32Z,8004,12,0,0,0,0.384615,0,1026,263043,0.00783011,1026,1532.62,1037
2026-07-30T05:37:34Z,8001,12,0,0,0,0.358974,0,5157,1317993,3298.99,5157,10913.7,5235
2026-07-30T05:37:34Z,8002,12,0,0,0,0.358974,0,4365,1120556,1701.81,4365,7759.6,4429
2026-07-30T05:37:34Z,8003,11,0,0,0,0.358974,0,1037,266993,0.0077216,1037,1529.87,1052
2026-07-30T05:37:34Z,8004,12,0,0,0,0.410256,0,1026,263064,0.00783011,1026,1543.71,1039
2026-07-30T05:37:35Z,8001,12,0,0,0,0.384615,0,5157,1318003,3298.99,5157,10917.2,5236
2026-07-30T05:37:35Z,8002,12,0,0,0,0.384615,0,4365,1120723,1701.81,4365,7770.36,4431
2026-07-30T05:37:35Z,8003,8,0,0,0,0.307692,0,1042,267222,0.00777048,1042,1532.17,1053
2026-07-30T05:37:35Z,8004,12,0,0,0,0.435897,0,1026,263315,0.00783011,1026,1550.63,1040
2026-07-30T05:37:39Z,8001,7,0,0,0,0.25641,0,5165,1320727,3298.99,5165,10929,5241
2026-07-30T05:37:39Z,8002,9,0,0,0,0.307692,0,4374,1122953,1701.81,4374,7771.7,4437
2026-07-30T05:37:39Z,8003,11,0,0,0,0.384615,0,1044,267630,0.00778273,1044,1535.14,1056
2026-07-30T05:37:39Z,8004,12,0,0,0,0.435897,0,1032,265046,0.00790145,1032,1554.04,1045
2026-07-30T05:37:40Z,8001,3,0,0,0,0.0769231,0,5169,1320843,3298.99,5169,10929,5241
2026-07-30T05:37:40Z,8002,12,0,0,0,0.410256,0,4374,1122973,1701.81,4374,7776.21,4439
2026-07-30T05:37:40Z,8003,12,0,0,0,0.435897,0,1044,267639,0.00778273,1044,1538.63,1057
2026-07-30T05:37:40Z,8004,12,0,0,0,0.461538,0,1032,265261,0.00790145,1032,1558.16,1046
2026-07-30T05:37:42Z,8001,11,0,0,0,0.307692,0,5170,1320852,3298.99,5170,10938.7,5245
2026-07-30T05:37:42Z,8002,12,0,0,0,0.358974,0,4377,1124120,1701.81,4377,7780.25,4443
2026-07-30T05:37:42Z,8003,12,0,0,0,0.461538,0,1044,267660,0.00778273,1044,1550.1,1059
2026-07-30T05:37:42Z,8004,12,0,0,0,0.358974,0,1038,266819,0.00794466,1038,1560.43,1052
2026-07-30T05:37:43Z,8001,12,0,0,0,0.358974,0,5170,1321822,3298.99,5170,10960.3,5251
2026-07-30T05:37:43Z,8002,10,0,0,0,0.307692,0,4380,1124968,1701.81,4380,7780.39,4444
2026-07-30T05:37:43Z,8003,10,0,0,0,0.384615,0,1048,268520,0.00780463,1048,1557.32,1061
2026-07-30T05:37:43Z,8004,9,0,0,0,0.230769,0,1044,268093,0.0079826,1044,1561.14,1055
2026-07-30T05:37:45Z,8001,11,0,0,0,0.333333,0,5172,1322896,3298.99,5172,10960.5,5252
2026-07-30T05:37:45Z,8002,10,0,0,0,0.333333,0,4383,1125561,1701.81,4383,7785.19,4447
2026-07-30T05:37:45Z,8003,11,0,0,0,0.410256,0,1048,269113,0.00780463,1048,1557.75,1063
2026-07-30T05:37:45Z,8004,12,0,0,0,0.333333,0,1044,268113,0.0079826,1044,1565.49,1057
2026-07-30T05:37:46Z,8001,12,0,0,0,0.384615,0,5172,1323555,3298.99,5172,10962.8,5253
2026-07-30T05:37:46Z,8002,7,0,0,0,0.205128,0,4386,1125916,1701.81,4386,7785.19,4447
2026-07-30T05:37:46Z,8003,9,0,0,0,0.358974,0,1051,270159,0.00781914,1051,1560.14,1064
2026-07-30T05:37:46Z,8004,12,0,0,0,0.358974,0,1044,268208,0.0079826,1044,1569.04,1058
2026-07-30T05:37:48Z,8001,11,0,0,0,0.307692,0,5182,1324164,3298.99,5182,10968.3,5262
2026-07-30T05:37:48Z,8002,12,0,0,0,0.358974,0,4386,1125932,1701.81,4386,7789.57,4449
2026-07-30T05:37:48Z,8003,8,0,0,0,0.307692,0,1052,270438,0.00782337,1052,1560.14,1064
2026-07-30T05:37:48Z,8004,10,0,0,0,0.307692,0,1050,269647,0.00802732,1050,1569.63,1062
2026-07-30T05:37:50Z,8001,12,0,0,0,0.358974,0,5182,1324523,3298.99,5182,10971,5263
2026-07-30T05:37:50Z,8002,12,0,0,0,0.384615,0,4386,1125942,1701.81,4386,7793.05,4450
2026-07-30T05:37:50Z,8003,10,0,0,0,0.358974,0,1054,270454,0.00784163,1054,1562.6,1065
2026-07-30T05:37:50Z,8004,12,0,0,0,0.384615,0,1050,269668,0.00802732,1050,1572.06,1063
2026-07-30T05:37:51Z,8001,12,0,0,0,0.333333,0,5184,1326250,3298.99,5184,10971.2,5265
2026-07-30T05:37:51Z,8002,12,0,0,0,0.410256,0,4389,1126554,1701.81,4389,7804.84,4455
2026-07-30T05:37:51Z,8003,10,0,0,0,0.358974,0,1055,270462,0.00784973,1055,1566.46,1066
2026-07-30T05:37:51Z,8004,12,0,0,0,0.410256,0,1050,269679,0.00802732,1050,1572.06,1063
2026-07-30T05:37:53Z,8001,10,0,0,0,0.25641,0,5194,1327188,3298.99,5194,10975.9,5273
2026-07-30T05:37:53Z,8002,10,0,0,0,0.333333,0,4393,1128349,1701.81,4393,7805.15,4457
2026-07-30T05:37:53Z,8003,12,0,0,0,0.410256,0,1057,270983,0.00785976,1057,1586.81,1073
2026-07-30T05:37:53Z,8004,12,0,0,0,0.358974,0,1056,271279,0.00806227,1056,1577.53,1070
2026-07-30T05:37:56Z,8001,12,0,0,0,0.333333,0,5196,1329864,3298.99,5196,10980.6,5277
2026-07-30T05:37:56Z,8002,12,0,0,0,0.435897,0,4393,1128681,1701.81,4393,7811.42,4459
2026-07-30T05:37:56Z,8003,10,0,0,0,0.333333,0,1062,273412,0.00789264,1062,1591.21,1076
2026-07-30T05:37:56Z,8004,8,0,0,0,0.205128,0,1068,273989,0.00817133,1068,1579.51,1078
2026-07-30T05:37:58Z,8001,4,0,0,0,0.102564,0,5206,1330346,3298.99,5206,10981.1,5279
2026-07-30T05:37:58Z,8002,10,0,0,0,0.307692,0,4401,1129894,1701.81,4401,7813.37,4465
2026-07-30T05:37:58Z,8003,9,0,0,0,0.25641,0,1069,273787,0.00793614,1069,1594.08,1082
2026-07-30T05:37:58Z,8004,12,0,0,0,0.333333,0,1068,274006,0.00817133,1068,1581.91,1079
2026-07-30T05:38:00Z,8001,9,0,0,0,0.25641,0,5206,1330356,3298.99,5206,10986.3,5281
2026-07-30T05:38:00Z,8002,11,0,0,0,0.358974,0,4401,1129904,1701.81,4401,7813.37,4465
2026-07-30T05:38:00Z,8003,11,0,0,0,0.333333,0,1070,274428,0.00794051,1070,1600.89,1085
2026-07-30T05:38:00Z,8004,12,0,0,0,0.358974,0,1068,274016,0.00817133,1068,1585.17,1080
2026-07-30T05:38:01Z,8001,9,0,0,0,0.282051,0,5206,1330362,3298.99,5206,10986.3,5281
2026-07-30T05:38:01Z,8002,12,0,0,0,0.384615,0,4401,1129915,1701.81,4401,7815.81,4466
2026-07-30T05:38:01Z,8003,9,0,0,0,0.25641,0,1072,275044,0.00795235,1072,1600.89,1085
2026-07-30T05:38:01Z,8004,12,0,0,0,0.384615,0,1068,274891,0.00817133,1068,1595.25,1082
2026-07-30T05:38:03Z,8001,12,0,0,0,0.384615,0,5206,1330378,3298.99,5206,11003.9,5284
2026-07-30T05:38:03Z,8002,10,0,0,0,0.307692,0,4405,1131490,1701.81,4405,7820.38,4469
2026-07-30T05:38:03Z,8003,12,0,0,0,0.358974,0,1072,276193,0.00795235,1072,1607.1,1088
2026-07-30T05:38:03Z,8004,10,0,0,0,0.333333,0,1072,275570,0.00819505,1072,1595.85,1084
2026-07-30T05:38:04Z,8001,12,0,0,0,0.410256,0,5206,1330397,3298.99,5206,11011.6,5285
2026-07-30T05:38:04Z,8002,9,0,0,0,0.282051,0,4411,1132320,1701.81,4411,7821.63,4474
2026-07-30T05:38:04Z,8003,8,0,0,0,0.230769,0,1081,276881,0.00802783,1081,1608.8,1093
2026-07-30T05:38:04Z,8004,12,0,0,0,0.410256,0,1072,275591,0.00819505,1072,1598.34,1085
2026-07-30T05:38:06Z,8001,12,0,0,0,0.435897,0,5206,1330407,3298.99,5206,11011.6,5285
2026-07-30T05:38:06Z,8002,12,0,0,0,0.384615,0,4411,1132339,1701.81,4411,7824.07,4475
2026-07-30T05:38:06Z,8003,12,0,0,0,0.358974,0,1081,276899,0.00802783,1081,1613.22,1095
2026-07-30T05:38:06Z,8004,12,0,0,0,0.435897,0,1074,276054,0.00820737,1074,1603.17,1088
2026-07-30T05:38:07Z,8001,12,0,0,0,0.435897,0,5206,1330418,3298.99,5206,11021.1,5286
2026-07-30T05:38:07Z,8002,12,0,0,0,0.410256,0,4411,1132566,1701.81,4411,7831.72,4477
2026-07-30T05:38:07Z,8003,12,0,0,0,0.384615,0,1081,276909,0.00802783,1081,1613.22,1095
2026-07-30T05:38:07Z,8004,7,0,0,0,0.230769,0,1080,276917,0.0082475,1080,1603.32,1089
2026-07-30T05:38:09Z,8001,12,0,0,0,0.461538,0,5208,1331909,3298.99,5208,11032.2,5289
2026-07-30T05:38:09Z,8002,12,0,0,0,0.358974,0,4415,1134304,1701.81,4415,7832.71,4481
2026-07-30T05:38:09Z,8003,12,0,0,0,0.410256,0,1081,277232,0.00802783,1081,1623.67,1097
2026-07-30T05:38:09Z,8004,11,0,0,0,0.358974,0,1080,276932,0.0082475,1080,1605.7,1090
2026-07-30T05:38:11Z,8001,7,0,0,0,0.179487,0,5218,1333458,3298.99,5218,11032.7,5291
2026-07-30T05:38:11Z,8002,8,0,0,0,0.205128,0,4423,1135526,1701.81,4423,7833.4,4485
2026-07-30T05:38:11Z,8003,11,0,0,0,0.358974,0,1084,278635,0.00805401,1084,1624.2,1099
2026-07-30T05:38:11Z,8004,12,0,0,0,0.410256,0,1080,276941,0.0082475,1080,1609.07,1091
2026-07-30T05:38:14Z,8001,11,0,0,0,0.307692,0,5219,1333927,3298.99,5219,11036.3,5296
2026-07-30T05:38:14Z,8002,12,0,0,0,0.358974,0,4426,1136022,1701.81,4426,7844.15,4492
2026-07-30T05:38:14Z,8003,6,0,0,0,0.179487,0,1093,279779,0.0081192,1093,1627.21,1103
2026-07-30T05:38:14Z,8004,10,0,0,0,0.410256,0,1082,277982,0.00825965,1082,1626.26,1094
2026-07-30T05:38:16Z,8001,12,0,0,0,0.358974,0,5219,1333936,3298.99,5219,11040.4,5297
2026-07-30T05:38:16Z,8002,9,0,0,0,0.282051,0,4429,1137363,1701.81,4429,7844.15,4492
2026-07-30T05:38:16Z,8003,12,0,0,0,0.358974,0,1093,279792,0.0081192,1093,1629.69,1104
2026-07-30T05:38:16Z,8004,6,0,0,0,0.25641,0,1086,278616,0.00828567,1086,1626.26,1094
2026-07-30T05:38:17Z,8001,12,0,0,0,0.384615,0,5219,1333957,3298.99,5219,11052,5299
2026-07-30T05:38:17Z,8002,12,0,0,0,0.384615,0,4429,1137383,1701.81,4429,7848.55,4494
2026-07-30T05:38:17Z,8003,12,0,0,0,0.384615,0,1093,279802,0.0081192,1093,1639.89,1107
2026-07-30T05:38:17Z,8004,12,0,0,0,0.435897,0,1086,278632,0.00828567,1086,1634.48,1098
2026-07-30T05:38:19Z,8001,11,0,0,0,0.384615,0,5220,1334794,3298.99,5220,11059.3,5300
2026-07-30T05:38:19Z,8002,12,0,0,0,0.410256,0,4429,1137430,1701.81,4429,7852.18,4495
2026-07-30T05:38:19Z,8003,12,0,0,0,0.410256,0,1093,280593,0.0081192,1093,1650.91,1109
2026-07-30T05:38:19Z,8004,12,0,0,0,0.461538,0,1086,278642,0.00828567,1086,1634.48,1098
2026-07-30T05:38:21Z,8001,12,0,0,0,0.435897,0,5220,1334865,3298.99,5220,11061.7,5301
2026-07-30T05:38:21Z,8002,11,0,0,0,0.384615,0,4431,1138314,1701.81,4431,7852.32,4496
2026-07-30T05:38:21Z,8003,10,0,0,0,0.333333,0,1096,281611,0.00813884,1096,1651.01,1110
2026-07-30T05:38:21Z,8004,12,0,0,0,0.487179,0,1087,279162,0.00829033,1087,1645.56,1101
2026-07-30T05:38:22Z,8001,11,0,0,0,0.410256,0,5222,1335757,3298.99,5222,11061.8,5302
2026-07-30T05:38:22Z,8002,8,0,0,0,0.282051,0,4438,1138926,1701.81,4438,7855.32,4500
2026-07-30T05:38:22Z,8003,11,0,0,0,0.384615,0,1099,282188,0.00815703,1099,1655.48,1114
2026-07-30T05:38:22Z,8004,12,0,0,0,0.384615,0,1092,280764,0.00832514,1092,1646.76,1106
2026-07-30T05:38:24Z,8001,10,0,0,0,0.410256,0,5226,1336318,3298.99,5226,11064.7,5305
2026-07-30T05:38:24Z,8002,8,0,0,0,0.282051,0,4438,1139046,1701.81,4438,7855.32,4500
2026-07-30T05:38:24Z,8003,10,0,0,0,0.333333,0,1100,282716,0.00816122,1100,1655.48,1114
2026-07-30T05:38:24Z,8004,9,0,0,0,0.230769,0,1099,282182,0.00838307,1099,1647.84,1110
2026-07-30T05:38:25Z,8001,10,0,0,0,0.410256,0,5226,1336628,3298.99,5226,11064.7,5305
2026-07-30T05:38:25Z,8002,12,0,0,0,0.410256,0,4438,1139064,1701.81,4438,7860.07,4502
2026-07-30T05:38:25Z,8003,9,0,0,0,0.282051,0,1105,283030,0.00821889,1105,1660.63,1118
2026-07-30T05:38:25Z,8004,12,0,0,0,0.333333,0,1099,282201,0.00838307,1099,1650.26,1111
2026-07-30T05:38:27Z,8001,12,0,0,0,0.487179,0,5226,1336649,3298.99,5226,11067.2,5306
2026-07-30T05:38:27Z,8002,12,0,0,0,0.384615,0,4441,1140205,1701.81,4441,7868.43,4507
2026-07-30T05:38:27Z,8003,12,0,0,0,0.384615,0,1105,283049,0.00821889,1105,1663.09,1119
2026-07-30T05:38:27Z,8004,12,0,0,0,0.358974,0,1099,282211,0.00838307,1099,1650.26,1111
2026-07-30T05:38:28Z,8001,8,0,0,0,0.307692,0,5231,1337328,3298.99,5231,11071.4,5308
2026-07-30T05:38:28Z,8002,11,0,0,0,0.333333,0,4446,1141785,1701.81,4446,7869.21,4511
2026-07-30T05:38:28Z,8003,12,0,0,0,0.410256,0,1105,283312,0.00821889,1105,1670.62,1121
2026-07-30T05:38:28Z,8004,12,0,0,0,0.358974,0,1099,282211,0.00838307,1099,1650.26,1111
2026-07-30T05:38:31Z,8001,12,0,0,0,0.435897,0,5231,1337345,3298.99,5231,11073.9,5309
2026-07-30T05:38:31Z,8002,11,0,0,0,0.307692,0,4450,1142652,1701.81,4450,7872.57,4515
2026-07-30T05:38:31Z,8003,8,0,0,0,0.230769,0,1116,285994,0.00827594,1116,1672.24,1128
2026-07-30T05:38:31Z,8004,9,0,0,0,0.333333,0,1104,283230,0.00841086,1104,1661.24,1114
2026-07-30T05:38:33Z,8001,11,0,0,0,0.410256,0,5232,1337355,3298.99,5232,11077.8,5310
2026-07-30T05:38:33Z,8002,12,0,0,0,0.358974,0,4450,1142663,1701.81,4450,7872.57,4515
2026-07-30T05:38:33Z,8003,7,0,0,0,0.179487,0,1117,286205,0.00828535,1117,1672.24,1128
2026-07-30T05:38:33Z,8004,12,0,0,0,0.435897,0,1104,283248,0.00841086,1104,1663.59,1115
2026-07-30T05:38:35Z,8001,16,0,0,0,0.564103,0,5232,1337376,3298.99,5232,11089.4,5312
2026-07-30T05:38:35Z,8002,16,0,0,0,0.487179,0,4450,1142690,1701.81,4450,7883.11,4519
2026-07-30T05:38:35Z,8003,15,0,0,0,0.410256,0,1117,286220,0.00828535,1117,1674.79,1129
2026-07-30T05:38:35Z,8004,12,0,0,0,0.435897,0,1104,283248,0.00841086,1104,1663.59,1115
2026-07-30T05:38:36Z,8001,15,0,0,0,0.538462,0,5234,1338726,3298.99,5234,11106.4,5318
2026-07-30T05:38:36Z,8002,14,0,0,0,0.435897,0,4454,1143948,1701.81,4454,7886.3,4522
2026-07-30T05:38:36Z,8003,16,0,0,0,0.461538,0,1117,286233,0.00828535,1117,1691.5,1134
2026-07-30T05:38:36Z,8004,16,0,0,0,0.564103,0,1104,283272,0.00841086,1104,1684.41,1120
2026-07-30T05:38:38Z,8001,14,0,0,0,0.461538,0,5239,1340893,3298.99,5239,11107,5322
2026-07-30T05:38:38Z,8002,15,0,0,0,0.487179,0,4455,1144627,1701.81,4455,7890.73,4524
2026-07-30T05:38:38Z,8003,16,0,0,0,0.487179,0,1117,286262,0.00828535,1117,1702.89,1136
2026-07-30T05:38:38Z,8004,16,0,0,0,0.589744,0,1104,283301,0.00841086,1104,1691.86,1121
2026-07-30T05:38:39Z,8001,15,0,0,0,0.512821,0,5239,1340907,3298.99,5239,11107,5322
2026-07-30T05:38:39Z,8002,14,0,0,0,0.435897,0,4458,1145584,1701.81,4458,7891.04,4526
2026-07-30T05:38:39Z,8003,13,0,0,0,0.435897,0,1120,287850,0.00829934,1120,1709.59,1137
2026-07-30T05:38:39Z,8004,14,0,0,0,0.564103,0,1108,284989,0.00843661,1108,1698.89,1124
2026-07-30T05:38:41Z,8001,8,0,0,0,0.230769,0,5249,1341878,3298.99,5249,11112,5326
2026-07-30T05:38:41Z,8002,12,0,0,0,0.358974,0,4466,1146699,1701.82,4466,7895.57,4531
2026-07-30T05:38:41Z,8003,15,0,0,0,0.512821,0,1120,287902,0.00829934,1120,1709.59,1137
2026-07-30T05:38:41Z,8004,11,0,0,0,0.410256,0,1111,285568,0.00845543,1111,1698.89,1124
2026-07-30T05:38:43Z,8001,14,0,0,0,0.410256,0,5249,1341896,3298.99,5249,11117.2,5328
2026-07-30T05:38:43Z,8002,11,0,0,0,0.333333,0,4468,1147279,1701.82,4468,7896.09,4533
2026-07-30T05:38:43Z,8003,16,0,0,0,0.538462,0,1120,287917,0.00829934,1120,1713.87,1139
2026-07-30T05:38:43Z,8004,16,0,0,0,0.564103,0,1111,285591,0.00845543,1111,1701.42,1125
2026-07-30T05:38:44Z,8001,15,0,0,0,0.461538,0,5249,1341908,3298.99,5249,11125.5,5330
2026-07-30T05:38:44Z,8002,16,0,0,0,0.487179,0,4468,1147302,1701.82,4468,7898.56,4534
2026-07-30T05:38:44Z,8003,13,0,0,0,0.487179,0,1124,289279,0.00832031,1124,1717.6,1141
2026-07-30T05:38:44Z,8004,16,0,0,0,0.589744,0,1111,285605,0.00845543,1111,1708.24,1127
2026-07-30T05:38:46Z,8001,16,0,0,0,0.512821,0,5249,1341935,3298.99,5249,11137.3,5332
2026-07-30T05:38:46Z,8002,16,0,0,0,0.512821,0,4468,1147315,1701.82,4468,7902.1,4535
2026-07-30T05:38:46Z,8003,16,0,0,0,0.589744,0,1124,289306,0.00832031,1124,1720.02,1142
2026-07-30T05:38:46Z,8004,14,0,0,0,0.512821,0,1114,287130,0.00848532,1114,1719.43,1130
2026-07-30T05:38:50Z,8001,16,0,0,0,0.564103,0,5250,1342600,3298.99,5250,11154.2,5335
2026-07-30T05:38:50Z,8002,13,0,0,0,0.461538,0,4472,1148661,1701.82,4472,7920.98,4539
2026-07-30T05:38:50Z,8003,11,0,0,0,0.384615,0,1133,290642,0.00842882,1133,1728.12,1148
2026-07-30T05:38:50Z,8004,15,0,0,0,0.487179,0,1120,287757,0.00853408,1120,1728.81,1135
2026-07-30T05:38:51Z,8001,16,0,0,0,0.538462,0,5255,1344842,3298.99,5255,11155,5340
2026-07-30T05:38:51Z,8002,16,0,0,0,0.564103,0,4472,1148689,1701.82,4472,7925.5,4541
2026-07-30T05:38:51Z,8003,16,0,0,0,0.538462,0,1133,290665,0.00842882,1133,1730.67,1149
2026-07-30T05:38:51Z,8004,16,0,0,0,0.538462,0,1120,287770,0.00853408,1120,1728.81,1135
2026-07-30T05:38:53Z,8001,7,0,0,0,0.179487,0,5265,1345951,3298.99,5265,11155.1,5341
2026-07-30T05:38:53Z,8002,16,0,0,0,0.589744,0,4472,1148880,1701.82,4472,7929.13,4542
2026-07-30T05:38:53Z,8003,16,0,0,0,0.564103,0,1133,290679,0.00842882,1133,1738.47,1151
2026-07-30T05:38:53Z,8004,16,0,0,0,0.564103,0,1120,287799,0.00853408,1120,1740.06,1137
2026-07-30T05:38:55Z,8001,13,0,0,0,0.358974,0,5265,1345966,3298.99,5265,11157.7,5342
2026-07-30T05:38:55Z,8002,12,0,0,0,0.461538,0,4477,1150184,1701.82,4477,7929.23,4543
2026-07-30T05:38:55Z,8003,15,0,0,0,0.512821,0,1136,291875,0.00844714,1136,1750.89,1155
2026-07-30T05:38:55Z,8004,10,0,0,0,0.358974,0,1127,289314,0.00858792,1127,1747.65,1139
2026-07-30T05:38:56Z,8001,15,0,0,0,0.435897,0,5265,1345977,3298.99,5265,11168.3,5345
2026-07-30T05:38:56Z,8002,16,0,0,0,0.589744,0,4477,1150210,1701.82,4477,7934.04,4545
2026-07-30T05:38:56Z,8003,14,0,0,0,0.487179,0,1137,292569,0.00845111,1137,1750.89,1155
2026-07-30T05:38:56Z,8004,10,0,0,0,0.358974,0,1127,289314,0.00858792,1127,1747.65,1139
2026-07-30T05:38:58Z,8001,16,0,0,0,0.487179,0,5265,1346004,3298.99,5265,11184.2,5348
2026-07-30T05:38:58Z,8002,16,0,0,0,0.615385,0,4477,1150224,1701.82,4477,7934.04,4545
2026-07-30T05:38:58Z,8003,15,0,0,0,0.487179,0,1140,293791,0.00847199,1140,1755.88,1159
2026-07-30T05:38:58Z,8004,16,0,0,0,0.538462,0,1127,289338,0.00858792,1127,1756.7,1143
2026-07-30T05:38:59Z,8001,16,0,0,0,0.512821,0,5265,1346033,3298.99,5265,11191.4,5349
2026-07-30T05:38:59Z,8002,15,0,0,0,0.615385,0,4479,1150673,1701.82,4479,7945.57,4548
2026-07-30T05:38:59Z,8003,12,0,0,0,0.435897,0,1144,293851,0.00849575,1144,1758.21,1160
2026-07-30T05:38:59Z,8004,16,0,0,0,0.564103,0,1129,291375,0.00859592,1129,1764.41,1147
2026-07-30T05:39:01Z,8001,15,0,0,0,0.512821,0,5266,1346297,3298.99,5266,11200.3,5350
2026-07-30T05:39:01Z,8002,10,0,0,0,0.384615,0,4484,1151134,1701.82,4484,7945.57,4548
2026-07-30T05:39:01Z,8003,9,0,0,0,0.282051,0,1149,294629,0.00853705,1149,1758.59,1162
2026-07-30T05:39:01Z,8004,14,0,0,0,0.410256,0,1137,292459,0.00865289,1137,1766.35,1153
2026-07-30T05:39:03Z,8001,14,0,0,0,0.487179,0,5269,1347666,3298.99,5269,11200.6,5352
2026-07-30T05:39:03Z,8002,16,0,0,0,0.564103,0,4484,1151156,1701.82,4484,7950.19,4550
2026-07-30T05:39:03Z,8003,16,0,0,0,0.487179,0,1149,294650,0.00853705,1149,1765.01,1165
2026-07-30T05:39:03Z,8004,10,0,0,0,0.282051,0,1143,293348,0.00871087,1143,1770.77,1155
2026-07-30T05:39:04Z,8001,14,0,0,0,0.512821,0,5271,1348410,3298.99,5271,11205,5354
2026-07-30T05:39:04Z,8002,16,0,0,0,0.589744,0,4484,1151170,1701.82,4484,7957.37,4552
2026-07-30T05:39:04Z,8003,16,0,0,0,0.512821,0,1149,294664,0.00853705,1149,1772.04,1167
2026-07-30T05:39:04Z,8004,16,0,0,0,0.435897,0,1145,295601,0.00871995,1145,1772.43,1163
2026-07-30T05:39:08Z,8001,16,0,0,0,0.589744,0,5272,1349319,3298.99,5272,11207.5,5356
2026-07-30T05:39:08Z,8002,10,0,0,0,0.333333,0,4494,1154229,1701.82,4494,7968.97,4558
2026-07-30T05:39:08Z,8003,13,0,0,0,0.435897,0,1155,297267,0.00857615,1155,1783.85,1172
2026-07-30T05:39:08Z,8004,16,0,0,0,0.435897,0,1153,296548,0.00878154,1153,1775.69,1168
2026-07-30T05:39:10Z,8001,14,0,0,0,0.435897,0,5282,1350435,3298.99,5282,11215.8,5365
2026-07-30T05:39:10Z,8002,16,0,0,0,0.512821,0,4494,1154252,1701.82,4494,7975.9,4561
2026-07-30T05:39:10Z,8003,15,0,0,0,0.487179,0,1158,298071,0.00858912,1158,1790.8,1177
2026-07-30T05:39:10Z,8004,14,0,0,0,0.410256,0,1160,297757,0.00883122,1160,1788.92,1176
2026-07-30T05:39:11Z,8001,16,0,0,0,0.512821,0,5282,1350449,3298.99,5282,11215.8,5365
2026-07-30T05:39:11Z,8002,16,0,0,0,0.538462,0,4494,1154266,1701.82,4494,7979.54,4562
2026-07-30T05:39:11Z,8003,8,0,0,0,0.230769,0,1165,298593,0.00864993,1165,1790.8,1177
2026-07-30T05:39:11Z,8004,14,0,0,0,0.410256,0,1160,297925,0.00883122,1160,1788.92,1176
2026-07-30T05:39:13Z,8001,14,0,0,0,0.435897,0,5286,1352397,3298.99,5286,11220.7,5369
2026-07-30T05:39:13Z,8002,16,0,0,0,0.564103,0,4494,1154841,1701.82,4494,7990.42,4564
2026-07-30T05:39:13Z,8003,15,0,0,0,0.435897,0,1165,298611,0.00864993,1165,1795.3,1179
2026-07-30T05:39:13Z,8004,15,0,0,0,0.461538,0,1165,299812,0.00886713,1165,1794.46,1182
2026-07-30T05:39:15Z,8001,16,0,0,0,0.512821,0,5286,1352587,3298.99,5286,11225.1,5371
2026-07-30T05:39:15Z,8002,12,0,0,0,0.384615,0,4501,1155786,1701.82,4501,7991.4,4567
2026-07-30T05:39:15Z,8003,16,0,0,0,0.487179,0,1165,298624,0.00864993,1165,1805.88,1182
2026-07-30T05:39:15Z,8004,15,0,0,0,0.461538,0,1165,300322,0.00886713,1165,1794.46,1182
2026-07-30T05:39:16Z,8001,7,0,0,0,0.230769,0,5296,1354049,3298.99,5296,11225.3,5372
2026-07-30T05:39:16Z,8002,16,0,0,0,0.512821,0,4501,1155811,1701.82,4501,7993.98,4568
2026-07-30T05:39:16Z,8003,16,0,0,0,0.512821,0,1165,298653,0.00864993,1165,1816.48,1184
2026-07-30T05:39:16Z,8004,14,0,0,0,0.410256,0,1174,301650,0.00893739,1174,1798.7,1190
2026-07-30T05:39:18Z,8001,13,0,0,0,0.410256,0,5296,1354066,3298.99,5296,11232.3,5375
2026-07-30T05:39:18Z,8002,16,0,0,0,0.538462,0,4501,1155825,1701.82,4501,7997.69,4569
2026-07-30T05:39:18Z,8003,16,0,0,0,0.538462,0,1167,299791,0.00865951,1167,1823.87,1187
2026-07-30T05:39:18Z,8004,12,0,0,0,0.333333,0,1176,302014,0.00894833,1176,1798.7,1190
2026-07-30T05:39:20Z,8001,14,0,0,0,0.461538,0,5296,1354077,3298.99,5296,11236,5376
2026-07-30T05:39:20Z,8002,14,0,0,0,0.512821,0,4504,1156202,1701.82,4504,8009.54,4571
2026-07-30T05:39:20Z,8003,12,0,0,0,0.410256,0,1173,301943,0.00869665,1173,1824.11,1189
2026-07-30T05:39:20Z,8004,16,0,0,0,0.461538,0,1176,302039,0.00894833,1176,1801.15,1191
2026-07-30T05:39:21Z,8001,16,0,0,0,0.538462,0,5296,1354102,3298.99,5296,11247,5378
2026-07-30T05:39:21Z,8002,15,0,0,0,0.538462,0,4504,1156891,1701.82,4504,8010.09,4573
2026-07-30T05:39:21Z,8003,16,0,0,0,0.538462,0,1173,301968,0.00869665,1173,1826.51,1190
2026-07-30T05:39:21Z,8004,15,0,0,0,0.461538,0,1177,303411,0.00895283,1177,1812.29,1194
2026-07-30T05:39:23Z,8001,14,0,0,0,0.487179,0,5298,1354115,3298.99,5298,11247,5378
2026-07-30T05:39:23Z,8002,13,0,0,0,0.435897,0,4510,1158334,1701.82,4510,8013.25,4577
2026-07-30T05:39:23Z,8003,16,0,0,0,0.564103,0,1173,301982,0.00869665,1173,1830.21,1191
2026-07-30T05:39:23Z,8004,14,0,0,0,0.461538,0,1180,303567,0.00897176,1180,1814.59,1195
2026-07-30T05:39:26Z,8001,16,0,0,0,0.589744,0,5298,1354182,3298.99,5298,11276.4,5382
2026-07-30T05:39:26Z,8002,16,0,0,0,0.564103,0,4510,1158791,1701.82,4510,8015.73,4578
2026-07-30T05:39:26Z,8003,8,0,0,0,0.282051,0,1183,303067,0.00878217,1183,1841.9,1195
2026-07-30T05:39:26Z,8004,11,0,0,0,0.333333,0,1192,306091,0.00905392,1192,1823.44,1205
2026-07-30T05:39:28Z,8001,15,0,0,0,0.589744,0,5299,1354340,3298.99,5299,11281.8,5383
2026-07-30T05:39:28Z,8002,16,0,0,0,0.589744,0,4510,1158806,1701.82,4510,8021.45,4579
2026-07-30T05:39:28Z,8003,13,0,0,0,0.435897,0,1183,303085,0.00878217,1183,1847.01,1197
2026-07-30T05:39:28Z,8004,15,0,0,0,0.461538,0,1192,306102,0.00905392,1192,1823.44,1205
2026-07-30T05:39:30Z,8001,16,0,0,0,0.589744,0,5302,1356558,3298.99,5302,11282.7,5387
2026-07-30T05:39:30Z,8002,12,0,0,0,0.410256,0,4519,1160372,1701.82,4519,8028.68,4585
2026-07-30T05:39:30Z,8003,16,0,0,0,0.538462,0,1183,303096,0.00878217,1183,1851.25,1198
2026-07-30T05:39:30Z,8004,9,0,0,0,0.25641,0,1201,308288,0.00911059,1201,1834.3,1212
2026-07-30T05:39:32Z,8001,9,0,0,0,0.230769,0,5315,1358479,3298.99,5315,11284.5,5393
2026-07-30T05:39:32Z,8002,14,0,0,0,0.487179,0,4519,1160384,1701.82,4519,8028.68,4585
2026-07-30T05:39:32Z,8003,16,0,0,0,0.564103,0,1183,303125,0.00878217,1183,1873.99,1202
2026-07-30T05:39:32Z,8004,9,0,0,0,0.25641,0,1201,308387,0.00911059,1201,1834.3,1212
2026-07-30T05:39:33Z,8001,12,0,0,0,0.333333,0,5315,1358569,3298.99,5315,11284.5,5393
2026-07-30T05:39:33Z,8002,8,0,0,0,0.230769,0,4529,1162669,1701.82,4529,8038.62,4591
2026-07-30T05:39:33Z,8003,15,0,0,0,0.564103,0,1184,304111,0.00878634,1184,1881.84,1203
2026-07-30T05:39:33Z,8004,16,0,0,0,0.461538,0,1201,308410,0.00911059,1201,1845.57,1217
2026-07-30T05:39:35Z,8001,16,0,0,0,0.435897,0,5315,1358581,3298.99,5315,11292,5396
2026-07-30T05:39:35Z,8002,9,0,0,0,0.282051,0,4529,1162677,1701.82,4529,8038.62,4591
2026-07-30T05:39:35Z,8003,14,0,0,0,0.538462,0,1185,304922,0.00879048,1185,1881.84,1203
2026-07-30T05:39:35Z,8004,10,0,0,0,0.307692,0,1208,309962,0.00916152,1208,1853.26,1220
2026-07-30T05:39:37Z,8001,15,0,0,0,0.435897,0,5318,1360487,3298.99,5318,11308,5402
2026-07-30T05:39:37Z,8002,13,0,0,0,0.384615,0,4529,1162686,1701.82,4529,8041.09,4592
2026-07-30T05:39:37Z,8003,14,0,0,0,0.487179,0,1191,306225,0.00883257,1191,1887.71,1209
2026-07-30T05:39:37Z,8004,16,0,0,0,0.487179,0,1208,309984,0.00916152,1208,1857.61,1222
2026-07-30T05:39:38Z,8001,14,0,0,0,0.410256,0,5319,1360943,3298.99,5319,11308,5402
2026-07-30T05:39:38Z,8002,16,0,0,0,0.487179,0,4529,1162697,1701.82,4529,8048.11,4594
2026-07-30T05:39:38Z,8003,15,0,0,0,0.410256,0,1199,307612,0.00889163,1199,1891.63,1218
2026-07-30T05:39:38Z,8004,16,0,0,0,0.512821,0,1208,309998,0.00916152,1208,1864.45,1224
2026-07-30T05:39:40Z,8001,16,0,0,0,0.487179,0,5319,1360972,3298.99,5319,11310.4,5403
2026-07-30T05:39:40Z,8002,16,0,0,0,0.512821,0,4529,1162726,1701.82,4529,8069.93,4598
2026-07-30T05:39:40Z,8003,16,0,0,0,0.461538,0,1199,307627,0.00889163,1199,1891.63,1218
2026-07-30T05:39:40Z,8004,16,0,0,0,0.538462,0,1208,310013,0.00916152,1208,1869.57,1225
2026-07-30T05:39:41Z,8001,6,0,0,0,0.205128,0,5331,1362490,3298.99,5331,11314.4,5406
2026-07-30T05:39:41Z,8002,11,0,0,0,0.384615,0,4535,1164265,1701.82,4535,8077.27,4600
2026-07-30T05:39:41Z,8003,16,0,0,0,0.435897,0,1205,309759,0.00893681,1205,1894.96,1222
2026-07-30T05:39:41Z,8004,14,0,0,0,0.487179,0,1210,312182,0.00917032,1210,1874.85,1226
2026-07-30T05:39:45Z,8001,16,0,0,0,0.512821,0,5331,1362561,3298.99,5331,11334.7,5413
2026-07-30T05:39:45Z,8002,14,0,0,0,0.384615,0,4545,1167082,1701.82,4545,8089.59,4613
2026-07-30T05:39:45Z,8003,15,0,0,0,0.435897,0,1214,311216,0.00901251,1214,1905.15,1230
2026-07-30T05:39:45Z,8004,11,0,0,0,0.410256,0,1218,312874,0.00924741,1218,1882.03,1231
2026-07-30T05:39:47Z,8001,16,0,0,0,0.538462,0,5331,1362575,3298.99,5331,11340,5414
2026-07-30T05:39:47Z,8002,13,0,0,0,0.358974,0,4546,1167513,1701.82,4546,8089.59,4613
2026-07-30T05:39:47Z,8003,16,0,0,0,0.487179,0,1214,311229,0.00901251,1214,1908.75,1231
2026-07-30T05:39:47Z,8004,12,0,0,0,0.461538,0,1218,312885,0.00924741,1218,1882.03,1231
2026-07-30T05:39:49Z,8001,16,0,0,0,0.564103,0,5331,1362605,3298.99,5331,11345.4,5415
2026-07-30T05:39:49Z,8002,16,0,0,0,0.461538,0,4546,1167541,1701.82,4546,8093.97,4615
2026-07-30T05:39:49Z,8003,16,0,0,0,0.512821,0,1214,311258,0.00901251,1214,1919.53,1233
2026-07-30T05:39:49Z,8004,16,0,0,0,0.564103,0,1218,312897,0.00924741,1218,1884.62,1232
2026-07-30T05:39:50Z,8001,13,0,0,0,0.435897,0,5335,1364869,3298.99,5335,11352.7,5417
2026-07-30T05:39:50Z,8002,14,0,0,0,0.410256,0,4552,1168846,1701.82,4552,8099.43,4620
2026-07-30T05:39:50Z,8003,16,0,0,0,0.512821,0,1215,312161,0.00901638,1215,1926.89,1235
2026-07-30T05:39:50Z,8004,16,0,0,0,0.512821,0,1224,314923,0.00929876,1224,1902.29,1242
2026-07-30T05:39:52Z,8001,14,0,0,0,0.487179,0,5335,1364882,3298.99,5335,11352.7,5417
2026-07-30T05:39:52Z,8002,16,0,0,0,0.487179,0,4552,1169020,1701.82,4552,8103.83,4622
2026-07-30T05:39:52Z,8003,11,0,0,0,0.384615,0,1221,313732,0.00905693,1221,1926.99,1236
2026-07-30T05:39:52Z,8004,12,0,0,0,0.307692,0,1234,317047,0.00937958,1234,1903.82,1247
2026-07-30T05:39:53Z,8001,5,0,0,0,0.153846,0,5347,1366490,3298.99,5347,11359.3,5421
2026-07-30T05:39:53Z,8002,9,0,0,0,0.307692,0,4559,1170568,1701.82,4559,8103.83,4622
2026-07-30T05:39:53Z,8003,16,0,0,0,0.538462,0,1221,313755,0.00905693,1221,1929.48,1237
2026-07-30T05:39:53Z,8004,14,0,0,0,0.358974,0,1240,318524,0.00943843,1240,1907.44,1256
2026-07-30T05:39:55Z,8001,13,0,0,0,0.384615,0,5347,1366501,3298.99,5347,11361.9,5422
2026-07-30T05:39:55Z,8002,16,0,0,0,0.512821,0,4559,1170588,1701.82,4559,8108.26,4624
2026-07-30T05:39:55Z,8003,16,0,0,0,0.564103,0,1221,313769,0.00905693,1221,1936.52,1239
2026-07-30T05:39:55Z,8004,16,0,0,0,0.435897,0,1240,318553,0.00943843,1240,1909.98,1257
2026-07-30T05:39:57Z,8001,14,0,0,0,0.435897,0,5347,1366512,3298.99,5347,11379.1,5427
2026-07-30T05:39:57Z,8002,16,0,0,0,0.538462,0,4559,1170602,1701.82,4559,8118.81,4627
2026-07-30T05:39:57Z,8003,15,0,0,0,0.564103,0,1222,314162,0.00906161,1222,1947.12,1241
2026-07-30T05:39:57Z,8004,16,0,0,0,0.461538,0,1240,318712,0.00943843,1240,1914.2,1258
2026-07-30T05:39:58Z,8001,16,0,0,0,0.512821,0,5347,1366537,3298.99,5347,11389.6,5429
2026-07-30T05:39:58Z,8002,16,0,0,0,0.564103,0,4559,1171241,1701.82,4559,8129.43,4629
2026-07-30T05:39:58Z,8003,10,0,0,0,0.333333,0,1231,315744,0.00914326,1231,1948.12,1245
2026-07-30T05:39:58Z,8004,14,0,0,0,0.410256,0,1245,320749,0.00949023,1245,1914.93,1261
2026-07-30T05:40:00Z,8001,16,0,0,0,0.538462,0,5347,1366564,3298.99,5347,11396.6,5430
2026-07-30T05:40:00Z,8002,11,0,0,0,0.384615,0,4566,1172176,1701.82,4566,8129.82,4631
2026-07-30T05:40:00Z,8003,15,0,0,0,0.487179,0,1231,315766,0.00914326,1231,1953.29,1247
2026-07-30T05:40:00Z,8004,16,0,0,0,0.487179,0,1245,320778,0.00949023,1245,1917.34,1262
2026-07-30T05:40:04Z,8001,16,0,0,0,0.589744,0,5348,1367066,3298.99,5348,11416,5433
2026-07-30T05:40:04Z,8002,16,0,0,0,0.538462,0,4568,1173825,1701.82,4568,8143.73,4638
2026-07-30T05:40:04Z,8003,16,0,0,0,0.564103,0,1231,315808,0.00914326,1231,1969.23,1250
2026-07-30T05:40:04Z,8004,11,0,0,0,0.410256,0,1254,321624,0.00956844,1254,1922.17,1266
2026-07-30T05:40:05Z,8001,12,0,0,0,0.461538,0,5352,1369678,3298.99,5352,11416,5433
2026-07-30T05:40:05Z,8002,13,0,0,0,0.384615,0,4575,1175237,1701.82,4575,8145.26,4642
2026-07-30T05:40:05Z,8003,15,0,0,0,0.564103,0,1232,316489,0.00914772,1232,1976.55,1251
2026-07-30T05:40:05Z,8004,16,0,0,0,0.538462,0,1254,321635,0.00956844,1254,1924.64,1267
2026-07-30T05:40:07Z,8001,13,0,0,0,0.512821,0,5352,1369714,3298.99,5352,11416,5433
2026-07-30T05:40:07Z,8002,14,0,0,0,0.435897,0,4577,1175263,1701.82,4577,8147.79,4643
2026-07-30T05:40:07Z,8003,13,0,0,0,0.435897,0,1238,318244,0.0092161,1238,1977.65,1255
2026-07-30T05:40:07Z,8004,16,0,0,0,0.564103,0,1254,321649,0.00956844,1254,1934.8,1270
2026-07-30T05:40:09Z,8001,16,0,0,0,0.589744,0,5352,1369727,3298.99,5352,11418.5,5434
2026-07-30T05:40:09Z,8002,15,0,0,0,0.487179,0,4577,1175275,1701.82,4577,8147.79,4643
2026-07-30T05:40:09Z,8003,16,0,0,0,0.538462,0,1238,318271,0.0092161,1238,1980.2,1256
2026-07-30T05:40:09Z,8004,15,0,0,0,0.512821,0,1256,323339,0.0095784,1256,1945.88,1273
2026-07-30T05:40:11Z,8001,16,0,0,0,0.615385,0,5352,1369741,3298.99,5352,11422,5435
2026-07-30T05:40:11Z,8002,16,0,0,0,0.538462,0,4577,1175577,1701.82,4577,8166.85,4647
2026-07-30T05:40:11Z,8003,16,0,0,0,0.564103,0,1238,318510,0.0092161,1238,1988.07,1258
2026-07-30T05:40:11Z,8004,16,0,0,0,0.564103,0,1256,323786,0.0095784,1256,1948.24,1274
2026-07-30T05:40:12Z,8001,9,0,0,0,0.307692,0,5364,1370828,3298.99,5364,11435.4,5442
2026-07-30T05:40:12Z,8002,14,0,0,0,0.435897,0,4584,1177695,1701.82,4584,8168.51,4652
2026-07-30T05:40:12Z,8003,8,0,0,0,0.25641,0,1247,319730,0.00927894,1247,1988.24,1259
2026-07-30T05:40:12Z,8004,13,0,0,0,0.435897,0,1261,324622,0.00960665,1261,1948.7,1276
2026-07-30T05:40:14Z,8001,12,0,0,0,0.410256,0,5364,1370847,3298.99,5364,11437.9,5443
2026-07-30T05:40:14Z,8002,16,0,0,0,0.512821,0,4584,1177724,1701.82,4584,8170.93,4653
2026-07-30T05:40:14Z,8003,16,0,0,0,0.487179,0,1247,319747,0.00927894,1247,1990.9,1260
2026-07-30T05:40:14Z,8004,9,0,0,0,0.282051,0,1270,325610,0.00968447,1270,1955.3,1281
2026-07-30T05:40:16Z,8001,13,0,0,0,0.461538,0,5364,1370857,3298.99,5364,11437.9,5443
2026-07-30T05:40:16Z,8002,16,0,0,0,0.538462,0,4584,1177739,1701.82,4584,8170.93,4653
2026-07-30T05:40:16Z,8003,15,0,0,0,0.487179,0,1248,320414,0.00928565,1248,2017.35,1267
2026-07-30T05:40:16Z,8004,10,0,0,0,0.333333,0,1270,325619,0.00968447,1270,1955.3,1281
2026-07-30T05:40:17Z,8001,16,0,0,0,0.564103,0,5364,1370881,3298.99,5364,11455.1,5446
2026-07-30T05:40:17Z,8002,10,0,0,0,0.307692,0,4593,1179155,1701.82,4593,8175.94,4657
2026-07-30T05:40:17Z,8003,14,0,0,0,0.461538,0,1249,321149,0.00929036,1249,2017.35,1267
2026-07-30T05:40:17Z,8004,16,0,0,0,0.487179,0,1270,325629,0.00968447,1270,1957.89,1282
2026-07-30T05:40:19Z,8001,16,0,0,0,0.589744,0,5364,1370894,3298.99,5364,11455.1,5446
2026-07-30T05:40:19Z,8002,16,0,0,0,0.487179,0,4593,1179176,1701.82,4593,8178.48,4658
2026-07-30T05:40:19Z,8003,15,0,0,0,0.512821,0,1251,321715,0.00930578,1251,2021.96,1270
2026-07-30T05:40:19Z,8004,16,0,0,0,0.512821,0,1270,325643,0.00968447,1270,1972.15,1286
2026-07-30T05:40:22Z,8001,16,0,0,0,0.641026,0,5364,1371176,3298.99,5364,11483.3,5449
2026-07-30T05:40:22Z,8002,16,0,0,0,0.538462,0,4593,1179925,1701.82,4593,8199.48,4663
2026-07-30T05:40:22Z,8003,12,0,0,0,0.358974,0,1263,324381,0.00943724,1263,2026.54,1279
2026-07-30T05:40:22Z,8004,16,0,0,0,0.538462,0,1274,327830,0.00970345,1274,1987.4,1292
2026-07-30T05:40:24Z,8001,13,0,0,0,0.487179,0,5368,1373474,3298.99,5368,11483.3,5449
2026-07-30T05:40:24Z,8002,15,0,0,0,0.512821,0,4598,1180724,1701.82,4598,8200.88,4667
2026-07-30T05:40:24Z,8003,15,0,0,0,0.461538,0,1263,324406,0.00943724,1263,2029,1280
2026-07-30T05:40:24Z,8004,13,0,0,0,0.435897,0,1279,329282,0.00973654,1279,1987.94,1294
2026-07-30T05:40:26Z,8001,9,0,0,0,0.25641,0,5379,1374918,3298.99,5379,11485.7,5457
2026-07-30T05:40:26Z,8002,16,0,0,0,0.512821,0,4600,1181774,1701.82,4600,8203.75,4670
2026-07-30T05:40:26Z,8003,16,0,0,0,0.512821,0,1263,324419,0.00943724,1263,2029,1280
2026-07-30T05:40:26Z,8004,10,0,0,0,0.307692,0,1286,329572,0.00982489,1286,1994.6,1297
2026-07-30T05:40:27Z,8001,15,0,0,0,0.410256,0,5380,1374937,3298.99,5380,11490.3,5459
2026-07-30T05:40:27Z,8002,8,0,0,0,0.230769,0,4609,1183320,1701.82,4609,8203.91,4671
2026-07-30T05:40:27Z,8003,16,0,0,0,0.538462,0,1263,324448,0.00943724,1263,2040.55,1282
2026-07-30T05:40:27Z,8004,13,0,0,0,0.384615,0,1286,330115,0.00982489,1286,1996.19,1301
2026-07-30T05:40:29Z,8001,15,0,0,0,0.435897,0,5380,1374951,3298.99,5380,11504.6,5463
2026-07-30T05:40:29Z,8002,15,0,0,0,0.435897,0,4609,1183337,1701.82,4609,8206.5,4672
2026-07-30T05:40:29Z,8003,16,0,0,0,0.564103,0,1263,324495,0.00943724,1263,2048.12,1283
2026-07-30T05:40:29Z,8004,14,0,0,0,0.410256,0,1290,331521,0.00984668,1290,2004.47,1306
2026-07-30T05:40:31Z,8001,16,0,0,0,0.487179,0,5380,1374982,3298.99,5380,11513.7,5465
2026-07-30T05:40:31Z,8002,16,0,0,0,0.487179,0,4609,1183350,1701.82,4609,8221.27,4676
2026-07-30T05:40:31Z,8003,14,0,0,0,0.461538,0,1267,325713,0.00945613,1267,2048.62,1285
2026-07-30T05:40:31Z,8004,13,0,0,0,0.384615,0,1292,332325,0.00985745,1292,2004.64,1307
2026-07-30T05:40:32Z,8001,14,0,0,0,0.435897,0,5384,1377549,3298.99,5384,11513.7,5465
2026-07-30T05:40:32Z,8002,16,0,0,0,0.512821,0,4609,1183379,1701.82,4609,8232.72,4678
2026-07-30T05:40:32Z,8003,14,0,0,0,0.487179,0,1271,326605,0.00947885,1271,2053.44,1289
2026-07-30T05:40:32Z,8004,15,0,0,0,0.435897,0,1299,333737,0.00991168,1299,2011.8,1316
2026-07-30T05:40:34Z,8001,15,0,0,0,0.461538,0,5388,1378865,3298.99,5388,11515.8,5472
2026-07-30T05:40:34Z,8002,16,0,0,0,0.538462,0,4609,1183538,1701.82,4609,8240,4679
2026-07-30T05:40:34Z,8003,15,0,0,0,0.538462,0,1271,326619,0.00947885,1271,2053.44,1289
2026-07-30T05:40:34Z,8004,12,0,0,0,0.333333,0,1302,334278,0.00992951,1302,2011.8,1316
2026-07-30T05:40:36Z,8001,14,0,0,0,0.384615,0,5396,1379020,3298.99,5396,11520.6,5479
2026-07-30T05:40:36Z,8002,13,0,0,0,0.435897,0,4616,1185612,1701.82,4616,8241.23,4683
2026-07-30T05:40:36Z,8003,16,0,0,0,0.589744,0,1271,326649,0.00947885,1271,2055.87,1290
2026-07-30T05:40:36Z,8004,14,0,0,0,0.410256,0,1305,335936,0.00994596,1305,2020.27,1321
2026-07-30T05:40:37Z,8001,14,0,0,0,0.384615,0,5396,1379538,3298.99,5396,11520.6,5479
2026-07-30T05:40:37Z,8002,15,0,0,0,0.512821,0,4616,1185625,1701.82,4616,8241.23,4683
2026-07-30T05:40:37Z,8003,15,0,0,0,0.487179,0,1278,328325,0.00952455,1278,2061.11,1296
2026-07-30T05:40:37Z,8004,16,0,0,0,0.487179,0,1305,335950,0.00994596,1305,2020.27,1321
2026-07-30T05:40:41Z,8001,12,0,0,0,0.358974,0,5403,1382217,3298.99,5403,11526.3,5484
2026-07-30T05:40:41Z,8002,7,0,0,0,0.230769,0,4625,1187310,1701.82,4625,8249.51,4686
2026-07-30T05:40:41Z,8003,13,0,0,0,0.358974,0,1287,330509,0.00957127,1287,2069.14,1304
2026-07-30T05:40:41Z,8004,15,0,0,0,0.461538,0,1311,337064,0.00999013,1311,2027.41,1325
2026-07-30T05:40:43Z,8001,16,0,0,0,0.487179,0,5403,1382244,3298.99,5403,11532.4,5487
2026-07-30T05:40:43Z,8002,16,0,0,0,0.487179,0,4625,1187328,1701.82,4625,8258.34,4690
2026-07-30T05:40:43Z,8003,16,0,0,0,0.461538,0,1287,330536,0.00957127,1287,2071.61,1305
2026-07-30T05:40:43Z,8004,16,0,0,0,0.512821,0,1311,337077,0.00999013,1311,2030.83,1326
2026-07-30T05:40:44Z,8001,13,0,0,0,0.384615,0,5412,1383573,3298.99,5412,11537.8,5494
2026-07-30T05:40:44Z,8002,16,0,0,0,0.512821,0,4625,1187342,1701.82,4625,8269.25,4693
2026-07-30T05:40:44Z,8003,16,0,0,0,0.487179,0,1287,330743,0.00957127,1287,2078.49,1307
2026-07-30T05:40:44Z,8004,16,0,0,0,0.538462,0,1311,337106,0.00999013,1311,2041.79,1328
2026-07-30T05:40:46Z,8001,16,0,0,0,0.487179,0,5412,1383617,3298.99,5412,11544.2,5497
2026-07-30T05:40:46Z,8002,14,0,0,0,0.487179,0,4629,1187748,1701.82,4629,8280.66,4697
2026-07-30T05:40:46Z,8003,16,0,0,0,0.487179,0,1294,332884,0.00961151,1294,2080.29,1314
2026-07-30T05:40:46Z,8004,11,0,0,0,0.410256,0,1318,338042,0.010044,1318,2049.14,1331
2026-07-30T05:40:47Z,8001,15,0,0,0,0.461538,0,5415,1386018,3298.99,5415,11544.6,5499
2026-07-30T05:40:47Z,8002,14,0,0,0,0.487179,0,4629,1188364,1701.82,4629,8280.66,4697
2026-07-30T05:40:47Z,8003,11,0,0,0,0.333333,0,1300,334083,0.00965085,1300,2080.41,1315
2026-07-30T05:40:47Z,8004,12,0,0,0,0.461538,0,1318,338053,0.010044,1318,2049.14,1331
2026-07-30T05:40:49Z,8001,15,0,0,0,0.461538,0,5415,1386153,3298.99,5415,11544.6,5499
2026-07-30T05:40:49Z,8002,16,0,0,0,0.564103,0,4629,1188393,1701.82,4629,8283.14,4698
2026-07-30T05:40:49Z,8003,16,0,0,0,0.487179,0,1300,334107,0.00965085,1300,2084.99,1317
2026-07-30T05:40:49Z,8004,16,0,0,0,0.564103,0,1318,338065,0.010044,1318,2051.65,1332
2026-07-30T05:40:51Z,8001,9,0,0,0,0.282051,0,5425,1386894,3298.99,5425,11547.9,5503
2026-07-30T05:40:51Z,8002,16,0,0,0,0.538462,0,4632,1189519,1701.82,4632,8288.06,4702
2026-07-30T05:40:51Z,8003,16,0,0,0,0.512821,0,1300,334120,0.00965085,1300,2084.99,1317
2026-07-30T05:40:51Z,8004,15,0,0,0,0.538462,0,1321,339867,0.0100663,1321,2065.73,1337
2026-07-30T05:40:52Z,8001,14,0,0,0,0.435897,0,5425,1386914,3298.99,5425,11552.5,5505
2026-07-30T05:40:52Z,8002,13,0,0,0,0.384615,0,4641,1191363,1701.82,4641,8288.58,4703
2026-07-30T05:40:52Z,8003,16,0,0,0,0.538462,0,1300,334149,0.00965085,1300,2096.23,1319
2026-07-30T05:40:52Z,8004,16,0,0,0,0.461538,0,1329,341405,0.010118,1329,2068.31,1347
2026-07-30T05:40:54Z,8001,15,0,0,0,0.487179,0,5425,1386926,3298.99,5425,11556,5506
2026-07-30T05:40:54Z,8002,13,0,0,0,0.384615,0,4643,1191824,1701.82,4643,8293.67,4710
2026-07-30T05:40:54Z,8003,16,0,0,0,0.564103,0,1300,334164,0.00965085,1300,2096.23,1319
2026-07-30T05:40:54Z,8004,15,0,0,0,0.384615,0,1334,342870,0.0101634,1334,2069.33,1351
2026-07-30T05:40:55Z,8001,16,0,0,0,0.538462,0,5425,1386939,3298.99,5425,11561.2,5507
2026-07-30T05:40:55Z,8002,15,0,0,0,0.410256,0,4645,1193037,1701.82,4645,8300.94,4714
2026-07-30T05:40:55Z,8003,11,0,0,0,0.384615,0,1310,336086,0.00970979,1310,2104.82,1325
2026-07-30T05:40:55Z,8004,16,0,0,0,0.435897,0,1335,343410,0.0101677,1335,2071.81,1353
2026-07-30T05:40:59Z,8001,16,0,0,0,0.589744,0,5425,1387333,3298.99,5425,11582.7,5510
2026-07-30T05:40:59Z,8002,16,0,0,0,0.487179,0,4648,1193482,1701.82,4648,8308.98,4717
2026-07-30T05:40:59Z,8003,16,0,0,0,0.564103,0,1310,336301,0.00970979,1310,2122.5,1330
2026-07-30T05:40:59Z,8004,16,0,0,0,0.461538,0,1345,345996,0.0102226,1345,2073.49,1362
2026-07-30T05:41:01Z,8001,15,0,0,0,0.538462,0,5428,1388269,3298.99,5428,11583.2,5512
2026-07-30T05:41:01Z,8002,14,0,0,0,0.435897,0,4656,1195499,1701.82,4656,8314.94,4724
2026-07-30T05:41:01Z,8003,11,0,0,0,0.333333,0,1319,338468,0.00978206,1319,2123.44,1334
2026-07-30T05:41:01Z,8004,13,0,0,0,0.358974,0,1353,347936,0.0102752,1353,2077.22,1368
2026-07-30T05:41:02Z,8001,15,0,0,0,0.564103,0,5430,1389481,3298.99,5430,11585.7,5514
2026-07-30T05:41:02Z,8002,11,0,0,0,0.333333,0,4659,1195863,1701.82,4659,8314.94,4724
2026-07-30T05:41:02Z,8003,11,0,0,0,0.333333,0,1319,338732,0.00978206,1319,2123.44,1334
2026-07-30T05:41:02Z,8004,15,0,0,0,0.435897,0,1353,347949,0.0102752,1353,2077.22,1368
2026-07-30T05:41:04Z,8001,11,0,0,0,0.435897,0,5434,1390150,3298.99,5434,11585.7,5514
2026-07-30T05:41:04Z,8002,16,0,0,0,0.487179,0,4659,1195886,1701.82,4659,8317.54,4725
2026-07-30T05:41:04Z,8003,16,0,0,0,0.487179,0,1319,338755,0.00978206,1319,2126.06,1335
2026-07-30T05:41:04Z,8004,16,0,0,0,0.461538,0,1353,347964,0.0102752,1353,2081.58,1370
2026-07-30T05:41:05Z,8001,12,0,0,0,0.358974,0,5441,1390953,3298.99,5441,11597.3,5522
2026-07-30T05:41:05Z,8002,11,0,0,0,0.333333,0,4664,1197264,1701.82,4664,8332.55,4729
2026-07-30T05:41:05Z,8003,16,0,0,0,0.512821,0,1319,338769,0.00978206,1319,2133.67,1337
2026-07-30T05:41:05Z,8004,13,0,0,0,0.410256,0,1360,349691,0.0103284,1360,2086.07,1375
2026-07-30T05:41:07Z,8001,10,0,0,0,0.307692,0,5443,1391536,3298.99,5443,11597.3,5522
2026-07-30T05:41:07Z,8002,12,0,0,0,0.384615,0,4664,1197275,1701.82,4664,8332.55,4729
2026-07-30T05:41:07Z,8003,11,0,0,0,0.358974,0,1326,339928,0.00985181,1326,2145.7,1341
2026-07-30T05:41:07Z,8004,13,0,0,0,0.410256,0,1360,349769,0.0103284,1360,2086.07,1375
2026-07-30T05:41:08Z,8001,15,0,0,0,0.461538,0,5443,1391557,3298.99,5443,11599.9,5523
2026-07-30T05:41:08Z,8002,16,0,0,0,0.487179,0,4664,1197287,1701.82,4664,8335,4730
2026-07-30T05:41:08Z,8003,14,0,0,0,0.435897,0,1330,341918,0.00992286,1330,2147.52,1348
2026-07-30T05:41:08Z,8004,10,0,0,0,0.333333,0,1366,350643,0.0103661,1366,2093.03,1378
2026-07-30T05:41:10Z,8001,15,0,0,0,0.487179,0,5443,1391569,3298.99,5443,11603.4,5524
2026-07-30T05:41:10Z,8002,11,0,0,0,0.384615,0,4670,1199242,1701.82,4670,8348.57,4734
2026-07-30T05:41:10Z,8003,11,0,0,0,0.333333,0,1333,342687,0.0099489,1333,2147.52,1348
2026-07-30T05:41:10Z,8004,16,0,0,0,0.512821,0,1366,350666,0.0103661,1366,2100.59,1381
2026-07-30T05:41:12Z,8001,16,0,0,0,0.538462,0,5443,1391596,3298.99,5443,11615.2,5526
2026-07-30T05:41:12Z,8002,9,0,0,0,0.282051,0,4675,1199798,1701.82,4675,8350.09,4738
2026-07-30T05:41:12Z,8003,14,0,0,0,0.384615,0,1335,342709,0.00997275,1335,2149.92,1349
2026-07-30T05:41:12Z,8004,16,0,0,0,0.538462,0,1366,350745,0.0103661,1366,2112.41,1384
2026-07-30T05:41:13Z,8001,16,0,0,0,0.564103,0,5443,1391625,3298.99,5443,11622.8,5527
2026-07-30T05:41:13Z,8002,16,0,0,0,0.487179,0,4675,1199817,1701.82,4675,8352.72,4739
2026-07-30T05:41:13Z,8003,14,0,0,0,0.410256,0,1335,342721,0.00997275,1335,2156.58,1351
2026-07-30T05:41:13Z,8004,15,0,0,0,0.461538,0,1373,352762,0.0104084,1373,2113.46,1388
2026-07-30T05:41:17Z,8001,10,0,0,0,0.384615,0,5453,1394639,3298.99,5453,11632.4,5532
2026-07-30T05:41:17Z,8002,11,0,0,0,0.358974,0,4680,1201332,1701.82,4680,8377.95,4745
2026-07-30T05:41:17Z,8003,16,0,0,0,0.512821,0,1335,342777,0.00997275,1335,2172.8,1354
2026-07-30T05:41:17Z,8004,16,0,0,0,0.435897,0,1382,355421,0.0104758,1382,2116.44,1399
2026-07-30T05:41:18Z,8001,11,0,0,0,0.435897,0,5453,1394649,3298.99,5453,11632.4,5532
2026-07-30T05:41:18Z,8002,15,0,0,0,0.461538,0,4680,1201970,1701.82,4680,8379.49,4749
2026-07-30T05:41:18Z,8003,10,0,0,0,0.384615,0,1342,343889,0.0100264,1342,2179.75,1356
2026-07-30T05:41:18Z,8004,12,0,0,0,0.333333,0,1389,356941,0.0105156,1389,2119.58,1403
2026-07-30T05:41:20Z,8001,15,0,0,0,0.538462,0,5453,1394660,3298.99,5453,11634.9,5533
2026-07-30T05:41:20Z,8002,13,0,0,0,0.435897,0,4684,1203232,1701.82,4684,8381.96,4750
2026-07-30T05:41:20Z,8003,11,0,0,0,0.435897,0,1342,343899,0.0100264,1342,2179.75,1356
2026-07-30T05:41:20Z,8004,16,0,0,0,0.461538,0,1389,357273,0.0105156,1389,2127.95,1407
2026-07-30T05:41:22Z,8001,16,0,0,0,0.589744,0,5453,1394673,3298.99,5453,11641.9,5535
2026-07-30T05:41:22Z,8002,7,0,0,0,0.205128,0,4691,1203905,1701.82,4691,8382.48,4752
2026-07-30T05:41:22Z,8003,16,0,0,0,0.564103,0,1342,343910,0.0100264,1342,2182.27,1357
2026-07-30T05:41:22Z,8004,15,0,0,0,0.435897,0,1392,358198,0.0105339,1392,2128.59,1409
2026-07-30T05:41:23Z,8001,16,0,0,0,0.615385,0,5453,1394702,3298.99,5453,11653.8,5537
2026-07-30T05:41:23Z,8002,15,0,0,0,0.435897,0,4691,1203920,1701.82,4691,8385.13,4753
2026-07-30T05:41:23Z,8003,16,0,0,0,0.589744,0,1342,343924,0.0100264,1342,2192.75,1360
2026-07-30T05:41:23Z,8004,15,0,0,0,0.461538,0,1397,358987,0.0105704,1397,2132.06,1414
2026-07-30T05:41:25Z,8001,11,0,0,0,0.384615,0,5460,1396034,3298.99,5460,11661.4,5540
2026-07-30T05:41:25Z,8002,16,0,0,0,0.487179,0,4691,1203933,1701.82,4691,8403.45,4758
2026-07-30T05:41:25Z,8003,16,0,0,0,0.615385,0,1343,345744,0.0100309,1343,2203.4,1363
2026-07-30T05:41:25Z,8004,14,0,0,0,0.410256,0,1398,359241,0.0105747,1398,2132.06,1414
2026-07-30T05:41:26Z,8001,11,0,0,0,0.384615,0,5460,1396089,3298.99,5460,11661.4,5540
2026-07-30T05:41:26Z,8002,16,0,0,0,0.512821,0,4691,1203962,1701.82,4691,8414.92,4760
2026-07-30T05:41:26Z,8003,9,0,0,0,0.307692,0,1352,347330,0.010099,1352,2203.77,1365
2026-07-30T05:41:26Z,8004,15,0,0,0,0.461538,0,1401,360411,0.0105941,1401,2136.81,1418
2026-07-30T05:41:28Z,8001,14,0,0,0,0.487179,0,5460,1396112,3298.99,5460,11663.9,5541
2026-07-30T05:41:28Z,8002,16,0,0,0,0.538462,0,4691,1204425,1701.82,4691,8422.17,4761
2026-07-30T05:41:28Z,8003,10,0,0,0,0.358974,0,1352,347339,0.010099,1352,2203.77,1365
2026-07-30T05:41:28Z,8004,16,0,0,0,0.512821,0,1401,360778,0.0105941,1401,2139.22,1419
2026-07-30T05:41:29Z,8001,16,0,0,0,0.564103,0,5460,1396124,3298.99,5460,11663.9,5541
2026-07-30T05:41:29Z,8002,14,0,0,0,0.461538,0,4696,1205769,1701.82,4696,8422.86,4764
2026-07-30T05:41:29Z,8003,13,0,0,0,0.435897,0,1352,347349,0.010099,1352,2206.27,1366
2026-07-30T05:41:29Z,8004,12,0,0,0,0.384615,0,1407,361572,0.0106428,1407,2139.68,1421
2026-07-30T05:41:31Z,8001,16,0,0,0,0.589744,0,5460,1396153,3298.99,5460,11681,5544
2026-07-30T05:41:31Z,8002,16,0,0,0,0.538462,0,4696,1206374,1701.82,4696,8427.16,4766
2026-07-30T05:41:31Z,8003,15,0,0,0,0.512821,0,1352,347360,0.010099,1352,2210.27,1367
2026-07-30T05:41:31Z,8004,16,0,0,0,0.512821,0,1407,361597,0.0106428,1407,2142.12,1422
2026-07-30T05:41:35Z,8001,15,8,8,0,0.564103,0,5464,1398421,3298.99,5464,11692.7,5548
2026-07-30T05:41:35Z,8002,15,7,7,0,0.461538,0,4706,1207961,1701.82,4706,8444.16,4774
2026-07-30T05:41:35Z,8003,16,4,4,0,0.589744,0,1352,347416,0.010099,1352,2235.1,1371
2026-07-30T05:41:35Z,8004,14,6,6,0,0.487179,0,1411,362408,0.0106662,1411,2159.44,1426
2026-07-30T05:41:36Z,8001,15,7,7,0,0.512821,0,5471,1399390,3298.99,5471,11716.1,5554
2026-07-30T05:41:36Z,8002,16,8,8,0,0.487179,0,4707,1208487,1701.82,4707,8456.75,4777
2026-07-30T05:41:36Z,8003,13,7,7,0,0.512821,0,1356,347494,0.0101507,1356,2244.42,1372
2026-07-30T05:41:36Z,8004,16,8,8,0,0.564103,0,1412,362485,0.0106709,1412,2178.8,1430
2026-07-30T05:41:38Z,8001,15,6,6,0,0.435897,0,5475,1400218,3298.99,5475,11726.4,5557
2026-07-30T05:41:38Z,8002,16,4,4,0,0.461538,0,4712,1210626,1701.82,4712,8480.89,4782
2026-07-30T05:41:38Z,8003,15,7,7,0,0.538462,0,1358,347521,0.0101621,1358,2260.59,1375
2026-07-30T05:41:38Z,8004,15,6,6,0,0.512821,0,1416,363522,0.0106906,1416,2189.66,1432
2026-07-30T05:41:39Z,8001,16,8,8,0,0.461538,0,5477,1401223,3299.41,5477,11744,5562
2026-07-30T05:41:39Z,8002,15,5,5,0,0.435897,0,4713,1211042,1701.82,4713,8480.89,4782
2026-07-30T05:41:39Z,8003,16,8,8,0,0.589744,0,1358,347549,0.0101621,1358,2275.05,1377
2026-07-30T05:41:39Z,8004,16,8,8,0,0.538462,0,1417,364464,0.0106948,1417,2206.76,1435
2026-07-30T05:41:41Z,8001,15,8,8,0,0.435897,0,5478,1401703,3300.49,5478,11744,5562
2026-07-30T05:41:41Z,8002,11,7,7,0,0.333333,0,4720,1212031,1704.51,4720,8492.38,4784
2026-07-30T05:41:41Z,8003,16,7,7,0,0.615385,0,1359,348555,0.0101724,1359,2293.5,1379
2026-07-30T05:41:41Z,8004,15,8,8,0,0.512821,0,1418,364848,0.0106996,1418,2206.76,1435
2026-07-30T05:41:42Z,8001,14,7,7,0,0.410256,0,5482,1402532,3308.85,5482,11754.7,5564
2026-07-30T05:41:42Z,8002,15,7,7,0,0.435897,0,4722,1212055,1706.58,4722,8514.51,4788
2026-07-30T05:41:42Z,8003,15,8,8,0,0.589744,0,1360,349451,0.0101777,1360,2293.5,1379
2026-07-30T05:41:42Z,8004,16,7,7,0,0.564103,0,1419,364878,0.0107046,1419,2213.71,1436
2026-07-30T05:41:44Z,8001,15,7,7,0,0.461538,0,5484,1402561,3315.19,5484,11775.5,5567
2026-07-30T05:41:44Z,8002,16,7,7,0,0.487179,0,4722,1212068,1706.58,4722,8520.44,4789
2026-07-30T05:41:44Z,8003,16,8,8,0,0.641026,0,1361,350921,0.0101816,1361,2314.22,1381
2026-07-30T05:41:44Z,8004,15,6,6,0,0.512821,0,1422,365691,0.0107303,1422,2230.16,1438
2026-07-30T05:41:46Z,8001,16,7,7,0,0.512821,0,5484,1402575,3315.19,5484,11775.5,5567
2026-07-30T05:41:46Z,8002,15,8,8,0,0.461538,0,4723,1212083,1708.59,4723,8532.51,4791
2026-07-30T05:41:46Z,8003,15,6,6,0,0.538462,0,1366,351445,0.0102146,1366,2333.53,1383
2026-07-30T05:41:46Z,8004,16,7,7,0,0.538462,0,1423,365721,0.0107342,1423,2247.71,1440
2026-07-30T05:41:47Z,8001,15,8,8,0,0.512821,0,5485,1402590,3318.5,5485,11785.5,5568
2026-07-30T05:41:47Z,8002,15,8,8,0,0.487179,0,4727,1213950,1720.09,4727,8566.4,4796
2026-07-30T05:41:47Z,8003,15,8,8,0,0.538462,0,1367,351476,0.0102251,1367,2364.08,1386
2026-07-30T05:41:47Z,8004,16,8,8,0,0.564103,0,1423,365768,0.0107342,1423,2257.93,1441
2026-07-30T05:41:49Z,8001,15,8,8,0,0.512821,0,5488,1404267,3326.72,5488,11817.5,5572
2026-07-30T05:41:49Z,8002,15,7,7,0,0.512821,0,4728,1213965,1723.52,4728,8566.4,4796
2026-07-30T05:41:49Z,8003,14,4,4,0,0.461538,0,1373,351615,14.6895,1373,2391.16,1391
2026-07-30T05:41:49Z,8004,15,8,8,0,0.538462,0,1424,366088,2.07273,1424,2257.93,1441
2026-07-30T05:41:52Z,8001,15,8,8,0,0.538462,0,5493,1404806,3336.81,5493,11862.4,5577
2026-07-30T05:41:52Z,8002,15,7,7,0,0.512821,0,4731,1216105,1734.02,4731,8603.6,4800
2026-07-30T05:41:52Z,8003,16,8,8,0,0.538462,0,1374,352442,18.1277,1374,2411.6,1394
2026-07-30T05:41:52Z,8004,15,8,8,0,0.564103,0,1429,367187,12.9215,1429,2309.17,1446
2026-07-30T05:41:54Z,8001,16,4,4,0,0.512821,0,5498,1406640,3357.82,5498,11884.3,5581
2026-07-30T05:41:54Z,8002,15,5,5,0,0.512821,0,4735,1216133,1741.15,4735,8613.22,4801
2026-07-30T05:41:54Z,8003,15,8,8,0,0.487179,0,1376,353545,32.5261,1376,2417.75,1395
2026-07-30T05:41:54Z,8004,16,7,7,0,0.615385,0,1430,367217,15.9642,1430,2318.81,1447
2026-07-30T05:41:56Z,8001,15,6,6,0,0.435897,0,5503,1407580,3388.17,5503,11898.5,5586
2026-07-30T05:41:56Z,8002,14,6,6,0,0.487179,0,4737,1216147,1746.21,4737,8630.68,4803
2026-07-30T05:41:56Z,8003,15,8,8,0,0.512821,0,1377,354552,41.2939,1377,2424.46,1396
2026-07-30T05:41:56Z,8004,16,7,7,0,0.615385,0,1432,367710,20.4422,1432,2348.19,1450
2026-07-30T05:41:57Z,8001,15,8,8,0,0.435897,0,5504,1408363,3393.02,5504,11905.3,5588
2026-07-30T05:41:57Z,8002,14,6,6,0,0.487179,0,4737,1216147,1746.21,4737,8630.68,4803
2026-07-30T05:41:57Z,8003,15,8,8,0,0.512821,0,1378,355495,49.1012,1378,2431.62,1397
2026-07-30T05:41:57Z,8004,15,6,6,0,0.538462,0,1437,369770,46.8386,1437,2368.95,1453
2026-07-30T05:41:59Z,8001,15,5,5,0,0.410256,0,5507,1408408,3414.1,5507,11908.6,5589
2026-07-30T05:41:59Z,8002,16,6,6,0,0.564103,0,4737,1216160,1746.21,4737,8641.26,4804
2026-07-30T05:41:59Z,8003,14,7,7,0,0.512821,0,1381,355525,72.7336,1381,2441.2,1398
2026-07-30T05:41:59Z,8004,15,4,4,0,0.461538,0,1440,370183,67.4499,1440,2388.6,1457
2026-07-30T05:42:00Z,8001,15,8,8,0,0.435897,0,5510,1409893,3431.03,5510,11933.5,5594
2026-07-30T05:42:00Z,8002,14,8,8,0,0.512821,0,4739,1216175,1750.79,4739,8663,4806
2026-07-30T05:42:00Z,8003,14,7,7,0,0.487179,0,1387,355679,101.327,1387,2498.01,1404
2026-07-30T05:42:00Z,8004,14,7,7,0,0.461538,0,1443,370597,93.7098,1443,2392.54,1458
2026-07-30T05:42:02Z,8001,15,7,7,0,0.461538,0,5511,1409908,3436.19,5511,11933.5,5594
2026-07-30T05:42:02Z,8002,14,7,7,0,0.538462,0,4742,1217260,1764.29,4742,8690.43,4809
2026-07-30T05:42:02Z,8003,16,5,5,0,0.564103,0,1387,355693,101.327,1387,2504.13,1405
2026-07-30T05:42:02Z,8004,16,7,7,0,0.512821,0,1444,370626,97.9162,1444,2407.96,1461
2026-07-30T05:42:03Z,8001,15,7,7,0,0.461538,0,5512,1410707,3439.94,5512,11947.5,5596
2026-07-30T05:42:03Z,8002,16,8,8,0,0.615385,0,4742,1217354,1764.29,4742,8719.16,4812
2026-07-30T05:42:03Z,8003,16,8,8,0,0.487179,0,1392,357800,117.463,1392,2530.74,1412
2026-07-30T05:42:03Z,8004,16,8,8,0,0.538462,0,1444,370865,97.9162,1444,2414.14,1462
2026-07-30T05:42:05Z,8001,16,7,7,0,0.512821,0,5517,1411469,3449.74,5517,11986,5602
2026-07-30T05:42:05Z,8002,15,8,8,0,0.564103,0,4743,1218042,1769.4,4743,8719.16,4812
2026-07-30T05:42:05Z,8003,15,8,8,0,0.461538,0,1393,358648,122.825,1393,2530.74,1412
2026-07-30T05:42:05Z,8004,15,8,8,0,0.461538,0,1446,371312,111.986,1446,2420.53,1463
2026-07-30T05:42:06Z,8001,15,6,6,0,0.461538,0,5519,1411676,3452.19,5519,11986,5602
2026-07-30T05:42:06Z,8002,15,7,7,0,0.564103,0,4746,1219239,1792.37,4746,8740.8,4814
2026-07-30T05:42:06Z,8003,15,7,7,0,0.461538,0,1395,359606,136.34,1395,2536.29,1413
2026-07-30T05:42:06Z,8004,16,8,8,0,0.512821,0,1449,372684,134.575,1449,2451.94,1467
2026-07-30T05:42:10Z,8001,16,8,8,0,0.512821,0,5525,1413781,3472.58,5525,12022,5610
2026-07-30T05:42:10Z,8002,15,8,8,0,0.564103,0,4747,1220198,1798.61,4747,8762.25,4816
2026-07-30T05:42:10Z,8003,14,4,4,0,0.435897,0,1403,359775,180.671,1403,2580.9,1420
2026-07-30T05:42:10Z,8004,15,7,7,0,0.512821,0,1454,373880,161.919,1454,2473.84,1470
2026-07-30T05:42:12Z,8001,15,7,7,0,0.461538,0,5527,1414004,3481.28,5527,12022,5610
2026-07-30T05:42:12Z,8002,14,7,7,0,0.512821,0,4752,1220242,1829.33,4752,8791.69,4819
2026-07-30T05:42:12Z,8003,16,6,6,0,0.487179,0,1403,359789,180.671,1403,2587.11,1421
2026-07-30T05:42:12Z,8004,15,8,8,0,0.538462,0,1455,373911,163.87,1455,2487.93,1472
2026-07-30T05:42:13Z,8001,15,5,5,0,0.461538,0,5531,1414848,3499.94,5531,12051.6,5615
2026-07-30T05:42:13Z,8002,14,7,7,0,0.487179,0,4755,1220271,1843.29,4755,8817.78,4822
2026-07-30T05:42:13Z,8003,14,8,8,0,0.461538,0,1406,359835,187.462,1406,2602.51,1424
2026-07-30T05:42:13Z,8004,14,7,7,0,0.487179,0,1459,374692,174.545,1459,2501.9,1474
2026-07-30T05:42:15Z,8001,16,8,8,0,0.512821,0,5533,1415437,3509.92,5533,12072,5618
2026-07-30T05:42:15Z,8002,15,8,8,0,0.538462,0,4756,1221341,1850.84,4756,8838.85,4825
2026-07-30T05:42:15Z,8003,16,7,7,0,0.538462,0,1407,361720,190.102,1407,2620.28,1427
2026-07-30T05:42:15Z,8004,16,6,6,0,0.564103,0,1459,374706,174.545,1459,2510.35,1475
2026-07-30T05:42:16Z,8001,15,8,8,0,0.487179,0,5534,1415757,3513.29,5534,12072,5618
2026-07-30T05:42:16Z,8002,15,7,7,0,0.487179,0,4760,1222169,1881.1,4760,8858.04,4829
2026-07-30T05:42:16Z,8003,15,8,8,0,0.487179,0,1409,362743,195.498,1409,2626.99,1428
2026-07-30T05:42:16Z,8004,15,8,8,0,0.512821,0,1460,374722,176.616,1460,2526.73,1477
2026-07-30T05:42:18Z,8001,15,8,8,0,0.487179,0,5536,1416555,3517.9,5536,12085.1,5620
2026-07-30T05:42:18Z,8002,15,8,8,0,0.512821,0,4761,1223320,1890.09,4761,8864.73,4830
2026-07-30T05:42:18Z,8003,15,8,8,0,0.512821,0,1410,363686,199.925,1410,2635.86,1429
2026-07-30T05:42:18Z,8004,15,8,8,0,0.538462,0,1461,375377,180.966,1461,2536.04,1478
2026-07-30T05:42:19Z,8001,16,6,6,0,0.538462,0,5540,1417078,3530.58,5540,12116.2,5625
2026-07-30T05:42:19Z,8002,15,8,8,0,0.461538,0,4763,1224294,1903.58,4763,8876.3,4832
2026-07-30T05:42:19Z,8003,14,7,7,0,0.487179,0,1413,363716,215.87,1413,2645.46,1430
2026-07-30T05:42:19Z,8004,15,8,8,0,0.538462,0,1463,375791,191.751,1463,2555.57,1480
2026-07-30T05:42:21Z,8001,15,5,5,0,0.461538,0,5544,1418899,3547.18,5544,12130.5,5628
2026-07-30T05:42:21Z,8002,15,6,6,0,0.487179,0,4766,1224323,1926.4,4766,8884.27,4833
2026-07-30T05:42:21Z,8003,14,7,7,0,0.487179,0,1413,363716,215.87,1413,2645.46,1430
2026-07-30T05:42:21Z,8004,16,8,8,0,0.589744,0,1464,376301,198.216,1464,2573.6,1482
2026-07-30T05:42:22Z,8001,16,6,6,0,0.512821,0,5546,1418928,3557.31,5546,12135.8,5629
2026-07-30T05:42:22Z,8002,14,7,7,0,0.461538,0,4768,1224337,1935.96,4768,8891.45,4834
2026-07-30T05:42:22Z,8003,15,5,5,0,0.538462,0,1414,363729,221.756,1414,2645.46,1430
2026-07-30T05:42:22Z,8004,15,6,6,0,0.538462,0,1469,377961,224.853,1469,2599.08,1485
2026-07-30T05:42:24Z,8001,15,8,8,0,0.461538,0,5547,1418944,3560.49,5547,12143.1,5631
2026-07-30T05:42:24Z,8002,14,7,7,0,0.461538,0,4771,1224365,1948.57,4771,8917.88,4837
2026-07-30T05:42:24Z,8003,15,8,8,0,0.564103,0,1415,363760,227.221,1415,2691.44,1434
2026-07-30T05:42:24Z,8004,15,5,5,0,0.538462,0,1470,377976,228.715,1470,2608,1486
2026-07-30T05:42:28Z,8001,16,8,8,0,0.564103,0,5549,1419003,3570.14,5549,12156.9,5633
2026-07-30T05:42:28Z,8002,16,8,8,0,0.564103,0,4771,1224695,1948.57,4771,8952.89,4841
2026-07-30T05:42:28Z,8003,15,7,7,0,0.564103,0,1419,363884,239.244,1419,2723.06,1437
2026-07-30T05:42:28Z,8004,16,7,7,0,0.461538,0,1480,380013,292.706,1480,2664.1,1498
2026-07-30T05:42:29Z,8001,15,7,7,0,0.512821,0,5551,1419866,3578,5551,12165.2,5634
2026-07-30T05:42:29Z,8002,14,7,7,0,0.512821,0,4774,1225446,1961.57,4774,8952.89,4841
2026-07-30T05:42:29Z,8003,15,7,7,0,0.589744,0,1420,363898,242.914,1420,2723.06,1437
2026-07-30T05:42:29Z,8004,15,7,7,0,0.435897,0,1481,380717,300.802,1481,2664.1,1498
2026-07-30T05:42:31Z,8001,15,6,6,0,0.512821,0,5555,1420694,3595.41,5555,12194.6,5637
2026-07-30T05:42:31Z,8002,16,8,8,0,0.564103,0,4776,1226594,1968.21,4776,8999.05,4846
2026-07-30T05:42:31Z,8003,16,7,7,0,0.615385,0,1423,365045,253.164,1423,2783.77,1443
2026-07-30T05:42:31Z,8004,15,8,8,0,0.461538,0,1482,381228,307.685,1482,2669.19,1499
2026-07-30T05:42:32Z,8001,16,6,6,0,0.564103,0,5555,1420709,3595.41,5555,12214.6,5639
2026-07-30T05:42:32Z,8002,15,8,8,0,0.512821,0,4779,1228384,1982.31,4779,9014.24,4848
2026-07-30T05:42:32Z,8003,16,8,8,0,0.589744,0,1425,367459,263.736,1425,2797.61,1445
2026-07-30T05:42:32Z,8004,15,8,8,0,0.487179,0,1483,381259,314.653,1483,2676.13,1500
2026-07-30T05:42:34Z,8001,15,8,8,0,0.538462,0,5556,1420725,3600.15,5556,12224.5,5640
2026-07-30T05:42:34Z,8002,14,7,7,0,0.487179,0,4782,1228414,1996.48,4782,9024.01,4849
2026-07-30T05:42:34Z,8003,15,6,6,0,0.461538,0,1431,367854,306.686,1431,2820.78,1450
2026-07-30T05:42:34Z,8004,15,8,8,0,0.512821,0,1484,382042,320.406,1484,2684.79,1501
2026-07-30T05:42:35Z,8001,15,8,8,0,0.564103,0,5557,1421188,3605.14,5557,12234.5,5641
2026-07-30T05:42:35Z,8002,15,6,6,0,0.512821,0,4783,1228427,2001.43,4783,9024.01,4849
2026-07-30T05:42:35Z,8003,14,5,5,0,0.384615,0,1438,368024,360.085,1438,2838.55,1456
2026-07-30T05:42:35Z,8004,15,7,7,0,0.512821,0,1485,382057,324.21,1485,2684.79,1501
2026-07-30T05:42:37Z,8001,16,6,6,0,0.615385,0,5559,1422433,3612.17,5559,12263.6,5644
2026-07-30T05:42:37Z,8002,15,4,4,0,0.461538,0,4787,1228487,2020.71,4787,9065.91,4856
2026-07-30T05:42:37Z,8003,16,8,8,0,0.461538,0,1438,368053,360.085,1438,2842.66,1457
2026-07-30T05:42:37Z,8004,15,7,7,0,0.512821,0,1488,382470,336.43,1488,2719.48,1505
2026-07-30T05:42:39Z,8001,14,7,7,0,0.538462,0,5562,1423008,3620.76,5562,12263.6,5644
2026-07-30T05:42:39Z,8002,14,7,7,0,0.435897,0,4790,1229541,2042.44,4790,9071.45,4857
2026-07-30T05:42:39Z,8003,16,8,8,0,0.487179,0,1438,368356,360.085,1438,2848.36,1458
2026-07-30T05:42:39Z,8004,14,7,7,0,0.487179,0,1491,382884,343.822,1491,2729.66,1506
2026-07-30T05:42:40Z,8001,15,8,8,0,0.538462,0,5564,1423069,3627.47,5564,12298.3,5648
2026-07-30T05:42:40Z,8002,16,8,8,0,0.512821,0,4790,1230067,2042.44,4790,9089.95,4860
2026-07-30T05:42:40Z,8003,16,8,8,0,0.487179,0,1440,370786,372.612,1440,2859.54,1460
2026-07-30T05:42:40Z,8004,16,7,7,0,0.564103,0,1492,383505,346.562,1492,2764.79,1510
2026-07-30T05:42:42Z,8001,15,8,8,0,0.538462,0,5566,1423947,3635.44,5566,12313.8,5650
2026-07-30T05:42:42Z,8002,15,8,8,0,0.487179,0,4791,1230323,2049.13,4791,9089.95,4860
2026-07-30T05:42:42Z,8003,15,8,8,0,0.461538,0,1442,371873,384.141,1442,2865.15,1461
2026-07-30T05:42:42Z,8004,15,8,8,0,0.538462,0,1495,383983,356.036,1495,2774.46,1512
2026-07-30T05:42:45Z,8001,15,8,8,0,0.538462,0,5568,1424745,3649.7,5568,12327.2,5652
2026-07-30T05:42:45Z,8002,13,8,8,0,0.435897,0,4798,1232510,2086.68,4798,9130.22,4865
2026-07-30T05:42:45Z,8003,15,7,7,0,0.461538,0,1453,372118,411.565,1453,2933.83,1472
2026-07-30T05:42:45Z,8004,15,8,8,0,0.564103,0,1497,384812,360.799,1497,2789.1,1514
2026-07-30T05:42:47Z,8001,14,8,8,0,0.538462,0,5570,1424776,3665.84,5570,12335.4,5653
2026-07-30T05:42:47Z,8002,15,5,5,0,0.512821,0,4799,1232523,2091.58,4799,9130.22,4865
2026-07-30T05:42:47Z,8003,16,8,8,0,0.487179,0,1454,372212,412.187,1454,2942.03,1474
2026-07-30T05:42:47Z,8004,16,6,6,0,0.564103,0,1499,385609,369.807,1499,2814.55,1517
2026-07-30T05:42:48Z,8001,16,7,7,0,0.538462,0,5573,1426131,3687.59,5573,12378.3,5658
2026-07-30T05:42:48Z,8002,16,7,7,0,0.538462,0,4799,1232536,2091.58,4799,9139.19,4866
2026-07-30T05:42:48Z,8003,16,8,8,0,0.487179,0,1456,374578,421.533,1456,2948.46,1476
2026-07-30T05:42:48Z,8004,15,6,6,0,0.512821,0,1500,386137,376.45,1500,2814.55,1517
2026-07-30T05:42:50Z,8001,14,6,6,0,0.461538,0,5578,1427104,3721.73,5578,12390.6,5660
2026-07-30T05:42:50Z,8002,16,5,5,0,0.564103,0,4802,1232562,2105.1,4802,9158.15,4868
2026-07-30T05:42:50Z,8003,13,8,8,0,0.384615,0,1461,376000,449.14,1461,2957.11,1478
2026-07-30T05:42:50Z,8004,15,7,7,0,0.512821,0,1504,386565,407.622,1504,2849.51,1521
2026-07-30T05:42:51Z,8001,15,8,8,0,0.512821,0,5579,1427134,3728.75,5579,12408.2,5663
2026-07-30T05:42:51Z,8002,16,7,7,0,0.564103,0,4803,1232590,2107.39,4803,9185.74,4871
2026-07-30T05:42:51Z,8003,16,7,7,0,0.461538,0,1462,376027,455.233,1462,2969.73,1480
2026-07-30T05:42:51Z,8004,14,7,7,0,0.487179,0,1507,386979,427.157,1507,2858.32,1522
2026-07-30T05:42:53Z,8001,15,7,7,0,0.512821,0,5581,1427180,3739.16,5581,12413.7,5664
2026-07-30T05:42:53Z,8002,14,7,7,0,0.512821,0,4806,1233628,2117.32,4806,9203.12,4873
2026-07-30T05:42:53Z,8003,15,8,8,0,0.461538,0,1464,376073,465.464,1464,2989.46,1483
2026-07-30T05:42:53Z,8004,16,5,5,0,0.564103,0,1507,386993,427.157,1507,2866.69,1523
2026-07-30T05:42:55Z,8001,16,8,8,0,0.564103,0,5581,1427387,3739.16,5581,12427.3,5666
2026-07-30T05:42:55Z,8002,15,8,8,0,0.512821,0,4807,1234410,2120.28,4807,9226.79,4876
2026-07-30T05:42:55Z,8003,15,7,7,0,0.435897,0,1469,376212,477.124,1469,3011.49,1488
2026-07-30T05:42:55Z,8004,15,8,8,0,0.538462,0,1508,387009,431.484,1508,2879.75,1525
2026-07-30T05:42:56Z,8001,15,7,7,0,0.512821,0,5583,1428058,3749.44,5583,12427.3,5666
2026-07-30T05:42:56Z,8002,15,7,7,0,0.512821,0,4810,1235607,2135.93,4810,9242.1,4878
2026-07-30T05:42:56Z,8003,16,7,7,0,0.487179,0,1471,377713,482.315,1471,3024.7,1491
2026-07-30T05:42:56Z,8004,15,8,8,0,0.538462,0,1511,388078,443.738,1511,2900.4,1528
2026-07-30T05:42:58Z,8001,15,8,8,0,0.512821,0,5584,1428841,3754.22,5584,12443.6,5668
2026-07-30T05:42:58Z,8002,15,7,7,0,0.512821,0,4810,1235607,2135.93,4810,9242.1,4878
2026-07-30T05:42:58Z,8003,15,8,8,0,0.461538,0,1474,380063,493.885,1474,3032.26,1493
2026-07-30T05:42:58Z,8004,16,8,8,0,0.564103,0,1512,388732,448.337,1512,2916.74,1530
2026-07-30T05:42:59Z,8001,15,6,6,0,0.512821,0,5587,1428886,3775,5587,12453.5,5669
2026-07-30T05:42:59Z,8002,16,1,1,0,0.461538,0,4819,1236813,2186.33,4819,9301.77,4889
2026-07-30T05:42:59Z,8003,14,8,8,0,0.410256,0,1476,380094,501.062,1476,3036.84,1494
2026-07-30T05:42:59Z,8004,15,8,8,0,0.512821,0,1513,388908,453.263,1513,2916.74,1530
2026-07-30T05:43:03Z,8001,16,8,8,0,0.589744,0,5589,1429475,3788.02,5589,12504.5,5674
2026-07-30T05:43:03Z,8002,15,7,7,0,0.410256,0,4826,1239703,2229.26,4826,9317.25,4894
2026-07-30T05:43:03Z,8003,15,8,8,0,0.461538,0,1480,380169,518.324,1480,3067.67,1499
2026-07-30T05:43:03Z,8004,15,8,8,0,0.512821,0,1521,391060,507.924,1521,2977.66,1538
2026-07-30T05:43:04Z,8001,15,6,6,0,0.512821,0,5596,1431261,3813.79,5596,12544.8,5680
2026-07-30T05:43:04Z,8002,16,7,7,0,0.461538,0,4826,1239718,2229.26,4826,9322.77,4895
2026-07-30T05:43:04Z,8003,14,7,7,0,0.461538,0,1484,380278,531.211,1484,3080.72,1501
2026-07-30T05:43:04Z,8004,14,7,7,0,0.461538,0,1523,391075,513.17,1523,2977.66,1538
2026-07-30T05:43:06Z,8001,15,5,5,0,0.487179,0,5597,1431276,3818.17,5597,12544.8,5680
2026-07-30T05:43:06Z,8002,15,0,0,0,0.435897,0,4835,1240782,2265.09,4835,9362.11,4903
2026-07-30T05:43:06Z,8003,16,8,8,0,0.512821,0,1487,381457,540.435,1487,3120.21,1507
2026-07-30T05:43:06Z,8004,15,7,7,0,0.487179,0,1524,391104,517.571,1524,2989.29,1540
2026-07-30T05:43:07Z,8001,14,8,8,0,0.435897,0,5602,1432968,3851.67,5602,12565,5685
2026-07-30T05:43:07Z,8002,16,8,8,0,0.487179,0,4835,1240845,2265.09,4835,9369.01,4905
2026-07-30T05:43:07Z,8003,15,8,8,0,0.487179,0,1488,382209,543.749,1488,3120.21,1507
2026-07-30T05:43:07Z,8004,16,5,5,0,0.512821,0,1528,392426,541.286,1528,3021.85,1546
2026-07-30T05:43:09Z,8001,15,6,6,0,0.461538,0,5603,1432982,3858.23,5603,12565,5685
2026-07-30T05:43:09Z,8002,15,6,6,0,0.435897,0,4840,1242633,2272.95,4840,9380.95,4909
2026-07-30T05:43:09Z,8003,16,7,7,0,0.538462,0,1489,383839,547.604,1489,3132.39,1509
2026-07-30T05:43:09Z,8004,15,7,7,0,0.461538,0,1529,393002,546.202,1529,3021.85,1546
2026-07-30T05:43:11Z,8001,16,7,7,0,0.487179,0,5603,1432997,3858.23,5603,12575,5687
2026-07-30T05:43:11Z,8002,16,8,8,0,0.487179,0,4840,1242984,2272.95,4840,9385.88,4910
2026-07-30T05:43:11Z,8003,15,6,6,0,0.487179,0,1494,384219,567.849,1494,3150.89,1512
2026-07-30T05:43:11Z,8004,15,8,8,0,0.487179,0,1530,393513,553.097,1530,3028.57,1547
2026-07-30T05:43:12Z,8001,15,7,7,0,0.461538,0,5606,1434466,3881.46,5606,12595,5690
2026-07-30T05:43:12Z,8002,15,6,6,0,0.435897,0,4844,1244789,2285.49,4844,9403.18,4913
2026-07-30T05:43:12Z,8003,15,6,6,0,0.461538,0,1497,384328,581.697,1497,3173.91,1516
2026-07-30T05:43:12Z,8004,15,8,8,0,0.512821,0,1531,393544,560.087,1531,3037.14,1548
2026-07-30T05:43:14Z,8001,16,8,8,0,0.512821,0,5607,1434704,3888.39,5607,12609,5692
2026-07-30T05:43:14Z,8002,15,7,7,0,0.461538,0,4846,1244819,2293.48,4846,9408.84,4914
2026-07-30T05:43:14Z,8003,14,7,7,0,0.435897,0,1500,384374,595.293,1500,3178.5,1517
2026-07-30T05:43:14Z,8004,15,8,8,0,0.512821,0,1532,394327,565.884,1532,3047.42,1549
2026-07-30T05:43:15Z,8001,15,3,3,0,0.461538,0,5613,1435371,3912.83,5613,12635.4,5696
2026-07-30T05:43:15Z,8002,14,7,7,0,0.461538,0,4848,1244834,2300.31,4848,9415.97,4915
2026-07-30T05:43:15Z,8003,15,8,8,0,0.487179,0,1501,384404,600.768,1501,3195.66,1520
2026-07-30T05:43:15Z,8004,15,7,7,0,0.512821,0,1534,394357,579.398,1534,3056.67,1550
2026-07-30T05:43:17Z,8001,15,8,8,0,0.487179,0,5614,1436234,3915.96,5614,12645.9,5698
2026-07-30T05:43:17Z,8002,15,6,6,0,0.487179,0,4849,1244848,2303.07,4849,9423.34,4916
2026-07-30T05:43:17Z,8003,15,8,8,0,0.512821,0,1502,384435,606.244,1502,3203,1521
2026-07-30T05:43:17Z,8004,15,8,8,0,0.538462,0,1536,394755,589.781,1536,3082.41,1553
2026-07-30T05:43:21Z,8001,16,7,7,0,0.564103,0,5616,1437047,3922.2,5616,12657.7,5700
2026-07-30T05:43:21Z,8002,15,8,8,0,0.512821,0,4852,1245900,2306.63,4852,9461.36,4921
2026-07-30T05:43:21Z,8003,15,8,8,0,0.512821,0,1504,386305,614.088,1504,3218.28,1523
2026-07-30T05:43:21Z,8004,14,8,8,0,0.512821,0,1540,395200,598.164,1540,3114.24,1556
2026-07-30T05:43:22Z,8001,15,7,7,0,0.487179,0,5619,1437093,3929.64,5619,12677.4,5703
2026-07-30T05:43:22Z,8002,15,7,7,0,0.538462,0,4855,1246697,2314.13,4855,9486.5,4924
2026-07-30T05:43:22Z,8003,16,8,8,0,0.564103,0,1505,387455,619.442,1505,3238.74,1525
2026-07-30T05:43:22Z,8004,15,8,8,0,0.564103,0,1541,395854,602.843,1541,3131.75,1558
2026-07-30T05:43:24Z,8001,15,8,8,0,0.512821,0,5621,1437571,3939.52,5621,12693.8,5705
2026-07-30T05:43:24Z,8002,15,8,8,0,0.538462,0,4856,1246728,2315.53,4856,9494.8,4925
2026-07-30T05:43:24Z,8003,15,6,6,0,0.538462,0,1509,388300,638.551,1509,3248.14,1526
2026-07-30T05:43:24Z,8004,16,8,8,0,0.615385,0,1542,396060,607.554,1542,3150.98,1560
2026-07-30T05:43:25Z,8001,15,7,7,0,0.512821,0,5623,1438577,3950.04,5623,12703.8,5706
2026-07-30T05:43:25Z,8002,15,8,8,0,0.538462,0,4857,1247879,2319.26,4857,9502.93,4926
2026-07-30T05:43:25Z,8003,15,8,8,0,0.461538,0,1518,388531,672.855,1518,3311.99,1537
2026-07-30T05:43:25Z,8004,15,7,7,0,0.564103,0,1545,397098,620.524,1545,3167.18,1562
2026-07-30T05:43:27Z,8001,14,7,7,0,0.487179,0,5626,1439391,3967.39,5626,12719.4,5708
2026-07-30T05:43:27Z,8002,15,8,8,0,0.538462,0,4860,1248884,2330.7,4860,9532.2,4929
2026-07-30T05:43:27Z,8003,15,8,8,0,0.435897,0,1519,389346,677.173,1519,3312.97,1538
2026-07-30T05:43:27Z,8004,16,7,7,0,0.564103,0,1547,398087,632.764,1547,3189.45,1565
2026-07-30T05:43:28Z,8001,15,8,8,0,0.538462,0,5627,1439421,3972.59,5627,12741.5,5711
2026-07-30T05:43:28Z,8002,15,6,6,0,0.538462,0,4862,1248914,2338.85,4862,9541,4930
2026-07-30T05:43:28Z,8003,16,8,8,0,0.461538,0,1520,390976,683.773,1520,3319.26,1540
2026-07-30T05:43:28Z,8004,15,7,7,0,0.538462,0,1548,398423,640.195,1548,3189.45,1565
2026-07-30T05:43:30Z,8001,15,7,7,0,0.538462,0,5629,1439467,3977.24,5629,12749.9,5712
2026-07-30T05:43:30Z,8002,14,7,7,0,0.512821,0,4864,1248929,2348.83,4864,9548.47,4931
2026-07-30T05:43:30Z,8003,15,3,3,0,0.410256,0,1530,392551,744.561,1530,3353.52,1549
2026-07-30T05:43:30Z,8004,15,8,8,0,0.512821,0,1552,398851,668.022,1552,3216.36,1569
2026-07-30T05:43:32Z,8001,16,8,8,0,0.589744,0,5629,1440298,3977.24,5629,12766.8,5714
2026-07-30T05:43:32Z,8002,15,5,5,0,0.538462,0,4865,1248942,2352.62,4865,9548.47,4931
2026-07-30T05:43:32Z,8003,14,0,0,0,0.384615,0,1534,392654,750.344,1534,3355.99,1552
2026-07-30T05:43:32Z,8004,15,8,8,0,0.512821,0,1553,399250,676.439,1553,3223.38,1570
2026-07-30T05:43:33Z,8001,15,8,8,0,0.487179,0,5635,1441189,4001.95,5635,12800,5719
2026-07-30T05:43:33Z,8002,16,7,7,0,0.589744,0,4865,1248955,2352.62,4865,9559.24,4932
2026-07-30T05:43:33Z,8003,15,8,8,0,0.410256,0,1535,393436,750.877,1535,3360.23,1554
2026-07-30T05:43:33Z,8004,14,8,8,0,0.487179,0,1556,399296,696.738,1556,3238.35,1572
2026-07-30T05:43:35Z,8001,16,8,8,0,0.512821,0,5637,1441890,4014.98,5637,12817.1,5722
2026-07-30T05:43:35Z,8002,15,8,8,0,0.538462,0,4868,1249992,2366.18,4868,9605.96,4937
2026-07-30T05:43:35Z,8003,15,8,8,0,0.435897,0,1536,394491,753.695,1536,3364.66,1555
2026-07-30T05:43:35Z,8004,16,8,8,0,0.564103,0,1556,399534,696.738,1556,3254.17,1574
2026-07-30T05:43:38Z,8001,15,7,7,0,0.461538,0,5643,1443517,4047.45,5643,12843.5,5727
2026-07-30T05:43:38Z,8002,16,8,8,0,0.615385,0,4870,1250644,2379.43,4870,9636.07,4940
2026-07-30T05:43:38Z,8003,15,2,2,0,0.461538,0,1544,396547,782.193,1544,3422.97,1563
2026-07-30T05:43:38Z,8004,16,6,6,0,0.538462,0,1563,402119,742.434,1563,3297.39,1581
2026-07-30T05:43:40Z,8001,15,8,8,0,0.487179,0,5644,1443548,4054.12,5644,12850.4,5728
2026-07-30T05:43:40Z,8002,15,8,8,0,0.564103,0,4871,1250788,2384.21,4871,9636.07,4940
2026-07-30T05:43:40Z,8003,15,8,8,0,0.487179,0,1546,396641,783.958,1546,3431.08,1565
2026-07-30T05:43:40Z,8004,15,5,5,0,0.487179,0,1565,402534,753.466,1565,3297.39,1581
2026-07-30T05:43:41Z,8001,16,7,7,0,0.512821,0,5645,1444026,4059.1,5645,12864.1,5730
2026-07-30T05:43:41Z,8002,15,8,8,0,0.589744,0,4872,1250819,2390.71,4872,9647.59,4941
2026-07-30T05:43:41Z,8003,14,7,7,0,0.487179,0,1548,396656,785.077,1548,3431.08,1565
2026-07-30T05:43:41Z,8004,15,8,8,0,0.461538,0,1569,403346,772.181,1569,3325.97,1586
2026-07-30T05:43:43Z,8001,15,7,7,0,0.487179,0,5647,1444441,4071.9,5647,12864.1,5730
2026-07-30T05:43:43Z,8002,16,7,7,0,0.615385,0,4874,1252464,2406.5,4874,9682.45,4944
2026-07-30T05:43:43Z,8003,15,8,8,0,0.461538,0,1551,397532,785.651,1551,3451.16,1570
2026-07-30T05:43:43Z,8004,16,7,7,0,0.512821,0,1570,403376,778.342,1570,3332.72,1587
2026-07-30T05:43:44Z,8001,14,8,8,0,0.487179,0,5650,1445255,4088.35,5650,12885.6,5733
2026-07-30T05:43:44Z,8002,15,8,8,0,0.589744,0,4875,1252944,2414.29,4875,9682.45,4944
2026-07-30T05:43:44Z,8003,15,8,8,0,0.461538,0,1552,398587,788.51,1552,3457.25,1571
2026-07-30T05:43:44Z,8004,14,8,8,0,0.461538,0,1572,403391,787.031,1572,3332.72,1587
2026-07-30T05:43:46Z,8001,15,7,7,0,0.512821,0,5652,1445300,4096.44,5652,12902.1,5735
2026-07-30T05:43:46Z,8002,15,8,8,0,0.615385,0,4876,1252975,2419.92,4876,9693.76,4945
2026-07-30T05:43:46Z,8003,16,7,7,0,0.512821,0,1552,398602,788.51,1552,3457.25,1571
2026-07-30T05:43:46Z,8004,16,6,6,0,0.538462,0,1572,403405,787.031,1572,3340.74,1588
2026-07-30T05:43:48Z,8001,16,6,6,0,0.564103,0,5652,1445315,4096.44,5652,12911.9,5736
2026-07-30T05:43:48Z,8002,14,3,3,0,0.512821,0,4883,1253065,2458.3,4883,9743.33,4950
2026-07-30T05:43:48Z,8003,15,8,8,0,0.487179,0,1554,400537,799.374,1554,3472.54,1573
2026-07-30T05:43:48Z,8004,15,8,8,0,0.512821,0,1573,404045,793.252,1573,3356.3,1590
2026-07-30T05:43:49Z,8001,15,8,8,0,0.538462,0,5653,1445763,4100.06,5653,12920.1,5737
2026-07-30T05:43:49Z,8002,16,8,8,0,0.589744,0,4883,1253527,2458.3,4883,9761.44,4953
2026-07-30T05:43:49Z,8003,14,8,8,0,0.487179,0,1556,400568,811.112,1556,3481.77,1574
2026-07-30T05:43:49Z,8004,15,8,8,0,0.538462,0,1574,404076,799.456,1574,3365.9,1591
2026-07-30T05:43:51Z,8001,15,7,7,0,0.538462,0,5655,1446769,4107.5,5655,12928.7,5738
2026-07-30T05:43:51Z,8002,15,7,7,0,0.538462,0,4885,1254102,2472.03,4885,9761.44,4953
2026-07-30T05:43:51Z,8003,15,3,3,0,0.487179,0,1560,400643,829.124,1560,3520.43,1579
2026-07-30T05:43:51Z,8004,16,6,6,0,0.589744,0,1576,405097,810.641,1576,3394.98,1594
2026-07-30T05:43:52Z,8001,16,8,8,0,0.589744,0,5655,1447312,4107.5,5655,12948.9,5740
2026-07-30T05:43:52Z,8002,15,8,8,0,0.512821,0,4887,1254884,2486.19,4887,9776.56,4956
2026-07-30T05:43:52Z,8003,14,4,4,0,0.461538,0,1564,400752,835.88,1564,3531.7,1581
2026-07-30T05:43:52Z,8004,15,5,5,0,0.512821,0,1583,406675,838.987,1583,3437.69,1600
2026-07-30T05:43:56Z,8001,15,7,7,0,0.538462,0,5661,1447659,4136.99,5661,12983.3,5744
2026-07-30T05:43:56Z,8002,16,8,8,0,0.564103,0,4888,1256034,2496.18,4888,9791.52,4958
2026-07-30T05:43:56Z,8003,14,8,8,0,0.512821,0,1566,400844,840.055,1566,3547.1,1584
2026-07-30T05:43:56Z,8004,16,8,8,0,0.589744,0,1584,407297,843.939,1584,3446.78,1602
2026-07-30T05:43:57Z,8001,14,6,6,0,0.487179,0,5666,1449351,4163.91,5666,13020.1,5749
2026-07-30T05:43:57Z,8002,15,7,7,0,0.564103,0,4890,1256081,2515.5,4890,9791.52,4958
2026-07-30T05:43:57Z,8003,15,8,8,0,0.538462,0,1567,401626,842.704,1567,3561.94,1586
2026-07-30T05:43:57Z,8004,14,7,7,0,0.461538,0,1588,407487,859.459,1588,3452.01,1603
2026-07-30T05:43:59Z,8001,14,6,6,0,0.487179,0,5666,1449351,4163.91,5666,13020.1,5749
2026-07-30T05:43:59Z,8002,15,6,6,0,0.512821,0,4893,1257086,2543.63,4893,9823.94,4961
2026-07-30T05:43:59Z,8003,16,8,8,0,0.589744,0,1567,401961,842.704,1567,3571.34,1587
2026-07-30T05:43:59Z,8004,16,6,6,0,0.487179,0,1592,408985,891.609,1592,3495.09,1610
2026-07-30T05:44:01Z,8001,15,7,7,0,0.512821,0,5668,1449396,4175.43,5668,13033.5,5751
2026-07-30T05:44:01Z,8002,15,6,6,0,0.538462,0,4897,1257146,2570.57,4897,9853.9,4964
2026-07-30T05:44:01Z,8003,15,8,8,0,0.538462,0,1568,402681,847.637,1568,3571.34,1587
2026-07-30T05:44:01Z,8004,15,7,7,0,0.461538,0,1594,409896,908.217,1594,3498.47,1611
2026-07-30T05:44:02Z,8001,15,7,7,0,0.512821,0,5670,1450850,4189.99,5670,13055.3,5754
2026-07-30T05:44:02Z,8002,16,6,6,0,0.564103,0,4899,1257175,2576.77,4899,9878.34,4967
2026-07-30T05:44:02Z,8003,16,8,8,0,0.589744,0,1569,404343,854.553,1569,3593.37,1589
2026-07-30T05:44:02Z,8004,15,8,8,0,0.487179,0,1595,409927,913.479,1595,3503.73,1612
2026-07-30T05:44:04Z,8001,15,6,6,0,0.512821,0,5671,1450865,4196.88,5671,13055.3,5754
2026-07-30T05:44:04Z,8002,16,8,8,0,0.589744,0,4899,1257189,2576.77,4899,9878.34,4967
2026-07-30T05:44:04Z,8003,15,4,4,0,0.538462,0,1574,404691,890.472,1574,3626.94,1592
2026-07-30T05:44:04Z,8004,15,8,8,0,0.512821,0,1596,410710,919.3,1596,3510.58,1613
2026-07-30T05:44:05Z,8001,16,7,7,0,0.564103,0,5671,1450895,4196.88,5671,13062.3,5755
2026-07-30T05:44:05Z,8002,16,8,8,0,0.615385,0,4899,1257204,2576.77,4899,9886.19,4968
2026-07-30T05:44:05Z,8003,15,6,6,0,0.538462,0,1578,404831,906.375,1578,3661.08,1597
2026-07-30T05:44:05Z,8004,15,7,7,0,0.538462,0,1598,410740,925.411,1598,3519.6,1614
2026-07-30T05:44:07Z,8001,15,6,6,0,0.512821,0,5675,1451708,4224.2,5675,13097,5759
2026-07-30T05:44:07Z,8002,15,8,8,0,0.512821,0,4904,1259008,2590.7,4904,9922.07,4973
2026-07-30T05:44:07Z,8003,15,8,8,0,0.512821,0,1580,404877,907.173,1580,3668.9,1599
2026-07-30T05:44:07Z,8004,16,7,7,0,0.589744,0,1598,410754,925.411,1598,3519.6,1614
2026-07-30T05:44:08Z,8001,15,7,7,0,0.512821,0,5677,1451754,4236.2,5677,13105.6,5760
2026-07-30T05:44:08Z,8002,16,7,7,0,0.564103,0,4904,1259023,2590.7,4904,9922.07,4973
2026-07-30T05:44:08Z,8003,14,8,8,0,0.487179,0,1582,404940,914.877,1582,3674.62,1600
2026-07-30T05:44:08Z,8004,16,7,7,0,0.589744,0,1599,410785,926.622,1599,3536.43,1616
2026-07-30T05:44:10Z,8001,16,8,8,0,0.564103,0,5677,1452361,4236.2,5677,13124.1,5762
2026-07-30T05:44:10Z,8002,15,7,7,0,0.512821,0,4907,1261133,2615.3,4907,9947.2,4976
2026-07-30T05:44:10Z,8003,16,8,8,0,0.564103,0,1582,405002,914.877,1582,3689.56,1602
2026-07-30T05:44:10Z,8004,15,8,8,0,0.538462,0,1601,411536,933.747,1601,3557.01,1618
2026-07-30T05:44:13Z,8001,14,8,8,0,0.512821,0,5682,1453446,4260.39,5682,13148.9,5765
2026-07-30T05:44:13Z,8002,15,6,6,0,0.461538,0,4914,1261270,2658.47,4914,9986.35,4983
2026-07-30T05:44:13Z,8003,16,8,8,0,0.538462,0,1585,408055,935.641,1585,3713.07,1605
2026-07-30T05:44:13Z,8004,16,6,6,0,0.589744,0,1604,411596,945.588,1604,3581.55,1620
2026-07-30T05:44:15Z,8001,15,8,8,0,0.564103,0,5683,1453475,4265.4,5683,13157.2,5766
2026-07-30T05:44:15Z,8002,15,8,8,0,0.461538,0,4919,1263073,2685.04,4919,10005.2,4988
2026-07-30T05:44:15Z,8003,15,8,8,0,0.512821,0,1586,408727,944.965,1586,3713.07,1605
2026-07-30T05:44:15Z,8004,16,7,7,0,0.615385,0,1604,411610,945.588,1604,3581.55,1620
2026-07-30T05:44:17Z,8001,16,7,7,0,0.589744,0,5684,1453503,4268.7,5684,13167.3,5767
2026-07-30T05:44:17Z,8002,15,8,8,0,0.435897,0,4920,1263104,2690.07,4920,10008.5,4989
2026-07-30T05:44:17Z,8003,15,6,6,0,0.538462,0,1589,408772,969.817,1589,3724.06,1606
2026-07-30T05:44:17Z,8004,16,6,6,0,0.641026,0,1606,412615,954.773,1606,3631.3,1624
2026-07-30T05:44:18Z,8001,16,8,8,0,0.615385,0,5685,1454365,4273.96,5685,13198.7,5770
2026-07-30T05:44:18Z,8002,15,8,8,0,0.461538,0,4923,1265229,2712.69,4923,10024.9,4992
2026-07-30T05:44:18Z,8003,15,7,7,0,0.538462,0,1591,408802,981.535,1591,3755.52,1609
2026-07-30T05:44:18Z,8004,15,6,6,0,0.615385,0,1609,413477,966.077,1609,3649.28,1626
2026-07-30T05:44:20Z,8001,15,8,8,0,0.538462,0,5687,1454972,4282.96,5687,13207.3,5771
2026-07-30T05:44:20Z,8002,15,2,2,0,0.435897,0,4929,1265335,2737.56,4929,10042.2,4996
2026-07-30T05:44:20Z,8003,15,5,5,0,0.512821,0,1596,408972,992.437,1596,3799.94,1615
2026-07-30T05:44:20Z,8004,16,7,7,0,0.615385,0,1611,414706,971.637,1611,3674.92,1629
2026-07-30T05:44:21Z,8001,14,7,7,0,0.538462,0,5690,1455770,4303.62,5690,13217.6,5772
2026-07-30T05:44:21Z,8002,15,7,7,0,0.435897,0,4931,1265381,2743.21,4931,10055.4,4999
2026-07-30T05:44:21Z,8003,16,2,2,0,0.538462,0,1598,409049,1000.34,1598,3804.15,1616
2026-07-30T05:44:21Z,8004,15,7,7,0,0.564103,0,1612,414802,977.229,1612,3674.92,1629
2026-07-30T05:44:23Z,8001,15,7,7,0,0.538462,0,5693,1455846,4320.23,5693,13256.8,5776
2026-07-30T05:44:23Z,8002,15,7,7,0,0.461538,0,4933,1266387,2748.68,4933,10063.9,5001
2026-07-30T05:44:23Z,8003,16,8,8,0,0.512821,0,1600,411335,1011.16,1600,3822.29,1620
2026-07-30T05:44:23Z,8004,14,8,8,0,0.538462,0,1614,414833,989.67,1614,3684.22,1630
2026-07-30T05:44:25Z,8001,15,8,8,0,0.461538,0,5698,1457569,4347.91,5698,13286.1,5782
2026-07-30T05:44:25Z,8002,15,8,8,0,0.435897,0,4936,1267200,2756,4936,10082.8,5005
2026-07-30T05:44:25Z,8003,15,8,8,0,0.487179,0,1601,411879,1018.3,1601,3822.29,1620
2026-07-30T05:44:25Z,8004,15,8,8,0,0.564103,0,1615,414863,997.136,1615,3698.4,1632
2026-07-30T05:44:26Z,8001,15,7,7,0,0.461538,0,5700,1457599,4362.11,5700,13291.2,5783
2026-07-30T05:44:26Z,8002,15,8,8,0,0.461538,0,4937,1268351,2759.91,4937,10089.5,5006
2026-07-30T05:44:26Z,8003,14,8,8,0,0.410256,0,1607,412898,1063.72,1607,3852.45,1625
2026-07-30T05:44:26Z,8004,15,7,7,0,0.512821,0,1619,415691,1033.66,1619,3730.54,1636
2026-07-30T05:44:28Z,8001,15,7,7,0,0.461538,0,5701,1458046,4370.61,5701,13298.2,5785
2026-07-30T05:44:28Z,8002,15,7,7,0,0.487179,0,4938,1268366,2763.94,4938,10089.5,5006
2026-07-30T05:44:28Z,8003,16,6,6,0,0.487179,0,1607,412912,1063.72,1607,3852.45,1625
2026-07-30T05:44:28Z,8004,16,7,7,0,0.538462,0,1620,415849,1041.04,1620,3746.49,1638
2026-07-30T05:44:31Z,8001,15,6,6,0,0.461538,0,5709,1459942,4426.98,5709,13334,5792
2026-07-30T05:44:31Z,8002,15,8,8,0,0.512821,0,4939,1269324,2768.39,4939,10107.5,5008
2026-07-30T05:44:31Z,8003,16,8,8,0,0.487179,0,1616,415287,1097.87,1616,3894.83,1636
2026-07-30T05:44:31Z,8004,15,6,6,0,0.512821,0,1626,418084,1091.7,1626,3777.63,1643
2026-07-30T05:44:33Z,8001,16,7,7,0,0.487179,0,5709,1459957,4426.98,5709,13339.4,5793
2026-07-30T05:44:33Z,8002,15,7,7,0,0.538462,0,4941,1269370,2776.24,4941,10118.6,5009
2026-07-30T05:44:33Z,8003,0,0,0,0,0,0,1617,416182,1099.77,1617,3898.87,1637
2026-07-30T05:44:33Z,8004,0,0,0,0,0,0,1626,418084,1091.7,1626,3777.63,1643
