ts,gpu,util,mem_used_mb,power_w,temp_c,sm_mhz
2026-07-30T05:23:38Z,0,100,31936,187.06,63,2812
2026-07-30T05:23:38Z,1,100,32096,330.40,62,2775
2026-07-30T05:23:38Z,2,100,31674,187.15,59,2737
2026-07-30T05:23:38Z,3,99,31734,269.54,54,2880
2026-07-30T05:23:38Z,4,0,29902,17.99,28,210
2026-07-30T05:23:38Z,5,0,29900,15.57,30,210
2026-07-30T05:23:38Z,6,0,17358,66.79,39,2430
2026-07-30T05:23:38Z,7,0,4,13.37,42,210
2026-07-30T05:23:42Z,0,99,31936,345.70,56,2812
2026-07-30T05:23:42Z,1,99,32096,307.30,56,2910
2026-07-30T05:23:42Z,2,100,31674,410.67,60,2632
2026-07-30T05:23:42Z,3,99,31734,342.25,56,2880
2026-07-30T05:23:42Z,4,0,29902,17.76,28,210
2026-07-30T05:23:42Z,5,0,29900,13.91,30,210
2026-07-30T05:23:42Z,6,0,17358,67.66,39,2430
2026-07-30T05:23:42Z,7,0,1184,65.92,43,2430
2026-07-30T05:23:43Z,0,0,31936,163.64,52,2842
2026-07-30T05:23:43Z,1,99,32096,310.52,56,2910
2026-07-30T05:23:43Z,2,99,31674,348.83,53,2895
2026-07-30T05:23:43Z,3,99,31734,298.92,55,2880
2026-07-30T05:23:43Z,4,0,29902,18.13,28,210
2026-07-30T05:23:43Z,5,0,29900,13.68,30,210
2026-07-30T05:23:43Z,6,0,17358,64.75,39,2430
2026-07-30T05:23:43Z,7,0,1184,66.54,43,2430
2026-07-30T05:23:45Z,0,100,31936,450.49,62,2632
2026-07-30T05:23:45Z,1,99,32096,305.66,56,2910
2026-07-30T05:23:45Z,2,100,31674,368.65,60,2715
2026-07-30T05:23:45Z,3,99,31734,299.15,55,2880
2026-07-30T05:23:45Z,4,0,29902,17.84,28,210
2026-07-30T05:23:45Z,5,0,29900,15.45,30,202
2026-07-30T05:23:45Z,6,0,17358,67.75,39,2430
2026-07-30T05:23:45Z,7,0,1184,64.88,43,2430
2026-07-30T05:23:46Z,0,100,31936,456.72,62,2632
2026-07-30T05:23:46Z,1,99,32096,310.09,56,2910
2026-07-30T05:23:46Z,2,99,31674,422.26,54,2760
2026-07-30T05:23:46Z,3,98,31734,285.49,55,2880
2026-07-30T05:23:46Z,4,0,29902,18.35,28,210
2026-07-30T05:23:46Z,5,0,29900,14.25,30,210
2026-07-30T05:23:46Z,6,0,17358,65.07,39,2430
2026-07-30T05:23:46Z,7,0,1184,67.22,42,2430
2026-07-30T05:23:48Z,0,99,31936,267.68,56,2820
2026-07-30T05:23:48Z,1,99,32096,309.02,56,2910
2026-07-30T05:23:48Z,2,99,31674,316.38,53,2857
2026-07-30T05:23:48Z,3,100,31734,450.38,61,2325
2026-07-30T05:23:48Z,4,0,29902,16.45,28,210
2026-07-30T05:23:48Z,5,0,29900,16.40,30,210
2026-07-30T05:23:48Z,6,0,17358,67.28,39,2430
2026-07-30T05:23:48Z,7,0,1184,64.21,42,2430
2026-07-30T05:23:50Z,0,99,31936,254.56,56,2820
2026-07-30T05:23:50Z,1,99,32096,308.49,56,2910
2026-07-30T05:23:50Z,2,99,31674,314.02,54,2887
2026-07-30T05:23:50Z,3,100,31734,423.34,64,2647
2026-07-30T05:23:50Z,4,0,29902,18.57,28,210
2026-07-30T05:23:50Z,5,0,29900,12.58,30,210
2026-07-30T05:23:50Z,6,0,17358,27.55,38,367
2026-07-30T05:23:50Z,7,0,1184,67.02,42,2430
2026-07-30T05:23:51Z,0,99,31936,264.96,56,2820
2026-07-30T05:23:51Z,1,98,32096,298.39,56,2910
2026-07-30T05:23:51Z,2,100,31674,333.19,59,2760
2026-07-30T05:23:51Z,3,98,31734,342.78,57,2880
2026-07-30T05:23:51Z,4,0,29902,15.94,28,210
2026-07-30T05:23:51Z,5,0,29900,13.80,30,210
2026-07-30T05:23:51Z,6,0,17358,11.57,38,210
2026-07-30T05:23:51Z,7,0,1184,64.94,42,2430
2026-07-30T05:23:53Z,0,100,31936,377.61,64,2700
2026-07-30T05:23:53Z,1,100,32096,450.51,63,2640
2026-07-30T05:23:53Z,2,100,31674,449.48,61,2670
2026-07-30T05:23:53Z,3,100,31734,468.16,64,2632
2026-07-30T05:23:53Z,4,0,29902,17.73,28,210
2026-07-30T05:23:53Z,5,0,29900,13.57,30,210
2026-07-30T05:23:53Z,6,0,17358,12.58,38,210
2026-07-30T05:23:53Z,7,0,1184,65.37,42,2430
2026-07-30T05:23:54Z,0,99,31936,367.12,56,2812
2026-07-30T05:23:54Z,1,100,32096,451.19,64,2632
2026-07-30T05:23:54Z,2,99,31674,434.58,56,2317
2026-07-30T05:23:54Z,3,99,31734,290.21,57,2880
2026-07-30T05:23:54Z,4,0,29902,17.70,28,210
2026-07-30T05:23:54Z,5,0,29900,13.50,30,210
2026-07-30T05:23:54Z,6,7,17358,12.41,38,1095
2026-07-30T05:23:54Z,7,0,1184,65.65,42,2430
2026-07-30T05:23:56Z,0,100,31936,365.06,64,2737
2026-07-30T05:23:56Z,1,99,32096,305.40,57,2910
2026-07-30T05:23:56Z,2,0,31674,268.48,51,2895
2026-07-30T05:23:56Z,3,99,31734,311.14,56,2880
2026-07-30T05:23:56Z,4,0,29902,17.82,28,210
2026-07-30T05:23:56Z,5,0,29900,15.42,30,210
2026-07-30T05:23:56Z,6,0,17358,173.72,40,2925
2026-07-30T05:23:56Z,7,0,1184,63.82,42,2430
2026-07-30T05:23:59Z,0,99,31936,259.55,56,2820
2026-07-30T05:23:59Z,1,31,32096,311.70,56,2910
2026-07-30T05:23:59Z,2,100,31674,453.14,61,2640
2026-07-30T05:23:59Z,3,100,31734,279.89,64,2737
2026-07-30T05:23:59Z,4,0,29902,15.41,28,210
2026-07-30T05:23:59Z,5,0,29900,14.88,30,210
2026-07-30T05:23:59Z,6,0,1,67.81,39,2430
2026-07-30T05:23:59Z,7,0,1184,13.05,41,210
2026-07-30T05:24:01Z,0,100,31936,283.07,65,2797
2026-07-30T05:24:01Z,1,93,32096,308.70,56,2910
2026-07-30T05:24:01Z,2,99,31674,296.34,55,2895
2026-07-30T05:24:01Z,3,100,31734,449.70,65,2745
2026-07-30T05:24:01Z,4,0,29902,18.10,28,210
2026-07-30T05:24:01Z,5,0,29900,13.40,30,210
2026-07-30T05:24:01Z,6,0,1,39.79,39,540
2026-07-30T05:24:01Z,7,0,1184,14.15,41,210
2026-07-30T05:24:03Z,0,99,31936,435.59,58,2310
2026-07-30T05:24:03Z,1,99,32096,308.82,57,2910
2026-07-30T05:24:03Z,2,99,31674,287.61,54,2895
2026-07-30T05:24:03Z,3,99,31734,421.43,58,2850
2026-07-30T05:24:03Z,4,0,29902,16.29,28,210
2026-07-30T05:24:03Z,5,0,29900,16.14,30,210
2026-07-30T05:24:03Z,6,0,1,39.01,38,337
2026-07-30T05:24:03Z,7,0,1184,13.56,41,202
2026-07-30T05:24:04Z,0,98,31936,273.26,57,2812
2026-07-30T05:24:04Z,1,100,32096,432.26,64,2625
2026-07-30T05:24:04Z,2,100,31674,405.11,62,2632
2026-07-30T05:24:04Z,3,98,31734,294.84,57,2850
2026-07-30T05:24:04Z,4,0,29902,19.05,28,210
2026-07-30T05:24:04Z,5,0,29900,13.74,30,210
2026-07-30T05:24:04Z,6,0,1,16.36,38,210
2026-07-30T05:24:04Z,7,0,1184,12.67,41,210
2026-07-30T05:24:06Z,0,100,31936,466.69,65,2617
2026-07-30T05:24:06Z,1,99,32096,330.44,58,2910
2026-07-30T05:24:06Z,2,99,31674,359.67,55,2895
2026-07-30T05:24:06Z,3,100,31734,451.51,65,2632
2026-07-30T05:24:06Z,4,0,29902,16.09,28,210
2026-07-30T05:24:06Z,5,0,29900,14.31,30,210
2026-07-30T05:24:06Z,6,0,1,10.98,38,210
2026-07-30T05:24:06Z,7,0,1184,14.13,41,210
2026-07-30T05:24:07Z,0,99,31936,278.98,57,2820
2026-07-30T05:24:07Z,1,100,32096,361.20,64,2730
2026-07-30T05:24:07Z,2,99,31674,301.68,55,2895
2026-07-30T05:24:07Z,3,98,31734,293.57,57,2880
2026-07-30T05:24:07Z,4,0,29902,16.23,28,210
2026-07-30T05:24:07Z,5,0,29900,15.89,30,210
2026-07-30T05:24:07Z,6,0,4,14.99,38,210
2026-07-30T05:24:07Z,7,0,1184,12.73,41,210
2026-07-30T05:24:09Z,0,99,31936,260.31,57,2812
2026-07-30T05:24:09Z,1,99,32096,413.40,59,2760
2026-07-30T05:24:09Z,2,100,31674,379.23,61,2640
2026-07-30T05:24:09Z,3,100,31734,450.77,63,2640
2026-07-30T05:24:09Z,4,0,29902,16.19,28,210
2026-07-30T05:24:09Z,5,0,29900,13.74,30,210
2026-07-30T05:24:09Z,6,0,4,10.53,38,210
2026-07-30T05:24:09Z,7,0,1184,14.77,41,210
2026-07-30T05:24:11Z,0,99,31936,283.48,57,2812
2026-07-30T05:24:11Z,1,99,32096,313.61,58,2910
2026-07-30T05:24:11Z,2,99,31674,357.05,55,2895
2026-07-30T05:24:11Z,3,99,31734,293.89,57,2887
2026-07-30T05:24:11Z,4,0,29902,17.29,28,210
2026-07-30T05:24:11Z,5,0,29900,14.74,30,210
2026-07-30T05:24:11Z,6,0,4,11.56,38,210
2026-07-30T05:24:11Z,7,0,1184,12.20,41,210
2026-07-30T05:24:12Z,0,100,31936,313.17,65,2775
2026-07-30T05:24:12Z,1,100,32096,386.54,64,2662
2026-07-30T05:24:12Z,2,50,31674,207.63,62,2917
2026-07-30T05:24:12Z,3,99,31734,288.60,57,2880
2026-07-30T05:24:12Z,4,0,29902,18.56,28,210
2026-07-30T05:24:12Z,5,0,29900,13.73,30,210
2026-07-30T05:24:12Z,6,0,4,10.99,38,210
2026-07-30T05:24:12Z,7,0,1184,14.06,40,210
2026-07-30T05:24:14Z,0,99,31936,406.89,58,2482
2026-07-30T05:24:14Z,1,99,32096,388.70,58,2910
2026-07-30T05:24:14Z,2,57,31674,437.37,57,2505
2026-07-30T05:24:14Z,3,100,31734,427.06,65,2625
2026-07-30T05:24:14Z,4,0,29902,16.03,28,210
2026-07-30T05:24:14Z,5,0,29900,15.46,30,210
2026-07-30T05:24:14Z,6,0,4,11.83,38,210
2026-07-30T05:24:14Z,7,0,1184,13.21,40,210
2026-07-30T05:24:18Z,0,100,31936,426.82,65,2617
2026-07-30T05:24:18Z,1,99,32096,296.98,58,2910
2026-07-30T05:24:18Z,2,99,31674,304.25,55,2895
2026-07-30T05:24:18Z,3,100,31734,450.48,63,2632
2026-07-30T05:24:18Z,4,0,29902,16.48,28,210
2026-07-30T05:24:18Z,5,0,29900,15.89,30,210
2026-07-30T05:24:18Z,6,0,4,10.73,38,210
2026-07-30T05:24:18Z,7,0,1184,12.47,40,210
2026-07-30T05:24:19Z,0,99,31936,295.21,57,2820
2026-07-30T05:24:19Z,1,100,32096,391.94,64,2692
2026-07-30T05:24:19Z,2,97,31674,277.66,55,2895
2026-07-30T05:24:19Z,3,99,31734,292.00,58,2887
2026-07-30T05:24:19Z,4,0,29902,18.26,28,210
2026-07-30T05:24:19Z,5,0,29900,14.88,30,210
2026-07-30T05:24:19Z,6,0,4,11.73,38,210
2026-07-30T05:24:19Z,7,1,17356,318.18,43,2730
2026-07-30T05:24:21Z,0,100,31936,338.58,66,2782
2026-07-30T05:24:21Z,1,99,32096,387.39,59,2910
2026-07-30T05:24:21Z,2,100,31674,450.31,61,2332
2026-07-30T05:24:21Z,3,100,31734,415.36,65,2625
2026-07-30T05:24:21Z,4,0,29902,16.14,28,210
2026-07-30T05:24:21Z,5,0,29900,15.39,30,210
2026-07-30T05:24:21Z,6,0,4,11.36,38,210
2026-07-30T05:24:21Z,7,0,17358,93.89,42,2917
2026-07-30T05:24:22Z,0,99,31936,402.32,58,2812
2026-07-30T05:24:22Z,1,100,32096,386.86,65,2647
2026-07-30T05:24:22Z,2,97,31674,306.50,56,2895
2026-07-30T05:24:22Z,3,99,31734,350.67,58,2887
2026-07-30T05:24:22Z,4,0,29902,18.42,28,210
2026-07-30T05:24:22Z,5,0,29900,12.65,30,210
2026-07-30T05:24:22Z,6,0,4,12.44,37,210
2026-07-30T05:24:22Z,7,0,17358,65.91,41,2430
2026-07-30T05:24:24Z,0,100,31936,317.03,65,2790
2026-07-30T05:24:24Z,1,99,32096,358.80,59,2910
2026-07-30T05:24:24Z,2,99,31674,278.98,55,2895
2026-07-30T05:24:24Z,3,100,31734,420.47,65,2617
2026-07-30T05:24:24Z,4,0,29902,15.68,28,210
2026-07-30T05:24:24Z,5,0,29900,13.67,30,210
2026-07-30T05:24:24Z,6,0,4,10.32,37,210
2026-07-30T05:24:24Z,7,0,17358,63.63,41,2430
2026-07-30T05:24:26Z,0,99,31936,405.71,58,2782
2026-07-30T05:24:26Z,1,88,32096,328.22,65,2910
2026-07-30T05:24:26Z,2,100,31674,456.12,63,2617
2026-07-30T05:24:26Z,3,100,31734,449.80,65,2625
2026-07-30T05:24:26Z,4,0,29902,17.59,28,210
2026-07-30T05:24:26Z,5,0,29900,14.94,30,210
2026-07-30T05:24:26Z,6,0,4,11.76,37,210
2026-07-30T05:24:26Z,7,0,17358,64.76,41,2430
2026-07-30T05:24:27Z,0,99,31936,279.48,58,2752
2026-07-30T05:24:27Z,1,99,32096,440.33,61,2482
2026-07-30T05:24:27Z,2,99,31674,307.76,56,2895
2026-07-30T05:24:27Z,3,99,31734,333.14,59,2887
2026-07-30T05:24:27Z,4,0,29902,17.79,28,210
2026-07-30T05:24:27Z,5,0,29900,13.10,30,210
2026-07-30T05:24:27Z,6,0,4,9.49,37,210
2026-07-30T05:24:27Z,7,0,17358,64.71,41,2430
2026-07-30T05:24:29Z,0,92,31936,278.14,58,2752
2026-07-30T05:24:29Z,1,69,32096,304.37,58,2910
2026-07-30T05:24:29Z,2,99,31674,306.06,56,2895
2026-07-30T05:24:29Z,3,100,31734,342.52,66,2850
2026-07-30T05:24:29Z,4,0,29902,16.70,28,210
2026-07-30T05:24:29Z,5,0,29900,15.56,30,210
2026-07-30T05:24:29Z,6,0,4,13.31,37,210
2026-07-30T05:24:29Z,7,0,17358,63.88,41,2430
2026-07-30T05:24:31Z,0,0,31936,204.52,55,2827
2026-07-30T05:24:31Z,1,99,32096,324.88,59,2872
2026-07-30T05:24:31Z,2,100,31674,357.82,63,2692
2026-07-30T05:24:31Z,3,99,31734,407.95,59,2880
2026-07-30T05:24:31Z,4,0,29902,16.69,28,210
2026-07-30T05:24:31Z,5,0,29900,13.71,30,210
2026-07-30T05:24:31Z,6,0,4,13.28,37,210
2026-07-30T05:24:31Z,7,0,17358,65.71,41,2430
2026-07-30T05:24:32Z,0,100,31936,454.19,64,2625
2026-07-30T05:24:32Z,1,97,32096,325.17,59,2895
2026-07-30T05:24:32Z,2,99,31674,391.70,56,2842
2026-07-30T05:24:32Z,3,98,31734,293.88,58,2880
2026-07-30T05:24:32Z,4,0,29902,15.78,28,210
2026-07-30T05:24:32Z,5,0,29900,14.90,30,210
2026-07-30T05:24:32Z,6,0,4,11.40,37,210
2026-07-30T05:24:32Z,7,0,17358,62.95,41,2430
2026-07-30T05:24:36Z,0,0,31936,247.15,55,2827
2026-07-30T05:24:36Z,1,99,32096,311.07,59,2910
2026-07-30T05:24:36Z,2,99,31674,324.61,56,2895
2026-07-30T05:24:36Z,3,100,31734,452.55,66,2625
2026-07-30T05:24:36Z,4,0,29902,16.36,28,210
2026-07-30T05:24:36Z,5,0,29900,16.50,30,210
2026-07-30T05:24:36Z,6,0,4,11.30,37,210
2026-07-30T05:24:36Z,7,0,17358,63.13,41,2430
2026-07-30T05:24:38Z,0,100,31936,460.91,66,2617
2026-07-30T05:24:38Z,1,99,32096,311.75,59,2910
2026-07-30T05:24:38Z,2,99,31674,306.78,56,2895
2026-07-30T05:24:38Z,3,98,31734,296.97,59,2880
2026-07-30T05:24:38Z,4,0,29902,18.10,28,210
2026-07-30T05:24:38Z,5,0,29900,13.87,30,210
2026-07-30T05:24:38Z,6,0,4,12.69,37,210
2026-07-30T05:24:38Z,7,0,17358,52.12,41,1237
2026-07-30T05:24:39Z,0,100,31936,450.08,66,2602
2026-07-30T05:24:39Z,1,99,32096,306.94,59,2910
2026-07-30T05:24:39Z,2,100,31674,382.16,63,2760
2026-07-30T05:24:39Z,3,100,31734,450.61,65,2632
2026-07-30T05:24:39Z,4,0,29902,15.38,28,210
2026-07-30T05:24:39Z,5,0,29900,14.65,30,210
2026-07-30T05:24:39Z,6,0,4,11.26,37,210
2026-07-30T05:24:39Z,7,0,17358,13.19,40,210
2026-07-30T05:24:41Z,0,99,31936,286.38,58,2812
2026-07-30T05:24:41Z,1,99,32096,292.13,58,2910
2026-07-30T05:24:41Z,2,99,31674,393.58,57,2895
2026-07-30T05:24:41Z,3,99,31734,294.65,59,2887
2026-07-30T05:24:41Z,4,0,29902,18.15,28,210
2026-07-30T05:24:41Z,5,0,29900,14.65,30,210
2026-07-30T05:24:41Z,6,0,4,11.92,37,210
2026-07-30T05:24:41Z,7,0,17358,12.92,40,210
2026-07-30T05:24:43Z,0,99,31936,273.77,58,2820
2026-07-30T05:24:43Z,1,99,32096,312.87,59,2910
2026-07-30T05:24:43Z,2,99,31674,302.82,56,2872
2026-07-30T05:24:43Z,3,80,31734,288.92,58,2880
2026-07-30T05:24:43Z,4,0,29902,16.26,28,210
2026-07-30T05:24:43Z,5,0,29900,15.43,30,210
2026-07-30T05:24:43Z,6,0,1,11.77,37,210
2026-07-30T05:24:43Z,7,100,17358,192.17,49,2002
2026-07-30T05:24:44Z,0,100,31936,366.29,66,2670
2026-07-30T05:24:44Z,1,100,32096,316.97,65,2895
2026-07-30T05:24:44Z,2,100,31674,366.18,63,2625
2026-07-30T05:24:44Z,3,77,31734,288.61,58,2887
2026-07-30T05:24:44Z,4,0,29902,18.71,28,210
2026-07-30T05:24:44Z,5,0,29900,15.23,30,210
2026-07-30T05:24:44Z,6,0,1,15.61,37,210
2026-07-30T05:24:44Z,7,0,17358,95.62,42,2917
2026-07-30T05:24:46Z,0,99,31936,370.98,58,2820
2026-07-30T05:24:46Z,1,82,32096,441.55,60,2370
2026-07-30T05:24:46Z,2,99,31674,378.98,57,2895
2026-07-30T05:24:46Z,3,49,31734,283.08,57,2887
2026-07-30T05:24:46Z,4,0,29902,16.99,28,210
2026-07-30T05:24:46Z,5,0,29900,14.23,30,210
2026-07-30T05:24:46Z,6,0,1,10.73,37,210
2026-07-30T05:24:46Z,7,0,17358,64.44,41,2430
2026-07-30T05:24:47Z,0,99,31936,275.41,58,2820
2026-07-30T05:24:47Z,1,98,32096,304.76,59,2872
2026-07-30T05:24:47Z,2,98,31674,293.72,61,2895
2026-07-30T05:24:47Z,3,100,31734,448.50,66,2617
2026-07-30T05:24:47Z,4,0,29902,17.01,28,210
2026-07-30T05:24:47Z,5,0,29900,16.88,30,210
2026-07-30T05:24:47Z,6,0,1,12.40,37,202
2026-07-30T05:24:47Z,7,0,17358,64.07,41,2430
2026-07-30T05:24:49Z,0,99,31936,271.48,58,2820
2026-07-30T05:24:49Z,1,100,32096,456.68,66,2625
2026-07-30T05:24:49Z,2,100,31674,448.87,62,2490
2026-07-30T05:24:49Z,3,85,31734,318.95,63,2850
2026-07-30T05:24:49Z,4,0,29902,17.10,28,210
2026-07-30T05:24:49Z,5,0,29900,13.82,30,210
2026-07-30T05:24:49Z,6,0,1,12.18,37,210
2026-07-30T05:24:49Z,7,0,17358,65.27,41,2430
2026-07-30T05:24:51Z,0,97,31936,261.71,58,2812
2026-07-30T05:24:51Z,1,99,32096,316.08,59,2872
2026-07-30T05:24:51Z,2,100,31674,299.98,64,2887
2026-07-30T05:24:51Z,3,98,31734,305.85,59,2887
2026-07-30T05:24:51Z,4,0,29902,16.96,28,210
2026-07-30T05:24:51Z,5,0,29900,16.10,30,210
2026-07-30T05:24:51Z,6,0,1,11.89,37,210
2026-07-30T05:24:51Z,7,0,17358,62.66,41,2430
2026-07-30T05:24:54Z,0,98,31936,268.10,58,2805
2026-07-30T05:24:54Z,1,98,32096,313.03,59,2910
2026-07-30T05:24:54Z,2,86,31674,294.50,57,2895
2026-07-30T05:24:54Z,3,100,31734,450.37,64,2572
2026-07-30T05:24:54Z,4,0,29902,15.65,28,210
2026-07-30T05:24:54Z,5,0,29900,16.43,30,210
2026-07-30T05:24:54Z,6,0,1,12.99,37,210
2026-07-30T05:24:54Z,7,0,17358,63.17,41,2430
2026-07-30T05:24:56Z,0,100,31936,454.52,65,2625
2026-07-30T05:24:56Z,1,100,32096,453.16,65,2617
2026-07-30T05:24:56Z,2,100,31674,450.40,60,2422
2026-07-30T05:24:56Z,3,87,31734,298.03,59,2887
2026-07-30T05:24:56Z,4,0,29902,17.83,28,210
2026-07-30T05:24:56Z,5,0,29900,14.34,30,210
2026-07-30T05:24:56Z,6,0,1,12.44,37,210
2026-07-30T05:24:56Z,7,0,17358,66.12,41,2430
2026-07-30T05:24:58Z,0,99,31936,258.58,58,2812
2026-07-30T05:24:58Z,1,100,32096,383.07,66,2707
2026-07-30T05:24:58Z,2,92,31674,289.61,65,2872
2026-07-30T05:24:58Z,3,93,31734,293.67,59,2887
2026-07-30T05:24:58Z,4,0,29902,16.40,28,210
2026-07-30T05:24:58Z,5,0,29900,16.61,30,210
2026-07-30T05:24:58Z,6,0,1,11.23,37,210
2026-07-30T05:24:58Z,7,0,17358,62.89,41,2430
2026-07-30T05:24:59Z,0,100,31936,377.33,65,2670
2026-07-30T05:24:59Z,1,99,32096,401.73,60,2790
2026-07-30T05:24:59Z,2,99,31674,449.36,63,2272
2026-07-30T05:24:59Z,3,100,31734,437.41,66,2625
2026-07-30T05:24:59Z,4,0,29902,17.54,28,210
2026-07-30T05:24:59Z,5,0,29900,14.52,30,210
2026-07-30T05:24:59Z,6,0,1,12.39,37,210
2026-07-30T05:24:59Z,7,0,17358,65.65,41,2430
2026-07-30T05:25:01Z,0,99,31936,377.73,59,2812
2026-07-30T05:25:01Z,1,99,32096,294.44,59,2910
2026-07-30T05:25:01Z,2,28,31674,283.18,60,2895
2026-07-30T05:25:01Z,3,100,31734,449.54,67,2617
2026-07-30T05:25:01Z,4,0,29902,16.58,28,210
2026-07-30T05:25:01Z,5,0,29900,15.13,30,210
2026-07-30T05:25:01Z,6,0,1,11.24,37,210
2026-07-30T05:25:01Z,7,0,17358,41.62,41,450
2026-07-30T05:25:02Z,0,99,31936,276.82,58,2820
2026-07-30T05:25:02Z,1,99,32096,311.50,59,2895
2026-07-30T05:25:02Z,2,98,31674,280.99,57,2887
2026-07-30T05:25:02Z,3,99,31734,336.52,59,2887
2026-07-30T05:25:02Z,4,0,29902,19.15,28,210
2026-07-30T05:25:02Z,5,0,29900,14.61,30,210
2026-07-30T05:25:02Z,6,0,4,13.80,37,210
2026-07-30T05:25:02Z,7,0,17358,13.22,40,210
2026-07-30T05:25:04Z,0,99,31936,276.61,58,2775
2026-07-30T05:25:04Z,1,99,32096,313.45,59,2910
2026-07-30T05:25:04Z,2,100,31674,464.71,64,2625
2026-07-30T05:25:04Z,3,100,31734,343.27,67,2782
2026-07-30T05:25:04Z,4,0,29902,17.98,28,210
2026-07-30T05:25:04Z,5,0,29900,13.46,30,202
2026-07-30T05:25:04Z,6,0,760,65.78,38,2430
2026-07-30T05:25:04Z,7,0,17358,13.80,40,210
2026-07-30T05:25:06Z,0,99,31936,279.68,58,2790
2026-07-30T05:25:06Z,1,99,32096,310.30,59,2872
2026-07-30T05:25:06Z,2,99,31674,288.45,57,2887
2026-07-30T05:25:06Z,3,99,31734,416.08,60,2535
2026-07-30T05:25:06Z,4,0,29902,18.22,28,210
2026-07-30T05:25:06Z,5,0,29900,15.41,30,210
2026-07-30T05:25:06Z,6,0,760,66.89,38,2430
2026-07-30T05:25:06Z,7,0,17358,12.30,40,210
2026-07-30T05:25:07Z,0,98,31936,262.82,58,2782
2026-07-30T05:25:07Z,1,99,32096,309.60,59,2910
2026-07-30T05:25:07Z,2,100,31674,374.10,64,2722
2026-07-30T05:25:07Z,3,99,31734,313.72,59,2857
2026-07-30T05:25:07Z,4,0,29902,18.42,28,210
2026-07-30T05:25:07Z,5,0,29900,14.21,30,210
2026-07-30T05:25:07Z,6,0,760,64.15,38,2430
2026-07-30T05:25:07Z,7,0,17358,146.31,42,2917
2026-07-30T05:25:09Z,0,100,31936,457.65,66,2610
2026-07-30T05:25:09Z,1,100,32096,403.95,65,2632
2026-07-30T05:25:09Z,2,99,31674,400.12,58,2895
2026-07-30T05:25:09Z,3,98,31734,304.97,59,2880
2026-07-30T05:25:09Z,4,0,29902,15.98,28,210
2026-07-30T05:25:09Z,5,0,29900,16.85,30,210
2026-07-30T05:25:09Z,6,0,1154,66.98,38,2460
2026-07-30T05:25:09Z,7,0,17358,76.92,41,2430
2026-07-30T05:25:13Z,0,100,31936,450.51,64,2287
2026-07-30T05:25:13Z,1,100,32096,257.19,66,2827
2026-07-30T05:25:13Z,2,99,31674,424.01,58,2467
2026-07-30T05:25:13Z,3,94,31734,298.03,59,2887
2026-07-30T05:25:13Z,4,0,29902,16.79,28,210
2026-07-30T05:25:13Z,5,0,29900,16.15,30,210
2026-07-30T05:25:13Z,6,0,1154,66.32,38,2430
2026-07-30T05:25:13Z,7,0,17358,62.57,41,2430
2026-07-30T05:25:14Z,0,79,31936,260.81,57,2820
2026-07-30T05:25:14Z,1,99,32096,426.07,60,2887
2026-07-30T05:25:14Z,2,100,31674,333.77,64,2715
2026-07-30T05:25:14Z,3,99,31734,291.02,59,2887
2026-07-30T05:25:14Z,4,0,29902,18.57,28,210
2026-07-30T05:25:14Z,5,0,29900,14.88,30,210
2026-07-30T05:25:14Z,6,0,1154,64.85,38,2430
2026-07-30T05:25:14Z,7,0,17358,66.13,41,2430
2026-07-30T05:25:16Z,0,99,31936,262.65,58,2820
2026-07-30T05:25:16Z,1,99,32096,298.85,60,2872
2026-07-30T05:25:16Z,2,98,31674,441.42,59,2670
2026-07-30T05:25:16Z,3,100,31734,428.28,67,2625
2026-07-30T05:25:16Z,4,0,29902,15.49,28,210
2026-07-30T05:25:16Z,5,0,29900,15.54,30,202
2026-07-30T05:25:16Z,6,0,1606,77.41,38,2460
2026-07-30T05:25:16Z,7,0,17358,63.61,41,2430
2026-07-30T05:25:17Z,0,100,31936,415.38,66,2632
2026-07-30T05:25:17Z,1,0,32096,258.02,57,2925
2026-07-30T05:25:17Z,2,17,31674,280.87,60,2872
2026-07-30T05:25:17Z,3,99,31734,366.90,59,2880
2026-07-30T05:25:17Z,4,0,29902,16.74,28,210
2026-07-30T05:25:17Z,5,0,29900,16.20,30,210
2026-07-30T05:25:17Z,6,88,2370,142.76,48,2527
2026-07-30T05:25:17Z,7,0,17358,64.75,41,2430
2026-07-30T05:25:19Z,0,99,31936,340.20,59,2820
2026-07-30T05:25:19Z,1,100,32096,448.15,67,2610
2026-07-30T05:25:19Z,2,30,31674,282.01,56,2895
2026-07-30T05:25:19Z,3,99,31734,283.06,59,2887
2026-07-30T05:25:19Z,4,0,29902,15.71,28,210
2026-07-30T05:25:19Z,5,0,29900,14.68,30,210
2026-07-30T05:25:19Z,6,99,6996,454.17,49,1995
2026-07-30T05:25:19Z,7,0,17358,64.97,41,2430
2026-07-30T05:25:20Z,0,100,31936,377.44,67,2625
2026-07-30T05:25:20Z,1,100,32096,449.76,67,2625
2026-07-30T05:25:20Z,2,100,31674,458.24,64,2610
2026-07-30T05:25:20Z,3,100,31734,342.96,66,2685
2026-07-30T05:25:20Z,4,0,29902,15.96,28,210
2026-07-30T05:25:20Z,5,0,29900,15.64,30,210
2026-07-30T05:25:20Z,6,99,6404,449.68,49,1642
2026-07-30T05:25:20Z,7,0,17358,63.04,41,2430
2026-07-30T05:25:22Z,0,99,31936,378.85,59,2812
2026-07-30T05:25:22Z,1,99,32096,365.01,60,2910
2026-07-30T05:25:22Z,2,99,31674,333.27,58,2895
2026-07-30T05:25:22Z,3,99,31734,405.02,60,2805
2026-07-30T05:25:22Z,4,0,29902,17.26,28,210
2026-07-30T05:25:22Z,5,0,29900,13.34,30,202
2026-07-30T05:25:22Z,6,100,7168,450.44,50,1762
2026-07-30T05:25:22Z,7,0,17358,65.97,41,2430
2026-07-30T05:25:23Z,0,99,31936,279.19,59,2812
2026-07-30T05:25:23Z,1,100,32096,325.55,68,2910
2026-07-30T05:25:23Z,2,100,31674,309.52,65,2895
2026-07-30T05:25:23Z,3,99,31734,310.47,59,2880
2026-07-30T05:25:23Z,4,0,29902,16.36,28,210
2026-07-30T05:25:23Z,5,0,29900,14.54,30,210
2026-07-30T05:25:23Z,6,1,16978,250.91,42,2872
2026-07-30T05:25:23Z,7,0,17358,62.74,41,2430
2026-07-30T05:25:25Z,0,98,31936,264.09,59,2782
2026-07-30T05:25:25Z,1,99,32096,442.80,63,2452
2026-07-30T05:25:25Z,2,63,31674,437.39,58,2437
2026-07-30T05:25:25Z,3,99,31734,290.03,59,2850
2026-07-30T05:25:25Z,4,0,29902,18.01,28,210
2026-07-30T05:25:25Z,5,0,29900,14.98,30,210
2026-07-30T05:25:25Z,6,3,19284,343.40,43,2872
2026-07-30T05:25:25Z,7,0,17358,25.22,40,345
2026-07-30T05:25:26Z,0,100,31936,454.53,67,2625
2026-07-30T05:25:26Z,1,98,32096,296.69,60,2910
2026-07-30T05:25:26Z,2,100,31674,450.37,63,2422
2026-07-30T05:25:26Z,3,97,31734,309.25,59,2820
2026-07-30T05:25:26Z,4,0,29902,15.22,28,210
2026-07-30T05:25:26Z,5,0,29900,16.66,30,210
2026-07-30T05:25:26Z,6,99,19284,351.95,49,2017
2026-07-30T05:25:26Z,7,0,17358,14.49,40,210
2026-07-30T05:25:30Z,0,82,31936,285.02,58,2782
2026-07-30T05:25:30Z,1,25,32096,295.11,57,2910
2026-07-30T05:25:30Z,2,98,31674,295.83,58,2895
2026-07-30T05:25:30Z,3,100,31734,342.55,68,2880
2026-07-30T05:25:30Z,4,0,29902,15.69,28,210
2026-07-30T05:25:30Z,5,0,29900,14.30,30,210
2026-07-30T05:25:30Z,6,91,19284,326.74,49,1950
2026-07-30T05:25:30Z,7,100,17358,64.97,49,2205
2026-07-30T05:25:32Z,0,98,31936,274.79,58,2812
2026-07-30T05:25:32Z,1,100,32096,469.13,67,2617
2026-07-30T05:25:32Z,2,100,31674,450.84,64,2617
2026-07-30T05:25:32Z,3,99,31734,431.20,60,2632
2026-07-30T05:25:32Z,4,0,29902,17.99,28,210
2026-07-30T05:25:32Z,5,0,29900,15.14,30,210
2026-07-30T05:25:32Z,6,99,19284,311.38,52,2010
2026-07-30T05:25:32Z,7,0,17358,99.12,42,2917
2026-07-30T05:25:33Z,0,100,31936,449.35,67,2610
2026-07-30T05:25:33Z,1,100,32096,449.86,66,2610
2026-07-30T05:25:33Z,2,99,31674,286.65,58,2895
2026-07-30T05:25:33Z,3,90,31734,315.32,60,2857
2026-07-30T05:25:33Z,4,0,29902,17.90,28,210
2026-07-30T05:25:33Z,5,0,29900,13.28,30,210
2026-07-30T05:25:33Z,6,85,19284,233.27,50,2872
2026-07-30T05:25:33Z,7,0,17358,68.19,41,2430
2026-07-30T05:25:35Z,0,99,31936,300.71,59,2820
2026-07-30T05:25:35Z,1,99,32096,343.30,61,2910
2026-07-30T05:25:35Z,2,100,31674,426.77,64,2617
2026-07-30T05:25:35Z,3,99,31734,305.02,59,2880
2026-07-30T05:25:35Z,4,0,29902,16.09,28,210
2026-07-30T05:25:35Z,5,0,29900,15.83,30,210
2026-07-30T05:25:35Z,6,0,19284,299.04,44,2872
2026-07-30T05:25:35Z,7,0,17358,63.49,41,2430
2026-07-30T05:25:37Z,0,100,31936,220.40,67,2767
2026-07-30T05:25:37Z,1,100,32096,346.19,67,2887
2026-07-30T05:25:37Z,2,100,31674,449.80,65,2625
2026-07-30T05:25:37Z,3,100,31734,461.25,65,2625
2026-07-30T05:25:37Z,4,0,29902,17.69,28,210
2026-07-30T05:25:37Z,5,0,29900,13.98,30,210
2026-07-30T05:25:37Z,6,51,19284,398.28,50,2025
2026-07-30T05:25:37Z,7,0,17358,65.79,41,2430
2026-07-30T05:25:38Z,0,99,31936,431.49,60,2407
2026-07-30T05:25:38Z,1,99,32096,433.47,62,2332
2026-07-30T05:25:38Z,2,99,31674,397.45,59,2895
2026-07-30T05:25:38Z,3,100,31734,449.67,65,2610
2026-07-30T05:25:38Z,4,0,29902,14.70,28,210
2026-07-30T05:25:38Z,5,0,29900,16.52,30,210
2026-07-30T05:25:38Z,6,99,19284,353.56,53,2677
2026-07-30T05:25:38Z,7,0,17358,62.59,41,2430
2026-07-30T05:25:40Z,0,82,31936,280.94,61,2820
2026-07-30T05:25:40Z,1,100,32096,337.80,66,2812
2026-07-30T05:25:40Z,2,99,31674,292.86,58,2895
2026-07-30T05:25:40Z,3,99,31734,344.15,59,2887
2026-07-30T05:25:40Z,4,0,29902,18.27,28,210
2026-07-30T05:25:40Z,5,0,29900,14.21,30,210
2026-07-30T05:25:40Z,6,100,19284,224.15,53,2122
2026-07-30T05:25:40Z,7,0,17358,65.05,41,2430
2026-07-30T05:25:41Z,0,32,31936,254.47,62,2812
2026-07-30T05:25:41Z,1,98,32096,444.63,62,2400
2026-07-30T05:25:41Z,2,99,31674,303.59,58,2872
2026-07-30T05:25:41Z,3,100,31734,332.62,68,2880
2026-07-30T05:25:41Z,4,0,29902,15.64,28,210
2026-07-30T05:25:41Z,5,0,29900,14.63,30,210
2026-07-30T05:25:41Z,6,99,19284,406.44,53,2092
2026-07-30T05:25:41Z,7,0,17358,63.15,41,2430
2026-07-30T05:25:43Z,0,72,31936,265.02,62,2820
2026-07-30T05:25:43Z,1,99,32096,305.90,61,2865
2026-07-30T05:25:43Z,2,99,31674,311.06,58,2820
2026-07-30T05:25:43Z,3,99,31734,434.50,61,2557
2026-07-30T05:25:43Z,4,0,29902,18.40,28,210
2026-07-30T05:25:43Z,5,0,29900,14.05,30,210
2026-07-30T05:25:43Z,6,5,19284,185.01,52,2827
2026-07-30T05:25:43Z,7,0,17358,64.43,41,2430
2026-07-30T05:25:44Z,0,99,31936,261.03,58,2820
2026-07-30T05:25:44Z,1,0,32096,266.63,58,2925
2026-07-30T05:25:44Z,2,99,31674,292.62,58,2880
2026-07-30T05:25:44Z,3,36,31734,297.63,59,2880
2026-07-30T05:25:44Z,4,0,29902,18.10,28,210
2026-07-30T05:25:44Z,5,0,29900,13.69,30,210
2026-07-30T05:25:44Z,6,70,19284,398.66,50,2407
2026-07-30T05:25:44Z,7,0,17358,64.82,41,2430
2026-07-30T05:25:48Z,0,93,31936,252.21,58,2812
2026-07-30T05:25:48Z,1,100,32096,450.38,65,2617
2026-07-30T05:25:48Z,2,99,31674,444.49,59,2287
2026-07-30T05:25:48Z,3,99,31734,304.02,59,2887
2026-07-30T05:25:48Z,4,0,29902,17.49,28,210
2026-07-30T05:25:48Z,5,0,29900,13.48,30,210
2026-07-30T05:25:48Z,6,97,19284,343.39,53,2535
2026-07-30T05:25:48Z,7,0,17358,65.42,41,2430
2026-07-30T05:25:50Z,0,100,31936,465.97,65,2610
2026-07-30T05:25:50Z,1,99,32096,310.64,61,2910
2026-07-30T05:25:50Z,2,85,31674,318.05,62,2857
2026-07-30T05:25:50Z,3,100,31734,373.43,66,2640
2026-07-30T05:25:50Z,4,0,29902,17.88,28,202
2026-07-30T05:25:50Z,5,0,29900,15.88,30,210
2026-07-30T05:25:50Z,6,100,19284,258.21,53,2250
2026-07-30T05:25:50Z,7,0,17358,24.92,40,345
2026-07-30T05:25:51Z,0,99,31936,283.25,59,2797
2026-07-30T05:25:51Z,1,100,32096,424.03,67,2610
2026-07-30T05:25:51Z,2,99,31674,307.01,58,2895
2026-07-30T05:25:51Z,3,99,31734,387.48,59,2887
2026-07-30T05:25:51Z,4,0,29902,18.06,28,210
2026-07-30T05:25:51Z,5,0,29900,13.96,30,210
2026-07-30T05:25:51Z,6,80,19284,362.55,52,2130
2026-07-30T05:25:51Z,7,0,17358,14.34,40,210
2026-07-30T05:25:53Z,0,99,31936,255.04,58,2812
2026-07-30T05:25:53Z,1,100,32096,449.89,67,2617
2026-07-30T05:25:53Z,2,100,31674,450.80,64,2610
2026-07-30T05:25:53Z,3,98,31734,280.77,59,2880
2026-07-30T05:25:53Z,4,0,29902,15.81,28,210
2026-07-30T05:25:53Z,5,0,29900,15.45,30,210
2026-07-30T05:25:53Z,6,0,19284,278.00,47,2917
2026-07-30T05:25:53Z,7,0,17358,12.13,40,210
2026-07-30T05:25:54Z,0,91,31936,287.42,59,2812
2026-07-30T05:25:54Z,1,99,32096,365.07,61,2910
2026-07-30T05:25:54Z,2,99,31674,352.99,58,2895
2026-07-30T05:25:54Z,3,100,31734,450.68,65,2535
2026-07-30T05:25:54Z,4,0,29902,17.29,28,210
2026-07-30T05:25:54Z,5,0,29900,14.56,30,210
2026-07-30T05:25:54Z,6,99,19284,433.02,54,2017
2026-07-30T05:25:54Z,7,0,17358,14.12,40,210
2026-07-30T05:25:56Z,0,100,31936,293.41,67,2812
2026-07-30T05:25:56Z,1,86,32096,315.06,68,2902
2026-07-30T05:25:56Z,2,99,31674,272.35,58,2895
2026-07-30T05:25:56Z,3,99,31734,287.95,59,2887
2026-07-30T05:25:56Z,4,0,29902,16.48,28,202
2026-07-30T05:25:56Z,5,0,29900,15.31,30,210
2026-07-30T05:25:56Z,6,0,19284,327.89,47,2917
2026-07-30T05:25:56Z,7,0,17358,261.82,42,2917
2026-07-30T05:25:57Z,0,98,31936,439.92,60,2505
2026-07-30T05:25:57Z,1,100,32096,450.53,63,2400
2026-07-30T05:25:57Z,2,100,31674,329.05,65,2865
2026-07-30T05:25:57Z,3,99,31734,300.09,59,2887
2026-07-30T05:25:57Z,4,0,29902,17.86,28,210
2026-07-30T05:25:57Z,5,0,29900,15.07,30,210
2026-07-30T05:25:57Z,6,0,19284,93.65,46,2842
2026-07-30T05:25:57Z,7,0,17358,84.34,41,2430
2026-07-30T05:25:59Z,0,97,31936,254.85,58,2812
2026-07-30T05:25:59Z,1,88,32096,317.98,61,2902
2026-07-30T05:25:59Z,2,99,31674,442.86,59,2280
2026-07-30T05:25:59Z,3,100,31734,423.50,66,2640
2026-07-30T05:25:59Z,4,0,29902,16.70,28,210
2026-07-30T05:25:59Z,5,0,29900,13.72,30,210
2026-07-30T05:25:59Z,6,84,19284,418.83,54,2010
2026-07-30T05:25:59Z,7,0,17358,64.89,41,2430
2026-07-30T05:26:01Z,0,100,31936,449.40,67,2610
2026-07-30T05:26:01Z,1,17,32096,283.20,67,2902
2026-07-30T05:26:01Z,2,85,31674,296.52,62,2857
2026-07-30T05:26:01Z,3,99,31734,368.59,60,2887
2026-07-30T05:26:01Z,4,0,29902,16.70,28,210
2026-07-30T05:26:01Z,5,0,29900,15.21,30,210
2026-07-30T05:26:01Z,6,99,19284,362.76,55,2077
2026-07-30T05:26:01Z,7,0,17358,62.56,41,2430
2026-07-30T05:26:02Z,0,98,31936,291.10,59,2820
2026-07-30T05:26:02Z,1,100,32096,450.41,66,2370
2026-07-30T05:26:02Z,2,99,31674,307.10,58,2895
2026-07-30T05:26:02Z,3,13,31734,187.17,56,2902
2026-07-30T05:26:02Z,4,0,29902,18.12,28,202
2026-07-30T05:26:02Z,5,0,29900,13.04,30,210
2026-07-30T05:26:02Z,6,100,19284,249.81,56,1927
2026-07-30T05:26:02Z,7,0,17358,65.36,41,2430
2026-07-30T05:26:06Z,0,99,31936,264.92,59,2812
2026-07-30T05:26:06Z,1,100,32096,450.64,67,2617
2026-07-30T05:26:06Z,2,99,31674,297.87,58,2895
2026-07-30T05:26:06Z,3,0,31734,220.40,56,2902
2026-07-30T05:26:06Z,4,0,29902,17.16,28,210
2026-07-30T05:26:06Z,5,0,29900,13.38,30,210
2026-07-30T05:26:06Z,6,99,19284,207.26,56,2917
2026-07-30T05:26:06Z,7,0,17358,65.41,41,2430
2026-07-30T05:26:07Z,0,99,31936,262.29,59,2820
2026-07-30T05:26:07Z,1,100,32096,451.67,68,2610
2026-07-30T05:26:07Z,2,100,31674,398.86,65,2640
2026-07-30T05:26:07Z,3,100,31734,451.21,64,2572
2026-07-30T05:26:07Z,4,0,29902,15.53,28,210
2026-07-30T05:26:07Z,5,0,29900,14.33,30,210
2026-07-30T05:26:07Z,6,6,19284,379.08,50,2197
2026-07-30T05:26:07Z,7,0,17358,61.59,41,2430
2026-07-30T05:26:09Z,0,100,31936,398.98,67,2677
2026-07-30T05:26:09Z,1,99,32096,310.24,62,2910
2026-07-30T05:26:09Z,2,99,31674,379.82,59,2895
2026-07-30T05:26:09Z,3,100,31734,456.17,67,2625
2026-07-30T05:26:09Z,4,0,29902,18.13,28,210
2026-07-30T05:26:09Z,5,0,29900,15.05,30,210
2026-07-30T05:26:09Z,6,99,19284,358.47,56,2197
2026-07-30T05:26:09Z,7,0,17358,64.16,41,2430
2026-07-30T05:26:10Z,0,99,31936,361.62,59,2820
2026-07-30T05:26:10Z,1,100,32096,398.23,68,2617
2026-07-30T05:26:10Z,2,99,31674,317.40,58,2857
2026-07-30T05:26:10Z,3,99,31734,310.53,60,2887
2026-07-30T05:26:10Z,4,0,29902,16.72,28,210
2026-07-30T05:26:10Z,5,0,29900,14.09,30,210
2026-07-30T05:26:10Z,6,99,19284,352.38,57,2527
2026-07-30T05:26:10Z,7,0,17358,63.46,41,2430
2026-07-30T05:26:12Z,0,99,31936,254.87,59,2812
2026-07-30T05:26:12Z,1,99,32096,384.35,62,2895
2026-07-30T05:26:12Z,2,99,31674,319.08,58,2895
2026-07-30T05:26:12Z,3,100,31734,392.81,66,2670
2026-07-30T05:26:12Z,4,0,29902,17.53,28,210
2026-07-30T05:26:12Z,5,0,29900,15.31,30,210
2026-07-30T05:26:12Z,6,99,19284,365.88,58,2625
2026-07-30T05:26:12Z,7,0,17358,62.94,41,2430
2026-07-30T05:26:13Z,0,99,31936,251.79,58,2820
2026-07-30T05:26:13Z,1,100,32096,358.22,68,2670
2026-07-30T05:26:13Z,2,99,31674,275.73,58,2887
2026-07-30T05:26:13Z,3,99,31734,395.12,60,2887
2026-07-30T05:26:13Z,4,0,29902,18.03,28,210
2026-07-30T05:26:13Z,5,0,29900,12.99,30,210
2026-07-30T05:26:13Z,6,99,19284,227.99,56,2257
2026-07-30T05:26:13Z,7,0,17358,59.38,40,1237
2026-07-30T05:26:15Z,0,98,31936,272.60,58,2812
2026-07-30T05:26:15Z,1,99,32096,413.23,62,2775
2026-07-30T05:26:15Z,2,98,31674,305.55,58,2895
2026-07-30T05:26:15Z,3,99,31734,319.55,59,2842
2026-07-30T05:26:15Z,4,0,29902,16.13,28,210
2026-07-30T05:26:15Z,5,0,29900,16.81,30,210
2026-07-30T05:26:15Z,6,99,19284,387.71,57,2205
2026-07-30T05:26:15Z,7,0,17358,25.12,40,345
2026-07-30T05:26:17Z,0,100,31936,459.36,67,2617
2026-07-30T05:26:17Z,1,99,32096,319.05,62,2842
2026-07-30T05:26:17Z,2,100,31674,464.82,65,2610
2026-07-30T05:26:17Z,3,99,31734,296.29,59,2880
2026-07-30T05:26:17Z,4,0,29902,18.05,28,210
2026-07-30T05:26:17Z,5,0,29900,13.87,30,210
2026-07-30T05:26:17Z,6,0,19284,254.37,49,2917
2026-07-30T05:26:17Z,7,0,17358,13.91,40,210
2026-07-30T05:26:18Z,0,100,31936,357.83,67,2685
2026-07-30T05:26:18Z,1,99,32096,299.94,61,2865
2026-07-30T05:26:18Z,2,99,31674,287.82,58,2895
2026-07-30T05:26:18Z,3,98,31734,305.17,59,2887
2026-07-30T05:26:18Z,4,0,29902,15.03,28,210
2026-07-30T05:26:18Z,5,0,29900,14.18,30,210
2026-07-30T05:26:18Z,6,99,19284,384.87,58,2572
2026-07-30T05:26:18Z,7,0,17358,13.85,40,210
2026-07-30T05:26:20Z,0,99,31936,393.80,60,2812
2026-07-30T05:26:20Z,1,99,32096,301.55,61,2865
2026-07-30T05:26:20Z,2,100,31674,296.05,64,2670
2026-07-30T05:26:20Z,3,100,31734,451.77,66,2625
2026-07-30T05:26:20Z,4,0,29902,17.53,28,210
2026-07-30T05:26:20Z,5,0,29900,15.04,30,210
2026-07-30T05:26:20Z,6,83,19284,248.79,58,2917
2026-07-30T05:26:20Z,7,100,17358,180.22,50,2092
2026-07-30T05:26:23Z,0,99,31936,272.57,59,2820
2026-07-30T05:26:23Z,1,99,32096,442.07,63,2445
2026-07-30T05:26:23Z,2,99,31674,338.99,58,2895
2026-07-30T05:26:23Z,3,66,31734,287.60,59,2887
2026-07-30T05:26:23Z,4,0,29902,17.31,28,210
2026-07-30T05:26:23Z,5,0,29900,15.29,30,210
2026-07-30T05:26:23Z,6,42,19284,388.38,54,2707
2026-07-30T05:26:23Z,7,0,17358,64.76,41,2430
2026-07-30T05:26:25Z,0,100,31936,311.57,67,2775
2026-07-30T05:26:25Z,1,83,32096,310.02,65,2910
2026-07-30T05:26:25Z,2,99,31674,295.43,58,2895
2026-07-30T05:26:25Z,3,100,31734,411.18,66,2625
2026-07-30T05:26:25Z,4,0,29902,15.82,28,210
2026-07-30T05:26:25Z,5,0,29900,14.68,30,210
2026-07-30T05:26:25Z,6,23,19284,342.30,53,2610
2026-07-30T05:26:25Z,7,0,17358,64.81,41,2430
2026-07-30T05:26:26Z,0,99,31936,436.70,60,2445
2026-07-30T05:26:26Z,1,99,32096,292.95,61,2910
2026-07-30T05:26:26Z,2,100,31674,311.86,65,2887
2026-07-30T05:26:26Z,3,99,31734,329.19,59,2887
2026-07-30T05:26:26Z,4,0,29902,18.43,28,210
2026-07-30T05:26:26Z,5,0,29900,14.66,30,210
2026-07-30T05:26:26Z,6,22,19284,321.65,51,2550
2026-07-30T05:26:26Z,7,0,17358,63.40,41,2430
2026-07-30T05:26:28Z,0,97,31936,278.04,63,2820
2026-07-30T05:26:28Z,1,100,32096,469.85,68,2617
2026-07-30T05:26:28Z,2,100,31674,450.14,64,2385
2026-07-30T05:26:28Z,3,99,31734,307.75,59,2887
2026-07-30T05:26:28Z,4,0,29902,18.08,28,210
2026-07-30T05:26:28Z,5,0,29900,12.79,30,210
2026-07-30T05:26:28Z,6,38,19284,360.02,54,2122
2026-07-30T05:26:28Z,7,0,17358,65.38,41,2430
2026-07-30T05:26:30Z,0,100,31936,331.37,67,2782
2026-07-30T05:26:30Z,1,99,32096,350.10,62,2910
2026-07-30T05:26:30Z,2,96,31674,308.26,58,2895
2026-07-30T05:26:30Z,3,79,31734,212.54,66,2865
2026-07-30T05:26:30Z,4,0,29902,16.28,28,210
2026-07-30T05:26:30Z,5,0,29900,15.87,30,210
2026-07-30T05:26:30Z,6,100,19284,284.71,59,2392
2026-07-30T05:26:30Z,7,0,17358,62.85,41,2430
2026-07-30T05:26:31Z,0,55,31936,403.46,59,2355
2026-07-30T05:26:31Z,1,86,32096,328.20,67,2902
2026-07-30T05:26:31Z,2,100,31674,435.89,65,2595
2026-07-30T05:26:31Z,3,89,31734,447.96,65,2302
2026-07-30T05:26:31Z,4,0,29902,18.46,28,210
2026-07-30T05:26:31Z,5,0,29900,13.85,30,210
2026-07-30T05:26:31Z,6,0,19284,188.37,50,2917
2026-07-30T05:26:31Z,7,0,17358,65.21,41,2430
2026-07-30T05:26:33Z,0,99,31936,293.79,60,2820
2026-07-30T05:26:33Z,1,100,32096,450.34,67,2422
2026-07-30T05:26:33Z,2,100,31674,449.98,66,2610
2026-07-30T05:26:33Z,3,100,31734,450.43,65,2572
2026-07-30T05:26:33Z,4,0,29902,15.94,28,210
2026-07-30T05:26:33Z,5,0,29900,16.38,30,210
2026-07-30T05:26:33Z,6,99,19284,137.45,56,2437
2026-07-30T05:26:33Z,7,0,17358,63.30,41,2430
2026-07-30T05:26:34Z,0,100,31936,410.29,66,2625
2026-07-30T05:26:34Z,1,99,32096,330.96,62,2910
2026-07-30T05:26:34Z,2,99,31674,387.26,60,2895
2026-07-30T05:26:34Z,3,99,31734,336.45,60,2887
2026-07-30T05:26:34Z,4,0,29902,17.77,28,210
2026-07-30T05:26:34Z,5,0,29900,16.22,30,210
2026-07-30T05:26:34Z,6,99,19284,381.59,59,2767
2026-07-30T05:26:34Z,7,0,17358,64.39,41,2430
2026-07-30T05:26:36Z,0,100,31936,449.82,68,2685
2026-07-30T05:26:36Z,1,100,32096,398.48,68,2640
2026-07-30T05:26:36Z,2,99,31674,350.27,59,2812
2026-07-30T05:26:36Z,3,100,31734,393.78,67,2700
2026-07-30T05:26:36Z,4,0,29902,17.15,28,210
2026-07-30T05:26:36Z,5,0,29900,14.71,30,210
2026-07-30T05:26:36Z,6,88,19284,352.42,54,1942
2026-07-30T05:26:36Z,7,0,17358,65.10,41,2430
2026-07-30T05:26:37Z,0,100,31936,449.82,66,2602
2026-07-30T05:26:37Z,1,100,32096,449.76,69,2752
2026-07-30T05:26:37Z,2,100,31674,452.74,66,2610
2026-07-30T05:26:37Z,3,100,31734,449.68,66,2752
2026-07-30T05:26:37Z,4,0,29902,15.65,28,210
2026-07-30T05:26:37Z,5,0,29900,15.93,30,210
2026-07-30T05:26:37Z,6,68,19284,338.34,52,2152
2026-07-30T05:26:37Z,7,0,17358,62.53,41,2430
2026-07-30T05:26:41Z,0,100,31936,430.20,68,2617
2026-07-30T05:26:41Z,1,100,32096,450.33,65,2310
2026-07-30T05:26:41Z,2,100,31674,450.36,64,2467
2026-07-30T05:26:41Z,3,99,31734,381.99,61,2880
2026-07-30T05:26:41Z,4,0,29902,15.52,28,210
2026-07-30T05:26:41Z,5,0,29900,15.65,30,210
2026-07-30T05:26:41Z,6,99,19284,231.01,59,2190
2026-07-30T05:26:41Z,7,0,17358,11.60,40,210
2026-07-30T05:26:42Z,0,99,31936,356.72,61,2820
2026-07-30T05:26:42Z,1,100,32096,416.41,69,2632
2026-07-30T05:26:42Z,2,100,31674,450.16,65,2610
2026-07-30T05:26:42Z,3,99,31734,336.06,61,2835
2026-07-30T05:26:42Z,4,0,29902,18.69,28,210
2026-07-30T05:26:42Z,5,0,29900,15.16,30,210
2026-07-30T05:26:42Z,6,99,19284,395.78,60,2730
2026-07-30T05:26:42Z,7,0,17358,14.41,40,210
2026-07-30T05:26:44Z,0,100,31936,451.33,66,2610
2026-07-30T05:26:44Z,1,99,32096,414.10,63,2782
2026-07-30T05:26:44Z,2,99,31674,335.92,60,2895
2026-07-30T05:26:44Z,3,78,31734,357.24,65,2805
2026-07-30T05:26:44Z,4,0,29902,15.95,28,210
2026-07-30T05:26:44Z,5,0,29900,14.90,30,210
2026-07-30T05:26:44Z,6,0,19284,305.32,52,2857
2026-07-30T05:26:44Z,7,26,17358,317.94,42,2910
2026-07-30T05:26:46Z,0,80,31936,329.07,65,2745
2026-07-30T05:26:46Z,1,99,32096,343.18,62,2865
2026-07-30T05:26:46Z,2,100,31674,455.83,65,2610
2026-07-30T05:26:46Z,3,99,31734,336.51,60,2887
2026-07-30T05:26:46Z,4,0,29902,18.33,28,210
2026-07-30T05:26:46Z,5,0,29900,14.46,30,210
2026-07-30T05:26:46Z,6,26,19284,357.17,54,2805
2026-07-30T05:26:46Z,7,0,17358,90.13,41,2452
2026-07-30T05:26:47Z,0,77,31936,301.59,60,2812
2026-07-30T05:26:47Z,1,100,32096,450.93,67,2565
2026-07-30T05:26:47Z,2,99,31674,340.30,60,2895
2026-07-30T05:26:47Z,3,99,31734,320.67,60,2887
2026-07-30T05:26:47Z,4,0,29902,17.29,28,210
2026-07-30T05:26:47Z,5,0,29900,14.95,30,210
2026-07-30T05:26:47Z,6,0,19284,338.73,53,2872
2026-07-30T05:26:47Z,7,0,17358,63.67,41,2430
2026-07-30T05:26:49Z,0,100,31936,338.07,68,2805
2026-07-30T05:26:49Z,1,100,32096,454.37,70,2617
2026-07-30T05:26:49Z,2,99,31674,341.47,60,2902
2026-07-30T05:26:49Z,3,100,31734,391.69,67,2632
2026-07-30T05:26:49Z,4,0,29902,17.19,28,210
2026-07-30T05:26:49Z,5,0,29900,15.64,30,210
2026-07-30T05:26:49Z,6,38,19284,339.01,59,2722
2026-07-30T05:26:49Z,7,0,17358,64.43,41,2430
2026-07-30T05:26:50Z,0,99,31936,440.47,63,2317
2026-07-30T05:26:50Z,1,100,32096,400.55,68,2715
2026-07-30T05:26:50Z,2,99,31674,337.23,60,2880
2026-07-30T05:26:50Z,3,100,31734,449.78,67,2662
2026-07-30T05:26:50Z,4,0,29902,17.57,28,210
2026-07-30T05:26:50Z,5,0,29900,13.13,30,210
2026-07-30T05:26:50Z,6,0,19284,351.07,53,2895
2026-07-30T05:26:50Z,7,0,17358,64.86,41,2430
2026-07-30T05:26:52Z,0,100,31936,390.97,68,2767
2026-07-30T05:26:52Z,1,99,32096,434.33,64,2700
2026-07-30T05:26:52Z,2,100,31674,450.30,65,2617
2026-07-30T05:26:52Z,3,78,31734,425.04,62,2767
2026-07-30T05:26:52Z,4,0,29902,15.68,28,210
2026-07-30T05:26:52Z,5,0,29900,16.12,30,210
2026-07-30T05:26:52Z,6,99,19284,231.19,60,2430
2026-07-30T05:26:52Z,7,0,17358,62.83,41,2430
2026-07-30T05:26:53Z,0,99,31936,402.35,61,2812
2026-07-30T05:26:53Z,1,99,32096,358.66,63,2895
2026-07-30T05:26:53Z,2,99,31674,339.03,59,2857
2026-07-30T05:26:53Z,3,94,31734,322.18,60,2887
2026-07-30T05:26:53Z,4,0,29902,18.72,28,210
2026-07-30T05:26:53Z,5,0,29900,13.99,30,210
2026-07-30T05:26:53Z,6,53,19284,415.15,57,2340
2026-07-30T05:26:53Z,7,0,17358,65.50,41,2430
2026-07-30T05:26:55Z,0,100,31936,406.95,67,2617
2026-07-30T05:26:55Z,1,99,32096,342.98,63,2827
2026-07-30T05:26:55Z,2,100,31674,464.66,66,2610
2026-07-30T05:26:55Z,3,100,31734,461.05,67,2617
2026-07-30T05:26:55Z,4,0,29902,15.91,28,210
2026-07-30T05:26:55Z,5,0,29900,15.27,30,210
2026-07-30T05:26:55Z,6,86,19284,270.48,57,2227
2026-07-30T05:26:55Z,7,0,17358,62.38,41,2430
2026-07-30T05:26:59Z,0,100,31936,450.50,66,2505
2026-07-30T05:26:59Z,1,99,32096,384.06,64,2895
2026-07-30T05:26:59Z,2,99,31674,347.67,60,2895
2026-07-30T05:26:59Z,3,100,31734,379.62,68,2745
2026-07-30T05:26:59Z,4,0,29902,15.91,28,210
2026-07-30T05:26:59Z,5,0,29900,15.81,31,210
2026-07-30T05:26:59Z,6,69,19284,372.83,55,2805
2026-07-30T05:26:59Z,7,0,17358,62.81,41,2430
2026-07-30T05:27:00Z,0,87,31936,324.95,69,2797
2026-07-30T05:27:00Z,1,95,32096,365.28,64,2895
2026-07-30T05:27:00Z,2,99,31674,338.81,60,2895
2026-07-30T05:27:00Z,3,100,31734,449.23,68,2617
2026-07-30T05:27:00Z,4,0,29902,17.38,28,210
2026-07-30T05:27:00Z,5,0,29900,14.72,30,210
2026-07-30T05:27:00Z,6,0,19284,306.38,54,2767
2026-07-30T05:27:00Z,7,0,17358,65.15,41,2430
2026-07-30T05:27:02Z,0,100,31936,450.45,67,2272
2026-07-30T05:27:02Z,1,100,32096,467.66,70,2602
2026-07-30T05:27:02Z,2,100,31674,443.95,67,2602
2026-07-30T05:27:02Z,3,99,31734,442.21,63,2332
2026-07-30T05:27:02Z,4,0,29902,16.57,28,210
2026-07-30T05:27:02Z,5,0,29900,14.51,30,210
2026-07-30T05:27:02Z,6,99,19284,362.93,60,2782
2026-07-30T05:27:02Z,7,0,17358,45.89,40,442
2026-07-30T05:27:03Z,0,99,31936,286.30,61,2820
2026-07-30T05:27:03Z,1,54,32096,359.09,63,2895
2026-07-30T05:27:03Z,2,99,31674,377.40,60,2895
2026-07-30T05:27:03Z,3,100,31734,418.30,68,2617
2026-07-30T05:27:03Z,4,0,29902,17.01,28,210
2026-07-30T05:27:03Z,5,0,29900,16.66,30,210
2026-07-30T05:27:03Z,6,0,19284,320.79,54,2700
2026-07-30T05:27:03Z,7,0,17358,13.00,40,210
2026-07-30T05:27:05Z,0,100,31936,463.05,68,2602
2026-07-30T05:27:05Z,1,100,32096,468.02,70,2602
2026-07-30T05:27:05Z,2,99,31674,341.85,65,2872
2026-07-30T05:27:05Z,3,99,31734,400.36,61,2880
2026-07-30T05:27:05Z,4,0,29902,17.68,28,210
2026-07-30T05:27:05Z,5,0,29900,13.52,30,210
2026-07-30T05:27:05Z,6,100,19284,252.99,62,2587
2026-07-30T05:27:05Z,7,0,17358,13.72,40,210
2026-07-30T05:27:06Z,0,100,31936,459.61,69,2602
2026-07-30T05:27:06Z,1,100,32096,449.88,69,2602
2026-07-30T05:27:06Z,2,100,31674,450.52,64,2295
2026-07-30T05:27:06Z,3,99,31734,324.78,61,2842
2026-07-30T05:27:06Z,4,0,29902,15.55,28,210
2026-07-30T05:27:06Z,5,0,29900,14.77,31,210
2026-07-30T05:27:06Z,6,0,19284,199.96,53,2902
2026-07-30T05:27:06Z,7,0,17358,11.69,40,210
2026-07-30T05:27:08Z,0,100,31936,449.73,68,2602
2026-07-30T05:27:08Z,1,99,32096,385.50,64,2895
2026-07-30T05:27:08Z,2,99,31674,332.05,60,2850
2026-07-30T05:27:08Z,3,100,31734,403.56,68,2760
2026-07-30T05:27:08Z,4,0,29902,18.78,28,210
2026-07-30T05:27:08Z,5,0,29900,13.32,30,210
2026-07-30T05:27:08Z,6,1,19284,91.17,52,2535
2026-07-30T05:27:08Z,7,29,17358,21.42,48,1267
2026-07-30T05:27:10Z,0,99,31936,354.76,62,2812
2026-07-30T05:27:10Z,1,99,32096,346.53,63,2902
2026-07-30T05:27:10Z,2,100,31674,450.48,67,2595
2026-07-30T05:27:10Z,3,66,31734,395.50,61,2887
2026-07-30T05:27:10Z,4,0,29902,15.85,28,210
2026-07-30T05:27:10Z,5,0,29900,15.70,31,210
2026-07-30T05:27:10Z,6,0,19284,79.87,51,2482
2026-07-30T05:27:10Z,7,0,17358,118.93,42,2917
2026-07-30T05:27:11Z,0,80,31936,297.58,60,2805
2026-07-30T05:27:11Z,1,100,32096,450.33,68,2557
2026-07-30T05:27:11Z,2,100,31674,451.12,66,2602
2026-07-30T05:27:11Z,3,82,31734,323.21,67,2887
2026-07-30T05:27:11Z,4,0,29902,18.43,28,210
2026-07-30T05:27:11Z,5,0,29900,14.68,30,210
2026-07-30T05:27:11Z,6,1,19284,81.80,51,2527
2026-07-30T05:27:11Z,7,0,17358,74.56,41,2430
2026-07-30T05:27:13Z,0,100,31936,450.27,67,2355
2026-07-30T05:27:13Z,1,99,32096,365.22,64,2865
2026-07-30T05:27:13Z,2,99,31674,345.57,61,2895
2026-07-30T05:27:13Z,3,100,31734,450.16,66,2557
2026-07-30T05:27:13Z,4,0,29902,15.24,28,210
2026-07-30T05:27:13Z,5,0,29900,15.35,31,210
2026-07-30T05:27:13Z,6,0,19284,78.97,51,2520
2026-07-30T05:27:13Z,7,0,17358,64.13,41,2430
2026-07-30T05:27:16Z,0,99,31936,285.29,61,2820
2026-07-30T05:27:16Z,1,100,32096,449.45,70,2737
2026-07-30T05:27:16Z,2,100,31674,370.27,67,2812
2026-07-30T05:27:16Z,3,100,31754,452.27,68,2610
2026-07-30T05:27:16Z,4,0,29902,17.86,28,210
2026-07-30T05:27:16Z,5,0,29900,13.51,30,210
2026-07-30T05:27:16Z,6,0,19284,77.70,50,2482
2026-07-30T05:27:16Z,7,0,17358,64.44,41,2430
2026-07-30T05:27:18Z,0,100,31936,456.96,69,2610
2026-07-30T05:27:18Z,1,99,32096,443.54,66,2475
2026-07-30T05:27:18Z,2,99,31674,431.36,61,2355
2026-07-30T05:27:18Z,3,99,31754,367.00,61,2887
2026-07-30T05:27:18Z,4,0,29902,16.23,28,210
2026-07-30T05:27:18Z,5,0,29900,15.65,31,210
2026-07-30T05:27:18Z,6,1,19284,79.05,50,2475
2026-07-30T05:27:18Z,7,0,17358,63.36,41,2430
2026-07-30T05:27:19Z,0,100,31936,451.16,68,2602
2026-07-30T05:27:19Z,1,100,32096,371.48,70,2857
2026-07-30T05:27:19Z,2,100,31674,406.64,67,2677
2026-07-30T05:27:19Z,3,99,31754,293.78,60,2887
2026-07-30T05:27:19Z,4,0,29902,18.14,28,210
2026-07-30T05:27:19Z,5,0,29900,14.64,30,210
2026-07-30T05:27:19Z,6,0,19284,75.01,50,2475
2026-07-30T05:27:19Z,7,0,17358,65.44,41,2430
2026-07-30T05:27:21Z,0,100,31936,449.84,69,2595
2026-07-30T05:27:21Z,1,100,32096,448.54,71,2722
2026-07-30T05:27:21Z,2,99,31774,418.78,61,2602
2026-07-30T05:27:21Z,3,100,31754,450.51,66,2482
2026-07-30T05:27:21Z,4,0,29902,15.08,28,210
2026-07-30T05:27:21Z,5,0,29900,15.56,31,210
2026-07-30T05:27:21Z,6,0,19284,76.48,49,2460
2026-07-30T05:27:21Z,7,0,17358,62.62,41,2430
2026-07-30T05:27:22Z,0,99,31936,361.61,62,2805
2026-07-30T05:27:22Z,1,100,32096,450.41,69,2310
2026-07-30T05:27:22Z,2,88,31774,344.95,66,2872
2026-07-30T05:27:22Z,3,100,31754,452.87,68,2625
2026-07-30T05:27:22Z,4,0,29902,16.70,28,210
2026-07-30T05:27:22Z,5,0,29900,14.88,30,210
2026-07-30T05:27:22Z,6,0,19284,75.61,49,2437
2026-07-30T05:27:22Z,7,0,17358,65.21,41,2430
2026-07-30T05:27:24Z,0,99,31936,318.76,62,2805
2026-07-30T05:27:24Z,1,100,32096,404.39,70,2617
2026-07-30T05:27:24Z,2,94,31774,450.01,66,2325
2026-07-30T05:27:24Z,3,99,31754,325.29,61,2887
2026-07-30T05:27:24Z,4,0,29902,16.47,28,210
2026-07-30T05:27:24Z,5,0,29900,15.29,30,210
2026-07-30T05:27:24Z,6,0,19284,72.97,49,2430
2026-07-30T05:27:24Z,7,0,17358,63.26,41,2430
2026-07-30T05:27:26Z,0,100,31936,450.38,68,2475
2026-07-30T05:27:26Z,1,100,32096,450.02,69,2692
2026-07-30T05:27:26Z,2,100,31774,450.59,65,2610
2026-07-30T05:27:26Z,3,100,31754,453.20,68,2610
2026-07-30T05:27:26Z,4,0,29902,17.37,28,210
2026-07-30T05:27:26Z,5,0,29900,15.39,31,210
2026-07-30T05:27:26Z,6,0,19284,75.32,49,2430
2026-07-30T05:27:26Z,7,0,17358,63.87,41,2430
2026-07-30T05:27:27Z,0,98,31936,298.56,61,2805
2026-07-30T05:27:27Z,1,99,32096,421.80,65,2557
2026-07-30T05:27:27Z,2,100,31774,449.83,67,2610
2026-07-30T05:27:27Z,3,99,31754,362.27,62,2880
2026-07-30T05:27:27Z,4,0,29902,16.69,28,210
2026-07-30T05:27:27Z,5,0,29900,13.74,30,210
2026-07-30T05:27:27Z,6,0,19284,71.82,49,2430
2026-07-30T05:27:27Z,7,0,17358,35.07,40,390
2026-07-30T05:27:29Z,0,100,31936,447.76,69,2595
2026-07-30T05:27:29Z,1,100,32096,414.39,71,2655
2026-07-30T05:27:29Z,2,80,31774,343.85,63,2895
2026-07-30T05:27:29Z,3,100,31754,451.00,67,2625
2026-07-30T05:27:29Z,4,0,29902,17.58,28,210
2026-07-30T05:27:29Z,5,0,29900,15.93,31,210
2026-07-30T05:27:29Z,6,0,1,77.22,48,2430
2026-07-30T05:27:29Z,7,0,17358,12.86,40,210
2026-07-30T05:27:30Z,0,100,31936,449.65,70,2602
2026-07-30T05:27:30Z,1,100,32096,449.98,70,2625
2026-07-30T05:27:30Z,2,100,31774,450.39,65,2505
2026-07-30T05:27:30Z,3,99,31754,322.35,62,2887
2026-07-30T05:27:30Z,4,0,29902,17.89,28,210
2026-07-30T05:27:30Z,5,0,29900,14.51,30,210
2026-07-30T05:27:30Z,6,0,1,76.11,48,2430
2026-07-30T05:27:30Z,7,0,17358,12.94,40,210
2026-07-30T05:27:34Z,0,99,31936,312.29,62,2805
2026-07-30T05:27:34Z,1,98,32096,350.20,64,2895
2026-07-30T05:27:34Z,2,100,31774,450.28,66,2602
2026-07-30T05:27:34Z,3,100,31754,450.21,69,2617
2026-07-30T05:27:34Z,4,0,29902,17.67,28,210
2026-07-30T05:27:34Z,5,0,29900,12.78,31,210
2026-07-30T05:27:34Z,6,0,4,17.84,47,210
2026-07-30T05:27:34Z,7,0,17358,12.48,39,210
2026-07-30T05:27:35Z,0,100,31936,336.06,69,2730
2026-07-30T05:27:35Z,1,100,32096,450.16,69,2610
2026-07-30T05:27:35Z,2,99,31774,397.89,62,2887
2026-07-30T05:27:35Z,3,99,31754,377.02,60,2872
2026-07-30T05:27:35Z,4,0,29902,16.36,28,210
2026-07-30T05:27:35Z,5,0,29900,13.93,30,210
2026-07-30T05:27:35Z,6,0,4,15.93,47,210
2026-07-30T05:27:35Z,7,0,17358,11.88,39,210
2026-07-30T05:27:37Z,0,100,31936,449.31,70,2655
2026-07-30T05:27:37Z,1,100,32096,450.45,70,2610
2026-07-30T05:27:37Z,2,100,31774,463.54,68,2595
2026-07-30T05:27:37Z,3,0,31754,295.77,59,2895
2026-07-30T05:27:37Z,4,0,29902,18.12,28,210
2026-07-30T05:27:37Z,5,0,29900,13.31,30,210
2026-07-30T05:27:37Z,6,0,4,15.55,46,210
2026-07-30T05:27:37Z,7,0,17358,12.07,39,210
2026-07-30T05:27:38Z,0,100,31936,449.77,70,2572
2026-07-30T05:27:38Z,1,99,32096,362.86,65,2857
2026-07-30T05:27:38Z,2,99,31774,372.90,61,2850
2026-07-30T05:27:38Z,3,100,31754,450.57,67,2527
2026-07-30T05:27:38Z,4,0,29902,17.49,28,210
2026-07-30T05:27:38Z,5,0,29900,13.30,31,210
2026-07-30T05:27:38Z,6,0,4,14.09,46,210
2026-07-30T05:27:38Z,7,0,17358,13.11,39,210
2026-07-30T05:27:40Z,0,99,31936,434.53,64,2325
2026-07-30T05:27:40Z,1,100,32096,423.12,71,2715
2026-07-30T05:27:40Z,2,100,31774,452.97,68,2595
2026-07-30T05:27:40Z,3,100,31754,450.20,67,2617
2026-07-30T05:27:40Z,4,0,29902,16.67,28,210
2026-07-30T05:27:40Z,5,0,29900,15.67,30,210
2026-07-30T05:27:40Z,6,8,1026,26.80,47,937
2026-07-30T05:27:40Z,7,0,17358,12.32,39,210
2026-07-30T05:27:42Z,0,100,31936,319.55,69,2805
2026-07-30T05:27:42Z,1,99,32096,418.89,65,2895
2026-07-30T05:27:42Z,2,99,31774,321.07,61,2895
2026-07-30T05:27:42Z,3,100,31754,450.19,69,2617
2026-07-30T05:27:42Z,4,0,29902,16.12,28,210
2026-07-30T05:27:42Z,5,0,29900,13.54,30,210
2026-07-30T05:27:42Z,6,0,1184,71.14,47,2430
2026-07-30T05:27:42Z,7,27,17358,231.98,44,2407
2026-07-30T05:27:43Z,0,99,31936,447.53,68,2430
2026-07-30T05:27:43Z,1,100,32096,436.16,71,2617
2026-07-30T05:27:43Z,2,100,31774,450.37,66,2407
2026-07-30T05:27:43Z,3,99,31754,342.50,62,2872
2026-07-30T05:27:43Z,4,0,29902,15.94,28,210
2026-07-30T05:27:43Z,5,0,29900,15.26,30,210
2026-07-30T05:27:43Z,6,0,1184,73.72,47,2430
2026-07-30T05:27:43Z,7,0,17358,93.46,41,2910
2026-07-30T05:27:45Z,0,100,31936,416.17,70,2610
2026-07-30T05:27:45Z,1,100,32096,449.89,71,2610
2026-07-30T05:27:45Z,2,97,31774,353.99,62,2850
2026-07-30T05:27:45Z,3,99,31754,345.06,62,2872
2026-07-30T05:27:45Z,4,0,29902,18.03,28,202
2026-07-30T05:27:45Z,5,0,29900,13.83,31,210
2026-07-30T05:27:45Z,6,0,1184,72.03,47,2430
2026-07-30T05:27:45Z,7,0,17358,65.19,40,2430
2026-07-30T05:27:46Z,0,99,31936,362.00,63,2805
2026-07-30T05:27:46Z,1,93,32096,404.33,69,2857
2026-07-30T05:27:46Z,2,100,31774,377.50,67,2775
2026-07-30T05:27:46Z,3,100,31754,382.89,69,2775
2026-07-30T05:27:46Z,4,0,29902,16.77,28,210
2026-07-30T05:27:46Z,5,0,29900,15.35,30,210
2026-07-30T05:27:46Z,6,0,1184,71.65,47,2430
2026-07-30T05:27:46Z,7,0,17358,61.99,40,2430
2026-07-30T05:27:48Z,0,99,31936,286.15,62,2805
2026-07-30T05:27:48Z,1,99,32096,377.62,66,2812
2026-07-30T05:27:48Z,2,99,31774,422.97,62,2872
2026-07-30T05:27:48Z,3,99,31754,439.61,63,2542
2026-07-30T05:27:48Z,4,0,29902,17.68,28,210
2026-07-30T05:27:48Z,5,0,29900,14.05,30,210
2026-07-30T05:27:48Z,6,0,1184,72.21,46,2430
2026-07-30T05:27:48Z,7,0,17358,64.34,40,2430
2026-07-30T05:27:51Z,0,100,31936,447.88,71,2760
2026-07-30T05:27:51Z,1,100,32096,450.46,71,2610
2026-07-30T05:27:51Z,2,99,31774,409.00,62,2880
2026-07-30T05:27:51Z,3,100,31754,451.52,69,2617
2026-07-30T05:27:51Z,4,0,29902,18.29,28,202
2026-07-30T05:27:51Z,5,0,29900,14.33,31,210
2026-07-30T05:27:51Z,6,0,1184,72.72,46,2430
2026-07-30T05:27:51Z,7,0,17358,64.19,40,2430
2026-07-30T05:27:53Z,0,99,31936,444.87,64,2362
2026-07-30T05:27:53Z,1,99,32096,347.28,64,2895
2026-07-30T05:27:53Z,2,100,31774,459.35,68,2602
2026-07-30T05:27:53Z,3,100,31754,344.05,69,2887
2026-07-30T05:27:53Z,4,0,29902,16.01,28,210
2026-07-30T05:27:53Z,5,0,29900,13.89,31,210
2026-07-30T05:27:53Z,6,0,1184,70.28,46,2430
2026-07-30T05:27:53Z,7,0,17358,64.11,40,2430
2026-07-30T05:27:55Z,0,99,31936,306.86,63,2805
2026-07-30T05:27:55Z,1,100,32096,453.80,71,2602
2026-07-30T05:27:55Z,2,98,31774,364.85,66,2805
2026-07-30T05:27:55Z,3,64,31754,439.36,65,2302
2026-07-30T05:27:55Z,4,0,29902,18.31,28,210
2026-07-30T05:27:55Z,5,0,29900,15.65,31,210
2026-07-30T05:27:55Z,6,0,1184,72.91,46,2430
2026-07-30T05:27:55Z,7,0,17358,63.01,40,2430
2026-07-30T05:27:56Z,0,99,31936,279.29,62,2805
2026-07-30T05:27:56Z,1,100,32096,449.61,71,2595
2026-07-30T05:27:56Z,2,99,31774,347.58,61,2895
2026-07-30T05:27:56Z,3,100,31754,450.52,68,2535
2026-07-30T05:27:56Z,4,0,29902,17.80,28,210
2026-07-30T05:27:56Z,5,0,29900,12.65,30,210
2026-07-30T05:27:56Z,6,0,1184,70.38,46,2430
2026-07-30T05:27:56Z,7,0,17358,65.15,40,2430
2026-07-30T05:27:58Z,0,99,31936,290.35,62,2820
2026-07-30T05:27:58Z,1,100,32096,449.88,71,2602
2026-07-30T05:27:58Z,2,100,31774,445.61,68,2602
2026-07-30T05:27:58Z,3,99,31754,356.39,63,2835
2026-07-30T05:27:58Z,4,0,29902,16.16,28,210
2026-07-30T05:27:58Z,5,0,29900,16.72,31,210
2026-07-30T05:27:58Z,6,0,1184,69.73,45,2430
2026-07-30T05:27:58Z,7,0,17358,62.29,40,2430
2026-07-30T05:27:59Z,0,100,31936,462.84,68,2602
2026-07-30T05:27:59Z,1,100,32096,450.14,70,2602
2026-07-30T05:27:59Z,2,99,31774,375.90,62,2872
2026-07-30T05:27:59Z,3,99,31754,341.95,62,2872
2026-07-30T05:27:59Z,4,0,29902,18.64,28,210
2026-07-30T05:27:59Z,5,0,29900,15.45,30,210
2026-07-30T05:27:59Z,6,0,1184,32.80,45,375
2026-07-30T05:27:59Z,7,0,17358,27.82,39,352
2026-07-30T05:28:01Z,0,99,31936,343.41,63,2805
2026-07-30T05:28:01Z,1,99,32096,403.24,66,2895
2026-07-30T05:28:01Z,2,100,31774,399.23,67,2640
2026-07-30T05:28:01Z,3,99,31754,331.93,62,2842
2026-07-30T05:28:01Z,4,0,29902,16.35,28,210
2026-07-30T05:28:01Z,5,0,29900,15.02,30,210
2026-07-30T05:28:01Z,6,0,1184,13.11,45,210
2026-07-30T05:28:01Z,7,0,17358,14.02,39,210
2026-07-30T05:28:02Z,0,98,31936,289.20,62,2812
2026-07-30T05:28:02Z,1,99,32096,357.30,65,2812
2026-07-30T05:28:02Z,2,99,31774,413.86,62,2880
2026-07-30T05:28:02Z,3,99,31754,329.16,61,2887
2026-07-30T05:28:02Z,4,0,29902,18.19,28,210
2026-07-30T05:28:02Z,5,0,29900,14.55,31,210
2026-07-30T05:28:02Z,6,0,1184,15.13,44,210
2026-07-30T05:28:02Z,7,0,17358,12.24,39,210
2026-07-30T05:28:04Z,0,100,31936,450.34,68,2505
2026-07-30T05:28:04Z,1,0,32096,276.29,61,2925
2026-07-30T05:28:04Z,2,100,31774,456.33,68,2602
2026-07-30T05:28:04Z,3,100,31754,450.65,67,2377
2026-07-30T05:28:04Z,4,0,29902,15.78,28,210
2026-07-30T05:28:04Z,5,0,29900,13.73,30,210
2026-07-30T05:28:04Z,6,0,1184,13.82,44,210
2026-07-30T05:28:04Z,7,0,17358,14.78,39,210
2026-07-30T05:28:06Z,0,100,31936,450.11,70,2610
2026-07-30T05:28:06Z,1,100,32096,452.83,71,2610
2026-07-30T05:28:06Z,2,83,31774,376.77,69,2857
2026-07-30T05:28:06Z,3,99,31754,330.80,62,2880
2026-07-30T05:28:06Z,4,0,29902,16.74,28,210
2026-07-30T05:28:06Z,5,0,29900,14.73,31,210
2026-07-30T05:28:06Z,6,0,1184,15.19,44,210
2026-07-30T05:28:06Z,7,70,17358,39.02,44,210
2026-07-30T05:28:09Z,0,92,31936,415.94,63,2655
2026-07-30T05:28:09Z,1,100,32096,450.37,69,2610
2026-07-30T05:28:09Z,2,100,31774,403.24,67,2737
2026-07-30T05:28:09Z,3,100,31754,452.93,69,2617
2026-07-30T05:28:09Z,4,0,29902,15.51,28,210
2026-07-30T05:28:09Z,5,0,29900,15.47,30,210
2026-07-30T05:28:09Z,6,0,1184,14.27,44,210
2026-07-30T05:28:09Z,7,0,17358,63.26,40,2430
2026-07-30T05:28:11Z,0,100,31936,427.61,69,2602
2026-07-30T05:28:11Z,1,100,32096,450.51,71,2595
2026-07-30T05:28:11Z,2,78,31774,433.29,65,2542
2026-07-30T05:28:11Z,3,100,31754,451.49,69,2617
2026-07-30T05:28:11Z,4,0,29902,17.73,28,210
2026-07-30T05:28:11Z,5,0,29900,13.96,31,210
2026-07-30T05:28:11Z,6,0,1184,12.86,44,210
2026-07-30T05:28:11Z,7,0,17358,65.25,40,2430
2026-07-30T05:28:12Z,0,99,31936,353.14,63,2805
2026-07-30T05:28:12Z,1,99,32096,358.26,66,2895
2026-07-30T05:28:12Z,2,100,31774,464.74,68,2602
2026-07-30T05:28:12Z,3,99,31754,358.25,62,2872
2026-07-30T05:28:12Z,4,0,29902,15.55,28,210
2026-07-30T05:28:12Z,5,0,29900,16.79,30,210
2026-07-30T05:28:12Z,6,0,1184,13.10,43,210
2026-07-30T05:28:12Z,7,0,17358,62.31,40,2430
2026-07-30T05:28:14Z,0,100,31936,408.65,69,2602
2026-07-30T05:28:14Z,1,100,32096,418.53,71,2692
2026-07-30T05:28:14Z,2,99,31774,343.50,62,2880
2026-07-30T05:28:14Z,3,99,31754,331.55,62,2842
2026-07-30T05:28:14Z,4,0,29902,18.17,28,210
2026-07-30T05:28:14Z,5,0,29900,13.00,31,210
2026-07-30T05:28:14Z,6,0,1184,14.57,43,210
2026-07-30T05:28:14Z,7,0,17358,65.35,40,2430
2026-07-30T05:28:16Z,0,100,31936,449.77,70,2595
2026-07-30T05:28:16Z,1,99,32096,416.37,66,2895
2026-07-30T05:28:16Z,2,100,31774,357.13,69,2842
2026-07-30T05:28:16Z,3,100,31754,336.33,68,2872
2026-07-30T05:28:16Z,4,0,29902,15.83,28,210
2026-07-30T05:28:16Z,5,0,29900,16.54,31,210
2026-07-30T05:28:16Z,6,0,1184,12.94,43,210
2026-07-30T05:28:16Z,7,0,17358,62.82,40,2430
2026-07-30T05:28:17Z,0,99,31936,372.81,63,2805
2026-07-30T05:28:17Z,1,100,32096,371.09,71,2835
2026-07-30T05:28:17Z,2,100,31774,450.27,64,2257
2026-07-30T05:28:17Z,3,100,31754,450.47,67,2362
2026-07-30T05:28:17Z,4,0,29902,16.94,28,210
2026-07-30T05:28:17Z,5,0,29900,15.57,30,210
2026-07-30T05:28:17Z,6,0,1184,15.18,43,210
2026-07-30T05:28:17Z,7,0,17358,64.66,40,2430
2026-07-30T05:28:19Z,0,99,31936,337.88,65,2760
2026-07-30T05:28:19Z,1,65,32096,438.90,67,2310
2026-07-30T05:28:19Z,2,100,31774,360.95,67,2745
2026-07-30T05:28:19Z,3,100,31754,450.03,66,2617
2026-07-30T05:28:19Z,4,0,29902,15.38,28,210
2026-07-30T05:28:19Z,5,0,29900,15.53,31,210
2026-07-30T05:28:19Z,6,0,1244,15.52,43,210
2026-07-30T05:28:19Z,7,0,17358,63.91,40,2430
2026-07-30T05:28:20Z,0,73,31936,298.94,65,2812
2026-07-30T05:28:20Z,1,100,32096,450.45,69,2520
2026-07-30T05:28:20Z,2,100,31774,447.43,69,2527
2026-07-30T05:28:20Z,3,100,31754,449.99,68,2617
2026-07-30T05:28:20Z,4,0,29902,15.91,28,210
2026-07-30T05:28:20Z,5,0,29900,16.12,30,210
2026-07-30T05:28:20Z,6,0,17358,244.66,45,2910
2026-07-30T05:28:20Z,7,0,17358,62.70,40,2430
2026-07-30T05:28:22Z,0,100,31936,459.47,70,2595
2026-07-30T05:28:22Z,1,100,32096,450.29,70,2602
2026-07-30T05:28:22Z,2,99,31774,447.45,66,2347
2026-07-30T05:28:22Z,3,99,31754,338.70,62,2872
2026-07-30T05:28:22Z,4,0,29902,17.79,28,210
2026-07-30T05:28:22Z,5,0,29900,13.38,31,210
2026-07-30T05:28:22Z,6,0,17358,82.41,44,2430
2026-07-30T05:28:22Z,7,0,17358,65.11,40,2430
2026-07-30T05:28:23Z,0,100,31936,449.72,69,2595
2026-07-30T05:28:23Z,1,99,32096,364.20,66,2887
2026-07-30T05:28:23Z,2,99,31774,357.98,62,2880
2026-07-30T05:28:23Z,3,100,31754,460.57,69,2610
2026-07-30T05:28:23Z,4,0,29902,15.54,28,210
2026-07-30T05:28:23Z,5,0,29900,14.86,30,210
2026-07-30T05:28:23Z,6,0,17358,70.64,44,2430
2026-07-30T05:28:23Z,7,0,17358,62.14,40,2430
2026-07-30T05:28:27Z,0,100,31936,450.05,70,2587
2026-07-30T05:28:27Z,1,100,32096,449.72,72,2595
2026-07-30T05:28:27Z,2,100,31774,450.33,66,2257
2026-07-30T05:28:27Z,3,100,31754,449.83,69,2610
2026-07-30T05:28:27Z,4,0,29902,14.84,28,210
2026-07-30T05:28:27Z,5,0,29900,16.30,31,210
2026-07-30T05:28:27Z,6,0,17358,70.66,44,2430
2026-07-30T05:28:27Z,7,0,17358,13.52,39,210
2026-07-30T05:28:28Z,0,100,31936,449.60,71,2602
2026-07-30T05:28:28Z,1,99,32096,392.49,66,2895
2026-07-30T05:28:28Z,2,100,31774,444.67,68,2595
2026-07-30T05:28:28Z,3,99,31754,390.30,63,2872
2026-07-30T05:28:28Z,4,0,29902,17.67,28,210
2026-07-30T05:28:28Z,5,0,29900,12.64,31,210
2026-07-30T05:28:28Z,6,0,17358,69.89,44,2430
2026-07-30T05:28:28Z,7,0,17358,13.23,39,210
2026-07-30T05:28:30Z,0,100,31936,450.13,70,2595
2026-07-30T05:28:30Z,1,100,32096,452.23,70,2602
2026-07-30T05:28:30Z,2,99,31774,377.57,62,2880
2026-07-30T05:28:30Z,3,99,31754,341.61,62,2857
2026-07-30T05:28:30Z,4,0,29902,16.45,28,210
2026-07-30T05:28:30Z,5,0,29900,13.73,31,202
2026-07-30T05:28:30Z,6,0,17358,69.25,44,2430
2026-07-30T05:28:30Z,7,100,17358,122.14,50,2055
2026-07-30T05:28:32Z,0,99,31936,372.83,64,2805
2026-07-30T05:28:32Z,1,99,32096,357.88,66,2895
2026-07-30T05:28:32Z,2,100,31794,379.48,68,2617
2026-07-30T05:28:32Z,3,69,31754,331.53,62,2872
2026-07-30T05:28:32Z,4,0,29902,18.72,28,210
2026-07-30T05:28:32Z,5,0,29900,14.09,31,210
2026-07-30T05:28:32Z,6,0,17358,71.47,44,2430
2026-07-30T05:28:32Z,7,0,17358,95.27,41,2910
2026-07-30T05:28:33Z,0,99,31936,339.03,65,2752
2026-07-30T05:28:33Z,1,50,32096,354.35,64,2895
2026-07-30T05:28:33Z,2,99,31794,427.00,63,2715
2026-07-30T05:28:33Z,3,100,31754,450.20,68,2557
2026-07-30T05:28:33Z,4,0,29902,17.83,28,210
2026-07-30T05:28:33Z,5,0,29900,13.68,30,210
2026-07-30T05:28:33Z,6,0,17358,68.18,44,2430
2026-07-30T05:28:33Z,7,0,17358,65.08,40,2430
2026-07-30T05:28:35Z,0,72,31936,301.21,67,2797
2026-07-30T05:28:35Z,1,100,32096,458.39,72,2595
2026-07-30T05:28:35Z,2,91,31794,327.19,62,2895
2026-07-30T05:28:35Z,3,99,31754,347.13,62,2872
2026-07-30T05:28:35Z,4,0,29902,17.61,28,210
2026-07-30T05:28:35Z,5,0,29900,15.80,31,210
2026-07-30T05:28:35Z,6,0,17358,71.27,44,2430
2026-07-30T05:28:35Z,7,0,17358,62.36,40,2430
2026-07-30T05:28:36Z,0,100,31936,432.67,70,2595
2026-07-30T05:28:36Z,1,99,32096,385.13,66,2857
2026-07-30T05:28:36Z,2,100,31794,446.26,67,2595
2026-07-30T05:28:36Z,3,100,31754,397.66,69,2700
2026-07-30T05:28:36Z,4,0,29902,18.31,28,210
2026-07-30T05:28:36Z,5,0,29900,14.52,30,202
2026-07-30T05:28:36Z,6,0,17358,68.68,44,2430
2026-07-30T05:28:36Z,7,0,17358,65.20,40,2430
2026-07-30T05:28:38Z,0,99,31936,345.01,63,2805
2026-07-30T05:28:38Z,1,85,32096,342.47,65,2895
2026-07-30T05:28:38Z,2,99,31794,361.09,62,2895
2026-07-30T05:28:38Z,3,100,31754,449.78,69,2632
2026-07-30T05:28:38Z,4,0,29902,16.06,28,210
2026-07-30T05:28:38Z,5,0,29900,15.32,31,210
2026-07-30T05:28:38Z,6,0,17358,63.71,43,510
2026-07-30T05:28:38Z,7,0,17358,62.65,40,2430
2026-07-30T05:28:39Z,0,100,31936,393.44,70,2730
2026-07-30T05:28:39Z,1,100,32096,462.51,71,2602
2026-07-30T05:28:39Z,2,99,31794,338.30,62,2880
2026-07-30T05:28:39Z,3,99,31754,415.96,63,2835
2026-07-30T05:28:39Z,4,0,29902,18.63,28,210
2026-07-30T05:28:39Z,5,0,29900,14.93,30,210
2026-07-30T05:28:39Z,6,0,17358,30.84,43,375
2026-07-30T05:28:39Z,7,0,17358,64.43,40,2430
2026-07-30T05:28:41Z,0,99,31936,402.67,64,2805
2026-07-30T05:28:41Z,1,90,32096,382.76,68,2895
2026-07-30T05:28:41Z,2,100,31794,461.61,68,2602
2026-07-30T05:28:41Z,3,100,31754,455.61,69,2602
2026-07-30T05:28:41Z,4,0,29902,16.76,28,210
2026-07-30T05:28:41Z,5,0,29900,13.80,30,210
2026-07-30T05:28:41Z,6,0,17358,13.19,42,210
2026-07-30T05:28:41Z,7,0,17358,63.72,40,2430
2026-07-30T05:28:45Z,0,99,31936,389.07,64,2805
2026-07-30T05:28:45Z,1,99,32096,438.58,66,2700
2026-07-30T05:28:45Z,2,100,31794,352.77,69,2895
2026-07-30T05:28:45Z,3,100,31754,449.48,68,2647
2026-07-30T05:28:45Z,4,0,29902,15.93,28,210
2026-07-30T05:28:45Z,5,0,29900,14.51,31,210
2026-07-30T05:28:45Z,6,0,17358,313.23,45,2910
2026-07-30T05:28:45Z,7,0,17358,63.76,40,2430
2026-07-30T05:28:46Z,0,99,31936,312.70,65,2805
2026-07-30T05:28:46Z,1,99,32096,358.10,66,2895
2026-07-30T05:28:46Z,2,100,31794,450.30,66,2340
2026-07-30T05:28:46Z,3,99,31754,427.90,64,2700
2026-07-30T05:28:46Z,4,0,29902,17.35,28,210
2026-07-30T05:28:46Z,5,0,29900,15.54,31,210
2026-07-30T05:28:46Z,6,0,17358,93.24,44,2550
2026-07-30T05:28:46Z,7,0,17358,63.62,40,2430
2026-07-30T05:28:48Z,0,99,31936,290.52,63,2805
2026-07-30T05:28:48Z,1,100,32096,445.16,71,2587
2026-07-30T05:28:48Z,2,99,31794,346.07,62,2895
2026-07-30T05:28:48Z,3,100,31754,393.09,70,2737
2026-07-30T05:28:48Z,4,0,29902,16.36,28,210
2026-07-30T05:28:48Z,5,0,29900,13.30,31,202
2026-07-30T05:28:48Z,6,0,17358,68.87,43,2430
2026-07-30T05:28:48Z,7,0,17358,51.17,39,450
2026-07-30T05:28:49Z,0,100,31936,442.21,70,2595
2026-07-30T05:28:49Z,1,100,32096,449.85,72,2602
2026-07-30T05:28:49Z,2,100,31794,450.40,68,2610
2026-07-30T05:28:49Z,3,89,31754,417.51,63,2647
2026-07-30T05:28:49Z,4,0,29902,15.96,28,210
2026-07-30T05:28:49Z,5,0,29900,16.14,31,210
2026-07-30T05:28:49Z,6,0,17358,70.88,43,2430
2026-07-30T05:28:49Z,7,0,17358,24.53,39,345
2026-07-30T05:28:51Z,0,100,31936,450.37,70,2610
2026-07-30T05:28:51Z,1,99,32096,402.61,66,2895
2026-07-30T05:28:51Z,2,99,31794,348.42,62,2850
2026-07-30T05:28:51Z,3,84,31754,342.43,66,2835
2026-07-30T05:28:51Z,4,0,29902,18.08,28,210
2026-07-30T05:28:51Z,5,0,29900,13.53,31,210
2026-07-30T05:28:51Z,6,0,17358,68.65,43,2430
2026-07-30T05:28:51Z,7,0,17358,12.75,39,210
2026-07-30T05:28:52Z,0,99,31936,378.78,64,2805
2026-07-30T05:28:52Z,1,100,32096,456.86,72,2602
2026-07-30T05:28:52Z,2,75,31794,347.74,61,2887
2026-07-30T05:28:52Z,3,100,31754,401.74,70,2625
2026-07-30T05:28:52Z,4,0,29902,16.00,28,210
2026-07-30T05:28:52Z,5,0,29900,15.19,30,210
2026-07-30T05:28:52Z,6,0,17358,69.85,43,2430
2026-07-30T05:28:52Z,7,0,17358,13.03,39,210
2026-07-30T05:28:54Z,0,100,31936,466.60,70,2602
2026-07-30T05:28:54Z,1,99,32096,348.01,66,2895
2026-07-30T05:28:54Z,2,99,31794,336.77,61,2895
2026-07-30T05:28:54Z,3,100,31754,449.90,70,2662
2026-07-30T05:28:54Z,4,0,29902,18.58,28,210
2026-07-30T05:28:54Z,5,0,29900,15.34,31,210
2026-07-30T05:28:54Z,6,0,17358,70.41,43,2430
2026-07-30T05:28:54Z,7,100,17358,137.36,48,2032
2026-07-30T05:28:56Z,0,99,31936,335.75,64,2775
2026-07-30T05:28:56Z,1,100,32096,452.94,71,2595
2026-07-30T05:28:56Z,2,99,31794,329.87,61,2895
2026-07-30T05:28:56Z,3,99,31754,421.65,63,2752
2026-07-30T05:28:56Z,4,0,29902,15.23,28,210
2026-07-30T05:28:56Z,5,0,29900,14.70,31,210
2026-07-30T05:28:56Z,6,0,17358,68.66,43,2430
2026-07-30T05:28:56Z,7,0,17358,95.83,41,2910
2026-07-30T05:28:57Z,0,100,31936,463.91,71,2595
2026-07-30T05:28:57Z,1,99,32096,333.52,66,2895
2026-07-30T05:28:57Z,2,100,31794,450.10,68,2602
2026-07-30T05:28:57Z,3,100,31754,366.83,71,2872
2026-07-30T05:28:57Z,4,0,29902,16.31,28,210
2026-07-30T05:28:57Z,5,0,29900,15.69,31,210
2026-07-30T05:28:57Z,6,0,17358,70.89,43,2430
2026-07-30T05:28:57Z,7,0,17358,63.02,40,2430
2026-07-30T05:28:59Z,0,99,31936,300.98,63,2805
2026-07-30T05:28:59Z,1,100,32096,450.70,72,2595
2026-07-30T05:28:59Z,2,46,31794,335.71,60,2880
2026-07-30T05:28:59Z,3,99,31754,449.83,68,2385
2026-07-30T05:28:59Z,4,0,29902,17.65,28,210
2026-07-30T05:28:59Z,5,0,29900,14.03,31,210
2026-07-30T05:28:59Z,6,0,17358,67.90,43,2430
2026-07-30T05:28:59Z,7,0,17358,64.85,40,2430
2026-07-30T05:29:02Z,0,99,31936,433.38,65,2430
2026-07-30T05:29:02Z,1,100,32096,450.43,70,2437
2026-07-30T05:29:02Z,2,99,31794,369.38,61,2887
2026-07-30T05:29:02Z,3,99,31754,384.80,63,2835
2026-07-30T05:29:02Z,4,0,29902,17.74,28,210
2026-07-30T05:29:02Z,5,0,29900,13.77,31,210
2026-07-30T05:29:02Z,6,0,17358,44.82,42,427
2026-07-30T05:29:02Z,7,0,17358,64.87,40,2430
2026-07-30T05:29:04Z,0,99,31936,311.86,64,2805
2026-07-30T05:29:04Z,1,99,32096,350.35,66,2895
2026-07-30T05:29:04Z,2,100,31794,464.98,68,2602
2026-07-30T05:29:04Z,3,100,31754,460.16,68,2602
2026-07-30T05:29:04Z,4,0,29902,16.32,28,210
2026-07-30T05:29:04Z,5,0,29900,15.92,31,210
2026-07-30T05:29:04Z,6,0,17358,15.38,42,217
2026-07-30T05:29:04Z,7,0,17358,61.83,40,2430
2026-07-30T05:29:05Z,0,100,31936,410.60,71,2610
2026-07-30T05:29:05Z,1,100,32096,410.32,70,2662
2026-07-30T05:29:05Z,2,100,31794,449.65,68,2595
2026-07-30T05:29:05Z,3,88,31754,352.03,63,2872
2026-07-30T05:29:05Z,4,0,29902,18.70,28,210
2026-07-30T05:29:05Z,5,0,29900,14.07,31,210
2026-07-30T05:29:05Z,6,0,17358,14.71,42,210
2026-07-30T05:29:05Z,7,0,17358,64.45,40,2430
2026-07-30T05:29:07Z,0,99,31936,385.83,64,2805
2026-07-30T05:29:07Z,1,99,32096,428.58,67,2857
2026-07-30T05:29:07Z,2,99,31794,378.12,62,2842
2026-07-30T05:29:07Z,3,100,31754,415.21,69,2617
2026-07-30T05:29:07Z,4,0,29902,16.00,28,210
2026-07-30T05:29:07Z,5,0,29900,15.64,31,210
2026-07-30T05:29:07Z,6,9,17358,14.65,45,1042
2026-07-30T05:29:07Z,7,0,17358,62.58,40,2430
2026-07-30T05:29:08Z,0,79,31936,310.26,64,2805
2026-07-30T05:29:08Z,1,79,32096,356.48,69,2850
2026-07-30T05:29:08Z,2,99,31794,350.09,62,2895
2026-07-30T05:29:08Z,3,100,31754,449.87,70,2617
2026-07-30T05:29:08Z,4,0,29902,16.43,28,210
2026-07-30T05:29:08Z,5,0,29900,16.23,30,210
2026-07-30T05:29:08Z,6,0,17358,126.20,44,2917
2026-07-30T05:29:08Z,7,0,17358,63.40,40,2430
2026-07-30T05:29:10Z,0,99,31936,300.04,63,2805
2026-07-30T05:29:10Z,1,100,32096,460.31,72,2595
2026-07-30T05:29:10Z,2,76,31794,346.90,62,2880
2026-07-30T05:29:10Z,3,100,31754,449.92,70,2625
2026-07-30T05:29:10Z,4,0,29902,17.76,28,210
2026-07-30T05:29:10Z,5,0,29900,13.68,31,210
2026-07-30T05:29:10Z,6,0,17358,78.59,43,2430
2026-07-30T05:29:10Z,7,0,17358,63.71,40,2430
2026-07-30T05:29:12Z,0,34,31936,281.56,61,2805
2026-07-30T05:29:12Z,1,99,32096,362.15,66,2895
2026-07-30T05:29:12Z,2,99,31794,352.48,62,2895
2026-07-30T05:29:12Z,3,99,31754,413.13,64,2872
2026-07-30T05:29:12Z,4,0,29902,17.98,28,210
2026-07-30T05:29:12Z,5,0,29900,15.88,31,210
2026-07-30T05:29:12Z,6,0,17358,70.33,43,2430
2026-07-30T05:29:12Z,7,0,17358,53.75,40,1267
2026-07-30T05:29:13Z,0,100,31936,366.59,70,2775
2026-07-30T05:29:13Z,1,99,32096,357.19,66,2902
2026-07-30T05:29:13Z,2,100,31794,416.92,68,2610
2026-07-30T05:29:13Z,3,90,31754,352.61,65,2805
2026-07-30T05:29:13Z,4,0,29902,18.10,28,210
2026-07-30T05:29:13Z,5,0,29900,14.00,31,210
2026-07-30T05:29:13Z,6,0,17358,68.02,43,2430
2026-07-30T05:29:13Z,7,0,17358,27.22,39,352
2026-07-30T05:29:15Z,0,99,31936,412.84,64,2805
2026-07-30T05:29:15Z,1,100,32096,401.45,71,2707
2026-07-30T05:29:15Z,2,100,31794,449.73,68,2610
2026-07-30T05:29:15Z,3,100,31754,464.11,70,2602
2026-07-30T05:29:15Z,4,0,29902,15.91,28,210
2026-07-30T05:29:15Z,5,0,29900,16.06,31,210
2026-07-30T05:29:15Z,6,0,17358,69.53,43,2430
2026-07-30T05:29:15Z,7,0,17358,13.08,39,210
2026-07-30T05:29:16Z,0,100,31936,418.76,70,2610
2026-07-30T05:29:16Z,1,99,32096,427.76,66,2587
2026-07-30T05:29:16Z,2,99,31794,425.68,62,2722
2026-07-30T05:29:16Z,3,100,31754,382.02,69,2850
2026-07-30T05:29:16Z,4,0,29902,18.15,28,210
2026-07-30T05:29:16Z,5,0,29900,14.15,30,210
2026-07-30T05:29:16Z,6,0,17358,69.26,43,2430
2026-07-30T05:29:16Z,7,0,17358,13.55,39,210
2026-07-30T05:29:20Z,0,99,31936,335.07,64,2775
2026-07-30T05:29:20Z,1,100,32096,449.91,71,2602
2026-07-30T05:29:20Z,2,100,31794,450.61,66,2602
2026-07-30T05:29:20Z,3,100,31754,463.87,69,2617
2026-07-30T05:29:20Z,4,0,29902,17.85,28,210
2026-07-30T05:29:20Z,5,0,29900,14.54,31,210
2026-07-30T05:29:20Z,6,0,17358,69.12,43,2430
2026-07-30T05:29:20Z,7,0,17358,80.27,40,2430
2026-07-30T05:29:21Z,0,99,31936,321.94,64,2790
2026-07-30T05:29:21Z,1,99,32096,427.54,67,2895
2026-07-30T05:29:21Z,2,66,31794,319.43,63,2895
2026-07-30T05:29:21Z,3,100,31754,449.77,70,2602
2026-07-30T05:29:21Z,4,0,29902,16.45,28,210
2026-07-30T05:29:21Z,5,0,29900,13.77,31,210
2026-07-30T05:29:21Z,6,0,17358,67.75,43,2430
2026-07-30T05:29:21Z,7,0,17358,63.03,40,2430
2026-07-30T05:29:23Z,0,36,31936,300.64,65,2805
2026-07-30T05:29:23Z,1,99,32096,346.93,67,2842
2026-07-30T05:29:23Z,2,99,31794,311.55,61,2895
2026-07-30T05:29:23Z,3,99,31754,363.72,64,2835
2026-07-30T05:29:23Z,4,0,29902,18.07,28,210
2026-07-30T05:29:23Z,5,0,29900,16.04,31,210
2026-07-30T05:29:23Z,6,0,17358,70.23,43,2430
2026-07-30T05:29:23Z,7,0,17358,63.27,40,2430
2026-07-30T05:29:24Z,0,99,31936,320.32,63,2805
2026-07-30T05:29:24Z,1,64,32096,343.73,66,2895
2026-07-30T05:29:24Z,2,99,31794,323.42,61,2895
2026-07-30T05:29:24Z,3,99,31754,330.78,63,2872
2026-07-30T05:29:24Z,4,0,29902,18.86,28,210
2026-07-30T05:29:24Z,5,0,29900,13.28,31,210
2026-07-30T05:29:24Z,6,0,17358,67.59,43,2430
2026-07-30T05:29:24Z,7,0,17358,64.67,40,2430
2026-07-30T05:29:26Z,0,100,31936,387.69,70,2610
2026-07-30T05:29:26Z,1,99,32096,349.17,66,2895
2026-07-30T05:29:26Z,2,100,31794,452.26,67,2595
2026-07-30T05:29:26Z,3,99,31754,326.81,63,2872
2026-07-30T05:29:26Z,4,0,29902,16.25,28,210
2026-07-30T05:29:26Z,5,0,29900,16.84,31,210
2026-07-30T05:29:26Z,6,0,17358,23.99,42,367
2026-07-30T05:29:26Z,7,0,17358,62.71,40,2430
2026-07-30T05:29:28Z,0,100,31936,450.18,70,2655
2026-07-30T05:29:28Z,1,99,32096,369.02,66,2895
2026-07-30T05:29:28Z,2,99,31794,383.09,62,2842
2026-07-30T05:29:28Z,3,100,31754,466.06,70,2610
2026-07-30T05:29:28Z,4,0,29902,17.87,28,210
2026-07-30T05:29:28Z,5,0,29900,14.24,31,210
2026-07-30T05:29:28Z,6,0,17358,14.63,42,210
2026-07-30T05:29:28Z,7,0,17358,65.21,40,2430
2026-07-30T05:29:29Z,0,99,31936,420.92,65,2505
2026-07-30T05:29:29Z,1,100,32096,265.81,71,2632
2026-07-30T05:29:29Z,2,86,31794,340.36,65,2850
2026-07-30T05:29:29Z,3,99,31754,328.70,63,2872
2026-07-30T05:29:29Z,4,0,29902,16.11,28,210
2026-07-30T05:29:29Z,5,0,29900,15.74,31,210
2026-07-30T05:29:29Z,6,0,17358,11.65,42,210
2026-07-30T05:29:29Z,7,0,17358,62.22,40,2430
2026-07-30T05:29:31Z,0,90,31936,307.78,63,2775
2026-07-30T05:29:31Z,1,100,32096,449.64,72,2737
2026-07-30T05:29:31Z,2,99,31794,330.54,61,2887
2026-07-30T05:29:31Z,3,100,31754,453.58,69,2610
2026-07-30T05:29:31Z,4,0,29902,18.22,28,210
2026-07-30T05:29:31Z,5,0,29900,14.78,31,210
2026-07-30T05:29:31Z,6,0,17358,13.69,42,210
2026-07-30T05:29:31Z,7,0,17358,64.13,40,2430
2026-07-30T05:29:32Z,0,100,31936,451.67,71,2587
2026-07-30T05:29:32Z,1,100,32096,450.07,70,2355
2026-07-30T05:29:32Z,2,100,31794,451.02,67,2610
2026-07-30T05:29:32Z,3,76,31754,328.37,64,2872
2026-07-30T05:29:32Z,4,0,29902,16.42,28,210
2026-07-30T05:29:32Z,5,0,29900,14.11,30,210
2026-07-30T05:29:32Z,6,0,17358,12.27,42,210
2026-07-30T05:29:32Z,7,0,17358,63.51,40,2430
2026-07-30T05:29:34Z,0,100,31936,449.78,71,2595
2026-07-30T05:29:34Z,1,64,32096,441.39,69,2527
2026-07-30T05:29:34Z,2,100,31794,449.65,68,2587
2026-07-30T05:29:34Z,3,83,31754,335.53,62,2872
2026-07-30T05:29:34Z,4,0,29902,17.64,28,210
2026-07-30T05:29:34Z,5,0,29900,16.16,31,210
2026-07-30T05:29:34Z,6,0,17358,13.20,42,210
2026-07-30T05:29:34Z,7,0,17358,62.96,40,2430
2026-07-30T05:29:37Z,0,100,31936,449.78,71,2595
2026-07-30T05:29:37Z,1,99,32096,439.37,67,2677
2026-07-30T05:29:37Z,2,100,31794,467.12,68,2602
2026-07-30T05:29:37Z,3,97,31754,435.41,64,2475
2026-07-30T05:29:37Z,4,0,29902,15.60,28,210
2026-07-30T05:29:37Z,5,0,29900,15.68,31,210
2026-07-30T05:29:37Z,6,0,17358,79.37,43,2430
2026-07-30T05:29:37Z,7,0,17358,11.99,39,210
2026-07-30T05:29:39Z,0,99,31936,358.32,65,2797
2026-07-30T05:29:39Z,1,99,32096,385.15,67,2887
2026-07-30T05:29:39Z,2,100,31794,396.13,69,2835
2026-07-30T05:29:39Z,3,99,31754,367.97,64,2865
2026-07-30T05:29:39Z,4,0,29902,18.09,28,210
2026-07-30T05:29:39Z,5,0,29900,13.80,31,210
2026-07-30T05:29:39Z,6,0,17358,66.78,43,2430
2026-07-30T05:29:39Z,7,0,17358,13.97,39,210
2026-07-30T05:29:41Z,0,100,31936,428.10,71,2602
2026-07-30T05:29:41Z,1,100,32096,444.33,72,2617
2026-07-30T05:29:41Z,2,60,31794,438.96,62,2265
2026-07-30T05:29:41Z,3,100,31754,389.57,70,2880
2026-07-30T05:29:41Z,4,0,29902,17.20,28,210
2026-07-30T05:29:41Z,5,0,29900,16.21,31,210
2026-07-30T05:29:41Z,6,0,17358,68.96,43,2430
2026-07-30T05:29:41Z,7,100,17358,115.54,48,2137
2026-07-30T05:29:42Z,0,99,31936,376.69,64,2797
2026-07-30T05:29:42Z,1,99,32096,417.64,67,2887
2026-07-30T05:29:42Z,2,100,31794,450.29,66,2535
2026-07-30T05:29:42Z,3,100,31754,450.42,67,2310
2026-07-30T05:29:42Z,4,0,29902,17.68,28,210
2026-07-30T05:29:42Z,5,0,29900,13.56,31,210
2026-07-30T05:29:42Z,6,0,17358,67.58,43,2430
2026-07-30T05:29:42Z,7,0,17358,98.72,41,2910
2026-07-30T05:29:44Z,0,100,31936,455.49,71,2580
2026-07-30T05:29:44Z,1,99,32096,365.08,66,2895
2026-07-30T05:29:44Z,2,99,31794,373.02,62,2880
2026-07-30T05:29:44Z,3,100,31754,450.44,68,2535
2026-07-30T05:29:44Z,4,0,29902,16.20,28,210
2026-07-30T05:29:44Z,5,0,29900,16.86,31,210
2026-07-30T05:29:44Z,6,0,17358,67.80,43,2430
2026-07-30T05:29:44Z,7,0,17358,65.67,40,2430
2026-07-30T05:29:45Z,0,99,31936,339.48,65,2797
2026-07-30T05:29:45Z,1,100,32096,450.33,71,2602
2026-07-30T05:29:45Z,2,100,31794,452.57,68,2572
2026-07-30T05:29:45Z,3,99,31754,366.66,63,2827
2026-07-30T05:29:45Z,4,0,29902,16.88,28,210
2026-07-30T05:29:45Z,5,0,29900,16.18,31,210
2026-07-30T05:29:45Z,6,0,17358,68.80,43,2430
2026-07-30T05:29:45Z,7,0,17358,64.35,40,2430
2026-07-30T05:29:47Z,0,99,31936,337.57,65,2745
2026-07-30T05:29:47Z,1,100,32096,451.41,72,2587
2026-07-30T05:29:47Z,2,100,31794,449.55,68,2602
2026-07-30T05:29:47Z,3,100,31754,450.41,70,2587
2026-07-30T05:29:47Z,4,0,29902,15.40,28,210
2026-07-30T05:29:47Z,5,0,29900,14.05,31,210
2026-07-30T05:29:47Z,6,0,17358,66.62,43,2430
2026-07-30T05:29:47Z,7,0,17358,64.09,40,2430
2026-07-30T05:29:48Z,0,99,31936,347.04,65,2767
2026-07-30T05:29:48Z,1,100,32096,450.32,73,2595
2026-07-30T05:29:48Z,2,100,31794,449.81,69,2587
2026-07-30T05:29:48Z,3,100,31754,451.77,70,2610
2026-07-30T05:29:48Z,4,0,29902,16.30,28,210
2026-07-30T05:29:48Z,5,0,29900,16.80,30,210
2026-07-30T05:29:48Z,6,0,17358,69.67,43,2430
2026-07-30T05:29:48Z,7,0,17358,62.88,40,2430
2026-07-30T05:29:50Z,0,100,31936,459.33,70,2595
2026-07-30T05:29:50Z,1,100,32096,449.66,73,2580
2026-07-30T05:29:50Z,2,99,31794,403.79,63,2872
2026-07-30T05:29:50Z,3,88,31754,356.01,63,2872
2026-07-30T05:29:50Z,4,0,29902,16.89,28,210
2026-07-30T05:29:50Z,5,0,29900,13.15,31,210
2026-07-30T05:29:50Z,6,0,17358,67.09,43,2430
2026-07-30T05:29:50Z,7,0,17358,65.55,40,2430
2026-07-30T05:29:51Z,0,100,31936,373.07,71,2782
2026-07-30T05:29:51Z,1,99,32096,397.21,67,2895
2026-07-30T05:29:51Z,2,100,31794,437.36,67,2617
2026-07-30T05:29:51Z,3,100,31754,450.68,68,2437
2026-07-30T05:29:51Z,4,0,29902,16.10,28,210
2026-07-30T05:29:51Z,5,0,29900,14.73,30,210
2026-07-30T05:29:51Z,6,0,17358,68.44,43,2430
2026-07-30T05:29:51Z,7,0,17358,62.53,40,2430
2026-07-30T05:29:55Z,0,99,31936,402.00,65,2797
2026-07-30T05:29:55Z,1,100,32096,450.41,71,2392
2026-07-30T05:29:55Z,2,100,31794,450.45,69,2602
2026-07-30T05:29:55Z,3,100,31754,457.38,70,2610
2026-07-30T05:29:55Z,4,0,29902,15.43,28,210
2026-07-30T05:29:55Z,5,0,29900,15.26,31,210
2026-07-30T05:29:55Z,6,0,17358,12.41,42,210
2026-07-30T05:29:55Z,7,0,17358,62.01,40,2430
2026-07-30T05:29:57Z,0,100,31936,420.65,71,2610
2026-07-30T05:29:57Z,1,100,32096,449.88,71,2602
2026-07-30T05:29:57Z,2,100,31794,455.44,68,2587
2026-07-30T05:29:57Z,3,100,31754,389.49,71,2872
2026-07-30T05:29:57Z,4,0,29902,18.02,28,210
2026-07-30T05:29:57Z,5,0,29900,14.52,31,210
2026-07-30T05:29:57Z,6,0,17358,13.11,41,210
2026-07-30T05:29:57Z,7,0,17358,64.55,40,2430
2026-07-30T05:29:58Z,0,99,31936,399.60,65,2797
2026-07-30T05:29:58Z,1,99,32096,375.43,67,2895
2026-07-30T05:29:58Z,2,100,31794,449.57,69,2587
2026-07-30T05:29:58Z,3,100,31754,450.47,64,2362
2026-07-30T05:29:58Z,4,0,29902,15.07,28,210
2026-07-30T05:29:58Z,5,0,29900,14.27,31,210
2026-07-30T05:29:58Z,6,62,17358,31.31,49,210
2026-07-30T05:29:58Z,7,0,17358,63.39,40,2430
2026-07-30T05:30:00Z,0,100,31936,430.33,71,2602
2026-07-30T05:30:00Z,1,99,32096,400.25,66,2895
2026-07-30T05:30:00Z,2,96,31794,392.22,64,2872
2026-07-30T05:30:00Z,3,100,31754,450.30,68,2482
2026-07-30T05:30:00Z,4,0,29902,17.18,28,210
2026-07-30T05:30:00Z,5,0,29900,15.84,31,210
2026-07-30T05:30:00Z,6,0,17358,121.19,43,2910
2026-07-30T05:30:00Z,7,0,17358,25.54,39,352
2026-07-30T05:30:01Z,0,99,31936,394.53,65,2797
2026-07-30T05:30:01Z,1,100,32096,457.26,73,2580
2026-07-30T05:30:01Z,2,100,31794,407.97,69,2752
2026-07-30T05:30:01Z,3,100,31754,397.78,70,2775
2026-07-30T05:30:01Z,4,0,29902,17.66,28,210
2026-07-30T05:30:01Z,5,0,29900,13.72,31,210
2026-07-30T05:30:01Z,6,0,17358,75.15,43,2430
2026-07-30T05:30:01Z,7,0,17358,14.81,39,210
2026-07-30T05:30:03Z,0,100,31936,414.27,72,2595
2026-07-30T05:30:03Z,1,99,32096,401.92,67,2887
2026-07-30T05:30:03Z,2,100,31794,449.96,69,2362
2026-07-30T05:30:03Z,3,98,31754,437.59,67,2325
2026-07-30T05:30:03Z,4,0,29902,15.97,28,210
2026-07-30T05:30:03Z,5,0,29900,16.33,31,210
2026-07-30T05:30:03Z,6,0,17358,69.08,43,2430
2026-07-30T05:30:03Z,7,0,17358,12.31,39,210
2026-07-30T05:30:04Z,0,100,31936,450.22,72,2655
2026-07-30T05:30:04Z,1,100,32096,444.44,73,2587
2026-07-30T05:30:04Z,2,100,31794,450.24,67,2542
2026-07-30T05:30:04Z,3,89,31754,351.24,69,2865
2026-07-30T05:30:04Z,4,0,29902,17.75,28,210
2026-07-30T05:30:04Z,5,0,29900,13.87,30,210
2026-07-30T05:30:04Z,6,0,17358,67.44,43,2430
2026-07-30T05:30:04Z,7,0,17358,289.34,41,2917
2026-07-30T05:30:06Z,0,99,31936,395.83,66,2797
2026-07-30T05:30:06Z,1,100,32096,450.11,73,2595
2026-07-30T05:30:06Z,2,100,31794,402.98,70,2752
2026-07-30T05:30:06Z,3,99,31754,450.19,68,2347
2026-07-30T05:30:06Z,4,0,29902,15.54,28,210
2026-07-30T05:30:06Z,5,0,29900,16.23,31,210
2026-07-30T05:30:06Z,6,0,17358,68.06,42,2430
2026-07-30T05:30:06Z,7,0,17358,87.31,40,2842
2026-07-30T05:30:07Z,0,100,31936,405.89,70,2640
2026-07-30T05:30:07Z,1,99,32096,428.73,68,2887
2026-07-30T05:30:07Z,2,95,31794,444.56,65,2422
2026-07-30T05:30:07Z,3,100,31754,450.66,68,2617
2026-07-30T05:30:07Z,4,0,29902,18.06,28,210
2026-07-30T05:30:07Z,5,0,29900,16.09,30,202
2026-07-30T05:30:07Z,6,0,17358,68.60,42,2430
2026-07-30T05:30:07Z,7,0,17358,64.57,40,2430
2026-07-30T05:30:09Z,0,99,31936,394.83,66,2797
2026-07-30T05:30:09Z,1,100,32096,457.13,73,2580
2026-07-30T05:30:09Z,2,100,31794,393.32,70,2827
2026-07-30T05:30:09Z,3,100,31754,449.80,71,2610
2026-07-30T05:30:09Z,4,0,29902,15.25,28,210
2026-07-30T05:30:09Z,5,0,29900,14.90,31,210
2026-07-30T05:30:09Z,6,0,17358,66.82,42,2430
2026-07-30T05:30:09Z,7,0,17358,63.86,40,2430
2026-07-30T05:30:13Z,0,100,31936,454.78,72,2587
2026-07-30T05:30:13Z,1,100,32096,461.84,72,2580
2026-07-30T05:30:13Z,2,100,31794,407.90,69,2617
2026-07-30T05:30:13Z,3,99,31754,401.48,64,2865
2026-07-30T05:30:13Z,4,0,29902,16.42,28,210
2026-07-30T05:30:13Z,5,0,29900,15.87,31,202
2026-07-30T05:30:13Z,6,0,17358,67.07,42,2430
2026-07-30T05:30:13Z,7,0,17358,64.08,40,2430
2026-07-30T05:30:14Z,0,99,31936,372.25,65,2797
2026-07-30T05:30:14Z,1,99,32096,385.60,67,2895
2026-07-30T05:30:14Z,2,100,31794,450.17,69,2602
2026-07-30T05:30:14Z,3,100,31754,390.29,71,2865
2026-07-30T05:30:14Z,4,0,29902,16.18,28,210
2026-07-30T05:30:14Z,5,0,29900,16.11,31,210
2026-07-30T05:30:14Z,6,0,17358,69.23,42,2430
2026-07-30T05:30:14Z,7,0,17358,63.31,40,2430
2026-07-30T05:30:16Z,0,100,31936,450.91,71,2355
2026-07-30T05:30:16Z,1,100,32096,447.47,73,2587
2026-07-30T05:30:16Z,2,99,31794,435.72,64,2625
2026-07-30T05:30:16Z,3,100,31754,450.41,69,2355
2026-07-30T05:30:16Z,4,0,29902,16.21,28,210
2026-07-30T05:30:16Z,5,0,29900,13.74,31,210
2026-07-30T05:30:16Z,6,0,17358,62.83,42,2430
2026-07-30T05:30:16Z,7,0,17358,65.06,40,2430
2026-07-30T05:30:17Z,0,99,31936,347.18,65,2797
2026-07-30T05:30:17Z,1,100,32096,450.20,73,2602
2026-07-30T05:30:17Z,2,100,31794,454.16,69,2595
2026-07-30T05:30:17Z,3,89,31754,377.07,64,2805
2026-07-30T05:30:17Z,4,0,29902,15.81,28,210
2026-07-30T05:30:17Z,5,0,29900,15.40,31,210
2026-07-30T05:30:17Z,6,0,17358,22.91,42,367
2026-07-30T05:30:17Z,7,0,17358,62.33,40,2430
2026-07-30T05:30:19Z,0,99,31936,327.57,65,2797
2026-07-30T05:30:19Z,1,99,32096,426.37,68,2872
2026-07-30T05:30:19Z,2,99,31794,393.03,64,2872
2026-07-30T05:30:19Z,3,100,31754,462.66,70,2610
2026-07-30T05:30:19Z,4,0,29902,17.97,28,210
2026-07-30T05:30:19Z,5,0,29900,14.39,31,210
2026-07-30T05:30:19Z,6,0,17358,12.31,41,202
2026-07-30T05:30:19Z,7,0,17358,65.17,40,2430
2026-07-30T05:30:20Z,0,100,31936,451.10,70,2587
2026-07-30T05:30:20Z,1,100,32096,409.52,73,2737
2026-07-30T05:30:20Z,2,100,31794,420.14,69,2707
2026-07-30T05:30:20Z,3,85,31754,373.62,63,2865
2026-07-30T05:30:20Z,4,0,29902,17.03,28,210
2026-07-30T05:30:20Z,5,0,29900,15.30,30,210
2026-07-30T05:30:20Z,6,0,17358,11.54,41,210
2026-07-30T05:30:20Z,7,0,17358,62.56,40,2430
2026-07-30T05:30:22Z,0,90,31936,349.40,69,2797
2026-07-30T05:30:22Z,1,99,32096,448.16,72,2355
2026-07-30T05:30:22Z,2,100,31794,449.93,68,2632
2026-07-30T05:30:22Z,3,100,31754,450.18,69,2392
2026-07-30T05:30:22Z,4,0,29902,17.11,28,210
2026-07-30T05:30:22Z,5,0,29900,15.80,31,210
2026-07-30T05:30:22Z,6,8,17358,15.43,41,247
2026-07-30T05:30:22Z,7,0,17358,42.72,39,457
2026-07-30T05:30:23Z,0,100,31936,450.45,70,2265
2026-07-30T05:30:23Z,1,100,32096,441.88,72,2587
2026-07-30T05:30:23Z,2,99,31794,439.14,64,2655
2026-07-30T05:30:23Z,3,100,31754,381.24,72,2850
2026-07-30T05:30:23Z,4,0,29902,17.67,28,210
2026-07-30T05:30:23Z,5,0,29900,13.40,31,210
2026-07-30T05:30:23Z,6,0,17358,161.75,43,2917
2026-07-30T05:30:23Z,7,0,17358,14.00,39,210
2026-07-30T05:30:25Z,0,99,31936,323.75,65,2805
2026-07-30T05:30:25Z,1,100,32096,449.88,73,2595
2026-07-30T05:30:25Z,2,86,31794,380.05,65,2827
2026-07-30T05:30:25Z,3,100,31754,446.01,71,2287
2026-07-30T05:30:25Z,4,0,29902,16.57,28,210
2026-07-30T05:30:25Z,5,0,29900,16.24,31,210
2026-07-30T05:30:25Z,6,0,17358,84.58,42,2430
2026-07-30T05:30:25Z,7,0,17358,12.57,39,210
2026-07-30T05:30:27Z,0,100,31936,451.02,70,2602
2026-07-30T05:30:27Z,1,99,32096,428.19,68,2887
2026-07-30T05:30:27Z,2,100,31794,462.96,69,2595
2026-07-30T05:30:27Z,3,99,31754,448.10,69,2295
2026-07-30T05:30:27Z,4,0,29902,16.08,28,210
2026-07-30T05:30:27Z,5,0,29900,13.68,31,210
2026-07-30T05:30:27Z,6,0,17358,67.35,42,2430
2026-07-30T05:30:27Z,7,0,17358,14.71,39,210
2026-07-30T05:30:30Z,0,100,31936,450.38,71,2340
2026-07-30T05:30:30Z,1,99,32096,420.09,68,2812
2026-07-30T05:30:30Z,2,100,31794,393.63,70,2850
2026-07-30T05:30:30Z,3,99,31754,420.32,65,2872
2026-07-30T05:30:30Z,4,0,29902,17.75,28,210
2026-07-30T05:30:30Z,5,0,29900,14.01,31,210
2026-07-30T05:30:30Z,6,0,17358,66.83,42,2430
2026-07-30T05:30:30Z,7,0,17358,96.09,41,2910
2026-07-30T05:30:32Z,0,99,31936,341.33,66,2797
2026-07-30T05:30:32Z,1,100,32096,461.60,73,2587
2026-07-30T05:30:32Z,2,100,31794,450.44,68,2265
2026-07-30T05:30:32Z,3,100,31754,429.28,70,2617
2026-07-30T05:30:32Z,4,0,29902,15.81,28,210
2026-07-30T05:30:32Z,5,0,29900,15.90,31,210
2026-07-30T05:30:32Z,6,0,17358,68.52,42,2430
2026-07-30T05:30:32Z,7,0,17358,65.49,40,2430
2026-07-30T05:30:33Z,0,100,31936,356.73,72,2790
2026-07-30T05:30:33Z,1,99,32096,394.46,68,2895
2026-07-30T05:30:33Z,2,100,31794,450.33,68,2602
2026-07-30T05:30:33Z,3,100,31754,449.77,71,2662
2026-07-30T05:30:33Z,4,0,29902,18.21,28,210
2026-07-30T05:30:33Z,5,0,29900,15.51,31,210
2026-07-30T05:30:33Z,6,0,17358,68.76,42,2430
2026-07-30T05:30:33Z,7,0,17358,64.75,40,2430
2026-07-30T05:30:35Z,0,100,31936,450.49,67,2265
2026-07-30T05:30:35Z,1,100,32096,431.23,73,2602
2026-07-30T05:30:35Z,2,99,31794,361.92,64,2842
2026-07-30T05:30:35Z,3,100,31754,450.13,71,2610
2026-07-30T05:30:35Z,4,0,29902,16.38,28,210
2026-07-30T05:30:35Z,5,0,29900,14.41,31,210
2026-07-30T05:30:35Z,6,0,17358,68.17,42,2430
2026-07-30T05:30:35Z,7,0,17358,63.19,40,2430
2026-07-30T05:30:36Z,0,100,31936,450.50,70,2595
2026-07-30T05:30:36Z,1,100,32096,450.24,72,2655
2026-07-30T05:30:36Z,2,99,31794,381.83,63,2880
2026-07-30T05:30:36Z,3,100,31754,450.09,69,2685
2026-07-30T05:30:36Z,4,0,29902,15.99,28,210
2026-07-30T05:30:36Z,5,0,29900,16.71,30,210
2026-07-30T05:30:36Z,6,0,17358,70.00,42,2430
2026-07-30T05:30:36Z,7,0,17358,63.44,40,2430
2026-07-30T05:30:38Z,0,100,31936,450.22,71,2535
2026-07-30T05:30:38Z,1,99,32096,426.64,68,2887
2026-07-30T05:30:38Z,2,100,31794,422.09,69,2617
2026-07-30T05:30:38Z,3,99,31754,437.17,66,2445
2026-07-30T05:30:38Z,4,0,29902,17.41,28,210
2026-07-30T05:30:38Z,5,0,29900,13.92,31,210
2026-07-30T05:30:38Z,6,0,17358,66.83,42,2430
2026-07-30T05:30:38Z,7,0,17358,64.66,40,2430
2026-07-30T05:30:40Z,0,99,31936,338.48,66,2797
2026-07-30T05:30:40Z,1,100,32096,466.13,73,2572
2026-07-30T05:30:40Z,2,99,31794,426.08,64,2835
2026-07-30T05:30:40Z,3,99,31754,375.22,65,2872
2026-07-30T05:30:40Z,4,0,29902,17.11,28,210
2026-07-30T05:30:40Z,5,0,29900,15.36,31,210
2026-07-30T05:30:40Z,6,0,17358,69.38,42,2430
2026-07-30T05:30:40Z,7,0,17358,62.51,40,2430
2026-07-30T05:30:41Z,0,99,31936,338.58,66,2797
2026-07-30T05:30:41Z,1,99,32096,403.80,68,2887
2026-07-30T05:30:41Z,2,99,31794,370.09,63,2872
2026-07-30T05:30:41Z,3,100,31754,418.78,71,2625
2026-07-30T05:30:41Z,4,0,29902,18.32,28,210
2026-07-30T05:30:41Z,5,0,29900,12.81,31,210
2026-07-30T05:30:41Z,6,0,17358,23.38,41,367
2026-07-30T05:30:41Z,7,0,17358,65.14,40,2430
2026-07-30T05:30:43Z,0,99,31936,346.21,65,2797
2026-07-30T05:30:43Z,1,100,32096,421.61,72,2587
2026-07-30T05:30:43Z,2,100,31794,458.06,69,2595
2026-07-30T05:30:43Z,3,100,31754,449.95,70,2632
2026-07-30T05:30:43Z,4,0,29902,16.09,28,210
2026-07-30T05:30:43Z,5,0,29900,16.66,31,210
2026-07-30T05:30:43Z,6,0,17358,13.02,41,210
2026-07-30T05:30:43Z,7,0,17358,62.27,40,2430
2026-07-30T05:30:44Z,0,100,31936,450.52,71,2602
2026-07-30T05:30:44Z,1,100,32096,449.85,73,2610
2026-07-30T05:30:44Z,2,99,31794,366.17,63,2880
2026-07-30T05:30:44Z,3,99,31754,439.59,66,2467
2026-07-30T05:30:44Z,4,0,29902,17.13,28,210
2026-07-30T05:30:44Z,5,0,29900,15.53,30,210
2026-07-30T05:30:44Z,6,0,17358,13.24,41,210
2026-07-30T05:30:44Z,7,0,17358,64.88,40,2430
2026-07-30T05:30:48Z,0,100,31936,463.62,71,2580
2026-07-30T05:30:48Z,1,100,32096,450.29,71,2595
2026-07-30T05:30:48Z,2,100,31794,443.36,65,2242
2026-07-30T05:30:48Z,3,28,31754,417.94,63,2332
2026-07-30T05:30:48Z,4,0,29902,17.79,28,210
2026-07-30T05:30:48Z,5,0,29900,14.78,31,210
2026-07-30T05:30:48Z,6,0,17358,96.20,43,2925
2026-07-30T05:30:48Z,7,0,17358,26.24,39,352
2026-07-30T05:30:49Z,0,90,31936,339.15,68,2797
2026-07-30T05:30:49Z,1,100,32096,450.80,74,2595
2026-07-30T05:30:49Z,2,100,31794,404.81,70,2850
2026-07-30T05:30:49Z,3,100,31754,460.57,70,2602
2026-07-30T05:30:49Z,4,0,29902,17.53,28,210
2026-07-30T05:30:49Z,5,0,29900,14.15,31,210
2026-07-30T05:30:49Z,6,0,17358,67.00,42,2430
2026-07-30T05:30:49Z,7,0,17358,12.91,39,210
2026-07-30T05:30:51Z,0,100,31936,383.02,73,2760
2026-07-30T05:30:51Z,1,95,32096,371.33,70,2887
2026-07-30T05:30:51Z,2,99,31794,437.11,65,2722
2026-07-30T05:30:51Z,3,100,31754,449.68,71,2602
2026-07-30T05:30:51Z,4,0,29902,17.70,28,210
2026-07-30T05:30:51Z,5,0,29900,15.17,31,210
2026-07-30T05:30:51Z,6,0,17358,69.48,42,2430
2026-07-30T05:30:51Z,7,0,17358,12.13,39,210
2026-07-30T05:30:52Z,0,100,31936,450.20,72,2655
2026-07-30T05:30:52Z,1,95,32096,395.05,69,2887
2026-07-30T05:30:52Z,2,100,31794,395.75,69,2767
2026-07-30T05:30:52Z,3,99,31754,387.43,65,2872
2026-07-30T05:30:52Z,4,0,29902,16.18,28,210
2026-07-30T05:30:52Z,5,0,29900,14.19,31,210
2026-07-30T05:30:52Z,6,0,17358,66.57,42,2430
2026-07-30T05:30:52Z,7,0,17358,14.15,39,210
2026-07-30T05:30:54Z,0,99,31936,444.87,69,2355
2026-07-30T05:30:54Z,1,88,32096,377.89,66,2895
2026-07-30T05:30:54Z,2,99,31794,438.41,64,2422
2026-07-30T05:30:54Z,3,100,31754,459.94,69,2595
2026-07-30T05:30:54Z,4,0,29902,16.07,28,210
2026-07-30T05:30:54Z,5,0,29900,15.84,31,210
2026-07-30T05:30:54Z,6,0,17358,68.74,42,2430
2026-07-30T05:30:54Z,7,0,17358,13.10,39,210
2026-07-30T05:30:56Z,0,100,31936,370.42,73,2767
2026-07-30T05:30:56Z,1,100,32096,450.18,71,2535
2026-07-30T05:30:56Z,2,100,31794,452.22,69,2587
2026-07-30T05:30:56Z,3,100,31754,449.70,71,2610
2026-07-30T05:30:56Z,4,0,29902,18.13,28,210
2026-07-30T05:30:56Z,5,0,29900,12.84,31,210
2026-07-30T05:30:56Z,6,0,17358,67.94,42,2430
2026-07-30T05:30:56Z,7,0,17358,12.73,39,210
2026-07-30T05:30:57Z,0,99,31936,439.64,67,2280
2026-07-30T05:30:57Z,1,100,32096,433.31,73,2587
2026-07-30T05:30:57Z,2,99,31794,395.05,64,2872
2026-07-30T05:30:57Z,3,98,31754,406.34,68,2872
2026-07-30T05:30:57Z,4,0,29902,15.03,28,210
2026-07-30T05:30:57Z,5,0,29900,15.06,31,210
2026-07-30T05:30:57Z,6,0,17358,67.49,42,2430
2026-07-30T05:30:57Z,7,0,17358,13.48,39,210
2026-07-30T05:30:59Z,0,99,31936,329.93,66,2797
2026-07-30T05:30:59Z,1,100,32096,450.11,74,2602
2026-07-30T05:30:59Z,2,100,31794,445.27,69,2580
2026-07-30T05:30:59Z,3,37,31754,353.48,63,2872
2026-07-30T05:30:59Z,4,0,29902,18.10,28,202
2026-07-30T05:30:59Z,5,0,29900,14.57,31,210
2026-07-30T05:30:59Z,6,0,17358,68.75,42,2430
2026-07-30T05:30:59Z,7,0,17358,11.92,39,210
2026-07-30T05:31:00Z,0,100,31936,453.41,71,2572
2026-07-30T05:31:00Z,1,99,32096,427.87,68,2857
2026-07-30T05:31:00Z,2,88,31794,394.95,63,2880
2026-07-30T05:31:00Z,3,100,31754,375.41,72,2865
2026-07-30T05:31:00Z,4,0,29902,17.06,28,210
2026-07-30T05:31:00Z,5,0,29900,13.45,30,210
2026-07-30T05:31:00Z,6,0,17358,66.36,42,2430
2026-07-30T05:31:00Z,7,0,17358,13.30,39,210
2026-07-30T05:31:02Z,0,99,31936,365.65,66,2737
2026-07-30T05:31:02Z,1,99,32096,382.04,68,2895
2026-07-30T05:31:02Z,2,100,31794,450.50,68,2505
2026-07-30T05:31:02Z,3,85,31754,443.19,71,2587
2026-07-30T05:31:02Z,4,0,29902,16.48,28,210
2026-07-30T05:31:02Z,5,0,29900,15.34,31,210
2026-07-30T05:31:02Z,6,0,17358,69.05,42,2430
2026-07-30T05:31:02Z,7,85,17358,39.93,46,510
2026-07-30T05:31:05Z,0,100,31936,450.44,70,2400
2026-07-30T05:31:05Z,1,100,32096,449.59,74,2587
2026-07-30T05:31:05Z,2,99,31794,393.72,64,2842
2026-07-30T05:31:05Z,3,100,31754,450.38,71,2617
2026-07-30T05:31:05Z,4,0,29902,15.22,28,202
2026-07-30T05:31:05Z,5,0,29900,15.43,31,210
2026-07-30T05:31:05Z,6,0,17358,24.61,41,330
2026-07-30T05:31:05Z,7,0,17358,63.03,40,2430
2026-07-30T05:31:07Z,0,99,31936,329.33,66,2797
2026-07-30T05:31:07Z,1,100,32096,450.09,74,2580
2026-07-30T05:31:07Z,2,100,31794,408.91,69,2617
2026-07-30T05:31:07Z,3,99,31754,392.35,65,2872
2026-07-30T05:31:07Z,4,0,29902,17.56,28,210
2026-07-30T05:31:07Z,5,0,29900,13.69,31,210
2026-07-30T05:31:07Z,6,0,17358,11.27,41,210
2026-07-30T05:31:07Z,7,0,17358,65.11,40,2430
2026-07-30T05:31:09Z,0,89,31936,348.63,70,2797
2026-07-30T05:31:09Z,1,99,32096,403.97,68,2887
2026-07-30T05:31:09Z,2,100,31794,449.66,70,2610
2026-07-30T05:31:09Z,3,85,31754,351.01,64,2872
2026-07-30T05:31:09Z,4,0,29902,17.29,28,210
2026-07-30T05:31:09Z,5,0,29900,16.58,31,210
2026-07-30T05:31:09Z,6,0,17358,13.27,41,210
2026-07-30T05:31:09Z,7,0,17358,61.75,40,2430
2026-07-30T05:31:10Z,0,100,31936,450.43,71,2602
2026-07-30T05:31:10Z,1,100,32096,451.58,74,2587
2026-07-30T05:31:10Z,2,100,31794,450.06,70,2602
2026-07-30T05:31:10Z,3,100,31754,450.49,69,2520
2026-07-30T05:31:10Z,4,0,29902,18.64,28,210
2026-07-30T05:31:10Z,5,0,29900,15.18,31,210
2026-07-30T05:31:10Z,6,0,17358,261.65,43,2917
2026-07-30T05:31:10Z,7,0,17358,64.56,40,2430
2026-07-30T05:31:12Z,0,100,31936,417.24,73,2700
2026-07-30T05:31:12Z,1,100,32096,449.73,74,2580
2026-07-30T05:31:12Z,2,99,31794,439.68,65,2467
2026-07-30T05:31:12Z,3,100,31754,449.76,71,2610
2026-07-30T05:31:12Z,4,0,29902,15.64,28,210
2026-07-30T05:31:12Z,5,0,29900,15.08,31,210
2026-07-30T05:31:12Z,6,0,17358,87.31,42,2430
2026-07-30T05:31:12Z,7,0,17358,62.25,40,2430
2026-07-30T05:31:13Z,0,99,31936,405.59,67,2797
2026-07-30T05:31:13Z,1,92,32096,395.47,68,2887
2026-07-30T05:31:13Z,2,99,31794,389.34,64,2872
2026-07-30T05:31:13Z,3,99,31754,355.58,65,2865
2026-07-30T05:31:13Z,4,0,29902,16.14,28,210
2026-07-30T05:31:13Z,5,0,29900,15.62,31,210
2026-07-30T05:31:13Z,6,0,17358,69.07,42,2430
2026-07-30T05:31:13Z,7,0,17358,63.57,40,2430
2026-07-30T05:31:15Z,0,100,31936,458.45,72,2595
2026-07-30T05:31:15Z,1,100,32096,444.43,74,2572
2026-07-30T05:31:15Z,2,100,31794,394.66,70,2752
2026-07-30T05:31:15Z,3,99,31754,353.74,64,2835
2026-07-30T05:31:15Z,4,0,29902,17.41,28,210
2026-07-30T05:31:15Z,5,0,29900,14.52,31,210
2026-07-30T05:31:15Z,6,0,17358,65.93,42,2430
2026-07-30T05:31:15Z,7,0,17358,63.80,40,2430
2026-07-30T05:31:16Z,0,99,31936,326.96,66,2797
2026-07-30T05:31:16Z,1,63,32096,404.60,68,2887
2026-07-30T05:31:16Z,2,99,31794,439.52,65,2362
2026-07-30T05:31:16Z,3,100,31754,450.51,70,2580
2026-07-30T05:31:16Z,4,0,29902,15.71,28,210
2026-07-30T05:31:16Z,5,0,29900,16.75,30,210
2026-07-30T05:31:16Z,6,0,17358,69.01,42,2430
2026-07-30T05:31:16Z,7,0,17358,62.41,40,2430
2026-07-30T05:31:18Z,0,100,31936,456.05,73,2580
2026-07-30T05:31:18Z,1,100,32096,458.14,74,2580
2026-07-30T05:31:18Z,2,48,31794,363.22,65,2835
2026-07-30T05:31:18Z,3,100,31754,422.79,71,2640
2026-07-30T05:31:18Z,4,0,29902,17.95,28,210
2026-07-30T05:31:18Z,5,0,29900,12.60,31,210
2026-07-30T05:31:18Z,6,0,17358,67.46,42,2430
2026-07-30T05:31:18Z,7,0,17358,65.00,40,2430
2026-07-30T05:31:19Z,0,99,31936,336.80,66,2790
2026-07-30T05:31:19Z,1,99,32096,394.21,68,2887
2026-07-30T05:31:19Z,2,100,31794,406.92,70,2670
2026-07-30T05:31:19Z,3,99,31754,403.55,65,2865
2026-07-30T05:31:19Z,4,0,29902,16.37,28,210
2026-07-30T05:31:19Z,5,0,29900,14.28,30,210
2026-07-30T05:31:19Z,6,0,17358,68.35,42,2430
2026-07-30T05:31:19Z,7,0,17358,57.59,39,1357
2026-07-30T05:31:23Z,0,100,31936,379.27,74,2775
2026-07-30T05:31:23Z,1,100,32096,449.90,73,2400
2026-07-30T05:31:23Z,2,86,31794,378.55,67,2872
2026-07-30T05:31:23Z,3,100,31754,450.42,68,2295
2026-07-30T05:31:23Z,4,0,29902,15.97,28,210
2026-07-30T05:31:23Z,5,0,29900,15.06,31,210
2026-07-30T05:31:23Z,6,0,17358,67.74,42,2430
2026-07-30T05:31:23Z,7,0,17358,12.58,39,210
2026-07-30T05:31:25Z,0,76,31936,418.19,66,2752
2026-07-30T05:31:25Z,1,100,32096,442.10,74,2595
2026-07-30T05:31:25Z,2,99,31794,368.70,63,2872
2026-07-30T05:31:25Z,3,100,31754,379.10,71,2865
2026-07-30T05:31:25Z,4,0,29902,18.48,28,210
2026-07-30T05:31:25Z,5,0,29900,13.52,31,210
2026-07-30T05:31:25Z,6,0,17358,68.23,42,2430
2026-07-30T05:31:25Z,7,0,17358,12.04,39,210
2026-07-30T05:31:26Z,0,96,31936,346.01,68,2775
2026-07-30T05:31:26Z,1,100,32096,449.72,74,2602
2026-07-30T05:31:26Z,2,100,31794,450.42,67,2475
2026-07-30T05:31:26Z,3,99,31754,448.01,69,2370
2026-07-30T05:31:26Z,4,0,29902,15.83,28,210
2026-07-30T05:31:26Z,5,0,29900,14.67,31,210
2026-07-30T05:31:26Z,6,0,17358,67.06,42,2430
2026-07-30T05:31:26Z,7,98,17358,40.47,46,2272
2026-07-30T05:31:28Z,0,99,31936,357.31,66,2797
2026-07-30T05:31:28Z,1,98,32096,431.09,69,2730
2026-07-30T05:31:28Z,2,100,31794,399.38,71,2872
2026-07-30T05:31:28Z,3,99,31754,385.80,64,2872
2026-07-30T05:31:28Z,4,0,29902,17.27,28,210
2026-07-30T05:31:28Z,5,0,29900,15.96,31,210
2026-07-30T05:31:28Z,6,0,17358,62.57,42,2430
2026-07-30T05:31:28Z,7,0,17358,100.29,41,2910
2026-07-30T05:31:29Z,0,100,31936,464.84,73,2580
2026-07-30T05:31:29Z,1,100,32096,409.36,74,2827
2026-07-30T05:31:29Z,2,100,31794,450.40,65,2400
2026-07-30T05:31:29Z,3,100,31754,394.56,70,2835
2026-07-30T05:31:29Z,4,0,29902,18.10,28,210
2026-07-30T05:31:29Z,5,0,29900,13.67,31,210
2026-07-30T05:31:29Z,6,0,17358,23.57,41,330
2026-07-30T05:31:29Z,7,0,17358,70.66,40,2430
2026-07-30T05:31:31Z,0,86,31936,341.30,73,2805
2026-07-30T05:31:31Z,1,100,32096,450.33,69,2287
2026-07-30T05:31:31Z,2,100,31794,429.56,70,2580
2026-07-30T05:31:31Z,3,99,31754,441.13,65,2310
2026-07-30T05:31:31Z,4,0,29902,16.53,28,210
2026-07-30T05:31:31Z,5,0,29900,16.62,31,210
2026-07-30T05:31:31Z,6,0,17358,13.24,41,210
2026-07-30T05:31:31Z,7,0,17358,62.97,40,2430
2026-07-30T05:31:33Z,0,100,31936,450.39,71,2257
2026-07-30T05:31:33Z,1,99,32096,394.62,68,2895
2026-07-30T05:31:33Z,2,100,31794,449.90,70,2625
2026-07-30T05:31:33Z,3,100,31754,454.83,71,2617
2026-07-30T05:31:33Z,4,0,29902,17.86,28,210
2026-07-30T05:31:33Z,5,0,29900,14.11,31,210
2026-07-30T05:31:33Z,6,0,17358,13.53,41,210
2026-07-30T05:31:33Z,7,0,17358,65.18,40,2430
2026-07-30T05:31:34Z,0,100,31936,450.40,71,2587
2026-07-30T05:31:34Z,1,96,32096,397.34,69,2842
2026-07-30T05:31:34Z,2,99,31794,428.52,64,2512
2026-07-30T05:31:34Z,3,99,31754,407.90,65,2865
2026-07-30T05:31:34Z,4,0,29902,15.16,28,210
2026-07-30T05:31:34Z,5,0,29900,15.20,31,210
2026-07-30T05:31:34Z,6,0,17358,11.70,41,210
2026-07-30T05:31:34Z,7,0,17358,62.08,40,2430
2026-07-30T05:31:36Z,0,100,31936,450.05,72,2602
2026-07-30T05:31:36Z,1,99,32096,380.35,68,2895
2026-07-30T05:31:36Z,2,99,31794,380.29,64,2872
2026-07-30T05:31:36Z,3,91,31754,377.34,64,2872
2026-07-30T05:31:36Z,4,0,29902,18.64,28,210
2026-07-30T05:31:36Z,5,0,29900,14.60,31,210
2026-07-30T05:31:36Z,6,0,17358,13.68,41,210
2026-07-30T05:31:36Z,7,0,17358,64.63,40,2430
2026-07-30T05:31:37Z,0,99,31936,346.62,67,2797
2026-07-30T05:31:37Z,1,100,32096,450.41,72,2587
2026-07-30T05:31:37Z,2,100,31794,417.65,70,2602
2026-07-30T05:31:37Z,3,100,31754,450.26,69,2527
2026-07-30T05:31:37Z,4,0,29902,17.15,28,210
2026-07-30T05:31:37Z,5,0,29900,14.76,31,210
2026-07-30T05:31:37Z,6,0,17358,11.96,41,210
2026-07-30T05:31:37Z,7,0,17358,63.75,40,2430
2026-07-30T05:31:41Z,0,99,31936,388.35,67,2797
2026-07-30T05:31:41Z,1,99,32096,403.82,69,2887
2026-07-30T05:31:41Z,2,99,31794,391.98,64,2872
2026-07-30T05:31:41Z,3,100,31754,460.57,71,2602
2026-07-30T05:31:41Z,4,0,29902,15.98,28,210
2026-07-30T05:31:41Z,5,0,29900,14.39,31,210
2026-07-30T05:31:41Z,6,0,17358,10.76,41,210
2026-07-30T05:31:41Z,7,0,17358,62.96,40,2430
2026-07-30T05:31:43Z,0,100,31936,468.20,73,2587
2026-07-30T05:31:43Z,1,93,32096,366.96,67,2887
2026-07-30T05:31:43Z,2,100,31794,421.55,70,2685
2026-07-30T05:31:43Z,3,100,31754,449.61,71,2602
2026-07-30T05:31:43Z,4,0,29902,17.73,28,210
2026-07-30T05:31:43Z,5,0,29900,13.80,31,210
2026-07-30T05:31:43Z,6,100,17358,126.32,50,1957
2026-07-30T05:31:43Z,7,0,17358,63.39,40,2430
2026-07-30T05:31:44Z,0,98,31936,312.72,66,2805
2026-07-30T05:31:44Z,1,100,32096,455.87,74,2565
2026-07-30T05:31:44Z,2,99,31794,430.53,64,2557
2026-07-30T05:31:44Z,3,99,31754,379.04,65,2872
2026-07-30T05:31:44Z,4,0,29902,16.11,28,210
2026-07-30T05:31:44Z,5,0,29900,13.43,31,210
2026-07-30T05:31:44Z,6,0,17358,94.95,43,2925
2026-07-30T05:31:44Z,7,0,17358,64.28,40,2430
2026-07-30T05:31:46Z,0,100,31936,454.29,73,2587
2026-07-30T05:31:46Z,1,99,32096,403.77,68,2880
2026-07-30T05:31:46Z,2,100,31794,455.44,68,2580
2026-07-30T05:31:46Z,3,100,31754,457.77,71,2610
2026-07-30T05:31:46Z,4,0,29902,17.25,28,210
2026-07-30T05:31:46Z,5,0,29900,16.18,31,210
2026-07-30T05:31:46Z,6,0,17358,69.23,42,2430
2026-07-30T05:31:46Z,7,0,17358,25.30,39,352
2026-07-30T05:31:47Z,0,100,31936,458.23,73,2580
2026-07-30T05:31:47Z,1,93,32096,392.55,67,2887
2026-07-30T05:31:47Z,2,100,31794,449.57,70,2595
2026-07-30T05:31:47Z,3,99,31754,361.94,65,2835
2026-07-30T05:31:47Z,4,0,29902,17.67,28,210
2026-07-30T05:31:47Z,5,0,29900,13.18,31,210
2026-07-30T05:31:47Z,6,0,17358,67.01,42,2430
2026-07-30T05:31:47Z,7,0,17358,13.82,39,210
2026-07-30T05:31:49Z,0,100,31936,449.63,73,2572
2026-07-30T05:31:49Z,1,100,32096,450.27,74,2587
2026-07-30T05:31:49Z,2,100,31794,449.83,70,2587
2026-07-30T05:31:49Z,3,100,31754,457.26,71,2602
2026-07-30T05:31:49Z,4,0,29902,15.56,28,210
2026-07-30T05:31:49Z,5,0,29900,16.76,31,210
2026-07-30T05:31:49Z,6,0,17358,67.38,42,2430
2026-07-30T05:31:49Z,7,0,17358,11.88,39,210
2026-07-30T05:31:50Z,0,100,31936,449.58,73,2580
2026-07-30T05:31:50Z,1,100,32096,449.62,74,2587
2026-07-30T05:31:50Z,2,99,31794,399.24,64,2872
2026-07-30T05:31:50Z,3,99,31754,352.67,64,2865
2026-07-30T05:31:50Z,4,0,29902,16.58,28,210
2026-07-30T05:31:50Z,5,0,29900,15.85,31,210
2026-07-30T05:31:50Z,6,0,17358,68.33,42,2430
2026-07-30T05:31:50Z,7,100,17358,264.82,49,2085
2026-07-30T05:31:52Z,0,99,31936,379.14,67,2767
2026-07-30T05:31:52Z,1,99,32096,411.71,68,2887
2026-07-30T05:31:52Z,2,100,31794,456.55,69,2587
2026-07-30T05:31:52Z,3,100,31754,451.37,71,2617
2026-07-30T05:31:52Z,4,0,29902,16.44,28,210
2026-07-30T05:31:52Z,5,0,29900,14.38,31,210
2026-07-30T05:31:52Z,6,0,17358,67.37,42,2430
2026-07-30T05:31:52Z,7,0,17358,94.38,41,2910
2026-07-30T05:31:53Z,0,99,31936,359.20,68,2730
2026-07-30T05:31:53Z,1,100,32096,404.93,75,2865
2026-07-30T05:31:53Z,2,100,31794,449.58,70,2587
2026-07-30T05:31:53Z,3,99,31754,373.78,64,2872
2026-07-30T05:31:53Z,4,0,29902,15.97,28,210
2026-07-30T05:31:53Z,5,0,29900,16.87,31,210
2026-07-30T05:31:53Z,6,0,17358,69.70,42,2430
2026-07-30T05:31:53Z,7,0,17358,63.77,40,2430
2026-07-30T05:31:55Z,0,100,31936,466.05,73,2587
2026-07-30T05:31:55Z,1,99,32096,450.23,72,2317
2026-07-30T05:31:55Z,2,83,31794,410.67,68,2872
2026-07-30T05:31:55Z,3,100,31754,415.58,71,2730
2026-07-30T05:31:55Z,4,0,29902,17.69,28,210
2026-07-30T05:31:55Z,5,0,29900,13.83,31,210
2026-07-30T05:31:55Z,6,0,17358,66.54,42,2430
2026-07-30T05:31:55Z,7,0,17358,64.64,40,2430
2026-07-30T05:31:59Z,0,93,31936,336.18,66,2797
2026-07-30T05:31:59Z,1,99,32096,387.65,68,2887
2026-07-30T05:31:59Z,2,99,31794,373.86,64,2880
2026-07-30T05:31:59Z,3,88,31754,374.69,65,2820
2026-07-30T05:31:59Z,4,0,29902,16.39,28,210
2026-07-30T05:31:59Z,5,0,29900,13.89,31,210
2026-07-30T05:31:59Z,6,0,17358,66.26,42,2430
2026-07-30T05:31:59Z,7,0,17358,64.72,40,2430
2026-07-30T05:32:00Z,0,100,31936,444.01,73,2580
2026-07-30T05:32:00Z,1,99,32096,389.21,68,2895
2026-07-30T05:32:00Z,2,100,31794,408.28,70,2610
2026-07-30T05:32:00Z,3,100,31754,450.39,71,2610
2026-07-30T05:32:00Z,4,0,29902,16.37,28,210
2026-07-30T05:32:00Z,5,0,29900,16.98,31,210
2026-07-30T05:32:00Z,6,0,17358,44.94,41,427
2026-07-30T05:32:00Z,7,0,17358,62.75,40,2430
2026-07-30T05:32:02Z,0,99,31936,390.98,67,2797
2026-07-30T05:32:02Z,1,96,32096,379.25,73,2887
2026-07-30T05:32:02Z,2,100,31794,449.68,70,2692
2026-07-30T05:32:02Z,3,99,31754,403.40,65,2872
2026-07-30T05:32:02Z,4,0,29902,17.58,28,210
2026-07-30T05:32:02Z,5,0,29900,13.19,30,202
2026-07-30T05:32:02Z,6,0,17358,13.45,41,210
2026-07-30T05:32:02Z,7,0,17358,65.36,40,2430
2026-07-30T05:32:03Z,0,99,31936,335.56,66,2797
2026-07-30T05:32:03Z,1,100,32096,449.70,72,2295
2026-07-30T05:32:03Z,2,99,31794,424.35,65,2880
2026-07-30T05:32:03Z,3,100,31754,324.23,69,2797
2026-07-30T05:32:03Z,4,0,29902,16.60,28,210
2026-07-30T05:32:03Z,5,0,29900,16.07,31,210
2026-07-30T05:32:03Z,6,0,17358,12.06,41,210
2026-07-30T05:32:03Z,7,0,17358,62.13,40,2430
2026-07-30T05:32:05Z,0,100,31936,450.37,71,2400
2026-07-30T05:32:05Z,1,71,32096,375.24,68,2887
2026-07-30T05:32:05Z,2,99,31794,374.88,64,2872
2026-07-30T05:32:05Z,3,99,31754,449.66,71,2377
2026-07-30T05:32:05Z,4,0,29902,17.57,28,210
2026-07-30T05:32:05Z,5,0,29900,15.29,31,210
2026-07-30T05:32:05Z,6,0,17358,12.84,41,210
2026-07-30T05:32:05Z,7,0,17358,64.36,40,2430
2026-07-30T05:32:07Z,0,100,31936,450.52,73,2580
2026-07-30T05:32:07Z,1,100,32096,446.06,74,2580
2026-07-30T05:32:07Z,2,100,31794,420.11,70,2610
2026-07-30T05:32:07Z,3,100,31754,450.23,69,2565
2026-07-30T05:32:07Z,4,0,29902,15.76,28,210
2026-07-30T05:32:07Z,5,0,29900,16.45,30,210
2026-07-30T05:32:07Z,6,20,17358,330.47,44,2782
2026-07-30T05:32:07Z,7,0,17358,63.45,40,2430
2026-07-30T05:32:08Z,0,100,31936,449.60,74,2580
2026-07-30T05:32:08Z,1,100,32096,450.11,73,2602
2026-07-30T05:32:08Z,2,100,31794,449.83,70,2625
2026-07-30T05:32:08Z,3,100,31754,450.16,69,2475
2026-07-30T05:32:08Z,4,0,29902,16.75,28,210
2026-07-30T05:32:08Z,5,0,29900,16.08,31,202
2026-07-30T05:32:08Z,6,0,17358,96.45,43,2925
2026-07-30T05:32:08Z,7,0,17358,35.70,39,397
2026-07-30T05:32:10Z,0,99,31936,348.79,67,2797
2026-07-30T05:32:10Z,1,99,32096,419.83,69,2887
2026-07-30T05:32:10Z,2,100,31794,449.80,70,2347
2026-07-30T05:32:10Z,3,100,31754,449.87,71,2617
2026-07-30T05:32:10Z,4,0,29902,16.79,28,210
2026-07-30T05:32:10Z,5,0,29900,14.42,30,210
2026-07-30T05:32:10Z,6,0,17358,66.79,42,2430
2026-07-30T05:32:10Z,7,0,17358,15.10,39,210
2026-07-30T05:32:11Z,0,99,31936,322.03,66,2767
2026-07-30T05:32:11Z,1,100,32096,454.65,73,2587
2026-07-30T05:32:11Z,2,88,31794,447.50,68,2505
2026-07-30T05:32:11Z,3,99,31754,369.16,65,2872
2026-07-30T05:32:11Z,4,0,29902,15.76,28,210
2026-07-30T05:32:11Z,5,0,29900,16.80,31,210
2026-07-30T05:32:11Z,6,0,17358,69.14,42,2430
2026-07-30T05:32:11Z,7,0,17358,12.36,39,210
2026-07-30T05:32:13Z,0,100,31936,454.27,73,2587
2026-07-30T05:32:13Z,1,95,32096,382.32,68,2895
2026-07-30T05:32:13Z,2,100,31794,450.25,68,2295
2026-07-30T05:32:13Z,3,87,31754,361.29,71,2872
2026-07-30T05:32:13Z,4,0,29902,17.84,28,210
2026-07-30T05:32:13Z,5,0,29900,14.15,31,210
2026-07-30T05:32:13Z,6,0,17358,68.19,42,2430
2026-07-30T05:32:13Z,7,0,17358,12.65,39,210
2026-07-30T05:32:16Z,0,89,31936,351.02,69,2797
2026-07-30T05:32:16Z,1,100,32096,449.61,73,2362
2026-07-30T05:32:16Z,2,99,31794,369.42,64,2872
2026-07-30T05:32:16Z,3,99,31754,384.95,64,2872
2026-07-30T05:32:16Z,4,0,29902,17.59,28,210
2026-07-30T05:32:16Z,5,0,29900,13.88,31,210
2026-07-30T05:32:16Z,6,0,17358,67.77,42,2430
2026-07-30T05:32:16Z,7,0,17358,74.96,40,2430
2026-07-30T05:32:18Z,0,100,31936,465.96,72,2572
2026-07-30T05:32:18Z,1,100,32096,450.21,72,2392
2026-07-30T05:32:18Z,2,100,31794,463.76,69,2595
2026-07-30T05:32:18Z,3,100,31754,450.60,68,2610
2026-07-30T05:32:18Z,4,0,29902,16.20,28,210
2026-07-30T05:32:18Z,5,0,29900,15.17,30,210
2026-07-30T05:32:18Z,6,0,17358,68.08,42,2430
2026-07-30T05:32:18Z,7,0,17358,62.52,40,2430
2026-07-30T05:32:20Z,0,100,31936,449.55,73,2587
2026-07-30T05:32:20Z,1,100,32096,450.14,72,2595
2026-07-30T05:32:20Z,2,99,31794,400.46,64,2880
2026-07-30T05:32:20Z,3,99,31754,368.12,65,2872
2026-07-30T05:32:20Z,4,0,29902,18.56,28,210
2026-07-30T05:32:20Z,5,0,29900,14.81,30,210
2026-07-30T05:32:20Z,6,0,17358,68.33,42,2430
2026-07-30T05:32:20Z,7,0,17358,64.30,40,2430
2026-07-30T05:32:21Z,0,100,31936,449.75,73,2580
2026-07-30T05:32:21Z,1,93,32096,402.56,72,2887
2026-07-30T05:32:21Z,2,88,31794,377.36,67,2842
2026-07-30T05:32:21Z,3,100,31754,434.53,70,2625
2026-07-30T05:32:21Z,4,0,29902,16.18,28,210
2026-07-30T05:32:21Z,5,0,29900,14.75,31,210
2026-07-30T05:32:21Z,6,0,17358,66.47,42,2430
2026-07-30T05:32:21Z,7,0,17358,64.34,40,2430
2026-07-30T05:32:23Z,0,99,31936,391.82,67,2797
2026-07-30T05:32:23Z,1,83,32096,340.63,73,2895
2026-07-30T05:32:23Z,2,100,31794,451.03,70,2580
2026-07-30T05:32:23Z,3,100,31754,449.86,71,2610
2026-07-30T05:32:23Z,4,0,29902,18.28,28,210
2026-07-30T05:32:23Z,5,0,29900,15.39,30,210
2026-07-30T05:32:23Z,6,0,17358,68.88,42,2430
2026-07-30T05:32:23Z,7,0,17358,63.38,40,2430
2026-07-30T05:32:24Z,0,99,31936,346.19,67,2797
2026-07-30T05:32:24Z,1,100,32096,450.27,72,2347
2026-07-30T05:32:24Z,2,100,31794,449.81,69,2595
2026-07-30T05:32:24Z,3,99,31754,427.42,65,2872
2026-07-30T05:32:24Z,4,0,29902,18.11,28,210
2026-07-30T05:32:24Z,5,0,29900,14.56,31,210
2026-07-30T05:32:24Z,6,0,17358,46.34,41,427
2026-07-30T05:32:24Z,7,0,17358,65.33,40,2430
2026-07-30T05:32:26Z,0,100,31936,437.37,73,2602
2026-07-30T05:32:26Z,1,99,32096,387.95,69,2887
2026-07-30T05:32:26Z,2,100,31794,449.78,70,2602
2026-07-30T05:32:26Z,3,99,31754,372.61,65,2872
2026-07-30T05:32:26Z,4,0,29902,16.37,28,210
2026-07-30T05:32:26Z,5,0,29900,16.45,31,210
2026-07-30T05:32:26Z,6,0,17358,14.17,41,210
2026-07-30T05:32:26Z,7,0,17358,62.35,40,2430
2026-07-30T05:32:27Z,0,99,31936,368.41,67,2797
2026-07-30T05:32:27Z,1,100,32096,468.57,72,2580
2026-07-30T05:32:27Z,2,100,31794,449.92,69,2595
2026-07-30T05:32:27Z,3,100,31754,424.16,71,2625
2026-07-30T05:32:27Z,4,0,29902,17.71,28,210
2026-07-30T05:32:27Z,5,0,29900,15.41,31,210
2026-07-30T05:32:27Z,6,0,17358,13.90,41,210
2026-07-30T05:32:27Z,7,0,17358,65.21,40,2430
2026-07-30T05:32:29Z,0,100,31936,432.17,73,2587
2026-07-30T05:32:29Z,1,87,32096,402.57,74,2895
2026-07-30T05:32:29Z,2,99,31794,413.96,65,2880
2026-07-30T05:32:29Z,3,100,31754,450.26,70,2662
2026-07-30T05:32:29Z,4,0,29902,14.87,28,210
2026-07-30T05:32:29Z,5,0,29900,15.12,30,210
2026-07-30T05:32:29Z,6,0,17358,11.64,41,210
2026-07-30T05:32:29Z,7,0,17358,62.92,40,2430
2026-07-30T05:32:30Z,0,99,31936,406.65,67,2745
2026-07-30T05:32:30Z,1,100,32096,450.32,72,2542
2026-07-30T05:32:30Z,2,99,31794,391.80,64,2872
2026-07-30T05:32:30Z,3,99,31754,418.13,65,2872
2026-07-30T05:32:30Z,4,0,29902,17.55,28,210
2026-07-30T05:32:30Z,5,0,29900,16.11,31,210
2026-07-30T05:32:30Z,6,84,17358,183.55,51,2512
2026-07-30T05:32:30Z,7,0,17358,64.35,40,2430
2026-07-30T05:32:34Z,0,100,31936,450.30,71,2317
2026-07-30T05:32:34Z,1,100,32096,450.37,72,2347
2026-07-30T05:32:34Z,2,100,31794,456.45,70,2580
2026-07-30T05:32:34Z,3,100,31754,449.96,71,2670
2026-07-30T05:32:34Z,4,0,29902,16.34,28,210
2026-07-30T05:32:34Z,5,0,29900,14.30,30,210
2026-07-30T05:32:34Z,6,0,17358,69.05,42,2430
2026-07-30T05:32:34Z,7,0,17358,12.48,39,210
2026-07-30T05:32:35Z,0,99,31936,344.12,67,2797
2026-07-30T05:32:35Z,1,100,32096,449.85,74,2595
2026-07-30T05:32:35Z,2,100,31794,449.86,69,2587
2026-07-30T05:32:35Z,3,100,31754,449.98,70,2302
2026-07-30T05:32:35Z,4,0,29902,17.99,28,210
2026-07-30T05:32:35Z,5,0,29900,13.65,30,210
2026-07-30T05:32:35Z,6,0,17358,66.30,42,2430
2026-07-30T05:32:35Z,7,0,17358,13.56,39,210
2026-07-30T05:32:37Z,0,100,31936,445.42,72,2572
2026-07-30T05:32:37Z,1,100,32096,449.79,74,2587
2026-07-30T05:32:37Z,2,99,31794,413.45,65,2872
2026-07-30T05:32:37Z,3,100,31754,450.12,69,2467
2026-07-30T05:32:37Z,4,0,29902,15.69,28,210
2026-07-30T05:32:37Z,5,0,29900,16.22,30,210
2026-07-30T05:32:37Z,6,0,17358,69.07,42,2430
2026-07-30T05:32:37Z,7,0,17358,11.69,39,210
2026-07-30T05:32:39Z,0,100,31936,449.90,72,2587
2026-07-30T05:32:39Z,1,100,32096,418.83,75,2797
2026-07-30T05:32:39Z,2,100,31794,414.37,70,2872
2026-07-30T05:32:39Z,3,100,31754,450.17,69,2400
2026-07-30T05:32:39Z,4,0,29902,17.03,28,210
2026-07-30T05:32:39Z,5,0,29900,14.11,30,210
2026-07-30T05:32:39Z,6,0,17358,66.83,42,2430
2026-07-30T05:32:39Z,7,0,17358,241.80,41,2910
2026-07-30T05:32:40Z,0,99,31936,405.62,67,2797
2026-07-30T05:32:40Z,1,100,32096,450.46,73,2310
2026-07-30T05:32:40Z,2,99,31794,445.79,66,2362
2026-07-30T05:32:40Z,3,100,31754,450.09,71,2610
2026-07-30T05:32:40Z,4,0,29902,15.76,28,210
2026-07-30T05:32:40Z,5,0,29900,15.20,31,210
2026-07-30T05:32:40Z,6,0,17358,68.38,42,2430
2026-07-30T05:32:40Z,7,0,17358,81.41,40,2430
2026-07-30T05:32:42Z,0,100,31936,450.35,72,2595
2026-07-30T05:32:42Z,1,99,32096,410.97,70,2760
2026-07-30T05:32:42Z,2,100,31794,439.23,70,2587
2026-07-30T05:32:42Z,3,99,31754,386.29,65,2872
2026-07-30T05:32:42Z,4,0,29902,18.66,28,202
2026-07-30T05:32:42Z,5,0,29900,14.93,31,210
2026-07-30T05:32:42Z,6,0,17358,68.80,42,2430
2026-07-30T05:32:42Z,7,0,17358,64.76,40,2430
2026-07-30T05:32:43Z,0,99,31936,345.99,67,2797
2026-07-30T05:32:43Z,1,100,32096,456.48,74,2580
2026-07-30T05:32:43Z,2,74,31794,411.47,65,2827
2026-07-30T05:32:43Z,3,79,31754,339.21,70,2872
2026-07-30T05:32:43Z,4,0,29902,17.38,28,210
2026-07-30T05:32:43Z,5,0,29900,14.65,31,210
2026-07-30T05:32:43Z,6,0,17358,67.30,42,2430
2026-07-30T05:32:43Z,7,0,17358,63.56,40,2430
2026-07-30T05:32:45Z,0,100,31936,444.89,74,2587
2026-07-30T05:32:45Z,1,100,32096,456.67,74,2587
2026-07-30T05:32:45Z,2,100,31794,397.51,70,2707
2026-07-30T05:32:45Z,3,100,31754,450.33,70,2272
2026-07-30T05:32:45Z,4,0,29902,17.99,28,210
2026-07-30T05:32:45Z,5,0,29900,15.31,31,210
2026-07-30T05:32:45Z,6,0,17358,69.50,42,2430
2026-07-30T05:32:45Z,7,0,17358,63.60,40,2430
2026-07-30T05:32:46Z,0,99,31936,387.92,67,2797
2026-07-30T05:32:46Z,1,100,32096,449.71,74,2572
2026-07-30T05:32:46Z,2,69,31794,444.25,69,2497
2026-07-30T05:32:46Z,3,100,31754,450.05,70,2610
2026-07-30T05:32:46Z,4,0,29902,17.86,28,210
2026-07-30T05:32:46Z,5,0,29900,13.39,31,210
2026-07-30T05:32:46Z,6,0,17358,66.65,42,2430
2026-07-30T05:32:46Z,7,0,17358,65.00,40,2430
2026-07-30T05:32:48Z,0,99,31936,372.54,67,2722
2026-07-30T05:32:48Z,1,99,32096,410.63,69,2887
2026-07-30T05:32:48Z,2,100,31794,450.41,68,2355
2026-07-30T05:32:48Z,3,100,31754,450.16,71,2602
2026-07-30T05:32:48Z,4,0,29902,15.65,28,210
2026-07-30T05:32:48Z,5,0,29900,16.62,31,210
2026-07-30T05:32:48Z,6,0,17358,57.43,41,607
2026-07-30T05:32:48Z,7,0,17358,62.58,40,2430
2026-07-30T05:32:52Z,0,100,31936,413.10,73,2632
2026-07-30T05:32:52Z,1,99,32096,421.16,69,2895
2026-07-30T05:32:52Z,2,99,31794,380.24,64,2872
2026-07-30T05:32:52Z,3,99,31754,377.65,65,2865
2026-07-30T05:32:52Z,4,0,29902,16.35,28,210
2026-07-30T05:32:52Z,5,0,29900,15.96,30,210
2026-07-30T05:32:52Z,6,0,17358,12.86,41,210
2026-07-30T05:32:52Z,7,0,17358,62.80,40,2430
2026-07-30T05:32:53Z,0,99,31936,403.26,67,2797
2026-07-30T05:32:53Z,1,99,32096,383.54,69,2850
2026-07-30T05:32:53Z,2,100,31794,436.83,70,2602
2026-07-30T05:32:53Z,3,100,31754,450.46,70,2617
2026-07-30T05:32:53Z,4,0,29902,18.20,28,210
2026-07-30T05:32:53Z,5,0,29900,13.44,30,210
2026-07-30T05:32:53Z,6,0,17358,13.22,40,210
2026-07-30T05:32:53Z,7,0,17358,65.30,40,2430
2026-07-30T05:32:55Z,0,100,31936,336.47,72,2715
2026-07-30T05:32:55Z,1,100,32096,458.49,74,2580
2026-07-30T05:32:55Z,2,0,31794,308.65,60,2902
2026-07-30T05:32:55Z,3,100,31754,455.61,71,2595
2026-07-30T05:32:55Z,4,0,29902,15.47,28,210
2026-07-30T05:32:55Z,5,0,29900,15.26,30,210
2026-07-30T05:32:55Z,6,0,17358,12.15,40,210
2026-07-30T05:32:55Z,7,0,17358,62.84,40,2430
2026-07-30T05:32:56Z,0,100,31936,449.99,73,2505
2026-07-30T05:32:56Z,1,100,32096,449.67,74,2580
2026-07-30T05:32:56Z,2,100,31794,451.06,68,2572
2026-07-30T05:32:56Z,3,100,31754,404.79,72,2737
2026-07-30T05:32:56Z,4,0,29902,18.33,28,210
2026-07-30T05:32:56Z,5,0,29900,15.51,31,210
2026-07-30T05:32:56Z,6,100,17358,115.42,51,2190
2026-07-30T05:32:56Z,7,0,17358,28.10,39,352
2026-07-30T05:32:58Z,0,100,31936,449.46,73,2355
2026-07-30T05:32:58Z,1,96,32096,410.01,71,2887
2026-07-30T05:32:58Z,2,100,31794,439.32,70,2595
2026-07-30T05:32:58Z,3,97,31754,448.88,70,2602
2026-07-30T05:32:58Z,4,0,29902,14.56,28,210
2026-07-30T05:32:58Z,5,0,29900,14.76,30,210
2026-07-30T05:32:58Z,6,0,17358,94.32,43,2925
2026-07-30T05:32:58Z,7,0,17358,15.05,39,210
2026-07-30T05:32:59Z,0,100,31936,450.18,71,2332
2026-07-30T05:32:59Z,1,99,32096,389.77,73,2887
2026-07-30T05:32:59Z,2,99,31794,417.45,65,2880
2026-07-30T05:32:59Z,3,100,31754,449.56,70,2325
2026-07-30T05:32:59Z,4,0,29902,16.26,28,210
2026-07-30T05:32:59Z,5,0,29900,15.66,30,210
2026-07-30T05:32:59Z,6,0,17358,72.54,42,2430
2026-07-30T05:32:59Z,7,0,17358,12.03,39,210
2026-07-30T05:33:01Z,0,100,31936,450.19,73,2587
2026-07-30T05:33:01Z,1,100,32096,458.19,74,2572
2026-07-30T05:33:01Z,2,100,31794,440.90,69,2700
2026-07-30T05:33:01Z,3,100,31754,450.42,69,2572
2026-07-30T05:33:01Z,4,0,29902,17.63,28,210
2026-07-30T05:33:01Z,5,0,29900,13.82,30,210
2026-07-30T05:33:01Z,6,0,17358,66.47,42,2430
2026-07-30T05:33:01Z,7,100,17358,54.35,47,2100
2026-07-30T05:33:03Z,0,100,31936,454.13,74,2572
2026-07-30T05:33:03Z,1,99,32096,411.98,69,2887
2026-07-30T05:33:03Z,2,100,31794,449.78,69,2400
2026-07-30T05:33:03Z,3,76,31754,382.55,69,2872
2026-07-30T05:33:03Z,4,0,29902,17.08,28,210
2026-07-30T05:33:03Z,5,0,29900,16.21,30,210
2026-07-30T05:33:03Z,6,0,17358,68.46,42,2430
2026-07-30T05:33:03Z,7,0,17358,111.96,41,2910
2026-07-30T05:33:04Z,0,100,31936,452.30,74,2580
2026-07-30T05:33:04Z,1,100,32096,450.40,73,2587
2026-07-30T05:33:04Z,2,100,31794,450.09,68,2437
2026-07-30T05:33:04Z,3,100,31754,449.12,71,2602
2026-07-30T05:33:04Z,4,0,29902,17.78,28,210
2026-07-30T05:33:04Z,5,0,29900,13.51,31,210
2026-07-30T05:33:04Z,6,0,17358,67.28,42,2430
2026-07-30T05:33:04Z,7,0,17358,74.85,40,2430
2026-07-30T05:33:06Z,0,99,31936,377.52,67,2797
2026-07-30T05:33:06Z,1,100,32096,453.61,74,2587
2026-07-30T05:33:06Z,2,100,31794,425.14,69,2782
2026-07-30T05:33:06Z,3,100,31754,449.91,71,2610
2026-07-30T05:33:06Z,4,0,29902,15.36,28,210
2026-07-30T05:33:06Z,5,0,29900,15.80,30,210
2026-07-30T05:33:06Z,6,0,17358,67.37,42,2430
2026-07-30T05:33:06Z,7,0,17358,62.82,40,2430
2026-07-30T05:33:09Z,0,76,31936,342.65,71,2767
2026-07-30T05:33:09Z,1,99,32096,441.42,70,2302
2026-07-30T05:33:09Z,2,100,31894,452.44,69,2580
2026-07-30T05:33:09Z,3,99,31754,393.43,65,2872
2026-07-30T05:33:09Z,4,0,29902,14.94,28,210
2026-07-30T05:33:09Z,5,0,29900,15.10,30,210
2026-07-30T05:33:09Z,6,0,17358,66.76,42,2430
2026-07-30T05:33:09Z,7,0,17358,63.58,40,2430
2026-07-30T05:33:11Z,0,100,31936,454.81,73,2587
2026-07-30T05:33:11Z,1,100,32096,445.47,73,2587
2026-07-30T05:33:11Z,2,99,31986,393.61,64,2872
2026-07-30T05:33:11Z,3,100,31754,426.87,71,2730
2026-07-30T05:33:11Z,4,0,29902,18.41,28,210
2026-07-30T05:33:11Z,5,0,29900,15.72,30,210
2026-07-30T05:33:11Z,6,0,17358,68.25,42,2430
2026-07-30T05:33:11Z,7,0,17358,64.37,40,2430
2026-07-30T05:33:12Z,0,99,31936,378.40,67,2797
2026-07-30T05:33:12Z,1,100,32096,449.98,74,2700
2026-07-30T05:33:12Z,2,100,31986,423.22,70,2797
2026-07-30T05:33:12Z,3,99,31754,427.84,71,2760
2026-07-30T05:33:12Z,4,0,29902,16.94,28,210
2026-07-30T05:33:12Z,5,0,29900,14.00,31,210
2026-07-30T05:33:12Z,6,0,17358,65.73,42,2430
2026-07-30T05:33:12Z,7,0,17358,64.43,40,2430
2026-07-30T05:33:14Z,0,78,31936,368.08,67,2775
2026-07-30T05:33:14Z,1,99,32096,433.02,69,2887
2026-07-30T05:33:14Z,2,99,31986,449.71,68,2392
2026-07-30T05:33:14Z,3,100,31754,458.08,71,2602
2026-07-30T05:33:14Z,4,0,29902,16.59,28,210
2026-07-30T05:33:14Z,5,0,29900,16.11,30,210
2026-07-30T05:33:14Z,6,0,17358,58.23,41,607
2026-07-30T05:33:14Z,7,0,17358,62.81,40,2430
2026-07-30T05:33:15Z,0,100,31936,450.27,71,2295
2026-07-30T05:33:15Z,1,100,32096,450.28,74,2580
2026-07-30T05:33:15Z,2,100,31986,450.10,68,2430
2026-07-30T05:33:15Z,3,100,31754,449.79,70,2610
2026-07-30T05:33:15Z,4,0,29902,17.12,28,210
2026-07-30T05:33:15Z,5,0,29900,14.14,30,210
2026-07-30T05:33:15Z,6,0,17358,25.92,41,330
2026-07-30T05:33:15Z,7,0,17358,65.33,40,2430
2026-07-30T05:33:17Z,0,100,31936,450.15,74,2587
2026-07-30T05:33:17Z,1,100,32096,449.88,74,2595
2026-07-30T05:33:17Z,2,99,31986,384.15,65,2872
2026-07-30T05:33:17Z,3,100,31754,449.83,72,2602
2026-07-30T05:33:17Z,4,0,29902,15.61,28,210
2026-07-30T05:33:17Z,5,0,29900,15.56,30,210
2026-07-30T05:33:17Z,6,0,17358,12.22,41,210
2026-07-30T05:33:17Z,7,0,17358,62.85,40,2430
2026-07-30T05:33:19Z,0,99,31936,344.06,67,2797
2026-07-30T05:33:19Z,1,99,32096,432.36,69,2692
2026-07-30T05:33:19Z,2,100,31990,390.34,71,2842
2026-07-30T05:33:19Z,3,99,31754,407.49,66,2872
2026-07-30T05:33:19Z,4,0,29902,18.09,28,210
2026-07-30T05:33:19Z,5,0,29900,13.08,30,210
2026-07-30T05:33:19Z,6,0,17358,12.91,41,210
2026-07-30T05:33:19Z,7,0,17358,60.62,39,1395
2026-07-30T05:33:20Z,0,100,31936,392.48,72,2685
2026-07-30T05:33:20Z,1,99,32096,363.42,69,2895
2026-07-30T05:33:20Z,2,90,32014,445.20,69,2242
2026-07-30T05:33:20Z,3,99,31754,397.63,65,2872
2026-07-30T05:33:20Z,4,0,29902,15.48,28,210
2026-07-30T05:33:20Z,5,0,29900,14.26,31,210
2026-07-30T05:33:20Z,6,0,17358,311.10,43,2910
2026-07-30T05:33:20Z,7,0,17358,27.92,39,352
2026-07-30T05:33:22Z,0,100,31936,450.15,72,2602
2026-07-30T05:33:22Z,1,100,32096,443.92,74,2602
2026-07-30T05:33:22Z,2,100,32014,450.29,68,2235
2026-07-30T05:33:22Z,3,100,31754,450.54,71,2610
2026-07-30T05:33:22Z,4,0,29902,18.26,28,210
2026-07-30T05:33:22Z,5,0,29900,14.44,30,210
2026-07-30T05:33:22Z,6,0,17358,93.53,42,2752
2026-07-30T05:33:22Z,7,0,17358,11.90,39,210
2026-07-30T05:33:23Z,0,100,31936,450.23,72,2475
2026-07-30T05:33:23Z,1,98,32096,429.77,69,2887
2026-07-30T05:33:23Z,2,100,32014,450.19,68,2535
2026-07-30T05:33:23Z,3,100,31754,450.15,70,2610
2026-07-30T05:33:23Z,4,0,29902,17.45,28,210
2026-07-30T05:33:23Z,5,0,29900,13.24,31,210
2026-07-30T05:33:23Z,6,0,17358,66.22,42,2430
2026-07-30T05:33:23Z,7,0,17358,14.50,39,210
2026-07-30T05:33:27Z,0,99,31936,421.24,68,2752
2026-07-30T05:33:27Z,1,100,32096,450.78,74,2580
2026-07-30T05:33:27Z,2,100,32014,462.78,70,2595
2026-07-30T05:33:27Z,3,100,31754,459.37,71,2602
2026-07-30T05:33:27Z,4,0,29902,16.95,28,210
2026-07-30T05:33:27Z,5,0,29900,13.61,30,210
2026-07-30T05:33:27Z,6,0,17358,66.52,42,2430
2026-07-30T05:33:27Z,7,0,17358,93.36,40,2842
2026-07-30T05:33:28Z,0,99,31936,337.82,67,2790
2026-07-30T05:33:28Z,1,99,32096,396.93,69,2887
2026-07-30T05:33:28Z,2,100,32014,449.63,70,2587
2026-07-30T05:33:28Z,3,100,31754,449.82,70,2602
2026-07-30T05:33:28Z,4,0,29902,15.97,28,210
2026-07-30T05:33:28Z,5,0,29900,16.84,31,210
2026-07-30T05:33:28Z,6,0,17358,69.11,42,2430
2026-07-30T05:33:28Z,7,0,17358,62.29,40,2430
2026-07-30T05:33:30Z,0,100,31936,429.46,74,2700
2026-07-30T05:33:30Z,1,100,32096,451.53,73,2587
2026-07-30T05:33:30Z,2,100,32014,450.12,70,2587
2026-07-30T05:33:30Z,3,84,31754,409.25,65,2865
2026-07-30T05:33:30Z,4,0,29902,17.68,28,210
2026-07-30T05:33:30Z,5,0,29900,12.79,30,210
2026-07-30T05:33:30Z,6,0,17358,67.89,42,2430
2026-07-30T05:33:30Z,7,0,17358,65.49,40,2430
2026-07-30T05:33:31Z,0,100,31936,449.18,74,2610
2026-07-30T05:33:31Z,1,100,32096,460.41,73,2580
2026-07-30T05:33:31Z,2,99,32014,394.49,65,2872
2026-07-30T05:33:31Z,3,85,31754,381.33,71,2865
2026-07-30T05:33:31Z,4,0,29902,16.71,28,210
2026-07-30T05:33:31Z,5,0,29900,15.41,31,210
2026-07-30T05:33:31Z,6,0,17358,68.61,42,2430
2026-07-30T05:33:31Z,7,0,17358,62.36,40,2430
2026-07-30T05:33:33Z,0,99,31936,431.46,68,2647
2026-07-30T05:33:33Z,1,100,32096,388.63,75,2887
2026-07-30T05:33:33Z,2,99,32014,364.12,63,2872
2026-07-30T05:33:33Z,3,100,31754,450.25,69,2497
2026-07-30T05:33:33Z,4,0,29902,17.86,28,210
2026-07-30T05:33:33Z,5,0,29900,14.21,30,202
2026-07-30T05:33:33Z,6,0,17358,68.94,42,2430
2026-07-30T05:33:33Z,7,0,17358,64.58,40,2430
2026-07-30T05:33:35Z,0,100,31936,372.37,75,2767
2026-07-30T05:33:35Z,1,100,32096,450.08,72,2497
2026-07-30T05:33:35Z,2,100,32014,450.34,69,2535
2026-07-30T05:33:35Z,3,99,31754,361.27,65,2850
2026-07-30T05:33:35Z,4,0,29902,16.82,28,210
2026-07-30T05:33:35Z,5,0,29900,16.25,30,210
2026-07-30T05:33:35Z,6,0,17358,66.98,42,2430
2026-07-30T05:33:35Z,7,0,17358,63.50,40,2430
2026-07-30T05:33:36Z,0,99,31936,442.34,69,2250
2026-07-30T05:33:36Z,1,100,32096,404.01,76,2797
2026-07-30T05:33:36Z,2,100,32014,450.14,70,2580
2026-07-30T05:33:36Z,3,99,31754,341.23,64,2872
2026-07-30T05:33:36Z,4,0,29902,17.36,28,210
2026-07-30T05:33:36Z,5,0,29900,16.27,31,210
2026-07-30T05:33:36Z,6,0,17358,69.66,42,2430
2026-07-30T05:33:36Z,7,0,17358,62.96,40,2430
2026-07-30T05:33:38Z,0,100,31936,381.01,74,2797
2026-07-30T05:33:38Z,1,100,32096,449.99,72,2250
2026-07-30T05:33:38Z,2,100,32014,450.11,70,2580
2026-07-30T05:33:38Z,3,100,31754,450.40,69,2497
2026-07-30T05:33:38Z,4,0,29902,16.34,28,210
2026-07-30T05:33:38Z,5,0,29900,14.27,30,210
2026-07-30T05:33:38Z,6,0,17358,22.97,41,330
2026-07-30T05:33:38Z,7,0,17358,64.96,40,2430
2026-07-30T05:33:39Z,0,99,31936,435.81,68,2475
2026-07-30T05:33:39Z,1,100,32096,450.36,73,2580
2026-07-30T05:33:39Z,2,90,32014,380.63,63,2872
2026-07-30T05:33:39Z,3,100,31754,450.39,71,2595
2026-07-30T05:33:39Z,4,0,29902,15.83,28,210
2026-07-30T05:33:39Z,5,0,29900,16.73,31,202
2026-07-30T05:33:39Z,6,0,17358,12.90,41,210
2026-07-30T05:33:39Z,7,0,17358,61.80,40,2430
2026-07-30T05:33:41Z,0,100,31936,436.20,74,2587
2026-07-30T05:33:41Z,1,100,32096,450.13,75,2587
2026-07-30T05:33:41Z,2,100,32014,450.24,68,2445
2026-07-30T05:33:41Z,3,100,31754,449.55,72,2602
2026-07-30T05:33:41Z,4,0,29902,17.90,28,210
2026-07-30T05:33:41Z,5,0,29900,14.20,30,210
2026-07-30T05:33:41Z,6,0,17358,11.79,40,210
2026-07-30T05:33:41Z,7,0,17358,64.93,40,2430
2026-07-30T05:33:44Z,0,100,31936,449.71,73,2565
2026-07-30T05:33:44Z,1,100,32096,425.72,75,2797
2026-07-30T05:33:44Z,2,87,32014,391.04,70,2865
2026-07-30T05:33:44Z,3,100,31754,371.17,71,2775
2026-07-30T05:33:44Z,4,0,29902,18.75,28,210
2026-07-30T05:33:44Z,5,0,29900,15.53,31,210
2026-07-30T05:33:44Z,6,0,17358,96.12,43,2925
2026-07-30T05:33:44Z,7,0,17358,14.95,39,210
2026-07-30T05:33:46Z,0,99,31936,392.14,67,2797
2026-07-30T05:33:46Z,1,99,32096,449.82,71,2310
2026-07-30T05:33:46Z,2,100,32014,450.40,68,2317
2026-07-30T05:33:46Z,3,100,31754,448.02,71,2497
2026-07-30T05:33:46Z,4,0,29902,14.67,28,210
2026-07-30T05:33:46Z,5,0,29900,14.87,30,210
2026-07-30T05:33:46Z,6,0,17358,70.93,42,2430
2026-07-30T05:33:46Z,7,0,17358,14.12,39,210
2026-07-30T05:33:47Z,0,100,31936,464.51,73,2580
2026-07-30T05:33:47Z,1,100,32096,447.98,74,2595
2026-07-30T05:33:47Z,2,99,32014,357.40,64,2872
2026-07-30T05:33:47Z,3,100,31754,450.32,69,2407
2026-07-30T05:33:47Z,4,0,29902,17.94,28,210
2026-07-30T05:33:47Z,5,0,29900,16.33,30,210
2026-07-30T05:33:47Z,6,0,17358,69.12,42,2430
2026-07-30T05:33:47Z,7,0,17358,12.50,39,210
2026-07-30T05:33:49Z,0,100,31936,449.61,74,2580
2026-07-30T05:33:49Z,1,99,32096,424.04,69,2887
2026-07-30T05:33:49Z,2,100,32014,438.41,70,2617
2026-07-30T05:33:49Z,3,100,31754,450.35,69,2610
2026-07-30T05:33:49Z,4,0,29902,17.27,28,210
2026-07-30T05:33:49Z,5,0,29900,14.41,30,210
2026-07-30T05:33:49Z,6,0,17358,66.14,42,2430
2026-07-30T05:33:49Z,7,100,17358,137.24,48,2047
2026-07-30T05:33:51Z,0,99,31936,385.47,68,2797
2026-07-30T05:33:51Z,1,99,32096,397.91,69,2895
2026-07-30T05:33:51Z,2,100,32014,450.00,70,2722
2026-07-30T05:33:51Z,3,100,31754,450.19,71,2610
2026-07-30T05:33:51Z,4,0,29902,17.89,28,210
2026-07-30T05:33:51Z,5,0,29900,15.47,30,210
2026-07-30T05:33:51Z,6,0,17358,69.04,42,2430
2026-07-30T05:33:51Z,7,0,17358,94.06,41,2910
2026-07-30T05:33:52Z,0,100,31936,419.00,74,2595
2026-07-30T05:33:52Z,1,100,32096,451.02,74,2587
2026-07-30T05:33:52Z,2,99,32014,441.23,65,2362
2026-07-30T05:33:52Z,3,99,31754,383.27,65,2872
2026-07-30T05:33:52Z,4,0,29902,17.88,28,210
2026-07-30T05:33:52Z,5,0,29900,14.33,31,210
2026-07-30T05:33:52Z,6,0,17358,67.44,42,2430
2026-07-30T05:33:52Z,7,0,17358,65.43,40,2430
2026-07-30T05:33:54Z,0,99,31936,406.45,68,2797
2026-07-30T05:33:54Z,1,100,32096,449.86,74,2595
2026-07-30T05:33:54Z,2,100,32014,438.88,69,2625
2026-07-30T05:33:54Z,3,100,31754,435.99,71,2610
2026-07-30T05:33:54Z,4,0,29902,16.13,28,210
2026-07-30T05:33:54Z,5,0,29900,16.41,30,210
2026-07-30T05:33:54Z,6,0,17358,67.87,42,2430
2026-07-30T05:33:54Z,7,0,17358,62.05,40,2430
2026-07-30T05:33:55Z,0,99,31936,349.16,71,2737
2026-07-30T05:33:55Z,1,92,32096,400.41,72,2887
2026-07-30T05:33:55Z,2,100,32014,449.90,69,2715
2026-07-30T05:33:55Z,3,99,31754,420.17,65,2850
2026-07-30T05:33:55Z,4,0,29902,17.28,28,210
2026-07-30T05:33:55Z,5,0,29900,14.90,31,210
2026-07-30T05:33:55Z,6,0,17358,68.68,42,2430
2026-07-30T05:33:55Z,7,0,17358,64.79,40,2430
2026-07-30T05:33:57Z,0,100,31936,398.55,74,2722
2026-07-30T05:33:57Z,1,99,32096,374.54,69,2895
2026-07-30T05:33:57Z,2,99,32014,439.37,66,2250
2026-07-30T05:33:57Z,3,100,31754,462.67,71,2610
2026-07-30T05:33:57Z,4,0,29902,14.96,28,210
2026-07-30T05:33:57Z,5,0,29900,16.26,30,210
2026-07-30T05:33:57Z,6,0,17358,67.28,42,2430
2026-07-30T05:33:57Z,7,0,17358,63.90,40,2430
2026-07-30T05:33:58Z,0,100,31936,448.96,75,2512
2026-07-30T05:33:58Z,1,100,32096,464.63,74,2587
2026-07-30T05:33:58Z,2,100,32014,437.78,70,2587
2026-07-30T05:33:58Z,3,100,31754,449.87,71,2595
2026-07-30T05:33:58Z,4,0,29902,16.01,28,210
2026-07-30T05:33:58Z,5,0,29900,16.41,30,210
2026-07-30T05:33:58Z,6,0,17358,69.56,42,2430
2026-07-30T05:33:58Z,7,0,17358,64.06,40,2430
2026-07-30T05:34:02Z,0,100,31936,431.99,74,2580
2026-07-30T05:34:02Z,1,100,32096,450.09,73,2587
2026-07-30T05:34:02Z,2,100,32014,449.57,70,2587
2026-07-30T05:34:02Z,3,99,31754,391.16,66,2835
2026-07-30T05:34:02Z,4,0,29902,17.88,28,210
2026-07-30T05:34:02Z,5,0,29900,15.49,30,210
2026-07-30T05:34:02Z,6,0,17358,26.52,41,330
2026-07-30T05:34:02Z,7,0,17358,63.36,40,2430
2026-07-30T05:34:03Z,0,99,31936,397.03,68,2797
2026-07-30T05:34:03Z,1,100,32096,426.74,75,2857
2026-07-30T05:34:03Z,2,99,32014,409.45,65,2872
2026-07-30T05:34:03Z,3,100,31754,422.58,71,2625
2026-07-30T05:34:03Z,4,0,29902,17.94,28,210
2026-07-30T05:34:03Z,5,0,29900,14.38,31,210
2026-07-30T05:34:03Z,6,0,17358,13.86,41,210
2026-07-30T05:34:03Z,7,0,17358,65.12,40,2430
2026-07-30T05:34:05Z,0,100,31936,425.91,74,2595
2026-07-30T05:34:05Z,1,99,32096,444.13,70,2527
2026-07-30T05:34:05Z,2,100,32014,414.49,70,2715
2026-07-30T05:34:05Z,3,100,31754,449.79,71,2610
2026-07-30T05:34:05Z,4,0,29902,15.97,28,210
2026-07-30T05:34:05Z,5,0,29900,16.16,30,210
2026-07-30T05:34:05Z,6,0,17358,12.75,41,210
2026-07-30T05:34:05Z,7,0,17358,62.29,40,2430
2026-07-30T05:34:06Z,0,80,31936,393.47,68,2730
2026-07-30T05:34:06Z,1,94,32096,402.90,70,2767
2026-07-30T05:34:06Z,2,100,32014,449.48,70,2655
2026-07-30T05:34:06Z,3,100,31754,450.19,71,2370
2026-07-30T05:34:06Z,4,0,29902,17.24,28,210
2026-07-30T05:34:06Z,5,0,29900,14.65,30,210
2026-07-30T05:34:06Z,6,100,17358,130.55,50,1860
2026-07-30T05:34:06Z,7,0,17358,60.73,40,1395
2026-07-30T05:34:08Z,0,100,31936,466.99,74,2557
2026-07-30T05:34:08Z,1,100,32096,456.67,73,2580
2026-07-30T05:34:08Z,2,99,32014,437.08,65,2565
2026-07-30T05:34:08Z,3,100,31754,445.36,67,2392
2026-07-30T05:34:08Z,4,0,29902,14.39,28,210
2026-07-30T05:34:08Z,5,0,29900,15.98,31,210
2026-07-30T05:34:08Z,6,0,17358,95.44,43,2925
2026-07-30T05:34:08Z,7,0,17358,26.46,39,352
2026-07-30T05:34:10Z,0,75,31936,373.30,70,2760
2026-07-30T05:34:10Z,1,100,32096,449.83,74,2595
2026-07-30T05:34:10Z,2,100,32014,444.80,70,2587
2026-07-30T05:34:10Z,3,74,31754,381.49,65,2850
2026-07-30T05:34:10Z,4,0,29902,18.67,28,210
2026-07-30T05:34:10Z,5,0,29900,15.30,31,210
2026-07-30T05:34:10Z,6,0,17358,69.93,42,2430
2026-07-30T05:34:10Z,7,0,17358,12.53,39,210
2026-07-30T05:34:11Z,0,100,31936,392.11,74,2685
2026-07-30T05:34:11Z,1,99,32096,423.75,69,2887
2026-07-30T05:34:11Z,2,100,32014,449.89,69,2685
2026-07-30T05:34:11Z,3,100,31754,383.69,71,2827
2026-07-30T05:34:11Z,4,0,29902,17.38,28,210
2026-07-30T05:34:11Z,5,0,29900,14.28,31,210
2026-07-30T05:34:11Z,6,0,17358,66.88,42,2430
2026-07-30T05:34:11Z,7,0,17358,13.85,39,210
2026-07-30T05:34:13Z,0,99,31936,442.94,67,2370
2026-07-30T05:34:13Z,1,100,32096,413.81,76,2827
2026-07-30T05:34:13Z,2,99,32014,426.70,65,2872
2026-07-30T05:34:13Z,3,64,31754,439.59,66,2325
2026-07-30T05:34:13Z,4,0,29902,16.60,28,210
2026-07-30T05:34:13Z,5,0,29900,15.53,31,210
2026-07-30T05:34:13Z,6,0,17358,69.18,42,2430
2026-07-30T05:34:13Z,7,0,17358,283.49,41,2917
2026-07-30T05:34:14Z,0,100,31936,460.11,74,2580
2026-07-30T05:34:14Z,1,100,32096,450.29,73,2242
2026-07-30T05:34:14Z,2,100,32014,433.95,70,2572
2026-07-30T05:34:14Z,3,100,31754,450.46,70,2497
2026-07-30T05:34:14Z,4,0,29902,17.72,28,210
2026-07-30T05:34:14Z,5,0,29900,14.45,31,210
2026-07-30T05:34:14Z,6,0,17358,67.36,42,2430
2026-07-30T05:34:14Z,7,0,17358,91.05,40,2745
2026-07-30T05:34:16Z,0,99,31936,385.52,67,2790
2026-07-30T05:34:16Z,1,100,32096,438.16,74,2595
2026-07-30T05:34:16Z,2,100,32014,450.04,70,2587
2026-07-30T05:34:16Z,3,99,31754,383.52,65,2872
2026-07-30T05:34:16Z,4,0,29902,15.84,28,210
2026-07-30T05:34:16Z,5,0,29900,16.47,31,210
2026-07-30T05:34:16Z,6,0,17358,68.57,42,2430
2026-07-30T05:34:16Z,7,0,1,64.57,40,2430
2026-07-30T05:34:19Z,0,100,31936,422.98,73,2587
2026-07-30T05:34:19Z,1,99,32096,371.50,69,2895
2026-07-30T05:34:19Z,2,100,32014,451.84,69,2587
2026-07-30T05:34:19Z,3,100,31754,449.68,70,2602
2026-07-30T05:34:19Z,4,0,29902,15.28,28,210
2026-07-30T05:34:19Z,5,0,29900,16.18,31,210
2026-07-30T05:34:19Z,6,0,17358,68.56,42,2430
2026-07-30T05:34:19Z,7,0,1,34.89,39,300
2026-07-30T05:34:21Z,0,100,31936,449.28,73,2707
2026-07-30T05:34:21Z,1,88,32096,392.37,76,2895
2026-07-30T05:34:21Z,2,100,32014,449.65,71,2572
2026-07-30T05:34:21Z,3,99,31754,382.11,65,2872
2026-07-30T05:34:21Z,4,0,29902,17.83,28,210
2026-07-30T05:34:21Z,5,0,29900,13.53,30,210
2026-07-30T05:34:21Z,6,0,17358,68.43,42,2430
2026-07-30T05:34:21Z,7,0,1,21.34,39,210
2026-07-30T05:34:22Z,0,96,31936,430.20,71,2482
2026-07-30T05:34:22Z,1,100,32096,450.37,72,2265
2026-07-30T05:34:22Z,2,99,32014,389.62,65,2872
2026-07-30T05:34:22Z,3,100,31754,444.51,72,2602
2026-07-30T05:34:22Z,4,0,29902,17.38,28,210
2026-07-30T05:34:22Z,5,0,29900,14.16,31,210
2026-07-30T05:34:22Z,6,0,17358,67.58,42,2430
2026-07-30T05:34:22Z,7,0,1,15.90,39,210
2026-07-30T05:34:24Z,0,93,31936,356.15,70,2782
2026-07-30T05:34:24Z,1,100,32096,450.55,73,2580
2026-07-30T05:34:24Z,2,100,32014,450.51,68,2490
2026-07-30T05:34:24Z,3,89,31754,400.14,65,2872
2026-07-30T05:34:24Z,4,0,29902,16.77,28,210
2026-07-30T05:34:24Z,5,0,29900,15.12,31,210
2026-07-30T05:34:24Z,6,0,17358,58.05,41,622
2026-07-30T05:34:24Z,7,0,1,11.86,39,210
2026-07-30T05:34:26Z,0,100,31936,440.36,74,2572
2026-07-30T05:34:26Z,1,100,32096,450.17,75,2580
2026-07-30T05:34:26Z,2,100,32014,450.29,69,2587
2026-07-30T05:34:26Z,3,100,31754,452.50,72,2602
2026-07-30T05:34:26Z,4,0,29902,16.75,28,210
2026-07-30T05:34:26Z,5,0,29900,14.23,31,210
2026-07-30T05:34:26Z,6,0,17358,23.83,41,330
2026-07-30T05:34:26Z,7,0,1,14.34,39,210
2026-07-30T05:34:27Z,0,99,31936,369.22,67,2797
2026-07-30T05:34:27Z,1,100,32096,436.20,75,2595
2026-07-30T05:34:27Z,2,61,32014,380.71,67,2872
2026-07-30T05:34:27Z,3,100,31754,449.83,72,2610
2026-07-30T05:34:27Z,4,0,29902,15.53,28,210
2026-07-30T05:34:27Z,5,0,29900,16.03,31,210
2026-07-30T05:34:27Z,6,0,17358,11.71,41,202
2026-07-30T05:34:27Z,7,0,1,11.23,39,210
2026-07-30T05:34:29Z,0,100,31936,463.71,74,2580
2026-07-30T05:34:29Z,1,100,32096,450.10,75,2625
2026-07-30T05:34:29Z,2,100,32014,459.85,70,2587
2026-07-30T05:34:29Z,3,100,31754,450.20,72,2610
2026-07-30T05:34:29Z,4,0,29902,17.83,28,210
2026-07-30T05:34:29Z,5,0,29900,13.05,31,210
2026-07-30T05:34:29Z,6,6,17358,13.24,41,397
2026-07-30T05:34:29Z,7,0,4,17.02,39,210
2026-07-30T05:34:30Z,0,99,31936,352.23,67,2797
2026-07-30T05:34:30Z,1,99,32096,438.59,70,2475
2026-07-30T05:34:30Z,2,99,32014,365.86,65,2872
2026-07-30T05:34:30Z,3,99,31754,414.94,66,2872
2026-07-30T05:34:30Z,4,0,29902,14.85,28,210
2026-07-30T05:34:30Z,5,0,29900,15.94,31,210
2026-07-30T05:34:30Z,6,0,17358,128.29,43,2925
2026-07-30T05:34:30Z,7,0,4,12.35,39,210
2026-07-30T05:34:32Z,0,100,31936,450.52,72,2242
2026-07-30T05:34:32Z,1,100,32096,447.48,74,2595
2026-07-30T05:34:32Z,2,100,32014,450.66,68,2482
2026-07-30T05:34:32Z,3,100,31754,432.14,72,2625
2026-07-30T05:34:32Z,4,0,29902,18.09,28,210
2026-07-30T05:34:32Z,5,0,29900,15.06,31,210
2026-07-30T05:34:32Z,6,0,17358,73.77,42,2430
2026-07-30T05:34:32Z,7,0,4,14.17,39,210
2026-07-30T05:34:34Z,0,99,31936,330.45,67,2797
2026-07-30T05:34:34Z,1,100,32096,449.78,74,2595
2026-07-30T05:34:34Z,2,100,32014,450.23,69,2595
2026-07-30T05:34:34Z,3,100,31754,449.68,71,2617
2026-07-30T05:34:34Z,4,0,29902,15.97,28,210
2026-07-30T05:34:34Z,5,0,29900,16.60,31,210
2026-07-30T05:34:34Z,6,0,17358,67.56,42,2430
2026-07-30T05:34:34Z,7,0,4,13.69,39,210
2026-07-30T05:34:37Z,0,100,31936,425.50,74,2587
2026-07-30T05:34:37Z,1,65,32096,385.03,69,2842
2026-07-30T05:34:37Z,2,90,32014,448.58,69,2235
2026-07-30T05:34:37Z,3,100,31754,451.84,72,2610
2026-07-30T05:34:37Z,4,0,29902,15.30,28,202
2026-07-30T05:34:37Z,5,0,29900,14.53,31,210
2026-07-30T05:34:37Z,6,0,17358,67.16,42,2430
2026-07-30T05:34:37Z,7,0,4,13.42,38,210
2026-07-30T05:34:39Z,0,100,31936,449.79,74,2587
2026-07-30T05:34:39Z,1,100,32096,468.21,74,2580
2026-07-30T05:34:39Z,2,100,32014,450.19,69,2295
2026-07-30T05:34:39Z,3,95,31754,366.29,66,2850
2026-07-30T05:34:39Z,4,0,29902,18.06,28,210
2026-07-30T05:34:39Z,5,0,29900,14.02,30,210
2026-07-30T05:34:39Z,6,0,17358,68.80,42,2430
2026-07-30T05:34:39Z,7,0,4,13.63,38,210
2026-07-30T05:34:41Z,0,99,31936,396.53,68,2797
2026-07-30T05:34:41Z,1,99,32096,391.59,69,2850
2026-07-30T05:34:41Z,2,99,32014,391.69,65,2872
2026-07-30T05:34:41Z,3,99,31754,386.16,65,2872
2026-07-30T05:34:41Z,4,0,29902,15.12,28,210
2026-07-30T05:34:41Z,5,0,29900,14.71,31,210
2026-07-30T05:34:41Z,6,0,17358,67.36,42,2430
2026-07-30T05:34:41Z,7,0,4,14.14,38,210
2026-07-30T05:34:42Z,0,100,31936,461.81,74,2565
2026-07-30T05:34:42Z,1,100,32096,451.86,73,2580
2026-07-30T05:34:42Z,2,100,32014,432.15,71,2797
2026-07-30T05:34:42Z,3,100,31754,453.81,71,2610
2026-07-30T05:34:42Z,4,0,29902,17.15,28,210
2026-07-30T05:34:42Z,5,0,29900,16.43,31,210
2026-07-30T05:34:42Z,6,0,17358,68.85,42,2430
2026-07-30T05:34:42Z,7,0,4,13.16,38,210
2026-07-30T05:34:44Z,0,99,31936,365.63,68,2767
2026-07-30T05:34:44Z,1,100,32096,453.41,73,2572
2026-07-30T05:34:44Z,2,100,32014,448.73,71,2745
2026-07-30T05:34:44Z,3,100,31754,427.24,72,2647
2026-07-30T05:34:44Z,4,0,29902,17.34,28,210
2026-07-30T05:34:44Z,5,0,29900,13.85,30,210
2026-07-30T05:34:44Z,6,0,17358,66.52,42,2430
2026-07-30T05:34:44Z,7,0,4,14.20,38,210
2026-07-30T05:34:45Z,0,100,31936,450.59,72,2565
2026-07-30T05:34:45Z,1,100,32096,450.69,74,2572
2026-07-30T05:34:45Z,2,99,32014,441.33,65,2325
2026-07-30T05:34:45Z,3,99,31754,422.82,66,2872
2026-07-30T05:34:45Z,4,0,29902,17.55,28,210
2026-07-30T05:34:45Z,5,0,29900,15.47,31,210
2026-07-30T05:34:45Z,6,0,17358,69.29,42,2430
2026-07-30T05:34:45Z,7,0,4,12.43,38,210
2026-07-30T05:34:47Z,0,100,31936,450.25,74,2587
2026-07-30T05:34:47Z,1,100,32096,450.15,75,2572
2026-07-30T05:34:47Z,2,82,32014,394.20,68,2827
2026-07-30T05:34:47Z,3,99,31754,381.03,65,2835
2026-07-30T05:34:47Z,4,0,29902,18.03,28,210
2026-07-30T05:34:47Z,5,0,29900,14.35,31,210
2026-07-30T05:34:47Z,6,0,17358,44.85,41,435
2026-07-30T05:34:47Z,7,0,4,13.78,38,210
2026-07-30T05:34:49Z,0,99,31936,329.69,67,2790
2026-07-30T05:34:49Z,1,100,32096,451.70,74,2572
2026-07-30T05:34:49Z,2,99,32014,381.93,67,2872
2026-07-30T05:34:49Z,3,100,31754,450.43,69,2617
2026-07-30T05:34:49Z,4,0,29902,15.80,28,210
2026-07-30T05:34:49Z,5,0,29900,15.77,31,210
2026-07-30T05:34:49Z,6,0,17358,13.60,41,210
2026-07-30T05:34:49Z,7,0,4,11.64,38,210
2026-07-30T05:34:51Z,0,100,31936,450.49,72,2587
2026-07-30T05:34:51Z,1,99,32096,401.42,73,2887
2026-07-30T05:34:51Z,2,100,32014,450.28,68,2265
2026-07-30T05:34:51Z,3,100,31754,450.24,72,2617
2026-07-30T05:34:51Z,4,0,29902,17.81,29,210
2026-07-30T05:34:51Z,5,0,29900,13.43,31,210
2026-07-30T05:34:51Z,6,0,17358,12.48,41,210
2026-07-30T05:34:51Z,7,0,4,12.41,38,210
2026-07-30T05:34:52Z,0,90,31936,353.26,70,2797
2026-07-30T05:34:52Z,1,100,32096,450.45,73,2445
2026-07-30T05:34:52Z,2,99,32014,400.73,65,2805
2026-07-30T05:34:52Z,3,100,31754,450.19,70,2595
2026-07-30T05:34:52Z,4,0,29902,16.09,28,210
2026-07-30T05:34:52Z,5,0,29900,16.03,30,210
2026-07-30T05:34:52Z,6,0,17358,10.92,41,210
2026-07-30T05:34:52Z,7,0,4,12.83,38,210
2026-07-30T05:34:56Z,0,100,31936,442.88,74,2565
2026-07-30T05:34:56Z,1,100,32096,448.95,75,2730
2026-07-30T05:34:56Z,2,100,32014,450.18,68,2362
2026-07-30T05:34:56Z,3,100,31754,433.09,71,2617
2026-07-30T05:34:56Z,4,0,29902,15.51,29,210
2026-07-30T05:34:56Z,5,0,29900,16.44,31,210
2026-07-30T05:34:56Z,6,0,17358,10.61,40,210
2026-07-30T05:34:56Z,7,0,4,12.51,38,210
2026-07-30T05:34:58Z,0,100,31936,449.94,74,2595
2026-07-30T05:34:58Z,1,100,32096,450.19,75,2310
2026-07-30T05:34:58Z,2,100,32014,450.17,70,2587
2026-07-30T05:34:58Z,3,64,31754,403.97,64,2835
2026-07-30T05:34:58Z,4,0,29902,17.92,29,210
2026-07-30T05:34:58Z,5,0,29900,14.38,31,210
2026-07-30T05:34:58Z,6,0,17358,12.01,40,210
2026-07-30T05:34:58Z,7,0,4,12.68,38,210
2026-07-30T05:34:59Z,0,75,31936,396.84,73,2722
2026-07-30T05:34:59Z,1,99,32096,444.20,70,2445
2026-07-30T05:34:59Z,2,99,32014,390.58,65,2880
2026-07-30T05:34:59Z,3,100,31754,421.62,71,2730
2026-07-30T05:34:59Z,4,0,29902,15.39,29,210
2026-07-30T05:34:59Z,5,0,29900,14.99,31,210
2026-07-30T05:34:59Z,6,0,17358,10.20,40,210
2026-07-30T05:34:59Z,7,0,4,13.89,38,210
2026-07-30T05:35:01Z,0,100,31936,417.81,74,2670
2026-07-30T05:35:01Z,1,100,32096,439.04,74,2572
2026-07-30T05:35:01Z,2,75,32014,372.94,70,2880
2026-07-30T05:35:01Z,3,100,31754,449.91,72,2685
2026-07-30T05:35:01Z,4,0,29902,17.20,29,210
2026-07-30T05:35:01Z,5,0,29900,14.18,31,210
2026-07-30T05:35:01Z,6,0,17358,283.32,43,2925
2026-07-30T05:35:01Z,7,0,4,13.24,38,210
2026-07-30T05:35:02Z,0,100,31936,449.79,74,2610
2026-07-30T05:35:02Z,1,99,32096,424.35,70,2857
2026-07-30T05:35:02Z,2,100,32014,444.20,66,2265
2026-07-30T05:35:02Z,3,99,31754,424.50,66,2872
2026-07-30T05:35:02Z,4,0,29902,15.81,29,210
2026-07-30T05:35:02Z,5,0,29900,16.03,31,210
2026-07-30T05:35:02Z,6,0,17358,80.71,42,2430
2026-07-30T05:35:02Z,7,0,4,14.46,38,210
2026-07-30T05:35:04Z,0,39,31936,381.27,66,2797
2026-07-30T05:35:04Z,1,100,32096,451.23,75,2580
2026-07-30T05:35:04Z,2,100,32014,436.10,70,2580
2026-07-30T05:35:04Z,3,99,31754,367.43,65,2827
2026-07-30T05:35:04Z,4,0,29902,17.19,29,210
2026-07-30T05:35:04Z,5,0,29900,15.91,31,210
2026-07-30T05:35:04Z,6,0,17358,68.93,42,2430
2026-07-30T05:35:04Z,7,0,4,12.59,38,210
2026-07-30T05:35:06Z,0,100,31936,411.59,73,2760
2026-07-30T05:35:06Z,1,100,32096,450.52,74,2572
2026-07-30T05:35:06Z,2,73,32014,414.13,66,2835
2026-07-30T05:35:06Z,3,100,31754,438.42,71,2610
2026-07-30T05:35:06Z,4,0,29902,16.47,29,210
2026-07-30T05:35:06Z,5,0,29900,13.60,31,210
2026-07-30T05:35:06Z,6,0,17358,66.24,42,2430
2026-07-30T05:35:06Z,7,0,4,13.59,38,210
2026-07-30T05:35:07Z,0,99,31936,422.92,68,2797
2026-07-30T05:35:07Z,1,100,32096,449.70,74,2572
2026-07-30T05:35:07Z,2,100,32014,453.41,70,2587
2026-07-30T05:35:07Z,3,100,31754,450.01,71,2617
2026-07-30T05:35:07Z,4,0,29902,16.60,28,210
2026-07-30T05:35:07Z,5,0,29900,16.62,31,210
2026-07-30T05:35:07Z,6,0,17358,67.76,42,2430
2026-07-30T05:35:07Z,7,0,4,12.54,38,210
2026-07-30T05:35:09Z,0,100,31936,415.05,73,2602
2026-07-30T05:35:09Z,1,99,32096,409.89,70,2887
2026-07-30T05:35:09Z,2,100,32014,450.05,71,2580
2026-07-30T05:35:09Z,3,91,31754,414.63,69,2827
2026-07-30T05:35:09Z,4,0,29902,18.09,29,210
2026-07-30T05:35:09Z,5,0,29900,12.89,31,210
2026-07-30T05:35:09Z,6,0,17358,66.50,42,2430
2026-07-30T05:35:09Z,7,0,4,14.05,37,210
2026-07-30T05:35:11Z,0,100,31936,449.81,74,2587
2026-07-30T05:35:11Z,1,99,32096,397.27,69,2790
2026-07-30T05:35:11Z,2,99,32014,390.33,65,2872
2026-07-30T05:35:11Z,3,99,31754,381.96,65,2872
2026-07-30T05:35:11Z,4,0,29902,16.09,29,210
2026-07-30T05:35:11Z,5,0,29900,16.66,31,210
2026-07-30T05:35:11Z,6,0,17358,68.51,42,2430
2026-07-30T05:35:11Z,7,0,4,11.59,37,210
2026-07-30T05:35:15Z,0,100,31936,388.66,74,2752
2026-07-30T05:35:15Z,1,100,32096,461.95,75,2580
2026-07-30T05:35:15Z,2,100,32014,450.51,70,2587
2026-07-30T05:35:15Z,3,99,31754,378.22,65,2872
2026-07-30T05:35:15Z,4,0,29902,16.74,29,210
2026-07-30T05:35:15Z,5,0,29900,16.21,31,210
2026-07-30T05:35:15Z,6,0,17358,68.08,42,2430
2026-07-30T05:35:15Z,7,0,4,12.18,37,210
2026-07-30T05:35:16Z,0,100,31936,449.37,74,2647
2026-07-30T05:35:16Z,1,99,32096,407.02,69,2850
2026-07-30T05:35:16Z,2,100,32014,408.75,70,2842
2026-07-30T05:35:16Z,3,100,31834,420.21,70,2655
2026-07-30T05:35:16Z,4,0,29902,17.67,28,210
2026-07-30T05:35:16Z,5,0,29900,14.88,31,210
2026-07-30T05:35:16Z,6,0,17358,67.19,42,2430
2026-07-30T05:35:16Z,7,0,4,12.67,37,210
2026-07-30T05:35:18Z,0,100,31936,450.12,74,2257
2026-07-30T05:35:18Z,1,100,32096,464.94,75,2572
2026-07-30T05:35:18Z,2,100,32014,448.51,71,2692
2026-07-30T05:35:18Z,3,99,32070,426.46,64,2872
2026-07-30T05:35:18Z,4,0,29902,15.74,29,210
2026-07-30T05:35:18Z,5,0,29900,15.19,31,210
2026-07-30T05:35:18Z,6,0,17358,57.13,41,630
2026-07-30T05:35:18Z,7,0,4,11.75,37,210
2026-07-30T05:35:19Z,0,99,31936,444.18,69,2392
2026-07-30T05:35:19Z,1,100,32096,449.71,75,2580
2026-07-30T05:35:19Z,2,100,32014,449.58,70,2235
2026-07-30T05:35:19Z,3,100,32070,458.02,71,2610
2026-07-30T05:35:19Z,4,0,29902,17.76,29,210
2026-07-30T05:35:19Z,5,0,29900,12.79,31,210
2026-07-30T05:35:19Z,6,0,17358,25.32,41,330
2026-07-30T05:35:19Z,7,0,4,12.15,37,210
2026-07-30T05:35:21Z,0,100,31936,458.16,74,2565
2026-07-30T05:35:21Z,1,99,32096,407.62,69,2887
2026-07-30T05:35:21Z,2,99,32014,446.52,66,2272
2026-07-30T05:35:21Z,3,99,32070,383.69,65,2835
2026-07-30T05:35:21Z,4,0,29902,16.52,29,210
2026-07-30T05:35:21Z,5,0,29900,14.33,31,210
2026-07-30T05:35:21Z,6,0,17358,11.49,41,210
2026-07-30T05:35:21Z,7,0,4,12.23,37,210
2026-07-30T05:35:23Z,0,99,31936,354.99,68,2797
2026-07-30T05:35:23Z,1,100,32096,450.37,73,2587
2026-07-30T05:35:23Z,2,99,32014,353.00,65,2872
2026-07-30T05:35:23Z,3,100,32070,451.14,71,2595
2026-07-30T05:35:23Z,4,0,29902,18.14,29,210
2026-07-30T05:35:23Z,5,0,29900,13.99,31,210
2026-07-30T05:35:23Z,6,100,17358,144.10,52,1897
2026-07-30T05:35:23Z,7,0,4,12.84,37,210
2026-07-30T05:35:25Z,0,100,31936,432.46,74,2587
2026-07-30T05:35:25Z,1,100,32096,450.35,75,2587
2026-07-30T05:35:25Z,2,100,32014,451.56,71,2587
2026-07-30T05:35:25Z,3,100,32070,405.96,71,2715
2026-07-30T05:35:25Z,4,0,29902,15.07,29,210
2026-07-30T05:35:25Z,5,0,29900,14.63,31,210
2026-07-30T05:35:25Z,6,0,17358,93.55,43,2917
2026-07-30T05:35:25Z,7,0,4,13.85,37,210
2026-07-30T05:35:26Z,0,100,31936,449.92,74,2580
2026-07-30T05:35:26Z,1,99,32096,392.53,70,2797
2026-07-30T05:35:26Z,2,100,32014,450.82,71,2572
2026-07-30T05:35:26Z,3,100,32084,447.27,72,2655
2026-07-30T05:35:26Z,4,0,29902,16.63,29,210
2026-07-30T05:35:26Z,5,0,29900,16.47,31,210
2026-07-30T05:35:26Z,6,0,17358,69.76,42,2430
2026-07-30T05:35:26Z,7,0,4,11.71,37,210
2026-07-30T05:35:28Z,0,99,31936,406.89,68,2760
2026-07-30T05:35:28Z,1,100,32096,450.48,73,2580
2026-07-30T05:35:28Z,2,99,32014,398.49,65,2872
2026-07-30T05:35:28Z,3,99,32084,436.73,66,2730
2026-07-30T05:35:28Z,4,0,29902,16.06,29,210
2026-07-30T05:35:28Z,5,0,29900,13.45,31,210
2026-07-30T05:35:28Z,6,0,17358,66.08,42,2430
2026-07-30T05:35:28Z,7,0,4,13.68,37,210
2026-07-30T05:35:29Z,0,100,31936,451.87,74,2572
2026-07-30T05:35:29Z,1,100,32096,451.67,73,2580
2026-07-30T05:35:29Z,2,100,32014,462.03,71,2580
2026-07-30T05:35:29Z,3,100,32084,440.27,72,2610
2026-07-30T05:35:29Z,4,0,29902,15.90,29,210
2026-07-30T05:35:29Z,5,0,29900,16.68,31,210
2026-07-30T05:35:29Z,6,0,17358,68.36,42,2430
2026-07-30T05:35:29Z,7,0,4,11.34,37,210
2026-07-30T05:35:33Z,0,100,31936,450.25,72,2242
2026-07-30T05:35:33Z,1,100,32096,419.79,75,2820
2026-07-30T05:35:33Z,2,100,32014,417.45,71,2722
2026-07-30T05:35:33Z,3,100,32084,447.31,71,2602
2026-07-30T05:35:33Z,4,0,29902,16.07,29,210
2026-07-30T05:35:33Z,5,0,29900,15.60,31,210
2026-07-30T05:35:33Z,6,0,17358,68.85,42,2430
2026-07-30T05:35:33Z,7,0,4,11.89,37,210
2026-07-30T05:35:35Z,0,100,31936,450.36,73,2400
2026-07-30T05:35:35Z,1,70,32096,446.91,75,2272
2026-07-30T05:35:35Z,2,99,32014,449.23,68,2362
2026-07-30T05:35:35Z,3,100,32084,449.65,72,2610
2026-07-30T05:35:35Z,4,0,29902,18.10,29,210
2026-07-30T05:35:35Z,5,0,29900,13.63,31,210
2026-07-30T05:35:35Z,6,0,17358,67.14,42,2430
2026-07-30T05:35:35Z,7,0,4,12.80,37,210
2026-07-30T05:35:36Z,0,100,31936,450.36,72,2580
2026-07-30T05:35:36Z,1,100,32096,450.34,73,2280
2026-07-30T05:35:36Z,2,100,32014,450.18,69,2512
2026-07-30T05:35:36Z,3,100,32084,450.15,71,2595
2026-07-30T05:35:36Z,4,0,29902,16.35,29,210
2026-07-30T05:35:36Z,5,0,29900,14.71,31,210
2026-07-30T05:35:36Z,6,0,17358,67.81,42,2430
2026-07-30T05:35:36Z,7,0,4,13.48,37,210
2026-07-30T05:35:38Z,0,99,31936,384.24,68,2797
2026-07-30T05:35:38Z,1,100,32096,451.69,75,2617
2026-07-30T05:35:38Z,2,100,32014,450.21,69,2437
2026-07-30T05:35:38Z,3,99,32084,428.42,66,2872
2026-07-30T05:35:38Z,4,0,29902,17.68,29,210
2026-07-30T05:35:38Z,5,0,29900,15.02,31,210
2026-07-30T05:35:38Z,6,0,17358,67.67,42,2430
2026-07-30T05:35:38Z,7,0,4,13.63,37,210
2026-07-30T05:35:40Z,0,100,31936,422.79,74,2692
2026-07-30T05:35:40Z,1,99,32096,440.10,70,2820
2026-07-30T05:35:40Z,2,100,32014,449.90,70,2610
2026-07-30T05:35:40Z,3,100,32084,454.07,72,2602
2026-07-30T05:35:40Z,4,0,29902,15.14,28,210
2026-07-30T05:35:40Z,5,0,29900,16.44,31,210
2026-07-30T05:35:40Z,6,0,17358,66.72,42,2430
2026-07-30T05:35:40Z,7,0,4,13.55,37,210
2026-07-30T05:35:41Z,0,99,31936,429.99,70,2700
2026-07-30T05:35:41Z,1,100,32096,451.64,74,2565
2026-07-30T05:35:41Z,2,99,32014,416.22,66,2872
2026-07-30T05:35:41Z,3,99,32084,407.24,66,2865
2026-07-30T05:35:41Z,4,0,29902,17.63,29,210
2026-07-30T05:35:41Z,5,0,29900,15.70,31,210
2026-07-30T05:35:41Z,6,0,17358,40.18,41,427
2026-07-30T05:35:41Z,7,0,4,11.97,37,210
2026-07-30T05:35:43Z,0,100,31936,451.69,74,2580
2026-07-30T05:35:43Z,1,100,32096,449.56,75,2580
2026-07-30T05:35:43Z,2,100,32014,450.40,69,2407
2026-07-30T05:35:43Z,3,100,32084,451.09,72,2782
2026-07-30T05:35:43Z,4,0,29902,15.54,29,210
2026-07-30T05:35:43Z,5,0,29900,14.09,31,210
2026-07-30T05:35:43Z,6,0,17358,11.41,41,210
2026-07-30T05:35:43Z,7,0,4,13.64,37,210
2026-07-30T05:35:45Z,0,100,31936,461.48,73,2572
2026-07-30T05:35:45Z,1,99,32096,441.28,70,2842
2026-07-30T05:35:45Z,2,100,32014,450.14,69,2595
2026-07-30T05:35:45Z,3,100,32084,449.63,72,2707
2026-07-30T05:35:45Z,4,0,29902,17.15,29,210
2026-07-30T05:35:45Z,5,0,29900,14.73,31,210
2026-07-30T05:35:45Z,6,0,17358,13.15,41,210
2026-07-30T05:35:45Z,7,0,4,11.09,37,210
2026-07-30T05:35:46Z,0,100,31936,449.81,74,2565
2026-07-30T05:35:46Z,1,99,32096,424.13,70,2887
2026-07-30T05:35:46Z,2,99,32014,430.24,66,2760
2026-07-30T05:35:46Z,3,99,32084,435.68,69,2812
2026-07-30T05:35:46Z,4,0,29902,17.93,29,210
2026-07-30T05:35:46Z,5,0,29900,13.54,31,210
2026-07-30T05:35:46Z,6,100,17358,96.80,52,1905
2026-07-30T05:35:46Z,7,0,4,13.70,37,210
2026-07-30T05:35:48Z,0,100,31936,451.65,74,2572
2026-07-30T05:35:48Z,1,100,32096,452.58,74,2580
2026-07-30T05:35:48Z,2,100,32014,451.09,70,2580
2026-07-30T05:35:48Z,3,99,32084,415.85,66,2835
2026-07-30T05:35:48Z,4,0,29902,15.98,28,210
2026-07-30T05:35:48Z,5,0,29900,16.29,31,210
2026-07-30T05:35:48Z,6,0,17358,96.70,43,2925
2026-07-30T05:35:48Z,7,0,4,12.00,36,210
2026-07-30T05:35:52Z,0,100,31936,459.97,75,2550
2026-07-30T05:35:52Z,1,100,32096,449.76,75,2587
2026-07-30T05:35:52Z,2,100,32014,450.61,69,2392
2026-07-30T05:35:52Z,3,99,32084,449.65,70,2430
2026-07-30T05:35:52Z,4,0,29902,17.07,29,210
2026-07-30T05:35:52Z,5,0,29900,15.31,31,210
2026-07-30T05:35:52Z,6,0,17358,67.94,42,2430
2026-07-30T05:35:52Z,7,0,4,11.21,36,210
2026-07-30T05:35:53Z,0,100,31936,449.90,75,2557
2026-07-30T05:35:53Z,1,100,32096,435.99,75,2662
2026-07-30T05:35:53Z,2,100,32014,451.26,69,2587
2026-07-30T05:35:53Z,3,100,32084,450.16,69,2460
2026-07-30T05:35:53Z,4,0,29902,17.60,29,210
2026-07-30T05:35:53Z,5,0,29900,14.22,31,210
2026-07-30T05:35:53Z,6,0,17358,66.17,42,2430
2026-07-30T05:35:53Z,7,0,4,14.24,36,210
2026-07-30T05:35:55Z,0,99,31936,381.32,68,2797
2026-07-30T05:35:55Z,1,99,32096,438.38,70,2887
2026-07-30T05:35:55Z,2,100,32014,436.51,72,2812
2026-07-30T05:35:55Z,3,100,32084,450.38,70,2347
2026-07-30T05:35:55Z,4,0,29902,15.75,29,210
2026-07-30T05:35:55Z,5,0,29900,16.01,31,210
2026-07-30T05:35:55Z,6,0,17358,68.34,42,2430
2026-07-30T05:35:55Z,7,0,1,13.70,36,210
2026-07-30T05:35:57Z,0,100,31956,452.03,73,2572
2026-07-30T05:35:57Z,1,100,32096,450.43,73,2542
2026-07-30T05:35:57Z,2,66,32014,443.31,71,2250
2026-07-30T05:35:57Z,3,99,32084,393.06,66,2857
2026-07-30T05:35:57Z,4,0,29902,17.65,29,210
2026-07-30T05:35:57Z,5,0,29900,13.43,31,210
2026-07-30T05:35:57Z,6,0,17358,67.72,42,2430
2026-07-30T05:35:57Z,7,0,1,13.19,36,210
2026-07-30T05:35:58Z,0,100,31956,460.08,75,2565
2026-07-30T05:35:58Z,1,64,32096,419.59,69,2887
2026-07-30T05:35:58Z,2,100,32014,449.55,70,2265
2026-07-30T05:35:58Z,3,100,32084,450.63,69,2610
2026-07-30T05:35:58Z,4,0,29902,16.26,29,210
2026-07-30T05:35:58Z,5,0,29900,14.58,31,210
2026-07-30T05:35:58Z,6,0,17358,67.70,42,2430
2026-07-30T05:35:58Z,7,0,1,13.93,36,210
2026-07-30T05:36:00Z,0,100,31956,449.70,75,2572
2026-07-30T05:36:00Z,1,100,32096,465.46,75,2572
2026-07-30T05:36:00Z,2,100,32014,450.17,69,2422
2026-07-30T05:36:00Z,3,100,32084,450.92,72,2617
2026-07-30T05:36:00Z,4,0,29902,17.43,29,210
2026-07-30T05:36:00Z,5,0,29900,13.60,31,210
2026-07-30T05:36:00Z,6,0,17358,67.89,42,2430
2026-07-30T05:36:00Z,7,0,1,11.97,36,210
2026-07-30T05:36:01Z,0,99,31956,393.27,69,2797
2026-07-30T05:36:01Z,1,100,32096,449.65,75,2572
2026-07-30T05:36:01Z,2,100,32014,450.23,70,2385
2026-07-30T05:36:01Z,3,99,32084,406.54,66,2782
2026-07-30T05:36:01Z,4,0,29902,16.62,29,210
2026-07-30T05:36:01Z,5,0,29900,13.83,31,210
2026-07-30T05:36:01Z,6,0,17358,66.62,42,2430
2026-07-30T05:36:01Z,7,0,1,13.55,36,210
2026-07-30T05:36:03Z,0,100,31956,454.02,74,2580
2026-07-30T05:36:03Z,1,100,32096,449.77,75,2580
2026-07-30T05:36:03Z,2,83,32014,413.73,72,2872
2026-07-30T05:36:03Z,3,100,32084,450.47,70,2362
2026-07-30T05:36:03Z,4,0,29902,17.59,29,210
2026-07-30T05:36:03Z,5,0,29900,16.22,31,210
2026-07-30T05:36:03Z,6,0,17358,69.08,42,2430
2026-07-30T05:36:03Z,7,0,1,11.35,36,210
2026-07-30T05:36:05Z,0,100,31956,450.07,74,2572
2026-07-30T05:36:05Z,1,100,32096,449.99,75,2572
2026-07-30T05:36:05Z,2,99,32014,449.46,69,2265
2026-07-30T05:36:05Z,3,100,32084,450.01,69,2617
2026-07-30T05:36:05Z,4,0,29902,16.93,29,210
2026-07-30T05:36:05Z,5,0,29900,14.11,31,210
2026-07-30T05:36:05Z,6,0,17358,22.31,41,330
2026-07-30T05:36:05Z,7,0,1,14.16,36,210
2026-07-30T05:36:06Z,0,99,31956,393.93,69,2797
2026-07-30T05:36:06Z,1,99,32096,435.88,70,2865
2026-07-30T05:36:06Z,2,100,32014,449.98,70,2235
2026-07-30T05:36:06Z,3,99,32084,396.06,66,2865
2026-07-30T05:36:06Z,4,0,29902,18.98,29,210
2026-07-30T05:36:06Z,5,0,29900,15.13,31,210
2026-07-30T05:36:06Z,6,0,17358,13.24,41,210
2026-07-30T05:36:06Z,7,0,1,12.71,36,210
2026-07-30T05:36:10Z,0,100,31956,455.82,75,2580
2026-07-30T05:36:10Z,1,100,32096,439.16,76,2835
2026-07-30T05:36:10Z,2,99,32014,429.30,66,2872
2026-07-30T05:36:10Z,3,100,32084,450.20,72,2610
2026-07-30T05:36:10Z,4,0,29902,15.83,28,210
2026-07-30T05:36:10Z,5,0,29900,16.11,31,210
2026-07-30T05:36:10Z,6,45,17358,54.88,50,1282
2026-07-30T05:36:10Z,7,0,1,11.04,36,210
2026-07-30T05:36:12Z,0,99,31956,373.50,69,2782
2026-07-30T05:36:12Z,1,92,32096,445.35,68,2257
2026-07-30T05:36:12Z,2,100,32014,447.44,71,2602
2026-07-30T05:36:12Z,3,100,32084,446.81,71,2610
2026-07-30T05:36:12Z,4,0,29902,16.46,28,210
2026-07-30T05:36:12Z,5,0,29900,13.47,31,210
2026-07-30T05:36:12Z,6,0,17358,98.23,43,2925
2026-07-30T05:36:12Z,7,3,760,31.66,37,2512
2026-07-30T05:36:13Z,0,100,31956,450.73,75,2565
2026-07-30T05:36:13Z,1,100,32096,460.90,75,2580
2026-07-30T05:36:13Z,2,81,32014,436.56,69,2827
2026-07-30T05:36:13Z,3,100,32084,449.82,72,2602
2026-07-30T05:36:13Z,4,0,29902,15.20,28,210
2026-07-30T05:36:13Z,5,0,29900,16.47,31,210
2026-07-30T05:36:13Z,6,0,17358,72.56,42,2430
2026-07-30T05:36:13Z,7,0,760,61.33,37,2430
2026-07-30T05:36:15Z,0,99,31956,350.58,68,2760
2026-07-30T05:36:15Z,1,100,32096,450.09,75,2580
2026-07-30T05:36:15Z,2,100,32014,430.53,71,2790
2026-07-30T05:36:15Z,3,100,32084,450.24,71,2617
2026-07-30T05:36:15Z,4,0,29902,18.32,28,210
2026-07-30T05:36:15Z,5,0,29900,14.44,31,210
2026-07-30T05:36:15Z,6,0,17358,67.70,42,2430
2026-07-30T05:36:15Z,7,0,760,64.54,37,2430
2026-07-30T05:36:17Z,0,100,31956,467.22,74,2565
2026-07-30T05:36:17Z,1,100,32096,450.13,75,2580
2026-07-30T05:36:17Z,2,71,32014,441.01,70,2295
2026-07-30T05:36:17Z,3,100,32084,450.09,71,2497
2026-07-30T05:36:17Z,4,0,29902,15.79,28,210
2026-07-30T05:36:17Z,5,0,29900,15.96,31,210
2026-07-30T05:36:17Z,6,0,17358,68.02,42,2430
2026-07-30T05:36:17Z,7,0,760,61.58,37,2430
2026-07-30T05:36:18Z,0,100,31956,449.71,75,2572
2026-07-30T05:36:18Z,1,99,32096,438.45,71,2895
2026-07-30T05:36:18Z,2,100,32014,450.42,69,2482
2026-07-30T05:36:18Z,3,95,32084,449.97,70,2587
2026-07-30T05:36:18Z,4,0,29902,16.82,28,210
2026-07-30T05:36:18Z,5,0,29900,14.82,31,210
2026-07-30T05:36:18Z,6,0,17358,68.78,42,2430
2026-07-30T05:36:18Z,7,0,1292,63.90,37,2430
2026-07-30T05:36:20Z,0,99,31956,377.94,69,2797
2026-07-30T05:36:20Z,1,100,32096,458.56,75,2572
2026-07-30T05:36:20Z,2,100,32014,450.39,69,2415
2026-07-30T05:36:20Z,3,100,32084,449.64,67,2287
2026-07-30T05:36:20Z,4,0,29902,14.95,28,202
2026-07-30T05:36:20Z,5,0,29900,15.66,31,210
2026-07-30T05:36:20Z,6,0,17358,66.99,42,2430
2026-07-30T05:36:20Z,7,0,1292,63.26,37,2430
2026-07-30T05:36:21Z,0,100,31956,450.97,74,2587
2026-07-30T05:36:21Z,1,91,32096,416.55,74,2887
2026-07-30T05:36:21Z,2,99,32014,414.30,66,2775
2026-07-30T05:36:21Z,3,99,32084,403.28,66,2865
2026-07-30T05:36:21Z,4,0,29902,16.02,28,210
2026-07-30T05:36:21Z,5,0,29900,16.26,31,210
2026-07-30T05:36:21Z,6,0,17358,69.90,42,2430
2026-07-30T05:36:21Z,7,0,1292,62.61,37,2430
2026-07-30T05:36:23Z,0,100,31956,449.51,75,2565
2026-07-30T05:36:23Z,1,100,32096,450.28,73,2535
2026-07-30T05:36:23Z,2,100,32014,458.51,71,2587
2026-07-30T05:36:23Z,3,100,32084,451.81,71,2625
2026-07-30T05:36:23Z,4,0,29902,16.43,29,210
2026-07-30T05:36:23Z,5,0,29900,13.87,31,210
2026-07-30T05:36:23Z,6,0,17358,66.28,42,2430
2026-07-30T05:36:23Z,7,0,1292,64.35,37,2430
2026-07-30T05:36:24Z,0,99,31956,394.42,68,2797
2026-07-30T05:36:24Z,1,100,32096,460.56,74,2580
2026-07-30T05:36:24Z,2,100,32014,450.04,71,2602
2026-07-30T05:36:24Z,3,100,32084,449.85,72,2610
2026-07-30T05:36:24Z,4,0,29902,15.40,29,210
2026-07-30T05:36:24Z,5,0,29900,15.18,31,210
2026-07-30T05:36:24Z,6,0,17358,69.36,42,2430
2026-07-30T05:36:24Z,7,0,1292,61.35,37,2430
2026-07-30T05:36:28Z,0,100,31956,420.44,75,2595
2026-07-30T05:36:28Z,1,99,32096,385.35,70,2895
2026-07-30T05:36:28Z,2,87,32014,399.91,72,2857
2026-07-30T05:36:28Z,3,90,32084,447.05,70,2310
2026-07-30T05:36:28Z,4,0,29902,16.04,28,210
2026-07-30T05:36:28Z,5,0,29900,17.16,31,210
2026-07-30T05:36:28Z,6,0,17358,57.54,41,675
2026-07-30T05:36:28Z,7,100,6414,380.18,47,2295
2026-07-30T05:36:30Z,0,100,31956,450.04,75,2625
2026-07-30T05:36:30Z,1,100,32096,448.52,75,2730
2026-07-30T05:36:30Z,2,100,32014,450.29,69,2302
2026-07-30T05:36:30Z,3,100,32084,450.42,70,2557
2026-07-30T05:36:30Z,4,0,29902,18.12,29,210
2026-07-30T05:36:30Z,5,0,29900,13.23,31,210
2026-07-30T05:36:30Z,6,0,17358,24.79,41,330
2026-07-30T05:36:30Z,7,100,8576,450.11,48,2130
2026-07-30T05:36:31Z,0,99,31956,442.05,70,2272
2026-07-30T05:36:31Z,1,100,32096,450.17,74,2550
2026-07-30T05:36:31Z,2,100,32014,450.22,70,2595
2026-07-30T05:36:31Z,3,100,32084,450.80,72,2602
2026-07-30T05:36:31Z,4,0,29902,15.03,28,210
2026-07-30T05:36:31Z,5,0,29900,14.36,31,210
2026-07-30T05:36:31Z,6,0,17358,11.62,41,210
2026-07-30T05:36:31Z,7,100,8806,450.07,49,2130
2026-07-30T05:36:33Z,0,100,31956,443.31,74,2572
2026-07-30T05:36:33Z,1,99,32096,449.18,72,2272
2026-07-30T05:36:33Z,2,99,32014,430.35,70,2797
2026-07-30T05:36:33Z,3,99,32084,426.62,66,2865
2026-07-30T05:36:33Z,4,0,29902,18.66,29,210
2026-07-30T05:36:33Z,5,0,29900,15.46,31,210
2026-07-30T05:36:33Z,6,0,17358,12.57,41,210
2026-07-30T05:36:33Z,7,83,12512,443.04,49,2182
2026-07-30T05:36:34Z,0,99,31956,400.78,69,2737
2026-07-30T05:36:34Z,1,100,32096,444.62,75,2580
2026-07-30T05:36:34Z,2,90,32014,403.12,71,2872
2026-07-30T05:36:34Z,3,99,32084,398.18,66,2827
2026-07-30T05:36:34Z,4,0,29902,17.81,28,210
2026-07-30T05:36:34Z,5,0,29900,13.85,31,210
2026-07-30T05:36:34Z,6,0,17358,11.56,40,210
2026-07-30T05:36:34Z,7,62,20742,373.12,46,2670
2026-07-30T05:36:36Z,0,100,31956,430.45,75,2625
2026-07-30T05:36:36Z,1,100,32096,449.89,75,2610
2026-07-30T05:36:36Z,2,100,32014,450.24,69,2227
2026-07-30T05:36:36Z,3,100,32084,450.56,72,2610
2026-07-30T05:36:36Z,4,0,29902,16.28,28,210
2026-07-30T05:36:36Z,5,0,29900,16.00,31,210
2026-07-30T05:36:36Z,6,0,17358,263.99,43,2925
2026-07-30T05:36:36Z,7,87,20742,348.23,47,2122
2026-07-30T05:36:37Z,0,99,31956,396.89,69,2760
2026-07-30T05:36:37Z,1,100,32096,449.70,75,2422
2026-07-30T05:36:37Z,2,100,32014,450.20,69,2587
2026-07-30T05:36:37Z,3,100,32084,459.14,71,2602
2026-07-30T05:36:37Z,4,0,29902,17.65,29,210
2026-07-30T05:36:37Z,5,0,29900,13.36,31,210
2026-07-30T05:36:37Z,6,0,17358,88.59,42,2452
2026-07-30T05:36:37Z,7,98,20742,320.86,49,2302
2026-07-30T05:36:39Z,0,100,31956,460.69,75,2557
2026-07-30T05:36:39Z,1,92,32096,449.77,74,2310
2026-07-30T05:36:39Z,2,100,32014,416.63,72,2850
2026-07-30T05:36:39Z,3,100,32084,449.58,72,2602
2026-07-30T05:36:39Z,4,0,29902,15.86,28,210
2026-07-30T05:36:39Z,5,0,29900,16.78,31,210
2026-07-30T05:36:39Z,6,0,17358,68.69,42,2430
2026-07-30T05:36:39Z,7,79,20742,424.36,44,2370
2026-07-30T05:36:41Z,0,100,31956,449.93,73,2572
2026-07-30T05:36:41Z,1,100,32096,450.27,73,2587
2026-07-30T05:36:41Z,2,99,32014,449.94,70,2280
2026-07-30T05:36:41Z,3,100,32084,449.73,72,2610
2026-07-30T05:36:41Z,4,0,29902,17.28,29,210
2026-07-30T05:36:41Z,5,0,29900,14.11,31,210
2026-07-30T05:36:41Z,6,0,17358,67.99,42,2430
2026-07-30T05:36:41Z,7,100,20742,412.39,50,2347
2026-07-30T05:36:42Z,0,99,31956,401.99,69,2797
2026-07-30T05:36:42Z,1,100,32096,441.25,75,2760
2026-07-30T05:36:42Z,2,100,32014,450.18,69,2445
2026-07-30T05:36:42Z,3,99,32084,415.98,66,2872
2026-07-30T05:36:42Z,4,0,29902,15.12,28,210
2026-07-30T05:36:42Z,5,0,29900,15.30,31,210
2026-07-30T05:36:42Z,6,0,17358,67.75,42,2430
2026-07-30T05:36:42Z,7,9,20742,331.17,43,2857
2026-07-30T05:36:46Z,0,100,31956,450.68,73,2580
2026-07-30T05:36:46Z,1,100,32096,402.71,76,2760
2026-07-30T05:36:46Z,2,100,32014,452.55,71,2587
2026-07-30T05:36:46Z,3,100,32084,462.10,72,2595
2026-07-30T05:36:46Z,4,0,29902,15.18,29,210
2026-07-30T05:36:46Z,5,0,29900,14.85,31,210
2026-07-30T05:36:46Z,6,0,17358,67.67,42,2430
2026-07-30T05:36:46Z,7,100,20742,341.77,51,2497
2026-07-30T05:36:47Z,0,100,31956,446.32,74,2580
2026-07-30T05:36:47Z,1,99,32096,449.40,73,2332
2026-07-30T05:36:47Z,2,100,32014,456.76,71,2572
2026-07-30T05:36:47Z,3,99,32084,399.25,66,2865
2026-07-30T05:36:47Z,4,0,29902,18.19,29,210
2026-07-30T05:36:47Z,5,0,29900,13.22,31,210
2026-07-30T05:36:47Z,6,0,17358,68.98,42,2430
2026-07-30T05:36:47Z,7,63,20742,332.56,47,2835
2026-07-30T05:36:49Z,0,100,31956,449.72,75,2587
2026-07-30T05:36:49Z,1,100,32096,450.44,73,2572
2026-07-30T05:36:49Z,2,99,32014,414.76,66,2790
2026-07-30T05:36:49Z,3,100,32084,468.18,71,2595
2026-07-30T05:36:49Z,4,0,29902,16.06,29,210
2026-07-30T05:36:49Z,5,0,29900,13.81,31,210
2026-07-30T05:36:49Z,6,0,17358,67.62,42,2430
2026-07-30T05:36:49Z,7,100,20742,331.58,51,2167
2026-07-30T05:36:51Z,0,73,31956,403.62,69,2767
2026-07-30T05:36:51Z,1,100,32096,420.92,76,2805
2026-07-30T05:36:51Z,2,100,32014,432.44,70,2692
2026-07-30T05:36:51Z,3,100,32084,450.31,72,2595
2026-07-30T05:36:51Z,4,0,29902,18.40,29,210
2026-07-30T05:36:51Z,5,0,29900,15.92,31,210
2026-07-30T05:36:51Z,6,0,17358,69.93,42,2430
2026-07-30T05:36:51Z,7,0,20742,375.23,44,2775
2026-07-30T05:36:52Z,0,99,31956,375.67,69,2797
2026-07-30T05:36:52Z,1,99,32096,449.75,75,2280
2026-07-30T05:36:52Z,2,99,32014,449.84,69,2377
2026-07-30T05:36:52Z,3,100,32084,449.87,72,2602
2026-07-30T05:36:52Z,4,0,29902,17.60,28,210
2026-07-30T05:36:52Z,5,0,29900,12.80,31,210
2026-07-30T05:36:52Z,6,0,17358,66.61,42,2430
2026-07-30T05:36:52Z,7,71,20742,278.71,51,2730
2026-07-30T05:36:54Z,0,100,31956,450.62,73,2542
2026-07-30T05:36:54Z,1,100,32096,450.39,73,2572
2026-07-30T05:36:54Z,2,100,32014,450.20,69,2452
2026-07-30T05:36:54Z,3,80,32084,420.46,70,2872
2026-07-30T05:36:54Z,4,0,29902,15.93,29,210
2026-07-30T05:36:54Z,5,0,29900,16.60,31,210
2026-07-30T05:36:54Z,6,0,17358,24.46,41,330
2026-07-30T05:36:54Z,7,99,20742,322.06,52,2137
2026-07-30T05:36:55Z,0,100,31956,451.90,75,2587
2026-07-30T05:36:55Z,1,75,32096,428.14,72,2850
2026-07-30T05:36:55Z,2,99,32014,422.33,66,2805
2026-07-30T05:36:55Z,3,100,32084,464.22,72,2610
2026-07-30T05:36:55Z,4,0,29902,19.10,29,210
2026-07-30T05:36:55Z,5,0,29900,14.33,31,210
2026-07-30T05:36:55Z,6,0,17358,14.62,41,210
2026-07-30T05:36:55Z,7,0,20742,326.52,44,2887
2026-07-30T05:36:57Z,0,100,31956,449.82,75,2572
2026-07-30T05:36:57Z,1,100,32096,458.41,75,2565
2026-07-30T05:36:57Z,2,100,32014,451.94,71,2587
2026-07-30T05:36:57Z,3,100,32084,449.79,71,2595
2026-07-30T05:36:57Z,4,0,29902,14.77,29,210
2026-07-30T05:36:57Z,5,0,29900,15.16,31,210
2026-07-30T05:36:57Z,6,0,17358,11.01,41,210
2026-07-30T05:36:57Z,7,100,20742,294.44,54,2790
2026-07-30T05:36:58Z,0,100,31956,449.76,75,2572
2026-07-30T05:36:58Z,1,100,32096,449.83,75,2587
2026-07-30T05:36:58Z,2,100,32014,451.38,71,2572
2026-07-30T05:36:58Z,3,99,32084,405.68,66,2865
2026-07-30T05:36:58Z,4,0,29902,17.49,29,210
2026-07-30T05:36:58Z,5,0,29900,15.98,31,210
2026-07-30T05:36:58Z,6,0,17358,11.97,41,210
2026-07-30T05:36:58Z,7,88,20742,336.45,48,2760
2026-07-30T05:37:00Z,0,99,31956,382.35,69,2775
2026-07-30T05:37:00Z,1,100,32096,449.82,75,2587
2026-07-30T05:37:00Z,2,100,32014,450.55,70,2580
2026-07-30T05:37:00Z,3,100,32084,415.82,71,2827
2026-07-30T05:37:00Z,4,0,29902,16.05,28,210
2026-07-30T05:37:00Z,5,0,29900,14.00,31,210
2026-07-30T05:37:00Z,6,0,17358,11.29,41,210
2026-07-30T05:37:00Z,7,0,20742,315.41,45,2910
2026-07-30T05:37:04Z,0,100,31956,450.36,73,2527
2026-07-30T05:37:04Z,1,100,32096,449.71,75,2580
2026-07-30T05:37:04Z,2,100,32014,450.11,71,2385
2026-07-30T05:37:04Z,3,99,32084,416.00,67,2865
2026-07-30T05:37:04Z,4,0,29902,14.88,29,210
2026-07-30T05:37:04Z,5,0,29900,15.31,31,210
2026-07-30T05:37:04Z,6,0,17358,74.67,42,2430
2026-07-30T05:37:04Z,7,2,20742,290.10,45,2910
2026-07-30T05:37:05Z,0,99,31956,362.90,69,2797
2026-07-30T05:37:05Z,1,79,32096,438.42,74,2835
2026-07-30T05:37:05Z,2,100,32014,450.44,69,2235
2026-07-30T05:37:05Z,3,100,32084,451.56,72,2595
2026-07-30T05:37:05Z,4,0,29902,16.26,29,210
2026-07-30T05:37:05Z,5,0,29900,15.98,31,202
2026-07-30T05:37:05Z,6,0,17358,68.75,42,2430
2026-07-30T05:37:05Z,7,99,20742,235.57,53,2542
2026-07-30T05:37:07Z,0,99,31956,360.67,69,2797
2026-07-30T05:37:07Z,1,100,32096,467.44,75,2572
2026-07-30T05:37:07Z,2,99,32014,421.88,66,2872
2026-07-30T05:37:07Z,3,99,32084,409.64,67,2865
2026-07-30T05:37:07Z,4,0,29902,17.01,29,210
2026-07-30T05:37:07Z,5,0,29900,13.74,31,210
2026-07-30T05:37:07Z,6,0,17358,66.47,42,2430
2026-07-30T05:37:07Z,7,100,20742,248.60,53,2407
2026-07-30T05:37:08Z,0,99,31956,369.91,69,2797
2026-07-30T05:37:08Z,1,100,32096,449.60,75,2580
2026-07-30T05:37:08Z,2,100,32014,450.36,69,2415
2026-07-30T05:37:08Z,3,100,32084,450.39,70,2400
2026-07-30T05:37:08Z,4,0,29902,16.00,28,210
2026-07-30T05:37:08Z,5,0,29900,15.16,31,210
2026-07-30T05:37:08Z,6,0,17358,68.26,42,2430
2026-07-30T05:37:08Z,7,90,20742,357.30,52,2025
2026-07-30T05:37:10Z,0,100,31956,450.97,75,2580
2026-07-30T05:37:10Z,1,99,32096,433.23,71,2887
2026-07-30T05:37:10Z,2,100,32014,450.81,71,2587
2026-07-30T05:37:10Z,3,100,32084,450.26,72,2610
2026-07-30T05:37:10Z,4,0,29902,18.26,29,210
2026-07-30T05:37:10Z,5,0,29900,14.65,31,210
2026-07-30T05:37:10Z,6,0,17358,67.57,42,2430
2026-07-30T05:37:10Z,7,0,20742,390.41,47,2662
2026-07-30T05:37:11Z,0,100,31956,449.53,75,2572
2026-07-30T05:37:11Z,1,100,32096,455.86,76,2572
2026-07-30T05:37:11Z,2,86,32014,413.12,69,2842
2026-07-30T05:37:11Z,3,99,32084,432.23,67,2835
2026-07-30T05:37:11Z,4,0,29902,17.20,29,210
2026-07-30T05:37:11Z,5,0,29900,14.86,31,202
2026-07-30T05:37:11Z,6,0,17358,66.93,42,2430
2026-07-30T05:37:11Z,7,0,20742,298.25,46,2887
2026-07-30T05:37:13Z,0,99,31956,390.55,69,2797
2026-07-30T05:37:13Z,1,100,32096,450.13,75,2587
2026-07-30T05:37:13Z,2,100,32014,469.93,71,2580
2026-07-30T05:37:13Z,3,100,32084,464.45,72,2587
2026-07-30T05:37:13Z,4,0,29902,16.83,28,210
2026-07-30T05:37:13Z,5,0,29900,15.94,31,210
2026-07-30T05:37:13Z,6,0,17358,68.25,42,2430
2026-07-30T05:37:13Z,7,99,20742,290.82,54,2602
2026-07-30T05:37:15Z,0,100,31956,435.90,75,2572
2026-07-30T05:37:15Z,1,100,32096,450.11,74,2580
2026-07-30T05:37:15Z,2,100,32094,439.64,71,2565
2026-07-30T05:37:15Z,3,100,32084,449.59,72,2602
2026-07-30T05:37:15Z,4,0,29902,16.37,29,210
2026-07-30T05:37:15Z,5,0,29900,14.57,31,210
2026-07-30T05:37:15Z,6,0,17358,65.91,42,2430
2026-07-30T05:37:15Z,7,0,20742,255.43,46,2910
2026-07-30T05:37:16Z,0,99,31956,415.26,69,2797
2026-07-30T05:37:16Z,1,98,32096,448.67,71,2317
2026-07-30T05:37:16Z,2,100,32064,449.71,71,2595
2026-07-30T05:37:16Z,3,99,32084,426.95,67,2872
2026-07-30T05:37:16Z,4,0,29902,16.07,28,210
2026-07-30T05:37:16Z,5,0,29900,16.07,31,210
2026-07-30T05:37:16Z,6,0,17358,69.33,42,2430
2026-07-30T05:37:16Z,7,0,20742,87.93,45,2430
2026-07-30T05:37:18Z,0,100,31956,411.00,74,2715
2026-07-30T05:37:18Z,1,99,32096,428.13,71,2887
2026-07-30T05:37:18Z,2,100,32064,449.96,71,2415
2026-07-30T05:37:18Z,3,97,32084,391.88,67,2835
2026-07-30T05:37:18Z,4,0,29902,17.14,29,210
2026-07-30T05:37:18Z,5,0,29900,13.84,31,210
2026-07-30T05:37:18Z,6,0,17358,67.47,42,2430
2026-07-30T05:37:18Z,7,0,20742,327.04,46,2887
2026-07-30T05:37:21Z,0,100,31956,450.06,75,2572
2026-07-30T05:37:21Z,1,86,32096,415.04,76,2895
2026-07-30T05:37:21Z,2,100,32070,454.88,71,2587
2026-07-30T05:37:21Z,3,100,32084,446.85,71,2625
2026-07-30T05:37:21Z,4,0,29902,18.89,28,210
2026-07-30T05:37:21Z,5,0,29900,14.71,31,210
2026-07-30T05:37:21Z,6,0,17358,13.45,41,210
2026-07-30T05:37:21Z,7,43,20742,327.89,46,2782
2026-07-30T05:37:23Z,0,100,31956,449.92,75,2587
2026-07-30T05:37:23Z,1,100,32096,450.48,73,2497
2026-07-30T05:37:23Z,2,100,32082,449.94,71,2617
2026-07-30T05:37:23Z,3,100,32084,449.65,73,2715
2026-07-30T05:37:23Z,4,0,29902,15.56,29,210
2026-07-30T05:37:23Z,5,0,29900,15.74,31,210
2026-07-30T05:37:23Z,6,0,17358,11.92,41,210
2026-07-30T05:37:23Z,7,4,20742,136.87,46,2910
2026-07-30T05:37:24Z,0,100,31956,449.96,74,2595
2026-07-30T05:37:24Z,1,100,32096,450.31,74,2580
2026-07-30T05:37:24Z,2,99,32082,436.03,66,2827
2026-07-30T05:37:24Z,3,99,32084,434.82,67,2872
2026-07-30T05:37:24Z,4,0,29902,17.58,28,210
2026-07-30T05:37:24Z,5,0,29900,15.05,31,210
2026-07-30T05:37:24Z,6,0,17358,13.10,41,210
2026-07-30T05:37:24Z,7,37,20742,386.93,51,2310
2026-07-30T05:37:26Z,0,99,31956,439.45,70,2235
2026-07-30T05:37:26Z,1,100,32096,450.14,74,2580
2026-07-30T05:37:26Z,2,84,32082,429.68,70,2865
2026-07-30T05:37:26Z,3,100,32084,437.04,73,2580
2026-07-30T05:37:26Z,4,0,29902,16.29,28,210
2026-07-30T05:37:26Z,5,0,29900,15.37,31,210
2026-07-30T05:37:26Z,6,10,17358,38.49,47,1080
2026-07-30T05:37:26Z,7,99,20742,373.53,55,2550
2026-07-30T05:37:27Z,0,99,31956,363.08,69,2797
2026-07-30T05:37:27Z,1,75,32096,401.07,71,2895
2026-07-30T05:37:27Z,2,100,32082,450.12,70,2370
2026-07-30T05:37:27Z,3,99,32026,430.21,67,2865
2026-07-30T05:37:27Z,4,0,29902,17.51,29,210
2026-07-30T05:37:27Z,5,0,29900,14.21,31,210
2026-07-30T05:37:27Z,6,0,17358,102.71,43,2910
2026-07-30T05:37:27Z,7,100,20742,212.10,55,2422
2026-07-30T05:37:29Z,0,100,31956,431.61,74,2617
2026-07-30T05:37:29Z,1,99,32096,433.85,71,2790
2026-07-30T05:37:29Z,2,100,32082,421.02,71,2730
2026-07-30T05:37:29Z,3,100,32026,465.61,71,2595
2026-07-30T05:37:29Z,4,0,29902,17.12,28,210
2026-07-30T05:37:29Z,5,0,29900,13.98,31,210
2026-07-30T05:37:29Z,6,0,17358,75.17,42,2430
2026-07-30T05:37:29Z,7,35,20742,348.32,48,2827
2026-07-30T05:37:31Z,0,99,31956,442.34,74,2730
2026-07-30T05:37:31Z,1,100,32096,457.80,74,2580
2026-07-30T05:37:31Z,2,100,32082,448.10,72,2295
2026-07-30T05:37:31Z,3,100,32026,449.85,72,2587
2026-07-30T05:37:31Z,4,0,29902,17.66,29,210
2026-07-30T05:37:31Z,5,0,29900,16.13,31,210
2026-07-30T05:37:31Z,6,0,17358,69.55,42,2430
2026-07-30T05:37:31Z,7,99,20742,384.74,55,2182
2026-07-30T05:37:32Z,0,100,31956,463.47,75,2580
2026-07-30T05:37:32Z,1,100,32096,450.20,75,2580
2026-07-30T05:37:32Z,2,100,32082,450.34,67,2310
2026-07-30T05:37:32Z,3,100,32026,449.83,73,2595
2026-07-30T05:37:32Z,4,0,29902,17.92,28,210
2026-07-30T05:37:32Z,5,0,29900,14.68,31,210
2026-07-30T05:37:32Z,6,0,17358,67.26,42,2430
2026-07-30T05:37:32Z,7,98,20742,310.81,54,2250
2026-07-30T05:37:34Z,0,100,31956,449.59,75,2565
2026-07-30T05:37:34Z,1,100,32096,450.11,75,2580
2026-07-30T05:37:34Z,2,100,32082,445.98,71,2602
2026-07-30T05:37:34Z,3,100,32026,450.01,73,2595
2026-07-30T05:37:34Z,4,0,29902,15.53,29,210
2026-07-30T05:37:34Z,5,0,29900,16.69,31,210
2026-07-30T05:37:34Z,6,0,17358,67.84,42,2430
2026-07-30T05:37:34Z,7,99,20742,307.59,56,2910
2026-07-30T05:37:35Z,0,100,31956,449.69,75,2580
2026-07-30T05:37:35Z,1,99,32096,443.32,71,2647
2026-07-30T05:37:35Z,2,87,32082,430.44,67,2790
2026-07-30T05:37:35Z,3,99,32026,435.61,67,2707
2026-07-30T05:37:35Z,4,0,29902,16.63,28,210
2026-07-30T05:37:35Z,5,0,29900,14.85,31,210
2026-07-30T05:37:35Z,6,0,17358,68.94,42,2430
2026-07-30T05:37:35Z,7,86,20742,349.25,53,2595
2026-07-30T05:37:39Z,0,97,31956,365.74,68,2797
2026-07-30T05:37:39Z,1,100,32096,450.36,73,2580
2026-07-30T05:37:39Z,2,100,32082,450.47,70,2587
2026-07-30T05:37:39Z,3,100,32042,449.74,73,2625
2026-07-30T05:37:39Z,4,0,29902,18.17,28,210
2026-07-30T05:37:39Z,5,0,29900,14.09,31,210
2026-07-30T05:37:39Z,6,0,17358,68.69,42,2430
2026-07-30T05:37:39Z,7,83,20742,384.90,53,2310
2026-07-30T05:37:40Z,0,100,31956,451.08,75,2580
2026-07-30T05:37:40Z,1,100,32096,453.14,76,2572
2026-07-30T05:37:40Z,2,100,32082,450.16,72,2580
2026-07-30T05:37:40Z,3,99,32042,442.79,68,2340
2026-07-30T05:37:40Z,4,0,29902,17.53,28,210
2026-07-30T05:37:40Z,5,0,29900,13.92,31,210
2026-07-30T05:37:40Z,6,0,17358,66.37,42,2430
2026-07-30T05:37:40Z,7,0,20742,305.72,48,2910
2026-07-30T05:37:42Z,0,100,31956,449.81,75,2565
2026-07-30T05:37:42Z,1,99,32096,433.28,71,2895
2026-07-30T05:37:42Z,2,100,32082,449.75,71,2572
2026-07-30T05:37:42Z,3,99,32042,428.04,67,2865
2026-07-30T05:37:42Z,4,0,29902,16.36,28,210
2026-07-30T05:37:42Z,5,0,29900,16.13,31,210
2026-07-30T05:37:42Z,6,0,17358,69.43,42,2430
2026-07-30T05:37:42Z,7,84,20742,379.34,57,2835
2026-07-30T05:37:43Z,0,99,31956,388.77,69,2797
2026-07-30T05:37:43Z,1,100,32096,459.93,75,2572
2026-07-30T05:37:43Z,2,61,32082,393.77,66,2827
2026-07-30T05:37:43Z,3,100,32042,440.48,73,2662
2026-07-30T05:37:43Z,4,0,29902,18.75,28,210
2026-07-30T05:37:43Z,5,0,29900,15.00,31,210
2026-07-30T05:37:43Z,6,0,17358,67.16,42,2430
2026-07-30T05:37:43Z,7,46,20742,352.92,52,2227
2026-07-30T05:37:45Z,0,100,31956,447.85,75,2565
2026-07-30T05:37:45Z,1,99,32096,417.78,71,2887
2026-07-30T05:37:45Z,2,100,32082,464.93,71,2580
2026-07-30T05:37:45Z,3,100,32042,449.30,73,2737
2026-07-30T05:37:45Z,4,0,29902,15.24,28,210
2026-07-30T05:37:45Z,5,0,29900,16.53,31,210
2026-07-30T05:37:45Z,6,0,17358,24.44,41,330
2026-07-30T05:37:45Z,7,0,20742,279.11,48,2910
2026-07-30T05:37:46Z,0,99,31956,404.39,70,2797
2026-07-30T05:37:46Z,1,100,32096,450.96,76,2580
2026-07-30T05:37:46Z,2,99,32082,419.03,66,2872
2026-07-30T05:37:46Z,3,99,32042,442.25,68,2827
2026-07-30T05:37:46Z,4,0,29902,18.08,29,210
2026-07-30T05:37:46Z,5,0,29900,13.41,31,210
2026-07-30T05:37:46Z,6,0,17358,14.79,41,210
2026-07-30T05:37:46Z,7,100,20742,413.42,57,2640
2026-07-30T05:37:48Z,0,100,31956,450.25,74,2670
2026-07-30T05:37:48Z,1,100,32096,449.80,75,2572
2026-07-30T05:37:48Z,2,100,32082,451.03,71,2527
2026-07-30T05:37:48Z,3,100,32042,442.07,73,2662
2026-07-30T05:37:48Z,4,0,29902,15.46,28,210
2026-07-30T05:37:48Z,5,0,29900,14.46,31,210
2026-07-30T05:37:48Z,6,0,17358,11.43,41,210
2026-07-30T05:37:48Z,7,0,20742,317.03,50,2655
2026-07-30T05:37:50Z,0,99,31956,423.23,70,2685
2026-07-30T05:37:50Z,1,100,32096,449.56,76,2580
2026-07-30T05:37:50Z,2,100,32082,449.99,70,2557
2026-07-30T05:37:50Z,3,100,32042,448.88,73,2715
2026-07-30T05:37:50Z,4,0,29902,17.27,29,210
2026-07-30T05:37:50Z,5,0,29900,15.70,31,210
2026-07-30T05:37:50Z,6,96,17358,155.78,51,2250
2026-07-30T05:37:50Z,7,0,20742,322.38,49,2910
2026-07-30T05:37:51Z,0,99,31956,383.50,69,2797
2026-07-30T05:37:51Z,1,99,32096,420.29,71,2887
2026-07-30T05:37:51Z,2,100,32082,449.64,71,2580
2026-07-30T05:37:51Z,3,99,32042,444.14,68,2287
2026-07-30T05:37:51Z,4,0,29902,16.78,28,210
2026-07-30T05:37:51Z,5,0,29900,13.97,31,210
2026-07-30T05:37:51Z,6,0,17358,93.80,43,2925
2026-07-30T05:37:51Z,7,7,20742,377.05,52,2850
2026-07-30T05:37:53Z,0,100,31956,450.68,76,2715
2026-07-30T05:37:53Z,1,99,32096,425.11,70,2887
2026-07-30T05:37:53Z,2,99,32082,416.52,66,2865
2026-07-30T05:37:53Z,3,99,32042,398.60,67,2865
2026-07-30T05:37:53Z,4,0,29902,17.73,29,210
2026-07-30T05:37:53Z,5,0,29900,16.38,31,210
2026-07-30T05:37:53Z,6,0,17358,69.22,42,2430
2026-07-30T05:37:53Z,7,99,20742,377.22,56,2235
2026-07-30T05:37:56Z,0,99,31956,357.87,67,2797
2026-07-30T05:37:56Z,1,99,32096,444.97,70,2482
2026-07-30T05:37:56Z,2,18,32082,390.73,64,2872
2026-07-30T05:37:56Z,3,100,32042,453.74,73,2587
2026-07-30T05:37:56Z,4,0,29902,16.78,29,210
2026-07-30T05:37:56Z,5,0,29900,15.90,31,210
2026-07-30T05:37:56Z,6,0,17358,69.45,42,2430
2026-07-30T05:37:56Z,7,99,20742,438.59,58,2700
2026-07-30T05:37:58Z,0,100,31956,431.17,75,2557
2026-07-30T05:37:58Z,1,100,32096,439.87,76,2722
2026-07-30T05:37:58Z,2,100,32082,455.28,71,2580
2026-07-30T05:37:58Z,3,100,32042,449.68,73,2595
2026-07-30T05:37:58Z,4,0,29902,18.17,29,210
2026-07-30T05:37:58Z,5,0,29900,12.98,31,210
2026-07-30T05:37:58Z,6,0,17358,67.10,42,2430
2026-07-30T05:37:58Z,7,70,20742,394.42,52,2460
2026-07-30T05:38:00Z,0,100,31956,449.91,76,2587
2026-07-30T05:38:00Z,1,67,32096,446.89,76,2490
2026-07-30T05:38:00Z,2,99,32082,430.17,66,2872
2026-07-30T05:38:00Z,3,100,32042,449.81,72,2587
2026-07-30T05:38:00Z,4,0,29902,16.03,29,210
2026-07-30T05:38:00Z,5,0,29900,16.50,31,210
2026-07-30T05:38:00Z,6,0,17358,68.74,42,2430
2026-07-30T05:38:00Z,7,0,20742,347.56,50,2865
2026-07-30T05:38:01Z,0,100,31956,450.16,76,2565
2026-07-30T05:38:01Z,1,100,32096,450.06,74,2385
2026-07-30T05:38:01Z,2,100,32082,467.15,71,2565
2026-07-30T05:38:01Z,3,91,32042,417.13,67,2872
2026-07-30T05:38:01Z,4,0,29902,17.02,29,210
2026-07-30T05:38:01Z,5,0,29900,15.10,31,210
2026-07-30T05:38:01Z,6,0,17358,67.60,42,2430
2026-07-30T05:38:01Z,7,0,20742,94.43,48,2647
2026-07-30T05:38:03Z,0,100,31956,449.72,74,2617
2026-07-30T05:38:03Z,1,82,32096,436.58,72,2880
2026-07-30T05:38:03Z,2,99,32082,415.92,66,2872
2026-07-30T05:38:03Z,3,100,32042,456.40,73,2587
2026-07-30T05:38:03Z,4,0,29902,15.16,29,210
2026-07-30T05:38:03Z,5,0,29900,16.08,31,210
2026-07-30T05:38:03Z,6,0,17358,68.09,42,2430
2026-07-30T05:38:03Z,7,0,20742,281.14,49,2910
2026-07-30T05:38:04Z,0,100,31956,450.32,76,2235
2026-07-30T05:38:04Z,1,100,32096,452.95,76,2595
2026-07-30T05:38:04Z,2,100,32082,449.32,70,2587
2026-07-30T05:38:04Z,3,100,32042,450.19,73,2587
2026-07-30T05:38:04Z,4,0,29902,16.28,29,210
2026-07-30T05:38:04Z,5,0,29900,16.20,31,210
2026-07-30T05:38:04Z,6,0,17358,69.10,42,2430
2026-07-30T05:38:04Z,7,99,20742,293.35,56,2287
2026-07-30T05:38:06Z,0,100,31956,450.41,73,2467
2026-07-30T05:38:06Z,1,100,32096,449.79,76,2617
2026-07-30T05:38:06Z,2,100,32094,450.04,70,2587
2026-07-30T05:38:06Z,3,99,32042,434.71,68,2865
2026-07-30T05:38:06Z,4,0,29902,16.91,29,210
2026-07-30T05:38:06Z,5,0,29900,13.56,31,210
2026-07-30T05:38:06Z,6,0,17358,66.38,42,2430
2026-07-30T05:38:06Z,7,99,20742,381.77,56,2835
2026-07-30T05:38:07Z,0,100,31956,450.17,74,2437
2026-07-30T05:38:07Z,1,99,32096,442.76,71,2670
2026-07-30T05:38:07Z,2,100,32094,450.11,71,2587
2026-07-30T05:38:07Z,3,100,32042,455.87,72,2595
2026-07-30T05:38:07Z,4,0,29902,16.62,29,210
2026-07-30T05:38:07Z,5,0,29900,16.02,31,210
2026-07-30T05:38:07Z,6,0,17358,35.19,41,382
2026-07-30T05:38:07Z,7,0,20742,353.06,50,2910
2026-07-30T05:38:09Z,0,99,31956,379.91,70,2797
2026-07-30T05:38:09Z,1,99,32096,405.63,74,2880
2026-07-30T05:38:09Z,2,99,32094,436.00,67,2872
2026-07-30T05:38:09Z,3,100,32042,449.80,73,2595
2026-07-30T05:38:09Z,4,0,29902,18.00,29,210
2026-07-30T05:38:09Z,5,0,29900,12.93,31,210
2026-07-30T05:38:09Z,6,0,17358,13.08,41,210
2026-07-30T05:38:09Z,7,99,20742,298.08,56,2145
2026-07-30T05:38:11Z,0,87,31956,377.95,70,2730
2026-07-30T05:38:11Z,1,100,32096,444.86,76,2662
2026-07-30T05:38:11Z,2,100,32094,444.35,71,2640
2026-07-30T05:38:11Z,3,100,32042,449.77,73,2587
2026-07-30T05:38:11Z,4,0,29902,16.40,29,210
2026-07-30T05:38:11Z,5,0,29900,16.63,31,210
2026-07-30T05:38:11Z,6,0,17358,12.05,41,202
2026-07-30T05:38:11Z,7,99,20742,313.49,56,2467
2026-07-30T05:38:14Z,0,100,31956,450.44,74,2572
2026-07-30T05:38:14Z,1,99,32096,434.31,71,2872
2026-07-30T05:38:14Z,2,100,32094,452.17,71,2595
2026-07-30T05:38:14Z,3,99,32042,421.55,68,2865
2026-07-30T05:38:14Z,4,0,29902,15.78,29,210
2026-07-30T05:38:14Z,5,0,29900,16.17,31,210
2026-07-30T05:38:14Z,6,0,17358,97.34,43,2917
2026-07-30T05:38:14Z,7,100,20742,428.43,58,2790
2026-07-30T05:38:16Z,0,100,31956,450.10,76,2580
2026-07-30T05:38:16Z,1,100,32096,448.89,76,2595
2026-07-30T05:38:16Z,2,100,32094,450.32,71,2572
2026-07-30T05:38:16Z,3,100,32042,462.15,73,2595
2026-07-30T05:38:16Z,4,0,29902,17.59,29,210
2026-07-30T05:38:16Z,5,0,29900,14.91,31,210
2026-07-30T05:38:16Z,6,0,1,71.82,42,2430
2026-07-30T05:38:16Z,7,91,20742,371.80,53,2017
2026-07-30T05:38:17Z,0,100,31956,449.76,76,2572
2026-07-30T05:38:17Z,1,100,32096,449.71,76,2730
2026-07-30T05:38:17Z,2,100,32094,449.80,71,2595
2026-07-30T05:38:17Z,3,100,32054,449.67,74,2587
2026-07-30T05:38:17Z,4,0,29902,16.82,29,210
2026-07-30T05:38:17Z,5,0,29900,13.95,31,210
2026-07-30T05:38:17Z,6,0,1,68.55,42,2430
2026-07-30T05:38:17Z,7,0,20742,234.74,50,2910
2026-07-30T05:38:19Z,0,100,31956,412.28,76,2737
2026-07-30T05:38:19Z,1,99,32096,446.23,74,2295
2026-07-30T05:38:19Z,2,99,32094,425.78,66,2872
2026-07-30T05:38:19Z,3,100,32054,449.87,74,2587
2026-07-30T05:38:19Z,4,0,29902,17.53,29,210
2026-07-30T05:38:19Z,5,0,29900,16.11,31,210
2026-07-30T05:38:19Z,6,0,1,42.78,41,547
2026-07-30T05:38:19Z,7,99,20742,431.38,56,2205
2026-07-30T05:38:21Z,0,99,31956,438.43,70,2422
2026-07-30T05:38:21Z,1,100,32096,463.29,76,2565
2026-07-30T05:38:21Z,2,100,32094,459.62,72,2587
2026-07-30T05:38:21Z,3,99,32054,434.67,68,2827
2026-07-30T05:38:21Z,4,0,29902,16.43,29,210
2026-07-30T05:38:21Z,5,0,29900,15.26,31,210
2026-07-30T05:38:21Z,6,0,1,41.37,41,345
2026-07-30T05:38:21Z,7,100,20742,432.44,58,2317
2026-07-30T05:38:22Z,0,100,31956,451.51,76,2565
2026-07-30T05:38:22Z,1,89,32096,408.20,71,2895
2026-07-30T05:38:22Z,2,99,32094,394.59,66,2865
2026-07-30T05:38:22Z,3,99,32054,407.34,68,2865
2026-07-30T05:38:22Z,4,0,29902,16.22,29,210
2026-07-30T05:38:22Z,5,0,29900,16.01,31,210
2026-07-30T05:38:22Z,6,0,1,22.20,41,210
2026-07-30T05:38:22Z,7,83,20742,132.37,56,2715
2026-07-30T05:38:24Z,0,99,31956,400.92,70,2790
2026-07-30T05:38:24Z,1,100,32096,450.26,74,2557
2026-07-30T05:38:24Z,2,100,32094,453.37,71,2587
2026-07-30T05:38:24Z,3,100,32054,417.95,74,2842
2026-07-30T05:38:24Z,4,0,29902,17.26,29,210
2026-07-30T05:38:24Z,5,0,29900,14.08,31,210
2026-07-30T05:38:24Z,6,0,1,11.90,41,210
2026-07-30T05:38:24Z,7,85,20742,403.14,53,2625
2026-07-30T05:38:25Z,0,100,31956,451.05,74,2572
2026-07-30T05:38:25Z,1,100,32096,450.27,76,2580
2026-07-30T05:38:25Z,2,100,32094,452.94,71,2610
2026-07-30T05:38:25Z,3,100,32054,447.89,75,2670
2026-07-30T05:38:25Z,4,0,29902,16.08,29,210
2026-07-30T05:38:25Z,5,0,29900,16.18,31,210
2026-07-30T05:38:25Z,6,0,4,14.06,41,210
2026-07-30T05:38:25Z,7,99,20742,429.70,57,2122
2026-07-30T05:38:27Z,0,100,31956,451.41,76,2565
2026-07-30T05:38:27Z,1,92,32096,411.03,71,2805
2026-07-30T05:38:27Z,2,100,32094,449.77,71,2580
2026-07-30T05:38:27Z,3,100,32054,449.83,71,2280
2026-07-30T05:38:27Z,4,0,29902,17.81,29,210
2026-07-30T05:38:27Z,5,0,29900,15.15,31,210
2026-07-30T05:38:27Z,6,0,4,13.26,41,210
2026-07-30T05:38:27Z,7,4,20742,101.47,56,2910
2026-07-30T05:38:28Z,0,100,31956,402.95,76,2670
2026-07-30T05:38:28Z,1,98,32096,432.09,71,2880
2026-07-30T05:38:28Z,2,99,32094,439.83,67,2685
2026-07-30T05:38:28Z,3,100,32054,450.30,71,2272
2026-07-30T05:38:28Z,4,0,29902,15.85,29,210
2026-07-30T05:38:28Z,5,0,29900,17.19,31,210
2026-07-30T05:38:28Z,6,0,4,11.67,41,202
2026-07-30T05:38:28Z,7,6,20742,358.40,51,2790
2026-07-30T05:38:31Z,0,100,31956,450.23,76,2580
2026-07-30T05:38:31Z,1,100,32096,448.19,76,2865
2026-07-30T05:38:31Z,2,99,32094,409.54,66,2872
2026-07-30T05:38:31Z,3,70,32054,442.91,74,2340
2026-07-30T05:38:31Z,4,0,29902,17.67,29,210
2026-07-30T05:38:31Z,5,0,29900,14.39,31,210
2026-07-30T05:38:31Z,6,0,4,12.37,41,210
2026-07-30T05:38:31Z,7,0,20742,102.49,50,2910
2026-07-30T05:38:33Z,0,100,31956,450.14,76,2557
2026-07-30T05:38:33Z,1,80,32096,444.50,77,2475
2026-07-30T05:38:33Z,2,100,32094,450.51,70,2340
2026-07-30T05:38:33Z,3,99,32054,449.46,72,2317
2026-07-30T05:38:33Z,4,0,29902,15.34,29,210
2026-07-30T05:38:33Z,5,0,29900,16.47,31,210
2026-07-30T05:38:33Z,6,0,4,14.09,41,210
2026-07-30T05:38:33Z,7,99,20742,427.42,58,2257
2026-07-30T05:38:35Z,0,100,31956,450.72,76,2565
2026-07-30T05:38:35Z,1,100,32096,450.42,74,2422
2026-07-30T05:38:35Z,2,100,32094,449.82,71,2587
2026-07-30T05:38:35Z,3,100,32026,450.46,73,2587
2026-07-30T05:38:35Z,4,0,29902,17.58,29,210
2026-07-30T05:38:35Z,5,0,29900,13.63,31,210
2026-07-30T05:38:35Z,6,0,4,14.54,41,210
2026-07-30T05:38:35Z,7,99,20742,433.27,59,2100
2026-07-30T05:38:36Z,0,57,31956,375.51,70,2797
2026-07-30T05:38:36Z,1,100,32096,459.20,76,2580
2026-07-30T05:38:36Z,2,100,32094,450.63,71,2580
2026-07-30T05:38:36Z,3,100,32026,450.18,74,2595
2026-07-30T05:38:36Z,4,0,29902,15.72,29,210
2026-07-30T05:38:36Z,5,0,29900,16.00,31,202
2026-07-30T05:38:36Z,6,0,4,12.19,41,210
2026-07-30T05:38:36Z,7,0,20742,99.23,50,2910
2026-07-30T05:38:38Z,0,100,31956,378.57,76,2782
2026-07-30T05:38:38Z,1,93,32096,441.62,74,2872
2026-07-30T05:38:38Z,2,100,32094,453.26,72,2572
2026-07-30T05:38:38Z,3,100,32026,449.84,74,2587
2026-07-30T05:38:38Z,4,0,29902,17.65,29,210
2026-07-30T05:38:38Z,5,0,29900,15.14,31,210
2026-07-30T05:38:38Z,6,0,4,14.02,41,210
2026-07-30T05:38:38Z,7,100,20742,411.29,58,2137
2026-07-30T05:38:39Z,0,98,31956,446.34,72,2467
2026-07-30T05:38:39Z,1,100,32096,460.76,75,2565
2026-07-30T05:38:39Z,2,91,32094,419.11,72,2865
2026-07-30T05:38:39Z,3,99,32026,426.41,69,2797
2026-07-30T05:38:39Z,4,0,29902,16.03,29,210
2026-07-30T05:38:39Z,5,0,29900,14.19,31,210
2026-07-30T05:38:39Z,6,0,4,11.72,41,210
2026-07-30T05:38:39Z,7,99,20742,432.88,58,2625
2026-07-30T05:38:41Z,0,100,31956,433.69,76,2565
2026-07-30T05:38:41Z,1,85,32096,435.46,72,2820
2026-07-30T05:38:41Z,2,70,32094,442.60,69,2362
2026-07-30T05:38:41Z,3,100,32026,450.23,74,2610
2026-07-30T05:38:41Z,4,0,29902,17.84,29,210
2026-07-30T05:38:41Z,5,0,29900,16.40,31,210
2026-07-30T05:38:41Z,6,0,4,13.36,40,210
2026-07-30T05:38:41Z,7,0,20742,121.25,51,2910
2026-07-30T05:38:43Z,0,100,31956,449.85,76,2572
2026-07-30T05:38:43Z,1,100,32096,452.06,75,2572
2026-07-30T05:38:43Z,2,100,32094,450.26,70,2377
2026-07-30T05:38:43Z,3,100,32026,449.91,74,2580
2026-07-30T05:38:43Z,4,0,29902,14.92,29,210
2026-07-30T05:38:43Z,5,0,29900,14.35,31,210
2026-07-30T05:38:43Z,6,0,4,12.45,40,210
2026-07-30T05:38:43Z,7,100,20742,442.57,60,2542
2026-07-30T05:38:44Z,0,100,31956,450.07,76,2565
2026-07-30T05:38:44Z,1,100,32096,450.57,76,2572
2026-07-30T05:38:44Z,2,100,32094,457.70,72,2580
2026-07-30T05:38:44Z,3,100,32026,450.17,74,2580
2026-07-30T05:38:44Z,4,0,29902,15.44,29,210
2026-07-30T05:38:44Z,5,0,29900,17.12,31,210
2026-07-30T05:38:44Z,6,0,4,12.86,40,210
2026-07-30T05:38:44Z,7,31,20742,373.42,53,2700
2026-07-30T05:38:46Z,0,100,31956,449.95,76,2632
2026-07-30T05:38:46Z,1,100,32096,449.77,75,2557
2026-07-30T05:38:46Z,2,100,32094,450.19,70,2587
2026-07-30T05:38:46Z,3,84,32030,405.42,68,2865
2026-07-30T05:38:46Z,4,0,29902,17.65,29,210
2026-07-30T05:38:46Z,5,0,29900,14.36,31,210
2026-07-30T05:38:46Z,6,0,4,12.73,40,210
2026-07-30T05:38:46Z,7,0,20742,261.90,51,2910
2026-07-30T05:38:50Z,0,97,31956,404.04,69,2790
2026-07-30T05:38:50Z,1,100,32096,453.34,76,2647
2026-07-30T05:38:50Z,2,100,32094,452.94,72,2595
2026-07-30T05:38:50Z,3,100,32054,450.32,72,2602
2026-07-30T05:38:50Z,4,0,29902,17.09,29,210
2026-07-30T05:38:50Z,5,0,29900,14.14,31,210
2026-07-30T05:38:50Z,6,0,4,11.90,40,210
2026-07-30T05:38:50Z,7,0,20742,74.83,49,2482
2026-07-30T05:38:51Z,0,62,31956,352.94,70,2760
2026-07-30T05:38:51Z,1,100,32096,449.81,76,2662
2026-07-30T05:38:51Z,2,100,32094,449.80,72,2587
2026-07-30T05:38:51Z,3,100,32054,449.82,72,2595
2026-07-30T05:38:51Z,4,0,29902,15.56,29,210
2026-07-30T05:38:51Z,5,0,29900,17.09,31,210
2026-07-30T05:38:51Z,6,0,4,12.67,40,210
2026-07-30T05:38:51Z,7,0,20742,72.11,49,2475
2026-07-30T05:38:53Z,0,100,31956,458.88,76,2565
2026-07-30T05:38:53Z,1,99,32096,447.14,72,2475
2026-07-30T05:38:53Z,2,100,32094,449.55,72,2580
2026-07-30T05:38:53Z,3,100,32054,449.65,74,2602
2026-07-30T05:38:53Z,4,0,29902,17.42,29,210
2026-07-30T05:38:53Z,5,0,29900,14.63,31,210
2026-07-30T05:38:53Z,6,0,4,12.28,40,210
2026-07-30T05:38:53Z,7,1,20742,74.52,49,2467
2026-07-30T05:38:55Z,0,100,31956,450.00,75,2542
2026-07-30T05:38:55Z,1,100,32096,461.00,75,2565
2026-07-30T05:38:55Z,2,99,32094,413.95,67,2827
2026-07-30T05:38:55Z,3,100,32054,425.80,74,2850
2026-07-30T05:38:55Z,4,0,29902,15.91,29,210
2026-07-30T05:38:55Z,5,0,29900,16.41,31,210
2026-07-30T05:38:55Z,6,0,4,12.09,40,210
2026-07-30T05:38:55Z,7,0,20742,71.48,48,2482
2026-07-30T05:38:56Z,0,100,31956,450.10,76,2572
2026-07-30T05:38:56Z,1,100,32096,450.10,76,2587
2026-07-30T05:38:56Z,2,100,32094,451.64,72,2565
2026-07-30T05:38:56Z,3,81,32006,446.50,73,2392
2026-07-30T05:38:56Z,4,0,29902,17.40,29,210
2026-07-30T05:38:56Z,5,0,29900,15.01,31,210
2026-07-30T05:38:56Z,6,0,4,14.20,40,210
2026-07-30T05:38:56Z,7,0,20742,73.93,48,2475
2026-07-30T05:38:58Z,0,100,31956,449.96,76,2617
2026-07-30T05:38:58Z,1,100,32096,450.04,75,2572
2026-07-30T05:38:58Z,2,100,32094,419.43,73,2805
2026-07-30T05:38:58Z,3,100,32006,450.38,73,2572
2026-07-30T05:38:58Z,4,0,29902,14.67,29,210
2026-07-30T05:38:58Z,5,0,29900,15.04,31,210
2026-07-30T05:38:58Z,6,0,4,12.88,40,210
2026-07-30T05:38:58Z,7,0,20742,70.99,48,2467
2026-07-30T05:38:59Z,0,100,31956,450.00,75,2610
2026-07-30T05:38:59Z,1,99,32096,442.26,72,2820
2026-07-30T05:38:59Z,2,35,32094,432.16,69,2242
2026-07-30T05:38:59Z,3,100,32012,409.64,69,2865
2026-07-30T05:38:59Z,4,0,29902,18.43,29,210
2026-07-30T05:38:59Z,5,0,29900,15.19,31,210
2026-07-30T05:38:59Z,6,0,4,13.67,40,210
2026-07-30T05:38:59Z,7,1,20742,72.27,48,2460
2026-07-30T05:39:01Z,0,92,31956,438.00,71,2760
2026-07-30T05:39:01Z,1,100,32096,451.14,75,2565
2026-07-30T05:39:01Z,2,100,32094,463.23,71,2580
2026-07-30T05:39:01Z,3,100,32012,456.52,74,2580
2026-07-30T05:39:01Z,4,0,29902,17.41,29,210
2026-07-30T05:39:01Z,5,0,29900,14.32,31,210
2026-07-30T05:39:01Z,6,0,4,12.39,40,210
2026-07-30T05:39:01Z,7,0,20742,72.11,47,2475
2026-07-30T05:39:03Z,0,100,31956,442.33,77,2565
2026-07-30T05:39:03Z,1,100,32096,449.87,76,2565
2026-07-30T05:39:03Z,2,100,32094,449.75,71,2580
2026-07-30T05:39:03Z,3,62,32012,417.47,71,2835
2026-07-30T05:39:03Z,4,0,29902,17.58,29,210
2026-07-30T05:39:03Z,5,0,29900,15.37,31,210
2026-07-30T05:39:03Z,6,0,4,12.17,40,210
2026-07-30T05:39:03Z,7,0,20742,71.81,47,2490
2026-07-30T05:39:04Z,0,99,31956,390.79,71,2790
2026-07-30T05:39:04Z,1,100,32096,450.26,75,2557
2026-07-30T05:39:04Z,2,100,32094,450.05,72,2580
2026-07-30T05:39:04Z,3,47,32012,386.38,67,2872
2026-07-30T05:39:04Z,4,0,29902,17.81,29,210
2026-07-30T05:39:04Z,5,0,29900,13.16,31,210
2026-07-30T05:39:04Z,6,0,4,12.91,40,210
2026-07-30T05:39:04Z,7,1,20742,73.44,47,2482
2026-07-30T05:39:08Z,0,100,31956,450.70,75,2580
2026-07-30T05:39:08Z,1,100,32096,443.86,75,2542
2026-07-30T05:39:08Z,2,100,32094,452.16,72,2572
2026-07-30T05:39:08Z,3,100,32012,450.25,74,2587
2026-07-30T05:39:08Z,4,0,29902,17.56,29,210
2026-07-30T05:39:08Z,5,0,29900,13.99,31,210
2026-07-30T05:39:08Z,6,0,4,11.00,40,210
2026-07-30T05:39:08Z,7,1,20742,74.97,46,2527
2026-07-30T05:39:10Z,0,100,31956,434.47,76,2775
2026-07-30T05:39:10Z,1,100,32096,449.88,76,2580
2026-07-30T05:39:10Z,2,99,32094,408.96,67,2857
2026-07-30T05:39:10Z,3,99,32012,430.55,69,2775
2026-07-30T05:39:10Z,4,0,29902,16.99,29,210
2026-07-30T05:39:10Z,5,0,29900,16.43,31,210
2026-07-30T05:39:10Z,6,0,4,11.62,40,210
2026-07-30T05:39:10Z,7,1,20742,74.64,46,2542
2026-07-30T05:39:11Z,0,100,31956,448.32,75,2242
2026-07-30T05:39:11Z,1,100,32096,450.06,76,2572
2026-07-30T05:39:11Z,2,100,32094,450.16,72,2587
2026-07-30T05:39:11Z,3,100,32012,450.25,72,2400
2026-07-30T05:39:11Z,4,0,29902,17.48,29,210
2026-07-30T05:39:11Z,5,0,29900,13.98,31,210
2026-07-30T05:39:11Z,6,0,4,11.80,40,210
2026-07-30T05:39:11Z,7,0,20742,72.10,46,2430
2026-07-30T05:39:13Z,0,100,31956,424.71,75,2722
2026-07-30T05:39:13Z,1,99,32096,443.72,72,2842
2026-07-30T05:39:13Z,2,100,32094,449.84,71,2565
2026-07-30T05:39:13Z,3,99,32012,430.66,69,2850
2026-07-30T05:39:13Z,4,0,29902,14.97,29,210
2026-07-30T05:39:13Z,5,0,29900,15.57,31,210
2026-07-30T05:39:13Z,6,0,4,12.32,40,210
2026-07-30T05:39:13Z,7,0,20742,66.91,46,2430
2026-07-30T05:39:15Z,0,100,31956,435.23,71,2280
2026-07-30T05:39:15Z,1,100,32096,461.32,76,2572
2026-07-30T05:39:15Z,2,100,32094,449.77,70,2565
2026-07-30T05:39:15Z,3,100,32012,450.20,74,2610
2026-07-30T05:39:15Z,4,0,29902,17.73,29,210
2026-07-30T05:39:15Z,5,0,29900,13.30,31,210
2026-07-30T05:39:15Z,6,0,4,13.63,40,210
2026-07-30T05:39:15Z,7,0,20742,69.35,46,2430
2026-07-30T05:39:16Z,0,100,31956,426.96,75,2565
2026-07-30T05:39:16Z,1,100,32096,450.13,76,2572
2026-07-30T05:39:16Z,2,100,32094,449.66,72,2565
2026-07-30T05:39:16Z,3,99,32012,422.77,69,2827
2026-07-30T05:39:16Z,4,0,29902,16.41,29,210
2026-07-30T05:39:16Z,5,0,29900,15.20,31,210
2026-07-30T05:39:16Z,6,0,4,12.03,40,210
2026-07-30T05:39:16Z,7,0,20742,67.67,45,2430
2026-07-30T05:39:18Z,0,100,31956,449.93,75,2625
2026-07-30T05:39:18Z,1,100,32096,450.11,76,2572
2026-07-30T05:39:18Z,2,99,32094,431.03,67,2872
2026-07-30T05:39:18Z,3,100,32012,450.48,72,2557
2026-07-30T05:39:18Z,4,0,29902,17.05,29,210
2026-07-30T05:39:18Z,5,0,29900,14.55,31,210
2026-07-30T05:39:18Z,6,0,4,13.55,40,210
2026-07-30T05:39:18Z,7,0,1,71.03,45,2430
2026-07-30T05:39:20Z,0,100,31956,450.12,77,2512
2026-07-30T05:39:20Z,1,88,32096,435.95,72,2820
2026-07-30T05:39:20Z,2,100,32094,447.57,72,2842
2026-07-30T05:39:20Z,3,100,32012,449.86,74,2587
2026-07-30T05:39:20Z,4,0,29902,15.99,29,210
2026-07-30T05:39:20Z,5,0,29900,14.98,31,210
2026-07-30T05:39:20Z,6,0,4,11.01,40,210
2026-07-30T05:39:20Z,7,0,1,54.17,45,877
2026-07-30T05:39:21Z,0,100,31956,449.89,77,2595
2026-07-30T05:39:21Z,1,100,32096,451.58,77,2580
2026-07-30T05:39:21Z,2,100,32094,449.87,72,2505
2026-07-30T05:39:21Z,3,100,32012,445.54,74,2700
2026-07-30T05:39:21Z,4,0,29902,16.54,29,210
2026-07-30T05:39:21Z,5,0,29900,16.26,31,210
2026-07-30T05:39:21Z,6,0,4,12.74,40,210
2026-07-30T05:39:21Z,7,0,4,30.13,44,262
2026-07-30T05:39:23Z,0,65,31956,438.18,77,2227
2026-07-30T05:39:23Z,1,99,32096,426.07,72,2790
2026-07-30T05:39:23Z,2,100,32094,449.72,69,2340
2026-07-30T05:39:23Z,3,88,32012,427.76,69,2812
2026-07-30T05:39:23Z,4,0,29902,17.17,29,210
2026-07-30T05:39:23Z,5,0,29900,13.94,31,210
2026-07-30T05:39:23Z,6,0,4,12.81,39,210
2026-07-30T05:39:23Z,7,0,4,20.49,44,210
2026-07-30T05:39:26Z,0,100,31956,449.88,77,2550
2026-07-30T05:39:26Z,1,100,32096,449.82,76,2467
2026-07-30T05:39:26Z,2,100,32094,467.98,72,2565
2026-07-30T05:39:26Z,3,77,32012,432.12,76,2842
2026-07-30T05:39:26Z,4,0,29902,16.56,29,210
2026-07-30T05:39:26Z,5,0,29900,15.28,31,210
2026-07-30T05:39:26Z,6,0,4,12.02,39,210
2026-07-30T05:39:26Z,7,0,4,16.27,43,210
2026-07-30T05:39:28Z,0,43,31956,428.01,70,2677
2026-07-30T05:39:28Z,1,100,32096,450.33,75,2250
2026-07-30T05:39:28Z,2,100,32094,449.88,72,2550
2026-07-30T05:39:28Z,3,100,32012,450.36,72,2302
2026-07-30T05:39:28Z,4,0,29902,15.64,29,202
2026-07-30T05:39:28Z,5,0,29900,16.26,31,210
2026-07-30T05:39:28Z,6,0,4,12.59,39,210
2026-07-30T05:39:28Z,7,0,4,14.14,43,210
2026-07-30T05:39:30Z,0,100,31956,381.39,71,2760
2026-07-30T05:39:30Z,1,100,32096,403.40,75,2767
2026-07-30T05:39:30Z,2,100,32104,449.73,72,2557
2026-07-30T05:39:30Z,3,66,32012,408.54,67,2865
2026-07-30T05:39:30Z,4,0,29902,17.98,29,210
2026-07-30T05:39:30Z,5,0,29900,14.51,31,210
2026-07-30T05:39:30Z,6,0,4,12.52,39,210
2026-07-30T05:39:30Z,7,0,1184,76.72,44,2430
2026-07-30T05:39:32Z,0,81,31956,396.29,75,2797
2026-07-30T05:39:32Z,1,99,32096,447.67,72,2580
2026-07-30T05:39:32Z,2,100,32104,449.64,72,2580
2026-07-30T05:39:32Z,3,100,32012,450.12,72,2272
2026-07-30T05:39:32Z,4,0,29902,16.99,29,210
2026-07-30T05:39:32Z,5,0,29900,16.58,31,210
2026-07-30T05:39:32Z,6,0,4,11.45,39,210
2026-07-30T05:39:32Z,7,0,1184,65.85,43,2430
2026-07-30T05:39:33Z,0,99,31956,449.81,74,2257
2026-07-30T05:39:33Z,1,100,32096,451.62,77,2752
2026-07-30T05:39:33Z,2,99,32104,431.20,67,2872
2026-07-30T05:39:33Z,3,100,32012,450.47,73,2445
2026-07-30T05:39:33Z,4,0,29902,17.67,29,210
2026-07-30T05:39:33Z,5,0,29900,15.28,31,210
2026-07-30T05:39:33Z,6,0,4,12.73,39,210
2026-07-30T05:39:33Z,7,0,1184,68.92,43,2430
2026-07-30T05:39:35Z,0,100,31956,449.75,77,2565
2026-07-30T05:39:35Z,1,70,32096,443.19,71,2325
2026-07-30T05:39:35Z,2,100,32104,452.46,72,2587
2026-07-30T05:39:35Z,3,100,32012,445.99,74,2715
2026-07-30T05:39:35Z,4,0,29902,14.73,29,210
2026-07-30T05:39:35Z,5,0,29900,15.58,31,210
2026-07-30T05:39:35Z,6,0,4,12.11,39,210
2026-07-30T05:39:35Z,7,0,1184,65.81,43,2430
2026-07-30T05:39:37Z,0,99,31956,389.52,71,2760
2026-07-30T05:39:37Z,1,100,32096,450.10,74,2287
2026-07-30T05:39:37Z,2,36,29952,417.04,69,2872
2026-07-30T05:39:37Z,3,100,32012,450.10,74,2595
2026-07-30T05:39:37Z,4,0,29902,18.19,29,210
2026-07-30T05:39:37Z,5,0,29900,14.79,31,210
2026-07-30T05:39:37Z,6,0,4,13.31,39,210
2026-07-30T05:39:37Z,7,0,1184,68.07,43,2430
2026-07-30T05:39:38Z,0,100,31956,450.72,75,2557
2026-07-30T05:39:38Z,1,100,32096,450.27,75,2580
2026-07-30T05:39:38Z,2,100,31492,427.21,71,2865
2026-07-30T05:39:38Z,3,100,32012,450.11,73,2332
2026-07-30T05:39:38Z,4,0,29902,16.93,29,210
2026-07-30T05:39:38Z,5,0,29900,15.43,31,210
2026-07-30T05:39:38Z,6,0,4,12.36,39,210
2026-07-30T05:39:38Z,7,0,1184,65.84,43,2430
2026-07-30T05:39:40Z,0,100,31956,451.48,77,2565
2026-07-30T05:39:40Z,1,100,32096,450.13,76,2580
2026-07-30T05:39:40Z,2,100,31492,446.06,67,2595
2026-07-30T05:39:40Z,3,99,32012,447.37,69,2490
2026-07-30T05:39:40Z,4,0,29902,17.51,29,202
2026-07-30T05:39:40Z,5,0,29900,15.72,31,210
2026-07-30T05:39:40Z,6,0,4,13.48,39,210
2026-07-30T05:39:40Z,7,0,1184,67.13,43,2430
2026-07-30T05:39:41Z,0,99,31956,366.41,76,2797
2026-07-30T05:39:41Z,1,100,32096,451.77,77,2835
2026-07-30T05:39:41Z,2,99,31492,412.20,69,2760
2026-07-30T05:39:41Z,3,100,32012,448.45,73,2737
2026-07-30T05:39:41Z,4,0,29902,15.51,29,210
2026-07-30T05:39:41Z,5,0,29900,14.87,31,210
2026-07-30T05:39:41Z,6,0,4,11.22,39,210
2026-07-30T05:39:41Z,7,0,1184,66.90,43,2430
2026-07-30T05:39:45Z,0,100,31956,450.18,77,2340
2026-07-30T05:39:45Z,1,99,32096,415.66,72,2835
2026-07-30T05:39:45Z,2,100,31932,450.39,70,2565
2026-07-30T05:39:45Z,3,100,32026,438.89,75,2865
2026-07-30T05:39:45Z,4,0,29902,16.06,29,210
2026-07-30T05:39:45Z,5,0,29900,13.96,31,210
2026-07-30T05:39:45Z,6,0,4,11.25,39,210
2026-07-30T05:39:45Z,7,0,1184,66.69,42,2430
2026-07-30T05:39:47Z,0,91,31956,448.20,77,2325
2026-07-30T05:39:47Z,1,100,32096,450.31,75,2542
2026-07-30T05:39:47Z,2,100,31932,450.14,71,2572
2026-07-30T05:39:47Z,3,99,32026,450.17,72,2340
2026-07-30T05:39:47Z,4,0,29902,16.91,29,210
2026-07-30T05:39:47Z,5,0,29900,16.19,31,210
2026-07-30T05:39:47Z,6,0,4,13.40,39,210
2026-07-30T05:39:47Z,7,0,1184,44.32,42,405
2026-07-30T05:39:49Z,0,100,31956,450.35,74,2280
2026-07-30T05:39:49Z,1,100,32096,451.25,76,2572
2026-07-30T05:39:49Z,2,100,31932,449.99,72,2580
2026-07-30T05:39:49Z,3,100,32026,450.11,72,2595
2026-07-30T05:39:49Z,4,0,29902,15.22,29,210
2026-07-30T05:39:49Z,5,0,29900,14.30,31,210
2026-07-30T05:39:49Z,6,0,4,12.90,39,210
2026-07-30T05:39:49Z,7,0,1184,16.52,41,210
2026-07-30T05:39:50Z,0,100,31956,400.31,78,2760
2026-07-30T05:39:50Z,1,100,32096,438.31,77,2835
2026-07-30T05:39:50Z,2,99,31932,432.05,67,2872
2026-07-30T05:39:50Z,3,99,32026,438.26,69,2872
2026-07-30T05:39:50Z,4,0,29902,15.56,29,210
2026-07-30T05:39:50Z,5,0,29900,16.14,31,210
2026-07-30T05:39:50Z,6,0,4,12.18,39,210
2026-07-30T05:39:50Z,7,0,1184,14.92,41,210
2026-07-30T05:39:52Z,0,99,31956,449.41,75,2227
2026-07-30T05:39:52Z,1,100,32096,446.76,72,2737
2026-07-30T05:39:52Z,2,100,31932,454.91,72,2580
2026-07-30T05:39:52Z,3,100,32026,419.77,73,2767
2026-07-30T05:39:52Z,4,0,29902,17.17,29,210
2026-07-30T05:39:52Z,5,0,29900,13.64,31,210
2026-07-30T05:39:52Z,6,0,4,12.25,39,210
2026-07-30T05:39:52Z,7,0,1184,14.11,41,210
2026-07-30T05:39:53Z,0,100,31956,431.91,77,2572
2026-07-30T05:39:53Z,1,100,32096,457.48,75,2580
2026-07-30T05:39:53Z,2,100,31932,449.80,72,2587
2026-07-30T05:39:53Z,3,100,32026,455.43,75,2827
2026-07-30T05:39:53Z,4,0,29902,16.18,29,210
2026-07-30T05:39:53Z,5,0,29900,16.56,31,210
2026-07-30T05:39:53Z,6,0,4,11.29,39,210
2026-07-30T05:39:53Z,7,0,1184,13.48,41,202
2026-07-30T05:39:55Z,0,100,31956,449.61,76,2535
2026-07-30T05:39:55Z,1,100,32096,449.98,77,2572
2026-07-30T05:39:55Z,2,100,31932,449.80,72,2595
2026-07-30T05:39:55Z,3,100,32026,449.25,73,2722
2026-07-30T05:39:55Z,4,0,29902,17.91,29,210
2026-07-30T05:39:55Z,5,0,29900,13.88,31,210
2026-07-30T05:39:55Z,6,0,4,13.05,39,210
2026-07-30T05:39:55Z,7,0,1184,13.53,41,210
2026-07-30T05:39:57Z,0,100,31956,450.08,75,2512
2026-07-30T05:39:57Z,1,100,32096,449.76,77,2587
2026-07-30T05:39:57Z,2,88,31932,444.69,67,2857
2026-07-30T05:39:57Z,3,99,32026,445.95,69,2272
2026-07-30T05:39:57Z,4,0,29902,14.98,29,210
2026-07-30T05:39:57Z,5,0,29900,16.70,31,210
2026-07-30T05:39:57Z,6,0,4,11.68,39,210
2026-07-30T05:39:57Z,7,0,1184,14.25,41,210
2026-07-30T05:39:58Z,0,100,31956,449.64,76,2625
2026-07-30T05:39:58Z,1,99,32096,427.76,70,2872
2026-07-30T05:39:58Z,2,100,31932,451.52,72,2640
2026-07-30T05:39:58Z,3,100,32026,439.74,74,2610
2026-07-30T05:39:58Z,4,0,29902,18.01,29,210
2026-07-30T05:39:58Z,5,0,29900,14.57,31,210
2026-07-30T05:39:58Z,6,0,4,12.95,39,210
2026-07-30T05:39:58Z,7,0,1184,14.39,41,210
2026-07-30T05:40:00Z,0,100,31956,449.50,77,2602
2026-07-30T05:40:00Z,1,100,32096,458.37,77,2557
2026-07-30T05:40:00Z,2,100,31932,449.77,72,2632
2026-07-30T05:40:00Z,3,100,32026,449.50,74,2707
2026-07-30T05:40:00Z,4,0,29902,15.18,29,210
2026-07-30T05:40:00Z,5,0,29900,15.26,31,210
2026-07-30T05:40:00Z,6,0,4,12.42,39,210
2026-07-30T05:40:00Z,7,0,1184,14.99,41,210
2026-07-30T05:40:04Z,0,100,31956,426.21,71,2760
2026-07-30T05:40:04Z,1,99,32096,422.31,72,2880
2026-07-30T05:40:04Z,2,100,31932,449.97,71,2587
2026-07-30T05:40:04Z,3,100,32026,449.84,71,2302
2026-07-30T05:40:04Z,4,0,29902,14.54,29,210
2026-07-30T05:40:04Z,5,0,29900,16.20,31,210
2026-07-30T05:40:04Z,6,0,4,11.09,39,210
2026-07-30T05:40:04Z,7,0,1184,14.38,40,210
2026-07-30T05:40:05Z,0,100,31956,389.96,76,2790
2026-07-30T05:40:05Z,1,100,32096,465.25,76,2580
2026-07-30T05:40:05Z,2,99,31932,434.34,67,2865
2026-07-30T05:40:05Z,3,100,32026,450.41,72,2445
2026-07-30T05:40:05Z,4,0,29902,18.29,29,210
2026-07-30T05:40:05Z,5,0,29900,14.21,31,210
2026-07-30T05:40:05Z,6,0,4,12.64,39,210
2026-07-30T05:40:05Z,7,0,1184,13.19,40,210
2026-07-30T05:40:07Z,0,99,31956,450.18,74,2287
2026-07-30T05:40:07Z,1,100,32096,450.00,77,2617
2026-07-30T05:40:07Z,2,100,31932,451.36,72,2692
2026-07-30T05:40:07Z,3,100,32026,450.32,73,2595
2026-07-30T05:40:07Z,4,0,29902,16.07,29,210
2026-07-30T05:40:07Z,5,0,29900,14.05,31,210
2026-07-30T05:40:07Z,6,0,4,11.64,39,210
2026-07-30T05:40:07Z,7,4,7110,22.49,41,1890
2026-07-30T05:40:09Z,0,100,31956,450.37,75,2227
2026-07-30T05:40:09Z,1,100,32096,449.91,77,2572
2026-07-30T05:40:09Z,2,100,31932,449.88,72,2610
2026-07-30T05:40:09Z,3,100,32026,442.88,74,2730
2026-07-30T05:40:09Z,4,0,29902,16.06,29,210
2026-07-30T05:40:09Z,5,0,29900,15.45,31,210
2026-07-30T05:40:09Z,6,0,4,12.95,39,210
2026-07-30T05:40:09Z,7,0,17358,131.36,43,2917
2026-07-30T05:40:11Z,0,100,31956,450.38,75,2452
2026-07-30T05:40:11Z,1,99,32096,445.91,72,2872
2026-07-30T05:40:11Z,2,99,31932,442.61,67,2872
2026-07-30T05:40:11Z,3,49,32026,416.81,66,2865
2026-07-30T05:40:11Z,4,0,29902,16.59,29,210
2026-07-30T05:40:11Z,5,0,29900,14.35,31,210
2026-07-30T05:40:11Z,6,0,4,12.04,39,210
2026-07-30T05:40:11Z,7,0,17358,69.26,42,2430
2026-07-30T05:40:12Z,0,100,31956,435.28,77,2670
2026-07-30T05:40:12Z,1,100,32096,445.25,78,2872
2026-07-30T05:40:12Z,2,100,31932,460.40,71,2580
2026-07-30T05:40:12Z,3,100,32026,460.72,74,2580
2026-07-30T05:40:12Z,4,0,29902,15.69,29,210
2026-07-30T05:40:12Z,5,0,29900,17.38,31,210
2026-07-30T05:40:12Z,6,0,4,12.65,39,210
2026-07-30T05:40:12Z,7,0,17358,64.25,42,2430
2026-07-30T05:40:14Z,0,100,31956,449.99,77,2610
2026-07-30T05:40:14Z,1,100,32096,447.93,78,2505
2026-07-30T05:40:14Z,2,100,31932,449.65,72,2580
2026-07-30T05:40:14Z,3,100,32026,414.51,75,2865
2026-07-30T05:40:14Z,4,0,29902,16.78,29,210
2026-07-30T05:40:14Z,5,0,29900,14.16,31,210
2026-07-30T05:40:14Z,6,0,4,12.40,39,210
2026-07-30T05:40:14Z,7,0,17358,66.43,42,2430
2026-07-30T05:40:16Z,0,100,31956,449.95,77,2475
2026-07-30T05:40:16Z,1,100,32096,449.11,73,2497
2026-07-30T05:40:16Z,2,99,31932,435.39,67,2872
2026-07-30T05:40:16Z,3,99,32026,450.03,73,2340
2026-07-30T05:40:16Z,4,0,29902,15.61,29,210
2026-07-30T05:40:16Z,5,0,29900,16.21,31,210
2026-07-30T05:40:16Z,6,0,4,11.15,39,210
2026-07-30T05:40:16Z,7,0,17358,64.47,42,2430
2026-07-30T05:40:17Z,0,100,31956,450.25,78,2212
2026-07-30T05:40:17Z,1,100,32096,456.33,77,2595
2026-07-30T05:40:17Z,2,100,31932,459.59,72,2580
2026-07-30T05:40:17Z,3,100,32026,449.82,74,2602
2026-07-30T05:40:17Z,4,0,29902,17.29,29,210
2026-07-30T05:40:17Z,5,0,29900,15.14,31,210
2026-07-30T05:40:17Z,6,0,4,13.06,39,210
2026-07-30T05:40:17Z,7,0,17358,66.85,42,2430
2026-07-30T05:40:19Z,0,94,31956,448.48,74,2197
2026-07-30T05:40:19Z,1,100,32096,449.97,75,2475
2026-07-30T05:40:19Z,2,100,31932,449.72,72,2587
2026-07-30T05:40:19Z,3,100,32026,450.12,74,2580
2026-07-30T05:40:19Z,4,0,29902,14.66,29,210
2026-07-30T05:40:19Z,5,0,29900,15.14,31,210
2026-07-30T05:40:19Z,6,0,4,10.89,39,210
2026-07-30T05:40:19Z,7,0,17358,64.73,42,2430
2026-07-30T05:40:22Z,0,100,31956,435.49,71,2782
2026-07-30T05:40:22Z,1,91,32096,444.54,75,2880
2026-07-30T05:40:22Z,2,100,31932,445.97,72,2617
2026-07-30T05:40:22Z,3,99,32026,396.73,68,2865
2026-07-30T05:40:22Z,4,0,29902,15.45,29,210
2026-07-30T05:40:22Z,5,0,29900,15.80,31,210
2026-07-30T05:40:22Z,6,0,4,10.72,39,210
2026-07-30T05:40:22Z,7,0,17358,64.32,42,2430
2026-07-30T05:40:24Z,0,99,31956,408.48,73,2700
2026-07-30T05:40:24Z,1,100,32096,455.37,77,2572
2026-07-30T05:40:24Z,2,100,31954,449.86,72,2715
2026-07-30T05:40:24Z,3,100,32026,448.27,74,2595
2026-07-30T05:40:24Z,4,0,29902,18.15,29,210
2026-07-30T05:40:24Z,5,0,29900,16.05,31,210
2026-07-30T05:40:24Z,6,0,4,13.29,39,210
2026-07-30T05:40:24Z,7,0,17358,66.18,42,2430
2026-07-30T05:40:26Z,0,100,31956,434.88,77,2557
2026-07-30T05:40:26Z,1,100,32096,417.88,72,2842
2026-07-30T05:40:26Z,2,100,31954,450.08,72,2572
2026-07-30T05:40:26Z,3,99,32026,444.93,70,2767
2026-07-30T05:40:26Z,4,0,29902,16.14,29,210
2026-07-30T05:40:26Z,5,0,29900,15.71,31,210
2026-07-30T05:40:26Z,6,0,4,10.69,39,210
2026-07-30T05:40:26Z,7,0,17358,50.53,41,472
2026-07-30T05:40:27Z,0,100,31956,449.66,76,2475
2026-07-30T05:40:27Z,1,100,32096,443.14,75,2647
2026-07-30T05:40:27Z,2,100,31954,449.84,72,2287
2026-07-30T05:40:27Z,3,100,32026,451.34,73,2587
2026-07-30T05:40:27Z,4,0,29902,16.37,29,210
2026-07-30T05:40:27Z,5,0,29900,16.24,31,210
2026-07-30T05:40:27Z,6,0,4,12.56,39,210
2026-07-30T05:40:27Z,7,0,17358,13.96,41,210
2026-07-30T05:40:29Z,0,100,31956,450.12,75,2445
2026-07-30T05:40:29Z,1,100,32096,449.99,76,2557
2026-07-30T05:40:29Z,2,99,31954,445.69,68,2377
2026-07-30T05:40:29Z,3,99,32026,421.27,69,2850
2026-07-30T05:40:29Z,4,0,29902,17.00,29,210
2026-07-30T05:40:29Z,5,0,29900,13.98,31,210
2026-07-30T05:40:29Z,6,0,4,10.63,39,210
2026-07-30T05:40:29Z,7,0,17358,15.12,41,210
2026-07-30T05:40:31Z,0,99,31956,442.41,71,2617
2026-07-30T05:40:31Z,1,100,32096,449.76,77,2602
2026-07-30T05:40:31Z,2,100,31954,463.31,71,2572
2026-07-30T05:40:31Z,3,100,32026,452.21,72,2587
2026-07-30T05:40:31Z,4,0,29902,16.29,29,210
2026-07-30T05:40:31Z,5,0,29900,15.89,31,210
2026-07-30T05:40:31Z,6,0,1,14.24,39,210
2026-07-30T05:40:31Z,7,0,17358,12.91,41,210
2026-07-30T05:40:32Z,0,99,31956,399.55,71,2722
2026-07-30T05:40:32Z,1,100,32096,450.04,76,2610
2026-07-30T05:40:32Z,2,94,31954,421.27,73,2872
2026-07-30T05:40:32Z,3,99,32026,433.22,69,2842
2026-07-30T05:40:32Z,4,0,29902,18.08,29,210
2026-07-30T05:40:32Z,5,0,29900,14.64,31,210
2026-07-30T05:40:32Z,6,0,1,15.18,39,210
2026-07-30T05:40:32Z,7,0,17358,301.60,43,2910
2026-07-30T05:40:34Z,0,100,31956,443.56,77,2565
2026-07-30T05:40:34Z,1,99,32096,446.82,72,2460
2026-07-30T05:40:34Z,2,59,31954,439.77,66,2242
2026-07-30T05:40:34Z,3,100,32026,452.34,72,2587
2026-07-30T05:40:34Z,4,0,29902,15.34,29,210
2026-07-30T05:40:34Z,5,0,29900,16.68,31,210
2026-07-30T05:40:34Z,6,0,1,11.24,39,210
2026-07-30T05:40:34Z,7,0,17358,86.33,42,2430
2026-07-30T05:40:36Z,0,99,31956,406.38,71,2685
2026-07-30T05:40:36Z,1,100,32096,450.74,77,2767
2026-07-30T05:40:36Z,2,100,31954,450.18,70,2242
2026-07-30T05:40:36Z,3,100,32026,432.23,74,2850
2026-07-30T05:40:36Z,4,0,29902,17.75,29,210
2026-07-30T05:40:36Z,5,0,29900,14.19,31,210
2026-07-30T05:40:36Z,6,0,1,12.37,39,210
2026-07-30T05:40:36Z,7,0,17358,67.45,42,2430
2026-07-30T05:40:37Z,0,100,31956,450.37,75,2565
2026-07-30T05:40:37Z,1,74,32096,445.23,77,2227
2026-07-30T05:40:37Z,2,99,31954,394.61,66,2835
2026-07-30T05:40:37Z,3,100,32026,450.20,69,2340
2026-07-30T05:40:37Z,4,0,29902,16.14,29,210
2026-07-30T05:40:37Z,5,0,29900,16.01,31,202
2026-07-30T05:40:37Z,6,0,1,10.48,39,210
2026-07-30T05:40:37Z,7,0,17358,64.65,42,2430
2026-07-30T05:40:41Z,0,100,31956,450.22,75,2197
2026-07-30T05:40:41Z,1,100,32096,455.07,77,2557
2026-07-30T05:40:41Z,2,100,31954,448.15,71,2685
2026-07-30T05:40:41Z,3,100,32026,449.76,72,2580
2026-07-30T05:40:41Z,4,0,29902,14.69,29,210
2026-07-30T05:40:41Z,5,0,29900,16.44,31,210
2026-07-30T05:40:41Z,6,0,1,10.31,38,210
2026-07-30T05:40:41Z,7,0,17358,64.64,42,2430
2026-07-30T05:40:43Z,0,100,31956,450.43,75,2580
2026-07-30T05:40:43Z,1,100,32096,449.85,76,2565
2026-07-30T05:40:43Z,2,100,31954,450.00,71,2617
2026-07-30T05:40:43Z,3,100,32026,450.73,73,2587
2026-07-30T05:40:43Z,4,0,29902,17.58,29,210
2026-07-30T05:40:43Z,5,0,29900,13.08,31,210
2026-07-30T05:40:43Z,6,0,1,13.43,38,210
2026-07-30T05:40:43Z,7,0,17358,66.79,42,2430
2026-07-30T05:40:44Z,0,100,31956,442.15,77,2730
2026-07-30T05:40:44Z,1,100,32096,450.05,76,2572
2026-07-30T05:40:44Z,2,99,31954,442.63,67,2482
2026-07-30T05:40:44Z,3,100,32026,449.70,73,2587
2026-07-30T05:40:44Z,4,0,29902,15.33,29,210
2026-07-30T05:40:44Z,5,0,29900,13.92,31,210
2026-07-30T05:40:44Z,6,0,1,10.55,38,210
2026-07-30T05:40:44Z,7,0,17358,64.79,42,2430
2026-07-30T05:40:46Z,0,99,31956,439.01,71,2715
2026-07-30T05:40:46Z,1,99,32096,430.21,72,2827
2026-07-30T05:40:46Z,2,99,31954,420.03,67,2872
2026-07-30T05:40:46Z,3,100,32026,409.58,74,2820
2026-07-30T05:40:46Z,4,0,29902,16.65,29,210
2026-07-30T05:40:46Z,5,0,29900,14.47,31,210
2026-07-30T05:40:46Z,6,1,644,28.19,39,2287
2026-07-30T05:40:46Z,7,0,17358,66.25,42,2430
2026-07-30T05:40:47Z,0,87,31956,364.51,75,2797
2026-07-30T05:40:47Z,1,100,32096,450.55,77,2572
2026-07-30T05:40:47Z,2,100,31954,453.24,71,2580
2026-07-30T05:40:47Z,3,99,32026,450.09,71,2295
2026-07-30T05:40:47Z,4,0,29902,15.04,29,210
2026-07-30T05:40:47Z,5,0,29900,14.63,31,210
2026-07-30T05:40:47Z,6,0,760,65.79,39,2430
2026-07-30T05:40:47Z,7,0,17358,66.39,42,2430
2026-07-30T05:40:49Z,0,100,31956,450.33,75,2460
2026-07-30T05:40:49Z,1,100,32096,458.83,77,2565
2026-07-30T05:40:49Z,2,100,31954,450.02,71,2595
2026-07-30T05:40:49Z,3,100,32026,450.23,72,2392
2026-07-30T05:40:49Z,4,0,29902,15.63,29,210
2026-07-30T05:40:49Z,5,0,29900,16.33,31,210
2026-07-30T05:40:49Z,6,0,760,67.97,40,2430
2026-07-30T05:40:49Z,7,0,17358,64.80,42,2430
2026-07-30T05:40:51Z,0,100,31956,440.11,76,2572
2026-07-30T05:40:51Z,1,99,32096,425.71,72,2797
2026-07-30T05:40:51Z,2,100,31954,450.14,71,2587
2026-07-30T05:40:51Z,3,99,32026,426.87,69,2797
2026-07-30T05:40:51Z,4,0,29902,16.82,29,210
2026-07-30T05:40:51Z,5,0,29900,14.03,31,210
2026-07-30T05:40:51Z,6,0,760,66.47,40,2430
2026-07-30T05:40:51Z,7,0,17358,25.64,41,360
2026-07-30T05:40:52Z,0,100,31956,449.58,76,2677
2026-07-30T05:40:52Z,1,99,32096,426.51,75,2535
2026-07-30T05:40:52Z,2,100,31954,449.47,71,2670
2026-07-30T05:40:52Z,3,99,32026,406.19,68,2797
2026-07-30T05:40:52Z,4,0,29902,15.91,29,210
2026-07-30T05:40:52Z,5,0,29900,16.36,31,210
2026-07-30T05:40:52Z,6,0,1446,68.52,40,2430
2026-07-30T05:40:52Z,7,0,17358,14.80,41,210
2026-07-30T05:40:54Z,0,100,31956,450.08,75,2527
2026-07-30T05:40:54Z,1,100,32096,459.69,75,2557
2026-07-30T05:40:54Z,2,99,31954,447.78,68,2317
2026-07-30T05:40:54Z,3,100,32026,459.38,74,2640
2026-07-30T05:40:54Z,4,0,29902,17.77,29,210
2026-07-30T05:40:54Z,5,0,29900,14.70,31,210
2026-07-30T05:40:54Z,6,0,1446,67.47,40,2430
2026-07-30T05:40:54Z,7,0,17358,13.71,41,210
2026-07-30T05:40:55Z,0,100,31956,447.75,77,2220
2026-07-30T05:40:55Z,1,99,31824,433.83,72,2880
2026-07-30T05:40:55Z,2,76,31954,408.38,71,2872
2026-07-30T05:40:55Z,3,99,32026,414.73,68,2872
2026-07-30T05:40:55Z,4,0,29902,15.24,29,210
2026-07-30T05:40:55Z,5,0,29900,14.68,31,210
2026-07-30T05:40:55Z,6,0,1446,67.64,40,2430
2026-07-30T05:40:55Z,7,0,17358,13.91,40,210
2026-07-30T05:40:59Z,0,99,31956,434.70,74,2782
2026-07-30T05:40:59Z,1,100,31824,448.59,73,2362
2026-07-30T05:40:59Z,2,99,31954,445.41,67,2460
2026-07-30T05:40:59Z,3,99,32026,447.01,69,2587
2026-07-30T05:40:59Z,4,0,29902,15.58,29,210
2026-07-30T05:40:59Z,5,0,29900,14.24,31,210
2026-07-30T05:40:59Z,6,95,3210,111.91,48,2445
2026-07-30T05:40:59Z,7,0,17358,94.51,42,2917
2026-07-30T05:41:01Z,0,100,31956,459.48,76,2580
2026-07-30T05:41:01Z,1,99,31824,436.35,72,2842
2026-07-30T05:41:01Z,2,99,31954,418.03,67,2872
2026-07-30T05:41:01Z,3,100,32026,437.60,74,2835
2026-07-30T05:41:01Z,4,0,29902,17.68,29,210
2026-07-30T05:41:01Z,5,0,29900,15.43,31,210
2026-07-30T05:41:01Z,6,100,7648,458.02,50,2182
2026-07-30T05:41:01Z,7,0,17358,66.20,42,2430
2026-07-30T05:41:02Z,0,99,31956,396.18,71,2752
2026-07-30T05:41:02Z,1,100,31824,450.35,75,2572
2026-07-30T05:41:02Z,2,100,31954,450.61,71,2542
2026-07-30T05:41:02Z,3,64,32026,440.77,69,2272
2026-07-30T05:41:02Z,4,0,29902,16.16,29,210
2026-07-30T05:41:02Z,5,0,29900,13.80,31,210
2026-07-30T05:41:02Z,6,100,10700,449.81,51,1717
2026-07-30T05:41:02Z,7,0,17358,65.74,42,2430
2026-07-30T05:41:04Z,0,100,31956,456.08,75,2550
2026-07-30T05:41:04Z,1,100,31824,450.54,76,2572
2026-07-30T05:41:04Z,2,100,31954,450.21,71,2572
2026-07-30T05:41:04Z,3,100,32026,450.23,72,2595
2026-07-30T05:41:04Z,4,0,29902,15.95,29,210
2026-07-30T05:41:04Z,5,0,29900,16.26,31,210
2026-07-30T05:41:04Z,6,100,10700,449.99,51,1777
2026-07-30T05:41:04Z,7,0,17358,65.11,42,2430
2026-07-30T05:41:05Z,0,99,31956,388.49,71,2737
2026-07-30T05:41:05Z,1,100,31824,446.77,78,2805
2026-07-30T05:41:05Z,2,100,31954,450.43,71,2580
2026-07-30T05:41:05Z,3,90,32026,401.46,74,2872
2026-07-30T05:41:05Z,4,0,29902,17.33,29,202
2026-07-30T05:41:05Z,5,0,29900,14.62,31,210
2026-07-30T05:41:05Z,6,100,10898,450.13,53,1770
2026-07-30T05:41:05Z,7,0,17358,66.64,42,2430
2026-07-30T05:41:07Z,0,100,31956,459.71,76,2572
2026-07-30T05:41:07Z,1,92,31824,449.20,74,2265
2026-07-30T05:41:07Z,2,35,31954,407.21,69,2872
2026-07-30T05:41:07Z,3,100,32026,450.54,71,2422
2026-07-30T05:41:07Z,4,0,29902,15.34,29,210
2026-07-30T05:41:07Z,5,0,29900,16.50,31,210
2026-07-30T05:41:07Z,6,100,10898,450.01,53,1717
2026-07-30T05:41:07Z,7,0,17358,64.01,42,2430
2026-07-30T05:41:08Z,0,100,31956,450.73,77,2572
2026-07-30T05:41:08Z,1,100,31824,450.21,75,2587
2026-07-30T05:41:08Z,2,99,31954,385.77,66,2872
2026-07-30T05:41:08Z,3,100,32026,442.79,72,2602
2026-07-30T05:41:08Z,4,0,29902,17.16,29,210
2026-07-30T05:41:08Z,5,0,29900,14.26,31,210
2026-07-30T05:41:08Z,6,0,20260,159.11,45,2917
2026-07-30T05:41:08Z,7,0,17358,66.55,42,2430
2026-07-30T05:41:10Z,0,100,31956,449.93,76,2557
2026-07-30T05:41:10Z,1,99,31824,439.35,76,2842
2026-07-30T05:41:10Z,2,100,31954,467.32,71,2580
2026-07-30T05:41:10Z,3,100,32026,449.77,73,2610
2026-07-30T05:41:10Z,4,0,29902,14.70,29,210
2026-07-30T05:41:10Z,5,0,29900,14.45,31,210
2026-07-30T05:41:10Z,6,20,22566,419.52,46,2250
2026-07-30T05:41:10Z,7,0,17358,64.52,42,2430
2026-07-30T05:41:12Z,0,100,31956,449.84,77,2572
2026-07-30T05:41:12Z,1,100,31824,451.66,77,2580
2026-07-30T05:41:12Z,2,100,31954,449.53,72,2572
2026-07-30T05:41:12Z,3,99,32026,444.41,68,2550
2026-07-30T05:41:12Z,4,0,29902,17.29,29,210
2026-07-30T05:41:12Z,5,0,29900,14.15,31,210
2026-07-30T05:41:12Z,6,100,22566,405.79,54,2085
2026-07-30T05:41:12Z,7,0,17358,65.47,42,2430
2026-07-30T05:41:13Z,0,100,31956,449.93,76,2632
2026-07-30T05:41:13Z,1,100,31824,449.77,76,2565
2026-07-30T05:41:13Z,2,100,31954,449.83,72,2587
2026-07-30T05:41:13Z,3,79,32026,436.45,71,2820
2026-07-30T05:41:13Z,4,0,29902,17.14,29,210
2026-07-30T05:41:13Z,5,0,29900,14.14,31,210
2026-07-30T05:41:13Z,6,99,22566,409.07,51,1987
2026-07-30T05:41:13Z,7,0,17358,66.09,42,2430
2026-07-30T05:41:17Z,0,100,31956,405.93,78,2775
2026-07-30T05:41:17Z,1,79,31824,434.94,75,2880
2026-07-30T05:41:17Z,2,100,31954,449.59,72,2580
2026-07-30T05:41:17Z,3,100,32026,450.39,72,2287
2026-07-30T05:41:17Z,4,0,29902,16.56,29,202
2026-07-30T05:41:17Z,5,0,29900,13.91,31,210
2026-07-30T05:41:17Z,6,99,22566,404.25,54,1950
2026-07-30T05:41:17Z,7,0,17358,15.74,41,210
2026-07-30T05:41:18Z,0,99,31956,449.47,74,2257
2026-07-30T05:41:18Z,1,100,31824,458.72,77,2572
2026-07-30T05:41:18Z,2,100,31954,416.04,73,2842
2026-07-30T05:41:18Z,3,100,32026,439.52,73,2685
2026-07-30T05:41:18Z,4,0,29902,15.83,29,210
2026-07-30T05:41:18Z,5,0,29900,15.94,31,210
2026-07-30T05:41:18Z,6,100,22566,445.45,56,2535
2026-07-30T05:41:18Z,7,0,17358,12.58,40,210
2026-07-30T05:41:20Z,0,100,31956,450.22,74,2430
2026-07-30T05:41:20Z,1,77,31824,435.44,72,2842
2026-07-30T05:41:20Z,2,99,31954,449.93,71,2250
2026-07-30T05:41:20Z,3,96,32026,440.31,68,2520
2026-07-30T05:41:20Z,4,0,29902,16.89,29,210
2026-07-30T05:41:20Z,5,0,29900,14.07,31,210
2026-07-30T05:41:20Z,6,0,22566,105.62,46,2917
2026-07-30T05:41:20Z,7,0,17358,14.77,40,210
2026-07-30T05:41:22Z,0,100,31956,450.25,75,2572
2026-07-30T05:41:22Z,1,100,31824,455.47,76,2572
2026-07-30T05:41:22Z,2,100,31954,450.08,70,2490
2026-07-30T05:41:22Z,3,100,32026,458.60,73,2587
2026-07-30T05:41:22Z,4,0,29902,15.94,29,210
2026-07-30T05:41:22Z,5,0,29900,16.53,31,210
2026-07-30T05:41:22Z,6,99,22566,423.82,55,2010
2026-07-30T05:41:22Z,7,0,17358,13.45,40,210
2026-07-30T05:41:23Z,0,100,31956,450.25,77,2580
2026-07-30T05:41:23Z,1,100,31824,450.16,77,2572
2026-07-30T05:41:23Z,2,100,31954,450.09,72,2572
2026-07-30T05:41:23Z,3,99,32026,410.19,68,2835
2026-07-30T05:41:23Z,4,0,29902,17.03,29,210
2026-07-30T05:41:23Z,5,0,29900,15.19,31,210
2026-07-30T05:41:23Z,6,84,22566,383.24,51,2355
2026-07-30T05:41:23Z,7,11,17358,18.83,41,1230
2026-07-30T05:41:25Z,0,92,31956,403.55,77,2790
2026-07-30T05:41:25Z,1,100,31824,449.79,77,2572
2026-07-30T05:41:25Z,2,92,31954,402.10,67,2872
2026-07-30T05:41:25Z,3,100,32026,450.54,71,2370
2026-07-30T05:41:25Z,4,0,29902,16.01,29,210
2026-07-30T05:41:25Z,5,0,29900,16.46,31,210
2026-07-30T05:41:25Z,6,0,22566,166.38,48,2917
2026-07-30T05:41:25Z,7,0,17358,158.95,42,2917
2026-07-30T05:41:26Z,0,100,31956,450.47,74,2467
2026-07-30T05:41:26Z,1,100,31824,450.04,77,2580
2026-07-30T05:41:26Z,2,100,31954,442.09,72,2692
2026-07-30T05:41:26Z,3,100,32026,442.60,73,2662
2026-07-30T05:41:26Z,4,0,29902,16.30,29,210
2026-07-30T05:41:26Z,5,0,29900,16.28,31,210
2026-07-30T05:41:26Z,6,37,22566,375.32,49,2805
2026-07-30T05:41:26Z,7,0,17358,77.11,42,2430
2026-07-30T05:41:28Z,0,100,31956,451.48,75,2565
2026-07-30T05:41:28Z,1,99,31824,445.17,72,2872
2026-07-30T05:41:28Z,2,94,31954,448.95,69,2460
2026-07-30T05:41:28Z,3,63,32026,430.19,67,2797
2026-07-30T05:41:28Z,4,0,29902,15.15,29,210
2026-07-30T05:41:28Z,5,0,29900,13.95,31,210
2026-07-30T05:41:28Z,6,99,22566,377.31,55,1830
2026-07-30T05:41:28Z,7,0,17358,65.83,42,2430
2026-07-30T05:41:29Z,0,100,31956,449.76,76,2572
2026-07-30T05:41:29Z,1,100,31830,458.73,76,2587
2026-07-30T05:41:29Z,2,100,31954,450.31,70,2385
2026-07-30T05:41:29Z,3,100,32026,460.51,73,2587
2026-07-30T05:41:29Z,4,0,29902,17.74,29,210
2026-07-30T05:41:29Z,5,0,29900,16.02,31,210
2026-07-30T05:41:29Z,6,0,22566,208.17,48,2917
2026-07-30T05:41:29Z,7,0,17358,63.86,41,2430
2026-07-30T05:41:31Z,0,100,31956,449.73,77,2565
2026-07-30T05:41:31Z,1,99,31830,443.39,72,2872
2026-07-30T05:41:31Z,2,100,31954,450.16,70,2580
2026-07-30T05:41:31Z,3,100,32026,449.93,73,2587
2026-07-30T05:41:31Z,4,0,29902,17.43,29,210
2026-07-30T05:41:31Z,5,0,29900,14.05,31,210
2026-07-30T05:41:31Z,6,100,22566,407.70,57,2782
2026-07-30T05:41:31Z,7,0,17358,66.51,41,2430
2026-07-30T05:41:35Z,0,100,31956,452.47,77,2550
2026-07-30T05:41:35Z,1,100,32012,449.64,77,2572
2026-07-30T05:41:35Z,2,100,31954,450.37,70,2257
2026-07-30T05:41:35Z,3,100,32026,426.75,73,2752
2026-07-30T05:41:35Z,4,0,29902,16.70,29,210
2026-07-30T05:41:35Z,5,0,29900,14.14,31,210
2026-07-30T05:41:35Z,6,69,22566,158.29,55,2835
2026-07-30T05:41:35Z,7,0,17358,66.64,41,2430
2026-07-30T05:41:36Z,0,99,31956,366.79,71,2760
2026-07-30T05:41:36Z,1,99,32012,425.01,72,2887
2026-07-30T05:41:36Z,2,100,31954,450.24,72,2580
2026-07-30T05:41:36Z,3,99,32026,441.00,68,2287
2026-07-30T05:41:36Z,4,0,29902,14.99,29,210
2026-07-30T05:41:36Z,5,0,29900,16.37,31,210
2026-07-30T05:41:36Z,6,99,22566,452.30,57,2595
2026-07-30T05:41:36Z,7,0,17358,63.64,41,2430
2026-07-30T05:41:38Z,0,100,31956,457.85,76,2580
2026-07-30T05:41:38Z,1,99,32012,433.47,72,2880
2026-07-30T05:41:38Z,2,100,31954,462.86,71,2565
2026-07-30T05:41:38Z,3,100,32026,455.50,73,2595
2026-07-30T05:41:38Z,4,0,29902,17.98,29,210
2026-07-30T05:41:38Z,5,0,29900,14.54,31,210
2026-07-30T05:41:38Z,6,0,22566,350.96,50,2917
2026-07-30T05:41:38Z,7,0,17358,66.10,41,2430
2026-07-30T05:41:39Z,0,100,31956,402.05,70,2775
2026-07-30T05:41:39Z,1,100,32012,450.41,74,2557
2026-07-30T05:41:39Z,2,100,31954,449.77,71,2565
2026-07-30T05:41:39Z,3,100,32026,431.51,68,2835
2026-07-30T05:41:39Z,4,0,29902,16.82,29,210
2026-07-30T05:41:39Z,5,0,29900,14.61,31,210
2026-07-30T05:41:39Z,6,0,22566,95.49,48,2842
2026-07-30T05:41:39Z,7,0,17358,64.21,41,2430
2026-07-30T05:41:41Z,0,100,31956,456.27,76,2572
2026-07-30T05:41:41Z,1,100,32026,432.75,76,2580
2026-07-30T05:41:41Z,2,99,31954,435.99,67,2835
2026-07-30T05:41:41Z,3,100,32026,451.27,73,2610
2026-07-30T05:41:41Z,4,0,29902,17.59,29,210
2026-07-30T05:41:41Z,5,0,29900,15.62,31,210
2026-07-30T05:41:41Z,6,100,22566,413.50,57,1882
2026-07-30T05:41:41Z,7,0,17358,64.58,41,2430
2026-07-30T05:41:42Z,0,100,31956,435.82,76,2580
2026-07-30T05:41:42Z,1,100,32026,449.72,77,2617
2026-07-30T05:41:42Z,2,100,31954,455.10,71,2580
2026-07-30T05:41:42Z,3,100,32026,450.62,73,2587
2026-07-30T05:41:42Z,4,0,29902,14.92,29,210
2026-07-30T05:41:42Z,5,0,29900,15.57,31,210
2026-07-30T05:41:42Z,6,99,22566,419.41,60,2775
2026-07-30T05:41:42Z,7,0,17358,25.19,41,360
2026-07-30T05:41:44Z,0,100,31956,449.83,76,2685
2026-07-30T05:41:44Z,1,89,32026,448.46,77,2392
2026-07-30T05:41:44Z,2,100,31954,427.56,67,2872
2026-07-30T05:41:44Z,3,100,32026,430.52,72,2670
2026-07-30T05:41:44Z,4,0,29902,15.54,29,210
2026-07-30T05:41:44Z,5,0,29900,16.04,31,210
2026-07-30T05:41:44Z,6,0,22566,113.35,50,2917
2026-07-30T05:41:44Z,7,0,17358,13.41,40,210
2026-07-30T05:41:46Z,0,100,31956,450.02,76,2332
2026-07-30T05:41:46Z,1,100,32026,450.25,74,2430
2026-07-30T05:41:46Z,2,100,31954,461.15,72,2572
2026-07-30T05:41:46Z,3,100,32026,448.51,73,2707
2026-07-30T05:41:46Z,4,0,29902,16.64,29,210
2026-07-30T05:41:46Z,5,0,29900,13.64,31,210
2026-07-30T05:41:46Z,6,99,22566,360.72,57,1792
2026-07-30T05:41:46Z,7,0,17358,15.17,40,210
2026-07-30T05:41:47Z,0,99,31956,444.83,72,2392
2026-07-30T05:41:47Z,1,100,32026,440.52,77,2872
2026-07-30T05:41:47Z,2,100,31954,449.68,72,2580
2026-07-30T05:41:47Z,3,99,32026,446.79,68,2257
2026-07-30T05:41:47Z,4,0,29902,14.78,29,210
2026-07-30T05:41:47Z,5,0,29900,14.91,31,210
2026-07-30T05:41:47Z,6,99,22566,437.89,59,2310
2026-07-30T05:41:47Z,7,0,17358,14.31,40,210
2026-07-30T05:41:49Z,0,100,31956,431.16,75,2677
2026-07-30T05:41:49Z,1,100,32026,450.40,74,2400
2026-07-30T05:41:49Z,2,100,31954,450.06,72,2677
2026-07-30T05:41:49Z,3,100,32026,450.23,72,2595
2026-07-30T05:41:49Z,4,0,29902,17.86,29,210
2026-07-30T05:41:49Z,5,0,29900,14.60,31,210
2026-07-30T05:41:49Z,6,0,22566,376.58,52,2197
2026-07-30T05:41:49Z,7,0,17358,13.52,40,210
2026-07-30T05:41:52Z,0,90,31956,393.80,70,2760
2026-07-30T05:41:52Z,1,100,32026,454.95,76,2602
2026-07-30T05:41:52Z,2,97,31954,437.35,68,2857
2026-07-30T05:41:52Z,3,100,32026,458.58,74,2595
2026-07-30T05:41:52Z,4,0,29902,17.52,29,210
2026-07-30T05:41:52Z,5,0,29900,15.44,31,210
2026-07-30T05:41:52Z,6,100,22566,406.19,60,2617
2026-07-30T05:41:52Z,7,0,17358,69.36,41,2430
2026-07-30T05:41:54Z,0,93,31956,373.85,75,2707
2026-07-30T05:41:54Z,1,100,32026,449.83,76,2617
2026-07-30T05:41:54Z,2,100,31954,461.06,72,2580
2026-07-30T05:41:54Z,3,100,32026,449.78,72,2587
2026-07-30T05:41:54Z,4,0,29902,14.92,29,210
2026-07-30T05:41:54Z,5,0,29900,14.85,31,210
2026-07-30T05:41:54Z,6,0,22566,372.31,52,2565
2026-07-30T05:41:54Z,7,0,17358,64.41,41,2430
2026-07-30T05:41:56Z,0,100,31956,421.89,76,2565
2026-07-30T05:41:56Z,1,100,32026,449.61,76,2257
2026-07-30T05:41:56Z,2,99,31954,413.47,66,2872
2026-07-30T05:41:56Z,3,100,32026,430.83,68,2805
2026-07-30T05:41:56Z,4,0,29902,17.54,29,210
2026-07-30T05:41:56Z,5,0,29900,15.19,31,202
2026-07-30T05:41:56Z,6,0,22566,101.07,51,2917
2026-07-30T05:41:56Z,7,0,17358,64.80,41,2430
2026-07-30T05:41:57Z,0,85,31956,400.23,74,2790
2026-07-30T05:41:57Z,1,100,32026,450.28,74,2212
2026-07-30T05:41:57Z,2,100,31954,463.98,72,2565
2026-07-30T05:41:57Z,3,58,32026,374.95,69,2835
2026-07-30T05:41:57Z,4,0,29902,16.74,29,210
2026-07-30T05:41:57Z,5,0,29900,13.55,31,210
2026-07-30T05:41:57Z,6,0,22566,396.82,52,2857
2026-07-30T05:41:57Z,7,0,17358,65.60,41,2430
2026-07-30T05:41:59Z,0,100,31956,450.27,74,2580
2026-07-30T05:41:59Z,1,100,32026,450.30,75,2550
2026-07-30T05:41:59Z,2,100,31954,449.69,72,2565
2026-07-30T05:41:59Z,3,100,32026,466.84,73,2595
2026-07-30T05:41:59Z,4,0,29902,16.76,29,210
2026-07-30T05:41:59Z,5,0,29900,15.99,31,210
2026-07-30T05:41:59Z,6,99,22566,289.38,59,1905
2026-07-30T05:41:59Z,7,0,17358,63.56,41,2430
2026-07-30T05:42:00Z,0,100,31956,413.79,77,2782
2026-07-30T05:42:00Z,1,100,32026,449.95,77,2572
2026-07-30T05:42:00Z,2,100,31954,447.72,73,2752
2026-07-30T05:42:00Z,3,100,32026,449.81,73,2595
2026-07-30T05:42:00Z,4,0,29902,17.92,29,210
2026-07-30T05:42:00Z,5,0,29900,14.51,31,210
2026-07-30T05:42:00Z,6,99,22566,287.21,58,1935
2026-07-30T05:42:00Z,7,0,17358,66.26,41,2430
2026-07-30T05:42:02Z,0,97,31956,448.43,71,2490
2026-07-30T05:42:02Z,1,100,32026,433.73,77,2730
2026-07-30T05:42:02Z,2,36,31954,428.77,66,2347
2026-07-30T05:42:02Z,3,100,32026,449.84,72,2745
2026-07-30T05:42:02Z,4,0,29902,15.39,29,210
2026-07-30T05:42:02Z,5,0,29900,15.51,31,202
2026-07-30T05:42:02Z,6,6,22566,425.07,54,2475
2026-07-30T05:42:02Z,7,0,17358,63.44,41,2430
2026-07-30T05:42:03Z,0,100,31956,464.16,75,2565
2026-07-30T05:42:03Z,1,99,32026,447.60,72,2272
2026-07-30T05:42:03Z,2,99,31954,404.98,67,2835
2026-07-30T05:42:03Z,3,99,32026,444.18,68,2400
2026-07-30T05:42:03Z,4,0,29902,16.78,29,210
2026-07-30T05:42:03Z,5,0,29900,15.02,31,210
2026-07-30T05:42:03Z,6,0,22566,354.13,52,2872
2026-07-30T05:42:03Z,7,0,17358,66.20,41,2430
2026-07-30T05:42:05Z,0,97,31956,398.98,70,2797
2026-07-30T05:42:05Z,1,100,32026,451.18,76,2565
2026-07-30T05:42:05Z,2,100,31954,455.86,71,2580
2026-07-30T05:42:05Z,3,100,32026,451.96,73,2595
2026-07-30T05:42:05Z,4,0,29902,16.38,29,210
2026-07-30T05:42:05Z,5,0,29900,14.26,31,210
2026-07-30T05:42:05Z,6,99,22566,368.99,59,1807
2026-07-30T05:42:05Z,7,0,17358,65.41,41,2430
2026-07-30T05:42:06Z,0,100,31956,451.15,75,2580
2026-07-30T05:42:06Z,1,100,32026,405.44,77,2880
2026-07-30T05:42:06Z,2,100,31954,427.29,71,2820
2026-07-30T05:42:06Z,3,99,32026,417.50,68,2842
2026-07-30T05:42:06Z,4,0,29902,16.71,29,210
2026-07-30T05:42:06Z,5,0,29900,17.09,31,210
2026-07-30T05:42:06Z,6,19,22566,405.70,55,2775
2026-07-30T05:42:06Z,7,0,17358,64.90,41,2430
2026-07-30T05:42:10Z,0,91,31956,410.71,70,2790
2026-07-30T05:42:10Z,1,100,32026,450.23,75,2460
2026-07-30T05:42:10Z,2,89,31954,447.16,72,2437
2026-07-30T05:42:10Z,3,100,32026,450.73,73,2580
2026-07-30T05:42:10Z,4,0,29902,16.38,29,210
2026-07-30T05:42:10Z,5,0,29900,15.89,31,210
2026-07-30T05:42:10Z,6,99,22566,338.85,60,1755
2026-07-30T05:42:10Z,7,0,17358,13.09,40,210
2026-07-30T05:42:12Z,0,100,31956,450.58,75,2550
2026-07-30T05:42:12Z,1,100,32026,450.50,75,2550
2026-07-30T05:42:12Z,2,100,31954,450.41,70,2415
2026-07-30T05:42:12Z,3,100,32026,449.52,73,2587
2026-07-30T05:42:12Z,4,0,29902,16.75,29,210
2026-07-30T05:42:12Z,5,0,29900,14.77,31,210
2026-07-30T05:42:12Z,6,72,22566,428.80,58,2542
2026-07-30T05:42:12Z,7,0,17358,14.49,40,210
2026-07-30T05:42:13Z,0,100,31956,424.02,76,2587
2026-07-30T05:42:13Z,1,100,32026,449.83,76,2565
2026-07-30T05:42:13Z,2,100,31954,450.02,72,2527
2026-07-30T05:42:13Z,3,100,32026,416.76,74,2812
2026-07-30T05:42:13Z,4,0,29902,15.27,29,210
2026-07-30T05:42:13Z,5,0,29900,15.95,31,210
2026-07-30T05:42:13Z,6,100,22566,390.75,60,1732
2026-07-30T05:42:13Z,7,0,17358,12.62,40,210
2026-07-30T05:42:15Z,0,99,31956,411.09,70,2797
2026-07-30T05:42:15Z,1,69,32026,436.69,75,2842
2026-07-30T05:42:15Z,2,81,31954,405.84,67,2842
2026-07-30T05:42:15Z,3,100,32026,443.09,67,2272
2026-07-30T05:42:15Z,4,0,29902,17.71,29,210
2026-07-30T05:42:15Z,5,0,29900,13.51,31,210
2026-07-30T05:42:15Z,6,100,22566,290.14,61,2017
2026-07-30T05:42:15Z,7,0,17358,296.65,42,2917
2026-07-30T05:42:16Z,0,100,31956,450.90,73,2475
2026-07-30T05:42:16Z,1,100,32026,460.03,76,2580
2026-07-30T05:42:16Z,2,100,31954,457.88,72,2580
2026-07-30T05:42:16Z,3,100,32026,450.37,71,2595
2026-07-30T05:42:16Z,4,0,29902,14.95,29,210
2026-07-30T05:42:16Z,5,0,29900,14.65,31,210
2026-07-30T05:42:16Z,6,57,22566,365.55,55,2115
2026-07-30T05:42:16Z,7,0,17358,89.36,41,2647
2026-07-30T05:42:18Z,0,100,31956,449.61,76,2580
2026-07-30T05:42:18Z,1,69,32026,435.47,73,2880
2026-07-30T05:42:18Z,2,100,31954,449.08,72,2827
2026-07-30T05:42:18Z,3,100,32026,458.58,73,2595
2026-07-30T05:42:18Z,4,0,29902,17.77,29,210
2026-07-30T05:42:18Z,5,0,29900,14.10,31,210
2026-07-30T05:42:18Z,6,92,22566,378.98,61,2077
2026-07-30T05:42:18Z,7,0,17358,66.14,41,2430
2026-07-30T05:42:19Z,0,57,31956,387.27,68,2790
2026-07-30T05:42:19Z,1,100,32026,461.14,76,2572
2026-07-30T05:42:19Z,2,100,31954,446.35,73,2730
2026-07-30T05:42:19Z,3,100,32026,449.58,72,2610
2026-07-30T05:42:19Z,4,0,29902,17.24,29,210
2026-07-30T05:42:19Z,5,0,29900,13.79,31,210
2026-07-30T05:42:19Z,6,99,22566,311.40,59,2182
2026-07-30T05:42:19Z,7,0,17358,65.81,41,2430
2026-07-30T05:42:21Z,0,100,31956,425.33,76,2767
2026-07-30T05:42:21Z,1,100,32026,450.03,76,2565
2026-07-30T05:42:21Z,2,100,31954,450.20,70,2257
2026-07-30T05:42:21Z,3,99,32026,439.47,68,2865
2026-07-30T05:42:21Z,4,0,29902,15.91,29,210
2026-07-30T05:42:21Z,5,0,29900,16.63,31,210
2026-07-30T05:42:21Z,6,100,22566,427.51,62,2145
2026-07-30T05:42:21Z,7,0,17358,64.60,41,2430
2026-07-30T05:42:22Z,0,85,31956,449.41,77,2632
2026-07-30T05:42:22Z,1,100,32026,450.07,76,2572
2026-07-30T05:42:22Z,2,100,31954,450.18,72,2595
2026-07-30T05:42:22Z,3,100,32026,412.45,73,2790
2026-07-30T05:42:22Z,4,0,29902,17.57,29,210
2026-07-30T05:42:22Z,5,0,29900,13.90,31,210
2026-07-30T05:42:22Z,6,0,22566,306.08,54,2902
2026-07-30T05:42:22Z,7,0,17358,66.65,41,2430
2026-07-30T05:42:24Z,0,100,31956,450.08,74,2272
2026-07-30T05:42:24Z,1,100,32026,445.82,78,2707
2026-07-30T05:42:24Z,2,100,31954,450.30,72,2565
2026-07-30T05:42:24Z,3,89,32026,447.08,68,2340
2026-07-30T05:42:24Z,4,0,29902,15.23,29,210
2026-07-30T05:42:24Z,5,0,29900,16.58,31,210
2026-07-30T05:42:24Z,6,46,22566,328.50,55,2460
2026-07-30T05:42:24Z,7,0,17358,64.05,41,2430
2026-07-30T05:42:28Z,0,100,31956,448.40,74,2220
2026-07-30T05:42:28Z,1,99,31904,445.73,72,2872
2026-07-30T05:42:28Z,2,100,31954,450.78,72,2580
2026-07-30T05:42:28Z,3,100,32026,373.83,67,2865
2026-07-30T05:42:28Z,4,0,29902,16.16,29,210
2026-07-30T05:42:28Z,5,0,29900,16.37,31,210
2026-07-30T05:42:28Z,6,0,22566,183.76,54,2902
2026-07-30T05:42:28Z,7,0,17358,64.08,41,2430
2026-07-30T05:42:29Z,0,100,31956,454.98,76,2565
2026-07-30T05:42:29Z,1,100,31904,465.27,76,2565
2026-07-30T05:42:29Z,2,100,31954,449.68,72,2572
2026-07-30T05:42:29Z,3,100,32026,455.07,73,2602
2026-07-30T05:42:29Z,4,0,29902,17.21,29,210
2026-07-30T05:42:29Z,5,0,29900,14.56,31,210
2026-07-30T05:42:29Z,6,0,22566,354.77,54,2902
2026-07-30T05:42:29Z,7,0,17358,66.23,41,2430
2026-07-30T05:42:31Z,0,100,31956,391.64,75,2775
2026-07-30T05:42:31Z,1,99,31912,423.84,72,2865
2026-07-30T05:42:31Z,2,100,31954,407.63,67,2872
2026-07-30T05:42:31Z,3,100,32026,452.53,72,2595
2026-07-30T05:42:31Z,4,0,29902,15.19,29,210
2026-07-30T05:42:31Z,5,0,29900,16.69,31,210
2026-07-30T05:42:31Z,6,100,22566,418.22,61,2175
2026-07-30T05:42:31Z,7,0,17358,64.85,41,2430
2026-07-30T05:42:32Z,0,90,31956,446.42,74,2235
2026-07-30T05:42:32Z,1,100,31912,457.25,76,2685
2026-07-30T05:42:32Z,2,99,31954,403.67,67,2872
2026-07-30T05:42:32Z,3,100,32026,450.01,73,2595
2026-07-30T05:42:32Z,4,0,29902,16.17,29,210
2026-07-30T05:42:32Z,5,0,29900,16.69,31,210
2026-07-30T05:42:32Z,6,44,22566,390.16,59,2227
2026-07-30T05:42:32Z,7,0,17358,30.29,40,360
2026-07-30T05:42:34Z,0,100,31956,450.57,74,2490
2026-07-30T05:42:34Z,1,100,31926,449.12,77,2685
2026-07-30T05:42:34Z,2,100,31954,451.00,72,2572
2026-07-30T05:42:34Z,3,100,32026,443.94,74,2835
2026-07-30T05:42:34Z,4,0,29902,15.44,29,210
2026-07-30T05:42:34Z,5,0,29900,14.49,31,210
2026-07-30T05:42:34Z,6,98,22566,277.19,60,1867
2026-07-30T05:42:34Z,7,0,17358,15.81,40,210
2026-07-30T05:42:35Z,0,100,31956,465.52,76,2557
2026-07-30T05:42:35Z,1,100,31986,450.22,74,2287
2026-07-30T05:42:35Z,2,100,31954,449.94,71,2715
2026-07-30T05:42:35Z,3,100,32026,450.14,72,2272
2026-07-30T05:42:35Z,4,0,29902,15.31,29,210
2026-07-30T05:42:35Z,5,0,29900,15.86,31,210
2026-07-30T05:42:35Z,6,99,22566,280.36,62,1830
2026-07-30T05:42:35Z,7,0,17358,12.73,40,210
2026-07-30T05:42:37Z,0,100,31956,383.98,70,2790
2026-07-30T05:42:37Z,1,100,31986,450.23,77,2580
2026-07-30T05:42:37Z,2,100,31954,449.92,72,2595
2026-07-30T05:42:37Z,3,100,32026,452.59,73,2587
2026-07-30T05:42:37Z,4,0,29902,17.84,29,210
2026-07-30T05:42:37Z,5,0,29900,12.96,31,210
2026-07-30T05:42:37Z,6,41,22566,370.28,55,2782
2026-07-30T05:42:37Z,7,0,17358,14.31,40,210
2026-07-30T05:42:39Z,0,100,31956,452.85,75,2565
2026-07-30T05:42:39Z,1,100,31986,439.36,76,2647
2026-07-30T05:42:39Z,2,99,31954,443.31,67,2542
2026-07-30T05:42:39Z,3,100,32026,449.81,72,2587
2026-07-30T05:42:39Z,4,0,29902,16.06,29,210
2026-07-30T05:42:39Z,5,0,29900,16.60,31,210
2026-07-30T05:42:39Z,6,0,22566,192.27,54,2902
2026-07-30T05:42:39Z,7,0,17358,162.90,42,2917
2026-07-30T05:42:40Z,0,100,31956,449.68,76,2572
2026-07-30T05:42:40Z,1,99,31986,442.61,72,2880
2026-07-30T05:42:40Z,2,99,31954,424.86,70,2872
2026-07-30T05:42:40Z,3,95,32026,432.33,69,2842
2026-07-30T05:42:40Z,4,0,29902,17.18,29,210
2026-07-30T05:42:40Z,5,0,29900,14.26,31,210
2026-07-30T05:42:40Z,6,51,22566,271.71,54,2857
2026-07-30T05:42:40Z,7,0,17358,80.25,41,2430
2026-07-30T05:42:42Z,0,92,31956,425.15,77,2797
2026-07-30T05:42:42Z,1,100,31986,450.11,74,2452
2026-07-30T05:42:42Z,2,100,31954,463.38,72,2580
2026-07-30T05:42:42Z,3,100,32026,459.30,73,2595
2026-07-30T05:42:42Z,4,0,29902,15.80,29,210
2026-07-30T05:42:42Z,5,0,29900,16.37,31,210
2026-07-30T05:42:42Z,6,79,22566,397.77,60,2467
2026-07-30T05:42:42Z,7,0,17358,64.90,41,2430
2026-07-30T05:42:45Z,0,100,31956,451.14,74,2385
2026-07-30T05:42:45Z,1,100,31986,446.34,78,2827
2026-07-30T05:42:45Z,2,100,31954,440.60,72,2677
2026-07-30T05:42:45Z,3,100,32026,457.77,73,2587
2026-07-30T05:42:45Z,4,0,29902,15.39,29,210
2026-07-30T05:42:45Z,5,0,29900,13.68,31,210
2026-07-30T05:42:45Z,6,99,22566,162.26,62,2505
2026-07-30T05:42:45Z,7,0,17358,65.33,41,2430
2026-07-30T05:42:47Z,0,100,31956,449.77,76,2580
2026-07-30T05:42:47Z,1,100,31986,450.17,75,2377
2026-07-30T05:42:47Z,2,99,31954,426.67,67,2640
2026-07-30T05:42:47Z,3,99,32026,407.39,68,2827
2026-07-30T05:42:47Z,4,0,29902,17.54,29,210
2026-07-30T05:42:47Z,5,0,29900,16.43,31,210
2026-07-30T05:42:47Z,6,0,22566,185.16,54,2902
2026-07-30T05:42:47Z,7,0,17358,64.76,41,2430
2026-07-30T05:42:48Z,0,96,31956,372.59,70,2797
2026-07-30T05:42:48Z,1,100,31986,449.82,77,2580
2026-07-30T05:42:48Z,2,99,31954,421.62,67,2872
2026-07-30T05:42:48Z,3,100,32026,453.05,73,2595
2026-07-30T05:42:48Z,4,0,29902,17.82,29,210
2026-07-30T05:42:48Z,5,0,29900,13.80,31,210
2026-07-30T05:42:48Z,6,0,22566,332.30,55,2880
2026-07-30T05:42:48Z,7,0,17358,66.67,41,2430
2026-07-30T05:42:50Z,0,100,31956,428.98,75,2565
2026-07-30T05:42:50Z,1,100,31986,450.17,77,2580
2026-07-30T05:42:50Z,2,100,31954,429.30,72,2587
2026-07-30T05:42:50Z,3,100,32026,434.90,73,2595
2026-07-30T05:42:50Z,4,0,29902,15.85,29,210
2026-07-30T05:42:50Z,5,0,29900,16.56,31,210
2026-07-30T05:42:50Z,6,100,22566,429.42,63,1920
2026-07-30T05:42:50Z,7,0,17358,63.70,41,2430
2026-07-30T05:42:51Z,0,100,31956,449.89,75,2580
2026-07-30T05:42:51Z,1,100,31986,449.77,75,2565
2026-07-30T05:42:51Z,2,100,31954,449.49,72,2610
2026-07-30T05:42:51Z,3,100,32026,447.04,73,2797
2026-07-30T05:42:51Z,4,0,29902,17.22,29,210
2026-07-30T05:42:51Z,5,0,29900,15.04,31,210
2026-07-30T05:42:51Z,6,99,22566,375.14,63,1717
2026-07-30T05:42:51Z,7,0,17358,66.82,41,2430
2026-07-30T05:42:53Z,0,100,31956,439.31,75,2662
2026-07-30T05:42:53Z,1,99,31986,427.80,75,2865
2026-07-30T05:42:53Z,2,43,31954,404.35,65,2707
2026-07-30T05:42:53Z,3,88,32026,448.26,72,2257
2026-07-30T05:42:53Z,4,0,29902,15.67,29,210
2026-07-30T05:42:53Z,5,0,29900,15.11,31,210
2026-07-30T05:42:53Z,6,85,22566,130.95,63,2805
2026-07-30T05:42:53Z,7,0,17358,64.18,41,2430
2026-07-30T05:42:55Z,0,100,31956,433.48,70,2655
2026-07-30T05:42:55Z,1,100,31986,461.69,76,2572
2026-07-30T05:42:55Z,2,100,31954,455.17,72,2580
2026-07-30T05:42:55Z,3,100,32026,450.46,71,2512
2026-07-30T05:42:55Z,4,0,29902,17.58,29,210
2026-07-30T05:42:55Z,5,0,29900,15.28,31,210
2026-07-30T05:42:55Z,6,100,22566,289.06,63,2737
2026-07-30T05:42:55Z,7,0,17358,66.00,41,2430
2026-07-30T05:42:56Z,0,100,31956,462.11,76,2565
2026-07-30T05:42:56Z,1,100,31986,442.46,78,2872
2026-07-30T05:42:56Z,2,99,31954,420.44,67,2872
2026-07-30T05:42:56Z,3,100,32026,457.28,72,2587
2026-07-30T05:42:56Z,4,0,29902,16.06,29,210
2026-07-30T05:42:56Z,5,0,29900,14.21,31,210
2026-07-30T05:42:56Z,6,85,22566,414.00,59,1732
2026-07-30T05:42:56Z,7,0,17358,38.89,40,405
2026-07-30T05:42:58Z,0,100,31956,436.28,75,2640
2026-07-30T05:42:58Z,1,100,31986,450.45,74,2265
2026-07-30T05:42:58Z,2,35,31954,389.30,65,2872
2026-07-30T05:42:58Z,3,99,32026,435.62,66,2865
2026-07-30T05:42:58Z,4,0,29902,17.93,29,210
2026-07-30T05:42:58Z,5,0,29900,15.41,31,210
2026-07-30T05:42:58Z,6,0,22566,301.58,55,2902
2026-07-30T05:42:58Z,7,0,17358,13.11,40,210
2026-07-30T05:42:59Z,0,100,31956,449.98,76,2587
2026-07-30T05:42:59Z,1,99,31986,410.34,72,2827
2026-07-30T05:42:59Z,2,100,31954,450.11,70,2377
2026-07-30T05:42:59Z,3,100,32026,450.39,70,2475
2026-07-30T05:42:59Z,4,0,29902,17.92,29,210
2026-07-30T05:42:59Z,5,0,29900,14.41,31,210
2026-07-30T05:42:59Z,6,0,22566,362.99,56,2880
2026-07-30T05:42:59Z,7,0,17358,14.96,40,210
2026-07-30T05:43:03Z,0,99,31956,436.58,71,2370
2026-07-30T05:43:03Z,1,100,31986,449.39,78,2790
2026-07-30T05:43:03Z,2,100,31954,450.35,69,2587
2026-07-30T05:43:03Z,3,63,32026,385.43,66,2835
2026-07-30T05:43:03Z,4,0,29902,16.88,29,210
2026-07-30T05:43:03Z,5,0,29900,13.27,31,210
2026-07-30T05:43:03Z,6,0,22566,239.62,56,2902
2026-07-30T05:43:03Z,7,0,17358,96.68,42,2917
2026-07-30T05:43:04Z,0,91,31956,365.56,73,2730
2026-07-30T05:43:04Z,1,100,31986,450.44,75,2257
2026-07-30T05:43:04Z,2,100,31954,467.22,71,2572
2026-07-30T05:43:04Z,3,100,32026,450.31,71,2385
2026-07-30T05:43:04Z,4,0,29902,16.07,29,210
2026-07-30T05:43:04Z,5,0,29900,14.94,31,210
2026-07-30T05:43:04Z,6,0,22566,355.12,56,2902
2026-07-30T05:43:04Z,7,0,17358,63.69,41,2430
2026-07-30T05:43:06Z,0,100,31956,450.25,74,2520
2026-07-30T05:43:06Z,1,100,31986,400.45,78,2790
2026-07-30T05:43:06Z,2,99,31954,408.70,67,2872
2026-07-30T05:43:06Z,3,100,32026,450.06,73,2602
2026-07-30T05:43:06Z,4,0,29902,18.25,29,210
2026-07-30T05:43:06Z,5,0,29900,14.91,31,210
2026-07-30T05:43:06Z,6,92,22566,416.09,63,2002
2026-07-30T05:43:06Z,7,0,17358,66.04,41,2430
2026-07-30T05:43:07Z,0,100,31956,397.36,77,2745
2026-07-30T05:43:07Z,1,99,31986,447.90,72,2302
2026-07-30T05:43:07Z,2,100,31954,452.49,72,2587
2026-07-30T05:43:07Z,3,99,32026,392.97,67,2805
2026-07-30T05:43:07Z,4,0,29902,15.75,29,210
2026-07-30T05:43:07Z,5,0,29900,16.55,31,210
2026-07-30T05:43:07Z,6,0,22566,262.36,56,2902
2026-07-30T05:43:07Z,7,0,17358,64.18,41,2430
2026-07-30T05:43:09Z,0,100,31956,442.54,76,2347
2026-07-30T05:43:09Z,1,100,31986,454.79,75,2730
2026-07-30T05:43:09Z,2,99,31954,424.16,67,2872
2026-07-30T05:43:09Z,3,100,32026,450.70,73,2610
2026-07-30T05:43:09Z,4,0,29902,17.75,29,210
2026-07-30T05:43:09Z,5,0,29900,15.74,31,210
2026-07-30T05:43:09Z,6,99,22566,355.05,64,2662
2026-07-30T05:43:09Z,7,0,17358,65.06,41,2430
2026-07-30T05:43:11Z,0,100,31956,450.17,74,2430
2026-07-30T05:43:11Z,1,99,31986,445.17,72,2872
2026-07-30T05:43:11Z,2,100,31954,452.80,72,2587
2026-07-30T05:43:11Z,3,100,32026,458.10,72,2595
2026-07-30T05:43:11Z,4,0,29902,16.50,29,210
2026-07-30T05:43:11Z,5,0,29900,14.07,31,210
2026-07-30T05:43:11Z,6,99,22566,376.63,64,2077
2026-07-30T05:43:11Z,7,0,17358,65.42,41,2430
2026-07-30T05:43:12Z,0,100,31956,425.02,76,2737
2026-07-30T05:43:12Z,1,100,31986,438.84,76,2685
2026-07-30T05:43:12Z,2,100,31954,449.78,71,2572
2026-07-30T05:43:12Z,3,100,32026,450.00,71,2595
2026-07-30T05:43:12Z,4,0,29902,16.01,29,210
2026-07-30T05:43:12Z,5,0,29900,15.67,31,210
2026-07-30T05:43:12Z,6,99,22566,162.16,63,2677
2026-07-30T05:43:12Z,7,0,17358,63.83,41,2430
2026-07-30T05:43:14Z,0,100,31956,430.49,70,2775
2026-07-30T05:43:14Z,1,100,31986,449.07,76,2542
2026-07-30T05:43:14Z,2,100,31954,449.98,72,2587
2026-07-30T05:43:14Z,3,69,32026,423.08,68,2850
2026-07-30T05:43:14Z,4,0,29902,17.35,29,210
2026-07-30T05:43:14Z,5,0,29900,13.51,31,210
2026-07-30T05:43:14Z,6,69,22566,330.11,60,2137
2026-07-30T05:43:14Z,7,0,17358,66.31,41,2430
2026-07-30T05:43:15Z,0,100,31956,463.05,76,2557
2026-07-30T05:43:15Z,1,91,31986,449.11,74,2400
2026-07-30T05:43:15Z,2,100,31954,449.98,71,2610
2026-07-30T05:43:15Z,3,100,32026,450.36,71,2347
2026-07-30T05:43:15Z,4,0,29902,14.88,29,210
2026-07-30T05:43:15Z,5,0,29900,14.81,31,210
2026-07-30T05:43:15Z,6,98,22566,366.46,64,1815
2026-07-30T05:43:15Z,7,0,17358,63.23,41,2430
2026-07-30T05:43:17Z,0,100,31956,431.29,77,2775
2026-07-30T05:43:17Z,1,100,31986,450.27,74,2467
2026-07-30T05:43:17Z,2,99,31954,438.44,67,2775
2026-07-30T05:43:17Z,3,100,32026,464.12,73,2595
2026-07-30T05:43:17Z,4,0,29902,17.85,29,210
2026-07-30T05:43:17Z,5,0,29900,13.48,31,210
2026-07-30T05:43:17Z,6,99,22566,149.51,62,2835
2026-07-30T05:43:17Z,7,0,17358,66.08,41,2430
2026-07-30T05:43:21Z,0,100,31956,450.49,74,2235
2026-07-30T05:43:21Z,1,100,31986,457.93,76,2565
2026-07-30T05:43:21Z,2,100,31954,468.51,70,2572
2026-07-30T05:43:21Z,3,100,32026,450.48,71,2580
2026-07-30T05:43:21Z,4,0,29902,17.72,29,210
2026-07-30T05:43:21Z,5,0,29900,15.26,31,210
2026-07-30T05:43:21Z,6,99,22566,356.87,65,2760
2026-07-30T05:43:21Z,7,0,17358,15.02,40,210
2026-07-30T05:43:22Z,0,100,31956,450.76,74,2572
2026-07-30T05:43:22Z,1,100,31986,449.52,76,2775
2026-07-30T05:43:22Z,2,99,31954,432.03,67,2835
2026-07-30T05:43:22Z,3,100,32026,449.49,73,2745
2026-07-30T05:43:22Z,4,0,29902,14.88,29,210
2026-07-30T05:43:22Z,5,0,29900,14.92,31,210
2026-07-30T05:43:22Z,6,0,22566,116.48,56,2902
2026-07-30T05:43:22Z,7,0,17358,14.10,40,210
2026-07-30T05:43:24Z,0,100,31956,450.09,76,2565
2026-07-30T05:43:24Z,1,79,31986,428.86,71,2775
2026-07-30T05:43:24Z,2,100,31954,463.40,72,2580
2026-07-30T05:43:24Z,3,99,32026,428.01,71,2865
2026-07-30T05:43:24Z,4,0,29902,18.05,29,210
2026-07-30T05:43:24Z,5,0,29900,15.47,31,210
2026-07-30T05:43:24Z,6,0,22566,307.67,56,2902
2026-07-30T05:43:24Z,7,0,17358,12.47,40,210
2026-07-30T05:43:25Z,0,64,31956,364.02,68,2790
2026-07-30T05:43:25Z,1,100,31986,462.94,76,2565
2026-07-30T05:43:25Z,2,97,31954,416.99,67,2797
2026-07-30T05:43:25Z,3,100,32026,462.67,73,2587
2026-07-30T05:43:25Z,4,0,29902,17.20,29,210
2026-07-30T05:43:25Z,5,0,29900,13.45,31,210
2026-07-30T05:43:25Z,6,100,22566,400.15,63,2115
2026-07-30T05:43:25Z,7,0,17358,14.73,40,210
2026-07-30T05:43:27Z,0,100,31956,467.45,75,2557
2026-07-30T05:43:27Z,1,82,31986,442.84,75,2827
2026-07-30T05:43:27Z,2,100,31954,465.03,72,2580
2026-07-30T05:43:27Z,3,99,32026,407.83,67,2850
2026-07-30T05:43:27Z,4,0,29902,16.12,29,210
2026-07-30T05:43:27Z,5,0,29900,15.97,31,210
2026-07-30T05:43:27Z,6,69,22566,367.25,58,2107
2026-07-30T05:43:27Z,7,0,17358,12.74,40,210
2026-07-30T05:43:28Z,0,100,31956,449.77,76,2565
2026-07-30T05:43:28Z,1,100,31986,450.34,74,2257
2026-07-30T05:43:28Z,2,99,31954,401.86,67,2872
2026-07-30T05:43:28Z,3,100,32026,450.50,71,2445
2026-07-30T05:43:28Z,4,0,29902,17.66,29,210
2026-07-30T05:43:28Z,5,0,29900,13.40,31,210
2026-07-30T05:43:28Z,6,99,22566,253.53,64,1830
2026-07-30T05:43:28Z,7,0,17358,14.19,40,210
2026-07-30T05:43:30Z,0,100,31956,449.76,76,2557
2026-07-30T05:43:30Z,1,100,31986,450.39,75,2557
2026-07-30T05:43:30Z,2,43,31954,391.86,68,2850
2026-07-30T05:43:30Z,3,100,32026,459.15,73,2587
2026-07-30T05:43:30Z,4,0,29902,15.76,29,210
2026-07-30T05:43:30Z,5,0,29900,15.32,31,210
2026-07-30T05:43:30Z,6,9,22566,362.79,59,2662
2026-07-30T05:43:30Z,7,0,17358,13.78,40,210
2026-07-30T05:43:32Z,0,60,31956,408.19,72,2782
2026-07-30T05:43:32Z,1,100,31986,450.00,76,2580
2026-07-30T05:43:32Z,2,100,31954,450.36,69,2595
2026-07-30T05:43:32Z,3,100,32026,449.65,73,2602
2026-07-30T05:43:32Z,4,0,29902,18.16,29,210
2026-07-30T05:43:32Z,5,0,29900,14.34,31,210
2026-07-30T05:43:32Z,6,59,22566,366.69,62,2055
2026-07-30T05:43:32Z,7,0,17358,13.38,40,210
2026-07-30T05:43:33Z,0,100,31956,440.42,76,2572
2026-07-30T05:43:33Z,1,100,31986,449.77,76,2580
2026-07-30T05:43:33Z,2,100,31954,458.83,72,2580
2026-07-30T05:43:33Z,3,100,32026,450.17,73,2587
2026-07-30T05:43:33Z,4,0,29902,15.37,29,210
2026-07-30T05:43:33Z,5,0,29900,14.98,31,210
2026-07-30T05:43:33Z,6,1,22566,104.14,56,2895
2026-07-30T05:43:33Z,7,0,17358,14.08,40,210
2026-07-30T05:43:35Z,0,99,31956,395.98,70,2797
2026-07-30T05:43:35Z,1,100,31986,449.91,76,2700
2026-07-30T05:43:35Z,2,100,31954,446.44,71,2775
2026-07-30T05:43:35Z,3,100,32026,445.16,68,2550
2026-07-30T05:43:35Z,4,0,29902,18.28,29,210
2026-07-30T05:43:35Z,5,0,29900,14.51,31,210
2026-07-30T05:43:35Z,6,1,22566,89.64,55,2527
2026-07-30T05:43:35Z,7,100,17358,108.03,49,1327
2026-07-30T05:43:38Z,0,100,31956,450.24,75,2580
2026-07-30T05:43:38Z,1,91,31986,442.32,72,2872
2026-07-30T05:43:38Z,2,100,31954,447.14,72,2700
2026-07-30T05:43:38Z,3,100,32026,413.86,68,2827
2026-07-30T05:43:38Z,4,0,29902,15.78,29,210
2026-07-30T05:43:38Z,5,0,29900,15.93,31,210
2026-07-30T05:43:38Z,6,0,22566,85.92,54,2535
2026-07-30T05:43:38Z,7,0,17358,64.75,41,2430
2026-07-30T05:43:40Z,0,100,31956,449.92,76,2572
2026-07-30T05:43:40Z,1,100,31986,450.20,74,2317
2026-07-30T05:43:40Z,2,100,31954,449.92,72,2467
2026-07-30T05:43:40Z,3,100,32026,452.61,72,2602
2026-07-30T05:43:40Z,4,0,29902,17.20,29,210
2026-07-30T05:43:40Z,5,0,29900,13.67,31,210
2026-07-30T05:43:40Z,6,0,22566,77.19,54,2430
2026-07-30T05:43:40Z,7,0,17358,66.10,41,2430
2026-07-30T05:43:41Z,0,99,31956,428.20,70,2745
2026-07-30T05:43:41Z,1,100,31986,450.08,76,2587
2026-07-30T05:43:41Z,2,84,31954,446.44,70,2302
2026-07-30T05:43:41Z,3,100,32026,448.09,73,2617
2026-07-30T05:43:41Z,4,0,29902,15.62,29,210
2026-07-30T05:43:41Z,5,0,29900,15.26,31,210
2026-07-30T05:43:41Z,6,0,22566,79.11,54,2430
2026-07-30T05:43:41Z,7,0,17358,63.85,41,2430
2026-07-30T05:43:43Z,0,100,31956,452.75,74,2572
2026-07-30T05:43:43Z,1,99,31986,439.20,72,2880
2026-07-30T05:43:43Z,2,100,31954,456.31,72,2595
2026-07-30T05:43:43Z,3,100,32026,449.21,72,2737
2026-07-30T05:43:43Z,4,0,29902,17.78,29,210
2026-07-30T05:43:43Z,5,0,29900,12.93,31,210
2026-07-30T05:43:43Z,6,0,22566,76.81,53,2430
2026-07-30T05:43:43Z,7,0,17358,66.64,41,2430
2026-07-30T05:43:44Z,0,100,31956,421.20,75,2572
2026-07-30T05:43:44Z,1,100,31986,451.36,76,2580
2026-07-30T05:43:44Z,2,86,31954,434.08,72,2857
2026-07-30T05:43:44Z,3,100,32026,449.82,72,2355
2026-07-30T05:43:44Z,4,0,29902,15.55,29,210
2026-07-30T05:43:44Z,5,0,29900,14.85,31,210
2026-07-30T05:43:44Z,6,0,22566,77.26,53,2430
2026-07-30T05:43:44Z,7,0,17358,63.97,41,2430
2026-07-30T05:43:46Z,0,100,31956,437.85,77,2752
2026-07-30T05:43:46Z,1,100,31986,450.39,75,2572
2026-07-30T05:43:46Z,2,100,31954,450.28,70,2295
2026-07-30T05:43:46Z,3,100,32026,450.24,69,2392
2026-07-30T05:43:46Z,4,0,29902,17.97,29,210
2026-07-30T05:43:46Z,5,0,29900,15.23,31,210
2026-07-30T05:43:46Z,6,0,22566,78.29,53,2430
2026-07-30T05:43:46Z,7,0,17358,65.47,41,2430
2026-07-30T05:43:48Z,0,100,31956,441.08,71,2340
2026-07-30T05:43:48Z,1,100,31986,450.36,75,2565
2026-07-30T05:43:48Z,2,100,31954,445.99,72,2805
2026-07-30T05:43:48Z,3,100,32026,456.88,73,2587
2026-07-30T05:43:48Z,4,0,29902,16.38,29,210
2026-07-30T05:43:48Z,5,0,29900,15.73,31,210
2026-07-30T05:43:48Z,6,0,22566,75.73,53,2430
2026-07-30T05:43:48Z,7,0,17358,64.94,41,2430
2026-07-30T05:43:49Z,0,100,31956,450.30,76,2580
2026-07-30T05:43:49Z,1,100,31986,443.81,72,2872
2026-07-30T05:43:49Z,2,66,31954,441.01,68,2242
2026-07-30T05:43:49Z,3,100,32026,449.58,73,2595
2026-07-30T05:43:49Z,4,0,29902,16.50,29,210
2026-07-30T05:43:49Z,5,0,29900,15.79,31,210
2026-07-30T05:43:49Z,6,0,1,80.21,52,2430
2026-07-30T05:43:49Z,7,0,17358,64.54,41,2430
2026-07-30T05:43:51Z,0,100,31956,439.92,76,2655
2026-07-30T05:43:51Z,1,100,31986,453.01,76,2572
2026-07-30T05:43:51Z,2,100,31954,453.90,72,2587
2026-07-30T05:43:51Z,3,93,32026,430.98,67,2872
2026-07-30T05:43:51Z,4,0,29902,16.29,29,210
2026-07-30T05:43:51Z,5,0,29900,13.63,31,210
2026-07-30T05:43:51Z,6,0,1,70.64,52,1522
2026-07-30T05:43:51Z,7,0,17358,66.40,41,2430
2026-07-30T05:43:52Z,0,100,31956,423.86,70,2730
2026-07-30T05:43:52Z,1,100,31986,457.52,75,2587
2026-07-30T05:43:52Z,2,100,31954,452.17,72,2572
2026-07-30T05:43:52Z,3,100,32026,393.36,74,2827
2026-07-30T05:43:52Z,4,0,29902,15.87,29,210
2026-07-30T05:43:52Z,5,0,29900,17.02,31,210
2026-07-30T05:43:52Z,6,0,4,39.40,51,360
2026-07-30T05:43:52Z,7,0,17358,63.48,41,2430
2026-07-30T05:43:56Z,0,100,31956,450.32,74,2527
2026-07-30T05:43:56Z,1,100,31986,446.32,78,2880
2026-07-30T05:43:56Z,2,100,31954,449.79,72,2565
2026-07-30T05:43:56Z,3,95,32026,442.77,68,2452
2026-07-30T05:43:56Z,4,0,29902,15.55,29,210
2026-07-30T05:43:56Z,5,0,29900,15.53,31,210
2026-07-30T05:43:56Z,6,0,4,15.41,50,210
2026-07-30T05:43:56Z,7,0,17358,12.26,40,210
2026-07-30T05:43:57Z,0,100,31956,376.93,76,2760
2026-07-30T05:43:57Z,1,99,31986,450.04,74,2280
2026-07-30T05:43:57Z,2,100,31954,449.55,72,2767
2026-07-30T05:43:57Z,3,100,32026,450.60,73,2602
2026-07-30T05:43:57Z,4,0,29902,18.66,29,210
2026-07-30T05:43:57Z,5,0,29900,15.37,31,210
2026-07-30T05:43:57Z,6,0,4,16.97,50,210
2026-07-30T05:43:57Z,7,0,17358,14.00,39,210
2026-07-30T05:43:59Z,0,100,31956,450.33,74,2197
2026-07-30T05:43:59Z,1,100,31986,445.34,76,2572
2026-07-30T05:43:59Z,2,99,31954,442.27,67,2872
2026-07-30T05:43:59Z,3,100,32026,380.20,67,2872
2026-07-30T05:43:59Z,4,0,29902,16.38,29,210
2026-07-30T05:43:59Z,5,0,29900,15.53,31,210
2026-07-30T05:43:59Z,6,0,4,14.79,50,210
2026-07-30T05:43:59Z,7,0,17358,196.11,42,2917
2026-07-30T05:44:01Z,0,100,31956,451.10,74,2580
2026-07-30T05:44:01Z,1,100,31986,446.40,76,2707
2026-07-30T05:44:01Z,2,100,31954,454.08,72,2580
2026-07-30T05:44:01Z,3,100,32026,458.45,73,2587
2026-07-30T05:44:01Z,4,0,29902,17.72,29,210
2026-07-30T05:44:01Z,5,0,29900,13.50,31,210
2026-07-30T05:44:01Z,6,7,1026,33.44,51,1852
2026-07-30T05:44:01Z,7,0,17358,84.62,41,2430
2026-07-30T05:44:02Z,0,100,31956,394.52,76,2760
2026-07-30T05:44:02Z,1,100,31996,449.40,77,2497
2026-07-30T05:44:02Z,2,100,31954,407.12,67,2872
2026-07-30T05:44:02Z,3,100,32026,449.59,73,2595
2026-07-30T05:44:02Z,4,0,29902,16.36,29,210
2026-07-30T05:44:02Z,5,0,29900,13.50,31,210
2026-07-30T05:44:02Z,6,0,1184,74.01,50,2430
2026-07-30T05:44:02Z,7,0,17358,65.05,41,2430
2026-07-30T05:44:04Z,0,70,31956,439.61,77,2257
2026-07-30T05:44:04Z,1,100,31996,449.58,76,2430
2026-07-30T05:44:04Z,2,100,31954,466.35,72,2580
2026-07-30T05:44:04Z,3,100,32026,449.82,72,2685
2026-07-30T05:44:04Z,4,0,29902,16.74,29,210
2026-07-30T05:44:04Z,5,0,29900,15.64,31,210
2026-07-30T05:44:04Z,6,0,1184,76.53,50,2430
2026-07-30T05:44:04Z,7,0,17358,63.13,41,2430
2026-07-30T05:44:05Z,0,100,31956,450.58,71,2265
2026-07-30T05:44:05Z,1,100,31996,450.23,73,2302
2026-07-30T05:44:05Z,2,100,31954,448.16,72,2587
2026-07-30T05:44:05Z,3,100,32026,448.86,73,2640
2026-07-30T05:44:05Z,4,0,29902,17.76,29,210
2026-07-30T05:44:05Z,5,0,29900,12.37,31,210
2026-07-30T05:44:05Z,6,0,1184,73.87,50,2430
2026-07-30T05:44:05Z,7,0,17358,66.08,41,2430
2026-07-30T05:44:07Z,0,100,31956,459.70,74,2557
2026-07-30T05:44:07Z,1,100,31996,412.53,76,2842
2026-07-30T05:44:07Z,2,100,31954,449.77,72,2602
2026-07-30T05:44:07Z,3,83,32026,446.30,73,2302
2026-07-30T05:44:07Z,4,0,29902,15.87,29,210
2026-07-30T05:44:07Z,5,0,29900,16.44,31,210
2026-07-30T05:44:07Z,6,0,1184,75.60,50,2430
2026-07-30T05:44:07Z,7,0,17358,63.30,41,2430
2026-07-30T05:44:08Z,0,100,31956,449.83,76,2587
2026-07-30T05:44:08Z,1,100,31996,449.60,73,2340
2026-07-30T05:44:08Z,2,100,31954,449.89,72,2647
2026-07-30T05:44:08Z,3,100,32026,450.28,71,2280
2026-07-30T05:44:08Z,4,0,29902,17.18,29,210
2026-07-30T05:44:08Z,5,0,29900,14.45,31,210
2026-07-30T05:44:08Z,6,0,1184,75.58,50,2430
2026-07-30T05:44:08Z,7,0,17358,65.88,41,2430
2026-07-30T05:44:10Z,0,99,31956,425.40,70,2790
2026-07-30T05:44:10Z,1,73,31996,424.88,72,2835
2026-07-30T05:44:10Z,2,99,31954,446.12,68,2617
2026-07-30T05:44:10Z,3,100,32026,459.86,73,2587
2026-07-30T05:44:10Z,4,0,29902,16.16,29,210
2026-07-30T05:44:10Z,5,0,29900,15.40,31,210
2026-07-30T05:44:10Z,6,0,1184,74.44,50,2430
2026-07-30T05:44:10Z,7,0,17358,64.00,41,2430
2026-07-30T05:44:13Z,0,100,31956,457.81,76,2580
2026-07-30T05:44:13Z,1,100,31996,450.52,75,2497
2026-07-30T05:44:13Z,2,99,31954,429.51,67,2835
2026-07-30T05:44:13Z,3,100,32036,464.64,72,2587
2026-07-30T05:44:13Z,4,0,29902,15.17,29,210
2026-07-30T05:44:13Z,5,0,29900,15.35,31,210
2026-07-30T05:44:13Z,6,0,1184,74.25,49,2430
2026-07-30T05:44:13Z,7,0,17358,64.38,41,2430
2026-07-30T05:44:15Z,0,100,31956,449.85,76,2565
2026-07-30T05:44:15Z,1,75,31996,411.87,75,2880
2026-07-30T05:44:15Z,2,100,31954,451.57,72,2587
2026-07-30T05:44:15Z,3,100,32036,449.85,73,2587
2026-07-30T05:44:15Z,4,0,29902,17.77,29,210
2026-07-30T05:44:15Z,5,0,29900,15.28,31,210
2026-07-30T05:44:15Z,6,0,1184,75.93,49,2430
2026-07-30T05:44:15Z,7,0,17358,64.94,41,2430
2026-07-30T05:44:17Z,0,100,31956,449.80,76,2572
2026-07-30T05:44:17Z,1,100,31996,450.28,75,2295
2026-07-30T05:44:17Z,2,100,31954,449.78,72,2572
2026-07-30T05:44:17Z,3,31,32036,410.64,66,2865
2026-07-30T05:44:17Z,4,0,29902,15.38,29,210
2026-07-30T05:44:17Z,5,0,29900,15.04,31,210
2026-07-30T05:44:17Z,6,0,1184,72.87,49,2430
2026-07-30T05:44:17Z,7,0,17358,27.32,40,367
2026-07-30T05:44:18Z,0,100,31956,397.08,70,2797
2026-07-30T05:44:18Z,1,95,31996,437.16,75,2872
2026-07-30T05:44:18Z,2,100,31954,449.53,72,2580
2026-07-30T05:44:18Z,3,100,32036,467.65,72,2587
2026-07-30T05:44:18Z,4,0,29902,15.65,29,210
2026-07-30T05:44:18Z,5,0,29900,16.94,31,210
2026-07-30T05:44:18Z,6,0,1184,54.57,48,465
2026-07-30T05:44:18Z,7,0,17358,13.50,40,210
2026-07-30T05:44:20Z,0,100,31956,460.98,75,2572
2026-07-30T05:44:20Z,1,100,31996,453.28,76,2587
2026-07-30T05:44:20Z,2,83,31954,417.59,71,2790
2026-07-30T05:44:20Z,3,76,32036,418.79,70,2865
2026-07-30T05:44:20Z,4,0,29902,17.33,29,210
2026-07-30T05:44:20Z,5,0,29900,13.47,31,210
2026-07-30T05:44:20Z,6,0,1184,15.50,48,210
2026-07-30T05:44:20Z,7,0,17358,14.67,40,210
2026-07-30T05:44:21Z,0,100,31956,437.95,76,2647
2026-07-30T05:44:21Z,1,100,31996,440.64,76,2572
2026-07-30T05:44:21Z,2,100,31954,450.40,71,2242
2026-07-30T05:44:21Z,3,100,32036,450.45,70,2370
2026-07-30T05:44:21Z,4,0,29902,15.40,29,210
2026-07-30T05:44:21Z,5,0,29900,14.81,31,210
2026-07-30T05:44:21Z,6,0,1184,15.23,48,210
2026-07-30T05:44:21Z,7,100,17358,111.89,49,1275
2026-07-30T05:44:23Z,0,100,31956,397.28,70,2760
2026-07-30T05:44:23Z,1,83,31996,422.69,74,2797
2026-07-30T05:44:23Z,2,99,31954,404.80,67,2872
2026-07-30T05:44:23Z,3,100,32036,450.06,71,2602
2026-07-30T05:44:23Z,4,0,29902,17.58,29,210
2026-07-30T05:44:23Z,5,0,29900,13.42,31,210
2026-07-30T05:44:23Z,6,0,1184,16.15,48,210
2026-07-30T05:44:23Z,7,0,17358,100.19,42,2917
2026-07-30T05:44:25Z,0,100,31956,396.87,76,2752
2026-07-30T05:44:25Z,1,100,31996,462.64,76,2565
2026-07-30T05:44:25Z,2,100,31954,452.12,72,2587
2026-07-30T05:44:25Z,3,100,32036,450.64,73,2595
2026-07-30T05:44:25Z,4,0,29902,16.11,29,202
2026-07-30T05:44:25Z,5,0,29900,15.48,31,210
2026-07-30T05:44:25Z,6,0,1184,14.24,47,210
2026-07-30T05:44:25Z,7,0,17358,72.76,41,2430
2026-07-30T05:44:26Z,0,90,31956,437.27,73,2325
2026-07-30T05:44:26Z,1,100,31996,447.98,77,2880
2026-07-30T05:44:26Z,2,100,31954,433.65,71,2797
2026-07-30T05:44:26Z,3,100,32036,446.50,72,2677
2026-07-30T05:44:26Z,4,0,29902,17.91,29,210
2026-07-30T05:44:26Z,5,0,29900,15.90,31,210
2026-07-30T05:44:26Z,6,0,1184,15.99,47,210
2026-07-30T05:44:26Z,7,0,17358,64.52,41,2430
2026-07-30T05:44:28Z,0,100,31956,452.90,76,2557
2026-07-30T05:44:28Z,1,72,31996,442.53,76,2422
2026-07-30T05:44:28Z,2,78,31954,440.23,66,2505
2026-07-30T05:44:28Z,3,100,32036,444.41,68,2677
2026-07-30T05:44:28Z,4,0,29902,16.83,29,210
2026-07-30T05:44:28Z,5,0,29900,14.69,31,210
2026-07-30T05:44:28Z,6,0,1184,13.71,47,210
2026-07-30T05:44:28Z,7,0,17358,65.40,41,2430
2026-07-30T05:44:31Z,0,62,31956,438.34,69,2227
2026-07-30T05:44:31Z,1,100,31996,450.22,75,2392
2026-07-30T05:44:31Z,2,99,31954,442.54,67,2505
2026-07-30T05:44:31Z,3,100,32036,451.28,73,2617
2026-07-30T05:44:31Z,4,0,29902,17.66,29,202
2026-07-30T05:44:31Z,5,0,29900,12.43,31,210
2026-07-30T05:44:31Z,6,0,1184,15.20,47,210
2026-07-30T05:44:31Z,7,0,17358,65.25,41,2430
2026-07-30T05:44:33Z,0,100,31956,450.40,73,2572
2026-07-30T05:44:33Z,1,100,31996,451.27,76,2580
2026-07-30T05:44:33Z,2,0,31954,120.73,61,2910
2026-07-30T05:44:33Z,3,0,32036,326.08,63,2895
2026-07-30T05:44:33Z,4,0,29902,15.52,29,210
2026-07-30T05:44:33Z,5,0,29900,15.44,31,210
2026-07-30T05:44:33Z,6,0,1184,15.44,47,210
2026-07-30T05:44:33Z,7,0,17358,63.24,41,2430
