ts,gpu,util,mem_used_mb,power_w,temp_c,sm_mhz
2026-07-30T04:21:50Z,0,0,31936,12.63,35,210
2026-07-30T04:21:50Z,1,0,32096,15.86,33,202
2026-07-30T04:21:50Z,2,98,31460,277.12,45,2887
2026-07-30T04:21:50Z,3,0,1,19.98,31,210
2026-07-30T04:21:50Z,4,0,29902,16.44,30,210
2026-07-30T04:21:50Z,5,0,29900,17.19,32,210
2026-07-30T04:21:50Z,6,0,17358,87.02,40,2452
2026-07-30T04:21:50Z,7,0,17358,64.22,40,2430
2026-07-30T04:21:54Z,0,0,31936,11.11,35,210
2026-07-30T04:21:54Z,1,0,32096,15.87,33,210
2026-07-30T04:21:54Z,2,54,31460,268.13,44,2902
2026-07-30T04:21:54Z,3,0,1,18.99,31,210
2026-07-30T04:21:54Z,4,0,29902,18.08,30,202
2026-07-30T04:21:54Z,5,0,29900,16.29,32,210
2026-07-30T04:21:54Z,6,0,1,63.44,40,1672
2026-07-30T04:21:54Z,7,0,17358,64.06,40,2430
2026-07-30T04:21:56Z,0,0,31936,11.03,35,210
2026-07-30T04:21:56Z,1,0,32096,17.19,33,210
2026-07-30T04:21:56Z,2,98,31460,278.67,45,2872
2026-07-30T04:21:56Z,3,0,1,16.59,31,210
2026-07-30T04:21:56Z,4,0,29902,15.10,30,210
2026-07-30T04:21:56Z,5,0,29900,15.30,32,210
2026-07-30T04:21:56Z,6,0,1,38.72,39,322
2026-07-30T04:21:56Z,7,0,17358,63.88,40,2430
2026-07-30T04:21:57Z,0,0,31936,12.32,35,210
2026-07-30T04:21:57Z,1,0,32096,16.16,33,210
2026-07-30T04:21:57Z,2,98,31460,281.84,45,2902
2026-07-30T04:21:57Z,3,0,1,19.97,31,210
2026-07-30T04:21:57Z,4,0,29902,17.42,30,210
2026-07-30T04:21:57Z,5,0,29900,17.29,32,210
2026-07-30T04:21:57Z,6,0,1,38.59,39,210
2026-07-30T04:21:57Z,7,0,17358,62.77,40,2430
2026-07-30T04:21:59Z,0,0,31936,9.48,35,210
2026-07-30T04:21:59Z,1,0,32096,15.31,33,210
2026-07-30T04:21:59Z,2,98,31460,284.32,45,2902
2026-07-30T04:21:59Z,3,0,1,17.68,31,210
2026-07-30T04:21:59Z,4,0,29902,18.07,30,210
2026-07-30T04:21:59Z,5,0,29900,14.41,32,210
2026-07-30T04:21:59Z,6,0,1,14.28,39,210
2026-07-30T04:21:59Z,7,0,17358,43.68,39,435
2026-07-30T04:22:00Z,0,0,31936,12.21,35,210
2026-07-30T04:22:00Z,1,0,32096,17.99,33,210
2026-07-30T04:22:00Z,2,98,31460,287.52,46,2902
2026-07-30T04:22:00Z,3,0,1,17.01,31,210
2026-07-30T04:22:00Z,4,0,29902,16.01,30,202
2026-07-30T04:22:00Z,5,0,29900,15.81,32,210
2026-07-30T04:22:00Z,6,0,1,10.01,38,210
2026-07-30T04:22:00Z,7,0,17358,12.77,39,210
2026-07-30T04:22:02Z,0,0,31936,9.57,35,210
2026-07-30T04:22:02Z,1,0,32096,16.68,33,210
2026-07-30T04:22:02Z,2,0,31460,250.36,43,2902
2026-07-30T04:22:02Z,3,0,1,18.92,31,210
2026-07-30T04:22:02Z,4,0,29902,18.13,30,210
2026-07-30T04:22:02Z,5,0,29900,13.73,32,210
2026-07-30T04:22:02Z,6,0,1,11.53,38,210
2026-07-30T04:22:02Z,7,0,17358,12.52,39,202
2026-07-30T04:22:03Z,0,0,31936,9.85,35,210
2026-07-30T04:22:03Z,1,0,32096,18.40,33,210
2026-07-30T04:22:03Z,2,100,31460,468.30,54,2662
2026-07-30T04:22:03Z,3,0,1,15.81,31,210
2026-07-30T04:22:03Z,4,0,29902,15.54,30,210
2026-07-30T04:22:03Z,5,0,29900,14.60,32,210
2026-07-30T04:22:03Z,6,0,1,10.63,38,210
2026-07-30T04:22:03Z,7,0,17358,284.63,41,2917
2026-07-30T04:22:05Z,0,0,31936,11.36,35,210
2026-07-30T04:22:05Z,1,0,32096,17.40,33,210
2026-07-30T04:22:05Z,2,98,31460,319.69,47,2902
2026-07-30T04:22:05Z,3,0,1,18.92,31,210
2026-07-30T04:22:05Z,4,0,29902,18.01,30,210
2026-07-30T04:22:05Z,5,0,29900,15.80,32,210
2026-07-30T04:22:05Z,6,0,1,11.35,38,210
2026-07-30T04:22:05Z,7,0,17358,88.99,40,2460
2026-07-30T04:22:06Z,0,0,31936,9.76,35,210
2026-07-30T04:22:06Z,1,0,32096,16.99,33,210
2026-07-30T04:22:06Z,2,78,31460,275.37,46,2902
2026-07-30T04:22:06Z,3,0,1,16.83,31,210
2026-07-30T04:22:06Z,4,0,29902,17.96,30,202
2026-07-30T04:22:06Z,5,0,29900,15.00,32,210
2026-07-30T04:22:06Z,6,0,4,12.57,38,210
2026-07-30T04:22:06Z,7,0,1,65.80,40,2430
2026-07-30T04:22:08Z,0,0,31936,12.38,35,210
2026-07-30T04:22:08Z,1,0,32096,16.26,33,210
2026-07-30T04:22:08Z,2,0,31460,224.57,44,2910
2026-07-30T04:22:08Z,3,0,1,17.97,31,210
2026-07-30T04:22:08Z,4,0,29902,15.84,30,210
2026-07-30T04:22:08Z,5,0,29900,16.83,32,210
2026-07-30T04:22:08Z,6,0,4,11.40,38,210
2026-07-30T04:22:08Z,7,0,1,37.11,39,397
2026-07-30T04:22:12Z,0,0,31936,12.50,35,210
2026-07-30T04:22:12Z,1,0,32096,18.17,33,210
2026-07-30T04:22:12Z,2,98,31460,266.78,47,2902
2026-07-30T04:22:12Z,3,0,1,18.41,31,210
2026-07-30T04:22:12Z,4,0,29902,16.34,30,210
2026-07-30T04:22:12Z,5,0,29900,16.46,32,210
2026-07-30T04:22:12Z,6,0,4,12.54,38,210
2026-07-30T04:22:12Z,7,0,1,17.17,39,210
2026-07-30T04:22:13Z,0,0,31936,11.30,35,210
2026-07-30T04:22:13Z,1,0,32096,15.86,33,210
2026-07-30T04:22:13Z,2,98,31460,282.82,47,2902
2026-07-30T04:22:13Z,3,0,1,17.51,31,210
2026-07-30T04:22:13Z,4,0,29902,18.41,30,210
2026-07-30T04:22:13Z,5,0,29900,13.76,32,210
2026-07-30T04:22:13Z,6,0,4,9.68,38,210
2026-07-30T04:22:13Z,7,0,1,13.23,39,210
2026-07-30T04:22:15Z,0,0,31936,12.48,35,202
2026-07-30T04:22:15Z,1,0,32096,16.84,33,210
2026-07-30T04:22:15Z,2,0,31460,257.48,45,2902
2026-07-30T04:22:15Z,3,0,1,17.95,31,210
2026-07-30T04:22:15Z,4,0,29902,15.87,30,210
2026-07-30T04:22:15Z,5,0,29900,16.30,32,210
2026-07-30T04:22:15Z,6,0,4,9.94,38,210
2026-07-30T04:22:15Z,7,0,1,11.76,39,210
2026-07-30T04:22:17Z,0,0,31936,9.75,35,210
2026-07-30T04:22:17Z,1,0,32096,15.81,33,210
2026-07-30T04:22:17Z,2,100,31460,450.98,55,2640
2026-07-30T04:22:17Z,3,0,1,18.05,31,210
2026-07-30T04:22:17Z,4,0,29902,17.41,30,210
2026-07-30T04:22:17Z,5,0,29900,13.80,32,210
2026-07-30T04:22:17Z,6,0,4,11.33,38,210
2026-07-30T04:22:17Z,7,0,1,12.45,39,210
2026-07-30T04:22:18Z,0,0,31936,10.44,35,210
2026-07-30T04:22:18Z,1,0,32096,17.70,33,210
2026-07-30T04:22:18Z,2,98,31460,298.99,48,2902
2026-07-30T04:22:18Z,3,0,1,16.39,31,210
2026-07-30T04:22:18Z,4,0,29902,15.05,30,210
2026-07-30T04:22:18Z,5,0,29900,15.02,32,210
2026-07-30T04:22:18Z,6,0,4,10.37,38,210
2026-07-30T04:22:18Z,7,0,4,13.55,39,210
2026-07-30T04:22:20Z,0,0,31936,11.45,35,210
2026-07-30T04:22:20Z,1,0,32096,16.09,33,210
2026-07-30T04:22:20Z,2,76,31460,281.34,51,2902
2026-07-30T04:22:20Z,3,0,1,18.83,31,210
2026-07-30T04:22:20Z,4,0,29902,17.70,30,210
2026-07-30T04:22:20Z,5,0,29900,15.92,32,210
2026-07-30T04:22:20Z,6,0,4,12.23,38,202
2026-07-30T04:22:20Z,7,0,4,12.91,38,210
2026-07-30T04:22:21Z,0,0,31936,13.07,34,210
2026-07-30T04:22:21Z,1,0,32096,18.34,33,210
2026-07-30T04:22:21Z,2,98,31460,279.22,48,2902
2026-07-30T04:22:21Z,3,0,1,17.16,31,210
2026-07-30T04:22:21Z,4,0,29902,15.43,30,210
2026-07-30T04:22:21Z,5,0,29900,15.95,32,210
2026-07-30T04:22:21Z,6,0,4,11.68,38,210
2026-07-30T04:22:21Z,7,0,4,14.60,38,210
2026-07-30T04:22:23Z,0,0,31936,12.96,35,210
2026-07-30T04:22:23Z,1,0,32096,15.36,33,210
2026-07-30T04:22:23Z,2,98,31460,280.80,48,2902
2026-07-30T04:22:23Z,3,0,1,20.01,31,202
2026-07-30T04:22:23Z,4,0,29902,16.45,30,210
2026-07-30T04:22:23Z,5,0,29900,16.47,32,210
2026-07-30T04:22:23Z,6,0,4,12.99,37,210
2026-07-30T04:22:23Z,7,0,4,13.82,38,210
2026-07-30T04:22:25Z,0,0,31936,9.97,34,210
2026-07-30T04:22:25Z,1,0,32096,17.67,33,210
2026-07-30T04:22:25Z,2,98,31460,285.80,48,2895
2026-07-30T04:22:25Z,3,0,1,16.79,31,210
2026-07-30T04:22:25Z,4,0,29902,17.12,30,210
2026-07-30T04:22:25Z,5,0,29900,14.85,32,210
2026-07-30T04:22:25Z,6,0,4,10.70,37,202
2026-07-30T04:22:25Z,7,0,4,14.08,38,202
2026-07-30T04:22:27Z,0,0,31936,12.61,34,202
2026-07-30T04:22:27Z,1,0,32096,17.93,33,210
2026-07-30T04:22:27Z,2,98,31460,285.53,48,2902
2026-07-30T04:22:27Z,3,0,1,19.35,31,210
2026-07-30T04:22:27Z,4,0,29902,18.09,30,210
2026-07-30T04:22:27Z,5,0,29900,15.18,32,210
2026-07-30T04:22:27Z,6,0,4,12.85,37,210
2026-07-30T04:22:27Z,7,0,4,12.69,38,210
2026-07-30T04:22:30Z,0,0,31936,12.72,34,210
2026-07-30T04:22:30Z,1,0,32096,16.43,33,210
2026-07-30T04:22:30Z,2,0,31460,174.58,45,2910
2026-07-30T04:22:30Z,3,0,1,19.00,31,210
2026-07-30T04:22:30Z,4,0,29902,18.21,30,210
2026-07-30T04:22:30Z,5,0,29900,15.73,32,210
2026-07-30T04:22:30Z,6,0,4,11.97,37,210
2026-07-30T04:22:30Z,7,0,4,13.24,38,210
2026-07-30T04:22:32Z,0,0,31936,9.76,34,210
2026-07-30T04:22:32Z,1,0,32096,17.74,33,210
2026-07-30T04:22:32Z,2,99,31460,445.06,53,2325
2026-07-30T04:22:32Z,3,0,1,15.94,31,210
2026-07-30T04:22:32Z,4,0,29902,16.58,30,210
2026-07-30T04:22:32Z,5,0,29900,14.27,32,210
2026-07-30T04:22:32Z,6,0,4,11.66,37,210
2026-07-30T04:22:32Z,7,0,4,15.36,38,210
2026-07-30T04:22:34Z,0,0,31936,12.29,34,210
2026-07-30T04:22:34Z,1,0,32096,18.37,33,210
2026-07-30T04:22:34Z,2,0,31460,200.42,46,2910
2026-07-30T04:22:34Z,3,0,1,18.65,31,210
2026-07-30T04:22:34Z,4,0,29902,17.11,30,210
2026-07-30T04:22:34Z,5,0,29900,16.38,32,210
2026-07-30T04:22:34Z,6,0,4,12.14,37,210
2026-07-30T04:22:34Z,7,0,4,11.76,38,210
2026-07-30T04:22:36Z,0,0,31936,9.78,34,210
2026-07-30T04:22:36Z,1,0,32096,15.67,33,210
2026-07-30T04:22:36Z,2,100,31460,450.90,55,2655
2026-07-30T04:22:36Z,3,0,1,16.90,31,210
2026-07-30T04:22:36Z,4,0,29902,15.58,30,210
2026-07-30T04:22:36Z,5,0,29900,15.15,32,210
2026-07-30T04:22:36Z,6,0,4,12.19,37,210
2026-07-30T04:22:36Z,7,0,4,14.55,38,210
2026-07-30T04:22:37Z,0,0,31936,11.96,34,210
2026-07-30T04:22:37Z,1,0,32096,18.06,33,210
2026-07-30T04:22:37Z,2,98,31460,287.61,49,2872
2026-07-30T04:22:37Z,3,0,1,18.13,31,210
2026-07-30T04:22:37Z,4,0,29902,15.56,30,210
2026-07-30T04:22:37Z,5,0,29900,16.24,32,210
2026-07-30T04:22:37Z,6,0,4,11.84,37,210
2026-07-30T04:22:37Z,7,0,4,12.49,38,210
2026-07-30T04:22:39Z,0,0,31936,10.72,34,210
2026-07-30T04:22:39Z,1,0,32096,17.12,33,210
2026-07-30T04:22:39Z,2,98,31460,285.66,49,2902
2026-07-30T04:22:39Z,3,0,1,18.13,31,210
2026-07-30T04:22:39Z,4,0,29902,17.99,30,210
2026-07-30T04:22:39Z,5,0,29900,14.65,32,210
2026-07-30T04:22:39Z,6,0,4,12.45,37,210
2026-07-30T04:22:39Z,7,0,4,14.30,38,210
2026-07-30T04:22:41Z,0,0,31936,11.92,34,210
2026-07-30T04:22:41Z,1,0,32096,18.61,33,210
2026-07-30T04:22:41Z,2,100,31460,301.32,56,2670
2026-07-30T04:22:41Z,3,0,1,18.91,31,210
2026-07-30T04:22:41Z,4,0,29902,16.22,30,210
2026-07-30T04:22:41Z,5,0,29900,17.44,32,210
2026-07-30T04:22:41Z,6,0,4,10.82,37,210
2026-07-30T04:22:41Z,7,0,4,13.01,38,210
2026-07-30T04:22:42Z,0,0,31936,9.54,34,210
2026-07-30T04:22:42Z,1,0,32096,14.69,33,210
2026-07-30T04:22:42Z,2,98,31460,343.96,50,2902
2026-07-30T04:22:42Z,3,0,1,16.55,31,210
2026-07-30T04:22:42Z,4,0,29902,17.15,30,210
2026-07-30T04:22:42Z,5,0,29900,14.67,32,210
2026-07-30T04:22:42Z,6,0,4,11.97,37,210
2026-07-30T04:22:42Z,7,0,4,14.30,38,210
2026-07-30T04:22:44Z,0,0,31936,10.77,34,210
2026-07-30T04:22:44Z,1,0,32096,17.82,33,210
2026-07-30T04:22:44Z,2,98,31460,280.63,50,2902
2026-07-30T04:22:44Z,3,0,1,16.94,31,210
2026-07-30T04:22:44Z,4,0,29902,16.20,30,210
2026-07-30T04:22:44Z,5,0,29900,15.92,32,210
2026-07-30T04:22:44Z,6,0,4,11.88,37,210
2026-07-30T04:22:44Z,7,0,4,14.28,38,210
2026-07-30T04:22:46Z,0,0,31936,11.25,34,210
2026-07-30T04:22:46Z,1,0,32096,15.49,33,210
2026-07-30T04:22:46Z,2,100,31460,463.78,57,2647
2026-07-30T04:22:46Z,3,0,1,17.07,31,210
2026-07-30T04:22:46Z,4,0,29902,17.88,30,210
2026-07-30T04:22:46Z,5,0,29900,15.04,32,210
2026-07-30T04:22:46Z,6,0,4,12.40,37,210
2026-07-30T04:22:46Z,7,0,4,12.88,38,210
2026-07-30T04:22:50Z,0,0,31936,10.25,34,210
2026-07-30T04:22:50Z,1,0,32096,14.59,33,210
2026-07-30T04:22:50Z,2,55,31460,170.76,53,2910
2026-07-30T04:22:50Z,3,0,1,17.81,31,210
2026-07-30T04:22:50Z,4,0,29902,17.71,30,210
2026-07-30T04:22:50Z,5,0,29900,13.60,32,210
2026-07-30T04:22:50Z,6,0,4,11.66,37,210
2026-07-30T04:22:50Z,7,0,4,13.30,37,210
2026-07-30T04:22:51Z,0,0,31936,9.76,34,210
2026-07-30T04:22:51Z,1,0,32096,18.62,33,210
2026-07-30T04:22:51Z,2,98,31460,435.37,51,2565
2026-07-30T04:22:51Z,3,0,1,16.57,31,210
2026-07-30T04:22:51Z,4,0,29902,15.31,30,210
2026-07-30T04:22:51Z,5,0,29900,14.87,32,202
2026-07-30T04:22:51Z,6,0,4,10.16,37,210
2026-07-30T04:22:51Z,7,0,4,12.94,37,210
2026-07-30T04:22:53Z,0,0,31936,11.72,34,210
2026-07-30T04:22:53Z,1,0,32096,16.31,33,210
2026-07-30T04:22:53Z,2,98,31460,287.94,50,2902
2026-07-30T04:22:53Z,3,0,1,18.77,31,210
2026-07-30T04:22:53Z,4,0,29902,18.27,30,210
2026-07-30T04:22:53Z,5,0,29900,15.95,32,210
2026-07-30T04:22:53Z,6,0,4,12.12,36,210
2026-07-30T04:22:53Z,7,0,4,12.72,37,210
2026-07-30T04:22:55Z,0,0,31936,10.34,34,210
2026-07-30T04:22:55Z,1,0,32096,18.20,33,210
2026-07-30T04:22:55Z,2,100,31460,267.21,56,2685
2026-07-30T04:22:55Z,3,0,1,17.14,31,210
2026-07-30T04:22:55Z,4,0,29902,14.87,30,210
2026-07-30T04:22:55Z,5,0,29900,16.91,32,210
2026-07-30T04:22:55Z,6,0,4,10.70,37,210
2026-07-30T04:22:55Z,7,0,4,14.36,37,210
2026-07-30T04:22:56Z,0,0,31936,11.25,34,210
2026-07-30T04:22:56Z,1,0,32096,15.72,33,210
2026-07-30T04:22:56Z,2,98,31460,389.94,51,2902
2026-07-30T04:22:56Z,3,0,1,18.50,31,210
2026-07-30T04:22:56Z,4,0,29902,18.17,30,210
2026-07-30T04:22:56Z,5,0,29900,15.50,32,202
2026-07-30T04:22:56Z,6,0,4,12.47,36,210
2026-07-30T04:22:56Z,7,0,4,12.77,37,210
2026-07-30T04:22:58Z,0,0,31936,9.90,34,210
2026-07-30T04:22:58Z,1,0,32096,18.44,33,210
2026-07-30T04:22:58Z,2,98,31460,277.67,51,2902
2026-07-30T04:22:58Z,3,0,1,16.97,31,210
2026-07-30T04:22:58Z,4,0,29902,17.10,30,210
2026-07-30T04:22:58Z,5,0,29900,15.52,32,210
2026-07-30T04:22:58Z,6,0,4,10.29,36,210
2026-07-30T04:22:58Z,7,0,4,12.17,37,210
2026-07-30T04:23:00Z,0,0,31936,12.32,34,210
2026-07-30T04:23:00Z,1,0,32096,16.54,33,210
2026-07-30T04:23:00Z,2,94,31460,288.38,51,2887
2026-07-30T04:23:00Z,3,0,1,19.00,31,210
2026-07-30T04:23:00Z,4,0,29902,16.99,30,210
2026-07-30T04:23:00Z,5,0,29900,16.56,32,210
2026-07-30T04:23:00Z,6,0,4,11.32,36,210
2026-07-30T04:23:00Z,7,0,4,12.06,37,210
2026-07-30T04:23:02Z,0,0,31936,10.49,34,210
2026-07-30T04:23:02Z,1,0,32096,16.15,33,210
2026-07-30T04:23:02Z,2,98,31460,272.11,51,2902
2026-07-30T04:23:02Z,3,0,1,16.87,31,210
2026-07-30T04:23:02Z,4,0,29902,15.45,30,210
2026-07-30T04:23:02Z,5,0,29900,16.37,32,210
2026-07-30T04:23:02Z,6,0,4,9.13,36,210
2026-07-30T04:23:02Z,7,0,4,13.89,37,210
2026-07-30T04:23:03Z,0,0,31936,13.13,34,210
2026-07-30T04:23:03Z,1,0,32096,17.66,33,210
2026-07-30T04:23:03Z,2,98,31460,283.95,51,2902
2026-07-30T04:23:03Z,3,0,1,19.08,31,210
2026-07-30T04:23:03Z,4,0,29902,18.64,30,210
2026-07-30T04:23:03Z,5,0,29900,16.94,32,202
2026-07-30T04:23:03Z,6,0,4,12.04,36,210
2026-07-30T04:23:03Z,7,0,4,12.64,37,210
2026-07-30T04:23:05Z,0,0,31936,10.57,34,210
2026-07-30T04:23:05Z,1,0,32096,16.58,33,210
2026-07-30T04:23:05Z,2,98,31460,289.35,51,2872
2026-07-30T04:23:05Z,3,0,1,17.55,31,210
2026-07-30T04:23:05Z,4,0,29902,17.61,30,210
2026-07-30T04:23:05Z,5,0,29900,14.24,32,210
2026-07-30T04:23:05Z,6,0,4,10.66,36,210
2026-07-30T04:23:05Z,7,0,4,14.88,37,210
2026-07-30T04:23:09Z,0,0,31936,9.87,34,210
2026-07-30T04:23:09Z,1,0,32096,18.59,33,210
2026-07-30T04:23:09Z,2,11,31460,273.45,48,2917
2026-07-30T04:23:09Z,3,0,1,16.32,31,210
2026-07-30T04:23:09Z,4,0,29902,15.65,30,210
2026-07-30T04:23:09Z,5,0,29900,14.32,32,210
2026-07-30T04:23:09Z,6,0,4,10.56,36,210
2026-07-30T04:23:09Z,7,0,4,13.83,37,210
2026-07-30T04:23:11Z,0,0,31936,11.64,34,210
2026-07-30T04:23:11Z,1,0,32096,15.55,33,210
2026-07-30T04:23:11Z,2,99,31460,311.04,52,2865
2026-07-30T04:23:11Z,3,0,1,18.75,31,210
2026-07-30T04:23:11Z,4,0,29902,16.80,30,210
2026-07-30T04:23:11Z,5,0,29900,15.84,32,210
2026-07-30T04:23:11Z,6,0,4,11.19,36,210
2026-07-30T04:23:11Z,7,0,4,11.80,37,210
2026-07-30T04:23:13Z,0,0,31936,9.97,34,210
2026-07-30T04:23:13Z,1,0,32096,16.35,33,210
2026-07-30T04:23:13Z,2,0,31460,263.93,49,2880
2026-07-30T04:23:13Z,3,0,1,17.14,31,210
2026-07-30T04:23:13Z,4,0,29902,15.03,30,210
2026-07-30T04:23:13Z,5,0,29900,15.00,32,210
2026-07-30T04:23:13Z,6,0,4,9.58,36,210
2026-07-30T04:23:13Z,7,0,1,15.37,37,210
2026-07-30T04:23:14Z,0,0,31936,12.71,34,210
2026-07-30T04:23:14Z,1,0,32096,16.70,33,210
2026-07-30T04:23:14Z,2,86,31460,286.33,51,2902
2026-07-30T04:23:14Z,3,0,1,18.90,31,210
2026-07-30T04:23:14Z,4,0,29902,16.34,30,210
2026-07-30T04:23:14Z,5,0,29900,16.89,32,210
2026-07-30T04:23:14Z,6,0,4,11.84,36,210
2026-07-30T04:23:14Z,7,0,1,12.18,37,210
2026-07-30T04:23:16Z,0,0,31936,9.97,34,210
2026-07-30T04:23:16Z,1,0,32096,17.92,33,210
2026-07-30T04:23:16Z,2,98,31460,301.19,51,2865
2026-07-30T04:23:16Z,3,0,1,15.92,31,210
2026-07-30T04:23:16Z,4,0,29902,17.68,30,210
2026-07-30T04:23:16Z,5,0,29900,14.19,32,210
2026-07-30T04:23:16Z,6,0,4,11.56,36,210
2026-07-30T04:23:16Z,7,0,1,14.21,37,210
2026-07-30T04:23:18Z,0,0,31936,12.34,34,210
2026-07-30T04:23:18Z,1,0,32096,18.17,33,210
2026-07-30T04:23:18Z,2,100,31460,465.67,59,2632
2026-07-30T04:23:18Z,3,0,1,19.43,31,210
2026-07-30T04:23:18Z,4,0,29902,16.96,30,210
2026-07-30T04:23:18Z,5,0,29900,16.80,32,210
2026-07-30T04:23:18Z,6,0,4,11.40,36,210
2026-07-30T04:23:18Z,7,0,1,12.60,37,210
2026-07-30T04:23:19Z,0,0,31936,10.02,34,210
2026-07-30T04:23:19Z,1,0,32096,15.50,33,210
2026-07-30T04:23:19Z,2,99,31460,305.72,52,2910
2026-07-30T04:23:19Z,3,0,1,18.55,31,210
2026-07-30T04:23:19Z,4,0,29902,17.34,30,210
2026-07-30T04:23:19Z,5,0,29900,14.77,32,210
2026-07-30T04:23:19Z,6,0,4,11.86,36,210
2026-07-30T04:23:19Z,7,0,1,14.02,37,210
2026-07-30T04:23:21Z,0,0,31936,12.39,34,210
2026-07-30T04:23:21Z,1,0,32096,17.25,33,210
2026-07-30T04:23:21Z,2,100,31460,401.22,59,2647
2026-07-30T04:23:21Z,3,0,1,18.11,31,210
2026-07-30T04:23:21Z,4,0,29902,15.46,30,210
2026-07-30T04:23:21Z,5,0,29900,16.54,32,210
2026-07-30T04:23:21Z,6,0,4,11.64,36,210
2026-07-30T04:23:21Z,7,0,1,12.26,37,210
2026-07-30T04:23:23Z,0,0,31936,9.74,34,210
2026-07-30T04:23:23Z,1,0,32096,16.74,33,210
2026-07-30T04:23:23Z,2,99,31460,354.94,52,2902
2026-07-30T04:23:23Z,3,0,1,16.78,31,210
2026-07-30T04:23:23Z,4,0,29902,17.72,30,210
2026-07-30T04:23:23Z,5,0,29900,13.74,32,210
2026-07-30T04:23:23Z,6,0,4,12.48,36,210
2026-07-30T04:23:23Z,7,0,1,13.15,36,210
2026-07-30T04:23:24Z,0,0,31936,10.11,34,210
2026-07-30T04:23:24Z,1,0,32096,18.78,33,210
2026-07-30T04:23:24Z,2,99,31460,296.54,52,2902
2026-07-30T04:23:24Z,3,0,1,16.77,31,210
2026-07-30T04:23:24Z,4,0,29902,15.40,30,210
2026-07-30T04:23:24Z,5,0,29900,14.99,32,210
2026-07-30T04:23:24Z,6,0,4,10.76,36,210
2026-07-30T04:23:24Z,7,0,1,12.89,36,210
2026-07-30T04:23:28Z,0,0,31936,11.53,34,210
2026-07-30T04:23:28Z,1,0,32096,17.81,32,210
2026-07-30T04:23:28Z,2,99,31460,369.90,53,2895
2026-07-30T04:23:28Z,3,0,1,17.26,31,210
2026-07-30T04:23:28Z,4,0,29902,15.84,30,210
2026-07-30T04:23:28Z,5,0,29900,17.33,32,210
2026-07-30T04:23:28Z,6,0,4,12.23,36,210
2026-07-30T04:23:28Z,7,0,760,55.76,37,2430
2026-07-30T04:23:30Z,0,0,31936,9.88,34,210
2026-07-30T04:23:30Z,1,0,32096,15.63,32,210
2026-07-30T04:23:30Z,2,99,31460,301.92,52,2902
2026-07-30T04:23:30Z,3,0,1,18.84,31,210
2026-07-30T04:23:30Z,4,0,29902,17.95,30,210
2026-07-30T04:23:30Z,5,0,29900,15.55,32,210
2026-07-30T04:23:30Z,6,0,4,12.75,36,210
2026-07-30T04:23:30Z,7,0,760,63.44,37,2430
2026-07-30T04:23:31Z,0,0,31936,10.04,34,210
2026-07-30T04:23:31Z,1,0,32096,17.04,32,210
2026-07-30T04:23:31Z,2,99,31460,301.81,52,2902
2026-07-30T04:23:31Z,3,0,1,16.52,31,210
2026-07-30T04:23:31Z,4,0,29902,17.45,30,210
2026-07-30T04:23:31Z,5,0,29900,14.83,32,210
2026-07-30T04:23:31Z,6,0,4,10.66,36,210
2026-07-30T04:23:31Z,7,0,760,61.98,37,2430
2026-07-30T04:23:33Z,0,0,31936,11.33,34,210
2026-07-30T04:23:33Z,1,0,32096,14.85,32,210
2026-07-30T04:23:33Z,2,100,31460,418.15,59,2640
2026-07-30T04:23:33Z,3,0,1,18.59,31,210
2026-07-30T04:23:33Z,4,0,29902,17.64,30,210
2026-07-30T04:23:33Z,5,0,29900,16.76,32,210
2026-07-30T04:23:33Z,6,0,4,12.51,35,210
2026-07-30T04:23:33Z,7,4,1156,63.74,37,2445
2026-07-30T04:23:35Z,0,0,31936,10.01,34,210
2026-07-30T04:23:35Z,1,0,32096,15.80,32,210
2026-07-30T04:23:35Z,2,99,31460,335.80,53,2895
2026-07-30T04:23:35Z,3,0,1,16.59,31,210
2026-07-30T04:23:35Z,4,0,29902,15.51,30,210
2026-07-30T04:23:35Z,5,0,29900,15.02,32,210
2026-07-30T04:23:35Z,6,0,4,9.70,35,210
2026-07-30T04:23:35Z,7,0,1156,62.61,37,2430
2026-07-30T04:23:36Z,0,0,31936,12.46,34,210
2026-07-30T04:23:36Z,1,0,32096,16.54,32,210
2026-07-30T04:23:36Z,2,100,31460,351.39,60,2872
2026-07-30T04:23:36Z,3,0,1,17.82,31,210
2026-07-30T04:23:36Z,4,0,29902,16.00,30,210
2026-07-30T04:23:36Z,5,0,29900,17.74,32,210
2026-07-30T04:23:36Z,6,0,4,12.15,35,210
2026-07-30T04:23:36Z,7,0,1156,61.42,37,2430
2026-07-30T04:23:38Z,0,0,31936,10.05,34,210
2026-07-30T04:23:38Z,1,0,32096,16.12,32,210
2026-07-30T04:23:38Z,2,99,31460,403.35,54,2850
2026-07-30T04:23:38Z,3,0,1,17.28,31,210
2026-07-30T04:23:38Z,4,0,29902,17.53,30,210
2026-07-30T04:23:38Z,5,0,29900,14.12,32,210
2026-07-30T04:23:38Z,6,0,4,11.07,35,210
2026-07-30T04:23:38Z,7,0,1156,63.21,37,2430
2026-07-30T04:23:40Z,0,0,31936,12.67,34,210
2026-07-30T04:23:40Z,1,0,32096,17.96,32,202
2026-07-30T04:23:40Z,2,100,31460,338.10,60,2775
2026-07-30T04:23:40Z,3,0,1,19.54,31,210
2026-07-30T04:23:40Z,4,0,29902,17.14,30,210
2026-07-30T04:23:40Z,5,0,29900,16.73,32,210
2026-07-30T04:23:40Z,6,0,4,11.66,35,210
2026-07-30T04:23:40Z,7,0,1156,60.78,37,2430
2026-07-30T04:23:41Z,0,0,31936,11.20,34,210
2026-07-30T04:23:41Z,1,0,32096,15.73,32,210
2026-07-30T04:23:41Z,2,0,31474,348.19,51,2917
2026-07-30T04:23:41Z,3,0,1,18.49,31,210
2026-07-30T04:23:41Z,4,0,29902,17.59,30,210
2026-07-30T04:23:41Z,5,0,29900,15.37,32,210
2026-07-30T04:23:41Z,6,0,1,13.64,35,210
2026-07-30T04:23:41Z,7,8,1616,73.10,39,2430
2026-07-30T04:23:43Z,0,0,31936,12.31,34,210
2026-07-30T04:23:43Z,1,0,32096,17.00,32,210
2026-07-30T04:23:43Z,2,100,31474,451.51,61,2640
2026-07-30T04:23:43Z,3,0,1,17.00,31,210
2026-07-30T04:23:43Z,4,0,29902,15.29,30,210
2026-07-30T04:23:43Z,5,0,29900,17.39,32,210
2026-07-30T04:23:43Z,6,0,1,9.65,35,210
2026-07-30T04:23:43Z,7,4,1618,67.07,38,2437
2026-07-30T04:23:46Z,0,0,31936,9.73,34,210
2026-07-30T04:23:46Z,1,0,32096,18.54,32,210
2026-07-30T04:23:46Z,2,91,31474,307.02,55,2827
2026-07-30T04:23:46Z,3,0,1,16.65,31,210
2026-07-30T04:23:46Z,4,0,29902,16.76,30,210
2026-07-30T04:23:46Z,5,0,29900,14.82,32,210
2026-07-30T04:23:46Z,6,0,1,10.75,35,210
2026-07-30T04:23:46Z,7,100,6010,450.23,48,1770
2026-07-30T04:23:48Z,0,0,31936,10.80,34,210
2026-07-30T04:23:48Z,1,0,32096,15.03,32,210
2026-07-30T04:23:48Z,2,98,31474,297.33,54,2865
2026-07-30T04:23:48Z,3,0,1,19.13,31,210
2026-07-30T04:23:48Z,4,0,29902,18.34,30,210
2026-07-30T04:23:48Z,5,0,29900,14.78,32,210
2026-07-30T04:23:48Z,6,0,1,11.72,35,210
2026-07-30T04:23:48Z,7,0,17190,291.23,41,2917
2026-07-30T04:23:50Z,0,0,31936,10.95,34,210
2026-07-30T04:23:50Z,1,0,32096,16.36,32,210
2026-07-30T04:23:50Z,2,100,31474,463.64,61,2632
2026-07-30T04:23:50Z,3,0,1,17.42,31,210
2026-07-30T04:23:50Z,4,0,29902,16.60,30,210
2026-07-30T04:23:50Z,5,0,29900,16.97,32,210
2026-07-30T04:23:50Z,6,0,1,10.81,35,210
2026-07-30T04:23:50Z,7,95,17190,365.35,49,2775
2026-07-30T04:23:51Z,0,0,31936,12.45,34,210
2026-07-30T04:23:51Z,1,0,32096,16.81,32,202
2026-07-30T04:23:51Z,2,99,31474,299.82,54,2857
2026-07-30T04:23:51Z,3,0,1,20.06,31,210
2026-07-30T04:23:51Z,4,0,29902,17.60,30,210
2026-07-30T04:23:51Z,5,0,29900,16.75,32,210
2026-07-30T04:23:51Z,6,0,1,12.16,35,210
2026-07-30T04:23:51Z,7,99,17190,332.99,50,2677
2026-07-30T04:23:53Z,0,0,31936,9.75,34,210
2026-07-30T04:23:53Z,1,0,32096,17.40,32,210
2026-07-30T04:23:53Z,2,99,31474,279.83,53,2902
2026-07-30T04:23:53Z,3,0,1,16.07,31,210
2026-07-30T04:23:53Z,4,0,29902,16.21,30,210
2026-07-30T04:23:53Z,5,0,29900,14.44,32,210
2026-07-30T04:23:53Z,6,0,1,9.77,35,210
2026-07-30T04:23:53Z,7,66,17190,278.21,46,2400
2026-07-30T04:23:54Z,0,0,31936,12.29,34,210
2026-07-30T04:23:54Z,1,0,32096,17.75,32,210
2026-07-30T04:23:54Z,2,100,31474,401.10,61,2655
2026-07-30T04:23:54Z,3,0,1,19.87,31,210
2026-07-30T04:23:54Z,4,0,29902,18.25,30,210
2026-07-30T04:23:54Z,5,0,29900,16.60,32,210
2026-07-30T04:23:54Z,6,0,1,12.97,35,210
2026-07-30T04:23:54Z,7,1,17190,261.35,42,2917
2026-07-30T04:23:56Z,0,0,31936,10.62,34,210
2026-07-30T04:23:56Z,1,0,32096,17.00,32,210
2026-07-30T04:23:56Z,2,100,31474,449.98,60,2640
2026-07-30T04:23:56Z,3,0,1,18.31,31,210
2026-07-30T04:23:56Z,4,0,29902,17.74,30,210
2026-07-30T04:23:56Z,5,0,29900,14.57,32,210
2026-07-30T04:23:56Z,6,0,1,11.91,35,210
2026-07-30T04:23:56Z,7,0,17190,275.24,43,2887
2026-07-30T04:23:58Z,0,0,31936,12.55,34,202
2026-07-30T04:23:58Z,1,0,32096,18.04,32,210
2026-07-30T04:23:58Z,2,99,31474,379.32,55,2895
2026-07-30T04:23:58Z,3,0,1,18.76,31,210
2026-07-30T04:23:58Z,4,0,29902,16.17,30,210
2026-07-30T04:23:58Z,5,0,29900,17.33,32,210
2026-07-30T04:23:58Z,6,0,1,10.69,35,210
2026-07-30T04:23:58Z,7,99,19496,299.46,49,2280
2026-07-30T04:23:59Z,0,0,31936,10.07,34,210
2026-07-30T04:23:59Z,1,0,32096,16.08,32,210
2026-07-30T04:23:59Z,2,100,31474,375.66,60,2745
2026-07-30T04:23:59Z,3,0,1,17.10,31,210
2026-07-30T04:23:59Z,4,0,29902,17.84,30,210
2026-07-30T04:23:59Z,5,0,29900,14.50,32,210
2026-07-30T04:23:59Z,6,0,1,12.23,35,210
2026-07-30T04:23:59Z,7,97,19496,263.78,50,2677
2026-07-30T04:24:01Z,0,0,31936,10.36,34,210
2026-07-30T04:24:01Z,1,0,32096,18.02,32,210
2026-07-30T04:24:01Z,2,99,31474,386.40,55,2707
2026-07-30T04:24:01Z,3,0,1,17.19,31,210
2026-07-30T04:24:01Z,4,0,29902,16.70,30,210
2026-07-30T04:24:01Z,5,0,29900,17.04,32,210
2026-07-30T04:24:01Z,6,0,1,11.71,35,210
2026-07-30T04:24:01Z,7,0,19496,284.70,43,2707
2026-07-30T04:24:05Z,0,0,31936,10.22,34,210
2026-07-30T04:24:05Z,1,0,32096,18.04,32,210
2026-07-30T04:24:05Z,2,99,31474,437.52,56,2385
2026-07-30T04:24:05Z,3,0,1,16.71,31,210
2026-07-30T04:24:05Z,4,0,29902,15.09,30,210
2026-07-30T04:24:05Z,5,0,29900,17.41,32,210
2026-07-30T04:24:05Z,6,0,760,65.14,36,2430
2026-07-30T04:24:05Z,7,0,19496,280.90,44,2910
2026-07-30T04:24:07Z,0,0,31936,11.09,34,210
2026-07-30T04:24:07Z,1,0,32096,15.38,32,210
2026-07-30T04:24:07Z,2,99,31474,297.73,55,2887
2026-07-30T04:24:07Z,3,0,1,17.44,31,210
2026-07-30T04:24:07Z,4,0,29902,18.64,30,210
2026-07-30T04:24:07Z,5,0,29900,15.32,32,210
2026-07-30T04:24:07Z,6,0,760,64.35,36,2430
2026-07-30T04:24:07Z,7,70,19496,327.55,49,2377
2026-07-30T04:24:08Z,0,0,31936,10.71,34,210
2026-07-30T04:24:08Z,1,0,32096,17.86,32,210
2026-07-30T04:24:08Z,2,51,31474,267.13,53,2887
2026-07-30T04:24:08Z,3,0,1,16.70,31,210
2026-07-30T04:24:08Z,4,0,29902,17.20,30,210
2026-07-30T04:24:08Z,5,0,29900,16.33,32,210
2026-07-30T04:24:08Z,6,0,760,63.66,36,2430
2026-07-30T04:24:08Z,7,100,19496,358.38,49,2347
2026-07-30T04:24:10Z,0,0,31936,11.13,34,210
2026-07-30T04:24:10Z,1,0,32096,17.91,32,210
2026-07-30T04:24:10Z,2,80,31474,294.53,57,2842
2026-07-30T04:24:10Z,3,0,1,18.98,31,210
2026-07-30T04:24:10Z,4,0,29902,18.74,30,210
2026-07-30T04:24:10Z,5,0,29900,16.34,32,210
2026-07-30T04:24:10Z,6,0,1282,66.56,36,2430
2026-07-30T04:24:10Z,7,99,19496,330.20,52,2415
2026-07-30T04:24:11Z,0,0,31936,10.73,34,210
2026-07-30T04:24:11Z,1,0,32096,16.75,32,210
2026-07-30T04:24:11Z,2,78,31474,296.06,58,2880
2026-07-30T04:24:11Z,3,0,1,17.21,31,210
2026-07-30T04:24:11Z,4,0,29902,18.36,30,210
2026-07-30T04:24:11Z,5,0,29900,15.00,32,210
2026-07-30T04:24:11Z,6,0,1282,62.54,36,2430
2026-07-30T04:24:11Z,7,1,19496,282.77,44,2902
2026-07-30T04:24:13Z,0,0,31936,12.70,34,210
2026-07-30T04:24:13Z,1,0,32096,18.30,32,210
2026-07-30T04:24:13Z,2,83,31474,295.83,58,2895
2026-07-30T04:24:13Z,3,0,1,18.92,31,210
2026-07-30T04:24:13Z,4,0,29902,16.67,30,210
2026-07-30T04:24:13Z,5,0,29900,17.39,32,210
2026-07-30T04:24:13Z,6,0,1282,65.35,36,2430
2026-07-30T04:24:13Z,7,74,19496,318.31,49,2400
2026-07-30T04:24:14Z,0,0,31936,10.40,34,210
2026-07-30T04:24:14Z,1,0,32096,15.62,32,210
2026-07-30T04:24:14Z,2,100,31474,450.63,62,2632
2026-07-30T04:24:14Z,3,0,1,18.11,31,210
2026-07-30T04:24:14Z,4,0,29902,18.98,30,210
2026-07-30T04:24:14Z,5,0,29900,14.35,32,210
2026-07-30T04:24:14Z,6,0,1282,62.62,36,2430
2026-07-30T04:24:14Z,7,40,19496,303.29,52,2910
2026-07-30T04:24:16Z,0,0,31936,11.24,34,210
2026-07-30T04:24:16Z,1,0,32096,17.89,32,210
2026-07-30T04:24:16Z,2,92,31474,318.37,55,2895
2026-07-30T04:24:16Z,3,0,1,17.28,31,210
2026-07-30T04:24:16Z,4,0,29902,15.97,30,210
2026-07-30T04:24:16Z,5,0,29900,16.43,32,210
2026-07-30T04:24:16Z,6,0,1282,64.35,36,2430
2026-07-30T04:24:16Z,7,71,19496,336.50,46,2445
2026-07-30T04:24:17Z,0,0,31936,12.49,34,210
2026-07-30T04:24:17Z,1,0,32096,16.57,32,210
2026-07-30T04:24:17Z,2,99,31474,306.68,54,2895
2026-07-30T04:24:17Z,3,0,1,20.01,31,210
2026-07-30T04:24:17Z,4,0,29902,18.19,30,210
2026-07-30T04:24:17Z,5,0,29900,16.51,32,210
2026-07-30T04:24:17Z,6,4,1836,75.50,36,2445
2026-07-30T04:24:17Z,7,100,19496,330.16,54,2812
2026-07-30T04:24:19Z,0,0,31936,10.31,34,210
2026-07-30T04:24:19Z,1,0,32096,17.71,32,210
2026-07-30T04:24:19Z,2,99,31474,283.06,54,2895
2026-07-30T04:24:19Z,3,0,1,17.03,31,210
2026-07-30T04:24:19Z,4,0,29902,15.70,30,210
2026-07-30T04:24:19Z,5,0,29900,15.82,32,210
2026-07-30T04:24:19Z,6,59,5336,212.38,42,2790
2026-07-30T04:24:19Z,7,0,19496,299.90,46,2617
2026-07-30T04:24:23Z,0,0,31936,9.89,34,210
2026-07-30T04:24:23Z,1,0,32096,16.26,32,210
2026-07-30T04:24:23Z,2,99,31474,350.54,55,2895
2026-07-30T04:24:23Z,3,0,1,16.37,31,210
2026-07-30T04:24:23Z,4,0,29902,16.49,30,210
2026-07-30T04:24:23Z,5,0,29900,15.87,32,210
2026-07-30T04:24:23Z,6,100,7452,449.54,48,2122
2026-07-30T04:24:23Z,7,0,19496,96.72,45,2910
2026-07-30T04:24:24Z,0,0,31936,12.48,34,210
2026-07-30T04:24:24Z,1,0,32096,15.49,32,210
2026-07-30T04:24:24Z,2,99,31474,294.33,55,2880
2026-07-30T04:24:24Z,3,0,1,19.66,31,210
2026-07-30T04:24:24Z,4,0,29902,17.82,30,210
2026-07-30T04:24:24Z,5,0,29900,17.09,32,210
2026-07-30T04:24:24Z,6,100,7452,450.07,48,1920
2026-07-30T04:24:24Z,7,0,19496,256.24,45,2910
2026-07-30T04:24:26Z,0,0,31936,10.79,34,210
2026-07-30T04:24:26Z,1,0,32096,15.77,32,210
2026-07-30T04:24:26Z,2,99,31474,317.81,55,2857
2026-07-30T04:24:26Z,3,0,1,17.45,31,210
2026-07-30T04:24:26Z,4,0,29902,17.26,30,210
2026-07-30T04:24:26Z,5,0,29900,14.98,32,210
2026-07-30T04:24:26Z,6,92,17186,324.75,44,2040
2026-07-30T04:24:26Z,7,20,19496,391.57,47,2467
2026-07-30T04:24:27Z,0,0,31936,13.40,34,210
2026-07-30T04:24:27Z,1,0,32096,18.26,32,210
2026-07-30T04:24:27Z,2,99,31474,319.07,55,2895
2026-07-30T04:24:27Z,3,0,1,18.39,31,210
2026-07-30T04:24:27Z,4,0,29902,16.91,30,210
2026-07-30T04:24:27Z,5,0,29900,17.84,32,210
2026-07-30T04:24:27Z,6,6,17186,377.11,43,2790
2026-07-30T04:24:27Z,7,0,19496,337.89,46,2685
2026-07-30T04:24:29Z,0,0,31936,11.89,34,210
2026-07-30T04:24:29Z,1,0,32096,15.07,32,210
2026-07-30T04:24:29Z,2,98,31474,283.14,54,2895
2026-07-30T04:24:29Z,3,0,1,17.59,31,210
2026-07-30T04:24:29Z,4,0,29902,19.13,30,210
2026-07-30T04:24:29Z,5,0,29900,15.08,32,210
2026-07-30T04:24:29Z,6,99,17186,451.98,49,2197
2026-07-30T04:24:29Z,7,99,19496,399.21,49,2400
2026-07-30T04:24:30Z,0,0,31936,10.55,34,210
2026-07-30T04:24:30Z,1,0,32096,18.30,32,210
2026-07-30T04:24:30Z,2,100,31474,460.08,62,2625
2026-07-30T04:24:30Z,3,0,1,16.87,31,210
2026-07-30T04:24:30Z,4,0,29902,17.61,30,210
2026-07-30T04:24:30Z,5,0,29900,15.69,32,210
2026-07-30T04:24:30Z,6,37,17186,408.59,46,2467
2026-07-30T04:24:30Z,7,77,19496,349.31,49,2640
2026-07-30T04:24:32Z,0,0,31936,11.64,34,210
2026-07-30T04:24:32Z,1,0,32096,15.83,32,210
2026-07-30T04:24:32Z,2,86,31474,304.67,60,2887
2026-07-30T04:24:32Z,3,0,1,19.26,31,210
2026-07-30T04:24:32Z,4,0,29902,19.07,30,210
2026-07-30T04:24:32Z,5,0,29900,16.47,32,210
2026-07-30T04:24:32Z,6,99,17186,420.69,50,2130
2026-07-30T04:24:32Z,7,1,19496,278.47,46,2850
2026-07-30T04:24:33Z,0,0,31936,10.72,34,210
2026-07-30T04:24:33Z,1,0,32096,17.30,32,210
2026-07-30T04:24:33Z,2,100,31474,450.52,61,2370
2026-07-30T04:24:33Z,3,0,1,17.28,31,210
2026-07-30T04:24:33Z,4,0,29902,15.45,30,210
2026-07-30T04:24:33Z,5,0,29900,15.87,32,210
2026-07-30T04:24:33Z,6,99,19492,353.58,49,2925
2026-07-30T04:24:33Z,7,0,19496,292.53,47,2887
2026-07-30T04:24:35Z,0,0,31936,12.19,34,210
2026-07-30T04:24:35Z,1,0,32096,15.63,32,210
2026-07-30T04:24:35Z,2,100,31474,428.46,62,2632
2026-07-30T04:24:35Z,3,0,1,19.71,31,210
2026-07-30T04:24:35Z,4,0,29902,17.37,30,210
2026-07-30T04:24:35Z,5,0,29900,16.97,32,210
2026-07-30T04:24:35Z,6,24,19492,307.61,43,2197
2026-07-30T04:24:35Z,7,3,19496,156.85,46,2910
2026-07-30T04:24:37Z,0,0,31936,10.22,34,210
2026-07-30T04:24:37Z,1,0,32096,15.64,32,210
2026-07-30T04:24:37Z,2,81,31474,360.45,60,2857
2026-07-30T04:24:37Z,3,0,1,17.59,31,210
2026-07-30T04:24:37Z,4,0,29902,17.90,30,210
2026-07-30T04:24:37Z,5,0,29900,15.10,32,210
2026-07-30T04:24:37Z,6,61,19492,318.09,49,2655
2026-07-30T04:24:37Z,7,18,19496,348.33,49,2220
2026-07-30T04:24:40Z,0,0,31936,9.02,34,210
2026-07-30T04:24:40Z,1,0,32096,16.29,32,210
2026-07-30T04:24:40Z,2,100,31534,451.89,63,2625
2026-07-30T04:24:40Z,3,0,1,18.77,31,210
2026-07-30T04:24:40Z,4,0,29902,18.22,30,210
2026-07-30T04:24:40Z,5,0,29900,13.94,32,210
2026-07-30T04:24:40Z,6,100,19492,310.14,50,2332
2026-07-30T04:24:40Z,7,100,19496,337.47,55,2475
2026-07-30T04:24:42Z,0,0,31936,11.39,34,210
2026-07-30T04:24:42Z,1,0,32096,18.11,32,210
2026-07-30T04:24:42Z,2,99,31614,330.78,56,2895
2026-07-30T04:24:42Z,3,0,1,18.75,31,210
2026-07-30T04:24:42Z,4,0,29902,16.13,30,210
2026-07-30T04:24:42Z,5,0,29900,17.52,32,210
2026-07-30T04:24:42Z,6,0,19492,301.80,44,2917
2026-07-30T04:24:42Z,7,100,19496,367.78,55,2595
2026-07-30T04:24:43Z,0,0,31936,11.71,34,210
2026-07-30T04:24:43Z,1,0,32096,15.57,32,210
2026-07-30T04:24:43Z,2,100,31614,400.44,63,2760
2026-07-30T04:24:43Z,3,0,1,19.42,31,210
2026-07-30T04:24:43Z,4,0,29902,18.06,30,210
2026-07-30T04:24:43Z,5,0,29900,16.75,32,210
2026-07-30T04:24:43Z,6,100,19492,286.00,52,2257
2026-07-30T04:24:43Z,7,99,19496,234.45,54,2580
2026-07-30T04:24:45Z,0,0,31936,10.84,34,210
2026-07-30T04:24:45Z,1,0,32096,18.14,32,210
2026-07-30T04:24:45Z,2,99,31614,436.70,57,2602
2026-07-30T04:24:45Z,3,0,1,17.08,31,210
2026-07-30T04:24:45Z,4,0,29902,15.37,30,210
2026-07-30T04:24:45Z,5,0,29900,16.83,32,210
2026-07-30T04:24:45Z,6,0,19492,305.30,45,2827
2026-07-30T04:24:45Z,7,90,19496,390.35,54,2377
2026-07-30T04:24:46Z,0,0,31936,12.72,34,210
2026-07-30T04:24:46Z,1,0,32096,16.04,32,210
2026-07-30T04:24:46Z,2,99,31614,340.53,56,2895
2026-07-30T04:24:46Z,3,0,1,19.31,31,210
2026-07-30T04:24:46Z,4,0,29902,18.35,30,210
2026-07-30T04:24:46Z,5,0,29900,15.75,32,210
2026-07-30T04:24:46Z,6,99,19492,282.54,52,2880
2026-07-30T04:24:46Z,7,0,19496,253.46,47,2910
2026-07-30T04:24:48Z,0,0,31936,10.01,34,210
2026-07-30T04:24:48Z,1,0,32096,17.37,32,210
2026-07-30T04:24:48Z,2,99,31614,335.57,57,2820
2026-07-30T04:24:48Z,3,0,1,16.49,31,210
2026-07-30T04:24:48Z,4,0,29902,16.77,30,210
2026-07-30T04:24:48Z,5,0,29900,14.84,32,210
2026-07-30T04:24:48Z,6,99,19492,298.69,52,2160
2026-07-30T04:24:48Z,7,99,19496,369.06,54,2227
2026-07-30T04:24:50Z,0,0,31936,12.21,34,210
2026-07-30T04:24:50Z,1,0,32096,18.00,32,210
2026-07-30T04:24:50Z,2,84,31614,336.07,60,2835
2026-07-30T04:24:50Z,3,0,1,19.56,31,210
2026-07-30T04:24:50Z,4,0,29902,18.24,30,210
2026-07-30T04:24:50Z,5,0,29900,16.49,32,210
2026-07-30T04:24:50Z,6,0,19492,367.23,45,2872
2026-07-30T04:24:50Z,7,1,19496,307.96,50,2865
2026-07-30T04:24:51Z,0,0,31936,9.12,34,210
2026-07-30T04:24:51Z,1,0,32096,15.89,32,210
2026-07-30T04:24:51Z,2,99,31614,337.93,56,2895
2026-07-30T04:24:51Z,3,0,1,16.97,31,210
2026-07-30T04:24:51Z,4,0,29902,18.29,30,210
2026-07-30T04:24:51Z,5,0,29900,15.22,32,210
2026-07-30T04:24:51Z,6,0,19492,376.09,45,2887
2026-07-30T04:24:51Z,7,44,19496,127.66,49,2910
2026-07-30T04:24:53Z,0,0,31936,12.86,34,210
2026-07-30T04:24:53Z,1,0,32096,18.90,32,210
2026-07-30T04:24:53Z,2,99,31614,348.68,56,2895
2026-07-30T04:24:53Z,3,0,1,19.36,31,210
2026-07-30T04:24:53Z,4,0,29902,16.40,30,210
2026-07-30T04:24:53Z,5,0,29900,16.97,32,210
2026-07-30T04:24:53Z,6,0,19492,332.96,45,2917
2026-07-30T04:24:53Z,7,17,19496,342.45,49,2722
2026-07-30T04:24:54Z,0,0,31936,12.47,34,210
2026-07-30T04:24:54Z,1,0,32096,16.18,32,210
2026-07-30T04:24:54Z,2,99,31614,348.21,56,2887
2026-07-30T04:24:54Z,3,0,1,19.81,31,210
2026-07-30T04:24:54Z,4,0,29902,18.13,30,210
2026-07-30T04:24:54Z,5,0,29900,16.76,32,210
2026-07-30T04:24:54Z,6,100,19492,317.08,52,2310
2026-07-30T04:24:54Z,7,99,19496,305.50,53,2302
2026-07-30T04:24:58Z,0,0,31936,10.22,34,210
2026-07-30T04:24:58Z,1,0,32096,15.61,32,210
2026-07-30T04:24:58Z,2,100,31614,383.61,63,2670
2026-07-30T04:24:58Z,3,0,1,18.17,31,210
2026-07-30T04:24:58Z,4,0,29902,17.87,30,210
2026-07-30T04:24:58Z,5,0,29900,14.41,32,210
2026-07-30T04:24:58Z,6,100,19492,356.74,55,2550
2026-07-30T04:24:58Z,7,99,19496,405.08,56,2362
2026-07-30T04:24:59Z,0,0,31936,9.88,34,210
2026-07-30T04:24:59Z,1,0,32096,18.22,32,210
2026-07-30T04:24:59Z,2,100,31614,448.77,62,2812
2026-07-30T04:24:59Z,3,0,1,18.27,31,210
2026-07-30T04:24:59Z,4,0,29902,16.27,30,210
2026-07-30T04:24:59Z,5,0,29900,17.57,32,210
2026-07-30T04:24:59Z,6,0,19492,387.25,48,2542
2026-07-30T04:24:59Z,7,0,19496,98.07,48,2910
2026-07-30T04:25:01Z,0,0,31936,11.21,34,210
2026-07-30T04:25:01Z,1,0,32096,14.56,32,210
2026-07-30T04:25:01Z,2,99,31614,428.61,58,2310
2026-07-30T04:25:01Z,3,0,1,18.89,31,210
2026-07-30T04:25:01Z,4,0,29902,17.68,30,210
2026-07-30T04:25:01Z,5,0,29900,16.78,32,210
2026-07-30T04:25:01Z,6,0,19492,97.55,45,2917
2026-07-30T04:25:01Z,7,45,19496,290.38,55,2910
2026-07-30T04:25:03Z,0,0,31936,10.18,34,210
2026-07-30T04:25:03Z,1,0,32096,15.50,32,210
2026-07-30T04:25:03Z,2,100,31614,354.29,63,2887
2026-07-30T04:25:03Z,3,0,1,16.45,31,210
2026-07-30T04:25:03Z,4,0,29902,17.15,30,210
2026-07-30T04:25:03Z,5,0,29900,15.10,32,210
2026-07-30T04:25:03Z,6,6,19492,307.95,47,2550
2026-07-30T04:25:03Z,7,0,19496,266.72,49,2910
2026-07-30T04:25:04Z,0,0,31936,11.29,34,210
2026-07-30T04:25:04Z,1,0,32096,17.82,32,210
2026-07-30T04:25:04Z,2,62,31614,439.20,58,2340
2026-07-30T04:25:04Z,3,0,1,19.35,31,210
2026-07-30T04:25:04Z,4,0,29902,16.69,30,210
2026-07-30T04:25:04Z,5,0,29900,17.93,32,210
2026-07-30T04:25:04Z,6,29,19492,320.02,47,2212
2026-07-30T04:25:04Z,7,0,19496,285.20,49,2812
2026-07-30T04:25:06Z,0,0,31936,9.91,34,210
2026-07-30T04:25:06Z,1,0,32096,15.57,32,210
2026-07-30T04:25:06Z,2,100,31614,450.57,62,2610
2026-07-30T04:25:06Z,3,0,1,18.06,31,210
2026-07-30T04:25:06Z,4,0,29902,18.14,30,210
2026-07-30T04:25:06Z,5,0,29900,14.18,32,210
2026-07-30T04:25:06Z,6,0,19492,343.20,47,2212
2026-07-30T04:25:06Z,7,74,19496,349.68,54,2467
2026-07-30T04:25:07Z,0,0,31936,11.06,34,210
2026-07-30T04:25:07Z,1,0,32096,18.14,32,210
2026-07-30T04:25:07Z,2,99,31614,344.38,57,2895
2026-07-30T04:25:07Z,3,0,1,17.01,31,210
2026-07-30T04:25:07Z,4,0,29902,16.35,30,210
2026-07-30T04:25:07Z,5,0,29900,15.52,32,210
2026-07-30T04:25:07Z,6,67,19492,152.19,50,2910
2026-07-30T04:25:07Z,7,94,19496,352.34,53,2355
2026-07-30T04:25:09Z,0,0,31936,12.16,34,210
2026-07-30T04:25:09Z,1,0,32096,16.20,32,210
2026-07-30T04:25:09Z,2,52,31614,328.61,57,2895
2026-07-30T04:25:09Z,3,0,1,19.19,31,210
2026-07-30T04:25:09Z,4,0,29902,18.38,30,210
2026-07-30T04:25:09Z,5,0,29900,14.41,32,210
2026-07-30T04:25:09Z,6,99,19492,357.12,55,2857
2026-07-30T04:25:09Z,7,99,19496,363.29,56,2295
2026-07-30T04:25:11Z,0,0,31936,12.71,34,210
2026-07-30T04:25:11Z,1,0,32096,17.49,32,202
2026-07-30T04:25:11Z,2,100,31614,358.71,64,2850
2026-07-30T04:25:11Z,3,0,1,17.70,31,210
2026-07-30T04:25:11Z,4,0,29902,16.51,30,210
2026-07-30T04:25:11Z,5,0,29900,17.90,32,210
2026-07-30T04:25:11Z,6,0,19492,271.13,46,2917
2026-07-30T04:25:11Z,7,97,19496,310.88,56,2910
2026-07-30T04:25:12Z,0,0,31936,12.23,34,210
2026-07-30T04:25:12Z,1,0,32096,16.66,32,210
2026-07-30T04:25:12Z,2,99,31614,416.63,58,2895
2026-07-30T04:25:12Z,3,0,1,18.70,31,210
2026-07-30T04:25:12Z,4,0,29902,17.67,30,210
2026-07-30T04:25:12Z,5,0,29900,16.11,32,210
2026-07-30T04:25:12Z,6,32,19492,388.55,52,2445
2026-07-30T04:25:12Z,7,0,19496,298.32,51,2332
2026-07-30T04:25:16Z,0,0,31936,12.35,34,210
2026-07-30T04:25:16Z,1,0,32096,15.68,33,202
2026-07-30T04:25:16Z,2,99,31614,402.19,58,2895
2026-07-30T04:25:16Z,3,0,1,18.84,31,210
2026-07-30T04:25:16Z,4,0,29902,17.42,30,210
2026-07-30T04:25:16Z,5,0,29900,15.16,32,210
2026-07-30T04:25:16Z,6,92,19492,392.13,51,2490
2026-07-30T04:25:16Z,7,3,19496,278.19,50,2812
2026-07-30T04:25:17Z,0,0,31936,9.94,34,210
2026-07-30T04:25:17Z,1,0,32096,17.83,33,210
2026-07-30T04:25:17Z,2,94,31614,354.56,58,2835
2026-07-30T04:25:17Z,3,0,1,17.06,31,210
2026-07-30T04:25:17Z,4,0,29902,16.69,30,210
2026-07-30T04:25:17Z,5,0,29900,14.79,32,210
2026-07-30T04:25:17Z,6,99,19492,324.58,55,2565
2026-07-30T04:25:17Z,7,0,19496,300.14,51,2857
2026-07-30T04:25:19Z,0,0,31936,13.11,34,210
2026-07-30T04:25:19Z,1,0,32096,16.31,33,210
2026-07-30T04:25:19Z,2,99,31614,330.48,58,2880
2026-07-30T04:25:19Z,3,0,1,18.58,31,210
2026-07-30T04:25:19Z,4,0,29902,17.16,30,210
2026-07-30T04:25:19Z,5,0,29900,17.09,32,210
2026-07-30T04:25:19Z,6,99,19492,198.49,55,2670
2026-07-30T04:25:19Z,7,100,19496,317.95,58,2610
2026-07-30T04:25:21Z,0,0,31936,12.36,34,210
2026-07-30T04:25:21Z,1,0,32096,16.17,32,210
2026-07-30T04:25:21Z,2,100,31614,407.60,64,2640
2026-07-30T04:25:21Z,3,0,1,16.77,31,210
2026-07-30T04:25:21Z,4,0,29902,16.55,30,210
2026-07-30T04:25:21Z,5,0,29900,15.09,32,210
2026-07-30T04:25:21Z,6,99,19492,357.37,56,2917
2026-07-30T04:25:21Z,7,38,19496,292.56,50,2910
2026-07-30T04:25:22Z,0,0,31936,10.97,34,210
2026-07-30T04:25:22Z,1,0,32096,17.91,33,202
2026-07-30T04:25:22Z,2,100,31614,449.90,64,2617
2026-07-30T04:25:22Z,3,0,1,17.98,31,210
2026-07-30T04:25:22Z,4,0,29902,15.45,30,210
2026-07-30T04:25:22Z,5,0,29900,17.64,32,210
2026-07-30T04:25:22Z,6,0,19492,303.97,48,2887
2026-07-30T04:25:22Z,7,1,19496,298.75,51,2572
2026-07-30T04:25:24Z,0,0,31936,9.91,34,210
2026-07-30T04:25:24Z,1,0,32096,16.59,33,210
2026-07-30T04:25:24Z,2,99,31614,402.80,58,2895
2026-07-30T04:25:24Z,3,0,1,17.39,31,210
2026-07-30T04:25:24Z,4,0,29902,18.25,30,210
2026-07-30T04:25:24Z,5,0,29900,15.33,32,210
2026-07-30T04:25:24Z,6,3,19492,318.36,48,2647
2026-07-30T04:25:24Z,7,99,19496,336.65,57,2280
2026-07-30T04:25:25Z,0,0,31936,10.65,34,210
2026-07-30T04:25:25Z,1,0,32096,18.07,33,210
2026-07-30T04:25:25Z,2,99,31614,349.72,58,2865
2026-07-30T04:25:25Z,3,0,1,17.44,31,210
2026-07-30T04:25:25Z,4,0,29902,17.34,30,210
2026-07-30T04:25:25Z,5,0,29900,16.39,32,210
2026-07-30T04:25:25Z,6,91,19492,336.33,53,2490
2026-07-30T04:25:25Z,7,7,19496,319.64,57,2910
2026-07-30T04:25:27Z,0,0,31936,12.06,34,210
2026-07-30T04:25:27Z,1,0,32096,16.33,33,210
2026-07-30T04:25:27Z,2,100,31614,464.86,65,2602
2026-07-30T04:25:27Z,3,0,1,19.16,31,210
2026-07-30T04:25:27Z,4,0,29902,17.38,30,210
2026-07-30T04:25:27Z,5,0,29900,16.80,32,210
2026-07-30T04:25:27Z,6,0,19492,319.44,48,2917
2026-07-30T04:25:27Z,7,100,19496,313.92,56,2190
2026-07-30T04:25:28Z,0,0,31936,9.02,34,210
2026-07-30T04:25:28Z,1,0,32096,16.45,33,202
2026-07-30T04:25:28Z,2,99,31614,364.20,58,2850
2026-07-30T04:25:28Z,3,0,1,17.82,31,210
2026-07-30T04:25:28Z,4,0,29902,17.00,30,210
2026-07-30T04:25:28Z,5,0,29900,14.16,32,210
2026-07-30T04:25:28Z,6,13,19492,350.97,52,2827
2026-07-30T04:25:28Z,7,58,19496,302.22,53,2910
2026-07-30T04:25:30Z,0,0,31936,12.39,34,210
2026-07-30T04:25:30Z,1,0,32096,17.61,33,210
2026-07-30T04:25:30Z,2,100,31714,417.21,64,2625
2026-07-30T04:25:30Z,3,0,1,19.81,31,210
2026-07-30T04:25:30Z,4,0,29902,16.36,30,210
2026-07-30T04:25:30Z,5,0,29900,17.08,32,210
2026-07-30T04:25:30Z,6,100,19492,296.32,56,2287
2026-07-30T04:25:30Z,7,67,19496,326.77,57,2242
2026-07-30T04:25:34Z,0,0,31936,11.12,34,210
2026-07-30T04:25:34Z,1,0,32096,17.65,33,210
2026-07-30T04:25:34Z,2,100,31714,359.01,65,2865
2026-07-30T04:25:34Z,3,0,1,17.09,31,210
2026-07-30T04:25:34Z,4,0,29902,16.65,30,210
2026-07-30T04:25:34Z,5,0,29900,15.86,32,210
2026-07-30T04:25:34Z,6,100,19492,288.20,55,1882
2026-07-30T04:25:34Z,7,99,19496,299.53,59,2640
2026-07-30T04:25:35Z,0,0,31936,11.82,34,210
2026-07-30T04:25:35Z,1,0,32096,16.54,33,210
2026-07-30T04:25:35Z,2,99,31714,441.98,60,2272
2026-07-30T04:25:35Z,3,0,1,18.67,31,210
2026-07-30T04:25:35Z,4,0,29902,18.33,30,210
2026-07-30T04:25:35Z,5,0,29900,13.74,32,210
2026-07-30T04:25:35Z,6,62,19492,300.53,52,2895
2026-07-30T04:25:35Z,7,0,19496,165.55,50,2865
2026-07-30T04:25:37Z,0,0,31936,11.99,34,210
2026-07-30T04:25:37Z,1,0,32096,18.35,33,210
2026-07-30T04:25:37Z,2,88,31714,344.85,64,2895
2026-07-30T04:25:37Z,3,0,1,18.72,31,210
2026-07-30T04:25:37Z,4,0,29902,16.25,30,210
2026-07-30T04:25:37Z,5,0,29900,17.50,32,210
2026-07-30T04:25:37Z,6,0,19492,337.90,49,2835
2026-07-30T04:25:37Z,7,0,19496,81.53,49,2482
2026-07-30T04:25:38Z,0,0,31936,11.50,34,210
2026-07-30T04:25:38Z,1,0,32096,16.71,33,210
2026-07-30T04:25:38Z,2,100,31714,450.39,63,2407
2026-07-30T04:25:38Z,3,0,1,18.84,31,210
2026-07-30T04:25:38Z,4,0,29902,17.19,30,210
2026-07-30T04:25:38Z,5,0,29900,16.22,32,210
2026-07-30T04:25:38Z,6,100,19492,395.29,58,2700
2026-07-30T04:25:38Z,7,1,19496,73.01,49,2475
2026-07-30T04:25:40Z,0,0,31936,10.59,34,210
2026-07-30T04:25:40Z,1,0,32096,16.66,33,210
2026-07-30T04:25:40Z,2,100,31714,449.96,65,2625
2026-07-30T04:25:40Z,3,0,1,16.19,31,210
2026-07-30T04:25:40Z,4,0,29902,16.29,30,210
2026-07-30T04:25:40Z,5,0,29900,16.58,32,210
2026-07-30T04:25:40Z,6,100,19492,434.77,57,2490
2026-07-30T04:25:40Z,7,0,19496,72.22,49,2467
2026-07-30T04:25:41Z,0,0,31936,13.41,34,210
2026-07-30T04:25:41Z,1,0,32096,16.65,33,210
2026-07-30T04:25:41Z,2,99,31714,338.54,59,2895
2026-07-30T04:25:41Z,3,0,1,19.72,31,210
2026-07-30T04:25:41Z,4,0,29902,16.10,30,210
2026-07-30T04:25:41Z,5,0,29900,17.01,32,210
2026-07-30T04:25:41Z,6,0,19492,111.12,48,2917
2026-07-30T04:25:41Z,7,0,19496,71.65,48,2467
2026-07-30T04:25:43Z,0,0,31936,10.22,34,210
2026-07-30T04:25:43Z,1,0,32096,17.31,33,210
2026-07-30T04:25:43Z,2,100,31714,409.85,65,2617
2026-07-30T04:25:43Z,3,0,1,16.95,31,202
2026-07-30T04:25:43Z,4,0,29902,16.12,30,210
2026-07-30T04:25:43Z,5,0,29900,14.54,32,210
2026-07-30T04:25:43Z,6,0,19492,78.67,47,2430
2026-07-30T04:25:43Z,7,1,19496,72.61,48,2467
2026-07-30T04:25:44Z,0,0,31936,10.94,34,210
2026-07-30T04:25:44Z,1,0,32096,17.93,33,210
2026-07-30T04:25:44Z,2,99,31714,385.05,59,2895
2026-07-30T04:25:44Z,3,0,1,17.53,31,210
2026-07-30T04:25:44Z,4,0,29902,15.54,30,210
2026-07-30T04:25:44Z,5,0,29900,17.33,32,210
2026-07-30T04:25:44Z,6,99,19492,443.36,53,2130
2026-07-30T04:25:44Z,7,1,19496,70.01,48,2460
2026-07-30T04:25:46Z,0,0,31936,11.34,34,210
2026-07-30T04:25:46Z,1,0,32096,16.46,33,210
2026-07-30T04:25:46Z,2,91,31714,327.02,63,2895
2026-07-30T04:25:46Z,3,0,1,17.56,31,210
2026-07-30T04:25:46Z,4,0,29902,17.99,30,210
2026-07-30T04:25:46Z,5,0,29900,15.14,32,210
2026-07-30T04:25:46Z,6,62,19492,364.81,50,2857
2026-07-30T04:25:46Z,7,0,19496,73.41,48,2482
2026-07-30T04:25:48Z,0,0,31936,12.13,34,210
2026-07-30T04:25:48Z,1,0,32096,18.81,33,210
2026-07-30T04:25:48Z,2,100,31714,450.46,62,2355
2026-07-30T04:25:48Z,3,0,1,18.60,31,210
2026-07-30T04:25:48Z,4,0,29902,16.05,30,210
2026-07-30T04:25:48Z,5,0,29900,16.92,32,210
2026-07-30T04:25:48Z,6,25,19492,294.25,51,2760
2026-07-30T04:25:48Z,7,0,19496,69.85,47,2475
2026-07-30T04:25:51Z,0,0,31936,10.47,34,210
2026-07-30T04:25:51Z,1,0,32096,18.08,33,210
2026-07-30T04:25:51Z,2,100,31714,384.03,65,2865
2026-07-30T04:25:51Z,3,0,1,16.91,31,210
2026-07-30T04:25:51Z,4,0,29902,16.36,30,210
2026-07-30T04:25:51Z,5,0,29900,14.97,32,210
2026-07-30T04:25:51Z,6,99,19492,393.62,57,2812
2026-07-30T04:25:51Z,7,0,19496,70.01,47,2482
2026-07-30T04:25:53Z,0,0,31936,11.85,34,210
2026-07-30T04:25:53Z,1,0,32096,15.98,33,210
2026-07-30T04:25:53Z,2,99,31714,444.53,61,2550
2026-07-30T04:25:53Z,3,0,1,17.73,31,210
2026-07-30T04:25:53Z,4,0,29902,17.88,30,210
2026-07-30T04:25:53Z,5,0,29900,14.59,32,210
2026-07-30T04:25:53Z,6,99,19492,371.00,58,2557
2026-07-30T04:25:53Z,7,1,19496,71.40,47,2467
2026-07-30T04:25:54Z,0,0,31936,9.58,34,210
2026-07-30T04:25:54Z,1,0,32096,17.85,33,210
2026-07-30T04:25:54Z,2,82,31714,330.50,59,2895
2026-07-30T04:25:54Z,3,0,1,16.91,31,210
2026-07-30T04:25:54Z,4,0,29902,16.81,30,210
2026-07-30T04:25:54Z,5,0,29900,14.76,32,210
2026-07-30T04:25:54Z,6,99,19492,159.24,58,2475
2026-07-30T04:25:54Z,7,1,19496,70.39,47,2467
2026-07-30T04:25:56Z,0,0,31936,12.09,34,210
2026-07-30T04:25:56Z,1,0,32096,15.95,33,210
2026-07-30T04:25:56Z,2,100,31714,450.20,66,2617
2026-07-30T04:25:56Z,3,0,1,19.41,31,210
2026-07-30T04:25:56Z,4,0,29902,17.59,30,210
2026-07-30T04:25:56Z,5,0,29900,16.37,32,210
2026-07-30T04:25:56Z,6,9,19492,310.25,56,2805
2026-07-30T04:25:56Z,7,1,19496,69.52,46,2460
2026-07-30T04:25:57Z,0,0,31936,10.53,34,210
2026-07-30T04:25:57Z,1,0,32096,16.57,33,210
2026-07-30T04:25:57Z,2,99,31714,339.33,59,2895
2026-07-30T04:25:57Z,3,0,1,18.50,31,210
2026-07-30T04:25:57Z,4,0,29902,18.63,30,210
2026-07-30T04:25:57Z,5,0,29900,14.30,32,210
2026-07-30T04:25:57Z,6,0,19492,289.60,50,2895
2026-07-30T04:25:57Z,7,0,19496,72.23,46,2475
2026-07-30T04:25:59Z,0,0,31936,12.24,34,210
2026-07-30T04:25:59Z,1,0,32096,18.16,33,210
2026-07-30T04:25:59Z,2,99,31714,356.39,59,2902
2026-07-30T04:25:59Z,3,0,1,17.75,31,210
2026-07-30T04:25:59Z,4,0,29902,15.71,30,210
2026-07-30T04:25:59Z,5,0,29900,16.67,32,210
2026-07-30T04:25:59Z,6,5,19492,308.69,51,2752
2026-07-30T04:25:59Z,7,0,19496,69.64,46,2475
2026-07-30T04:26:00Z,0,0,31936,10.72,34,210
2026-07-30T04:26:00Z,1,0,32096,16.22,33,210
2026-07-30T04:26:00Z,2,85,31714,352.22,65,2902
2026-07-30T04:26:00Z,3,0,1,18.35,31,202
2026-07-30T04:26:00Z,4,0,29902,18.13,30,210
2026-07-30T04:26:00Z,5,0,29900,14.39,32,210
2026-07-30T04:26:00Z,6,27,19492,317.29,50,2700
2026-07-30T04:26:00Z,7,0,19496,72.14,46,2475
2026-07-30T04:26:02Z,0,0,31936,10.81,34,210
2026-07-30T04:26:02Z,1,0,32096,18.23,33,210
2026-07-30T04:26:02Z,2,100,31714,450.35,61,2295
2026-07-30T04:26:02Z,3,0,1,16.89,31,210
2026-07-30T04:26:02Z,4,0,29902,16.39,30,210
2026-07-30T04:26:02Z,5,0,29900,15.63,32,210
2026-07-30T04:26:02Z,6,0,19492,122.18,49,2917
2026-07-30T04:26:02Z,7,0,19496,69.74,46,2475
2026-07-30T04:26:04Z,0,0,31936,10.67,34,210
2026-07-30T04:26:04Z,1,0,32096,16.61,33,210
2026-07-30T04:26:04Z,2,99,31714,364.62,60,2812
2026-07-30T04:26:04Z,3,0,1,19.26,31,210
2026-07-30T04:26:04Z,4,0,29902,18.86,30,210
2026-07-30T04:26:04Z,5,0,29900,15.96,32,210
2026-07-30T04:26:04Z,6,75,19492,402.18,56,2355
2026-07-30T04:26:04Z,7,0,19496,70.31,46,2467
2026-07-30T04:26:05Z,0,0,31936,9.16,34,210
2026-07-30T04:26:05Z,1,0,32096,17.14,33,210
2026-07-30T04:26:05Z,2,100,31714,416.10,64,2617
2026-07-30T04:26:05Z,3,0,1,16.17,31,210
2026-07-30T04:26:05Z,4,0,29902,17.75,30,210
2026-07-30T04:26:05Z,5,0,29900,14.60,32,210
2026-07-30T04:26:05Z,6,100,19492,398.85,58,1935
2026-07-30T04:26:05Z,7,0,19496,70.49,45,2467
2026-07-30T04:26:09Z,0,0,31936,9.75,34,210
2026-07-30T04:26:09Z,1,0,32096,15.98,33,210
2026-07-30T04:26:09Z,2,100,31714,453.50,66,2625
2026-07-30T04:26:09Z,3,0,1,16.33,31,210
2026-07-30T04:26:09Z,4,0,29902,16.98,30,210
2026-07-30T04:26:09Z,5,0,29900,15.50,32,210
2026-07-30T04:26:09Z,6,99,19492,375.23,58,2400
2026-07-30T04:26:09Z,7,1,19496,69.86,45,2467
2026-07-30T04:26:10Z,0,0,31936,12.12,34,210
2026-07-30T04:26:10Z,1,0,32096,18.09,33,210
2026-07-30T04:26:10Z,2,100,31884,428.87,66,2580
2026-07-30T04:26:10Z,3,0,1,17.27,31,210
2026-07-30T04:26:10Z,4,0,29902,15.49,30,210
2026-07-30T04:26:10Z,5,0,29900,16.51,32,210
2026-07-30T04:26:10Z,6,33,19492,367.43,54,2550
2026-07-30T04:26:10Z,7,0,19496,68.14,45,2467
2026-07-30T04:26:12Z,0,0,31936,9.11,34,210
2026-07-30T04:26:12Z,1,0,32096,15.36,33,210
2026-07-30T04:26:12Z,2,100,31884,449.61,66,2602
2026-07-30T04:26:12Z,3,0,1,16.50,31,210
2026-07-30T04:26:12Z,4,0,29902,17.81,30,210
2026-07-30T04:26:12Z,5,0,29900,14.22,32,210
2026-07-30T04:26:12Z,6,35,19492,107.97,49,2887
2026-07-30T04:26:12Z,7,0,19496,68.25,45,2430
2026-07-30T04:26:13Z,0,0,31936,10.10,34,210
2026-07-30T04:26:13Z,1,0,32096,18.80,33,210
2026-07-30T04:26:13Z,2,100,31884,450.09,65,2610
2026-07-30T04:26:13Z,3,0,1,16.98,31,210
2026-07-30T04:26:13Z,4,0,29902,15.19,30,210
2026-07-30T04:26:13Z,5,0,29900,16.92,32,210
2026-07-30T04:26:13Z,6,99,19492,403.03,57,1777
2026-07-30T04:26:13Z,7,0,19496,65.51,45,2430
2026-07-30T04:26:15Z,0,0,31936,10.02,34,210
2026-07-30T04:26:15Z,1,0,32096,16.52,33,210
2026-07-30T04:26:15Z,2,100,31884,449.69,66,2655
2026-07-30T04:26:15Z,3,0,1,18.85,31,210
2026-07-30T04:26:15Z,4,0,29902,17.94,30,210
2026-07-30T04:26:15Z,5,0,29900,14.05,32,210
2026-07-30T04:26:15Z,6,99,19492,405.68,60,2670
2026-07-30T04:26:15Z,7,0,19496,66.91,45,2430
2026-07-30T04:26:16Z,0,0,31936,9.69,34,210
2026-07-30T04:26:16Z,1,0,32096,17.95,33,210
2026-07-30T04:26:16Z,2,99,31884,444.72,62,2325
2026-07-30T04:26:16Z,3,0,1,16.10,31,210
2026-07-30T04:26:16Z,4,0,29902,17.14,30,210
2026-07-30T04:26:16Z,5,0,29900,14.50,32,210
2026-07-30T04:26:16Z,6,30,19492,120.65,50,2910
2026-07-30T04:26:16Z,7,0,19496,66.83,44,2430
2026-07-30T04:26:18Z,0,0,31936,12.39,34,210
2026-07-30T04:26:18Z,1,0,32096,17.52,33,210
2026-07-30T04:26:18Z,2,100,31884,464.58,66,2602
2026-07-30T04:26:18Z,3,0,1,19.72,31,210
2026-07-30T04:26:18Z,4,0,29902,17.24,30,210
2026-07-30T04:26:18Z,5,0,29900,16.78,32,210
2026-07-30T04:26:18Z,6,0,19492,318.01,51,2917
2026-07-30T04:26:18Z,7,0,1,68.71,44,2430
2026-07-30T04:26:19Z,0,0,31936,10.02,34,210
2026-07-30T04:26:19Z,1,0,32096,16.58,33,210
2026-07-30T04:26:19Z,2,99,31884,393.39,61,2887
2026-07-30T04:26:19Z,3,0,1,18.94,31,210
2026-07-30T04:26:19Z,4,0,29902,17.91,30,210
2026-07-30T04:26:19Z,5,0,29900,14.25,32,210
2026-07-30T04:26:19Z,6,84,19492,384.91,55,2040
2026-07-30T04:26:19Z,7,0,1,62.93,44,1237
2026-07-30T04:26:21Z,0,0,31936,11.42,34,210
2026-07-30T04:26:21Z,1,0,32096,17.53,33,210
2026-07-30T04:26:21Z,2,100,31884,425.98,66,2805
2026-07-30T04:26:21Z,3,0,1,17.61,31,210
2026-07-30T04:26:21Z,4,0,29902,15.42,30,210
2026-07-30T04:26:21Z,5,0,29900,16.58,32,210
2026-07-30T04:26:21Z,6,0,19492,333.53,51,2917
2026-07-30T04:26:21Z,7,0,4,34.97,43,412
2026-07-30T04:26:22Z,0,0,31936,11.49,34,210
2026-07-30T04:26:22Z,1,0,32096,16.25,33,210
2026-07-30T04:26:22Z,2,89,31884,444.57,67,2257
2026-07-30T04:26:22Z,3,0,1,18.88,31,210
2026-07-30T04:26:22Z,4,0,29902,17.77,30,210
2026-07-30T04:26:22Z,5,0,29900,15.32,32,210
2026-07-30T04:26:22Z,6,0,19492,99.26,50,2850
2026-07-30T04:26:22Z,7,0,4,20.17,43,217
2026-07-30T04:26:26Z,0,0,31936,11.60,34,210
2026-07-30T04:26:26Z,1,0,32096,15.75,33,210
2026-07-30T04:26:26Z,2,99,31884,377.97,61,2887
2026-07-30T04:26:26Z,3,0,1,18.68,31,210
2026-07-30T04:26:26Z,4,0,29902,17.76,30,210
2026-07-30T04:26:26Z,5,0,29900,14.14,32,210
2026-07-30T04:26:26Z,6,0,19492,75.51,48,2467
2026-07-30T04:26:26Z,7,0,4,14.01,42,210
2026-07-30T04:26:28Z,0,0,31936,9.83,34,210
2026-07-30T04:26:28Z,1,0,32096,16.93,33,210
2026-07-30T04:26:28Z,2,100,31884,450.38,65,2617
2026-07-30T04:26:28Z,3,0,1,16.33,31,210
2026-07-30T04:26:28Z,4,0,29902,14.69,30,210
2026-07-30T04:26:28Z,5,0,29900,14.76,32,210
2026-07-30T04:26:28Z,6,1,19492,73.13,48,2452
2026-07-30T04:26:28Z,7,0,4,15.24,42,210
2026-07-30T04:26:29Z,0,0,31936,12.92,34,210
2026-07-30T04:26:29Z,1,0,32096,16.94,33,210
2026-07-30T04:26:29Z,2,100,31884,451.65,67,2602
2026-07-30T04:26:29Z,3,0,1,19.63,31,210
2026-07-30T04:26:29Z,4,0,29902,16.13,30,210
2026-07-30T04:26:29Z,5,0,29900,16.51,32,210
2026-07-30T04:26:29Z,6,0,19492,75.41,48,2452
2026-07-30T04:26:29Z,7,2,1184,36.01,43,2692
2026-07-30T04:26:31Z,0,0,31936,9.73,34,210
2026-07-30T04:26:31Z,1,0,32096,16.51,33,210
2026-07-30T04:26:31Z,2,100,31884,404.60,67,2722
2026-07-30T04:26:31Z,3,0,1,15.61,31,210
2026-07-30T04:26:31Z,4,0,29902,15.23,30,210
2026-07-30T04:26:31Z,5,0,29900,14.55,32,210
2026-07-30T04:26:31Z,6,0,19492,73.89,48,2475
2026-07-30T04:26:31Z,7,0,1184,66.59,43,2430
2026-07-30T04:26:32Z,0,0,31936,10.84,34,210
2026-07-30T04:26:32Z,1,0,32096,18.05,33,210
2026-07-30T04:26:32Z,2,100,31884,448.52,67,2565
2026-07-30T04:26:32Z,3,0,1,17.83,31,210
2026-07-30T04:26:32Z,4,0,29902,15.26,30,210
2026-07-30T04:26:32Z,5,0,29900,17.51,32,210
2026-07-30T04:26:32Z,6,0,19492,75.15,47,2460
2026-07-30T04:26:32Z,7,0,1184,64.30,43,2430
2026-07-30T04:26:34Z,0,0,31936,10.39,34,210
2026-07-30T04:26:34Z,1,0,32096,15.10,33,210
2026-07-30T04:26:34Z,2,100,31884,450.16,66,2490
2026-07-30T04:26:34Z,3,0,1,17.71,31,210
2026-07-30T04:26:34Z,4,0,29902,17.23,30,210
2026-07-30T04:26:34Z,5,0,29900,13.85,32,210
2026-07-30T04:26:34Z,6,0,19492,73.88,47,2475
2026-07-30T04:26:34Z,7,0,1184,66.72,43,2430
2026-07-30T04:26:35Z,0,0,31936,10.86,34,210
2026-07-30T04:26:35Z,1,0,32096,17.98,33,210
2026-07-30T04:26:35Z,2,100,31884,450.18,65,2265
2026-07-30T04:26:35Z,3,0,1,16.56,31,210
2026-07-30T04:26:35Z,4,0,29902,15.21,30,210
2026-07-30T04:26:35Z,5,0,29900,15.22,32,210
2026-07-30T04:26:35Z,6,0,19492,75.52,47,2497
2026-07-30T04:26:35Z,7,0,1184,64.25,43,2430
2026-07-30T04:26:37Z,0,0,31936,10.50,34,210
2026-07-30T04:26:37Z,1,0,32096,16.11,33,210
2026-07-30T04:26:37Z,2,100,31884,449.94,67,2550
2026-07-30T04:26:37Z,3,0,1,18.45,31,210
2026-07-30T04:26:37Z,4,0,29902,18.01,30,210
2026-07-30T04:26:37Z,5,0,29900,14.47,32,210
2026-07-30T04:26:37Z,6,0,19492,76.58,47,2497
2026-07-30T04:26:37Z,7,0,1184,64.96,43,2430
2026-07-30T04:26:38Z,0,0,31936,9.81,34,210
2026-07-30T04:26:38Z,1,0,32096,18.11,33,210
2026-07-30T04:26:38Z,2,99,31884,390.65,64,2887
2026-07-30T04:26:38Z,3,0,1,16.34,31,210
2026-07-30T04:26:38Z,4,0,29902,17.33,30,210
2026-07-30T04:26:38Z,5,0,29900,14.54,32,210
2026-07-30T04:26:38Z,6,0,19492,72.43,47,2467
2026-07-30T04:26:38Z,7,0,1184,65.44,42,2430
2026-07-30T04:26:40Z,0,0,31936,12.43,34,210
2026-07-30T04:26:40Z,1,0,32096,18.31,33,210
2026-07-30T04:26:40Z,2,100,31884,449.94,67,2602
2026-07-30T04:26:40Z,3,0,1,19.97,31,210
2026-07-30T04:26:40Z,4,0,29902,17.48,30,210
2026-07-30T04:26:40Z,5,0,29900,16.90,32,210
2026-07-30T04:26:40Z,6,0,19492,76.67,46,2497
2026-07-30T04:26:40Z,7,0,1184,64.57,42,2430
2026-07-30T04:26:43Z,0,0,31936,10.37,34,210
2026-07-30T04:26:43Z,1,0,32096,17.27,33,210
2026-07-30T04:26:43Z,2,100,31884,448.44,67,2505
2026-07-30T04:26:43Z,3,0,1,17.64,31,210
2026-07-30T04:26:43Z,4,0,29902,15.26,30,210
2026-07-30T04:26:43Z,5,0,29900,16.17,32,210
2026-07-30T04:26:43Z,6,0,19492,76.10,46,2482
2026-07-30T04:26:43Z,7,0,1184,62.81,42,2430
2026-07-30T04:26:45Z,0,0,31936,8.57,34,210
2026-07-30T04:26:45Z,1,0,32096,16.29,33,210
2026-07-30T04:26:45Z,2,100,31884,449.54,65,2370
2026-07-30T04:26:45Z,3,0,1,16.08,31,210
2026-07-30T04:26:45Z,4,0,29902,17.01,30,210
2026-07-30T04:26:45Z,5,0,29900,13.51,32,210
2026-07-30T04:26:45Z,6,0,19492,74.26,46,2490
2026-07-30T04:26:45Z,7,0,1184,65.92,42,2430
2026-07-30T04:26:46Z,0,0,31936,9.52,34,210
2026-07-30T04:26:46Z,1,0,32096,18.40,33,210
2026-07-30T04:26:46Z,2,100,31884,450.35,66,2610
2026-07-30T04:26:46Z,3,0,1,16.46,31,210
2026-07-30T04:26:46Z,4,0,29902,16.16,30,210
2026-07-30T04:26:46Z,5,0,29900,15.06,32,210
2026-07-30T04:26:46Z,6,1,19492,74.64,46,2482
2026-07-30T04:26:46Z,7,0,1184,54.14,42,1012
2026-07-30T04:26:48Z,0,0,31936,10.20,34,210
2026-07-30T04:26:48Z,1,0,32096,15.85,33,210
2026-07-30T04:26:48Z,2,46,31884,373.27,60,2887
2026-07-30T04:26:48Z,3,0,1,18.59,31,210
2026-07-30T04:26:48Z,4,0,29902,18.22,30,210
2026-07-30T04:26:48Z,5,0,29900,15.84,32,210
2026-07-30T04:26:48Z,6,0,19492,71.28,45,2430
2026-07-30T04:26:48Z,7,0,1184,24.39,41,337
2026-07-30T04:26:49Z,0,0,31936,9.67,34,210
2026-07-30T04:26:49Z,1,0,32096,17.06,33,210
2026-07-30T04:26:49Z,2,100,31884,437.97,67,2610
2026-07-30T04:26:49Z,3,0,1,16.02,31,210
2026-07-30T04:26:49Z,4,0,29902,15.98,30,210
2026-07-30T04:26:49Z,5,0,29900,16.02,32,210
2026-07-30T04:26:49Z,6,0,19492,70.00,45,2430
2026-07-30T04:26:49Z,7,0,1184,13.90,41,210
2026-07-30T04:26:51Z,0,0,31936,12.12,34,210
2026-07-30T04:26:51Z,1,0,32096,16.81,33,210
2026-07-30T04:26:51Z,2,100,31884,449.93,67,2595
2026-07-30T04:26:51Z,3,0,1,19.72,31,210
2026-07-30T04:26:51Z,4,0,29902,17.59,30,202
2026-07-30T04:26:51Z,5,0,29900,16.69,32,210
2026-07-30T04:26:51Z,6,0,19492,71.71,45,2430
2026-07-30T04:26:51Z,7,0,1184,12.45,41,210
2026-07-30T04:26:53Z,0,0,31936,8.99,34,210
2026-07-30T04:26:53Z,1,0,32096,16.19,33,210
2026-07-30T04:26:53Z,2,99,31884,439.06,62,2362
2026-07-30T04:26:53Z,3,0,1,16.11,31,210
2026-07-30T04:26:53Z,4,0,29902,16.80,30,210
2026-07-30T04:26:53Z,5,0,29900,14.74,32,210
2026-07-30T04:26:53Z,6,0,19492,68.58,45,2430
2026-07-30T04:26:53Z,7,0,1184,14.88,41,210
2026-07-30T04:26:54Z,0,0,31936,11.34,34,210
2026-07-30T04:26:54Z,1,0,32096,17.61,33,210
2026-07-30T04:26:54Z,2,99,31884,381.79,62,2887
2026-07-30T04:26:54Z,3,0,1,17.42,31,210
2026-07-30T04:26:54Z,4,0,29902,15.73,30,210
2026-07-30T04:26:54Z,5,0,29900,17.81,32,210
2026-07-30T04:26:54Z,6,0,19492,70.86,45,2430
2026-07-30T04:26:54Z,7,0,1184,11.63,41,210
2026-07-30T04:26:56Z,0,0,31936,10.22,34,210
2026-07-30T04:26:56Z,1,0,32096,16.56,33,210
2026-07-30T04:26:56Z,2,100,31884,449.37,67,2617
2026-07-30T04:26:56Z,3,0,1,18.11,31,210
2026-07-30T04:26:56Z,4,0,29902,17.95,30,210
2026-07-30T04:26:56Z,5,0,29900,14.39,32,210
2026-07-30T04:26:56Z,6,0,19492,69.27,45,2430
2026-07-30T04:26:56Z,7,0,1184,12.50,41,210
2026-07-30T04:26:57Z,0,0,31936,9.21,34,210
2026-07-30T04:26:57Z,1,0,32096,18.18,33,210
2026-07-30T04:26:57Z,2,0,31884,335.11,58,2902
2026-07-30T04:26:57Z,3,0,1,16.05,31,210
2026-07-30T04:26:57Z,4,0,29902,16.21,30,210
2026-07-30T04:26:57Z,5,0,29900,15.20,32,210
2026-07-30T04:26:57Z,6,0,1,72.39,45,2430
2026-07-30T04:26:57Z,7,0,1184,12.19,41,210
2026-07-30T04:27:01Z,0,0,31936,9.54,34,210
2026-07-30T04:27:01Z,1,0,32096,18.20,33,210
2026-07-30T04:27:01Z,2,100,31884,426.43,67,2617
2026-07-30T04:27:01Z,3,0,1,16.59,31,210
2026-07-30T04:27:01Z,4,0,29902,15.61,30,210
2026-07-30T04:27:01Z,5,0,29900,15.65,32,210
2026-07-30T04:27:01Z,6,0,4,41.48,44,435
2026-07-30T04:27:01Z,7,16,17356,168.79,46,2310
2026-07-30T04:27:02Z,0,0,31936,11.94,34,210
2026-07-30T04:27:02Z,1,0,32096,15.07,33,210
2026-07-30T04:27:02Z,2,95,31884,428.59,65,2880
2026-07-30T04:27:02Z,3,0,1,19.97,31,210
2026-07-30T04:27:02Z,4,0,29902,18.35,30,210
2026-07-30T04:27:02Z,5,0,29900,13.83,32,210
2026-07-30T04:27:02Z,6,0,4,16.03,43,210
2026-07-30T04:27:02Z,7,0,17358,96.18,43,2917
2026-07-30T04:27:04Z,0,0,31936,9.95,34,210
2026-07-30T04:27:04Z,1,0,32096,17.70,33,210
2026-07-30T04:27:04Z,2,100,31884,415.06,67,2850
2026-07-30T04:27:04Z,3,0,1,17.05,31,210
2026-07-30T04:27:04Z,4,0,29902,15.97,30,210
2026-07-30T04:27:04Z,5,0,29900,14.41,32,210
2026-07-30T04:27:04Z,6,0,4,12.40,43,210
2026-07-30T04:27:04Z,7,0,17358,64.62,42,2430
2026-07-30T04:27:06Z,0,0,31936,11.68,34,210
2026-07-30T04:27:06Z,1,0,32096,17.20,33,210
2026-07-30T04:27:06Z,2,99,31884,439.20,62,2242
2026-07-30T04:27:06Z,3,0,1,19.13,31,210
2026-07-30T04:27:06Z,4,0,29902,16.74,30,210
2026-07-30T04:27:06Z,5,0,29900,16.66,32,210
2026-07-30T04:27:06Z,6,0,4,14.33,43,210
2026-07-30T04:27:06Z,7,0,17358,64.10,42,2430
2026-07-30T04:27:07Z,0,0,31936,10.01,34,210
2026-07-30T04:27:07Z,1,0,32096,16.39,33,210
2026-07-30T04:27:07Z,2,99,31884,385.13,62,2895
2026-07-30T04:27:07Z,3,0,1,16.80,31,210
2026-07-30T04:27:07Z,4,0,29902,17.73,30,210
2026-07-30T04:27:07Z,5,0,29900,14.76,32,210
2026-07-30T04:27:07Z,6,0,4,12.03,42,210
2026-07-30T04:27:07Z,7,0,17358,65.59,42,2430
2026-07-30T04:27:09Z,0,0,31936,12.03,34,210
2026-07-30T04:27:09Z,1,0,32096,18.16,33,210
2026-07-30T04:27:09Z,2,100,31884,450.38,66,2610
2026-07-30T04:27:09Z,3,0,1,19.15,31,210
2026-07-30T04:27:09Z,4,0,29902,16.09,30,210
2026-07-30T04:27:09Z,5,0,29900,16.90,32,210
2026-07-30T04:27:09Z,6,6,898,25.43,43,2092
2026-07-30T04:27:09Z,7,0,17358,62.88,42,2430
2026-07-30T04:27:10Z,0,0,31936,11.11,34,210
2026-07-30T04:27:10Z,1,0,32096,16.07,33,210
2026-07-30T04:27:10Z,2,100,31884,451.36,66,2595
2026-07-30T04:27:10Z,3,0,1,18.73,31,210
2026-07-30T04:27:10Z,4,0,29902,18.27,30,210
2026-07-30T04:27:10Z,5,0,29900,14.64,32,210
2026-07-30T04:27:10Z,6,0,1184,68.36,43,2430
2026-07-30T04:27:10Z,7,0,17358,65.85,42,2430
2026-07-30T04:27:12Z,0,0,31936,11.46,34,202
2026-07-30T04:27:12Z,1,0,32096,18.72,33,210
2026-07-30T04:27:12Z,2,99,31884,383.66,62,2872
2026-07-30T04:27:12Z,3,0,1,17.13,31,210
2026-07-30T04:27:12Z,4,0,29902,15.11,30,210
2026-07-30T04:27:12Z,5,0,29900,17.23,32,210
2026-07-30T04:27:12Z,6,0,1184,69.14,43,2430
2026-07-30T04:27:12Z,7,0,17358,63.04,42,2430
2026-07-30T04:27:13Z,0,0,31936,11.80,34,210
2026-07-30T04:27:13Z,1,0,32096,17.13,33,210
2026-07-30T04:27:13Z,2,99,31884,364.63,61,2887
2026-07-30T04:27:13Z,3,0,1,18.64,31,210
2026-07-30T04:27:13Z,4,0,29902,17.21,30,210
2026-07-30T04:27:13Z,5,0,29900,16.47,32,210
2026-07-30T04:27:13Z,6,0,1184,69.55,43,2430
2026-07-30T04:27:13Z,7,0,17358,64.51,42,2430
2026-07-30T04:27:15Z,0,0,31936,9.73,34,210
2026-07-30T04:27:15Z,1,0,32096,18.37,33,210
2026-07-30T04:27:15Z,2,100,31884,455.67,67,2610
2026-07-30T04:27:15Z,3,0,1,15.66,31,210
2026-07-30T04:27:15Z,4,0,29902,16.87,30,210
2026-07-30T04:27:15Z,5,0,29900,14.48,32,210
2026-07-30T04:27:15Z,6,0,1184,67.21,43,2430
2026-07-30T04:27:15Z,7,0,17358,64.11,42,2430
2026-07-30T04:27:19Z,0,0,31936,8.07,34,202
2026-07-30T04:27:19Z,1,0,32096,16.51,33,210
2026-07-30T04:27:19Z,2,100,31884,449.67,67,2677
2026-07-30T04:27:19Z,3,0,1,16.25,31,210
2026-07-30T04:27:19Z,4,0,29902,15.97,30,210
2026-07-30T04:27:19Z,5,0,29900,15.90,32,210
2026-07-30T04:27:19Z,6,0,1184,66.45,43,2430
2026-07-30T04:27:19Z,7,0,17358,48.84,41,457
2026-07-30T04:27:20Z,0,0,31936,12.17,34,210
2026-07-30T04:27:20Z,1,0,32096,17.36,33,210
2026-07-30T04:27:20Z,2,100,31884,449.72,67,2250
2026-07-30T04:27:20Z,3,0,1,17.68,31,210
2026-07-30T04:27:20Z,4,0,29902,15.48,30,210
2026-07-30T04:27:20Z,5,0,29900,16.90,32,210
2026-07-30T04:27:20Z,6,0,1184,68.11,42,2430
2026-07-30T04:27:20Z,7,0,17358,13.33,41,210
2026-07-30T04:27:22Z,0,0,31936,9.79,34,210
2026-07-30T04:27:22Z,1,0,32096,15.57,33,210
2026-07-30T04:27:22Z,2,100,31884,449.44,67,2317
2026-07-30T04:27:22Z,3,0,1,17.42,31,210
2026-07-30T04:27:22Z,4,0,29902,17.46,30,210
2026-07-30T04:27:22Z,5,0,29900,14.28,32,210
2026-07-30T04:27:22Z,6,0,1184,66.70,42,2430
2026-07-30T04:27:22Z,7,0,17358,13.77,41,210
2026-07-30T04:27:23Z,0,0,31936,11.17,34,210
2026-07-30T04:27:23Z,1,0,32096,17.81,33,210
2026-07-30T04:27:23Z,2,100,31884,450.35,67,2415
2026-07-30T04:27:23Z,3,0,1,16.85,31,210
2026-07-30T04:27:23Z,4,0,29902,14.90,30,210
2026-07-30T04:27:23Z,5,0,29900,16.91,32,210
2026-07-30T04:27:23Z,6,0,1184,67.83,42,2430
2026-07-30T04:27:23Z,7,0,17358,13.22,41,210
2026-07-30T04:27:25Z,0,0,31936,11.03,34,210
2026-07-30T04:27:25Z,1,0,32096,16.71,33,210
2026-07-30T04:27:25Z,2,99,31884,369.45,62,2880
2026-07-30T04:27:25Z,3,0,1,18.89,31,210
2026-07-30T04:27:25Z,4,0,29902,18.04,30,210
2026-07-30T04:27:25Z,5,0,29900,14.90,32,210
2026-07-30T04:27:25Z,6,0,1184,67.15,42,2430
2026-07-30T04:27:25Z,7,100,17358,129.09,49,2010
2026-07-30T04:27:26Z,0,0,31936,9.99,34,210
2026-07-30T04:27:26Z,1,0,32096,18.59,33,210
2026-07-30T04:27:26Z,2,88,31884,398.66,67,2865
2026-07-30T04:27:26Z,3,0,1,16.54,31,210
2026-07-30T04:27:26Z,4,0,29902,17.06,30,210
2026-07-30T04:27:26Z,5,0,29900,15.33,32,210
2026-07-30T04:27:26Z,6,0,1184,63.47,42,2070
2026-07-30T04:27:26Z,7,0,17358,94.96,43,2917
2026-07-30T04:27:28Z,0,0,31936,11.31,34,210
2026-07-30T04:27:28Z,1,0,32096,14.74,33,210
2026-07-30T04:27:28Z,2,100,31884,450.29,65,2332
2026-07-30T04:27:28Z,3,0,1,18.91,31,210
2026-07-30T04:27:28Z,4,0,29902,17.58,30,210
2026-07-30T04:27:28Z,5,0,29900,15.51,32,210
2026-07-30T04:27:28Z,6,0,1184,26.69,41,367
2026-07-30T04:27:28Z,7,0,17358,64.45,42,2430
2026-07-30T04:27:29Z,0,0,31936,9.39,34,210
2026-07-30T04:27:29Z,1,0,32096,15.79,33,210
2026-07-30T04:27:29Z,2,100,31884,450.04,68,2610
2026-07-30T04:27:29Z,3,0,1,17.65,31,210
2026-07-30T04:27:29Z,4,0,29902,15.03,30,210
2026-07-30T04:27:29Z,5,0,29900,13.63,32,210
2026-07-30T04:27:29Z,6,0,1184,11.55,41,210
2026-07-30T04:27:29Z,7,0,17358,65.28,42,2430
2026-07-30T04:27:31Z,0,0,31936,10.96,34,210
2026-07-30T04:27:31Z,1,0,32096,17.64,33,210
2026-07-30T04:27:31Z,2,99,31884,387.00,62,2872
2026-07-30T04:27:31Z,3,0,1,17.86,31,210
2026-07-30T04:27:31Z,4,0,29902,15.61,30,210
2026-07-30T04:27:31Z,5,0,29900,16.73,32,210
2026-07-30T04:27:31Z,6,0,1184,12.56,41,210
2026-07-30T04:27:31Z,7,0,17358,62.99,42,2430
2026-07-30T04:27:33Z,0,0,31936,10.41,34,210
2026-07-30T04:27:33Z,1,0,32096,15.52,33,210
2026-07-30T04:27:33Z,2,45,31884,400.43,65,2872
2026-07-30T04:27:33Z,3,0,1,17.89,31,210
2026-07-30T04:27:33Z,4,0,29902,17.84,30,210
2026-07-30T04:27:33Z,5,0,29900,14.74,32,210
2026-07-30T04:27:33Z,6,0,1184,13.08,41,210
2026-07-30T04:27:33Z,7,0,17358,65.83,42,2430
2026-07-30T04:27:36Z,0,0,31936,10.59,34,210
2026-07-30T04:27:36Z,1,0,32096,15.68,33,210
2026-07-30T04:27:36Z,2,99,31884,449.01,66,2422
2026-07-30T04:27:36Z,3,0,1,17.13,31,210
2026-07-30T04:27:36Z,4,0,29902,17.28,30,210
2026-07-30T04:27:36Z,5,0,29900,13.76,32,210
2026-07-30T04:27:36Z,6,0,1184,10.49,40,210
2026-07-30T04:27:36Z,7,0,17358,65.34,42,2430
2026-07-30T04:27:38Z,0,0,31936,11.78,34,210
2026-07-30T04:27:38Z,1,0,32096,18.16,33,210
2026-07-30T04:27:38Z,2,100,31884,450.48,66,2430
2026-07-30T04:27:38Z,3,0,1,17.89,31,210
2026-07-30T04:27:38Z,4,0,29902,15.30,30,210
2026-07-30T04:27:38Z,5,0,29900,17.47,32,210
2026-07-30T04:27:38Z,6,0,1184,10.84,40,210
2026-07-30T04:27:38Z,7,0,17358,61.82,42,2430
2026-07-30T04:27:40Z,0,0,31936,10.36,34,210
2026-07-30T04:27:40Z,1,0,32096,15.03,33,210
2026-07-30T04:27:40Z,2,100,31884,439.94,67,2610
2026-07-30T04:27:40Z,3,0,1,18.02,31,210
2026-07-30T04:27:40Z,4,0,29902,17.44,30,210
2026-07-30T04:27:40Z,5,0,29900,13.81,32,210
2026-07-30T04:27:40Z,6,0,1184,12.15,40,210
2026-07-30T04:27:40Z,7,0,17358,65.18,42,2430
2026-07-30T04:27:41Z,0,0,31936,10.28,34,210
2026-07-30T04:27:41Z,1,0,32096,17.70,33,210
2026-07-30T04:27:41Z,2,100,31884,449.78,67,2527
2026-07-30T04:27:41Z,3,0,1,16.35,31,210
2026-07-30T04:27:41Z,4,0,29902,16.19,30,210
2026-07-30T04:27:41Z,5,0,29900,14.94,32,210
2026-07-30T04:27:41Z,6,0,1184,10.21,40,210
2026-07-30T04:27:41Z,7,0,17358,63.21,42,2430
2026-07-30T04:27:43Z,0,0,31936,11.45,34,210
2026-07-30T04:27:43Z,1,0,32096,16.56,33,210
2026-07-30T04:27:43Z,2,99,31884,438.44,63,2797
2026-07-30T04:27:43Z,3,0,1,18.29,31,210
2026-07-30T04:27:43Z,4,0,29902,18.09,30,210
2026-07-30T04:27:43Z,5,0,29900,15.93,32,210
2026-07-30T04:27:43Z,6,0,1184,12.65,40,210
2026-07-30T04:27:43Z,7,0,17358,64.48,42,2430
2026-07-30T04:27:44Z,0,0,31936,9.68,34,210
2026-07-30T04:27:44Z,1,0,32096,18.34,33,210
2026-07-30T04:27:44Z,2,99,31884,377.19,62,2872
2026-07-30T04:27:44Z,3,0,1,17.00,31,210
2026-07-30T04:27:44Z,4,0,29902,17.71,30,210
2026-07-30T04:27:44Z,5,0,29900,14.97,32,210
2026-07-30T04:27:44Z,6,0,1184,11.15,40,210
2026-07-30T04:27:44Z,7,0,17358,26.87,41,337
2026-07-30T04:27:46Z,0,0,31936,11.30,34,210
2026-07-30T04:27:46Z,1,0,32096,15.15,33,210
2026-07-30T04:27:46Z,2,100,31884,450.30,68,2610
2026-07-30T04:27:46Z,3,0,1,18.24,31,210
2026-07-30T04:27:46Z,4,0,29902,16.82,30,210
2026-07-30T04:27:46Z,5,0,29900,16.65,32,210
2026-07-30T04:27:46Z,6,0,1184,11.98,40,210
2026-07-30T04:27:46Z,7,0,17358,12.80,41,210
2026-07-30T04:27:48Z,0,0,31936,9.70,34,210
2026-07-30T04:27:48Z,1,0,32096,15.87,33,210
2026-07-30T04:27:48Z,2,100,31884,451.41,67,2587
2026-07-30T04:27:48Z,3,0,1,17.00,31,210
2026-07-30T04:27:48Z,4,0,29902,15.97,30,210
2026-07-30T04:27:48Z,5,0,29900,14.68,32,202
2026-07-30T04:27:48Z,6,24,17358,288.74,43,2910
2026-07-30T04:27:48Z,7,0,17358,13.71,41,210
2026-07-30T04:27:49Z,0,0,31936,12.14,34,210
2026-07-30T04:27:49Z,1,0,32096,17.53,33,210
2026-07-30T04:27:49Z,2,99,31884,403.13,63,2842
2026-07-30T04:27:49Z,3,0,1,17.10,31,210
2026-07-30T04:27:49Z,4,0,29902,15.62,30,210
2026-07-30T04:27:49Z,5,0,29900,16.41,32,210
2026-07-30T04:27:49Z,6,0,17358,89.15,42,2550
2026-07-30T04:27:49Z,7,0,17358,11.93,40,210
2026-07-30T04:27:51Z,0,0,31936,9.91,34,210
2026-07-30T04:27:51Z,1,0,32096,16.20,33,210
2026-07-30T04:27:51Z,2,100,31884,450.51,66,2415
2026-07-30T04:27:51Z,3,0,1,18.04,31,210
2026-07-30T04:27:51Z,4,0,29902,17.43,30,210
2026-07-30T04:27:51Z,5,0,29900,14.88,32,210
2026-07-30T04:27:51Z,6,0,17358,66.71,41,2430
2026-07-30T04:27:51Z,7,0,17358,13.39,40,210
2026-07-30T04:27:54Z,0,0,31936,10.52,34,210
2026-07-30T04:27:54Z,1,0,32096,15.54,33,210
2026-07-30T04:27:54Z,2,100,31884,449.88,67,2602
2026-07-30T04:27:54Z,3,0,1,18.13,31,210
2026-07-30T04:27:54Z,4,0,29902,18.01,30,210
2026-07-30T04:27:54Z,5,0,29900,14.67,32,202
2026-07-30T04:27:54Z,6,0,17358,66.77,41,2430
2026-07-30T04:27:54Z,7,0,17358,13.38,40,210
2026-07-30T04:27:56Z,0,0,31936,10.95,34,210
2026-07-30T04:27:56Z,1,0,32096,18.45,33,210
2026-07-30T04:27:56Z,2,90,31884,402.66,61,2872
2026-07-30T04:27:56Z,3,0,1,16.66,31,210
2026-07-30T04:27:56Z,4,0,29902,14.66,30,210
2026-07-30T04:27:56Z,5,0,29900,15.95,32,210
2026-07-30T04:27:56Z,6,0,17358,66.85,41,2430
2026-07-30T04:27:56Z,7,23,17358,316.51,43,2797
2026-07-30T04:27:57Z,0,0,31936,12.73,34,210
2026-07-30T04:27:57Z,1,0,32096,16.41,33,210
2026-07-30T04:27:57Z,2,100,31884,446.44,68,2707
2026-07-30T04:27:57Z,3,0,1,20.71,31,210
2026-07-30T04:27:57Z,4,0,29902,18.08,30,210
2026-07-30T04:27:57Z,5,0,29900,17.07,32,210
2026-07-30T04:27:57Z,6,0,17358,67.71,41,2430
2026-07-30T04:27:57Z,7,0,17358,95.64,42,2917
2026-07-30T04:27:59Z,0,0,31936,10.18,34,210
2026-07-30T04:27:59Z,1,0,32096,17.90,33,210
2026-07-30T04:27:59Z,2,99,31884,442.80,63,2527
2026-07-30T04:27:59Z,3,0,1,16.00,31,210
2026-07-30T04:27:59Z,4,0,29902,16.73,30,210
2026-07-30T04:27:59Z,5,0,29900,15.27,32,210
2026-07-30T04:27:59Z,6,0,17358,65.38,41,2430
2026-07-30T04:27:59Z,7,0,17358,64.30,41,2430
2026-07-30T04:28:01Z,0,0,31936,12.30,34,210
2026-07-30T04:28:01Z,1,0,32096,18.34,33,210
2026-07-30T04:28:01Z,2,98,31884,408.58,67,2850
2026-07-30T04:28:01Z,3,0,1,18.91,31,210
2026-07-30T04:28:01Z,4,0,29902,16.53,30,210
2026-07-30T04:28:01Z,5,0,29900,15.78,32,210
2026-07-30T04:28:01Z,6,0,17358,68.31,41,2430
2026-07-30T04:28:01Z,7,0,17358,62.83,41,2430
2026-07-30T04:28:02Z,0,0,31936,9.34,34,210
2026-07-30T04:28:02Z,1,0,32096,16.59,33,210
2026-07-30T04:28:02Z,2,100,31884,450.34,67,2242
2026-07-30T04:28:02Z,3,0,1,16.46,31,210
2026-07-30T04:28:02Z,4,0,29902,17.50,30,210
2026-07-30T04:28:02Z,5,0,29900,14.76,32,210
2026-07-30T04:28:02Z,6,0,17358,65.32,41,2430
2026-07-30T04:28:02Z,7,0,17358,64.93,41,2430
2026-07-30T04:28:04Z,0,0,31936,12.10,34,210
2026-07-30T04:28:04Z,1,0,32096,17.86,33,210
2026-07-30T04:28:04Z,2,100,31884,459.99,68,2595
2026-07-30T04:28:04Z,3,0,1,18.73,31,210
2026-07-30T04:28:04Z,4,0,29902,15.50,30,210
2026-07-30T04:28:04Z,5,0,29900,17.31,32,210
2026-07-30T04:28:04Z,6,0,17358,67.39,41,2430
2026-07-30T04:28:04Z,7,0,17358,62.23,41,2430
2026-07-30T04:28:05Z,0,0,31936,11.25,34,210
2026-07-30T04:28:05Z,1,0,32096,16.16,33,210
2026-07-30T04:28:05Z,2,86,31884,431.32,66,2857
2026-07-30T04:28:05Z,3,0,1,18.91,31,210
2026-07-30T04:28:05Z,4,0,29902,18.40,30,210
2026-07-30T04:28:05Z,5,0,29900,16.15,32,210
2026-07-30T04:28:05Z,6,0,17358,31.27,40,367
2026-07-30T04:28:05Z,7,0,17358,64.99,41,2430
2026-07-30T04:28:07Z,0,0,31936,11.57,34,210
2026-07-30T04:28:07Z,1,0,32096,18.57,33,210
2026-07-30T04:28:07Z,2,100,31884,469.40,67,2602
2026-07-30T04:28:07Z,3,0,1,16.76,31,210
2026-07-30T04:28:07Z,4,0,29902,15.60,30,210
2026-07-30T04:28:07Z,5,0,29900,15.72,32,210
2026-07-30T04:28:07Z,6,0,17358,11.68,40,210
2026-07-30T04:28:07Z,7,0,17358,62.56,41,2430
2026-07-30T04:28:08Z,0,0,31936,12.20,34,210
2026-07-30T04:28:08Z,1,0,32096,15.75,33,210
2026-07-30T04:28:08Z,2,99,31884,423.14,63,2872
2026-07-30T04:28:08Z,3,0,1,18.29,31,210
2026-07-30T04:28:08Z,4,0,29902,15.82,30,210
2026-07-30T04:28:08Z,5,0,29900,16.69,32,210
2026-07-30T04:28:08Z,6,0,17358,12.98,40,210
2026-07-30T04:28:08Z,7,0,17358,63.83,41,2430
2026-07-30T04:28:12Z,0,0,31936,11.94,34,210
2026-07-30T04:28:12Z,1,0,32096,14.97,33,210
2026-07-30T04:28:12Z,2,100,31884,450.28,68,2587
2026-07-30T04:28:12Z,3,0,1,19.29,31,210
2026-07-30T04:28:12Z,4,0,29902,17.48,30,210
2026-07-30T04:28:12Z,5,0,29900,16.40,32,210
2026-07-30T04:28:12Z,6,7,17358,15.91,40,562
2026-07-30T04:28:12Z,7,0,17358,64.14,41,2430
2026-07-30T04:28:14Z,0,0,31936,10.51,33,210
2026-07-30T04:28:14Z,1,0,32096,16.05,33,210
2026-07-30T04:28:14Z,2,100,31884,450.23,69,2595
2026-07-30T04:28:14Z,3,0,1,18.10,31,210
2026-07-30T04:28:14Z,4,0,29902,17.69,30,210
2026-07-30T04:28:14Z,5,0,29900,14.01,32,210
2026-07-30T04:28:14Z,6,0,17358,179.85,42,2925
2026-07-30T04:28:14Z,7,0,17358,48.94,41,450
2026-07-30T04:28:15Z,0,0,31936,12.23,33,210
2026-07-30T04:28:15Z,1,0,32096,17.11,33,210
2026-07-30T04:28:15Z,2,99,31884,409.17,63,2872
2026-07-30T04:28:15Z,3,0,1,17.74,31,210
2026-07-30T04:28:15Z,4,0,29902,15.95,30,210
2026-07-30T04:28:15Z,5,0,29900,16.77,32,210
2026-07-30T04:28:15Z,6,0,17358,74.29,41,2430
2026-07-30T04:28:15Z,7,0,17358,13.44,40,210
2026-07-30T04:28:17Z,0,0,31936,9.18,34,210
2026-07-30T04:28:17Z,1,0,32096,16.39,33,210
2026-07-30T04:28:17Z,2,100,31884,409.12,68,2842
2026-07-30T04:28:17Z,3,0,1,16.54,31,210
2026-07-30T04:28:17Z,4,0,29902,17.73,30,210
2026-07-30T04:28:17Z,5,0,29900,14.35,32,210
2026-07-30T04:28:17Z,6,0,17358,65.36,41,2430
2026-07-30T04:28:17Z,7,0,17358,13.36,40,210
2026-07-30T04:28:18Z,0,0,31936,10.93,33,210
2026-07-30T04:28:18Z,1,0,32096,18.12,33,210
2026-07-30T04:28:18Z,2,74,31884,443.95,69,2250
2026-07-30T04:28:18Z,3,0,1,16.91,31,210
2026-07-30T04:28:18Z,4,0,29902,14.84,30,210
2026-07-30T04:28:18Z,5,0,29900,15.63,32,210
2026-07-30T04:28:18Z,6,0,17358,66.89,41,2430
2026-07-30T04:28:18Z,7,37,17358,219.55,44,2452
2026-07-30T04:28:20Z,0,0,31936,11.44,33,210
2026-07-30T04:28:20Z,1,0,32096,16.03,33,210
2026-07-30T04:28:20Z,2,100,31884,450.39,66,2557
2026-07-30T04:28:20Z,3,0,1,18.63,31,210
2026-07-30T04:28:20Z,4,0,29902,17.88,30,210
2026-07-30T04:28:20Z,5,0,29900,13.92,32,210
2026-07-30T04:28:20Z,6,0,17358,66.18,41,2430
2026-07-30T04:28:20Z,7,0,17358,96.58,42,2917
2026-07-30T04:28:21Z,0,0,31936,10.04,33,210
2026-07-30T04:28:21Z,1,0,32096,17.38,33,210
2026-07-30T04:28:21Z,2,100,31884,439.91,68,2782
2026-07-30T04:28:21Z,3,0,1,16.35,31,210
2026-07-30T04:28:21Z,4,0,29902,16.94,30,210
2026-07-30T04:28:21Z,5,0,29900,15.43,32,210
2026-07-30T04:28:21Z,6,0,17358,65.59,41,2430
2026-07-30T04:28:21Z,7,0,17358,63.53,41,2430
2026-07-30T04:28:23Z,0,0,31936,11.78,33,210
2026-07-30T04:28:23Z,1,0,32096,14.69,33,210
2026-07-30T04:28:23Z,2,100,31884,448.84,69,2392
2026-07-30T04:28:23Z,3,0,1,18.97,31,210
2026-07-30T04:28:23Z,4,0,29902,16.34,30,210
2026-07-30T04:28:23Z,5,0,29900,15.78,32,210
2026-07-30T04:28:23Z,6,0,17358,68.08,41,2430
2026-07-30T04:28:23Z,7,0,17358,64.05,41,2430
2026-07-30T04:28:25Z,0,0,31936,10.42,33,210
2026-07-30T04:28:25Z,1,0,32096,15.60,33,210
2026-07-30T04:28:25Z,2,100,31884,450.44,66,2422
2026-07-30T04:28:25Z,3,0,1,16.45,31,210
2026-07-30T04:28:25Z,4,0,29902,15.01,30,210
2026-07-30T04:28:25Z,5,0,29900,15.07,32,210
2026-07-30T04:28:25Z,6,0,17358,65.14,41,2430
2026-07-30T04:28:25Z,7,0,17358,64.25,41,2430
2026-07-30T04:28:26Z,0,0,31936,12.42,33,210
2026-07-30T04:28:26Z,1,0,32096,17.70,33,210
2026-07-30T04:28:26Z,2,100,31884,450.31,67,2602
2026-07-30T04:28:26Z,3,0,1,17.87,31,210
2026-07-30T04:28:26Z,4,0,29902,15.55,30,210
2026-07-30T04:28:26Z,5,0,29900,17.64,32,210
2026-07-30T04:28:26Z,6,0,17358,67.43,41,2430
2026-07-30T04:28:26Z,7,0,17358,62.69,41,2430
2026-07-30T04:28:30Z,0,0,31936,12.25,33,210
2026-07-30T04:28:30Z,1,0,32096,18.15,33,210
2026-07-30T04:28:30Z,2,87,31884,447.81,67,2422
2026-07-30T04:28:30Z,3,0,1,18.11,31,210
2026-07-30T04:28:30Z,4,0,29902,15.64,30,210
2026-07-30T04:28:30Z,5,0,29900,17.08,32,210
2026-07-30T04:28:30Z,6,0,17358,67.26,41,2430
2026-07-30T04:28:30Z,7,0,17358,62.54,41,2430
2026-07-30T04:28:31Z,0,0,31936,11.37,33,210
2026-07-30T04:28:31Z,1,0,32096,15.62,33,210
2026-07-30T04:28:31Z,2,100,31884,450.33,67,2430
2026-07-30T04:28:31Z,3,0,1,17.81,31,210
2026-07-30T04:28:31Z,4,0,29902,18.09,30,210
2026-07-30T04:28:31Z,5,0,29900,15.60,32,210
2026-07-30T04:28:31Z,6,0,17358,28.70,40,367
2026-07-30T04:28:31Z,7,0,17358,65.58,41,2430
2026-07-30T04:28:33Z,0,0,31936,11.54,33,210
2026-07-30T04:28:33Z,1,0,32096,17.18,33,210
2026-07-30T04:28:33Z,2,100,31884,435.84,69,2805
2026-07-30T04:28:33Z,3,0,1,16.93,31,210
2026-07-30T04:28:33Z,4,0,29902,15.67,30,210
2026-07-30T04:28:33Z,5,0,29900,17.48,32,210
2026-07-30T04:28:33Z,6,0,17358,11.08,39,210
2026-07-30T04:28:33Z,7,0,17358,63.01,41,2430
2026-07-30T04:28:34Z,0,0,31936,12.41,33,210
2026-07-30T04:28:34Z,1,0,32096,15.07,33,210
2026-07-30T04:28:34Z,2,99,31884,450.35,67,2295
2026-07-30T04:28:34Z,3,0,1,18.77,31,210
2026-07-30T04:28:34Z,4,0,29902,16.63,30,210
2026-07-30T04:28:34Z,5,0,29900,16.65,32,210
2026-07-30T04:28:34Z,6,0,17358,12.36,39,210
2026-07-30T04:28:34Z,7,0,17358,64.95,41,2430
2026-07-30T04:28:36Z,0,0,31936,10.34,33,210
2026-07-30T04:28:36Z,1,0,32096,18.53,33,202
2026-07-30T04:28:36Z,2,95,31884,413.18,65,2872
2026-07-30T04:28:36Z,3,0,1,16.85,31,210
2026-07-30T04:28:36Z,4,0,29902,15.28,30,210
2026-07-30T04:28:36Z,5,0,29900,15.32,32,210
2026-07-30T04:28:36Z,6,0,17358,10.59,39,210
2026-07-30T04:28:36Z,7,0,17358,26.17,40,337
2026-07-30T04:28:38Z,0,0,31936,12.21,33,210
2026-07-30T04:28:38Z,1,0,32096,18.19,33,210
2026-07-30T04:28:38Z,2,100,31884,454.85,67,2595
2026-07-30T04:28:38Z,3,0,1,19.24,31,210
2026-07-30T04:28:38Z,4,0,29902,17.33,30,210
2026-07-30T04:28:38Z,5,0,29900,16.53,32,210
2026-07-30T04:28:38Z,6,1,17358,312.27,42,2917
2026-07-30T04:28:38Z,7,0,17358,13.36,40,210
2026-07-30T04:28:39Z,0,0,31936,9.24,33,210
2026-07-30T04:28:39Z,1,0,32096,16.35,33,210
2026-07-30T04:28:39Z,2,100,31884,449.77,69,2602
2026-07-30T04:28:39Z,3,0,1,16.30,31,210
2026-07-30T04:28:39Z,4,0,29902,16.81,30,210
2026-07-30T04:28:39Z,5,0,29900,14.55,32,210
2026-07-30T04:28:39Z,6,0,17358,90.37,41,2925
2026-07-30T04:28:39Z,7,0,17358,14.50,40,210
2026-07-30T04:28:41Z,0,0,31936,13.16,33,210
2026-07-30T04:28:41Z,1,0,32096,18.27,33,210
2026-07-30T04:28:41Z,2,83,31884,427.51,65,2812
2026-07-30T04:28:41Z,3,0,1,19.66,31,210
2026-07-30T04:28:41Z,4,0,29902,15.85,30,210
2026-07-30T04:28:41Z,5,0,29900,16.77,32,210
2026-07-30T04:28:41Z,6,0,17358,67.89,40,2430
2026-07-30T04:28:41Z,7,100,17358,148.49,50,2227
2026-07-30T04:28:42Z,0,0,31936,12.11,33,210
2026-07-30T04:28:42Z,1,0,32096,15.76,33,202
2026-07-30T04:28:42Z,2,100,31884,463.41,68,2602
2026-07-30T04:28:42Z,3,0,1,18.77,31,210
2026-07-30T04:28:42Z,4,0,29902,17.65,30,210
2026-07-30T04:28:42Z,5,0,29900,15.38,32,210
2026-07-30T04:28:42Z,6,0,17358,64.67,40,2430
2026-07-30T04:28:42Z,7,0,17358,97.17,42,2917
2026-07-30T04:28:44Z,0,0,31936,12.46,33,210
2026-07-30T04:28:44Z,1,0,32096,18.55,33,210
2026-07-30T04:28:44Z,2,100,31884,448.55,67,2602
2026-07-30T04:28:44Z,3,0,1,17.53,31,210
2026-07-30T04:28:44Z,4,0,29902,15.43,30,210
2026-07-30T04:28:44Z,5,0,29900,17.19,32,210
2026-07-30T04:28:44Z,6,0,17358,65.67,40,2430
2026-07-30T04:28:44Z,7,0,17358,62.96,41,2430
2026-07-30T04:28:47Z,0,0,31936,9.71,33,210
2026-07-30T04:28:47Z,1,0,32096,17.84,33,210
2026-07-30T04:28:47Z,2,100,31884,420.63,68,2872
2026-07-30T04:28:47Z,3,0,1,16.15,31,210
2026-07-30T04:28:47Z,4,0,29902,15.05,30,210
2026-07-30T04:28:47Z,5,0,29900,15.87,32,210
2026-07-30T04:28:47Z,6,0,17358,65.84,40,2430
2026-07-30T04:28:47Z,7,0,17358,63.50,41,2430
2026-07-30T04:28:49Z,0,0,31936,12.01,33,210
2026-07-30T04:28:49Z,1,0,32096,15.09,33,210
2026-07-30T04:28:49Z,2,100,31884,450.29,67,2437
2026-07-30T04:28:49Z,3,0,1,18.50,31,210
2026-07-30T04:28:49Z,4,0,29902,16.97,29,210
2026-07-30T04:28:49Z,5,0,29900,16.15,32,210
2026-07-30T04:28:49Z,6,0,17358,66.62,40,2430
2026-07-30T04:28:49Z,7,0,17358,64.78,41,2430
2026-07-30T04:28:50Z,0,0,31936,9.54,33,210
2026-07-30T04:28:50Z,1,0,32096,16.76,33,210
2026-07-30T04:28:50Z,2,100,31884,414.39,69,2745
2026-07-30T04:28:50Z,3,0,1,17.41,31,210
2026-07-30T04:28:50Z,4,0,29902,15.98,29,210
2026-07-30T04:28:50Z,5,0,29900,14.28,32,210
2026-07-30T04:28:50Z,6,0,17358,64.48,40,2430
2026-07-30T04:28:50Z,7,0,17358,63.95,41,2430
2026-07-30T04:28:52Z,0,0,31936,12.34,33,210
2026-07-30T04:28:52Z,1,0,32096,17.04,33,210
2026-07-30T04:28:52Z,2,100,31884,447.84,70,2467
2026-07-30T04:28:52Z,3,0,1,18.26,31,210
2026-07-30T04:28:52Z,4,0,29902,15.79,29,202
2026-07-30T04:28:52Z,5,0,29900,16.00,32,210
2026-07-30T04:28:52Z,6,0,17358,67.50,40,2430
2026-07-30T04:28:52Z,7,0,17358,62.92,41,2430
2026-07-30T04:28:54Z,0,0,31936,10.13,33,210
2026-07-30T04:28:54Z,1,0,32096,15.69,33,210
2026-07-30T04:28:54Z,2,100,31884,449.89,66,2385
2026-07-30T04:28:54Z,3,0,1,16.18,31,210
2026-07-30T04:28:54Z,4,0,29902,17.20,29,210
2026-07-30T04:28:54Z,5,0,29900,14.54,32,210
2026-07-30T04:28:54Z,6,0,17358,64.63,40,2430
2026-07-30T04:28:54Z,7,0,17358,65.31,41,2430
2026-07-30T04:28:55Z,0,0,31936,11.05,33,210
2026-07-30T04:28:55Z,1,0,32096,18.06,33,210
2026-07-30T04:28:55Z,2,100,31884,450.13,68,2295
2026-07-30T04:28:55Z,3,0,1,17.49,31,210
2026-07-30T04:28:55Z,4,0,29902,14.87,30,210
2026-07-30T04:28:55Z,5,0,29900,16.10,32,210
2026-07-30T04:28:55Z,6,0,17358,34.39,39,367
2026-07-30T04:28:55Z,7,0,17358,62.53,41,2430
2026-07-30T04:28:57Z,0,0,31936,9.99,33,210
2026-07-30T04:28:57Z,1,0,32096,16.04,32,210
2026-07-30T04:28:57Z,2,99,31884,413.01,64,2872
2026-07-30T04:28:57Z,3,0,1,17.21,31,210
2026-07-30T04:28:57Z,4,0,29902,18.03,29,210
2026-07-30T04:28:57Z,5,0,29900,14.19,32,210
2026-07-30T04:28:57Z,6,0,17358,12.80,39,210
2026-07-30T04:28:57Z,7,0,17358,65.45,41,2430
2026-07-30T04:28:58Z,0,0,31936,10.77,33,210
2026-07-30T04:28:58Z,1,0,32096,18.50,32,210
2026-07-30T04:28:58Z,2,91,31884,395.41,61,2872
2026-07-30T04:28:58Z,3,0,1,16.52,31,210
2026-07-30T04:28:58Z,4,0,29902,16.95,29,210
2026-07-30T04:28:58Z,5,0,29900,15.18,32,210
2026-07-30T04:28:58Z,6,0,17358,10.55,39,210
2026-07-30T04:28:58Z,7,0,17358,55.65,40,1072
2026-07-30T04:29:00Z,0,0,31936,11.11,33,210
2026-07-30T04:29:00Z,1,0,32096,18.34,32,210
2026-07-30T04:29:00Z,2,100,31884,440.91,68,2580
2026-07-30T04:29:00Z,3,0,1,18.37,31,210
2026-07-30T04:29:00Z,4,0,29902,18.18,29,210
2026-07-30T04:29:00Z,5,0,29900,15.04,32,210
2026-07-30T04:29:00Z,6,0,17358,12.37,39,210
2026-07-30T04:29:00Z,7,0,17358,24.80,40,345
2026-07-30T04:29:01Z,0,0,31936,8.92,33,210
2026-07-30T04:29:01Z,1,0,32096,17.88,32,210
2026-07-30T04:29:01Z,2,99,31884,428.48,64,2872
2026-07-30T04:29:01Z,3,0,1,17.33,31,210
2026-07-30T04:29:01Z,4,0,29902,17.59,29,210
2026-07-30T04:29:01Z,5,0,29900,14.67,32,210
2026-07-30T04:29:01Z,6,0,17358,11.93,39,210
2026-07-30T04:29:01Z,7,0,17358,14.55,40,210
2026-07-30T04:29:05Z,0,0,31936,9.77,33,210
2026-07-30T04:29:05Z,1,0,32096,19.58,32,210
2026-07-30T04:29:05Z,2,99,31884,418.74,63,2872
2026-07-30T04:29:05Z,3,0,1,16.10,31,210
2026-07-30T04:29:05Z,4,0,29902,16.88,29,210
2026-07-30T04:29:05Z,5,0,29900,14.29,32,210
2026-07-30T04:29:05Z,6,0,17358,11.38,39,210
2026-07-30T04:29:05Z,7,0,17358,99.04,42,2917
2026-07-30T04:29:07Z,0,0,31936,12.54,33,210
2026-07-30T04:29:07Z,1,0,32096,18.13,32,210
2026-07-30T04:29:07Z,2,100,31884,452.47,69,2610
2026-07-30T04:29:07Z,3,0,1,17.26,31,210
2026-07-30T04:29:07Z,4,0,29902,15.30,29,210
2026-07-30T04:29:07Z,5,0,29900,17.83,32,210
2026-07-30T04:29:07Z,6,0,17358,269.65,41,2925
2026-07-30T04:29:07Z,7,0,17358,62.94,41,2430
2026-07-30T04:29:08Z,0,0,31936,9.16,33,210
2026-07-30T04:29:08Z,1,0,32096,16.73,33,210
2026-07-30T04:29:08Z,2,100,31884,450.64,69,2587
2026-07-30T04:29:08Z,3,0,1,18.29,31,210
2026-07-30T04:29:08Z,4,0,29902,17.58,29,210
2026-07-30T04:29:08Z,5,0,29900,13.49,32,210
2026-07-30T04:29:08Z,6,0,17358,86.72,40,2655
2026-07-30T04:29:08Z,7,0,17358,65.30,41,2430
2026-07-30T04:29:10Z,0,0,31936,11.85,33,210
2026-07-30T04:29:10Z,1,0,32096,17.82,32,210
2026-07-30T04:29:10Z,2,100,31884,426.33,69,2842
2026-07-30T04:29:10Z,3,0,1,17.82,31,210
2026-07-30T04:29:10Z,4,0,29902,15.78,29,210
2026-07-30T04:29:10Z,5,0,29900,16.86,32,210
2026-07-30T04:29:10Z,6,0,17358,66.72,40,2430
2026-07-30T04:29:10Z,7,0,17358,61.99,41,2430
2026-07-30T04:29:11Z,0,0,31936,11.12,33,210
2026-07-30T04:29:11Z,1,0,32096,16.19,32,210
2026-07-30T04:29:11Z,2,100,31884,449.12,70,2242
2026-07-30T04:29:11Z,3,0,1,18.63,31,210
2026-07-30T04:29:11Z,4,0,29902,17.92,29,210
2026-07-30T04:29:11Z,5,0,29900,14.93,32,210
2026-07-30T04:29:11Z,6,0,17358,65.83,40,2430
2026-07-30T04:29:11Z,7,0,17358,64.42,41,2430
2026-07-30T04:29:13Z,0,0,31936,10.91,33,210
2026-07-30T04:29:13Z,1,0,32096,17.88,32,210
2026-07-30T04:29:13Z,2,100,31884,450.36,68,2550
2026-07-30T04:29:13Z,3,0,1,16.74,31,210
2026-07-30T04:29:13Z,4,0,29902,15.97,29,210
2026-07-30T04:29:13Z,5,0,29900,16.82,32,210
2026-07-30T04:29:13Z,6,0,17358,64.26,40,2430
2026-07-30T04:29:13Z,7,0,17358,63.64,41,2430
2026-07-30T04:29:14Z,0,0,31936,12.32,33,210
2026-07-30T04:29:14Z,1,0,32096,17.53,32,210
2026-07-30T04:29:14Z,2,100,31884,449.20,69,2602
2026-07-30T04:29:14Z,3,0,1,18.09,31,210
2026-07-30T04:29:14Z,4,0,29902,15.78,29,210
2026-07-30T04:29:14Z,5,0,29900,16.82,32,210
2026-07-30T04:29:14Z,6,0,17358,66.87,40,2430
2026-07-30T04:29:14Z,7,0,17358,62.90,41,2430
2026-07-30T04:29:16Z,0,0,31936,10.32,33,210
2026-07-30T04:29:16Z,1,0,32096,16.09,32,210
2026-07-30T04:29:16Z,2,100,31884,450.10,69,2610
2026-07-30T04:29:16Z,3,0,1,15.84,31,210
2026-07-30T04:29:16Z,4,0,29902,17.31,29,210
2026-07-30T04:29:16Z,5,0,29900,14.47,32,210
2026-07-30T04:29:16Z,6,0,17358,64.38,40,2430
2026-07-30T04:29:16Z,7,0,17358,64.84,41,2430
2026-07-30T04:29:17Z,0,0,31936,11.50,33,210
2026-07-30T04:29:17Z,1,0,32096,17.74,32,210
2026-07-30T04:29:17Z,2,99,31884,447.53,65,2595
2026-07-30T04:29:17Z,3,0,1,16.68,31,210
2026-07-30T04:29:17Z,4,0,29902,15.10,29,210
2026-07-30T04:29:17Z,5,0,29900,17.40,32,210
2026-07-30T04:29:17Z,6,0,17358,66.28,40,2430
2026-07-30T04:29:17Z,7,0,17358,62.12,41,2430
2026-07-30T04:29:19Z,0,0,31936,9.96,33,210
2026-07-30T04:29:19Z,1,0,32096,16.70,32,210
2026-07-30T04:29:19Z,2,100,31884,450.19,69,2602
2026-07-30T04:29:19Z,3,0,1,17.04,31,210
2026-07-30T04:29:19Z,4,0,29902,18.02,29,210
2026-07-30T04:29:19Z,5,0,29900,14.07,32,210
2026-07-30T04:29:19Z,6,0,17358,65.60,40,2430
2026-07-30T04:29:19Z,7,0,17358,65.01,41,2430
2026-07-30T04:29:22Z,0,0,31936,11.07,33,210
2026-07-30T04:29:22Z,1,0,32096,15.93,32,210
2026-07-30T04:29:22Z,2,100,31884,450.12,68,2595
2026-07-30T04:29:22Z,3,0,1,18.25,31,210
2026-07-30T04:29:22Z,4,0,29902,16.71,29,210
2026-07-30T04:29:22Z,5,0,29900,15.00,32,210
2026-07-30T04:29:22Z,6,0,17358,65.89,40,2430
2026-07-30T04:29:22Z,7,0,17358,25.68,40,337
2026-07-30T04:29:24Z,0,0,31936,10.69,33,210
2026-07-30T04:29:24Z,1,0,32096,18.09,32,210
2026-07-30T04:29:24Z,2,100,31884,437.89,64,2872
2026-07-30T04:29:24Z,3,0,1,16.34,31,210
2026-07-30T04:29:24Z,4,0,29902,15.90,29,210
2026-07-30T04:29:24Z,5,0,29900,15.53,32,210
2026-07-30T04:29:24Z,6,0,17358,47.22,39,480
2026-07-30T04:29:24Z,7,0,17358,15.61,40,210
2026-07-30T04:29:25Z,0,0,31936,13.03,33,210
2026-07-30T04:29:25Z,1,0,32096,16.55,32,210
2026-07-30T04:29:25Z,2,99,31884,412.73,64,2872
2026-07-30T04:29:25Z,3,0,1,18.07,31,210
2026-07-30T04:29:25Z,4,0,29902,15.91,29,210
2026-07-30T04:29:25Z,5,0,29900,16.94,32,210
2026-07-30T04:29:25Z,6,0,17358,13.65,39,210
2026-07-30T04:29:25Z,7,0,17358,12.19,40,210
2026-07-30T04:29:27Z,0,0,31936,10.70,33,210
2026-07-30T04:29:27Z,1,0,32096,18.68,32,210
2026-07-30T04:29:27Z,2,100,31884,450.36,68,2557
2026-07-30T04:29:27Z,3,0,1,15.79,31,210
2026-07-30T04:29:27Z,4,0,29902,16.36,29,210
2026-07-30T04:29:27Z,5,0,29900,14.99,32,210
2026-07-30T04:29:27Z,6,0,17358,12.11,38,210
2026-07-30T04:29:27Z,7,0,17358,300.46,42,2910
2026-07-30T04:29:28Z,0,0,31936,12.95,33,210
2026-07-30T04:29:28Z,1,0,32096,18.60,32,210
2026-07-30T04:29:28Z,2,99,31884,421.14,64,2872
2026-07-30T04:29:28Z,3,0,1,16.80,31,210
2026-07-30T04:29:28Z,4,0,29902,16.65,29,210
2026-07-30T04:29:28Z,5,0,29900,16.28,32,210
2026-07-30T04:29:28Z,6,0,17358,11.13,38,210
2026-07-30T04:29:28Z,7,0,17358,88.13,41,2550
2026-07-30T04:29:30Z,0,0,31936,9.91,33,210
2026-07-30T04:29:30Z,1,0,32096,16.68,32,210
2026-07-30T04:29:30Z,2,100,31884,450.38,67,2602
2026-07-30T04:29:30Z,3,0,1,16.94,31,210
2026-07-30T04:29:30Z,4,0,29902,17.83,29,210
2026-07-30T04:29:30Z,5,0,29900,15.00,32,210
2026-07-30T04:29:30Z,6,100,17358,47.33,47,832
2026-07-30T04:29:30Z,7,0,17358,65.71,41,2430
2026-07-30T04:29:32Z,0,0,31936,12.84,33,210
2026-07-30T04:29:32Z,1,0,32096,18.31,32,210
2026-07-30T04:29:32Z,2,100,31884,450.10,69,2595
2026-07-30T04:29:32Z,3,0,1,17.73,31,210
2026-07-30T04:29:32Z,4,0,29902,15.72,29,210
2026-07-30T04:29:32Z,5,0,29900,17.63,32,210
2026-07-30T04:29:32Z,6,0,17358,128.28,40,2925
2026-07-30T04:29:32Z,7,0,17358,63.13,41,2430
2026-07-30T04:29:33Z,0,0,31936,12.31,33,210
2026-07-30T04:29:33Z,1,0,32096,16.29,32,210
2026-07-30T04:29:33Z,2,100,31884,449.71,68,2572
2026-07-30T04:29:33Z,3,0,1,18.66,31,210
2026-07-30T04:29:33Z,4,0,29902,16.96,29,210
2026-07-30T04:29:33Z,5,0,29900,16.60,32,210
2026-07-30T04:29:33Z,6,0,17358,76.35,40,2430
2026-07-30T04:29:33Z,7,0,17358,65.17,41,2430
2026-07-30T04:29:35Z,0,0,31936,12.22,33,210
2026-07-30T04:29:35Z,1,0,32096,17.83,32,210
2026-07-30T04:29:35Z,2,100,31884,449.69,69,2602
2026-07-30T04:29:35Z,3,0,1,16.46,31,210
2026-07-30T04:29:35Z,4,0,29902,15.90,29,210
2026-07-30T04:29:35Z,5,0,29900,16.81,32,210
2026-07-30T04:29:35Z,6,0,17358,63.65,40,2430
2026-07-30T04:29:35Z,7,0,17358,64.19,41,2430
2026-07-30T04:29:36Z,0,0,31936,12.91,33,210
2026-07-30T04:29:36Z,1,0,32096,17.31,32,210
2026-07-30T04:29:36Z,2,100,31884,449.88,68,2595
2026-07-30T04:29:36Z,3,0,1,19.46,31,210
2026-07-30T04:29:36Z,4,0,29902,16.70,29,210
2026-07-30T04:29:36Z,5,0,29900,16.94,32,210
2026-07-30T04:29:36Z,6,0,17358,66.42,40,2430
2026-07-30T04:29:36Z,7,0,17358,63.83,41,2430
2026-07-30T04:29:40Z,0,0,31936,12.89,33,210
2026-07-30T04:29:40Z,1,0,32096,18.19,32,210
2026-07-30T04:29:40Z,2,100,31884,460.15,69,2587
2026-07-30T04:29:40Z,3,0,1,18.33,31,210
2026-07-30T04:29:40Z,4,0,29902,16.30,29,210
2026-07-30T04:29:40Z,5,0,29900,16.79,32,210
2026-07-30T04:29:40Z,6,0,17358,66.45,39,2430
2026-07-30T04:29:40Z,7,0,17358,63.08,41,2430
2026-07-30T04:29:41Z,0,0,31936,10.23,33,210
2026-07-30T04:29:41Z,1,0,32096,16.11,32,210
2026-07-30T04:29:41Z,2,89,31884,406.00,63,2835
2026-07-30T04:29:41Z,3,0,1,17.08,31,210
2026-07-30T04:29:41Z,4,0,29902,17.98,29,210
2026-07-30T04:29:41Z,5,0,29900,14.14,32,210
2026-07-30T04:29:41Z,6,0,17358,63.97,39,2430
2026-07-30T04:29:41Z,7,0,17358,65.06,41,2430
2026-07-30T04:29:43Z,0,0,31936,11.96,33,210
2026-07-30T04:29:43Z,1,0,32096,17.01,32,210
2026-07-30T04:29:43Z,2,100,31884,451.89,69,2602
2026-07-30T04:29:43Z,3,0,1,17.96,31,210
2026-07-30T04:29:43Z,4,0,29902,15.55,29,210
2026-07-30T04:29:43Z,5,0,29900,17.47,32,210
2026-07-30T04:29:43Z,6,0,17358,66.45,39,2430
2026-07-30T04:29:43Z,7,0,17358,62.07,41,2430
2026-07-30T04:29:44Z,0,0,31936,12.32,33,210
2026-07-30T04:29:44Z,1,0,32096,16.07,32,210
2026-07-30T04:29:44Z,2,100,31884,449.66,69,2572
2026-07-30T04:29:44Z,3,0,1,18.42,31,210
2026-07-30T04:29:44Z,4,0,29902,17.61,29,210
2026-07-30T04:29:44Z,5,0,29900,16.47,32,210
2026-07-30T04:29:44Z,6,0,17358,64.98,39,2430
2026-07-30T04:29:44Z,7,0,17358,50.84,40,457
2026-07-30T04:29:46Z,0,0,31936,10.78,33,210
2026-07-30T04:29:46Z,1,0,32096,18.57,32,210
2026-07-30T04:29:46Z,2,100,31884,450.10,69,2595
2026-07-30T04:29:46Z,3,0,1,16.58,31,210
2026-07-30T04:29:46Z,4,0,29902,14.77,29,210
2026-07-30T04:29:46Z,5,0,29900,15.26,32,210
2026-07-30T04:29:46Z,6,0,17358,65.18,39,2430
2026-07-30T04:29:46Z,7,0,17358,13.26,40,210
2026-07-30T04:29:48Z,0,0,31936,11.17,33,210
2026-07-30T04:29:48Z,1,0,32096,17.38,32,210
2026-07-30T04:29:48Z,2,99,31884,427.81,64,2872
2026-07-30T04:29:48Z,3,0,1,17.58,31,210
2026-07-30T04:29:48Z,4,0,29902,17.43,29,210
2026-07-30T04:29:48Z,5,0,29900,15.91,32,210
2026-07-30T04:29:48Z,6,0,17358,50.90,39,480
2026-07-30T04:29:48Z,7,0,17358,12.64,40,210
2026-07-30T04:29:49Z,0,0,31936,10.89,33,210
2026-07-30T04:29:49Z,1,0,32096,18.47,32,210
2026-07-30T04:29:49Z,2,100,31884,460.79,69,2595
2026-07-30T04:29:49Z,3,0,1,16.96,31,210
2026-07-30T04:29:49Z,4,0,29902,16.54,29,210
2026-07-30T04:29:49Z,5,0,29900,14.99,32,210
2026-07-30T04:29:49Z,6,0,17358,23.96,39,367
2026-07-30T04:29:49Z,7,0,17358,267.42,42,2917
2026-07-30T04:29:51Z,0,0,31936,12.94,33,210
2026-07-30T04:29:51Z,1,0,32096,16.83,32,210
2026-07-30T04:29:51Z,2,99,31884,433.32,64,2872
2026-07-30T04:29:51Z,3,0,1,19.64,31,210
2026-07-30T04:29:51Z,4,0,29902,16.23,29,210
2026-07-30T04:29:51Z,5,0,29900,17.00,32,210
2026-07-30T04:29:51Z,6,0,17358,13.10,38,210
2026-07-30T04:29:51Z,7,0,17358,82.66,41,2452
2026-07-30T04:29:52Z,0,0,31936,10.32,33,210
2026-07-30T04:29:52Z,1,0,32096,16.82,32,210
2026-07-30T04:29:52Z,2,100,31884,450.78,69,2580
2026-07-30T04:29:52Z,3,0,1,18.60,31,210
2026-07-30T04:29:52Z,4,0,29902,18.32,29,210
2026-07-30T04:29:52Z,5,0,29900,15.21,32,210
2026-07-30T04:29:52Z,6,0,17358,11.02,38,210
2026-07-30T04:29:52Z,7,0,17358,65.00,41,2430
2026-07-30T04:29:54Z,0,0,31936,12.48,33,210
2026-07-30T04:29:54Z,1,0,32096,18.13,32,210
2026-07-30T04:29:54Z,2,100,31884,449.90,69,2602
2026-07-30T04:29:54Z,3,0,1,17.31,31,210
2026-07-30T04:29:54Z,4,0,29902,15.51,29,210
2026-07-30T04:29:54Z,5,0,29900,17.46,32,210
2026-07-30T04:29:54Z,6,0,17358,9.95,38,210
2026-07-30T04:29:54Z,7,0,17358,62.28,41,2430
2026-07-30T04:29:58Z,0,0,31936,11.89,33,210
2026-07-30T04:29:58Z,1,0,32096,18.38,32,210
2026-07-30T04:29:58Z,2,99,31884,432.72,64,2872
2026-07-30T04:29:58Z,3,0,1,17.90,31,210
2026-07-30T04:29:58Z,4,0,29902,15.66,29,210
2026-07-30T04:29:58Z,5,0,29900,16.69,32,210
2026-07-30T04:29:58Z,6,0,17358,89.79,40,2850
2026-07-30T04:29:58Z,7,0,17358,62.36,41,2430
2026-07-30T04:29:59Z,0,0,31936,10.47,33,210
2026-07-30T04:29:59Z,1,0,32096,16.12,32,210
2026-07-30T04:29:59Z,2,100,31884,458.26,68,2595
2026-07-30T04:29:59Z,3,0,1,17.56,31,210
2026-07-30T04:29:59Z,4,0,29902,18.13,29,210
2026-07-30T04:29:59Z,5,0,29900,15.59,32,210
2026-07-30T04:29:59Z,6,0,17358,65.59,39,2430
2026-07-30T04:29:59Z,7,0,17358,64.86,41,2430
2026-07-30T04:30:01Z,0,0,31936,11.85,33,210
2026-07-30T04:30:01Z,1,0,32096,18.50,32,210
2026-07-30T04:30:01Z,2,100,31886,449.82,69,2602
2026-07-30T04:30:01Z,3,0,1,17.33,31,210
2026-07-30T04:30:01Z,4,0,29902,15.61,29,210
2026-07-30T04:30:01Z,5,0,29900,15.89,32,210
2026-07-30T04:30:01Z,6,0,17358,65.86,39,2430
2026-07-30T04:30:01Z,7,0,17358,62.28,41,2430
2026-07-30T04:30:02Z,0,0,31936,12.33,33,210
2026-07-30T04:30:02Z,1,0,32096,15.11,32,210
2026-07-30T04:30:02Z,2,100,31886,449.71,69,2587
2026-07-30T04:30:02Z,3,0,1,18.65,31,210
2026-07-30T04:30:02Z,4,0,29902,17.65,29,210
2026-07-30T04:30:02Z,5,0,29900,16.63,32,210
2026-07-30T04:30:02Z,6,0,17358,65.82,39,2430
2026-07-30T04:30:02Z,7,0,17358,63.51,41,2430
2026-07-30T04:30:04Z,0,0,31936,10.81,33,210
2026-07-30T04:30:04Z,1,0,32096,16.54,32,210
2026-07-30T04:30:04Z,2,100,31886,449.94,69,2632
2026-07-30T04:30:04Z,3,0,1,15.93,31,210
2026-07-30T04:30:04Z,4,0,29902,16.53,29,210
2026-07-30T04:30:04Z,5,0,29900,15.01,32,210
2026-07-30T04:30:04Z,6,0,17358,63.81,39,2430
2026-07-30T04:30:04Z,7,0,17358,64.17,41,2430
2026-07-30T04:30:05Z,0,0,31936,12.08,33,210
2026-07-30T04:30:05Z,1,0,32096,17.16,32,210
2026-07-30T04:30:05Z,2,99,31886,445.62,65,2557
2026-07-30T04:30:05Z,3,0,1,18.45,31,210
2026-07-30T04:30:05Z,4,0,29902,15.65,29,210
2026-07-30T04:30:05Z,5,0,29900,16.69,32,210
2026-07-30T04:30:05Z,6,0,17358,66.22,39,2430
2026-07-30T04:30:05Z,7,0,17358,62.14,41,2430
2026-07-30T04:30:07Z,0,0,31936,11.01,33,210
2026-07-30T04:30:07Z,1,0,32096,16.97,32,210
2026-07-30T04:30:07Z,2,99,31886,425.28,67,2662
2026-07-30T04:30:07Z,3,0,1,17.75,31,210
2026-07-30T04:30:07Z,4,0,29902,17.55,29,210
2026-07-30T04:30:07Z,5,0,29900,14.04,32,210
2026-07-30T04:30:07Z,6,0,17358,63.89,39,2430
2026-07-30T04:30:07Z,7,0,17358,30.83,40,382
2026-07-30T04:30:08Z,0,0,31936,11.94,33,210
2026-07-30T04:30:08Z,1,0,32096,18.95,32,210
2026-07-30T04:30:08Z,2,100,31886,450.98,68,2595
2026-07-30T04:30:08Z,3,0,1,16.46,31,210
2026-07-30T04:30:08Z,4,0,29902,15.16,29,210
2026-07-30T04:30:08Z,5,0,29900,16.64,32,210
2026-07-30T04:30:08Z,6,0,17358,65.34,39,2430
2026-07-30T04:30:08Z,7,0,17358,13.68,40,210
2026-07-30T04:30:10Z,0,0,31936,12.13,33,210
2026-07-30T04:30:10Z,1,0,32096,16.56,32,210
2026-07-30T04:30:10Z,2,99,31886,432.32,66,2790
2026-07-30T04:30:10Z,3,0,1,17.51,31,210
2026-07-30T04:30:10Z,4,0,29902,17.40,29,210
2026-07-30T04:30:10Z,5,0,29900,14.11,32,210
2026-07-30T04:30:10Z,6,0,17358,65.79,39,2430
2026-07-30T04:30:10Z,7,0,17358,14.30,40,210
2026-07-30T04:30:12Z,0,0,31936,10.42,33,210
2026-07-30T04:30:12Z,1,0,32096,18.76,32,210
2026-07-30T04:30:12Z,2,100,31886,466.69,69,2602
2026-07-30T04:30:12Z,3,0,1,17.60,31,210
2026-07-30T04:30:12Z,4,0,29902,15.06,29,210
2026-07-30T04:30:12Z,5,0,29900,17.47,32,210
2026-07-30T04:30:12Z,6,0,17358,64.05,39,2430
2026-07-30T04:30:12Z,7,0,17358,13.97,39,210
2026-07-30T04:30:15Z,0,0,31936,10.22,33,210
2026-07-30T04:30:15Z,1,0,32096,17.71,32,210
2026-07-30T04:30:15Z,2,100,31966,449.74,70,2685
2026-07-30T04:30:15Z,3,0,1,15.67,31,210
2026-07-30T04:30:15Z,4,0,29902,15.26,29,210
2026-07-30T04:30:15Z,5,0,29900,14.48,32,210
2026-07-30T04:30:15Z,6,0,17358,10.40,38,210
2026-07-30T04:30:15Z,7,0,17358,12.75,39,210
2026-07-30T04:30:17Z,0,0,31936,11.62,33,210
2026-07-30T04:30:17Z,1,0,32096,18.27,32,210
2026-07-30T04:30:17Z,2,100,31966,450.18,68,2550
2026-07-30T04:30:17Z,3,0,1,18.46,31,210
2026-07-30T04:30:17Z,4,0,29902,17.08,29,202
2026-07-30T04:30:17Z,5,0,29900,14.95,32,210
2026-07-30T04:30:17Z,6,0,17358,12.13,38,210
2026-07-30T04:30:17Z,7,0,17358,197.59,41,2917
2026-07-30T04:30:18Z,0,0,31936,9.30,33,210
2026-07-30T04:30:18Z,1,0,32096,17.69,32,210
2026-07-30T04:30:18Z,2,85,31966,442.73,65,2257
2026-07-30T04:30:18Z,3,0,1,16.20,31,210
2026-07-30T04:30:18Z,4,0,29902,17.57,29,210
2026-07-30T04:30:18Z,5,0,29900,13.89,32,210
2026-07-30T04:30:18Z,6,0,17358,10.72,38,210
2026-07-30T04:30:18Z,7,0,17358,77.49,41,2430
2026-07-30T04:30:20Z,0,0,31936,12.93,33,210
2026-07-30T04:30:20Z,1,0,32096,16.62,32,210
2026-07-30T04:30:20Z,2,99,31966,420.40,64,2812
2026-07-30T04:30:20Z,3,0,1,17.74,31,210
2026-07-30T04:30:20Z,4,0,29902,16.45,29,210
2026-07-30T04:30:20Z,5,0,29900,16.66,32,210
2026-07-30T04:30:20Z,6,0,17358,282.68,40,2925
2026-07-30T04:30:20Z,7,0,17358,62.63,40,2430
2026-07-30T04:30:21Z,0,0,31936,12.00,33,210
2026-07-30T04:30:21Z,1,0,32096,15.41,32,210
2026-07-30T04:30:21Z,2,100,31966,451.08,69,2595
2026-07-30T04:30:21Z,3,0,1,18.43,31,210
2026-07-30T04:30:21Z,4,0,29902,17.38,29,210
2026-07-30T04:30:21Z,5,0,29900,14.65,32,210
2026-07-30T04:30:21Z,6,0,17358,88.01,39,2452
2026-07-30T04:30:21Z,7,0,17358,65.19,40,2430
2026-07-30T04:30:23Z,0,0,31936,12.82,33,210
2026-07-30T04:30:23Z,1,0,32096,18.67,32,210
2026-07-30T04:30:23Z,2,97,31966,411.63,67,2700
2026-07-30T04:30:23Z,3,0,1,17.44,30,210
2026-07-30T04:30:23Z,4,0,29902,15.57,29,202
2026-07-30T04:30:23Z,5,0,29900,17.19,32,210
2026-07-30T04:30:23Z,6,0,17358,66.60,39,2430
2026-07-30T04:30:23Z,7,0,17358,62.58,40,2430
2026-07-30T04:30:24Z,0,0,31936,12.97,33,210
2026-07-30T04:30:24Z,1,0,32096,15.36,32,210
2026-07-30T04:30:24Z,2,100,31966,455.07,69,2595
2026-07-30T04:30:24Z,3,0,1,19.78,31,210
2026-07-30T04:30:24Z,4,0,29902,17.87,29,210
2026-07-30T04:30:24Z,5,0,29900,16.81,32,210
2026-07-30T04:30:24Z,6,0,17358,66.32,39,2430
2026-07-30T04:30:24Z,7,0,17358,64.35,40,2430
2026-07-30T04:30:26Z,0,0,31936,10.46,33,210
2026-07-30T04:30:26Z,1,0,32096,17.74,32,210
2026-07-30T04:30:26Z,2,100,31966,449.73,69,2580
2026-07-30T04:30:26Z,3,0,1,15.47,30,210
2026-07-30T04:30:26Z,4,0,29902,15.08,29,210
2026-07-30T04:30:26Z,5,0,29900,15.12,32,210
2026-07-30T04:30:26Z,6,0,17358,63.72,39,2430
2026-07-30T04:30:26Z,7,0,17358,63.13,40,2430
2026-07-30T04:30:28Z,0,0,31936,12.47,33,210
2026-07-30T04:30:28Z,1,0,32096,16.84,32,210
2026-07-30T04:30:28Z,2,100,31966,449.78,69,2580
2026-07-30T04:30:28Z,3,0,1,18.73,30,210
2026-07-30T04:30:28Z,4,0,29902,16.84,29,210
2026-07-30T04:30:28Z,5,0,29900,16.30,32,210
2026-07-30T04:30:28Z,6,0,17358,65.65,39,2430
2026-07-30T04:30:28Z,7,0,17358,62.69,40,2430
2026-07-30T04:30:29Z,0,0,31936,9.32,33,210
2026-07-30T04:30:29Z,1,0,32096,16.32,32,210
2026-07-30T04:30:29Z,2,100,31966,450.04,69,2595
2026-07-30T04:30:29Z,3,0,1,17.40,30,210
2026-07-30T04:30:29Z,4,0,29902,17.16,29,202
2026-07-30T04:30:29Z,5,0,29900,13.71,32,210
2026-07-30T04:30:29Z,6,0,17358,63.31,39,2430
2026-07-30T04:30:29Z,7,0,17358,65.07,40,2430
2026-07-30T04:30:33Z,0,0,31936,10.47,33,210
2026-07-30T04:30:33Z,1,0,32096,15.51,32,210
2026-07-30T04:30:33Z,2,100,31966,451.44,68,2610
2026-07-30T04:30:33Z,3,0,1,15.75,31,210
2026-07-30T04:30:33Z,4,0,29902,16.33,29,210
2026-07-30T04:30:33Z,5,0,29900,14.52,32,210
2026-07-30T04:30:33Z,6,0,17358,63.93,39,2430
2026-07-30T04:30:33Z,7,0,17358,65.07,40,2430
2026-07-30T04:30:34Z,0,0,31936,12.65,33,210
2026-07-30T04:30:34Z,1,0,32096,18.02,32,210
2026-07-30T04:30:34Z,2,74,31966,435.42,67,2857
2026-07-30T04:30:34Z,3,0,1,16.43,30,210
2026-07-30T04:30:34Z,4,0,29902,14.95,29,210
2026-07-30T04:30:34Z,5,0,29900,17.20,32,210
2026-07-30T04:30:34Z,6,0,17358,66.26,39,2430
2026-07-30T04:30:34Z,7,0,17358,24.48,39,337
2026-07-30T04:30:36Z,0,0,31936,10.69,33,210
2026-07-30T04:30:36Z,1,0,32096,16.10,32,210
2026-07-30T04:30:36Z,2,100,31966,438.41,70,2857
2026-07-30T04:30:36Z,3,0,1,16.97,30,210
2026-07-30T04:30:36Z,4,0,29902,17.67,29,210
2026-07-30T04:30:36Z,5,0,29900,13.53,32,210
2026-07-30T04:30:36Z,6,0,17358,65.28,39,2430
2026-07-30T04:30:36Z,7,0,17358,13.90,39,210
2026-07-30T04:30:37Z,0,0,31936,10.75,33,210
2026-07-30T04:30:37Z,1,0,32096,18.48,32,210
2026-07-30T04:30:37Z,2,99,31966,447.60,65,2430
2026-07-30T04:30:37Z,3,0,1,16.01,30,210
2026-07-30T04:30:37Z,4,0,29902,15.34,29,210
2026-07-30T04:30:37Z,5,0,29900,14.47,32,210
2026-07-30T04:30:37Z,6,0,17358,29.02,38,367
2026-07-30T04:30:37Z,7,0,17358,12.83,39,210
2026-07-30T04:30:39Z,0,0,31936,12.31,33,210
2026-07-30T04:30:39Z,1,0,32096,16.43,32,210
2026-07-30T04:30:39Z,2,33,31966,409.64,62,2835
2026-07-30T04:30:39Z,3,0,1,18.31,30,210
2026-07-30T04:30:39Z,4,0,29902,16.69,29,210
2026-07-30T04:30:39Z,5,0,29900,14.64,32,210
2026-07-30T04:30:39Z,6,0,17358,13.09,38,210
2026-07-30T04:30:39Z,7,45,17358,290.95,45,2595
2026-07-30T04:30:41Z,0,0,31936,10.71,33,210
2026-07-30T04:30:41Z,1,0,32096,17.65,32,210
2026-07-30T04:30:41Z,2,100,31966,458.10,69,2595
2026-07-30T04:30:41Z,3,0,1,17.44,30,210
2026-07-30T04:30:41Z,4,0,29902,14.57,29,210
2026-07-30T04:30:41Z,5,0,29900,16.02,32,210
2026-07-30T04:30:41Z,6,0,17358,9.35,38,210
2026-07-30T04:30:41Z,7,0,17358,95.85,41,2910
2026-07-30T04:30:42Z,0,0,31936,12.08,33,210
2026-07-30T04:30:42Z,1,0,32096,16.44,32,210
2026-07-30T04:30:42Z,2,100,32026,449.54,68,2595
2026-07-30T04:30:42Z,3,0,1,17.74,30,210
2026-07-30T04:30:42Z,4,0,29902,15.53,29,210
2026-07-30T04:30:42Z,5,0,29900,16.73,32,210
2026-07-30T04:30:42Z,6,0,17358,11.25,38,210
2026-07-30T04:30:42Z,7,0,17358,63.06,40,2430
2026-07-30T04:30:44Z,0,0,31936,10.01,33,202
2026-07-30T04:30:44Z,1,0,32096,16.21,32,210
2026-07-30T04:30:44Z,2,100,31916,448.46,69,2730
2026-07-30T04:30:44Z,3,0,1,16.13,30,210
2026-07-30T04:30:44Z,4,0,29902,16.68,29,210
2026-07-30T04:30:44Z,5,0,29900,14.77,32,210
2026-07-30T04:30:44Z,6,0,17358,10.75,38,210
2026-07-30T04:30:44Z,7,0,17358,66.44,40,2430
2026-07-30T04:30:45Z,0,0,31936,11.14,33,210
2026-07-30T04:30:45Z,1,0,32096,18.27,32,210
2026-07-30T04:30:45Z,2,98,31934,450.11,67,2370
2026-07-30T04:30:45Z,3,0,1,16.68,30,210
2026-07-30T04:30:45Z,4,0,29902,15.82,29,210
2026-07-30T04:30:45Z,5,0,29900,15.89,32,210
2026-07-30T04:30:45Z,6,0,17358,9.95,38,210
2026-07-30T04:30:45Z,7,0,17358,62.88,40,2430
2026-07-30T04:30:47Z,0,0,31936,10.37,33,210
2026-07-30T04:30:47Z,1,0,32096,15.42,32,210
2026-07-30T04:30:47Z,2,100,31934,450.41,68,2430
2026-07-30T04:30:47Z,3,0,1,16.65,30,210
2026-07-30T04:30:47Z,4,0,29902,17.62,29,210
2026-07-30T04:30:47Z,5,0,29900,13.77,32,210
2026-07-30T04:30:47Z,6,22,17358,251.10,41,2917
2026-07-30T04:30:47Z,7,0,17358,64.73,40,2430
2026-07-30T04:30:50Z,0,0,31936,11.19,33,202
2026-07-30T04:30:50Z,1,0,32096,15.71,32,210
2026-07-30T04:30:50Z,2,100,31934,450.25,67,2310
2026-07-30T04:30:50Z,3,0,1,18.67,30,210
2026-07-30T04:30:50Z,4,0,29902,17.71,29,210
2026-07-30T04:30:50Z,5,0,29900,14.81,32,210
2026-07-30T04:30:50Z,6,0,17358,65.53,39,2430
2026-07-30T04:30:50Z,7,0,17358,65.14,40,2430
2026-07-30T04:30:52Z,0,0,31936,10.34,33,210
2026-07-30T04:30:52Z,1,0,32096,16.11,32,210
2026-07-30T04:30:52Z,2,100,31934,450.20,68,2610
2026-07-30T04:30:52Z,3,0,1,16.46,30,202
2026-07-30T04:30:52Z,4,0,29902,14.93,29,210
2026-07-30T04:30:52Z,5,0,29900,15.15,32,210
2026-07-30T04:30:52Z,6,0,17358,63.12,39,2430
2026-07-30T04:30:52Z,7,0,17358,64.19,40,2430
2026-07-30T04:30:53Z,0,0,31936,11.93,33,210
2026-07-30T04:30:53Z,1,0,32096,17.24,32,210
2026-07-30T04:30:53Z,2,100,31934,450.50,69,2595
2026-07-30T04:30:53Z,3,0,1,19.00,30,210
2026-07-30T04:30:53Z,4,0,29902,15.70,29,210
2026-07-30T04:30:53Z,5,0,29900,16.48,32,210
2026-07-30T04:30:53Z,6,0,17358,65.97,39,2430
2026-07-30T04:30:53Z,7,0,17358,63.36,40,2430
2026-07-30T04:30:55Z,0,0,31936,10.20,33,210
2026-07-30T04:30:55Z,1,0,32096,16.07,32,210
2026-07-30T04:30:55Z,2,100,31936,394.62,64,2850
2026-07-30T04:30:55Z,3,0,1,15.86,30,210
2026-07-30T04:30:55Z,4,0,29902,17.58,29,210
2026-07-30T04:30:55Z,5,0,29900,14.46,32,210
2026-07-30T04:30:55Z,6,0,17358,63.78,39,2430
2026-07-30T04:30:55Z,7,0,17358,65.22,40,2430
2026-07-30T04:30:56Z,0,0,31936,11.40,33,210
2026-07-30T04:30:56Z,1,0,32096,18.67,32,210
2026-07-30T04:30:56Z,2,100,31936,454.71,69,2782
2026-07-30T04:30:56Z,3,0,1,16.70,30,210
2026-07-30T04:30:56Z,4,0,29902,15.35,29,210
2026-07-30T04:30:56Z,5,0,29900,17.34,32,210
2026-07-30T04:30:56Z,6,0,17358,65.85,39,2430
2026-07-30T04:30:56Z,7,0,17358,53.53,40,1155
2026-07-30T04:30:58Z,0,0,31936,11.38,33,210
2026-07-30T04:30:58Z,1,0,32096,15.98,32,210
2026-07-30T04:30:58Z,2,100,31936,448.34,62,2310
2026-07-30T04:30:58Z,3,0,1,16.65,30,202
2026-07-30T04:30:58Z,4,0,29902,17.76,29,210
2026-07-30T04:30:58Z,5,0,29900,13.28,32,210
2026-07-30T04:30:58Z,6,0,17358,64.77,39,2430
2026-07-30T04:30:58Z,7,0,17358,24.48,39,337
2026-07-30T04:30:59Z,0,0,31936,10.49,33,210
2026-07-30T04:30:59Z,1,0,32096,18.68,32,210
2026-07-30T04:30:59Z,2,100,31936,465.66,68,2595
2026-07-30T04:30:59Z,3,0,1,16.46,30,210
2026-07-30T04:30:59Z,4,0,29902,15.98,29,210
2026-07-30T04:30:59Z,5,0,29900,14.22,31,210
2026-07-30T04:30:59Z,6,0,17358,63.99,39,2430
2026-07-30T04:30:59Z,7,0,17358,14.43,39,210
2026-07-30T04:31:01Z,0,0,31936,11.74,33,210
2026-07-30T04:31:01Z,1,0,32096,16.52,32,210
2026-07-30T04:31:01Z,2,83,31936,390.50,64,2872
2026-07-30T04:31:01Z,3,0,1,19.00,30,210
2026-07-30T04:31:01Z,4,0,29902,18.08,29,210
2026-07-30T04:31:01Z,5,0,29900,16.04,32,210
2026-07-30T04:31:01Z,6,0,17358,65.44,39,2430
2026-07-30T04:31:01Z,7,0,17358,12.57,39,210
2026-07-30T04:31:03Z,0,0,31936,10.53,33,210
2026-07-30T04:31:03Z,1,0,32096,17.36,32,210
2026-07-30T04:31:03Z,2,100,31936,450.21,67,2250
2026-07-30T04:31:03Z,3,0,1,16.40,30,210
2026-07-30T04:31:03Z,4,0,29902,14.76,29,210
2026-07-30T04:31:03Z,5,0,29900,14.98,32,210
2026-07-30T04:31:03Z,6,0,17358,63.14,39,2430
2026-07-30T04:31:03Z,7,0,17358,14.96,39,210
2026-07-30T04:31:04Z,0,0,31936,12.10,33,210
2026-07-30T04:31:04Z,1,0,32096,16.06,32,210
2026-07-30T04:31:04Z,2,100,31936,449.80,69,2572
2026-07-30T04:31:04Z,3,0,1,17.68,30,202
2026-07-30T04:31:04Z,4,0,29902,15.49,29,210
2026-07-30T04:31:04Z,5,0,29900,16.41,31,210
2026-07-30T04:31:04Z,6,0,17358,34.47,38,367
2026-07-30T04:31:04Z,7,0,17358,12.50,39,210
2026-07-30T04:31:08Z,0,0,31936,12.77,33,210
2026-07-30T04:31:08Z,1,0,32096,17.94,32,210
2026-07-30T04:31:08Z,2,100,31936,450.36,69,2595
2026-07-30T04:31:08Z,3,0,1,18.16,30,210
2026-07-30T04:31:08Z,4,0,29902,16.86,29,210
2026-07-30T04:31:08Z,5,0,29900,16.45,31,202
2026-07-30T04:31:08Z,6,0,17358,10.62,37,210
2026-07-30T04:31:08Z,7,0,17358,11.92,39,210
2026-07-30T04:31:09Z,0,0,31936,10.54,33,210
2026-07-30T04:31:09Z,1,0,32096,15.71,32,210
2026-07-30T04:31:09Z,2,100,31936,448.24,69,2857
2026-07-30T04:31:09Z,3,0,1,17.23,30,210
2026-07-30T04:31:09Z,4,0,29902,17.48,29,210
2026-07-30T04:31:09Z,5,0,29900,13.67,31,210
2026-07-30T04:31:09Z,6,0,17358,10.75,37,210
2026-07-30T04:31:09Z,7,0,17358,14.41,39,210
2026-07-30T04:31:11Z,0,0,31936,11.30,33,210
2026-07-30T04:31:11Z,1,0,32096,18.10,32,210
2026-07-30T04:31:11Z,2,100,31936,446.11,65,2655
2026-07-30T04:31:11Z,3,0,1,17.25,30,210
2026-07-30T04:31:11Z,4,0,29902,15.39,29,210
2026-07-30T04:31:11Z,5,0,29900,16.23,32,210
2026-07-30T04:31:11Z,6,0,17358,10.51,37,210
2026-07-30T04:31:11Z,7,0,17358,12.70,39,210
2026-07-30T04:31:13Z,0,0,31936,10.19,33,210
2026-07-30T04:31:13Z,1,0,32096,15.60,32,210
2026-07-30T04:31:13Z,2,100,31936,436.32,70,2865
2026-07-30T04:31:13Z,3,0,1,16.91,30,210
2026-07-30T04:31:13Z,4,0,29902,18.07,29,210
2026-07-30T04:31:13Z,5,0,29900,14.48,31,210
2026-07-30T04:31:13Z,6,0,17358,12.16,37,210
2026-07-30T04:31:13Z,7,0,17358,201.93,41,2917
2026-07-30T04:31:14Z,0,0,31936,10.22,33,210
2026-07-30T04:31:14Z,1,0,32096,18.59,32,210
2026-07-30T04:31:14Z,2,98,31936,449.88,68,2475
2026-07-30T04:31:14Z,3,0,1,16.65,30,210
2026-07-30T04:31:14Z,4,0,29902,14.69,29,210
2026-07-30T04:31:14Z,5,0,29900,14.74,31,202
2026-07-30T04:31:14Z,6,0,17358,10.42,37,210
2026-07-30T04:31:14Z,7,0,17358,83.17,40,2430
2026-07-30T04:31:16Z,0,0,31936,10.52,33,210
2026-07-30T04:31:16Z,1,0,32096,17.71,32,210
2026-07-30T04:31:16Z,2,100,32036,450.18,67,2475
2026-07-30T04:31:16Z,3,0,1,19.12,30,210
2026-07-30T04:31:16Z,4,0,29902,18.35,29,210
2026-07-30T04:31:16Z,5,0,29900,15.69,31,210
2026-07-30T04:31:16Z,6,0,17358,11.98,37,210
2026-07-30T04:31:16Z,7,0,17358,64.26,40,2430
2026-07-30T04:31:17Z,0,0,31936,9.79,33,210
2026-07-30T04:31:17Z,1,0,32096,16.84,32,210
2026-07-30T04:31:17Z,2,99,32036,449.16,65,2557
2026-07-30T04:31:17Z,3,0,1,16.00,30,210
2026-07-30T04:31:17Z,4,0,29902,16.43,29,210
2026-07-30T04:31:17Z,5,0,29900,14.06,31,210
2026-07-30T04:31:17Z,6,0,17358,10.32,37,210
2026-07-30T04:31:17Z,7,0,17358,63.96,40,2430
2026-07-30T04:31:19Z,0,0,31936,12.03,33,210
2026-07-30T04:31:19Z,1,0,32096,18.65,32,210
2026-07-30T04:31:19Z,2,100,32036,450.33,69,2595
2026-07-30T04:31:19Z,3,0,1,18.62,30,210
2026-07-30T04:31:19Z,4,0,29902,17.24,29,210
2026-07-30T04:31:19Z,5,0,29900,16.50,32,210
2026-07-30T04:31:19Z,6,26,17358,238.48,41,2812
2026-07-30T04:31:19Z,7,0,17358,62.44,40,2430
2026-07-30T04:31:20Z,0,0,31936,10.87,33,210
2026-07-30T04:31:20Z,1,0,32096,16.35,32,210
2026-07-30T04:31:20Z,2,100,32036,453.48,69,2587
2026-07-30T04:31:20Z,3,0,1,17.34,30,210
2026-07-30T04:31:20Z,4,0,29902,17.67,29,210
2026-07-30T04:31:20Z,5,0,29900,13.59,31,202
2026-07-30T04:31:20Z,6,0,17358,93.16,39,2925
2026-07-30T04:31:20Z,7,0,17358,65.01,40,2430
2026-07-30T04:31:22Z,0,0,31936,12.12,33,210
2026-07-30T04:31:22Z,1,0,32096,17.74,32,210
2026-07-30T04:31:22Z,2,100,32036,449.79,69,2580
2026-07-30T04:31:22Z,3,0,1,17.15,30,210
2026-07-30T04:31:22Z,4,0,29902,15.66,29,210
2026-07-30T04:31:22Z,5,0,29900,17.01,31,210
2026-07-30T04:31:22Z,6,0,17358,64.75,38,2430
2026-07-30T04:31:22Z,7,0,17358,61.80,40,2430
2026-07-30T04:31:25Z,0,0,31936,10.21,33,210
2026-07-30T04:31:25Z,1,0,32096,18.02,32,210
2026-07-30T04:31:25Z,2,100,32036,449.52,69,2610
2026-07-30T04:31:25Z,3,0,1,16.13,30,210
2026-07-30T04:31:25Z,4,0,29902,14.70,29,210
2026-07-30T04:31:25Z,5,0,29900,14.55,31,210
2026-07-30T04:31:25Z,6,0,17358,64.38,38,2430
2026-07-30T04:31:25Z,7,0,17358,62.23,40,2430
2026-07-30T04:31:27Z,0,0,31936,10.29,33,210
2026-07-30T04:31:27Z,1,0,32096,16.09,32,210
2026-07-30T04:31:27Z,2,99,32036,440.23,65,2872
2026-07-30T04:31:27Z,3,0,1,17.87,30,210
2026-07-30T04:31:27Z,4,0,29902,18.02,29,210
2026-07-30T04:31:27Z,5,0,29900,14.40,31,210
2026-07-30T04:31:27Z,6,0,17358,65.26,38,2430
2026-07-30T04:31:27Z,7,0,17358,64.23,40,2430
2026-07-30T04:31:28Z,0,0,31936,9.71,33,210
2026-07-30T04:31:28Z,1,0,32096,17.15,32,210
2026-07-30T04:31:28Z,2,100,32036,450.33,68,2542
2026-07-30T04:31:28Z,3,0,1,17.20,30,210
2026-07-30T04:31:28Z,4,0,29902,16.90,29,210
2026-07-30T04:31:28Z,5,0,29900,14.68,31,210
2026-07-30T04:31:28Z,6,0,17358,62.80,38,2430
2026-07-30T04:31:28Z,7,0,17358,62.93,40,2430
2026-07-30T04:31:30Z,0,0,31936,13.02,33,210
2026-07-30T04:31:30Z,1,0,32096,15.60,32,210
2026-07-30T04:31:30Z,2,99,32036,417.46,68,2842
2026-07-30T04:31:30Z,3,0,1,19.58,30,210
2026-07-30T04:31:30Z,4,0,29902,16.34,29,210
2026-07-30T04:31:30Z,5,0,29900,16.31,31,210
2026-07-30T04:31:30Z,6,0,17358,66.66,38,2430
2026-07-30T04:31:30Z,7,0,17358,24.60,39,337
2026-07-30T04:31:32Z,0,0,31936,10.63,33,210
2026-07-30T04:31:32Z,1,0,32096,16.91,32,210
2026-07-30T04:31:32Z,2,100,32036,463.16,69,2587
2026-07-30T04:31:32Z,3,0,1,16.81,30,210
2026-07-30T04:31:32Z,4,0,29902,17.15,29,210
2026-07-30T04:31:32Z,5,0,29900,14.48,31,210
2026-07-30T04:31:32Z,6,0,17358,62.69,38,2430
2026-07-30T04:31:32Z,7,0,17358,16.13,39,202
2026-07-30T04:31:33Z,0,0,31936,11.60,33,210
2026-07-30T04:31:33Z,1,0,32096,17.50,32,210
2026-07-30T04:31:33Z,2,100,32036,449.71,69,2595
2026-07-30T04:31:33Z,3,0,1,18.03,30,210
2026-07-30T04:31:33Z,4,0,29902,15.64,29,210
2026-07-30T04:31:33Z,5,0,29900,16.25,31,210
2026-07-30T04:31:33Z,6,0,17358,65.71,38,2430
2026-07-30T04:31:33Z,7,0,17358,11.80,39,210
2026-07-30T04:31:35Z,0,0,31936,9.36,33,210
2026-07-30T04:31:35Z,1,0,32096,16.70,32,210
2026-07-30T04:31:35Z,2,99,32036,434.80,65,2842
2026-07-30T04:31:35Z,3,0,1,16.42,30,210
2026-07-30T04:31:35Z,4,0,29902,17.58,29,210
2026-07-30T04:31:35Z,5,0,29900,13.45,31,210
2026-07-30T04:31:35Z,6,0,17358,64.33,38,2430
2026-07-30T04:31:35Z,7,0,17358,13.25,38,210
2026-07-30T04:31:36Z,0,0,31936,10.01,33,210
2026-07-30T04:31:36Z,1,0,32096,19.02,32,210
2026-07-30T04:31:36Z,2,100,32036,450.50,68,2602
2026-07-30T04:31:36Z,3,0,1,16.48,30,210
2026-07-30T04:31:36Z,4,0,29902,16.33,29,210
2026-07-30T04:31:36Z,5,0,29900,16.10,31,210
2026-07-30T04:31:36Z,6,0,17358,29.65,37,367
2026-07-30T04:31:36Z,7,100,17358,130.72,48,2145
2026-07-30T04:31:38Z,0,0,31936,11.62,33,210
2026-07-30T04:31:38Z,1,0,32096,17.12,32,210
2026-07-30T04:31:38Z,2,100,32036,450.96,69,2587
2026-07-30T04:31:38Z,3,0,1,17.97,30,210
2026-07-30T04:31:38Z,4,0,29902,17.71,29,210
2026-07-30T04:31:38Z,5,0,29900,15.49,31,210
2026-07-30T04:31:38Z,6,0,17358,13.27,37,210
2026-07-30T04:31:38Z,7,0,17358,96.16,40,2910
2026-07-30T04:31:39Z,0,0,31936,9.81,33,210
2026-07-30T04:31:39Z,1,0,32096,17.11,32,210
2026-07-30T04:31:39Z,2,99,32036,441.17,65,2835
2026-07-30T04:31:39Z,3,0,1,16.97,30,210
2026-07-30T04:31:39Z,4,0,29902,15.41,29,210
2026-07-30T04:31:39Z,5,0,29900,15.64,31,210
2026-07-30T04:31:39Z,6,0,17358,10.10,37,210
2026-07-30T04:31:39Z,7,0,17358,63.54,40,2430
2026-07-30T04:31:43Z,0,0,31936,9.97,33,210
2026-07-30T04:31:43Z,1,0,32096,18.67,32,210
2026-07-30T04:31:43Z,2,100,32036,449.81,69,2617
2026-07-30T04:31:43Z,3,0,1,16.53,30,210
2026-07-30T04:31:43Z,4,0,29902,16.88,29,210
2026-07-30T04:31:43Z,5,0,29900,14.03,31,210
2026-07-30T04:31:43Z,6,22,17358,180.80,41,2842
2026-07-30T04:31:43Z,7,0,17358,63.16,40,2430
2026-07-30T04:31:45Z,0,0,31936,12.77,33,210
2026-07-30T04:31:45Z,1,0,32096,17.89,32,210
2026-07-30T04:31:45Z,2,100,32036,449.70,69,2505
2026-07-30T04:31:45Z,3,0,1,19.11,30,210
2026-07-30T04:31:45Z,4,0,29902,16.86,29,210
2026-07-30T04:31:45Z,5,0,29900,14.98,31,210
2026-07-30T04:31:45Z,6,0,17358,95.33,39,2925
2026-07-30T04:31:45Z,7,0,17358,62.49,40,2430
2026-07-30T04:31:46Z,0,0,31936,10.94,33,210
2026-07-30T04:31:46Z,1,0,32096,16.21,32,210
2026-07-30T04:31:46Z,2,100,32036,447.97,65,2242
2026-07-30T04:31:46Z,3,0,1,17.71,30,210
2026-07-30T04:31:46Z,4,0,29902,17.57,29,210
2026-07-30T04:31:46Z,5,0,29900,14.22,31,210
2026-07-30T04:31:46Z,6,0,17358,64.11,38,2430
2026-07-30T04:31:46Z,7,0,17358,64.29,40,2430
2026-07-30T04:31:48Z,0,0,31936,13.13,33,210
2026-07-30T04:31:48Z,1,0,32096,16.53,32,210
2026-07-30T04:31:48Z,2,100,32036,453.57,68,2595
2026-07-30T04:31:48Z,3,0,1,18.22,30,210
2026-07-30T04:31:48Z,4,0,29902,16.31,29,210
2026-07-30T04:31:48Z,5,0,29900,16.88,31,210
2026-07-30T04:31:48Z,6,0,17358,66.15,38,2430
2026-07-30T04:31:48Z,7,0,17358,61.62,40,2430
2026-07-30T04:31:49Z,0,0,31936,12.17,33,210
2026-07-30T04:31:49Z,1,0,32096,15.98,32,210
2026-07-30T04:31:49Z,2,99,32036,447.71,66,2625
2026-07-30T04:31:49Z,3,0,1,18.45,30,210
2026-07-30T04:31:49Z,4,0,29902,18.46,29,210
2026-07-30T04:31:49Z,5,0,29900,14.55,31,210
2026-07-30T04:31:49Z,6,0,17358,64.69,38,2430
2026-07-30T04:31:49Z,7,0,17358,65.15,40,2430
2026-07-30T04:31:51Z,0,0,31936,11.34,33,210
2026-07-30T04:31:51Z,1,0,32096,18.16,32,210
2026-07-30T04:31:51Z,2,100,32036,450.48,69,2610
2026-07-30T04:31:51Z,3,0,1,16.50,30,210
2026-07-30T04:31:51Z,4,0,29902,14.57,29,210
2026-07-30T04:31:51Z,5,0,29900,16.48,31,210
2026-07-30T04:31:51Z,6,0,17358,64.61,38,2430
2026-07-30T04:31:51Z,7,0,17358,62.51,40,2430
2026-07-30T04:31:52Z,0,0,31936,12.47,33,210
2026-07-30T04:31:52Z,1,0,32096,17.03,32,210
2026-07-30T04:31:52Z,2,100,32036,449.71,69,2587
2026-07-30T04:31:52Z,3,0,1,19.63,30,210
2026-07-30T04:31:52Z,4,0,29902,15.96,29,210
2026-07-30T04:31:52Z,5,0,29900,16.45,31,210
2026-07-30T04:31:52Z,6,0,17358,65.87,38,2430
2026-07-30T04:31:52Z,7,0,17358,63.87,40,2430
2026-07-30T04:31:54Z,0,0,31936,9.90,33,210
2026-07-30T04:31:54Z,1,0,32096,17.79,32,210
2026-07-30T04:31:54Z,2,100,32036,446.39,65,2767
2026-07-30T04:31:54Z,3,0,1,16.76,30,210
2026-07-30T04:31:54Z,4,0,29902,15.65,29,210
2026-07-30T04:31:54Z,5,0,29900,14.35,31,210
2026-07-30T04:31:54Z,6,0,17358,63.97,38,2430
2026-07-30T04:31:54Z,7,0,17358,63.63,40,2430
2026-07-30T04:31:56Z,0,0,31936,12.49,33,210
2026-07-30T04:31:56Z,1,0,32096,17.77,32,210
2026-07-30T04:31:56Z,2,100,32036,464.18,69,2587
2026-07-30T04:31:56Z,3,0,1,18.97,30,210
2026-07-30T04:31:56Z,4,0,29902,17.92,29,210
2026-07-30T04:31:56Z,5,0,29900,15.19,31,210
2026-07-30T04:31:56Z,6,0,17358,65.87,38,2430
2026-07-30T04:31:56Z,7,0,17358,24.97,39,345
2026-07-30T04:31:57Z,0,0,31936,9.75,33,210
2026-07-30T04:31:57Z,1,0,32096,16.40,32,210
2026-07-30T04:31:57Z,2,100,32036,449.65,69,2595
2026-07-30T04:31:57Z,3,0,1,16.37,30,210
2026-07-30T04:31:57Z,4,0,29902,17.76,29,210
2026-07-30T04:31:57Z,5,0,29900,13.31,31,210
2026-07-30T04:31:57Z,6,0,17358,63.09,38,2430
2026-07-30T04:31:57Z,7,0,17358,14.94,39,210
2026-07-30T04:32:01Z,0,0,31936,10.50,33,210
2026-07-30T04:32:01Z,1,0,32096,18.79,32,210
2026-07-30T04:32:01Z,2,76,32036,431.17,68,2857
2026-07-30T04:32:01Z,3,0,1,15.89,30,210
2026-07-30T04:32:01Z,4,0,29902,16.92,29,210
2026-07-30T04:32:01Z,5,0,29900,13.83,31,210
2026-07-30T04:32:01Z,6,0,17358,41.10,37,420
2026-07-30T04:32:01Z,7,0,17358,95.94,40,2910
2026-07-30T04:32:02Z,0,0,31936,12.12,33,210
2026-07-30T04:32:02Z,1,0,32096,18.59,32,210
2026-07-30T04:32:02Z,2,100,32036,450.37,67,2355
2026-07-30T04:32:02Z,3,0,1,18.33,30,210
2026-07-30T04:32:02Z,4,0,29902,16.18,29,210
2026-07-30T04:32:02Z,5,0,29900,16.58,31,210
2026-07-30T04:32:02Z,6,0,17358,12.40,37,210
2026-07-30T04:32:02Z,7,0,17358,62.13,40,2430
2026-07-30T04:32:04Z,0,0,31936,12.31,33,210
2026-07-30T04:32:04Z,1,0,32096,16.45,32,210
2026-07-30T04:32:04Z,2,100,32036,449.77,69,2602
2026-07-30T04:32:04Z,3,0,1,18.49,30,210
2026-07-30T04:32:04Z,4,0,29902,18.38,29,210
2026-07-30T04:32:04Z,5,0,29900,15.11,31,210
2026-07-30T04:32:04Z,6,0,17358,12.44,37,210
2026-07-30T04:32:04Z,7,0,17358,65.04,40,2430
2026-07-30T04:32:06Z,0,0,31936,11.77,32,210
2026-07-30T04:32:06Z,1,0,32096,19.07,32,210
2026-07-30T04:32:06Z,2,100,32036,449.67,69,2595
2026-07-30T04:32:06Z,3,0,1,16.94,30,210
2026-07-30T04:32:06Z,4,0,29902,15.51,29,210
2026-07-30T04:32:06Z,5,0,29900,16.10,31,210
2026-07-30T04:32:06Z,6,0,17358,9.75,37,210
2026-07-30T04:32:06Z,7,0,17358,62.26,40,2430
2026-07-30T04:32:07Z,0,0,31936,12.52,33,210
2026-07-30T04:32:07Z,1,0,32096,16.50,32,210
2026-07-30T04:32:07Z,2,100,32036,449.55,70,2872
2026-07-30T04:32:07Z,3,0,1,18.45,30,210
2026-07-30T04:32:07Z,4,0,29902,18.03,29,210
2026-07-30T04:32:07Z,5,0,29900,16.04,31,210
2026-07-30T04:32:07Z,6,100,17358,126.32,47,1860
2026-07-30T04:32:07Z,7,0,17358,64.61,40,2430
2026-07-30T04:32:09Z,0,0,31936,11.11,32,210
2026-07-30T04:32:09Z,1,0,32096,19.19,32,210
2026-07-30T04:32:09Z,2,100,32036,450.49,68,2422
2026-07-30T04:32:09Z,3,0,1,16.83,30,210
2026-07-30T04:32:09Z,4,0,29902,16.80,29,210
2026-07-30T04:32:09Z,5,0,29900,14.97,31,210
2026-07-30T04:32:09Z,6,0,17358,92.86,39,2925
2026-07-30T04:32:09Z,7,0,17358,63.53,39,2430
2026-07-30T04:32:10Z,0,0,31936,13.35,32,210
2026-07-30T04:32:10Z,1,0,32096,18.02,32,210
2026-07-30T04:32:10Z,2,100,32036,466.79,69,2602
2026-07-30T04:32:10Z,3,0,1,19.33,30,210
2026-07-30T04:32:10Z,4,0,29902,16.79,29,210
2026-07-30T04:32:10Z,5,0,29900,16.62,31,210
2026-07-30T04:32:10Z,6,0,17358,66.14,38,2430
2026-07-30T04:32:10Z,7,0,17358,63.30,40,2430
2026-07-30T04:32:12Z,0,0,31936,9.13,32,210
2026-07-30T04:32:12Z,1,0,32096,17.95,32,210
2026-07-30T04:32:12Z,2,99,32036,448.49,65,2722
2026-07-30T04:32:12Z,3,0,1,15.72,30,210
2026-07-30T04:32:12Z,4,0,29902,16.50,29,210
2026-07-30T04:32:12Z,5,0,29900,14.05,31,210
2026-07-30T04:32:12Z,6,0,17358,63.27,38,2430
2026-07-30T04:32:12Z,7,0,17358,65.01,40,2430
2026-07-30T04:32:13Z,0,0,31936,10.47,32,210
2026-07-30T04:32:13Z,1,0,32096,18.26,32,210
2026-07-30T04:32:13Z,2,100,32036,452.97,69,2572
2026-07-30T04:32:13Z,3,0,1,17.37,30,210
2026-07-30T04:32:13Z,4,0,29902,15.84,29,210
2026-07-30T04:32:13Z,5,0,29900,15.59,31,210
2026-07-30T04:32:13Z,6,0,17358,65.59,38,2430
2026-07-30T04:32:13Z,7,0,17358,61.98,39,2430
2026-07-30T04:32:15Z,0,0,31936,10.22,32,202
2026-07-30T04:32:15Z,1,0,32096,15.90,32,210
2026-07-30T04:32:15Z,2,100,32036,449.76,68,2587
2026-07-30T04:32:15Z,3,0,1,18.60,30,210
2026-07-30T04:32:15Z,4,0,29902,17.79,29,210
2026-07-30T04:32:15Z,5,0,29900,15.24,31,210
2026-07-30T04:32:15Z,6,0,17358,63.86,38,2430
2026-07-30T04:32:15Z,7,0,17358,65.10,40,2430
2026-07-30T04:32:19Z,0,0,31936,10.20,32,210
2026-07-30T04:32:19Z,1,0,32096,15.11,32,210
2026-07-30T04:32:19Z,2,99,32036,447.33,64,2865
2026-07-30T04:32:19Z,3,0,1,17.25,30,210
2026-07-30T04:32:19Z,4,0,29902,17.88,29,210
2026-07-30T04:32:19Z,5,0,29900,14.52,31,210
2026-07-30T04:32:19Z,6,0,17358,64.47,38,2430
2026-07-30T04:32:19Z,7,0,17358,25.33,39,337
2026-07-30T04:32:20Z,0,0,31936,10.27,32,210
2026-07-30T04:32:20Z,1,0,32096,18.31,32,210
2026-07-30T04:32:20Z,2,100,32036,450.38,68,2595
2026-07-30T04:32:20Z,3,0,1,16.83,30,210
2026-07-30T04:32:20Z,4,0,29902,15.28,29,210
2026-07-30T04:32:20Z,5,0,29900,16.31,31,210
2026-07-30T04:32:20Z,6,0,17358,64.95,38,2430
2026-07-30T04:32:20Z,7,0,17358,14.35,38,210
2026-07-30T04:32:22Z,0,0,31936,9.98,32,210
2026-07-30T04:32:22Z,1,0,32096,15.89,32,210
2026-07-30T04:32:22Z,2,100,32036,449.75,69,2580
2026-07-30T04:32:22Z,3,0,1,18.15,30,210
2026-07-30T04:32:22Z,4,0,29902,17.23,29,210
2026-07-30T04:32:22Z,5,0,29900,14.21,31,210
2026-07-30T04:32:22Z,6,0,17358,65.34,38,2430
2026-07-30T04:32:22Z,7,100,17358,44.64,47,1597
2026-07-30T04:32:23Z,0,0,31936,9.54,32,210
2026-07-30T04:32:23Z,1,0,32096,18.20,32,210
2026-07-30T04:32:23Z,2,100,32036,449.54,69,2595
2026-07-30T04:32:23Z,3,0,1,16.01,30,210
2026-07-30T04:32:23Z,4,0,29902,17.02,29,210
2026-07-30T04:32:23Z,5,0,29900,13.99,31,210
2026-07-30T04:32:23Z,6,0,17358,63.29,38,2430
2026-07-30T04:32:23Z,7,0,17358,123.98,40,2910
2026-07-30T04:32:25Z,0,0,31936,11.85,32,210
2026-07-30T04:32:25Z,1,0,32096,15.86,32,210
2026-07-30T04:32:25Z,2,100,32036,447.49,65,2707
2026-07-30T04:32:25Z,3,0,1,18.51,30,210
2026-07-30T04:32:25Z,4,0,29902,17.06,29,210
2026-07-30T04:32:25Z,5,0,29900,16.04,31,210
2026-07-30T04:32:25Z,6,0,17358,48.61,37,420
2026-07-30T04:32:25Z,7,0,17358,71.81,40,2430
2026-07-30T04:32:26Z,0,0,31936,9.86,32,210
2026-07-30T04:32:26Z,1,0,32096,15.99,32,210
2026-07-30T04:32:26Z,2,100,32036,450.39,69,2580
2026-07-30T04:32:26Z,3,0,1,17.64,30,210
2026-07-30T04:32:26Z,4,0,29902,18.11,29,210
2026-07-30T04:32:26Z,5,0,29900,13.72,31,210
2026-07-30T04:32:26Z,6,0,17358,10.10,37,210
2026-07-30T04:32:26Z,7,0,17358,65.18,40,2430
2026-07-30T04:32:28Z,0,0,31936,12.02,32,210
2026-07-30T04:32:28Z,1,0,32096,18.13,32,210
2026-07-30T04:32:28Z,2,100,32036,449.73,69,2610
2026-07-30T04:32:28Z,3,0,1,17.07,30,210
2026-07-30T04:32:28Z,4,0,29902,15.08,29,210
2026-07-30T04:32:28Z,5,0,29900,16.85,31,210
2026-07-30T04:32:28Z,6,0,17358,9.94,37,210
2026-07-30T04:32:28Z,7,0,17358,62.42,40,2430
2026-07-30T04:32:29Z,0,0,31936,11.70,32,210
2026-07-30T04:32:29Z,1,0,32096,16.44,32,210
2026-07-30T04:32:29Z,2,97,32036,446.36,65,2857
2026-07-30T04:32:29Z,3,0,1,17.85,30,210
2026-07-30T04:32:29Z,4,0,29902,18.22,29,210
2026-07-30T04:32:29Z,5,0,29900,14.11,31,210
2026-07-30T04:32:29Z,6,0,17358,12.02,37,210
2026-07-30T04:32:29Z,7,0,17358,65.38,39,2430
2026-07-30T04:32:31Z,0,0,31936,9.71,32,210
2026-07-30T04:32:31Z,1,0,32096,18.95,32,210
2026-07-30T04:32:31Z,2,100,32036,457.20,69,2572
2026-07-30T04:32:31Z,3,0,1,16.99,30,210
2026-07-30T04:32:31Z,4,0,29902,14.95,29,210
2026-07-30T04:32:31Z,5,0,29900,15.03,31,210
2026-07-30T04:32:31Z,6,0,17358,10.68,37,210
2026-07-30T04:32:31Z,7,0,17358,63.04,39,2430
2026-07-30T04:32:33Z,0,0,31936,10.91,32,210
2026-07-30T04:32:33Z,1,0,32096,17.72,32,210
2026-07-30T04:32:33Z,2,100,32036,449.73,69,2595
2026-07-30T04:32:33Z,3,0,1,18.63,30,210
2026-07-30T04:32:33Z,4,0,29902,18.09,29,210
2026-07-30T04:32:33Z,5,0,29900,14.39,31,210
2026-07-30T04:32:33Z,6,0,17358,11.72,37,210
2026-07-30T04:32:33Z,7,0,17358,63.18,39,2430
2026-07-30T04:32:35Z,0,0,31936,9.98,32,210
2026-07-30T04:32:35Z,1,0,32096,18.99,32,210
2026-07-30T04:32:35Z,2,100,32036,439.91,67,2872
2026-07-30T04:32:35Z,3,0,1,17.17,30,210
2026-07-30T04:32:35Z,4,0,29902,15.74,29,210
2026-07-30T04:32:35Z,5,0,29900,15.23,31,210
2026-07-30T04:32:35Z,6,95,17358,177.81,47,1890
2026-07-30T04:32:35Z,7,0,17358,62.14,39,2430
2026-07-30T04:32:37Z,0,0,31936,11.00,32,210
2026-07-30T04:32:37Z,1,0,32096,17.54,32,210
2026-07-30T04:32:37Z,2,100,32036,453.27,69,2602
2026-07-30T04:32:37Z,3,0,1,19.10,30,210
2026-07-30T04:32:37Z,4,0,29902,17.91,29,210
2026-07-30T04:32:37Z,5,0,29900,15.25,31,210
2026-07-30T04:32:37Z,6,0,17358,93.93,39,2925
2026-07-30T04:32:37Z,7,0,17358,64.07,39,2430
2026-07-30T04:32:38Z,0,0,31936,8.58,32,210
2026-07-30T04:32:38Z,1,0,32096,17.41,32,210
2026-07-30T04:32:38Z,2,100,32036,450.13,69,2452
2026-07-30T04:32:38Z,3,0,1,15.94,30,210
2026-07-30T04:32:38Z,4,0,29902,16.98,29,210
2026-07-30T04:32:38Z,5,0,29900,14.50,31,210
2026-07-30T04:32:38Z,6,0,17358,63.18,38,2430
2026-07-30T04:32:38Z,7,0,17358,63.61,39,2430
2026-07-30T04:32:40Z,0,0,31936,10.11,32,210
2026-07-30T04:32:40Z,1,0,32096,17.57,32,210
2026-07-30T04:32:40Z,2,100,32036,450.39,67,2400
2026-07-30T04:32:40Z,3,0,1,18.99,30,210
2026-07-30T04:32:40Z,4,0,29902,16.64,29,210
2026-07-30T04:32:40Z,5,0,29900,15.50,31,210
2026-07-30T04:32:40Z,6,0,17358,66.15,38,2430
2026-07-30T04:32:40Z,7,0,17358,62.66,39,2430
2026-07-30T04:32:41Z,0,0,31936,8.19,32,210
2026-07-30T04:32:41Z,1,0,32096,16.74,32,210
2026-07-30T04:32:41Z,2,100,32036,450.29,67,2325
2026-07-30T04:32:41Z,3,0,1,16.97,30,210
2026-07-30T04:32:41Z,4,0,29902,17.72,29,210
2026-07-30T04:32:41Z,5,0,29900,13.76,31,210
2026-07-30T04:32:41Z,6,0,17358,62.94,38,2430
2026-07-30T04:32:41Z,7,0,17358,26.94,39,337
2026-07-30T04:32:43Z,0,0,31936,10.84,32,210
2026-07-30T04:32:43Z,1,0,32096,17.99,32,210
2026-07-30T04:32:43Z,2,100,32036,451.57,68,2602
2026-07-30T04:32:43Z,3,0,1,17.85,30,210
2026-07-30T04:32:43Z,4,0,29902,15.74,29,210
2026-07-30T04:32:43Z,5,0,29900,16.57,31,210
2026-07-30T04:32:43Z,6,0,17358,65.25,38,2430
2026-07-30T04:32:43Z,7,0,17358,13.42,38,210
2026-07-30T04:32:44Z,0,0,31936,10.10,32,210
2026-07-30T04:32:44Z,1,0,32096,15.64,32,210
2026-07-30T04:32:44Z,2,99,32036,445.75,65,2865
2026-07-30T04:32:44Z,3,0,1,18.69,30,210
2026-07-30T04:32:44Z,4,0,29902,18.15,29,210
2026-07-30T04:32:44Z,5,0,29900,14.50,31,210
2026-07-30T04:32:44Z,6,0,17358,64.83,38,2430
2026-07-30T04:32:44Z,7,0,17358,12.77,38,210
2026-07-30T04:32:46Z,0,0,31936,9.90,32,210
2026-07-30T04:32:46Z,1,0,32096,18.83,32,210
2026-07-30T04:32:46Z,2,100,32036,450.24,68,2610
2026-07-30T04:32:46Z,3,0,1,16.93,30,210
2026-07-30T04:32:46Z,4,0,29902,14.96,29,210
2026-07-30T04:32:46Z,5,0,29900,16.77,31,210
2026-07-30T04:32:46Z,6,0,17358,65.14,38,2430
2026-07-30T04:32:46Z,7,27,17358,172.48,42,2767
2026-07-30T04:32:47Z,0,0,31936,12.17,32,210
2026-07-30T04:32:47Z,1,0,32096,17.34,32,210
2026-07-30T04:32:47Z,2,100,32036,451.35,69,2587
2026-07-30T04:32:47Z,3,0,1,19.89,30,210
2026-07-30T04:32:47Z,4,0,29902,17.21,29,210
2026-07-30T04:32:47Z,5,0,29900,16.55,31,210
2026-07-30T04:32:47Z,6,0,17358,65.54,38,2430
2026-07-30T04:32:47Z,7,0,17358,95.03,40,2910
2026-07-30T04:32:49Z,0,0,31936,9.19,32,210
2026-07-30T04:32:49Z,1,0,32096,16.59,32,210
2026-07-30T04:32:49Z,2,100,32038,449.99,69,2602
2026-07-30T04:32:49Z,3,0,1,16.57,30,210
2026-07-30T04:32:49Z,4,0,29902,15.48,29,210
2026-07-30T04:32:49Z,5,0,29900,14.35,31,210
2026-07-30T04:32:49Z,6,0,17358,63.66,38,2430
2026-07-30T04:32:49Z,7,0,17358,64.04,40,2430
2026-07-30T04:32:53Z,0,0,31936,8.71,32,210
2026-07-30T04:32:53Z,1,0,32096,16.76,32,210
2026-07-30T04:32:53Z,2,100,32038,437.43,65,2842
2026-07-30T04:32:53Z,3,0,1,16.49,30,210
2026-07-30T04:32:53Z,4,0,29902,16.24,29,210
2026-07-30T04:32:53Z,5,0,29900,14.75,31,210
2026-07-30T04:32:53Z,6,0,17358,57.15,37,2227
2026-07-30T04:32:53Z,7,0,17358,64.25,39,2430
2026-07-30T04:32:54Z,0,0,31936,11.35,32,210
2026-07-30T04:32:54Z,1,0,32096,16.33,32,210
2026-07-30T04:32:54Z,2,100,32038,462.58,69,2580
2026-07-30T04:32:54Z,3,0,1,17.57,30,210
2026-07-30T04:32:54Z,4,0,29902,15.54,29,210
2026-07-30T04:32:54Z,5,0,29900,16.66,31,210
2026-07-30T04:32:54Z,6,0,17358,26.13,37,367
2026-07-30T04:32:54Z,7,0,17358,61.94,39,2430
2026-07-30T04:32:56Z,0,0,31936,8.92,32,210
2026-07-30T04:32:56Z,1,0,32096,15.98,32,210
2026-07-30T04:32:56Z,2,100,32038,449.57,69,2595
2026-07-30T04:32:56Z,3,0,1,16.46,30,210
2026-07-30T04:32:56Z,4,0,29902,17.78,29,210
2026-07-30T04:32:56Z,5,0,29900,14.25,31,210
2026-07-30T04:32:56Z,6,0,17358,11.16,37,210
2026-07-30T04:32:56Z,7,0,17358,65.12,39,2430
2026-07-30T04:32:57Z,0,0,31936,9.93,32,210
2026-07-30T04:32:57Z,1,0,32096,19.14,32,210
2026-07-30T04:32:57Z,2,100,32038,449.08,69,2670
2026-07-30T04:32:57Z,3,0,1,16.70,30,210
2026-07-30T04:32:57Z,4,0,29902,16.08,29,210
2026-07-30T04:32:57Z,5,0,29900,16.42,31,202
2026-07-30T04:32:57Z,6,0,17358,9.41,37,210
2026-07-30T04:32:57Z,7,0,17358,62.40,39,2430
2026-07-30T04:32:59Z,0,0,31936,10.79,32,210
2026-07-30T04:32:59Z,1,0,32096,16.45,32,210
2026-07-30T04:32:59Z,2,99,32038,449.42,68,2370
2026-07-30T04:32:59Z,3,0,1,18.87,30,210
2026-07-30T04:32:59Z,4,0,29902,18.07,29,210
2026-07-30T04:32:59Z,5,0,29900,13.40,31,210
2026-07-30T04:32:59Z,6,0,17358,11.12,37,210
2026-07-30T04:32:59Z,7,0,17358,63.84,39,2430
2026-07-30T04:33:00Z,0,0,31936,9.18,32,210
2026-07-30T04:33:00Z,1,0,32096,18.47,32,210
2026-07-30T04:33:00Z,2,100,32038,450.18,67,2467
2026-07-30T04:33:00Z,3,0,1,16.03,30,210
2026-07-30T04:33:00Z,4,0,29902,16.96,29,210
2026-07-30T04:33:00Z,5,0,29900,14.49,31,210
2026-07-30T04:33:00Z,6,13,17358,309.35,39,2925
2026-07-30T04:33:00Z,7,0,17358,63.82,39,2430
2026-07-30T04:33:02Z,0,0,31936,12.04,32,210
2026-07-30T04:33:02Z,1,0,32096,18.35,32,210
2026-07-30T04:33:02Z,2,100,32038,449.88,69,2595
2026-07-30T04:33:02Z,3,0,1,20.05,30,210
2026-07-30T04:33:02Z,4,0,29902,16.79,29,210
2026-07-30T04:33:02Z,5,0,29900,15.74,31,210
2026-07-30T04:33:02Z,6,0,17358,92.66,38,2752
2026-07-30T04:33:02Z,7,0,17358,62.97,39,2430
2026-07-30T04:33:03Z,0,0,31936,10.23,32,210
2026-07-30T04:33:03Z,1,0,32096,17.65,32,210
2026-07-30T04:33:03Z,2,99,32038,448.36,67,2625
2026-07-30T04:33:03Z,3,0,1,18.60,30,210
2026-07-30T04:33:03Z,4,0,29902,17.62,29,210
2026-07-30T04:33:03Z,5,0,29900,14.53,31,202
2026-07-30T04:33:03Z,6,0,17358,64.05,38,2430
2026-07-30T04:33:03Z,7,0,17358,61.29,39,2430
2026-07-30T04:33:05Z,0,0,31936,10.89,32,210
2026-07-30T04:33:05Z,1,0,32096,18.69,32,210
2026-07-30T04:33:05Z,2,100,32038,437.80,69,2625
2026-07-30T04:33:05Z,3,0,1,17.93,30,210
2026-07-30T04:33:05Z,4,0,29902,15.66,29,210
2026-07-30T04:33:05Z,5,0,29900,16.35,31,210
2026-07-30T04:33:05Z,6,0,17358,64.57,38,2430
2026-07-30T04:33:05Z,7,0,17358,24.92,39,337
2026-07-30T04:33:06Z,0,0,31936,10.40,32,210
2026-07-30T04:33:06Z,1,0,32096,16.47,32,210
2026-07-30T04:33:06Z,2,100,32058,449.75,69,2587
2026-07-30T04:33:06Z,3,0,1,18.86,30,210
2026-07-30T04:33:06Z,4,0,29902,18.23,29,210
2026-07-30T04:33:06Z,5,0,29900,14.59,31,210
2026-07-30T04:33:06Z,6,0,17358,64.69,38,2430
2026-07-30T04:33:06Z,7,0,17358,14.01,38,210
2026-07-30T04:33:10Z,0,0,31936,9.52,32,210
2026-07-30T04:33:10Z,1,0,32096,15.68,32,210
2026-07-30T04:33:10Z,2,100,32058,450.50,67,2430
2026-07-30T04:33:10Z,3,0,1,17.63,30,210
2026-07-30T04:33:10Z,4,0,29902,17.93,29,210
2026-07-30T04:33:10Z,5,0,29900,15.13,31,210
2026-07-30T04:33:10Z,6,0,17358,65.17,38,2430
2026-07-30T04:33:10Z,7,0,17358,203.89,40,2910
2026-07-30T04:33:12Z,0,0,31936,11.44,32,210
2026-07-30T04:33:12Z,1,0,32096,17.36,32,210
2026-07-30T04:33:12Z,2,99,32058,416.53,64,2872
2026-07-30T04:33:12Z,3,0,1,17.80,30,210
2026-07-30T04:33:12Z,4,0,29902,15.87,29,210
2026-07-30T04:33:12Z,5,0,29900,16.29,31,210
2026-07-30T04:33:12Z,6,0,17358,65.72,38,2430
2026-07-30T04:33:12Z,7,0,17358,75.46,39,2430
2026-07-30T04:33:13Z,0,0,31936,12.32,32,210
2026-07-30T04:33:13Z,1,0,32096,15.25,32,210
2026-07-30T04:33:13Z,2,100,32058,456.87,68,2677
2026-07-30T04:33:13Z,3,0,1,20.41,30,210
2026-07-30T04:33:13Z,4,0,29902,18.32,29,210
2026-07-30T04:33:13Z,5,0,29900,16.19,31,210
2026-07-30T04:33:13Z,6,0,17358,66.19,38,2430
2026-07-30T04:33:13Z,7,0,17358,64.63,39,2430
2026-07-30T04:33:15Z,0,0,31936,9.55,32,210
2026-07-30T04:33:15Z,1,0,32096,16.98,32,210
2026-07-30T04:33:15Z,2,99,32058,450.26,68,2377
2026-07-30T04:33:15Z,3,0,1,16.10,30,210
2026-07-30T04:33:15Z,4,0,29902,14.77,29,210
2026-07-30T04:33:15Z,5,0,29900,15.74,31,210
2026-07-30T04:33:15Z,6,0,17358,63.60,38,2430
2026-07-30T04:33:15Z,7,0,17358,63.84,39,2430
2026-07-30T04:33:16Z,0,0,31936,12.64,32,210
2026-07-30T04:33:16Z,1,0,32096,16.69,32,210
2026-07-30T04:33:16Z,2,100,32058,450.23,67,2557
2026-07-30T04:33:16Z,3,0,1,17.46,30,210
2026-07-30T04:33:16Z,4,0,29902,16.04,29,210
2026-07-30T04:33:16Z,5,0,29900,17.36,31,210
2026-07-30T04:33:16Z,6,0,17358,66.07,38,2430
2026-07-30T04:33:16Z,7,0,17358,62.57,39,2430
2026-07-30T04:33:18Z,0,0,31936,9.75,32,210
2026-07-30T04:33:18Z,1,0,32096,16.79,32,210
2026-07-30T04:33:18Z,2,100,32058,450.08,67,2542
2026-07-30T04:33:18Z,3,0,1,15.93,30,210
2026-07-30T04:33:18Z,4,0,29902,16.55,29,210
2026-07-30T04:33:18Z,5,0,29900,13.98,31,210
2026-07-30T04:33:18Z,6,0,17358,46.10,37,420
2026-07-30T04:33:18Z,7,0,17358,64.66,39,2430
2026-07-30T04:33:19Z,0,0,31936,11.40,32,210
2026-07-30T04:33:19Z,1,0,32096,18.10,32,210
2026-07-30T04:33:19Z,2,100,32058,449.65,69,2610
2026-07-30T04:33:19Z,3,0,1,17.52,30,210
2026-07-30T04:33:19Z,4,0,29902,15.10,29,210
2026-07-30T04:33:19Z,5,0,29900,17.36,31,210
2026-07-30T04:33:19Z,6,0,17358,11.64,37,210
2026-07-30T04:33:19Z,7,0,17358,61.77,39,2430
2026-07-30T04:33:21Z,0,0,31936,10.61,32,210
2026-07-30T04:33:21Z,1,0,32096,16.21,32,210
2026-07-30T04:33:21Z,2,100,32058,449.44,69,2602
2026-07-30T04:33:21Z,3,0,1,18.73,30,210
2026-07-30T04:33:21Z,4,0,29902,17.76,29,210
2026-07-30T04:33:21Z,5,0,29900,15.35,31,210
2026-07-30T04:33:21Z,6,0,17358,11.25,37,210
2026-07-30T04:33:21Z,7,0,17358,64.18,39,2430
2026-07-30T04:33:22Z,0,0,31936,9.58,32,210
2026-07-30T04:33:22Z,1,0,32096,18.90,32,210
2026-07-30T04:33:22Z,2,100,32058,448.60,70,2655
2026-07-30T04:33:22Z,3,0,1,17.21,30,210
2026-07-30T04:33:22Z,4,0,29902,15.89,29,210
2026-07-30T04:33:22Z,5,0,29900,14.94,31,210
2026-07-30T04:33:22Z,6,0,17358,9.94,37,210
2026-07-30T04:33:22Z,7,0,17358,62.60,39,2430
2026-07-30T04:33:24Z,0,0,31936,10.81,32,210
2026-07-30T04:33:24Z,1,0,32096,15.37,32,210
2026-07-30T04:33:24Z,2,100,32058,450.14,68,2340
2026-07-30T04:33:24Z,3,0,1,19.06,30,210
2026-07-30T04:33:24Z,4,0,29902,16.56,29,210
2026-07-30T04:33:24Z,5,0,29900,16.57,31,210
2026-07-30T04:33:24Z,6,100,17358,60.06,44,1035
2026-07-30T04:33:24Z,7,0,17358,63.14,39,2430
2026-07-30T04:33:28Z,0,0,31936,11.63,32,210
2026-07-30T04:33:28Z,1,0,32096,17.05,32,210
2026-07-30T04:33:28Z,2,100,32058,450.58,69,2580
2026-07-30T04:33:28Z,3,0,1,18.82,30,210
2026-07-30T04:33:28Z,4,0,29902,18.34,29,210
2026-07-30T04:33:28Z,5,0,29900,16.11,31,210
2026-07-30T04:33:28Z,6,0,17358,66.19,38,2430
2026-07-30T04:33:28Z,7,0,17358,44.91,39,450
2026-07-30T04:33:29Z,0,0,31936,8.65,32,210
2026-07-30T04:33:29Z,1,0,32096,16.94,32,210
2026-07-30T04:33:29Z,2,100,32058,447.93,71,2782
2026-07-30T04:33:29Z,3,0,1,17.63,30,210
2026-07-30T04:33:29Z,4,0,29902,17.60,29,210
2026-07-30T04:33:29Z,5,0,29900,14.41,31,210
2026-07-30T04:33:29Z,6,0,17358,62.70,38,2430
2026-07-30T04:33:29Z,7,0,17358,15.39,38,210
2026-07-30T04:33:31Z,0,0,31936,11.79,32,210
2026-07-30T04:33:31Z,1,0,32096,19.04,32,210
2026-07-30T04:33:31Z,2,100,32058,450.34,67,2250
2026-07-30T04:33:31Z,3,0,1,19.40,30,210
2026-07-30T04:33:31Z,4,0,29902,15.90,29,210
2026-07-30T04:33:31Z,5,0,29900,16.44,31,210
2026-07-30T04:33:31Z,6,0,17358,65.30,38,2430
2026-07-30T04:33:31Z,7,0,17358,12.28,38,210
2026-07-30T04:33:32Z,0,0,31936,9.97,32,210
2026-07-30T04:33:32Z,1,0,32096,15.80,32,210
2026-07-30T04:33:32Z,2,100,32058,453.50,69,2595
2026-07-30T04:33:32Z,3,0,1,18.73,30,210
2026-07-30T04:33:32Z,4,0,29902,18.29,29,210
2026-07-30T04:33:32Z,5,0,29900,14.98,31,210
2026-07-30T04:33:32Z,6,0,17358,62.66,38,2430
2026-07-30T04:33:32Z,7,0,17358,14.33,38,210
2026-07-30T04:33:34Z,0,0,31936,10.62,32,210
2026-07-30T04:33:34Z,1,0,32096,18.95,32,210
2026-07-30T04:33:34Z,2,100,32058,449.85,69,2602
2026-07-30T04:33:34Z,3,0,1,17.54,30,210
2026-07-30T04:33:34Z,4,0,29902,15.91,29,210
2026-07-30T04:33:34Z,5,0,29900,16.07,31,210
2026-07-30T04:33:34Z,6,0,17358,64.57,38,2430
2026-07-30T04:33:34Z,7,0,17358,13.87,38,210
2026-07-30T04:33:35Z,0,0,31936,11.37,32,210
2026-07-30T04:33:35Z,1,0,32096,16.72,32,210
2026-07-30T04:33:35Z,2,100,32058,447.21,65,2857
2026-07-30T04:33:35Z,3,0,1,19.67,30,210
2026-07-30T04:33:35Z,4,0,29902,16.61,29,210
2026-07-30T04:33:35Z,5,0,29900,15.33,31,210
2026-07-30T04:33:35Z,6,0,17358,65.57,38,2430
2026-07-30T04:33:35Z,7,68,17358,221.69,48,2317
2026-07-30T04:33:37Z,0,0,31936,9.69,32,210
2026-07-30T04:33:37Z,1,0,32096,17.62,32,210
2026-07-30T04:33:37Z,2,100,32058,450.80,69,2595
2026-07-30T04:33:37Z,3,0,1,15.84,30,210
2026-07-30T04:33:37Z,4,0,29902,15.11,29,202
2026-07-30T04:33:37Z,5,0,29900,15.17,31,210
2026-07-30T04:33:37Z,6,0,17358,62.02,38,2430
2026-07-30T04:33:37Z,7,0,17358,95.56,40,2910
2026-07-30T04:33:38Z,0,0,31936,11.12,32,210
2026-07-30T04:33:38Z,1,0,32096,18.19,32,210
2026-07-30T04:33:38Z,2,100,32058,445.86,65,2865
2026-07-30T04:33:38Z,3,0,1,17.59,30,210
2026-07-30T04:33:38Z,4,0,29902,15.84,29,210
2026-07-30T04:33:38Z,5,0,29900,16.17,31,210
2026-07-30T04:33:38Z,6,0,17358,65.85,38,2430
2026-07-30T04:33:38Z,7,0,17358,62.36,39,2430
2026-07-30T04:33:40Z,0,0,31936,10.13,32,210
2026-07-30T04:33:40Z,1,0,32096,15.87,32,202
2026-07-30T04:33:40Z,2,100,32058,449.81,69,2595
2026-07-30T04:33:40Z,3,0,1,15.77,30,210
2026-07-30T04:33:40Z,4,0,29902,17.81,29,210
2026-07-30T04:33:40Z,5,0,29900,14.35,31,210
2026-07-30T04:33:40Z,6,0,17358,62.75,38,2430
2026-07-30T04:33:40Z,7,0,17358,64.18,39,2430
