Timestamp,User Count,Type,Name,Requests/s,Failures/s,50%,66%,75%,80%,90%,95%,98%,99%,99.9%,99.99%,100%,Total Request Count,Total Failure Count,Total Median Response Time,Total Average Response Time,Total Min Response Time,Total Max Response Time,Total Average Content Size
1785385299,0,,Aggregated,0.000000,0.000000,N/A,N/A,N/A,N/A,N/A,N/A,N/A,N/A,N/A,N/A,N/A,0,0,0,0.0,0,0,0
1785385300,0,,Aggregated,0.000000,0.000000,N/A,N/A,N/A,N/A,N/A,N/A,N/A,N/A,N/A,N/A,N/A,0,0,0,0.0,0,0,0
1785385301,0,,Aggregated,0.000000,0.000000,N/A,N/A,N/A,N/A,N/A,N/A,N/A,N/A,N/A,N/A,N/A,0,0,0,0.0,0,0,0
1785385302,0,,Aggregated,0.000000,0.000000,N/A,N/A,N/A,N/A,N/A,N/A,N/A,N/A,N/A,N/A,N/A,0,0,0,0.0,0,0,0
1785385303,0,,Aggregated,0.000000,0.000000,N/A,N/A,N/A,N/A,N/A,N/A,N/A,N/A,N/A,N/A,N/A,0,0,0,0.0,0,0,0
1785385304,0,,Aggregated,0.000000,0.000000,N/A,N/A,N/A,N/A,N/A,N/A,N/A,N/A,N/A,N/A,N/A,0,0,0,0.0,0,0,0
1785385305,0,,Aggregated,0.000000,0.000000,N/A,N/A,N/A,N/A,N/A,N/A,N/A,N/A,N/A,N/A,N/A,0,0,0,0.0,0,0,0
1785385306,0,,Aggregated,0.000000,0.000000,N/A,N/A,N/A,N/A,N/A,N/A,N/A,N/A,N/A,N/A,N/A,0,0,0,0.0,0,0,0
1785385307,0,,Aggregated,0.000000,0.000000,N/A,N/A,N/A,N/A,N/A,N/A,N/A,N/A,N/A,N/A,N/A,0,0,0,0.0,0,0,0
1785385308,0,,Aggregated,0.000000,0.000000,N/A,N/A,N/A,N/A,N/A,N/A,N/A,N/A,N/A,N/A,N/A,0,0,0,0.0,0,0,0
1785385309,1,,Aggregated,0.000000,0.000000,N/A,N/A,N/A,N/A,N/A,N/A,N/A,N/A,N/A,N/A,N/A,0,0,0,0.0,0,0,0
1785385310,1,TTFT,S1,0.000000,0.000000,0,0,0,0,0,0,0,0,0,0,0,1,0,95.74484697077423,95.74484697077423,95.74484697077423,95.74484697077423,157.0
1785385310,1,total,S1,0.000000,0.000000,0,0,0,0,0,0,0,0,0,0,0,1,0,1234.7726419684477,1234.7726419684477,1234.7726419684477,1234.7726419684477,256.0
1785385310,1,,Aggregated,0.000000,0.000000,1200,1200,1200,1200,1200,1200,1200,1200,1200,1200,1200,2,0,96,665.258744469611,95.74484697077423,1234.7726419684477,206.5
1785385311,1,TTFT,S1,0.000000,0.000000,96,96,96,96,96,96,96,96,96,96,96,1,0,95.74484697077423,95.74484697077423,95.74484697077423,95.74484697077423,157.0
1785385311,1,total,S1,0.000000,0.000000,1200,1200,1200,1200,1200,1200,1200,1200,1200,1200,1200,1,0,1234.7726419684477,1234.7726419684477,1234.7726419684477,1234.7726419684477,256.0
1785385311,1,TTFT,S2,0.000000,0.000000,0,0,0,0,0,0,0,0,0,0,0,1,0,146.20023797033355,146.20023797033355,146.20023797033355,146.20023797033355,1153.0
1785385311,1,total,S2,0.000000,0.000000,0,0,0,0,0,0,0,0,0,0,0,1,0,1290.7042789738625,1290.7042789738625,1290.7042789738625,1290.7042789738625,256.0
1785385311,1,,Aggregated,0.000000,0.000000,1200,1200,1300,1300,1300,1300,1300,1300,1300,1300,1300,4,0,150.0,691.8555014708545,95.74484697077423,1290.7042789738625,455.5
1785385312,1,TTFT,S1,0.100000,0.000000,96,96,96,96,96,96,96,96,96,96,96,1,0,95.74484697077423,95.74484697077423,95.74484697077423,95.74484697077423,157.0
1785385312,1,total,S1,0.100000,0.000000,1200,1200,1200,1200,1200,1200,1200,1200,1200,1200,1200,1,0,1234.7726419684477,1234.7726419684477,1234.7726419684477,1234.7726419684477,256.0
1785385312,1,TTFT,S2,0.000000,0.000000,170,170,170,170,170,170,170,170,170,170,170,2,0,150.0,157.77944549336098,146.20023797033355,169.35865301638842,1153.0
1785385312,1,total,S2,0.000000,0.000000,1300,1300,1300,1300,1300,1300,1300,1300,1300,1300,1300,2,0,1300.0,1299.3423274892848,1290.7042789738625,1307.980376004707,256.0
1785385312,1,,Aggregated,0.200000,0.000000,1200,1200,1300,1300,1300,1300,1300,1300,1300,1300,1300,6,0,170.0,707.4601724840855,95.74484697077423,1307.980376004707,538.5
1785385313,1,TTFT,S1,0.100000,0.000000,96,96,96,96,96,96,96,96,96,96,96,1,0,95.74484697077423,95.74484697077423,95.74484697077423,95.74484697077423,157.0
1785385313,1,total,S1,0.100000,0.000000,1200,1200,1200,1200,1200,1200,1200,1200,1200,1200,1200,1,0,1234.7726419684477,1234.7726419684477,1234.7726419684477,1234.7726419684477,256.0
1785385313,1,TTFT,S2,0.000000,0.000000,170,170,170,170,170,170,170,170,170,170,170,2,0,150.0,157.77944549336098,146.20023797033355,169.35865301638842,1153.0
1785385313,1,total,S2,0.000000,0.000000,1300,1300,1300,1300,1300,1300,1300,1300,1300,1300,1300,2,0,1300.0,1299.3423274892848,1290.7042789738625,1307.980376004707,256.0
1785385313,1,,Aggregated,0.200000,0.000000,1200,1200,1300,1300,1300,1300,1300,1300,1300,1300,1300,6,0,170.0,707.4601724840855,95.74484697077423,1307.980376004707,538.5
1785385314,1,TTFT,S1,0.100000,0.000000,96,96,96,96,96,96,96,96,96,96,96,1,0,95.74484697077423,95.74484697077423,95.74484697077423,95.74484697077423,157.0
1785385314,1,total,S1,0.100000,0.000000,1200,1200,1200,1200,1200,1200,1200,1200,1200,1200,1200,1,0,1234.7726419684477,1234.7726419684477,1234.7726419684477,1234.7726419684477,256.0
1785385314,1,TTFT,S2,0.100000,0.000000,150,150,170,170,170,170,170,170,170,170,170,3,0,150.0,152.11620500000814,140.78972401330248,169.35865301638842,1153.0
1785385314,1,total,S2,0.100000,0.000000,1300,1300,1300,1300,1300,1300,1300,1300,1300,1300,1300,3,0,1300.0,1292.5751929869875,1279.040923982393,1307.980376004707,256.0
1785385314,1,,Aggregated,0.400000,0.000000,1200,1300,1300,1300,1300,1300,1300,1300,1300,1300,1300,8,0,170.0,708.0739603625261,95.74484697077423,1307.980376004707,580.0
1785385315,1,TTFT,S1,0.100000,0.000000,96,96,96,96,96,96,96,96,96,96,96,1,0,95.74484697077423,95.74484697077423,95.74484697077423,95.74484697077423,157.0
1785385315,1,total,S1,0.100000,0.000000,1200,1200,1200,1200,1200,1200,1200,1200,1200,1200,1200,1,0,1234.7726419684477,1234.7726419684477,1234.7726419684477,1234.7726419684477,256.0
1785385315,1,TTFT,S2,0.100000,0.000000,150,150,170,170,170,170,170,170,170,170,170,4,0,140.0,147.81961725384463,134.92985401535407,169.35865301638842,1153.0
1785385315,1,total,S2,0.100000,0.000000,1300,1300,1300,1300,1300,1300,1300,1300,1300,1300,1300,4,0,1300.0,1288.2329962449148,1275.2064060186967,1307.980376004707,256.0
1785385315,1,,Aggregated,0.400000,0.000000,1300,1300,1300,1300,1300,1300,1300,1300,1300,1300,1300,10,0,170.0,707.472794293426,95.74484697077423,1307.980376004707,604.9
1785385316,1,TTFT,S1,0.100000,0.000000,96,96,96,96,96,96,96,96,96,96,96,2,0,87.24541700212285,91.49513198644854,87.24541700212285,95.74484697077423,157.0
1785385316,1,total,S1,0.100000,0.000000,1200,1200,1200,1200,1200,1200,1200,1200,1200,1200,1200,2,0,1226.8708889605477,1230.8217654644977,1226.8708889605477,1234.7726419684477,256.0
1785385316,1,TTFT,S2,0.200000,0.000000,150,150,170,170,170,170,170,170,170,170,170,4,0,140.0,147.81961725384463,134.92985401535407,169.35865301638842,1153.0
1785385316,1,total,S2,0.200000,0.000000,1300,1300,1300,1300,1300,1300,1300,1300,1300,1300,1300,4,0,1300.0,1288.2329962449148,1275.2064060186967,1307.980376004707,256.0
1785385316,1,,Aggregated,0.600000,0.000000,1200,1300,1300,1300,1300,1300,1300,1300,1300,1300,1300,12,0,170.0,699.0703540747442,87.24541700212285,1307.980376004707,538.5
1785385317,1,TTFT,S1,0.100000,0.000000,96,96,96,96,96,96,96,96,96,96,96,2,0,87.24541700212285,91.49513198644854,87.24541700212285,95.74484697077423,157.0
1785385317,1,total,S1,0.100000,0.000000,1200,1200,1200,1200,1200,1200,1200,1200,1200,1200,1200,2,0,1226.8708889605477,1230.8217654644977,1226.8708889605477,1234.7726419684477,256.0
1785385317,1,TTFT,S2,0.200000,0.000000,150,150,170,170,170,170,170,170,170,170,170,4,0,140.0,147.81961725384463,134.92985401535407,169.35865301638842,1153.0
1785385317,1,total,S2,0.200000,0.000000,1300,1300,1300,1300,1300,1300,1300,1300,1300,1300,1300,4,0,1300.0,1288.2329962449148,1275.2064060186967,1307.980376004707,256.0
1785385317,1,,Aggregated,0.600000,0.000000,1200,1300,1300,1300,1300,1300,1300,1300,1300,1300,1300,12,0,170.0,699.0703540747442,87.24541700212285,1307.980376004707,538.5
1785385318,1,TTFT,S1,0.100000,0.000000,96,96,96,96,96,96,96,96,96,96,96,2,0,87.24541700212285,91.49513198644854,87.24541700212285,95.74484697077423,157.0
1785385318,1,total,S1,0.100000,0.000000,1200,1200,1200,1200,1200,1200,1200,1200,1200,1200,1200,2,0,1226.8708889605477,1230.8217654644977,1226.8708889605477,1234.7726419684477,256.0
1785385318,1,TTFT,S2,0.400000,0.000000,150,150,150,170,170,170,170,170,170,170,170,5,0,150.0,148.83140861056745,134.92985401535407,169.35865301638842,1153.0
1785385318,1,total,S2,0.400000,0.000000,1300,1300,1300,1300,1300,1300,1300,1300,1300,1300,1300,5,0,1300.0,1289.2300139996223,1275.2064060186967,1307.980376004707,256.0
1785385318,1,,Aggregated,1.000000,0.000000,1200,1300,1300,1300,1300,1300,1300,1300,1300,1300,1300,14,0,170.0,702.4957791394887,87.24541700212285,1307.980376004707,562.2142857142857
1785385319,1,TTFT,S1,0.200000,0.000000,96,96,96,96,96,96,96,96,96,96,96,2,0,87.24541700212285,91.49513198644854,87.24541700212285,95.74484697077423,157.0
1785385319,1,total,S1,0.200000,0.000000,1200,1200,1200,1200,1200,1200,1200,1200,1200,1200,1200,2,0,1226.8708889605477,1230.8217654644977,1226.8708889605477,1234.7726419684477,256.0
1785385319,1,TTFT,S2,0.400000,0.000000,150,150,150,150,170,170,170,170,170,170,170,6,0,140.0,147.94061850989237,134.92985401535407,169.35865301638842,1153.0
1785385319,1,total,S2,0.400000,0.000000,1300,1300,1300,1300,1300,1300,1300,1300,1300,1300,1300,6,0,1300.0,1288.4245718402478,1275.2064060186967,1307.980376004707,256.0
1785385319,1,,Aggregated,1.200000,0.000000,1200,1300,1300,1300,1300,1300,1300,1300,1300,1300,1300,16,0,170.0,703.9265585626708,87.24541700212285,1307.980376004707,580.0
1785385320,1,TTFT,S1,0.200000,0.000000,96,96,96,96,96,96,96,96,96,96,96,2,0,87.24541700212285,91.49513198644854,87.24541700212285,95.74484697077423,157.0
1785385320,1,total,S1,0.200000,0.000000,1200,1200,1200,1200,1200,1200,1200,1200,1200,1200,1200,2,0,1226.8708889605477,1230.8217654644977,1226.8708889605477,1234.7726419684477,256.0
1785385320,1,TTFT,S2,0.400000,0.000000,140,150,150,150,170,170,170,170,170,170,170,7,0,140.0,145.94160257339743,133.9475069544278,169.35865301638842,1153.0
1785385320,1,total,S2,0.400000,0.000000,1300,1300,1300,1300,1300,1300,1300,1300,1300,1300,1300,7,0,1300.0,1286.382772286223,1274.1319749620743,1307.980376004707,256.0
1785385320,1,,Aggregated,1.200000,0.000000,1200,1300,1300,1300,1300,1300,1300,1300,1300,1300,1300,18,0,170.0,703.939134384402,87.24541700212285,1307.980376004707,593.8333333333334
1785385321,1,TTFT,S1,0.200000,0.000000,96,96,96,96,96,96,96,96,96,96,96,2,0,87.24541700212285,91.49513198644854,87.24541700212285,95.74484697077423,157.0
1785385321,1,total,S1,0.200000,0.000000,1200,1200,1200,1200,1200,1200,1200,1200,1200,1200,1200,2,0,1226.8708889605477,1230.8217654644977,1226.8708889605477,1234.7726419684477,256.0
1785385321,1,TTFT,S2,0.600000,0.000000,140,140,150,150,170,170,170,170,170,170,170,8,0,140.0,144.69536262913607,133.9475069544278,169.35865301638842,1153.0
1785385321,1,total,S2,0.600000,0.000000,1300,1300,1300,1300,1300,1300,1300,1300,1300,1300,1300,8,0,1300.0,1285.0165585041395,1274.1319749620743,1307.980376004707,256.0
1785385321,1,,Aggregated,1.600000,0.000000,1200,1300,1300,1300,1300,1300,1300,1300,1300,1300,1300,20,0,170.0,704.1164581984049,87.24541700212285,1307.980376004707,604.9
1785385322,1,TTFT,S1,0.200000,0.000000,87,87,87,87,87,87,87,87,87,87,87,2,0,87.24541700212285,91.49513198644854,87.24541700212285,95.74484697077423,157.0
1785385322,1,total,S1,0.200000,0.000000,1200,1200,1200,1200,1200,1200,1200,1200,1200,1200,1200,2,0,1226.8708889605477,1230.8217654644977,1226.8708889605477,1234.7726419684477,256.0
1785385322,1,TTFT,S2,0.600000,0.000000,140,140,140,140,150,150,150,150,150,150,150,8,0,140.0,144.69536262913607,133.9475069544278,169.35865301638842,1153.0
1785385322,1,total,S2,0.600000,0.000000,1300,1300,1300,1300,1300,1300,1300,1300,1300,1300,1300,8,0,1300.0,1285.0165585041395,1274.1319749620743,1307.980376004707,256.0
1785385322,1,,Aggregated,1.600000,0.000000,1200,1300,1300,1300,1300,1300,1300,1300,1300,1300,1300,20,0,170.0,704.1164581984049,87.24541700212285,1307.980376004707,604.9
1785385323,1,TTFT,S1,0.100000,0.000000,87,87,87,87,87,87,87,87,87,87,87,2,0,87.24541700212285,91.49513198644854,87.24541700212285,95.74484697077423,157.0
1785385323,1,total,S1,0.100000,0.000000,1200,1200,1200,1200,1200,1200,1200,1200,1200,1200,1200,2,0,1226.8708889605477,1230.8217654644977,1226.8708889605477,1234.7726419684477,256.0
1785385323,1,TTFT,S2,0.700000,0.000000,140,140,150,150,150,150,150,150,150,150,150,9,0,140.0,144.97114133943492,133.9475069544278,169.35865301638842,1153.0
1785385323,1,total,S2,0.700000,0.000000,1300,1300,1300,1300,1300,1300,1300,1300,1300,1300,1300,9,0,1300.0,1285.2426456714359,1274.1319749620743,1307.980376004707,256.0
1785385323,1,,Aggregated,1.600000,0.000000,1200,1300,1300,1300,1300,1300,1300,1300,1300,1300,1300,22,0,170.0,705.2980853636241,87.24541700212285,1307.980376004707,613.9545454545455
1785385324,1,TTFT,S1,0.100000,0.000000,87,87,87,87,87,87,87,87,87,87,87,2,0,87.24541700212285,91.49513198644854,87.24541700212285,95.74484697077423,157.0
1785385324,1,total,S1,0.100000,0.000000,1200,1200,1200,1200,1200,1200,1200,1200,1200,1200,1200,2,0,1226.8708889605477,1230.8217654644977,1226.8708889605477,1234.7726419684477,256.0
1785385324,1,TTFT,S2,0.700000,0.000000,140,140,150,150,150,150,150,150,150,150,150,9,0,140.0,144.97114133943492,133.9475069544278,169.35865301638842,1153.0
1785385324,1,total,S2,0.700000,0.000000,1300,1300,1300,1300,1300,1300,1300,1300,1300,1300,1300,9,0,1300.0,1285.2426456714359,1274.1319749620743,1307.980376004707,256.0
1785385324,1,,Aggregated,1.600000,0.000000,1200,1300,1300,1300,1300,1300,1300,1300,1300,1300,1300,22,0,170.0,705.2980853636241,87.24541700212285,1307.980376004707,613.9545454545455
1785385325,1,TTFT,S1,0.100000,0.000000,87,87,87,87,87,87,87,87,87,87,87,2,0,87.24541700212285,91.49513198644854,87.24541700212285,95.74484697077423,157.0
1785385325,1,total,S1,0.100000,0.000000,1200,1200,1200,1200,1200,1200,1200,1200,1200,1200,1200,2,0,1226.8708889605477,1230.8217654644977,1226.8708889605477,1234.7726419684477,256.0
1785385325,1,TTFT,S2,0.700000,0.000000,140,150,150,150,150,150,150,150,150,150,150,9,0,140.0,144.97114133943492,133.9475069544278,169.35865301638842,1153.0
1785385325,1,total,S2,0.700000,0.000000,1300,1300,1300,1300,1300,1300,1300,1300,1300,1300,1300,9,0,1300.0,1285.2426456714359,1274.1319749620743,1307.980376004707,256.0
1785385325,1,,Aggregated,1.600000,0.000000,1200,1300,1300,1300,1300,1300,1300,1300,1300,1300,1300,22,0,170.0,705.2980853636241,87.24541700212285,1307.980376004707,613.9545454545455
1785385326,1,TTFT,S1,0.100000,0.000000,87,87,87,87,87,87,87,87,87,87,87,2,0,87.24541700212285,91.49513198644854,87.24541700212285,95.74484697077423,157.0
1785385326,1,total,S1,0.100000,0.000000,1200,1200,1200,1200,1200,1200,1200,1200,1200,1200,1200,2,0,1226.8708889605477,1230.8217654644977,1226.8708889605477,1234.7726419684477,256.0
1785385326,1,TTFT,S2,0.700000,0.000000,140,150,150,150,150,150,150,150,150,150,150,9,0,140.0,144.97114133943492,133.9475069544278,169.35865301638842,1153.0
1785385326,1,total,S2,0.700000,0.000000,1300,1300,1300,1300,1300,1300,1300,1300,1300,1300,1300,9,0,1300.0,1285.2426456714359,1274.1319749620743,1307.980376004707,256.0
1785385326,1,TTFT,S3,0.000000,0.000000,0,0,0,0,0,0,0,0,0,0,0,1,0,2314.9758039508015,2314.9758039508015,2314.9758039508015,2314.9758039508015,9649.0
1785385326,1,total,S3,0.000000,0.000000,0,0,0,0,0,0,0,0,0,0,0,1,0,3469.237338984385,3469.237338984385,3469.237338984385,3469.237338984385,256.0
1785385326,1,,Aggregated,1.600000,0.000000,1300,1300,1300,1300,2300,3500,3500,3500,3500,3500,3500,24,0,1200.0,887.5321258722882,87.24541700212285,3469.237338984385,975.5
1785385327,1,TTFT,S1,0.100000,0.000000,87,87,87,87,87,87,87,87,87,87,87,2,0,87.24541700212285,91.49513198644854,87.24541700212285,95.74484697077423,157.0
1785385327,1,total,S1,0.100000,0.000000,1200,1200,1200,1200,1200,1200,1200,1200,1200,1200,1200,2,0,1226.8708889605477,1230.8217654644977,1226.8708889605477,1234.7726419684477,256.0
1785385327,1,TTFT,S2,0.500000,0.000000,140,150,150,150,150,150,150,150,150,150,150,10,0,140.0,145.4357985057868,133.9475069544278,169.35865301638842,1153.0
1785385327,1,total,S2,0.500000,0.000000,1300,1300,1300,1300,1300,1300,1300,1300,1300,1300,1300,10,0,1300.0,1285.731274902355,1274.1319749620743,1307.980376004707,256.0
1785385327,1,TTFT,S3,0.000000,0.000000,2300,2300,2300,2300,2300,2300,2300,2300,2300,2300,2300,1,0,2314.9758039508015,2314.9758039508015,2314.9758039508015,2314.9758039508015,9649.0
1785385327,1,total,S3,0.000000,0.000000,3500,3500,3500,3500,3500,3500,3500,3500,3500,3500,3500,1,0,3469.237338984385,3469.237338984385,3469.237338984385,3469.237338984385,256.0
1785385327,1,,Aggregated,1.200000,0.000000,1300,1300,1300,1300,2300,3500,3500,3500,3500,3500,3500,26,0,1200.0,874.6352950737884,87.24541700212285,3469.237338984385,954.6538461538462
1785385328,1,TTFT,S1,0.100000,0.000000,87,87,87,87,87,87,87,87,87,87,87,2,0,87.24541700212285,91.49513198644854,87.24541700212285,95.74484697077423,157.0
1785385328,1,total,S1,0.100000,0.000000,1200,1200,1200,1200,1200,1200,1200,1200,1200,1200,1200,2,0,1226.8708889605477,1230.8217654644977,1226.8708889605477,1234.7726419684477,256.0
1785385328,1,TTFT,S2,0.500000,0.000000,150,150,150,150,150,150,150,150,150,150,150,10,0,140.0,145.4357985057868,133.9475069544278,169.35865301638842,1153.0
1785385328,1,total,S2,0.500000,0.000000,1300,1300,1300,1300,1300,1300,1300,1300,1300,1300,1300,10,0,1300.0,1285.731274902355,1274.1319749620743,1307.980376004707,256.0
1785385328,1,TTFT,S3,0.000000,0.000000,2300,2300,2300,2300,2300,2300,2300,2300,2300,2300,2300,1,0,2314.9758039508015,2314.9758039508015,2314.9758039508015,2314.9758039508015,9649.0
1785385328,1,total,S3,0.000000,0.000000,3500,3500,3500,3500,3500,3500,3500,3500,3500,3500,3500,1,0,3469.237338984385,3469.237338984385,3469.237338984385,3469.237338984385,256.0
1785385328,1,,Aggregated,1.200000,0.000000,1300,1300,1300,2300,3500,3500,3500,3500,3500,3500,3500,26,0,1200.0,874.6352950737884,87.24541700212285,3469.237338984385,954.6538461538462
1785385329,1,TTFT,S1,0.000000,0.000000,87,87,87,87,87,87,87,87,87,87,87,2,0,87.24541700212285,91.49513198644854,87.24541700212285,95.74484697077423,157.0
1785385329,1,total,S1,0.000000,0.000000,1200,1200,1200,1200,1200,1200,1200,1200,1200,1200,1200,2,0,1226.8708889605477,1230.8217654644977,1226.8708889605477,1234.7726419684477,256.0
1785385329,1,TTFT,S2,0.500000,0.000000,140,150,150,150,150,150,150,150,150,150,150,11,0,140.0,145.3325622767972,133.9475069544278,169.35865301638842,1153.0
1785385329,1,total,S2,0.500000,0.000000,1300,1300,1300,1300,1300,1300,1300,1300,1300,1300,1300,11,0,1300.0,1285.6115468206224,1274.1319749620743,1307.980376004707,256.0
1785385329,1,TTFT,S3,0.100000,0.000000,2300,2300,2300,2300,2300,2300,2300,2300,2300,2300,2300,1,0,2314.9758039508015,2314.9758039508015,2314.9758039508015,2314.9758039508015,9649.0
1785385329,1,total,S3,0.100000,0.000000,3500,3500,3500,3500,3500,3500,3500,3500,3500,3500,3500,1,0,3469.237338984385,3469.237338984385,3469.237338984385,3469.237338984385,256.0
1785385329,1,,Aggregated,1.200000,0.000000,1300,1300,1300,1300,2300,3500,3500,3500,3500,3500,3500,28,0,1200.0,863.1868620681677,87.24541700212285,3469.237338984385,936.7857142857143
1785385330,1,TTFT,S1,0.000000,0.000000,87,87,87,87,87,87,87,87,87,87,87,2,0,87.24541700212285,91.49513198644854,87.24541700212285,95.74484697077423,157.0
1785385330,1,total,S1,0.000000,0.000000,1200,1200,1200,1200,1200,1200,1200,1200,1200,1200,1200,2,0,1226.8708889605477,1230.8217654644977,1226.8708889605477,1234.7726419684477,256.0
1785385330,1,TTFT,S2,0.500000,0.000000,150,150,150,150,150,150,150,150,150,150,150,11,0,140.0,145.3325622767972,133.9475069544278,169.35865301638842,1153.0
1785385330,1,total,S2,0.500000,0.000000,1300,1300,1300,1300,1300,1300,1300,1300,1300,1300,1300,11,0,1300.0,1285.6115468206224,1274.1319749620743,1307.980376004707,256.0
1785385330,1,TTFT,S3,0.100000,0.000000,2300,2300,2300,2300,2300,2300,2300,2300,2300,2300,2300,1,0,2314.9758039508015,2314.9758039508015,2314.9758039508015,2314.9758039508015,9649.0
1785385330,1,total,S3,0.100000,0.000000,3500,3500,3500,3500,3500,3500,3500,3500,3500,3500,3500,1,0,3469.237338984385,3469.237338984385,3469.237338984385,3469.237338984385,256.0
1785385330,1,,Aggregated,1.200000,0.000000,1300,1300,1300,2300,3500,3500,3500,3500,3500,3500,3500,28,0,1200.0,863.1868620681677,87.24541700212285,3469.237338984385,936.7857142857143
1785385331,1,TTFT,S1,0.000000,0.000000,87,87,87,87,87,87,87,87,87,87,87,2,0,87.24541700212285,91.49513198644854,87.24541700212285,95.74484697077423,157.0
1785385331,1,total,S1,0.000000,0.000000,1200,1200,1200,1200,1200,1200,1200,1200,1200,1200,1200,2,0,1226.8708889605477,1230.8217654644977,1226.8708889605477,1234.7726419684477,256.0
1785385331,1,TTFT,S2,0.500000,0.000000,150,150,150,150,150,150,150,150,150,150,150,11,0,140.0,145.3325622767972,133.9475069544278,169.35865301638842,1153.0
1785385331,1,total,S2,0.500000,0.000000,1300,1300,1300,1300,1300,1300,1300,1300,1300,1300,1300,11,0,1300.0,1285.6115468206224,1274.1319749620743,1307.980376004707,256.0
1785385331,1,TTFT,S3,0.100000,0.000000,2300,2300,2300,2300,2300,2300,2300,2300,2300,2300,2300,1,0,2314.9758039508015,2314.9758039508015,2314.9758039508015,2314.9758039508015,9649.0
1785385331,1,total,S3,0.100000,0.000000,3500,3500,3500,3500,3500,3500,3500,3500,3500,3500,3500,1,0,3469.237338984385,3469.237338984385,3469.237338984385,3469.237338984385,256.0
1785385331,1,,Aggregated,1.200000,0.000000,1300,1300,2300,2300,3500,3500,3500,3500,3500,3500,3500,28,0,1200.0,863.1868620681677,87.24541700212285,3469.237338984385,936.7857142857143
1785385332,1,TTFT,S1,0.000000,0.000000,87,87,87,87,87,87,87,87,87,87,87,2,0,87.24541700212285,91.49513198644854,87.24541700212285,95.74484697077423,157.0
1785385332,1,total,S1,0.000000,0.000000,1200,1200,1200,1200,1200,1200,1200,1200,1200,1200,1200,2,0,1226.8708889605477,1230.8217654644977,1226.8708889605477,1234.7726419684477,256.0
1785385332,1,TTFT,S2,0.500000,0.000000,150,150,150,150,150,150,150,150,150,150,150,11,0,140.0,145.3325622767972,133.9475069544278,169.35865301638842,1153.0
1785385332,1,total,S2,0.500000,0.000000,1300,1300,1300,1300,1300,1300,1300,1300,1300,1300,1300,11,0,1300.0,1285.6115468206224,1274.1319749620743,1307.980376004707,256.0
1785385332,1,TTFT,S3,0.100000,0.000000,2300,2300,2300,2300,2300,2300,2300,2300,2300,2300,2300,2,0,2314.9758039508015,2323.1697634619195,2314.9758039508015,2331.3637229730375,9649.0
1785385332,1,total,S3,0.100000,0.000000,3500,3500,3500,3500,3500,3500,3500,3500,3500,3500,3500,2,0,3483.048305963166,3476.1428224737756,3469.237338984385,3483.048305963166,256.0
1785385332,1,,Aggregated,1.200000,0.000000,1300,2300,2300,3500,3500,3500,3500,3500,3500,3500,3500,30,0,1200.0,999.4548055614965,87.24541700212285,3483.048305963166,1204.5
1785385333,1,TTFT,S1,0.000000,0.000000,0,0,0,0,0,0,0,0,0,0,0,3,0,96,94.95186666026711,87.24541700212285,101.86533600790426,157.0
1785385333,1,total,S1,0.000000,0.000000,0,0,0,0,0,0,0,0,0,0,0,3,0,1226.8708889605477,1234.5286956600223,1226.8708889605477,1241.9425560510717,256.0
1785385333,1,TTFT,S2,0.400000,0.000000,150,150,150,150,150,150,150,150,150,150,150,11,0,140.0,145.3325622767972,133.9475069544278,169.35865301638842,1153.0
1785385333,1,total,S2,0.400000,0.000000,1300,1300,1300,1300,1300,1300,1300,1300,1300,1300,1300,11,0,1300.0,1285.6115468206224,1274.1319749620743,1307.980376004707,256.0
1785385333,1,TTFT,S3,0.100000,0.000000,2300,2300,2300,2300,2300,2300,2300,2300,2300,2300,2300,2,0,2314.9758039508015,2323.1697634619195,2314.9758039508015,2331.3637229730375,9649.0
1785385333,1,total,S3,0.100000,0.000000,3500,3500,3500,3500,3500,3500,3500,3500,3500,3500,3500,2,0,3483.048305963166,3476.1428224737756,3469.237338984385,3483.048305963166,256.0
1785385333,1,,Aggregated,1.000000,0.000000,1300,2300,2300,3500,3500,3500,3500,3500,3500,3500,3500,32,0,1200.0,978.982876840746,87.24541700212285,3483.048305963166,1142.125
1785385334,1,TTFT,S1,0.000000,0.000000,100,100,100,100,100,100,100,100,100,100,100,3,0,96,94.95186666026711,87.24541700212285,101.86533600790426,157.0
1785385334,1,total,S1,0.000000,0.000000,1200,1200,1200,1200,1200,1200,1200,1200,1200,1200,1200,3,0,1226.8708889605477,1234.5286956600223,1226.8708889605477,1241.9425560510717,256.0
1785385334,1,TTFT,S2,0.400000,0.000000,150,150,150,150,150,150,150,150,150,150,150,11,0,140.0,145.3325622767972,133.9475069544278,169.35865301638842,1153.0
1785385334,1,total,S2,0.400000,0.000000,1300,1300,1300,1300,1300,1300,1300,1300,1300,1300,1300,11,0,1300.0,1285.6115468206224,1274.1319749620743,1307.980376004707,256.0
1785385334,1,TTFT,S3,0.100000,0.000000,2300,2300,2300,2300,2300,2300,2300,2300,2300,2300,2300,2,0,2314.9758039508015,2323.1697634619195,2314.9758039508015,2331.3637229730375,9649.0
1785385334,1,total,S3,0.100000,0.000000,3500,3500,3500,3500,3500,3500,3500,3500,3500,3500,3500,2,0,3483.048305963166,3476.1428224737756,3469.237338984385,3483.048305963166,256.0
1785385334,1,,Aggregated,1.000000,0.000000,1300,2300,2300,3500,3500,3500,3500,3500,3500,3500,3500,32,0,1200.0,978.982876840746,87.24541700212285,3483.048305963166,1142.125
1785385335,1,TTFT,S1,0.000000,0.000000,100,100,100,100,100,100,100,100,100,100,100,3,0,96,94.95186666026711,87.24541700212285,101.86533600790426,157.0
1785385335,1,total,S1,0.000000,0.000000,1200,1200,1200,1200,1200,1200,1200,1200,1200,1200,1200,3,0,1226.8708889605477,1234.5286956600223,1226.8708889605477,1241.9425560510717,256.0
1785385335,1,TTFT,S2,0.300000,0.000000,150,150,160,160,160,160,160,160,160,160,160,12,0,140.0,146.30216458560122,133.9475069544278,169.35865301638842,1153.0
1785385335,1,total,S2,0.300000,0.000000,1300,1300,1300,1300,1300,1300,1300,1300,1300,1300,1300,12,0,1300.0,1286.42756450184,1274.1319749620743,1307.980376004707,256.0
1785385335,1,TTFT,S3,0.200000,0.000000,2300,2300,2300,2300,2300,2300,2300,2300,2300,2300,2300,2,0,2314.9758039508015,2323.1697634619195,2314.9758039508015,2331.3637229730375,9649.0
1785385335,1,total,S3,0.200000,0.000000,3500,3500,3500,3500,3500,3500,3500,3500,3500,3500,3500,2,0,3483.048305963166,3476.1428224737756,3469.237338984385,3483.048305963166,256.0
1785385335,1,,Aggregated,1.000000,0.000000,1300,1300,2300,2300,3500,3500,3500,3500,3500,3500,3500,34,0,1200.0,964.1124590553399,87.24541700212285,3483.048305963166,1116.3823529411766
1785385336,1,TTFT,S1,0.000000,0.000000,100,100,100,100,100,100,100,100,100,100,100,3,0,96,94.95186666026711,87.24541700212285,101.86533600790426,157.0
1785385336,1,total,S1,0.000000,0.000000,1200,1200,1200,1200,1200,1200,1200,1200,1200,1200,1200,3,0,1226.8708889605477,1234.5286956600223,1226.8708889605477,1241.9425560510717,256.0
1785385336,1,TTFT,S2,0.200000,0.000000,150,150,160,160,160,160,160,160,160,160,160,13,0,140.0,145.41199646191671,133.9475069544278,169.35865301638842,1153.0
1785385336,1,total,S2,0.200000,0.000000,1300,1300,1300,1300,1300,1300,1300,1300,1300,1300,1300,13,0,1300.0,1285.4288839242565,1273.4447169932537,1307.980376004707,256.0
1785385336,1,TTFT,S3,0.200000,0.000000,2300,2300,2300,2300,2300,2300,2300,2300,2300,2300,2300,2,0,2314.9758039508015,2323.1697634619195,2314.9758039508015,2331.3637229730375,9649.0
1785385336,1,total,S3,0.200000,0.000000,3500,3500,3500,3500,3500,3500,3500,3500,3500,3500,3500,2,0,3483.048305963166,3476.1428224737756,3469.237338984385,3483.048305963166,256.0
1785385336,1,,Aggregated,0.800000,0.000000,1300,1300,1300,1300,2300,3500,3500,3500,3500,3500,3500,36,0,1200.0,949.6666195514586,87.24541700212285,3483.048305963166,1093.5
1785385337,1,TTFT,S1,0.000000,0.000000,100,100,100,100,100,100,100,100,100,100,100,3,0,96,94.95186666026711,87.24541700212285,101.86533600790426,157.0
1785385337,1,total,S1,0.000000,0.000000,1200,1200,1200,1200,1200,1200,1200,1200,1200,1200,1200,3,0,1226.8708889605477,1234.5286956600223,1226.8708889605477,1241.9425560510717,256.0
1785385337,1,TTFT,S2,0.200000,0.000000,140,140,160,160,160,160,160,160,160,160,160,13,0,140.0,145.41199646191671,133.9475069544278,169.35865301638842,1153.0
1785385337,1,total,S2,0.200000,0.000000,1300,1300,1300,1300,1300,1300,1300,1300,1300,1300,1300,13,0,1300.0,1285.4288839242565,1273.4447169932537,1307.980376004707,256.0
1785385337,1,TTFT,S3,0.200000,0.000000,2300,2300,2300,2300,2300,2300,2300,2300,2300,2300,2300,2,0,2314.9758039508015,2323.1697634619195,2314.9758039508015,2331.3637229730375,9649.0
1785385337,1,total,S3,0.200000,0.000000,3500,3500,3500,3500,3500,3500,3500,3500,3500,3500,3500,2,0,3483.048305963166,3476.1428224737756,3469.237338984385,3483.048305963166,256.0
1785385337,1,,Aggregated,0.800000,0.000000,1300,1300,1300,2300,3500,3500,3500,3500,3500,3500,3500,36,0,1200.0,949.6666195514586,87.24541700212285,3483.048305963166,1093.5
1785385338,1,TTFT,S1,0.000000,0.000000,100,100,100,100,100,100,100,100,100,100,100,3,0,96,94.95186666026711,87.24541700212285,101.86533600790426,157.0
1785385338,1,total,S1,0.000000,0.000000,1200,1200,1200,1200,1200,1200,1200,1200,1200,1200,1200,3,0,1226.8708889605477,1234.5286956600223,1226.8708889605477,1241.9425560510717,256.0
1785385338,1,TTFT,S2,0.200000,0.000000,140,140,160,160,160,160,160,160,160,160,160,13,0,140.0,145.41199646191671,133.9475069544278,169.35865301638842,1153.0
1785385338,1,total,S2,0.200000,0.000000,1300,1300,1300,1300,1300,1300,1300,1300,1300,1300,1300,13,0,1300.0,1285.4288839242565,1273.4447169932537,1307.980376004707,256.0
1785385338,1,TTFT,S3,0.200000,0.000000,2300,2300,2300,2300,2300,2300,2300,2300,2300,2300,2300,2,0,2314.9758039508015,2323.1697634619195,2314.9758039508015,2331.3637229730375,9649.0
1785385338,1,total,S3,0.200000,0.000000,3500,3500,3500,3500,3500,3500,3500,3500,3500,3500,3500,2,0,3483.048305963166,3476.1428224737756,3469.237338984385,3483.048305963166,256.0
1785385338,1,,Aggregated,0.800000,0.000000,1300,1300,1300,2300,3500,3500,3500,3500,3500,3500,3500,36,0,1200.0,949.6666195514586,87.24541700212285,3483.048305963166,1093.5
1785385339,1,TTFT,S1,0.100000,0.000000,100,100,100,100,100,100,100,100,100,100,100,3,0,96,94.95186666026711,87.24541700212285,101.86533600790426,157.0
1785385339,1,total,S1,0.100000,0.000000,1200,1200,1200,1200,1200,1200,1200,1200,1200,1200,1200,3,0,1226.8708889605477,1234.5286956600223,1226.8708889605477,1241.9425560510717,256.0
1785385339,1,TTFT,S2,0.400000,0.000000,140,140,160,160,160,160,160,160,160,160,160,13,0,140.0,145.41199646191671,133.9475069544278,169.35865301638842,1153.0
1785385339,1,total,S2,0.400000,0.000000,1300,1300,1300,1300,1300,1300,1300,1300,1300,1300,1300,13,0,1300.0,1285.4288839242565,1273.4447169932537,1307.980376004707,256.0
1785385339,1,TTFT,S3,0.100000,0.000000,2300,2300,2300,2300,2300,2300,2300,2300,2300,2300,2300,3,0,2314.9758039508015,2325.76799596427,2314.9758039508015,2331.3637229730375,9649.0
1785385339,1,total,S3,0.100000,0.000000,3500,3500,3500,3500,3500,3500,3500,3500,3500,3500,3500,3,0,3483.048305963166,3478.384603319379,3469.237338984385,3483.048305963166,256.0
1785385339,1,,Aggregated,1.200000,0.000000,1300,2300,2300,3500,3500,3500,3500,3500,3500,3500,3500,38,0,1200.0,1052.6797613113702,87.24541700212285,3483.048305963166,1296.6052631578948
1785385340,1,TTFT,S1,0.100000,0.000000,100,100,100,100,100,100,100,100,100,100,100,3,0,96,94.95186666026711,87.24541700212285,101.86533600790426,157.0
1785385340,1,total,S1,0.100000,0.000000,1200,1200,1200,1200,1200,1200,1200,1200,1200,1200,1200,3,0,1226.8708889605477,1234.5286956600223,1226.8708889605477,1241.9425560510717,256.0
1785385340,1,TTFT,S2,0.400000,0.000000,140,140,160,160,160,160,160,160,160,160,160,13,0,140.0,145.41199646191671,133.9475069544278,169.35865301638842,1153.0
1785385340,1,total,S2,0.400000,0.000000,1300,1300,1300,1300,1300,1300,1300,1300,1300,1300,1300,13,0,1300.0,1285.4288839242565,1273.4447169932537,1307.980376004707,256.0
1785385340,1,TTFT,S3,0.100000,0.000000,2300,2300,2300,2300,2300,2300,2300,2300,2300,2300,2300,3,0,2314.9758039508015,2325.76799596427,2314.9758039508015,2331.3637229730375,9649.0
1785385340,1,total,S3,0.100000,0.000000,3500,3500,3500,3500,3500,3500,3500,3500,3500,3500,3500,3,0,3483.048305963166,3478.384603319379,3469.237338984385,3483.048305963166,256.0
1785385340,1,,Aggregated,1.200000,0.000000,1300,2300,2300,3500,3500,3500,3500,3500,3500,3500,3500,38,0,1200.0,1052.6797613113702,87.24541700212285,3483.048305963166,1296.6052631578948
1785385341,1,TTFT,S1,0.100000,0.000000,100,100,100,100,100,100,100,100,100,100,100,3,0,96,94.95186666026711,87.24541700212285,101.86533600790426,157.0
1785385341,1,total,S1,0.100000,0.000000,1200,1200,1200,1200,1200,1200,1200,1200,1200,1200,1200,3,0,1226.8708889605477,1234.5286956600223,1226.8708889605477,1241.9425560510717,256.0
1785385341,1,TTFT,S2,0.300000,0.000000,150,150,160,160,160,160,160,160,160,160,160,14,0,140.0,145.48941614339128,133.9475069544278,169.35865301638842,1153.0
1785385341,1,total,S2,0.300000,0.000000,1300,1300,1300,1300,1300,1300,1300,1300,1300,1300,1300,14,0,1300.0,1285.4481272183225,1273.4447169932537,1307.980376004707,256.0
1785385341,1,TTFT,S3,0.100000,0.000000,2300,2300,2300,2300,2300,2300,2300,2300,2300,2300,2300,3,0,2314.9758039508015,2325.76799596427,2314.9758039508015,2331.3637229730375,9649.0
1785385341,1,total,S3,0.100000,0.000000,3500,3500,3500,3500,3500,3500,3500,3500,3500,3500,3500,3,0,3483.048305963166,3478.384603319379,3469.237338984385,3483.048305963166,256.0
1785385341,1,,Aggregated,1.000000,0.000000,1300,1300,2300,2300,3500,3500,3500,3500,3500,3500,3500,40,0,1200.0,1035.8506272968953,87.24541700212285,3483.048305963166,1267.0
1785385342,1,TTFT,S1,0.100000,0.000000,100,100,100,100,100,100,100,100,100,100,100,3,0,96,94.95186666026711,87.24541700212285,101.86533600790426,157.0
1785385342,1,total,S1,0.100000,0.000000,1200,1200,1200,1200,1200,1200,1200,1200,1200,1200,1200,3,0,1226.8708889605477,1234.5286956600223,1226.8708889605477,1241.9425560510717,256.0
1785385342,1,TTFT,S2,0.200000,0.000000,160,160,170,170,170,170,170,170,170,170,170,15,0,150.0,146.99392040104917,133.9475069544278,169.35865301638842,1153.0
1785385342,1,total,S2,0.200000,0.000000,1300,1300,1300,1300,1300,1300,1300,1300,1300,1300,1300,15,0,1300.0,1286.916259804275,1273.4447169932537,1307.980376004707,256.0
1785385342,1,TTFT,S3,0.100000,0.000000,2300,2300,2300,2300,2300,2300,2300,2300,2300,2300,2300,3,0,2314.9758039508015,2325.76799596427,2314.9758039508015,2331.3637229730375,9649.0
1785385342,1,total,S3,0.100000,0.000000,3500,3500,3500,3500,3500,3500,3500,3500,3500,3500,3500,3,0,3483.048305963166,3478.384603319379,3469.237338984385,3483.048305963166,256.0
1785385342,1,,Aggregated,0.800000,0.000000,1300,1300,1300,1300,2300,3500,3500,3500,3500,3500,3500,42,0,1200.0,1021.6560044736113,87.24541700212285,3483.048305963166,1240.2142857142858
1785385343,1,TTFT,S1,0.100000,0.000000,100,100,100,100,100,100,100,100,100,100,100,3,0,96,94.95186666026711,87.24541700212285,101.86533600790426,157.0
1785385343,1,total,S1,0.100000,0.000000,1200,1200,1200,1200,1200,1200,1200,1200,1200,1200,1200,3,0,1226.8708889605477,1234.5286956600223,1226.8708889605477,1241.9425560510717,256.0
1785385343,1,TTFT,S2,0.300000,0.000000,160,170,170,170,170,170,170,170,170,170,170,16,0,150.0,148.43841144102043,133.9475069544278,170.1057770405896,1153.0
1785385343,1,total,S2,0.300000,0.000000,1300,1300,1300,1300,1300,1300,1300,1300,1300,1300,1300,16,0,1300.0,1288.2721890673565,1273.4447169932537,1308.611128013581,256.0
1785385343,1,TTFT,S3,0.200000,0.000000,2300,2300,2300,2300,2300,2300,2300,2300,2300,2300,2300,3,0,2314.9758039508015,2325.76799596427,2314.9758039508015,2331.3637229730375,9649.0
1785385343,1,total,S3,0.200000,0.000000,3500,3500,3500,3500,3500,3500,3500,3500,3500,3500,3500,3,0,3483.048305963166,3478.384603319379,3469.237338984385,3483.048305963166,256.0
1785385343,1,,Aggregated,1.200000,0.000000,1300,1300,1300,1300,2300,3500,3500,3500,3500,3500,3500,44,0,1200.0,1008.824297566951,87.24541700212285,3483.048305963166,1215.8636363636363
1785385344,1,TTFT,S1,0.100000,0.000000,100,100,100,100,100,100,100,100,100,100,100,3,0,96,94.95186666026711,87.24541700212285,101.86533600790426,157.0
1785385344,1,total,S1,0.100000,0.000000,1200,1200,1200,1200,1200,1200,1200,1200,1200,1200,1200,3,0,1226.8708889605477,1234.5286956600223,1226.8708889605477,1241.9425560510717,256.0
1785385344,1,TTFT,S2,0.300000,0.000000,170,170,170,170,170,170,170,170,170,170,170,16,0,150.0,148.43841144102043,133.9475069544278,170.1057770405896,1153.0
1785385344,1,total,S2,0.300000,0.000000,1300,1300,1300,1300,1300,1300,1300,1300,1300,1300,1300,16,0,1300.0,1288.2721890673565,1273.4447169932537,1308.611128013581,256.0
1785385344,1,TTFT,S3,0.200000,0.000000,2300,2300,2300,2300,2300,2300,2300,2300,2300,2300,2300,3,0,2314.9758039508015,2325.76799596427,2314.9758039508015,2331.3637229730375,9649.0
1785385344,1,total,S3,0.200000,0.000000,3500,3500,3500,3500,3500,3500,3500,3500,3500,3500,3500,3,0,3483.048305963166,3478.384603319379,3469.237338984385,3483.048305963166,256.0
1785385344,1,,Aggregated,1.200000,0.000000,1300,1300,1300,2300,3500,3500,3500,3500,3500,3500,3500,44,0,1200.0,1008.824297566951,87.24541700212285,3483.048305963166,1215.8636363636363
1785385345,1,TTFT,S1,0.100000,0.000000,100,100,100,100,100,100,100,100,100,100,100,3,0,96,94.95186666026711,87.24541700212285,101.86533600790426,157.0
1785385345,1,total,S1,0.100000,0.000000,1200,1200,1200,1200,1200,1200,1200,1200,1200,1200,1200,3,0,1226.8708889605477,1234.5286956600223,1226.8708889605477,1241.9425560510717,256.0
1785385345,1,TTFT,S2,0.400000,0.000000,150,170,170,170,170,170,170,170,170,170,170,17,0,150.0,148.06183712104993,133.9475069544278,170.1057770405896,1153.0
1785385345,1,total,S2,0.400000,0.000000,1300,1300,1300,1300,1300,1300,1300,1300,1300,1300,1300,17,0,1300.0,1287.9073783577255,1273.4447169932537,1308.611128013581,256.0
1785385345,1,TTFT,S3,0.100000,0.000000,2300,2300,2300,2300,2300,2300,2300,2300,2300,2300,2300,3,0,2314.9758039508015,2325.76799596427,2314.9758039508015,2331.3637229730375,9649.0
1785385345,1,total,S3,0.100000,0.000000,3500,3500,3500,3500,3500,3500,3500,3500,3500,3500,3500,3,0,3483.048305963166,3478.384603319379,3469.237338984385,3483.048305963166,256.0
1785385345,1,,Aggregated,1.200000,0.000000,1300,1300,1300,1300,2300,3500,3500,3500,3500,3500,3500,46,0,1200.0,995.9212206076304,87.24541700212285,3483.048305963166,1193.6304347826087
1785385346,1,TTFT,S1,0.100000,0.000000,100,100,100,100,100,100,100,100,100,100,100,3,0,96,94.95186666026711,87.24541700212285,101.86533600790426,157.0
1785385346,1,total,S1,0.100000,0.000000,1200,1200,1200,1200,1200,1200,1200,1200,1200,1200,1200,3,0,1226.8708889605477,1234.5286956600223,1226.8708889605477,1241.9425560510717,256.0
1785385346,1,TTFT,S2,0.400000,0.000000,150,150,170,170,170,170,170,170,170,170,170,18,0,140.0,147.84699678097644,133.9475069544278,170.1057770405896,1153.0
1785385346,1,total,S2,0.400000,0.000000,1300,1300,1300,1300,1300,1300,1300,1300,1300,1300,1300,18,0,1300.0,1287.5961282827323,1273.4447169932537,1308.611128013581,256.0
1785385346,1,TTFT,S3,0.100000,0.000000,2300,2300,2300,2300,2300,2300,2300,2300,2300,2300,2300,3,0,2314.9758039508015,2325.76799596427,2314.9758039508015,2331.3637229730375,9649.0
1785385346,1,total,S3,0.100000,0.000000,3500,3500,3500,3500,3500,3500,3500,3500,3500,3500,3500,3,0,3483.048305963166,3478.384603319379,3469.237338984385,3483.048305963166,256.0
1785385346,1,,Aggregated,1.200000,0.000000,1300,1300,1300,1300,2300,3500,3500,3500,3500,3500,3500,48,0,1200.0,984.1432444991369,87.24541700212285,3483.048305963166,1173.25
1785385347,1,TTFT,S1,0.000000,0.000000,100,100,100,100,100,100,100,100,100,100,100,3,0,96,94.95186666026711,87.24541700212285,101.86533600790426,157.0
1785385347,1,total,S1,0.000000,0.000000,1200,1200,1200,1200,1200,1200,1200,1200,1200,1200,1200,3,0,1226.8708889605477,1234.5286956600223,1226.8708889605477,1241.9425560510717,256.0
1785385347,1,TTFT,S2,0.500000,0.000000,150,150,170,170,170,170,170,170,170,170,170,19,0,140.0,147.2134340560603,133.9475069544278,170.1057770405896,1153.0
1785385347,1,total,S2,0.500000,0.000000,1300,1300,1300,1300,1300,1300,1300,1300,1300,1300,1300,19,0,1300.0,1286.8807164762218,1273.4447169932537,1308.611128013581,256.0
1785385347,1,TTFT,S3,0.100000,0.000000,2300,2300,2300,2300,2300,2300,2300,2300,2300,2300,2300,3,0,2314.9758039508015,2325.76799596427,2314.9758039508015,2331.3637229730375,9649.0
1785385347,1,total,S3,0.100000,0.000000,3500,3500,3500,3500,3500,3500,3500,3500,3500,3500,3500,3,0,3483.048305963166,3478.384603319379,3469.237338984385,3483.048305963166,256.0
1785385347,1,,Aggregated,1.200000,0.000000,1300,1300,1300,1300,2300,3500,3500,3500,3500,3500,3500,50,0,1200.0,972.9737668985035,87.24541700212285,3483.048305963166,1154.5
1785385348,1,TTFT,S1,0.000000,0.000000,100,100,100,100,100,100,100,100,100,100,100,3,0,96,94.95186666026711,87.24541700212285,101.86533600790426,157.0
1785385348,1,total,S1,0.000000,0.000000,1200,1200,1200,1200,1200,1200,1200,1200,1200,1200,1200,3,0,1226.8708889605477,1234.5286956600223,1226.8708889605477,1241.9425560510717,256.0
1785385348,1,TTFT,S2,0.500000,0.000000,140,150,170,170,170,170,170,170,170,170,170,20,0,140.0,146.9543142040493,133.9475069544278,170.1057770405896,1153.0
1785385348,1,total,S2,0.500000,0.000000,1300,1300,1300,1300,1300,1300,1300,1300,1300,1300,1300,20,0,1300.0,1286.628447053954,1273.4447169932537,1308.611128013581,256.0
1785385348,1,TTFT,S3,0.100000,0.000000,2300,2300,2300,2300,2300,2300,2300,2300,2300,2300,2300,3,0,2314.9758039508015,2325.76799596427,2314.9758039508015,2331.3637229730375,9649.0
1785385348,1,total,S3,0.100000,0.000000,3500,3500,3500,3500,3500,3500,3500,3500,3500,3500,3500,3,0,3483.048305963166,3478.384603319379,3469.237338984385,3483.048305963166,256.0
1785385348,1,,Aggregated,1.200000,0.000000,1300,1300,1300,1300,2300,3500,3500,3500,3500,3500,3500,52,0,1200.0,962.9337444225362,87.24541700212285,3483.048305963166,1137.1923076923076
1785385349,1,TTFT,S1,0.000000,0.000000,100,100,100,100,100,100,100,100,100,100,100,3,0,96,94.95186666026711,87.24541700212285,101.86533600790426,157.0
1785385349,1,total,S1,0.000000,0.000000,1200,1200,1200,1200,1200,1200,1200,1200,1200,1200,1200,3,0,1226.8708889605477,1234.5286956600223,1226.8708889605477,1241.9425560510717,256.0
1785385349,1,TTFT,S2,0.500000,0.000000,140,150,170,170,170,170,170,170,170,170,170,20,0,140.0,146.9543142040493,133.9475069544278,170.1057770405896,1153.0
1785385349,1,total,S2,0.500000,0.000000,1300,1300,1300,1300,1300,1300,1300,1300,1300,1300,1300,20,0,1300.0,1286.628447053954,1273.4447169932537,1308.611128013581,256.0
1785385349,1,TTFT,S3,0.100000,0.000000,2300,2300,2300,2300,2300,2300,2300,2300,2300,2300,2300,3,0,2314.9758039508015,2325.76799596427,2314.9758039508015,2331.3637229730375,9649.0
1785385349,1,total,S3,0.100000,0.000000,3500,3500,3500,3500,3500,3500,3500,3500,3500,3500,3500,3,0,3483.048305963166,3478.384603319379,3469.237338984385,3483.048305963166,256.0
1785385349,1,,Aggregated,1.200000,0.000000,1300,1300,1300,1300,1300,1300,1300,1300,1300,1300,1300,52,0,1200.0,962.9337444225362,87.24541700212285,3483.048305963166,1137.1923076923076
1785385350,1,TTFT,S1,0.000000,0.000000,100,100,100,100,100,100,100,100,100,100,100,4,0,88,93.14969324623235,87.24541700212285,101.86533600790426,157.0
1785385350,1,total,S1,0.000000,0.000000,1200,1200,1200,1200,1200,1200,1200,1200,1200,1200,1200,4,0,1226.8708889605477,1232.680120243458,1226.8708889605477,1241.9425560510717,256.0
1785385350,1,TTFT,S2,0.600000,0.000000,140,140,170,170,170,170,170,170,170,170,170,20,0,140.0,146.9543142040493,133.9475069544278,170.1057770405896,1153.0
1785385350,1,total,S2,0.600000,0.000000,1300,1300,1300,1300,1300,1300,1300,1300,1300,1300,1300,20,0,1300.0,1286.628447053954,1273.4447169932537,1308.611128013581,256.0
1785385350,1,TTFT,S3,0.100000,0.000000,2300,2300,2300,2300,2300,2300,2300,2300,2300,2300,2300,3,0,2314.9758039508015,2325.76799596427,2314.9758039508015,2331.3637229730375,9649.0
1785385350,1,total,S3,0.100000,0.000000,3500,3500,3500,3500,3500,3500,3500,3500,3500,3500,3500,3,0,3483.048305963166,3478.384603319379,3469.237338984385,3483.048305963166,256.0
1785385350,1,,Aggregated,1.400000,0.000000,1200,1300,1300,1300,1300,1300,1300,1300,1300,1300,1300,54,0,1200.0,951.619116240181,87.24541700212285,3483.048305963166,1102.7222222222222
1785385351,1,TTFT,S1,0.000000,0.000000,89,89,89,89,89,89,89,89,89,89,89,5,0,89,92.40754538914189,87.24541700212285,101.86533600790426,157.0
1785385351,1,total,S1,0.000000,0.000000,1200,1200,1200,1200,1200,1200,1200,1200,1200,1200,1200,5,0,1226.8708889605477,1231.8685399834067,1226.8708889605477,1241.9425560510717,256.0
1785385351,1,TTFT,S2,0.600000,0.000000,140,140,170,170,170,170,170,170,170,170,170,20,0,140.0,146.9543142040493,133.9475069544278,170.1057770405896,1153.0
1785385351,1,total,S2,0.600000,0.000000,1300,1300,1300,1300,1300,1300,1300,1300,1300,1300,1300,20,0,1300.0,1286.628447053954,1273.4447169932537,1308.611128013581,256.0
1785385351,1,TTFT,S3,0.100000,0.000000,2300,2300,2300,2300,2300,2300,2300,2300,2300,2300,2300,3,0,2314.9758039508015,2325.76799596427,2314.9758039508015,2331.3637229730375,9649.0
1785385351,1,total,S3,0.100000,0.000000,3500,3500,3500,3500,3500,3500,3500,3500,3500,3500,3500,3,0,3483.048305963166,3478.384603319379,3469.237338984385,3483.048305963166,256.0
1785385351,1,,Aggregated,1.400000,0.000000,1200,1300,1300,1300,1300,1300,1300,1300,1300,1300,1300,56,0,1200.0,941.1695258906028,87.24541700212285,3483.048305963166,1070.7142857142858
1785385352,1,TTFT,S1,0.000000,0.000000,89,89,89,89,89,89,89,89,89,89,89,5,0,89,92.40754538914189,87.24541700212285,101.86533600790426,157.0
1785385352,1,total,S1,0.000000,0.000000,1200,1200,1200,1200,1200,1200,1200,1200,1200,1200,1200,5,0,1226.8708889605477,1231.8685399834067,1226.8708889605477,1241.9425560510717,256.0
1785385352,1,TTFT,S2,0.600000,0.000000,140,140,140,170,170,170,170,170,170,170,170,20,0,140.0,146.9543142040493,133.9475069544278,170.1057770405896,1153.0
1785385352,1,total,S2,0.600000,0.000000,1300,1300,1300,1300,1300,1300,1300,1300,1300,1300,1300,20,0,1300.0,1286.628447053954,1273.4447169932537,1308.611128013581,256.0
1785385352,1,TTFT,S3,0.100000,0.000000,2300,2300,2300,2300,2300,2300,2300,2300,2300,2300,2300,3,0,2314.9758039508015,2325.76799596427,2314.9758039508015,2331.3637229730375,9649.0
1785385352,1,total,S3,0.100000,0.000000,3500,3500,3500,3500,3500,3500,3500,3500,3500,3500,3500,3,0,3483.048305963166,3478.384603319379,3469.237338984385,3483.048305963166,256.0
1785385352,1,,Aggregated,1.400000,0.000000,1200,1300,1300,1300,1300,1300,1300,1300,1300,1300,1300,56,0,1200.0,941.1695258906028,87.24541700212285,3483.048305963166,1070.7142857142858
1785385353,1,TTFT,S1,0.000000,0.000000,89,89,89,89,89,89,89,89,89,89,89,5,0,89,92.40754538914189,87.24541700212285,101.86533600790426,157.0
1785385353,1,total,S1,0.000000,0.000000,1200,1200,1200,1200,1200,1200,1200,1200,1200,1200,1200,5,0,1226.8708889605477,1231.8685399834067,1226.8708889605477,1241.9425560510717,256.0
1785385353,1,TTFT,S2,0.600000,0.000000,140,140,140,140,140,140,140,140,140,140,140,20,0,140.0,146.9543142040493,133.9475069544278,170.1057770405896,1153.0
1785385353,1,total,S2,0.600000,0.000000,1300,1300,1300,1300,1300,1300,1300,1300,1300,1300,1300,20,0,1300.0,1286.628447053954,1273.4447169932537,1308.611128013581,256.0
1785385353,1,TTFT,S3,0.100000,0.000000,2300,2300,2300,2300,2300,2300,2300,2300,2300,2300,2300,3,0,2314.9758039508015,2325.76799596427,2314.9758039508015,2331.3637229730375,9649.0
1785385353,1,total,S3,0.100000,0.000000,3500,3500,3500,3500,3500,3500,3500,3500,3500,3500,3500,3,0,3483.048305963166,3478.384603319379,3469.237338984385,3483.048305963166,256.0
1785385353,1,,Aggregated,1.400000,0.000000,1200,1200,1300,1300,1300,1300,1300,1300,1300,1300,1300,56,0,1200.0,941.1695258906028,87.24541700212285,3483.048305963166,1070.7142857142858
1785385354,1,TTFT,S1,0.200000,0.000000,89,89,89,89,89,89,89,89,89,89,89,5,0,89,92.40754538914189,87.24541700212285,101.86533600790426,157.0
1785385354,1,total,S1,0.200000,0.000000,1200,1200,1200,1200,1200,1200,1200,1200,1200,1200,1200,5,0,1226.8708889605477,1231.8685399834067,1226.8708889605477,1241.9425560510717,256.0
1785385354,1,TTFT,S2,0.500000,0.000000,140,140,140,140,140,140,140,140,140,140,140,20,0,140.0,146.9543142040493,133.9475069544278,170.1057770405896,1153.0
1785385354,1,total,S2,0.500000,0.000000,1300,1300,1300,1300,1300,1300,1300,1300,1300,1300,1300,20,0,1300.0,1286.628447053954,1273.4447169932537,1308.611128013581,256.0
1785385354,1,TTFT,S3,0.000000,0.000000,2300,2300,2300,2300,2300,2300,2300,2300,2300,2300,2300,4,0,2314.9758039508015,2328.6165992176393,2314.9758039508015,2337.162408977747,9649.0
1785385354,1,total,S3,0.000000,0.000000,3500,3500,3500,3500,3500,3500,3500,3500,3500,3500,3500,4,0,3487.3310059774667,3480.621203983901,3469.237338984385,3487.3310059774667,256.0
1785385354,1,,Aggregated,1.400000,0.000000,1200,1300,1300,1300,2300,3500,3500,3500,3500,3500,3500,58,0,1200.0,1009.1377045660167,87.24541700212285,3487.3310059774667,1204.5689655172414
1785385355,1,TTFT,S1,0.200000,0.000000,89,89,89,89,89,89,89,89,89,89,89,5,0,89,92.40754538914189,87.24541700212285,101.86533600790426,157.0
1785385355,1,total,S1,0.200000,0.000000,1200,1200,1200,1200,1200,1200,1200,1200,1200,1200,1200,5,0,1226.8708889605477,1231.8685399834067,1226.8708889605477,1241.9425560510717,256.0
1785385355,1,TTFT,S2,0.500000,0.000000,140,140,140,140,140,140,140,140,140,140,140,20,0,140.0,146.9543142040493,133.9475069544278,170.1057770405896,1153.0
1785385355,1,total,S2,0.500000,0.000000,1300,1300,1300,1300,1300,1300,1300,1300,1300,1300,1300,20,0,1300.0,1286.628447053954,1273.4447169932537,1308.611128013581,256.0
1785385355,1,TTFT,S3,0.000000,0.000000,2300,2300,2300,2300,2300,2300,2300,2300,2300,2300,2300,4,0,2314.9758039508015,2328.6165992176393,2314.9758039508015,2337.162408977747,9649.0
1785385355,1,total,S3,0.000000,0.000000,3500,3500,3500,3500,3500,3500,3500,3500,3500,3500,3500,4,0,3487.3310059774667,3480.621203983901,3469.237338984385,3487.3310059774667,256.0
1785385355,1,,Aggregated,1.400000,0.000000,1200,1300,1300,2300,3500,3500,3500,3500,3500,3500,3500,58,0,1200.0,1009.1377045660167,87.24541700212285,3487.3310059774667,1204.5689655172414
1785385356,1,TTFT,S1,0.200000,0.000000,89,89,89,89,89,89,89,89,89,89,89,5,0,89,92.40754538914189,87.24541700212285,101.86533600790426,157.0
1785385356,1,total,S1,0.200000,0.000000,1200,1200,1200,1200,1200,1200,1200,1200,1200,1200,1200,5,0,1226.8708889605477,1231.8685399834067,1226.8708889605477,1241.9425560510717,256.0
1785385356,1,TTFT,S2,0.500000,0.000000,140,140,140,140,140,140,140,140,140,140,140,20,0,140.0,146.9543142040493,133.9475069544278,170.1057770405896,1153.0
1785385356,1,total,S2,0.500000,0.000000,1300,1300,1300,1300,1300,1300,1300,1300,1300,1300,1300,20,0,1300.0,1286.628447053954,1273.4447169932537,1308.611128013581,256.0
1785385356,1,TTFT,S3,0.000000,0.000000,2300,2300,2300,2300,2300,2300,2300,2300,2300,2300,2300,4,0,2314.9758039508015,2328.6165992176393,2314.9758039508015,2337.162408977747,9649.0
1785385356,1,total,S3,0.000000,0.000000,3500,3500,3500,3500,3500,3500,3500,3500,3500,3500,3500,4,0,3487.3310059774667,3480.621203983901,3469.237338984385,3487.3310059774667,256.0
1785385356,1,,Aggregated,1.400000,0.000000,1200,1300,1300,2300,3500,3500,3500,3500,3500,3500,3500,58,0,1200.0,1009.1377045660167,87.24541700212285,3487.3310059774667,1204.5689655172414
1785385357,1,TTFT,S1,0.200000,0.000000,89,89,89,89,89,89,89,89,89,89,89,5,0,89,92.40754538914189,87.24541700212285,101.86533600790426,157.0
1785385357,1,total,S1,0.200000,0.000000,1200,1200,1200,1200,1200,1200,1200,1200,1200,1200,1200,5,0,1226.8708889605477,1231.8685399834067,1226.8708889605477,1241.9425560510717,256.0
1785385357,1,TTFT,S2,0.500000,0.000000,140,140,140,140,140,140,140,140,140,140,140,20,0,140.0,146.9543142040493,133.9475069544278,170.1057770405896,1153.0
1785385357,1,total,S2,0.500000,0.000000,1300,1300,1300,1300,1300,1300,1300,1300,1300,1300,1300,20,0,1300.0,1286.628447053954,1273.4447169932537,1308.611128013581,256.0
1785385357,1,TTFT,S3,0.000000,0.000000,2300,2300,2300,2300,2300,2300,2300,2300,2300,2300,2300,4,0,2314.9758039508015,2328.6165992176393,2314.9758039508015,2337.162408977747,9649.0
1785385357,1,total,S3,0.000000,0.000000,3500,3500,3500,3500,3500,3500,3500,3500,3500,3500,3500,4,0,3487.3310059774667,3480.621203983901,3469.237338984385,3487.3310059774667,256.0
1785385357,1,,Aggregated,1.400000,0.000000,1200,1300,2300,2300,3500,3500,3500,3500,3500,3500,3500,58,0,1200.0,1009.1377045660167,87.24541700212285,3487.3310059774667,1204.5689655172414
1785385358,1,TTFT,S1,0.200000,0.000000,89,89,89,89,89,89,89,89,89,89,89,5,0,89,92.40754538914189,87.24541700212285,101.86533600790426,157.0
1785385358,1,total,S1,0.200000,0.000000,1200,1200,1200,1200,1200,1200,1200,1200,1200,1200,1200,5,0,1226.8708889605477,1231.8685399834067,1226.8708889605477,1241.9425560510717,256.0
1785385358,1,TTFT,S2,0.300000,0.000000,140,140,140,140,140,140,140,140,140,140,140,20,0,140.0,146.9543142040493,133.9475069544278,170.1057770405896,1153.0
1785385358,1,total,S2,0.300000,0.000000,1300,1300,1300,1300,1300,1300,1300,1300,1300,1300,1300,20,0,1300.0,1286.628447053954,1273.4447169932537,1308.611128013581,256.0
1785385358,1,TTFT,S3,0.100000,0.000000,2400,2400,2400,2400,2400,2400,2400,2400,2400,2400,2400,5,0,2314.9758039508015,2337.4713889788836,2314.9758039508015,2372.890548023861,9649.0
1785385358,1,total,S3,0.100000,0.000000,3500,3500,3500,3500,3500,3500,3500,3500,3500,3500,3500,5,0,3500.0,3489.2876929952763,3469.237338984385,3523.9536490407772,256.0
1785385358,1,,Aggregated,1.200000,0.000000,2300,2400,3500,3500,3500,3500,3500,3500,3500,3500,3500,60,0,1200.0,1073.7805176982267,87.24541700212285,3523.9536490407772,1329.5
1785385359,1,TTFT,S1,0.200000,0.000000,89,89,89,89,89,89,89,89,89,89,89,5,0,89,92.40754538914189,87.24541700212285,101.86533600790426,157.0
1785385359,1,total,S1,0.200000,0.000000,1200,1200,1200,1200,1200,1200,1200,1200,1200,1200,1200,5,0,1226.8708889605477,1231.8685399834067,1226.8708889605477,1241.9425560510717,256.0
1785385359,1,TTFT,S2,0.100000,0.000000,150,150,150,150,150,150,150,150,150,150,150,21,0,140.0,147.2379894777467,133.9475069544278,170.1057770405896,1153.0
1785385359,1,total,S2,0.100000,0.000000,1300,1300,1300,1300,1300,1300,1300,1300,1300,1300,1300,21,0,1300.0,1286.8790260510564,1273.4447169932537,1308.611128013581,256.0
1785385359,1,TTFT,S3,0.100000,0.000000,2400,2400,2400,2400,2400,2400,2400,2400,2400,2400,2400,5,0,2314.9758039508015,2337.4713889788836,2314.9758039508015,2372.890548023861,9649.0
1785385359,1,total,S3,0.100000,0.000000,3500,3500,3500,3500,3500,3500,3500,3500,3500,3500,3500,5,0,3500.0,3489.2876929952763,3469.237338984385,3523.9536490407772,256.0
1785385359,1,,Aggregated,0.800000,0.000000,2300,2400,3500,3500,3500,3500,3500,3500,3500,3500,3500,62,0,1200.0,1062.445696174813,87.24541700212285,3523.9536490407772,1309.3387096774193
1785385360,1,TTFT,S1,0.200000,0.000000,89,89,89,89,89,89,89,89,89,89,89,5,0,89,92.40754538914189,87.24541700212285,101.86533600790426,157.0
1785385360,1,total,S1,0.200000,0.000000,1200,1200,1200,1200,1200,1200,1200,1200,1200,1200,1200,5,0,1226.8708889605477,1231.8685399834067,1226.8708889605477,1241.9425560510717,256.0
1785385360,1,TTFT,S2,0.100000,0.000000,150,150,150,150,150,150,150,150,150,150,150,22,0,140.0,147.51039859203792,133.9475069544278,170.1057770405896,1153.0
1785385360,1,total,S2,0.100000,0.000000,1300,1300,1300,1300,1300,1300,1300,1300,1300,1300,1300,22,0,1300.0,1287.0790965495291,1273.4447169932537,1308.611128013581,256.0
1785385360,1,TTFT,S3,0.200000,0.000000,2400,2400,2400,2400,2400,2400,2400,2400,2400,2400,2400,5,0,2314.9758039508015,2337.4713889788836,2314.9758039508015,2372.890548023861,9649.0
1785385360,1,total,S3,0.200000,0.000000,3500,3500,3500,3500,3500,3500,3500,3500,3500,3500,3500,5,0,3500.0,3489.2876929952763,3469.237338984385,3523.9536490407772,256.0
1785385360,1,,Aggregated,1.000000,0.000000,1300,2300,2400,3500,3500,3500,3500,3500,3500,3500,3500,64,0,1200.0,1051.8147614038753,87.24541700212285,3523.9536490407772,1290.4375
1785385361,1,TTFT,S1,0.200000,0.000000,89,89,89,89,89,89,89,89,89,89,89,5,0,89,92.40754538914189,87.24541700212285,101.86533600790426,157.0
1785385361,1,total,S1,0.200000,0.000000,1200,1200,1200,1200,1200,1200,1200,1200,1200,1200,1200,5,0,1226.8708889605477,1231.8685399834067,1226.8708889605477,1241.9425560510717,256.0
1785385361,1,TTFT,S2,0.100000,0.000000,150,150,150,150,150,150,150,150,150,150,150,22,0,140.0,147.51039859203792,133.9475069544278,170.1057770405896,1153.0
1785385361,1,total,S2,0.100000,0.000000,1300,1300,1300,1300,1300,1300,1300,1300,1300,1300,1300,22,0,1300.0,1287.0790965495291,1273.4447169932537,1308.611128013581,256.0
1785385361,1,TTFT,S3,0.200000,0.000000,2400,2400,2400,2400,2400,2400,2400,2400,2400,2400,2400,5,0,2314.9758039508015,2337.4713889788836,2314.9758039508015,2372.890548023861,9649.0
1785385361,1,total,S3,0.200000,0.000000,3500,3500,3500,3500,3500,3500,3500,3500,3500,3500,3500,5,0,3500.0,3489.2876929952763,3469.237338984385,3523.9536490407772,256.0
1785385361,1,,Aggregated,1.000000,0.000000,1300,2300,2400,3500,3500,3500,3500,3500,3500,3500,3500,64,0,1200.0,1051.8147614038753,87.24541700212285,3523.9536490407772,1290.4375
1785385362,1,TTFT,S1,0.200000,0.000000,89,89,89,89,89,89,89,89,89,89,89,5,0,89,92.40754538914189,87.24541700212285,101.86533600790426,157.0
1785385362,1,total,S1,0.200000,0.000000,1200,1200,1200,1200,1200,1200,1200,1200,1200,1200,1200,5,0,1226.8708889605477,1231.8685399834067,1226.8708889605477,1241.9425560510717,256.0
1785385362,1,TTFT,S2,0.100000,0.000000,150,150,150,150,150,150,150,150,150,150,150,22,0,140.0,147.51039859203792,133.9475069544278,170.1057770405896,1153.0
1785385362,1,total,S2,0.100000,0.000000,1300,1300,1300,1300,1300,1300,1300,1300,1300,1300,1300,22,0,1300.0,1287.0790965495291,1273.4447169932537,1308.611128013581,256.0
1785385362,1,TTFT,S3,0.200000,0.000000,2400,2400,2400,2400,2400,2400,2400,2400,2400,2400,2400,5,0,2314.9758039508015,2337.4713889788836,2314.9758039508015,2372.890548023861,9649.0
1785385362,1,total,S3,0.200000,0.000000,3500,3500,3500,3500,3500,3500,3500,3500,3500,3500,3500,5,0,3500.0,3489.2876929952763,3469.237338984385,3523.9536490407772,256.0
1785385362,1,,Aggregated,1.000000,0.000000,2300,2400,3500,3500,3500,3500,3500,3500,3500,3500,3500,64,0,1200.0,1051.8147614038753,87.24541700212285,3523.9536490407772,1290.4375
1785385363,1,TTFT,S1,0.200000,0.000000,89,89,89,89,89,89,89,89,89,89,89,5,0,89,92.40754538914189,87.24541700212285,101.86533600790426,157.0
1785385363,1,total,S1,0.200000,0.000000,1200,1200,1200,1200,1200,1200,1200,1200,1200,1200,1200,5,0,1226.8708889605477,1231.8685399834067,1226.8708889605477,1241.9425560510717,256.0
1785385363,1,TTFT,S2,0.100000,0.000000,150,150,150,150,150,150,150,150,150,150,150,22,0,140.0,147.51039859203792,133.9475069544278,170.1057770405896,1153.0
1785385363,1,total,S2,0.100000,0.000000,1300,1300,1300,1300,1300,1300,1300,1300,1300,1300,1300,22,0,1300.0,1287.0790965495291,1273.4447169932537,1308.611128013581,256.0
1785385363,1,TTFT,S3,0.200000,0.000000,2400,2400,2400,2400,2400,2400,2400,2400,2400,2400,2400,5,0,2314.9758039508015,2337.4713889788836,2314.9758039508015,2372.890548023861,9649.0
1785385363,1,total,S3,0.200000,0.000000,3500,3500,3500,3500,3500,3500,3500,3500,3500,3500,3500,5,0,3500.0,3489.2876929952763,3469.237338984385,3523.9536490407772,256.0
1785385363,1,,Aggregated,1.000000,0.000000,2300,2400,3500,3500,3500,3500,3500,3500,3500,3500,3500,64,0,1200.0,1051.8147614038753,87.24541700212285,3523.9536490407772,1290.4375
1785385364,1,TTFT,S1,0.000000,0.000000,89,89,89,89,89,89,89,89,89,89,89,5,0,89,92.40754538914189,87.24541700212285,101.86533600790426,157.0
1785385364,1,total,S1,0.000000,0.000000,1200,1200,1200,1200,1200,1200,1200,1200,1200,1200,1200,5,0,1226.8708889605477,1231.8685399834067,1226.8708889605477,1241.9425560510717,256.0
1785385364,1,TTFT,S2,0.200000,0.000000,150,150,150,150,150,150,150,150,150,150,150,22,0,140.0,147.51039859203792,133.9475069544278,170.1057770405896,1153.0
1785385364,1,total,S2,0.200000,0.000000,1300,1300,1300,1300,1300,1300,1300,1300,1300,1300,1300,22,0,1300.0,1287.0790965495291,1273.4447169932537,1308.611128013581,256.0
1785385364,1,TTFT,S3,0.200000,0.000000,2300,2300,2400,2400,2400,2400,2400,2400,2400,2400,2400,6,0,2314.9758039508015,2337.933676317334,2314.9758039508015,2372.890548023861,9649.0
1785385364,1,total,S3,0.200000,0.000000,3500,3500,3500,3500,3500,3500,3500,3500,3500,3500,3500,6,0,3500.0,3489.4895426599155,3469.237338984385,3523.9536490407772,256.0
1785385364,1,,Aggregated,0.800000,0.000000,2300,2400,3500,3500,3500,3500,3500,3500,3500,3500,3500,66,0,1300.0,1108.286191421829,87.24541700212285,3523.9536490407772,1401.409090909091
1785385365,1,TTFT,S1,0.000000,0.000000,89,89,89,89,89,89,89,89,89,89,89,5,0,89,92.40754538914189,87.24541700212285,101.86533600790426,157.0
1785385365,1,total,S1,0.000000,0.000000,1200,1200,1200,1200,1200,1200,1200,1200,1200,1200,1200,5,0,1226.8708889605477,1231.8685399834067,1226.8708889605477,1241.9425560510717,256.0
1785385365,1,TTFT,S2,0.200000,0.000000,150,150,150,150,150,150,150,150,150,150,150,23,0,150.0,147.50112504597107,133.9475069544278,170.1057770405896,1153.0
1785385365,1,total,S2,0.200000,0.000000,1300,1300,1300,1300,1300,1300,1300,1300,1300,1300,1300,23,0,1300.0,1287.1862121341426,1273.4447169932537,1308.611128013581,256.0
1785385365,1,TTFT,S3,0.200000,0.000000,2400,2400,2400,2400,2400,2400,2400,2400,2400,2400,2400,6,0,2314.9758039508015,2337.933676317334,2314.9758039508015,2372.890548023861,9649.0
1785385365,1,total,S3,0.200000,0.000000,3500,3500,3500,3500,3500,3500,3500,3500,3500,3500,3500,6,0,3500.0,3489.4895426599155,3469.237338984385,3523.9536490407772,256.0
1785385365,1,,Aggregated,0.800000,0.000000,1300,2300,2400,3500,3500,3500,3500,3500,3500,3500,3500,68,0,1300.0,1096.8195367039536,87.24541700212285,3523.9536490407772,1380.9117647058824
1785385366,1,TTFT,S1,0.000000,0.000000,89,89,89,89,89,89,89,89,89,89,89,5,0,89,92.40754538914189,87.24541700212285,101.86533600790426,157.0
1785385366,1,total,S1,0.000000,0.000000,1200,1200,1200,1200,1200,1200,1200,1200,1200,1200,1200,5,0,1226.8708889605477,1231.8685399834067,1226.8708889605477,1241.9425560510717,256.0
1785385366,1,TTFT,S2,0.200000,0.000000,150,150,150,150,150,150,150,150,150,150,150,23,0,150.0,147.50112504597107,133.9475069544278,170.1057770405896,1153.0
1785385366,1,total,S2,0.200000,0.000000,1300,1300,1300,1300,1300,1300,1300,1300,1300,1300,1300,23,0,1300.0,1287.1862121341426,1273.4447169932537,1308.611128013581,256.0
1785385366,1,TTFT,S3,0.200000,0.000000,2400,2400,2400,2400,2400,2400,2400,2400,2400,2400,2400,6,0,2314.9758039508015,2337.933676317334,2314.9758039508015,2372.890548023861,9649.0
1785385366,1,total,S3,0.200000,0.000000,3500,3500,3500,3500,3500,3500,3500,3500,3500,3500,3500,6,0,3500.0,3489.4895426599155,3469.237338984385,3523.9536490407772,256.0
1785385366,1,,Aggregated,0.800000,0.000000,1300,2300,2400,3500,3500,3500,3500,3500,3500,3500,3500,68,0,1300.0,1096.8195367039536,87.24541700212285,3523.9536490407772,1380.9117647058824
1785385367,1,TTFT,S1,0.000000,0.000000,89,89,89,89,89,89,89,89,89,89,89,5,0,89,92.40754538914189,87.24541700212285,101.86533600790426,157.0
1785385367,1,total,S1,0.000000,0.000000,1200,1200,1200,1200,1200,1200,1200,1200,1200,1200,1200,5,0,1226.8708889605477,1231.8685399834067,1226.8708889605477,1241.9425560510717,256.0
1785385367,1,TTFT,S2,0.200000,0.000000,150,150,150,150,150,150,150,150,150,150,150,23,0,150.0,147.50112504597107,133.9475069544278,170.1057770405896,1153.0
1785385367,1,total,S2,0.200000,0.000000,1300,1300,1300,1300,1300,1300,1300,1300,1300,1300,1300,23,0,1300.0,1287.1862121341426,1273.4447169932537,1308.611128013581,256.0
1785385367,1,TTFT,S3,0.200000,0.000000,2400,2400,2400,2400,2400,2400,2400,2400,2400,2400,2400,6,0,2314.9758039508015,2337.933676317334,2314.9758039508015,2372.890548023861,9649.0
1785385367,1,total,S3,0.200000,0.000000,3500,3500,3500,3500,3500,3500,3500,3500,3500,3500,3500,6,0,3500.0,3489.4895426599155,3469.237338984385,3523.9536490407772,256.0
1785385367,1,,Aggregated,0.800000,0.000000,1300,2300,2400,3500,3500,3500,3500,3500,3500,3500,3500,68,0,1300.0,1096.8195367039536,87.24541700212285,3523.9536490407772,1380.9117647058824
1785385368,1,TTFT,S1,0.000000,0.000000,0,0,0,0,0,0,0,0,0,0,0,5,0,89,92.40754538914189,87.24541700212285,101.86533600790426,157.0
1785385368,1,total,S1,0.000000,0.000000,0,0,0,0,0,0,0,0,0,0,0,5,0,1226.8708889605477,1231.8685399834067,1226.8708889605477,1241.9425560510717,256.0
1785385368,1,TTFT,S2,0.200000,0.000000,150,150,150,150,150,150,150,150,150,150,150,23,0,150.0,147.50112504597107,133.9475069544278,170.1057770405896,1153.0
1785385368,1,total,S2,0.200000,0.000000,1300,1300,1300,1300,1300,1300,1300,1300,1300,1300,1300,23,0,1300.0,1287.1862121341426,1273.4447169932537,1308.611128013581,256.0
1785385368,1,TTFT,S3,0.200000,0.000000,2400,2400,2400,2400,2400,2400,2400,2400,2400,2400,2400,6,0,2314.9758039508015,2337.933676317334,2314.9758039508015,2372.890548023861,9649.0
1785385368,1,total,S3,0.200000,0.000000,3500,3500,3500,3500,3500,3500,3500,3500,3500,3500,3500,6,0,3500.0,3489.4895426599155,3469.237338984385,3523.9536490407772,256.0
1785385368,1,,Aggregated,0.800000,0.000000,1300,1300,2300,2300,3500,3500,3500,3500,3500,3500,3500,68,0,1300.0,1096.8195367039536,87.24541700212285,3523.9536490407772,1380.9117647058824
1785385369,1,TTFT,S1,0.000000,0.000000,0,0,0,0,0,0,0,0,0,0,0,5,0,89,92.40754538914189,87.24541700212285,101.86533600790426,157.0
1785385369,1,total,S1,0.000000,0.000000,0,0,0,0,0,0,0,0,0,0,0,5,0,1226.8708889605477,1231.8685399834067,1226.8708889605477,1241.9425560510717,256.0
1785385369,1,TTFT,S2,0.300000,0.000000,150,150,150,150,150,150,150,150,150,150,150,23,0,150.0,147.50112504597107,133.9475069544278,170.1057770405896,1153.0
1785385369,1,total,S2,0.300000,0.000000,1300,1300,1300,1300,1300,1300,1300,1300,1300,1300,1300,23,0,1300.0,1287.1862121341426,1273.4447169932537,1308.611128013581,256.0
1785385369,1,TTFT,S3,0.200000,0.000000,2300,2300,2400,2400,2400,2400,2400,2400,2400,2400,2400,7,0,2314.9758039508015,2338.2586989817873,2314.9758039508015,2372.890548023861,9649.0
1785385369,1,total,S3,0.200000,0.000000,3500,3500,3500,3500,3500,3500,3500,3500,3500,3500,3500,7,0,3500.0,3489.8014854157477,3469.237338984385,3523.9536490407772,256.0
1785385369,1,,Aggregated,1.000000,0.000000,2300,2300,3500,3500,3500,3500,3500,3500,3500,3500,3500,70,0,1300.0,1148.7944353255443,87.24541700212285,3523.9536490407772,1482.9571428571428
1785385370,1,TTFT,S1,0.000000,0.000000,99,99,99,99,99,99,99,99,99,99,99,6,0,89,93.57381732358287,87.24541700212285,101.86533600790426,157.0
1785385370,1,total,S1,0.000000,0.000000,1200,1200,1200,1200,1200,1200,1200,1200,1200,1200,1200,6,0,1226.8708889605477,1233.0433318178013,1226.8708889605477,1241.9425560510717,256.0
1785385370,1,TTFT,S2,0.300000,0.000000,150,150,150,150,150,150,150,150,150,150,150,23,0,150.0,147.50112504597107,133.9475069544278,170.1057770405896,1153.0
1785385370,1,total,S2,0.300000,0.000000,1300,1300,1300,1300,1300,1300,1300,1300,1300,1300,1300,23,0,1300.0,1287.1862121341426,1273.4447169932537,1308.611128013581,256.0
1785385370,1,TTFT,S3,0.200000,0.000000,2300,2300,2300,2300,2300,2300,2300,2300,2300,2300,2300,7,0,2314.9758039508015,2338.2586989817873,2314.9758039508015,2372.890548023861,9649.0
1785385370,1,total,S3,0.200000,0.000000,3500,3500,3500,3500,3500,3500,3500,3500,3500,3500,3500,7,0,3500.0,3489.8014854157477,3469.237338984385,3523.9536490407772,256.0
1785385370,1,,Aggregated,1.000000,0.000000,1300,2300,2300,3500,3500,3500,3500,3500,3500,3500,3500,72,0,1300.0,1135.4712908440788,87.24541700212285,3523.9536490407772,1447.5
1785385371,1,TTFT,S1,0.000000,0.000000,99,99,99,99,99,99,99,99,99,99,99,6,0,89,93.57381732358287,87.24541700212285,101.86533600790426,157.0
1785385371,1,total,S1,0.000000,0.000000,1200,1200,1200,1200,1200,1200,1200,1200,1200,1200,1200,6,0,1226.8708889605477,1233.0433318178013,1226.8708889605477,1241.9425560510717,256.0
1785385371,1,TTFT,S2,0.300000,0.000000,150,150,150,150,150,150,150,150,150,150,150,23,0,150.0,147.50112504597107,133.9475069544278,170.1057770405896,1153.0
1785385371,1,total,S2,0.300000,0.000000,1300,1300,1300,1300,1300,1300,1300,1300,1300,1300,1300,23,0,1300.0,1287.1862121341426,1273.4447169932537,1308.611128013581,256.0
1785385371,1,TTFT,S3,0.200000,0.000000,2300,2300,2300,2300,2300,2300,2300,2300,2300,2300,2300,7,0,2314.9758039508015,2338.2586989817873,2314.9758039508015,2372.890548023861,9649.0
1785385371,1,total,S3,0.200000,0.000000,3500,3500,3500,3500,3500,3500,3500,3500,3500,3500,3500,7,0,3500.0,3489.8014854157477,3469.237338984385,3523.9536490407772,256.0
1785385371,1,,Aggregated,1.000000,0.000000,2300,2300,3500,3500,3500,3500,3500,3500,3500,3500,3500,72,0,1300.0,1135.4712908440788,87.24541700212285,3523.9536490407772,1447.5
1785385372,1,TTFT,S1,0.000000,0.000000,99,99,99,99,99,99,99,99,99,99,99,6,0,89,93.57381732358287,87.24541700212285,101.86533600790426,157.0
1785385372,1,total,S1,0.000000,0.000000,1200,1200,1200,1200,1200,1200,1200,1200,1200,1200,1200,6,0,1226.8708889605477,1233.0433318178013,1226.8708889605477,1241.9425560510717,256.0
1785385372,1,TTFT,S2,0.300000,0.000000,150,150,150,150,150,150,150,150,150,150,150,23,0,150.0,147.50112504597107,133.9475069544278,170.1057770405896,1153.0
1785385372,1,total,S2,0.300000,0.000000,1300,1300,1300,1300,1300,1300,1300,1300,1300,1300,1300,23,0,1300.0,1287.1862121341426,1273.4447169932537,1308.611128013581,256.0
1785385372,1,TTFT,S3,0.200000,0.000000,2300,2300,2300,2300,2300,2300,2300,2300,2300,2300,2300,7,0,2314.9758039508015,2338.2586989817873,2314.9758039508015,2372.890548023861,9649.0
1785385372,1,total,S3,0.200000,0.000000,3500,3500,3500,3500,3500,3500,3500,3500,3500,3500,3500,7,0,3500.0,3489.8014854157477,3469.237338984385,3523.9536490407772,256.0
1785385372,1,,Aggregated,1.000000,0.000000,2300,2300,3500,3500,3500,3500,3500,3500,3500,3500,3500,72,0,1300.0,1135.4712908440788,87.24541700212285,3523.9536490407772,1447.5
1785385373,1,TTFT,S1,0.100000,0.000000,99,99,99,99,99,99,99,99,99,99,99,6,0,89,93.57381732358287,87.24541700212285,101.86533600790426,157.0
1785385373,1,total,S1,0.100000,0.000000,1200,1200,1200,1200,1200,1200,1200,1200,1200,1200,1200,6,0,1226.8708889605477,1233.0433318178013,1226.8708889605477,1241.9425560510717,256.0
1785385373,1,TTFT,S2,0.100000,0.000000,150,150,150,150,150,150,150,150,150,150,150,23,0,150.0,147.50112504597107,133.9475069544278,170.1057770405896,1153.0
1785385373,1,total,S2,0.100000,0.000000,1300,1300,1300,1300,1300,1300,1300,1300,1300,1300,1300,23,0,1300.0,1287.1862121341426,1273.4447169932537,1308.611128013581,256.0
1785385373,1,TTFT,S3,0.200000,0.000000,2300,2300,2300,2300,2300,2300,2300,2300,2300,2300,2300,8,0,2314.9758039508015,2339.4817859880277,2314.9758039508015,2372.890548023861,9649.0
1785385373,1,total,S3,0.200000,0.000000,3500,3500,3500,3500,3500,3500,3500,3500,3500,3500,3500,8,0,3500.0,3491.084729488648,3469.237338984385,3523.9536490407772,256.0
1785385373,1,,Aggregated,0.800000,0.000000,2300,2300,3500,3500,3500,3500,3500,3500,3500,3500,3500,74,0,1300.0,1183.8114023487071,87.24541700212285,3523.9536490407772,1542.2297297297298
1785385374,1,TTFT,S1,0.100000,0.000000,99,99,99,99,99,99,99,99,99,99,99,6,0,89,93.57381732358287,87.24541700212285,101.86533600790426,157.0
1785385374,1,total,S1,0.100000,0.000000,1200,1200,1200,1200,1200,1200,1200,1200,1200,1200,1200,6,0,1226.8708889605477,1233.0433318178013,1226.8708889605477,1241.9425560510717,256.0
1785385374,1,TTFT,S2,0.100000,0.000000,150,150,150,150,150,150,150,150,150,150,150,23,0,150.0,147.50112504597107,133.9475069544278,170.1057770405896,1153.0
1785385374,1,total,S2,0.100000,0.000000,1300,1300,1300,1300,1300,1300,1300,1300,1300,1300,1300,23,0,1300.0,1287.1862121341426,1273.4447169932537,1308.611128013581,256.0
1785385374,1,TTFT,S3,0.200000,0.000000,2300,2300,2300,2300,2300,2300,2300,2300,2300,2300,2300,8,0,2314.9758039508015,2339.4817859880277,2314.9758039508015,2372.890548023861,9649.0
1785385374,1,total,S3,0.200000,0.000000,3500,3500,3500,3500,3500,3500,3500,3500,3500,3500,3500,8,0,3500.0,3491.084729488648,3469.237338984385,3523.9536490407772,256.0
1785385374,1,,Aggregated,0.800000,0.000000,2300,2300,3500,3500,3500,3500,3500,3500,3500,3500,3500,74,0,1300.0,1183.8114023487071,87.24541700212285,3523.9536490407772,1542.2297297297298
1785385375,1,TTFT,S1,0.100000,0.000000,99,99,99,99,99,99,99,99,99,99,99,6,0,89,93.57381732358287,87.24541700212285,101.86533600790426,157.0
1785385375,1,total,S1,0.100000,0.000000,1200,1200,1200,1200,1200,1200,1200,1200,1200,1200,1200,6,0,1226.8708889605477,1233.0433318178013,1226.8708889605477,1241.9425560510717,256.0
1785385375,1,TTFT,S2,0.100000,0.000000,160,160,160,160,160,160,160,160,160,160,160,24,0,150.0,147.9942919613677,133.9475069544278,170.1057770405896,1153.0
1785385375,1,total,S2,0.100000,0.000000,1300,1300,1300,1300,1300,1300,1300,1300,1300,1300,1300,24,0,1300.0,1287.6772377130692,1273.4447169932537,1308.611128013581,256.0
1785385375,1,TTFT,S3,0.200000,0.000000,2300,2300,2300,2300,2300,2300,2300,2300,2300,2300,2300,8,0,2314.9758039508015,2339.4817859880277,2314.9758039508015,2372.890548023861,9649.0
1785385375,1,total,S3,0.200000,0.000000,3500,3500,3500,3500,3500,3500,3500,3500,3500,3500,3500,8,0,3500.0,3491.084729488648,3469.237338984385,3523.9536490407772,256.0
1785385375,1,,Aggregated,0.800000,0.000000,1300,2300,2300,3500,3500,3500,3500,3500,3500,3500,3500,76,0,1300.0,1171.8467333006342,87.24541700212285,3523.9536490407772,1520.1842105263158
1785385376,1,TTFT,S1,0.100000,0.000000,99,99,99,99,99,99,99,99,99,99,99,6,0,89,93.57381732358287,87.24541700212285,101.86533600790426,157.0
1785385376,1,total,S1,0.100000,0.000000,1200,1200,1200,1200,1200,1200,1200,1200,1200,1200,1200,6,0,1226.8708889605477,1233.0433318178013,1226.8708889605477,1241.9425560510717,256.0
1785385376,1,TTFT,S2,0.100000,0.000000,160,160,160,160,160,160,160,160,160,160,160,24,0,150.0,147.9942919613677,133.9475069544278,170.1057770405896,1153.0
1785385376,1,total,S2,0.100000,0.000000,1300,1300,1300,1300,1300,1300,1300,1300,1300,1300,1300,24,0,1300.0,1287.6772377130692,1273.4447169932537,1308.611128013581,256.0
1785385376,1,TTFT,S3,0.200000,0.000000,2300,2300,2300,2300,2300,2300,2300,2300,2300,2300,2300,8,0,2314.9758039508015,2339.4817859880277,2314.9758039508015,2372.890548023861,9649.0
1785385376,1,total,S3,0.200000,0.000000,3500,3500,3500,3500,3500,3500,3500,3500,3500,3500,3500,8,0,3500.0,3491.084729488648,3469.237338984385,3523.9536490407772,256.0
1785385376,1,,Aggregated,0.800000,0.000000,2300,2300,3500,3500,3500,3500,3500,3500,3500,3500,3500,76,0,1300.0,1171.8467333006342,87.24541700212285,3523.9536490407772,1520.1842105263158
1785385377,1,TTFT,S1,0.100000,0.000000,99,99,99,99,99,99,99,99,99,99,99,6,0,89,93.57381732358287,87.24541700212285,101.86533600790426,157.0
1785385377,1,total,S1,0.100000,0.000000,1200,1200,1200,1200,1200,1200,1200,1200,1200,1200,1200,6,0,1226.8708889605477,1233.0433318178013,1226.8708889605477,1241.9425560510717,256.0
1785385377,1,TTFT,S2,0.100000,0.000000,160,160,160,160,160,160,160,160,160,160,160,24,0,150.0,147.9942919613677,133.9475069544278,170.1057770405896,1153.0
1785385377,1,total,S2,0.100000,0.000000,1300,1300,1300,1300,1300,1300,1300,1300,1300,1300,1300,24,0,1300.0,1287.6772377130692,1273.4447169932537,1308.611128013581,256.0
1785385377,1,TTFT,S3,0.200000,0.000000,2300,2300,2300,2300,2300,2300,2300,2300,2300,2300,2300,8,0,2314.9758039508015,2339.4817859880277,2314.9758039508015,2372.890548023861,9649.0
1785385377,1,total,S3,0.200000,0.000000,3500,3500,3500,3500,3500,3500,3500,3500,3500,3500,3500,8,0,3500.0,3491.084729488648,3469.237338984385,3523.9536490407772,256.0
1785385377,1,,Aggregated,0.800000,0.000000,2300,2300,3500,3500,3500,3500,3500,3500,3500,3500,3500,76,0,1300.0,1171.8467333006342,87.24541700212285,3523.9536490407772,1520.1842105263158
1785385378,1,TTFT,S1,0.100000,0.000000,99,99,99,99,99,99,99,99,99,99,99,6,0,89,93.57381732358287,87.24541700212285,101.86533600790426,157.0
1785385378,1,total,S1,0.100000,0.000000,1200,1200,1200,1200,1200,1200,1200,1200,1200,1200,1200,6,0,1226.8708889605477,1233.0433318178013,1226.8708889605477,1241.9425560510717,256.0
1785385378,1,TTFT,S2,0.100000,0.000000,160,160,160,160,160,160,160,160,160,160,160,24,0,150.0,147.9942919613677,133.9475069544278,170.1057770405896,1153.0
1785385378,1,total,S2,0.100000,0.000000,1300,1300,1300,1300,1300,1300,1300,1300,1300,1300,1300,24,0,1300.0,1287.6772377130692,1273.4447169932537,1308.611128013581,256.0
1785385378,1,TTFT,S3,0.200000,0.000000,2300,2300,2300,2300,2300,2300,2300,2300,2300,2300,2300,9,0,2314.9758039508015,2338.4076796549684,2314.9758039508015,2372.890548023861,9649.0
1785385378,1,total,S3,0.200000,0.000000,3500,3500,3500,3500,3500,3500,3500,3500,3500,3500,3500,9,0,3500.0,3490.043975878507,3469.237338984385,3523.9536490407772,256.0
1785385378,1,,Aggregated,0.800000,0.000000,2300,2300,3500,3500,3500,3500,3500,3500,3500,3500,3500,78,0,1300.0,1216.3062116261035,87.24541700212285,3523.9536490407772,1608.1923076923076
1785385379,1,TTFT,S1,0.100000,0.000000,99,99,99,99,99,99,99,99,99,99,99,7,0,96,94.15645914019218,87.24541700212285,101.86533600790426,157.0
1785385379,1,total,S1,0.100000,0.000000,1200,1200,1200,1200,1200,1200,1200,1200,1200,1200,1200,7,0,1226.8708889605477,1233.774899421925,1226.8708889605477,1241.9425560510717,256.0
1785385379,1,TTFT,S2,0.100000,0.000000,160,160,160,160,160,160,160,160,160,160,160,24,0,150.0,147.9942919613677,133.9475069544278,170.1057770405896,1153.0
1785385379,1,total,S2,0.100000,0.000000,1300,1300,1300,1300,1300,1300,1300,1300,1300,1300,1300,24,0,1300.0,1287.6772377130692,1273.4447169932537,1308.611128013581,256.0
1785385379,1,TTFT,S3,0.200000,0.000000,2300,2300,2300,2300,2300,2300,2300,2300,2300,2300,2300,9,0,2314.9758039508015,2338.4076796549684,2314.9758039508015,2372.890548023861,9649.0
1785385379,1,total,S3,0.200000,0.000000,3500,3500,3500,3500,3500,3500,3500,3500,3500,3500,3500,9,0,3500.0,3490.043975878507,3469.237338984385,3523.9536490407772,256.0
1785385379,1,,Aggregated,0.800000,0.000000,1300,2300,2300,3500,3500,3500,3500,3500,3500,3500,3500,80,0,1300.0,1202.5962640240323,87.24541700212285,3523.9536490407772,1573.15
1785385380,1,TTFT,S1,0.100000,0.000000,99,99,99,99,99,99,99,99,99,99,99,7,0,96,94.15645914019218,87.24541700212285,101.86533600790426,157.0
1785385380,1,total,S1,0.100000,0.000000,1200,1200,1200,1200,1200,1200,1200,1200,1200,1200,1200,7,0,1226.8708889605477,1233.774899421925,1226.8708889605477,1241.9425560510717,256.0
1785385380,1,TTFT,S2,0.100000,0.000000,160,160,160,160,160,160,160,160,160,160,160,24,0,150.0,147.9942919613677,133.9475069544278,170.1057770405896,1153.0
1785385380,1,total,S2,0.100000,0.000000,1300,1300,1300,1300,1300,1300,1300,1300,1300,1300,1300,24,0,1300.0,1287.6772377130692,1273.4447169932537,1308.611128013581,256.0
1785385380,1,TTFT,S3,0.200000,0.000000,2300,2300,2300,2300,2300,2300,2300,2300,2300,2300,2300,9,0,2314.9758039508015,2338.4076796549684,2314.9758039508015,2372.890548023861,9649.0
1785385380,1,total,S3,0.200000,0.000000,3500,3500,3500,3500,3500,3500,3500,3500,3500,3500,3500,9,0,3500.0,3490.043975878507,3469.237338984385,3523.9536490407772,256.0
1785385380,1,,Aggregated,0.800000,0.000000,1300,2300,2300,3500,3500,3500,3500,3500,3500,3500,3500,80,0,1300.0,1202.5962640240323,87.24541700212285,3523.9536490407772,1573.15
1785385381,1,TTFT,S1,0.100000,0.000000,99,99,99,99,99,99,99,99,99,99,99,7,0,96,94.15645914019218,87.24541700212285,101.86533600790426,157.0
1785385381,1,total,S1,0.100000,0.000000,1200,1200,1200,1200,1200,1200,1200,1200,1200,1200,1200,7,0,1226.8708889605477,1233.774899421925,1226.8708889605477,1241.9425560510717,256.0
1785385381,1,TTFT,S2,0.100000,0.000000,170,170,170,170,170,170,170,170,170,170,170,25,0,150.0,148.84589744266123,133.9475069544278,170.1057770405896,1153.0
1785385381,1,total,S2,0.100000,0.000000,1300,1300,1300,1300,1300,1300,1300,1300,1300,1300,1300,25,0,1300.0,1288.5073376842774,1273.4447169932537,1308.611128013581,256.0
1785385381,1,TTFT,S3,0.200000,0.000000,2300,2300,2300,2300,2300,2300,2300,2300,2300,2300,2300,9,0,2314.9758039508015,2338.4076796549684,2314.9758039508015,2372.890548023861,9649.0
1785385381,1,total,S3,0.200000,0.000000,3500,3500,3500,3500,3500,3500,3500,3500,3500,3500,3500,9,0,3500.0,3490.043975878507,3469.237338984385,3523.9536490407772,256.0
1785385381,1,,Aggregated,0.800000,0.000000,1300,2300,2300,3500,3500,3500,3500,3500,3500,3500,3500,82,0,1300.0,1191.28555229158,87.24541700212285,3523.9536490407772,1551.9634146341464
1785385382,1,TTFT,S1,0.100000,0.000000,99,99,99,99,99,99,99,99,99,99,99,7,0,96,94.15645914019218,87.24541700212285,101.86533600790426,157.0
1785385382,1,total,S1,0.100000,0.000000,1200,1200,1200,1200,1200,1200,1200,1200,1200,1200,1200,7,0,1226.8708889605477,1233.774899421925,1226.8708889605477,1241.9425560510717,256.0
1785385382,1,TTFT,S2,0.100000,0.000000,160,160,170,170,170,170,170,170,170,170,170,26,0,150.0,148.8001673110725,133.9475069544278,170.1057770405896,1153.0
1785385382,1,total,S2,0.100000,0.000000,1300,1300,1300,1300,1300,1300,1300,1300,1300,1300,1300,26,0,1300.0,1288.426400388394,1273.4447169932537,1308.611128013581,256.0
1785385382,1,TTFT,S3,0.200000,0.000000,2300,2300,2300,2300,2300,2300,2300,2300,2300,2300,2300,9,0,2314.9758039508015,2338.4076796549684,2314.9758039508015,2372.890548023861,9649.0
1785385382,1,total,S3,0.200000,0.000000,3500,3500,3500,3500,3500,3500,3500,3500,3500,3500,3500,9,0,3500.0,3490.043975878507,3469.237338984385,3523.9536490407772,256.0
1785385382,1,,Aggregated,0.800000,0.000000,1300,1300,2300,2300,3500,3500,3500,3500,3500,3500,3500,84,0,1300.0,1179.9937520228837,87.24541700212285,3523.9536490407772,1531.7857142857142
1785385383,1,TTFT,S1,0.100000,0.000000,98,98,99,99,99,99,99,99,99,99,99,8,0,89,93.24573424237315,86.87065995763987,101.86533600790426,157.0
1785385383,1,total,S1,0.100000,0.000000,1200,1200,1200,1200,1200,1200,1200,1200,1200,1200,1200,8,0,1225.9388089878485,1232.7953881176654,1225.9388089878485,1241.9425560510717,256.0
1785385383,1,TTFT,S2,0.200000,0.000000,160,160,170,170,170,170,170,170,170,170,170,26,0,150.0,148.8001673110725,133.9475069544278,170.1057770405896,1153.0
1785385383,1,total,S2,0.200000,0.000000,1300,1300,1300,1300,1300,1300,1300,1300,1300,1300,1300,26,0,1300.0,1288.426400388394,1273.4447169932537,1308.611128013581,256.0
1785385383,1,TTFT,S3,0.200000,0.000000,2300,2300,2300,2300,2300,2300,2300,2300,2300,2300,2300,9,0,2314.9758039508015,2338.4076796549684,2314.9758039508015,2372.890548023861,9649.0
1785385383,1,total,S3,0.200000,0.000000,3500,3500,3500,3500,3500,3500,3500,3500,3500,3500,3500,9,0,3500.0,3490.043975878507,3469.237338984385,3523.9536490407772,256.0
1785385383,1,,Aggregated,1.000000,0.000000,1200,1300,1300,1300,2300,3500,3500,3500,3500,3500,3500,86,0,1300.0,1167.8172632426479,86.87065995763987,3523.9536490407772,1500.9651162790697
1785385384,1,TTFT,S1,0.100000,0.000000,98,98,98,98,98,98,98,98,98,98,98,8,0,89,93.24573424237315,86.87065995763987,101.86533600790426,157.0
1785385384,1,total,S1,0.100000,0.000000,1200,1200,1200,1200,1200,1200,1200,1200,1200,1200,1200,8,0,1225.9388089878485,1232.7953881176654,1225.9388089878485,1241.9425560510717,256.0
1785385384,1,TTFT,S2,0.200000,0.000000,160,160,170,170,170,170,170,170,170,170,170,26,0,150.0,148.8001673110725,133.9475069544278,170.1057770405896,1153.0
1785385384,1,total,S2,0.200000,0.000000,1300,1300,1300,1300,1300,1300,1300,1300,1300,1300,1300,26,0,1300.0,1288.426400388394,1273.4447169932537,1308.611128013581,256.0
1785385384,1,TTFT,S3,0.200000,0.000000,2300,2300,2300,2300,2300,2300,2300,2300,2300,2300,2300,9,0,2314.9758039508015,2338.4076796549684,2314.9758039508015,2372.890548023861,9649.0
1785385384,1,total,S3,0.200000,0.000000,3500,3500,3500,3500,3500,3500,3500,3500,3500,3500,3500,9,0,3500.0,3490.043975878507,3469.237338984385,3523.9536490407772,256.0
1785385384,1,,Aggregated,1.000000,0.000000,1200,1300,1300,1300,2300,3500,3500,3500,3500,3500,3500,86,0,1300.0,1167.8172632426479,86.87065995763987,3523.9536490407772,1500.9651162790697
1785385385,1,TTFT,S1,0.100000,0.000000,98,98,98,98,98,98,98,98,98,98,98,8,0,89,93.24573424237315,86.87065995763987,101.86533600790426,157.0
1785385385,1,total,S1,0.100000,0.000000,1200,1200,1200,1200,1200,1200,1200,1200,1200,1200,1200,8,0,1225.9388089878485,1232.7953881176654,1225.9388089878485,1241.9425560510717,256.0
1785385385,1,TTFT,S2,0.300000,0.000000,160,160,170,170,170,170,170,170,170,170,170,27,0,150.0,148.34541455773567,133.9475069544278,170.1057770405896,1153.0
1785385385,1,total,S2,0.300000,0.000000,1300,1300,1300,1300,1300,1300,1300,1300,1300,1300,1300,27,0,1300.0,1288.0263777807597,1273.4447169932537,1308.611128013581,256.0
1785385385,1,TTFT,S3,0.200000,0.000000,2300,2300,2300,2300,2300,2300,2300,2300,2300,2300,2300,9,0,2314.9758039508015,2338.4076796549684,2314.9758039508015,2372.890548023861,9649.0
1785385385,1,total,S3,0.200000,0.000000,3500,3500,3500,3500,3500,3500,3500,3500,3500,3500,3500,9,0,3500.0,3490.043975878507,3469.237338984385,3523.9536490407772,256.0
1785385385,1,,Aggregated,1.200000,0.000000,1200,1300,1300,1300,2300,3500,3500,3500,3500,3500,3500,88,0,1300.0,1157.3458212706928,86.87065995763987,3523.9536490407772,1482.8636363636363
1785385386,1,TTFT,S1,0.100000,0.000000,98,98,98,98,98,98,98,98,98,98,98,8,0,89,93.24573424237315,86.87065995763987,101.86533600790426,157.0
1785385386,1,total,S1,0.100000,0.000000,1200,1200,1200,1200,1200,1200,1200,1200,1200,1200,1200,8,0,1225.9388089878485,1232.7953881176654,1225.9388089878485,1241.9425560510717,256.0
1785385386,1,TTFT,S2,0.300000,0.000000,150,160,160,170,170,170,170,170,170,170,170,28,0,150.0,148.57997764400872,133.9475069544278,170.1057770405896,1153.0
1785385386,1,total,S2,0.300000,0.000000,1300,1300,1300,1300,1300,1300,1300,1300,1300,1300,1300,28,0,1300.0,1288.2357989313148,1273.4447169932537,1308.611128013581,256.0
1785385386,1,TTFT,S3,0.200000,0.000000,2300,2300,2300,2300,2300,2300,2300,2300,2300,2300,2300,9,0,2314.9758039508015,2338.4076796549684,2314.9758039508015,2372.890548023861,9649.0
1785385386,1,total,S3,0.200000,0.000000,3500,3500,3500,3500,3500,3500,3500,3500,3500,3500,3500,9,0,3500.0,3490.043975878507,3469.237338984385,3523.9536490407772,256.0
1785385386,1,,Aggregated,1.200000,0.000000,1200,1300,1300,1300,2300,3500,3500,3500,3500,3500,3500,90,0,1300.0,1147.7248402532293,86.87065995763987,3523.9536490407772,1465.5666666666666
1785385387,1,TTFT,S1,0.200000,0.000000,98,98,98,98,98,98,98,98,98,98,98,8,0,89,93.24573424237315,86.87065995763987,101.86533600790426,157.0
1785385387,1,total,S1,0.200000,0.000000,1200,1200,1200,1200,1200,1200,1200,1200,1200,1200,1200,8,0,1225.9388089878485,1232.7953881176654,1225.9388089878485,1241.9425560510717,256.0
1785385387,1,TTFT,S2,0.300000,0.000000,150,150,150,170,170,170,170,170,170,170,170,29,0,150.0,148.09793196738985,133.9475069544278,170.1057770405896,1153.0
1785385387,1,total,S2,0.300000,0.000000,1300,1300,1300,1300,1300,1300,1300,1300,1300,1300,1300,29,0,1300.0,1287.7659332087455,1273.4447169932537,1308.611128013581,256.0
1785385387,1,TTFT,S3,0.100000,0.000000,2300,2300,2300,2300,2300,2300,2300,2300,2300,2300,2300,9,0,2314.9758039508015,2338.4076796549684,2314.9758039508015,2372.890548023861,9649.0
1785385387,1,total,S3,0.100000,0.000000,3500,3500,3500,3500,3500,3500,3500,3500,3500,3500,3500,9,0,3500.0,3490.043975878507,3469.237338984385,3523.9536490407772,256.0
1785385387,1,,Aggregated,1.200000,0.000000,1200,1300,1300,1300,2300,3500,3500,3500,3500,3500,3500,92,0,1300.0,1138.0918040085817,86.87065995763987,3523.9536490407772,1449.0217391304348
1785385388,1,TTFT,S1,0.200000,0.000000,98,98,98,98,98,98,98,98,98,98,98,8,0,89,93.24573424237315,86.87065995763987,101.86533600790426,157.0
1785385388,1,total,S1,0.200000,0.000000,1200,1200,1200,1200,1200,1200,1200,1200,1200,1200,1200,8,0,1225.9388089878485,1232.7953881176654,1225.9388089878485,1241.9425560510717,256.0
1785385388,1,TTFT,S2,0.300000,0.000000,150,150,150,170,170,170,170,170,170,170,170,29,0,150.0,148.09793196738985,133.9475069544278,170.1057770405896,1153.0
1785385388,1,total,S2,0.300000,0.000000,1300,1300,1300,1300,1300,1300,1300,1300,1300,1300,1300,29,0,1300.0,1287.7659332087455,1273.4447169932537,1308.611128013581,256.0
1785385388,1,TTFT,S3,0.100000,0.000000,2300,2300,2300,2300,2300,2300,2300,2300,2300,2300,2300,9,0,2314.9758039508015,2338.4076796549684,2314.9758039508015,2372.890548023861,9649.0
1785385388,1,total,S3,0.100000,0.000000,3500,3500,3500,3500,3500,3500,3500,3500,3500,3500,3500,9,0,3500.0,3490.043975878507,3469.237338984385,3523.9536490407772,256.0
1785385388,1,,Aggregated,1.200000,0.000000,1200,1300,1300,1300,1300,1300,1300,1300,1300,1300,1300,92,0,1300.0,1138.0918040085817,86.87065995763987,3523.9536490407772,1449.0217391304348
1785385389,1,TTFT,S1,0.200000,0.000000,98,98,98,98,98,98,98,98,98,98,98,8,0,89,93.24573424237315,86.87065995763987,101.86533600790426,157.0
1785385389,1,total,S1,0.200000,0.000000,1200,1200,1200,1200,1200,1200,1200,1200,1200,1200,1200,8,0,1225.9388089878485,1232.7953881176654,1225.9388089878485,1241.9425560510717,256.0
1785385389,1,TTFT,S2,0.300000,0.000000,150,150,150,170,170,170,170,170,170,170,170,29,0,150.0,148.09793196738985,133.9475069544278,170.1057770405896,1153.0
1785385389,1,total,S2,0.300000,0.000000,1300,1300,1300,1300,1300,1300,1300,1300,1300,1300,1300,29,0,1300.0,1287.7659332087455,1273.4447169932537,1308.611128013581,256.0
1785385389,1,TTFT,S3,0.100000,0.000000,2300,2300,2300,2300,2300,2300,2300,2300,2300,2300,2300,9,0,2314.9758039508015,2338.4076796549684,2314.9758039508015,2372.890548023861,9649.0
1785385389,1,total,S3,0.100000,0.000000,3500,3500,3500,3500,3500,3500,3500,3500,3500,3500,3500,9,0,3500.0,3490.043975878507,3469.237338984385,3523.9536490407772,256.0
1785385389,1,,Aggregated,1.200000,0.000000,1200,1300,1300,1300,1300,1300,1300,1300,1300,1300,1300,92,0,1300.0,1138.0918040085817,86.87065995763987,3523.9536490407772,1449.0217391304348
1785385390,2,TTFT,S1,0.200000,0.000000,98,98,98,98,98,98,98,98,98,98,98,8,0,89,93.24573424237315,86.87065995763987,101.86533600790426,157.0
1785385390,2,total,S1,0.200000,0.000000,1200,1200,1200,1200,1200,1200,1200,1200,1200,1200,1200,8,0,1225.9388089878485,1232.7953881176654,1225.9388089878485,1241.9425560510717,256.0
1785385390,2,TTFT,S2,0.300000,0.000000,150,150,150,150,150,150,150,150,150,150,150,29,0,150.0,148.09793196738985,133.9475069544278,170.1057770405896,1153.0
1785385390,2,total,S2,0.300000,0.000000,1300,1300,1300,1300,1300,1300,1300,1300,1300,1300,1300,29,0,1300.0,1287.7659332087455,1273.4447169932537,1308.611128013581,256.0
1785385390,2,TTFT,S3,0.100000,0.000000,2300,2300,2300,2300,2300,2300,2300,2300,2300,2300,2300,9,0,2314.9758039508015,2338.4076796549684,2314.9758039508015,2372.890548023861,9649.0
1785385390,2,total,S3,0.100000,0.000000,3500,3500,3500,3500,3500,3500,3500,3500,3500,3500,3500,9,0,3500.0,3490.043975878507,3469.237338984385,3523.9536490407772,256.0
1785385390,2,,Aggregated,1.200000,0.000000,1200,1300,1300,1300,1300,1300,1300,1300,1300,1300,1300,92,0,1300.0,1138.0918040085817,86.87065995763987,3523.9536490407772,1449.0217391304348
1785385391,2,TTFT,S1,0.200000,0.000000,87,87,87,87,87,87,87,87,87,87,87,8,0,89,93.24573424237315,86.87065995763987,101.86533600790426,157.0
1785385391,2,total,S1,0.200000,0.000000,1200,1200,1200,1200,1200,1200,1200,1200,1200,1200,1200,8,0,1225.9388089878485,1232.7953881176654,1225.9388089878485,1241.9425560510717,256.0
1785385391,2,TTFT,S2,0.500000,0.000000,150,150,150,150,150,150,150,150,150,150,150,29,0,150.0,148.09793196738985,133.9475069544278,170.1057770405896,1153.0
1785385391,2,total,S2,0.500000,0.000000,1300,1300,1300,1300,1300,1300,1300,1300,1300,1300,1300,29,0,1300.0,1287.7659332087455,1273.4447169932537,1308.611128013581,256.0
1785385391,2,TTFT,S3,0.000000,0.000000,2300,2300,2300,2300,2300,2300,2300,2300,2300,2300,2300,10,0,2314.9758039508015,2338.051944290055,2314.9758039508015,2372.890548023861,9649.0
1785385391,2,total,S3,0.000000,0.000000,4300,4300,4300,4300,4300,4300,4300,4300,4300,4300,4300,10,0,3500.0,3569.9258333886974,3469.237338984385,4288.8625509804115,256.0
1785385391,2,,Aggregated,1.400000,0.000000,1300,1300,1300,1300,2300,4300,4300,4300,4300,4300,4300,94,0,1300.0,1184.3421153805932,86.87065995763987,4288.8625509804115,1523.563829787234
1785385392,2,TTFT,S1,0.200000,0.000000,87,87,87,87,87,87,87,87,87,87,87,8,0,89,93.24573424237315,86.87065995763987,101.86533600790426,157.0
1785385392,2,total,S1,0.200000,0.000000,1200,1200,1200,1200,1200,1200,1200,1200,1200,1200,1200,8,0,1225.9388089878485,1232.7953881176654,1225.9388089878485,1241.9425560510717,256.0
1785385392,2,TTFT,S2,0.500000,0.000000,150,150,630,630,630,630,630,630,630,630,630,30,0,150.0,164.1643788355092,133.9475069544278,630.0913380109705,1153.0
1785385392,2,total,S2,0.500000,0.000000,1300,1300,2100,2100,2100,2100,2100,2100,2100,2100,2100,30,0,1300.0,1315.9106886033744,1273.4447169932537,2132.1085950476117,256.0
1785385392,2,TTFT,S3,0.000000,0.000000,2300,2300,2300,2300,2300,2300,2300,2300,2300,2300,2300,10,0,2314.9758039508015,2338.051944290055,2314.9758039508015,2372.890548023861,9649.0
1785385392,2,total,S3,0.000000,0.000000,4300,4300,4300,4300,4300,4300,4300,4300,4300,4300,4300,10,0,3500.0,3569.9258333886974,3469.237338984385,4288.8625509804115,256.0
1785385392,2,,Aggregated,1.400000,0.000000,1300,1300,2100,2100,2300,4300,4300,4300,4300,4300,4300,96,0,1300.0,1188.4412372795243,86.87065995763987,4288.8625509804115,1506.5
1785385393,2,TTFT,S1,0.100000,0.000000,87,87,87,87,87,87,87,87,87,87,87,8,0,89,93.24573424237315,86.87065995763987,101.86533600790426,157.0
1785385393,2,total,S1,0.100000,0.000000,1200,1200,1200,1200,1200,1200,1200,1200,1200,1200,1200,8,0,1225.9388089878485,1232.7953881176654,1225.9388089878485,1241.9425560510717,256.0
1785385393,2,TTFT,S2,0.400000,0.000000,150,150,170,170,630,630,630,630,630,630,630,32,0,150.0,163.55922553339042,133.9475069544278,630.0913380109705,1153.0
1785385393,2,total,S2,0.400000,0.000000,1600,1600,1600,1600,2100,2100,2100,2100,2100,2100,2100,32,0,1300.0,1334.2725226284529,1273.4447169932537,2132.1085950476117,256.0
1785385393,2,TTFT,S3,0.000000,0.000000,2300,2300,2300,2300,2300,2300,2300,2300,2300,2300,2300,10,0,2314.9758039508015,2338.051944290055,2314.9758039508015,2372.890548023861,9649.0
1785385393,2,total,S3,0.000000,0.000000,4300,4300,4300,4300,4300,4300,4300,4300,4300,4300,4300,10,0,3500.0,3569.9258333886974,3469.237338984385,4288.8625509804115,256.0
1785385393,2,,Aggregated,1.000000,0.000000,1300,1600,1600,2100,2300,4300,4300,4300,4300,4300,4300,100,0,1300.0,1176.1872269684682,86.87065995763987,4288.8625509804115,1474.42
1785385394,2,TTFT,S1,0.100000,0.000000,87,87,87,87,87,87,87,87,87,87,87,8,0,89,93.24573424237315,86.87065995763987,101.86533600790426,157.0
1785385394,2,total,S1,0.100000,0.000000,1200,1200,1200,1200,1200,1200,1200,1200,1200,1200,1200,8,0,1225.9388089878485,1232.7953881176654,1225.9388089878485,1241.9425560510717,256.0
1785385394,2,TTFT,S2,0.400000,0.000000,150,170,170,630,630,630,630,630,630,630,630,32,0,150.0,163.55922553339042,133.9475069544278,630.0913380109705,1153.0
1785385394,2,total,S2,0.400000,0.000000,1600,1600,1600,2100,2100,2100,2100,2100,2100,2100,2100,32,0,1300.0,1334.2725226284529,1273.4447169932537,2132.1085950476117,256.0
1785385394,2,TTFT,S3,0.000000,0.000000,2300,2300,2300,2300,2300,2300,2300,2300,2300,2300,2300,10,0,2314.9758039508015,2338.051944290055,2314.9758039508015,2372.890548023861,9649.0
1785385394,2,total,S3,0.000000,0.000000,4300,4300,4300,4300,4300,4300,4300,4300,4300,4300,4300,10,0,3500.0,3569.9258333886974,3469.237338984385,4288.8625509804115,256.0
1785385394,2,,Aggregated,1.000000,0.000000,1300,1600,2100,2100,2300,4300,4300,4300,4300,4300,4300,100,0,1300.0,1176.1872269684682,86.87065995763987,4288.8625509804115,1474.42
1785385395,2,TTFT,S1,0.100000,0.000000,610,610,610,610,610,610,610,610,610,610,610,9,0,96,150.45829699374735,86.87065995763987,608.158799004741,157.0
1785385395,2,total,S1,0.100000,0.000000,2100,2100,2100,2100,2100,2100,2100,2100,2100,2100,2100,9,0,1225.9388089878485,1324.9658091032568,1225.9388089878485,2062.329176987987,256.0
1785385395,2,TTFT,S2,0.500000,0.000000,150,150,170,170,630,630,630,630,630,630,630,33,0,150.0,162.94405309158856,133.9475069544278,630.0913380109705,1153.0
1785385395,2,total,S2,0.500000,0.000000,1600,1600,2100,2100,2100,2100,2100,2100,2100,2100,2100,33,0,1300.0,1358.0071257910636,1273.4447169932537,2132.1085950476117,256.0
1785385395,2,TTFT,S3,0.100000,0.000000,2300,2300,2300,2300,2300,2300,2300,2300,2300,2300,2300,10,0,2314.9758039508015,2338.051944290055,2314.9758039508015,2372.890548023861,9649.0
1785385395,2,total,S3,0.100000,0.000000,4300,4300,4300,4300,4300,4300,4300,4300,4300,4300,4300,10,0,3500.0,3569.9258333886974,3469.237338984385,4288.8625509804115,256.0
1785385395,2,,Aggregated,1.400000,0.000000,1300,1600,2100,2100,2300,4300,4300,4300,4300,4300,4300,104,0,1300.0,1178.3652272575778,86.87065995763987,4288.8625509804115,1435.2307692307693
1785385396,2,TTFT,S1,0.100000,0.000000,610,610,610,610,610,610,610,610,610,610,610,9,0,96,150.45829699374735,86.87065995763987,608.158799004741,157.0
1785385396,2,total,S1,0.100000,0.000000,2100,2100,2100,2100,2100,2100,2100,2100,2100,2100,2100,9,0,1225.9388089878485,1324.9658091032568,1225.9388089878485,2062.329176987987,256.0
1785385396,2,TTFT,S2,0.500000,0.000000,140,170,170,630,630,630,630,630,630,630,630,33,0,150.0,162.94405309158856,133.9475069544278,630.0913380109705,1153.0
1785385396,2,total,S2,0.500000,0.000000,1600,2100,2100,2100,2100,2100,2100,2100,2100,2100,2100,33,0,1300.0,1358.0071257910636,1273.4447169932537,2132.1085950476117,256.0
1785385396,2,TTFT,S3,0.100000,0.000000,2300,2300,2300,2300,2300,2300,2300,2300,2300,2300,2300,10,0,2314.9758039508015,2338.051944290055,2314.9758039508015,2372.890548023861,9649.0
1785385396,2,total,S3,0.100000,0.000000,4300,4300,4300,4300,4300,4300,4300,4300,4300,4300,4300,10,0,3500.0,3569.9258333886974,3469.237338984385,4288.8625509804115,256.0
1785385396,2,,Aggregated,1.400000,0.000000,1600,2100,2100,2100,2300,4300,4300,4300,4300,4300,4300,104,0,1300.0,1178.3652272575778,86.87065995763987,4288.8625509804115,1435.2307692307693
1785385397,2,TTFT,S1,0.000000,0.000000,92,92,610,610,610,610,610,610,610,610,610,11,0,92,139.5379695459269,86.87065995763987,608.158799004741,157.0
1785385397,2,total,S1,0.000000,0.000000,1500,1500,2100,2100,2100,2100,2100,2100,2100,2100,2100,11,0,1225.9388089878485,1364.736302903938,1225.9388089878485,2062.329176987987,256.0
1785385397,2,TTFT,S2,0.600000,0.000000,140,170,170,630,630,630,630,630,630,630,630,33,0,150.0,162.94405309158856,133.9475069544278,630.0913380109705,1153.0
1785385397,2,total,S2,0.600000,0.000000,1600,2100,2100,2100,2100,2100,2100,2100,2100,2100,2100,33,0,1300.0,1358.0071257910636,1273.4447169932537,2132.1085950476117,256.0
1785385397,2,TTFT,S3,0.100000,0.000000,2300,2300,2300,2300,2300,2300,2300,2300,2300,2300,2300,10,0,2314.9758039508015,2338.051944290055,2314.9758039508015,2372.890548023861,9649.0
1785385397,2,total,S3,0.100000,0.000000,4300,4300,4300,4300,4300,4300,4300,4300,4300,4300,4300,10,0,3500.0,3569.9258333886974,3469.237338984385,4288.8625509804115,256.0
1785385397,2,,Aggregated,1.400000,0.000000,1500,1600,2100,2100,2300,4300,4300,4300,4300,4300,4300,108,0,1300.0,1164.9831821931812,86.87065995763987,4288.8625509804115,1389.7222222222222
1785385398,2,TTFT,S1,0.000000,0.000000,92,92,610,610,610,610,610,610,610,610,610,11,0,92,139.5379695459269,86.87065995763987,608.158799004741,157.0
1785385398,2,total,S1,0.000000,0.000000,1500,1500,2100,2100,2100,2100,2100,2100,2100,2100,2100,11,0,1225.9388089878485,1364.736302903938,1225.9388089878485,2062.329176987987,256.0
1785385398,2,TTFT,S2,0.600000,0.000000,140,170,170,630,630,630,630,630,630,630,630,33,0,150.0,162.94405309158856,133.9475069544278,630.0913380109705,1153.0
1785385398,2,total,S2,0.600000,0.000000,1600,2100,2100,2100,2100,2100,2100,2100,2100,2100,2100,33,0,1300.0,1358.0071257910636,1273.4447169932537,2132.1085950476117,256.0
1785385398,2,TTFT,S3,0.100000,0.000000,2300,2300,2300,2300,2300,2300,2300,2300,2300,2300,2300,10,0,2314.9758039508015,2338.051944290055,2314.9758039508015,2372.890548023861,9649.0
1785385398,2,total,S3,0.100000,0.000000,4300,4300,4300,4300,4300,4300,4300,4300,4300,4300,4300,10,0,3500.0,3569.9258333886974,3469.237338984385,4288.8625509804115,256.0
1785385398,2,,Aggregated,1.400000,0.000000,1500,1600,2100,2100,2300,4300,4300,4300,4300,4300,4300,108,0,1300.0,1164.9831821931812,86.87065995763987,4288.8625509804115,1389.7222222222222
1785385399,2,TTFT,S1,0.000000,0.000000,92,92,610,610,610,610,610,610,610,610,610,11,0,92,139.5379695459269,86.87065995763987,608.158799004741,157.0
1785385399,2,total,S1,0.000000,0.000000,1500,1500,2100,2100,2100,2100,2100,2100,2100,2100,2100,11,0,1225.9388089878485,1364.736302903938,1225.9388089878485,2062.329176987987,256.0
1785385399,2,TTFT,S2,0.600000,0.000000,170,170,630,630,630,630,630,630,630,630,630,33,0,150.0,162.94405309158856,133.9475069544278,630.0913380109705,1153.0
1785385399,2,total,S2,0.600000,0.000000,2100,2100,2100,2100,2100,2100,2100,2100,2100,2100,2100,33,0,1300.0,1358.0071257910636,1273.4447169932537,2132.1085950476117,256.0
1785385399,2,TTFT,S3,0.100000,0.000000,2300,2300,2300,2300,2300,2300,2300,2300,2300,2300,2300,10,0,2314.9758039508015,2338.051944290055,2314.9758039508015,2372.890548023861,9649.0
1785385399,2,total,S3,0.100000,0.000000,4300,4300,4300,4300,4300,4300,4300,4300,4300,4300,4300,10,0,3500.0,3569.9258333886974,3469.237338984385,4288.8625509804115,256.0
1785385399,2,,Aggregated,1.400000,0.000000,1500,1600,2100,2100,2300,4300,4300,4300,4300,4300,4300,108,0,1300.0,1164.9831821931812,86.87065995763987,4288.8625509804115,1389.7222222222222
1785385400,2,TTFT,S1,0.300000,0.000000,92,92,610,610,610,610,610,610,610,610,610,11,0,92,139.5379695459269,86.87065995763987,608.158799004741,157.0
1785385400,2,total,S1,0.300000,0.000000,1500,1500,2100,2100,2100,2100,2100,2100,2100,2100,2100,11,0,1225.9388089878485,1364.736302903938,1225.9388089878485,2062.329176987987,256.0
1785385400,2,TTFT,S2,0.500000,0.000000,140,170,170,630,630,630,630,630,630,630,630,34,0,150.0,162.41318364764618,133.9475069544278,630.0913380109705,1153.0
1785385400,2,total,S2,0.500000,0.000000,2100,2100,2100,3000,3000,3000,3000,3000,3000,3000,3000,34,0,1300.0,1407.713680062443,1273.4447169932537,3048.029971017968,256.0
1785385400,2,TTFT,S3,0.100000,0.000000,2300,2300,2300,2300,2300,2300,2300,2300,2300,2300,2300,10,0,2314.9758039508015,2338.051944290055,2314.9758039508015,2372.890548023861,9649.0
1785385400,2,total,S3,0.100000,0.000000,4300,4300,4300,4300,4300,4300,4300,4300,4300,4300,4300,10,0,3500.0,3569.9258333886974,3469.237338984385,4288.8625509804115,256.0
1785385400,2,,Aggregated,1.800000,0.000000,1500,1600,2100,2100,3000,4300,4300,4300,4300,4300,4300,110,0,1300.0,1172.8282558170824,86.87065995763987,4288.8625509804115,1377.2636363636364
1785385401,2,TTFT,S1,0.300000,0.000000,92,92,610,610,610,610,610,610,610,610,610,11,0,92,139.5379695459269,86.87065995763987,608.158799004741,157.0
1785385401,2,total,S1,0.300000,0.000000,1500,1500,2100,2100,2100,2100,2100,2100,2100,2100,2100,11,0,1225.9388089878485,1364.736302903938,1225.9388089878485,2062.329176987987,256.0
1785385401,2,TTFT,S2,0.400000,0.000000,140,150,150,170,170,170,170,170,170,170,170,35,0,150.0,162.0091069722548,133.9475069544278,630.0913380109705,1153.0
1785385401,2,total,S2,0.400000,0.000000,1600,2100,2100,3000,3000,3000,3000,3000,3000,3000,3000,35,0,1300.0,1408.7105217739008,1273.4447169932537,3048.029971017968,256.0
1785385401,2,TTFT,S3,0.100000,0.000000,2400,2400,2400,2400,2400,2400,2400,2400,2400,2400,2400,11,0,2314.9758039508015,2339.5159345395355,2314.9758039508015,2372.890548023861,9649.0
1785385401,2,total,S3,0.100000,0.000000,4300,4300,4300,4300,4300,4300,4300,4300,4300,4300,4300,11,0,3500.0,3593.9664193534886,3469.237338984385,4288.8625509804115,256.0
1785385401,2,,Aggregated,1.600000,0.000000,1500,1600,2100,2100,3000,3800,3800,3800,3800,3800,3800,114,0,1300.0,1199.916753472695,86.87065995763987,4288.8625509804115,1428.1842105263158
1785385402,2,TTFT,S1,0.300000,0.000000,92,92,610,610,610,610,610,610,610,610,610,11,0,92,139.5379695459269,86.87065995763987,608.158799004741,157.0
1785385402,2,total,S1,0.300000,0.000000,1500,1500,2100,2100,2100,2100,2100,2100,2100,2100,2100,11,0,1225.9388089878485,1364.736302903938,1225.9388089878485,2062.329176987987,256.0
1785385402,2,TTFT,S2,0.400000,0.000000,140,140,150,150,150,150,150,150,150,150,150,35,0,150.0,162.0091069722548,133.9475069544278,630.0913380109705,1153.0
1785385402,2,total,S2,0.400000,0.000000,2100,2100,3000,3000,3000,3000,3000,3000,3000,3000,3000,35,0,1300.0,1408.7105217739008,1273.4447169932537,3048.029971017968,256.0
1785385402,2,TTFT,S3,0.100000,0.000000,2400,2400,2400,2400,2400,2400,2400,2400,2400,2400,2400,11,0,2314.9758039508015,2339.5159345395355,2314.9758039508015,2372.890548023861,9649.0
1785385402,2,total,S3,0.100000,0.000000,4300,4300,4300,4300,4300,4300,4300,4300,4300,4300,4300,11,0,3500.0,3593.9664193534886,3469.237338984385,4288.8625509804115,256.0
1785385402,2,,Aggregated,1.600000,0.000000,1500,1600,2100,2100,3000,3800,3800,3800,3800,3800,3800,114,0,1300.0,1199.916753472695,86.87065995763987,4288.8625509804115,1428.1842105263158
1785385403,2,TTFT,S1,0.300000,0.000000,92,92,610,610,610,610,610,610,610,610,610,11,0,92,139.5379695459269,86.87065995763987,608.158799004741,157.0
1785385403,2,total,S1,0.300000,0.000000,1500,1500,2100,2100,2100,2100,2100,2100,2100,2100,2100,11,0,1225.9388089878485,1364.736302903938,1225.9388089878485,2062.329176987987,256.0
1785385403,2,TTFT,S2,0.400000,0.000000,140,140,150,150,150,150,150,150,150,150,150,35,0,150.0,162.0091069722548,133.9475069544278,630.0913380109705,1153.0
1785385403,2,total,S2,0.400000,0.000000,2100,2100,3000,3000,3000,3000,3000,3000,3000,3000,3000,35,0,1300.0,1408.7105217739008,1273.4447169932537,3048.029971017968,256.0
1785385403,2,TTFT,S3,0.100000,0.000000,2400,2400,2400,2400,2400,2400,2400,2400,2400,2400,2400,11,0,2314.9758039508015,2339.5159345395355,2314.9758039508015,2372.890548023861,9649.0
1785385403,2,total,S3,0.100000,0.000000,4300,4300,4300,4300,4300,4300,4300,4300,4300,4300,4300,11,0,3500.0,3593.9664193534886,3469.237338984385,4288.8625509804115,256.0
1785385403,2,,Aggregated,1.600000,0.000000,1500,1600,2100,2100,3000,3800,3800,3800,3800,3800,3800,114,0,1300.0,1199.916753472695,86.87065995763987,4288.8625509804115,1428.1842105263158
1785385404,2,TTFT,S1,0.300000,0.000000,92,92,610,610,610,610,610,610,610,610,610,11,0,92,139.5379695459269,86.87065995763987,608.158799004741,157.0
1785385404,2,total,S1,0.300000,0.000000,1500,1500,2100,2100,2100,2100,2100,2100,2100,2100,2100,11,0,1225.9388089878485,1364.736302903938,1225.9388089878485,2062.329176987987,256.0
1785385404,2,TTFT,S2,0.500000,0.000000,150,150,1900,1900,1900,1900,1900,1900,1900,1900,1900,36,0,150.0,210.87839069595145,133.9475069544278,1921.3033210253343,1153.0
1785385404,2,total,S2,0.500000,0.000000,3000,3000,3300,3300,3300,3300,3300,3300,3300,3300,3300,36,0,1300.0,1462.0865700578886,1273.4447169932537,3330.248259997461,256.0
1785385404,2,TTFT,S3,0.100000,0.000000,2400,2400,2400,2400,2400,2400,2400,2400,2400,2400,2400,12,0,2314.9758039508015,2346.6251371622398,2314.9758039508015,2424.8263660119846,9649.0
1785385404,2,total,S3,0.100000,0.000000,3800,3800,4300,4300,4300,4300,4300,4300,4300,4300,4300,12,0,3500.0,3613.5553352408656,3469.237338984385,4288.8625509804115,256.0
1785385404,2,,Aggregated,1.800000,0.000000,1900,2100,2400,3000,3800,3800,3800,3800,3800,3800,3800,118,0,1300.0,1256.7450953637629,86.87065995763987,4288.8625509804115,1475.6525423728813
1785385405,2,TTFT,S1,0.300000,0.000000,92,92,92,92,92,92,92,92,92,92,92,11,0,92,139.5379695459269,86.87065995763987,608.158799004741,157.0
1785385405,2,total,S1,0.300000,0.000000,1500,1500,1500,1500,1500,1500,1500,1500,1500,1500,1500,11,0,1225.9388089878485,1364.736302903938,1225.9388089878485,2062.329176987987,256.0
1785385405,2,TTFT,S2,0.500000,0.000000,150,150,1900,1900,1900,1900,1900,1900,1900,1900,1900,36,0,150.0,210.87839069595145,133.9475069544278,1921.3033210253343,1153.0
1785385405,2,total,S2,0.500000,0.000000,3000,3000,3300,3300,3300,3300,3300,3300,3300,3300,3300,36,0,1300.0,1462.0865700578886,1273.4447169932537,3330.248259997461,256.0
1785385405,2,TTFT,S3,0.100000,0.000000,2400,2400,2400,2400,2400,2400,2400,2400,2400,2400,2400,12,0,2314.9758039508015,2346.6251371622398,2314.9758039508015,2424.8263660119846,9649.0
1785385405,2,total,S3,0.100000,0.000000,3800,3800,3800,3800,3800,3800,3800,3800,3800,3800,3800,12,0,3500.0,3613.5553352408656,3469.237338984385,4288.8625509804115,256.0
1785385405,2,,Aggregated,1.800000,0.000000,1900,2400,3000,3300,3800,3800,3800,3800,3800,3800,3800,118,0,1300.0,1256.7450953637629,86.87065995763987,4288.8625509804115,1475.6525423728813
1785385406,2,TTFT,S1,0.300000,0.000000,92,92,92,92,92,92,92,92,92,92,92,11,0,92,139.5379695459269,86.87065995763987,608.158799004741,157.0
1785385406,2,total,S1,0.300000,0.000000,1500,1500,1500,1500,1500,1500,1500,1500,1500,1500,1500,11,0,1225.9388089878485,1364.736302903938,1225.9388089878485,2062.329176987987,256.0
1785385406,2,TTFT,S2,0.300000,0.000000,280,280,290,290,1900,1900,1900,1900,1900,1900,1900,38,0,150.0,214.72381497580116,133.9475069544278,1921.3033210253343,1153.0
1785385406,2,total,S2,0.300000,0.000000,2100,2100,3000,3000,3300,3300,3300,3300,3300,3300,3300,38,0,1300.0,1472.148663606372,1273.4447169932537,3330.248259997461,256.0
1785385406,2,TTFT,S3,0.100000,0.000000,2400,2400,2400,2400,2400,2400,2400,2400,2400,2400,2400,12,0,2314.9758039508015,2346.6251371622398,2314.9758039508015,2424.8263660119846,9649.0
1785385406,2,total,S3,0.100000,0.000000,3800,3800,3800,3800,3800,3800,3800,3800,3800,3800,3800,12,0,3500.0,3613.5553352408656,3469.237338984385,4288.8625509804115,256.0
1785385406,2,,Aggregated,1.400000,0.000000,1700,1900,2400,3000,3800,3800,3800,3800,3800,3800,3800,122,0,1300.0,1247.2978430484293,86.87065995763987,4288.8625509804115,1450.3688524590164
1785385407,2,TTFT,S1,0.300000,0.000000,92,92,92,92,92,92,92,92,92,92,92,11,0,92,139.5379695459269,86.87065995763987,608.158799004741,157.0
1785385407,2,total,S1,0.300000,0.000000,1500,1500,1500,1500,1500,1500,1500,1500,1500,1500,1500,11,0,1225.9388089878485,1364.736302903938,1225.9388089878485,2062.329176987987,256.0
1785385407,2,TTFT,S2,0.300000,0.000000,280,290,290,1900,1900,1900,1900,1900,1900,1900,1900,38,0,150.0,214.72381497580116,133.9475069544278,1921.3033210253343,1153.0
1785385407,2,total,S2,0.300000,0.000000,1700,3000,3000,3300,3300,3300,3300,3300,3300,3300,3300,38,0,1300.0,1472.148663606372,1273.4447169932537,3330.248259997461,256.0
1785385407,2,TTFT,S3,0.100000,0.000000,2400,2400,2400,2400,2400,2400,2400,2400,2400,2400,2400,12,0,2314.9758039508015,2346.6251371622398,2314.9758039508015,2424.8263660119846,9649.0
1785385407,2,total,S3,0.100000,0.000000,3800,3800,3800,3800,3800,3800,3800,3800,3800,3800,3800,12,0,3500.0,3613.5553352408656,3469.237338984385,4288.8625509804115,256.0
1785385407,2,,Aggregated,1.400000,0.000000,1900,2400,3000,3300,3800,3800,3800,3800,3800,3800,3800,122,0,1300.0,1247.2978430484293,86.87065995763987,4288.8625509804115,1450.3688524590164
1785385408,2,TTFT,S1,0.300000,0.000000,92,92,92,92,92,92,92,92,92,92,92,11,0,92,139.5379695459269,86.87065995763987,608.158799004741,157.0
1785385408,2,total,S1,0.300000,0.000000,1500,1500,1500,1500,1500,1500,1500,1500,1500,1500,1500,11,0,1225.9388089878485,1364.736302903938,1225.9388089878485,2062.329176987987,256.0
1785385408,2,TTFT,S2,0.300000,0.000000,280,290,290,1900,1900,1900,1900,1900,1900,1900,1900,38,0,150.0,214.72381497580116,133.9475069544278,1921.3033210253343,1153.0
1785385408,2,total,S2,0.300000,0.000000,1700,3000,3000,3300,3300,3300,3300,3300,3300,3300,3300,38,0,1300.0,1472.148663606372,1273.4447169932537,3330.248259997461,256.0
1785385408,2,TTFT,S3,0.100000,0.000000,2400,2400,2400,2400,2400,2400,2400,2400,2400,2400,2400,12,0,2314.9758039508015,2346.6251371622398,2314.9758039508015,2424.8263660119846,9649.0
1785385408,2,total,S3,0.100000,0.000000,3800,3800,3800,3800,3800,3800,3800,3800,3800,3800,3800,12,0,3500.0,3613.5553352408656,3469.237338984385,4288.8625509804115,256.0
1785385408,2,,Aggregated,1.400000,0.000000,1900,2400,3000,3300,3800,3800,3800,3800,3800,3800,3800,122,0,1300.0,1247.2978430484293,86.87065995763987,4288.8625509804115,1450.3688524590164
1785385409,2,TTFT,S1,0.000000,0.000000,92,92,92,92,92,92,92,92,92,92,92,11,0,92,139.5379695459269,86.87065995763987,608.158799004741,157.0
1785385409,2,total,S1,0.000000,0.000000,1500,1500,1500,1500,1500,1500,1500,1500,1500,1500,1500,11,0,1225.9388089878485,1364.736302903938,1225.9388089878485,2062.329176987987,256.0
1785385409,2,TTFT,S2,0.500000,0.000000,280,280,290,290,1900,1900,1900,1900,1900,1900,1900,39,0,150.0,213.21991356597164,133.9475069544278,1921.3033210253343,1153.0
1785385409,2,total,S2,0.500000,0.000000,3000,3000,3100,3100,3300,3300,3300,3300,3300,3300,3300,39,0,1300.0,1513.8115637953608,1273.4447169932537,3330.248259997461,256.0
1785385409,2,TTFT,S3,0.200000,0.000000,2400,2400,2400,2400,2400,2400,2400,2400,2400,2400,2400,12,0,2314.9758039508015,2346.6251371622398,2314.9758039508015,2424.8263660119846,9649.0
1785385409,2,total,S3,0.200000,0.000000,3800,3800,3800,3800,3800,3800,3800,3800,3800,3800,3800,12,0,3500.0,3613.5553352408656,3469.237338984385,4288.8625509804115,256.0
1785385409,2,,Aggregated,1.400000,0.000000,1900,2400,3100,3300,3800,3800,3800,3800,3800,3800,3800,124,0,1300.0,1253.4145990554657,86.87065995763987,4288.8625509804115,1438.3387096774193
1785385410,2,TTFT,S1,0.000000,0.000000,92,92,92,92,92,92,92,92,92,92,92,11,0,92,139.5379695459269,86.87065995763987,608.158799004741,157.0
1785385410,2,total,S1,0.000000,0.000000,1500,1500,1500,1500,1500,1500,1500,1500,1500,1500,1500,11,0,1225.9388089878485,1364.736302903938,1225.9388089878485,2062.329176987987,256.0
1785385410,2,TTFT,S2,0.500000,0.000000,280,290,290,1900,1900,1900,1900,1900,1900,1900,1900,39,0,150.0,213.21991356597164,133.9475069544278,1921.3033210253343,1153.0
1785385410,2,total,S2,0.500000,0.000000,1700,3100,3100,3300,3300,3300,3300,3300,3300,3300,3300,39,0,1300.0,1513.8115637953608,1273.4447169932537,3330.248259997461,256.0
1785385410,2,TTFT,S3,0.200000,0.000000,2400,2400,2400,2400,2400,2400,2400,2400,2400,2400,2400,13,0,2314.9758039508015,2346.965703840117,2314.9758039508015,2424.8263660119846,9649.0
1785385410,2,total,S3,0.200000,0.000000,3800,3800,3800,3800,3800,3800,3800,3800,3800,3800,3800,13,0,3500.0,3630.1918453760804,3469.237338984385,4288.8625509804115,256.0
1785385410,2,,Aggregated,1.400000,0.000000,1900,2400,3100,3300,3800,3800,3800,3800,3800,3800,3800,126,0,1300.0,1282.5737520146909,86.87065995763987,4288.8625509804115,1494.1190476190477
1785385411,2,TTFT,S1,0.000000,0.000000,92,92,92,92,92,92,92,92,92,92,92,11,0,92,139.5379695459269,86.87065995763987,608.158799004741,157.0
1785385411,2,total,S1,0.000000,0.000000,1500,1500,1500,1500,1500,1500,1500,1500,1500,1500,1500,11,0,1225.9388089878485,1364.736302903938,1225.9388089878485,2062.329176987987,256.0
1785385411,2,TTFT,S2,0.500000,0.000000,280,280,290,290,1900,1900,1900,1900,1900,1900,1900,40,0,150.0,211.2746320766746,133.9475069544278,1921.3033210253343,1153.0
1785385411,2,total,S2,0.500000,0.000000,1700,1700,3100,3100,3300,3300,3300,3300,3300,3300,3300,40,0,1300.0,1515.998986150953,1273.4447169932537,3330.248259997461,256.0
1785385411,2,TTFT,S3,0.200000,0.000000,2400,2400,2400,2400,2400,2400,2400,2400,2400,2400,2400,13,0,2314.9758039508015,2346.965703840117,2314.9758039508015,2424.8263660119846,9649.0
1785385411,2,total,S3,0.200000,0.000000,3800,3800,3800,3800,3800,3800,3800,3800,3800,3800,3800,13,0,3500.0,3630.1918453760804,3469.237338984385,4288.8625509804115,256.0
1785385411,2,,Aggregated,1.400000,0.000000,1700,2400,3100,3100,3800,3800,3800,3800,3800,3800,3800,128,0,1300.0,1276.101639577064,86.87065995763987,4288.8625509804115,1481.78125
1785385412,2,TTFT,S1,0.000000,0.000000,92,92,92,92,92,92,92,92,92,92,92,11,0,92,139.5379695459269,86.87065995763987,608.158799004741,157.0
1785385412,2,total,S1,0.000000,0.000000,1500,1500,1500,1500,1500,1500,1500,1500,1500,1500,1500,11,0,1225.9388089878485,1364.736302903938,1225.9388089878485,2062.329176987987,256.0
1785385412,2,TTFT,S2,0.500000,0.000000,160,280,290,290,1900,1900,1900,1900,1900,1900,1900,42,0,150.0,208.72757290739432,133.9475069544278,1921.3033210253343,1153.0
1785385412,2,total,S2,0.500000,0.000000,1700,1700,3100,3100,3300,3300,3300,3300,3300,3300,3300,42,0,1300.0,1520.3239233815111,1273.4447169932537,3330.248259997461,256.0
1785385412,2,TTFT,S3,0.300000,0.000000,2400,2400,2400,2400,2400,2400,2400,2400,2400,2400,2400,13,0,2314.9758039508015,2346.965703840117,2314.9758039508015,2424.8263660119846,9649.0
1785385412,2,total,S3,0.300000,0.000000,3800,3800,3800,3800,3800,3800,3800,3800,3800,3800,3800,13,0,3500.0,3630.1918453760804,3469.237338984385,4288.8625509804115,256.0
1785385412,2,,Aggregated,1.600000,0.000000,1700,1900,2400,3100,3800,3800,3800,3800,3800,3800,3800,132,0,1300.0,1264.1683937946448,86.87065995763987,4288.8625509804115,1458.2272727272727
1785385413,2,TTFT,S1,0.000000,0.000000,92,92,92,92,92,92,92,92,92,92,92,11,0,92,139.5379695459269,86.87065995763987,608.158799004741,157.0
1785385413,2,total,S1,0.000000,0.000000,1500,1500,1500,1500,1500,1500,1500,1500,1500,1500,1500,11,0,1225.9388089878485,1364.736302903938,1225.9388089878485,2062.329176987987,256.0
1785385413,2,TTFT,S2,0.500000,0.000000,160,280,290,290,1900,1900,1900,1900,1900,1900,1900,43,0,150.0,206.9908100962747,133.9475069544278,1921.3033210253343,1153.0
1785385413,2,total,S2,0.500000,0.000000,1700,1700,3100,3100,3300,3300,3300,3300,3300,3300,3300,43,0,1300.0,1517.4722518151907,1273.4447169932537,3330.248259997461,256.0
1785385413,2,TTFT,S3,0.300000,0.000000,2400,2400,2400,2400,2400,2400,2400,2400,2400,2400,2400,13,0,2314.9758039508015,2346.965703840117,2314.9758039508015,2424.8263660119846,9649.0
1785385413,2,total,S3,0.300000,0.000000,3800,3800,3800,3800,3800,3800,3800,3800,3800,3800,3800,13,0,3500.0,3630.1918453760804,3469.237338984385,4288.8625509804115,256.0
1785385413,2,,Aggregated,1.600000,0.000000,1600,1900,2400,3100,3800,3800,3800,3800,3800,3800,3800,134,0,1300.0,1256.7311701414335,86.87065995763987,4288.8625509804115,1446.9776119402984
1785385414,2,TTFT,S1,0.000000,0.000000,0,0,0,0,0,0,0,0,0,0,0,11,0,92,139.5379695459269,86.87065995763987,608.158799004741,157.0
1785385414,2,total,S1,0.000000,0.000000,0,0,0,0,0,0,0,0,0,0,0,11,0,1225.9388089878485,1364.736302903938,1225.9388089878485,2062.329176987987,256.0
1785385414,2,TTFT,S2,0.500000,0.000000,160,280,290,290,1900,1900,1900,1900,1900,1900,1900,43,0,150.0,206.9908100962747,133.9475069544278,1921.3033210253343,1153.0
1785385414,2,total,S2,0.500000,0.000000,1700,1700,3100,3100,3300,3300,3300,3300,3300,3300,3300,43,0,1300.0,1517.4722518151907,1273.4447169932537,3330.248259997461,256.0
1785385414,2,TTFT,S3,0.300000,0.000000,2400,2400,2400,2400,2400,2400,2400,2400,2400,2400,2400,13,0,2314.9758039508015,2346.965703840117,2314.9758039508015,2424.8263660119846,9649.0
1785385414,2,total,S3,0.300000,0.000000,3800,3800,3800,3800,3800,3800,3800,3800,3800,3800,3800,13,0,3500.0,3630.1918453760804,3469.237338984385,4288.8625509804115,256.0
1785385414,2,,Aggregated,1.600000,0.000000,1600,1900,2400,3100,3800,3800,3800,3800,3800,3800,3800,134,0,1300.0,1256.7311701414335,86.87065995763987,4288.8625509804115,1446.9776119402984
1785385415,2,TTFT,S1,0.000000,0.000000,0,0,0,0,0,0,0,0,0,0,0,11,0,92,139.5379695459269,86.87065995763987,608.158799004741,157.0
1785385415,2,total,S1,0.000000,0.000000,0,0,0,0,0,0,0,0,0,0,0,11,0,1225.9388089878485,1364.736302903938,1225.9388089878485,2062.329176987987,256.0
1785385415,2,TTFT,S2,0.500000,0.000000,160,160,280,280,290,290,290,290,290,290,290,43,0,150.0,206.9908100962747,133.9475069544278,1921.3033210253343,1153.0
1785385415,2,total,S2,0.500000,0.000000,1600,1700,1700,1700,3100,3100,3100,3100,3100,3100,3100,43,0,1300.0,1517.4722518151907,1273.4447169932537,3330.248259997461,256.0
1785385415,2,TTFT,S3,0.300000,0.000000,2400,2400,2400,2400,2400,2400,2400,2400,2400,2400,2400,13,0,2314.9758039508015,2346.965703840117,2314.9758039508015,2424.8263660119846,9649.0
1785385415,2,total,S3,0.300000,0.000000,3800,3800,3800,3800,3800,3800,3800,3800,3800,3800,3800,13,0,3500.0,3630.1918453760804,3469.237338984385,4288.8625509804115,256.0
1785385415,2,,Aggregated,1.600000,0.000000,1600,1600,1700,1700,3100,3800,3800,3800,3800,3800,3800,134,0,1300.0,1256.7311701414335,86.87065995763987,4288.8625509804115,1446.9776119402984
1785385416,2,TTFT,S1,0.000000,0.000000,0,0,0,0,0,0,0,0,0,0,0,11,0,92,139.5379695459269,86.87065995763987,608.158799004741,157.0
1785385416,2,total,S1,0.000000,0.000000,0,0,0,0,0,0,0,0,0,0,0,11,0,1225.9388089878485,1364.736302903938,1225.9388089878485,2062.329176987987,256.0
1785385416,2,TTFT,S2,0.800000,0.000000,160,280,290,290,1900,1900,1900,1900,1900,1900,1900,44,0,150.0,244.5770372975279,133.9475069544278,1921.3033210253343,1153.0
1785385416,2,total,S2,0.800000,0.000000,1700,1700,3100,3100,3300,3300,3300,3300,3300,3300,3300,44,0,1300.0,1557.2569904100171,1273.4447169932537,3330.248259997461,256.0
1785385416,2,TTFT,S3,0.200000,0.000000,2400,2400,2400,2400,2400,2400,2400,2400,2400,2400,2400,14,0,2314.9758039508015,2351.372793279422,2314.9758039508015,2424.8263660119846,9649.0
1785385416,2,total,S3,0.200000,0.000000,3800,3800,3800,3800,3800,3800,3800,3800,3800,3800,3800,14,0,3500.0,3643.084824775412,3469.237338984385,4288.8625509804115,256.0
1785385416,2,,Aggregated,2.000000,0.000000,1600,1900,2400,3100,3800,3800,3800,3800,3800,3800,3800,138,0,1300.0,1302.5371077452767,86.87065995763987,4288.8625509804115,1487.0217391304348
1785385417,2,TTFT,S1,0.000000,0.000000,0,0,0,0,0,0,0,0,0,0,0,11,0,92,139.5379695459269,86.87065995763987,608.158799004741,157.0
1785385417,2,total,S1,0.000000,0.000000,0,0,0,0,0,0,0,0,0,0,0,11,0,1225.9388089878485,1364.736302903938,1225.9388089878485,2062.329176987987,256.0
1785385417,2,TTFT,S2,0.800000,0.000000,160,160,160,160,1900,1900,1900,1900,1900,1900,1900,44,0,150.0,244.5770372975279,133.9475069544278,1921.3033210253343,1153.0
1785385417,2,total,S2,0.800000,0.000000,1600,1600,3100,3100,3300,3300,3300,3300,3300,3300,3300,44,0,1300.0,1557.2569904100171,1273.4447169932537,3330.248259997461,256.0
1785385417,2,TTFT,S3,0.200000,0.000000,2400,2400,2400,2400,2400,2400,2400,2400,2400,2400,2400,14,0,2314.9758039508015,2351.372793279422,2314.9758039508015,2424.8263660119846,9649.0
1785385417,2,total,S3,0.200000,0.000000,3800,3800,3800,3800,3800,3800,3800,3800,3800,3800,3800,14,0,3500.0,3643.084824775412,3469.237338984385,4288.8625509804115,256.0
1785385417,2,,Aggregated,2.000000,0.000000,1600,2400,3100,3100,3800,3800,3800,3800,3800,3800,3800,138,0,1300.0,1302.5371077452767,86.87065995763987,4288.8625509804115,1487.0217391304348
1785385418,2,TTFT,S1,0.000000,0.000000,0,0,0,0,0,0,0,0,0,0,0,11,0,92,139.5379695459269,86.87065995763987,608.158799004741,157.0
1785385418,2,total,S1,0.000000,0.000000,0,0,0,0,0,0,0,0,0,0,0,11,0,1225.9388089878485,1364.736302903938,1225.9388089878485,2062.329176987987,256.0
1785385418,2,TTFT,S2,0.800000,0.000000,160,160,160,160,1900,1900,1900,1900,1900,1900,1900,44,0,150.0,244.5770372975279,133.9475069544278,1921.3033210253343,1153.0
1785385418,2,total,S2,0.800000,0.000000,1600,1600,3100,3100,3300,3300,3300,3300,3300,3300,3300,44,0,1300.0,1557.2569904100171,1273.4447169932537,3330.248259997461,256.0
1785385418,2,TTFT,S3,0.200000,0.000000,2400,2400,2400,2400,2400,2400,2400,2400,2400,2400,2400,14,0,2314.9758039508015,2351.372793279422,2314.9758039508015,2424.8263660119846,9649.0
1785385418,2,total,S3,0.200000,0.000000,3800,3800,3800,3800,3800,3800,3800,3800,3800,3800,3800,14,0,3500.0,3643.084824775412,3469.237338984385,4288.8625509804115,256.0
1785385418,2,,Aggregated,2.000000,0.000000,1600,2400,3100,3100,3800,3800,3800,3800,3800,3800,3800,138,0,1300.0,1302.5371077452767,86.87065995763987,4288.8625509804115,1487.0217391304348
1785385419,2,TTFT,S1,0.000000,0.000000,0,0,0,0,0,0,0,0,0,0,0,11,0,92,139.5379695459269,86.87065995763987,608.158799004741,157.0
1785385419,2,total,S1,0.000000,0.000000,0,0,0,0,0,0,0,0,0,0,0,11,0,1225.9388089878485,1364.736302903938,1225.9388089878485,2062.329176987987,256.0
1785385419,2,TTFT,S2,0.600000,0.000000,150,150,160,160,1900,1900,1900,1900,1900,1900,1900,45,0,150.0,242.55283844605503,133.9475069544278,1921.3033210253343,1153.0
1785385419,2,total,S2,0.600000,0.000000,1600,1600,3100,3100,3300,3300,3300,3300,3300,3300,3300,45,0,1300.0,1591.4383996226306,1273.4447169932537,3330.248259997461,256.0
1785385419,2,TTFT,S3,0.200000,0.000000,2400,2400,2400,2400,2400,2400,2400,2400,2400,2400,2400,14,0,2314.9758039508015,2351.372793279422,2314.9758039508015,2424.8263660119846,9649.0
1785385419,2,total,S3,0.200000,0.000000,3800,3800,3800,3800,3800,3800,3800,3800,3800,3800,3800,14,0,3500.0,3643.084824775412,3469.237338984385,4288.8625509804115,256.0
1785385419,2,,Aggregated,1.600000,0.000000,1600,1900,2400,3100,3300,3800,3800,3800,3800,3800,3800,140,0,1300.0,1307.1359240200504,86.87065995763987,4288.8625509804115,1475.8428571428572
1785385420,2,TTFT,S1,0.000000,0.000000,0,0,0,0,0,0,0,0,0,0,0,11,0,92,139.5379695459269,86.87065995763987,608.158799004741,157.0
1785385420,2,total,S1,0.000000,0.000000,0,0,0,0,0,0,0,0,0,0,0,11,0,1225.9388089878485,1364.736302903938,1225.9388089878485,2062.329176987987,256.0
1785385420,2,TTFT,S2,0.600000,0.000000,150,160,160,1900,1900,1900,1900,1900,1900,1900,1900,45,0,150.0,242.55283844605503,133.9475069544278,1921.3033210253343,1153.0
1785385420,2,total,S2,0.600000,0.000000,1600,3100,3100,3300,3300,3300,3300,3300,3300,3300,3300,45,0,1300.0,1591.4383996226306,1273.4447169932537,3330.248259997461,256.0
1785385420,2,TTFT,S3,0.200000,0.000000,2400,2400,2400,2400,2400,2400,2400,2400,2400,2400,2400,15,0,2314.9758039508015,2352.203862927854,2314.9758039508015,2424.8263660119846,9649.0
1785385420,2,total,S3,0.200000,0.000000,3800,3800,3800,3800,3800,3800,3800,3800,3800,3800,3800,15,0,3500.0,3643.2035732587487,3469.237338984385,4288.8625509804115,256.0
1785385420,2,,Aggregated,1.600000,0.000000,1900,2400,3100,3300,3600,3800,3800,3800,3800,3800,3800,142,0,1300.0,1331.0403820622423,86.87065995763987,4288.8625509804115,1524.8098591549297
1785385421,2,TTFT,S1,0.000000,0.000000,0,0,0,0,0,0,0,0,0,0,0,11,0,92,139.5379695459269,86.87065995763987,608.158799004741,157.0
1785385421,2,total,S1,0.000000,0.000000,0,0,0,0,0,0,0,0,0,0,0,11,0,1225.9388089878485,1364.736302903938,1225.9388089878485,2062.329176987987,256.0
1785385421,2,TTFT,S2,0.600000,0.000000,150,150,1900,1900,1900,1900,1900,1900,1900,1900,1900,45,0,150.0,242.55283844605503,133.9475069544278,1921.3033210253343,1153.0
1785385421,2,total,S2,0.600000,0.000000,3100,3100,3300,3300,3300,3300,3300,3300,3300,3300,3300,45,0,1300.0,1591.4383996226306,1273.4447169932537,3330.248259997461,256.0
1785385421,2,TTFT,S3,0.200000,0.000000,2400,2400,2400,2400,2400,2400,2400,2400,2400,2400,2400,15,0,2314.9758039508015,2352.203862927854,2314.9758039508015,2424.8263660119846,9649.0
1785385421,2,total,S3,0.200000,0.000000,3800,3800,3800,3800,3800,3800,3800,3800,3800,3800,3800,15,0,3500.0,3643.2035732587487,3469.237338984385,4288.8625509804115,256.0
1785385421,2,,Aggregated,1.600000,0.000000,2400,2400,3300,3300,3600,3800,3800,3800,3800,3800,3800,142,0,1300.0,1331.0403820622423,86.87065995763987,4288.8625509804115,1524.8098591549297
1785385422,2,TTFT,S1,0.000000,0.000000,0,0,0,0,0,0,0,0,0,0,0,11,0,92,139.5379695459269,86.87065995763987,608.158799004741,157.0
1785385422,2,total,S1,0.000000,0.000000,0,0,0,0,0,0,0,0,0,0,0,11,0,1225.9388089878485,1364.736302903938,1225.9388089878485,2062.329176987987,256.0
1785385422,2,TTFT,S2,0.600000,0.000000,150,150,1900,1900,1900,1900,1900,1900,1900,1900,1900,45,0,150.0,242.55283844605503,133.9475069544278,1921.3033210253343,1153.0
1785385422,2,total,S2,0.600000,0.000000,3100,3100,3300,3300,3300,3300,3300,3300,3300,3300,3300,45,0,1300.0,1591.4383996226306,1273.4447169932537,3330.248259997461,256.0
1785385422,2,TTFT,S3,0.200000,0.000000,2400,2400,2400,2400,2400,2400,2400,2400,2400,2400,2400,15,0,2314.9758039508015,2352.203862927854,2314.9758039508015,2424.8263660119846,9649.0
1785385422,2,total,S3,0.200000,0.000000,3800,3800,3800,3800,3800,3800,3800,3800,3800,3800,3800,15,0,3500.0,3643.2035732587487,3469.237338984385,4288.8625509804115,256.0
1785385422,2,,Aggregated,1.600000,0.000000,2400,2400,3300,3300,3600,3800,3800,3800,3800,3800,3800,142,0,1300.0,1331.0403820622423,86.87065995763987,4288.8625509804115,1524.8098591549297
1785385423,2,TTFT,S1,0.000000,0.000000,0,0,0,0,0,0,0,0,0,0,0,11,0,92,139.5379695459269,86.87065995763987,608.158799004741,157.0
1785385423,2,total,S1,0.000000,0.000000,0,0,0,0,0,0,0,0,0,0,0,11,0,1225.9388089878485,1364.736302903938,1225.9388089878485,2062.329176987987,256.0
1785385423,2,TTFT,S2,0.600000,0.000000,150,150,1900,1900,1900,1900,1900,1900,1900,1900,1900,45,0,150.0,242.55283844605503,133.9475069544278,1921.3033210253343,1153.0
1785385423,2,total,S2,0.600000,0.000000,3100,3100,3300,3300,3300,3300,3300,3300,3300,3300,3300,45,0,1300.0,1591.4383996226306,1273.4447169932537,3330.248259997461,256.0
1785385423,2,TTFT,S3,0.200000,0.000000,2400,2400,2400,2400,2400,2400,2400,2400,2400,2400,2400,15,0,2314.9758039508015,2352.203862927854,2314.9758039508015,2424.8263660119846,9649.0
1785385423,2,total,S3,0.200000,0.000000,3800,3800,3800,3800,3800,3800,3800,3800,3800,3800,3800,15,0,3500.0,3643.2035732587487,3469.237338984385,4288.8625509804115,256.0
1785385423,2,,Aggregated,1.600000,0.000000,2400,2400,3300,3300,3600,3800,3800,3800,3800,3800,3800,142,0,1300.0,1331.0403820622423,86.87065995763987,4288.8625509804115,1524.8098591549297
1785385424,2,TTFT,S1,0.000000,0.000000,0,0,0,0,0,0,0,0,0,0,0,11,0,92,139.5379695459269,86.87065995763987,608.158799004741,157.0
1785385424,2,total,S1,0.000000,0.000000,0,0,0,0,0,0,0,0,0,0,0,11,0,1225.9388089878485,1364.736302903938,1225.9388089878485,2062.329176987987,256.0
1785385424,2,TTFT,S2,0.600000,0.000000,1900,1900,1900,1900,1900,1900,1900,1900,1900,1900,1900,45,0,150.0,242.55283844605503,133.9475069544278,1921.3033210253343,1153.0
1785385424,2,total,S2,0.600000,0.000000,3300,3300,3300,3300,3300,3300,3300,3300,3300,3300,3300,45,0,1300.0,1591.4383996226306,1273.4447169932537,3330.248259997461,256.0
1785385424,2,TTFT,S3,0.200000,0.000000,2400,2400,2400,2400,2400,2400,2400,2400,2400,2400,2400,15,0,2314.9758039508015,2352.203862927854,2314.9758039508015,2424.8263660119846,9649.0
1785385424,2,total,S3,0.200000,0.000000,3800,3800,3800,3800,3800,3800,3800,3800,3800,3800,3800,15,0,3500.0,3643.2035732587487,3469.237338984385,4288.8625509804115,256.0
1785385424,2,,Aggregated,1.600000,0.000000,3100,3300,3600,3600,3800,3800,3800,3800,3800,3800,3800,142,0,1300.0,1331.0403820622423,86.87065995763987,4288.8625509804115,1524.8098591549297
1785385425,2,TTFT,S1,0.000000,0.000000,0,0,0,0,0,0,0,0,0,0,0,11,0,92,139.5379695459269,86.87065995763987,608.158799004741,157.0
1785385425,2,total,S1,0.000000,0.000000,0,0,0,0,0,0,0,0,0,0,0,11,0,1225.9388089878485,1364.736302903938,1225.9388089878485,2062.329176987987,256.0
1785385425,2,TTFT,S2,0.200000,0.000000,1900,1900,1900,1900,1900,1900,1900,1900,1900,1900,1900,45,0,150.0,242.55283844605503,133.9475069544278,1921.3033210253343,1153.0
1785385425,2,total,S2,0.200000,0.000000,3300,3300,3300,3300,3300,3300,3300,3300,3300,3300,3300,45,0,1300.0,1591.4383996226306,1273.4447169932537,3330.248259997461,256.0
1785385425,2,TTFT,S3,0.200000,0.000000,3000,3000,4100,4100,4100,4100,4100,4100,4100,4100,4100,17,0,2314.9758039508015,2498.26569711406,2314.9758039508015,4146.1532629909925,9649.0
1785385425,2,total,S3,0.200000,0.000000,5600,5600,6100,6100,6100,6100,6100,6100,6100,6100,6100,17,0,3500.0,3900.28928987586,3469.237338984385,6102.9579160385765,256.0
1785385425,2,,Aggregated,0.800000,0.000000,3300,3600,4100,4100,5600,6100,6100,6100,6100,6100,6100,146,0,1300.0,1423.6442293758082,86.87065995763987,6102.9579160385765,1618.7191780821918
1785385426,2,TTFT,S1,0.000000,0.000000,0,0,0,0,0,0,0,0,0,0,0,11,0,92,139.5379695459269,86.87065995763987,608.158799004741,157.0
1785385426,2,total,S1,0.000000,0.000000,0,0,0,0,0,0,0,0,0,0,0,11,0,1225.9388089878485,1364.736302903938,1225.9388089878485,2062.329176987987,256.0
1785385426,2,TTFT,S2,0.200000,0.000000,1900,1900,1900,1900,1900,1900,1900,1900,1900,1900,1900,45,0,150.0,242.55283844605503,133.9475069544278,1921.3033210253343,1153.0
1785385426,2,total,S2,0.200000,0.000000,3300,3300,3300,3300,3300,3300,3300,3300,3300,3300,3300,45,0,1300.0,1591.4383996226306,1273.4447169932537,3330.248259997461,256.0
1785385426,2,TTFT,S3,0.200000,0.000000,3000,3000,4100,4100,4100,4100,4100,4100,4100,4100,4100,17,0,2314.9758039508015,2498.26569711406,2314.9758039508015,4146.1532629909925,9649.0
1785385426,2,total,S3,0.200000,0.000000,5600,5600,6100,6100,6100,6100,6100,6100,6100,6100,6100,17,0,3500.0,3900.28928987586,3469.237338984385,6102.9579160385765,256.0
1785385426,2,,Aggregated,0.800000,0.000000,3300,3600,4100,4100,5600,6100,6100,6100,6100,6100,6100,146,0,1300.0,1423.6442293758082,86.87065995763987,6102.9579160385765,1618.7191780821918
1785385427,2,TTFT,S1,0.000000,0.000000,0,0,0,0,0,0,0,0,0,0,0,11,0,92,139.5379695459269,86.87065995763987,608.158799004741,157.0
1785385427,2,total,S1,0.000000,0.000000,0,0,0,0,0,0,0,0,0,0,0,11,0,1225.9388089878485,1364.736302903938,1225.9388089878485,2062.329176987987,256.0
1785385427,2,TTFT,S2,0.200000,0.000000,250,250,250,250,250,250,250,250,250,250,250,47,0,150.0,242.9184944906391,133.9475069544278,1921.3033210253343,1153.0
1785385427,2,total,S2,0.200000,0.000000,1600,1600,3100,3100,3100,3100,3100,3100,3100,3100,3100,47,0,1300.0,1592.992302170271,1273.4447169932537,3330.248259997461,256.0
1785385427,2,TTFT,S3,0.200000,0.000000,3000,3000,4100,4100,4100,4100,4100,4100,4100,4100,4100,17,0,2314.9758039508015,2498.26569711406,2314.9758039508015,4146.1532629909925,9649.0
1785385427,2,total,S3,0.200000,0.000000,5600,5600,6100,6100,6100,6100,6100,6100,6100,6100,6100,17,0,3500.0,3900.28928987586,3469.237338984385,6102.9579160385765,256.0
1785385427,2,,Aggregated,0.800000,0.000000,3000,3100,4100,4100,5600,6100,6100,6100,6100,6100,6100,150,0,1300.0,1410.735061458933,86.87065995763987,6102.9579160385765,1594.34
1785385428,2,TTFT,S1,0.000000,0.000000,0,0,0,0,0,0,0,0,0,0,0,11,0,92,139.5379695459269,86.87065995763987,608.158799004741,157.0
1785385428,2,total,S1,0.000000,0.000000,0,0,0,0,0,0,0,0,0,0,0,11,0,1225.9388089878485,1364.736302903938,1225.9388089878485,2062.329176987987,256.0
1785385428,2,TTFT,S2,0.200000,0.000000,250,250,250,250,250,250,250,250,250,250,250,47,0,150.0,242.9184944906391,133.9475069544278,1921.3033210253343,1153.0
1785385428,2,total,S2,0.200000,0.000000,1600,1600,3100,3100,3100,3100,3100,3100,3100,3100,3100,47,0,1300.0,1592.992302170271,1273.4447169932537,3330.248259997461,256.0
1785385428,2,TTFT,S3,0.200000,0.000000,3000,3000,4100,4100,4100,4100,4100,4100,4100,4100,4100,17,0,2314.9758039508015,2498.26569711406,2314.9758039508015,4146.1532629909925,9649.0
1785385428,2,total,S3,0.200000,0.000000,5600,5600,6100,6100,6100,6100,6100,6100,6100,6100,6100,17,0,3500.0,3900.28928987586,3469.237338984385,6102.9579160385765,256.0
1785385428,2,,Aggregated,0.800000,0.000000,3000,3100,4100,4100,5600,6100,6100,6100,6100,6100,6100,150,0,1300.0,1410.735061458933,86.87065995763987,6102.9579160385765,1594.34
1785385429,2,TTFT,S1,0.000000,0.000000,0,0,0,0,0,0,0,0,0,0,0,11,0,92,139.5379695459269,86.87065995763987,608.158799004741,157.0
1785385429,2,total,S1,0.000000,0.000000,0,0,0,0,0,0,0,0,0,0,0,11,0,1225.9388089878485,1364.736302903938,1225.9388089878485,2062.329176987987,256.0
1785385429,2,TTFT,S2,0.200000,0.000000,220,250,250,250,250,250,250,250,250,250,250,49,0,150.0,242.07822438828381,133.9475069544278,1921.3033210253343,1153.0
1785385429,2,total,S2,0.200000,0.000000,1600,1600,1600,3100,3100,3100,3100,3100,3100,3100,3100,49,0,1300.0,1593.3838961230192,1273.4447169932537,3330.248259997461,256.0
1785385429,2,TTFT,S3,0.400000,0.000000,3000,3000,4100,4100,4100,4100,4100,4100,4100,4100,4100,17,0,2314.9758039508015,2498.26569711406,2314.9758039508015,4146.1532629909925,9649.0
1785385429,2,total,S3,0.400000,0.000000,5600,5600,6100,6100,6100,6100,6100,6100,6100,6100,6100,17,0,3500.0,3900.28928987586,3469.237338984385,6102.9579160385765,256.0
1785385429,2,,Aggregated,1.200000,0.000000,1600,3000,3600,3600,5600,6100,6100,6100,6100,6100,6100,154,0,1300.0,1397.7928290963052,86.87065995763987,6102.9579160385765,1571.2272727272727
1785385430,2,TTFT,S1,0.000000,0.000000,0,0,0,0,0,0,0,0,0,0,0,11,0,92,139.5379695459269,86.87065995763987,608.158799004741,157.0
1785385430,2,total,S1,0.000000,0.000000,0,0,0,0,0,0,0,0,0,0,0,11,0,1225.9388089878485,1364.736302903938,1225.9388089878485,2062.329176987987,256.0
1785385430,2,TTFT,S2,0.200000,0.000000,220,250,250,250,250,250,250,250,250,250,250,49,0,150.0,242.07822438828381,133.9475069544278,1921.3033210253343,1153.0
1785385430,2,total,S2,0.200000,0.000000,1600,1600,1600,3100,3100,3100,3100,3100,3100,3100,3100,49,0,1300.0,1593.3838961230192,1273.4447169932537,3330.248259997461,256.0
1785385430,2,TTFT,S3,0.400000,0.000000,3000,3000,4100,4100,4100,4100,4100,4100,4100,4100,4100,17,0,2314.9758039508015,2498.26569711406,2314.9758039508015,4146.1532629909925,9649.0
1785385430,2,total,S3,0.400000,0.000000,5600,5600,6100,6100,6100,6100,6100,6100,6100,6100,6100,17,0,3500.0,3900.28928987586,3469.237338984385,6102.9579160385765,256.0
1785385430,2,,Aggregated,1.200000,0.000000,1600,3000,3600,3600,5600,6100,6100,6100,6100,6100,6100,154,0,1300.0,1397.7928290963052,86.87065995763987,6102.9579160385765,1571.2272727272727
1785385431,2,TTFT,S1,0.000000,0.000000,0,0,0,0,0,0,0,0,0,0,0,11,0,92,139.5379695459269,86.87065995763987,608.158799004741,157.0
1785385431,2,total,S1,0.000000,0.000000,0,0,0,0,0,0,0,0,0,0,0,11,0,1225.9388089878485,1364.736302903938,1225.9388089878485,2062.329176987987,256.0
1785385431,2,TTFT,S2,0.200000,0.000000,220,250,250,250,250,250,250,250,250,250,250,49,0,150.0,242.07822438828381,133.9475069544278,1921.3033210253343,1153.0
1785385431,2,total,S2,0.200000,0.000000,1600,1600,1600,3100,3100,3100,3100,3100,3100,3100,3100,49,0,1300.0,1593.3838961230192,1273.4447169932537,3330.248259997461,256.0
1785385431,2,TTFT,S3,0.400000,0.000000,3000,3000,4100,4100,4100,4100,4100,4100,4100,4100,4100,17,0,2314.9758039508015,2498.26569711406,2314.9758039508015,4146.1532629909925,9649.0
1785385431,2,total,S3,0.400000,0.000000,5600,5600,6100,6100,6100,6100,6100,6100,6100,6100,6100,17,0,3500.0,3900.28928987586,3469.237338984385,6102.9579160385765,256.0
1785385431,2,,Aggregated,1.200000,0.000000,1600,3000,3600,3600,5600,6100,6100,6100,6100,6100,6100,154,0,1300.0,1397.7928290963052,86.87065995763987,6102.9579160385765,1571.2272727272727
1785385432,2,TTFT,S1,0.000000,0.000000,0,0,0,0,0,0,0,0,0,0,0,11,0,92,139.5379695459269,86.87065995763987,608.158799004741,157.0
1785385432,2,total,S1,0.000000,0.000000,0,0,0,0,0,0,0,0,0,0,0,11,0,1225.9388089878485,1364.736302903938,1225.9388089878485,2062.329176987987,256.0
1785385432,2,TTFT,S2,0.400000,0.000000,220,220,250,250,250,250,250,250,250,250,250,50,0,150.0,240.01273902016692,133.9475069544278,1921.3033210253343,1153.0
1785385432,2,total,S2,0.400000,0.000000,1600,1600,3100,3100,3100,3100,3100,3100,3100,3100,3100,50,0,1300.0,1623.180665699765,1273.4447169932537,3330.248259997461,256.0
1785385432,2,TTFT,S3,0.200000,0.000000,3000,3000,4100,4100,4100,4100,4100,4100,4100,4100,4100,18,0,2314.9758039508015,2488.990430328866,2314.9758039508015,4146.1532629909925,9649.0
1785385432,2,total,S3,0.200000,0.000000,5600,5600,6100,6100,6100,6100,6100,6100,6100,6100,6100,18,0,3500.0,3897.998020547675,3469.237338984385,6102.9579160385765,256.0
1785385432,2,,Aggregated,1.200000,0.000000,1600,3000,3900,3900,5600,6100,6100,6100,6100,6100,6100,158,0,1300.0,1421.97771739698,86.87065995763987,6102.9579160385765,1603.0569620253164
1785385433,2,TTFT,S1,0.000000,0.000000,0,0,0,0,0,0,0,0,0,0,0,11,0,92,139.5379695459269,86.87065995763987,608.158799004741,157.0
1785385433,2,total,S1,0.000000,0.000000,0,0,0,0,0,0,0,0,0,0,0,11,0,1225.9388089878485,1364.736302903938,1225.9388089878485,2062.329176987987,256.0
1785385433,2,TTFT,S2,0.400000,0.000000,220,220,250,250,250,250,250,250,250,250,250,51,0,150.0,239.11699345084273,133.9475069544278,1921.3033210253343,1153.0
1785385433,2,total,S2,0.400000,0.000000,1600,1600,1700,1700,3100,3100,3100,3100,3100,3100,3100,51,0,1300.0,1624.1059384694524,1273.4447169932537,3330.248259997461,256.0
1785385433,2,TTFT,S3,0.200000,0.000000,3000,3000,4100,4100,4100,4100,4100,4100,4100,4100,4100,18,0,2314.9758039508015,2488.990430328866,2314.9758039508015,4146.1532629909925,9649.0
1785385433,2,total,S3,0.200000,0.000000,5600,5600,6100,6100,6100,6100,6100,6100,6100,6100,6100,18,0,3500.0,3897.998020547675,3469.237338984385,6102.9579160385765,256.0
1785385433,2,,Aggregated,1.200000,0.000000,1600,2300,3100,3900,5600,6100,6100,6100,6100,6100,6100,160,0,1300.0,1415.857366504133,86.87065995763987,6102.9579160385765,1591.825
1785385434,2,TTFT,S1,0.000000,0.000000,0,0,0,0,0,0,0,0,0,0,0,12,0,92,135.8997175023736,86.87065995763987,608.158799004741,157.0
1785385434,2,total,S1,0.000000,0.000000,0,0,0,0,0,0,0,0,0,0,0,12,0,1225.9388089878485,1380.704732912515,1225.9388089878485,2062.329176987987,256.0
1785385434,2,TTFT,S2,0.500000,0.000000,220,220,250,250,250,250,250,250,250,250,250,51,0,150.0,239.11699345084273,133.9475069544278,1921.3033210253343,1153.0
1785385434,2,total,S2,0.500000,0.000000,1600,1600,1700,1700,3100,3100,3100,3100,3100,3100,3100,51,0,1300.0,1624.1059384694524,1273.4447169932537,3330.248259997461,256.0
1785385434,2,TTFT,S3,0.200000,0.000000,3000,3000,4100,4100,4100,4100,4100,4100,4100,4100,4100,18,0,2314.9758039508015,2488.990430328866,2314.9758039508015,4146.1532629909925,9649.0
1785385434,2,total,S3,0.200000,0.000000,5600,5600,6100,6100,6100,6100,6100,6100,6100,6100,6100,18,0,3500.0,3897.998020547675,3469.237338984385,6102.9579160385765,256.0
1785385434,2,,Aggregated,1.400000,0.000000,1600,2300,3100,3900,5600,6100,6100,6100,6100,6100,6100,162,0,1300.0,1408.5766361030337,86.87065995763987,6102.9579160385765,1574.7222222222222
1785385435,2,TTFT,S1,0.000000,0.000000,96,96,96,96,96,96,96,96,96,96,96,13,0,94,132.7016643078353,86.87065995763987,608.158799004741,157.0
1785385435,2,total,S1,0.000000,0.000000,1600,1600,1600,1600,1600,1600,1600,1600,1600,1600,1600,13,0,1225.9388089878485,1377.376862071777,1225.9388089878485,2062.329176987987,256.0
1785385435,2,TTFT,S2,0.500000,0.000000,220,220,250,250,250,250,250,250,250,250,250,51,0,150.0,239.11699345084273,133.9475069544278,1921.3033210253343,1153.0
1785385435,2,total,S2,0.500000,0.000000,1600,1600,1700,1700,3100,3100,3100,3100,3100,3100,3100,51,0,1300.0,1624.1059384694524,1273.4447169932537,3330.248259997461,256.0
1785385435,2,TTFT,S3,0.200000,0.000000,3000,3000,4100,4100,4100,4100,4100,4100,4100,4100,4100,18,0,2314.9758039508015,2488.990430328866,2314.9758039508015,4146.1532629909925,9649.0
1785385435,2,total,S3,0.200000,0.000000,5600,5600,6100,6100,6100,6100,6100,6100,6100,6100,6100,18,0,3500.0,3897.998020547675,3469.237338984385,6102.9579160385765,256.0
1785385435,2,,Aggregated,1.400000,0.000000,1600,1700,3000,3100,4100,5600,6100,6100,6100,6100,6100,164,0,1300.0,1400.1291615039497,86.87065995763987,6102.9579160385765,1558.0365853658536
1785385436,2,TTFT,S1,0.000000,0.000000,96,96,96,96,96,96,96,96,96,96,96,13,0,94,132.7016643078353,86.87065995763987,608.158799004741,157.0
1785385436,2,total,S1,0.000000,0.000000,1600,1600,1600,1600,1600,1600,1600,1600,1600,1600,1600,13,0,1225.9388089878485,1377.376862071777,1225.9388089878485,2062.329176987987,256.0
1785385436,2,TTFT,S2,0.500000,0.000000,220,220,250,250,250,250,250,250,250,250,250,51,0,150.0,239.11699345084273,133.9475069544278,1921.3033210253343,1153.0
1785385436,2,total,S2,0.500000,0.000000,1600,1600,1700,1700,3100,3100,3100,3100,3100,3100,3100,51,0,1300.0,1624.1059384694524,1273.4447169932537,3330.248259997461,256.0
1785385436,2,TTFT,S3,0.200000,0.000000,3000,3000,4100,4100,4100,4100,4100,4100,4100,4100,4100,18,0,2314.9758039508015,2488.990430328866,2314.9758039508015,4146.1532629909925,9649.0
1785385436,2,total,S3,0.200000,0.000000,5600,5600,6100,6100,6100,6100,6100,6100,6100,6100,6100,18,0,3500.0,3897.998020547675,3469.237338984385,6102.9579160385765,256.0
1785385436,2,,Aggregated,1.400000,0.000000,1600,1600,1600,1700,3100,3900,3900,3900,3900,3900,3900,164,0,1300.0,1400.1291615039497,86.87065995763987,6102.9579160385765,1558.0365853658536
1785385437,2,TTFT,S1,0.000000,0.000000,96,96,96,96,96,96,96,96,96,96,96,13,0,94,132.7016643078353,86.87065995763987,608.158799004741,157.0
1785385437,2,total,S1,0.000000,0.000000,1600,1600,1600,1600,1600,1600,1600,1600,1600,1600,1600,13,0,1225.9388089878485,1377.376862071777,1225.9388089878485,2062.329176987987,256.0
1785385437,2,TTFT,S2,0.500000,0.000000,220,220,220,220,220,220,220,220,220,220,220,51,0,150.0,239.11699345084273,133.9475069544278,1921.3033210253343,1153.0
1785385437,2,total,S2,0.500000,0.000000,1700,1700,3100,3100,3100,3100,3100,3100,3100,3100,3100,51,0,1300.0,1624.1059384694524,1273.4447169932537,3330.248259997461,256.0
1785385437,2,TTFT,S3,0.200000,0.000000,3000,3000,4100,4100,4100,4100,4100,4100,4100,4100,4100,18,0,2314.9758039508015,2488.990430328866,2314.9758039508015,4146.1532629909925,9649.0
1785385437,2,total,S3,0.200000,0.000000,5600,5600,6100,6100,6100,6100,6100,6100,6100,6100,6100,18,0,3500.0,3897.998020547675,3469.237338984385,6102.9579160385765,256.0
1785385437,2,,Aggregated,1.400000,0.000000,1600,1600,1700,2300,3100,3900,3900,3900,3900,3900,3900,164,0,1300.0,1400.1291615039497,86.87065995763987,6102.9579160385765,1558.0365853658536
1785385438,2,TTFT,S1,0.000000,0.000000,96,96,96,96,96,96,96,96,96,96,96,13,0,94,132.7016643078353,86.87065995763987,608.158799004741,157.0
1785385438,2,total,S1,0.000000,0.000000,1600,1600,1600,1600,1600,1600,1600,1600,1600,1600,1600,13,0,1225.9388089878485,1377.376862071777,1225.9388089878485,2062.329176987987,256.0
1785385438,2,TTFT,S2,0.500000,0.000000,220,220,220,220,220,220,220,220,220,220,220,51,0,150.0,239.11699345084273,133.9475069544278,1921.3033210253343,1153.0
1785385438,2,total,S2,0.500000,0.000000,1700,1700,3100,3100,3100,3100,3100,3100,3100,3100,3100,51,0,1300.0,1624.1059384694524,1273.4447169932537,3330.248259997461,256.0
1785385438,2,TTFT,S3,0.200000,0.000000,2300,2300,2300,2300,2300,2300,2300,2300,2300,2300,2300,18,0,2314.9758039508015,2488.990430328866,2314.9758039508015,4146.1532629909925,9649.0
1785385438,2,total,S3,0.200000,0.000000,3900,3900,3900,3900,3900,3900,3900,3900,3900,3900,3900,18,0,3500.0,3897.998020547675,3469.237338984385,6102.9579160385765,256.0
1785385438,2,,Aggregated,1.400000,0.000000,1600,1600,1700,2300,3100,3900,3900,3900,3900,3900,3900,164,0,1300.0,1400.1291615039497,86.87065995763987,6102.9579160385765,1558.0365853658536
1785385439,2,TTFT,S1,0.200000,0.000000,96,96,96,96,96,96,96,96,96,96,96,13,0,94,132.7016643078353,86.87065995763987,608.158799004741,157.0
1785385439,2,total,S1,0.200000,0.000000,1600,1600,1600,1600,1600,1600,1600,1600,1600,1600,1600,13,0,1225.9388089878485,1377.376862071777,1225.9388089878485,2062.329176987987,256.0
1785385439,2,TTFT,S2,0.600000,0.000000,190,190,190,190,190,190,190,190,190,190,190,51,0,150.0,239.11699345084273,133.9475069544278,1921.3033210253343,1153.0
1785385439,2,total,S2,0.600000,0.000000,3100,3100,3100,3100,3100,3100,3100,3100,3100,3100,3100,51,0,1300.0,1624.1059384694524,1273.4447169932537,3330.248259997461,256.0
1785385439,2,TTFT,S3,0.100000,0.000000,2400,2400,2400,2400,2400,2400,2400,2400,2400,2400,2400,19,0,2314.9758039508015,2484.5354047322057,2314.9758039508015,4146.1532629909925,9649.0
1785385439,2,total,S3,0.100000,0.000000,5500,5500,5500,5500,5500,5500,5500,5500,5500,5500,5500,19,0,3600.0,3981.7088414106124,3469.237338984385,6102.9579160385765,256.0
1785385439,2,,Aggregated,1.800000,0.000000,1700,2300,3100,3100,3900,5500,5500,5500,5500,5500,5500,166,0,1300.0,1430.8074159492985,86.87065995763987,6102.9579160385765,1598.933734939759
1785385440,2,TTFT,S1,0.200000,0.000000,96,96,96,96,96,96,96,96,96,96,96,13,0,94,132.7016643078353,86.87065995763987,608.158799004741,157.0
1785385440,2,total,S1,0.200000,0.000000,1600,1600,1600,1600,1600,1600,1600,1600,1600,1600,1600,13,0,1225.9388089878485,1377.376862071777,1225.9388089878485,2062.329176987987,256.0
1785385440,2,TTFT,S2,0.600000,0.000000,190,190,190,190,190,190,190,190,190,190,190,51,0,150.0,239.11699345084273,133.9475069544278,1921.3033210253343,1153.0
1785385440,2,total,S2,0.600000,0.000000,3100,3100,3100,3100,3100,3100,3100,3100,3100,3100,3100,51,0,1300.0,1624.1059384694524,1273.4447169932537,3330.248259997461,256.0
1785385440,2,TTFT,S3,0.100000,0.000000,2400,2400,3400,3400,3400,3400,3400,3400,3400,3400,3400,20,0,2314.9758039508015,2530.680455546826,2314.9758039508015,4146.1532629909925,9649.0
1785385440,2,total,S3,0.100000,0.000000,4800,4800,5500,5500,5500,5500,5500,5500,5500,5500,5500,20,0,3600.0,4023.783665141673,3469.237338984385,6102.9579160385765,256.0
1785385440,2,,Aggregated,1.800000,0.000000,2300,3100,3400,3900,4800,5500,5500,5500,5500,5500,5500,168,0,1300.0,1462.7659094323808,86.87065995763987,6102.9579160385765,1638.857142857143
1785385441,2,TTFT,S1,0.200000,0.000000,96,96,96,96,96,96,96,96,96,96,96,13,0,94,132.7016643078353,86.87065995763987,608.158799004741,157.0
1785385441,2,total,S1,0.200000,0.000000,1600,1600,1600,1600,1600,1600,1600,1600,1600,1600,1600,13,0,1225.9388089878485,1377.376862071777,1225.9388089878485,2062.329176987987,256.0
1785385441,2,TTFT,S2,0.600000,0.000000,190,190,190,190,190,190,190,190,190,190,190,51,0,150.0,239.11699345084273,133.9475069544278,1921.3033210253343,1153.0
1785385441,2,total,S2,0.600000,0.000000,3100,3100,3100,3100,3100,3100,3100,3100,3100,3100,3100,51,0,1300.0,1624.1059384694524,1273.4447169932537,3330.248259997461,256.0
1785385441,2,TTFT,S3,0.100000,0.000000,2400,2400,3400,3400,3400,3400,3400,3400,3400,3400,3400,20,0,2314.9758039508015,2530.680455546826,2314.9758039508015,4146.1532629909925,9649.0
1785385441,2,total,S3,0.100000,0.000000,4800,4800,5500,5500,5500,5500,5500,5500,5500,5500,5500,20,0,3600.0,4023.783665141673,3469.237338984385,6102.9579160385765,256.0
1785385441,2,,Aggregated,1.800000,0.000000,2300,2400,3900,3900,4800,5500,5500,5500,5500,5500,5500,168,0,1300.0,1462.7659094323808,86.87065995763987,6102.9579160385765,1638.857142857143
1785385442,2,TTFT,S1,0.200000,0.000000,96,96,96,96,96,96,96,96,96,96,96,13,0,94,132.7016643078353,86.87065995763987,608.158799004741,157.0
1785385442,2,total,S1,0.200000,0.000000,1600,1600,1600,1600,1600,1600,1600,1600,1600,1600,1600,13,0,1225.9388089878485,1377.376862071777,1225.9388089878485,2062.329176987987,256.0
1785385442,2,TTFT,S2,0.600000,0.000000,190,190,190,190,190,190,190,190,190,190,190,51,0,150.0,239.11699345084273,133.9475069544278,1921.3033210253343,1153.0
1785385442,2,total,S2,0.600000,0.000000,1700,1700,1700,1700,1700,1700,1700,1700,1700,1700,1700,51,0,1300.0,1624.1059384694524,1273.4447169932537,3330.248259997461,256.0
1785385442,2,TTFT,S3,0.100000,0.000000,2400,2400,3400,3400,3400,3400,3400,3400,3400,3400,3400,20,0,2314.9758039508015,2530.680455546826,2314.9758039508015,4146.1532629909925,9649.0
1785385442,2,total,S3,0.100000,0.000000,4800,4800,5500,5500,5500,5500,5500,5500,5500,5500,5500,20,0,3600.0,4023.783665141673,3469.237338984385,6102.9579160385765,256.0
1785385442,2,,Aggregated,1.800000,0.000000,1700,2400,3400,4800,5500,5500,5500,5500,5500,5500,5500,168,0,1300.0,1462.7659094323808,86.87065995763987,6102.9579160385765,1638.857142857143
1785385443,2,TTFT,S1,0.200000,0.000000,96,96,96,96,96,96,96,96,96,96,96,13,0,94,132.7016643078353,86.87065995763987,608.158799004741,157.0
1785385443,2,total,S1,0.200000,0.000000,1600,1600,1600,1600,1600,1600,1600,1600,1600,1600,1600,13,0,1225.9388089878485,1377.376862071777,1225.9388089878485,2062.329176987987,256.0
1785385443,2,TTFT,S2,0.200000,0.000000,190,190,190,190,190,190,190,190,190,190,190,52,0,150.0,237.61900146088848,133.9475069544278,1921.3033210253343,1153.0
1785385443,2,total,S2,0.200000,0.000000,3100,3100,3100,3100,3100,3100,3100,3100,3100,3100,3100,52,0,1300.0,1652.7829923825966,1273.4447169932537,3330.248259997461,256.0
1785385443,2,TTFT,S3,0.300000,0.000000,2400,2400,3400,3400,3400,3400,3400,3400,3400,3400,3400,21,0,2314.9758039508015,2521.490146472518,2314.9758039508015,4146.1532629909925,9649.0
1785385443,2,total,S3,0.300000,0.000000,4800,4800,5500,5500,5500,5500,5500,5500,5500,5500,5500,21,0,3800.0,4013.8436927532202,3469.237338984385,6102.9579160385765,256.0
1785385443,2,,Aggregated,1.400000,0.000000,2400,3100,3800,3800,4800,5500,5500,5500,5500,5500,5500,172,0,1300.0,1483.5693903868412,86.87065995763987,6102.9579160385765,1666.5232558139535
1785385444,2,TTFT,S1,0.200000,0.000000,94,94,96,96,96,96,96,96,96,96,96,14,0,92,129.78181621708376,86.87065995763987,608.158799004741,157.0
1785385444,2,total,S1,0.200000,0.000000,1300,1300,1600,1600,1600,1600,1600,1600,1600,1600,1600,14,0,1225.9388089878485,1375.3867013521292,1225.9388089878485,2062.329176987987,256.0
1785385444,2,TTFT,S2,0.100000,0.000000,190,190,190,190,190,190,190,190,190,190,190,52,0,150.0,237.61900146088848,133.9475069544278,1921.3033210253343,1153.0
1785385444,2,total,S2,0.100000,0.000000,3100,3100,3100,3100,3100,3100,3100,3100,3100,3100,3100,52,0,1300.0,1652.7829923825966,1273.4447169932537,3330.248259997461,256.0
1785385444,2,TTFT,S3,0.300000,0.000000,2400,2400,3400,3400,3400,3400,3400,3400,3400,3400,3400,21,0,2314.9758039508015,2521.490146472518,2314.9758039508015,4146.1532629909925,9649.0
1785385444,2,total,S3,0.300000,0.000000,4800,4800,5500,5500,5500,5500,5500,5500,5500,5500,5500,21,0,3800.0,4013.8436927532202,3469.237338984385,6102.9579160385765,256.0
1785385444,2,,Aggregated,1.200000,0.000000,2300,3100,3400,3800,4800,5500,5500,5500,5500,5500,5500,174,0,1300.0,1474.8004226986823,86.87065995763987,6102.9579160385765,1649.7413793103449
1785385445,2,TTFT,S1,0.200000,0.000000,94,94,96,96,96,96,96,96,96,96,96,14,0,92,129.78181621708376,86.87065995763987,608.158799004741,157.0
1785385445,2,total,S1,0.200000,0.000000,1300,1300,1600,1600,1600,1600,1600,1600,1600,1600,1600,14,0,1225.9388089878485,1375.3867013521292,1225.9388089878485,2062.329176987987,256.0
1785385445,2,TTFT,S2,0.100000,0.000000,190,190,190,190,190,190,190,190,190,190,190,52,0,150.0,237.61900146088848,133.9475069544278,1921.3033210253343,1153.0
1785385445,2,total,S2,0.100000,0.000000,3100,3100,3100,3100,3100,3100,3100,3100,3100,3100,3100,52,0,1300.0,1652.7829923825966,1273.4447169932537,3330.248259997461,256.0
1785385445,2,TTFT,S3,0.300000,0.000000,2400,2400,3400,3400,3400,3400,3400,3400,3400,3400,3400,21,0,2314.9758039508015,2521.490146472518,2314.9758039508015,4146.1532629909925,9649.0
1785385445,2,total,S3,0.300000,0.000000,4800,4800,5500,5500,5500,5500,5500,5500,5500,5500,5500,21,0,3800.0,4013.8436927532202,3469.237338984385,6102.9579160385765,256.0
1785385445,2,,Aggregated,1.200000,0.000000,2300,3100,3400,3800,4800,5500,5500,5500,5500,5500,5500,174,0,1300.0,1474.8004226986823,86.87065995763987,6102.9579160385765,1649.7413793103449
1785385446,2,TTFT,S1,0.200000,0.000000,94,94,96,96,96,96,96,96,96,96,96,14,0,92,129.78181621708376,86.87065995763987,608.158799004741,157.0
1785385446,2,total,S1,0.200000,0.000000,1300,1300,1600,1600,1600,1600,1600,1600,1600,1600,1600,14,0,1225.9388089878485,1375.3867013521292,1225.9388089878485,2062.329176987987,256.0
1785385446,2,TTFT,S2,0.100000,0.000000,190,190,190,190,190,190,190,190,190,190,190,52,0,150.0,237.61900146088848,133.9475069544278,1921.3033210253343,1153.0
1785385446,2,total,S2,0.100000,0.000000,3100,3100,3100,3100,3100,3100,3100,3100,3100,3100,3100,52,0,1300.0,1652.7829923825966,1273.4447169932537,3330.248259997461,256.0
1785385446,2,TTFT,S3,0.300000,0.000000,2400,2400,3400,3400,3400,3400,3400,3400,3400,3400,3400,21,0,2314.9758039508015,2521.490146472518,2314.9758039508015,4146.1532629909925,9649.0
1785385446,2,total,S3,0.300000,0.000000,4800,4800,5500,5500,5500,5500,5500,5500,5500,5500,5500,21,0,3800.0,4013.8436927532202,3469.237338984385,6102.9579160385765,256.0
1785385446,2,,Aggregated,1.200000,0.000000,3100,3400,3800,4800,5500,5500,5500,5500,5500,5500,5500,174,0,1300.0,1474.8004226986823,86.87065995763987,6102.9579160385765,1649.7413793103449
1785385447,2,TTFT,S1,0.100000,0.000000,94,94,96,96,96,96,96,96,96,96,96,14,0,92,129.78181621708376,86.87065995763987,608.158799004741,157.0
1785385447,2,total,S1,0.100000,0.000000,1300,1300,1600,1600,1600,1600,1600,1600,1600,1600,1600,14,0,1225.9388089878485,1375.3867013521292,1225.9388089878485,2062.329176987987,256.0
1785385447,2,TTFT,S2,0.100000,0.000000,1800,1800,1800,1800,1800,1800,1800,1800,1800,1800,1800,53,0,150.0,267.23939403649945,133.9475069544278,1921.3033210253343,1153.0
1785385447,2,total,S2,0.100000,0.000000,3200,3200,3200,3200,3200,3200,3200,3200,3200,3200,3200,53,0,1300.0,1682.1199983187055,1273.4447169932537,3330.248259997461,256.0
1785385447,2,TTFT,S3,0.300000,0.000000,2400,2400,3400,3400,3400,3400,3400,3400,3400,3400,3400,22,0,2314.9758039508015,2518.228297132406,2314.9758039508015,4146.1532629909925,9649.0
1785385447,2,total,S3,0.300000,0.000000,4800,4800,5500,5500,5500,5500,5500,5500,5500,5500,5500,22,0,3800.0,4006.366211309796,3469.237338984385,6102.9579160385765,256.0
1785385447,2,,Aggregated,1.000000,0.000000,3100,3400,3800,3800,4800,5500,5500,5500,5500,5500,5500,178,0,1300.0,1505.2218327332769,86.87065995763987,6102.9579160385765,1676.2303370786517
1785385448,2,TTFT,S1,0.100000,0.000000,94,94,96,96,96,96,96,96,96,96,96,14,0,92,129.78181621708376,86.87065995763987,608.158799004741,157.0
1785385448,2,total,S1,0.100000,0.000000,1300,1300,1600,1600,1600,1600,1600,1600,1600,1600,1600,14,0,1225.9388089878485,1375.3867013521292,1225.9388089878485,2062.329176987987,256.0
1785385448,2,TTFT,S2,0.100000,0.000000,1800,1800,1800,1800,1800,1800,1800,1800,1800,1800,1800,53,0,150.0,267.23939403649945,133.9475069544278,1921.3033210253343,1153.0
1785385448,2,total,S2,0.100000,0.000000,3200,3200,3200,3200,3200,3200,3200,3200,3200,3200,3200,53,0,1300.0,1682.1199983187055,1273.4447169932537,3330.248259997461,256.0
1785385448,2,TTFT,S3,0.300000,0.000000,2400,2400,3400,3400,3400,3400,3400,3400,3400,3400,3400,22,0,2314.9758039508015,2518.228297132406,2314.9758039508015,4146.1532629909925,9649.0
1785385448,2,total,S3,0.300000,0.000000,4800,4800,5500,5500,5500,5500,5500,5500,5500,5500,5500,22,0,3800.0,4006.366211309796,3469.237338984385,6102.9579160385765,256.0
1785385448,2,,Aggregated,1.000000,0.000000,3100,3400,3800,3800,4800,5500,5500,5500,5500,5500,5500,178,0,1300.0,1505.2218327332769,86.87065995763987,6102.9579160385765,1676.2303370786517
1785385449,2,TTFT,S1,0.100000,0.000000,180,180,180,180,180,180,180,180,180,180,180,15,0,94,133.2287819357589,86.87065995763987,608.158799004741,157.0
1785385449,2,total,S1,0.100000,0.000000,1600,1600,1600,1600,1600,1600,1600,1600,1600,1600,1600,15,0,1225.9388089878485,1387.8442516628031,1225.9388089878485,2062.329176987987,256.0
1785385449,2,TTFT,S2,0.100000,0.000000,180,180,1800,1800,1800,1800,1800,1800,1800,1800,1800,54,0,150.0,265.67300075785846,133.9475069544278,1921.3033210253343,1153.0
1785385449,2,total,S2,0.100000,0.000000,3100,3100,3200,3200,3200,3200,3200,3200,3200,3200,3200,54,0,1300.0,1679.9540547578579,1273.4447169932537,3330.248259997461,256.0
1785385449,2,TTFT,S3,0.300000,0.000000,2400,2400,3400,3400,3400,3400,3400,3400,3400,3400,3400,22,0,2314.9758039508015,2518.228297132406,2314.9758039508015,4146.1532629909925,9649.0
1785385449,2,total,S3,0.300000,0.000000,4800,4800,5500,5500,5500,5500,5500,5500,5500,5500,5500,22,0,3800.0,4006.366211309796,3469.237338984385,6102.9579160385765,256.0
1785385449,2,,Aggregated,1.000000,0.000000,2400,3100,3400,3800,4800,5500,5500,5500,5500,5500,5500,182,0,1300.0,1491.3243719096458,86.87065995763987,6102.9579160385765,1649.401098901099
1785385450,2,TTFT,S1,0.100000,0.000000,180,180,180,180,180,180,180,180,180,180,180,17,0,96,138.90127164845848,86.87065995763987,608.158799004741,157.0
1785385450,2,total,S1,0.100000,0.000000,1600,1600,1600,1600,1600,1600,1600,1600,1600,1600,1600,17,0,1300.0,1408.4910454077865,1225.9388089878485,2062.329176987987,256.0
1785385450,2,TTFT,S2,0.200000,0.000000,180,180,1800,1800,1800,1800,1800,1800,1800,1800,1800,54,0,150.0,265.67300075785846,133.9475069544278,1921.3033210253343,1153.0
1785385450,2,total,S2,0.200000,0.000000,3100,3100,3200,3200,3200,3200,3200,3200,3200,3200,3200,54,0,1300.0,1679.9540547578579,1273.4447169932537,3330.248259997461,256.0
1785385450,2,TTFT,S3,0.400000,0.000000,2400,2400,3400,3400,3400,3400,3400,3400,3400,3400,3400,22,0,2314.9758039508015,2518.228297132406,2314.9758039508015,4146.1532629909925,9649.0
1785385450,2,total,S3,0.400000,0.000000,4800,4800,5500,5500,5500,5500,5500,5500,5500,5500,5500,22,0,3800.0,4006.366211309796,3469.237338984385,6102.9579160385765,256.0
1785385450,2,,Aggregated,1.400000,0.000000,1600,1800,2400,3100,3800,3800,3800,3800,3800,3800,3800,186,0,1300.0,1478.0140299652328,86.87065995763987,6102.9579160385765,1618.3709677419354
1785385451,2,TTFT,S1,0.100000,0.000000,180,180,180,180,180,180,180,180,180,180,180,17,0,96,138.90127164845848,86.87065995763987,608.158799004741,157.0
1785385451,2,total,S1,0.100000,0.000000,1600,1600,1600,1600,1600,1600,1600,1600,1600,1600,1600,17,0,1300.0,1408.4910454077865,1225.9388089878485,2062.329176987987,256.0
1785385451,2,TTFT,S2,0.200000,0.000000,180,180,1800,1800,1800,1800,1800,1800,1800,1800,1800,54,0,150.0,265.67300075785846,133.9475069544278,1921.3033210253343,1153.0
1785385451,2,total,S2,0.200000,0.000000,3100,3100,3200,3200,3200,3200,3200,3200,3200,3200,3200,54,0,1300.0,1679.9540547578579,1273.4447169932537,3330.248259997461,256.0
1785385451,2,TTFT,S3,0.400000,0.000000,2400,2400,2400,2400,2400,2400,2400,2400,2400,2400,2400,22,0,2314.9758039508015,2518.228297132406,2314.9758039508015,4146.1532629909925,9649.0
1785385451,2,total,S3,0.400000,0.000000,3800,3800,3800,3800,3800,3800,3800,3800,3800,3800,3800,22,0,3800.0,4006.366211309796,3469.237338984385,6102.9579160385765,256.0
1785385451,2,,Aggregated,1.400000,0.000000,1600,1800,2400,3100,3800,3800,3800,3800,3800,3800,3800,186,0,1300.0,1478.0140299652328,86.87065995763987,6102.9579160385765,1618.3709677419354
1785385452,2,TTFT,S1,0.200000,0.000000,180,180,180,180,180,180,180,180,180,180,180,17,0,96,138.90127164845848,86.87065995763987,608.158799004741,157.0
1785385452,2,total,S1,0.200000,0.000000,1600,1600,1600,1600,1600,1600,1600,1600,1600,1600,1600,17,0,1300.0,1408.4910454077865,1225.9388089878485,2062.329176987987,256.0
1785385452,2,TTFT,S2,0.300000,0.000000,230,230,230,1800,1800,1800,1800,1800,1800,1800,1800,56,0,150.0,264.4961284635688,133.9475069544278,1921.3033210253343,1153.0
1785385452,2,total,S2,0.300000,0.000000,1600,3100,3100,3200,3200,3200,3200,3200,3200,3200,3200,56,0,1300.0,1677.5149606588197,1273.4447169932537,3330.248259997461,256.0
1785385452,2,TTFT,S3,0.400000,0.000000,2400,2400,2400,2400,2400,2400,2400,2400,2400,2400,2400,22,0,2314.9758039508015,2518.228297132406,2314.9758039508015,4146.1532629909925,9649.0
1785385452,2,total,S3,0.400000,0.000000,3800,3800,3800,3800,3800,3800,3800,3800,3800,3800,3800,22,0,3800.0,4006.366211309796,3469.237338984385,6102.9579160385765,256.0
1785385452,2,,Aggregated,1.800000,0.000000,1600,1600,2300,2400,3800,3800,3800,3800,3800,3800,3800,190,0,1300.0,1466.3124714028336,86.87065995763987,6102.9579160385765,1599.1315789473683
1785385453,2,TTFT,S1,0.400000,0.000000,180,180,180,180,180,180,180,180,180,180,180,17,0,96,138.90127164845848,86.87065995763987,608.158799004741,157.0
1785385453,2,total,S1,0.400000,0.000000,1600,1600,1600,1600,1600,1600,1600,1600,1600,1600,1600,17,0,1300.0,1408.4910454077865,1225.9388089878485,2062.329176987987,256.0
1785385453,2,TTFT,S2,0.300000,0.000000,230,230,230,230,1800,1800,1800,1800,1800,1800,1800,58,0,150.0,263.3084085336405,133.9475069544278,1921.3033210253343,1153.0
1785385453,2,total,S2,0.300000,0.000000,1600,1600,3100,3100,3200,3200,3200,3200,3200,3200,3200,58,0,1300.0,1674.8554558264382,1273.4447169932537,3330.248259997461,256.0
1785385453,2,TTFT,S3,0.200000,0.000000,2400,2400,2400,2400,2400,2400,2400,2400,2400,2400,2400,22,0,2314.9758039508015,2518.228297132406,2314.9758039508015,4146.1532629909925,9649.0
1785385453,2,total,S3,0.200000,0.000000,3800,3800,3800,3800,3800,3800,3800,3800,3800,3800,3800,22,0,3800.0,4006.366211309796,3469.237338984385,6102.9579160385765,256.0
1785385453,2,,Aggregated,1.800000,0.000000,1600,1600,1600,1600,2400,3200,3800,3800,3800,3800,3800,194,0,1300.0,1454.949756229738,86.87065995763987,6102.9579160385765,1580.6855670103093
1785385454,2,TTFT,S1,0.400000,0.000000,180,180,180,180,180,180,180,180,180,180,180,17,0,96,138.90127164845848,86.87065995763987,608.158799004741,157.0
1785385454,2,total,S1,0.400000,0.000000,1600,1600,1600,1600,1600,1600,1600,1600,1600,1600,1600,17,0,1300.0,1408.4910454077865,1225.9388089878485,2062.329176987987,256.0
1785385454,2,TTFT,S2,0.300000,0.000000,230,230,230,230,1800,1800,1800,1800,1800,1800,1800,58,0,150.0,263.3084085336405,133.9475069544278,1921.3033210253343,1153.0
1785385454,2,total,S2,0.300000,0.000000,1600,1600,1600,1600,3200,3200,3200,3200,3200,3200,3200,58,0,1300.0,1674.8554558264382,1273.4447169932537,3330.248259997461,256.0
1785385454,2,TTFT,S3,0.200000,0.000000,2400,2400,2400,2400,2400,2400,2400,2400,2400,2400,2400,22,0,2314.9758039508015,2518.228297132406,2314.9758039508015,4146.1532629909925,9649.0
1785385454,2,total,S3,0.200000,0.000000,3800,3800,3800,3800,3800,3800,3800,3800,3800,3800,3800,22,0,3800.0,4006.366211309796,3469.237338984385,6102.9579160385765,256.0
1785385454,2,,Aggregated,1.800000,0.000000,1600,1600,1600,1600,2400,3200,3800,3800,3800,3800,3800,194,0,1300.0,1454.949756229738,86.87065995763987,6102.9579160385765,1580.6855670103093
1785385455,2,TTFT,S1,0.400000,0.000000,180,180,180,180,180,180,180,180,180,180,180,17,0,96,138.90127164845848,86.87065995763987,608.158799004741,157.0
1785385455,2,total,S1,0.400000,0.000000,1600,1600,1600,1600,1600,1600,1600,1600,1600,1600,1600,17,0,1300.0,1408.4910454077865,1225.9388089878485,2062.329176987987,256.0
1785385455,2,TTFT,S2,0.300000,0.000000,230,230,230,230,1800,1800,1800,1800,1800,1800,1800,58,0,150.0,263.3084085336405,133.9475069544278,1921.3033210253343,1153.0
1785385455,2,total,S2,0.300000,0.000000,1600,1600,1600,1600,3200,3200,3200,3200,3200,3200,3200,58,0,1300.0,1674.8554558264382,1273.4447169932537,3330.248259997461,256.0
1785385455,2,TTFT,S3,0.200000,0.000000,2400,2400,2400,2400,2400,2400,2400,2400,2400,2400,2400,22,0,2314.9758039508015,2518.228297132406,2314.9758039508015,4146.1532629909925,9649.0
1785385455,2,total,S3,0.200000,0.000000,3800,3800,3800,3800,3800,3800,3800,3800,3800,3800,3800,22,0,3800.0,4006.366211309796,3469.237338984385,6102.9579160385765,256.0
1785385455,2,,Aggregated,1.800000,0.000000,1600,1600,1600,1800,3200,3800,3800,3800,3800,3800,3800,194,0,1300.0,1454.949756229738,86.87065995763987,6102.9579160385765,1580.6855670103093
1785385456,2,TTFT,S1,0.400000,0.000000,180,180,180,180,180,180,180,180,180,180,180,17,0,96,138.90127164845848,86.87065995763987,608.158799004741,157.0
1785385456,2,total,S1,0.400000,0.000000,1600,1600,1600,1600,1600,1600,1600,1600,1600,1600,1600,17,0,1300.0,1408.4910454077865,1225.9388089878485,2062.329176987987,256.0
1785385456,2,TTFT,S2,0.300000,0.000000,230,230,230,230,1800,1800,1800,1800,1800,1800,1800,58,0,150.0,263.3084085336405,133.9475069544278,1921.3033210253343,1153.0
1785385456,2,total,S2,0.300000,0.000000,1600,1600,1600,1600,3200,3200,3200,3200,3200,3200,3200,58,0,1300.0,1674.8554558264382,1273.4447169932537,3330.248259997461,256.0
1785385456,2,TTFT,S3,0.200000,0.000000,2400,2400,2400,2400,2400,2400,2400,2400,2400,2400,2400,22,0,2314.9758039508015,2518.228297132406,2314.9758039508015,4146.1532629909925,9649.0
1785385456,2,total,S3,0.200000,0.000000,3800,3800,3800,3800,3800,3800,3800,3800,3800,3800,3800,22,0,3800.0,4006.366211309796,3469.237338984385,6102.9579160385765,256.0
1785385456,2,,Aggregated,1.800000,0.000000,1600,1600,1600,1800,3200,3800,3800,3800,3800,3800,3800,194,0,1300.0,1454.949756229738,86.87065995763987,6102.9579160385765,1580.6855670103093
1785385457,2,TTFT,S1,0.300000,0.000000,180,180,180,180,180,180,180,180,180,180,180,17,0,96,138.90127164845848,86.87065995763987,608.158799004741,157.0
1785385457,2,total,S1,0.300000,0.000000,1600,1600,1600,1600,1600,1600,1600,1600,1600,1600,1600,17,0,1300.0,1408.4910454077865,1225.9388089878485,2062.329176987987,256.0
1785385457,2,TTFT,S2,0.600000,0.000000,230,230,230,230,230,230,230,230,230,230,230,59,0,150.0,261.20865949078353,133.9475069544278,1921.3033210253343,1153.0
1785385457,2,total,S2,0.600000,0.000000,1600,1600,1600,1600,3100,3100,3100,3100,3100,3100,3100,59,0,1400.0,1698.7454761342556,1273.4447169932537,3330.248259997461,256.0
1785385457,2,TTFT,S3,0.100000,0.000000,2400,2400,2400,2400,2400,2400,2400,2400,2400,2400,2400,23,0,2305.9743440244347,2508.999864388581,2305.9743440244347,4146.1532629909925,9649.0
1785385457,2,total,S3,0.100000,0.000000,3800,3800,3800,3800,3800,3800,3800,3800,3800,3800,3800,23,0,3800.0,3996.4211896016345,3469.237338984385,6102.9579160385765,256.0
1785385457,2,,Aggregated,2.000000,0.000000,1600,1600,1600,1600,3100,3800,3800,3800,3800,3800,3800,198,0,1300.0,1472.5638769374164,86.87065995763987,6102.9579160385765,1605.8939393939395
1785385458,2,TTFT,S1,0.300000,0.000000,180,180,180,180,180,180,180,180,180,180,180,17,0,96,138.90127164845848,86.87065995763987,608.158799004741,157.0
1785385458,2,total,S1,0.300000,0.000000,1600,1600,1600,1600,1600,1600,1600,1600,1600,1600,1600,17,0,1300.0,1408.4910454077865,1225.9388089878485,2062.329176987987,256.0
1785385458,2,TTFT,S2,0.600000,0.000000,230,230,230,230,230,230,230,230,230,230,230,60,0,150.0,259.11619784892537,133.9475069544278,1921.3033210253343,1153.0
1785385458,2,total,S2,0.600000,0.000000,1600,1600,1600,1600,3100,3100,3100,3100,3100,3100,3100,60,0,1400.0,1697.083165148312,1273.4447169932537,3330.248259997461,256.0
1785385458,2,TTFT,S3,0.100000,0.000000,2400,2400,2400,2400,2400,2400,2400,2400,2400,2400,2400,23,0,2305.9743440244347,2508.999864388581,2305.9743440244347,4146.1532629909925,9649.0
1785385458,2,total,S3,0.100000,0.000000,3800,3800,3800,3800,3800,3800,3800,3800,3800,3800,3800,23,0,3800.0,3996.4211896016345,3469.237338984385,6102.9579160385765,256.0
1785385458,2,,Aggregated,2.000000,0.000000,1600,1600,1600,1600,2300,3100,3800,3800,3800,3800,3800,200,0,1300.0,1466.5115770578268,86.87065995763987,6102.9579160385765,1596.88
1785385459,2,TTFT,S1,0.300000,0.000000,180,180,180,180,180,180,180,180,180,180,180,17,0,96,138.90127164845848,86.87065995763987,608.158799004741,157.0
1785385459,2,total,S1,0.300000,0.000000,1600,1600,1600,1600,1600,1600,1600,1600,1600,1600,1600,17,0,1300.0,1408.4910454077865,1225.9388089878485,2062.329176987987,256.0
1785385459,2,TTFT,S2,0.600000,0.000000,230,230,230,230,230,230,230,230,230,230,230,61,0,150.0,257.1620448515369,133.9475069544278,1921.3033210253343,1153.0
1785385459,2,total,S2,0.600000,0.000000,1600,1600,1600,1600,3100,3100,3100,3100,3100,3100,3100,61,0,1400.0,1695.3847908346197,1273.4447169932537,3330.248259997461,256.0
1785385459,2,TTFT,S3,0.100000,0.000000,2400,2400,2400,2400,2400,2400,2400,2400,2400,2400,2400,23,0,2305.9743440244347,2508.999864388581,2305.9743440244347,4146.1532629909925,9649.0
1785385459,2,total,S3,0.100000,0.000000,3800,3800,3800,3800,3800,3800,3800,3800,3800,3800,3800,23,0,3800.0,3996.4211896016345,3469.237338984385,6102.9579160385765,256.0
1785385459,2,,Aggregated,2.000000,0.000000,1600,1600,1600,1600,3100,3800,3800,3800,3800,3800,3800,202,0,1300.0,1460.5728247949835,86.87065995763987,6102.9579160385765,1588.0445544554455
1785385460,2,TTFT,S1,0.300000,0.000000,180,180,180,180,180,180,180,180,180,180,180,19,0,94,134.00982121177213,86.87065995763987,608.158799004741,157.0
1785385460,2,total,S1,0.300000,0.000000,1600,1600,1600,1600,1600,1600,1600,1600,1600,1600,1600,19,0,1300.0,1422.7412923631307,1225.9388089878485,2062.329176987987,256.0
1785385460,2,TTFT,S2,0.600000,0.000000,230,230,230,230,230,230,230,230,230,230,230,61,0,150.0,257.1620448515369,133.9475069544278,1921.3033210253343,1153.0
1785385460,2,total,S2,0.600000,0.000000,1600,1600,1600,1600,3100,3100,3100,3100,3100,3100,3100,61,0,1400.0,1695.3847908346197,1273.4447169932537,3330.248259997461,256.0
1785385460,2,TTFT,S3,0.100000,0.000000,2400,2400,2400,2400,2400,2400,2400,2400,2400,2400,2400,23,0,2305.9743440244347,2508.999864388581,2305.9743440244347,4146.1532629909925,9649.0
1785385460,2,total,S3,0.100000,0.000000,3800,3800,3800,3800,3800,3800,3800,3800,3800,3800,3800,23,0,3800.0,3996.4211896016345,3469.237338984385,6102.9579160385765,256.0
1785385460,2,,Aggregated,2.000000,0.000000,1500,1600,1600,1600,3100,3800,3800,3800,3800,3800,3800,206,0,1300.0,1448.098603769678,86.87065995763987,6102.9579160385765,1561.2184466019417
1785385461,2,TTFT,S1,0.300000,0.000000,180,180,180,180,180,180,180,180,180,180,180,19,0,94,134.00982121177213,86.87065995763987,608.158799004741,157.0
1785385461,2,total,S1,0.300000,0.000000,1600,1600,1600,1600,1600,1600,1600,1600,1600,1600,1600,19,0,1300.0,1422.7412923631307,1225.9388089878485,2062.329176987987,256.0
1785385461,2,TTFT,S2,0.600000,0.000000,230,230,230,230,230,230,230,230,230,230,230,61,0,150.0,257.1620448515369,133.9475069544278,1921.3033210253343,1153.0
1785385461,2,total,S2,0.600000,0.000000,1600,1600,1600,1600,3100,3100,3100,3100,3100,3100,3100,61,0,1400.0,1695.3847908346197,1273.4447169932537,3330.248259997461,256.0
1785385461,2,TTFT,S3,0.100000,0.000000,2400,2400,2400,2400,2400,2400,2400,2400,2400,2400,2400,23,0,2305.9743440244347,2508.999864388581,2305.9743440244347,4146.1532629909925,9649.0
1785385461,2,total,S3,0.100000,0.000000,3800,3800,3800,3800,3800,3800,3800,3800,3800,3800,3800,23,0,3800.0,3996.4211896016345,3469.237338984385,6102.9579160385765,256.0
1785385461,2,,Aggregated,2.000000,0.000000,1500,1600,1600,1600,3100,3800,3800,3800,3800,3800,3800,206,0,1300.0,1448.098603769678,86.87065995763987,6102.9579160385765,1561.2184466019417
1785385462,2,TTFT,S1,0.300000,0.000000,180,180,180,180,180,180,180,180,180,180,180,19,0,94,134.00982121177213,86.87065995763987,608.158799004741,157.0
1785385462,2,total,S1,0.300000,0.000000,1600,1600,1600,1600,1600,1600,1600,1600,1600,1600,1600,19,0,1300.0,1422.7412923631307,1225.9388089878485,2062.329176987987,256.0
1785385462,2,TTFT,S2,0.600000,0.000000,140,230,230,230,230,230,230,230,230,230,230,61,0,150.0,257.1620448515369,133.9475069544278,1921.3033210253343,1153.0
1785385462,2,total,S2,0.600000,0.000000,1600,1600,1600,3100,3100,3100,3100,3100,3100,3100,3100,61,0,1400.0,1695.3847908346197,1273.4447169932537,3330.248259997461,256.0
1785385462,2,TTFT,S3,0.100000,0.000000,2300,2300,2300,2300,2300,2300,2300,2300,2300,2300,2300,23,0,2305.9743440244347,2508.999864388581,2305.9743440244347,4146.1532629909925,9649.0
1785385462,2,total,S3,0.100000,0.000000,3800,3800,3800,3800,3800,3800,3800,3800,3800,3800,3800,23,0,3800.0,3996.4211896016345,3469.237338984385,6102.9579160385765,256.0
1785385462,2,,Aggregated,2.000000,0.000000,1500,1600,1600,1600,3100,3800,3800,3800,3800,3800,3800,206,0,1300.0,1448.098603769678,86.87065995763987,6102.9579160385765,1561.2184466019417
1785385463,2,TTFT,S1,0.300000,0.000000,180,180,180,180,180,180,180,180,180,180,180,19,0,94,134.00982121177213,86.87065995763987,608.158799004741,157.0
1785385463,2,total,S1,0.300000,0.000000,1600,1600,1600,1600,1600,1600,1600,1600,1600,1600,1600,19,0,1300.0,1422.7412923631307,1225.9388089878485,2062.329176987987,256.0
1785385463,2,TTFT,S2,0.700000,0.000000,140,140,230,230,230,230,230,230,230,230,230,62,0,150.0,255.15696625675886,132.84717197529972,1921.3033210253343,1153.0
1785385463,2,total,S2,0.700000,0.000000,1600,1600,3100,3100,3100,3100,3100,3100,3100,3100,3100,62,0,1400.0,1717.253867240112,1273.4447169932537,3330.248259997461,256.0
1785385463,2,TTFT,S3,0.100000,0.000000,2300,2300,2300,2300,2300,2300,2300,2300,2300,2300,2300,23,0,2305.9743440244347,2508.999864388581,2305.9743440244347,4146.1532629909925,9649.0
1785385463,2,total,S3,0.100000,0.000000,3800,3800,3800,3800,3800,3800,3800,3800,3800,3800,3800,23,0,3800.0,3996.4211896016345,3469.237338984385,6102.9579160385765,256.0
1785385463,2,,Aggregated,2.200000,0.000000,1500,1600,1600,2300,3100,3800,3800,3800,3800,3800,3800,208,0,1300.0,1449.4828224831929,86.87065995763987,6102.9579160385765,1552.9807692307693
1785385464,2,TTFT,S1,0.200000,0.000000,93,93,110,110,110,110,110,110,110,110,110,20,0,94,132.60039145243354,86.87065995763987,608.158799004741,157.0
1785385464,2,total,S1,0.200000,0.000000,1500,1500,1600,1600,1600,1600,1600,1600,1600,1600,1600,20,0,1300.0,1430.3425658959895,1225.9388089878485,2062.329176987987,256.0
1785385464,2,TTFT,S2,0.500000,0.000000,140,140,140,140,140,140,140,140,140,140,140,62,0,150.0,255.15696625675886,132.84717197529972,1921.3033210253343,1153.0
1785385464,2,total,S2,0.500000,0.000000,3100,3100,3100,3100,3100,3100,3100,3100,3100,3100,3100,62,0,1400.0,1717.253867240112,1273.4447169932537,3330.248259997461,256.0
1785385464,2,TTFT,S3,0.100000,0.000000,2300,2300,2300,2300,2300,2300,2300,2300,2300,2300,2300,24,0,2300.0,2499.9586407478396,2292.0104970107786,4146.1532629909925,9649.0
1785385464,2,total,S3,0.100000,0.000000,3800,3800,3800,3800,3800,3800,3800,3800,3800,3800,3800,24,0,3800.0,3987.3200354510723,3469.237338984385,6102.9579160385765,256.0
1785385464,2,,Aggregated,1.600000,0.000000,1600,1600,2300,3100,3800,3800,3800,3800,3800,3800,3800,212,0,1300.0,1458.693486096926,86.87065995763987,6102.9579160385765,1572.3490566037735
1785385465,2,TTFT,S1,0.200000,0.000000,93,93,110,110,110,110,110,110,110,110,110,20,0,94,132.60039145243354,86.87065995763987,608.158799004741,157.0
1785385465,2,total,S1,0.200000,0.000000,1500,1500,1600,1600,1600,1600,1600,1600,1600,1600,1600,20,0,1300.0,1430.3425658959895,1225.9388089878485,2062.329176987987,256.0
1785385465,2,TTFT,S2,0.500000,0.000000,140,140,140,140,140,140,140,140,140,140,140,62,0,150.0,255.15696625675886,132.84717197529972,1921.3033210253343,1153.0
1785385465,2,total,S2,0.500000,0.000000,3100,3100,3100,3100,3100,3100,3100,3100,3100,3100,3100,62,0,1400.0,1717.253867240112,1273.4447169932537,3330.248259997461,256.0
1785385465,2,TTFT,S3,0.100000,0.000000,2300,2300,2300,2300,2300,2300,2300,2300,2300,2300,2300,24,0,2300.0,2499.9586407478396,2292.0104970107786,4146.1532629909925,9649.0
1785385465,2,total,S3,0.100000,0.000000,3800,3800,3800,3800,3800,3800,3800,3800,3800,3800,3800,24,0,3800.0,3987.3200354510723,3469.237338984385,6102.9579160385765,256.0
1785385465,2,,Aggregated,1.600000,0.000000,1600,1600,2300,3100,3800,3800,3800,3800,3800,3800,3800,212,0,1300.0,1458.693486096926,86.87065995763987,6102.9579160385765,1572.3490566037735
1785385466,2,TTFT,S1,0.200000,0.000000,93,93,110,110,110,110,110,110,110,110,110,21,0,94,130.56914148009605,86.87065995763987,608.158799004741,157.0
1785385466,2,total,S1,0.200000,0.000000,1600,1600,1600,1600,1600,1600,1600,1600,1600,1600,1600,21,0,1500.0,1436.8043841871743,1225.9388089878485,2062.329176987987,256.0
1785385466,2,TTFT,S2,0.400000,0.000000,140,140,140,160,160,160,160,160,160,160,160,63,0,150.0,253.6400119193815,132.84717197529972,1921.3033210253343,1153.0
1785385466,2,total,S2,0.400000,0.000000,1600,3100,3100,3100,3100,3100,3100,3100,3100,3100,3100,63,0,1600.0,1715.6978363951018,1273.4447169932537,3330.248259997461,256.0
1785385466,2,TTFT,S3,0.100000,0.000000,2300,2300,2300,2300,2300,2300,2300,2300,2300,2300,2300,24,0,2300.0,2499.9586407478396,2292.0104970107786,4146.1532629909925,9649.0
1785385466,2,total,S3,0.100000,0.000000,3800,3800,3800,3800,3800,3800,3800,3800,3800,3800,3800,24,0,3800.0,3987.3200354510723,3469.237338984385,6102.9579160385765,256.0
1785385466,2,,Aggregated,1.400000,0.000000,1600,1600,2300,2300,3800,3800,3800,3800,3800,3800,3800,216,0,1300.0,1447.5824847759213,86.87065995763987,6102.9579160385765,1551.6666666666667
1785385467,2,TTFT,S1,0.300000,0.000000,93,93,110,110,110,110,110,110,110,110,110,21,0,94,130.56914148009605,86.87065995763987,608.158799004741,157.0
1785385467,2,total,S1,0.300000,0.000000,1600,1600,1600,1600,1600,1600,1600,1600,1600,1600,1600,21,0,1500.0,1436.8043841871743,1225.9388089878485,2062.329176987987,256.0
1785385467,2,TTFT,S2,0.400000,0.000000,140,160,160,160,160,160,160,160,160,160,160,64,0,150.0,252.19036826365482,132.84717197529972,1921.3033210253343,1153.0
1785385467,2,total,S2,0.400000,0.000000,1600,1600,1600,3100,3100,3100,3100,3100,3100,3100,3100,64,0,1600.0,1714.1960028102403,1273.4447169932537,3330.248259997461,256.0
1785385467,2,TTFT,S3,0.200000,0.000000,2300,2300,2300,2300,2300,2300,2300,2300,2300,2300,2300,24,0,2300.0,2499.9586407478396,2292.0104970107786,4146.1532629909925,9649.0
1785385467,2,total,S3,0.200000,0.000000,3800,3800,3800,3800,3800,3800,3800,3800,3800,3800,3800,24,0,3800.0,3987.3200354510723,3469.237338984385,6102.9579160385765,256.0
1785385467,2,,Aggregated,1.800000,0.000000,1500,1600,1600,1600,3100,3800,3800,3800,3800,3800,3800,218,0,1300.0,1442.469082644568,86.87065995763987,6102.9579160385765,1543.894495412844
1785385468,2,TTFT,S1,0.300000,0.000000,93,93,110,110,110,110,110,110,110,110,110,21,0,94,130.56914148009605,86.87065995763987,608.158799004741,157.0
1785385468,2,total,S1,0.300000,0.000000,1600,1600,1600,1600,1600,1600,1600,1600,1600,1600,1600,21,0,1500.0,1436.8043841871743,1225.9388089878485,2062.329176987987,256.0
1785385468,2,TTFT,S2,0.400000,0.000000,140,140,160,160,160,160,160,160,160,160,160,65,0,150.0,250.41845675217562,132.84717197529972,1921.3033210253343,1153.0
1785385468,2,total,S2,0.400000,0.000000,1600,1600,1600,1600,3100,3100,3100,3100,3100,3100,3100,65,0,1600.0,1712.3360749826622,1273.4447169932537,3330.248259997461,256.0
1785385468,2,TTFT,S3,0.200000,0.000000,2300,2300,2300,2300,2300,2300,2300,2300,2300,2300,2300,24,0,2300.0,2499.9586407478396,2292.0104970107786,4146.1532629909925,9649.0
1785385468,2,total,S3,0.200000,0.000000,3800,3800,3800,3800,3800,3800,3800,3800,3800,3800,3800,24,0,3800.0,3987.3200354510723,3469.237338984385,6102.9579160385765,256.0
1785385468,2,,Aggregated,1.800000,0.000000,1500,1600,1600,1600,3100,3800,3800,3800,3800,3800,3800,220,0,1300.0,1437.2208037752318,86.87065995763987,6102.9579160385765,1536.2636363636364
1785385469,2,TTFT,S1,0.400000,0.000000,93,93,110,110,110,110,110,110,110,110,110,21,0,94,130.56914148009605,86.87065995763987,608.158799004741,157.0
1785385469,2,total,S1,0.400000,0.000000,1600,1600,1600,1600,1600,1600,1600,1600,1600,1600,1600,21,0,1500.0,1436.8043841871743,1225.9388089878485,2062.329176987987,256.0
1785385469,2,TTFT,S2,0.400000,0.000000,140,140,160,160,160,160,160,160,160,160,160,67,0,150.0,247.10305277501413,132.84717197529972,1921.3033210253343,1153.0
1785385469,2,total,S2,0.400000,0.000000,1600,1600,1600,1600,3100,3100,3100,3100,3100,3100,3100,67,0,1600.0,1709.0067363121727,1273.4447169932537,3330.248259997461,256.0
1785385469,2,TTFT,S3,0.200000,0.000000,2300,2300,2300,2300,2300,2300,2300,2300,2300,2300,2300,24,0,2300.0,2499.9586407478396,2292.0104970107786,4146.1532629909925,9649.0
1785385469,2,total,S3,0.200000,0.000000,3800,3800,3800,3800,3800,3800,3800,3800,3800,3800,3800,24,0,3800.0,3987.3200354510723,3469.237338984385,6102.9579160385765,256.0
1785385469,2,,Aggregated,2.000000,0.000000,1600,1600,1600,1600,3100,3800,3800,3800,3800,3800,3800,224,0,1300.0,1427.0932506099468,86.87065995763987,6102.9579160385765,1521.4107142857142
1785385470,2,TTFT,S1,0.400000,0.000000,93,93,110,110,110,110,110,110,110,110,110,21,0,94,130.56914148009605,86.87065995763987,608.158799004741,157.0
1785385470,2,total,S1,0.400000,0.000000,1600,1600,1600,1600,1600,1600,1600,1600,1600,1600,1600,21,0,1500.0,1436.8043841871743,1225.9388089878485,2062.329176987987,256.0
1785385470,2,TTFT,S2,0.400000,0.000000,140,140,160,160,160,160,160,160,160,160,160,67,0,150.0,247.10305277501413,132.84717197529972,1921.3033210253343,1153.0
1785385470,2,total,S2,0.400000,0.000000,1600,1600,1600,1600,3100,3100,3100,3100,3100,3100,3100,67,0,1600.0,1709.0067363121727,1273.4447169932537,3330.248259997461,256.0
1785385470,2,TTFT,S3,0.200000,0.000000,2300,2300,2300,2300,2300,2300,2300,2300,2300,2300,2300,24,0,2300.0,2499.9586407478396,2292.0104970107786,4146.1532629909925,9649.0
1785385470,2,total,S3,0.200000,0.000000,3800,3800,3800,3800,3800,3800,3800,3800,3800,3800,3800,24,0,3800.0,3987.3200354510723,3469.237338984385,6102.9579160385765,256.0
1785385470,2,,Aggregated,2.000000,0.000000,1600,1600,1600,1600,3100,3800,3800,3800,3800,3800,3800,224,0,1300.0,1427.0932506099468,86.87065995763987,6102.9579160385765,1521.4107142857142
1785385471,2,TTFT,S1,0.400000,0.000000,93,93,110,110,110,110,110,110,110,110,110,21,0,94,130.56914148009605,86.87065995763987,608.158799004741,157.0
1785385471,2,total,S1,0.400000,0.000000,1600,1600,1600,1600,1600,1600,1600,1600,1600,1600,1600,21,0,1500.0,1436.8043841871743,1225.9388089878485,2062.329176987987,256.0
1785385471,2,TTFT,S2,0.400000,0.000000,140,140,160,160,160,160,160,160,160,160,160,67,0,150.0,247.10305277501413,132.84717197529972,1921.3033210253343,1153.0
1785385471,2,total,S2,0.400000,0.000000,1600,1600,1600,1600,3100,3100,3100,3100,3100,3100,3100,67,0,1600.0,1709.0067363121727,1273.4447169932537,3330.248259997461,256.0
1785385471,2,TTFT,S3,0.200000,0.000000,2300,2300,2300,2300,2300,2300,2300,2300,2300,2300,2300,24,0,2300.0,2499.9586407478396,2292.0104970107786,4146.1532629909925,9649.0
1785385471,2,total,S3,0.200000,0.000000,3800,3800,3800,3800,3800,3800,3800,3800,3800,3800,3800,24,0,3800.0,3987.3200354510723,3469.237338984385,6102.9579160385765,256.0
1785385471,2,,Aggregated,2.000000,0.000000,1600,1600,1600,1600,3100,3800,3800,3800,3800,3800,3800,224,0,1300.0,1427.0932506099468,86.87065995763987,6102.9579160385765,1521.4107142857142
1785385472,2,TTFT,S1,0.300000,0.000000,94,94,110,110,110,110,110,110,110,110,110,22,0,94,128.912273413417,86.87065995763987,608.158799004741,157.0
1785385472,2,total,S1,0.300000,0.000000,1600,1600,3000,3000,3000,3000,3000,3000,3000,3000,3000,22,0,1500.0,1508.1887999972837,1225.9388089878485,3007.2615320095792,256.0
1785385472,2,TTFT,S2,0.600000,0.000000,140,140,160,160,160,160,160,160,160,160,160,67,0,150.0,247.10305277501413,132.84717197529972,1921.3033210253343,1153.0
1785385472,2,total,S2,0.600000,0.000000,1600,1600,1600,1600,3100,3100,3100,3100,3100,3100,3100,67,0,1600.0,1709.0067363121727,1273.4447169932537,3330.248259997461,256.0
1785385472,2,TTFT,S3,0.100000,0.000000,2300,2300,2300,2300,2300,2300,2300,2300,2300,2300,2300,24,0,2300.0,2499.9586407478396,2292.0104970107786,4146.1532629909925,9649.0
1785385472,2,total,S3,0.100000,0.000000,3800,3800,3800,3800,3800,3800,3800,3800,3800,3800,3800,24,0,3800.0,3987.3200354510723,3469.237338984385,6102.9579160385765,256.0
1785385472,2,,Aggregated,2.000000,0.000000,1600,1600,1600,2300,3100,3800,3800,3800,3800,3800,3800,226,0,1300.0,1428.187025277216,86.87065995763987,6102.9579160385765,1509.774336283186
1785385473,2,TTFT,S1,0.300000,0.000000,94,94,110,110,110,110,110,110,110,110,110,22,0,94,128.912273413417,86.87065995763987,608.158799004741,157.0
1785385473,2,total,S1,0.300000,0.000000,1600,1600,3000,3000,3000,3000,3000,3000,3000,3000,3000,22,0,1500.0,1508.1887999972837,1225.9388089878485,3007.2615320095792,256.0
1785385473,2,TTFT,S2,0.600000,0.000000,140,140,160,160,160,160,160,160,160,160,160,67,0,150.0,247.10305277501413,132.84717197529972,1921.3033210253343,1153.0
1785385473,2,total,S2,0.600000,0.000000,1600,1600,1600,1600,3100,3100,3100,3100,3100,3100,3100,67,0,1600.0,1709.0067363121727,1273.4447169932537,3330.248259997461,256.0
1785385473,2,TTFT,S3,0.100000,0.000000,2300,2300,2300,2300,2300,2300,2300,2300,2300,2300,2300,24,0,2300.0,2499.9586407478396,2292.0104970107786,4146.1532629909925,9649.0
1785385473,2,total,S3,0.100000,0.000000,3800,3800,3800,3800,3800,3800,3800,3800,3800,3800,3800,24,0,3800.0,3987.3200354510723,3469.237338984385,6102.9579160385765,256.0
1785385473,2,,Aggregated,2.000000,0.000000,1600,1600,1600,1600,3000,3800,3800,3800,3800,3800,3800,226,0,1300.0,1428.187025277216,86.87065995763987,6102.9579160385765,1509.774336283186
1785385474,2,TTFT,S1,0.200000,0.000000,94,94,94,94,94,94,94,94,94,94,94,22,0,94,128.912273413417,86.87065995763987,608.158799004741,157.0
1785385474,2,total,S1,0.200000,0.000000,3000,3000,3000,3000,3000,3000,3000,3000,3000,3000,3000,22,0,1500.0,1508.1887999972837,1225.9388089878485,3007.2615320095792,256.0
1785385474,2,TTFT,S2,0.600000,0.000000,140,160,160,160,160,160,160,160,160,160,160,67,0,150.0,247.10305277501413,132.84717197529972,1921.3033210253343,1153.0
1785385474,2,total,S2,0.600000,0.000000,1600,1600,1600,1600,1600,1600,1600,1600,1600,1600,1600,67,0,1600.0,1709.0067363121727,1273.4447169932537,3330.248259997461,256.0
1785385474,2,TTFT,S3,0.100000,0.000000,2300,2300,2300,2300,2300,2300,2300,2300,2300,2300,2300,25,0,2300.0,2493.3603869983926,2292.0104970107786,4146.1532629909925,9649.0
1785385474,2,total,S3,0.100000,0.000000,5300,5300,5300,5300,5300,5300,5300,5300,5300,5300,5300,25,0,3800.0,4038.1443326734006,3469.237338984385,6102.9579160385765,256.0
1785385474,2,,Aggregated,1.800000,0.000000,1600,1600,1600,1600,3000,5300,5300,5300,5300,5300,5300,228,0,1300.0,1448.961392437157,86.87065995763987,6102.9579160385765,1539.9736842105262
1785385475,2,TTFT,S1,0.200000,0.000000,94,94,94,94,94,94,94,94,94,94,94,22,0,94,128.912273413417,86.87065995763987,608.158799004741,157.0
1785385475,2,total,S1,0.200000,0.000000,3000,3000,3000,3000,3000,3000,3000,3000,3000,3000,3000,22,0,1500.0,1508.1887999972837,1225.9388089878485,3007.2615320095792,256.0
1785385475,2,TTFT,S2,0.600000,0.000000,140,160,160,160,160,160,160,160,160,160,160,67,0,150.0,247.10305277501413,132.84717197529972,1921.3033210253343,1153.0
1785385475,2,total,S2,0.600000,0.000000,1600,1600,1600,1600,1600,1600,1600,1600,1600,1600,1600,67,0,1600.0,1709.0067363121727,1273.4447169932537,3330.248259997461,256.0
1785385475,2,TTFT,S3,0.100000,0.000000,2300,2300,2300,2300,2300,2300,2300,2300,2300,2300,2300,25,0,2300.0,2493.3603869983926,2292.0104970107786,4146.1532629909925,9649.0
1785385475,2,total,S3,0.100000,0.000000,5300,5300,5300,5300,5300,5300,5300,5300,5300,5300,5300,25,0,3800.0,4038.1443326734006,3469.237338984385,6102.9579160385765,256.0
1785385475,2,,Aggregated,1.800000,0.000000,1600,1600,1600,2300,3000,5300,5300,5300,5300,5300,5300,228,0,1300.0,1448.961392437157,86.87065995763987,6102.9579160385765,1539.9736842105262
1785385476,2,TTFT,S1,0.200000,0.000000,94,94,94,94,94,94,94,94,94,94,94,22,0,94,128.912273413417,86.87065995763987,608.158799004741,157.0
1785385476,2,total,S1,0.200000,0.000000,3000,3000,3000,3000,3000,3000,3000,3000,3000,3000,3000,22,0,1500.0,1508.1887999972837,1225.9388089878485,3007.2615320095792,256.0
1785385476,2,TTFT,S2,0.600000,0.000000,140,140,160,160,160,160,160,160,160,160,160,67,0,150.0,247.10305277501413,132.84717197529972,1921.3033210253343,1153.0
1785385476,2,total,S2,0.600000,0.000000,1600,1600,1600,1600,1600,1600,1600,1600,1600,1600,1600,67,0,1600.0,1709.0067363121727,1273.4447169932537,3330.248259997461,256.0
1785385476,2,TTFT,S3,0.100000,0.000000,2300,2300,2300,2300,2300,2300,2300,2300,2300,2300,2300,25,0,2300.0,2493.3603869983926,2292.0104970107786,4146.1532629909925,9649.0
1785385476,2,total,S3,0.100000,0.000000,5300,5300,5300,5300,5300,5300,5300,5300,5300,5300,5300,25,0,3800.0,4038.1443326734006,3469.237338984385,6102.9579160385765,256.0
1785385476,2,,Aggregated,1.800000,0.000000,1600,1600,2300,2300,3000,5300,5300,5300,5300,5300,5300,228,0,1300.0,1448.961392437157,86.87065995763987,6102.9579160385765,1539.9736842105262
1785385477,2,TTFT,S1,0.200000,0.000000,94,94,94,94,94,94,94,94,94,94,94,22,0,94,128.912273413417,86.87065995763987,608.158799004741,157.0
1785385477,2,total,S1,0.200000,0.000000,3000,3000,3000,3000,3000,3000,3000,3000,3000,3000,3000,22,0,1500.0,1508.1887999972837,1225.9388089878485,3007.2615320095792,256.0
1785385477,2,TTFT,S2,0.500000,0.000000,140,140,160,160,160,160,160,160,160,160,160,67,0,150.0,247.10305277501413,132.84717197529972,1921.3033210253343,1153.0
1785385477,2,total,S2,0.500000,0.000000,1600,1600,1600,1600,1600,1600,1600,1600,1600,1600,1600,67,0,1600.0,1709.0067363121727,1273.4447169932537,3330.248259997461,256.0
1785385477,2,TTFT,S3,0.100000,0.000000,2300,2300,2400,2400,2400,2400,2400,2400,2400,2400,2400,26,0,2300.0,2488.1504060758743,2292.0104970107786,4146.1532629909925,9649.0
1785385477,2,total,S3,0.100000,0.000000,5300,5300,5300,5300,5300,5300,5300,5300,5300,5300,5300,26,0,3800.0,4086.9037060317796,3469.237338984385,6102.9579160385765,256.0
1785385477,2,,Aggregated,1.600000,0.000000,1600,2300,2400,3000,5300,5300,5300,5300,5300,5300,5300,230,0,1300.0,1469.6825495594605,86.87065995763987,6102.9579160385765,1569.6478260869565
1785385478,2,TTFT,S1,0.100000,0.000000,94,94,94,94,94,94,94,94,94,94,94,22,0,94,128.912273413417,86.87065995763987,608.158799004741,157.0
1785385478,2,total,S1,0.100000,0.000000,3000,3000,3000,3000,3000,3000,3000,3000,3000,3000,3000,22,0,1500.0,1508.1887999972837,1225.9388089878485,3007.2615320095792,256.0
1785385478,2,TTFT,S2,0.500000,0.000000,140,140,140,140,140,140,140,140,140,140,140,67,0,150.0,247.10305277501413,132.84717197529972,1921.3033210253343,1153.0
1785385478,2,total,S2,0.500000,0.000000,1600,1600,1600,1600,1600,1600,1600,1600,1600,1600,1600,67,0,1600.0,1709.0067363121727,1273.4447169932537,3330.248259997461,256.0
1785385478,2,TTFT,S3,0.100000,0.000000,2300,2300,2400,2400,2400,2400,2400,2400,2400,2400,2400,27,0,2300.0,2482.486898553799,2292.0104970107786,4146.1532629909925,9649.0
1785385478,2,total,S3,0.100000,0.000000,5300,5300,5300,5300,5300,5300,5300,5300,5300,5300,5300,27,0,3800.0,4077.598325252809,3469.237338984385,6102.9579160385765,256.0
1785385478,2,,Aggregated,1.400000,0.000000,2300,2400,3800,3800,5300,5300,5300,5300,5300,5300,5300,232,0,1300.0,1483.611553994204,86.87065995763987,6102.9579160385765,1598.8103448275863
1785385479,2,TTFT,S1,0.100000,0.000000,94,94,94,94,94,94,94,94,94,94,94,22,0,94,128.912273413417,86.87065995763987,608.158799004741,157.0
1785385479,2,total,S1,0.100000,0.000000,3000,3000,3000,3000,3000,3000,3000,3000,3000,3000,3000,22,0,1500.0,1508.1887999972837,1225.9388089878485,3007.2615320095792,256.0
1785385479,2,TTFT,S2,0.400000,0.000000,140,140,150,150,150,150,150,150,150,150,150,68,0,150.0,245.60386021895442,132.84717197529972,1921.3033210253343,1153.0
1785385479,2,total,S2,0.400000,0.000000,1600,1600,1600,1600,1600,1600,1600,1600,1600,1600,1600,68,0,1600.0,1708.1228995281408,1273.4447169932537,3330.248259997461,256.0
1785385479,2,TTFT,S3,0.100000,0.000000,2300,2300,2400,2400,2400,2400,2400,2400,2400,2400,2400,27,0,2300.0,2482.486898553799,2292.0104970107786,4146.1532629909925,9649.0
1785385479,2,total,S3,0.100000,0.000000,5300,5300,5300,5300,5300,5300,5300,5300,5300,5300,5300,27,0,3800.0,4077.598325252809,3469.237338984385,6102.9579160385765,256.0
1785385479,2,,Aggregated,1.200000,0.000000,2300,2400,3000,3800,5300,5300,5300,5300,5300,5300,5300,234,0,1300.0,1478.5980526522064,86.87065995763987,6102.9579160385765,1591.1666666666667
1785385480,4,TTFT,S1,0.100000,0.000000,94,94,94,94,94,94,94,94,94,94,94,22,0,94,128.912273413417,86.87065995763987,608.158799004741,157.0
1785385480,4,total,S1,0.100000,0.000000,3000,3000,3000,3000,3000,3000,3000,3000,3000,3000,3000,22,0,1500.0,1508.1887999972837,1225.9388089878485,3007.2615320095792,256.0
1785385480,4,TTFT,S2,0.400000,0.000000,150,150,190,190,190,190,190,190,190,190,190,69,0,150.0,244.79754075181899,132.84717197529972,1921.3033210253343,1153.0
1785385480,4,total,S2,0.400000,0.000000,1600,1600,1600,1600,1600,1600,1600,1600,1600,1600,1600,69,0,1600.0,1703.890578070507,1273.4447169932537,3330.248259997461,256.0
1785385480,4,TTFT,S3,0.100000,0.000000,2300,2300,2400,2400,2400,2400,2400,2400,2400,2400,2400,27,0,2300.0,2482.486898553799,2292.0104970107786,4146.1532629909925,9649.0
1785385480,4,total,S3,0.100000,0.000000,5300,5300,5300,5300,5300,5300,5300,5300,5300,5300,5300,27,0,3800.0,4077.598325252809,3469.237338984385,6102.9579160385765,256.0
1785385480,4,,Aggregated,1.200000,0.000000,2300,2400,3800,3800,5300,5300,5300,5300,5300,5300,5300,236,0,1300.0,1472.8729019345521,86.87065995763987,6102.9579160385765,1583.6525423728813
1785385481,4,TTFT,S1,0.100000,0.000000,94,94,94,94,94,94,94,94,94,94,94,22,0,94,128.912273413417,86.87065995763987,608.158799004741,157.0
1785385481,4,total,S1,0.100000,0.000000,3000,3000,3000,3000,3000,3000,3000,3000,3000,3000,3000,22,0,1500.0,1508.1887999972837,1225.9388089878485,3007.2615320095792,256.0
1785385481,4,TTFT,S2,0.400000,0.000000,150,150,190,190,190,190,190,190,190,190,190,69,0,150.0,244.79754075181899,132.84717197529972,1921.3033210253343,1153.0
1785385481,4,total,S2,0.400000,0.000000,1600,1600,1600,1600,1600,1600,1600,1600,1600,1600,1600,69,0,1600.0,1703.890578070507,1273.4447169932537,3330.248259997461,256.0
1785385481,4,TTFT,S3,0.100000,0.000000,2300,2300,2400,2400,2400,2400,2400,2400,2400,2400,2400,27,0,2300.0,2482.486898553799,2292.0104970107786,4146.1532629909925,9649.0
1785385481,4,total,S3,0.100000,0.000000,5300,5300,5300,5300,5300,5300,5300,5300,5300,5300,5300,27,0,3800.0,4077.598325252809,3469.237338984385,6102.9579160385765,256.0
1785385481,4,,Aggregated,1.200000,0.000000,2300,2400,3800,3800,5300,5300,5300,5300,5300,5300,5300,236,0,1300.0,1472.8729019345521,86.87065995763987,6102.9579160385765,1583.6525423728813
1785385482,4,TTFT,S1,0.100000,0.000000,94,94,94,94,94,94,94,94,94,94,94,22,0,94,128.912273413417,86.87065995763987,608.158799004741,157.0
1785385482,4,total,S1,0.100000,0.000000,3000,3000,3000,3000,3000,3000,3000,3000,3000,3000,3000,22,0,1500.0,1508.1887999972837,1225.9388089878485,3007.2615320095792,256.0
1785385482,4,TTFT,S2,0.400000,0.000000,150,150,190,190,190,190,190,190,190,190,190,69,0,150.0,244.79754075181899,132.84717197529972,1921.3033210253343,1153.0
1785385482,4,total,S2,0.400000,0.000000,1600,1600,1600,1600,1600,1600,1600,1600,1600,1600,1600,69,0,1600.0,1703.890578070507,1273.4447169932537,3330.248259997461,256.0
1785385482,4,TTFT,S3,0.100000,0.000000,2300,2300,2400,2400,2400,2400,2400,2400,2400,2400,2400,27,0,2300.0,2482.486898553799,2292.0104970107786,4146.1532629909925,9649.0
1785385482,4,total,S3,0.100000,0.000000,5300,5300,5300,5300,5300,5300,5300,5300,5300,5300,5300,27,0,3800.0,4077.598325252809,3469.237338984385,6102.9579160385765,256.0
1785385482,4,,Aggregated,1.200000,0.000000,2300,2400,3800,3800,5300,5300,5300,5300,5300,5300,5300,236,0,1300.0,1472.8729019345521,86.87065995763987,6102.9579160385765,1583.6525423728813
1785385483,4,TTFT,S1,0.100000,0.000000,94,94,94,94,94,94,94,94,94,94,94,22,0,94,128.912273413417,86.87065995763987,608.158799004741,157.0
1785385483,4,total,S1,0.100000,0.000000,3000,3000,3000,3000,3000,3000,3000,3000,3000,3000,3000,22,0,1500.0,1508.1887999972837,1225.9388089878485,3007.2615320095792,256.0
1785385483,4,TTFT,S2,0.200000,0.000000,190,1900,2000,2000,2000,2000,2000,2000,2000,2000,2000,72,0,150.0,315.9445431924218,132.84717197529972,1993.8724259845912,1153.0
1785385483,4,total,S2,0.200000,0.000000,1600,3400,3500,3500,3500,3500,3500,3500,3500,3500,3500,72,0,1600.0,1778.3471362611938,1273.4447169932537,3524.5177489705384,256.0
1785385483,4,TTFT,S3,0.300000,0.000000,2400,2400,2600,2600,2600,2600,2600,2600,2600,2600,2600,28,0,2300.0,2486.748930925387,2292.0104970107786,4146.1532629909925,9649.0
1785385483,4,total,S3,0.300000,0.000000,5300,5300,5300,5300,5300,5300,5300,5300,5300,5300,5300,28,0,3800.0,4080.3662090994685,3469.237338984385,6102.9579160385765,256.0
1785385483,4,,Aggregated,1.200000,0.000000,2400,3400,3500,3800,5300,5300,5300,5300,5300,5300,5300,244,0,1300.0,1519.1985592475069,86.87065995763987,6102.9579160385765,1589.6475409836066
1785385484,4,TTFT,S1,0.100000,0.000000,94,94,94,94,94,94,94,94,94,94,94,22,0,94,128.912273413417,86.87065995763987,608.158799004741,157.0
1785385484,4,total,S1,0.100000,0.000000,3000,3000,3000,3000,3000,3000,3000,3000,3000,3000,3000,22,0,1500.0,1508.1887999972837,1225.9388089878485,3007.2615320095792,256.0
1785385484,4,TTFT,S2,0.200000,0.000000,1900,2000,2000,2000,2000,2000,2000,2000,2000,2000,2000,72,0,150.0,315.9445431924218,132.84717197529972,1993.8724259845912,1153.0
1785385484,4,total,S2,0.200000,0.000000,3400,3500,3500,3500,3500,3500,3500,3500,3500,3500,3500,72,0,1600.0,1778.3471362611938,1273.4447169932537,3524.5177489705384,256.0
1785385484,4,TTFT,S3,0.300000,0.000000,2400,2400,2600,2600,2600,2600,2600,2600,2600,2600,2600,28,0,2300.0,2486.748930925387,2292.0104970107786,4146.1532629909925,9649.0
1785385484,4,total,S3,0.300000,0.000000,5300,5300,5300,5300,5300,5300,5300,5300,5300,5300,5300,28,0,3800.0,4080.3662090994685,3469.237338984385,6102.9579160385765,256.0
1785385484,4,,Aggregated,1.200000,0.000000,2400,3400,3500,3800,5300,5300,5300,5300,5300,5300,5300,244,0,1300.0,1519.1985592475069,86.87065995763987,6102.9579160385765,1589.6475409836066
1785385485,4,TTFT,S1,0.100000,0.000000,94,94,94,94,94,94,94,94,94,94,94,22,0,94,128.912273413417,86.87065995763987,608.158799004741,157.0
1785385485,4,total,S1,0.100000,0.000000,3000,3000,3000,3000,3000,3000,3000,3000,3000,3000,3000,22,0,1500.0,1508.1887999972837,1225.9388089878485,3007.2615320095792,256.0
1785385485,4,TTFT,S2,0.200000,0.000000,1900,2000,2000,2000,2000,2000,2000,2000,2000,2000,2000,72,0,150.0,315.9445431924218,132.84717197529972,1993.8724259845912,1153.0
1785385485,4,total,S2,0.200000,0.000000,3400,3500,3500,3500,3500,3500,3500,3500,3500,3500,3500,72,0,1600.0,1778.3471362611938,1273.4447169932537,3524.5177489705384,256.0
1785385485,4,TTFT,S3,0.300000,0.000000,2400,2400,2600,2600,2600,2600,2600,2600,2600,2600,2600,28,0,2300.0,2486.748930925387,2292.0104970107786,4146.1532629909925,9649.0
1785385485,4,total,S3,0.300000,0.000000,4200,4200,5300,5300,5300,5300,5300,5300,5300,5300,5300,28,0,3800.0,4080.3662090994685,3469.237338984385,6102.9579160385765,256.0
1785385485,4,,Aggregated,1.200000,0.000000,2400,3400,3500,3500,4200,5300,5300,5300,5300,5300,5300,244,0,1300.0,1519.1985592475069,86.87065995763987,6102.9579160385765,1589.6475409836066
1785385486,4,TTFT,S1,0.100000,0.000000,94,94,94,94,94,94,94,94,94,94,94,22,0,94,128.912273413417,86.87065995763987,608.158799004741,157.0
1785385486,4,total,S1,0.100000,0.000000,3000,3000,3000,3000,3000,3000,3000,3000,3000,3000,3000,22,0,1500.0,1508.1887999972837,1225.9388089878485,3007.2615320095792,256.0
1785385486,4,TTFT,S2,0.200000,0.000000,1900,2000,2000,2000,2000,2000,2000,2000,2000,2000,2000,72,0,150.0,315.9445431924218,132.84717197529972,1993.8724259845912,1153.0
1785385486,4,total,S2,0.200000,0.000000,3400,3500,3500,3500,3500,3500,3500,3500,3500,3500,3500,72,0,1600.0,1778.3471362611938,1273.4447169932537,3524.5177489705384,256.0
1785385486,4,TTFT,S3,0.300000,0.000000,2400,2400,2600,2600,2600,2600,2600,2600,2600,2600,2600,28,0,2300.0,2486.748930925387,2292.0104970107786,4146.1532629909925,9649.0
1785385486,4,total,S3,0.300000,0.000000,4200,4200,5300,5300,5300,5300,5300,5300,5300,5300,5300,28,0,3800.0,4080.3662090994685,3469.237338984385,6102.9579160385765,256.0
1785385486,4,,Aggregated,1.200000,0.000000,2400,3400,3500,3500,4200,5300,5300,5300,5300,5300,5300,244,0,1300.0,1519.1985592475069,86.87065995763987,6102.9579160385765,1589.6475409836066
1785385487,4,TTFT,S1,0.000000,0.000000,94,94,94,94,94,94,94,94,94,94,94,22,0,94,128.912273413417,86.87065995763987,608.158799004741,157.0
1785385487,4,total,S1,0.000000,0.000000,3000,3000,3000,3000,3000,3000,3000,3000,3000,3000,3000,22,0,1500.0,1508.1887999972837,1225.9388089878485,3007.2615320095792,256.0
1785385487,4,TTFT,S2,0.500000,0.000000,310,1900,2000,2000,2000,2000,2000,2000,2000,2000,2000,75,0,150.0,315.26434561160085,132.84717197529972,1993.8724259845912,1153.0
1785385487,4,total,S2,0.500000,0.000000,3500,3500,3500,3500,3500,3500,3500,3500,3500,3500,3500,75,0,1600.0,1847.0456303578492,1273.4447169932537,3524.5177489705384,256.0
1785385487,4,TTFT,S3,0.300000,0.000000,2500,2500,2600,2600,2600,2600,2600,2600,2600,2600,2600,29,0,2300.0,2487.5421326161877,2292.0104970107786,4146.1532629909925,9649.0
1785385487,4,total,S3,0.300000,0.000000,4200,4200,4300,4300,4300,4300,4300,4300,4300,4300,4300,29,0,3800.0,4086.4134525081367,3469.237338984385,6102.9579160385765,256.0
1785385487,4,,Aggregated,1.600000,0.000000,2500,3500,3500,3500,3800,4200,4300,4300,4300,4300,4300,252,0,1300.0,1542.9927927831332,86.87065995763987,6102.9579160385765,1595.2619047619048
1785385488,4,TTFT,S1,0.000000,0.000000,220,220,220,220,220,220,220,220,220,220,220,23,0,94,132.9158485244514,86.87065995763987,608.158799004741,157.0
1785385488,4,total,S1,0.000000,0.000000,3000,3000,3000,3000,3000,3000,3000,3000,3000,3000,3000,23,0,1500.0,1522.5539973876237,1225.9388089878485,3007.2615320095792,256.0
1785385488,4,TTFT,S2,0.500000,0.000000,310,310,1900,2000,2000,2000,2000,2000,2000,2000,2000,77,0,150.0,313.69587405079784,132.84717197529972,1993.8724259845912,1153.0
1785385488,4,total,S2,0.500000,0.000000,3500,3500,3500,3500,3500,3500,3500,3500,3500,3500,3500,77,0,1600.0,1847.1077823740818,1273.4447169932537,3524.5177489705384,256.0
1785385488,4,TTFT,S3,0.300000,0.000000,2500,2500,2600,2600,2600,2600,2600,2600,2600,2600,2600,29,0,2300.0,2487.5421326161877,2292.0104970107786,4146.1532629909925,9649.0
1785385488,4,total,S3,0.300000,0.000000,4200,4200,4300,4300,4300,4300,4300,4300,4300,4300,4300,29,0,3800.0,4086.4134525081367,3469.237338984385,6102.9579160385765,256.0
1785385488,4,,Aggregated,1.600000,0.000000,1900,2600,3500,3500,3500,4200,4300,4300,4300,4300,4300,258,0,1300.0,1531.404651043794,86.87065995763987,6102.9579160385765,1570.6860465116279
1785385489,4,TTFT,S1,0.000000,0.000000,220,220,220,220,220,220,220,220,220,220,220,23,0,94,132.9158485244514,86.87065995763987,608.158799004741,157.0
1785385489,4,total,S1,0.000000,0.000000,3000,3000,3000,3000,3000,3000,3000,3000,3000,3000,3000,23,0,1500.0,1522.5539973876237,1225.9388089878485,3007.2615320095792,256.0
1785385489,4,TTFT,S2,0.800000,0.000000,280,310,1900,1900,2000,2000,2000,2000,2000,2000,2000,78,0,150.0,311.5890645504129,132.84717197529972,1993.8724259845912,1153.0
1785385489,4,total,S2,0.800000,0.000000,3400,3500,3500,3500,3500,3500,3500,3500,3500,3500,3500,78,0,1600.0,1847.3852046769864,1273.4447169932537,3524.5177489705384,256.0
1785385489,4,TTFT,S3,0.300000,0.000000,2500,2500,2600,2600,2600,2600,2600,2600,2600,2600,2600,29,0,2300.0,2487.5421326161877,2292.0104970107786,4146.1532629909925,9649.0
1785385489,4,total,S3,0.300000,0.000000,4200,4200,4300,4300,4300,4300,4300,4300,4300,4300,4300,29,0,3800.0,4086.4134525081367,3469.237338984385,6102.9579160385765,256.0
1785385489,4,,Aggregated,2.200000,0.000000,1900,2500,3500,3500,3500,4200,4300,4300,4300,4300,4300,260,0,1300.0,1527.3865824012319,86.87065995763987,6102.9579160385765,1564.0230769230768
1785385490,4,TTFT,S1,0.000000,0.000000,220,220,220,220,220,220,220,220,220,220,220,24,0,94,136.51000533718616,86.87065995763987,608.158799004741,157.0
1785385490,4,total,S1,0.000000,0.000000,1800,1800,1800,1800,1800,1800,1800,1800,1800,1800,1800,24,0,1500.0,1535.3449599958064,1225.9388089878485,3007.2615320095792,256.0
1785385490,4,TTFT,S2,0.800000,0.000000,260,310,310,1900,2000,2000,2000,2000,2000,2000,2000,80,0,150.0,309.7921797365416,132.84717197529972,1993.8724259845912,1153.0
1785385490,4,total,S2,0.800000,0.000000,1900,3500,3500,3500,3500,3500,3500,3500,3500,3500,3500,80,0,1600.0,1846.9279363096575,1273.4447169932537,3524.5177489705384,256.0
1785385490,4,TTFT,S3,0.300000,0.000000,2600,2600,2600,2600,2600,2600,2600,2600,2600,2600,2600,29,0,2300.0,2487.5421326161877,2292.0104970107786,4146.1532629909925,9649.0
1785385490,4,total,S3,0.300000,0.000000,4300,4300,4300,4300,4300,4300,4300,4300,4300,4300,4300,29,0,3800.0,4086.4134525081367,3469.237338984385,6102.9579160385765,256.0
1785385490,4,,Aggregated,2.200000,0.000000,1800,2000,2600,3500,3500,4200,4300,4300,4300,4300,4300,266,0,1300.0,1516.1911293995984,86.87065995763987,6102.9579160385765,1540.890977443609
1785385491,4,TTFT,S1,0.100000,0.000000,220,220,220,220,220,220,220,220,220,220,220,24,0,94,136.51000533718616,86.87065995763987,608.158799004741,157.0
1785385491,4,total,S1,0.100000,0.000000,1800,1800,1800,1800,1800,1800,1800,1800,1800,1800,1800,24,0,1500.0,1535.3449599958064,1225.9388089878485,3007.2615320095792,256.0
1785385491,4,TTFT,S2,1.000000,0.000000,280,310,1900,1900,2000,2000,2000,2000,2000,2000,2000,81,0,150.0,307.75670057887004,132.84717197529972,1993.8724259845912,1153.0
1785385491,4,total,S2,1.000000,0.000000,3400,3500,3500,3500,3500,3500,3500,3500,3500,3500,3500,81,0,1600.0,1846.52240541663,1273.4447169932537,3524.5177489705384,256.0
1785385491,4,TTFT,S3,0.200000,0.000000,2600,2600,2600,2600,2600,2600,2600,2600,2600,2600,2600,29,0,2300.0,2487.5421326161877,2292.0104970107786,4146.1532629909925,9649.0
1785385491,4,total,S3,0.200000,0.000000,4300,4300,4300,4300,4300,4300,4300,4300,4300,4300,4300,29,0,3800.0,4086.4134525081367,3469.237338984385,6102.9579160385765,256.0
1785385491,4,,Aggregated,2.600000,0.000000,1800,2000,3400,3500,3500,4200,4300,4300,4300,4300,4300,268,0,1300.0,1512.1859653814654,86.87065995763987,6102.9579160385765,1534.6492537313434
1785385492,4,TTFT,S1,0.100000,0.000000,220,220,240,240,240,240,240,240,240,240,240,25,0,96,140.7296800822951,86.87065995763987,608.158799004741,157.0
1785385492,4,total,S1,0.100000,0.000000,1800,1800,1800,1800,1800,1800,1800,1800,1800,1800,1800,25,0,1500.0,1546.4113309560344,1225.9388089878485,3007.2615320095792,256.0
1785385492,4,TTFT,S2,0.900000,0.000000,260,310,310,1900,2000,2000,2000,2000,2000,2000,2000,83,0,150.0,306.2655359867074,132.84717197529972,1993.8724259845912,1153.0
1785385492,4,total,S2,0.900000,0.000000,1900,3500,3500,3500,3500,3500,3500,3500,3500,3500,3500,83,0,1600.0,1845.8510541542244,1273.4447169932537,3524.5177489705384,256.0
1785385492,4,TTFT,S3,0.200000,0.000000,2600,2600,2600,2600,2600,2600,2600,2600,2600,2600,2600,29,0,2300.0,2487.5421326161877,2292.0104970107786,4146.1532629909925,9649.0
1785385492,4,total,S3,0.200000,0.000000,4300,4300,4300,4300,4300,4300,4300,4300,4300,4300,4300,29,0,3800.0,4086.4134525081367,3469.237338984385,6102.9579160385765,256.0
1785385492,4,,Aggregated,2.400000,0.000000,1800,1900,2500,3400,3500,4200,4300,4300,4300,4300,4300,274,0,1300.0,1501.6383730885436,86.87065995763987,6102.9579160385765,1512.8357664233577
1785385493,4,TTFT,S1,0.100000,0.000000,220,220,240,240,240,240,240,240,240,240,240,25,0,96,140.7296800822951,86.87065995763987,608.158799004741,157.0
1785385493,4,total,S1,0.100000,0.000000,1800,1800,1800,1800,1800,1800,1800,1800,1800,1800,1800,25,0,1500.0,1546.4113309560344,1225.9388089878485,3007.2615320095792,256.0
1785385493,4,TTFT,S2,0.900000,0.000000,250,280,310,1900,2000,2000,2000,2000,2000,2000,2000,84,0,150.0,304.2531841291791,132.84717197529972,1993.8724259845912,1153.0
1785385493,4,total,S2,0.900000,0.000000,1900,3400,3500,3500,3500,3500,3500,3500,3500,3500,3500,84,0,1600.0,1845.8803076881893,1273.4447169932537,3524.5177489705384,256.0
1785385493,4,TTFT,S3,0.200000,0.000000,2600,2600,2600,2600,2600,2600,2600,2600,2600,2600,2600,29,0,2300.0,2487.5421326161877,2292.0104970107786,4146.1532629909925,9649.0
1785385493,4,total,S3,0.200000,0.000000,4300,4300,4300,4300,4300,4300,4300,4300,4300,4300,4300,29,0,3800.0,4086.4134525081367,3469.237338984385,6102.9579160385765,256.0
1785385493,4,,Aggregated,2.400000,0.000000,1800,1900,2500,3400,3500,4200,4300,4300,4300,4300,4300,276,0,1300.0,1497.9509078160238,86.87065995763987,6102.9579160385765,1506.9782608695652
1785385494,4,TTFT,S1,0.200000,0.000000,220,220,240,240,240,240,240,240,240,240,240,25,0,96,140.7296800822951,86.87065995763987,608.158799004741,157.0
1785385494,4,total,S1,0.200000,0.000000,1800,1800,1800,1800,1800,1800,1800,1800,1800,1800,1800,25,0,1500.0,1546.4113309560344,1225.9388089878485,3007.2615320095792,256.0
1785385494,4,TTFT,S2,1.200000,0.000000,250,280,300,300,310,310,310,310,310,310,310,87,0,160.0,303.848884262455,132.84717197529972,1993.8724259845912,1153.0
1785385494,4,total,S2,1.200000,0.000000,1900,1900,1900,3500,3500,3500,3500,3500,3500,3500,3500,87,0,1600.0,1846.9560309052306,1273.4447169932537,3524.5177489705384,256.0
1785385494,4,TTFT,S3,0.200000,0.000000,2600,2600,2600,2600,2600,2600,2600,2600,2600,2600,2600,29,0,2300.0,2487.5421326161877,2292.0104970107786,4146.1532629909925,9649.0
1785385494,4,total,S3,0.200000,0.000000,4300,4300,4300,4300,4300,4300,4300,4300,4300,4300,4300,29,0,3800.0,4086.4134525081367,3469.237338984385,6102.9579160385765,256.0
1785385494,4,,Aggregated,3.200000,0.000000,1800,1800,1900,1900,3500,3500,4300,4300,4300,4300,4300,282,0,1300.0,1489.1605137026677,86.87065995763987,6102.9579160385765,1489.904255319149
1785385495,4,TTFT,S1,0.200000,0.000000,220,220,240,240,240,240,240,240,240,240,240,25,0,96,140.7296800822951,86.87065995763987,608.158799004741,157.0
1785385495,4,total,S1,0.200000,0.000000,1800,1800,1800,1800,1800,1800,1800,1800,1800,1800,1800,25,0,1500.0,1546.4113309560344,1225.9388089878485,3007.2615320095792,256.0
1785385495,4,TTFT,S2,1.200000,0.000000,250,280,300,300,310,310,310,310,310,310,310,88,0,160.0,302.28447205445264,132.84717197529972,1993.8724259845912,1153.0
1785385495,4,total,S2,1.200000,0.000000,1900,1900,1900,1900,3500,3500,3500,3500,3500,3500,3500,88,0,1600.0,1847.342759985953,1273.4447169932537,3524.5177489705384,256.0
1785385495,4,TTFT,S3,0.200000,0.000000,2500,2500,2500,2500,2500,2500,2500,2500,2500,2500,2500,29,0,2300.0,2487.5421326161877,2292.0104970107786,4146.1532629909925,9649.0
1785385495,4,total,S3,0.200000,0.000000,4300,4300,4300,4300,4300,4300,4300,4300,4300,4300,4300,29,0,3800.0,4086.4134525081367,3469.237338984385,6102.9579160385765,256.0
1785385495,4,,Aggregated,3.200000,0.000000,1800,1800,1900,1900,3500,3500,4300,4300,4300,4300,4300,284,0,1300.0,1485.8818086764766,86.87065995763987,6102.9579160385765,1484.3732394366198
1785385496,4,TTFT,S1,0.300000,0.000000,220,220,240,240,240,240,240,240,240,240,240,26,0,96,138.9974057719183,86.87065995763987,608.158799004741,157.0
1785385496,4,total,S1,0.300000,0.000000,1800,1800,1800,1800,1800,1800,1800,1800,1800,1800,1800,26,0,1500.0,1555.6839683043877,1225.9388089878485,3007.2615320095792,256.0
1785385496,4,TTFT,S2,1.200000,0.000000,260,280,300,300,310,310,310,310,310,310,310,91,0,160.0,302.0056710529888,132.84717197529972,1993.8724259845912,1153.0
1785385496,4,total,S2,1.200000,0.000000,1900,1900,1900,1900,3500,3500,3500,3500,3500,3500,3500,91,0,1600.0,1848.6021743386289,1273.4447169932537,3524.5177489705384,256.0
1785385496,4,TTFT,S3,0.100000,0.000000,2500,2500,2500,2500,2500,2500,2500,2500,2500,2500,2500,29,0,2300.0,2487.5421326161877,2292.0104970107786,4146.1532629909925,9649.0
1785385496,4,total,S3,0.100000,0.000000,4300,4300,4300,4300,4300,4300,4300,4300,4300,4300,4300,29,0,3800.0,4086.4134525081367,3469.237338984385,6102.9579160385765,256.0
1785385496,4,,Aggregated,3.200000,0.000000,1800,1800,1900,1900,1900,1900,4300,4300,4300,4300,4300,292,0,1300.0,1474.0128137850224,86.87065995763987,6102.9579160385765,1459.5958904109589
1785385497,4,TTFT,S1,0.300000,0.000000,220,220,240,240,240,240,240,240,240,240,240,26,0,96,138.9974057719183,86.87065995763987,608.158799004741,157.0
1785385497,4,total,S1,0.300000,0.000000,1800,1800,1800,1800,1800,1800,1800,1800,1800,1800,1800,26,0,1500.0,1555.6839683043877,1225.9388089878485,3007.2615320095792,256.0
1785385497,4,TTFT,S2,1.200000,0.000000,250,280,300,300,300,300,300,300,300,300,300,91,0,160.0,302.0056710529888,132.84717197529972,1993.8724259845912,1153.0
1785385497,4,total,S2,1.200000,0.000000,1900,1900,1900,1900,1900,1900,1900,1900,1900,1900,1900,91,0,1600.0,1848.6021743386289,1273.4447169932537,3524.5177489705384,256.0
1785385497,4,TTFT,S3,0.100000,0.000000,2500,2500,2500,2500,2500,2500,2500,2500,2500,2500,2500,29,0,2300.0,2487.5421326161877,2292.0104970107786,4146.1532629909925,9649.0
1785385497,4,total,S3,0.100000,0.000000,4300,4300,4300,4300,4300,4300,4300,4300,4300,4300,4300,29,0,3800.0,4086.4134525081367,3469.237338984385,6102.9579160385765,256.0
1785385497,4,,Aggregated,3.200000,0.000000,1800,1800,1800,1900,1900,1900,1900,1900,1900,1900,1900,292,0,1300.0,1474.0128137850224,86.87065995763987,6102.9579160385765,1459.5958904109589
1785385498,4,TTFT,S1,0.300000,0.000000,220,220,240,240,250,250,250,250,250,250,250,28,0,96,141.45869796629995,86.87065995763987,608.158799004741,157.0
1785385498,4,total,S1,0.300000,0.000000,1800,1800,1800,1800,1800,1800,1800,1800,1800,1800,1800,28,0,1500.0,1569.0029620683551,1225.9388089878485,3007.2615320095792,256.0
1785385498,4,TTFT,S2,1.900000,0.000000,250,280,300,300,300,300,300,300,300,300,300,93,0,160.0,301.04802614854026,132.84717197529972,1993.8724259845912,1153.0
1785385498,4,total,S2,1.900000,0.000000,1900,1900,1900,1900,1900,1900,1900,1900,1900,1900,1900,93,0,1600.0,1848.2786876003017,1273.4447169932537,3524.5177489705384,256.0
1785385498,4,TTFT,S3,0.100000,0.000000,2500,2500,2500,2500,2500,2500,2500,2500,2500,2500,2500,29,0,2300.0,2487.5421326161877,2292.0104970107786,4146.1532629909925,9649.0
1785385498,4,total,S3,0.100000,0.000000,4300,4300,4300,4300,4300,4300,4300,4300,4300,4300,4300,29,0,3800.0,4086.4134525081367,3469.237338984385,6102.9579160385765,256.0
1785385498,4,,Aggregated,4.600000,0.000000,1700,1800,1800,1800,1900,1900,1900,1900,1900,1900,1900,300,0,1300.0,1461.416742760727,86.87065995763987,6102.9579160385765,1432.82
1785385499,4,TTFT,S1,0.300000,0.000000,220,240,240,250,250,250,250,250,250,250,250,28,0,96,141.45869796629995,86.87065995763987,608.158799004741,157.0
1785385499,4,total,S1,0.300000,0.000000,1800,1800,1800,1800,1800,1800,1800,1800,1800,1800,1800,28,0,1500.0,1569.0029620683551,1225.9388089878485,3007.2615320095792,256.0
1785385499,4,TTFT,S2,1.900000,0.000000,250,280,300,300,300,300,300,300,300,300,300,93,0,160.0,301.04802614854026,132.84717197529972,1993.8724259845912,1153.0
1785385499,4,total,S2,1.900000,0.000000,1800,1900,1900,1900,1900,1900,1900,1900,1900,1900,1900,93,0,1600.0,1848.2786876003017,1273.4447169932537,3524.5177489705384,256.0
1785385499,4,TTFT,S3,0.100000,0.000000,2500,2500,2500,2500,2500,2500,2500,2500,2500,2500,2500,29,0,2300.0,2487.5421326161877,2292.0104970107786,4146.1532629909925,9649.0
1785385499,4,total,S3,0.100000,0.000000,4300,4300,4300,4300,4300,4300,4300,4300,4300,4300,4300,29,0,3800.0,4086.4134525081367,3469.237338984385,6102.9579160385765,256.0
1785385499,4,,Aggregated,4.600000,0.000000,1700,1800,1800,1800,1900,1900,1900,1900,1900,1900,1900,300,0,1300.0,1461.416742760727,86.87065995763987,6102.9579160385765,1432.82
1785385500,4,TTFT,S1,0.300000,0.000000,220,240,240,250,250,250,250,250,250,250,250,28,0,96,141.45869796629995,86.87065995763987,608.158799004741,157.0
1785385500,4,total,S1,0.300000,0.000000,1800,1800,1800,1800,1800,1800,1800,1800,1800,1800,1800,28,0,1500.0,1569.0029620683551,1225.9388089878485,3007.2615320095792,256.0
1785385500,4,TTFT,S2,1.900000,0.000000,260,280,300,300,300,300,300,300,300,300,300,93,0,160.0,301.04802614854026,132.84717197529972,1993.8724259845912,1153.0
1785385500,4,total,S2,1.900000,0.000000,1900,1900,1900,1900,1900,1900,1900,1900,1900,1900,1900,93,0,1600.0,1848.2786876003017,1273.4447169932537,3524.5177489705384,256.0
1785385500,4,TTFT,S3,0.100000,0.000000,2500,2500,2500,2500,2500,2500,2500,2500,2500,2500,2500,29,0,2300.0,2487.5421326161877,2292.0104970107786,4146.1532629909925,9649.0
1785385500,4,total,S3,0.100000,0.000000,4300,4300,4300,4300,4300,4300,4300,4300,4300,4300,4300,29,0,3800.0,4086.4134525081367,3469.237338984385,6102.9579160385765,256.0
1785385500,4,,Aggregated,4.600000,0.000000,1700,1800,1800,1900,1900,1900,1900,1900,1900,1900,1900,300,0,1300.0,1461.416742760727,86.87065995763987,6102.9579160385765,1432.82
1785385501,4,TTFT,S1,0.300000,0.000000,240,240,250,250,250,250,250,250,250,250,250,28,0,96,141.45869796629995,86.87065995763987,608.158799004741,157.0
1785385501,4,total,S1,0.300000,0.000000,1800,1800,1800,1800,1800,1800,1800,1800,1800,1800,1800,28,0,1500.0,1569.0029620683551,1225.9388089878485,3007.2615320095792,256.0
1785385501,4,TTFT,S2,1.900000,0.000000,280,280,300,300,300,300,300,300,300,300,300,93,0,160.0,301.04802614854026,132.84717197529972,1993.8724259845912,1153.0
1785385501,4,total,S2,1.900000,0.000000,1900,1900,1900,1900,1900,1900,1900,1900,1900,1900,1900,93,0,1600.0,1848.2786876003017,1273.4447169932537,3524.5177489705384,256.0
1785385501,4,TTFT,S3,0.100000,0.000000,2500,2500,2500,2500,2500,2500,2500,2500,2500,2500,2500,29,0,2300.0,2487.5421326161877,2292.0104970107786,4146.1532629909925,9649.0
1785385501,4,total,S3,0.100000,0.000000,4300,4300,4300,4300,4300,4300,4300,4300,4300,4300,4300,29,0,3800.0,4086.4134525081367,3469.237338984385,6102.9579160385765,256.0
1785385501,4,,Aggregated,4.600000,0.000000,1700,1800,1800,1900,1900,1900,1900,1900,1900,1900,1900,300,0,1300.0,1461.416742760727,86.87065995763987,6102.9579160385765,1432.82
1785385502,4,TTFT,S1,0.300000,0.000000,240,240,250,250,250,250,250,250,250,250,250,28,0,96,141.45869796629995,86.87065995763987,608.158799004741,157.0
1785385502,4,total,S1,0.300000,0.000000,1800,1800,1800,1800,1800,1800,1800,1800,1800,1800,1800,28,0,1500.0,1569.0029620683551,1225.9388089878485,3007.2615320095792,256.0
1785385502,4,TTFT,S2,1.900000,0.000000,280,280,300,300,300,300,300,300,300,300,300,93,0,160.0,301.04802614854026,132.84717197529972,1993.8724259845912,1153.0
1785385502,4,total,S2,1.900000,0.000000,1900,1900,1900,1900,1900,1900,1900,1900,1900,1900,1900,93,0,1600.0,1848.2786876003017,1273.4447169932537,3524.5177489705384,256.0
1785385502,4,TTFT,S3,0.100000,0.000000,2500,2500,2500,2500,2500,2500,2500,2500,2500,2500,2500,29,0,2300.0,2487.5421326161877,2292.0104970107786,4146.1532629909925,9649.0
1785385502,4,total,S3,0.100000,0.000000,4300,4300,4300,4300,4300,4300,4300,4300,4300,4300,4300,29,0,3800.0,4086.4134525081367,3469.237338984385,6102.9579160385765,256.0
1785385502,4,,Aggregated,4.600000,0.000000,1700,1800,1800,1900,1900,1900,1900,1900,1900,1900,1900,300,0,1300.0,1461.416742760727,86.87065995763987,6102.9579160385765,1432.82
1785385503,4,TTFT,S1,0.400000,0.000000,96,96,240,240,250,250,250,250,250,250,250,30,0,96,138.30704577073143,86.87065995763987,608.158799004741,157.0
1785385503,4,total,S1,0.400000,0.000000,1800,1800,5000,5000,5000,5000,5000,5000,5000,5000,5000,30,0,1600.0,1797.4055304657668,1225.9388089878485,4997.716288024094,256.0
1785385503,4,TTFT,S2,1.300000,0.000000,280,300,300,300,300,300,300,300,300,300,300,93,0,160.0,301.04802614854026,132.84717197529972,1993.8724259845912,1153.0
1785385503,4,total,S2,1.300000,0.000000,1900,1900,1900,1900,1900,1900,1900,1900,1900,1900,1900,93,0,1600.0,1848.2786876003017,1273.4447169932537,3524.5177489705384,256.0
1785385503,4,TTFT,S3,0.000000,0.000000,2500,2500,3500,3500,3500,3500,3500,3500,3500,3500,3500,31,0,2400.0,2516.2460377698976,2292.0104970107786,4146.1532629909925,9649.0
1785385503,4,total,S3,0.000000,0.000000,5100,5100,5700,5700,5700,5700,5700,5700,5700,5700,5700,31,0,3800.0,4171.475462895262,3469.237338984385,6102.9579160385765,256.0
1785385503,4,,Aggregated,3.400000,0.000000,1800,1900,1900,1900,5000,5100,5700,5700,5700,5700,5700,308,0,1300.0,1510.6432733323286,86.87065995763987,6102.9579160385765,1462.6038961038962
1785385504,4,TTFT,S1,0.400000,0.000000,96,96,96,250,250,250,250,250,250,250,250,30,0,96,138.30704577073143,86.87065995763987,608.158799004741,157.0
1785385504,4,total,S1,0.400000,0.000000,1800,5000,5000,5000,5000,5000,5000,5000,5000,5000,5000,30,0,1600.0,1797.4055304657668,1225.9388089878485,4997.716288024094,256.0
1785385504,4,TTFT,S2,1.300000,0.000000,280,300,300,300,300,300,300,300,300,300,300,93,0,160.0,301.04802614854026,132.84717197529972,1993.8724259845912,1153.0
1785385504,4,total,S2,1.300000,0.000000,1900,1900,1900,1900,1900,1900,1900,1900,1900,1900,1900,93,0,1600.0,1848.2786876003017,1273.4447169932537,3524.5177489705384,256.0
1785385504,4,TTFT,S3,0.000000,0.000000,2500,2500,3500,3500,3500,3500,3500,3500,3500,3500,3500,31,0,2400.0,2516.2460377698976,2292.0104970107786,4146.1532629909925,9649.0
1785385504,4,total,S3,0.000000,0.000000,5100,5100,5700,5700,5700,5700,5700,5700,5700,5700,5700,31,0,3800.0,4171.475462895262,3469.237338984385,6102.9579160385765,256.0
1785385504,4,,Aggregated,3.400000,0.000000,1800,1900,2400,3500,5000,5100,5700,5700,5700,5700,5700,308,0,1300.0,1510.6432733323286,86.87065995763987,6102.9579160385765,1462.6038961038962
1785385505,4,TTFT,S1,0.400000,0.000000,96,96,96,250,250,250,250,250,250,250,250,30,0,96,138.30704577073143,86.87065995763987,608.158799004741,157.0
1785385505,4,total,S1,0.400000,0.000000,1800,5000,5000,5000,5000,5000,5000,5000,5000,5000,5000,30,0,1600.0,1797.4055304657668,1225.9388089878485,4997.716288024094,256.0
1785385505,4,TTFT,S2,1.300000,0.000000,280,300,300,300,300,300,300,300,300,300,300,93,0,160.0,301.04802614854026,132.84717197529972,1993.8724259845912,1153.0
1785385505,4,total,S2,1.300000,0.000000,1900,1900,1900,1900,1900,1900,1900,1900,1900,1900,1900,93,0,1600.0,1848.2786876003017,1273.4447169932537,3524.5177489705384,256.0
1785385505,4,TTFT,S3,0.000000,0.000000,3500,3500,3500,3500,3500,3500,3500,3500,3500,3500,3500,31,0,2400.0,2516.2460377698976,2292.0104970107786,4146.1532629909925,9649.0
1785385505,4,total,S3,0.000000,0.000000,5700,5700,5700,5700,5700,5700,5700,5700,5700,5700,5700,31,0,3800.0,4171.475462895262,3469.237338984385,6102.9579160385765,256.0
1785385505,4,,Aggregated,3.400000,0.000000,1800,1800,3500,5000,5100,5700,5700,5700,5700,5700,5700,308,0,1300.0,1510.6432733323286,86.87065995763987,6102.9579160385765,1462.6038961038962
1785385506,4,TTFT,S1,0.400000,0.000000,96,96,250,250,250,250,250,250,250,250,250,30,0,96,138.30704577073143,86.87065995763987,608.158799004741,157.0
1785385506,4,total,S1,0.400000,0.000000,5000,5000,5000,5000,5000,5000,5000,5000,5000,5000,5000,30,0,1600.0,1797.4055304657668,1225.9388089878485,4997.716288024094,256.0
1785385506,4,TTFT,S2,1.300000,0.000000,260,260,260,260,260,260,260,260,260,260,260,93,0,160.0,301.04802614854026,132.84717197529972,1993.8724259845912,1153.0
1785385506,4,total,S2,1.300000,0.000000,1800,1800,1800,1800,1800,1800,1800,1800,1800,1800,1800,93,0,1600.0,1848.2786876003017,1273.4447169932537,3524.5177489705384,256.0
1785385506,4,TTFT,S3,0.000000,0.000000,3500,3500,3500,3500,3500,3500,3500,3500,3500,3500,3500,31,0,2400.0,2516.2460377698976,2292.0104970107786,4146.1532629909925,9649.0
1785385506,4,total,S3,0.000000,0.000000,5700,5700,5700,5700,5700,5700,5700,5700,5700,5700,5700,31,0,3800.0,4171.475462895262,3469.237338984385,6102.9579160385765,256.0
1785385506,4,,Aggregated,3.400000,0.000000,1800,2400,5000,5000,5100,5700,5700,5700,5700,5700,5700,308,0,1300.0,1510.6432733323286,86.87065995763987,6102.9579160385765,1462.6038961038962
1785385507,4,TTFT,S1,0.400000,0.000000,95,95,96,96,96,96,96,96,96,96,96,30,0,96,138.30704577073143,86.87065995763987,608.158799004741,157.0
1785385507,4,total,S1,0.400000,0.000000,5000,5000,5000,5000,5000,5000,5000,5000,5000,5000,5000,30,0,1600.0,1797.4055304657668,1225.9388089878485,4997.716288024094,256.0
1785385507,4,TTFT,S2,1.300000,0.000000,260,260,260,260,260,260,260,260,260,260,260,93,0,160.0,301.04802614854026,132.84717197529972,1993.8724259845912,1153.0
1785385507,4,total,S2,1.300000,0.000000,1800,1800,1800,1800,1800,1800,1800,1800,1800,1800,1800,93,0,1600.0,1848.2786876003017,1273.4447169932537,3524.5177489705384,256.0
1785385507,4,TTFT,S3,0.000000,0.000000,3500,3500,3500,3500,3500,3500,3500,3500,3500,3500,3500,31,0,2400.0,2516.2460377698976,2292.0104970107786,4146.1532629909925,9649.0
1785385507,4,total,S3,0.000000,0.000000,5700,5700,5700,5700,5700,5700,5700,5700,5700,5700,5700,31,0,3800.0,4171.475462895262,3469.237338984385,6102.9579160385765,256.0
1785385507,4,,Aggregated,3.400000,0.000000,3500,5000,5000,5100,5700,5700,5700,5700,5700,5700,5700,308,0,1300.0,1510.6432733323286,86.87065995763987,6102.9579160385765,1462.6038961038962
1785385508,4,TTFT,S1,0.500000,0.000000,96,96,1800,1800,1800,1800,1800,1800,1800,1800,1800,31,0,96,191.1023939723119,86.87065995763987,1774.9628400197253,157.0
1785385508,4,total,S1,0.500000,0.000000,5000,5000,5100,5100,5100,5100,5100,5100,5100,5100,5100,31,0,1600.0,1903.0799584504548,1225.9388089878485,5073.312797991093,256.0
1785385508,4,TTFT,S2,0.200000,0.000000,250,250,260,260,260,260,260,260,260,260,260,94,0,160.0,299.58826771062957,132.84717197529972,1993.8724259845912,1153.0
1785385508,4,total,S2,0.200000,0.000000,1800,1800,5100,5100,5100,5100,5100,5100,5100,5100,5100,94,0,1600.0,1882.808703360113,1273.4447169932537,5094.100169022568,256.0
1785385508,4,TTFT,S3,0.200000,0.000000,3400,3400,3500,3500,3500,3500,3500,3500,3500,3500,3500,33,0,2400.0,2542.4519301776663,2292.0104970107786,4146.1532629909925,9649.0
1785385508,4,total,S3,0.200000,0.000000,5700,5700,5700,5700,5700,5700,5700,5700,5700,5700,5700,33,0,3800.0,4246.479287567182,3469.237338984385,6102.9579160385765,256.0
1785385508,4,,Aggregated,1.800000,0.000000,3500,5000,5100,5100,5700,5700,5700,5700,5700,5700,5700,316,0,1400.0,1563.6066404789099,86.87065995763987,6102.9579160385765,1494.0316455696202
1785385509,4,TTFT,S1,0.500000,0.000000,96,96,1800,1800,1800,1800,1800,1800,1800,1800,1800,31,0,96,191.1023939723119,86.87065995763987,1774.9628400197253,157.0
1785385509,4,total,S1,0.500000,0.000000,5000,5000,5100,5100,5100,5100,5100,5100,5100,5100,5100,31,0,1600.0,1903.0799584504548,1225.9388089878485,5073.312797991093,256.0
1785385509,4,TTFT,S2,0.200000,0.000000,250,250,260,260,260,260,260,260,260,260,260,94,0,160.0,299.58826771062957,132.84717197529972,1993.8724259845912,1153.0
1785385509,4,total,S2,0.200000,0.000000,1800,1800,5100,5100,5100,5100,5100,5100,5100,5100,5100,94,0,1600.0,1882.808703360113,1273.4447169932537,5094.100169022568,256.0
1785385509,4,TTFT,S3,0.200000,0.000000,3400,3400,3500,3500,3500,3500,3500,3500,3500,3500,3500,33,0,2400.0,2542.4519301776663,2292.0104970107786,4146.1532629909925,9649.0
1785385509,4,total,S3,0.200000,0.000000,5700,5700,5700,5700,5700,5700,5700,5700,5700,5700,5700,33,0,3800.0,4246.479287567182,3469.237338984385,6102.9579160385765,256.0
1785385509,4,,Aggregated,1.800000,0.000000,3500,5000,5100,5100,5700,5700,5700,5700,5700,5700,5700,316,0,1400.0,1563.6066404789099,86.87065995763987,6102.9579160385765,1494.0316455696202
1785385510,4,TTFT,S1,0.300000,0.000000,95,95,1800,1800,1800,1800,1800,1800,1800,1800,1800,31,0,96,191.1023939723119,86.87065995763987,1774.9628400197253,157.0
1785385510,4,total,S1,0.300000,0.000000,5000,5000,5100,5100,5100,5100,5100,5100,5100,5100,5100,31,0,1600.0,1903.0799584504548,1225.9388089878485,5073.312797991093,256.0
1785385510,4,TTFT,S2,0.100000,0.000000,260,270,280,280,300,300,300,300,300,300,300,98,0,160.0,297.61529345735335,132.84717197529972,1993.8724259845912,1153.0
1785385510,4,total,S2,0.100000,0.000000,2000,2000,2000,2000,5100,5100,5100,5100,5100,5100,5100,98,0,1600.0,1885.72734042679,1273.4447169932537,5094.100169022568,256.0
1785385510,4,TTFT,S3,0.200000,0.000000,3400,3400,3500,3500,3500,3500,3500,3500,3500,3500,3500,33,0,2400.0,2542.4519301776663,2292.0104970107786,4146.1532629909925,9649.0
1785385510,4,total,S3,0.200000,0.000000,5700,5700,5700,5700,5700,5700,5700,5700,5700,5700,5700,33,0,3800.0,4246.479287567182,3469.237338984385,6102.9579160385765,256.0
1785385510,4,,Aggregated,1.200000,0.000000,2400,3500,5100,5100,5100,5700,5700,5700,5700,5700,5700,324,0,1400.0,1552.2282754053451,86.87065995763987,6102.9579160385765,1474.537037037037
1785385511,4,TTFT,S1,0.300000,0.000000,95,95,1800,1800,1800,1800,1800,1800,1800,1800,1800,31,0,96,191.1023939723119,86.87065995763987,1774.9628400197253,157.0
1785385511,4,total,S1,0.300000,0.000000,5000,5000,5100,5100,5100,5100,5100,5100,5100,5100,5100,31,0,1600.0,1903.0799584504548,1225.9388089878485,5073.312797991093,256.0
1785385511,4,TTFT,S2,0.100000,0.000000,260,270,280,280,300,300,300,300,300,300,300,98,0,160.0,297.61529345735335,132.84717197529972,1993.8724259845912,1153.0
1785385511,4,total,S2,0.100000,0.000000,2000,2000,2000,2000,5100,5100,5100,5100,5100,5100,5100,98,0,1600.0,1885.72734042679,1273.4447169932537,5094.100169022568,256.0
1785385511,4,TTFT,S3,0.200000,0.000000,3400,3400,3500,3500,3500,3500,3500,3500,3500,3500,3500,33,0,2400.0,2542.4519301776663,2292.0104970107786,4146.1532629909925,9649.0
1785385511,4,total,S3,0.200000,0.000000,5700,5700,5700,5700,5700,5700,5700,5700,5700,5700,5700,33,0,3800.0,4246.479287567182,3469.237338984385,6102.9579160385765,256.0
1785385511,4,,Aggregated,1.200000,0.000000,2400,3500,5100,5100,5100,5700,5700,5700,5700,5700,5700,324,0,1400.0,1552.2282754053451,86.87065995763987,6102.9579160385765,1474.537037037037
1785385512,4,TTFT,S1,0.300000,0.000000,95,95,1800,1800,1800,1800,1800,1800,1800,1800,1800,31,0,96,191.1023939723119,86.87065995763987,1774.9628400197253,157.0
1785385512,4,total,S1,0.300000,0.000000,5000,5000,5100,5100,5100,5100,5100,5100,5100,5100,5100,31,0,1600.0,1903.0799584504548,1225.9388089878485,5073.312797991093,256.0
1785385512,4,TTFT,S2,0.100000,0.000000,270,280,280,300,300,300,300,300,300,300,300,98,0,160.0,297.61529345735335,132.84717197529972,1993.8724259845912,1153.0
1785385512,4,total,S2,0.100000,0.000000,2000,2000,2000,5100,5100,5100,5100,5100,5100,5100,5100,98,0,1600.0,1885.72734042679,1273.4447169932537,5094.100169022568,256.0
1785385512,4,TTFT,S3,0.200000,0.000000,3400,3400,3500,3500,3500,3500,3500,3500,3500,3500,3500,33,0,2400.0,2542.4519301776663,2292.0104970107786,4146.1532629909925,9649.0
1785385512,4,total,S3,0.200000,0.000000,5700,5700,5700,5700,5700,5700,5700,5700,5700,5700,5700,33,0,3800.0,4246.479287567182,3469.237338984385,6102.9579160385765,256.0
1785385512,4,,Aggregated,1.200000,0.000000,2400,3500,5100,5100,5700,5700,5700,5700,5700,5700,5700,324,0,1400.0,1552.2282754053451,86.87065995763987,6102.9579160385765,1474.537037037037
1785385513,4,TTFT,S1,0.300000,0.000000,95,95,1800,1800,1800,1800,1800,1800,1800,1800,1800,31,0,96,191.1023939723119,86.87065995763987,1774.9628400197253,157.0
1785385513,4,total,S1,0.300000,0.000000,5000,5000,5100,5100,5100,5100,5100,5100,5100,5100,5100,31,0,1600.0,1903.0799584504548,1225.9388089878485,5073.312797991093,256.0
1785385513,4,TTFT,S2,0.500000,0.000000,270,270,280,280,300,300,300,300,300,300,300,99,0,160.0,297.2342794933921,132.84717197529972,1993.8724259845912,1153.0
1785385513,4,total,S2,0.500000,0.000000,2000,2000,3600,3600,5100,5100,5100,5100,5100,5100,5100,99,0,1600.0,1903.266290159816,1273.4447169932537,5094.100169022568,256.0
1785385513,4,TTFT,S3,0.400000,0.000000,3400,3400,3500,3500,3500,3500,3500,3500,3500,3500,3500,33,0,2400.0,2542.4519301776663,2292.0104970107786,4146.1532629909925,9649.0
1785385513,4,total,S3,0.400000,0.000000,5700,5700,5700,5700,5700,5700,5700,5700,5700,5700,5700,33,0,3800.0,4246.479287567182,3469.237338984385,6102.9579160385765,256.0
1785385513,4,,Aggregated,2.400000,0.000000,2400,3500,5100,5100,5100,5700,5700,5700,5700,5700,5700,326,0,1400.0,1554.613311369182,86.87065995763987,6102.9579160385765,1469.8128834355828
1785385514,4,TTFT,S1,0.300000,0.000000,190,190,190,1800,1800,1800,1800,1800,1800,1800,1800,33,0,96,190.91252654889655,86.87065995763987,1774.9628400197253,157.0
1785385514,4,total,S1,0.300000,0.000000,5000,5000,5000,5100,5100,5100,5100,5100,5100,5100,5100,33,0,1600.0,1998.1372667261344,1225.9388089878485,5073.312797991093,256.0
1785385514,4,TTFT,S2,0.500000,0.000000,270,270,280,280,300,300,300,300,300,300,300,99,0,160.0,297.2342794933921,132.84717197529972,1993.8724259845912,1153.0
1785385514,4,total,S2,0.500000,0.000000,2000,2000,3600,3600,5100,5100,5100,5100,5100,5100,5100,99,0,1600.0,1903.266290159816,1273.4447169932537,5094.100169022568,256.0
1785385514,4,TTFT,S3,0.400000,0.000000,2500,3400,3400,3500,3500,3500,3500,3500,3500,3500,3500,34,0,2400.0,2535.44847708305,2292.0104970107786,4146.1532629909925,9649.0
1785385514,4,total,S3,0.400000,0.000000,5100,5700,5700,5700,5700,5700,5700,5700,5700,5700,5700,34,0,3800.0,4239.385318137733,3469.237338984385,6102.9579160385765,256.0
1785385514,4,,Aggregated,2.400000,0.000000,2400,3500,4000,5100,5100,5700,5700,5700,5700,5700,5700,332,0,1400.0,1567.5679175037658,86.87065995763987,6102.9579160385765,1475.5722891566265
1785385515,4,TTFT,S1,0.300000,0.000000,190,190,1800,1800,1800,1800,1800,1800,1800,1800,1800,33,0,96,190.91252654889655,86.87065995763987,1774.9628400197253,157.0
1785385515,4,total,S1,0.300000,0.000000,3500,3500,5100,5100,5100,5100,5100,5100,5100,5100,5100,33,0,1600.0,1998.1372667261344,1225.9388089878485,5073.312797991093,256.0
1785385515,4,TTFT,S2,0.500000,0.000000,270,270,280,280,300,300,300,300,300,300,300,99,0,160.0,297.2342794933921,132.84717197529972,1993.8724259845912,1153.0
1785385515,4,total,S2,0.500000,0.000000,2000,2000,3600,3600,5100,5100,5100,5100,5100,5100,5100,99,0,1600.0,1903.266290159816,1273.4447169932537,5094.100169022568,256.0
1785385515,4,TTFT,S3,0.400000,0.000000,2500,2500,3400,3400,3400,3400,3400,3400,3400,3400,3400,34,0,2400.0,2535.44847708305,2292.0104970107786,4146.1532629909925,9649.0
1785385515,4,total,S3,0.400000,0.000000,5100,5100,5700,5700,5700,5700,5700,5700,5700,5700,5700,34,0,3800.0,4239.385318137733,3469.237338984385,6102.9579160385765,256.0
1785385515,4,,Aggregated,2.400000,0.000000,2000,3400,3600,4000,5100,5100,5700,5700,5700,5700,5700,332,0,1400.0,1567.5679175037658,86.87065995763987,6102.9579160385765,1475.5722891566265
1785385516,4,TTFT,S1,0.300000,0.000000,190,190,1800,1800,1800,1800,1800,1800,1800,1800,1800,33,0,96,190.91252654889655,86.87065995763987,1774.9628400197253,157.0
1785385516,4,total,S1,0.300000,0.000000,3500,3500,5100,5100,5100,5100,5100,5100,5100,5100,5100,33,0,1600.0,1998.1372667261344,1225.9388089878485,5073.312797991093,256.0
1785385516,4,TTFT,S2,0.500000,0.000000,270,270,280,280,300,300,300,300,300,300,300,99,0,160.0,297.2342794933921,132.84717197529972,1993.8724259845912,1153.0
1785385516,4,total,S2,0.500000,0.000000,2000,2000,3600,3600,5100,5100,5100,5100,5100,5100,5100,99,0,1600.0,1903.266290159816,1273.4447169932537,5094.100169022568,256.0
1785385516,4,TTFT,S3,0.400000,0.000000,2500,2500,3400,3400,3400,3400,3400,3400,3400,3400,3400,34,0,2400.0,2535.44847708305,2292.0104970107786,4146.1532629909925,9649.0
1785385516,4,total,S3,0.400000,0.000000,5100,5100,5700,5700,5700,5700,5700,5700,5700,5700,5700,34,0,3800.0,4239.385318137733,3469.237338984385,6102.9579160385765,256.0
1785385516,4,,Aggregated,2.400000,0.000000,2000,3400,3600,4000,5100,5100,5700,5700,5700,5700,5700,332,0,1400.0,1567.5679175037658,86.87065995763987,6102.9579160385765,1475.5722891566265
1785385517,4,TTFT,S1,0.300000,0.000000,190,190,1800,1800,1800,1800,1800,1800,1800,1800,1800,34,0,96,188.1189737982555,86.87065995763987,1774.9628400197253,157.0
1785385517,4,total,S1,0.300000,0.000000,3500,3500,5100,5100,5100,5100,5100,5100,5100,5100,5100,34,0,1600.0,2041.570867440896,1225.9388089878485,5073.312797991093,256.0
1785385517,4,TTFT,S2,0.600000,0.000000,260,270,280,280,300,300,300,300,300,300,300,100,0,160.0,295.7171210483648,132.84717197529972,1993.8724259845912,1153.0
1785385517,4,total,S2,0.600000,0.000000,2000,3500,3600,3600,5100,5100,5100,5100,5100,5100,5100,100,0,1600.0,1919.1591501480434,1273.4447169932537,5094.100169022568,256.0
1785385517,4,TTFT,S3,0.300000,0.000000,2500,2500,3400,3400,3400,3400,3400,3400,3400,3400,3400,34,0,2400.0,2535.44847708305,2292.0104970107786,4146.1532629909925,9649.0
1785385517,4,total,S3,0.300000,0.000000,5100,5100,5700,5700,5700,5700,5700,5700,5700,5700,5700,34,0,3800.0,4239.385318137733,3469.237338984385,6102.9579160385765,256.0
1785385517,4,,Aggregated,2.400000,0.000000,2000,3500,3500,3500,5100,5100,5700,5700,5700,5700,5700,336,0,1400.0,1570.3614010692816,86.87065995763987,6102.9579160385765,1463.4285714285713
1785385518,4,TTFT,S1,0.300000,0.000000,190,190,1800,1800,1800,1800,1800,1800,1800,1800,1800,34,0,96,188.1189737982555,86.87065995763987,1774.9628400197253,157.0
1785385518,4,total,S1,0.300000,0.000000,3500,3500,5100,5100,5100,5100,5100,5100,5100,5100,5100,34,0,1600.0,2041.570867440896,1225.9388089878485,5073.312797991093,256.0
1785385518,4,TTFT,S2,0.600000,0.000000,270,280,300,300,1900,1900,1900,1900,1900,1900,1900,101,0,160.0,311.2450004042366,132.84717197529972,1993.8724259845912,1153.0
1785385518,4,total,S2,0.600000,0.000000,2000,3500,3600,3600,3600,3600,3600,3600,3600,3600,3600,101,0,1600.0,1935.6202401865116,1273.4447169932537,5094.100169022568,256.0
1785385518,4,TTFT,S3,0.300000,0.000000,2500,2500,3400,3400,3400,3400,3400,3400,3400,3400,3400,35,0,2400.0,2531.5491810241447,2292.0104970107786,4146.1532629909925,9649.0
1785385518,4,total,S3,0.300000,0.000000,5100,5100,5700,5700,5700,5700,5700,5700,5700,5700,5700,35,0,3800.0,4235.9176249625825,3469.237338984385,6102.9579160385765,256.0
1785385518,4,,Aggregated,2.400000,0.000000,2000,2400,3500,3500,3600,4000,4100,4100,4100,4100,4100,340,0,1500.0,1587.0711238568595,86.87065995763987,6102.9579160385765,1479.4882352941177
1785385519,4,TTFT,S1,0.300000,0.000000,190,190,1800,1800,1800,1800,1800,1800,1800,1800,1800,34,0,96,188.1189737982555,86.87065995763987,1774.9628400197253,157.0
1785385519,4,total,S1,0.300000,0.000000,3500,3500,5100,5100,5100,5100,5100,5100,5100,5100,5100,34,0,1600.0,2041.570867440896,1225.9388089878485,5073.312797991093,256.0
1785385519,4,TTFT,S2,0.700000,0.000000,270,280,300,300,1900,1900,1900,1900,1900,1900,1900,103,0,160.0,308.1265996002312,132.84717197529972,1993.8724259845912,1153.0
1785385519,4,total,S2,0.700000,0.000000,2000,3500,3600,3600,3600,3600,3600,3600,3600,3600,3600,103,0,1600.0,1936.5319229986799,1273.4447169932537,5094.100169022568,256.0
1785385519,4,TTFT,S3,0.300000,0.000000,2500,2500,3400,3400,3400,3400,3400,3400,3400,3400,3400,35,0,2400.0,2531.5491810241447,2292.0104970107786,4146.1532629909925,9649.0
1785385519,4,total,S3,0.300000,0.000000,5100,5100,5700,5700,5700,5700,5700,5700,5700,5700,5700,35,0,3800.0,4235.9176249625825,3469.237338984385,6102.9579160385765,256.0
1785385519,4,,Aggregated,2.600000,0.000000,2000,2400,3500,3500,3600,4000,4100,4100,4100,4100,4100,344,0,1500.0,1581.019246044635,86.87065995763987,6102.9579160385765,1470.4767441860465
1785385520,4,TTFT,S1,0.400000,0.000000,190,190,190,190,190,190,190,190,190,190,190,34,0,96,188.1189737982555,86.87065995763987,1774.9628400197253,157.0
1785385520,4,total,S1,0.400000,0.000000,3500,3500,3500,3500,3500,3500,3500,3500,3500,3500,3500,34,0,1600.0,2041.570867440896,1225.9388089878485,5073.312797991093,256.0
1785385520,4,TTFT,S2,0.600000,0.000000,250,270,280,280,300,1900,1900,1900,1900,1900,1900,106,0,160.0,306.4991537902179,132.84717197529972,1993.8724259845912,1153.0
1785385520,4,total,S2,0.600000,0.000000,2000,2000,3500,3500,3600,3600,3600,3600,3600,3600,3600,106,0,1600.0,1938.1844823183887,1273.4447169932537,5094.100169022568,256.0
1785385520,4,TTFT,S3,0.300000,0.000000,2500,2500,3400,3400,3400,3400,3400,3400,3400,3400,3400,35,0,2400.0,2531.5491810241447,2292.0104970107786,4146.1532629909925,9649.0
1785385520,4,total,S3,0.300000,0.000000,5100,5100,5700,5700,5700,5700,5700,5700,5700,5700,5700,35,0,3800.0,4235.9176249625825,3469.237338984385,6102.9579160385765,256.0
1785385520,4,,Aggregated,2.600000,0.000000,2000,2000,3500,3500,3600,4000,4100,4100,4100,4100,4100,350,0,1500.0,1573.1635949690826,86.87065995763987,6102.9579160385765,1457.3457142857144
1785385521,4,TTFT,S1,0.400000,0.000000,190,190,190,190,190,190,190,190,190,190,190,34,0,96,188.1189737982555,86.87065995763987,1774.9628400197253,157.0
1785385521,4,total,S1,0.400000,0.000000,3500,3500,3500,3500,3500,3500,3500,3500,3500,3500,3500,34,0,1600.0,2041.570867440896,1225.9388089878485,5073.312797991093,256.0
1785385521,4,TTFT,S2,0.600000,0.000000,250,250,260,260,1900,1900,1900,1900,1900,1900,1900,106,0,160.0,306.4991537902179,132.84717197529972,1993.8724259845912,1153.0
1785385521,4,total,S2,0.600000,0.000000,2000,3500,3600,3600,3600,3600,3600,3600,3600,3600,3600,106,0,1600.0,1938.1844823183887,1273.4447169932537,5094.100169022568,256.0
1785385521,4,TTFT,S3,0.300000,0.000000,2400,2400,2400,2400,2400,2400,2400,2400,2400,2400,2400,35,0,2400.0,2531.5491810241447,2292.0104970107786,4146.1532629909925,9649.0
1785385521,4,total,S3,0.300000,0.000000,4100,4100,4100,4100,4100,4100,4100,4100,4100,4100,4100,35,0,3800.0,4235.9176249625825,3469.237338984385,6102.9579160385765,256.0
1785385521,4,,Aggregated,2.600000,0.000000,2000,2400,3500,3500,3600,4000,4100,4100,4100,4100,4100,350,0,1500.0,1573.1635949690826,86.87065995763987,6102.9579160385765,1457.3457142857144
1785385522,4,TTFT,S1,0.400000,0.000000,190,190,190,190,190,190,190,190,190,190,190,34,0,96,188.1189737982555,86.87065995763987,1774.9628400197253,157.0
1785385522,4,total,S1,0.400000,0.000000,3500,3500,3500,3500,3500,3500,3500,3500,3500,3500,3500,34,0,1600.0,2041.570867440896,1225.9388089878485,5073.312797991093,256.0
1785385522,4,TTFT,S2,0.600000,0.000000,250,250,260,260,1900,1900,1900,1900,1900,1900,1900,106,0,160.0,306.4991537902179,132.84717197529972,1993.8724259845912,1153.0
1785385522,4,total,S2,0.600000,0.000000,2000,3500,3600,3600,3600,3600,3600,3600,3600,3600,3600,106,0,1600.0,1938.1844823183887,1273.4447169932537,5094.100169022568,256.0
1785385522,4,TTFT,S3,0.300000,0.000000,2400,2400,2400,2400,2400,2400,2400,2400,2400,2400,2400,35,0,2400.0,2531.5491810241447,2292.0104970107786,4146.1532629909925,9649.0
1785385522,4,total,S3,0.300000,0.000000,4100,4100,4100,4100,4100,4100,4100,4100,4100,4100,4100,35,0,3800.0,4235.9176249625825,3469.237338984385,6102.9579160385765,256.0
1785385522,4,,Aggregated,2.600000,0.000000,2000,2400,3500,3500,3600,4000,4100,4100,4100,4100,4100,350,0,1500.0,1573.1635949690826,86.87065995763987,6102.9579160385765,1457.3457142857144
1785385523,4,TTFT,S1,0.400000,0.000000,190,190,190,190,190,190,190,190,190,190,190,34,0,96,188.1189737982555,86.87065995763987,1774.9628400197253,157.0
1785385523,4,total,S1,0.400000,0.000000,3500,3500,3500,3500,3500,3500,3500,3500,3500,3500,3500,34,0,1600.0,2041.570867440896,1225.9388089878485,5073.312797991093,256.0
1785385523,4,TTFT,S2,0.600000,0.000000,250,250,260,260,1900,1900,1900,1900,1900,1900,1900,106,0,160.0,306.4991537902179,132.84717197529972,1993.8724259845912,1153.0
1785385523,4,total,S2,0.600000,0.000000,2000,3500,3600,3600,3600,3600,3600,3600,3600,3600,3600,106,0,1600.0,1938.1844823183887,1273.4447169932537,5094.100169022568,256.0
1785385523,4,TTFT,S3,0.300000,0.000000,2400,2400,2400,2400,2400,2400,2400,2400,2400,2400,2400,35,0,2400.0,2531.5491810241447,2292.0104970107786,4146.1532629909925,9649.0
1785385523,4,total,S3,0.300000,0.000000,4100,4100,4100,4100,4100,4100,4100,4100,4100,4100,4100,35,0,3800.0,4235.9176249625825,3469.237338984385,6102.9579160385765,256.0
1785385523,4,,Aggregated,2.600000,0.000000,2000,2300,3500,3500,4000,4100,4100,4100,4100,4100,4100,350,0,1500.0,1573.1635949690826,86.87065995763987,6102.9579160385765,1457.3457142857144
1785385524,4,TTFT,S1,0.300000,0.000000,190,190,190,190,190,190,190,190,190,190,190,34,0,96,188.1189737982555,86.87065995763987,1774.9628400197253,157.0
1785385524,4,total,S1,0.300000,0.000000,3500,3500,3500,3500,3500,3500,3500,3500,3500,3500,3500,34,0,1600.0,2041.570867440896,1225.9388089878485,5073.312797991093,256.0
1785385524,4,TTFT,S2,0.800000,0.000000,250,250,250,250,1900,1900,1900,1900,1900,1900,1900,107,0,160.0,304.93170457726745,132.84717197529972,1993.8724259845912,1153.0
1785385524,4,total,S2,0.800000,0.000000,2000,3500,3600,3600,5100,5100,5100,5100,5100,5100,5100,107,0,1600.0,1968.1846437547094,1273.4447169932537,5148.20175600471,256.0
1785385524,4,TTFT,S3,0.200000,0.000000,2400,2400,2400,2400,2400,2400,2400,2400,2400,2400,2400,35,0,2400.0,2531.5491810241447,2292.0104970107786,4146.1532629909925,9649.0
1785385524,4,total,S3,0.200000,0.000000,4100,4100,4100,4100,4100,4100,4100,4100,4100,4100,4100,35,0,3800.0,4235.9176249625825,3469.237338984385,6102.9579160385765,256.0
1785385524,4,,Aggregated,2.600000,0.000000,2000,2300,3500,3500,4000,4100,5100,5100,5100,5100,5100,352,0,1500.0,1579.245005918148,86.87065995763987,6102.9579160385765,1453.0681818181818
1785385525,4,TTFT,S1,0.300000,0.000000,96,96,96,96,96,96,96,96,96,96,96,34,0,96,188.1189737982555,86.87065995763987,1774.9628400197253,157.0
1785385525,4,total,S1,0.300000,0.000000,3500,3500,3500,3500,3500,3500,3500,3500,3500,3500,3500,34,0,1600.0,2041.570867440896,1225.9388089878485,5073.312797991093,256.0
1785385525,4,TTFT,S2,0.800000,0.000000,170,250,250,250,1900,1900,1900,1900,1900,1900,1900,108,0,160.0,303.718336044026,132.84717197529972,1993.8724259845912,1153.0
1785385525,4,total,S2,0.800000,0.000000,2000,3500,3600,5100,5200,5200,5200,5200,5200,5200,5200,108,0,1600.0,1998.2099893774528,1273.4447169932537,5210.9219710109755,256.0
1785385525,4,TTFT,S3,0.200000,0.000000,2400,2400,2400,2400,2400,2400,2400,2400,2400,2400,2400,35,0,2400.0,2531.5491810241447,2292.0104970107786,4146.1532629909925,9649.0
1785385525,4,total,S3,0.200000,0.000000,4100,4100,4100,4100,4100,4100,4100,4100,4100,4100,4100,35,0,3800.0,4235.9176249625825,3469.237338984385,6102.9579160385765,256.0
1785385525,4,,Aggregated,2.600000,0.000000,1900,2000,3500,3500,4100,5100,5200,5200,5200,5200,5200,354,0,1500.0,1585.5340450767974,86.87065995763987,6102.9579160385765,1448.8389830508474
1785385526,4,TTFT,S1,0.100000,0.000000,96,96,96,96,96,96,96,96,96,96,96,34,0,96,188.1189737982555,86.87065995763987,1774.9628400197253,157.0
1785385526,4,total,S1,0.100000,0.000000,3500,3500,3500,3500,3500,3500,3500,3500,3500,3500,3500,34,0,1600.0,2041.570867440896,1225.9388089878485,5073.312797991093,256.0
1785385526,4,TTFT,S2,0.700000,0.000000,170,250,250,250,1900,1900,1900,1900,1900,1900,1900,109,0,160.0,302.40837208031667,132.84717197529972,1993.8724259845912,1153.0
1785385526,4,total,S2,0.700000,0.000000,2000,3500,3600,5100,5200,5200,5200,5200,5200,5200,5200,109,0,1700.0,1997.0632909702076,1273.4447169932537,5210.9219710109755,256.0
1785385526,4,TTFT,S3,0.200000,0.000000,2400,2400,3500,3500,3500,3500,3500,3500,3500,3500,3500,37,0,2400.0,2552.966837590321,2292.0104970107786,4146.1532629909925,9649.0
1785385526,4,total,S3,0.200000,0.000000,5200,5200,5800,5800,5800,5800,5800,5800,5800,5800,5800,37,0,3800.0,4304.5013656122355,3469.237338984385,6102.9579160385765,256.0
1785385526,4,,Aggregated,2.000000,0.000000,2000,2400,3500,3600,5200,5200,5800,5800,5800,5800,5800,360,0,1500.0,1611.6060816475915,86.87065995763987,6102.9579160385765,1483.6333333333334
1785385527,4,TTFT,S1,0.100000,0.000000,96,96,96,96,96,96,96,96,96,96,96,34,0,96,188.1189737982555,86.87065995763987,1774.9628400197253,157.0
1785385527,4,total,S1,0.100000,0.000000,3500,3500,3500,3500,3500,3500,3500,3500,3500,3500,3500,34,0,1600.0,2041.570867440896,1225.9388089878485,5073.312797991093,256.0
1785385527,4,TTFT,S2,0.700000,0.000000,170,250,250,250,1900,1900,1900,1900,1900,1900,1900,109,0,160.0,302.40837208031667,132.84717197529972,1993.8724259845912,1153.0
1785385527,4,total,S2,0.700000,0.000000,2000,2000,3600,5100,5200,5200,5200,5200,5200,5200,5200,109,0,1700.0,1997.0632909702076,1273.4447169932537,5210.9219710109755,256.0
1785385527,4,TTFT,S3,0.200000,0.000000,2400,2400,3500,3500,3500,3500,3500,3500,3500,3500,3500,37,0,2400.0,2552.966837590321,2292.0104970107786,4146.1532629909925,9649.0
1785385527,4,total,S3,0.200000,0.000000,5200,5200,5800,5800,5800,5800,5800,5800,5800,5800,5800,37,0,3800.0,4304.5013656122355,3469.237338984385,6102.9579160385765,256.0
1785385527,4,,Aggregated,2.000000,0.000000,2000,2400,3600,4100,5200,5200,5800,5800,5800,5800,5800,360,0,1500.0,1611.6060816475915,86.87065995763987,6102.9579160385765,1483.6333333333334
1785385528,4,TTFT,S1,0.100000,0.000000,96,96,96,96,96,96,96,96,96,96,96,34,0,96,188.1189737982555,86.87065995763987,1774.9628400197253,157.0
1785385528,4,total,S1,0.100000,0.000000,3500,3500,3500,3500,3500,3500,3500,3500,3500,3500,3500,34,0,1600.0,2041.570867440896,1225.9388089878485,5073.312797991093,256.0
1785385528,4,TTFT,S2,0.700000,0.000000,170,250,250,250,250,250,250,250,250,250,250,109,0,160.0,302.40837208031667,132.84717197529972,1993.8724259845912,1153.0
1785385528,4,total,S2,0.700000,0.000000,2000,2000,5100,5100,5200,5200,5200,5200,5200,5200,5200,109,0,1700.0,1997.0632909702076,1273.4447169932537,5210.9219710109755,256.0
1785385528,4,TTFT,S3,0.200000,0.000000,2400,2400,3500,3500,3500,3500,3500,3500,3500,3500,3500,37,0,2400.0,2552.966837590321,2292.0104970107786,4146.1532629909925,9649.0
1785385528,4,total,S3,0.200000,0.000000,5200,5200,5800,5800,5800,5800,5800,5800,5800,5800,5800,37,0,3800.0,4304.5013656122355,3469.237338984385,6102.9579160385765,256.0
1785385528,4,,Aggregated,2.000000,0.000000,2000,2000,3500,5100,5200,5800,5800,5800,5800,5800,5800,360,0,1500.0,1611.6060816475915,86.87065995763987,6102.9579160385765,1483.6333333333334
1785385529,4,TTFT,S1,0.100000,0.000000,96,96,96,96,96,96,96,96,96,96,96,34,0,96,188.1189737982555,86.87065995763987,1774.9628400197253,157.0
1785385529,4,total,S1,0.100000,0.000000,3500,3500,3500,3500,3500,3500,3500,3500,3500,3500,3500,34,0,1600.0,2041.570867440896,1225.9388089878485,5073.312797991093,256.0
1785385529,4,TTFT,S2,0.900000,0.000000,170,250,250,250,250,250,250,250,250,250,250,111,0,160.0,299.6279753766627,132.84717197529972,1993.8724259845912,1153.0
1785385529,4,total,S2,0.900000,0.000000,3500,3500,5100,5100,5200,5200,5200,5200,5200,5200,5200,111,0,1700.0,2024.3437173042178,1273.4447169932537,5210.9219710109755,256.0
1785385529,4,TTFT,S3,0.300000,0.000000,2400,2400,3500,3500,3500,3500,3500,3500,3500,3500,3500,37,0,2400.0,2552.966837590321,2292.0104970107786,4146.1532629909925,9649.0
1785385529,4,total,S3,0.300000,0.000000,5200,5200,5800,5800,5800,5800,5800,5800,5800,5800,5800,37,0,3800.0,4304.5013656122355,3469.237338984385,6102.9579160385765,256.0
1785385529,4,,Aggregated,2.600000,0.000000,2000,3500,3500,5100,5200,5800,5800,5800,5800,5800,5800,364,0,1500.0,1614.0017472752843,86.87065995763987,6102.9579160385765,1475.0714285714287
1785385530,4,TTFT,S1,0.100000,0.000000,96,96,96,96,96,96,96,96,96,96,96,34,0,96,188.1189737982555,86.87065995763987,1774.9628400197253,157.0
1785385530,4,total,S1,0.100000,0.000000,3500,3500,3500,3500,3500,3500,3500,3500,3500,3500,3500,34,0,1600.0,2041.570867440896,1225.9388089878485,5073.312797991093,256.0
1785385530,4,TTFT,S2,0.900000,0.000000,170,250,250,250,1900,1900,1900,1900,1900,1900,1900,112,0,160.0,313.75348586464366,132.84717197529972,1993.8724259845912,1153.0
1785385530,4,total,S2,0.900000,0.000000,3500,3500,3500,5100,5200,5200,5200,5200,5200,5200,5200,112,0,1700.0,2037.6948998283685,1273.4447169932537,5210.9219710109755,256.0
1785385530,4,TTFT,S3,0.300000,0.000000,2400,2400,3500,3500,3500,3500,3500,3500,3500,3500,3500,38,0,2400.0,2549.645688758526,2292.0104970107786,4146.1532629909925,9649.0
1785385530,4,total,S3,0.300000,0.000000,5200,5200,5800,5800,5800,5800,5800,5800,5800,5800,5800,38,0,3800.0,4298.262712253123,3469.237338984385,6102.9579160385765,256.0
1785385530,4,,Aggregated,2.600000,0.000000,2000,3500,3500,4100,5200,5200,5800,5800,5800,5800,5800,368,0,1600.0,1628.7831332559542,86.87065995763987,6102.9579160385765,1489.7826086956522
1785385531,4,TTFT,S1,0.100000,0.000000,96,96,96,96,96,96,96,96,96,96,96,34,0,96,188.1189737982555,86.87065995763987,1774.9628400197253,157.0
1785385531,4,total,S1,0.100000,0.000000,3500,3500,3500,3500,3500,3500,3500,3500,3500,3500,3500,34,0,1600.0,2041.570867440896,1225.9388089878485,5073.312797991093,256.0
1785385531,4,TTFT,S2,0.900000,0.000000,170,250,250,250,1900,1900,1900,1900,1900,1900,1900,112,0,160.0,313.75348586464366,132.84717197529972,1993.8724259845912,1153.0
1785385531,4,total,S2,0.900000,0.000000,3500,3500,3500,5100,5200,5200,5200,5200,5200,5200,5200,112,0,1700.0,2037.6948998283685,1273.4447169932537,5210.9219710109755,256.0
1785385531,4,TTFT,S3,0.300000,0.000000,2400,2400,3500,3500,3500,3500,3500,3500,3500,3500,3500,38,0,2400.0,2549.645688758526,2292.0104970107786,4146.1532629909925,9649.0
1785385531,4,total,S3,0.300000,0.000000,5200,5200,5800,5800,5800,5800,5800,5800,5800,5800,5800,38,0,3800.0,4298.262712253123,3469.237338984385,6102.9579160385765,256.0
1785385531,4,,Aggregated,2.600000,0.000000,2000,3500,3500,4100,5200,5200,5800,5800,5800,5800,5800,368,0,1600.0,1628.7831332559542,86.87065995763987,6102.9579160385765,1489.7826086956522
1785385532,4,TTFT,S1,0.000000,0.000000,96,96,96,96,96,96,96,96,96,96,96,34,0,96,188.1189737982555,86.87065995763987,1774.9628400197253,157.0
1785385532,4,total,S1,0.000000,0.000000,3500,3500,3500,3500,3500,3500,3500,3500,3500,3500,3500,34,0,1600.0,2041.570867440896,1225.9388089878485,5073.312797991093,256.0
1785385532,4,TTFT,S2,0.900000,0.000000,160,160,170,170,1900,1900,1900,1900,1900,1900,1900,113,0,160.0,312.3988168570625,132.84717197529972,1993.8724259845912,1153.0
1785385532,4,total,S2,0.900000,0.000000,3500,3500,5100,5100,5200,5200,5200,5200,5200,5200,5200,113,0,1700.0,2049.896147715101,1273.4447169932537,5210.9219710109755,256.0
1785385532,4,TTFT,S3,0.300000,0.000000,2400,2400,3500,3500,3500,3500,3500,3500,3500,3500,3500,38,0,2400.0,2549.645688758526,2292.0104970107786,4146.1532629909925,9649.0
1785385532,4,total,S3,0.300000,0.000000,5200,5200,5800,5800,5800,5800,5800,5800,5800,5800,5800,38,0,3800.0,4298.262712253123,3469.237338984385,6102.9579160385765,256.0
1785385532,4,,Aggregated,2.400000,0.000000,3400,3500,4100,5100,5200,5800,5800,5800,5800,5800,5800,370,0,1600.0,1629.6467698303466,86.87065995763987,6102.9579160385765,1485.5378378378377
1785385533,4,TTFT,S1,0.000000,0.000000,1900,1900,1900,1900,1900,1900,1900,1900,1900,1900,1900,35,0,96,236.0781104037804,86.87065995763987,1866.6887549916282,157.0
1785385533,4,total,S1,0.000000,0.000000,3500,3500,3500,3500,3500,3500,3500,3500,3500,3500,3500,35,0,1600.0,2082.602685199319,1225.9388089878485,5073.312797991093,256.0
1785385533,4,TTFT,S2,0.600000,0.000000,160,170,1900,1900,1900,1900,1900,1900,1900,1900,1900,114,0,160.0,326.0602011476039,132.84717197529972,1993.8724259845912,1153.0
1785385533,4,total,S2,0.600000,0.000000,3500,3500,5100,5100,5200,5200,5200,5200,5200,5200,5200,114,0,1700.0,2062.486987664638,1273.4447169932537,5210.9219710109755,256.0
1785385533,4,TTFT,S3,0.300000,0.000000,2400,2400,3500,3500,3500,3500,3500,3500,3500,3500,3500,39,0,2400.0,2546.395621713227,2292.0104970107786,4146.1532629909925,9649.0
1785385533,4,total,S3,0.300000,0.000000,5200,5200,5800,5800,5800,5800,5800,5800,5800,5800,5800,39,0,3900.0,4291.525668425796,3469.237338984385,6102.9579160385765,256.0
1785385533,4,,Aggregated,1.800000,0.000000,3400,3500,3500,4000,5200,5200,5800,5800,5800,5800,5800,376,0,1600.0,1649.274302356718,86.87065995763987,6102.9579160385765,1493.0212765957447
1785385534,4,TTFT,S1,0.000000,0.000000,100,100,1900,1900,1900,1900,1900,1900,1900,1900,1900,36,0,96,232.29290100344872,86.87065995763987,1866.6887549916282,157.0
1785385534,4,total,S1,0.000000,0.000000,3500,3500,3500,3500,3500,3500,3500,3500,3500,3500,3500,36,0,1600.0,2074.6045051928377,1225.9388089878485,5073.312797991093,256.0
1785385534,4,TTFT,S2,0.600000,0.000000,160,170,1900,1900,1900,1900,1900,1900,1900,1900,1900,114,0,160.0,326.0602011476039,132.84717197529972,1993.8724259845912,1153.0
1785385534,4,total,S2,0.600000,0.000000,3500,3500,3500,3500,5200,5200,5200,5200,5200,5200,5200,114,0,1700.0,2062.486987664638,1273.4447169932537,5210.9219710109755,256.0
1785385534,4,TTFT,S3,0.300000,0.000000,2400,2400,3500,3500,3500,3500,3500,3500,3500,3500,3500,39,0,2400.0,2546.395621713227,2292.0104970107786,4146.1532629909925,9649.0
1785385534,4,total,S3,0.300000,0.000000,5200,5200,5800,5800,5800,5800,5800,5800,5800,5800,5800,39,0,3900.0,4291.525668425796,3469.237338984385,6102.9579160385765,256.0
1785385534,4,,Aggregated,1.800000,0.000000,2400,3500,3500,3500,5200,5200,5800,5800,5800,5800,5800,378,0,1600.0,1645.5598319129201,86.87065995763987,6102.9579160385765,1486.2142857142858
1785385535,4,TTFT,S1,0.000000,0.000000,1900,1900,1900,1900,1900,1900,1900,1900,1900,1900,1900,36,0,96,232.29290100344872,86.87065995763987,1866.6887549916282,157.0
1785385535,4,total,S1,0.000000,0.000000,3500,3500,3500,3500,3500,3500,3500,3500,3500,3500,3500,36,0,1600.0,2074.6045051928377,1225.9388089878485,5073.312797991093,256.0
1785385535,4,TTFT,S2,0.600000,0.000000,160,160,1900,1900,1900,1900,1900,1900,1900,1900,1900,114,0,160.0,326.0602011476039,132.84717197529972,1993.8724259845912,1153.0
1785385535,4,total,S2,0.600000,0.000000,3500,3500,3500,3500,3500,3500,3500,3500,3500,3500,3500,114,0,1700.0,2062.486987664638,1273.4447169932537,5210.9219710109755,256.0
1785385535,4,TTFT,S3,0.300000,0.000000,2400,2400,3500,3500,3500,3500,3500,3500,3500,3500,3500,39,0,2400.0,2546.395621713227,2292.0104970107786,4146.1532629909925,9649.0
1785385535,4,total,S3,0.300000,0.000000,5200,5200,5800,5800,5800,5800,5800,5800,5800,5800,5800,39,0,3900.0,4291.525668425796,3469.237338984385,6102.9579160385765,256.0
1785385535,4,,Aggregated,1.800000,0.000000,2400,3500,3500,3500,4000,4100,4100,4100,4100,4100,4100,378,0,1600.0,1645.5598319129201,86.87065995763987,6102.9579160385765,1486.2142857142858
1785385536,4,TTFT,S1,0.000000,0.000000,1900,1900,1900,1900,1900,1900,1900,1900,1900,1900,1900,36,0,96,232.29290100344872,86.87065995763987,1866.6887549916282,157.0
1785385536,4,total,S1,0.000000,0.000000,3500,3500,3500,3500,3500,3500,3500,3500,3500,3500,3500,36,0,1600.0,2074.6045051928377,1225.9388089878485,5073.312797991093,256.0
1785385536,4,TTFT,S2,0.600000,0.000000,160,160,1900,1900,1900,1900,1900,1900,1900,1900,1900,114,0,160.0,326.0602011476039,132.84717197529972,1993.8724259845912,1153.0
1785385536,4,total,S2,0.600000,0.000000,3500,3500,3500,3500,3500,3500,3500,3500,3500,3500,3500,114,0,1700.0,2062.486987664638,1273.4447169932537,5210.9219710109755,256.0
1785385536,4,TTFT,S3,0.300000,0.000000,2400,2400,3500,3500,3500,3500,3500,3500,3500,3500,3500,39,0,2400.0,2546.395621713227,2292.0104970107786,4146.1532629909925,9649.0
1785385536,4,total,S3,0.300000,0.000000,5200,5200,5800,5800,5800,5800,5800,5800,5800,5800,5800,39,0,3900.0,4291.525668425796,3469.237338984385,6102.9579160385765,256.0
1785385536,4,,Aggregated,1.800000,0.000000,2400,3500,3500,3500,4000,4100,4100,4100,4100,4100,4100,378,0,1600.0,1645.5598319129201,86.87065995763987,6102.9579160385765,1486.2142857142858
1785385537,4,TTFT,S1,0.200000,0.000000,1800,1800,1900,1900,1900,1900,1900,1900,1900,1900,1900,38,0,96,273.617182267021,86.87065995763987,1866.6887549916282,157.0
1785385537,4,total,S1,0.200000,0.000000,3500,3500,3500,3500,3500,3500,3500,3500,3500,3500,3500,38,0,1600.0,2146.150452288566,1225.9388089878485,5073.312797991093,256.0
1785385537,4,TTFT,S2,0.700000,0.000000,210,210,1900,1900,1900,1900,1900,1900,1900,1900,1900,115,0,160.0,325.03521340727076,132.84717197529972,1993.8724259845912,1153.0
1785385537,4,total,S2,0.700000,0.000000,3500,3500,3500,3500,3500,3500,3500,3500,3500,3500,3500,115,0,1800.0,2074.17149095462,1273.4447169932537,5210.9219710109755,256.0
1785385537,4,TTFT,S3,0.400000,0.000000,2400,2400,2400,2400,2400,2400,2400,2400,2400,2400,2400,40,0,2400.0,2541.985419145203,2292.0104970107786,4146.1532629909925,9649.0
1785385537,4,total,S3,0.400000,0.000000,4000,4000,4100,4100,4100,4100,4100,4100,4100,4100,4100,40,0,3900.0,4284.441040514503,3469.237338984385,6102.9579160385765,256.0
1785385537,4,,Aggregated,2.600000,0.000000,2400,3500,3500,3500,4000,4000,4100,4100,4100,4100,4100,386,0,1600.0,1660.4067344588548,86.87065995763987,6102.9579160385765,1486.8626943005181
1785385538,4,TTFT,S1,0.200000,0.000000,1800,1800,1900,1900,1900,1900,1900,1900,1900,1900,1900,38,0,96,273.617182267021,86.87065995763987,1866.6887549916282,157.0
1785385538,4,total,S1,0.200000,0.000000,3500,3500,3500,3500,3500,3500,3500,3500,3500,3500,3500,38,0,1600.0,2146.150452288566,1225.9388089878485,5073.312797991093,256.0
1785385538,4,TTFT,S2,0.700000,0.000000,210,1900,1900,1900,1900,1900,1900,1900,1900,1900,1900,115,0,160.0,325.03521340727076,132.84717197529972,1993.8724259845912,1153.0
1785385538,4,total,S2,0.700000,0.000000,3500,3500,3500,3500,3500,3500,3500,3500,3500,3500,3500,115,0,1800.0,2074.17149095462,1273.4447169932537,5210.9219710109755,256.0
1785385538,4,TTFT,S3,0.400000,0.000000,2400,2400,2400,2400,2400,2400,2400,2400,2400,2400,2400,40,0,2400.0,2541.985419145203,2292.0104970107786,4146.1532629909925,9649.0
1785385538,4,total,S3,0.400000,0.000000,4000,4000,4100,4100,4100,4100,4100,4100,4100,4100,4100,40,0,3900.0,4284.441040514503,3469.237338984385,6102.9579160385765,256.0
1785385538,4,,Aggregated,2.600000,0.000000,2400,3400,3500,3500,4000,4000,4100,4100,4100,4100,4100,386,0,1600.0,1660.4067344588548,86.87065995763987,6102.9579160385765,1486.8626943005181
1785385539,4,TTFT,S1,0.200000,0.000000,1800,1800,1900,1900,1900,1900,1900,1900,1900,1900,1900,38,0,96,273.617182267021,86.87065995763987,1866.6887549916282,157.0
1785385539,4,total,S1,0.200000,0.000000,3500,3500,3500,3500,3500,3500,3500,3500,3500,3500,3500,38,0,1600.0,2146.150452288566,1225.9388089878485,5073.312797991093,256.0
1785385539,4,TTFT,S2,0.700000,0.000000,210,1900,1900,1900,1900,1900,1900,1900,1900,1900,1900,115,0,160.0,325.03521340727076,132.84717197529972,1993.8724259845912,1153.0
1785385539,4,total,S2,0.700000,0.000000,3500,3500,3500,3500,3500,3500,3500,3500,3500,3500,3500,115,0,1800.0,2074.17149095462,1273.4447169932537,5210.9219710109755,256.0
1785385539,4,TTFT,S3,0.400000,0.000000,2400,2400,2400,2400,2400,2400,2400,2400,2400,2400,2400,40,0,2400.0,2541.985419145203,2292.0104970107786,4146.1532629909925,9649.0
1785385539,4,total,S3,0.400000,0.000000,4000,4000,4100,4100,4100,4100,4100,4100,4100,4100,4100,40,0,3900.0,4284.441040514503,3469.237338984385,6102.9579160385765,256.0
1785385539,4,,Aggregated,2.600000,0.000000,2400,3400,3500,3500,4000,4000,4100,4100,4100,4100,4100,386,0,1600.0,1660.4067344588548,86.87065995763987,6102.9579160385765,1486.8626943005181
1785385540,4,TTFT,S1,0.200000,0.000000,1800,1800,1900,1900,1900,1900,1900,1900,1900,1900,1900,38,0,96,273.617182267021,86.87065995763987,1866.6887549916282,157.0
1785385540,4,total,S1,0.200000,0.000000,3500,3500,3500,3500,3500,3500,3500,3500,3500,3500,3500,38,0,1600.0,2146.150452288566,1225.9388089878485,5073.312797991093,256.0
1785385540,4,TTFT,S2,0.700000,0.000000,210,210,1900,1900,1900,1900,1900,1900,1900,1900,1900,115,0,160.0,325.03521340727076,132.84717197529972,1993.8724259845912,1153.0
1785385540,4,total,S2,0.700000,0.000000,3400,3400,3500,3500,3500,3500,3500,3500,3500,3500,3500,115,0,1800.0,2074.17149095462,1273.4447169932537,5210.9219710109755,256.0
1785385540,4,TTFT,S3,0.400000,0.000000,2400,2400,2400,2400,2400,2400,2400,2400,2400,2400,2400,40,0,2400.0,2541.985419145203,2292.0104970107786,4146.1532629909925,9649.0
1785385540,4,total,S3,0.400000,0.000000,4000,4000,4100,4100,4100,4100,4100,4100,4100,4100,4100,40,0,3900.0,4284.441040514503,3469.237338984385,6102.9579160385765,256.0
1785385540,4,,Aggregated,2.600000,0.000000,2400,3400,3500,3500,4000,4000,4000,4000,4000,4000,4000,386,0,1600.0,1660.4067344588548,86.87065995763987,6102.9579160385765,1486.8626943005181
1785385541,4,TTFT,S1,0.200000,0.000000,1800,1800,1900,1900,1900,1900,1900,1900,1900,1900,1900,38,0,96,273.617182267021,86.87065995763987,1866.6887549916282,157.0
1785385541,4,total,S1,0.200000,0.000000,3500,3500,3500,3500,3500,3500,3500,3500,3500,3500,3500,38,0,1600.0,2146.150452288566,1225.9388089878485,5073.312797991093,256.0
1785385541,4,TTFT,S2,0.700000,0.000000,210,210,1900,1900,1900,1900,1900,1900,1900,1900,1900,115,0,160.0,325.03521340727076,132.84717197529972,1993.8724259845912,1153.0
1785385541,4,total,S2,0.700000,0.000000,3400,3400,3500,3500,3500,3500,3500,3500,3500,3500,3500,115,0,1800.0,2074.17149095462,1273.4447169932537,5210.9219710109755,256.0
1785385541,4,TTFT,S3,0.400000,0.000000,2400,2400,2400,2400,2400,2400,2400,2400,2400,2400,2400,40,0,2400.0,2541.985419145203,2292.0104970107786,4146.1532629909925,9649.0
1785385541,4,total,S3,0.400000,0.000000,4000,4000,4000,4000,4000,4000,4000,4000,4000,4000,4000,40,0,3900.0,4284.441040514503,3469.237338984385,6102.9579160385765,256.0
1785385541,4,,Aggregated,2.600000,0.000000,2400,3400,3500,3500,4000,4000,4000,4000,4000,4000,4000,386,0,1600.0,1660.4067344588548,86.87065995763987,6102.9579160385765,1486.8626943005181
1785385542,4,TTFT,S1,0.400000,0.000000,1800,1800,1900,1900,1900,1900,1900,1900,1900,1900,1900,38,0,96,273.617182267021,86.87065995763987,1866.6887549916282,157.0
1785385542,4,total,S1,0.400000,0.000000,3500,3500,3500,3500,3500,3500,3500,3500,3500,3500,3500,38,0,1600.0,2146.150452288566,1225.9388089878485,5073.312797991093,256.0
1785385542,4,TTFT,S2,0.300000,0.000000,1900,1900,3300,3300,3300,3300,3300,3300,3300,3300,3300,117,0,160.0,349.36751715259817,132.84717197529972,3341.8775030295365,1153.0
1785385542,4,total,S2,0.300000,0.000000,5100,5100,5100,5100,5100,5100,5100,5100,5100,5100,5100,117,0,1800.0,2125.8299798698713,1273.4447169932537,5210.9219710109755,256.0
1785385542,4,TTFT,S3,0.200000,0.000000,2400,2400,3500,3500,3500,3500,3500,3500,3500,3500,3500,42,0,2400.0,2562.312759495052,2292.0104970107786,4146.1532629909925,9649.0
1785385542,4,total,S3,0.200000,0.000000,5100,5100,5700,5700,5700,5700,5700,5700,5700,5700,5700,42,0,4000.0,4335.84980448913,3469.237338984385,6102.9579160385765,256.0
1785385542,4,,Aggregated,1.800000,0.000000,3400,3500,4000,4000,5100,5100,5700,5700,5700,5700,5700,394,0,1600.0,1703.7363069849669,86.87065995763987,6102.9579160385765,1514.1040609137056
1785385543,4,TTFT,S1,0.400000,0.000000,210,210,1800,1800,1800,1800,1800,1800,1800,1800,1800,38,0,96,273.617182267021,86.87065995763987,1866.6887549916282,157.0
1785385543,4,total,S1,0.400000,0.000000,3400,3400,3500,3500,3500,3500,3500,3500,3500,3500,3500,38,0,1600.0,2146.150452288566,1225.9388089878485,5073.312797991093,256.0
1785385543,4,TTFT,S2,0.300000,0.000000,1900,1900,3300,3300,3300,3300,3300,3300,3300,3300,3300,117,0,160.0,349.36751715259817,132.84717197529972,3341.8775030295365,1153.0
1785385543,4,total,S2,0.300000,0.000000,5100,5100,5100,5100,5100,5100,5100,5100,5100,5100,5100,117,0,1800.0,2125.8299798698713,1273.4447169932537,5210.9219710109755,256.0
1785385543,4,TTFT,S3,0.200000,0.000000,2400,2400,3500,3500,3500,3500,3500,3500,3500,3500,3500,42,0,2400.0,2562.312759495052,2292.0104970107786,4146.1532629909925,9649.0
1785385543,4,total,S3,0.200000,0.000000,5100,5100,5700,5700,5700,5700,5700,5700,5700,5700,5700,42,0,4000.0,4335.84980448913,3469.237338984385,6102.9579160385765,256.0
1785385543,4,,Aggregated,1.800000,0.000000,3400,3500,4000,5100,5100,5700,5700,5700,5700,5700,5700,394,0,1600.0,1703.7363069849669,86.87065995763987,6102.9579160385765,1514.1040609137056
1785385544,4,TTFT,S1,0.400000,0.000000,210,210,1800,1800,1800,1800,1800,1800,1800,1800,1800,38,0,96,273.617182267021,86.87065995763987,1866.6887549916282,157.0
1785385544,4,total,S1,0.400000,0.000000,3400,3400,3500,3500,3500,3500,3500,3500,3500,3500,3500,38,0,1600.0,2146.150452288566,1225.9388089878485,5073.312797991093,256.0
1785385544,4,TTFT,S2,0.300000,0.000000,210,210,3300,3300,3300,3300,3300,3300,3300,3300,3300,117,0,160.0,349.36751715259817,132.84717197529972,3341.8775030295365,1153.0
1785385544,4,total,S2,0.300000,0.000000,5100,5100,5100,5100,5100,5100,5100,5100,5100,5100,5100,117,0,1800.0,2125.8299798698713,1273.4447169932537,5210.9219710109755,256.0
1785385544,4,TTFT,S3,0.200000,0.000000,2400,2400,3500,3500,3500,3500,3500,3500,3500,3500,3500,42,0,2400.0,2562.312759495052,2292.0104970107786,4146.1532629909925,9649.0
1785385544,4,total,S3,0.200000,0.000000,5100,5100,5700,5700,5700,5700,5700,5700,5700,5700,5700,42,0,4000.0,4335.84980448913,3469.237338984385,6102.9579160385765,256.0
1785385544,4,,Aggregated,1.800000,0.000000,3400,3500,4000,5100,5100,5700,5700,5700,5700,5700,5700,394,0,1600.0,1703.7363069849669,86.87065995763987,6102.9579160385765,1514.1040609137056
1785385545,4,TTFT,S1,0.400000,0.000000,1800,1800,1800,1800,1800,1800,1800,1800,1800,1800,1800,38,0,96,273.617182267021,86.87065995763987,1866.6887549916282,157.0
1785385545,4,total,S1,0.400000,0.000000,3500,3500,3500,3500,3500,3500,3500,3500,3500,3500,3500,38,0,1600.0,2146.150452288566,1225.9388089878485,5073.312797991093,256.0
1785385545,4,TTFT,S2,0.300000,0.000000,210,210,3300,3300,3300,3300,3300,3300,3300,3300,3300,117,0,160.0,349.36751715259817,132.84717197529972,3341.8775030295365,1153.0
1785385545,4,total,S2,0.300000,0.000000,5100,5100,5100,5100,5100,5100,5100,5100,5100,5100,5100,117,0,1800.0,2125.8299798698713,1273.4447169932537,5210.9219710109755,256.0
1785385545,4,TTFT,S3,0.200000,0.000000,2400,2400,3500,3500,3500,3500,3500,3500,3500,3500,3500,42,0,2400.0,2562.312759495052,2292.0104970107786,4146.1532629909925,9649.0
1785385545,4,total,S3,0.200000,0.000000,5100,5100,5700,5700,5700,5700,5700,5700,5700,5700,5700,42,0,4000.0,4335.84980448913,3469.237338984385,6102.9579160385765,256.0
1785385545,4,,Aggregated,1.800000,0.000000,3400,3500,5100,5100,5100,5700,5700,5700,5700,5700,5700,394,0,1600.0,1703.7363069849669,86.87065995763987,6102.9579160385765,1514.1040609137056
1785385546,4,TTFT,S1,0.300000,0.000000,2000,2000,2000,2000,2000,2000,2000,2000,2000,2000,2000,39,0,98,319.1523123368358,86.87065995763987,2049.487254989799,157.0
1785385546,4,total,S1,0.300000,0.000000,3600,3600,3600,3600,3600,3600,3600,3600,3600,3600,3600,39,0,1600.0,2182.5903059216216,1225.9388089878485,5073.312797991093,256.0
1785385546,4,TTFT,S2,0.300000,0.000000,2100,2100,2100,3300,3300,3300,3300,3300,3300,3300,3300,119,0,160.0,378.061933637628,132.84717197529972,3341.8775030295365,1153.0
1785385546,4,total,S2,0.300000,0.000000,3600,5100,5100,5100,5100,5100,5100,5100,5100,5100,5100,119,0,1800.0,2150.138939720551,1273.4447169932537,5210.9219710109755,256.0
1785385546,4,TTFT,S3,0.300000,0.000000,2600,2600,3500,3500,3500,3500,3500,3500,3500,3500,3500,43,0,2400.0,2562.308292413607,2292.0104970107786,4146.1532629909925,9649.0
1785385546,4,total,S3,0.300000,0.000000,5100,5100,5700,5700,5700,5700,5700,5700,5700,5700,5700,43,0,4000.0,4330.562435175822,3469.237338984385,6102.9579160385765,256.0
1785385546,4,,Aggregated,1.800000,0.000000,3500,3600,4100,5100,5100,5700,5700,5700,5700,5700,5700,402,0,1600.0,1728.4012620100712,86.87065995763987,6102.9579160385765,1516.6492537313434
1785385547,4,TTFT,S1,0.300000,0.000000,2000,2000,2000,2000,2000,2000,2000,2000,2000,2000,2000,39,0,98,319.1523123368358,86.87065995763987,2049.487254989799,157.0
1785385547,4,total,S1,0.300000,0.000000,3600,3600,3600,3600,3600,3600,3600,3600,3600,3600,3600,39,0,1600.0,2182.5903059216216,1225.9388089878485,5073.312797991093,256.0
1785385547,4,TTFT,S2,0.300000,0.000000,2100,2100,2100,3300,3300,3300,3300,3300,3300,3300,3300,119,0,160.0,378.061933637628,132.84717197529972,3341.8775030295365,1153.0
1785385547,4,total,S2,0.300000,0.000000,3600,5100,5100,5100,5100,5100,5100,5100,5100,5100,5100,119,0,1800.0,2150.138939720551,1273.4447169932537,5210.9219710109755,256.0
1785385547,4,TTFT,S3,0.300000,0.000000,2600,2600,3500,3500,3500,3500,3500,3500,3500,3500,3500,43,0,2400.0,2562.308292413607,2292.0104970107786,4146.1532629909925,9649.0
1785385547,4,total,S3,0.300000,0.000000,5100,5100,5700,5700,5700,5700,5700,5700,5700,5700,5700,43,0,4000.0,4330.562435175822,3469.237338984385,6102.9579160385765,256.0
1785385547,4,,Aggregated,1.800000,0.000000,3500,3600,4100,5100,5100,5700,5700,5700,5700,5700,5700,402,0,1600.0,1728.4012620100712,86.87065995763987,6102.9579160385765,1516.6492537313434
1785385548,4,TTFT,S1,0.300000,0.000000,2000,2000,2000,2000,2000,2000,2000,2000,2000,2000,2000,39,0,98,319.1523123368358,86.87065995763987,2049.487254989799,157.0
1785385548,4,total,S1,0.300000,0.000000,3600,3600,3600,3600,3600,3600,3600,3600,3600,3600,3600,39,0,1600.0,2182.5903059216216,1225.9388089878485,5073.312797991093,256.0
1785385548,4,TTFT,S2,0.300000,0.000000,2100,2100,3300,3300,3300,3300,3300,3300,3300,3300,3300,119,0,160.0,378.061933637628,132.84717197529972,3341.8775030295365,1153.0
1785385548,4,total,S2,0.300000,0.000000,5100,5100,5100,5100,5100,5100,5100,5100,5100,5100,5100,119,0,1800.0,2150.138939720551,1273.4447169932537,5210.9219710109755,256.0
1785385548,4,TTFT,S3,0.300000,0.000000,2600,2600,3500,3500,3500,3500,3500,3500,3500,3500,3500,43,0,2400.0,2562.308292413607,2292.0104970107786,4146.1532629909925,9649.0
1785385548,4,total,S3,0.300000,0.000000,5100,5100,5700,5700,5700,5700,5700,5700,5700,5700,5700,43,0,4000.0,4330.562435175822,3469.237338984385,6102.9579160385765,256.0
1785385548,4,,Aggregated,1.800000,0.000000,3500,3600,4100,5100,5100,5700,5700,5700,5700,5700,5700,402,0,1600.0,1728.4012620100712,86.87065995763987,6102.9579160385765,1516.6492537313434
1785385549,4,TTFT,S1,0.300000,0.000000,2000,2000,2000,2000,2000,2000,2000,2000,2000,2000,2000,39,0,98,319.1523123368358,86.87065995763987,2049.487254989799,157.0
1785385549,4,total,S1,0.300000,0.000000,3600,3600,3600,3600,3600,3600,3600,3600,3600,3600,3600,39,0,1600.0,2182.5903059216216,1225.9388089878485,5073.312797991093,256.0
1785385549,4,TTFT,S2,0.300000,0.000000,2100,2100,3300,3300,3300,3300,3300,3300,3300,3300,3300,119,0,160.0,378.061933637628,132.84717197529972,3341.8775030295365,1153.0
1785385549,4,total,S2,0.300000,0.000000,5100,5100,5100,5100,5100,5100,5100,5100,5100,5100,5100,119,0,1800.0,2150.138939720551,1273.4447169932537,5210.9219710109755,256.0
1785385549,4,TTFT,S3,0.300000,0.000000,2600,2600,3500,3500,3500,3500,3500,3500,3500,3500,3500,43,0,2400.0,2562.308292413607,2292.0104970107786,4146.1532629909925,9649.0
1785385549,4,total,S3,0.300000,0.000000,5100,5100,5700,5700,5700,5700,5700,5700,5700,5700,5700,43,0,4000.0,4330.562435175822,3469.237338984385,6102.9579160385765,256.0
1785385549,4,,Aggregated,1.800000,0.000000,3600,3600,5100,5100,5100,5700,5700,5700,5700,5700,5700,402,0,1600.0,1728.4012620100712,86.87065995763987,6102.9579160385765,1516.6492537313434
1785385550,4,TTFT,S1,0.300000,0.000000,2000,2000,2000,2000,2000,2000,2000,2000,2000,2000,2000,39,0,98,319.1523123368358,86.87065995763987,2049.487254989799,157.0
1785385550,4,total,S1,0.300000,0.000000,3600,3600,3600,3600,3600,3600,3600,3600,3600,3600,3600,39,0,1600.0,2182.5903059216216,1225.9388089878485,5073.312797991093,256.0
1785385550,4,TTFT,S2,0.300000,0.000000,2100,2100,3300,3300,3300,3300,3300,3300,3300,3300,3300,119,0,160.0,378.061933637628,132.84717197529972,3341.8775030295365,1153.0
1785385550,4,total,S2,0.300000,0.000000,5100,5100,5100,5100,5100,5100,5100,5100,5100,5100,5100,119,0,1800.0,2150.138939720551,1273.4447169932537,5210.9219710109755,256.0
1785385550,4,TTFT,S3,0.300000,0.000000,2600,2600,3500,3500,3500,3500,3500,3500,3500,3500,3500,43,0,2400.0,2562.308292413607,2292.0104970107786,4146.1532629909925,9649.0
1785385550,4,total,S3,0.300000,0.000000,5100,5100,5700,5700,5700,5700,5700,5700,5700,5700,5700,43,0,4000.0,4330.562435175822,3469.237338984385,6102.9579160385765,256.0
1785385550,4,,Aggregated,1.800000,0.000000,3600,3600,5100,5100,5100,5700,5700,5700,5700,5700,5700,402,0,1600.0,1728.4012620100712,86.87065995763987,6102.9579160385765,1516.6492537313434
1785385551,4,TTFT,S1,0.100000,0.000000,2000,2000,2000,2000,2000,2000,2000,2000,2000,2000,2000,39,0,98,319.1523123368358,86.87065995763987,2049.487254989799,157.0
1785385551,4,total,S1,0.100000,0.000000,3600,3600,3600,3600,3600,3600,3600,3600,3600,3600,3600,39,0,1600.0,2182.5903059216216,1225.9388089878485,5073.312797991093,256.0
1785385551,4,TTFT,S2,0.400000,0.000000,2100,2100,2100,3300,3300,3300,3300,3300,3300,3300,3300,121,0,160.0,376.2057364951003,132.84717197529972,3341.8775030295365,1153.0
1785385551,4,total,S2,0.400000,0.000000,5100,5100,5100,5100,5100,5100,5100,5100,5100,5100,5100,121,0,1800.0,2199.5948279730605,1273.4447169932537,5210.9219710109755,256.0
1785385551,4,TTFT,S3,0.300000,0.000000,2600,2600,3500,3500,3500,3500,3500,3500,3500,3500,3500,43,0,2400.0,2562.308292413607,2292.0104970107786,4146.1532629909925,9649.0
1785385551,4,total,S3,0.300000,0.000000,5100,5100,5700,5700,5700,5700,5700,5700,5700,5700,5700,43,0,4000.0,4330.562435175822,3469.237338984385,6102.9579160385765,256.0
1785385551,4,,Aggregated,1.600000,0.000000,3600,3600,5100,5100,5100,5700,5700,5700,5700,5700,5700,406,0,1600.0,1738.0129844804749,86.87065995763987,6102.9579160385765,1508.6477832512314
1785385552,4,TTFT,S1,0.100000,0.000000,2000,2000,2000,2000,2000,2000,2000,2000,2000,2000,2000,39,0,98,319.1523123368358,86.87065995763987,2049.487254989799,157.0
1785385552,4,total,S1,0.100000,0.000000,3600,3600,3600,3600,3600,3600,3600,3600,3600,3600,3600,39,0,1600.0,2182.5903059216216,1225.9388089878485,5073.312797991093,256.0
1785385552,4,TTFT,S2,0.400000,0.000000,2100,2100,2100,3300,3300,3300,3300,3300,3300,3300,3300,121,0,160.0,376.2057364951003,132.84717197529972,3341.8775030295365,1153.0
1785385552,4,total,S2,0.400000,0.000000,5100,5100,5100,5100,5100,5100,5100,5100,5100,5100,5100,121,0,1800.0,2199.5948279730605,1273.4447169932537,5210.9219710109755,256.0
1785385552,4,TTFT,S3,0.300000,0.000000,2600,3500,3500,4100,4100,4100,4100,4100,4100,4100,4100,45,0,2400.0,2594.624816705214,2292.0104970107786,4146.1532629909925,9649.0
1785385552,4,total,S3,0.300000,0.000000,5700,5800,5800,5800,5800,5800,5800,5800,5800,5800,5800,45,0,4000.0,4394.542928301315,3469.237338984385,6102.9579160385765,256.0
1785385552,4,,Aggregated,1.600000,0.000000,3600,4100,5100,5100,5700,5800,5800,5800,5800,5800,5800,410,0,1600.0,1765.2497047268807,86.87065995763987,6102.9579160385765,1542.2463414634146
1785385553,4,TTFT,S1,0.100000,0.000000,2000,2000,2000,2000,2000,2000,2000,2000,2000,2000,2000,39,0,98,319.1523123368358,86.87065995763987,2049.487254989799,157.0
1785385553,4,total,S1,0.100000,0.000000,3600,3600,3600,3600,3600,3600,3600,3600,3600,3600,3600,39,0,1600.0,2182.5903059216216,1225.9388089878485,5073.312797991093,256.0
1785385553,4,TTFT,S2,0.400000,0.000000,2100,2100,2100,3300,3300,3300,3300,3300,3300,3300,3300,121,0,160.0,376.2057364951003,132.84717197529972,3341.8775030295365,1153.0
1785385553,4,total,S2,0.400000,0.000000,5100,5100,5100,5100,5100,5100,5100,5100,5100,5100,5100,121,0,1800.0,2199.5948279730605,1273.4447169932537,5210.9219710109755,256.0
1785385553,4,TTFT,S3,0.300000,0.000000,2600,3500,3500,4100,4100,4100,4100,4100,4100,4100,4100,45,0,2400.0,2594.624816705214,2292.0104970107786,4146.1532629909925,9649.0
1785385553,4,total,S3,0.300000,0.000000,5700,5800,5800,5800,5800,5800,5800,5800,5800,5800,5800,45,0,4000.0,4394.542928301315,3469.237338984385,6102.9579160385765,256.0
1785385553,4,,Aggregated,1.600000,0.000000,3600,4100,5100,5100,5700,5800,5800,5800,5800,5800,5800,410,0,1600.0,1765.2497047268807,86.87065995763987,6102.9579160385765,1542.2463414634146
1785385554,4,TTFT,S1,0.100000,0.000000,2000,2000,2000,2000,2000,2000,2000,2000,2000,2000,2000,39,0,98,319.1523123368358,86.87065995763987,2049.487254989799,157.0
1785385554,4,total,S1,0.100000,0.000000,3600,3600,3600,3600,3600,3600,3600,3600,3600,3600,3600,39,0,1600.0,2182.5903059216216,1225.9388089878485,5073.312797991093,256.0
1785385554,4,TTFT,S2,0.500000,0.000000,270,2100,2100,2100,2100,2100,2100,2100,2100,2100,2100,122,0,160.0,374.36543394177846,132.84717197529972,3341.8775030295365,1153.0
1785385554,4,total,S2,0.500000,0.000000,3600,5100,5100,5100,5100,5100,5100,5100,5100,5100,5100,122,0,1800.0,2210.26592126849,1273.4447169932537,5210.9219710109755,256.0
1785385554,4,TTFT,S3,0.500000,0.000000,2600,2600,4100,4100,4100,4100,4100,4100,4100,4100,4100,45,0,2400.0,2594.624816705214,2292.0104970107786,4146.1532629909925,9649.0
1785385554,4,total,S3,0.500000,0.000000,5800,5800,5800,5800,5800,5800,5800,5800,5800,5800,5800,45,0,4000.0,4394.542928301315,3469.237338984385,6102.9579160385765,256.0
1785385554,4,,Aggregated,2.200000,0.000000,3600,3600,4100,5100,5800,5800,5800,5800,5800,5800,5800,412,0,1600.0,1765.5474174102583,86.87065995763987,6102.9579160385765,1538.1796116504854
1785385555,4,TTFT,S1,0.100000,0.000000,2000,2000,2000,2000,2000,2000,2000,2000,2000,2000,2000,39,0,98,319.1523123368358,86.87065995763987,2049.487254989799,157.0
1785385555,4,total,S1,0.100000,0.000000,3600,3600,3600,3600,3600,3600,3600,3600,3600,3600,3600,39,0,1600.0,2182.5903059216216,1225.9388089878485,5073.312797991093,256.0
1785385555,4,TTFT,S2,0.400000,0.000000,1900,1900,2100,2100,2100,2100,2100,2100,2100,2100,2100,124,0,160.0,398.4217923298861,132.84717197529972,3341.8775030295365,1153.0
1785385555,4,total,S2,0.400000,0.000000,3600,3600,5100,5100,5100,5100,5100,5100,5100,5100,5100,124,0,1800.0,2229.614087336813,1273.4447169932537,5210.9219710109755,256.0
1785385555,4,TTFT,S3,0.300000,0.000000,2600,2600,4100,4100,4100,4100,4100,4100,4100,4100,4100,46,0,2400.0,2591.8872516245438,2292.0104970107786,4146.1532629909925,9649.0
1785385555,4,total,S3,0.300000,0.000000,5800,5800,5800,5800,5800,5800,5800,5800,5800,5800,5800,46,0,4000.0,4386.741300663941,3469.237338984385,6102.9579160385765,256.0
1785385555,4,,Aggregated,1.600000,0.000000,3400,3600,4100,4100,5100,5800,5800,5800,5800,5800,5800,418,0,1600.0,1781.0079535789973,86.87065995763987,6102.9579160385765,1546.5382775119617
1785385556,4,TTFT,S1,0.100000,0.000000,2000,2000,2000,2000,2000,2000,2000,2000,2000,2000,2000,39,0,98,319.1523123368358,86.87065995763987,2049.487254989799,157.0
1785385556,4,total,S1,0.100000,0.000000,3600,3600,3600,3600,3600,3600,3600,3600,3600,3600,3600,39,0,1600.0,2182.5903059216216,1225.9388089878485,5073.312797991093,256.0
1785385556,4,TTFT,S2,0.400000,0.000000,1900,1900,2100,2100,2100,2100,2100,2100,2100,2100,2100,124,0,160.0,398.4217923298861,132.84717197529972,3341.8775030295365,1153.0
1785385556,4,total,S2,0.400000,0.000000,3600,3600,5100,5100,5100,5100,5100,5100,5100,5100,5100,124,0,1800.0,2229.614087336813,1273.4447169932537,5210.9219710109755,256.0
1785385556,4,TTFT,S3,0.300000,0.000000,2600,2600,4100,4100,4100,4100,4100,4100,4100,4100,4100,46,0,2400.0,2591.8872516245438,2292.0104970107786,4146.1532629909925,9649.0
1785385556,4,total,S3,0.300000,0.000000,5800,5800,5800,5800,5800,5800,5800,5800,5800,5800,5800,46,0,4000.0,4386.741300663941,3469.237338984385,6102.9579160385765,256.0
1785385556,4,,Aggregated,1.600000,0.000000,3400,3600,4100,4100,5100,5800,5800,5800,5800,5800,5800,418,0,1600.0,1781.0079535789973,86.87065995763987,6102.9579160385765,1546.5382775119617
1785385557,4,TTFT,S1,0.100000,0.000000,2000,2000,2000,2000,2000,2000,2000,2000,2000,2000,2000,39,0,98,319.1523123368358,86.87065995763987,2049.487254989799,157.0
1785385557,4,total,S1,0.100000,0.000000,3600,3600,3600,3600,3600,3600,3600,3600,3600,3600,3600,39,0,1600.0,2182.5903059216216,1225.9388089878485,5073.312797991093,256.0
1785385557,4,TTFT,S2,0.400000,0.000000,1900,1900,2100,2100,2100,2100,2100,2100,2100,2100,2100,124,0,160.0,398.4217923298861,132.84717197529972,3341.8775030295365,1153.0
1785385557,4,total,S2,0.400000,0.000000,3600,3600,5100,5100,5100,5100,5100,5100,5100,5100,5100,124,0,1800.0,2229.614087336813,1273.4447169932537,5210.9219710109755,256.0
1785385557,4,TTFT,S3,0.300000,0.000000,2600,2600,4100,4100,4100,4100,4100,4100,4100,4100,4100,46,0,2400.0,2591.8872516245438,2292.0104970107786,4146.1532629909925,9649.0
1785385557,4,total,S3,0.300000,0.000000,5800,5800,5800,5800,5800,5800,5800,5800,5800,5800,5800,46,0,4000.0,4386.741300663941,3469.237338984385,6102.9579160385765,256.0
1785385557,4,,Aggregated,1.600000,0.000000,3400,3600,4100,4100,5100,5800,5800,5800,5800,5800,5800,418,0,1600.0,1781.0079535789973,86.87065995763987,6102.9579160385765,1546.5382775119617
1785385558,4,TTFT,S1,0.100000,0.000000,2000,2000,2000,2000,2000,2000,2000,2000,2000,2000,2000,40,0,98,359.8762164780055,86.87065995763987,2049.487254989799,157.0
1785385558,4,total,S1,0.100000,0.000000,3600,3600,3600,3600,3600,3600,3600,3600,3600,3600,3600,40,0,1600.0,2214.7695497231325,1225.9388089878485,5073.312797991093,256.0
1785385558,4,TTFT,S2,0.700000,0.000000,1900,1900,1900,1900,2000,2000,2000,2000,2000,2000,2000,126,0,170.0,423.03838133248354,132.84717197529972,3341.8775030295365,1153.0
1785385558,4,total,S2,0.700000,0.000000,3500,3500,5100,5100,5100,5100,5100,5100,5100,5100,5100,126,0,1800.0,2249.327024371485,1273.4447169932537,5210.9219710109755,256.0
1785385558,4,TTFT,S3,0.400000,0.000000,2500,2500,4100,4100,4100,4100,4100,4100,4100,4100,4100,47,0,2400.0,2588.965824867123,2292.0104970107786,4146.1532629909925,9649.0
1785385558,4,total,S3,0.400000,0.000000,5800,5800,5800,5800,5800,5800,5800,5800,5800,5800,5800,47,0,4000.0,4378.433689564229,3469.237338984385,6102.9579160385765,256.0
1785385558,4,,Aggregated,2.400000,0.000000,3400,3500,4000,4100,5100,5800,5800,5800,5800,5800,5800,426,0,1600.0,1800.8724153638946,86.87065995763987,6102.9579160385765,1548.3309859154929
1785385559,4,TTFT,S1,0.100000,0.000000,2000,2000,2000,2000,2000,2000,2000,2000,2000,2000,2000,40,0,98,359.8762164780055,86.87065995763987,2049.487254989799,157.0
1785385559,4,total,S1,0.100000,0.000000,3600,3600,3600,3600,3600,3600,3600,3600,3600,3600,3600,40,0,1600.0,2214.7695497231325,1225.9388089878485,5073.312797991093,256.0
1785385559,4,TTFT,S2,0.700000,0.000000,1900,1900,1900,1900,2000,2000,2000,2000,2000,2000,2000,126,0,170.0,423.03838133248354,132.84717197529972,3341.8775030295365,1153.0
1785385559,4,total,S2,0.700000,0.000000,3500,3500,5100,5100,5100,5100,5100,5100,5100,5100,5100,126,0,1800.0,2249.327024371485,1273.4447169932537,5210.9219710109755,256.0
1785385559,4,TTFT,S3,0.400000,0.000000,2500,2500,4100,4100,4100,4100,4100,4100,4100,4100,4100,47,0,2400.0,2588.965824867123,2292.0104970107786,4146.1532629909925,9649.0
1785385559,4,total,S3,0.400000,0.000000,5800,5800,5800,5800,5800,5800,5800,5800,5800,5800,5800,47,0,4000.0,4378.433689564229,3469.237338984385,6102.9579160385765,256.0
1785385559,4,,Aggregated,2.400000,0.000000,3400,3500,4000,4100,5100,5800,5800,5800,5800,5800,5800,426,0,1600.0,1800.8724153638946,86.87065995763987,6102.9579160385765,1548.3309859154929
1785385560,4,TTFT,S1,0.000000,0.000000,2000,2000,2000,2000,2000,2000,2000,2000,2000,2000,2000,40,0,98,359.8762164780055,86.87065995763987,2049.487254989799,157.0
1785385560,4,total,S1,0.000000,0.000000,3600,3600,3600,3600,3600,3600,3600,3600,3600,3600,3600,40,0,1600.0,2214.7695497231325,1225.9388089878485,5073.312797991093,256.0
1785385560,4,TTFT,S2,0.500000,0.000000,380,1900,1900,1900,1900,2000,2000,2000,2000,2000,2000,130,0,170.0,421.4918122998475,132.84717197529972,3341.8775030295365,1153.0
1785385560,4,total,S2,0.500000,0.000000,3400,3500,3500,3500,5100,5100,5100,5100,5100,5100,5100,130,0,1800.0,2237.972191845228,1273.4447169932537,5210.9219710109755,256.0
1785385560,4,TTFT,S3,0.300000,0.000000,2500,2500,4100,4100,4100,4100,4100,4100,4100,4100,4100,47,0,2400.0,2588.965824867123,2292.0104970107786,4146.1532629909925,9649.0
1785385560,4,total,S3,0.300000,0.000000,5800,5800,5800,5800,5800,5800,5800,5800,5800,5800,5800,47,0,4000.0,4378.433689564229,3469.237338984385,6102.9579160385765,256.0
1785385560,4,,Aggregated,1.600000,0.000000,2400,3500,3500,4000,5100,5800,5800,5800,5800,5800,5800,434,0,1600.0,1788.4422312561726,86.87065995763987,6102.9579160385765,1532.7764976958526
1785385561,4,TTFT,S1,0.000000,0.000000,2000,2000,2000,2000,2000,2000,2000,2000,2000,2000,2000,40,0,98,359.8762164780055,86.87065995763987,2049.487254989799,157.0
1785385561,4,total,S1,0.000000,0.000000,3600,3600,3600,3600,3600,3600,3600,3600,3600,3600,3600,40,0,1600.0,2214.7695497231325,1225.9388089878485,5073.312797991093,256.0
1785385561,4,TTFT,S2,0.500000,0.000000,380,1900,1900,1900,1900,2000,2000,2000,2000,2000,2000,130,0,170.0,421.4918122998475,132.84717197529972,3341.8775030295365,1153.0
1785385561,4,total,S2,0.500000,0.000000,3400,3500,3500,3500,5100,5100,5100,5100,5100,5100,5100,130,0,1800.0,2237.972191845228,1273.4447169932537,5210.9219710109755,256.0
1785385561,4,TTFT,S3,0.300000,0.000000,2500,2500,4100,4100,4100,4100,4100,4100,4100,4100,4100,47,0,2400.0,2588.965824867123,2292.0104970107786,4146.1532629909925,9649.0
1785385561,4,total,S3,0.300000,0.000000,5800,5800,5800,5800,5800,5800,5800,5800,5800,5800,5800,47,0,4000.0,4378.433689564229,3469.237338984385,6102.9579160385765,256.0
1785385561,4,,Aggregated,1.600000,0.000000,2400,3500,3500,4000,5100,5800,5800,5800,5800,5800,5800,434,0,1600.0,1788.4422312561726,86.87065995763987,6102.9579160385765,1532.7764976958526
1785385562,4,TTFT,S1,0.000000,0.000000,1900,1900,1900,1900,1900,1900,1900,1900,1900,1900,1900,40,0,98,359.8762164780055,86.87065995763987,2049.487254989799,157.0
1785385562,4,total,S1,0.000000,0.000000,3500,3500,3500,3500,3500,3500,3500,3500,3500,3500,3500,40,0,1600.0,2214.7695497231325,1225.9388089878485,5073.312797991093,256.0
1785385562,4,TTFT,S2,0.500000,0.000000,380,1900,1900,1900,2000,2000,2000,2000,2000,2000,2000,130,0,170.0,421.4918122998475,132.84717197529972,3341.8775030295365,1153.0
1785385562,4,total,S2,0.500000,0.000000,3400,3400,3500,3500,3500,3500,3500,3500,3500,3500,3500,130,0,1800.0,2237.972191845228,1273.4447169932537,5210.9219710109755,256.0
1785385562,4,TTFT,S3,0.300000,0.000000,2500,2500,4100,4100,4100,4100,4100,4100,4100,4100,4100,47,0,2400.0,2588.965824867123,2292.0104970107786,4146.1532629909925,9649.0
1785385562,4,total,S3,0.300000,0.000000,5800,5800,5800,5800,5800,5800,5800,5800,5800,5800,5800,47,0,4000.0,4378.433689564229,3469.237338984385,6102.9579160385765,256.0
1785385562,4,,Aggregated,1.600000,0.000000,1900,2500,3500,3500,3500,4000,4000,4000,4000,4000,4000,434,0,1600.0,1788.4422312561726,86.87065995763987,6102.9579160385765,1532.7764976958526
1785385563,4,TTFT,S1,0.000000,0.000000,1900,1900,1900,1900,1900,1900,1900,1900,1900,1900,1900,40,0,98,359.8762164780055,86.87065995763987,2049.487254989799,157.0
1785385563,4,total,S1,0.000000,0.000000,3500,3500,3500,3500,3500,3500,3500,3500,3500,3500,3500,40,0,1600.0,2214.7695497231325,1225.9388089878485,5073.312797991093,256.0
1785385563,4,TTFT,S2,0.500000,0.000000,380,1900,1900,1900,2000,2000,2000,2000,2000,2000,2000,130,0,170.0,421.4918122998475,132.84717197529972,3341.8775030295365,1153.0
1785385563,4,total,S2,0.500000,0.000000,3400,3400,3500,3500,3500,3500,3500,3500,3500,3500,3500,130,0,1800.0,2237.972191845228,1273.4447169932537,5210.9219710109755,256.0
1785385563,4,TTFT,S3,0.300000,0.000000,2500,2500,2500,2500,2500,2500,2500,2500,2500,2500,2500,47,0,2400.0,2588.965824867123,2292.0104970107786,4146.1532629909925,9649.0
1785385563,4,total,S3,0.300000,0.000000,4000,4000,4000,4000,4000,4000,4000,4000,4000,4000,4000,47,0,4000.0,4378.433689564229,3469.237338984385,6102.9579160385765,256.0
1785385563,4,,Aggregated,1.600000,0.000000,1900,2500,3500,3500,3500,4000,4000,4000,4000,4000,4000,434,0,1600.0,1788.4422312561726,86.87065995763987,6102.9579160385765,1532.7764976958526
1785385564,4,TTFT,S1,0.100000,0.000000,1900,1900,1900,1900,1900,1900,1900,1900,1900,1900,1900,40,0,98,359.8762164780055,86.87065995763987,2049.487254989799,157.0
1785385564,4,total,S1,0.100000,0.000000,3500,3500,3500,3500,3500,3500,3500,3500,3500,3500,3500,40,0,1600.0,2214.7695497231325,1225.9388089878485,5073.312797991093,256.0
1785385564,4,TTFT,S2,0.900000,0.000000,380,1900,1900,1900,1900,2000,2000,2000,2000,2000,2000,133,0,170.0,418.5608333756594,132.84717197529972,3341.8775030295365,1153.0
1785385564,4,total,S2,0.900000,0.000000,3400,3500,3500,3500,3500,3500,3500,3500,3500,3500,3500,133,0,1900.0,2265.930655855717,1273.4447169932537,5210.9219710109755,256.0
1785385564,4,TTFT,S3,0.200000,0.000000,2500,2500,2500,2500,2500,2500,2500,2500,2500,2500,2500,48,0,2400.0,2585.165626285743,2292.0104970107786,4146.1532629909925,9649.0
1785385564,4,total,S3,0.200000,0.000000,4000,4000,4100,4100,4100,4100,4100,4100,4100,4100,4100,48,0,4000.0,4373.398194260517,3469.237338984385,6102.9579160385765,256.0
1785385564,4,,Aggregated,2.400000,0.000000,2000,3400,3500,3500,4000,4000,4100,4100,4100,4100,4100,442,0,1600.0,1796.4576065656993,86.87065995763987,6102.9579160385765,1537.0067873303167
1785385565,4,TTFT,S1,0.100000,0.000000,1900,1900,1900,1900,1900,1900,1900,1900,1900,1900,1900,40,0,98,359.8762164780055,86.87065995763987,2049.487254989799,157.0
1785385565,4,total,S1,0.100000,0.000000,3500,3500,3500,3500,3500,3500,3500,3500,3500,3500,3500,40,0,1600.0,2214.7695497231325,1225.9388089878485,5073.312797991093,256.0
1785385565,4,TTFT,S2,0.900000,0.000000,380,1900,1900,1900,1900,2000,2000,2000,2000,2000,2000,133,0,170.0,418.5608333756594,132.84717197529972,3341.8775030295365,1153.0
1785385565,4,total,S2,0.900000,0.000000,3400,3500,3500,3500,3500,3500,3500,3500,3500,3500,3500,133,0,1900.0,2265.930655855717,1273.4447169932537,5210.9219710109755,256.0
1785385565,4,TTFT,S3,0.200000,0.000000,2500,2500,2500,2500,2500,2500,2500,2500,2500,2500,2500,48,0,2400.0,2585.165626285743,2292.0104970107786,4146.1532629909925,9649.0
1785385565,4,total,S3,0.200000,0.000000,4000,4000,4100,4100,4100,4100,4100,4100,4100,4100,4100,48,0,4000.0,4373.398194260517,3469.237338984385,6102.9579160385765,256.0
1785385565,4,,Aggregated,2.400000,0.000000,2000,3400,3500,3500,4000,4000,4100,4100,4100,4100,4100,442,0,1600.0,1796.4576065656993,86.87065995763987,6102.9579160385765,1537.0067873303167
1785385566,4,TTFT,S1,0.100000,0.000000,1900,1900,1900,1900,1900,1900,1900,1900,1900,1900,1900,40,0,98,359.8762164780055,86.87065995763987,2049.487254989799,157.0
1785385566,4,total,S1,0.100000,0.000000,3500,3500,3500,3500,3500,3500,3500,3500,3500,3500,3500,40,0,1600.0,2214.7695497231325,1225.9388089878485,5073.312797991093,256.0
1785385566,4,TTFT,S2,0.900000,0.000000,380,380,380,1900,2000,2000,2000,2000,2000,2000,2000,133,0,170.0,418.5608333756594,132.84717197529972,3341.8775030295365,1153.0
1785385566,4,total,S2,0.900000,0.000000,3500,3500,3500,3500,3500,3500,3500,3500,3500,3500,3500,133,0,1900.0,2265.930655855717,1273.4447169932537,5210.9219710109755,256.0
1785385566,4,TTFT,S3,0.200000,0.000000,2500,2500,2500,2500,2500,2500,2500,2500,2500,2500,2500,48,0,2400.0,2585.165626285743,2292.0104970107786,4146.1532629909925,9649.0
1785385566,4,total,S3,0.200000,0.000000,4100,4100,4100,4100,4100,4100,4100,4100,4100,4100,4100,48,0,4000.0,4373.398194260517,3469.237338984385,6102.9579160385765,256.0
1785385566,4,,Aggregated,2.400000,0.000000,1900,2500,3500,3500,3500,4000,4100,4100,4100,4100,4100,442,0,1600.0,1796.4576065656993,86.87065995763987,6102.9579160385765,1537.0067873303167
1785385567,4,TTFT,S1,0.100000,0.000000,1900,1900,1900,1900,1900,1900,1900,1900,1900,1900,1900,40,0,98,359.8762164780055,86.87065995763987,2049.487254989799,157.0
1785385567,4,total,S1,0.100000,0.000000,3500,3500,3500,3500,3500,3500,3500,3500,3500,3500,3500,40,0,1600.0,2214.7695497231325,1225.9388089878485,5073.312797991093,256.0
1785385567,4,TTFT,S2,1.100000,0.000000,340,380,380,380,1900,2000,2000,2000,2000,2000,2000,136,0,170.0,415.8888059999513,132.84717197529972,3341.8775030295365,1153.0
1785385567,4,total,S2,1.100000,0.000000,3500,3500,3500,3500,3500,3500,3500,3500,3500,3500,3500,136,0,1900.0,2293.6104545943263,1273.4447169932537,5210.9219710109755,256.0
1785385567,4,TTFT,S3,0.300000,0.000000,2500,2500,2500,2500,2500,2500,2500,2500,2500,2500,2500,48,0,2400.0,2585.165626285743,2292.0104970107786,4146.1532629909925,9649.0
1785385567,4,total,S3,0.300000,0.000000,4100,4100,4100,4100,4100,4100,4100,4100,4100,4100,4100,48,0,4000.0,4373.398194260517,3469.237338984385,6102.9579160385765,256.0
1785385567,4,,Aggregated,3.000000,0.000000,1900,3500,3500,3500,3500,4000,4100,4100,4100,4100,4100,448,0,1600.0,1797.9660568640352,86.87065995763987,6102.9579160385765,1525.857142857143
1785385568,4,TTFT,S1,0.100000,0.000000,1900,1900,1900,1900,1900,1900,1900,1900,1900,1900,1900,40,0,98,359.8762164780055,86.87065995763987,2049.487254989799,157.0
1785385568,4,total,S1,0.100000,0.000000,3500,3500,3500,3500,3500,3500,3500,3500,3500,3500,3500,40,0,1600.0,2214.7695497231325,1225.9388089878485,5073.312797991093,256.0
1785385568,4,TTFT,S2,1.100000,0.000000,340,380,380,380,1900,2000,2000,2000,2000,2000,2000,136,0,170.0,415.8888059999513,132.84717197529972,3341.8775030295365,1153.0
1785385568,4,total,S2,1.100000,0.000000,3500,3500,3500,3500,3500,3500,3500,3500,3500,3500,3500,136,0,1900.0,2293.6104545943263,1273.4447169932537,5210.9219710109755,256.0
1785385568,4,TTFT,S3,0.300000,0.000000,2500,2500,2500,2500,2500,2500,2500,2500,2500,2500,2500,48,0,2400.0,2585.165626285743,2292.0104970107786,4146.1532629909925,9649.0
1785385568,4,total,S3,0.300000,0.000000,4100,4100,4100,4100,4100,4100,4100,4100,4100,4100,4100,48,0,4000.0,4373.398194260517,3469.237338984385,6102.9579160385765,256.0
1785385568,4,,Aggregated,3.000000,0.000000,1900,3500,3500,3500,3500,4000,4100,4100,4100,4100,4100,448,0,1600.0,1797.9660568640352,86.87065995763987,6102.9579160385765,1525.857142857143
1785385569,4,TTFT,S1,0.100000,0.000000,1900,1900,1900,1900,1900,1900,1900,1900,1900,1900,1900,40,0,98,359.8762164780055,86.87065995763987,2049.487254989799,157.0
1785385569,4,total,S1,0.100000,0.000000,3500,3500,3500,3500,3500,3500,3500,3500,3500,3500,3500,40,0,1600.0,2214.7695497231325,1225.9388089878485,5073.312797991093,256.0
1785385569,4,TTFT,S2,1.100000,0.000000,300,340,380,380,380,380,380,380,380,380,380,136,0,170.0,415.8888059999513,132.84717197529972,3341.8775030295365,1153.0
1785385569,4,total,S2,1.100000,0.000000,3500,3500,3500,3500,3500,3500,3500,3500,3500,3500,3500,136,0,1900.0,2293.6104545943263,1273.4447169932537,5210.9219710109755,256.0
1785385569,4,TTFT,S3,0.300000,0.000000,2500,2500,2500,2500,2500,2500,2500,2500,2500,2500,2500,48,0,2400.0,2585.165626285743,2292.0104970107786,4146.1532629909925,9649.0
1785385569,4,total,S3,0.300000,0.000000,4100,4100,4100,4100,4100,4100,4100,4100,4100,4100,4100,48,0,4000.0,4373.398194260517,3469.237338984385,6102.9579160385765,256.0
1785385569,4,,Aggregated,3.000000,0.000000,1900,2400,3500,3500,3500,3500,4100,4100,4100,4100,4100,448,0,1600.0,1797.9660568640352,86.87065995763987,6102.9579160385765,1525.857142857143
1785385570,8,TTFT,S1,0.100000,0.000000,1900,1900,1900,1900,1900,1900,1900,1900,1900,1900,1900,40,0,98,359.8762164780055,86.87065995763987,2049.487254989799,157.0
1785385570,8,total,S1,0.100000,0.000000,3500,3500,3500,3500,3500,3500,3500,3500,3500,3500,3500,40,0,1600.0,2214.7695497231325,1225.9388089878485,5073.312797991093,256.0
1785385570,8,TTFT,S2,1.100000,0.000000,300,340,380,380,380,380,380,380,380,380,380,136,0,170.0,415.8888059999513,132.84717197529972,3341.8775030295365,1153.0
1785385570,8,total,S2,1.100000,0.000000,3500,3500,3500,3500,3500,3500,3500,3500,3500,3500,3500,136,0,1900.0,2293.6104545943263,1273.4447169932537,5210.9219710109755,256.0
1785385570,8,TTFT,S3,0.300000,0.000000,2500,2500,2500,2500,2500,2500,2500,2500,2500,2500,2500,48,0,2400.0,2585.165626285743,2292.0104970107786,4146.1532629909925,9649.0
1785385570,8,total,S3,0.300000,0.000000,4100,4100,4100,4100,4100,4100,4100,4100,4100,4100,4100,48,0,4000.0,4373.398194260517,3469.237338984385,6102.9579160385765,256.0
1785385570,8,,Aggregated,3.000000,0.000000,1900,2400,3500,3500,3500,3500,4100,4100,4100,4100,4100,448,0,1600.0,1797.9660568640352,86.87065995763987,6102.9579160385765,1525.857142857143
1785385571,8,TTFT,S1,0.100000,0.000000,1900,1900,1900,1900,1900,1900,1900,1900,1900,1900,1900,40,0,98,359.8762164780055,86.87065995763987,2049.487254989799,157.0
1785385571,8,total,S1,0.100000,0.000000,3500,3500,3500,3500,3500,3500,3500,3500,3500,3500,3500,40,0,1600.0,2214.7695497231325,1225.9388089878485,5073.312797991093,256.0
1785385571,8,TTFT,S2,1.100000,0.000000,300,340,380,380,380,380,380,380,380,380,380,136,0,170.0,415.8888059999513,132.84717197529972,3341.8775030295365,1153.0
1785385571,8,total,S2,1.100000,0.000000,3500,3500,3500,3500,3500,3500,3500,3500,3500,3500,3500,136,0,1900.0,2293.6104545943263,1273.4447169932537,5210.9219710109755,256.0
1785385571,8,TTFT,S3,0.300000,0.000000,2400,2400,2400,2400,2400,2400,2400,2400,2400,2400,2400,48,0,2400.0,2585.165626285743,2292.0104970107786,4146.1532629909925,9649.0
1785385571,8,total,S3,0.300000,0.000000,4100,4100,4100,4100,4100,4100,4100,4100,4100,4100,4100,48,0,4000.0,4373.398194260517,3469.237338984385,6102.9579160385765,256.0
1785385571,8,,Aggregated,3.000000,0.000000,1900,2400,3500,3500,3500,3500,4100,4100,4100,4100,4100,448,0,1600.0,1797.9660568640352,86.87065995763987,6102.9579160385765,1525.857142857143
1785385572,8,TTFT,S1,0.100000,0.000000,1900,1900,1900,1900,1900,1900,1900,1900,1900,1900,1900,40,0,98,359.8762164780055,86.87065995763987,2049.487254989799,157.0
1785385572,8,total,S1,0.100000,0.000000,3500,3500,3500,3500,3500,3500,3500,3500,3500,3500,3500,40,0,1600.0,2214.7695497231325,1225.9388089878485,5073.312797991093,256.0
1785385572,8,TTFT,S2,1.100000,0.000000,300,300,300,300,300,300,300,300,300,300,300,136,0,170.0,415.8888059999513,132.84717197529972,3341.8775030295365,1153.0
1785385572,8,total,S2,1.100000,0.000000,3500,3500,3500,3500,3500,3500,3500,3500,3500,3500,3500,136,0,1900.0,2293.6104545943263,1273.4447169932537,5210.9219710109755,256.0
1785385572,8,TTFT,S3,0.300000,0.000000,2400,2400,2400,2400,2400,2400,2400,2400,2400,2400,2400,48,0,2400.0,2585.165626285743,2292.0104970107786,4146.1532629909925,9649.0
1785385572,8,total,S3,0.300000,0.000000,4100,4100,4100,4100,4100,4100,4100,4100,4100,4100,4100,48,0,4000.0,4373.398194260517,3469.237338984385,6102.9579160385765,256.0
1785385572,8,,Aggregated,3.000000,0.000000,3500,3500,3500,3500,3500,4100,4100,4100,4100,4100,4100,448,0,1600.0,1797.9660568640352,86.87065995763987,6102.9579160385765,1525.857142857143
1785385573,8,TTFT,S1,0.100000,0.000000,1900,1900,1900,1900,1900,1900,1900,1900,1900,1900,1900,40,0,98,359.8762164780055,86.87065995763987,2049.487254989799,157.0
1785385573,8,total,S1,0.100000,0.000000,3500,3500,3500,3500,3500,3500,3500,3500,3500,3500,3500,40,0,1600.0,2214.7695497231325,1225.9388089878485,5073.312797991093,256.0
1785385573,8,TTFT,S2,1.100000,0.000000,300,300,300,300,300,300,300,300,300,300,300,136,0,170.0,415.8888059999513,132.84717197529972,3341.8775030295365,1153.0
1785385573,8,total,S2,1.100000,0.000000,3500,3500,3500,3500,3500,3500,3500,3500,3500,3500,3500,136,0,1900.0,2293.6104545943263,1273.4447169932537,5210.9219710109755,256.0
1785385573,8,TTFT,S3,0.300000,0.000000,2400,2400,2400,2400,2400,2400,2400,2400,2400,2400,2400,48,0,2400.0,2585.165626285743,2292.0104970107786,4146.1532629909925,9649.0
1785385573,8,total,S3,0.300000,0.000000,4100,4100,4100,4100,4100,4100,4100,4100,4100,4100,4100,48,0,4000.0,4373.398194260517,3469.237338984385,6102.9579160385765,256.0
1785385573,8,,Aggregated,3.000000,0.000000,3500,3500,3500,3500,3500,4100,4100,4100,4100,4100,4100,448,0,1600.0,1797.9660568640352,86.87065995763987,6102.9579160385765,1525.857142857143
1785385574,8,TTFT,S1,0.100000,0.000000,1900,1900,1900,1900,1900,1900,1900,1900,1900,1900,1900,40,0,98,359.8762164780055,86.87065995763987,2049.487254989799,157.0
1785385574,8,total,S1,0.100000,0.000000,3500,3500,3500,3500,3500,3500,3500,3500,3500,3500,3500,40,0,1600.0,2214.7695497231325,1225.9388089878485,5073.312797991093,256.0
1785385574,8,TTFT,S2,1.100000,0.000000,300,300,300,300,300,300,300,300,300,300,300,136,0,170.0,415.8888059999513,132.84717197529972,3341.8775030295365,1153.0
1785385574,8,total,S2,1.100000,0.000000,3500,3500,3500,3500,3500,3500,3500,3500,3500,3500,3500,136,0,1900.0,2293.6104545943263,1273.4447169932537,5210.9219710109755,256.0
1785385574,8,TTFT,S3,0.300000,0.000000,2400,2400,2400,2400,2400,2400,2400,2400,2400,2400,2400,48,0,2400.0,2585.165626285743,2292.0104970107786,4146.1532629909925,9649.0
1785385574,8,total,S3,0.300000,0.000000,4100,4100,4100,4100,4100,4100,4100,4100,4100,4100,4100,48,0,4000.0,4373.398194260517,3469.237338984385,6102.9579160385765,256.0
1785385574,8,,Aggregated,3.000000,0.000000,3500,3500,3500,3500,3500,4100,4100,4100,4100,4100,4100,448,0,1600.0,1797.9660568640352,86.87065995763987,6102.9579160385765,1525.857142857143
1785385575,8,TTFT,S1,0.100000,0.000000,1900,1900,1900,1900,1900,1900,1900,1900,1900,1900,1900,40,0,98,359.8762164780055,86.87065995763987,2049.487254989799,157.0
1785385575,8,total,S1,0.100000,0.000000,3500,3500,3500,3500,3500,3500,3500,3500,3500,3500,3500,40,0,1600.0,2214.7695497231325,1225.9388089878485,5073.312797991093,256.0
1785385575,8,TTFT,S2,1.100000,0.000000,300,300,300,300,300,300,300,300,300,300,300,136,0,170.0,415.8888059999513,132.84717197529972,3341.8775030295365,1153.0
1785385575,8,total,S2,1.100000,0.000000,3500,3500,3500,3500,3500,3500,3500,3500,3500,3500,3500,136,0,1900.0,2293.6104545943263,1273.4447169932537,5210.9219710109755,256.0
1785385575,8,TTFT,S3,0.300000,0.000000,2400,2400,2400,2400,2400,2400,2400,2400,2400,2400,2400,48,0,2400.0,2585.165626285743,2292.0104970107786,4146.1532629909925,9649.0
1785385575,8,total,S3,0.300000,0.000000,4100,4100,4100,4100,4100,4100,4100,4100,4100,4100,4100,48,0,4000.0,4373.398194260517,3469.237338984385,6102.9579160385765,256.0
1785385575,8,,Aggregated,3.000000,0.000000,3500,3500,3500,3500,3500,3500,3500,3500,3500,3500,3500,448,0,1600.0,1797.9660568640352,86.87065995763987,6102.9579160385765,1525.857142857143
1785385576,8,TTFT,S1,0.100000,0.000000,0,0,0,0,0,0,0,0,0,0,0,40,0,98,359.8762164780055,86.87065995763987,2049.487254989799,157.0
1785385576,8,total,S1,0.100000,0.000000,0,0,0,0,0,0,0,0,0,0,0,40,0,1600.0,2214.7695497231325,1225.9388089878485,5073.312797991093,256.0
1785385576,8,TTFT,S2,1.100000,0.000000,300,300,300,300,300,300,300,300,300,300,300,136,0,170.0,415.8888059999513,132.84717197529972,3341.8775030295365,1153.0
1785385576,8,total,S2,1.100000,0.000000,3500,3500,3500,3500,3500,3500,3500,3500,3500,3500,3500,136,0,1900.0,2293.6104545943263,1273.4447169932537,5210.9219710109755,256.0
1785385576,8,TTFT,S3,0.300000,0.000000,2400,2400,2400,2400,2400,2400,2400,2400,2400,2400,2400,48,0,2400.0,2585.165626285743,2292.0104970107786,4146.1532629909925,9649.0
1785385576,8,total,S3,0.300000,0.000000,4100,4100,4100,4100,4100,4100,4100,4100,4100,4100,4100,48,0,4000.0,4373.398194260517,3469.237338984385,6102.9579160385765,256.0
1785385576,8,,Aggregated,3.000000,0.000000,3500,3500,3500,3500,3500,3500,3500,3500,3500,3500,3500,448,0,1600.0,1797.9660568640352,86.87065995763987,6102.9579160385765,1525.857142857143
1785385577,8,TTFT,S1,0.000000,0.000000,0,0,0,0,0,0,0,0,0,0,0,40,0,98,359.8762164780055,86.87065995763987,2049.487254989799,157.0
1785385577,8,total,S1,0.000000,0.000000,0,0,0,0,0,0,0,0,0,0,0,40,0,1600.0,2214.7695497231325,1225.9388089878485,5073.312797991093,256.0
1785385577,8,TTFT,S2,0.300000,0.000000,300,300,300,300,300,300,300,300,300,300,300,136,0,170.0,415.8888059999513,132.84717197529972,3341.8775030295365,1153.0
1785385577,8,total,S2,0.300000,0.000000,3500,3500,3500,3500,3500,3500,3500,3500,3500,3500,3500,136,0,1900.0,2293.6104545943263,1273.4447169932537,5210.9219710109755,256.0
1785385577,8,TTFT,S3,0.000000,0.000000,2400,2400,2400,2400,2400,2400,2400,2400,2400,2400,2400,49,0,2400.0,2579.6970477082996,2292.0104970107786,4146.1532629909925,9649.0
1785385577,8,total,S3,0.000000,0.000000,12000,12000,12000,12000,12000,12000,12000,12000,12000,12000,12000,49,0,4000.0,4535.51611633691,3469.237338984385,12317.176376003772,256.0
1785385577,8,,Aggregated,0.600000,0.000000,3500,3500,3500,3500,12000,12000,12000,12000,12000,12000,12000,450,0,1600.0,1822.49594472685,86.87065995763987,12317.176376003772,1541.0866666666666
1785385578,8,TTFT,S1,0.000000,0.000000,0,0,0,0,0,0,0,0,0,0,0,40,0,98,359.8762164780055,86.87065995763987,2049.487254989799,157.0
1785385578,8,total,S1,0.000000,0.000000,0,0,0,0,0,0,0,0,0,0,0,40,0,1600.0,2214.7695497231325,1225.9388089878485,5073.312797991093,256.0
1785385578,8,TTFT,S2,0.300000,0.000000,300,300,300,300,300,300,300,300,300,300,300,136,0,170.0,415.8888059999513,132.84717197529972,3341.8775030295365,1153.0
1785385578,8,total,S2,0.300000,0.000000,3500,3500,3500,3500,3500,3500,3500,3500,3500,3500,3500,136,0,1900.0,2293.6104545943263,1273.4447169932537,5210.9219710109755,256.0
1785385578,8,TTFT,S3,0.000000,0.000000,2400,2400,2400,2400,2400,2400,2400,2400,2400,2400,2400,49,0,2400.0,2579.6970477082996,2292.0104970107786,4146.1532629909925,9649.0
1785385578,8,total,S3,0.000000,0.000000,12000,12000,12000,12000,12000,12000,12000,12000,12000,12000,12000,49,0,4000.0,4535.51611633691,3469.237338984385,12317.176376003772,256.0
1785385578,8,,Aggregated,0.600000,0.000000,3500,3500,3500,3500,12000,12000,12000,12000,12000,12000,12000,450,0,1600.0,1822.49594472685,86.87065995763987,12317.176376003772,1541.0866666666666
1785385579,8,TTFT,S1,0.000000,0.000000,0,0,0,0,0,0,0,0,0,0,0,40,0,98,359.8762164780055,86.87065995763987,2049.487254989799,157.0
1785385579,8,total,S1,0.000000,0.000000,0,0,0,0,0,0,0,0,0,0,0,40,0,1600.0,2214.7695497231325,1225.9388089878485,5073.312797991093,256.0
1785385579,8,TTFT,S2,0.300000,0.000000,300,300,300,300,300,300,300,300,300,300,300,136,0,170.0,415.8888059999513,132.84717197529972,3341.8775030295365,1153.0
1785385579,8,total,S2,0.300000,0.000000,3500,3500,3500,3500,3500,3500,3500,3500,3500,3500,3500,136,0,1900.0,2293.6104545943263,1273.4447169932537,5210.9219710109755,256.0
1785385579,8,TTFT,S3,0.000000,0.000000,2400,2400,2400,2400,2400,2400,2400,2400,2400,2400,2400,49,0,2400.0,2579.6970477082996,2292.0104970107786,4146.1532629909925,9649.0
1785385579,8,total,S3,0.000000,0.000000,12000,12000,12000,12000,12000,12000,12000,12000,12000,12000,12000,49,0,4000.0,4535.51611633691,3469.237338984385,12317.176376003772,256.0
1785385579,8,,Aggregated,0.600000,0.000000,3500,3500,3500,3500,12000,12000,12000,12000,12000,12000,12000,450,0,1600.0,1822.49594472685,86.87065995763987,12317.176376003772,1541.0866666666666
1785385580,8,TTFT,S1,0.000000,0.000000,0,0,0,0,0,0,0,0,0,0,0,40,0,98,359.8762164780055,86.87065995763987,2049.487254989799,157.0
1785385580,8,total,S1,0.000000,0.000000,0,0,0,0,0,0,0,0,0,0,0,40,0,1600.0,2214.7695497231325,1225.9388089878485,5073.312797991093,256.0
1785385580,8,TTFT,S2,0.000000,0.000000,300,3600,3600,3600,3600,3600,3600,3600,3600,3600,3600,138,0,170.0,461.60197399971685,132.84717197529972,3570.3616269747727,1153.0
1785385580,8,total,S2,0.000000,0.000000,3500,11000,11000,11000,11000,11000,11000,11000,11000,11000,11000,138,0,1900.0,2414.9191833322234,1273.4447169932537,10664.128075004555,256.0
1785385580,8,TTFT,S3,0.100000,0.000000,5800,5800,6000,6000,7100,7100,7100,7100,7100,7100,7100,54,0,2400.0,2837.3885498095424,2292.0104970107786,7148.316365026403,9649.0
1785385580,8,total,S3,0.100000,0.000000,13000,13000,13000,13000,13000,13000,13000,13000,13000,13000,13000,54,0,4100.0,5238.859181437874,3469.237338984385,12999.224221042823,256.0
1785385580,8,,Aggregated,0.200000,0.000000,5800,11000,11000,11000,13000,13000,13000,13000,13000,13000,13000,464,0,1700.0,2017.3774307052022,86.87065995763987,12999.224221042823,1607.396551724138
1785385581,8,TTFT,S1,0.000000,0.000000,0,0,0,0,0,0,0,0,0,0,0,40,0,98,359.8762164780055,86.87065995763987,2049.487254989799,157.0
1785385581,8,total,S1,0.000000,0.000000,0,0,0,0,0,0,0,0,0,0,0,40,0,1600.0,2214.7695497231325,1225.9388089878485,5073.312797991093,256.0
1785385581,8,TTFT,S2,0.000000,0.000000,300,3600,3600,3600,3600,3600,3600,3600,3600,3600,3600,138,0,170.0,461.60197399971685,132.84717197529972,3570.3616269747727,1153.0
1785385581,8,total,S2,0.000000,0.000000,3500,11000,11000,11000,11000,11000,11000,11000,11000,11000,11000,138,0,1900.0,2414.9191833322234,1273.4447169932537,10664.128075004555,256.0
1785385581,8,TTFT,S3,0.100000,0.000000,5800,5800,6000,6000,7100,7100,7100,7100,7100,7100,7100,54,0,2400.0,2837.3885498095424,2292.0104970107786,7148.316365026403,9649.0
1785385581,8,total,S3,0.100000,0.000000,13000,13000,13000,13000,13000,13000,13000,13000,13000,13000,13000,54,0,4100.0,5238.859181437874,3469.237338984385,12999.224221042823,256.0
1785385581,8,,Aggregated,0.200000,0.000000,5800,11000,11000,11000,13000,13000,13000,13000,13000,13000,13000,464,0,1700.0,2017.3774307052022,86.87065995763987,12999.224221042823,1607.396551724138
1785385582,8,TTFT,S1,0.000000,0.000000,0,0,0,0,0,0,0,0,0,0,0,40,0,98,359.8762164780055,86.87065995763987,2049.487254989799,157.0
1785385582,8,total,S1,0.000000,0.000000,0,0,0,0,0,0,0,0,0,0,0,40,0,1600.0,2214.7695497231325,1225.9388089878485,5073.312797991093,256.0
1785385582,8,TTFT,S2,0.000000,0.000000,300,3600,3600,3600,3600,3600,3600,3600,3600,3600,3600,138,0,170.0,461.60197399971685,132.84717197529972,3570.3616269747727,1153.0
1785385582,8,total,S2,0.000000,0.000000,3500,11000,11000,11000,11000,11000,11000,11000,11000,11000,11000,138,0,1900.0,2414.9191833322234,1273.4447169932537,10664.128075004555,256.0
1785385582,8,TTFT,S3,0.100000,0.000000,5800,5800,6000,6000,7100,7100,7100,7100,7100,7100,7100,54,0,2400.0,2837.3885498095424,2292.0104970107786,7148.316365026403,9649.0
1785385582,8,total,S3,0.100000,0.000000,13000,13000,13000,13000,13000,13000,13000,13000,13000,13000,13000,54,0,4100.0,5238.859181437874,3469.237338984385,12999.224221042823,256.0
1785385582,8,,Aggregated,0.200000,0.000000,11000,11000,12000,12000,13000,13000,13000,13000,13000,13000,13000,464,0,1700.0,2017.3774307052022,86.87065995763987,12999.224221042823,1607.396551724138
1785385583,8,TTFT,S1,0.000000,0.000000,0,0,0,0,0,0,0,0,0,0,0,40,0,98,359.8762164780055,86.87065995763987,2049.487254989799,157.0
1785385583,8,total,S1,0.000000,0.000000,0,0,0,0,0,0,0,0,0,0,0,40,0,1600.0,2214.7695497231325,1225.9388089878485,5073.312797991093,256.0
1785385583,8,TTFT,S2,0.000000,0.000000,3600,3600,3600,3600,3600,3600,3600,3600,3600,3600,3600,138,0,170.0,461.60197399971685,132.84717197529972,3570.3616269747727,1153.0
1785385583,8,total,S2,0.000000,0.000000,11000,11000,11000,11000,11000,11000,11000,11000,11000,11000,11000,138,0,1900.0,2414.9191833322234,1273.4447169932537,10664.128075004555,256.0
1785385583,8,TTFT,S3,0.100000,0.000000,5800,5800,6000,6000,7100,7100,7100,7100,7100,7100,7100,54,0,2400.0,2837.3885498095424,2292.0104970107786,7148.316365026403,9649.0
1785385583,8,total,S3,0.100000,0.000000,13000,13000,13000,13000,13000,13000,13000,13000,13000,13000,13000,54,0,4100.0,5238.859181437874,3469.237338984385,12999.224221042823,256.0
1785385583,8,,Aggregated,0.200000,0.000000,11000,11000,12000,12000,13000,13000,13000,13000,13000,13000,13000,464,0,1700.0,2017.3774307052022,86.87065995763987,12999.224221042823,1607.396551724138
1785385584,8,TTFT,S1,0.000000,0.000000,0,0,0,0,0,0,0,0,0,0,0,40,0,98,359.8762164780055,86.87065995763987,2049.487254989799,157.0
1785385584,8,total,S1,0.000000,0.000000,0,0,0,0,0,0,0,0,0,0,0,40,0,1600.0,2214.7695497231325,1225.9388089878485,5073.312797991093,256.0
1785385584,8,TTFT,S2,0.000000,0.000000,3600,3600,3600,3600,3600,3600,3600,3600,3600,3600,3600,138,0,170.0,461.60197399971685,132.84717197529972,3570.3616269747727,1153.0
1785385584,8,total,S2,0.000000,0.000000,11000,11000,11000,11000,11000,11000,11000,11000,11000,11000,11000,138,0,1900.0,2414.9191833322234,1273.4447169932537,10664.128075004555,256.0
1785385584,8,TTFT,S3,0.100000,0.000000,5800,5800,6000,6000,7100,7100,7100,7100,7100,7100,7100,54,0,2400.0,2837.3885498095424,2292.0104970107786,7148.316365026403,9649.0
1785385584,8,total,S3,0.100000,0.000000,13000,13000,13000,13000,13000,13000,13000,13000,13000,13000,13000,54,0,4100.0,5238.859181437874,3469.237338984385,12999.224221042823,256.0
1785385584,8,,Aggregated,0.200000,0.000000,11000,11000,12000,12000,13000,13000,13000,13000,13000,13000,13000,464,0,1700.0,2017.3774307052022,86.87065995763987,12999.224221042823,1607.396551724138
1785385585,8,TTFT,S1,0.000000,0.000000,0,0,0,0,0,0,0,0,0,0,0,40,0,98,359.8762164780055,86.87065995763987,2049.487254989799,157.0
1785385585,8,total,S1,0.000000,0.000000,0,0,0,0,0,0,0,0,0,0,0,40,0,1600.0,2214.7695497231325,1225.9388089878485,5073.312797991093,256.0
1785385585,8,TTFT,S2,0.200000,0.000000,3600,3600,3600,3600,3600,3600,3600,3600,3600,3600,3600,138,0,170.0,461.60197399971685,132.84717197529972,3570.3616269747727,1153.0
1785385585,8,total,S2,0.200000,0.000000,11000,11000,11000,11000,11000,11000,11000,11000,11000,11000,11000,138,0,1900.0,2414.9191833322234,1273.4447169932537,10664.128075004555,256.0
1785385585,8,TTFT,S3,0.600000,0.000000,5500,5800,6000,6000,7100,7100,7100,7100,7100,7100,7100,55,0,2400.0,2827.7720113221385,2292.0104970107786,7148.316365026403,9649.0
1785385585,8,total,S3,0.600000,0.000000,12000,13000,13000,13000,13000,13000,13000,13000,13000,13000,13000,55,0,4100.0,5286.721352683592,3469.237338984385,12999.224221042823,256.0
1785385585,8,,Aggregated,1.600000,0.000000,7900,11000,11000,12000,13000,13000,13000,13000,13000,13000,13000,466,0,1700.0,2030.5641317170996,86.87065995763987,12999.224221042823,1621.75321888412
1785385586,8,TTFT,S1,0.000000,0.000000,0,0,0,0,0,0,0,0,0,0,0,42,0,99,354.08974885995985,86.87065995763987,2049.487254989799,157.0
1785385586,8,total,S1,0.000000,0.000000,0,0,0,0,0,0,0,0,0,0,0,42,0,1700.0,2378.7887791168896,1225.9388089878485,5660.611390019767,256.0
1785385586,8,TTFT,S2,0.200000,0.000000,3600,3600,3600,3600,3600,3600,3600,3600,3600,3600,3600,140,0,180.0,458.5820498356562,132.84717197529972,3570.3616269747727,1153.0
1785385586,8,total,S2,0.200000,0.000000,11000,11000,11000,11000,11000,11000,11000,11000,11000,11000,11000,140,0,1900.0,2461.1706535132334,1273.4447169932537,10664.128075004555,256.0
1785385586,8,TTFT,S3,0.600000,0.000000,5500,5800,6000,6000,7100,7100,7100,7100,7100,7100,7100,55,0,2400.0,2827.7720113221385,2292.0104970107786,7148.316365026403,9649.0
1785385586,8,total,S3,0.600000,0.000000,12000,13000,13000,13000,13000,13000,13000,13000,13000,13000,13000,55,0,4100.0,5286.721352683592,3469.237338984385,12999.224221042823,256.0
1785385586,8,,Aggregated,1.600000,0.000000,5700,7900,11000,11000,13000,13000,13000,13000,13000,13000,13000,474,0,1700.0,2046.0831469708596,86.87065995763987,12999.224221042823,1602.0696202531647
1785385587,8,TTFT,S1,0.000000,0.000000,250,250,250,250,250,250,250,250,250,250,250,42,0,99,354.08974885995985,86.87065995763987,2049.487254989799,157.0
1785385587,8,total,S1,0.000000,0.000000,5700,5700,5700,5700,5700,5700,5700,5700,5700,5700,5700,42,0,1700.0,2378.7887791168896,1225.9388089878485,5660.611390019767,256.0
1785385587,8,TTFT,S2,0.200000,0.000000,3600,3600,3600,3600,3600,3600,3600,3600,3600,3600,3600,140,0,180.0,458.5820498356562,132.84717197529972,3570.3616269747727,1153.0
1785385587,8,total,S2,0.200000,0.000000,11000,11000,11000,11000,11000,11000,11000,11000,11000,11000,11000,140,0,1900.0,2461.1706535132334,1273.4447169932537,10664.128075004555,256.0
1785385587,8,TTFT,S3,0.600000,0.000000,5500,5800,6000,6000,7100,7100,7100,7100,7100,7100,7100,55,0,2400.0,2827.7720113221385,2292.0104970107786,7148.316365026403,9649.0
1785385587,8,total,S3,0.600000,0.000000,12000,13000,13000,13000,13000,13000,13000,13000,13000,13000,13000,55,0,4100.0,5286.721352683592,3469.237338984385,12999.224221042823,256.0
1785385587,8,,Aggregated,1.600000,0.000000,5700,7900,11000,11000,13000,13000,13000,13000,13000,13000,13000,474,0,1700.0,2046.0831469708596,86.87065995763987,12999.224221042823,1602.0696202531647
1785385588,8,TTFT,S1,0.000000,0.000000,250,250,250,250,250,250,250,250,250,250,250,42,0,99,354.08974885995985,86.87065995763987,2049.487254989799,157.0
1785385588,8,total,S1,0.000000,0.000000,5700,5700,5700,5700,5700,5700,5700,5700,5700,5700,5700,42,0,1700.0,2378.7887791168896,1225.9388089878485,5660.611390019767,256.0
1785385588,8,TTFT,S2,0.200000,0.000000,3600,3600,3600,3600,3600,3600,3600,3600,3600,3600,3600,140,0,180.0,458.5820498356562,132.84717197529972,3570.3616269747727,1153.0
1785385588,8,total,S2,0.200000,0.000000,11000,11000,11000,11000,11000,11000,11000,11000,11000,11000,11000,140,0,1900.0,2461.1706535132334,1273.4447169932537,10664.128075004555,256.0
1785385588,8,TTFT,S3,0.600000,0.000000,5800,5800,6000,6000,7100,7100,7100,7100,7100,7100,7100,55,0,2400.0,2827.7720113221385,2292.0104970107786,7148.316365026403,9649.0
1785385588,8,total,S3,0.600000,0.000000,13000,13000,13000,13000,13000,13000,13000,13000,13000,13000,13000,55,0,4100.0,5286.721352683592,3469.237338984385,12999.224221042823,256.0
1785385588,8,,Aggregated,1.600000,0.000000,5700,7100,11000,11000,13000,13000,13000,13000,13000,13000,13000,474,0,1700.0,2046.0831469708596,86.87065995763987,12999.224221042823,1602.0696202531647
1785385589,8,TTFT,S1,0.000000,0.000000,250,250,250,250,250,250,250,250,250,250,250,42,0,99,354.08974885995985,86.87065995763987,2049.487254989799,157.0
1785385589,8,total,S1,0.000000,0.000000,5700,5700,5700,5700,5700,5700,5700,5700,5700,5700,5700,42,0,1700.0,2378.7887791168896,1225.9388089878485,5660.611390019767,256.0
1785385589,8,TTFT,S2,0.200000,0.000000,3600,3600,3600,3600,3600,3600,3600,3600,3600,3600,3600,140,0,180.0,458.5820498356562,132.84717197529972,3570.3616269747727,1153.0
1785385589,8,total,S2,0.200000,0.000000,11000,11000,11000,11000,11000,11000,11000,11000,11000,11000,11000,140,0,1900.0,2461.1706535132334,1273.4447169932537,10664.128075004555,256.0
1785385589,8,TTFT,S3,0.600000,0.000000,5800,5800,6000,6000,7100,7100,7100,7100,7100,7100,7100,55,0,2400.0,2827.7720113221385,2292.0104970107786,7148.316365026403,9649.0
1785385589,8,total,S3,0.600000,0.000000,13000,13000,13000,13000,13000,13000,13000,13000,13000,13000,13000,55,0,4100.0,5286.721352683592,3469.237338984385,12999.224221042823,256.0
1785385589,8,,Aggregated,1.600000,0.000000,5700,7100,11000,11000,13000,13000,13000,13000,13000,13000,13000,474,0,1700.0,2046.0831469708596,86.87065995763987,12999.224221042823,1602.0696202531647
1785385590,8,TTFT,S1,0.200000,0.000000,250,250,250,250,250,250,250,250,250,250,250,42,0,99,354.08974885995985,86.87065995763987,2049.487254989799,157.0
1785385590,8,total,S1,0.200000,0.000000,5700,5700,5700,5700,5700,5700,5700,5700,5700,5700,5700,42,0,1700.0,2378.7887791168896,1225.9388089878485,5660.611390019767,256.0
1785385590,8,TTFT,S2,0.400000,0.000000,2300,2300,3600,3600,3600,3600,3600,3600,3600,3600,3600,142,0,180.0,469.31529321140465,132.84717197529972,3570.3616269747727,1153.0
1785385590,8,total,S2,0.400000,0.000000,9500,9500,11000,11000,11000,11000,11000,11000,11000,11000,11000,142,0,1900.0,2533.133777245407,1273.4447169932537,10664.128075004555,256.0
1785385590,8,TTFT,S3,0.600000,0.000000,5500,5800,6000,6000,7100,7100,7100,7100,7100,7100,7100,57,0,2400.0,2841.6758432582005,2292.0104970107786,7148.316365026403,9649.0
1785385590,8,total,S3,0.600000,0.000000,11000,13000,13000,13000,13000,13000,13000,13000,13000,13000,13000,57,0,4100.0,5438.648117133293,3469.237338984385,12999.224221042823,256.0
1785385590,8,,Aggregated,2.400000,0.000000,5700,7900,9700,11000,11000,13000,13000,13000,13000,13000,13000,482,0,1800.0,2101.8820164361205,86.87065995763987,12999.224221042823,1622.4253112033196
1785385591,8,TTFT,S1,0.200000,0.000000,250,250,250,250,250,250,250,250,250,250,250,42,0,99,354.08974885995985,86.87065995763987,2049.487254989799,157.0
1785385591,8,total,S1,0.200000,0.000000,5700,5700,5700,5700,5700,5700,5700,5700,5700,5700,5700,42,0,1700.0,2378.7887791168896,1225.9388089878485,5660.611390019767,256.0
1785385591,8,TTFT,S2,0.400000,0.000000,2300,2300,3600,3600,3600,3600,3600,3600,3600,3600,3600,142,0,180.0,469.31529321140465,132.84717197529972,3570.3616269747727,1153.0
1785385591,8,total,S2,0.400000,0.000000,9500,9500,11000,11000,11000,11000,11000,11000,11000,11000,11000,142,0,1900.0,2533.133777245407,1273.4447169932537,10664.128075004555,256.0
1785385591,8,TTFT,S3,0.600000,0.000000,5500,5800,6000,6000,7100,7100,7100,7100,7100,7100,7100,57,0,2400.0,2841.6758432582005,2292.0104970107786,7148.316365026403,9649.0
1785385591,8,total,S3,0.600000,0.000000,11000,13000,13000,13000,13000,13000,13000,13000,13000,13000,13000,57,0,4100.0,5438.648117133293,3469.237338984385,12999.224221042823,256.0
1785385591,8,,Aggregated,2.400000,0.000000,5700,7900,9700,11000,11000,13000,13000,13000,13000,13000,13000,482,0,1800.0,2101.8820164361205,86.87065995763987,12999.224221042823,1622.4253112033196
1785385592,8,TTFT,S1,0.200000,0.000000,250,250,250,250,250,250,250,250,250,250,250,42,0,99,354.08974885995985,86.87065995763987,2049.487254989799,157.0
1785385592,8,total,S1,0.200000,0.000000,5700,5700,5700,5700,5700,5700,5700,5700,5700,5700,5700,42,0,1700.0,2378.7887791168896,1225.9388089878485,5660.611390019767,256.0
1785385592,8,TTFT,S2,0.400000,0.000000,2300,2300,3600,3600,3600,3600,3600,3600,3600,3600,3600,142,0,180.0,469.31529321140465,132.84717197529972,3570.3616269747727,1153.0
1785385592,8,total,S2,0.400000,0.000000,9500,9500,11000,11000,11000,11000,11000,11000,11000,11000,11000,142,0,1900.0,2533.133777245407,1273.4447169932537,10664.128075004555,256.0
1785385592,8,TTFT,S3,0.600000,0.000000,2500,2500,4000,4000,4000,4000,4000,4000,4000,4000,4000,57,0,2400.0,2841.6758432582005,2292.0104970107786,7148.316365026403,9649.0
1785385592,8,total,S3,0.600000,0.000000,9500,9500,9700,9700,9700,9700,9700,9700,9700,9700,9700,57,0,4100.0,5438.648117133293,3469.237338984385,12999.224221042823,256.0
1785385592,8,,Aggregated,2.400000,0.000000,5600,5700,5700,7900,9500,9700,9700,9700,9700,9700,9700,482,0,1800.0,2101.8820164361205,86.87065995763987,12999.224221042823,1622.4253112033196
1785385593,8,TTFT,S1,0.200000,0.000000,250,250,250,250,250,250,250,250,250,250,250,42,0,99,354.08974885995985,86.87065995763987,2049.487254989799,157.0
1785385593,8,total,S1,0.200000,0.000000,5700,5700,5700,5700,5700,5700,5700,5700,5700,5700,5700,42,0,1700.0,2378.7887791168896,1225.9388089878485,5660.611390019767,256.0
1785385593,8,TTFT,S2,0.400000,0.000000,250,250,2300,2300,2300,2300,2300,2300,2300,2300,2300,142,0,180.0,469.31529321140465,132.84717197529972,3570.3616269747727,1153.0
1785385593,8,total,S2,0.400000,0.000000,5700,5700,9500,9500,9500,9500,9500,9500,9500,9500,9500,142,0,1900.0,2533.133777245407,1273.4447169932537,10664.128075004555,256.0
1785385593,8,TTFT,S3,0.600000,0.000000,2500,2500,4000,4000,4000,4000,4000,4000,4000,4000,4000,57,0,2400.0,2841.6758432582005,2292.0104970107786,7148.316365026403,9649.0
1785385593,8,total,S3,0.600000,0.000000,9500,9500,9700,9700,9700,9700,9700,9700,9700,9700,9700,57,0,4100.0,5438.648117133293,3469.237338984385,12999.224221042823,256.0
1785385593,8,,Aggregated,2.400000,0.000000,5600,5700,5700,7900,9500,9700,9700,9700,9700,9700,9700,482,0,1800.0,2101.8820164361205,86.87065995763987,12999.224221042823,1622.4253112033196
1785385594,8,TTFT,S1,0.200000,0.000000,250,250,250,250,250,250,250,250,250,250,250,42,0,99,354.08974885995985,86.87065995763987,2049.487254989799,157.0
1785385594,8,total,S1,0.200000,0.000000,5700,5700,5700,5700,5700,5700,5700,5700,5700,5700,5700,42,0,1700.0,2378.7887791168896,1225.9388089878485,5660.611390019767,256.0
1785385594,8,TTFT,S2,0.400000,0.000000,250,250,2300,2300,2300,2300,2300,2300,2300,2300,2300,142,0,180.0,469.31529321140465,132.84717197529972,3570.3616269747727,1153.0
1785385594,8,total,S2,0.400000,0.000000,5700,5700,9500,9500,9500,9500,9500,9500,9500,9500,9500,142,0,1900.0,2533.133777245407,1273.4447169932537,10664.128075004555,256.0
1785385594,8,TTFT,S3,0.600000,0.000000,2500,2500,4000,4000,4000,4000,4000,4000,4000,4000,4000,57,0,2400.0,2841.6758432582005,2292.0104970107786,7148.316365026403,9649.0
1785385594,8,total,S3,0.600000,0.000000,9500,9500,9700,9700,9700,9700,9700,9700,9700,9700,9700,57,0,4100.0,5438.648117133293,3469.237338984385,12999.224221042823,256.0
1785385594,8,,Aggregated,2.400000,0.000000,5600,5700,5700,7900,9500,9700,9700,9700,9700,9700,9700,482,0,1800.0,2101.8820164361205,86.87065995763987,12999.224221042823,1622.4253112033196
1785385595,8,TTFT,S1,0.200000,0.000000,250,250,250,250,250,250,250,250,250,250,250,42,0,99,354.08974885995985,86.87065995763987,2049.487254989799,157.0
1785385595,8,total,S1,0.200000,0.000000,5700,5700,5700,5700,5700,5700,5700,5700,5700,5700,5700,42,0,1700.0,2378.7887791168896,1225.9388089878485,5660.611390019767,256.0
1785385595,8,TTFT,S2,0.400000,0.000000,250,250,2300,2300,2300,2300,2300,2300,2300,2300,2300,142,0,180.0,469.31529321140465,132.84717197529972,3570.3616269747727,1153.0
1785385595,8,total,S2,0.400000,0.000000,5700,5700,9500,9500,9500,9500,9500,9500,9500,9500,9500,142,0,1900.0,2533.133777245407,1273.4447169932537,10664.128075004555,256.0
1785385595,8,TTFT,S3,0.600000,0.000000,2500,2500,4000,4000,4000,4000,4000,4000,4000,4000,4000,57,0,2400.0,2841.6758432582005,2292.0104970107786,7148.316365026403,9649.0
1785385595,8,total,S3,0.600000,0.000000,9500,9500,9700,9700,9700,9700,9700,9700,9700,9700,9700,57,0,4100.0,5438.648117133293,3469.237338984385,12999.224221042823,256.0
1785385595,8,,Aggregated,2.400000,0.000000,5600,5700,5700,5700,9500,9700,9700,9700,9700,9700,9700,482,0,1800.0,2101.8820164361205,86.87065995763987,12999.224221042823,1622.4253112033196
1785385596,8,TTFT,S1,0.200000,0.000000,250,250,250,250,250,250,250,250,250,250,250,42,0,99,354.08974885995985,86.87065995763987,2049.487254989799,157.0
1785385596,8,total,S1,0.200000,0.000000,5700,5700,5700,5700,5700,5700,5700,5700,5700,5700,5700,42,0,1700.0,2378.7887791168896,1225.9388089878485,5660.611390019767,256.0
1785385596,8,TTFT,S2,0.400000,0.000000,250,250,2300,2300,2300,2300,2300,2300,2300,2300,2300,142,0,180.0,469.31529321140465,132.84717197529972,3570.3616269747727,1153.0
1785385596,8,total,S2,0.400000,0.000000,5700,5700,9500,9500,9500,9500,9500,9500,9500,9500,9500,142,0,1900.0,2533.133777245407,1273.4447169932537,10664.128075004555,256.0
1785385596,8,TTFT,S3,0.600000,0.000000,2500,2500,4000,4000,4000,4000,4000,4000,4000,4000,4000,57,0,2400.0,2841.6758432582005,2292.0104970107786,7148.316365026403,9649.0
1785385596,8,total,S3,0.600000,0.000000,9500,9500,9700,9700,9700,9700,9700,9700,9700,9700,9700,57,0,4100.0,5438.648117133293,3469.237338984385,12999.224221042823,256.0
1785385596,8,,Aggregated,2.400000,0.000000,5600,5700,5700,5700,9500,9700,9700,9700,9700,9700,9700,482,0,1800.0,2101.8820164361205,86.87065995763987,12999.224221042823,1622.4253112033196
1785385597,8,TTFT,S1,0.200000,0.000000,250,250,250,250,250,250,250,250,250,250,250,42,0,99,354.08974885995985,86.87065995763987,2049.487254989799,157.0
1785385597,8,total,S1,0.200000,0.000000,5700,5700,5700,5700,5700,5700,5700,5700,5700,5700,5700,42,0,1700.0,2378.7887791168896,1225.9388089878485,5660.611390019767,256.0
1785385597,8,TTFT,S2,0.400000,0.000000,250,250,2300,2300,2300,2300,2300,2300,2300,2300,2300,142,0,180.0,469.31529321140465,132.84717197529972,3570.3616269747727,1153.0
1785385597,8,total,S2,0.400000,0.000000,5700,5700,9500,9500,9500,9500,9500,9500,9500,9500,9500,142,0,1900.0,2533.133777245407,1273.4447169932537,10664.128075004555,256.0
1785385597,8,TTFT,S3,0.600000,0.000000,4000,4000,4000,4000,4000,4000,4000,4000,4000,4000,4000,57,0,2400.0,2841.6758432582005,2292.0104970107786,7148.316365026403,9649.0
1785385597,8,total,S3,0.600000,0.000000,9700,9700,9700,9700,9700,9700,9700,9700,9700,9700,9700,57,0,4100.0,5438.648117133293,3469.237338984385,12999.224221042823,256.0
1785385597,8,,Aggregated,2.400000,0.000000,5600,5700,5700,5700,9500,9700,9700,9700,9700,9700,9700,482,0,1800.0,2101.8820164361205,86.87065995763987,12999.224221042823,1622.4253112033196
1785385598,8,TTFT,S1,0.200000,0.000000,250,250,250,250,250,250,250,250,250,250,250,42,0,99,354.08974885995985,86.87065995763987,2049.487254989799,157.0
1785385598,8,total,S1,0.200000,0.000000,5700,5700,5700,5700,5700,5700,5700,5700,5700,5700,5700,42,0,1700.0,2378.7887791168896,1225.9388089878485,5660.611390019767,256.0
1785385598,8,TTFT,S2,0.400000,0.000000,270,270,2300,2300,2300,2300,2300,2300,2300,2300,2300,144,0,190.0,466.4216521737722,132.84717197529972,3570.3616269747727,1153.0
1785385598,8,total,S2,0.400000,0.000000,12000,12000,12000,12000,12000,12000,12000,12000,12000,12000,12000,144,0,1900.0,2667.688657415662,1273.4447169932537,12222.958281985484,256.0
1785385598,8,TTFT,S3,0.200000,0.000000,4000,4000,4000,4000,4000,4000,4000,4000,4000,4000,4000,57,0,2400.0,2841.6758432582005,2292.0104970107786,7148.316365026403,9649.0
1785385598,8,total,S3,0.200000,0.000000,9700,9700,9700,9700,9700,9700,9700,9700,9700,9700,9700,57,0,4100.0,5438.648117133293,3469.237338984385,12999.224221042823,256.0
1785385598,8,,Aggregated,1.600000,0.000000,5600,9500,9700,9700,12000,12000,12000,12000,12000,12000,12000,486,0,1800.0,2135.9490709839947,86.87065995763987,12999.224221042823,1614.8703703703704
1785385599,8,TTFT,S1,0.200000,0.000000,250,250,250,250,250,250,250,250,250,250,250,42,0,99,354.08974885995985,86.87065995763987,2049.487254989799,157.0
1785385599,8,total,S1,0.200000,0.000000,5700,5700,5700,5700,5700,5700,5700,5700,5700,5700,5700,42,0,1700.0,2378.7887791168896,1225.9388089878485,5660.611390019767,256.0
1785385599,8,TTFT,S2,0.400000,0.000000,270,270,2300,2300,2300,2300,2300,2300,2300,2300,2300,144,0,190.0,466.4216521737722,132.84717197529972,3570.3616269747727,1153.0
1785385599,8,total,S2,0.400000,0.000000,12000,12000,12000,12000,12000,12000,12000,12000,12000,12000,12000,144,0,1900.0,2667.688657415662,1273.4447169932537,12222.958281985484,256.0
1785385599,8,TTFT,S3,0.200000,0.000000,4000,4000,4100,4100,4100,4100,4100,4100,4100,4100,4100,59,0,2400.0,2856.423840520635,2292.0104970107786,7148.316365026403,9649.0
1785385599,8,total,S3,0.200000,0.000000,13000,13000,13000,13000,13000,13000,13000,13000,13000,13000,13000,59,0,4200.0,5687.5561521126165,3469.237338984385,12999.224221042823,256.0
1785385599,8,,Aggregated,1.600000,0.000000,5600,9500,12000,12000,13000,13000,13000,13000,13000,13000,13000,490,0,1800.0,2184.056331267894,86.87065995763987,12999.224221042823,1642.1163265306122
1785385600,8,TTFT,S1,0.200000,0.000000,250,250,250,250,250,250,250,250,250,250,250,42,0,99,354.08974885995985,86.87065995763987,2049.487254989799,157.0
1785385600,8,total,S1,0.200000,0.000000,5700,5700,5700,5700,5700,5700,5700,5700,5700,5700,5700,42,0,1700.0,2378.7887791168896,1225.9388089878485,5660.611390019767,256.0
1785385600,8,TTFT,S2,0.400000,0.000000,270,270,2300,2300,2300,2300,2300,2300,2300,2300,2300,144,0,190.0,466.4216521737722,132.84717197529972,3570.3616269747727,1153.0
1785385600,8,total,S2,0.400000,0.000000,12000,12000,12000,12000,12000,12000,12000,12000,12000,12000,12000,144,0,1900.0,2667.688657415662,1273.4447169932537,12222.958281985484,256.0
1785385600,8,TTFT,S3,0.200000,0.000000,4000,4000,4100,4100,4100,4100,4100,4100,4100,4100,4100,59,0,2400.0,2856.423840520635,2292.0104970107786,7148.316365026403,9649.0
1785385600,8,total,S3,0.200000,0.000000,13000,13000,13000,13000,13000,13000,13000,13000,13000,13000,13000,59,0,4200.0,5687.5561521126165,3469.237338984385,12999.224221042823,256.0
1785385600,8,,Aggregated,1.600000,0.000000,5600,9500,12000,12000,13000,13000,13000,13000,13000,13000,13000,490,0,1800.0,2184.056331267894,86.87065995763987,12999.224221042823,1642.1163265306122
1785385601,8,TTFT,S1,0.000000,0.000000,250,250,250,250,250,250,250,250,250,250,250,42,0,99,354.08974885995985,86.87065995763987,2049.487254989799,157.0
1785385601,8,total,S1,0.000000,0.000000,5700,5700,5700,5700,5700,5700,5700,5700,5700,5700,5700,42,0,1700.0,2378.7887791168896,1225.9388089878485,5660.611390019767,256.0
1785385601,8,TTFT,S2,0.400000,0.000000,270,270,2300,2300,2300,2300,2300,2300,2300,2300,2300,144,0,190.0,466.4216521737722,132.84717197529972,3570.3616269747727,1153.0
1785385601,8,total,S2,0.400000,0.000000,12000,12000,12000,12000,12000,12000,12000,12000,12000,12000,12000,144,0,1900.0,2667.688657415662,1273.4447169932537,12222.958281985484,256.0
1785385601,8,TTFT,S3,0.400000,0.000000,4100,5600,5800,5800,7200,7200,7200,7200,7200,7200,7200,63,0,2400.0,3007.4892470914324,2292.0104970107786,7215.277819021139,9649.0
1785385601,8,total,S3,0.400000,0.000000,11000,11000,13000,13000,13000,13000,13000,13000,13000,13000,13000,63,0,4300.0,6034.2391639622665,3469.237338984385,12999.224221042823,256.0
1785385601,8,,Aggregated,1.600000,0.000000,7200,9700,11000,11000,12000,13000,13000,13000,13000,13000,13000,498,0,1800.0,2280.5656077355206,86.87065995763987,12999.224221042823,1695.2951807228915
1785385602,8,TTFT,S1,0.000000,0.000000,250,250,250,250,250,250,250,250,250,250,250,42,0,99,354.08974885995985,86.87065995763987,2049.487254989799,157.0
1785385602,8,total,S1,0.000000,0.000000,5700,5700,5700,5700,5700,5700,5700,5700,5700,5700,5700,42,0,1700.0,2378.7887791168896,1225.9388089878485,5660.611390019767,256.0
1785385602,8,TTFT,S2,0.400000,0.000000,270,270,2300,2300,2300,2300,2300,2300,2300,2300,2300,144,0,190.0,466.4216521737722,132.84717197529972,3570.3616269747727,1153.0
1785385602,8,total,S2,0.400000,0.000000,12000,12000,12000,12000,12000,12000,12000,12000,12000,12000,12000,144,0,1900.0,2667.688657415662,1273.4447169932537,12222.958281985484,256.0
1785385602,8,TTFT,S3,0.400000,0.000000,4100,5600,5800,5800,7200,7200,7200,7200,7200,7200,7200,63,0,2400.0,3007.4892470914324,2292.0104970107786,7215.277819021139,9649.0
1785385602,8,total,S3,0.400000,0.000000,11000,11000,13000,13000,13000,13000,13000,13000,13000,13000,13000,63,0,4300.0,6034.2391639622665,3469.237338984385,12999.224221042823,256.0
1785385602,8,,Aggregated,1.600000,0.000000,7200,9700,11000,11000,12000,13000,13000,13000,13000,13000,13000,498,0,1800.0,2280.5656077355206,86.87065995763987,12999.224221042823,1695.2951807228915
1785385603,8,TTFT,S1,0.000000,0.000000,250,250,250,250,250,250,250,250,250,250,250,42,0,99,354.08974885995985,86.87065995763987,2049.487254989799,157.0
1785385603,8,total,S1,0.000000,0.000000,5700,5700,5700,5700,5700,5700,5700,5700,5700,5700,5700,42,0,1700.0,2378.7887791168896,1225.9388089878485,5660.611390019767,256.0
1785385603,8,TTFT,S2,0.400000,0.000000,270,270,2300,2300,2300,2300,2300,2300,2300,2300,2300,144,0,190.0,466.4216521737722,132.84717197529972,3570.3616269747727,1153.0
1785385603,8,total,S2,0.400000,0.000000,12000,12000,12000,12000,12000,12000,12000,12000,12000,12000,12000,144,0,1900.0,2667.688657415662,1273.4447169932537,12222.958281985484,256.0
1785385603,8,TTFT,S3,0.400000,0.000000,4100,5600,5800,5800,7200,7200,7200,7200,7200,7200,7200,63,0,2400.0,3007.4892470914324,2292.0104970107786,7215.277819021139,9649.0
1785385603,8,total,S3,0.400000,0.000000,11000,11000,13000,13000,13000,13000,13000,13000,13000,13000,13000,63,0,4300.0,6034.2391639622665,3469.237338984385,12999.224221042823,256.0
1785385603,8,,Aggregated,1.600000,0.000000,7200,9700,11000,11000,12000,13000,13000,13000,13000,13000,13000,498,0,1800.0,2280.5656077355206,86.87065995763987,12999.224221042823,1695.2951807228915
1785385604,8,TTFT,S1,0.000000,0.000000,0,0,0,0,0,0,0,0,0,0,0,42,0,99,354.08974885995985,86.87065995763987,2049.487254989799,157.0
1785385604,8,total,S1,0.000000,0.000000,0,0,0,0,0,0,0,0,0,0,0,42,0,1700.0,2378.7887791168896,1225.9388089878485,5660.611390019767,256.0
1785385604,8,TTFT,S2,0.400000,0.000000,270,270,270,270,270,270,270,270,270,270,270,144,0,190.0,466.4216521737722,132.84717197529972,3570.3616269747727,1153.0
1785385604,8,total,S2,0.400000,0.000000,12000,12000,12000,12000,12000,12000,12000,12000,12000,12000,12000,144,0,1900.0,2667.688657415662,1273.4447169932537,12222.958281985484,256.0
1785385604,8,TTFT,S3,0.400000,0.000000,5600,5600,5800,5800,7200,7200,7200,7200,7200,7200,7200,63,0,2400.0,3007.4892470914324,2292.0104970107786,7215.277819021139,9649.0
1785385604,8,total,S3,0.400000,0.000000,11000,11000,13000,13000,13000,13000,13000,13000,13000,13000,13000,63,0,4300.0,6034.2391639622665,3469.237338984385,12999.224221042823,256.0
1785385604,8,,Aggregated,1.600000,0.000000,11000,11000,12000,12000,13000,13000,13000,13000,13000,13000,13000,498,0,1800.0,2280.5656077355206,86.87065995763987,12999.224221042823,1695.2951807228915
1785385605,8,TTFT,S1,0.000000,0.000000,0,0,0,0,0,0,0,0,0,0,0,42,0,99,354.08974885995985,86.87065995763987,2049.487254989799,157.0
1785385605,8,total,S1,0.000000,0.000000,0,0,0,0,0,0,0,0,0,0,0,42,0,1700.0,2378.7887791168896,1225.9388089878485,5660.611390019767,256.0
1785385605,8,TTFT,S2,0.400000,0.000000,270,270,270,270,270,270,270,270,270,270,270,144,0,190.0,466.4216521737722,132.84717197529972,3570.3616269747727,1153.0
1785385605,8,total,S2,0.400000,0.000000,12000,12000,12000,12000,12000,12000,12000,12000,12000,12000,12000,144,0,1900.0,2667.688657415662,1273.4447169932537,12222.958281985484,256.0
1785385605,8,TTFT,S3,0.400000,0.000000,5600,5600,5800,5800,7200,7200,7200,7200,7200,7200,7200,63,0,2400.0,3007.4892470914324,2292.0104970107786,7215.277819021139,9649.0
1785385605,8,total,S3,0.400000,0.000000,11000,11000,13000,13000,13000,13000,13000,13000,13000,13000,13000,63,0,4300.0,6034.2391639622665,3469.237338984385,12999.224221042823,256.0
1785385605,8,,Aggregated,1.600000,0.000000,11000,11000,12000,12000,13000,13000,13000,13000,13000,13000,13000,498,0,1800.0,2280.5656077355206,86.87065995763987,12999.224221042823,1695.2951807228915
1785385606,8,TTFT,S1,0.000000,0.000000,0,0,0,0,0,0,0,0,0,0,0,42,0,99,354.08974885995985,86.87065995763987,2049.487254989799,157.0
1785385606,8,total,S1,0.000000,0.000000,0,0,0,0,0,0,0,0,0,0,0,42,0,1700.0,2378.7887791168896,1225.9388089878485,5660.611390019767,256.0
1785385606,8,TTFT,S2,0.400000,0.000000,270,270,270,270,270,270,270,270,270,270,270,144,0,190.0,466.4216521737722,132.84717197529972,3570.3616269747727,1153.0
1785385606,8,total,S2,0.400000,0.000000,12000,12000,12000,12000,12000,12000,12000,12000,12000,12000,12000,144,0,1900.0,2667.688657415662,1273.4447169932537,12222.958281985484,256.0
1785385606,8,TTFT,S3,0.400000,0.000000,5600,5600,5800,5800,7200,7200,7200,7200,7200,7200,7200,63,0,2400.0,3007.4892470914324,2292.0104970107786,7215.277819021139,9649.0
1785385606,8,total,S3,0.400000,0.000000,11000,11000,13000,13000,13000,13000,13000,13000,13000,13000,13000,63,0,4300.0,6034.2391639622665,3469.237338984385,12999.224221042823,256.0
1785385606,8,,Aggregated,1.600000,0.000000,11000,11000,12000,12000,13000,13000,13000,13000,13000,13000,13000,498,0,1800.0,2280.5656077355206,86.87065995763987,12999.224221042823,1695.2951807228915
1785385607,8,TTFT,S1,0.000000,0.000000,0,0,0,0,0,0,0,0,0,0,0,43,0,100.0,349.15739093327807,86.87065995763987,2049.487254989799,157.0
1785385607,8,total,S1,0.000000,0.000000,0,0,0,0,0,0,0,0,0,0,0,43,0,1800.0,2532.118238741532,1225.9388089878485,8971.955542976502,256.0
1785385607,8,TTFT,S2,0.200000,0.000000,260,260,270,270,270,270,270,270,270,270,270,145,0,190.0,464.22795634516035,132.84717197529972,3570.3616269747727,1153.0
1785385607,8,total,S2,0.200000,0.000000,12000,12000,12000,12000,12000,12000,12000,12000,12000,12000,12000,145,0,1900.0,2711.228664902617,1273.4447169932537,12222.958281985484,256.0
1785385607,8,TTFT,S3,0.600000,0.000000,5600,5600,5800,5800,7200,7200,7200,7200,7200,7200,7200,63,0,2400.0,3007.4892470914324,2292.0104970107786,7215.277819021139,9649.0
1785385607,8,total,S3,0.600000,0.000000,11000,11000,13000,13000,13000,13000,13000,13000,13000,13000,13000,63,0,4300.0,6034.2391639622665,3469.237338984385,12999.224221042823,256.0
1785385607,8,,Aggregated,1.600000,0.000000,9000,11000,11000,12000,13000,13000,13000,13000,13000,13000,13000,502,0,1800.0,2298.7349642496565,86.87065995763987,12999.224221042823,1685.4163346613545
1785385608,8,TTFT,S1,0.000000,0.000000,140,140,140,140,140,140,140,140,140,140,140,43,0,100.0,349.15739093327807,86.87065995763987,2049.487254989799,157.0
1785385608,8,total,S1,0.000000,0.000000,9000,9000,9000,9000,9000,9000,9000,9000,9000,9000,9000,43,0,1800.0,2532.118238741532,1225.9388089878485,8971.955542976502,256.0
1785385608,8,TTFT,S2,0.200000,0.000000,180,260,260,270,270,270,270,270,270,270,270,147,0,180.0,460.2051617282278,132.84717197529972,3570.3616269747727,1153.0
1785385608,8,total,S2,0.200000,0.000000,9100,12000,12000,12000,12000,12000,12000,12000,12000,12000,12000,147,0,1900.0,2786.6640233665985,1273.4447169932537,12222.958281985484,256.0
1785385608,8,TTFT,S3,0.600000,0.000000,4100,5600,5800,5800,7200,7200,7200,7200,7200,7200,7200,64,0,2400.0,2997.898266293305,2292.0104970107786,7215.277819021139,9649.0
1785385608,8,total,S3,0.600000,0.000000,11000,11000,13000,13000,13000,13000,13000,13000,13000,13000,13000,64,0,4300.0,6091.292743338272,3469.237338984385,12999.224221042823,256.0
1785385608,8,,Aggregated,1.600000,0.000000,7500,9700,11000,11000,12000,13000,13000,13000,13000,13000,13000,508,0,1800.0,2328.5292261838135,86.87065995763987,12999.224221042823,1690.5551181102362
1785385609,8,TTFT,S1,0.000000,0.000000,200,200,200,200,200,200,200,200,200,200,200,44,0,100.0,345.66589982105967,86.87065995763987,2049.487254989799,157.0
1785385609,8,total,S1,0.000000,0.000000,9000,9000,9000,9000,9000,9000,9000,9000,9000,9000,9000,44,0,1800.0,2524.996560906981,1225.9388089878485,8971.955542976502,256.0
1785385609,8,TTFT,S2,0.200000,0.000000,190,190,260,260,270,270,270,270,270,270,270,148,0,180.0,458.4120906015537,132.84717197529972,3570.3616269747727,1153.0
1785385609,8,total,S2,0.200000,0.000000,9100,9100,12000,12000,12000,12000,12000,12000,12000,12000,12000,148,0,1900.0,2782.8479838979156,1273.4447169932537,12222.958281985484,256.0
1785385609,8,TTFT,S3,0.600000,0.000000,5700,5800,5800,5800,7200,7200,7200,7200,7200,7200,7200,67,0,2400.0,3071.0059852059585,2292.0104970107786,7215.277819021139,9649.0
1785385609,8,total,S3,0.600000,0.000000,11000,11000,11000,11000,11000,11000,11000,11000,11000,11000,11000,67,0,5100.0,6177.378875471881,3469.237338984385,12999.224221042823,256.0
1785385609,8,,Aggregated,1.600000,0.000000,5800,8000,9000,9100,11000,11000,11000,11000,11000,11000,11000,518,0,1800.0,2366.1340250258118,86.87065995763987,12999.224221042823,1718.8011583011582
1785385610,8,TTFT,S1,0.000000,0.000000,200,200,200,200,200,200,200,200,200,200,200,44,0,100.0,345.66589982105967,86.87065995763987,2049.487254989799,157.0
1785385610,8,total,S1,0.000000,0.000000,9000,9000,9000,9000,9000,9000,9000,9000,9000,9000,9000,44,0,1800.0,2524.996560906981,1225.9388089878485,8971.955542976502,256.0
1785385610,8,TTFT,S2,0.200000,0.000000,190,190,260,260,270,270,270,270,270,270,270,148,0,180.0,458.4120906015537,132.84717197529972,3570.3616269747727,1153.0
1785385610,8,total,S2,0.200000,0.000000,9100,9100,12000,12000,12000,12000,12000,12000,12000,12000,12000,148,0,1900.0,2782.8479838979156,1273.4447169932537,12222.958281985484,256.0
1785385610,8,TTFT,S3,0.600000,0.000000,5700,5800,5800,5800,7200,7200,7200,7200,7200,7200,7200,67,0,2400.0,3071.0059852059585,2292.0104970107786,7215.277819021139,9649.0
1785385610,8,total,S3,0.600000,0.000000,11000,11000,11000,11000,11000,11000,11000,11000,11000,11000,11000,67,0,5100.0,6177.378875471881,3469.237338984385,12999.224221042823,256.0
1785385610,8,,Aggregated,1.600000,0.000000,5800,8000,9000,9100,11000,11000,11000,11000,11000,11000,11000,518,0,1800.0,2366.1340250258118,86.87065995763987,12999.224221042823,1718.8011583011582
1785385611,8,TTFT,S1,0.000000,0.000000,200,200,200,200,200,200,200,200,200,200,200,44,0,100.0,345.66589982105967,86.87065995763987,2049.487254989799,157.0
1785385611,8,total,S1,0.000000,0.000000,9000,9000,9000,9000,9000,9000,9000,9000,9000,9000,9000,44,0,1800.0,2524.996560906981,1225.9388089878485,8971.955542976502,256.0
1785385611,8,TTFT,S2,0.200000,0.000000,190,190,260,260,270,270,270,270,270,270,270,148,0,180.0,458.4120906015537,132.84717197529972,3570.3616269747727,1153.0
1785385611,8,total,S2,0.200000,0.000000,9100,9100,12000,12000,12000,12000,12000,12000,12000,12000,12000,148,0,1900.0,2782.8479838979156,1273.4447169932537,12222.958281985484,256.0
1785385611,8,TTFT,S3,0.600000,0.000000,5700,5800,5800,5800,7200,7200,7200,7200,7200,7200,7200,67,0,2400.0,3071.0059852059585,2292.0104970107786,7215.277819021139,9649.0
1785385611,8,total,S3,0.600000,0.000000,11000,11000,11000,11000,11000,11000,11000,11000,11000,11000,11000,67,0,5100.0,6177.378875471881,3469.237338984385,12999.224221042823,256.0
1785385611,8,,Aggregated,1.600000,0.000000,5800,8000,9000,9100,11000,11000,11000,11000,11000,11000,11000,518,0,1800.0,2366.1340250258118,86.87065995763987,12999.224221042823,1718.8011583011582
1785385612,8,TTFT,S1,0.000000,0.000000,200,200,200,200,200,200,200,200,200,200,200,44,0,100.0,345.66589982105967,86.87065995763987,2049.487254989799,157.0
1785385612,8,total,S1,0.000000,0.000000,9000,9000,9000,9000,9000,9000,9000,9000,9000,9000,9000,44,0,1800.0,2524.996560906981,1225.9388089878485,8971.955542976502,256.0
1785385612,8,TTFT,S2,0.200000,0.000000,180,180,190,190,190,190,190,190,190,190,190,148,0,180.0,458.4120906015537,132.84717197529972,3570.3616269747727,1153.0
1785385612,8,total,S2,0.200000,0.000000,9000,9000,9100,9100,9100,9100,9100,9100,9100,9100,9100,148,0,1900.0,2782.8479838979156,1273.4447169932537,12222.958281985484,256.0
1785385612,8,TTFT,S3,0.600000,0.000000,5700,5800,5800,5800,7200,7200,7200,7200,7200,7200,7200,67,0,2400.0,3071.0059852059585,2292.0104970107786,7215.277819021139,9649.0
1785385612,8,total,S3,0.600000,0.000000,11000,11000,11000,11000,11000,11000,11000,11000,11000,11000,11000,67,0,5100.0,6177.378875471881,3469.237338984385,12999.224221042823,256.0
1785385612,8,,Aggregated,1.600000,0.000000,5800,8000,9000,9100,11000,11000,11000,11000,11000,11000,11000,518,0,1800.0,2366.1340250258118,86.87065995763987,12999.224221042823,1718.8011583011582
1785385613,8,TTFT,S1,0.200000,0.000000,200,200,200,200,200,200,200,200,200,200,200,44,0,100.0,345.66589982105967,86.87065995763987,2049.487254989799,157.0
1785385613,8,total,S1,0.200000,0.000000,9000,9000,9000,9000,9000,9000,9000,9000,9000,9000,9000,44,0,1800.0,2524.996560906981,1225.9388089878485,8971.955542976502,256.0
1785385613,8,TTFT,S2,0.400000,0.000000,160,180,180,190,190,190,190,190,190,190,190,149,0,180.0,456.27186218809476,132.84717197529972,3570.3616269747727,1153.0
1785385613,8,total,S2,0.400000,0.000000,7500,9000,9000,9100,9100,9100,9100,9100,9100,9100,9100,149,0,1900.0,2801.948053683795,1273.4447169932537,12222.958281985484,256.0
1785385613,8,TTFT,S3,0.800000,0.000000,5700,5700,5800,5800,5800,5800,5800,5800,5800,5800,5800,67,0,2400.0,3071.0059852059585,2292.0104970107786,7215.277819021139,9649.0
1785385613,8,total,S3,0.800000,0.000000,8000,8000,9700,9700,9700,9700,9700,9700,9700,9700,9700,67,0,5100.0,6177.378875471881,3469.237338984385,12999.224221042823,256.0
1785385613,8,,Aggregated,2.800000,0.000000,5600,7500,8000,8000,9000,9100,9700,9700,9700,9700,9700,520,0,1800.0,2368.1263488506934,86.87065995763987,12999.224221042823,1714.9
1785385615,8,TTFT,S1,0.200000,0.000000,140,140,200,200,200,200,200,200,200,200,200,45,0,100.0,339.9646212915993,86.87065995763987,2049.487254989799,157.0
1785385615,8,total,S1,0.200000,0.000000,5600,5600,9000,9000,9000,9000,9000,9000,9000,9000,9000,45,0,1800.0,2593.099532487233,1225.9388089878485,8971.955542976502,256.0
1785385615,8,TTFT,S2,0.400000,0.000000,160,180,180,190,190,190,190,190,190,190,190,149,0,180.0,456.27186218809476,132.84717197529972,3570.3616269747727,1153.0
1785385615,8,total,S2,0.400000,0.000000,7500,9000,9000,9100,9100,9100,9100,9100,9100,9100,9100,149,0,1900.0,2801.948053683795,1273.4447169932537,12222.958281985484,256.0
1785385615,8,TTFT,S3,0.400000,0.000000,5700,5700,5800,5800,5800,5800,5800,5800,5800,5800,5800,67,0,2400.0,3071.0059852059585,2292.0104970107786,7215.277819021139,9649.0
1785385615,8,total,S3,0.400000,0.000000,8000,8000,9700,9700,9700,9700,9700,9700,9700,9700,9700,67,0,5100.0,6177.378875471881,3469.237338984385,12999.224221042823,256.0
1785385615,8,,Aggregated,2.000000,0.000000,5600,5800,8000,8000,9000,9100,9700,9700,9700,9700,9700,522,0,1800.0,2369.9318774911385,86.87065995763987,12999.224221042823,1709.1206896551723
1785385616,8,TTFT,S1,0.200000,0.000000,200,200,3500,3500,3500,3500,3500,3500,3500,3500,3500,46,0,100.0,407.8131882858503,86.87065995763987,3460.998703027144,157.0
1785385616,8,total,S1,0.200000,0.000000,5600,5600,9000,9000,9000,9000,9000,9000,9000,9000,9000,46,0,1800.0,2659.3491257593523,1225.9388089878485,8971.955542976502,256.0
1785385616,8,TTFT,S2,0.400000,0.000000,190,2000,3500,3500,3500,3500,3500,3500,3500,3500,3500,152,0,190.0,506.17845400005245,132.84717197529972,3570.3616269747727,1153.0
1785385616,8,total,S2,0.400000,0.000000,5700,7500,9000,9000,9100,9100,9100,9100,9100,9100,9100,152,0,1900.0,2858.7916357619656,1273.4447169932537,12222.958281985484,256.0
1785385616,8,TTFT,S3,0.400000,0.000000,3700,3700,5700,5700,5800,5800,5800,5800,5800,5800,5800,69,0,2400.0,3072.335585983018,2292.0104970107786,7215.277819021139,9649.0
1785385616,8,total,S3,0.400000,0.000000,8000,8000,8000,8000,9700,9700,9700,9700,9700,9700,9700,69,0,5100.0,6171.931970530473,3469.237338984385,12999.224221042823,256.0
1785385616,8,,Aggregated,2.000000,0.000000,5600,5700,6300,7500,9000,9100,9700,9700,9700,9700,9700,534,0,1900.0,2416.5156956729156,86.87065995763987,12999.224221042823,1716.5
1785385617,8,TTFT,S1,0.200000,0.000000,200,200,3500,3500,3500,3500,3500,3500,3500,3500,3500,46,0,100.0,407.8131882858503,86.87065995763987,3460.998703027144,157.0
1785385617,8,total,S1,0.200000,0.000000,5600,5600,9000,9000,9000,9000,9000,9000,9000,9000,9000,46,0,1800.0,2659.3491257593523,1225.9388089878485,8971.955542976502,256.0
1785385617,8,TTFT,S2,0.400000,0.000000,190,2000,3500,3500,3500,3500,3500,3500,3500,3500,3500,152,0,190.0,506.17845400005245,132.84717197529972,3570.3616269747727,1153.0
1785385617,8,total,S2,0.400000,0.000000,5700,5700,7500,7500,9100,9100,9100,9100,9100,9100,9100,152,0,1900.0,2858.7916357619656,1273.4447169932537,12222.958281985484,256.0
1785385617,8,TTFT,S3,0.400000,0.000000,3700,3700,5700,5700,5800,5800,5800,5800,5800,5800,5800,69,0,2400.0,3072.335585983018,2292.0104970107786,7215.277819021139,9649.0
1785385617,8,total,S3,0.400000,0.000000,8000,8000,8000,8000,9700,9700,9700,9700,9700,9700,9700,69,0,5100.0,6171.931970530473,3469.237338984385,12999.224221042823,256.0
1785385617,8,,Aggregated,2.000000,0.000000,5600,5700,5800,6300,8000,9100,9700,9700,9700,9700,9700,534,0,1900.0,2416.5156956729156,86.87065995763987,12999.224221042823,1716.5
1785385618,8,TTFT,S1,0.300000,0.000000,200,200,3500,3500,3500,3500,3500,3500,3500,3500,3500,46,0,100.0,407.8131882858503,86.87065995763987,3460.998703027144,157.0
1785385618,8,total,S1,0.300000,0.000000,5600,5600,5600,5600,5600,5600,5600,5600,5600,5600,5600,46,0,1800.0,2659.3491257593523,1225.9388089878485,8971.955542976502,256.0
1785385618,8,TTFT,S2,0.500000,0.000000,2000,2000,3500,3500,3500,3500,3500,3500,3500,3500,3500,153,0,190.0,503.8121716664142,132.84717197529972,3570.3616269747727,1153.0
1785385618,8,total,S2,0.500000,0.000000,5600,5600,5700,5700,5700,5700,5700,5700,5700,5700,5700,153,0,1900.0,2865.451905390954,1273.4447169932537,12222.958281985484,256.0
1785385618,8,TTFT,S3,0.400000,0.000000,3700,5700,5700,5800,5800,5800,5800,5800,5800,5800,5800,69,0,2400.0,3072.335585983018,2292.0104970107786,7215.277819021139,9649.0
1785385618,8,total,S3,0.400000,0.000000,8000,8000,8000,8000,8000,8000,8000,8000,8000,8000,8000,69,0,5100.0,6171.931970530473,3469.237338984385,12999.224221042823,256.0
1785385618,8,,Aggregated,2.400000,0.000000,3900,5600,5700,5700,8000,8000,8000,8000,8000,8000,8000,536,0,1900.0,2415.0024843941933,86.87065995763987,12999.224221042823,1712.7238805970148
1785385619,8,TTFT,S1,0.300000,0.000000,200,200,3500,3500,3500,3500,3500,3500,3500,3500,3500,46,0,100.0,407.8131882858503,86.87065995763987,3460.998703027144,157.0
1785385619,8,total,S1,0.300000,0.000000,5600,5600,5600,5600,5600,5600,5600,5600,5600,5600,5600,46,0,1800.0,2659.3491257593523,1225.9388089878485,8971.955542976502,256.0
1785385619,8,TTFT,S2,0.500000,0.000000,2000,2000,3500,3500,3500,3500,3500,3500,3500,3500,3500,153,0,190.0,503.8121716664142,132.84717197529972,3570.3616269747727,1153.0
1785385619,8,total,S2,0.500000,0.000000,5600,5600,5700,5700,5700,5700,5700,5700,5700,5700,5700,153,0,1900.0,2865.451905390954,1273.4447169932537,12222.958281985484,256.0
1785385619,8,TTFT,S3,0.400000,0.000000,3700,5700,5700,5800,5800,5800,5800,5800,5800,5800,5800,69,0,2400.0,3072.335585983018,2292.0104970107786,7215.277819021139,9649.0
1785385619,8,total,S3,0.400000,0.000000,8000,8000,8000,8000,8000,8000,8000,8000,8000,8000,8000,69,0,5100.0,6171.931970530473,3469.237338984385,12999.224221042823,256.0
1785385619,8,,Aggregated,2.400000,0.000000,3900,5600,5700,5700,8000,8000,8000,8000,8000,8000,8000,536,0,1900.0,2415.0024843941933,86.87065995763987,12999.224221042823,1712.7238805970148
1785385620,8,TTFT,S1,0.300000,0.000000,200,200,3500,3500,3500,3500,3500,3500,3500,3500,3500,46,0,100.0,407.8131882858503,86.87065995763987,3460.998703027144,157.0
1785385620,8,total,S1,0.300000,0.000000,5600,5600,5600,5600,5600,5600,5600,5600,5600,5600,5600,46,0,1800.0,2659.3491257593523,1225.9388089878485,8971.955542976502,256.0
1785385620,8,TTFT,S2,0.500000,0.000000,2000,2000,3500,3500,3500,3500,3500,3500,3500,3500,3500,153,0,190.0,503.8121716664142,132.84717197529972,3570.3616269747727,1153.0
1785385620,8,total,S2,0.500000,0.000000,5600,5600,5700,5700,5700,5700,5700,5700,5700,5700,5700,153,0,1900.0,2865.451905390954,1273.4447169932537,12222.958281985484,256.0
1785385620,8,TTFT,S3,0.400000,0.000000,3700,5700,5700,5800,5800,5800,5800,5800,5800,5800,5800,69,0,2400.0,3072.335585983018,2292.0104970107786,7215.277819021139,9649.0
1785385620,8,total,S3,0.400000,0.000000,8000,8000,8000,8000,8000,8000,8000,8000,8000,8000,8000,69,0,5100.0,6171.931970530473,3469.237338984385,12999.224221042823,256.0
1785385620,8,,Aggregated,2.400000,0.000000,3900,5600,5700,5700,8000,8000,8000,8000,8000,8000,8000,536,0,1900.0,2415.0024843941933,86.87065995763987,12999.224221042823,1712.7238805970148
1785385621,8,TTFT,S1,0.300000,0.000000,3500,3500,3500,3500,3500,3500,3500,3500,3500,3500,3500,46,0,100.0,407.8131882858503,86.87065995763987,3460.998703027144,157.0
1785385621,8,total,S1,0.300000,0.000000,5600,5600,5600,5600,5600,5600,5600,5600,5600,5600,5600,46,0,1800.0,2659.3491257593523,1225.9388089878485,8971.955542976502,256.0
1785385621,8,TTFT,S2,0.800000,0.000000,2000,2000,3500,3500,3500,3500,3500,3500,3500,3500,3500,154,0,180.0,501.51506801288537,132.84717197529972,3570.3616269747727,1153.0
1785385621,8,total,S2,0.800000,0.000000,5700,5700,5700,5700,6400,6400,6400,6400,6400,6400,6400,154,0,1900.0,2888.292552602807,1273.4447169932537,12222.958281985484,256.0
1785385621,8,TTFT,S3,0.600000,0.000000,3700,5700,5700,5800,5800,5800,5800,5800,5800,5800,5800,69,0,2400.0,3072.335585983018,2292.0104970107786,7215.277819021139,9649.0
1785385621,8,total,S3,0.600000,0.000000,8000,8000,8000,8000,8000,8000,8000,8000,8000,8000,8000,69,0,5100.0,6171.931970530473,3469.237338984385,12999.224221042823,256.0
1785385621,8,,Aggregated,3.400000,0.000000,3900,5600,5700,5700,6300,6400,6400,6400,6400,6400,6400,538,0,1900.0,2418.1678465061837,86.87065995763987,12999.224221042823,1708.9758364312268
1785385622,8,TTFT,S1,0.300000,0.000000,3500,3500,3500,3500,3500,3500,3500,3500,3500,3500,3500,46,0,100.0,407.8131882858503,86.87065995763987,3460.998703027144,157.0
1785385622,8,total,S1,0.300000,0.000000,5600,5600,5600,5600,5600,5600,5600,5600,5600,5600,5600,46,0,1800.0,2659.3491257593523,1225.9388089878485,8971.955542976502,256.0
1785385622,8,TTFT,S2,0.800000,0.000000,2000,2000,3500,3500,3500,3500,3500,3500,3500,3500,3500,154,0,180.0,501.51506801288537,132.84717197529972,3570.3616269747727,1153.0
1785385622,8,total,S2,0.800000,0.000000,5700,5700,5700,5700,6400,6400,6400,6400,6400,6400,6400,154,0,1900.0,2888.292552602807,1273.4447169932537,12222.958281985484,256.0
1785385622,8,TTFT,S3,0.600000,0.000000,3700,3700,3700,3700,3700,3700,3700,3700,3700,3700,3700,69,0,2400.0,3072.335585983018,2292.0104970107786,7215.277819021139,9649.0
1785385622,8,total,S3,0.600000,0.000000,6300,6300,6300,6300,6300,6300,6300,6300,6300,6300,6300,69,0,5100.0,6171.931970530473,3469.237338984385,12999.224221042823,256.0
1785385622,8,,Aggregated,3.400000,0.000000,3900,5600,5700,5700,6300,6400,6400,6400,6400,6400,6400,538,0,1900.0,2418.1678465061837,86.87065995763987,12999.224221042823,1708.9758364312268
1785385623,8,TTFT,S1,0.300000,0.000000,3500,3500,3500,3500,3500,3500,3500,3500,3500,3500,3500,46,0,100.0,407.8131882858503,86.87065995763987,3460.998703027144,157.0
1785385623,8,total,S1,0.300000,0.000000,5600,5600,5600,5600,5600,5600,5600,5600,5600,5600,5600,46,0,1800.0,2659.3491257593523,1225.9388089878485,8971.955542976502,256.0
1785385623,8,TTFT,S2,0.800000,0.000000,2000,2000,3500,3500,3500,3500,3500,3500,3500,3500,3500,154,0,180.0,501.51506801288537,132.84717197529972,3570.3616269747727,1153.0
1785385623,8,total,S2,0.800000,0.000000,5700,5700,5700,5700,6400,6400,6400,6400,6400,6400,6400,154,0,1900.0,2888.292552602807,1273.4447169932537,12222.958281985484,256.0
1785385623,8,TTFT,S3,0.600000,0.000000,3700,3700,3700,3700,3700,3700,3700,3700,3700,3700,3700,69,0,2400.0,3072.335585983018,2292.0104970107786,7215.277819021139,9649.0
1785385623,8,total,S3,0.600000,0.000000,6300,6300,6300,6300,6300,6300,6300,6300,6300,6300,6300,69,0,5100.0,6171.931970530473,3469.237338984385,12999.224221042823,256.0
1785385623,8,,Aggregated,3.400000,0.000000,3900,5600,5700,5700,6300,6400,6400,6400,6400,6400,6400,538,0,1900.0,2418.1678465061837,86.87065995763987,12999.224221042823,1708.9758364312268
1785385624,8,TTFT,S1,0.200000,0.000000,3500,3500,3500,3500,3500,3500,3500,3500,3500,3500,3500,46,0,100.0,407.8131882858503,86.87065995763987,3460.998703027144,157.0
1785385624,8,total,S1,0.200000,0.000000,5600,5600,5600,5600,5600,5600,5600,5600,5600,5600,5600,46,0,1800.0,2659.3491257593523,1225.9388089878485,8971.955542976502,256.0
1785385624,8,TTFT,S2,0.600000,0.000000,380,2000,2600,3500,3500,3500,3500,3500,3500,3500,3500,159,0,190.0,511.5087273645613,132.84717197529972,3570.3616269747727,1153.0
1785385624,8,total,S2,0.600000,0.000000,6400,8000,8000,8000,8000,8000,8000,8000,8000,8000,8000,159,0,1900.0,3039.431589621166,1273.4447169932537,12222.958281985484,256.0
1785385624,8,TTFT,S3,0.200000,0.000000,3700,3700,4900,4900,4900,4900,4900,4900,4900,4900,4900,71,0,2400.0,3098.9380528704382,2292.0104970107786,7215.277819021139,9649.0
1785385624,8,total,S3,0.200000,0.000000,8700,8700,8700,8700,8700,8700,8700,8700,8700,8700,8700,71,0,5100.0,6242.399272431036,3469.237338984385,12999.224221042823,256.0
1785385624,8,,Aggregated,2.000000,0.000000,4900,5700,6400,8000,8000,8700,8700,8700,8700,8700,8700,552,0,1900.0,2479.9346502594467,86.87065995763987,12999.224221042823,1714.2826086956522
1785385625,8,TTFT,S1,0.200000,0.000000,3500,3500,3500,3500,3500,3500,3500,3500,3500,3500,3500,46,0,100.0,407.8131882858503,86.87065995763987,3460.998703027144,157.0
1785385625,8,total,S1,0.200000,0.000000,5600,5600,5600,5600,5600,5600,5600,5600,5600,5600,5600,46,0,1800.0,2659.3491257593523,1225.9388089878485,8971.955542976502,256.0
1785385625,8,TTFT,S2,0.600000,0.000000,380,2000,2600,3500,3500,3500,3500,3500,3500,3500,3500,159,0,190.0,511.5087273645613,132.84717197529972,3570.3616269747727,1153.0
1785385625,8,total,S2,0.600000,0.000000,6400,8000,8000,8000,8000,8000,8000,8000,8000,8000,8000,159,0,1900.0,3039.431589621166,1273.4447169932537,12222.958281985484,256.0
1785385625,8,TTFT,S3,0.200000,0.000000,3700,3700,4900,4900,4900,4900,4900,4900,4900,4900,4900,71,0,2400.0,3098.9380528704382,2292.0104970107786,7215.277819021139,9649.0
1785385625,8,total,S3,0.200000,0.000000,8700,8700,8700,8700,8700,8700,8700,8700,8700,8700,8700,71,0,5100.0,6242.399272431036,3469.237338984385,12999.224221042823,256.0
1785385625,8,,Aggregated,2.000000,0.000000,4900,5700,6400,8000,8000,8700,8700,8700,8700,8700,8700,552,0,1900.0,2479.9346502594467,86.87065995763987,12999.224221042823,1714.2826086956522
1785385626,8,TTFT,S1,0.200000,0.000000,3500,3500,3500,3500,3500,3500,3500,3500,3500,3500,3500,46,0,100.0,407.8131882858503,86.87065995763987,3460.998703027144,157.0
1785385626,8,total,S1,0.200000,0.000000,5600,5600,5600,5600,5600,5600,5600,5600,5600,5600,5600,46,0,1800.0,2659.3491257593523,1225.9388089878485,8971.955542976502,256.0
1785385626,8,TTFT,S2,0.600000,0.000000,380,380,380,380,2600,2600,2600,2600,2600,2600,2600,159,0,190.0,511.5087273645613,132.84717197529972,3570.3616269747727,1153.0
1785385626,8,total,S2,0.600000,0.000000,8000,8000,8000,8000,8000,8000,8000,8000,8000,8000,8000,159,0,1900.0,3039.431589621166,1273.4447169932537,12222.958281985484,256.0
1785385626,8,TTFT,S3,0.200000,0.000000,3700,3700,4900,4900,4900,4900,4900,4900,4900,4900,4900,71,0,2400.0,3098.9380528704382,2292.0104970107786,7215.277819021139,9649.0
1785385626,8,total,S3,0.200000,0.000000,8700,8700,8700,8700,8700,8700,8700,8700,8700,8700,8700,71,0,5100.0,6242.399272431036,3469.237338984385,12999.224221042823,256.0
1785385626,8,,Aggregated,2.000000,0.000000,4900,6400,8000,8000,8700,8700,8700,8700,8700,8700,8700,552,0,1900.0,2479.9346502594467,86.87065995763987,12999.224221042823,1714.2826086956522
1785385627,8,TTFT,S1,0.100000,0.000000,3500,3500,3500,3500,3500,3500,3500,3500,3500,3500,3500,46,0,100.0,407.8131882858503,86.87065995763987,3460.998703027144,157.0
1785385627,8,total,S1,0.100000,0.000000,5600,5600,5600,5600,5600,5600,5600,5600,5600,5600,5600,46,0,1800.0,2659.3491257593523,1225.9388089878485,8971.955542976502,256.0
1785385627,8,TTFT,S2,1.000000,0.000000,380,380,380,380,2600,2600,2600,2600,2600,2600,2600,159,0,190.0,511.5087273645613,132.84717197529972,3570.3616269747727,1153.0
1785385627,8,total,S2,1.000000,0.000000,8000,8000,8000,8000,8000,8000,8000,8000,8000,8000,8000,159,0,1900.0,3039.431589621166,1273.4447169932537,12222.958281985484,256.0
1785385627,8,TTFT,S3,0.400000,0.000000,3100,3700,3700,4900,4900,4900,4900,4900,4900,4900,4900,72,0,2400.0,3088.4515276775346,2292.0104970107786,7215.277819021139,9649.0
1785385627,8,total,S3,0.400000,0.000000,6400,8700,8700,8700,8700,8700,8700,8700,8700,8700,8700,72,0,5100.0,6243.915244397714,3469.237338984385,12999.224221042823,256.0
1785385627,8,,Aggregated,3.000000,0.000000,4900,6400,8000,8000,8700,8700,8700,8700,8700,8700,8700,554,0,1900.0,2486.6775892350684,86.87065995763987,12999.224221042823,1725.9729241877255
1785385628,8,TTFT,S1,0.100000,0.000000,3500,3500,3500,3500,3500,3500,3500,3500,3500,3500,3500,47,0,100.0,405.43266808851916,86.87065995763987,3460.998703027144,157.0
1785385628,8,total,S1,0.100000,0.000000,5600,5600,5600,5600,5600,5600,5600,5600,5600,5600,5600,47,0,1800.0,2691.0719775726047,1225.9388089878485,8971.955542976502,256.0
1785385628,8,TTFT,S2,1.000000,0.000000,340,380,380,380,2600,2600,2600,2600,2600,2600,2600,162,0,210.0,507.8686219137047,132.84717197529972,3570.3616269747727,1153.0
1785385628,8,total,S2,1.000000,0.000000,6400,8000,8000,8000,8000,8000,8000,8000,8000,8000,8000,162,0,1900.0,3060.1747743814126,1273.4447169932537,12222.958281985484,256.0
1785385628,8,TTFT,S3,0.400000,0.000000,3100,3700,3700,4900,4900,4900,4900,4900,4900,4900,4900,72,0,2400.0,3088.4515276775346,2292.0104970107786,7215.277819021139,9649.0
1785385628,8,total,S3,0.400000,0.000000,6400,8700,8700,8700,8700,8700,8700,8700,8700,8700,8700,72,0,5100.0,6243.915244397714,3469.237338984385,12999.224221042823,256.0
1785385628,8,,Aggregated,3.000000,0.000000,4200,6400,6400,8000,8000,8700,8700,8700,8700,8700,8700,562,0,1900.0,2483.076790276334,86.87065995763987,12999.224221042823,1709.6601423487546
1785385629,8,TTFT,S1,0.000000,0.000000,3500,3500,3500,3500,3500,3500,3500,3500,3500,3500,3500,47,0,100.0,405.43266808851916,86.87065995763987,3460.998703027144,157.0
1785385629,8,total,S1,0.000000,0.000000,5600,5600,5600,5600,5600,5600,5600,5600,5600,5600,5600,47,0,1800.0,2691.0719775726047,1225.9388089878485,8971.955542976502,256.0
1785385629,8,TTFT,S2,0.700000,0.000000,320,380,380,380,380,2600,2600,2600,2600,2600,2600,164,0,220.0,505.20067694511766,132.84717197529972,3570.3616269747727,1153.0
1785385629,8,total,S2,0.700000,0.000000,6400,8000,8000,8000,8000,8000,8000,8000,8000,8000,8000,164,0,1900.0,3073.1721154805246,1273.4447169932537,12222.958281985484,256.0
1785385629,8,TTFT,S3,0.200000,0.000000,3100,3100,4900,4900,4900,4900,4900,4900,4900,4900,4900,72,0,2400.0,3088.4515276775346,2292.0104970107786,7215.277819021139,9649.0
1785385629,8,total,S3,0.200000,0.000000,8700,8700,8700,8700,8700,8700,8700,8700,8700,8700,8700,72,0,5100.0,6243.915244397714,3469.237338984385,12999.224221042823,256.0
1785385629,8,,Aggregated,1.800000,0.000000,4100,4200,6400,8000,8000,8700,8700,8700,8700,8700,8700,566,0,1900.0,2481.12944150759,86.87065995763987,12999.224221042823,1702.5565371024734
1785385630,8,TTFT,S1,0.000000,0.000000,3500,3500,3500,3500,3500,3500,3500,3500,3500,3500,3500,47,0,100.0,405.43266808851916,86.87065995763987,3460.998703027144,157.0
1785385630,8,total,S1,0.000000,0.000000,5600,5600,5600,5600,5600,5600,5600,5600,5600,5600,5600,47,0,1800.0,2691.0719775726047,1225.9388089878485,8971.955542976502,256.0
1785385630,8,TTFT,S2,0.700000,0.000000,320,380,380,380,380,2600,2600,2600,2600,2600,2600,164,0,220.0,505.20067694511766,132.84717197529972,3570.3616269747727,1153.0
1785385630,8,total,S2,0.700000,0.000000,6400,8000,8000,8000,8000,8000,8000,8000,8000,8000,8000,164,0,1900.0,3073.1721154805246,1273.4447169932537,12222.958281985484,256.0
1785385630,8,TTFT,S3,0.200000,0.000000,3100,3100,4900,4900,4900,4900,4900,4900,4900,4900,4900,72,0,2400.0,3088.4515276775346,2292.0104970107786,7215.277819021139,9649.0
1785385630,8,total,S3,0.200000,0.000000,8700,8700,8700,8700,8700,8700,8700,8700,8700,8700,8700,72,0,5100.0,6243.915244397714,3469.237338984385,12999.224221042823,256.0
1785385630,8,,Aggregated,1.800000,0.000000,4100,4200,6400,8000,8000,8700,8700,8700,8700,8700,8700,566,0,1900.0,2481.12944150759,86.87065995763987,12999.224221042823,1702.5565371024734
1785385631,8,TTFT,S1,0.000000,0.000000,300,300,300,300,300,300,300,300,300,300,300,47,0,100.0,405.43266808851916,86.87065995763987,3460.998703027144,157.0
1785385631,8,total,S1,0.000000,0.000000,4200,4200,4200,4200,4200,4200,4200,4200,4200,4200,4200,47,0,1800.0,2691.0719775726047,1225.9388089878485,8971.955542976502,256.0
1785385631,8,TTFT,S2,0.700000,0.000000,340,380,380,380,2600,2600,2600,2600,2600,2600,2600,164,0,220.0,505.20067694511766,132.84717197529972,3570.3616269747727,1153.0
1785385631,8,total,S2,0.700000,0.000000,6400,8000,8000,8000,8000,8000,8000,8000,8000,8000,8000,164,0,1900.0,3073.1721154805246,1273.4447169932537,12222.958281985484,256.0
1785385631,8,TTFT,S3,0.200000,0.000000,3100,3100,4900,4900,4900,4900,4900,4900,4900,4900,4900,72,0,2400.0,3088.4515276775346,2292.0104970107786,7215.277819021139,9649.0
1785385631,8,total,S3,0.200000,0.000000,8700,8700,8700,8700,8700,8700,8700,8700,8700,8700,8700,72,0,5100.0,6243.915244397714,3469.237338984385,12999.224221042823,256.0
1785385631,8,,Aggregated,1.800000,0.000000,4100,4200,6400,8000,8000,8700,8700,8700,8700,8700,8700,566,0,1900.0,2481.12944150759,86.87065995763987,12999.224221042823,1702.5565371024734
1785385632,8,TTFT,S1,0.100000,0.000000,300,300,300,300,300,300,300,300,300,300,300,47,0,100.0,405.43266808851916,86.87065995763987,3460.998703027144,157.0
1785385632,8,total,S1,0.100000,0.000000,4200,4200,4200,4200,4200,4200,4200,4200,4200,4200,4200,47,0,1800.0,2691.0719775726047,1225.9388089878485,8971.955542976502,256.0
1785385632,8,TTFT,S2,1.100000,0.000000,340,380,380,380,2600,2600,2600,2600,2600,2600,2600,164,0,220.0,505.20067694511766,132.84717197529972,3570.3616269747727,1153.0
1785385632,8,total,S2,1.100000,0.000000,6400,8000,8000,8000,8000,8000,8000,8000,8000,8000,8000,164,0,1900.0,3073.1721154805246,1273.4447169932537,12222.958281985484,256.0
1785385632,8,TTFT,S3,0.300000,0.000000,3100,3100,4900,4900,4900,4900,4900,4900,4900,4900,4900,73,0,2400.0,3078.835372640815,2292.0104970107786,7215.277819021139,9649.0
1785385632,8,total,S3,0.300000,0.000000,8700,8700,8700,8700,8700,8700,8700,8700,8700,8700,8700,73,0,5200.0,6268.215562255211,3469.237338984385,12999.224221042823,256.0
1785385632,8,,Aggregated,3.000000,0.000000,4100,4200,6400,8000,8000,8700,8700,8700,8700,8700,8700,568,0,1900.0,2490.710518576211,86.87065995763987,12999.224221042823,1714.0
1785385633,8,TTFT,S1,0.100000,0.000000,300,300,300,300,300,300,300,300,300,300,300,47,0,100.0,405.43266808851916,86.87065995763987,3460.998703027144,157.0
1785385633,8,total,S1,0.100000,0.000000,4200,4200,4200,4200,4200,4200,4200,4200,4200,4200,4200,47,0,1800.0,2691.0719775726047,1225.9388089878485,8971.955542976502,256.0
1785385633,8,TTFT,S2,1.100000,0.000000,320,380,380,380,380,2600,2600,2600,2600,2600,2600,165,0,220.0,503.0160435150857,132.84717197529972,3570.3616269747727,1153.0
1785385633,8,total,S2,1.100000,0.000000,5800,8000,8000,8000,8000,8000,8000,8000,8000,8000,8000,165,0,1900.0,3089.4968220110363,1273.4447169932537,12222.958281985484,256.0
1785385633,8,TTFT,S3,0.300000,0.000000,3100,3100,4900,4900,4900,4900,4900,4900,4900,4900,4900,73,0,2400.0,3078.835372640815,2292.0104970107786,7215.277819021139,9649.0
1785385633,8,total,S3,0.300000,0.000000,8700,8700,8700,8700,8700,8700,8700,8700,8700,8700,8700,73,0,5200.0,6268.215562255211,3469.237338984385,12999.224221042823,256.0
1785385633,8,,Aggregated,3.000000,0.000000,4100,4900,6400,8000,8000,8700,8700,8700,8700,8700,8700,570,0,1900.0,2492.34220948297,86.87065995763987,12999.224221042823,1710.457894736842
1785385634,8,TTFT,S1,0.100000,0.000000,300,300,300,300,300,300,300,300,300,300,300,48,0,100.0,401.6315630033205,86.87065995763987,3460.998703027144,157.0
1785385634,8,total,S1,0.100000,0.000000,5700,5700,5700,5700,5700,5700,5700,5700,5700,5700,5700,48,0,1800.0,2754.3394301440762,1225.9388089878485,8971.955542976502,256.0
1785385634,8,TTFT,S2,1.000000,0.000000,320,380,380,380,1900,2600,2600,2600,2600,2600,2600,168,0,220.0,508.0109827679172,132.84717197529972,3570.3616269747727,1153.0
1785385634,8,total,S2,1.000000,0.000000,5800,6400,8000,8000,8000,8000,8000,8000,8000,8000,8000,168,0,2000.0,3136.9969935885388,1273.4447169932537,12222.958281985484,256.0
1785385634,8,TTFT,S3,0.300000,0.000000,3100,3100,3600,3600,4900,4900,4900,4900,4900,4900,4900,75,0,2400.0,3077.1215982781723,2292.0104970107786,7215.277819021139,9649.0
1785385634,8,total,S3,0.300000,0.000000,8000,8000,8700,8700,8700,8700,8700,8700,8700,8700,8700,75,0,5300.0,6263.6208499556715,3469.237338984385,12999.224221042823,256.0
1785385634,8,,Aggregated,2.800000,0.000000,4100,5700,5800,6400,8000,8000,8700,8700,8700,8700,8700,582,0,1900.0,2516.157442124567,86.87065995763987,12999.224221042823,1717.201030927835
1785385635,8,TTFT,S1,0.100000,0.000000,300,300,300,300,300,300,300,300,300,300,300,48,0,100.0,401.6315630033205,86.87065995763987,3460.998703027144,157.0
1785385635,8,total,S1,0.100000,0.000000,5700,5700,5700,5700,5700,5700,5700,5700,5700,5700,5700,48,0,1800.0,2754.3394301440762,1225.9388089878485,8971.955542976502,256.0
1785385635,8,TTFT,S2,1.000000,0.000000,300,300,320,320,1900,1900,1900,1900,1900,1900,1900,169,0,220.0,505.8495518933987,132.84717197529972,3570.3616269747727,1153.0
1785385635,8,total,S2,1.000000,0.000000,4200,5700,5700,5800,5800,5800,5800,5800,5800,5800,5800,169,0,2000.0,3132.402541993128,1273.4447169932537,12222.958281985484,256.0
1785385635,8,TTFT,S3,0.400000,0.000000,2500,2500,3600,3600,3600,3600,3600,3600,3600,3600,3600,75,0,2400.0,3077.1215982781723,2292.0104970107786,7215.277819021139,9649.0
1785385635,8,total,S3,0.400000,0.000000,6400,6400,8000,8000,8000,8000,8000,8000,8000,8000,8000,75,0,5300.0,6263.6208499556715,3469.237338984385,12999.224221042823,256.0
1785385635,8,,Aggregated,3.000000,0.000000,3600,4200,5700,5700,5800,6400,8000,8000,8000,8000,8000,584,0,1900.0,2511.8268752661584,86.87065995763987,12999.224221042823,1713.7328767123288
1785385636,8,TTFT,S1,0.100000,0.000000,300,300,300,300,300,300,300,300,300,300,300,48,0,100.0,401.6315630033205,86.87065995763987,3460.998703027144,157.0
1785385636,8,total,S1,0.100000,0.000000,5700,5700,5700,5700,5700,5700,5700,5700,5700,5700,5700,48,0,1800.0,2754.3394301440762,1225.9388089878485,8971.955542976502,256.0
1785385636,8,TTFT,S2,1.000000,0.000000,300,300,320,320,1900,1900,1900,1900,1900,1900,1900,169,0,220.0,505.8495518933987,132.84717197529972,3570.3616269747727,1153.0
1785385636,8,total,S2,1.000000,0.000000,4200,5700,5700,5800,5800,5800,5800,5800,5800,5800,5800,169,0,2000.0,3132.402541993128,1273.4447169932537,12222.958281985484,256.0
1785385636,8,TTFT,S3,0.400000,0.000000,2500,2500,3600,3600,3600,3600,3600,3600,3600,3600,3600,75,0,2400.0,3077.1215982781723,2292.0104970107786,7215.277819021139,9649.0
1785385636,8,total,S3,0.400000,0.000000,6400,6400,8000,8000,8000,8000,8000,8000,8000,8000,8000,75,0,5300.0,6263.6208499556715,3469.237338984385,12999.224221042823,256.0
1785385636,8,,Aggregated,3.000000,0.000000,3600,4200,5700,5700,5800,6400,8000,8000,8000,8000,8000,584,0,1900.0,2511.8268752661584,86.87065995763987,12999.224221042823,1713.7328767123288
1785385637,8,TTFT,S1,0.200000,0.000000,300,300,300,300,300,300,300,300,300,300,300,48,0,100.0,401.6315630033205,86.87065995763987,3460.998703027144,157.0
1785385637,8,total,S1,0.200000,0.000000,5700,5700,5700,5700,5700,5700,5700,5700,5700,5700,5700,48,0,1800.0,2754.3394301440762,1225.9388089878485,8971.955542976502,256.0
1785385637,8,TTFT,S2,0.900000,0.000000,250,280,300,300,1900,1900,1900,1900,1900,1900,1900,170,0,220.0,503.6927896469612,132.84717197529972,3570.3616269747727,1153.0
1785385637,8,total,S2,0.900000,0.000000,5700,5700,5800,5800,5800,5800,5800,5800,5800,5800,5800,170,0,2000.0,3137.6352301285165,1273.4447169932537,12222.958281985484,256.0
1785385637,8,TTFT,S3,0.400000,0.000000,2500,2500,3600,3600,3600,3600,3600,3600,3600,3600,3600,75,0,2400.0,3077.1215982781723,2292.0104970107786,7215.277819021139,9649.0
1785385637,8,total,S3,0.400000,0.000000,6400,6400,8000,8000,8000,8000,8000,8000,8000,8000,8000,75,0,5300.0,6263.6208499556715,3469.237338984385,12999.224221042823,256.0
1785385637,8,,Aggregated,3.000000,0.000000,3600,4100,5700,5800,5800,6400,8000,8000,8000,8000,8000,586,0,1900.0,2510.355042065605,86.87065995763987,12999.224221042823,1710.2883959044368
1785385638,8,TTFT,S1,0.200000,0.000000,230,230,300,300,300,300,300,300,300,300,300,49,0,110.0,398.0571160435068,86.87065995763987,3460.998703027144,157.0
1785385638,8,total,S1,0.200000,0.000000,4200,4200,5700,5700,5700,5700,5700,5700,5700,5700,5700,49,0,1800.0,2777.9054563452146,1225.9388089878485,8971.955542976502,256.0
1785385638,8,TTFT,S2,1.000000,0.000000,260,260,280,300,1900,1900,1900,1900,1900,1900,1900,172,0,220.0,500.84285629604574,132.84717197529972,3570.3616269747727,1153.0
1785385638,8,total,S2,1.000000,0.000000,4100,5700,5700,5800,5800,5800,5800,5800,5800,5800,5800,172,0,2000.0,3146.7503468072186,1273.4447169932537,12222.958281985484,256.0
1785385638,8,TTFT,S3,0.400000,0.000000,2500,2500,3600,3600,3600,3600,3600,3600,3600,3600,3600,75,0,2400.0,3077.1215982781723,2292.0104970107786,7215.277819021139,9649.0
1785385638,8,total,S3,0.400000,0.000000,6400,6400,8000,8000,8000,8000,8000,8000,8000,8000,8000,75,0,5300.0,6263.6208499556715,3469.237338984385,12999.224221042823,256.0
1785385638,8,,Aggregated,3.200000,0.000000,3600,4000,5700,5700,5800,6400,8000,8000,8000,8000,8000,592,0,1900.0,2506.0200685782893,86.87065995763987,12999.224221042823,1698.412162162162
1785385639,8,TTFT,S1,0.200000,0.000000,230,230,300,300,300,300,300,300,300,300,300,49,0,110.0,398.0571160435068,86.87065995763987,3460.998703027144,157.0
1785385639,8,total,S1,0.200000,0.000000,4200,4200,5700,5700,5700,5700,5700,5700,5700,5700,5700,49,0,1800.0,2777.9054563452146,1225.9388089878485,8971.955542976502,256.0
1785385639,8,TTFT,S2,1.000000,0.000000,260,260,280,300,1900,1900,1900,1900,1900,1900,1900,172,0,220.0,500.84285629604574,132.84717197529972,3570.3616269747727,1153.0
1785385639,8,total,S2,1.000000,0.000000,4100,5700,5700,5800,5800,5800,5800,5800,5800,5800,5800,172,0,2000.0,3146.7503468072186,1273.4447169932537,12222.958281985484,256.0
1785385639,8,TTFT,S3,0.400000,0.000000,2500,2500,3600,3600,3600,3600,3600,3600,3600,3600,3600,75,0,2400.0,3077.1215982781723,2292.0104970107786,7215.277819021139,9649.0
1785385639,8,total,S3,0.400000,0.000000,6400,6400,8000,8000,8000,8000,8000,8000,8000,8000,8000,75,0,5300.0,6263.6208499556715,3469.237338984385,12999.224221042823,256.0
1785385639,8,,Aggregated,3.200000,0.000000,3600,4000,5700,5700,5800,6400,8000,8000,8000,8000,8000,592,0,1900.0,2506.0200685782893,86.87065995763987,12999.224221042823,1698.412162162162
1785385640,8,TTFT,S1,0.200000,0.000000,230,230,230,230,230,230,230,230,230,230,230,49,0,110.0,398.0571160435068,86.87065995763987,3460.998703027144,157.0
1785385640,8,total,S1,0.200000,0.000000,5700,5700,5700,5700,5700,5700,5700,5700,5700,5700,5700,49,0,1800.0,2777.9054563452146,1225.9388089878485,8971.955542976502,256.0
1785385640,8,TTFT,S2,1.000000,0.000000,250,260,260,260,1900,1900,1900,1900,1900,1900,1900,172,0,220.0,500.84285629604574,132.84717197529972,3570.3616269747727,1153.0
1785385640,8,total,S2,1.000000,0.000000,5700,5700,5800,5800,5800,5800,5800,5800,5800,5800,5800,172,0,2000.0,3146.7503468072186,1273.4447169932537,12222.958281985484,256.0
1785385640,8,TTFT,S3,0.400000,0.000000,2500,2500,3600,3600,3600,3600,3600,3600,3600,3600,3600,75,0,2400.0,3077.1215982781723,2292.0104970107786,7215.277819021139,9649.0
1785385640,8,total,S3,0.400000,0.000000,6400,6400,8000,8000,8000,8000,8000,8000,8000,8000,8000,75,0,5300.0,6263.6208499556715,3469.237338984385,12999.224221042823,256.0
1785385640,8,,Aggregated,3.200000,0.000000,3600,4000,5700,5700,5800,6400,8000,8000,8000,8000,8000,592,0,1900.0,2506.0200685782893,86.87065995763987,12999.224221042823,1698.412162162162
1785385641,8,TTFT,S1,0.200000,0.000000,230,230,230,230,230,230,230,230,230,230,230,49,0,110.0,398.0571160435068,86.87065995763987,3460.998703027144,157.0
1785385641,8,total,S1,0.200000,0.000000,5700,5700,5700,5700,5700,5700,5700,5700,5700,5700,5700,49,0,1800.0,2777.9054563452146,1225.9388089878485,8971.955542976502,256.0
1785385641,8,TTFT,S2,1.000000,0.000000,250,260,260,260,1900,1900,1900,1900,1900,1900,1900,172,0,220.0,500.84285629604574,132.84717197529972,3570.3616269747727,1153.0
1785385641,8,total,S2,1.000000,0.000000,5700,5700,5800,5800,5800,5800,5800,5800,5800,5800,5800,172,0,2000.0,3146.7503468072186,1273.4447169932537,12222.958281985484,256.0
1785385641,8,TTFT,S3,0.400000,0.000000,2500,2500,3600,3600,3600,3600,3600,3600,3600,3600,3600,75,0,2400.0,3077.1215982781723,2292.0104970107786,7215.277819021139,9649.0
1785385641,8,total,S3,0.400000,0.000000,6400,6400,8000,8000,8000,8000,8000,8000,8000,8000,8000,75,0,5300.0,6263.6208499556715,3469.237338984385,12999.224221042823,256.0
1785385641,8,,Aggregated,3.200000,0.000000,3600,3900,5700,5700,5800,5800,6400,6400,6400,6400,6400,592,0,1900.0,2506.0200685782893,86.87065995763987,12999.224221042823,1698.412162162162
1785385642,8,TTFT,S1,0.200000,0.000000,230,230,230,230,230,230,230,230,230,230,230,49,0,110.0,398.0571160435068,86.87065995763987,3460.998703027144,157.0
1785385642,8,total,S1,0.200000,0.000000,5700,5700,5700,5700,5700,5700,5700,5700,5700,5700,5700,49,0,1800.0,2777.9054563452146,1225.9388089878485,8971.955542976502,256.0
1785385642,8,TTFT,S2,1.000000,0.000000,250,260,260,260,1900,1900,1900,1900,1900,1900,1900,172,0,220.0,500.84285629604574,132.84717197529972,3570.3616269747727,1153.0
1785385642,8,total,S2,1.000000,0.000000,4000,5700,5700,5700,5800,5800,5800,5800,5800,5800,5800,172,0,2000.0,3146.7503468072186,1273.4447169932537,12222.958281985484,256.0
1785385642,8,TTFT,S3,0.400000,0.000000,3600,3600,3600,3600,3600,3600,3600,3600,3600,3600,3600,75,0,2400.0,3077.1215982781723,2292.0104970107786,7215.277819021139,9649.0
1785385642,8,total,S3,0.400000,0.000000,6400,6400,6400,6400,6400,6400,6400,6400,6400,6400,6400,75,0,5300.0,6263.6208499556715,3469.237338984385,12999.224221042823,256.0
1785385642,8,,Aggregated,3.200000,0.000000,3600,3900,5700,5700,5800,5800,6400,6400,6400,6400,6400,592,0,1900.0,2506.0200685782893,86.87065995763987,12999.224221042823,1698.412162162162
1785385643,8,TTFT,S1,0.200000,0.000000,230,230,230,230,230,230,230,230,230,230,230,49,0,110.0,398.0571160435068,86.87065995763987,3460.998703027144,157.0
1785385643,8,total,S1,0.200000,0.000000,5700,5700,5700,5700,5700,5700,5700,5700,5700,5700,5700,49,0,1800.0,2777.9054563452146,1225.9388089878485,8971.955542976502,256.0
1785385643,8,TTFT,S2,1.000000,0.000000,260,260,260,260,260,260,260,260,260,260,260,172,0,220.0,500.84285629604574,132.84717197529972,3570.3616269747727,1153.0
1785385643,8,total,S2,1.000000,0.000000,3900,3900,4000,4000,4000,4000,4000,4000,4000,4000,4000,172,0,2000.0,3146.7503468072186,1273.4447169932537,12222.958281985484,256.0
1785385643,8,TTFT,S3,0.400000,0.000000,3600,3600,3600,3600,3600,3600,3600,3600,3600,3600,3600,75,0,2400.0,3077.1215982781723,2292.0104970107786,7215.277819021139,9649.0
1785385643,8,total,S3,0.400000,0.000000,6400,6400,6400,6400,6400,6400,6400,6400,6400,6400,6400,75,0,5300.0,6263.6208499556715,3469.237338984385,12999.224221042823,256.0
1785385643,8,,Aggregated,3.200000,0.000000,2400,3900,3900,3900,4000,4000,4000,4000,4000,4000,4000,592,0,1900.0,2506.0200685782893,86.87065995763987,12999.224221042823,1698.412162162162
1785385644,8,TTFT,S1,0.200000,0.000000,230,230,230,230,230,230,230,230,230,230,230,49,0,110.0,398.0571160435068,86.87065995763987,3460.998703027144,157.0
1785385644,8,total,S1,0.200000,0.000000,5700,5700,5700,5700,5700,5700,5700,5700,5700,5700,5700,49,0,1800.0,2777.9054563452146,1225.9388089878485,8971.955542976502,256.0
1785385644,8,TTFT,S2,1.000000,0.000000,260,260,260,260,260,260,260,260,260,260,260,172,0,220.0,500.84285629604574,132.84717197529972,3570.3616269747727,1153.0
1785385644,8,total,S2,1.000000,0.000000,3900,3900,4000,4000,4000,4000,4000,4000,4000,4000,4000,172,0,2000.0,3146.7503468072186,1273.4447169932537,12222.958281985484,256.0
1785385644,8,TTFT,S3,0.400000,0.000000,3600,3600,3600,3600,3600,3600,3600,3600,3600,3600,3600,75,0,2400.0,3077.1215982781723,2292.0104970107786,7215.277819021139,9649.0
1785385644,8,total,S3,0.400000,0.000000,6400,6400,6400,6400,6400,6400,6400,6400,6400,6400,6400,75,0,5300.0,6263.6208499556715,3469.237338984385,12999.224221042823,256.0
1785385644,8,,Aggregated,3.200000,0.000000,2400,3900,3900,3900,4000,4000,4000,4000,4000,4000,4000,592,0,1900.0,2506.0200685782893,86.87065995763987,12999.224221042823,1698.412162162162
1785385645,8,TTFT,S1,0.200000,0.000000,100,100,230,230,230,230,230,230,230,230,230,51,0,100.0,386.5090319441686,86.87065995763987,3460.998703027144,157.0
1785385645,8,total,S1,0.200000,0.000000,10000,10000,10000,10000,10000,10000,10000,10000,10000,10000,10000,51,0,1800.0,3076.697063763562,1225.9388089878485,10398.991735011805,256.0
1785385645,8,TTFT,S2,0.700000,0.000000,260,260,2000,2000,2000,2000,2000,2000,2000,2000,2000,173,0,230.0,509.329758744991,132.84717197529972,3570.3616269747727,1153.0
1785385645,8,total,S2,0.700000,0.000000,4000,4000,11000,11000,11000,11000,11000,11000,11000,11000,11000,173,0,2000.0,3190.554893091442,1273.4447169932537,12222.958281985484,256.0
1785385645,8,TTFT,S3,0.200000,0.000000,2500,2500,3600,3600,3600,3600,3600,3600,3600,3600,3600,76,0,2400.0,3068.655489367206,2292.0104970107786,7215.277819021139,9649.0
1785385645,8,total,S3,0.200000,0.000000,6400,6400,11000,11000,11000,11000,11000,11000,11000,11000,11000,76,0,5300.0,6328.443549824634,3469.237338984385,12999.224221042823,256.0
1785385645,8,,Aggregated,2.200000,0.000000,3900,3900,10000,10000,11000,11000,11000,11000,11000,11000,11000,600,0,1900.0,2551.4718043789617,86.87065995763987,12999.224221042823,1696.0
1785385646,8,TTFT,S1,0.200000,0.000000,100,100,230,230,230,230,230,230,230,230,230,51,0,100.0,386.5090319441686,86.87065995763987,3460.998703027144,157.0
1785385646,8,total,S1,0.200000,0.000000,10000,10000,10000,10000,10000,10000,10000,10000,10000,10000,10000,51,0,1800.0,3076.697063763562,1225.9388089878485,10398.991735011805,256.0
1785385646,8,TTFT,S2,0.700000,0.000000,260,260,2000,2000,2000,2000,2000,2000,2000,2000,2000,173,0,230.0,509.329758744991,132.84717197529972,3570.3616269747727,1153.0
1785385646,8,total,S2,0.700000,0.000000,3900,3900,11000,11000,11000,11000,11000,11000,11000,11000,11000,173,0,2000.0,3190.554893091442,1273.4447169932537,12222.958281985484,256.0
1785385646,8,TTFT,S3,0.200000,0.000000,2500,2500,3600,3600,3600,3600,3600,3600,3600,3600,3600,76,0,2400.0,3068.655489367206,2292.0104970107786,7215.277819021139,9649.0
1785385646,8,total,S3,0.200000,0.000000,6400,6400,11000,11000,11000,11000,11000,11000,11000,11000,11000,76,0,5300.0,6328.443549824634,3469.237338984385,12999.224221042823,256.0
1785385646,8,,Aggregated,2.200000,0.000000,3900,3900,10000,10000,11000,11000,11000,11000,11000,11000,11000,600,0,1900.0,2551.4718043789617,86.87065995763987,12999.224221042823,1696.0
1785385647,8,TTFT,S1,0.100000,0.000000,100,100,230,230,230,230,230,230,230,230,230,51,0,100.0,386.5090319441686,86.87065995763987,3460.998703027144,157.0
1785385647,8,total,S1,0.100000,0.000000,10000,10000,10000,10000,10000,10000,10000,10000,10000,10000,10000,51,0,1800.0,3076.697063763562,1225.9388089878485,10398.991735011805,256.0
1785385647,8,TTFT,S2,0.400000,0.000000,280,280,280,2000,2000,2000,2000,2000,2000,2000,2000,175,0,230.0,506.73867005622014,132.84717197529972,3570.3616269747727,1153.0
1785385647,8,total,S2,0.400000,0.000000,3900,3900,3900,11000,11000,11000,11000,11000,11000,11000,11000,175,0,2000.0,3183.4027045705757,1273.4447169932537,12222.958281985484,256.0
1785385647,8,TTFT,S3,0.000000,0.000000,3600,5300,5400,5400,7100,7100,7100,7100,7100,7100,7100,80,0,2400.0,3167.030067025189,2292.0104970107786,7215.277819021139,9649.0
1785385647,8,total,S3,0.000000,0.000000,9400,9400,9600,9600,11000,11000,11000,11000,11000,11000,11000,80,0,5500.0,6484.1012636970845,3469.237338984385,12999.224221042823,256.0
1785385647,8,,Aggregated,1.000000,0.000000,3900,7100,9400,9400,10000,11000,11000,11000,11000,11000,11000,612,0,1900.0,2605.3737874159565,86.87065995763987,12999.224221042823,1732.0882352941176
1785385648,8,TTFT,S1,0.100000,0.000000,100,100,230,230,230,230,230,230,230,230,230,51,0,100.0,386.5090319441686,86.87065995763987,3460.998703027144,157.0
1785385648,8,total,S1,0.100000,0.000000,10000,10000,10000,10000,10000,10000,10000,10000,10000,10000,10000,51,0,1800.0,3076.697063763562,1225.9388089878485,10398.991735011805,256.0
1785385648,8,TTFT,S2,0.400000,0.000000,280,280,280,2000,2000,2000,2000,2000,2000,2000,2000,175,0,230.0,506.73867005622014,132.84717197529972,3570.3616269747727,1153.0
1785385648,8,total,S2,0.400000,0.000000,3900,3900,3900,11000,11000,11000,11000,11000,11000,11000,11000,175,0,2000.0,3183.4027045705757,1273.4447169932537,12222.958281985484,256.0
1785385648,8,TTFT,S3,0.000000,0.000000,3600,5300,5400,5400,7100,7100,7100,7100,7100,7100,7100,80,0,2400.0,3167.030067025189,2292.0104970107786,7215.277819021139,9649.0
1785385648,8,total,S3,0.000000,0.000000,9400,9400,9600,9600,11000,11000,11000,11000,11000,11000,11000,80,0,5500.0,6484.1012636970845,3469.237338984385,12999.224221042823,256.0
1785385648,8,,Aggregated,1.000000,0.000000,3900,7100,9400,9400,10000,11000,11000,11000,11000,11000,11000,612,0,1900.0,2605.3737874159565,86.87065995763987,12999.224221042823,1732.0882352941176
1785385649,8,TTFT,S1,0.100000,0.000000,100,100,230,230,230,230,230,230,230,230,230,51,0,100.0,386.5090319441686,86.87065995763987,3460.998703027144,157.0
1785385649,8,total,S1,0.100000,0.000000,10000,10000,10000,10000,10000,10000,10000,10000,10000,10000,10000,51,0,1800.0,3076.697063763562,1225.9388089878485,10398.991735011805,256.0
1785385649,8,TTFT,S2,0.400000,0.000000,280,280,280,2000,2000,2000,2000,2000,2000,2000,2000,175,0,230.0,506.73867005622014,132.84717197529972,3570.3616269747727,1153.0
1785385649,8,total,S2,0.400000,0.000000,3900,3900,3900,11000,11000,11000,11000,11000,11000,11000,11000,175,0,2000.0,3183.4027045705757,1273.4447169932537,12222.958281985484,256.0
1785385649,8,TTFT,S3,0.000000,0.000000,5300,5400,5400,7100,7100,7100,7100,7100,7100,7100,7100,80,0,2400.0,3167.030067025189,2292.0104970107786,7215.277819021139,9649.0
1785385649,8,total,S3,0.000000,0.000000,9400,9600,9600,11000,11000,11000,11000,11000,11000,11000,11000,80,0,5500.0,6484.1012636970845,3469.237338984385,12999.224221042823,256.0
1785385649,8,,Aggregated,1.000000,0.000000,3900,7100,9400,9400,10000,11000,11000,11000,11000,11000,11000,612,0,1900.0,2605.3737874159565,86.87065995763987,12999.224221042823,1732.0882352941176
1785385650,8,TTFT,S1,0.100000,0.000000,100,100,100,100,100,100,100,100,100,100,100,51,0,100.0,386.5090319441686,86.87065995763987,3460.998703027144,157.0
1785385650,8,total,S1,0.100000,0.000000,10000,10000,10000,10000,10000,10000,10000,10000,10000,10000,10000,51,0,1800.0,3076.697063763562,1225.9388089878485,10398.991735011805,256.0
1785385650,8,TTFT,S2,0.400000,0.000000,280,280,280,2000,2000,2000,2000,2000,2000,2000,2000,175,0,230.0,506.73867005622014,132.84717197529972,3570.3616269747727,1153.0
1785385650,8,total,S2,0.400000,0.000000,3900,3900,3900,11000,11000,11000,11000,11000,11000,11000,11000,175,0,2000.0,3183.4027045705757,1273.4447169932537,12222.958281985484,256.0
1785385650,8,TTFT,S3,0.000000,0.000000,5300,5400,5400,7100,7100,7100,7100,7100,7100,7100,7100,80,0,2400.0,3167.030067025189,2292.0104970107786,7215.277819021139,9649.0
1785385650,8,total,S3,0.000000,0.000000,9400,9600,9600,11000,11000,11000,11000,11000,11000,11000,11000,80,0,5500.0,6484.1012636970845,3469.237338984385,12999.224221042823,256.0
1785385650,8,,Aggregated,1.000000,0.000000,5400,9400,9600,10000,11000,11000,11000,11000,11000,11000,11000,612,0,1900.0,2605.3737874159565,86.87065995763987,12999.224221042823,1732.0882352941176
1785385651,8,TTFT,S1,0.200000,0.000000,100,100,190,190,190,190,190,190,190,190,190,52,0,100.0,382.8020661950667,86.87065995763987,3460.998703027144,157.0
1785385651,8,total,S1,0.200000,0.000000,10000,10000,10000,10000,10000,10000,10000,10000,10000,10000,10000,52,0,1800.0,3128.6460283064607,1225.9388089878485,10398.991735011805,256.0
1785385651,8,TTFT,S2,0.300000,0.000000,280,280,2000,2000,2000,2000,2000,2000,2000,2000,2000,176,0,230.0,504.9682902774128,132.84717197529972,3570.3616269747727,1153.0
1785385651,8,total,S2,0.300000,0.000000,5800,5800,11000,11000,11000,11000,11000,11000,11000,11000,11000,176,0,2000.0,3198.1886586525598,1273.4447169932537,12222.958281985484,256.0
1785385651,8,TTFT,S3,0.500000,0.000000,5300,5400,5400,7100,7100,7100,7100,7100,7100,7100,7100,80,0,2400.0,3167.030067025189,2292.0104970107786,7215.277819021139,9649.0
1785385651,8,total,S3,0.500000,0.000000,9400,9600,9600,11000,11000,11000,11000,11000,11000,11000,11000,80,0,5500.0,6484.1012636970845,3469.237338984385,12999.224221042823,256.0
1785385651,8,,Aggregated,2.000000,0.000000,5400,7100,9400,9600,10000,11000,11000,11000,11000,11000,11000,616,0,1900.0,2607.8594649083384,86.87065995763987,12999.224221042823,1723.7987012987012
1785385652,8,TTFT,S1,0.200000,0.000000,100,100,190,190,190,190,190,190,190,190,190,52,0,100.0,382.8020661950667,86.87065995763987,3460.998703027144,157.0
1785385652,8,total,S1,0.200000,0.000000,10000,10000,10000,10000,10000,10000,10000,10000,10000,10000,10000,52,0,1800.0,3128.6460283064607,1225.9388089878485,10398.991735011805,256.0
1785385652,8,TTFT,S2,0.300000,0.000000,280,280,2000,2000,2000,2000,2000,2000,2000,2000,2000,176,0,230.0,504.9682902774128,132.84717197529972,3570.3616269747727,1153.0
1785385652,8,total,S2,0.300000,0.000000,5800,5800,11000,11000,11000,11000,11000,11000,11000,11000,11000,176,0,2000.0,3198.1886586525598,1273.4447169932537,12222.958281985484,256.0
1785385652,8,TTFT,S3,0.500000,0.000000,5300,5400,5400,7100,7100,7100,7100,7100,7100,7100,7100,80,0,2400.0,3167.030067025189,2292.0104970107786,7215.277819021139,9649.0
1785385652,8,total,S3,0.500000,0.000000,9400,9600,9600,11000,11000,11000,11000,11000,11000,11000,11000,80,0,5500.0,6484.1012636970845,3469.237338984385,12999.224221042823,256.0
1785385652,8,,Aggregated,2.000000,0.000000,5400,7100,9400,9600,10000,11000,11000,11000,11000,11000,11000,616,0,1900.0,2607.8594649083384,86.87065995763987,12999.224221042823,1723.7987012987012
1785385653,8,TTFT,S1,0.200000,0.000000,100,100,190,190,190,190,190,190,190,190,190,52,0,100.0,382.8020661950667,86.87065995763987,3460.998703027144,157.0
1785385653,8,total,S1,0.200000,0.000000,10000,10000,10000,10000,10000,10000,10000,10000,10000,10000,10000,52,0,1800.0,3128.6460283064607,1225.9388089878485,10398.991735011805,256.0
1785385653,8,TTFT,S2,0.300000,0.000000,300,310,2000,2000,2200,2200,2200,2200,2200,2200,2200,180,0,230.0,510.8991087989933,132.84717197529972,3570.3616269747727,1153.0
1785385653,8,total,S2,0.300000,0.000000,5800,5800,6100,6100,11000,11000,11000,11000,11000,11000,11000,180,0,2100.0,3258.1409277100142,1273.4447169932537,12222.958281985484,256.0
1785385653,8,TTFT,S3,0.500000,0.000000,3900,5300,5400,5400,7100,7100,7100,7100,7100,7100,7100,82,0,2400.0,3167.933894194969,2292.0104970107786,7215.277819021139,9649.0
1785385653,8,total,S3,0.500000,0.000000,9400,9400,9600,9600,11000,11000,11000,11000,11000,11000,11000,82,0,5600.0,6480.007114338904,3469.237338984385,12999.224221042823,256.0
1785385653,8,,Aggregated,2.000000,0.000000,5400,5800,7100,9400,10000,11000,11000,11000,11000,11000,11000,628,0,1900.0,2630.8179461552204,86.87065995763987,12999.224221042823,1731.3789808917197
1785385654,8,TTFT,S1,0.300000,0.000000,100,100,190,190,190,190,190,190,190,190,190,52,0,100.0,382.8020661950667,86.87065995763987,3460.998703027144,157.0
1785385654,8,total,S1,0.300000,0.000000,10000,10000,10000,10000,10000,10000,10000,10000,10000,10000,10000,52,0,1800.0,3128.6460283064607,1225.9388089878485,10398.991735011805,256.0
1785385654,8,TTFT,S2,0.400000,0.000000,290,300,310,2000,2200,2200,2200,2200,2200,2200,2200,182,0,230.0,508.0249571583009,132.84717197529972,3570.3616269747727,1153.0
1785385654,8,total,S2,0.400000,0.000000,5800,5800,5800,6100,11000,11000,11000,11000,11000,11000,11000,182,0,2100.0,3250.671966279317,1273.4447169932537,12222.958281985484,256.0
1785385654,8,TTFT,S3,0.500000,0.000000,3900,5300,5400,5400,7100,7100,7100,7100,7100,7100,7100,82,0,2400.0,3167.933894194969,2292.0104970107786,7215.277819021139,9649.0
1785385654,8,total,S3,0.500000,0.000000,9400,9400,9600,9600,11000,11000,11000,11000,11000,11000,11000,82,0,5600.0,6480.007114338904,3469.237338984385,12999.224221042823,256.0
1785385654,8,,Aggregated,2.400000,0.000000,3900,5800,6200,6500,9400,11000,11000,11000,11000,11000,11000,632,0,1900.0,2623.1159868346576,86.87065995763987,12999.224221042823,1724.879746835443
1785385655,8,TTFT,S1,0.300000,0.000000,100,100,190,190,190,190,190,190,190,190,190,52,0,100.0,382.8020661950667,86.87065995763987,3460.998703027144,157.0
1785385655,8,total,S1,0.300000,0.000000,10000,10000,10000,10000,10000,10000,10000,10000,10000,10000,10000,52,0,1800.0,3128.6460283064607,1225.9388089878485,10398.991735011805,256.0
1785385655,8,TTFT,S2,0.400000,0.000000,300,300,310,310,320,2200,2200,2200,2200,2200,2200,185,0,240.0,504.7920308852996,132.84717197529972,3570.3616269747727,1153.0
1785385655,8,total,S2,0.400000,0.000000,2600,5800,5800,5800,5800,6100,6100,6100,6100,6100,6100,185,0,2400.0,3239.2004023721393,1273.4447169932537,12222.958281985484,256.0
1785385655,8,TTFT,S3,0.500000,0.000000,5300,5300,5400,5400,7100,7100,7100,7100,7100,7100,7100,82,0,2400.0,3167.933894194969,2292.0104970107786,7215.277819021139,9649.0
1785385655,8,total,S3,0.500000,0.000000,9400,9400,9400,9400,9600,9600,9600,9600,9600,9600,9600,82,0,5600.0,6480.007114338904,3469.237338984385,12999.224221042823,256.0
1785385655,8,,Aggregated,2.400000,0.000000,2600,5800,5800,6100,9400,9400,9600,9600,9600,9600,9600,638,0,1900.0,2611.857466718626,86.87065995763987,12999.224221042823,1715.283699059561
1785385656,8,TTFT,S1,0.300000,0.000000,100,100,190,190,190,190,190,190,190,190,190,52,0,100.0,382.8020661950667,86.87065995763987,3460.998703027144,157.0
1785385656,8,total,S1,0.300000,0.000000,10000,10000,10000,10000,10000,10000,10000,10000,10000,10000,10000,52,0,1800.0,3128.6460283064607,1225.9388089878485,10398.991735011805,256.0
1785385656,8,TTFT,S2,0.800000,0.000000,300,300,310,310,320,2200,2200,2200,2200,2200,2200,188,0,240.0,501.4857497274321,132.84717197529972,3570.3616269747727,1153.0
1785385656,8,total,S2,0.800000,0.000000,2600,2600,5800,5800,5800,6100,6100,6100,6100,6100,6100,188,0,2500.0,3226.741437680098,1273.4447169932537,12222.958281985484,256.0
1785385656,8,TTFT,S3,0.700000,0.000000,5300,5300,5400,5400,7100,7100,7100,7100,7100,7100,7100,82,0,2400.0,3167.933894194969,2292.0104970107786,7215.277819021139,9649.0
1785385656,8,total,S3,0.700000,0.000000,9400,9400,9400,9400,9600,9600,9600,9600,9600,9600,9600,82,0,5600.0,6480.007114338904,3469.237338984385,12999.224221042823,256.0
1785385656,8,,Aggregated,3.600000,0.000000,2500,5300,5800,5800,7100,9400,9600,9600,9600,9600,9600,644,0,1900.0,2600.36207274297,86.87065995763987,12999.224221042823,1705.8664596273293
1785385657,8,TTFT,S1,0.300000,0.000000,190,190,190,190,190,190,190,190,190,190,190,52,0,100.0,382.8020661950667,86.87065995763987,3460.998703027144,157.0
1785385657,8,total,S1,0.300000,0.000000,5800,5800,5800,5800,5800,5800,5800,5800,5800,5800,5800,52,0,1800.0,3128.6460283064607,1225.9388089878485,10398.991735011805,256.0
1785385657,8,TTFT,S2,0.800000,0.000000,300,300,310,310,320,2200,2200,2200,2200,2200,2200,188,0,240.0,501.4857497274321,132.84717197529972,3570.3616269747727,1153.0
1785385657,8,total,S2,0.800000,0.000000,2600,2600,5800,5800,5800,6100,6100,6100,6100,6100,6100,188,0,2500.0,3226.741437680098,1273.4447169932537,12222.958281985484,256.0
1785385657,8,TTFT,S3,0.700000,0.000000,5300,5300,5400,5400,7100,7100,7100,7100,7100,7100,7100,82,0,2400.0,3167.933894194969,2292.0104970107786,7215.277819021139,9649.0
1785385657,8,total,S3,0.700000,0.000000,9400,9400,9400,9400,9600,9600,9600,9600,9600,9600,9600,82,0,5600.0,6480.007114338904,3469.237338984385,12999.224221042823,256.0
1785385657,8,,Aggregated,3.600000,0.000000,2500,5300,5800,5800,7100,9400,9600,9600,9600,9600,9600,644,0,1900.0,2600.36207274297,86.87065995763987,12999.224221042823,1705.8664596273293
1785385658,8,TTFT,S1,0.300000,0.000000,190,190,190,190,190,190,190,190,190,190,190,52,0,100.0,382.8020661950667,86.87065995763987,3460.998703027144,157.0
1785385658,8,total,S1,0.300000,0.000000,5800,5800,5800,5800,5800,5800,5800,5800,5800,5800,5800,52,0,1800.0,3128.6460283064607,1225.9388089878485,10398.991735011805,256.0
1785385658,8,TTFT,S2,0.800000,0.000000,300,310,310,310,320,2200,2200,2200,2200,2200,2200,188,0,240.0,501.4857497274321,132.84717197529972,3570.3616269747727,1153.0
1785385658,8,total,S2,0.800000,0.000000,2600,5800,5800,5800,5800,6100,6100,6100,6100,6100,6100,188,0,2500.0,3226.741437680098,1273.4447169932537,12222.958281985484,256.0
1785385658,8,TTFT,S3,0.700000,0.000000,5300,5300,5400,5400,7100,7100,7100,7100,7100,7100,7100,82,0,2400.0,3167.933894194969,2292.0104970107786,7215.277819021139,9649.0
1785385658,8,total,S3,0.700000,0.000000,9400,9400,9400,9400,9600,9600,9600,9600,9600,9600,9600,82,0,5600.0,6480.007114338904,3469.237338984385,12999.224221042823,256.0
1785385658,8,,Aggregated,3.600000,0.000000,2500,2600,5800,5800,5800,6200,6500,6500,6500,6500,6500,644,0,1900.0,2600.36207274297,86.87065995763987,12999.224221042823,1705.8664596273293
1785385659,8,TTFT,S1,0.100000,0.000000,190,190,190,190,190,190,190,190,190,190,190,53,0,110.0,379.244343229385,86.87065995763987,3460.998703027144,157.0
1785385659,8,total,S1,0.100000,0.000000,5800,5800,5800,5800,5800,5800,5800,5800,5800,5800,5800,53,0,1800.0,3176.8410170180637,1225.9388089878485,10398.991735011805,256.0
1785385659,8,TTFT,S2,1.300000,0.000000,300,310,310,310,320,2200,2200,2200,2200,2200,2200,189,0,240.0,499.8383710780501,132.84717197529972,3570.3616269747727,1153.0
1785385659,8,total,S2,1.300000,0.000000,2600,5800,5800,5800,5800,6100,6100,6100,6100,6100,6100,189,0,2500.0,3239.7464781684835,1273.4447169932537,12222.958281985484,256.0
1785385659,8,TTFT,S3,0.200000,0.000000,3900,3900,3900,3900,3900,3900,3900,3900,3900,3900,3900,82,0,2400.0,3167.933894194969,2292.0104970107786,7215.277819021139,9649.0
1785385659,8,total,S3,0.200000,0.000000,6500,6500,6500,6500,6500,6500,6500,6500,6500,6500,6500,82,0,5600.0,6480.007114338904,3469.237338984385,12999.224221042823,256.0
1785385659,8,,Aggregated,3.200000,0.000000,2500,2600,5700,5800,5800,6200,6500,6500,6500,6500,6500,648,0,1900.0,2602.4463322538386,86.87065995763987,12999.224221042823,1698.148148148148
1785385660,8,TTFT,S1,0.100000,0.000000,190,190,190,190,190,190,190,190,190,190,190,53,0,110.0,379.244343229385,86.87065995763987,3460.998703027144,157.0
1785385660,8,total,S1,0.100000,0.000000,5800,5800,5800,5800,5800,5800,5800,5800,5800,5800,5800,53,0,1800.0,3176.8410170180637,1225.9388089878485,10398.991735011805,256.0
1785385660,8,TTFT,S2,1.300000,0.000000,300,310,310,310,320,2200,2200,2200,2200,2200,2200,189,0,240.0,499.8383710780501,132.84717197529972,3570.3616269747727,1153.0
1785385660,8,total,S2,1.300000,0.000000,2600,5800,5800,5800,5800,6100,6100,6100,6100,6100,6100,189,0,2500.0,3239.7464781684835,1273.4447169932537,12222.958281985484,256.0
1785385660,8,TTFT,S3,0.200000,0.000000,3900,3900,3900,3900,3900,3900,3900,3900,3900,3900,3900,82,0,2400.0,3167.933894194969,2292.0104970107786,7215.277819021139,9649.0
1785385660,8,total,S3,0.200000,0.000000,6500,6500,6500,6500,6500,6500,6500,6500,6500,6500,6500,82,0,5600.0,6480.007114338904,3469.237338984385,12999.224221042823,256.0
1785385660,8,,Aggregated,3.200000,0.000000,2500,2600,5700,5800,5800,6200,6500,6500,6500,6500,6500,648,0,1900.0,2602.4463322538386,86.87065995763987,12999.224221042823,1698.148148148148
1785385661,12,TTFT,S1,0.100000,0.000000,190,190,190,190,190,190,190,190,190,190,190,53,0,110.0,379.244343229385,86.87065995763987,3460.998703027144,157.0
1785385661,12,total,S1,0.100000,0.000000,5800,5800,5800,5800,5800,5800,5800,5800,5800,5800,5800,53,0,1800.0,3176.8410170180637,1225.9388089878485,10398.991735011805,256.0
1785385661,12,TTFT,S2,1.300000,0.000000,300,310,310,310,320,2200,2200,2200,2200,2200,2200,189,0,240.0,499.8383710780501,132.84717197529972,3570.3616269747727,1153.0
1785385661,12,total,S2,1.300000,0.000000,2600,5700,5800,5800,5800,6100,6100,6100,6100,6100,6100,189,0,2500.0,3239.7464781684835,1273.4447169932537,12222.958281985484,256.0
1785385661,12,TTFT,S3,0.200000,0.000000,3900,3900,3900,3900,3900,3900,3900,3900,3900,3900,3900,82,0,2400.0,3167.933894194969,2292.0104970107786,7215.277819021139,9649.0
1785385661,12,total,S3,0.200000,0.000000,6500,6500,6500,6500,6500,6500,6500,6500,6500,6500,6500,82,0,5600.0,6480.007114338904,3469.237338984385,12999.224221042823,256.0
1785385661,12,,Aggregated,3.200000,0.000000,2500,2600,5700,5700,5800,6200,6500,6500,6500,6500,6500,648,0,1900.0,2602.4463322538386,86.87065995763987,12999.224221042823,1698.148148148148
1785385662,12,TTFT,S1,0.100000,0.000000,190,190,190,190,190,190,190,190,190,190,190,53,0,110.0,379.244343229385,86.87065995763987,3460.998703027144,157.0
1785385662,12,total,S1,0.100000,0.000000,5800,5800,5800,5800,5800,5800,5800,5800,5800,5800,5800,53,0,1800.0,3176.8410170180637,1225.9388089878485,10398.991735011805,256.0
1785385662,12,TTFT,S2,1.300000,0.000000,300,300,310,310,320,320,320,320,320,320,320,189,0,240.0,499.8383710780501,132.84717197529972,3570.3616269747727,1153.0
1785385662,12,total,S2,1.300000,0.000000,2500,2500,2600,2600,5700,5700,5700,5700,5700,5700,5700,189,0,2500.0,3239.7464781684835,1273.4447169932537,12222.958281985484,256.0
1785385662,12,TTFT,S3,0.200000,0.000000,3900,3900,3900,3900,3900,3900,3900,3900,3900,3900,3900,82,0,2400.0,3167.933894194969,2292.0104970107786,7215.277819021139,9649.0
1785385662,12,total,S3,0.200000,0.000000,6500,6500,6500,6500,6500,6500,6500,6500,6500,6500,6500,82,0,5600.0,6480.007114338904,3469.237338984385,12999.224221042823,256.0
1785385662,12,,Aggregated,3.200000,0.000000,2500,2500,2500,2600,5700,5700,5700,5700,5700,5700,5700,648,0,1900.0,2602.4463322538386,86.87065995763987,12999.224221042823,1698.148148148148
1785385663,12,TTFT,S1,0.100000,0.000000,190,190,190,190,190,190,190,190,190,190,190,53,0,110.0,379.244343229385,86.87065995763987,3460.998703027144,157.0
1785385663,12,total,S1,0.100000,0.000000,5800,5800,5800,5800,5800,5800,5800,5800,5800,5800,5800,53,0,1800.0,3176.8410170180637,1225.9388089878485,10398.991735011805,256.0
1785385663,12,TTFT,S2,1.300000,0.000000,300,310,310,310,320,320,320,320,320,320,320,189,0,240.0,499.8383710780501,132.84717197529972,3570.3616269747727,1153.0
1785385663,12,total,S2,1.300000,0.000000,2500,2500,2500,2500,5700,5700,5700,5700,5700,5700,5700,189,0,2500.0,3239.7464781684835,1273.4447169932537,12222.958281985484,256.0
1785385663,12,TTFT,S3,0.200000,0.000000,3900,3900,3900,3900,3900,3900,3900,3900,3900,3900,3900,82,0,2400.0,3167.933894194969,2292.0104970107786,7215.277819021139,9649.0
1785385663,12,total,S3,0.200000,0.000000,6500,6500,6500,6500,6500,6500,6500,6500,6500,6500,6500,82,0,5600.0,6480.007114338904,3469.237338984385,12999.224221042823,256.0
1785385663,12,,Aggregated,3.200000,0.000000,2500,2500,2500,2500,5700,5700,5700,5700,5700,5700,5700,648,0,1900.0,2602.4463322538386,86.87065995763987,12999.224221042823,1698.148148148148
1785385664,12,TTFT,S1,0.100000,0.000000,190,190,190,190,190,190,190,190,190,190,190,54,0,110.0,375.7854802630997,86.87065995763987,3460.998703027144,157.0
1785385664,12,total,S1,0.100000,0.000000,9300,9300,9300,9300,9300,9300,9300,9300,9300,9300,9300,54,0,1800.0,3290.326831777175,1225.9388089878485,10398.991735011805,256.0
1785385664,12,TTFT,S2,1.300000,0.000000,280,300,300,310,310,310,310,310,310,310,310,190,0,240.0,498.227515419651,132.84717197529972,3570.3616269747727,1153.0
1785385664,12,total,S2,1.300000,0.000000,2500,5700,5700,9300,9300,9300,9300,9300,9300,9300,9300,190,0,2500.0,3271.7206133884915,1273.4447169932537,12222.958281985484,256.0
1785385664,12,TTFT,S3,0.200000,0.000000,3900,3900,3900,3900,3900,3900,3900,3900,3900,3900,3900,82,0,2400.0,3167.933894194969,2292.0104970107786,7215.277819021139,9649.0
1785385664,12,total,S3,0.200000,0.000000,6500,6500,6500,6500,6500,6500,6500,6500,6500,6500,6500,82,0,5600.0,6480.007114338904,3469.237338984385,12999.224221042823,256.0
1785385664,12,,Aggregated,3.200000,0.000000,2500,2500,5700,5700,9300,9300,9300,9300,9300,9300,9300,652,0,1900.0,2615.630938686349,86.87065995763987,12999.224221042823,1690.5245398773006
1785385665,12,TTFT,S1,0.100000,0.000000,190,190,190,190,190,190,190,190,190,190,190,54,0,110.0,375.7854802630997,86.87065995763987,3460.998703027144,157.0
1785385665,12,total,S1,0.100000,0.000000,9300,9300,9300,9300,9300,9300,9300,9300,9300,9300,9300,54,0,1800.0,3290.326831777175,1225.9388089878485,10398.991735011805,256.0
1785385665,12,TTFT,S2,1.300000,0.000000,300,310,3400,3400,3400,3400,3400,3400,3400,3400,3400,192,0,240.0,528.3520238372148,132.84717197529972,3570.3616269747727,1153.0
1785385665,12,total,S2,1.300000,0.000000,5700,9300,9500,9500,9500,9500,9500,9500,9500,9500,9500,192,0,2500.0,3336.3378557751275,1273.4447169932537,12222.958281985484,256.0
1785385665,12,TTFT,S3,0.200000,0.000000,3600,3600,3900,3900,3900,3900,3900,3900,3900,3900,3900,84,0,2400.0,3164.047037916524,2292.0104970107786,7215.277819021139,9649.0
1785385665,12,total,S3,0.200000,0.000000,9500,9500,10000,10000,10000,10000,10000,10000,10000,10000,10000,84,0,5700.0,6558.736723759683,3469.237338984385,12999.224221042823,256.0
1785385665,12,,Aggregated,3.200000,0.000000,3400,5700,9300,9300,9500,9500,10000,10000,10000,10000,10000,660,0,1900.0,2661.6732692674937,86.87065995763987,12999.224221042823,1704.3181818181818
1785385666,12,TTFT,S1,0.100000,0.000000,190,190,190,190,190,190,190,190,190,190,190,54,0,110.0,375.7854802630997,86.87065995763987,3460.998703027144,157.0
1785385666,12,total,S1,0.100000,0.000000,9300,9300,9300,9300,9300,9300,9300,9300,9300,9300,9300,54,0,1800.0,3290.326831777175,1225.9388089878485,10398.991735011805,256.0
1785385666,12,TTFT,S2,0.900000,0.000000,300,310,3400,3400,3400,3400,3400,3400,3400,3400,3400,193,0,240.0,526.4214013873267,132.84717197529972,3570.3616269747727,1153.0
1785385666,12,total,S2,0.900000,0.000000,6200,9300,9500,9500,9500,9500,9500,9500,9500,9500,9500,193,0,2500.0,3351.0981919991887,1273.4447169932537,12222.958281985484,256.0
1785385666,12,TTFT,S3,0.000000,0.000000,3600,3600,3900,3900,3900,3900,3900,3900,3900,3900,3900,84,0,2400.0,3164.047037916524,2292.0104970107786,7215.277819021139,9649.0
1785385666,12,total,S3,0.000000,0.000000,9500,9500,10000,10000,10000,10000,10000,10000,10000,10000,10000,84,0,5700.0,6558.736723759683,3469.237338984385,12999.224221042823,256.0
1785385666,12,,Aggregated,2.000000,0.000000,3400,5700,9300,9300,9500,9500,10000,10000,10000,10000,10000,662,0,1900.0,2663.2102452486006,86.87065995763987,12999.224221042823,1701.297583081571
1785385667,12,TTFT,S1,0.100000,0.000000,190,190,190,190,190,190,190,190,190,190,190,54,0,110.0,375.7854802630997,86.87065995763987,3460.998703027144,157.0
1785385667,12,total,S1,0.100000,0.000000,9300,9300,9300,9300,9300,9300,9300,9300,9300,9300,9300,54,0,1800.0,3290.326831777175,1225.9388089878485,10398.991735011805,256.0
1785385667,12,TTFT,S2,0.900000,0.000000,190,3400,3400,3400,3400,3400,3400,3400,3400,3400,3400,193,0,240.0,526.4214013873267,132.84717197529972,3570.3616269747727,1153.0
1785385667,12,total,S2,0.900000,0.000000,9300,9500,9500,9500,9500,9500,9500,9500,9500,9500,9500,193,0,2500.0,3351.0981919991887,1273.4447169932537,12222.958281985484,256.0
1785385667,12,TTFT,S3,0.000000,0.000000,3600,3600,3900,3900,3900,3900,3900,3900,3900,3900,3900,84,0,2400.0,3164.047037916524,2292.0104970107786,7215.277819021139,9649.0
1785385667,12,total,S3,0.000000,0.000000,9500,9500,10000,10000,10000,10000,10000,10000,10000,10000,10000,84,0,5700.0,6558.736723759683,3469.237338984385,12999.224221042823,256.0
1785385667,12,,Aggregated,2.000000,0.000000,5700,6200,9300,9500,9500,10000,10000,10000,10000,10000,10000,662,0,1900.0,2663.2102452486006,86.87065995763987,12999.224221042823,1701.297583081571
1785385668,12,TTFT,S1,0.100000,0.000000,190,190,190,190,190,190,190,190,190,190,190,54,0,110.0,375.7854802630997,86.87065995763987,3460.998703027144,157.0
1785385668,12,total,S1,0.100000,0.000000,9300,9300,9300,9300,9300,9300,9300,9300,9300,9300,9300,54,0,1800.0,3290.326831777175,1225.9388089878485,10398.991735011805,256.0
1785385668,12,TTFT,S2,0.900000,0.000000,190,3400,3400,3400,3400,3400,3400,3400,3400,3400,3400,193,0,240.0,526.4214013873267,132.84717197529972,3570.3616269747727,1153.0
1785385668,12,total,S2,0.900000,0.000000,9300,9500,9500,9500,9500,9500,9500,9500,9500,9500,9500,193,0,2500.0,3351.0981919991887,1273.4447169932537,12222.958281985484,256.0
1785385668,12,TTFT,S3,0.000000,0.000000,3600,3600,3600,3600,3600,3600,3600,3600,3600,3600,3600,84,0,2400.0,3164.047037916524,2292.0104970107786,7215.277819021139,9649.0
1785385668,12,total,S3,0.000000,0.000000,10000,10000,10000,10000,10000,10000,10000,10000,10000,10000,10000,84,0,5700.0,6558.736723759683,3469.237338984385,12999.224221042823,256.0
1785385668,12,,Aggregated,2.000000,0.000000,5700,6200,9300,9500,9500,10000,10000,10000,10000,10000,10000,662,0,1900.0,2663.2102452486006,86.87065995763987,12999.224221042823,1701.297583081571
1785385669,12,TTFT,S1,0.100000,0.000000,190,190,190,190,190,190,190,190,190,190,190,54,0,110.0,375.7854802630997,86.87065995763987,3460.998703027144,157.0
1785385669,12,total,S1,0.100000,0.000000,9300,9300,9300,9300,9300,9300,9300,9300,9300,9300,9300,54,0,1800.0,3290.326831777175,1225.9388089878485,10398.991735011805,256.0
1785385669,12,TTFT,S2,0.900000,0.000000,190,3400,3400,3400,3400,3400,3400,3400,3400,3400,3400,193,0,240.0,526.4214013873267,132.84717197529972,3570.3616269747727,1153.0
1785385669,12,total,S2,0.900000,0.000000,9300,9500,9500,9500,9500,9500,9500,9500,9500,9500,9500,193,0,2500.0,3351.0981919991887,1273.4447169932537,12222.958281985484,256.0
1785385669,12,TTFT,S3,0.000000,0.000000,3600,3600,3600,3600,3600,3600,3600,3600,3600,3600,3600,84,0,2400.0,3164.047037916524,2292.0104970107786,7215.277819021139,9649.0
1785385669,12,total,S3,0.000000,0.000000,10000,10000,10000,10000,10000,10000,10000,10000,10000,10000,10000,84,0,5700.0,6558.736723759683,3469.237338984385,12999.224221042823,256.0
1785385669,12,,Aggregated,2.000000,0.000000,5700,6200,9300,9500,9500,10000,10000,10000,10000,10000,10000,662,0,1900.0,2663.2102452486006,86.87065995763987,12999.224221042823,1701.297583081571
1785385670,12,TTFT,S1,0.200000,0.000000,190,190,190,190,190,190,190,190,190,190,190,54,0,110.0,375.7854802630997,86.87065995763987,3460.998703027144,157.0
1785385670,12,total,S1,0.200000,0.000000,9300,9300,9300,9300,9300,9300,9300,9300,9300,9300,9300,54,0,1800.0,3290.326831777175,1225.9388089878485,10398.991735011805,256.0
1785385670,12,TTFT,S2,0.500000,0.000000,3000,3000,3400,3400,3400,3400,3400,3400,3400,3400,3400,196,0,240.0,564.3576823815831,132.84717197529972,3570.3616269747727,1153.0
1785385670,12,total,S2,0.500000,0.000000,9200,9300,9500,9500,9500,9500,9500,9500,9500,9500,9500,196,0,2500.0,3440.1383005603507,1273.4447169932537,12222.958281985484,256.0
1785385670,12,TTFT,S3,0.200000,0.000000,3200,3200,3600,3600,3600,3600,3600,3600,3600,3600,3600,86,0,2400.0,3156.3186209647492,2292.0104970107786,7215.277819021139,9649.0
1785385670,12,total,S3,0.200000,0.000000,10000,10000,10000,10000,10000,10000,10000,10000,10000,10000,10000,86,0,5700.0,6631.774489648727,3469.237338984385,12999.224221042823,256.0
1785385670,12,,Aggregated,1.800000,0.000000,5700,9200,9300,9300,9500,10000,10000,10000,10000,10000,10000,672,0,1900.0,2715.2191741362394,86.87065995763987,12999.224221042823,1711.75
1785385671,12,TTFT,S1,0.200000,0.000000,190,190,190,190,190,190,190,190,190,190,190,54,0,110.0,375.7854802630997,86.87065995763987,3460.998703027144,157.0
1785385671,12,total,S1,0.200000,0.000000,9300,9300,9300,9300,9300,9300,9300,9300,9300,9300,9300,54,0,1800.0,3290.326831777175,1225.9388089878485,10398.991735011805,256.0
1785385671,12,TTFT,S2,0.500000,0.000000,3000,3000,3400,3400,3400,3400,3400,3400,3400,3400,3400,196,0,240.0,564.3576823815831,132.84717197529972,3570.3616269747727,1153.0
1785385671,12,total,S2,0.500000,0.000000,9200,9300,9500,9500,9500,9500,9500,9500,9500,9500,9500,196,0,2500.0,3440.1383005603507,1273.4447169932537,12222.958281985484,256.0
1785385671,12,TTFT,S3,0.200000,0.000000,3200,3200,3600,3600,3600,3600,3600,3600,3600,3600,3600,86,0,2400.0,3156.3186209647492,2292.0104970107786,7215.277819021139,9649.0
1785385671,12,total,S3,0.200000,0.000000,10000,10000,10000,10000,10000,10000,10000,10000,10000,10000,10000,86,0,5700.0,6631.774489648727,3469.237338984385,12999.224221042823,256.0
1785385671,12,,Aggregated,1.800000,0.000000,6200,9200,9300,9500,9500,10000,10000,10000,10000,10000,10000,672,0,1900.0,2715.2191741362394,86.87065995763987,12999.224221042823,1711.75
1785385672,12,TTFT,S1,0.100000,0.000000,190,190,190,190,190,190,190,190,190,190,190,54,0,110.0,375.7854802630997,86.87065995763987,3460.998703027144,157.0
1785385672,12,total,S1,0.100000,0.000000,9300,9300,9300,9300,9300,9300,9300,9300,9300,9300,9300,54,0,1800.0,3290.326831777175,1225.9388089878485,10398.991735011805,256.0
1785385672,12,TTFT,S2,0.700000,0.000000,3000,3000,3000,3400,3400,3400,3400,3400,3400,3400,3400,198,0,250.0,561.2900357363002,132.84717197529972,3570.3616269747727,1153.0
1785385672,12,total,S2,0.700000,0.000000,9200,9200,9300,9500,9500,9500,9500,9500,9500,9500,9500,198,0,2500.0,3486.409020408191,1273.4447169932537,12222.958281985484,256.0
1785385672,12,TTFT,S3,0.400000,0.000000,3200,3200,3600,3600,3600,3600,3600,3600,3600,3600,3600,86,0,2400.0,3156.3186209647492,2292.0104970107786,7215.277819021139,9649.0
1785385672,12,total,S3,0.400000,0.000000,10000,10000,10000,10000,10000,10000,10000,10000,10000,10000,10000,86,0,5700.0,6631.774489648727,3469.237338984385,12999.224221042823,256.0
1785385672,12,,Aggregated,2.400000,0.000000,6200,9200,9300,9300,9500,10000,10000,10000,10000,10000,10000,676,0,1900.0,2723.6545643188506,86.87065995763987,12999.224221042823,1705.7899408284025
1785385673,12,TTFT,S1,0.100000,0.000000,190,190,190,190,190,190,190,190,190,190,190,56,0,140.0,368.9353535217898,86.87065995763987,3460.998703027144,157.0
1785385673,12,total,S1,0.100000,0.000000,7800,7800,9300,9300,9300,9300,9300,9300,9300,9300,9300,56,0,2100.0,3451.657910571417,1225.9388089878485,10398.991735011805,256.0
1785385673,12,TTFT,S2,0.700000,0.000000,3000,3000,3000,3400,3400,3400,3400,3400,3400,3400,3400,198,0,250.0,561.2900357363002,132.84717197529972,3570.3616269747727,1153.0
1785385673,12,total,S2,0.700000,0.000000,9200,9200,9300,9500,9500,9500,9500,9500,9500,9500,9500,198,0,2500.0,3486.409020408191,1273.4447169932537,12222.958281985484,256.0
1785385673,12,TTFT,S3,0.400000,0.000000,3200,3200,3600,3600,3600,3600,3600,3600,3600,3600,3600,86,0,2400.0,3156.3186209647492,2292.0104970107786,7215.277819021139,9649.0
1785385673,12,total,S3,0.400000,0.000000,10000,10000,10000,10000,10000,10000,10000,10000,10000,10000,10000,86,0,5700.0,6631.774489648727,3469.237338984385,12999.224221042823,256.0
1785385673,12,,Aggregated,2.400000,0.000000,6200,9200,9200,9300,9500,10000,10000,10000,10000,10000,10000,680,0,1900.0,2731.137710909688,86.87065995763987,12999.224221042823,1696.9705882352941
1785385674,12,TTFT,S1,0.100000,0.000000,190,190,190,190,190,190,190,190,190,190,190,56,0,140.0,368.9353535217898,86.87065995763987,3460.998703027144,157.0
1785385674,12,total,S1,0.100000,0.000000,7800,7800,9300,9300,9300,9300,9300,9300,9300,9300,9300,56,0,2100.0,3451.657910571417,1225.9388089878485,10398.991735011805,256.0
1785385674,12,TTFT,S2,0.700000,0.000000,3000,3000,3000,3000,3000,3000,3000,3000,3000,3000,3000,198,0,250.0,561.2900357363002,132.84717197529972,3570.3616269747727,1153.0
1785385674,12,total,S2,0.700000,0.000000,9200,9200,9200,9200,9200,9200,9200,9200,9200,9200,9200,198,0,2500.0,3486.409020408191,1273.4447169932537,12222.958281985484,256.0
1785385674,12,TTFT,S3,0.400000,0.000000,3200,3200,3600,3600,3600,3600,3600,3600,3600,3600,3600,86,0,2400.0,3156.3186209647492,2292.0104970107786,7215.277819021139,9649.0
1785385674,12,total,S3,0.400000,0.000000,10000,10000,10000,10000,10000,10000,10000,10000,10000,10000,10000,86,0,5700.0,6631.774489648727,3469.237338984385,12999.224221042823,256.0
1785385674,12,,Aggregated,2.400000,0.000000,6200,8000,9200,9200,9200,10000,10000,10000,10000,10000,10000,680,0,1900.0,2731.137710909688,86.87065995763987,12999.224221042823,1696.9705882352941
1785385675,12,TTFT,S1,0.100000,0.000000,190,190,190,190,190,190,190,190,190,190,190,56,0,140.0,368.9353535217898,86.87065995763987,3460.998703027144,157.0
1785385675,12,total,S1,0.100000,0.000000,7800,7800,9300,9300,9300,9300,9300,9300,9300,9300,9300,56,0,2100.0,3451.657910571417,1225.9388089878485,10398.991735011805,256.0
1785385675,12,TTFT,S2,0.700000,0.000000,3000,3000,3000,3000,3000,3000,3000,3000,3000,3000,3000,198,0,250.0,561.2900357363002,132.84717197529972,3570.3616269747727,1153.0
1785385675,12,total,S2,0.700000,0.000000,9200,9200,9200,9200,9200,9200,9200,9200,9200,9200,9200,198,0,2500.0,3486.409020408191,1273.4447169932537,12222.958281985484,256.0
1785385675,12,TTFT,S3,0.400000,0.000000,3200,3200,3600,3600,3600,3600,3600,3600,3600,3600,3600,86,0,2400.0,3156.3186209647492,2292.0104970107786,7215.277819021139,9649.0
1785385675,12,total,S3,0.400000,0.000000,10000,10000,10000,10000,10000,10000,10000,10000,10000,10000,10000,86,0,5700.0,6631.774489648727,3469.237338984385,12999.224221042823,256.0
1785385675,12,,Aggregated,2.400000,0.000000,6200,8000,9200,9200,9200,10000,10000,10000,10000,10000,10000,680,0,1900.0,2731.137710909688,86.87065995763987,12999.224221042823,1696.9705882352941
1785385676,12,TTFT,S1,0.100000,0.000000,190,190,190,190,190,190,190,190,190,190,190,56,0,140.0,368.9353535217898,86.87065995763987,3460.998703027144,157.0
1785385676,12,total,S1,0.100000,0.000000,7800,7800,9300,9300,9300,9300,9300,9300,9300,9300,9300,56,0,2100.0,3451.657910571417,1225.9388089878485,10398.991735011805,256.0
1785385676,12,TTFT,S2,0.700000,0.000000,3000,3000,3000,3000,3000,3000,3000,3000,3000,3000,3000,198,0,250.0,561.2900357363002,132.84717197529972,3570.3616269747727,1153.0
1785385676,12,total,S2,0.700000,0.000000,9200,9200,9200,9200,9200,9200,9200,9200,9200,9200,9200,198,0,2500.0,3486.409020408191,1273.4447169932537,12222.958281985484,256.0
1785385676,12,TTFT,S3,0.400000,0.000000,3200,3200,3200,3200,3200,3200,3200,3200,3200,3200,3200,86,0,2400.0,3156.3186209647492,2292.0104970107786,7215.277819021139,9649.0
1785385676,12,total,S3,0.400000,0.000000,10000,10000,10000,10000,10000,10000,10000,10000,10000,10000,10000,86,0,5700.0,6631.774489648727,3469.237338984385,12999.224221042823,256.0
1785385676,12,,Aggregated,2.400000,0.000000,6200,8000,9200,9200,9200,10000,10000,10000,10000,10000,10000,680,0,1900.0,2731.137710909688,86.87065995763987,12999.224221042823,1696.9705882352941
1785385677,12,TTFT,S1,0.300000,0.000000,190,190,190,190,190,190,190,190,190,190,190,56,0,140.0,368.9353535217898,86.87065995763987,3460.998703027144,157.0
1785385677,12,total,S1,0.300000,0.000000,7800,7800,9300,9300,9300,9300,9300,9300,9300,9300,9300,56,0,2100.0,3451.657910571417,1225.9388089878485,10398.991735011805,256.0
1785385677,12,TTFT,S2,0.900000,0.000000,3000,3000,3000,3000,3600,3600,3600,3600,3600,3600,3600,199,0,250.0,576.4027358984561,132.84717197529972,3570.3616269747727,1153.0
1785385677,12,total,S2,0.900000,0.000000,9200,9200,9200,9200,11000,11000,11000,11000,11000,11000,11000,199,0,2600.0,3526.1288779339025,1273.4447169932537,12222.958281985484,256.0
1785385677,12,TTFT,S3,0.400000,0.000000,3200,3200,4100,4100,4100,4100,4100,4100,4100,4100,4100,88,0,2400.0,3159.071986056171,2292.0104970107786,7215.277819021139,9649.0
1785385677,12,total,S3,0.400000,0.000000,12000,12000,12000,12000,12000,12000,12000,12000,12000,12000,12000,88,0,5700.0,6748.98072182656,3469.237338984385,12999.224221042823,256.0
1785385677,12,,Aggregated,3.200000,0.000000,7800,8000,9200,9200,11000,12000,12000,12000,12000,12000,12000,686,0,2000.0,2772.9820003433515,86.87065995763987,12999.224221042823,1713.0597667638483
1785385678,12,TTFT,S1,0.200000,0.000000,240,240,270,270,270,270,270,270,270,270,270,58,0,170.0,364.92128081415007,86.87065995763987,3460.998703027144,157.0
1785385678,12,total,S1,0.200000,0.000000,7900,7900,7900,7900,7900,7900,7900,7900,7900,7900,7900,58,0,2200.0,3605.6572941898626,1225.9388089878485,10398.991735011805,256.0
1785385678,12,TTFT,S2,0.600000,0.000000,3000,3000,3000,3000,3600,3600,3600,3600,3600,3600,3600,201,0,250.0,573.2799430687064,132.84717197529972,3570.3616269747727,1153.0
1785385678,12,total,S2,0.600000,0.000000,9200,9200,9200,9200,11000,11000,11000,11000,11000,11000,11000,201,0,2600.0,3569.8188805963673,1273.4447169932537,12222.958281985484,256.0
1785385678,12,TTFT,S3,0.200000,0.000000,2500,3200,3200,4100,4100,4100,4100,4100,4100,4100,4100,89,0,2400.0,3150.550178055301,2292.0104970107786,7215.277819021139,9649.0
1785385678,12,total,S3,0.200000,0.000000,10000,12000,12000,12000,12000,12000,12000,12000,12000,12000,12000,89,0,5700.0,6769.89353280593,3469.237338984385,12999.224221042823,256.0
1785385678,12,,Aggregated,2.000000,0.000000,7800,7900,8600,9200,10000,12000,12000,12000,12000,12000,12000,696,0,2000.0,2795.9424011114397,86.87065995763987,12999.224221042823,1707.9137931034484
1785385679,12,TTFT,S1,0.200000,0.000000,240,240,270,270,270,270,270,270,270,270,270,58,0,170.0,364.92128081415007,86.87065995763987,3460.998703027144,157.0
1785385679,12,total,S1,0.200000,0.000000,7900,7900,7900,7900,7900,7900,7900,7900,7900,7900,7900,58,0,2200.0,3605.6572941898626,1225.9388089878485,10398.991735011805,256.0
1785385679,12,TTFT,S2,0.600000,0.000000,3000,3000,3000,3000,3600,3600,3600,3600,3600,3600,3600,201,0,250.0,573.2799430687064,132.84717197529972,3570.3616269747727,1153.0
1785385679,12,total,S2,0.600000,0.000000,9200,9200,9200,9200,11000,11000,11000,11000,11000,11000,11000,201,0,2600.0,3569.8188805963673,1273.4447169932537,12222.958281985484,256.0
1785385679,12,TTFT,S3,0.200000,0.000000,2500,3200,3200,4100,4100,4100,4100,4100,4100,4100,4100,89,0,2400.0,3150.550178055301,2292.0104970107786,7215.277819021139,9649.0
1785385679,12,total,S3,0.200000,0.000000,10000,12000,12000,12000,12000,12000,12000,12000,12000,12000,12000,89,0,5700.0,6769.89353280593,3469.237338984385,12999.224221042823,256.0
1785385679,12,,Aggregated,2.000000,0.000000,7800,7900,8600,9200,10000,12000,12000,12000,12000,12000,12000,696,0,2000.0,2795.9424011114397,86.87065995763987,12999.224221042823,1707.9137931034484
1785385680,12,TTFT,S1,0.200000,0.000000,240,240,270,270,270,270,270,270,270,270,270,58,0,170.0,364.92128081415007,86.87065995763987,3460.998703027144,157.0
1785385680,12,total,S1,0.200000,0.000000,7900,7900,7900,7900,7900,7900,7900,7900,7900,7900,7900,58,0,2200.0,3605.6572941898626,1225.9388089878485,10398.991735011805,256.0
1785385680,12,TTFT,S2,0.600000,0.000000,270,270,270,3600,3600,3600,3600,3600,3600,3600,3600,201,0,250.0,573.2799430687064,132.84717197529972,3570.3616269747727,1153.0
1785385680,12,total,S2,0.600000,0.000000,8000,8000,8000,11000,11000,11000,11000,11000,11000,11000,11000,201,0,2600.0,3569.8188805963673,1273.4447169932537,12222.958281985484,256.0
1785385680,12,TTFT,S3,0.200000,0.000000,2500,3200,3200,4100,4100,4100,4100,4100,4100,4100,4100,89,0,2400.0,3150.550178055301,2292.0104970107786,7215.277819021139,9649.0
1785385680,12,total,S3,0.200000,0.000000,10000,12000,12000,12000,12000,12000,12000,12000,12000,12000,12000,89,0,5700.0,6769.89353280593,3469.237338984385,12999.224221042823,256.0
1785385680,12,,Aggregated,2.000000,0.000000,7800,7900,8000,8000,11000,12000,12000,12000,12000,12000,12000,696,0,2000.0,2795.9424011114397,86.87065995763987,12999.224221042823,1707.9137931034484
1785385681,12,TTFT,S1,0.400000,0.000000,240,240,270,270,270,270,270,270,270,270,270,58,0,170.0,364.92128081415007,86.87065995763987,3460.998703027144,157.0
1785385681,12,total,S1,0.400000,0.000000,7900,7900,7900,7900,7900,7900,7900,7900,7900,7900,7900,58,0,2200.0,3605.6572941898626,1225.9388089878485,10398.991735011805,256.0
1785385681,12,TTFT,S2,0.800000,0.000000,270,3400,3400,3400,3600,3600,3600,3600,3600,3600,3600,203,0,250.0,601.0809275803381,132.84717197529972,3570.3616269747727,1153.0
1785385681,12,total,S2,0.800000,0.000000,8000,8000,8000,8000,11000,11000,11000,11000,11000,11000,11000,203,0,2600.0,3613.745016452175,1273.4447169932537,12222.958281985484,256.0
1785385681,12,TTFT,S3,0.500000,0.000000,2500,3200,4100,4100,4100,4100,4100,4100,4100,4100,4100,91,0,2400.0,3153.1675385265194,2292.0104970107786,7215.277819021139,9649.0
1785385681,12,total,S3,0.500000,0.000000,9200,10000,12000,12000,12000,12000,12000,12000,12000,12000,12000,91,0,5800.0,6809.991267304433,3469.237338984385,12999.224221042823,256.0
1785385681,12,,Aggregated,3.400000,0.000000,7800,7900,8000,8000,8600,12000,12000,12000,12000,12000,12000,704,0,2000.0,2830.327663806036,86.87065995763987,12999.224221042823,1720.6477272727273
1785385682,12,TTFT,S1,0.400000,0.000000,240,240,270,270,270,270,270,270,270,270,270,58,0,170.0,364.92128081415007,86.87065995763987,3460.998703027144,157.0
1785385682,12,total,S1,0.400000,0.000000,7900,7900,7900,7900,7900,7900,7900,7900,7900,7900,7900,58,0,2200.0,3605.6572941898626,1225.9388089878485,10398.991735011805,256.0
1785385682,12,TTFT,S2,0.800000,0.000000,270,3400,3400,3400,3600,3600,3600,3600,3600,3600,3600,203,0,250.0,601.0809275803381,132.84717197529972,3570.3616269747727,1153.0
1785385682,12,total,S2,0.800000,0.000000,8000,8000,8000,8000,11000,11000,11000,11000,11000,11000,11000,203,0,2600.0,3613.745016452175,1273.4447169932537,12222.958281985484,256.0
1785385682,12,TTFT,S3,0.500000,0.000000,2400,4100,4100,4100,4100,4100,4100,4100,4100,4100,4100,91,0,2400.0,3153.1675385265194,2292.0104970107786,7215.277819021139,9649.0
1785385682,12,total,S3,0.500000,0.000000,8600,12000,12000,12000,12000,12000,12000,12000,12000,12000,12000,91,0,5800.0,6809.991267304433,3469.237338984385,12999.224221042823,256.0
1785385682,12,,Aggregated,3.400000,0.000000,7800,7900,8000,8000,8600,12000,12000,12000,12000,12000,12000,704,0,2000.0,2830.327663806036,86.87065995763987,12999.224221042823,1720.6477272727273
1785385683,12,TTFT,S1,0.400000,0.000000,220,220,240,240,270,270,270,270,270,270,270,60,0,180.0,359.74083803788136,86.87065995763987,3460.998703027144,157.0
1785385683,12,total,S1,0.400000,0.000000,7800,7800,7900,7900,7900,7900,7900,7900,7900,7900,7900,60,0,3000.0,3699.0119621836734,1225.9388089878485,10398.991735011805,256.0
1785385683,12,TTFT,S2,0.700000,0.000000,270,3400,3400,3400,3600,3600,3600,3600,3600,3600,3600,204,0,250.0,599.2276697098871,132.84717197529972,3570.3616269747727,1153.0
1785385683,12,total,S2,0.700000,0.000000,8000,8000,8000,8000,11000,11000,11000,11000,11000,11000,11000,204,0,2600.0,3627.5043967439606,1273.4447169932537,12222.958281985484,256.0
1785385683,12,TTFT,S3,0.500000,0.000000,2400,4100,4100,4100,4100,4100,4100,4100,4100,4100,4100,91,0,2400.0,3153.1675385265194,2292.0104970107786,7215.277819021139,9649.0
1785385683,12,total,S3,0.500000,0.000000,8600,12000,12000,12000,12000,12000,12000,12000,12000,12000,12000,91,0,5800.0,6809.991267304433,3469.237338984385,12999.224221042823,256.0
1785385683,12,,Aggregated,3.200000,0.000000,6400,7900,8000,8000,8600,12000,12000,12000,12000,12000,12000,710,0,2000.0,2834.4027618316827,86.87065995763987,12999.224221042823,1709.2549295774647
1785385684,12,TTFT,S1,0.400000,0.000000,240,240,270,270,270,270,270,270,270,270,270,60,0,180.0,359.74083803788136,86.87065995763987,3460.998703027144,157.0
1785385684,12,total,S1,0.400000,0.000000,7900,7900,7900,7900,7900,7900,7900,7900,7900,7900,7900,60,0,3000.0,3699.0119621836734,1225.9388089878485,10398.991735011805,256.0
1785385684,12,TTFT,S2,0.700000,0.000000,320,320,3400,3400,3600,3600,3600,3600,3600,3600,3600,207,0,250.0,595.0796620665536,132.84717197529972,3570.3616269747727,1153.0
1785385684,12,total,S2,0.700000,0.000000,7900,7900,8000,8000,11000,11000,11000,11000,11000,11000,11000,207,0,3000.0,3668.5517390611794,1273.4447169932537,12222.958281985484,256.0
1785385684,12,TTFT,S3,0.500000,0.000000,2400,4100,4100,4100,4100,4100,4100,4100,4100,4100,4100,91,0,2400.0,3153.1675385265194,2292.0104970107786,7215.277819021139,9649.0
1785385684,12,total,S3,0.500000,0.000000,8600,12000,12000,12000,12000,12000,12000,12000,12000,12000,12000,91,0,5800.0,6809.991267304433,3469.237338984385,12999.224221042823,256.0
1785385684,12,,Aggregated,3.200000,0.000000,6400,6500,7900,8000,8600,12000,12000,12000,12000,12000,12000,716,0,2000.0,2839.0283790186463,86.87065995763987,12999.224221042823,1700.8351955307262
1785385685,12,TTFT,S1,0.400000,0.000000,240,240,270,270,270,270,270,270,270,270,270,60,0,180.0,359.74083803788136,86.87065995763987,3460.998703027144,157.0
1785385685,12,total,S1,0.400000,0.000000,7900,7900,7900,7900,7900,7900,7900,7900,7900,7900,7900,60,0,3000.0,3699.0119621836734,1225.9388089878485,10398.991735011805,256.0
1785385685,12,TTFT,S2,0.700000,0.000000,320,320,3400,3400,3600,3600,3600,3600,3600,3600,3600,207,0,250.0,595.0796620665536,132.84717197529972,3570.3616269747727,1153.0
1785385685,12,total,S2,0.700000,0.000000,7900,7900,8000,8000,11000,11000,11000,11000,11000,11000,11000,207,0,3000.0,3668.5517390611794,1273.4447169932537,12222.958281985484,256.0
1785385685,12,TTFT,S3,0.500000,0.000000,2400,4100,4100,4100,4100,4100,4100,4100,4100,4100,4100,91,0,2400.0,3153.1675385265194,2292.0104970107786,7215.277819021139,9649.0
1785385685,12,total,S3,0.500000,0.000000,8600,12000,12000,12000,12000,12000,12000,12000,12000,12000,12000,91,0,5800.0,6809.991267304433,3469.237338984385,12999.224221042823,256.0
1785385685,12,,Aggregated,3.200000,0.000000,6400,6500,7900,8000,8600,12000,12000,12000,12000,12000,12000,716,0,2000.0,2839.0283790186463,86.87065995763987,12999.224221042823,1700.8351955307262
1785385686,12,TTFT,S1,0.200000,0.000000,240,240,270,270,270,270,270,270,270,270,270,60,0,180.0,359.74083803788136,86.87065995763987,3460.998703027144,157.0
1785385686,12,total,S1,0.200000,0.000000,7900,7900,7900,7900,7900,7900,7900,7900,7900,7900,7900,60,0,3000.0,3699.0119621836734,1225.9388089878485,10398.991735011805,256.0
1785385686,12,TTFT,S2,0.500000,0.000000,320,320,1800,3400,3400,3400,3400,3400,3400,3400,3400,208,0,250.0,600.9104442777103,132.84717197529972,3570.3616269747727,1153.0
1785385686,12,total,S2,0.500000,0.000000,7900,7900,8000,8000,8000,8000,8000,8000,8000,8000,8000,208,0,3000.0,3689.3863772098625,1273.4447169932537,12222.958281985484,256.0
1785385686,12,TTFT,S3,0.500000,0.000000,2500,2500,4100,4100,4100,4100,4100,4100,4100,4100,4100,92,0,2400.0,3145.9915629770285,2292.0104970107786,7215.277819021139,9649.0
1785385686,12,total,S3,0.500000,0.000000,8600,8600,8700,8700,8700,8700,8700,8700,8700,8700,8700,92,0,5800.0,6830.363944192472,3469.237338984385,12999.224221042823,256.0
1785385686,12,,Aggregated,2.400000,0.000000,6400,6500,7900,8000,8600,8600,8700,8700,8700,8700,8700,720,0,2000.0,2852.4050188087535,86.87065995763987,12999.224221042823,1707.1
1785385687,12,TTFT,S1,0.200000,0.000000,240,240,270,270,270,270,270,270,270,270,270,60,0,180.0,359.74083803788136,86.87065995763987,3460.998703027144,157.0
1785385687,12,total,S1,0.200000,0.000000,7900,7900,7900,7900,7900,7900,7900,7900,7900,7900,7900,60,0,3000.0,3699.0119621836734,1225.9388089878485,10398.991735011805,256.0
1785385687,12,TTFT,S2,0.500000,0.000000,320,320,1800,3400,3400,3400,3400,3400,3400,3400,3400,208,0,250.0,600.9104442777103,132.84717197529972,3570.3616269747727,1153.0
1785385687,12,total,S2,0.500000,0.000000,7900,7900,8000,8000,8000,8000,8000,8000,8000,8000,8000,208,0,3000.0,3689.3863772098625,1273.4447169932537,12222.958281985484,256.0
1785385687,12,TTFT,S3,0.500000,0.000000,2500,2500,4100,4100,4100,4100,4100,4100,4100,4100,4100,92,0,2400.0,3145.9915629770285,2292.0104970107786,7215.277819021139,9649.0
1785385687,12,total,S3,0.500000,0.000000,8600,8600,8700,8700,8700,8700,8700,8700,8700,8700,8700,92,0,5800.0,6830.363944192472,3469.237338984385,12999.224221042823,256.0
1785385687,12,,Aggregated,2.400000,0.000000,6400,6500,7900,8000,8600,8600,8700,8700,8700,8700,8700,720,0,2000.0,2852.4050188087535,86.87065995763987,12999.224221042823,1707.1
1785385688,12,TTFT,S1,0.200000,0.000000,240,240,270,270,270,270,270,270,270,270,270,60,0,180.0,359.74083803788136,86.87065995763987,3460.998703027144,157.0
1785385688,12,total,S1,0.200000,0.000000,7900,7900,7900,7900,7900,7900,7900,7900,7900,7900,7900,60,0,3000.0,3699.0119621836734,1225.9388089878485,10398.991735011805,256.0
1785385688,12,TTFT,S2,0.500000,0.000000,320,1800,3400,3400,3400,3400,3400,3400,3400,3400,3400,208,0,250.0,600.9104442777103,132.84717197529972,3570.3616269747727,1153.0
1785385688,12,total,S2,0.500000,0.000000,6500,8000,8000,8000,8000,8000,8000,8000,8000,8000,8000,208,0,3000.0,3689.3863772098625,1273.4447169932537,12222.958281985484,256.0
1785385688,12,TTFT,S3,0.500000,0.000000,2500,2500,4100,4100,4100,4100,4100,4100,4100,4100,4100,92,0,2400.0,3145.9915629770285,2292.0104970107786,7215.277819021139,9649.0
1785385688,12,total,S3,0.500000,0.000000,8600,8600,8700,8700,8700,8700,8700,8700,8700,8700,8700,92,0,5800.0,6830.363944192472,3469.237338984385,12999.224221042823,256.0
1785385688,12,,Aggregated,2.400000,0.000000,6400,6500,8000,8000,8600,8600,8700,8700,8700,8700,8700,720,0,2000.0,2852.4050188087535,86.87065995763987,12999.224221042823,1707.1
1785385689,12,TTFT,S1,0.400000,0.000000,240,240,240,270,270,270,270,270,270,270,270,61,0,180.0,357.8065707583026,86.87065995763987,3460.998703027144,157.0
1785385689,12,total,S1,0.400000,0.000000,7900,7900,7900,8000,8000,8000,8000,8000,8000,8000,8000,61,0,3400.0,3769.7614029681567,1225.9388089878485,10398.991735011805,256.0
1785385689,12,TTFT,S2,1.000000,0.000000,320,320,1800,3400,3400,3400,3400,3400,3400,3400,3400,210,0,250.0,597.6614765559567,132.84717197529972,3570.3616269747727,1153.0
1785385689,12,total,S2,1.000000,0.000000,8000,8000,8000,8000,8000,8000,8000,8000,8000,8000,8000,210,0,3100.0,3730.583906507707,1273.4447169932537,12222.958281985484,256.0
1785385689,12,TTFT,S3,0.600000,0.000000,2500,2500,4100,4100,4100,4100,4100,4100,4100,4100,4100,92,0,2400.0,3145.9915629770285,2292.0104970107786,7215.277819021139,9649.0
1785385689,12,total,S3,0.600000,0.000000,8600,8600,8700,8700,8700,8700,8700,8700,8700,8700,8700,92,0,5800.0,6830.363944192472,3469.237338984385,12999.224221042823,256.0
1785385689,12,,Aggregated,4.000000,0.000000,6400,6500,8000,8000,8600,8600,8700,8700,8700,8700,8700,726,0,2000.0,2862.9998395320627,86.87065995763987,12999.224221042823,1697.4421487603306
1785385690,12,TTFT,S1,0.400000,0.000000,220,240,240,1800,1800,1800,1800,1800,1800,1800,1800,63,0,180.0,378.84739514658344,86.87065995763987,3460.998703027144,157.0
1785385690,12,total,S1,0.400000,0.000000,6400,6400,6400,8000,8000,8000,8000,8000,8000,8000,8000,63,0,3500.0,3849.0443185243444,1225.9388089878485,10398.991735011805,256.0
1785385690,12,TTFT,S2,0.900000,0.000000,320,1800,1800,1800,3400,3400,3400,3400,3400,3400,3400,213,0,250.0,607.5134253413023,132.84717197529972,3570.3616269747727,1153.0
1785385690,12,total,S2,0.900000,0.000000,6500,8000,8000,8000,8000,8000,8000,8000,8000,8000,8000,213,0,3100.0,3766.039702444208,1273.4447169932537,12222.958281985484,256.0
1785385690,12,TTFT,S3,0.400000,0.000000,2400,2500,2500,4100,4100,4100,4100,4100,4100,4100,4100,94,0,2400.0,3129.923838552365,2292.0104970107786,7215.277819021139,9649.0
1785385690,12,total,S3,0.400000,0.000000,8600,8600,8600,8700,8700,8700,8700,8700,8700,8700,8700,94,0,5800.0,6849.379691146091,3469.237338984385,12999.224221042823,256.0
1785385690,12,,Aggregated,3.400000,0.000000,6200,6400,6800,8000,8000,8600,8700,8700,8700,8700,8700,740,0,2000.0,2886.457467528699,86.87065995763987,12999.224221042823,1698.927027027027
1785385691,12,TTFT,S1,0.400000,0.000000,220,240,240,1800,1800,1800,1800,1800,1800,1800,1800,63,0,180.0,378.84739514658344,86.87065995763987,3460.998703027144,157.0
1785385691,12,total,S1,0.400000,0.000000,6400,6400,6400,8000,8000,8000,8000,8000,8000,8000,8000,63,0,3500.0,3849.0443185243444,1225.9388089878485,10398.991735011805,256.0
1785385691,12,TTFT,S2,0.900000,0.000000,320,320,1800,1800,1800,1800,1800,1800,1800,1800,1800,213,0,250.0,607.5134253413023,132.84717197529972,3570.3616269747727,1153.0
1785385691,12,total,S2,0.900000,0.000000,6500,6500,8000,8000,8000,8000,8000,8000,8000,8000,8000,213,0,3100.0,3766.039702444208,1273.4447169932537,12222.958281985484,256.0
1785385691,12,TTFT,S3,0.400000,0.000000,2400,2500,2500,4100,4100,4100,4100,4100,4100,4100,4100,94,0,2400.0,3129.923838552365,2292.0104970107786,7215.277819021139,9649.0
1785385691,12,total,S3,0.400000,0.000000,8600,8600,8600,8700,8700,8700,8700,8700,8700,8700,8700,94,0,5800.0,6849.379691146091,3469.237338984385,12999.224221042823,256.0
1785385691,12,,Aggregated,3.400000,0.000000,6200,6400,6500,6500,8000,8600,8700,8700,8700,8700,8700,740,0,2000.0,2886.457467528699,86.87065995763987,12999.224221042823,1698.927027027027
1785385692,12,TTFT,S1,0.400000,0.000000,220,240,240,1800,1800,1800,1800,1800,1800,1800,1800,63,0,180.0,378.84739514658344,86.87065995763987,3460.998703027144,157.0
1785385692,12,total,S1,0.400000,0.000000,6400,6400,6400,8000,8000,8000,8000,8000,8000,8000,8000,63,0,3500.0,3849.0443185243444,1225.9388089878485,10398.991735011805,256.0
1785385692,12,TTFT,S2,0.900000,0.000000,320,320,1800,1800,1800,1800,1800,1800,1800,1800,1800,213,0,250.0,607.5134253413023,132.84717197529972,3570.3616269747727,1153.0
1785385692,12,total,S2,0.900000,0.000000,6500,6500,8000,8000,8000,8000,8000,8000,8000,8000,8000,213,0,3100.0,3766.039702444208,1273.4447169932537,12222.958281985484,256.0
1785385692,12,TTFT,S3,0.400000,0.000000,2400,2400,2500,2500,2500,2500,2500,2500,2500,2500,2500,94,0,2400.0,3129.923838552365,2292.0104970107786,7215.277819021139,9649.0
1785385692,12,total,S3,0.400000,0.000000,8600,8600,8700,8700,8700,8700,8700,8700,8700,8700,8700,94,0,5800.0,6849.379691146091,3469.237338984385,12999.224221042823,256.0
1785385692,12,,Aggregated,3.400000,0.000000,6200,6400,6500,6500,8000,8600,8700,8700,8700,8700,8700,740,0,2000.0,2886.457467528699,86.87065995763987,12999.224221042823,1698.927027027027
1785385693,12,TTFT,S1,0.400000,0.000000,220,240,240,1800,1800,1800,1800,1800,1800,1800,1800,63,0,180.0,378.84739514658344,86.87065995763987,3460.998703027144,157.0
1785385693,12,total,S1,0.400000,0.000000,6400,6400,6400,8000,8000,8000,8000,8000,8000,8000,8000,63,0,3500.0,3849.0443185243444,1225.9388089878485,10398.991735011805,256.0
1785385693,12,TTFT,S2,0.900000,0.000000,320,320,1800,1800,1800,1800,1800,1800,1800,1800,1800,213,0,250.0,607.5134253413023,132.84717197529972,3570.3616269747727,1153.0
1785385693,12,total,S2,0.900000,0.000000,6500,6500,8000,8000,8000,8000,8000,8000,8000,8000,8000,213,0,3100.0,3766.039702444208,1273.4447169932537,12222.958281985484,256.0
1785385693,12,TTFT,S3,0.400000,0.000000,2400,2400,2500,2500,2500,2500,2500,2500,2500,2500,2500,94,0,2400.0,3129.923838552365,2292.0104970107786,7215.277819021139,9649.0
1785385693,12,total,S3,0.400000,0.000000,8600,8600,8700,8700,8700,8700,8700,8700,8700,8700,8700,94,0,5800.0,6849.379691146091,3469.237338984385,12999.224221042823,256.0
1785385693,12,,Aggregated,3.400000,0.000000,6200,6400,6500,6500,8000,8600,8700,8700,8700,8700,8700,740,0,2000.0,2886.457467528699,86.87065995763987,12999.224221042823,1698.927027027027
1785385694,12,TTFT,S1,0.400000,0.000000,220,240,240,1800,1800,1800,1800,1800,1800,1800,1800,63,0,180.0,378.84739514658344,86.87065995763987,3460.998703027144,157.0
1785385694,12,total,S1,0.400000,0.000000,6400,6400,6400,8000,8000,8000,8000,8000,8000,8000,8000,63,0,3500.0,3849.0443185243444,1225.9388089878485,10398.991735011805,256.0
1785385694,12,TTFT,S2,0.900000,0.000000,1800,1800,1800,1800,1800,1800,1800,1800,1800,1800,1800,213,0,250.0,607.5134253413023,132.84717197529972,3570.3616269747727,1153.0
1785385694,12,total,S2,0.900000,0.000000,8000,8000,8000,8000,8000,8000,8000,8000,8000,8000,8000,213,0,3100.0,3766.039702444208,1273.4447169932537,12222.958281985484,256.0
1785385694,12,TTFT,S3,0.400000,0.000000,2400,2400,2500,2500,2500,2500,2500,2500,2500,2500,2500,94,0,2400.0,3129.923838552365,2292.0104970107786,7215.277819021139,9649.0
1785385694,12,total,S3,0.400000,0.000000,8600,8600,8700,8700,8700,8700,8700,8700,8700,8700,8700,94,0,5800.0,6849.379691146091,3469.237338984385,12999.224221042823,256.0
1785385694,12,,Aggregated,3.400000,0.000000,6200,6300,8000,8000,8000,8600,8700,8700,8700,8700,8700,740,0,2000.0,2886.457467528699,86.87065995763987,12999.224221042823,1698.927027027027
1785385695,12,TTFT,S1,0.400000,0.000000,240,240,1800,1800,1800,1800,1800,1800,1800,1800,1800,63,0,180.0,378.84739514658344,86.87065995763987,3460.998703027144,157.0
1785385695,12,total,S1,0.400000,0.000000,6300,6300,8000,8000,8000,8000,8000,8000,8000,8000,8000,63,0,3500.0,3849.0443185243444,1225.9388089878485,10398.991735011805,256.0
1785385695,12,TTFT,S2,0.900000,0.000000,1800,1800,1800,1800,1800,1800,1800,1800,1800,1800,1800,213,0,250.0,607.5134253413023,132.84717197529972,3570.3616269747727,1153.0
1785385695,12,total,S2,0.900000,0.000000,8000,8000,8000,8000,8000,8000,8000,8000,8000,8000,8000,213,0,3100.0,3766.039702444208,1273.4447169932537,12222.958281985484,256.0
1785385695,12,TTFT,S3,0.400000,0.000000,2400,2400,2500,2500,2500,2500,2500,2500,2500,2500,2500,94,0,2400.0,3129.923838552365,2292.0104970107786,7215.277819021139,9649.0
1785385695,12,total,S3,0.400000,0.000000,8600,8600,8700,8700,8700,8700,8700,8700,8700,8700,8700,94,0,5800.0,6849.379691146091,3469.237338984385,12999.224221042823,256.0
1785385695,12,,Aggregated,3.400000,0.000000,6200,6300,8000,8000,8000,8600,8700,8700,8700,8700,8700,740,0,2000.0,2886.457467528699,86.87065995763987,12999.224221042823,1698.927027027027
1785385696,12,TTFT,S1,0.300000,0.000000,240,240,1800,1800,1800,1800,1800,1800,1800,1800,1800,63,0,180.0,378.84739514658344,86.87065995763987,3460.998703027144,157.0
1785385696,12,total,S1,0.300000,0.000000,6300,6300,8000,8000,8000,8000,8000,8000,8000,8000,8000,63,0,3500.0,3849.0443185243444,1225.9388089878485,10398.991735011805,256.0
1785385696,12,TTFT,S2,0.600000,0.000000,270,270,1800,1800,1800,1800,1800,1800,1800,1800,1800,214,0,250.0,605.4206432276362,132.84717197529972,3570.3616269747727,1153.0
1785385696,12,total,S2,0.600000,0.000000,8000,8000,8000,8000,9600,9600,9600,9600,9600,9600,9600,214,0,3100.0,3793.2525033440775,1273.4447169932537,12222.958281985484,256.0
1785385696,12,TTFT,S3,0.300000,0.000000,2400,2400,2500,2500,2500,2500,2500,2500,2500,2500,2500,95,0,2400.0,3122.6625453466304,2292.0104970107786,7215.277819021139,9649.0
1785385696,12,total,S3,0.300000,0.000000,8700,8700,10000,10000,10000,10000,10000,10000,10000,10000,10000,95,0,5800.0,6885.331802671211,3469.237338984385,12999.224221042823,256.0
1785385696,12,,Aggregated,2.400000,0.000000,6200,6300,8000,8000,8600,9600,10000,10000,10000,10000,10000,744,0,2000.0,2901.119212888858,86.87065995763987,12999.224221042823,1705.0
1785385697,12,TTFT,S1,0.300000,0.000000,240,240,1800,1800,1800,1800,1800,1800,1800,1800,1800,64,0,180.0,376.729306285597,86.87065995763987,3460.998703027144,157.0
1785385697,12,total,S1,0.300000,0.000000,8000,8000,8000,8000,8000,8000,8000,8000,8000,8000,8000,64,0,3500.0,3913.2738711414277,1225.9388089878485,10398.991735011805,256.0
1785385697,12,TTFT,S2,0.600000,0.000000,250,270,1800,1800,1800,1800,1800,1800,1800,1800,1800,216,0,250.0,602.1173575308812,132.84717197529972,3570.3616269747727,1153.0
1785385697,12,total,S2,0.600000,0.000000,8000,8000,8000,8000,9600,9600,9600,9600,9600,9600,9600,216,0,3100.0,3831.9193500399165,1273.4447169932537,12222.958281985484,256.0
1785385697,12,TTFT,S3,0.300000,0.000000,2400,2400,2400,2400,2400,2400,2400,2400,2400,2400,2400,95,0,2400.0,3122.6625453466304,2292.0104970107786,7215.277819021139,9649.0
1785385697,12,total,S3,0.300000,0.000000,8600,8600,10000,10000,10000,10000,10000,10000,10000,10000,10000,95,0,5800.0,6885.331802671211,3469.237338984385,12999.224221042823,256.0
1785385697,12,,Aggregated,2.400000,0.000000,6200,6300,8000,8000,8600,9600,10000,10000,10000,10000,10000,750,0,2000.0,2910.762127003089,86.87065995763987,12999.224221042823,1695.668
1785385698,12,TTFT,S1,0.300000,0.000000,240,240,1800,1800,1800,1800,1800,1800,1800,1800,1800,65,0,180.0,373.01564334193245,86.87065995763987,3460.998703027144,157.0
1785385698,12,total,S1,0.300000,0.000000,7900,7900,8000,8000,8000,8000,8000,8000,8000,8000,8000,65,0,3500.0,3975.334535492584,1225.9388089878485,10398.991735011805,256.0
1785385698,12,TTFT,S2,0.600000,0.000000,240,250,1800,1800,1800,1800,1800,1800,1800,1800,1800,217,0,250.0,600.2012562242224,132.84717197529972,3570.3616269747727,1153.0
1785385698,12,total,S2,0.600000,0.000000,8000,8000,8000,8000,9600,9600,9600,9600,9600,9600,9600,217,0,3100.0,3851.1198238968045,1273.4447169932537,12222.958281985484,256.0
1785385698,12,TTFT,S3,0.300000,0.000000,2400,2400,2400,2400,2400,2400,2400,2400,2400,2400,2400,95,0,2400.0,3122.6625453466304,2292.0104970107786,7215.277819021139,9649.0
1785385698,12,total,S3,0.300000,0.000000,8600,8600,10000,10000,10000,10000,10000,10000,10000,10000,10000,95,0,5800.0,6885.331802671211,3469.237338984385,12999.224221042823,256.0
1785385698,12,,Aggregated,2.400000,0.000000,6200,6300,8000,8000,8600,9600,10000,10000,10000,10000,10000,754,0,2000.0,2916.895091607694,86.87065995763987,12999.224221042823,1689.0888594164455
1785385699,12,TTFT,S1,0.300000,0.000000,240,240,1800,1800,1800,1800,1800,1800,1800,1800,1800,65,0,180.0,373.01564334193245,86.87065995763987,3460.998703027144,157.0
1785385699,12,total,S1,0.300000,0.000000,7900,7900,8000,8000,8000,8000,8000,8000,8000,8000,8000,65,0,3500.0,3975.334535492584,1225.9388089878485,10398.991735011805,256.0
1785385699,12,TTFT,S2,0.600000,0.000000,240,250,1800,1800,1800,1800,1800,1800,1800,1800,1800,217,0,250.0,600.2012562242224,132.84717197529972,3570.3616269747727,1153.0
1785385699,12,total,S2,0.600000,0.000000,8000,8000,8000,8000,9600,9600,9600,9600,9600,9600,9600,217,0,3100.0,3851.1198238968045,1273.4447169932537,12222.958281985484,256.0
1785385699,12,TTFT,S3,0.300000,0.000000,2400,2400,2400,2400,2400,2400,2400,2400,2400,2400,2400,95,0,2400.0,3122.6625453466304,2292.0104970107786,7215.277819021139,9649.0
1785385699,12,total,S3,0.300000,0.000000,8600,8600,10000,10000,10000,10000,10000,10000,10000,10000,10000,95,0,5800.0,6885.331802671211,3469.237338984385,12999.224221042823,256.0
1785385699,12,,Aggregated,2.400000,0.000000,6200,6300,8000,8000,8600,9600,10000,10000,10000,10000,10000,754,0,2000.0,2916.895091607694,86.87065995763987,12999.224221042823,1689.0888594164455
1785385700,12,TTFT,S1,0.300000,0.000000,240,240,1800,1800,1800,1800,1800,1800,1800,1800,1800,65,0,180.0,373.01564334193245,86.87065995763987,3460.998703027144,157.0
1785385700,12,total,S1,0.300000,0.000000,7900,7900,8000,8000,8000,8000,8000,8000,8000,8000,8000,65,0,3500.0,3975.334535492584,1225.9388089878485,10398.991735011805,256.0
1785385700,12,TTFT,S2,0.600000,0.000000,240,250,1800,1800,1800,1800,1800,1800,1800,1800,1800,217,0,250.0,600.2012562242224,132.84717197529972,3570.3616269747727,1153.0
1785385700,12,total,S2,0.600000,0.000000,8000,8000,8000,8000,9600,9600,9600,9600,9600,9600,9600,217,0,3100.0,3851.1198238968045,1273.4447169932537,12222.958281985484,256.0
1785385700,12,TTFT,S3,0.300000,0.000000,2400,2400,2400,2400,2400,2400,2400,2400,2400,2400,2400,95,0,2400.0,3122.6625453466304,2292.0104970107786,7215.277819021139,9649.0
1785385700,12,total,S3,0.300000,0.000000,8600,8600,10000,10000,10000,10000,10000,10000,10000,10000,10000,95,0,5800.0,6885.331802671211,3469.237338984385,12999.224221042823,256.0
1785385700,12,,Aggregated,2.400000,0.000000,6200,6300,8000,8000,8600,9600,10000,10000,10000,10000,10000,754,0,2000.0,2916.895091607694,86.87065995763987,12999.224221042823,1689.0888594164455
1785385701,12,TTFT,S1,0.300000,0.000000,240,240,1800,1800,1800,1800,1800,1800,1800,1800,1800,65,0,180.0,373.01564334193245,86.87065995763987,3460.998703027144,157.0
1785385701,12,total,S1,0.300000,0.000000,7900,7900,8000,8000,8000,8000,8000,8000,8000,8000,8000,65,0,3500.0,3975.334535492584,1225.9388089878485,10398.991735011805,256.0
1785385701,12,TTFT,S2,0.600000,0.000000,240,250,1800,1800,1800,1800,1800,1800,1800,1800,1800,217,0,250.0,600.2012562242224,132.84717197529972,3570.3616269747727,1153.0
1785385701,12,total,S2,0.600000,0.000000,8000,8000,8000,8000,9600,9600,9600,9600,9600,9600,9600,217,0,3100.0,3851.1198238968045,1273.4447169932537,12222.958281985484,256.0
1785385701,12,TTFT,S3,0.300000,0.000000,2400,2400,2400,2400,2400,2400,2400,2400,2400,2400,2400,95,0,2400.0,3122.6625453466304,2292.0104970107786,7215.277819021139,9649.0
1785385701,12,total,S3,0.300000,0.000000,8600,8600,10000,10000,10000,10000,10000,10000,10000,10000,10000,95,0,5800.0,6885.331802671211,3469.237338984385,12999.224221042823,256.0
1785385701,12,,Aggregated,2.400000,0.000000,6200,6300,8000,8000,8600,9600,10000,10000,10000,10000,10000,754,0,2000.0,2916.895091607694,86.87065995763987,12999.224221042823,1689.0888594164455
1785385702,12,TTFT,S1,0.400000,0.000000,140,140,240,240,240,240,240,240,240,240,240,66,0,180.0,368.79543680609487,86.87065995763987,3460.998703027144,157.0
1785385702,12,total,S1,0.400000,0.000000,7900,7900,8000,8000,8000,8000,8000,8000,8000,8000,8000,66,0,3500.0,4010.3131804093155,1225.9388089878485,10398.991735011805,256.0
1785385702,12,TTFT,S2,0.700000,0.000000,250,250,3500,3500,3500,3500,3500,3500,3500,3500,3500,219,0,250.0,626.7161076334539,132.84717197529972,3570.3616269747727,1153.0
1785385702,12,total,S2,0.700000,0.000000,9600,9600,11000,11000,11000,11000,11000,11000,11000,11000,11000,219,0,3100.0,3919.858697564745,1273.4447169932537,12222.958281985484,256.0
1785385702,12,TTFT,S3,0.300000,0.000000,5200,5200,5400,5400,5400,5400,5400,5400,5400,5400,5400,98,0,2400.0,3160.111776989058,2292.0104970107786,7215.277819021139,9649.0
1785385702,12,total,S3,0.300000,0.000000,11000,11000,12000,12000,12000,12000,12000,12000,12000,12000,12000,98,0,5800.0,7028.450816201535,3469.237338984385,12999.224221042823,256.0
1785385702,12,,Aggregated,2.800000,0.000000,6300,8000,9600,10000,11000,11000,12000,12000,12000,12000,12000,766,0,2100.0,2980.679092959923,86.87065995763987,12999.224221042823,1705.6383812010445
1785385703,12,TTFT,S1,0.400000,0.000000,140,140,240,240,240,240,240,240,240,240,240,66,0,180.0,368.79543680609487,86.87065995763987,3460.998703027144,157.0
1785385703,12,total,S1,0.400000,0.000000,7900,7900,8000,8000,8000,8000,8000,8000,8000,8000,8000,66,0,3500.0,4010.3131804093155,1225.9388089878485,10398.991735011805,256.0
1785385703,12,TTFT,S2,0.700000,0.000000,250,250,3500,3500,3500,3500,3500,3500,3500,3500,3500,219,0,250.0,626.7161076334539,132.84717197529972,3570.3616269747727,1153.0
1785385703,12,total,S2,0.700000,0.000000,9600,9600,11000,11000,11000,11000,11000,11000,11000,11000,11000,219,0,3100.0,3919.858697564745,1273.4447169932537,12222.958281985484,256.0
1785385703,12,TTFT,S3,0.300000,0.000000,5200,5200,5400,5400,5400,5400,5400,5400,5400,5400,5400,98,0,2400.0,3160.111776989058,2292.0104970107786,7215.277819021139,9649.0
1785385703,12,total,S3,0.300000,0.000000,11000,11000,12000,12000,12000,12000,12000,12000,12000,12000,12000,98,0,5800.0,7028.450816201535,3469.237338984385,12999.224221042823,256.0
1785385703,12,,Aggregated,2.800000,0.000000,6300,8000,9600,10000,11000,11000,12000,12000,12000,12000,12000,766,0,2100.0,2980.679092959923,86.87065995763987,12999.224221042823,1705.6383812010445
1785385704,12,TTFT,S1,0.400000,0.000000,140,140,240,240,240,240,240,240,240,240,240,66,0,180.0,368.79543680609487,86.87065995763987,3460.998703027144,157.0
1785385704,12,total,S1,0.400000,0.000000,7900,7900,8000,8000,8000,8000,8000,8000,8000,8000,8000,66,0,3500.0,4010.3131804093155,1225.9388089878485,10398.991735011805,256.0
1785385704,12,TTFT,S2,0.700000,0.000000,250,250,3500,3500,3500,3500,3500,3500,3500,3500,3500,219,0,250.0,626.7161076334539,132.84717197529972,3570.3616269747727,1153.0
1785385704,12,total,S2,0.700000,0.000000,9600,9600,11000,11000,11000,11000,11000,11000,11000,11000,11000,219,0,3100.0,3919.858697564745,1273.4447169932537,12222.958281985484,256.0
1785385704,12,TTFT,S3,0.300000,0.000000,5200,5200,5400,5400,5400,5400,5400,5400,5400,5400,5400,98,0,2400.0,3160.111776989058,2292.0104970107786,7215.277819021139,9649.0
1785385704,12,total,S3,0.300000,0.000000,11000,11000,12000,12000,12000,12000,12000,12000,12000,12000,12000,98,0,5800.0,7028.450816201535,3469.237338984385,12999.224221042823,256.0
1785385704,12,,Aggregated,2.800000,0.000000,6300,8000,9600,10000,11000,11000,12000,12000,12000,12000,12000,766,0,2100.0,2980.679092959923,86.87065995763987,12999.224221042823,1705.6383812010445
1785385705,12,TTFT,S1,0.400000,0.000000,140,140,240,240,240,240,240,240,240,240,240,66,0,180.0,368.79543680609487,86.87065995763987,3460.998703027144,157.0
1785385705,12,total,S1,0.400000,0.000000,7900,7900,8000,8000,8000,8000,8000,8000,8000,8000,8000,66,0,3500.0,4010.3131804093155,1225.9388089878485,10398.991735011805,256.0
1785385705,12,TTFT,S2,0.700000,0.000000,250,3500,3500,3500,3500,3500,3500,3500,3500,3500,3500,219,0,250.0,626.7161076334539,132.84717197529972,3570.3616269747727,1153.0
1785385705,12,total,S2,0.700000,0.000000,8000,11000,11000,11000,11000,11000,11000,11000,11000,11000,11000,219,0,3100.0,3919.858697564745,1273.4447169932537,12222.958281985484,256.0
1785385705,12,TTFT,S3,0.300000,0.000000,5200,5200,5400,5400,5400,5400,5400,5400,5400,5400,5400,98,0,2400.0,3160.111776989058,2292.0104970107786,7215.277819021139,9649.0
1785385705,12,total,S3,0.300000,0.000000,11000,11000,12000,12000,12000,12000,12000,12000,12000,12000,12000,98,0,5800.0,7028.450816201535,3469.237338984385,12999.224221042823,256.0
1785385705,12,,Aggregated,2.800000,0.000000,6300,8000,10000,11000,11000,11000,12000,12000,12000,12000,12000,766,0,2100.0,2980.679092959923,86.87065995763987,12999.224221042823,1705.6383812010445
1785385706,12,TTFT,S1,0.400000,0.000000,140,140,140,140,140,140,140,140,140,140,140,66,0,180.0,368.79543680609487,86.87065995763987,3460.998703027144,157.0
1785385706,12,total,S1,0.400000,0.000000,7900,7900,7900,7900,7900,7900,7900,7900,7900,7900,7900,66,0,3500.0,4010.3131804093155,1225.9388089878485,10398.991735011805,256.0
1785385706,12,TTFT,S2,0.700000,0.000000,3500,3500,3500,3500,3500,3500,3500,3500,3500,3500,3500,219,0,250.0,626.7161076334539,132.84717197529972,3570.3616269747727,1153.0
1785385706,12,total,S2,0.700000,0.000000,11000,11000,11000,11000,11000,11000,11000,11000,11000,11000,11000,219,0,3100.0,3919.858697564745,1273.4447169932537,12222.958281985484,256.0
1785385706,12,TTFT,S3,0.300000,0.000000,5200,5200,5400,5400,5400,5400,5400,5400,5400,5400,5400,98,0,2400.0,3160.111776989058,2292.0104970107786,7215.277819021139,9649.0
1785385706,12,total,S3,0.300000,0.000000,11000,11000,12000,12000,12000,12000,12000,12000,12000,12000,12000,98,0,5800.0,7028.450816201535,3469.237338984385,12999.224221042823,256.0
1785385706,12,,Aggregated,2.800000,0.000000,6300,8000,11000,11000,11000,12000,12000,12000,12000,12000,12000,766,0,2100.0,2980.679092959923,86.87065995763987,12999.224221042823,1705.6383812010445
1785385707,12,TTFT,S1,0.400000,0.000000,140,140,140,140,140,140,140,140,140,140,140,66,0,180.0,368.79543680609487,86.87065995763987,3460.998703027144,157.0
1785385707,12,total,S1,0.400000,0.000000,7900,7900,7900,7900,7900,7900,7900,7900,7900,7900,7900,66,0,3500.0,4010.3131804093155,1225.9388089878485,10398.991735011805,256.0
1785385707,12,TTFT,S2,0.700000,0.000000,3500,3500,3500,3500,3500,3500,3500,3500,3500,3500,3500,219,0,250.0,626.7161076334539,132.84717197529972,3570.3616269747727,1153.0
1785385707,12,total,S2,0.700000,0.000000,11000,11000,11000,11000,11000,11000,11000,11000,11000,11000,11000,219,0,3100.0,3919.858697564745,1273.4447169932537,12222.958281985484,256.0
1785385707,12,TTFT,S3,0.300000,0.000000,5200,5200,5400,5400,5400,5400,5400,5400,5400,5400,5400,98,0,2400.0,3160.111776989058,2292.0104970107786,7215.277819021139,9649.0
1785385707,12,total,S3,0.300000,0.000000,11000,11000,12000,12000,12000,12000,12000,12000,12000,12000,12000,98,0,5800.0,7028.450816201535,3469.237338984385,12999.224221042823,256.0
1785385707,12,,Aggregated,2.800000,0.000000,6300,8000,11000,11000,11000,12000,12000,12000,12000,12000,12000,766,0,2100.0,2980.679092959923,86.87065995763987,12999.224221042823,1705.6383812010445
1785385708,12,TTFT,S1,0.300000,0.000000,140,140,220,220,220,220,220,220,220,220,220,67,0,180.0,366.5987482118949,86.87065995763987,3460.998703027144,157.0
1785385708,12,total,S1,0.300000,0.000000,7900,7900,11000,11000,11000,11000,11000,11000,11000,11000,11000,67,0,3500.0,4118.217996074887,1225.9388089878485,11239.93583000265,256.0
1785385708,12,TTFT,S2,0.600000,0.000000,230,3500,3500,3500,3500,3500,3500,3500,3500,3500,3500,221,0,250.0,622.7783964105621,132.84717197529972,3570.3616269747727,1153.0
1785385708,12,total,S2,0.600000,0.000000,11000,11000,11000,11000,11000,11000,11000,11000,11000,11000,11000,221,0,3200.0,3986.421490985188,1273.4447169932537,12222.958281985484,256.0
1785385708,12,TTFT,S3,0.400000,0.000000,5200,5200,5400,5400,5400,5400,5400,5400,5400,5400,5400,98,0,2400.0,3160.111776989058,2292.0104970107786,7215.277819021139,9649.0
1785385708,12,total,S3,0.400000,0.000000,11000,11000,12000,12000,12000,12000,12000,12000,12000,12000,12000,98,0,5800.0,7028.450816201535,3469.237338984385,12999.224221042823,256.0
1785385708,12,,Aggregated,2.600000,0.000000,6300,11000,11000,11000,11000,11000,12000,12000,12000,12000,12000,772,0,2100.0,3002.0661024797323,86.87065995763987,12999.224221042823,1696.5673575129533
1785385709,12,TTFT,S1,0.300000,0.000000,220,220,1800,1800,1800,1800,1800,1800,1800,1800,1800,68,0,180.0,387.1257070910788,86.87065995763987,3460.998703027144,157.0
1785385709,12,total,S1,0.300000,0.000000,11000,11000,11000,11000,11000,11000,11000,11000,11000,11000,11000,68,0,3500.0,4221.611284779261,1225.9388089878485,11239.93583000265,256.0
1785385709,12,TTFT,S2,0.500000,0.000000,3500,3500,3500,3500,3500,3500,3500,3500,3500,3500,3500,221,0,250.0,622.7783964105621,132.84717197529972,3570.3616269747727,1153.0
1785385709,12,total,S2,0.500000,0.000000,11000,11000,11000,11000,11000,11000,11000,11000,11000,11000,11000,221,0,3200.0,3986.421490985188,1273.4447169932537,12222.958281985484,256.0
1785385709,12,TTFT,S3,0.400000,0.000000,3500,5200,5200,5400,5400,5400,5400,5400,5400,5400,5400,100,0,2400.0,3155.4806529794587,2292.0104970107786,7215.277819021139,9649.0
1785385709,12,total,S3,0.400000,0.000000,11000,12000,12000,12000,12000,12000,12000,12000,12000,12000,12000,100,0,6100.0,7117.375171178137,3469.237338984385,12999.224221042823,256.0
1785385709,12,,Aggregated,2.400000,0.000000,6300,11000,11000,11000,11000,12000,12000,12000,12000,12000,12000,778,0,2100.0,3032.5358264491047,86.87065995763987,12999.224221042823,1709.4768637532134
1785385710,12,TTFT,S1,0.300000,0.000000,220,220,1800,1800,1800,1800,1800,1800,1800,1800,1800,68,0,180.0,387.1257070910788,86.87065995763987,3460.998703027144,157.0
1785385710,12,total,S1,0.300000,0.000000,11000,11000,11000,11000,11000,11000,11000,11000,11000,11000,11000,68,0,3500.0,4221.611284779261,1225.9388089878485,11239.93583000265,256.0
1785385710,12,TTFT,S2,0.500000,0.000000,3500,3500,3500,3500,3500,3500,3500,3500,3500,3500,3500,221,0,250.0,622.7783964105621,132.84717197529972,3570.3616269747727,1153.0
1785385710,12,total,S2,0.500000,0.000000,11000,11000,11000,11000,11000,11000,11000,11000,11000,11000,11000,221,0,3200.0,3986.421490985188,1273.4447169932537,12222.958281985484,256.0
1785385710,12,TTFT,S3,0.400000,0.000000,3500,5200,5200,5400,5400,5400,5400,5400,5400,5400,5400,100,0,2400.0,3155.4806529794587,2292.0104970107786,7215.277819021139,9649.0
1785385710,12,total,S3,0.400000,0.000000,11000,12000,12000,12000,12000,12000,12000,12000,12000,12000,12000,100,0,6100.0,7117.375171178137,3469.237338984385,12999.224221042823,256.0
1785385710,12,,Aggregated,2.400000,0.000000,6300,11000,11000,11000,11000,12000,12000,12000,12000,12000,12000,778,0,2100.0,3032.5358264491047,86.87065995763987,12999.224221042823,1709.4768637532134
1785385711,12,TTFT,S1,0.300000,0.000000,220,220,1800,1800,1800,1800,1800,1800,1800,1800,1800,68,0,180.0,387.1257070910788,86.87065995763987,3460.998703027144,157.0
1785385711,12,total,S1,0.300000,0.000000,11000,11000,11000,11000,11000,11000,11000,11000,11000,11000,11000,68,0,3500.0,4221.611284779261,1225.9388089878485,11239.93583000265,256.0
1785385711,12,TTFT,S2,0.500000,0.000000,3500,3500,3500,3500,3500,3500,3500,3500,3500,3500,3500,221,0,250.0,622.7783964105621,132.84717197529972,3570.3616269747727,1153.0
1785385711,12,total,S2,0.500000,0.000000,11000,11000,11000,11000,11000,11000,11000,11000,11000,11000,11000,221,0,3200.0,3986.421490985188,1273.4447169932537,12222.958281985484,256.0
1785385711,12,TTFT,S3,0.400000,0.000000,3500,5200,5200,5400,5400,5400,5400,5400,5400,5400,5400,100,0,2400.0,3155.4806529794587,2292.0104970107786,7215.277819021139,9649.0
1785385711,12,total,S3,0.400000,0.000000,11000,12000,12000,12000,12000,12000,12000,12000,12000,12000,12000,100,0,6100.0,7117.375171178137,3469.237338984385,12999.224221042823,256.0
1785385711,12,,Aggregated,2.400000,0.000000,6300,11000,11000,11000,11000,12000,12000,12000,12000,12000,12000,778,0,2100.0,3032.5358264491047,86.87065995763987,12999.224221042823,1709.4768637532134
1785385712,12,TTFT,S1,0.300000,0.000000,220,220,1800,1800,1800,1800,1800,1800,1800,1800,1800,68,0,180.0,387.1257070910788,86.87065995763987,3460.998703027144,157.0
1785385712,12,total,S1,0.300000,0.000000,11000,11000,11000,11000,11000,11000,11000,11000,11000,11000,11000,68,0,3500.0,4221.611284779261,1225.9388089878485,11239.93583000265,256.0
1785385712,12,TTFT,S2,0.500000,0.000000,3500,3500,3500,3500,3500,3500,3500,3500,3500,3500,3500,221,0,250.0,622.7783964105621,132.84717197529972,3570.3616269747727,1153.0
1785385712,12,total,S2,0.500000,0.000000,11000,11000,11000,11000,11000,11000,11000,11000,11000,11000,11000,221,0,3200.0,3986.421490985188,1273.4447169932537,12222.958281985484,256.0
1785385712,12,TTFT,S3,0.400000,0.000000,3500,5200,5200,5400,5400,5400,5400,5400,5400,5400,5400,100,0,2400.0,3155.4806529794587,2292.0104970107786,7215.277819021139,9649.0
1785385712,12,total,S3,0.400000,0.000000,11000,12000,12000,12000,12000,12000,12000,12000,12000,12000,12000,100,0,6100.0,7117.375171178137,3469.237338984385,12999.224221042823,256.0
1785385712,12,,Aggregated,2.400000,0.000000,6300,11000,11000,11000,11000,12000,12000,12000,12000,12000,12000,778,0,2100.0,3032.5358264491047,86.87065995763987,12999.224221042823,1709.4768637532134
1785385713,12,TTFT,S1,0.300000,0.000000,220,220,1800,1800,1800,1800,1800,1800,1800,1800,1800,68,0,180.0,387.1257070910788,86.87065995763987,3460.998703027144,157.0
1785385713,12,total,S1,0.300000,0.000000,11000,11000,11000,11000,11000,11000,11000,11000,11000,11000,11000,68,0,3500.0,4221.611284779261,1225.9388089878485,11239.93583000265,256.0
1785385713,12,TTFT,S2,0.400000,0.000000,300,320,3500,3500,3500,3500,3500,3500,3500,3500,3500,224,0,250.0,618.5155292262477,132.84717197529972,3570.3616269747727,1153.0
1785385713,12,total,S2,0.400000,0.000000,11000,11000,11000,11000,11000,11000,11000,11000,11000,11000,11000,224,0,3300.0,4084.370413132222,1273.4447169932537,12222.958281985484,256.0
1785385713,12,TTFT,S3,0.500000,0.000000,5200,5400,5400,5400,5700,5700,5700,5700,5700,5700,5700,103,0,2400.0,3194.7517148931106,2292.0104970107786,7215.277819021139,9649.0
1785385713,12,total,S3,0.500000,0.000000,12000,12000,12000,12000,12000,12000,12000,12000,12000,12000,12000,103,0,6300.0,7253.366257318915,3469.237338984385,12999.224221042823,256.0
1785385713,12,,Aggregated,2.400000,0.000000,6300,11000,11000,11000,12000,12000,12000,12000,12000,12000,12000,790,0,2200.0,3092.400908447239,86.87065995763987,12999.224221042823,1726.4746835443038
1785385714,12,TTFT,S1,0.300000,0.000000,1800,1800,1800,1800,1800,1800,1800,1800,1800,1800,1800,68,0,180.0,387.1257070910788,86.87065995763987,3460.998703027144,157.0
1785385714,12,total,S1,0.300000,0.000000,11000,11000,11000,11000,11000,11000,11000,11000,11000,11000,11000,68,0,3500.0,4221.611284779261,1225.9388089878485,11239.93583000265,256.0
1785385714,12,TTFT,S2,0.400000,0.000000,300,300,300,320,320,320,320,320,320,320,320,224,0,250.0,618.5155292262477,132.84717197529972,3570.3616269747727,1153.0
1785385714,12,total,S2,0.400000,0.000000,11000,11000,11000,11000,11000,11000,11000,11000,11000,11000,11000,224,0,3300.0,4084.370413132222,1273.4447169932537,12222.958281985484,256.0
1785385714,12,TTFT,S3,0.500000,0.000000,3500,5400,5400,5700,5700,5700,5700,5700,5700,5700,5700,103,0,2400.0,3194.7517148931106,2292.0104970107786,7215.277819021139,9649.0
1785385714,12,total,S3,0.500000,0.000000,12000,12000,12000,12000,12000,12000,12000,12000,12000,12000,12000,103,0,6300.0,7253.366257318915,3469.237338984385,12999.224221042823,256.0
1785385714,12,,Aggregated,2.400000,0.000000,11000,11000,11000,11000,12000,12000,12000,12000,12000,12000,12000,790,0,2200.0,3092.400908447239,86.87065995763987,12999.224221042823,1726.4746835443038
1785385715,12,TTFT,S1,0.300000,0.000000,1800,1800,1800,1800,1800,1800,1800,1800,1800,1800,1800,68,0,180.0,387.1257070910788,86.87065995763987,3460.998703027144,157.0
1785385715,12,total,S1,0.300000,0.000000,11000,11000,11000,11000,11000,11000,11000,11000,11000,11000,11000,68,0,3500.0,4221.611284779261,1225.9388089878485,11239.93583000265,256.0
1785385715,12,TTFT,S2,0.400000,0.000000,300,300,300,320,320,320,320,320,320,320,320,224,0,250.0,618.5155292262477,132.84717197529972,3570.3616269747727,1153.0
1785385715,12,total,S2,0.400000,0.000000,11000,11000,11000,11000,11000,11000,11000,11000,11000,11000,11000,224,0,3300.0,4084.370413132222,1273.4447169932537,12222.958281985484,256.0
1785385715,12,TTFT,S3,0.500000,0.000000,3500,5400,5400,5700,5700,5700,5700,5700,5700,5700,5700,103,0,2400.0,3194.7517148931106,2292.0104970107786,7215.277819021139,9649.0
1785385715,12,total,S3,0.500000,0.000000,12000,12000,12000,12000,12000,12000,12000,12000,12000,12000,12000,103,0,6300.0,7253.366257318915,3469.237338984385,12999.224221042823,256.0
1785385715,12,,Aggregated,2.400000,0.000000,11000,11000,11000,11000,12000,12000,12000,12000,12000,12000,12000,790,0,2200.0,3092.400908447239,86.87065995763987,12999.224221042823,1726.4746835443038
1785385716,12,TTFT,S1,0.200000,0.000000,220,220,1800,1800,1800,1800,1800,1800,1800,1800,1800,70,0,180.0,378.9318956601034,86.87065995763987,3460.998703027144,157.0
1785385716,12,total,S1,0.200000,0.000000,11000,11000,11000,11000,11000,11000,11000,11000,11000,11000,11000,70,0,3500.0,4330.586183427867,1225.9388089878485,11239.93583000265,256.0
1785385716,12,TTFT,S2,0.500000,0.000000,300,300,300,320,320,320,320,320,320,320,320,224,0,250.0,618.5155292262477,132.84717197529972,3570.3616269747727,1153.0
1785385716,12,total,S2,0.500000,0.000000,11000,11000,11000,11000,11000,11000,11000,11000,11000,11000,11000,224,0,3300.0,4084.370413132222,1273.4447169932537,12222.958281985484,256.0
1785385716,12,TTFT,S3,0.500000,0.000000,3500,5400,5400,5700,5700,5700,5700,5700,5700,5700,5700,103,0,2400.0,3194.7517148931106,2292.0104970107786,7215.277819021139,9649.0
1785385716,12,total,S3,0.500000,0.000000,12000,12000,12000,12000,12000,12000,12000,12000,12000,12000,12000,103,0,6300.0,7253.366257318915,3469.237338984385,12999.224221042823,256.0
1785385716,12,,Aggregated,2.400000,0.000000,8000,11000,11000,11000,12000,12000,12000,12000,12000,12000,12000,794,0,2200.0,3097.3159543605716,86.87065995763987,12999.224221042823,1718.817380352645
1785385717,12,TTFT,S1,0.200000,0.000000,100,100,1800,1800,1800,1800,1800,1800,1800,1800,1800,70,0,180.0,378.9318956601034,86.87065995763987,3460.998703027144,157.0
1785385717,12,total,S1,0.200000,0.000000,8000,8000,11000,11000,11000,11000,11000,11000,11000,11000,11000,70,0,3500.0,4330.586183427867,1225.9388089878485,11239.93583000265,256.0
1785385717,12,TTFT,S2,0.500000,0.000000,300,320,2000,2000,3500,3500,3500,3500,3500,3500,3500,226,0,250.0,637.5913553262352,132.84717197529972,3570.3616269747727,1153.0
1785385717,12,total,S2,0.500000,0.000000,11000,11000,11000,11000,11000,11000,11000,11000,11000,11000,11000,226,0,3300.0,4121.129764905621,1273.4447169932537,12222.958281985484,256.0
1785385717,12,TTFT,S3,0.500000,0.000000,3500,3700,5400,5400,5700,5700,5700,5700,5700,5700,5700,105,0,2400.0,3193.6523311810256,2292.0104970107786,7215.277819021139,9649.0
1785385717,12,total,S3,0.500000,0.000000,11000,12000,12000,12000,12000,12000,12000,12000,12000,12000,12000,105,0,6400.0,7277.559259560491,3469.237338984385,12999.224221042823,256.0
1785385717,12,,Aggregated,2.400000,0.000000,8000,8300,11000,11000,12000,12000,12000,12000,12000,12000,12000,802,0,2300.0,3122.96066800052,86.87065995763987,12999.224221042823,1729.8865336658355
1785385718,12,TTFT,S1,0.200000,0.000000,100,100,1800,1800,1800,1800,1800,1800,1800,1800,1800,70,0,180.0,378.9318956601034,86.87065995763987,3460.998703027144,157.0
1785385718,12,total,S1,0.200000,0.000000,8000,8000,11000,11000,11000,11000,11000,11000,11000,11000,11000,70,0,3500.0,4330.586183427867,1225.9388089878485,11239.93583000265,256.0
1785385718,12,TTFT,S2,0.500000,0.000000,300,300,320,2000,3500,3500,3500,3500,3500,3500,3500,228,0,250.0,634.2220514989253,132.84717197529972,3570.3616269747727,1153.0
1785385718,12,total,S2,0.500000,0.000000,11000,11000,11000,11000,11000,11000,11000,11000,11000,11000,11000,228,0,3400.0,4127.005460678208,1273.4447169932537,12222.958281985484,256.0
1785385718,12,TTFT,S3,0.500000,0.000000,3500,3700,5400,5400,5700,5700,5700,5700,5700,5700,5700,105,0,2400.0,3193.6523311810256,2292.0104970107786,7215.277819021139,9649.0
1785385718,12,total,S3,0.500000,0.000000,11000,12000,12000,12000,12000,12000,12000,12000,12000,12000,12000,105,0,6400.0,7277.559259560491,3469.237338984385,12999.224221042823,256.0
1785385718,12,,Aggregated,2.400000,0.000000,5400,8200,11000,11000,11000,12000,12000,12000,12000,12000,12000,806,0,2300.0,3119.9793490575726,86.87065995763987,12999.224221042823,1724.7977667493797
1785385719,12,TTFT,S1,0.200000,0.000000,100,100,1800,1800,1800,1800,1800,1800,1800,1800,1800,70,0,180.0,378.9318956601034,86.87065995763987,3460.998703027144,157.0
1785385719,12,total,S1,0.200000,0.000000,8000,8000,11000,11000,11000,11000,11000,11000,11000,11000,11000,70,0,3500.0,4330.586183427867,1225.9388089878485,11239.93583000265,256.0
1785385719,12,TTFT,S2,0.500000,0.000000,300,320,2000,2000,3500,3500,3500,3500,3500,3500,3500,228,0,250.0,634.2220514989253,132.84717197529972,3570.3616269747727,1153.0
1785385719,12,total,S2,0.500000,0.000000,8200,11000,11000,11000,11000,11000,11000,11000,11000,11000,11000,228,0,3400.0,4127.005460678208,1273.4447169932537,12222.958281985484,256.0
1785385719,12,TTFT,S3,0.500000,0.000000,3500,3700,5400,5400,5700,5700,5700,5700,5700,5700,5700,105,0,2400.0,3193.6523311810256,2292.0104970107786,7215.277819021139,9649.0
1785385719,12,total,S3,0.500000,0.000000,11000,12000,12000,12000,12000,12000,12000,12000,12000,12000,12000,105,0,6400.0,7277.559259560491,3469.237338984385,12999.224221042823,256.0
1785385719,12,,Aggregated,2.400000,0.000000,5400,8200,11000,11000,11000,12000,12000,12000,12000,12000,12000,806,0,2300.0,3119.9793490575726,86.87065995763987,12999.224221042823,1724.7977667493797
1785385720,12,TTFT,S1,0.200000,0.000000,100,100,1800,1800,1800,1800,1800,1800,1800,1800,1800,70,0,180.0,378.9318956601034,86.87065995763987,3460.998703027144,157.0
1785385720,12,total,S1,0.200000,0.000000,8000,8000,11000,11000,11000,11000,11000,11000,11000,11000,11000,70,0,3500.0,4330.586183427867,1225.9388089878485,11239.93583000265,256.0
1785385720,12,TTFT,S2,0.500000,0.000000,300,320,2000,2000,3500,3500,3500,3500,3500,3500,3500,228,0,250.0,634.2220514989253,132.84717197529972,3570.3616269747727,1153.0
1785385720,12,total,S2,0.500000,0.000000,8200,11000,11000,11000,11000,11000,11000,11000,11000,11000,11000,228,0,3400.0,4127.005460678208,1273.4447169932537,12222.958281985484,256.0
1785385720,12,TTFT,S3,0.500000,0.000000,3700,5400,5400,5700,5700,5700,5700,5700,5700,5700,5700,105,0,2400.0,3193.6523311810256,2292.0104970107786,7215.277819021139,9649.0
1785385720,12,total,S3,0.500000,0.000000,11000,12000,12000,12000,12000,12000,12000,12000,12000,12000,12000,105,0,6400.0,7277.559259560491,3469.237338984385,12999.224221042823,256.0
1785385720,12,,Aggregated,2.400000,0.000000,5400,8200,8800,11000,11000,12000,12000,12000,12000,12000,12000,806,0,2300.0,3119.9793490575726,86.87065995763987,12999.224221042823,1724.7977667493797
1785385721,12,TTFT,S1,0.200000,0.000000,100,100,100,100,100,100,100,100,100,100,100,70,0,180.0,378.9318956601034,86.87065995763987,3460.998703027144,157.0
1785385721,12,total,S1,0.200000,0.000000,8000,8000,8000,8000,8000,8000,8000,8000,8000,8000,8000,70,0,3500.0,4330.586183427867,1225.9388089878485,11239.93583000265,256.0
1785385721,12,TTFT,S2,0.700000,0.000000,1900,1900,2000,2000,3500,3500,3500,3500,3500,3500,3500,231,0,250.0,651.343779016016,132.84717197529972,3570.3616269747727,1153.0
1785385721,12,total,S2,0.700000,0.000000,8200,8200,11000,11000,11000,11000,11000,11000,11000,11000,11000,231,0,3400.0,4177.963574106243,1273.4447169932537,12222.958281985484,256.0
1785385721,12,TTFT,S3,0.500000,0.000000,3700,3700,5400,5400,5700,5700,5700,5700,5700,5700,5700,106,0,2400.0,3187.5754065662272,2292.0104970107786,7215.277819021139,9649.0
1785385721,12,total,S3,0.500000,0.000000,11000,11000,12000,12000,12000,12000,12000,12000,12000,12000,12000,106,0,6400.0,7290.9544683193335,3469.237338984385,12999.224221042823,256.0
1785385721,12,,Aggregated,2.800000,0.000000,5400,8000,8300,8700,11000,12000,12000,12000,12000,12000,12000,814,0,2300.0,3140.0005292939422,86.87065995763987,12999.224221042823,1725.2076167076168
1785385722,12,TTFT,S1,0.200000,0.000000,100,100,100,100,100,100,100,100,100,100,100,70,0,180.0,378.9318956601034,86.87065995763987,3460.998703027144,157.0
1785385722,12,total,S1,0.200000,0.000000,8000,8000,8000,8000,8000,8000,8000,8000,8000,8000,8000,70,0,3500.0,4330.586183427867,1225.9388089878485,11239.93583000265,256.0
1785385722,12,TTFT,S2,0.700000,0.000000,320,1900,2000,2000,2000,3500,3500,3500,3500,3500,3500,232,0,250.0,649.3519361279925,132.84717197529972,3570.3616269747727,1153.0
1785385722,12,total,S2,0.700000,0.000000,8100,8200,11000,11000,11000,11000,11000,11000,11000,11000,11000,232,0,3400.0,4187.381088929121,1273.4447169932537,12222.958281985484,256.0
1785385722,12,TTFT,S3,0.500000,0.000000,3700,3700,5400,5400,5700,5700,5700,5700,5700,5700,5700,106,0,2400.0,3187.5754065662272,2292.0104970107786,7215.277819021139,9649.0
1785385722,12,total,S3,0.500000,0.000000,11000,11000,12000,12000,12000,12000,12000,12000,12000,12000,12000,106,0,6400.0,7290.9544683193335,3469.237338984385,12999.224221042823,256.0
1785385722,12,,Aggregated,2.800000,0.000000,5400,8000,8200,8200,8800,12000,12000,12000,12000,12000,12000,816,0,2300.0,3140.333938832448,86.87065995763987,12999.224221042823,1722.7058823529412
1785385723,12,TTFT,S1,0.200000,0.000000,100,100,100,100,100,100,100,100,100,100,100,70,0,180.0,378.9318956601034,86.87065995763987,3460.998703027144,157.0
1785385723,12,total,S1,0.200000,0.000000,8000,8000,8000,8000,8000,8000,8000,8000,8000,8000,8000,70,0,3500.0,4330.586183427867,1225.9388089878485,11239.93583000265,256.0
1785385723,12,TTFT,S2,0.700000,0.000000,320,1900,2000,2000,2000,3500,3500,3500,3500,3500,3500,232,0,250.0,649.3519361279925,132.84717197529972,3570.3616269747727,1153.0
1785385723,12,total,S2,0.700000,0.000000,8100,8200,11000,11000,11000,11000,11000,11000,11000,11000,11000,232,0,3400.0,4187.381088929121,1273.4447169932537,12222.958281985484,256.0
1785385723,12,TTFT,S3,0.500000,0.000000,3700,3700,5400,5400,5700,5700,5700,5700,5700,5700,5700,106,0,2400.0,3187.5754065662272,2292.0104970107786,7215.277819021139,9649.0
1785385723,12,total,S3,0.500000,0.000000,11000,11000,12000,12000,12000,12000,12000,12000,12000,12000,12000,106,0,6400.0,7290.9544683193335,3469.237338984385,12999.224221042823,256.0
1785385723,12,,Aggregated,2.800000,0.000000,5400,8000,8200,8200,8800,12000,12000,12000,12000,12000,12000,816,0,2300.0,3140.333938832448,86.87065995763987,12999.224221042823,1722.7058823529412
1785385724,12,TTFT,S1,0.200000,0.000000,100,100,100,100,100,100,100,100,100,100,100,70,0,180.0,378.9318956601034,86.87065995763987,3460.998703027144,157.0
1785385724,12,total,S1,0.200000,0.000000,8000,8000,8000,8000,8000,8000,8000,8000,8000,8000,8000,70,0,3500.0,4330.586183427867,1225.9388089878485,11239.93583000265,256.0
1785385724,12,TTFT,S2,0.700000,0.000000,1900,2000,2000,2000,3500,3500,3500,3500,3500,3500,3500,232,0,250.0,649.3519361279925,132.84717197529972,3570.3616269747727,1153.0
1785385724,12,total,S2,0.700000,0.000000,8000,8100,8200,8200,8200,8200,8200,8200,8200,8200,8200,232,0,3400.0,4187.381088929121,1273.4447169932537,12222.958281985484,256.0
1785385724,12,TTFT,S3,0.500000,0.000000,2500,2500,3700,3700,3700,3700,3700,3700,3700,3700,3700,106,0,2400.0,3187.5754065662272,2292.0104970107786,7215.277819021139,9649.0
1785385724,12,total,S3,0.500000,0.000000,8700,8700,8800,8800,8800,8800,8800,8800,8800,8800,8800,106,0,6400.0,7290.9544683193335,3469.237338984385,12999.224221042823,256.0
1785385724,12,,Aggregated,2.800000,0.000000,4800,8000,8000,8100,8300,8700,8800,8800,8800,8800,8800,816,0,2300.0,3140.333938832448,86.87065995763987,12999.224221042823,1722.7058823529412
1785385725,12,TTFT,S1,0.200000,0.000000,100,100,100,100,100,100,100,100,100,100,100,70,0,180.0,378.9318956601034,86.87065995763987,3460.998703027144,157.0
1785385725,12,total,S1,0.200000,0.000000,8000,8000,8000,8000,8000,8000,8000,8000,8000,8000,8000,70,0,3500.0,4330.586183427867,1225.9388089878485,11239.93583000265,256.0
1785385725,12,TTFT,S2,0.700000,0.000000,1900,2000,2000,2000,3500,3500,3500,3500,3500,3500,3500,232,0,250.0,649.3519361279925,132.84717197529972,3570.3616269747727,1153.0
1785385725,12,total,S2,0.700000,0.000000,8000,8100,8200,8200,8200,8200,8200,8200,8200,8200,8200,232,0,3400.0,4187.381088929121,1273.4447169932537,12222.958281985484,256.0
1785385725,12,TTFT,S3,0.500000,0.000000,2500,2500,3700,3700,3700,3700,3700,3700,3700,3700,3700,106,0,2400.0,3187.5754065662272,2292.0104970107786,7215.277819021139,9649.0
1785385725,12,total,S3,0.500000,0.000000,8700,8700,8800,8800,8800,8800,8800,8800,8800,8800,8800,106,0,6400.0,7290.9544683193335,3469.237338984385,12999.224221042823,256.0
1785385725,12,,Aggregated,2.800000,0.000000,4800,8000,8100,8200,8300,8700,8800,8800,8800,8800,8800,816,0,2300.0,3140.333938832448,86.87065995763987,12999.224221042823,1722.7058823529412
1785385726,12,TTFT,S1,0.200000,0.000000,100,100,100,100,100,100,100,100,100,100,100,70,0,180.0,378.9318956601034,86.87065995763987,3460.998703027144,157.0
1785385726,12,total,S1,0.200000,0.000000,8000,8000,8000,8000,8000,8000,8000,8000,8000,8000,8000,70,0,3500.0,4330.586183427867,1225.9388089878485,11239.93583000265,256.0
1785385726,12,TTFT,S2,0.700000,0.000000,1900,1900,1900,1900,2000,2000,2000,2000,2000,2000,2000,232,0,250.0,649.3519361279925,132.84717197529972,3570.3616269747727,1153.0
1785385726,12,total,S2,0.700000,0.000000,8000,8000,8000,8000,8100,8100,8100,8100,8100,8100,8100,232,0,3400.0,4187.381088929121,1273.4447169932537,12222.958281985484,256.0
1785385726,12,TTFT,S3,0.500000,0.000000,2500,2500,3700,3700,3700,3700,3700,3700,3700,3700,3700,106,0,2400.0,3187.5754065662272,2292.0104970107786,7215.277819021139,9649.0
1785385726,12,total,S3,0.500000,0.000000,8700,8700,8800,8800,8800,8800,8800,8800,8800,8800,8800,106,0,6400.0,7290.9544683193335,3469.237338984385,12999.224221042823,256.0
1785385726,12,,Aggregated,2.800000,0.000000,4800,6400,8000,8000,8100,8700,8700,8700,8700,8700,8700,816,0,2300.0,3140.333938832448,86.87065995763987,12999.224221042823,1722.7058823529412
1785385727,12,TTFT,S1,0.200000,0.000000,100,100,100,100,100,100,100,100,100,100,100,70,0,180.0,378.9318956601034,86.87065995763987,3460.998703027144,157.0
1785385727,12,total,S1,0.200000,0.000000,8000,8000,8000,8000,8000,8000,8000,8000,8000,8000,8000,70,0,3500.0,4330.586183427867,1225.9388089878485,11239.93583000265,256.0
1785385727,12,TTFT,S2,0.700000,0.000000,1900,1900,1900,1900,2000,2000,2000,2000,2000,2000,2000,232,0,250.0,649.3519361279925,132.84717197529972,3570.3616269747727,1153.0
1785385727,12,total,S2,0.700000,0.000000,8000,8000,8000,8000,8100,8100,8100,8100,8100,8100,8100,232,0,3400.0,4187.381088929121,1273.4447169932537,12222.958281985484,256.0
1785385727,12,TTFT,S3,0.500000,0.000000,2500,2500,3700,3700,3700,3700,3700,3700,3700,3700,3700,106,0,2400.0,3187.5754065662272,2292.0104970107786,7215.277819021139,9649.0
1785385727,12,total,S3,0.500000,0.000000,8700,8700,8800,8800,8800,8800,8800,8800,8800,8800,8800,106,0,6400.0,7290.9544683193335,3469.237338984385,12999.224221042823,256.0
1785385727,12,,Aggregated,2.800000,0.000000,4800,6400,8000,8000,8100,8700,8700,8700,8700,8700,8700,816,0,2300.0,3140.333938832448,86.87065995763987,12999.224221042823,1722.7058823529412
1785385728,12,TTFT,S1,0.100000,0.000000,100,100,100,100,100,100,100,100,100,100,100,70,0,180.0,378.9318956601034,86.87065995763987,3460.998703027144,157.0
1785385728,12,total,S1,0.100000,0.000000,8000,8000,8000,8000,8000,8000,8000,8000,8000,8000,8000,70,0,3500.0,4330.586183427867,1225.9388089878485,11239.93583000265,256.0
1785385728,12,TTFT,S2,0.800000,0.000000,280,280,1900,1900,2000,2000,2000,2000,2000,2000,2000,235,0,250.0,644.1964290454052,132.84717197529972,3570.3616269747727,1153.0
1785385728,12,total,S2,0.800000,0.000000,8000,8100,11000,11000,11000,11000,11000,11000,11000,11000,11000,235,0,3400.0,4277.851184951191,1273.4447169932537,12222.958281985484,256.0
1785385728,12,TTFT,S3,0.300000,0.000000,2500,2500,2500,2500,2500,2500,2500,2500,2500,2500,2500,106,0,2400.0,3187.5754065662272,2292.0104970107786,7215.277819021139,9649.0
1785385728,12,total,S3,0.300000,0.000000,8700,8700,8700,8700,8700,8700,8700,8700,8700,8700,8700,106,0,6400.0,7290.9544683193335,3469.237338984385,12999.224221042823,256.0
1785385728,12,,Aggregated,2.400000,0.000000,4800,8000,8100,8700,11000,11000,11000,11000,11000,11000,11000,822,0,2300.0,3159.4545274491816,86.87065995763987,12999.224221042823,1715.2737226277372
1785385729,12,TTFT,S1,0.100000,0.000000,100,100,100,100,100,100,100,100,100,100,100,70,0,180.0,378.9318956601034,86.87065995763987,3460.998703027144,157.0
1785385729,12,total,S1,0.100000,0.000000,8000,8000,8000,8000,8000,8000,8000,8000,8000,8000,8000,70,0,3500.0,4330.586183427867,1225.9388089878485,11239.93583000265,256.0
1785385729,12,TTFT,S2,0.800000,0.000000,280,1900,1900,1900,2000,2000,2000,2000,2000,2000,2000,235,0,250.0,644.1964290454052,132.84717197529972,3570.3616269747727,1153.0
1785385729,12,total,S2,0.800000,0.000000,8100,11000,11000,11000,11000,11000,11000,11000,11000,11000,11000,235,0,3400.0,4277.851184951191,1273.4447169932537,12222.958281985484,256.0
1785385729,12,TTFT,S3,0.300000,0.000000,2500,2500,2500,2500,2500,2500,2500,2500,2500,2500,2500,106,0,2400.0,3187.5754065662272,2292.0104970107786,7215.277819021139,9649.0
1785385729,12,total,S3,0.300000,0.000000,8700,8700,8700,8700,8700,8700,8700,8700,8700,8700,8700,106,0,6400.0,7290.9544683193335,3469.237338984385,12999.224221042823,256.0
1785385729,12,,Aggregated,2.400000,0.000000,6400,8000,8700,8700,11000,11000,11000,11000,11000,11000,11000,822,0,2300.0,3159.4545274491816,86.87065995763987,12999.224221042823,1715.2737226277372
1785385730,12,TTFT,S1,0.000000,0.000000,100,100,100,100,100,100,100,100,100,100,100,70,0,180.0,378.9318956601034,86.87065995763987,3460.998703027144,157.0
1785385730,12,total,S1,0.000000,0.000000,8000,8000,8000,8000,8000,8000,8000,8000,8000,8000,8000,70,0,3500.0,4330.586183427867,1225.9388089878485,11239.93583000265,256.0
1785385730,12,TTFT,S2,0.600000,0.000000,1900,1900,2000,3500,3500,3500,3500,3500,3500,3500,3500,237,0,250.0,668.267998635869,132.84717197529972,3570.3616269747727,1153.0
1785385730,12,total,S2,0.600000,0.000000,11000,11000,11000,13000,13000,13000,13000,13000,13000,13000,13000,237,0,3500.0,4350.9347013314255,1273.4447169932537,12942.5411800039,256.0
1785385730,12,TTFT,S3,0.100000,0.000000,2600,2600,4300,4300,4300,4300,4300,4300,4300,4300,4300,108,0,2500.0,3192.1181000647334,2292.0104970107786,7215.277819021139,9649.0
1785385730,12,total,S3,0.100000,0.000000,14000,14000,14000,14000,14000,14000,14000,14000,14000,14000,14000,108,0,6400.0,7407.170722794642,3469.237338984385,13566.734095977154,256.0
1785385730,12,,Aggregated,1.400000,0.000000,6400,8100,11000,11000,13000,14000,14000,14000,14000,14000,14000,830,0,2300.0,3209.5668654183364,86.87065995763987,13566.734095977154,1726.0036144578314
1785385731,12,TTFT,S1,0.000000,0.000000,100,100,100,100,100,100,100,100,100,100,100,70,0,180.0,378.9318956601034,86.87065995763987,3460.998703027144,157.0
1785385731,12,total,S1,0.000000,0.000000,8000,8000,8000,8000,8000,8000,8000,8000,8000,8000,8000,70,0,3500.0,4330.586183427867,1225.9388089878485,11239.93583000265,256.0
1785385731,12,TTFT,S2,0.600000,0.000000,280,1900,2000,2000,3500,3500,3500,3500,3500,3500,3500,239,0,250.0,664.8717522494511,132.84717197529972,3570.3616269747727,1153.0
1785385731,12,total,S2,0.600000,0.000000,9600,11000,11000,11000,13000,13000,13000,13000,13000,13000,13000,239,0,3500.0,4394.5876848306725,1273.4447169932537,12942.5411800039,256.0
1785385731,12,TTFT,S3,0.100000,0.000000,2600,2600,4300,4300,4300,4300,4300,4300,4300,4300,4300,108,0,2500.0,3192.1181000647334,2292.0104970107786,7215.277819021139,9649.0
1785385731,12,total,S3,0.100000,0.000000,14000,14000,14000,14000,14000,14000,14000,14000,14000,14000,14000,108,0,6400.0,7407.170722794642,3469.237338984385,13566.734095977154,256.0
1785385731,12,,Aggregated,1.400000,0.000000,6400,8700,11000,11000,13000,14000,14000,14000,14000,14000,14000,834,0,2300.0,3217.746119744748,86.87065995763987,13566.734095977154,1721.1043165467627
1785385732,12,TTFT,S1,0.000000,0.000000,100,100,100,100,100,100,100,100,100,100,100,70,0,180.0,378.9318956601034,86.87065995763987,3460.998703027144,157.0
1785385732,12,total,S1,0.000000,0.000000,8000,8000,8000,8000,8000,8000,8000,8000,8000,8000,8000,70,0,3500.0,4330.586183427867,1225.9388089878485,11239.93583000265,256.0
1785385732,12,TTFT,S2,0.600000,0.000000,280,1900,2000,2000,3500,3500,3500,3500,3500,3500,3500,239,0,250.0,664.8717522494511,132.84717197529972,3570.3616269747727,1153.0
1785385732,12,total,S2,0.600000,0.000000,9600,11000,11000,11000,13000,13000,13000,13000,13000,13000,13000,239,0,3500.0,4394.5876848306725,1273.4447169932537,12942.5411800039,256.0
1785385732,12,TTFT,S3,0.100000,0.000000,2600,2600,4300,4300,4300,4300,4300,4300,4300,4300,4300,108,0,2500.0,3192.1181000647334,2292.0104970107786,7215.277819021139,9649.0
1785385732,12,total,S3,0.100000,0.000000,14000,14000,14000,14000,14000,14000,14000,14000,14000,14000,14000,108,0,6400.0,7407.170722794642,3469.237338984385,13566.734095977154,256.0
1785385732,12,,Aggregated,1.400000,0.000000,6400,8700,11000,11000,13000,14000,14000,14000,14000,14000,14000,834,0,2300.0,3217.746119744748,86.87065995763987,13566.734095977154,1721.1043165467627
1785385733,12,TTFT,S1,0.000000,0.000000,100,100,100,100,100,100,100,100,100,100,100,70,0,180.0,378.9318956601034,86.87065995763987,3460.998703027144,157.0
1785385733,12,total,S1,0.000000,0.000000,8000,8000,8000,8000,8000,8000,8000,8000,8000,8000,8000,70,0,3500.0,4330.586183427867,1225.9388089878485,11239.93583000265,256.0
1785385733,12,TTFT,S2,0.600000,0.000000,280,1900,2000,2000,3500,3500,3500,3500,3500,3500,3500,239,0,250.0,664.8717522494511,132.84717197529972,3570.3616269747727,1153.0
1785385733,12,total,S2,0.600000,0.000000,9600,11000,11000,11000,13000,13000,13000,13000,13000,13000,13000,239,0,3500.0,4394.5876848306725,1273.4447169932537,12942.5411800039,256.0
1785385733,12,TTFT,S3,0.100000,0.000000,2600,2600,4300,4300,4300,4300,4300,4300,4300,4300,4300,108,0,2500.0,3192.1181000647334,2292.0104970107786,7215.277819021139,9649.0
1785385733,12,total,S3,0.100000,0.000000,14000,14000,14000,14000,14000,14000,14000,14000,14000,14000,14000,108,0,6400.0,7407.170722794642,3469.237338984385,13566.734095977154,256.0
1785385733,12,,Aggregated,1.400000,0.000000,6400,8700,11000,11000,13000,14000,14000,14000,14000,14000,14000,834,0,2300.0,3217.746119744748,86.87065995763987,13566.734095977154,1721.1043165467627
1785385734,12,TTFT,S1,0.000000,0.000000,0,0,0,0,0,0,0,0,0,0,0,70,0,180.0,378.9318956601034,86.87065995763987,3460.998703027144,157.0
1785385734,12,total,S1,0.000000,0.000000,0,0,0,0,0,0,0,0,0,0,0,70,0,3500.0,4330.586183427867,1225.9388089878485,11239.93583000265,256.0
1785385734,12,TTFT,S2,0.600000,0.000000,280,280,3500,3500,3500,3500,3500,3500,3500,3500,3500,239,0,250.0,664.8717522494511,132.84717197529972,3570.3616269747727,1153.0
1785385734,12,total,S2,0.600000,0.000000,11000,11000,13000,13000,13000,13000,13000,13000,13000,13000,13000,239,0,3500.0,4394.5876848306725,1273.4447169932537,12942.5411800039,256.0
1785385734,12,TTFT,S3,0.100000,0.000000,2600,2600,4300,4300,4300,4300,4300,4300,4300,4300,4300,108,0,2500.0,3192.1181000647334,2292.0104970107786,7215.277819021139,9649.0
1785385734,12,total,S3,0.100000,0.000000,14000,14000,14000,14000,14000,14000,14000,14000,14000,14000,14000,108,0,6400.0,7407.170722794642,3469.237338984385,13566.734095977154,256.0
1785385734,12,,Aggregated,1.400000,0.000000,9600,11000,11000,13000,14000,14000,14000,14000,14000,14000,14000,834,0,2300.0,3217.746119744748,86.87065995763987,13566.734095977154,1721.1043165467627
1785385735,12,TTFT,S1,0.000000,0.000000,0,0,0,0,0,0,0,0,0,0,0,70,0,180.0,378.9318956601034,86.87065995763987,3460.998703027144,157.0
1785385735,12,total,S1,0.000000,0.000000,0,0,0,0,0,0,0,0,0,0,0,70,0,3500.0,4330.586183427867,1225.9388089878485,11239.93583000265,256.0
1785385735,12,TTFT,S2,0.600000,0.000000,280,280,3500,3500,3500,3500,3500,3500,3500,3500,3500,239,0,250.0,664.8717522494511,132.84717197529972,3570.3616269747727,1153.0
1785385735,12,total,S2,0.600000,0.000000,11000,11000,13000,13000,13000,13000,13000,13000,13000,13000,13000,239,0,3500.0,4394.5876848306725,1273.4447169932537,12942.5411800039,256.0
1785385735,12,TTFT,S3,0.100000,0.000000,4300,4300,4300,4300,4300,4300,4300,4300,4300,4300,4300,108,0,2500.0,3192.1181000647334,2292.0104970107786,7215.277819021139,9649.0
1785385735,12,total,S3,0.100000,0.000000,14000,14000,14000,14000,14000,14000,14000,14000,14000,14000,14000,108,0,6400.0,7407.170722794642,3469.237338984385,13566.734095977154,256.0
1785385735,12,,Aggregated,1.400000,0.000000,9600,11000,11000,13000,14000,14000,14000,14000,14000,14000,14000,834,0,2300.0,3217.746119744748,86.87065995763987,13566.734095977154,1721.1043165467627
1785385736,12,TTFT,S1,0.000000,0.000000,0,0,0,0,0,0,0,0,0,0,0,70,0,180.0,378.9318956601034,86.87065995763987,3460.998703027144,157.0
1785385736,12,total,S1,0.000000,0.000000,0,0,0,0,0,0,0,0,0,0,0,70,0,3500.0,4330.586183427867,1225.9388089878485,11239.93583000265,256.0
1785385736,12,TTFT,S2,0.600000,0.000000,280,280,3500,3500,3500,3500,3500,3500,3500,3500,3500,239,0,250.0,664.8717522494511,132.84717197529972,3570.3616269747727,1153.0
1785385736,12,total,S2,0.600000,0.000000,11000,11000,13000,13000,13000,13000,13000,13000,13000,13000,13000,239,0,3500.0,4394.5876848306725,1273.4447169932537,12942.5411800039,256.0
1785385736,12,TTFT,S3,0.100000,0.000000,4300,4300,4300,4300,4300,4300,4300,4300,4300,4300,4300,108,0,2500.0,3192.1181000647334,2292.0104970107786,7215.277819021139,9649.0
1785385736,12,total,S3,0.100000,0.000000,14000,14000,14000,14000,14000,14000,14000,14000,14000,14000,14000,108,0,6400.0,7407.170722794642,3469.237338984385,13566.734095977154,256.0
1785385736,12,,Aggregated,1.400000,0.000000,9600,11000,11000,13000,14000,14000,14000,14000,14000,14000,14000,834,0,2300.0,3217.746119744748,86.87065995763987,13566.734095977154,1721.1043165467627
1785385737,12,TTFT,S1,0.000000,0.000000,0,0,0,0,0,0,0,0,0,0,0,70,0,180.0,378.9318956601034,86.87065995763987,3460.998703027144,157.0
1785385737,12,total,S1,0.000000,0.000000,0,0,0,0,0,0,0,0,0,0,0,70,0,3500.0,4330.586183427867,1225.9388089878485,11239.93583000265,256.0
1785385737,12,TTFT,S2,0.700000,0.000000,280,3500,3500,3500,3500,3500,3500,3500,3500,3500,3500,239,0,250.0,664.8717522494511,132.84717197529972,3570.3616269747727,1153.0
1785385737,12,total,S2,0.700000,0.000000,11000,13000,13000,13000,13000,13000,13000,13000,13000,13000,13000,239,0,3500.0,4394.5876848306725,1273.4447169932537,12942.5411800039,256.0
1785385737,12,TTFT,S3,0.200000,0.000000,4300,5300,5300,5700,5700,5700,5700,5700,5700,5700,5700,111,0,2500.0,3226.7075694509076,2292.0104970107786,7215.277819021139,9649.0
1785385737,12,total,S3,0.200000,0.000000,15000,15000,15000,15000,15000,15000,15000,15000,15000,15000,15000,111,0,6800.0,7610.86673982733,3469.237338984385,15106.405714002904,256.0
1785385737,12,,Aggregated,1.800000,0.000000,9600,13000,14000,14000,15000,15000,15000,15000,15000,15000,15000,840,0,2300.0,3264.104546819276,86.87065995763987,15106.405714002904,1744.1857142857143
1785385738,12,TTFT,S1,0.000000,0.000000,1800,1800,1800,1800,1800,1800,1800,1800,1800,1800,1800,72,0,180.0,396.7174906138098,86.87065995763987,3460.998703027144,157.0
1785385738,12,total,S1,0.000000,0.000000,9600,9600,9600,9600,9600,9600,9600,9600,9600,9600,9600,72,0,3500.0,4455.8714893185725,1225.9388089878485,11239.93583000265,256.0
1785385738,12,TTFT,S2,0.700000,0.000000,280,1800,3500,3500,3500,3500,3500,3500,3500,3500,3500,241,0,250.0,667.7786971892122,132.84717197529972,3570.3616269747727,1153.0
1785385738,12,total,S2,0.700000,0.000000,9600,11000,13000,13000,13000,13000,13000,13000,13000,13000,13000,241,0,3500.0,4431.50153642528,1273.4447169932537,12942.5411800039,256.0
1785385738,12,TTFT,S3,0.200000,0.000000,4300,4300,5300,5300,5700,5700,5700,5700,5700,5700,5700,112,0,2500.0,3219.758130991457,2292.0104970107786,7215.277819021139,9649.0
1785385738,12,total,S3,0.200000,0.000000,15000,15000,15000,15000,15000,15000,15000,15000,15000,15000,15000,112,0,6800.0,7634.468567694837,3469.237338984385,15106.405714002904,256.0
1785385738,12,,Aggregated,1.800000,0.000000,8000,9600,11000,13000,15000,15000,15000,15000,15000,15000,15000,850,0,2300.0,3287.0427448342225,86.87065995763987,15106.405714002904,1739.605882352941
1785385739,12,TTFT,S1,0.000000,0.000000,1800,1800,3400,3400,3400,3400,3400,3400,3400,3400,3400,73,0,190.0,437.93409989272845,86.87065995763987,3460.998703027144,157.0
1785385739,12,total,S1,0.000000,0.000000,8200,8200,9600,9600,9600,9600,9600,9600,9600,9600,9600,73,0,3500.0,4507.098268793277,1225.9388089878485,11239.93583000265,256.0
1785385739,12,TTFT,S2,0.700000,0.000000,1800,1800,3500,3500,3500,3500,3500,3500,3500,3500,3500,241,0,250.0,667.7786971892122,132.84717197529972,3570.3616269747727,1153.0
1785385739,12,total,S2,0.700000,0.000000,9600,9600,13000,13000,13000,13000,13000,13000,13000,13000,13000,241,0,3500.0,4431.50153642528,1273.4447169932537,12942.5411800039,256.0
1785385739,12,TTFT,S3,0.500000,0.000000,4300,5300,5300,5600,5700,5700,5700,5700,5700,5700,5700,115,0,2500.0,3251.598688122391,2292.0104970107786,7215.277819021139,9649.0
1785385739,12,total,S3,0.500000,0.000000,14000,14000,15000,15000,15000,15000,15000,15000,15000,15000,15000,115,0,8000.0,7659.458107180873,3469.237338984385,15106.405714002904,256.0
1785385739,12,,Aggregated,2.400000,0.000000,8000,8800,9600,10000,14000,15000,15000,15000,15000,15000,15000,858,0,2300.0,3315.484184935952,86.87065995763987,15106.405714002904,1758.5
1785385740,12,TTFT,S1,0.000000,0.000000,1800,1800,3400,3400,3400,3400,3400,3400,3400,3400,3400,74,0,190.0,434.7535009618622,86.87065995763987,3460.998703027144,157.0
1785385740,12,total,S1,0.000000,0.000000,8200,8200,9600,9600,9600,9600,9600,9600,9600,9600,9600,74,0,3500.0,4488.819764201794,1225.9388089878485,11239.93583000265,256.0
1785385740,12,TTFT,S2,0.700000,0.000000,280,1800,3500,3500,3500,3500,3500,3500,3500,3500,3500,243,0,250.0,664.2233951217514,132.84717197529972,3570.3616269747727,1153.0
1785385740,12,total,S2,0.700000,0.000000,9600,9600,13000,13000,13000,13000,13000,13000,13000,13000,13000,243,0,3500.0,4420.569774212072,1273.4447169932537,12942.5411800039,256.0
1785385740,12,TTFT,S3,0.500000,0.000000,4300,5300,5300,5600,5700,5700,5700,5700,5700,5700,5700,115,0,2500.0,3251.598688122391,2292.0104970107786,7215.277819021139,9649.0
1785385740,12,total,S3,0.500000,0.000000,14000,14000,15000,15000,15000,15000,15000,15000,15000,15000,15000,115,0,8000.0,7659.458107180873,3469.237338984385,15106.405714002904,256.0
1785385740,12,,Aggregated,2.400000,0.000000,5300,8300,9600,9600,14000,15000,15000,15000,15000,15000,15000,864,0,2300.0,3304.074876423733,86.87065995763987,15106.405714002904,1750.0277777777778
1785385741,12,TTFT,S1,0.000000,0.000000,1800,1800,3400,3400,3400,3400,3400,3400,3400,3400,3400,74,0,190.0,434.7535009618622,86.87065995763987,3460.998703027144,157.0
1785385741,12,total,S1,0.000000,0.000000,8200,8200,9600,9600,9600,9600,9600,9600,9600,9600,9600,74,0,3500.0,4488.819764201794,1225.9388089878485,11239.93583000265,256.0
1785385741,12,TTFT,S2,0.700000,0.000000,280,1800,3500,3500,3500,3500,3500,3500,3500,3500,3500,243,0,250.0,664.2233951217514,132.84717197529972,3570.3616269747727,1153.0
1785385741,12,total,S2,0.700000,0.000000,9600,9600,13000,13000,13000,13000,13000,13000,13000,13000,13000,243,0,3500.0,4420.569774212072,1273.4447169932537,12942.5411800039,256.0
1785385741,12,TTFT,S3,0.500000,0.000000,4300,5300,5300,5600,5700,5700,5700,5700,5700,5700,5700,115,0,2500.0,3251.598688122391,2292.0104970107786,7215.277819021139,9649.0
1785385741,12,total,S3,0.500000,0.000000,14000,14000,15000,15000,15000,15000,15000,15000,15000,15000,15000,115,0,8000.0,7659.458107180873,3469.237338984385,15106.405714002904,256.0
1785385741,12,,Aggregated,2.400000,0.000000,5300,8300,9600,9600,14000,15000,15000,15000,15000,15000,15000,864,0,2300.0,3304.074876423733,86.87065995763987,15106.405714002904,1750.0277777777778
1785385742,12,TTFT,S1,0.400000,0.000000,230,1800,1800,3400,3400,3400,3400,3400,3400,3400,3400,75,0,190.0,432.00429120256257,86.87065995763987,3460.998703027144,157.0
1785385742,12,total,S1,0.400000,0.000000,8100,8200,8200,9600,9600,9600,9600,9600,9600,9600,9600,75,0,3500.0,4491.464734305628,1225.9388089878485,11239.93583000265,256.0
1785385742,12,TTFT,S2,0.800000,0.000000,270,280,1800,3500,3500,3500,3500,3500,3500,3500,3500,245,0,250.0,660.881802198306,132.84717197529972,3570.3616269747727,1153.0
1785385742,12,total,S2,0.800000,0.000000,9600,9600,9600,13000,13000,13000,13000,13000,13000,13000,13000,245,0,3500.0,4422.844815512463,1273.4447169932537,12942.5411800039,256.0
1785385742,12,TTFT,S3,0.900000,0.000000,4300,5300,5300,5600,5700,5700,5700,5700,5700,5700,5700,115,0,2500.0,3251.598688122391,2292.0104970107786,7215.277819021139,9649.0
1785385742,12,total,S3,0.900000,0.000000,14000,14000,15000,15000,15000,15000,15000,15000,15000,15000,15000,115,0,8000.0,7659.458107180873,3469.237338984385,15106.405714002904,256.0
1785385742,12,,Aggregated,4.200000,0.000000,4700,8100,9600,9600,14000,15000,15000,15000,15000,15000,15000,870,0,2300.0,3298.327275531182,86.87065995763987,15106.405714002904,1741.6724137931035
1785385743,12,TTFT,S1,0.400000,0.000000,230,230,1800,1800,3400,3400,3400,3400,3400,3400,3400,76,0,190.0,428.8234525815106,86.87065995763987,3460.998703027144,157.0
1785385743,12,total,S1,0.400000,0.000000,8100,8100,8200,8200,9600,9600,9600,9600,9600,9600,9600,76,0,3500.0,4493.270590248836,1225.9388089878485,11239.93583000265,256.0
1785385743,12,TTFT,S2,0.400000,0.000000,250,260,280,280,1800,1800,1800,1800,1800,1800,1800,246,0,250.0,658.9476854331712,132.84717197529972,3570.3616269747727,1153.0
1785385743,12,total,S2,0.400000,0.000000,4700,4700,8000,8000,9600,9600,9600,9600,9600,9600,9600,246,0,3500.0,4423.686293115871,1273.4447169932537,12942.5411800039,256.0
1785385743,12,TTFT,S3,0.700000,0.000000,5300,5300,5600,5600,5700,5700,5700,5700,5700,5700,5700,115,0,2500.0,3251.598688122391,2292.0104970107786,7215.277819021139,9649.0
1785385743,12,total,S3,0.700000,0.000000,10000,15000,15000,15000,15000,15000,15000,15000,15000,15000,15000,115,0,8000.0,7659.458107180873,3469.237338984385,15106.405714002904,256.0
1785385743,12,,Aggregated,3.000000,0.000000,4600,5600,8200,8700,10000,15000,15000,15000,15000,15000,15000,874,0,2300.0,3294.254733910808,86.87065995763987,15106.405714002904,1735.7860411899314
1785385744,12,TTFT,S1,0.400000,0.000000,230,230,1800,1800,3400,3400,3400,3400,3400,3400,3400,76,0,190.0,428.8234525815106,86.87065995763987,3460.998703027144,157.0
1785385744,12,total,S1,0.400000,0.000000,8100,8100,8200,8200,9600,9600,9600,9600,9600,9600,9600,76,0,3500.0,4493.270590248836,1225.9388089878485,11239.93583000265,256.0
1785385744,12,TTFT,S2,0.400000,0.000000,250,260,280,280,1800,1800,1800,1800,1800,1800,1800,246,0,250.0,658.9476854331712,132.84717197529972,3570.3616269747727,1153.0
1785385744,12,total,S2,0.400000,0.000000,4700,4700,8000,8000,9600,9600,9600,9600,9600,9600,9600,246,0,3500.0,4423.686293115871,1273.4447169932537,12942.5411800039,256.0
1785385744,12,TTFT,S3,0.700000,0.000000,5300,5300,5600,5600,5700,5700,5700,5700,5700,5700,5700,115,0,2500.0,3251.598688122391,2292.0104970107786,7215.277819021139,9649.0
1785385744,12,total,S3,0.700000,0.000000,10000,15000,15000,15000,15000,15000,15000,15000,15000,15000,15000,115,0,8000.0,7659.458107180873,3469.237338984385,15106.405714002904,256.0
1785385744,12,,Aggregated,3.000000,0.000000,4600,5600,8200,8700,10000,15000,15000,15000,15000,15000,15000,874,0,2300.0,3294.254733910808,86.87065995763987,15106.405714002904,1735.7860411899314
1785385745,12,TTFT,S1,0.500000,0.000000,220,230,1800,1800,3400,3400,3400,3400,3400,3400,3400,77,0,190.0,425.8677100939616,86.87065995763987,3460.998703027144,157.0
1785385745,12,total,S1,0.500000,0.000000,6200,8100,8200,8200,9600,9600,9600,9600,9600,9600,9600,77,0,3600.0,4515.779766505856,1225.9388089878485,11239.93583000265,256.0
1785385745,12,TTFT,S2,0.600000,0.000000,250,260,280,280,1800,1800,1800,1800,1800,1800,1800,247,0,250.0,657.1147394475437,132.84717197529972,3570.3616269747727,1153.0
1785385745,12,total,S2,0.600000,0.000000,4700,6300,8000,8000,9600,9600,9600,9600,9600,9600,9600,247,0,3500.0,4431.085574884639,1273.4447169932537,12942.5411800039,256.0
1785385745,12,TTFT,S3,0.700000,0.000000,5300,5300,5600,5600,5700,5700,5700,5700,5700,5700,5700,115,0,2500.0,3251.598688122391,2292.0104970107786,7215.277819021139,9649.0
1785385745,12,total,S3,0.700000,0.000000,10000,15000,15000,15000,15000,15000,15000,15000,15000,15000,15000,115,0,8000.0,7659.458107180873,3469.237338984385,15106.405714002904,256.0
1785385745,12,,Aggregated,3.600000,0.000000,4600,5700,8100,8300,9600,15000,15000,15000,15000,15000,15000,878,0,2300.0,3293.9223972643626,86.87065995763987,15106.405714002904,1729.9533029612755
1785385746,12,TTFT,S1,0.500000,0.000000,230,1800,2100,2100,3400,3400,3400,3400,3400,3400,3400,79,0,190.0,467.5271640910437,86.87065995763987,3460.998703027144,157.0
1785385746,12,total,S1,0.500000,0.000000,6400,6400,8100,8200,9600,9600,9600,9600,9600,9600,9600,79,0,3900.0,4563.433447594112,1225.9388089878485,11239.93583000265,256.0
1785385746,12,TTFT,S2,0.600000,0.000000,260,280,1800,2100,2500,2500,2500,2500,2500,2500,2500,249,0,250.0,670.0365252189252,132.84717197529972,3570.3616269747727,1153.0
1785385746,12,total,S2,0.600000,0.000000,6300,6400,6800,8000,9600,9600,9600,9600,9600,9600,9600,249,0,3500.0,4448.44512515477,1273.4447169932537,12942.5411800039,256.0
1785385746,12,TTFT,S3,0.700000,0.000000,2600,5300,5300,5600,5600,5600,5600,5600,5600,5600,5600,116,0,2500.0,3245.5597173624296,2292.0104970107786,7215.277819021139,9649.0
1785385746,12,total,S3,0.700000,0.000000,8700,8800,8800,10000,10000,10000,10000,10000,10000,10000,10000,116,0,7900.0,7652.731194161882,3469.237338984385,15106.405714002904,256.0
1785385746,12,,Aggregated,3.600000,0.000000,3400,5600,6400,6900,8700,9600,10000,10000,10000,10000,10000,888,0,2300.0,3306.474735363736,86.87065995763987,15106.405714002904,1725.7297297297298
1785385747,12,TTFT,S1,0.500000,0.000000,230,2100,2100,2100,3400,3400,3400,3400,3400,3400,3400,79,0,190.0,467.5271640910437,86.87065995763987,3460.998703027144,157.0
1785385747,12,total,S1,0.500000,0.000000,6400,6400,8100,8100,8200,8200,8200,8200,8200,8200,8200,79,0,3900.0,4563.433447594112,1225.9388089878485,11239.93583000265,256.0
1785385747,12,TTFT,S2,0.600000,0.000000,250,260,280,2100,2500,2500,2500,2500,2500,2500,2500,249,0,250.0,670.0365252189252,132.84717197529972,3570.3616269747727,1153.0
1785385747,12,total,S2,0.600000,0.000000,4700,6300,6400,6800,8000,8000,8000,8000,8000,8000,8000,249,0,3500.0,4448.44512515477,1273.4447169932537,12942.5411800039,256.0
1785385747,12,TTFT,S3,0.700000,0.000000,2600,5300,5300,5600,5600,5600,5600,5600,5600,5600,5600,116,0,2500.0,3245.5597173624296,2292.0104970107786,7215.277819021139,9649.0
1785385747,12,total,S3,0.700000,0.000000,8700,8800,8800,10000,10000,10000,10000,10000,10000,10000,10000,116,0,7900.0,7652.731194161882,3469.237338984385,15106.405714002904,256.0
1785385747,12,,Aggregated,3.600000,0.000000,3400,5300,6400,6400,8100,8300,8800,8800,8800,8800,8800,888,0,2300.0,3306.474735363736,86.87065995763987,15106.405714002904,1725.7297297297298
1785385748,12,TTFT,S1,0.500000,0.000000,230,2100,2100,2100,3400,3400,3400,3400,3400,3400,3400,79,0,190.0,467.5271640910437,86.87065995763987,3460.998703027144,157.0
1785385748,12,total,S1,0.500000,0.000000,6200,6400,6400,6400,8200,8200,8200,8200,8200,8200,8200,79,0,3900.0,4563.433447594112,1225.9388089878485,11239.93583000265,256.0
1785385748,12,TTFT,S2,0.600000,0.000000,260,280,2100,2100,2500,2500,2500,2500,2500,2500,2500,249,0,250.0,670.0365252189252,132.84717197529972,3570.3616269747727,1153.0
1785385748,12,total,S2,0.600000,0.000000,4700,6300,6400,6400,6800,6800,6800,6800,6800,6800,6800,249,0,3500.0,4448.44512515477,1273.4447169932537,12942.5411800039,256.0
1785385748,12,TTFT,S3,0.700000,0.000000,5300,5300,5600,5600,5600,5600,5600,5600,5600,5600,5600,116,0,2500.0,3245.5597173624296,2292.0104970107786,7215.277819021139,9649.0
1785385748,12,total,S3,0.700000,0.000000,8700,8700,8800,8800,8800,8800,8800,8800,8800,8800,8800,116,0,7900.0,7652.731194161882,3469.237338984385,15106.405714002904,256.0
1785385748,12,,Aggregated,3.600000,0.000000,3400,5300,6300,6400,8200,8700,8800,8800,8800,8800,8800,888,0,2300.0,3306.474735363736,86.87065995763987,15106.405714002904,1725.7297297297298
1785385749,12,TTFT,S1,0.500000,0.000000,230,2100,2100,2100,3400,3400,3400,3400,3400,3400,3400,79,0,190.0,467.5271640910437,86.87065995763987,3460.998703027144,157.0
1785385749,12,total,S1,0.500000,0.000000,6200,6400,6400,6400,8200,8200,8200,8200,8200,8200,8200,79,0,3900.0,4563.433447594112,1225.9388089878485,11239.93583000265,256.0
1785385749,12,TTFT,S2,0.600000,0.000000,260,280,2100,2100,2500,2500,2500,2500,2500,2500,2500,249,0,250.0,670.0365252189252,132.84717197529972,3570.3616269747727,1153.0
1785385749,12,total,S2,0.600000,0.000000,4700,6300,6400,6400,6800,6800,6800,6800,6800,6800,6800,249,0,3500.0,4448.44512515477,1273.4447169932537,12942.5411800039,256.0
1785385749,12,TTFT,S3,0.700000,0.000000,5300,5300,5600,5600,5600,5600,5600,5600,5600,5600,5600,116,0,2500.0,3245.5597173624296,2292.0104970107786,7215.277819021139,9649.0
1785385749,12,total,S3,0.700000,0.000000,8700,8700,8800,8800,8800,8800,8800,8800,8800,8800,8800,116,0,7900.0,7652.731194161882,3469.237338984385,15106.405714002904,256.0
1785385749,12,,Aggregated,3.600000,0.000000,3400,5300,6300,6400,8200,8700,8800,8800,8800,8800,8800,888,0,2300.0,3306.474735363736,86.87065995763987,15106.405714002904,1725.7297297297298
1785385750,16,TTFT,S1,0.500000,0.000000,230,2100,2100,2100,2100,2100,2100,2100,2100,2100,2100,79,0,190.0,467.5271640910437,86.87065995763987,3460.998703027144,157.0
1785385750,16,total,S1,0.500000,0.000000,6200,6400,6400,6400,6400,6400,6400,6400,6400,6400,6400,79,0,3900.0,4563.433447594112,1225.9388089878485,11239.93583000265,256.0
1785385750,16,TTFT,S2,0.600000,0.000000,260,260,2100,2100,2500,2500,2500,2500,2500,2500,2500,249,0,250.0,670.0365252189252,132.84717197529972,3570.3616269747727,1153.0
1785385750,16,total,S2,0.600000,0.000000,6300,6300,6400,6400,6800,6800,6800,6800,6800,6800,6800,249,0,3500.0,4448.44512515477,1273.4447169932537,12942.5411800039,256.0
1785385750,16,TTFT,S3,0.700000,0.000000,5300,5300,5600,5600,5600,5600,5600,5600,5600,5600,5600,116,0,2500.0,3245.5597173624296,2292.0104970107786,7215.277819021139,9649.0
1785385750,16,total,S3,0.700000,0.000000,8700,8700,8800,8800,8800,8800,8800,8800,8800,8800,8800,116,0,7900.0,7652.731194161882,3469.237338984385,15106.405714002904,256.0
1785385750,16,,Aggregated,3.600000,0.000000,4600,4700,6300,6400,6400,6800,6900,6900,6900,6900,6900,888,0,2300.0,3306.474735363736,86.87065995763987,15106.405714002904,1725.7297297297298
1785385751,16,TTFT,S1,0.500000,0.000000,230,2100,2100,2100,2100,2100,2100,2100,2100,2100,2100,79,0,190.0,467.5271640910437,86.87065995763987,3460.998703027144,157.0
1785385751,16,total,S1,0.500000,0.000000,6200,6400,6400,6400,6400,6400,6400,6400,6400,6400,6400,79,0,3900.0,4563.433447594112,1225.9388089878485,11239.93583000265,256.0
1785385751,16,TTFT,S2,0.600000,0.000000,260,260,2100,2100,2500,2500,2500,2500,2500,2500,2500,249,0,250.0,670.0365252189252,132.84717197529972,3570.3616269747727,1153.0
1785385751,16,total,S2,0.600000,0.000000,6300,6300,6400,6400,6800,6800,6800,6800,6800,6800,6800,249,0,3500.0,4448.44512515477,1273.4447169932537,12942.5411800039,256.0
1785385751,16,TTFT,S3,0.700000,0.000000,5300,5300,5600,5600,5600,5600,5600,5600,5600,5600,5600,116,0,2500.0,3245.5597173624296,2292.0104970107786,7215.277819021139,9649.0
1785385751,16,total,S3,0.700000,0.000000,8700,8700,8800,8800,8800,8800,8800,8800,8800,8800,8800,116,0,7900.0,7652.731194161882,3469.237338984385,15106.405714002904,256.0
1785385751,16,,Aggregated,3.600000,0.000000,4600,4700,6300,6400,6400,6800,6900,6900,6900,6900,6900,888,0,2300.0,3306.474735363736,86.87065995763987,15106.405714002904,1725.7297297297298
1785385752,16,TTFT,S1,0.500000,0.000000,2100,2100,2100,2100,2100,2100,2100,2100,2100,2100,2100,79,0,190.0,467.5271640910437,86.87065995763987,3460.998703027144,157.0
1785385752,16,total,S1,0.500000,0.000000,6400,6400,6400,6400,6400,6400,6400,6400,6400,6400,6400,79,0,3900.0,4563.433447594112,1225.9388089878485,11239.93583000265,256.0
1785385752,16,TTFT,S2,0.600000,0.000000,2100,2100,2500,2500,2500,2500,2500,2500,2500,2500,2500,249,0,250.0,670.0365252189252,132.84717197529972,3570.3616269747727,1153.0
1785385752,16,total,S2,0.600000,0.000000,6400,6400,6800,6800,6800,6800,6800,6800,6800,6800,6800,249,0,3500.0,4448.44512515477,1273.4447169932537,12942.5411800039,256.0
1785385752,16,TTFT,S3,0.700000,0.000000,2600,2600,2600,2600,2600,2600,2600,2600,2600,2600,2600,116,0,2500.0,3245.5597173624296,2292.0104970107786,7215.277819021139,9649.0
1785385752,16,total,S3,0.700000,0.000000,6900,6900,6900,6900,6900,6900,6900,6900,6900,6900,6900,116,0,7900.0,7652.731194161882,3469.237338984385,15106.405714002904,256.0
1785385752,16,,Aggregated,3.600000,0.000000,4600,6200,6400,6400,6800,6900,6900,6900,6900,6900,6900,888,0,2300.0,3306.474735363736,86.87065995763987,15106.405714002904,1725.7297297297298
1785385753,16,TTFT,S1,0.500000,0.000000,2100,2100,2100,2100,2100,2100,2100,2100,2100,2100,2100,79,0,190.0,467.5271640910437,86.87065995763987,3460.998703027144,157.0
1785385753,16,total,S1,0.500000,0.000000,6400,6400,6400,6400,6400,6400,6400,6400,6400,6400,6400,79,0,3900.0,4563.433447594112,1225.9388089878485,11239.93583000265,256.0
1785385753,16,TTFT,S2,0.600000,0.000000,2100,2100,2500,2500,2500,2500,2500,2500,2500,2500,2500,249,0,250.0,670.0365252189252,132.84717197529972,3570.3616269747727,1153.0
1785385753,16,total,S2,0.600000,0.000000,6400,6400,6800,6800,6800,6800,6800,6800,6800,6800,6800,249,0,3500.0,4448.44512515477,1273.4447169932537,12942.5411800039,256.0
1785385753,16,TTFT,S3,0.700000,0.000000,2600,2600,2600,2600,2600,2600,2600,2600,2600,2600,2600,116,0,2500.0,3245.5597173624296,2292.0104970107786,7215.277819021139,9649.0
1785385753,16,total,S3,0.700000,0.000000,6900,6900,6900,6900,6900,6900,6900,6900,6900,6900,6900,116,0,7900.0,7652.731194161882,3469.237338984385,15106.405714002904,256.0
1785385753,16,,Aggregated,3.600000,0.000000,4600,6200,6400,6400,6800,6900,6900,6900,6900,6900,6900,888,0,2300.0,3306.474735363736,86.87065995763987,15106.405714002904,1725.7297297297298
1785385754,16,TTFT,S1,0.500000,0.000000,2100,2100,2100,2100,2100,2100,2100,2100,2100,2100,2100,80,0,190.0,484.77653324007406,86.87065995763987,3460.998703027144,157.0
1785385754,16,total,S1,0.500000,0.000000,6400,6400,11000,11000,11000,11000,11000,11000,11000,11000,11000,80,0,3900.0,4646.774797287071,1225.9388089878485,11239.93583000265,256.0
1785385754,16,TTFT,S2,0.600000,0.000000,1900,1900,2100,2100,2500,2500,2500,2500,2500,2500,2500,252,0,250.0,671.4906600850915,132.84717197529972,3570.3616269747727,1153.0
1785385754,16,total,S2,0.600000,0.000000,11000,11000,11000,11000,11000,11000,11000,11000,11000,11000,11000,252,0,3500.0,4530.468934894695,1273.4447169932537,12942.5411800039,256.0
1785385754,16,TTFT,S3,0.100000,0.000000,2600,2600,2600,2600,2600,2600,2600,2600,2600,2600,2600,117,0,2500.0,3239.519684128742,2292.0104970107786,7215.277819021139,9649.0
1785385754,16,total,S3,0.100000,0.000000,12000,12000,12000,12000,12000,12000,12000,12000,12000,12000,12000,117,0,8000.0,7689.21554263912,3469.237338984385,15106.405714002904,256.0
1785385754,16,,Aggregated,2.400000,0.000000,6200,6400,6900,11000,11000,11000,12000,12000,12000,12000,12000,898,0,2300.0,3340.8462649319795,86.87065995763987,15106.405714002904,1722.7093541202673
1785385755,16,TTFT,S1,0.500000,0.000000,2100,2100,2100,2100,2100,2100,2100,2100,2100,2100,2100,80,0,190.0,484.77653324007406,86.87065995763987,3460.998703027144,157.0
1785385755,16,total,S1,0.500000,0.000000,6400,6400,11000,11000,11000,11000,11000,11000,11000,11000,11000,80,0,3900.0,4646.774797287071,1225.9388089878485,11239.93583000265,256.0
1785385755,16,TTFT,S2,0.600000,0.000000,1900,1900,2100,2100,2500,2500,2500,2500,2500,2500,2500,252,0,250.0,671.4906600850915,132.84717197529972,3570.3616269747727,1153.0
1785385755,16,total,S2,0.600000,0.000000,11000,11000,11000,11000,11000,11000,11000,11000,11000,11000,11000,252,0,3500.0,4530.468934894695,1273.4447169932537,12942.5411800039,256.0
1785385755,16,TTFT,S3,0.100000,0.000000,2600,2600,2600,2600,2600,2600,2600,2600,2600,2600,2600,117,0,2500.0,3239.519684128742,2292.0104970107786,7215.277819021139,9649.0
1785385755,16,total,S3,0.100000,0.000000,12000,12000,12000,12000,12000,12000,12000,12000,12000,12000,12000,117,0,8000.0,7689.21554263912,3469.237338984385,15106.405714002904,256.0
1785385755,16,,Aggregated,2.400000,0.000000,6200,6400,6900,11000,11000,11000,12000,12000,12000,12000,12000,898,0,2300.0,3340.8462649319795,86.87065995763987,15106.405714002904,1722.7093541202673
1785385756,16,TTFT,S1,0.500000,0.000000,2100,2100,2100,2100,2100,2100,2100,2100,2100,2100,2100,80,0,190.0,484.77653324007406,86.87065995763987,3460.998703027144,157.0
1785385756,16,total,S1,0.500000,0.000000,6400,6400,11000,11000,11000,11000,11000,11000,11000,11000,11000,80,0,3900.0,4646.774797287071,1225.9388089878485,11239.93583000265,256.0
1785385756,16,TTFT,S2,0.600000,0.000000,1900,1900,2100,2100,2500,2500,2500,2500,2500,2500,2500,252,0,250.0,671.4906600850915,132.84717197529972,3570.3616269747727,1153.0
1785385756,16,total,S2,0.600000,0.000000,11000,11000,11000,11000,11000,11000,11000,11000,11000,11000,11000,252,0,3500.0,4530.468934894695,1273.4447169932537,12942.5411800039,256.0
1785385756,16,TTFT,S3,0.100000,0.000000,2600,2600,2600,2600,2600,2600,2600,2600,2600,2600,2600,117,0,2500.0,3239.519684128742,2292.0104970107786,7215.277819021139,9649.0
1785385756,16,total,S3,0.100000,0.000000,12000,12000,12000,12000,12000,12000,12000,12000,12000,12000,12000,117,0,8000.0,7689.21554263912,3469.237338984385,15106.405714002904,256.0
1785385756,16,,Aggregated,2.400000,0.000000,6200,6400,6900,11000,11000,11000,12000,12000,12000,12000,12000,898,0,2300.0,3340.8462649319795,86.87065995763987,15106.405714002904,1722.7093541202673
1785385757,16,TTFT,S1,0.500000,0.000000,2100,2100,2100,2100,2100,2100,2100,2100,2100,2100,2100,80,0,190.0,484.77653324007406,86.87065995763987,3460.998703027144,157.0
1785385757,16,total,S1,0.500000,0.000000,6400,6400,11000,11000,11000,11000,11000,11000,11000,11000,11000,80,0,3900.0,4646.774797287071,1225.9388089878485,11239.93583000265,256.0
1785385757,16,TTFT,S2,0.600000,0.000000,1900,1900,2100,2100,2500,2500,2500,2500,2500,2500,2500,252,0,250.0,671.4906600850915,132.84717197529972,3570.3616269747727,1153.0
1785385757,16,total,S2,0.600000,0.000000,11000,11000,11000,11000,11000,11000,11000,11000,11000,11000,11000,252,0,3500.0,4530.468934894695,1273.4447169932537,12942.5411800039,256.0
1785385757,16,TTFT,S3,0.100000,0.000000,2600,2600,2600,2600,2600,2600,2600,2600,2600,2600,2600,117,0,2500.0,3239.519684128742,2292.0104970107786,7215.277819021139,9649.0
1785385757,16,total,S3,0.100000,0.000000,12000,12000,12000,12000,12000,12000,12000,12000,12000,12000,12000,117,0,8000.0,7689.21554263912,3469.237338984385,15106.405714002904,256.0
1785385757,16,,Aggregated,2.400000,0.000000,6200,6400,6900,11000,11000,11000,12000,12000,12000,12000,12000,898,0,2300.0,3340.8462649319795,86.87065995763987,15106.405714002904,1722.7093541202673
1785385758,16,TTFT,S1,0.100000,0.000000,2100,2100,2100,2100,2100,2100,2100,2100,2100,2100,2100,80,0,190.0,484.77653324007406,86.87065995763987,3460.998703027144,157.0
1785385758,16,total,S1,0.100000,0.000000,6400,6400,11000,11000,11000,11000,11000,11000,11000,11000,11000,80,0,3900.0,4646.774797287071,1225.9388089878485,11239.93583000265,256.0
1785385758,16,TTFT,S2,0.300000,0.000000,270,1900,2100,2100,2500,2500,2500,2500,2500,2500,2500,253,0,250.0,669.4315453257832,132.84717197529972,3570.3616269747727,1153.0
1785385758,16,total,S2,0.300000,0.000000,11000,11000,11000,11000,13000,13000,13000,13000,13000,13000,13000,253,0,3500.0,4563.790016519569,1273.4447169932537,12960.702585987747,256.0
1785385758,16,TTFT,S3,0.100000,0.000000,2600,2600,2600,2600,2600,2600,2600,2600,2600,2600,2600,117,0,2500.0,3239.519684128742,2292.0104970107786,7215.277819021139,9649.0
1785385758,16,total,S3,0.100000,0.000000,12000,12000,12000,12000,12000,12000,12000,12000,12000,12000,12000,117,0,8000.0,7689.21554263912,3469.237338984385,15106.405714002904,256.0
1785385758,16,,Aggregated,1.000000,0.000000,6200,6400,6900,11000,11000,12000,13000,13000,13000,13000,13000,900,0,2300.0,3347.9902034676506,86.87065995763987,15106.405714002904,1720.4466666666667
1785385759,16,TTFT,S1,0.100000,0.000000,1800,3400,3400,3400,3400,3400,3400,3400,3400,3400,3400,84,0,190.0,546.8400412993062,86.87065995763987,3460.998703027144,157.0
1785385759,16,total,S1,0.100000,0.000000,11000,13000,13000,13000,13000,13000,13000,13000,13000,13000,13000,84,0,4600.0,4956.746208487034,1225.9388089878485,12876.690578006674,256.0
1785385759,16,TTFT,S2,0.300000,0.000000,1900,1900,3400,3400,3400,3400,3400,3400,3400,3400,3400,255,0,250.0,690.8038833822288,132.84717197529972,3570.3616269747727,1153.0
1785385759,16,total,S2,0.300000,0.000000,13000,13000,13000,13000,13000,13000,13000,13000,13000,13000,13000,255,0,3500.0,4628.979889998057,1273.4447169932537,12960.702585987747,256.0
1785385759,16,TTFT,S3,0.100000,0.000000,2500,2500,3600,3600,3600,3600,3600,3600,3600,3600,3600,119,0,2500.0,3236.1325783114057,2292.0104970107786,7215.277819021139,9649.0
1785385759,16,total,S3,0.100000,0.000000,13000,13000,14000,14000,14000,14000,14000,14000,14000,14000,14000,119,0,8000.0,7782.105647653103,3469.237338984385,15106.405714002904,256.0
1785385759,16,,Aggregated,1.000000,0.000000,9400,11000,13000,13000,13000,13000,14000,14000,14000,14000,14000,916,0,2400.0,3417.0485328425784,86.87065995763987,15106.405714002904,1716.901746724891
1785385760,16,TTFT,S1,0.100000,0.000000,1800,3400,3400,3400,3400,3400,3400,3400,3400,3400,3400,84,0,190.0,546.8400412993062,86.87065995763987,3460.998703027144,157.0
1785385760,16,total,S1,0.100000,0.000000,11000,13000,13000,13000,13000,13000,13000,13000,13000,13000,13000,84,0,4600.0,4956.746208487034,1225.9388089878485,12876.690578006674,256.0
1785385760,16,TTFT,S2,0.300000,0.000000,1900,1900,3400,3400,3400,3400,3400,3400,3400,3400,3400,255,0,250.0,690.8038833822288,132.84717197529972,3570.3616269747727,1153.0
1785385760,16,total,S2,0.300000,0.000000,13000,13000,13000,13000,13000,13000,13000,13000,13000,13000,13000,255,0,3500.0,4628.979889998057,1273.4447169932537,12960.702585987747,256.0
1785385760,16,TTFT,S3,0.100000,0.000000,2500,2500,3600,3600,3600,3600,3600,3600,3600,3600,3600,119,0,2500.0,3236.1325783114057,2292.0104970107786,7215.277819021139,9649.0
1785385760,16,total,S3,0.100000,0.000000,13000,13000,14000,14000,14000,14000,14000,14000,14000,14000,14000,119,0,8000.0,7782.105647653103,3469.237338984385,15106.405714002904,256.0
1785385760,16,,Aggregated,1.000000,0.000000,9400,11000,13000,13000,13000,13000,14000,14000,14000,14000,14000,916,0,2400.0,3417.0485328425784,86.87065995763987,15106.405714002904,1716.901746724891
1785385761,16,TTFT,S1,0.100000,0.000000,1800,3400,3400,3400,3400,3400,3400,3400,3400,3400,3400,84,0,190.0,546.8400412993062,86.87065995763987,3460.998703027144,157.0
1785385761,16,total,S1,0.100000,0.000000,11000,13000,13000,13000,13000,13000,13000,13000,13000,13000,13000,84,0,4600.0,4956.746208487034,1225.9388089878485,12876.690578006674,256.0
1785385761,16,TTFT,S2,0.300000,0.000000,1900,1900,3400,3400,3400,3400,3400,3400,3400,3400,3400,255,0,250.0,690.8038833822288,132.84717197529972,3570.3616269747727,1153.0
1785385761,16,total,S2,0.300000,0.000000,13000,13000,13000,13000,13000,13000,13000,13000,13000,13000,13000,255,0,3500.0,4628.979889998057,1273.4447169932537,12960.702585987747,256.0
1785385761,16,TTFT,S3,0.100000,0.000000,2500,2500,3600,3600,3600,3600,3600,3600,3600,3600,3600,119,0,2500.0,3236.1325783114057,2292.0104970107786,7215.277819021139,9649.0
1785385761,16,total,S3,0.100000,0.000000,13000,13000,14000,14000,14000,14000,14000,14000,14000,14000,14000,119,0,8000.0,7782.105647653103,3469.237338984385,15106.405714002904,256.0
1785385761,16,,Aggregated,1.000000,0.000000,9400,11000,13000,13000,13000,13000,14000,14000,14000,14000,14000,916,0,2400.0,3417.0485328425784,86.87065995763987,15106.405714002904,1716.901746724891
1785385762,16,TTFT,S1,0.100000,0.000000,1800,3400,3400,3400,3400,3400,3400,3400,3400,3400,3400,84,0,190.0,546.8400412993062,86.87065995763987,3460.998703027144,157.0
1785385762,16,total,S1,0.100000,0.000000,11000,13000,13000,13000,13000,13000,13000,13000,13000,13000,13000,84,0,4600.0,4956.746208487034,1225.9388089878485,12876.690578006674,256.0
1785385762,16,TTFT,S2,0.300000,0.000000,1900,1900,3400,3400,3400,3400,3400,3400,3400,3400,3400,255,0,250.0,690.8038833822288,132.84717197529972,3570.3616269747727,1153.0
1785385762,16,total,S2,0.300000,0.000000,13000,13000,13000,13000,13000,13000,13000,13000,13000,13000,13000,255,0,3500.0,4628.979889998057,1273.4447169932537,12960.702585987747,256.0
1785385762,16,TTFT,S3,0.100000,0.000000,2500,2500,3600,3600,3600,3600,3600,3600,3600,3600,3600,119,0,2500.0,3236.1325783114057,2292.0104970107786,7215.277819021139,9649.0
1785385762,16,total,S3,0.100000,0.000000,13000,13000,14000,14000,14000,14000,14000,14000,14000,14000,14000,119,0,8000.0,7782.105647653103,3469.237338984385,15106.405714002904,256.0
1785385762,16,,Aggregated,1.000000,0.000000,9400,11000,13000,13000,13000,13000,14000,14000,14000,14000,14000,916,0,2400.0,3417.0485328425784,86.87065995763987,15106.405714002904,1716.901746724891
1785385763,16,TTFT,S1,0.100000,0.000000,1800,3400,3400,3400,3400,3400,3400,3400,3400,3400,3400,84,0,190.0,546.8400412993062,86.87065995763987,3460.998703027144,157.0
1785385763,16,total,S1,0.100000,0.000000,11000,13000,13000,13000,13000,13000,13000,13000,13000,13000,13000,84,0,4600.0,4956.746208487034,1225.9388089878485,12876.690578006674,256.0
1785385763,16,TTFT,S2,0.300000,0.000000,3400,3400,3400,3400,3400,3400,3400,3400,3400,3400,3400,255,0,250.0,690.8038833822288,132.84717197529972,3570.3616269747727,1153.0
1785385763,16,total,S2,0.300000,0.000000,13000,13000,13000,13000,13000,13000,13000,13000,13000,13000,13000,255,0,3500.0,4628.979889998057,1273.4447169932537,12960.702585987747,256.0
1785385763,16,TTFT,S3,0.100000,0.000000,2500,2500,3600,3600,3600,3600,3600,3600,3600,3600,3600,119,0,2500.0,3236.1325783114057,2292.0104970107786,7215.277819021139,9649.0
1785385763,16,total,S3,0.100000,0.000000,13000,13000,14000,14000,14000,14000,14000,14000,14000,14000,14000,119,0,8000.0,7782.105647653103,3469.237338984385,15106.405714002904,256.0
1785385763,16,,Aggregated,1.000000,0.000000,9400,11000,13000,13000,13000,13000,14000,14000,14000,14000,14000,916,0,2400.0,3417.0485328425784,86.87065995763987,15106.405714002904,1716.901746724891
1785385764,16,TTFT,S1,0.100000,0.000000,1800,3400,3400,3400,3400,3400,3400,3400,3400,3400,3400,84,0,190.0,546.8400412993062,86.87065995763987,3460.998703027144,157.0
1785385764,16,total,S1,0.100000,0.000000,11000,13000,13000,13000,13000,13000,13000,13000,13000,13000,13000,84,0,4600.0,4956.746208487034,1225.9388089878485,12876.690578006674,256.0
1785385764,16,TTFT,S2,0.300000,0.000000,3400,3400,3400,3400,3400,3400,3400,3400,3400,3400,3400,255,0,250.0,690.8038833822288,132.84717197529972,3570.3616269747727,1153.0
1785385764,16,total,S2,0.300000,0.000000,13000,13000,13000,13000,13000,13000,13000,13000,13000,13000,13000,255,0,3500.0,4628.979889998057,1273.4447169932537,12960.702585987747,256.0
1785385764,16,TTFT,S3,0.100000,0.000000,2500,2500,3600,3600,3600,3600,3600,3600,3600,3600,3600,119,0,2500.0,3236.1325783114057,2292.0104970107786,7215.277819021139,9649.0
1785385764,16,total,S3,0.100000,0.000000,13000,13000,14000,14000,14000,14000,14000,14000,14000,14000,14000,119,0,8000.0,7782.105647653103,3469.237338984385,15106.405714002904,256.0
1785385764,16,,Aggregated,1.000000,0.000000,9400,11000,13000,13000,13000,13000,14000,14000,14000,14000,14000,916,0,2400.0,3417.0485328425784,86.87065995763987,15106.405714002904,1716.901746724891
1785385765,16,TTFT,S1,0.500000,0.000000,1800,3400,3400,3400,3400,3400,3400,3400,3400,3400,3400,84,0,190.0,546.8400412993062,86.87065995763987,3460.998703027144,157.0
1785385765,16,total,S1,0.500000,0.000000,11000,13000,13000,13000,13000,13000,13000,13000,13000,13000,13000,84,0,4600.0,4956.746208487034,1225.9388089878485,12876.690578006674,256.0
1785385765,16,TTFT,S2,0.600000,0.000000,3400,3400,3400,3400,3400,3400,3400,3400,3400,3400,3400,255,0,250.0,690.8038833822288,132.84717197529972,3570.3616269747727,1153.0
1785385765,16,total,S2,0.600000,0.000000,13000,13000,13000,13000,13000,13000,13000,13000,13000,13000,13000,255,0,3500.0,4628.979889998057,1273.4447169932537,12960.702585987747,256.0
1785385765,16,TTFT,S3,0.300000,0.000000,2500,3600,3600,4100,4100,4100,4100,4100,4100,4100,4100,121,0,2500.0,3236.743654397197,2292.0104970107786,7215.277819021139,9649.0
1785385765,16,total,S3,0.300000,0.000000,14000,15000,15000,15000,15000,15000,15000,15000,15000,15000,15000,121,0,8000.0,7906.1222893281165,3469.237338984385,15295.095621026121,256.0
1785385765,16,,Aggregated,2.800000,0.000000,9400,12000,13000,13000,14000,15000,15000,15000,15000,15000,15000,920,0,2400.0,3442.535746070422,86.87065995763987,15295.095621026121,1730.9695652173914
1785385766,16,TTFT,S1,0.500000,0.000000,1900,3400,3400,3400,3400,3400,3400,3400,3400,3400,3400,85,0,190.0,563.1257414605524,86.87065995763987,3460.998703027144,157.0
1785385766,16,total,S1,0.500000,0.000000,11000,13000,13000,13000,13000,13000,13000,13000,13000,13000,13000,85,0,4700.0,5032.09871143404,1225.9388089878485,12876.690578006674,256.0
1785385766,16,TTFT,S2,0.600000,0.000000,3400,3500,3500,3500,3500,3500,3500,3500,3500,3500,3500,257,0,250.0,712.538803943681,132.84717197529972,3570.3616269747727,1153.0
1785385766,16,total,S2,0.600000,0.000000,13000,13000,13000,13000,13000,13000,13000,13000,13000,13000,13000,257,0,3500.0,4681.405037974917,1273.4447169932537,12960.702585987747,256.0
1785385766,16,TTFT,S3,0.300000,0.000000,3600,3600,4100,4100,4200,4200,4200,4200,4200,4200,4200,123,0,2500.0,3238.4067336916055,2292.0104970107786,7215.277819021139,9649.0
1785385766,16,total,S3,0.300000,0.000000,14000,14000,15000,15000,15000,15000,15000,15000,15000,15000,15000,123,0,8000.0,7971.333404583194,3469.237338984385,15295.095621026121,256.0
1785385766,16,,Aggregated,2.800000,0.000000,9400,12000,13000,13000,13000,15000,15000,15000,15000,15000,15000,930,0,2400.0,3484.5544977171185,86.87065995763987,15295.095621026121,1737.1322580645162
1785385767,16,TTFT,S1,0.500000,0.000000,1900,3400,3400,3400,3400,3400,3400,3400,3400,3400,3400,85,0,190.0,563.1257414605524,86.87065995763987,3460.998703027144,157.0
1785385767,16,total,S1,0.500000,0.000000,11000,13000,13000,13000,13000,13000,13000,13000,13000,13000,13000,85,0,4700.0,5032.09871143404,1225.9388089878485,12876.690578006674,256.0
1785385767,16,TTFT,S2,0.600000,0.000000,3400,3500,3500,3500,3500,3500,3500,3500,3500,3500,3500,257,0,250.0,712.538803943681,132.84717197529972,3570.3616269747727,1153.0
1785385767,16,total,S2,0.600000,0.000000,13000,13000,13000,13000,13000,13000,13000,13000,13000,13000,13000,257,0,3500.0,4681.405037974917,1273.4447169932537,12960.702585987747,256.0
1785385767,16,TTFT,S3,0.300000,0.000000,3600,3600,4100,4100,4200,4200,4200,4200,4200,4200,4200,123,0,2500.0,3238.4067336916055,2292.0104970107786,7215.277819021139,9649.0
1785385767,16,total,S3,0.300000,0.000000,14000,14000,15000,15000,15000,15000,15000,15000,15000,15000,15000,123,0,8000.0,7971.333404583194,3469.237338984385,15295.095621026121,256.0
1785385767,16,,Aggregated,2.800000,0.000000,9400,12000,13000,13000,13000,15000,15000,15000,15000,15000,15000,930,0,2400.0,3484.5544977171185,86.87065995763987,15295.095621026121,1737.1322580645162
1785385768,16,TTFT,S1,0.500000,0.000000,1900,3400,3400,3400,3400,3400,3400,3400,3400,3400,3400,85,0,190.0,563.1257414605524,86.87065995763987,3460.998703027144,157.0
1785385768,16,total,S1,0.500000,0.000000,11000,13000,13000,13000,13000,13000,13000,13000,13000,13000,13000,85,0,4700.0,5032.09871143404,1225.9388089878485,12876.690578006674,256.0
1785385768,16,TTFT,S2,0.600000,0.000000,3400,3500,3500,3500,3500,3500,3500,3500,3500,3500,3500,257,0,250.0,712.538803943681,132.84717197529972,3570.3616269747727,1153.0
1785385768,16,total,S2,0.600000,0.000000,13000,13000,13000,13000,13000,13000,13000,13000,13000,13000,13000,257,0,3500.0,4681.405037974917,1273.4447169932537,12960.702585987747,256.0
1785385768,16,TTFT,S3,0.300000,0.000000,3600,3600,4100,4100,4200,4200,4200,4200,4200,4200,4200,123,0,2500.0,3238.4067336916055,2292.0104970107786,7215.277819021139,9649.0
1785385768,16,total,S3,0.300000,0.000000,14000,14000,15000,15000,15000,15000,15000,15000,15000,15000,15000,123,0,8000.0,7971.333404583194,3469.237338984385,15295.095621026121,256.0
1785385768,16,,Aggregated,2.800000,0.000000,9400,12000,13000,13000,13000,15000,15000,15000,15000,15000,15000,930,0,2400.0,3484.5544977171185,86.87065995763987,15295.095621026121,1737.1322580645162
1785385769,16,TTFT,S1,0.500000,0.000000,2000,2000,3400,3400,3400,3400,3400,3400,3400,3400,3400,87,0,190.0,595.7842864733103,86.87065995763987,3460.998703027144,157.0
1785385769,16,total,S1,0.500000,0.000000,9800,11000,13000,13000,13000,13000,13000,13000,13000,13000,13000,87,0,5000.0,5140.791960435936,1225.9388089878485,12876.690578006674,256.0
1785385769,16,TTFT,S2,0.500000,0.000000,3500,3600,3600,3600,3600,3600,3600,3600,3600,3600,3600,261,0,260.0,756.4299158755086,132.84717197529972,3584.691494994331,1153.0
1785385769,16,total,S2,0.500000,0.000000,11000,11000,13000,13000,13000,13000,13000,13000,13000,13000,13000,261,0,3500.0,4759.236427001928,1273.4447169932537,12960.702585987747,256.0
1785385769,16,TTFT,S3,0.600000,0.000000,3600,4100,4200,5300,5400,5400,5400,5400,5400,5400,5400,126,0,2500.0,3266.461636865556,2292.0104970107786,7215.277819021139,9649.0
1785385769,16,total,S3,0.600000,0.000000,12000,13000,14000,15000,15000,15000,15000,15000,15000,15000,15000,126,0,8300.0,8018.691248894717,3469.237338984385,15295.095621026121,256.0
1785385769,16,,Aggregated,3.200000,0.000000,9400,9800,11000,12000,13000,14000,15000,15000,15000,15000,15000,948,0,2400.0,3544.937038584293,86.87065995763987,15295.095621026121,1742.3101265822784
1785385770,16,TTFT,S1,0.500000,0.000000,2000,2000,3400,3400,3400,3400,3400,3400,3400,3400,3400,87,0,190.0,595.7842864733103,86.87065995763987,3460.998703027144,157.0
1785385770,16,total,S1,0.500000,0.000000,9800,11000,13000,13000,13000,13000,13000,13000,13000,13000,13000,87,0,5000.0,5140.791960435936,1225.9388089878485,12876.690578006674,256.0
1785385770,16,TTFT,S2,0.500000,0.000000,3500,3600,3600,3600,3600,3600,3600,3600,3600,3600,3600,261,0,260.0,756.4299158755086,132.84717197529972,3584.691494994331,1153.0
1785385770,16,total,S2,0.500000,0.000000,11000,11000,13000,13000,13000,13000,13000,13000,13000,13000,13000,261,0,3500.0,4759.236427001928,1273.4447169932537,12960.702585987747,256.0
1785385770,16,TTFT,S3,0.600000,0.000000,3600,4100,4200,5300,5400,5400,5400,5400,5400,5400,5400,126,0,2500.0,3266.461636865556,2292.0104970107786,7215.277819021139,9649.0
1785385770,16,total,S3,0.600000,0.000000,12000,13000,14000,15000,15000,15000,15000,15000,15000,15000,15000,126,0,8300.0,8018.691248894717,3469.237338984385,15295.095621026121,256.0
1785385770,16,,Aggregated,3.200000,0.000000,9400,9800,11000,12000,13000,14000,15000,15000,15000,15000,15000,948,0,2400.0,3544.937038584293,86.87065995763987,15295.095621026121,1742.3101265822784
1785385771,16,TTFT,S1,0.300000,0.000000,2000,2000,2000,2000,2000,2000,2000,2000,2000,2000,2000,88,0,190.0,590.5756823201293,86.87065995763987,3460.998703027144,157.0
1785385771,16,total,S1,0.300000,0.000000,9800,9800,11000,11000,11000,11000,11000,11000,11000,11000,11000,88,0,5000.0,5155.77919368066,1225.9388089878485,12876.690578006674,256.0
1785385771,16,TTFT,S2,0.600000,0.000000,3600,3600,3600,3600,3600,3600,3600,3600,3600,3600,3600,262,0,250.0,754.1379142501072,132.84717197529972,3584.691494994331,1153.0
1785385771,16,total,S2,0.600000,0.000000,9800,9800,11000,11000,11000,11000,11000,11000,11000,11000,11000,262,0,3500.0,4765.7939003072215,1273.4447169932537,12960.702585987747,256.0
1785385771,16,TTFT,S3,0.700000,0.000000,4100,4200,5300,5300,5400,5400,5400,5400,5400,5400,5400,126,0,2500.0,3266.461636865556,2292.0104970107786,7215.277819021139,9649.0
1785385771,16,total,S3,0.700000,0.000000,12000,12000,15000,15000,15000,15000,15000,15000,15000,15000,15000,126,0,8300.0,8018.691248894717,3469.237338984385,15295.095621026121,256.0
1785385771,16,,Aggregated,3.200000,0.000000,6500,9800,9800,10000,12000,15000,15000,15000,15000,15000,15000,952,0,2400.0,3543.9397354074413,86.87065995763987,15295.095621026121,1736.9033613445379
1785385772,16,TTFT,S1,0.300000,0.000000,2000,2000,2000,2000,2000,2000,2000,2000,2000,2000,2000,88,0,190.0,590.5756823201293,86.87065995763987,3460.998703027144,157.0
1785385772,16,total,S1,0.300000,0.000000,9800,9800,11000,11000,11000,11000,11000,11000,11000,11000,11000,88,0,5000.0,5155.77919368066,1225.9388089878485,12876.690578006674,256.0
1785385772,16,TTFT,S2,0.600000,0.000000,3600,3600,3600,3600,3600,3600,3600,3600,3600,3600,3600,262,0,250.0,754.1379142501072,132.84717197529972,3584.691494994331,1153.0
1785385772,16,total,S2,0.600000,0.000000,9800,9800,11000,11000,11000,11000,11000,11000,11000,11000,11000,262,0,3500.0,4765.7939003072215,1273.4447169932537,12960.702585987747,256.0
1785385772,16,TTFT,S3,0.700000,0.000000,4100,4200,5300,5300,5400,5400,5400,5400,5400,5400,5400,126,0,2500.0,3266.461636865556,2292.0104970107786,7215.277819021139,9649.0
1785385772,16,total,S3,0.700000,0.000000,12000,12000,15000,15000,15000,15000,15000,15000,15000,15000,15000,126,0,8300.0,8018.691248894717,3469.237338984385,15295.095621026121,256.0
1785385772,16,,Aggregated,3.200000,0.000000,6500,9800,9800,10000,12000,15000,15000,15000,15000,15000,15000,952,0,2400.0,3543.9397354074413,86.87065995763987,15295.095621026121,1736.9033613445379
1785385773,16,TTFT,S1,0.300000,0.000000,2000,2000,2000,2000,2000,2000,2000,2000,2000,2000,2000,88,0,190.0,590.5756823201293,86.87065995763987,3460.998703027144,157.0
1785385773,16,total,S1,0.300000,0.000000,9800,9800,11000,11000,11000,11000,11000,11000,11000,11000,11000,88,0,5000.0,5155.77919368066,1225.9388089878485,12876.690578006674,256.0
1785385773,16,TTFT,S2,0.600000,0.000000,3600,3600,3600,3600,3600,3600,3600,3600,3600,3600,3600,262,0,250.0,754.1379142501072,132.84717197529972,3584.691494994331,1153.0
1785385773,16,total,S2,0.600000,0.000000,9800,9800,11000,11000,11000,11000,11000,11000,11000,11000,11000,262,0,3500.0,4765.7939003072215,1273.4447169932537,12960.702585987747,256.0
1785385773,16,TTFT,S3,0.700000,0.000000,4100,4200,5300,5300,5400,5400,5400,5400,5400,5400,5400,126,0,2500.0,3266.461636865556,2292.0104970107786,7215.277819021139,9649.0
1785385773,16,total,S3,0.700000,0.000000,12000,12000,15000,15000,15000,15000,15000,15000,15000,15000,15000,126,0,8300.0,8018.691248894717,3469.237338984385,15295.095621026121,256.0
1785385773,16,,Aggregated,3.200000,0.000000,6500,9800,9800,10000,12000,15000,15000,15000,15000,15000,15000,952,0,2400.0,3543.9397354074413,86.87065995763987,15295.095621026121,1736.9033613445379
1785385774,16,TTFT,S1,0.300000,0.000000,2000,2000,2000,2000,2000,2000,2000,2000,2000,2000,2000,88,0,190.0,590.5756823201293,86.87065995763987,3460.998703027144,157.0
1785385774,16,total,S1,0.300000,0.000000,9800,9800,11000,11000,11000,11000,11000,11000,11000,11000,11000,88,0,5000.0,5155.77919368066,1225.9388089878485,12876.690578006674,256.0
1785385774,16,TTFT,S2,0.600000,0.000000,3600,3600,3600,3600,3600,3600,3600,3600,3600,3600,3600,262,0,250.0,754.1379142501072,132.84717197529972,3584.691494994331,1153.0
1785385774,16,total,S2,0.600000,0.000000,9800,9800,11000,11000,11000,11000,11000,11000,11000,11000,11000,262,0,3500.0,4765.7939003072215,1273.4447169932537,12960.702585987747,256.0
1785385774,16,TTFT,S3,0.700000,0.000000,4200,5300,5300,5400,5400,5400,5400,5400,5400,5400,5400,126,0,2500.0,3266.461636865556,2292.0104970107786,7215.277819021139,9649.0
1785385774,16,total,S3,0.700000,0.000000,10000,12000,12000,12000,12000,12000,12000,12000,12000,12000,12000,126,0,8300.0,8018.691248894717,3469.237338984385,15295.095621026121,256.0
1785385774,16,,Aggregated,3.200000,0.000000,6500,9800,9800,9800,11000,12000,12000,12000,12000,12000,12000,952,0,2400.0,3543.9397354074413,86.87065995763987,15295.095621026121,1736.9033613445379
1785385775,16,TTFT,S1,0.300000,0.000000,2000,2000,2000,2000,2000,2000,2000,2000,2000,2000,2000,88,0,190.0,590.5756823201293,86.87065995763987,3460.998703027144,157.0
1785385775,16,total,S1,0.300000,0.000000,9800,9800,11000,11000,11000,11000,11000,11000,11000,11000,11000,88,0,5000.0,5155.77919368066,1225.9388089878485,12876.690578006674,256.0
1785385775,16,TTFT,S2,0.600000,0.000000,3600,3600,3600,3600,3600,3600,3600,3600,3600,3600,3600,262,0,250.0,754.1379142501072,132.84717197529972,3584.691494994331,1153.0
1785385775,16,total,S2,0.600000,0.000000,9800,9800,11000,11000,11000,11000,11000,11000,11000,11000,11000,262,0,3500.0,4765.7939003072215,1273.4447169932537,12960.702585987747,256.0
1785385775,16,TTFT,S3,0.700000,0.000000,4200,5300,5300,5400,5400,5400,5400,5400,5400,5400,5400,126,0,2500.0,3266.461636865556,2292.0104970107786,7215.277819021139,9649.0
1785385775,16,total,S3,0.700000,0.000000,10000,12000,12000,12000,12000,12000,12000,12000,12000,12000,12000,126,0,8300.0,8018.691248894717,3469.237338984385,15295.095621026121,256.0
1785385775,16,,Aggregated,3.200000,0.000000,6500,9800,9800,9800,11000,12000,12000,12000,12000,12000,12000,952,0,2400.0,3543.9397354074413,86.87065995763987,15295.095621026121,1736.9033613445379
1785385776,16,TTFT,S1,0.300000,0.000000,2000,2000,2000,2000,2000,2000,2000,2000,2000,2000,2000,88,0,190.0,590.5756823201293,86.87065995763987,3460.998703027144,157.0
1785385776,16,total,S1,0.300000,0.000000,9800,9800,9800,9800,9800,9800,9800,9800,9800,9800,9800,88,0,5000.0,5155.77919368066,1225.9388089878485,12876.690578006674,256.0
1785385776,16,TTFT,S2,0.600000,0.000000,3600,3600,3600,3600,3600,3600,3600,3600,3600,3600,3600,262,0,250.0,754.1379142501072,132.84717197529972,3584.691494994331,1153.0
1785385776,16,total,S2,0.600000,0.000000,9800,9800,9800,9800,9800,9800,9800,9800,9800,9800,9800,262,0,3500.0,4765.7939003072215,1273.4447169932537,12960.702585987747,256.0
1785385776,16,TTFT,S3,0.700000,0.000000,5300,5300,5400,5400,5400,5400,5400,5400,5400,5400,5400,126,0,2500.0,3266.461636865556,2292.0104970107786,7215.277819021139,9649.0
1785385776,16,total,S3,0.700000,0.000000,9800,9800,10000,10000,10000,10000,10000,10000,10000,10000,10000,126,0,8300.0,8018.691248894717,3469.237338984385,15295.095621026121,256.0
1785385776,16,,Aggregated,3.200000,0.000000,6500,9800,9800,9800,9800,9800,10000,10000,10000,10000,10000,952,0,2400.0,3543.9397354074413,86.87065995763987,15295.095621026121,1736.9033613445379
1785385777,16,TTFT,S1,0.300000,0.000000,2000,2000,2000,2000,2000,2000,2000,2000,2000,2000,2000,88,0,190.0,590.5756823201293,86.87065995763987,3460.998703027144,157.0
1785385777,16,total,S1,0.300000,0.000000,9800,9800,9800,9800,9800,9800,9800,9800,9800,9800,9800,88,0,5000.0,5155.77919368066,1225.9388089878485,12876.690578006674,256.0
1785385777,16,TTFT,S2,0.600000,0.000000,3600,3600,3600,3600,3600,3600,3600,3600,3600,3600,3600,262,0,250.0,754.1379142501072,132.84717197529972,3584.691494994331,1153.0
1785385777,16,total,S2,0.600000,0.000000,9800,9800,9800,9800,9800,9800,9800,9800,9800,9800,9800,262,0,3500.0,4765.7939003072215,1273.4447169932537,12960.702585987747,256.0
1785385777,16,TTFT,S3,0.700000,0.000000,5300,5300,5400,5400,5400,5400,5400,5400,5400,5400,5400,126,0,2500.0,3266.461636865556,2292.0104970107786,7215.277819021139,9649.0
1785385777,16,total,S3,0.700000,0.000000,9800,9800,10000,10000,10000,10000,10000,10000,10000,10000,10000,126,0,8300.0,8018.691248894717,3469.237338984385,15295.095621026121,256.0
1785385777,16,,Aggregated,3.200000,0.000000,6500,9800,9800,9800,9800,9800,10000,10000,10000,10000,10000,952,0,2400.0,3543.9397354074413,86.87065995763987,15295.095621026121,1736.9033613445379
1785385778,16,TTFT,S1,0.300000,0.000000,2000,2000,2000,2000,2000,2000,2000,2000,2000,2000,2000,88,0,190.0,590.5756823201293,86.87065995763987,3460.998703027144,157.0
1785385778,16,total,S1,0.300000,0.000000,9800,9800,9800,9800,9800,9800,9800,9800,9800,9800,9800,88,0,5000.0,5155.77919368066,1225.9388089878485,12876.690578006674,256.0
1785385778,16,TTFT,S2,0.600000,0.000000,3600,3600,3600,3600,3600,3600,3600,3600,3600,3600,3600,262,0,250.0,754.1379142501072,132.84717197529972,3584.691494994331,1153.0
1785385778,16,total,S2,0.600000,0.000000,9800,9800,9800,9800,9800,9800,9800,9800,9800,9800,9800,262,0,3500.0,4765.7939003072215,1273.4447169932537,12960.702585987747,256.0
1785385778,16,TTFT,S3,0.700000,0.000000,5300,5300,5400,5400,5400,5400,5400,5400,5400,5400,5400,126,0,2500.0,3266.461636865556,2292.0104970107786,7215.277819021139,9649.0
1785385778,16,total,S3,0.700000,0.000000,9800,9800,10000,10000,10000,10000,10000,10000,10000,10000,10000,126,0,8300.0,8018.691248894717,3469.237338984385,15295.095621026121,256.0
1785385778,16,,Aggregated,3.200000,0.000000,6500,9800,9800,9800,9800,9800,10000,10000,10000,10000,10000,952,0,2400.0,3543.9397354074413,86.87065995763987,15295.095621026121,1736.9033613445379
1785385779,16,TTFT,S1,0.300000,0.000000,300,300,300,300,300,300,300,300,300,300,300,89,0,190.0,587.3012197101907,86.87065995763987,3460.998703027144,157.0
1785385779,16,total,S1,0.300000,0.000000,13000,13000,13000,13000,13000,13000,13000,13000,13000,13000,13000,89,0,5000.0,5245.98049371846,1225.9388089878485,13183.694897044916,256.0
1785385779,16,TTFT,S2,0.500000,0.000000,350,350,350,350,350,350,350,350,350,350,350,265,0,260.0,749.5617179982013,132.84717197529972,3584.691494994331,1153.0
1785385779,16,total,S2,0.500000,0.000000,13000,13000,13000,13000,13000,13000,13000,13000,13000,13000,13000,265,0,3500.0,4861.210072598034,1273.4447169932537,13195.741178002208,256.0
1785385779,16,TTFT,S3,0.300000,0.000000,5300,5300,5400,5400,5400,5400,5400,5400,5400,5400,5400,127,0,2500.0,3259.8792896541863,2292.0104970107786,7215.277819021139,9649.0
1785385779,16,total,S3,0.300000,0.000000,10000,10000,14000,14000,14000,14000,14000,14000,14000,14000,14000,127,0,8300.0,8063.908499895639,3469.237338984385,15295.095621026121,256.0
1785385779,16,,Aggregated,2.200000,0.000000,6500,13000,13000,13000,13000,14000,14000,14000,14000,14000,14000,962,0,2400.0,3580.1846634885446,86.87065995763987,15295.095621026121,1733.9677754677755
1785385780,16,TTFT,S1,0.300000,0.000000,300,300,300,300,300,300,300,300,300,300,300,89,0,190.0,587.3012197101907,86.87065995763987,3460.998703027144,157.0
1785385780,16,total,S1,0.300000,0.000000,13000,13000,13000,13000,13000,13000,13000,13000,13000,13000,13000,89,0,5000.0,5245.98049371846,1225.9388089878485,13183.694897044916,256.0
1785385780,16,TTFT,S2,0.500000,0.000000,350,350,350,350,350,350,350,350,350,350,350,265,0,260.0,749.5617179982013,132.84717197529972,3584.691494994331,1153.0
1785385780,16,total,S2,0.500000,0.000000,13000,13000,13000,13000,13000,13000,13000,13000,13000,13000,13000,265,0,3500.0,4861.210072598034,1273.4447169932537,13195.741178002208,256.0
1785385780,16,TTFT,S3,0.300000,0.000000,5300,5300,5400,5400,5400,5400,5400,5400,5400,5400,5400,127,0,2500.0,3259.8792896541863,2292.0104970107786,7215.277819021139,9649.0
1785385780,16,total,S3,0.300000,0.000000,10000,10000,14000,14000,14000,14000,14000,14000,14000,14000,14000,127,0,8300.0,8063.908499895639,3469.237338984385,15295.095621026121,256.0
1785385780,16,,Aggregated,2.200000,0.000000,6500,13000,13000,13000,13000,14000,14000,14000,14000,14000,14000,962,0,2400.0,3580.1846634885446,86.87065995763987,15295.095621026121,1733.9677754677755
1785385781,16,TTFT,S1,0.300000,0.000000,300,300,300,300,300,300,300,300,300,300,300,89,0,190.0,587.3012197101907,86.87065995763987,3460.998703027144,157.0
1785385781,16,total,S1,0.300000,0.000000,13000,13000,13000,13000,13000,13000,13000,13000,13000,13000,13000,89,0,5000.0,5245.98049371846,1225.9388089878485,13183.694897044916,256.0
1785385781,16,TTFT,S2,0.500000,0.000000,350,350,350,350,350,350,350,350,350,350,350,265,0,260.0,749.5617179982013,132.84717197529972,3584.691494994331,1153.0
1785385781,16,total,S2,0.500000,0.000000,13000,13000,13000,13000,13000,13000,13000,13000,13000,13000,13000,265,0,3500.0,4861.210072598034,1273.4447169932537,13195.741178002208,256.0
1785385781,16,TTFT,S3,0.300000,0.000000,5300,5300,5400,5400,5400,5400,5400,5400,5400,5400,5400,127,0,2500.0,3259.8792896541863,2292.0104970107786,7215.277819021139,9649.0
1785385781,16,total,S3,0.300000,0.000000,10000,10000,14000,14000,14000,14000,14000,14000,14000,14000,14000,127,0,8300.0,8063.908499895639,3469.237338984385,15295.095621026121,256.0
1785385781,16,,Aggregated,2.200000,0.000000,6500,13000,13000,13000,13000,14000,14000,14000,14000,14000,14000,962,0,2400.0,3580.1846634885446,86.87065995763987,15295.095621026121,1733.9677754677755
1785385782,16,TTFT,S1,0.200000,0.000000,300,300,300,300,300,300,300,300,300,300,300,89,0,190.0,587.3012197101907,86.87065995763987,3460.998703027144,157.0
1785385782,16,total,S1,0.200000,0.000000,13000,13000,13000,13000,13000,13000,13000,13000,13000,13000,13000,89,0,5000.0,5245.98049371846,1225.9388089878485,13183.694897044916,256.0
1785385782,16,TTFT,S2,0.400000,0.000000,430,430,430,3500,4100,4100,4100,4100,4100,4100,4100,271,0,260.0,767.0576860868317,132.84717197529972,4091.9762150151655,1153.0
1785385782,16,total,S2,0.400000,0.000000,13000,13000,13000,13000,14000,14000,14000,14000,14000,14000,14000,271,0,3500.0,5041.446977721336,1273.4447169932537,13800.739714992233,256.0
1785385782,16,TTFT,S3,0.100000,0.000000,5400,5900,6000,6900,7800,7800,7800,7800,7800,7800,7800,132,0,2500.0,3356.8965256594256,2292.0104970107786,7755.792833049782,9649.0
1785385782,16,total,S3,0.100000,0.000000,14000,14000,14000,14000,14000,14000,14000,14000,14000,14000,14000,132,0,8600.0,8263.203227399517,3469.237338984385,15295.095621026121,256.0
1785385782,16,,Aggregated,1.400000,0.000000,6900,13000,13000,13000,14000,14000,14000,14000,14000,14000,14000,984,0,2400.0,3686.097564828195,86.87065995763987,15295.095621026121,1754.121951219512
1785385783,16,TTFT,S1,0.200000,0.000000,300,300,300,300,300,300,300,300,300,300,300,89,0,190.0,587.3012197101907,86.87065995763987,3460.998703027144,157.0
1785385783,16,total,S1,0.200000,0.000000,13000,13000,13000,13000,13000,13000,13000,13000,13000,13000,13000,89,0,5000.0,5245.98049371846,1225.9388089878485,13183.694897044916,256.0
1785385783,16,TTFT,S2,0.400000,0.000000,430,430,430,3500,4100,4100,4100,4100,4100,4100,4100,271,0,260.0,767.0576860868317,132.84717197529972,4091.9762150151655,1153.0
1785385783,16,total,S2,0.400000,0.000000,13000,13000,13000,13000,14000,14000,14000,14000,14000,14000,14000,271,0,3500.0,5041.446977721336,1273.4447169932537,13800.739714992233,256.0
1785385783,16,TTFT,S3,0.100000,0.000000,6000,6000,6900,6900,7800,7800,7800,7800,7800,7800,7800,132,0,2500.0,3356.8965256594256,2292.0104970107786,7755.792833049782,9649.0
1785385783,16,total,S3,0.100000,0.000000,14000,14000,14000,14000,14000,14000,14000,14000,14000,14000,14000,132,0,8600.0,8263.203227399517,3469.237338984385,15295.095621026121,256.0
1785385783,16,,Aggregated,1.400000,0.000000,6900,13000,13000,13000,14000,14000,14000,14000,14000,14000,14000,984,0,2400.0,3686.097564828195,86.87065995763987,15295.095621026121,1754.121951219512
1785385784,16,TTFT,S1,0.200000,0.000000,300,300,300,300,300,300,300,300,300,300,300,89,0,190.0,587.3012197101907,86.87065995763987,3460.998703027144,157.0
1785385784,16,total,S1,0.200000,0.000000,13000,13000,13000,13000,13000,13000,13000,13000,13000,13000,13000,89,0,5000.0,5245.98049371846,1225.9388089878485,13183.694897044916,256.0
1785385784,16,TTFT,S2,0.400000,0.000000,430,430,430,3500,4100,4100,4100,4100,4100,4100,4100,271,0,260.0,767.0576860868317,132.84717197529972,4091.9762150151655,1153.0
1785385784,16,total,S2,0.400000,0.000000,13000,13000,13000,13000,14000,14000,14000,14000,14000,14000,14000,271,0,3500.0,5041.446977721336,1273.4447169932537,13800.739714992233,256.0
1785385784,16,TTFT,S3,0.100000,0.000000,6000,6000,6900,6900,7800,7800,7800,7800,7800,7800,7800,132,0,2500.0,3356.8965256594256,2292.0104970107786,7755.792833049782,9649.0
1785385784,16,total,S3,0.100000,0.000000,14000,14000,14000,14000,14000,14000,14000,14000,14000,14000,14000,132,0,8600.0,8263.203227399517,3469.237338984385,15295.095621026121,256.0
1785385784,16,,Aggregated,1.400000,0.000000,11000,13000,13000,13000,14000,14000,14000,14000,14000,14000,14000,984,0,2400.0,3686.097564828195,86.87065995763987,15295.095621026121,1754.121951219512
1785385785,16,TTFT,S1,0.200000,0.000000,300,300,300,300,300,300,300,300,300,300,300,89,0,190.0,587.3012197101907,86.87065995763987,3460.998703027144,157.0
1785385785,16,total,S1,0.200000,0.000000,13000,13000,13000,13000,13000,13000,13000,13000,13000,13000,13000,89,0,5000.0,5245.98049371846,1225.9388089878485,13183.694897044916,256.0
1785385785,16,TTFT,S2,0.400000,0.000000,430,430,430,3500,4100,4100,4100,4100,4100,4100,4100,271,0,260.0,767.0576860868317,132.84717197529972,4091.9762150151655,1153.0
1785385785,16,total,S2,0.400000,0.000000,13000,13000,13000,13000,14000,14000,14000,14000,14000,14000,14000,271,0,3500.0,5041.446977721336,1273.4447169932537,13800.739714992233,256.0
1785385785,16,TTFT,S3,0.100000,0.000000,6000,6000,6900,6900,7800,7800,7800,7800,7800,7800,7800,132,0,2500.0,3356.8965256594256,2292.0104970107786,7755.792833049782,9649.0
1785385785,16,total,S3,0.100000,0.000000,14000,14000,14000,14000,14000,14000,14000,14000,14000,14000,14000,132,0,8600.0,8263.203227399517,3469.237338984385,15295.095621026121,256.0
1785385785,16,,Aggregated,1.400000,0.000000,11000,13000,13000,13000,14000,14000,14000,14000,14000,14000,14000,984,0,2400.0,3686.097564828195,86.87065995763987,15295.095621026121,1754.121951219512
1785385786,16,TTFT,S1,0.200000,0.000000,300,300,300,300,300,300,300,300,300,300,300,89,0,190.0,587.3012197101907,86.87065995763987,3460.998703027144,157.0
1785385786,16,total,S1,0.200000,0.000000,13000,13000,13000,13000,13000,13000,13000,13000,13000,13000,13000,89,0,5000.0,5245.98049371846,1225.9388089878485,13183.694897044916,256.0
1785385786,16,TTFT,S2,0.400000,0.000000,430,430,430,3500,4100,4100,4100,4100,4100,4100,4100,271,0,260.0,767.0576860868317,132.84717197529972,4091.9762150151655,1153.0
1785385786,16,total,S2,0.400000,0.000000,13000,13000,13000,13000,14000,14000,14000,14000,14000,14000,14000,271,0,3500.0,5041.446977721336,1273.4447169932537,13800.739714992233,256.0
1785385786,16,TTFT,S3,0.100000,0.000000,6000,6000,6900,6900,7800,7800,7800,7800,7800,7800,7800,132,0,2500.0,3356.8965256594256,2292.0104970107786,7755.792833049782,9649.0
1785385786,16,total,S3,0.100000,0.000000,14000,14000,14000,14000,14000,14000,14000,14000,14000,14000,14000,132,0,8600.0,8263.203227399517,3469.237338984385,15295.095621026121,256.0
1785385786,16,,Aggregated,1.400000,0.000000,11000,13000,13000,13000,14000,14000,14000,14000,14000,14000,14000,984,0,2400.0,3686.097564828195,86.87065995763987,15295.095621026121,1754.121951219512
1785385787,16,TTFT,S1,0.200000,0.000000,300,300,300,300,300,300,300,300,300,300,300,89,0,190.0,587.3012197101907,86.87065995763987,3460.998703027144,157.0
1785385787,16,total,S1,0.200000,0.000000,13000,13000,13000,13000,13000,13000,13000,13000,13000,13000,13000,89,0,5000.0,5245.98049371846,1225.9388089878485,13183.694897044916,256.0
1785385787,16,TTFT,S2,0.400000,0.000000,430,430,430,3500,4100,4100,4100,4100,4100,4100,4100,271,0,260.0,767.0576860868317,132.84717197529972,4091.9762150151655,1153.0
1785385787,16,total,S2,0.400000,0.000000,13000,13000,13000,13000,14000,14000,14000,14000,14000,14000,14000,271,0,3500.0,5041.446977721336,1273.4447169932537,13800.739714992233,256.0
1785385787,16,TTFT,S3,0.100000,0.000000,6000,6000,6900,6900,7800,7800,7800,7800,7800,7800,7800,132,0,2500.0,3356.8965256594256,2292.0104970107786,7755.792833049782,9649.0
1785385787,16,total,S3,0.100000,0.000000,14000,14000,14000,14000,14000,14000,14000,14000,14000,14000,14000,132,0,8600.0,8263.203227399517,3469.237338984385,15295.095621026121,256.0
1785385787,16,,Aggregated,1.400000,0.000000,11000,13000,13000,13000,14000,14000,14000,14000,14000,14000,14000,984,0,2400.0,3686.097564828195,86.87065995763987,15295.095621026121,1754.121951219512
1785385788,16,TTFT,S1,0.200000,0.000000,300,300,300,300,300,300,300,300,300,300,300,89,0,190.0,587.3012197101907,86.87065995763987,3460.998703027144,157.0
1785385788,16,total,S1,0.200000,0.000000,13000,13000,13000,13000,13000,13000,13000,13000,13000,13000,13000,89,0,5000.0,5245.98049371846,1225.9388089878485,13183.694897044916,256.0
1785385788,16,TTFT,S2,0.400000,0.000000,430,430,430,3500,4100,4100,4100,4100,4100,4100,4100,271,0,260.0,767.0576860868317,132.84717197529972,4091.9762150151655,1153.0
1785385788,16,total,S2,0.400000,0.000000,13000,13000,13000,13000,14000,14000,14000,14000,14000,14000,14000,271,0,3500.0,5041.446977721336,1273.4447169932537,13800.739714992233,256.0
1785385788,16,TTFT,S3,0.100000,0.000000,6000,6000,6900,6900,7800,7800,7800,7800,7800,7800,7800,132,0,2500.0,3356.8965256594256,2292.0104970107786,7755.792833049782,9649.0
1785385788,16,total,S3,0.100000,0.000000,14000,14000,14000,14000,14000,14000,14000,14000,14000,14000,14000,132,0,8600.0,8263.203227399517,3469.237338984385,15295.095621026121,256.0
1785385788,16,,Aggregated,1.400000,0.000000,11000,13000,14000,14000,14000,14000,14000,14000,14000,14000,14000,984,0,2400.0,3686.097564828195,86.87065995763987,15295.095621026121,1754.121951219512
1785385789,16,TTFT,S1,0.100000,0.000000,210,210,300,300,300,300,300,300,300,300,300,91,0,190.0,578.8282106622828,86.87065995763987,3460.998703027144,157.0
1785385789,16,total,S1,0.100000,0.000000,9800,9800,13000,13000,13000,13000,13000,13000,13000,13000,13000,91,0,5100.0,5345.112095472459,1225.9388089878485,13183.694897044916,256.0
1785385789,16,TTFT,S2,0.900000,0.000000,430,1900,3500,3500,4100,4100,4100,4100,4100,4100,4100,273,0,260.0,768.9461011263446,132.84717197529972,4091.9762150151655,1153.0
1785385789,16,total,S2,0.900000,0.000000,13000,13000,13000,13000,14000,14000,14000,14000,14000,14000,14000,273,0,3500.0,5076.317883276589,1273.4447169932537,13800.739714992233,256.0
1785385789,16,TTFT,S3,0.600000,0.000000,5900,6000,6900,6900,7800,7800,7800,7800,7800,7800,7800,133,0,2500.0,3349.98428782,2292.0104970107786,7755.792833049782,9649.0
1785385789,16,total,S3,0.600000,0.000000,14000,14000,14000,14000,14000,14000,14000,14000,14000,14000,14000,133,0,8600.0,8279.489133246174,3469.237338984385,15295.095621026121,256.0
1785385789,16,,Aggregated,3.200000,0.000000,9800,11000,13000,13000,14000,14000,14000,14000,14000,14000,14000,994,0,2400.0,3703.778270223404,86.87065995763987,15295.095621026121,1750.105633802817
1785385790,16,TTFT,S1,0.100000,0.000000,210,210,300,300,300,300,300,300,300,300,300,91,0,190.0,578.8282106622828,86.87065995763987,3460.998703027144,157.0
1785385790,16,total,S1,0.100000,0.000000,9800,9800,13000,13000,13000,13000,13000,13000,13000,13000,13000,91,0,5100.0,5345.112095472459,1225.9388089878485,13183.694897044916,256.0
1785385790,16,TTFT,S2,0.900000,0.000000,430,1900,3500,3500,4100,4100,4100,4100,4100,4100,4100,273,0,260.0,768.9461011263446,132.84717197529972,4091.9762150151655,1153.0
1785385790,16,total,S2,0.900000,0.000000,13000,13000,13000,13000,14000,14000,14000,14000,14000,14000,14000,273,0,3500.0,5076.317883276589,1273.4447169932537,13800.739714992233,256.0
1785385790,16,TTFT,S3,0.600000,0.000000,6000,6000,6900,6900,7800,7800,7800,7800,7800,7800,7800,133,0,2500.0,3349.98428782,2292.0104970107786,7755.792833049782,9649.0
1785385790,16,total,S3,0.600000,0.000000,14000,14000,14000,14000,14000,14000,14000,14000,14000,14000,14000,133,0,8600.0,8279.489133246174,3469.237338984385,15295.095621026121,256.0
1785385790,16,,Aggregated,3.200000,0.000000,9800,11000,13000,13000,14000,14000,14000,14000,14000,14000,14000,994,0,2400.0,3703.778270223404,86.87065995763987,15295.095621026121,1750.105633802817
1785385791,16,TTFT,S1,0.100000,0.000000,210,210,300,300,300,300,300,300,300,300,300,91,0,190.0,578.8282106622828,86.87065995763987,3460.998703027144,157.0
1785385791,16,total,S1,0.100000,0.000000,9800,9800,13000,13000,13000,13000,13000,13000,13000,13000,13000,91,0,5100.0,5345.112095472459,1225.9388089878485,13183.694897044916,256.0
1785385791,16,TTFT,S2,0.900000,0.000000,3500,3500,4100,4100,4100,4100,4100,4100,4100,4100,4100,273,0,260.0,768.9461011263446,132.84717197529972,4091.9762150151655,1153.0
1785385791,16,total,S2,0.900000,0.000000,11000,11000,14000,14000,14000,14000,14000,14000,14000,14000,14000,273,0,3500.0,5076.317883276589,1273.4447169932537,13800.739714992233,256.0
1785385791,16,TTFT,S3,0.600000,0.000000,6000,6000,6900,6900,7800,7800,7800,7800,7800,7800,7800,133,0,2500.0,3349.98428782,2292.0104970107786,7755.792833049782,9649.0
1785385791,16,total,S3,0.600000,0.000000,14000,14000,14000,14000,14000,14000,14000,14000,14000,14000,14000,133,0,8600.0,8279.489133246174,3469.237338984385,15295.095621026121,256.0
1785385791,16,,Aggregated,3.200000,0.000000,9800,9800,11000,14000,14000,14000,14000,14000,14000,14000,14000,994,0,2400.0,3703.778270223404,86.87065995763987,15295.095621026121,1750.105633802817
1785385792,16,TTFT,S1,0.200000,0.000000,300,300,3600,3600,3600,3600,3600,3600,3600,3600,3600,94,0,200.0,639.0188055984835,86.87065995763987,3577.98995799385,157.0
1785385792,16,total,S1,0.200000,0.000000,9800,9800,9900,9900,13000,13000,13000,13000,13000,13000,13000,94,0,5600.0,5488.196084563784,1225.9388089878485,13183.694897044916,256.0
1785385792,16,TTFT,S2,0.800000,0.000000,3600,3600,3600,3600,4100,4100,4100,4100,4100,4100,4100,278,0,260.0,807.8971543219928,132.84717197529972,4091.9762150151655,1153.0
1785385792,16,total,S2,0.800000,0.000000,9800,9800,9900,11000,14000,14000,14000,14000,14000,14000,14000,278,0,3500.0,5162.051812145966,1273.4447169932537,13800.739714992233,256.0
1785385792,16,TTFT,S3,0.600000,0.000000,5900,5900,6000,6900,7800,7800,7800,7800,7800,7800,7800,136,0,2500.0,3378.3927643312113,2292.0104970107786,7755.792833049782,9649.0
1785385792,16,total,S3,0.600000,0.000000,11000,14000,14000,14000,14000,14000,14000,14000,14000,14000,14000,136,0,8600.0,8322.421081681729,3469.237338984385,15295.095621026121,256.0
1785385792,16,,Aggregated,3.200000,0.000000,9800,9800,9900,10000,14000,14000,14000,14000,14000,14000,14000,1016,0,2400.0,3766.648322255025,86.87065995763987,15295.095621026121,1749.6102362204724
1785385793,16,TTFT,S1,0.200000,0.000000,260,3600,3600,3600,3600,3600,3600,3600,3600,3600,3600,94,0,200.0,639.0188055984835,86.87065995763987,3577.98995799385,157.0
1785385793,16,total,S1,0.200000,0.000000,9800,9800,9800,9900,9900,9900,9900,9900,9900,9900,9900,94,0,5600.0,5488.196084563784,1225.9388089878485,13183.694897044916,256.0
1785385793,16,TTFT,S2,0.800000,0.000000,3600,3600,3600,3600,4100,4100,4100,4100,4100,4100,4100,278,0,260.0,807.8971543219928,132.84717197529972,4091.9762150151655,1153.0
1785385793,16,total,S2,0.800000,0.000000,9800,9800,9900,11000,14000,14000,14000,14000,14000,14000,14000,278,0,3500.0,5162.051812145966,1273.4447169932537,13800.739714992233,256.0
1785385793,16,TTFT,S3,0.600000,0.000000,5900,5900,6000,6900,7800,7800,7800,7800,7800,7800,7800,136,0,2500.0,3378.3927643312113,2292.0104970107786,7755.792833049782,9649.0
1785385793,16,total,S3,0.600000,0.000000,11000,14000,14000,14000,14000,14000,14000,14000,14000,14000,14000,136,0,8600.0,8322.421081681729,3469.237338984385,15295.095621026121,256.0
1785385793,16,,Aggregated,3.200000,0.000000,9800,9800,9900,10000,14000,14000,14000,14000,14000,14000,14000,1016,0,2400.0,3766.648322255025,86.87065995763987,15295.095621026121,1749.6102362204724
1785385794,16,TTFT,S1,0.200000,0.000000,260,3600,3600,3600,3600,3600,3600,3600,3600,3600,3600,94,0,200.0,639.0188055984835,86.87065995763987,3577.98995799385,157.0
1785385794,16,total,S1,0.200000,0.000000,9800,9800,9800,9900,9900,9900,9900,9900,9900,9900,9900,94,0,5600.0,5488.196084563784,1225.9388089878485,13183.694897044916,256.0
1785385794,16,TTFT,S2,0.800000,0.000000,3600,3600,3600,3600,4100,4100,4100,4100,4100,4100,4100,278,0,260.0,807.8971543219928,132.84717197529972,4091.9762150151655,1153.0
1785385794,16,total,S2,0.800000,0.000000,9800,9800,9900,11000,14000,14000,14000,14000,14000,14000,14000,278,0,3500.0,5162.051812145966,1273.4447169932537,13800.739714992233,256.0
1785385794,16,TTFT,S3,0.600000,0.000000,5900,5900,6000,6900,7800,7800,7800,7800,7800,7800,7800,136,0,2500.0,3378.3927643312113,2292.0104970107786,7755.792833049782,9649.0
1785385794,16,total,S3,0.600000,0.000000,11000,14000,14000,14000,14000,14000,14000,14000,14000,14000,14000,136,0,8600.0,8322.421081681729,3469.237338984385,15295.095621026121,256.0
1785385794,16,,Aggregated,3.200000,0.000000,9800,9800,9900,10000,14000,14000,14000,14000,14000,14000,14000,1016,0,2400.0,3766.648322255025,86.87065995763987,15295.095621026121,1749.6102362204724
1785385795,16,TTFT,S1,0.200000,0.000000,260,3600,3600,3600,3600,3600,3600,3600,3600,3600,3600,94,0,200.0,639.0188055984835,86.87065995763987,3577.98995799385,157.0
1785385795,16,total,S1,0.200000,0.000000,9800,9800,9800,9900,9900,9900,9900,9900,9900,9900,9900,94,0,5600.0,5488.196084563784,1225.9388089878485,13183.694897044916,256.0
1785385795,16,TTFT,S2,0.800000,0.000000,3600,3600,3600,3600,3600,3600,3600,3600,3600,3600,3600,278,0,260.0,807.8971543219928,132.84717197529972,4091.9762150151655,1153.0
1785385795,16,total,S2,0.800000,0.000000,9800,9800,9800,9800,9900,9900,9900,9900,9900,9900,9900,278,0,3500.0,5162.051812145966,1273.4447169932537,13800.739714992233,256.0
1785385795,16,TTFT,S3,0.600000,0.000000,5400,5400,5900,5900,5900,5900,5900,5900,5900,5900,5900,136,0,2500.0,3378.3927643312113,2292.0104970107786,7755.792833049782,9649.0
1785385795,16,total,S3,0.600000,0.000000,10000,10000,10000,10000,10000,10000,10000,10000,10000,10000,10000,136,0,8600.0,8322.421081681729,3469.237338984385,15295.095621026121,256.0
1785385795,16,,Aggregated,3.200000,0.000000,9800,9800,9800,9800,9900,10000,10000,10000,10000,10000,10000,1016,0,2400.0,3766.648322255025,86.87065995763987,15295.095621026121,1749.6102362204724
1785385796,16,TTFT,S1,0.200000,0.000000,260,3600,3600,3600,3600,3600,3600,3600,3600,3600,3600,94,0,200.0,639.0188055984835,86.87065995763987,3577.98995799385,157.0
1785385796,16,total,S1,0.200000,0.000000,9800,9800,9800,9900,9900,9900,9900,9900,9900,9900,9900,94,0,5600.0,5488.196084563784,1225.9388089878485,13183.694897044916,256.0
1785385796,16,TTFT,S2,0.800000,0.000000,3600,3600,3600,3600,3600,3600,3600,3600,3600,3600,3600,278,0,260.0,807.8971543219928,132.84717197529972,4091.9762150151655,1153.0
1785385796,16,total,S2,0.800000,0.000000,9800,9800,9800,9800,9900,9900,9900,9900,9900,9900,9900,278,0,3500.0,5162.051812145966,1273.4447169932537,13800.739714992233,256.0
1785385796,16,TTFT,S3,0.600000,0.000000,5400,5400,5900,5900,5900,5900,5900,5900,5900,5900,5900,136,0,2500.0,3378.3927643312113,2292.0104970107786,7755.792833049782,9649.0
1785385796,16,total,S3,0.600000,0.000000,10000,10000,10000,10000,10000,10000,10000,10000,10000,10000,10000,136,0,8600.0,8322.421081681729,3469.237338984385,15295.095621026121,256.0
1785385796,16,,Aggregated,3.200000,0.000000,9800,9800,9800,9800,9900,10000,10000,10000,10000,10000,10000,1016,0,2400.0,3766.648322255025,86.87065995763987,15295.095621026121,1749.6102362204724
1785385797,16,TTFT,S1,0.200000,0.000000,260,3600,3600,3600,3600,3600,3600,3600,3600,3600,3600,94,0,200.0,639.0188055984835,86.87065995763987,3577.98995799385,157.0
1785385797,16,total,S1,0.200000,0.000000,9800,9800,9800,9900,9900,9900,9900,9900,9900,9900,9900,94,0,5600.0,5488.196084563784,1225.9388089878485,13183.694897044916,256.0
1785385797,16,TTFT,S2,0.800000,0.000000,3600,3600,3600,3600,3600,3600,3600,3600,3600,3600,3600,278,0,260.0,807.8971543219928,132.84717197529972,4091.9762150151655,1153.0
1785385797,16,total,S2,0.800000,0.000000,9800,9800,9800,9800,9900,9900,9900,9900,9900,9900,9900,278,0,3500.0,5162.051812145966,1273.4447169932537,13800.739714992233,256.0
1785385797,16,TTFT,S3,0.600000,0.000000,5400,5400,5900,5900,5900,5900,5900,5900,5900,5900,5900,136,0,2500.0,3378.3927643312113,2292.0104970107786,7755.792833049782,9649.0
1785385797,16,total,S3,0.600000,0.000000,10000,10000,10000,10000,10000,10000,10000,10000,10000,10000,10000,136,0,8600.0,8322.421081681729,3469.237338984385,15295.095621026121,256.0
1785385797,16,,Aggregated,3.200000,0.000000,9800,9800,9800,9800,9900,10000,10000,10000,10000,10000,10000,1016,0,2400.0,3766.648322255025,86.87065995763987,15295.095621026121,1749.6102362204724
1785385798,16,TTFT,S1,0.500000,0.000000,260,3600,3600,3600,3600,3600,3600,3600,3600,3600,3600,94,0,200.0,639.0188055984835,86.87065995763987,3577.98995799385,157.0
1785385798,16,total,S1,0.500000,0.000000,9800,9800,9800,9900,9900,9900,9900,9900,9900,9900,9900,94,0,5600.0,5488.196084563784,1225.9388089878485,13183.694897044916,256.0
1785385798,16,TTFT,S2,0.700000,0.000000,3600,3600,3600,3600,3600,3600,3600,3600,3600,3600,3600,280,0,260.0,803.9899411199648,132.84717197529972,4091.9762150151655,1153.0
1785385798,16,total,S2,0.700000,0.000000,9800,9800,9800,9800,9900,9900,9900,9900,9900,9900,9900,280,0,3600.0,5195.376402694923,1273.4447169932537,13800.739714992233,256.0
1785385798,16,TTFT,S3,0.400000,0.000000,5400,5400,5900,5900,5900,5900,5900,5900,5900,5900,5900,136,0,2500.0,3378.3927643312113,2292.0104970107786,7755.792833049782,9649.0
1785385798,16,total,S3,0.400000,0.000000,10000,10000,10000,10000,10000,10000,10000,10000,10000,10000,10000,136,0,8600.0,8322.421081681729,3469.237338984385,15295.095621026121,256.0
1785385798,16,,Aggregated,3.200000,0.000000,9800,9800,9800,9800,10000,10000,10000,10000,10000,10000,10000,1020,0,2400.0,3771.6582931384132,86.87065995763987,15295.095621026121,1745.5117647058823
1785385799,16,TTFT,S1,0.500000,0.000000,3600,3600,3600,3600,3600,3600,3600,3600,3600,3600,3600,94,0,200.0,639.0188055984835,86.87065995763987,3577.98995799385,157.0
1785385799,16,total,S1,0.500000,0.000000,9800,9800,9900,9900,9900,9900,9900,9900,9900,9900,9900,94,0,5600.0,5488.196084563784,1225.9388089878485,13183.694897044916,256.0
1785385799,16,TTFT,S2,0.700000,0.000000,1900,3600,3600,3600,3600,3600,3600,3600,3600,3600,3600,282,0,260.0,811.3623947608581,132.84717197529972,4091.9762150151655,1153.0
1785385799,16,total,S2,0.700000,0.000000,9800,9800,9800,9800,9900,9900,9900,9900,9900,9900,9900,282,0,3600.0,5227.237992430996,1273.4447169932537,13800.739714992233,256.0
1785385799,16,TTFT,S3,0.400000,0.000000,2600,5400,5400,5900,5900,5900,5900,5900,5900,5900,5900,137,0,2500.0,3371.9178085333506,2292.0104970107786,7755.792833049782,9649.0
1785385799,16,total,S3,0.400000,0.000000,10000,10000,10000,10000,10000,10000,10000,10000,10000,10000,10000,137,0,8700.0,8337.262177012646,3469.237338984385,15295.095621026121,256.0
1785385799,16,,Aggregated,3.200000,0.000000,9700,9800,9800,9800,10000,10000,10000,10000,10000,10000,10000,1026,0,2400.0,3784.601527176567,86.87065995763987,15295.095621026121,1747.704678362573
1785385800,16,TTFT,S1,0.500000,0.000000,3600,3600,3600,3600,3600,3600,3600,3600,3600,3600,3600,94,0,200.0,639.0188055984835,86.87065995763987,3577.98995799385,157.0
1785385800,16,total,S1,0.500000,0.000000,9800,9800,9900,9900,9900,9900,9900,9900,9900,9900,9900,94,0,5600.0,5488.196084563784,1225.9388089878485,13183.694897044916,256.0
1785385800,16,TTFT,S2,0.700000,0.000000,1800,3600,3600,3600,3600,3600,3600,3600,3600,3600,3600,282,0,260.0,811.3623947608581,132.84717197529972,4091.9762150151655,1153.0
1785385800,16,total,S2,0.700000,0.000000,9800,9800,9800,9800,9900,9900,9900,9900,9900,9900,9900,282,0,3600.0,5227.237992430996,1273.4447169932537,13800.739714992233,256.0
1785385800,16,TTFT,S3,0.400000,0.000000,5400,5400,5900,5900,5900,5900,5900,5900,5900,5900,5900,137,0,2500.0,3371.9178085333506,2292.0104970107786,7755.792833049782,9649.0
1785385800,16,total,S3,0.400000,0.000000,10000,10000,10000,10000,10000,10000,10000,10000,10000,10000,10000,137,0,8700.0,8337.262177012646,3469.237338984385,15295.095621026121,256.0
1785385800,16,,Aggregated,3.200000,0.000000,9700,9800,9800,9800,9900,10000,10000,10000,10000,10000,10000,1026,0,2400.0,3784.601527176567,86.87065995763987,15295.095621026121,1747.704678362573
1785385801,16,TTFT,S1,0.500000,0.000000,3600,3600,3600,3600,3600,3600,3600,3600,3600,3600,3600,94,0,200.0,639.0188055984835,86.87065995763987,3577.98995799385,157.0
1785385801,16,total,S1,0.500000,0.000000,9800,9800,9800,9800,9800,9800,9800,9800,9800,9800,9800,94,0,5600.0,5488.196084563784,1225.9388089878485,13183.694897044916,256.0
1785385801,16,TTFT,S2,0.700000,0.000000,3600,3600,3600,3600,3600,3600,3600,3600,3600,3600,3600,282,0,260.0,811.3623947608581,132.84717197529972,4091.9762150151655,1153.0
1785385801,16,total,S2,0.700000,0.000000,9800,9800,9800,9800,9800,9800,9800,9800,9800,9800,9800,282,0,3600.0,5227.237992430996,1273.4447169932537,13800.739714992233,256.0
1785385801,16,TTFT,S3,0.400000,0.000000,5400,5400,5900,5900,5900,5900,5900,5900,5900,5900,5900,137,0,2500.0,3371.9178085333506,2292.0104970107786,7755.792833049782,9649.0
1785385801,16,total,S3,0.400000,0.000000,10000,10000,10000,10000,10000,10000,10000,10000,10000,10000,10000,137,0,8700.0,8337.262177012646,3469.237338984385,15295.095621026121,256.0
1785385801,16,,Aggregated,3.200000,0.000000,9700,9800,9800,9800,10000,10000,10000,10000,10000,10000,10000,1026,0,2400.0,3784.601527176567,86.87065995763987,15295.095621026121,1747.704678362573
1785385802,16,TTFT,S1,0.500000,0.000000,3600,3600,3600,3600,3600,3600,3600,3600,3600,3600,3600,94,0,200.0,639.0188055984835,86.87065995763987,3577.98995799385,157.0
1785385802,16,total,S1,0.500000,0.000000,9800,9800,9800,9800,9800,9800,9800,9800,9800,9800,9800,94,0,5600.0,5488.196084563784,1225.9388089878485,13183.694897044916,256.0
1785385802,16,TTFT,S2,0.700000,0.000000,3600,3600,3600,3600,3600,3600,3600,3600,3600,3600,3600,282,0,260.0,811.3623947608581,132.84717197529972,4091.9762150151655,1153.0
1785385802,16,total,S2,0.700000,0.000000,9800,9800,9800,9800,9800,9800,9800,9800,9800,9800,9800,282,0,3600.0,5227.237992430996,1273.4447169932537,13800.739714992233,256.0
1785385802,16,TTFT,S3,0.400000,0.000000,5400,5400,5900,5900,5900,5900,5900,5900,5900,5900,5900,137,0,2500.0,3371.9178085333506,2292.0104970107786,7755.792833049782,9649.0
1785385802,16,total,S3,0.400000,0.000000,10000,10000,10000,10000,10000,10000,10000,10000,10000,10000,10000,137,0,8700.0,8337.262177012646,3469.237338984385,15295.095621026121,256.0
1785385802,16,,Aggregated,3.200000,0.000000,9700,9800,9800,9800,10000,10000,10000,10000,10000,10000,10000,1026,0,2400.0,3784.601527176567,86.87065995763987,15295.095621026121,1747.704678362573
1785385803,16,TTFT,S1,0.500000,0.000000,3600,3600,3600,3600,3600,3600,3600,3600,3600,3600,3600,94,0,200.0,639.0188055984835,86.87065995763987,3577.98995799385,157.0
1785385803,16,total,S1,0.500000,0.000000,9800,9800,9800,9800,9800,9800,9800,9800,9800,9800,9800,94,0,5600.0,5488.196084563784,1225.9388089878485,13183.694897044916,256.0
1785385803,16,TTFT,S2,0.700000,0.000000,3600,3600,3600,3600,3600,3600,3600,3600,3600,3600,3600,282,0,260.0,811.3623947608581,132.84717197529972,4091.9762150151655,1153.0
1785385803,16,total,S2,0.700000,0.000000,9800,9800,9800,9800,9800,9800,9800,9800,9800,9800,9800,282,0,3600.0,5227.237992430996,1273.4447169932537,13800.739714992233,256.0
1785385803,16,TTFT,S3,0.400000,0.000000,5400,5400,5900,5900,5900,5900,5900,5900,5900,5900,5900,137,0,2500.0,3371.9178085333506,2292.0104970107786,7755.792833049782,9649.0
1785385803,16,total,S3,0.400000,0.000000,10000,10000,10000,10000,10000,10000,10000,10000,10000,10000,10000,137,0,8700.0,8337.262177012646,3469.237338984385,15295.095621026121,256.0
1785385803,16,,Aggregated,3.200000,0.000000,9700,9800,9800,9800,10000,10000,10000,10000,10000,10000,10000,1026,0,2400.0,3784.601527176567,86.87065995763987,15295.095621026121,1747.704678362573
1785385804,16,TTFT,S1,0.500000,0.000000,3600,3600,3600,3600,3600,3600,3600,3600,3600,3600,3600,94,0,200.0,639.0188055984835,86.87065995763987,3577.98995799385,157.0
1785385804,16,total,S1,0.500000,0.000000,9800,9800,9800,9800,9800,9800,9800,9800,9800,9800,9800,94,0,5600.0,5488.196084563784,1225.9388089878485,13183.694897044916,256.0
1785385804,16,TTFT,S2,0.700000,0.000000,3600,3600,3600,3600,3600,3600,3600,3600,3600,3600,3600,282,0,260.0,811.3623947608581,132.84717197529972,4091.9762150151655,1153.0
1785385804,16,total,S2,0.700000,0.000000,9800,9800,9800,9800,9800,9800,9800,9800,9800,9800,9800,282,0,3600.0,5227.237992430996,1273.4447169932537,13800.739714992233,256.0
1785385804,16,TTFT,S3,0.400000,0.000000,5400,5400,5900,5900,5900,5900,5900,5900,5900,5900,5900,137,0,2500.0,3371.9178085333506,2292.0104970107786,7755.792833049782,9649.0
1785385804,16,total,S3,0.400000,0.000000,10000,10000,10000,10000,10000,10000,10000,10000,10000,10000,10000,137,0,8700.0,8337.262177012646,3469.237338984385,15295.095621026121,256.0
1785385804,16,,Aggregated,3.200000,0.000000,9700,9800,9800,9800,10000,10000,10000,10000,10000,10000,10000,1026,0,2400.0,3784.601527176567,86.87065995763987,15295.095621026121,1747.704678362573
1785385805,16,TTFT,S1,0.500000,0.000000,3600,3600,3600,3600,3600,3600,3600,3600,3600,3600,3600,94,0,200.0,639.0188055984835,86.87065995763987,3577.98995799385,157.0
1785385805,16,total,S1,0.500000,0.000000,9800,9800,9800,9800,9800,9800,9800,9800,9800,9800,9800,94,0,5600.0,5488.196084563784,1225.9388089878485,13183.694897044916,256.0
1785385805,16,TTFT,S2,0.700000,0.000000,1800,1800,1800,1800,1800,1800,1800,1800,1800,1800,1800,282,0,260.0,811.3623947608581,132.84717197529972,4091.9762150151655,1153.0
1785385805,16,total,S2,0.700000,0.000000,9800,9800,9800,9800,9800,9800,9800,9800,9800,9800,9800,282,0,3600.0,5227.237992430996,1273.4447169932537,13800.739714992233,256.0
1785385805,16,TTFT,S3,0.400000,0.000000,2500,2500,2500,2500,2500,2500,2500,2500,2500,2500,2500,137,0,2500.0,3371.9178085333506,2292.0104970107786,7755.792833049782,9649.0
1785385805,16,total,S3,0.400000,0.000000,10000,10000,10000,10000,10000,10000,10000,10000,10000,10000,10000,137,0,8700.0,8337.262177012646,3469.237338984385,15295.095621026121,256.0
1785385805,16,,Aggregated,3.200000,0.000000,9700,9700,9800,9800,10000,10000,10000,10000,10000,10000,10000,1026,0,2400.0,3784.601527176567,86.87065995763987,15295.095621026121,1747.704678362573
1785385806,16,TTFT,S1,0.000000,0.000000,3600,3600,3600,3600,3600,3600,3600,3600,3600,3600,3600,94,0,200.0,639.0188055984835,86.87065995763987,3577.98995799385,157.0
1785385806,16,total,S1,0.000000,0.000000,9800,9800,9800,9800,9800,9800,9800,9800,9800,9800,9800,94,0,5600.0,5488.196084563784,1225.9388089878485,13183.694897044916,256.0
1785385806,16,TTFT,S2,0.400000,0.000000,270,1800,1800,1800,1800,1800,1800,1800,1800,1800,1800,283,0,260.0,809.0445235284792,132.84717197529972,4091.9762150151655,1153.0
1785385806,16,total,S2,0.400000,0.000000,9800,9800,9800,15000,15000,15000,15000,15000,15000,15000,15000,283,0,3600.0,5260.704185093783,1273.4447169932537,14698.170515999664,256.0
1785385806,16,TTFT,S3,0.100000,0.000000,2500,2500,2500,2500,2500,2500,2500,2500,2500,2500,2500,137,0,2500.0,3371.9178085333506,2292.0104970107786,7755.792833049782,9649.0
1785385806,16,total,S3,0.100000,0.000000,10000,10000,10000,10000,10000,10000,10000,10000,10000,10000,10000,137,0,8700.0,8337.262177012646,3469.237338984385,15295.095621026121,256.0
1785385806,16,,Aggregated,1.000000,0.000000,9700,9700,9800,9800,10000,15000,15000,15000,15000,15000,15000,1028,0,2400.0,3791.687492446649,86.87065995763987,15295.095621026121,1745.6750972762645
1785385807,16,TTFT,S1,0.000000,0.000000,3600,3600,3600,3600,3600,3600,3600,3600,3600,3600,3600,96,0,200.0,670.2912900539862,86.87065995763987,3577.98995799385,157.0
1785385807,16,total,S1,0.000000,0.000000,15000,15000,15000,15000,15000,15000,15000,15000,15000,15000,15000,96,0,5600.0,5682.729359916266,1225.9388089878485,14828.21151096141,256.0
1785385807,16,TTFT,S2,0.400000,0.000000,2100,3700,3700,3700,3700,3700,3700,3700,3700,3700,3700,288,0,260.0,854.2042894116296,132.84717197529972,4091.9762150151655,1153.0
1785385807,16,total,S2,0.400000,0.000000,15000,15000,15000,15000,15000,15000,15000,15000,15000,15000,15000,288,0,3900.0,5426.697636543597,1273.4447169932537,14825.37996803876,256.0
1785385807,16,TTFT,S3,0.100000,0.000000,5400,5400,5600,5600,5600,5600,5600,5600,5600,5600,5600,140,0,2500.0,3397.367662914829,2292.0104970107786,7755.792833049782,9649.0
1785385807,16,total,S3,0.100000,0.000000,15000,15000,15000,15000,15000,15000,15000,15000,15000,15000,15000,140,0,8700.0,8480.242850912535,3469.237338984385,15366.771345026791,256.0
1785385807,16,,Aggregated,1.000000,0.000000,9700,15000,15000,15000,15000,15000,15000,15000,15000,15000,15000,1048,0,2500.0,3894.7091689008403,86.87065995763987,15366.771345026791,1748.2251908396947
1785385808,16,TTFT,S1,0.000000,0.000000,3600,3600,3600,3600,3600,3600,3600,3600,3600,3600,3600,96,0,200.0,670.2912900539862,86.87065995763987,3577.98995799385,157.0
1785385808,16,total,S1,0.000000,0.000000,15000,15000,15000,15000,15000,15000,15000,15000,15000,15000,15000,96,0,5600.0,5682.729359916266,1225.9388089878485,14828.21151096141,256.0
1785385808,16,TTFT,S2,0.400000,0.000000,2100,3700,3700,3700,3700,3700,3700,3700,3700,3700,3700,288,0,260.0,854.2042894116296,132.84717197529972,4091.9762150151655,1153.0
1785385808,16,total,S2,0.400000,0.000000,15000,15000,15000,15000,15000,15000,15000,15000,15000,15000,15000,288,0,3900.0,5426.697636543597,1273.4447169932537,14825.37996803876,256.0
1785385808,16,TTFT,S3,0.100000,0.000000,5400,5400,5600,5600,5600,5600,5600,5600,5600,5600,5600,140,0,2500.0,3397.367662914829,2292.0104970107786,7755.792833049782,9649.0
1785385808,16,total,S3,0.100000,0.000000,15000,15000,15000,15000,15000,15000,15000,15000,15000,15000,15000,140,0,8700.0,8480.242850912535,3469.237338984385,15366.771345026791,256.0
1785385808,16,,Aggregated,1.000000,0.000000,9700,15000,15000,15000,15000,15000,15000,15000,15000,15000,15000,1048,0,2500.0,3894.7091689008403,86.87065995763987,15366.771345026791,1748.2251908396947
1785385809,16,TTFT,S1,0.000000,0.000000,2100,2100,2100,2100,2100,2100,2100,2100,2100,2100,2100,96,0,200.0,670.2912900539862,86.87065995763987,3577.98995799385,157.0
1785385809,16,total,S1,0.000000,0.000000,15000,15000,15000,15000,15000,15000,15000,15000,15000,15000,15000,96,0,5600.0,5682.729359916266,1225.9388089878485,14828.21151096141,256.0
1785385809,16,TTFT,S2,0.400000,0.000000,2100,3700,3700,3700,3700,3700,3700,3700,3700,3700,3700,288,0,260.0,854.2042894116296,132.84717197529972,4091.9762150151655,1153.0
1785385809,16,total,S2,0.400000,0.000000,15000,15000,15000,15000,15000,15000,15000,15000,15000,15000,15000,288,0,3900.0,5426.697636543597,1273.4447169932537,14825.37996803876,256.0
1785385809,16,TTFT,S3,0.100000,0.000000,5400,5400,5600,5600,5600,5600,5600,5600,5600,5600,5600,140,0,2500.0,3397.367662914829,2292.0104970107786,7755.792833049782,9649.0
1785385809,16,total,S3,0.100000,0.000000,15000,15000,15000,15000,15000,15000,15000,15000,15000,15000,15000,140,0,8700.0,8480.242850912535,3469.237338984385,15366.771345026791,256.0
1785385809,16,,Aggregated,1.000000,0.000000,9700,15000,15000,15000,15000,15000,15000,15000,15000,15000,15000,1048,0,2500.0,3894.7091689008403,86.87065995763987,15366.771345026791,1748.2251908396947
1785385810,16,TTFT,S1,0.200000,0.000000,2100,2100,2100,2100,2100,2100,2100,2100,2100,2100,2100,96,0,200.0,670.2912900539862,86.87065995763987,3577.98995799385,157.0
1785385810,16,total,S1,0.200000,0.000000,15000,15000,15000,15000,15000,15000,15000,15000,15000,15000,15000,96,0,5600.0,5682.729359916266,1225.9388089878485,14828.21151096141,256.0
1785385810,16,TTFT,S2,1.000000,0.000000,1800,3700,3700,3700,3700,3700,3700,3700,3700,3700,3700,289,0,260.0,851.840028870419,132.84717197529972,4091.9762150151655,1153.0
1785385810,16,total,S2,1.000000,0.000000,15000,15000,15000,15000,15000,15000,15000,15000,15000,15000,15000,289,0,3900.0,5447.742789143867,1273.4447169932537,14825.37996803876,256.0
1785385810,16,TTFT,S3,0.400000,0.000000,5300,5400,5600,5600,7000,7000,7000,7000,7000,7000,7000,144,0,2500.0,3440.6015392988693,2292.0104970107786,7755.792833049782,9649.0
1785385810,16,total,S3,0.400000,0.000000,12000,15000,15000,15000,15000,15000,15000,15000,15000,15000,15000,144,0,8700.0,8570.570569109907,3469.237338984385,15366.771345026791,256.0
1785385810,16,,Aggregated,3.200000,0.000000,9700,12000,15000,15000,15000,15000,15000,15000,15000,15000,15000,1058,0,2500.0,3932.020983378201,86.87065995763987,15366.771345026791,1770.4810964083176
1785385811,16,TTFT,S1,0.200000,0.000000,2100,2100,2100,2100,2100,2100,2100,2100,2100,2100,2100,96,0,200.0,670.2912900539862,86.87065995763987,3577.98995799385,157.0
1785385811,16,total,S1,0.200000,0.000000,15000,15000,15000,15000,15000,15000,15000,15000,15000,15000,15000,96,0,5600.0,5682.729359916266,1225.9388089878485,14828.21151096141,256.0
1785385811,16,TTFT,S2,1.000000,0.000000,1800,3700,3700,3700,3700,3700,3700,3700,3700,3700,3700,289,0,260.0,851.840028870419,132.84717197529972,4091.9762150151655,1153.0
1785385811,16,total,S2,1.000000,0.000000,15000,15000,15000,15000,15000,15000,15000,15000,15000,15000,15000,289,0,3900.0,5447.742789143867,1273.4447169932537,14825.37996803876,256.0
1785385811,16,TTFT,S3,0.400000,0.000000,5300,5400,5600,5600,7000,7000,7000,7000,7000,7000,7000,144,0,2500.0,3440.6015392988693,2292.0104970107786,7755.792833049782,9649.0
1785385811,16,total,S3,0.400000,0.000000,12000,15000,15000,15000,15000,15000,15000,15000,15000,15000,15000,144,0,8700.0,8570.570569109907,3469.237338984385,15366.771345026791,256.0
1785385811,16,,Aggregated,3.200000,0.000000,9700,12000,15000,15000,15000,15000,15000,15000,15000,15000,15000,1058,0,2500.0,3932.020983378201,86.87065995763987,15366.771345026791,1770.4810964083176
1785385812,16,TTFT,S1,0.200000,0.000000,2100,2100,2100,2100,2100,2100,2100,2100,2100,2100,2100,96,0,200.0,670.2912900539862,86.87065995763987,3577.98995799385,157.0
1785385812,16,total,S1,0.200000,0.000000,15000,15000,15000,15000,15000,15000,15000,15000,15000,15000,15000,96,0,5600.0,5682.729359916266,1225.9388089878485,14828.21151096141,256.0
1785385812,16,TTFT,S2,1.000000,0.000000,3700,3700,3700,3700,3700,3700,3700,3700,3700,3700,3700,289,0,260.0,851.840028870419,132.84717197529972,4091.9762150151655,1153.0
1785385812,16,total,S2,1.000000,0.000000,15000,15000,15000,15000,15000,15000,15000,15000,15000,15000,15000,289,0,3900.0,5447.742789143867,1273.4447169932537,14825.37996803876,256.0
1785385812,16,TTFT,S3,0.400000,0.000000,5300,5400,5600,5600,7000,7000,7000,7000,7000,7000,7000,144,0,2500.0,3440.6015392988693,2292.0104970107786,7755.792833049782,9649.0
1785385812,16,total,S3,0.400000,0.000000,12000,15000,15000,15000,15000,15000,15000,15000,15000,15000,15000,144,0,8700.0,8570.570569109907,3469.237338984385,15366.771345026791,256.0
1785385812,16,,Aggregated,3.200000,0.000000,12000,15000,15000,15000,15000,15000,15000,15000,15000,15000,15000,1058,0,2500.0,3932.020983378201,86.87065995763987,15366.771345026791,1770.4810964083176
1785385813,16,TTFT,S1,0.200000,0.000000,300,2100,2100,2100,2100,2100,2100,2100,2100,2100,2100,99,0,200.0,659.0825915266054,86.87065995763987,3577.98995799385,157.0
1785385813,16,total,S1,0.200000,0.000000,6500,15000,15000,15000,15000,15000,15000,15000,15000,15000,15000,99,0,5700.0,5707.762517484206,1225.9388089878485,14828.21151096141,256.0
1785385813,16,TTFT,S2,0.700000,0.000000,560,2100,3700,3700,3700,3700,3700,3700,3700,3700,3700,296,0,270.0,842.9772599475974,132.84717197529972,4091.9762150151655,1153.0
1785385813,16,total,S2,0.700000,0.000000,12000,15000,15000,15000,15000,15000,15000,15000,15000,15000,15000,296,0,4100.0,5473.4855438968025,1273.4447169932537,14825.37996803876,256.0
1785385813,16,TTFT,S3,0.700000,0.000000,5300,5400,5600,5600,7000,7000,7000,7000,7000,7000,7000,144,0,2500.0,3440.6015392988693,2292.0104970107786,7755.792833049782,9649.0
1785385813,16,total,S3,0.700000,0.000000,12000,15000,15000,15000,15000,15000,15000,15000,15000,15000,15000,144,0,8700.0,8570.570569109907,3469.237338984385,15366.771345026791,256.0
1785385813,16,,Aggregated,3.200000,0.000000,6500,6600,12000,15000,15000,15000,15000,15000,15000,15000,15000,1078,0,2500.0,3923.5616320416293,86.87065995763987,15366.771345026791,1747.9322820037105
1785385814,16,TTFT,S1,0.200000,0.000000,300,2100,2100,2100,2100,2100,2100,2100,2100,2100,2100,99,0,200.0,659.0825915266054,86.87065995763987,3577.98995799385,157.0
1785385814,16,total,S1,0.200000,0.000000,6500,15000,15000,15000,15000,15000,15000,15000,15000,15000,15000,99,0,5700.0,5707.762517484206,1225.9388089878485,14828.21151096141,256.0
1785385814,16,TTFT,S2,0.700000,0.000000,560,2100,3700,3700,3700,3700,3700,3700,3700,3700,3700,296,0,270.0,842.9772599475974,132.84717197529972,4091.9762150151655,1153.0
1785385814,16,total,S2,0.700000,0.000000,12000,15000,15000,15000,15000,15000,15000,15000,15000,15000,15000,296,0,4100.0,5473.4855438968025,1273.4447169932537,14825.37996803876,256.0
1785385814,16,TTFT,S3,0.700000,0.000000,5300,5400,5600,5600,7000,7000,7000,7000,7000,7000,7000,144,0,2500.0,3440.6015392988693,2292.0104970107786,7755.792833049782,9649.0
1785385814,16,total,S3,0.700000,0.000000,12000,15000,15000,15000,15000,15000,15000,15000,15000,15000,15000,144,0,8700.0,8570.570569109907,3469.237338984385,15366.771345026791,256.0
1785385814,16,,Aggregated,3.200000,0.000000,6500,6600,12000,15000,15000,15000,15000,15000,15000,15000,15000,1078,0,2500.0,3923.5616320416293,86.87065995763987,15366.771345026791,1747.9322820037105
1785385815,16,TTFT,S1,0.200000,0.000000,300,2100,2100,2100,2100,2100,2100,2100,2100,2100,2100,99,0,200.0,659.0825915266054,86.87065995763987,3577.98995799385,157.0
1785385815,16,total,S1,0.200000,0.000000,6500,15000,15000,15000,15000,15000,15000,15000,15000,15000,15000,99,0,5700.0,5707.762517484206,1225.9388089878485,14828.21151096141,256.0
1785385815,16,TTFT,S2,0.700000,0.000000,560,2100,3700,3700,3700,3700,3700,3700,3700,3700,3700,296,0,270.0,842.9772599475974,132.84717197529972,4091.9762150151655,1153.0
1785385815,16,total,S2,0.700000,0.000000,12000,15000,15000,15000,15000,15000,15000,15000,15000,15000,15000,296,0,4100.0,5473.4855438968025,1273.4447169932537,14825.37996803876,256.0
1785385815,16,TTFT,S3,0.700000,0.000000,5300,5400,5600,5600,7000,7000,7000,7000,7000,7000,7000,144,0,2500.0,3440.6015392988693,2292.0104970107786,7755.792833049782,9649.0
1785385815,16,total,S3,0.700000,0.000000,12000,15000,15000,15000,15000,15000,15000,15000,15000,15000,15000,144,0,8700.0,8570.570569109907,3469.237338984385,15366.771345026791,256.0
1785385815,16,,Aggregated,3.200000,0.000000,6500,6600,12000,15000,15000,15000,15000,15000,15000,15000,15000,1078,0,2500.0,3923.5616320416293,86.87065995763987,15366.771345026791,1747.9322820037105
1785385816,16,TTFT,S1,0.200000,0.000000,300,2100,2100,2100,2100,2100,2100,2100,2100,2100,2100,99,0,200.0,659.0825915266054,86.87065995763987,3577.98995799385,157.0
1785385816,16,total,S1,0.200000,0.000000,6500,15000,15000,15000,15000,15000,15000,15000,15000,15000,15000,99,0,5700.0,5707.762517484206,1225.9388089878485,14828.21151096141,256.0
1785385816,16,TTFT,S2,0.700000,0.000000,560,2100,3700,3700,3700,3700,3700,3700,3700,3700,3700,296,0,270.0,842.9772599475974,132.84717197529972,4091.9762150151655,1153.0
1785385816,16,total,S2,0.700000,0.000000,6600,15000,15000,15000,15000,15000,15000,15000,15000,15000,15000,296,0,4100.0,5473.4855438968025,1273.4447169932537,14825.37996803876,256.0
1785385816,16,TTFT,S3,0.700000,0.000000,5300,5400,5600,5600,7000,7000,7000,7000,7000,7000,7000,144,0,2500.0,3440.6015392988693,2292.0104970107786,7755.792833049782,9649.0
1785385816,16,total,S3,0.700000,0.000000,12000,15000,15000,15000,15000,15000,15000,15000,15000,15000,15000,144,0,8700.0,8570.570569109907,3469.237338984385,15366.771345026791,256.0
1785385816,16,,Aggregated,3.200000,0.000000,6500,6600,12000,15000,15000,15000,15000,15000,15000,15000,15000,1078,0,2500.0,3923.5616320416293,86.87065995763987,15366.771345026791,1747.9322820037105
1785385817,16,TTFT,S1,0.200000,0.000000,300,2100,2100,2100,2100,2100,2100,2100,2100,2100,2100,99,0,200.0,659.0825915266054,86.87065995763987,3577.98995799385,157.0
1785385817,16,total,S1,0.200000,0.000000,6500,15000,15000,15000,15000,15000,15000,15000,15000,15000,15000,99,0,5700.0,5707.762517484206,1225.9388089878485,14828.21151096141,256.0
1785385817,16,TTFT,S2,0.700000,0.000000,560,2100,3700,3700,3700,3700,3700,3700,3700,3700,3700,296,0,270.0,842.9772599475974,132.84717197529972,4091.9762150151655,1153.0
1785385817,16,total,S2,0.700000,0.000000,6600,15000,15000,15000,15000,15000,15000,15000,15000,15000,15000,296,0,4100.0,5473.4855438968025,1273.4447169932537,14825.37996803876,256.0
1785385817,16,TTFT,S3,0.700000,0.000000,5300,5400,5600,5600,7000,7000,7000,7000,7000,7000,7000,144,0,2500.0,3440.6015392988693,2292.0104970107786,7755.792833049782,9649.0
1785385817,16,total,S3,0.700000,0.000000,12000,15000,15000,15000,15000,15000,15000,15000,15000,15000,15000,144,0,8700.0,8570.570569109907,3469.237338984385,15366.771345026791,256.0
1785385817,16,,Aggregated,3.200000,0.000000,6500,6600,12000,15000,15000,15000,15000,15000,15000,15000,15000,1078,0,2500.0,3923.5616320416293,86.87065995763987,15366.771345026791,1747.9322820037105
1785385818,16,TTFT,S1,0.200000,0.000000,300,2100,2100,2100,2100,2100,2100,2100,2100,2100,2100,99,0,200.0,659.0825915266054,86.87065995763987,3577.98995799385,157.0
1785385818,16,total,S1,0.200000,0.000000,6500,15000,15000,15000,15000,15000,15000,15000,15000,15000,15000,99,0,5700.0,5707.762517484206,1225.9388089878485,14828.21151096141,256.0
1785385818,16,TTFT,S2,0.700000,0.000000,510,540,560,560,560,560,560,560,560,560,560,296,0,270.0,842.9772599475974,132.84717197529972,4091.9762150151655,1153.0
1785385818,16,total,S2,0.700000,0.000000,6500,6500,6600,6600,12000,12000,12000,12000,12000,12000,12000,296,0,4100.0,5473.4855438968025,1273.4447169932537,14825.37996803876,256.0
1785385818,16,TTFT,S3,0.700000,0.000000,5300,5300,7000,7000,7000,7000,7000,7000,7000,7000,7000,144,0,2500.0,3440.6015392988693,2292.0104970107786,7755.792833049782,9649.0
1785385818,16,total,S3,0.700000,0.000000,12000,12000,12000,12000,12000,12000,12000,12000,12000,12000,12000,144,0,8700.0,8570.570569109907,3469.237338984385,15366.771345026791,256.0
1785385818,16,,Aggregated,3.200000,0.000000,6500,6500,6500,7000,12000,12000,12000,12000,12000,12000,12000,1078,0,2500.0,3923.5616320416293,86.87065995763987,15366.771345026791,1747.9322820037105
1785385819,16,TTFT,S1,0.500000,0.000000,300,2100,2100,2100,2100,2100,2100,2100,2100,2100,2100,99,0,200.0,659.0825915266054,86.87065995763987,3577.98995799385,157.0
1785385819,16,total,S1,0.500000,0.000000,6500,15000,15000,15000,15000,15000,15000,15000,15000,15000,15000,99,0,5700.0,5707.762517484206,1225.9388089878485,14828.21151096141,256.0
1785385819,16,TTFT,S2,1.300000,0.000000,510,510,540,560,560,560,560,560,560,560,560,297,0,270.0,840.6097115672457,132.84717197529972,4091.9762150151655,1153.0
1785385819,16,total,S2,1.300000,0.000000,6500,6500,6600,9700,12000,12000,12000,12000,12000,12000,12000,297,0,4100.0,5487.56647398809,1273.4447169932537,14825.37996803876,256.0
1785385819,16,TTFT,S3,0.700000,0.000000,5100,5300,5300,7000,7000,7000,7000,7000,7000,7000,7000,145,0,2500.0,3434.2334774487394,2292.0104970107786,7755.792833049782,9649.0
1785385819,16,total,S3,0.700000,0.000000,12000,12000,12000,12000,12000,12000,12000,12000,12000,12000,12000,145,0,8700.0,8594.554940481461,3469.237338984385,15366.771345026791,256.0
1785385819,16,,Aggregated,5.000000,0.000000,6500,6500,6600,7000,12000,12000,12000,12000,12000,12000,12000,1082,0,2500.0,3931.571454253127,86.87065995763987,15366.771345026791,1751.926987060998
1785385820,16,TTFT,S1,0.300000,0.000000,300,300,300,300,300,300,300,300,300,300,300,99,0,200.0,659.0825915266054,86.87065995763987,3577.98995799385,157.0
1785385820,16,total,S1,0.300000,0.000000,6500,6500,6500,6500,6500,6500,6500,6500,6500,6500,6500,99,0,5700.0,5707.762517484206,1225.9388089878485,14828.21151096141,256.0
1785385820,16,TTFT,S2,0.800000,0.000000,510,510,540,540,560,560,560,560,560,560,560,300,0,270.0,835.2207932382589,132.84717197529972,4091.9762150151655,1153.0
1785385820,16,total,S2,0.800000,0.000000,6600,9600,9700,9700,9700,12000,12000,12000,12000,12000,12000,300,0,4200.0,5529.297424511363,1273.4447169932537,14825.37996803876,256.0
1785385820,16,TTFT,S3,0.400000,0.000000,5100,5300,5300,7000,7000,7000,7000,7000,7000,7000,7000,145,0,2500.0,3434.2334774487394,2292.0104970107786,7755.792833049782,9649.0
1785385820,16,total,S3,0.400000,0.000000,12000,12000,12000,12000,12000,12000,12000,12000,12000,12000,12000,145,0,8700.0,8594.554940481461,3469.237338984385,15366.771345026791,256.0
1785385820,16,,Aggregated,3.000000,0.000000,6500,6500,7000,9700,12000,12000,12000,12000,12000,12000,12000,1088,0,2500.0,3937.3597901809153,86.87065995763987,15366.771345026791,1746.1507352941176
1785385821,16,TTFT,S1,0.300000,0.000000,300,300,300,300,300,300,300,300,300,300,300,99,0,200.0,659.0825915266054,86.87065995763987,3577.98995799385,157.0
1785385821,16,total,S1,0.300000,0.000000,6500,6500,6500,6500,6500,6500,6500,6500,6500,6500,6500,99,0,5700.0,5707.762517484206,1225.9388089878485,14828.21151096141,256.0
1785385821,16,TTFT,S2,0.800000,0.000000,510,510,540,540,560,560,560,560,560,560,560,300,0,270.0,835.2207932382589,132.84717197529972,4091.9762150151655,1153.0
1785385821,16,total,S2,0.800000,0.000000,6500,9600,9700,9700,9700,9700,9700,9700,9700,9700,9700,300,0,4200.0,5529.297424511363,1273.4447169932537,14825.37996803876,256.0
1785385821,16,TTFT,S3,0.400000,0.000000,5100,5100,5300,5300,7000,7000,7000,7000,7000,7000,7000,146,0,2500.0,3427.389184699142,2292.0104970107786,7755.792833049782,9649.0
1785385821,16,total,S3,0.400000,0.000000,12000,12000,12000,12000,12000,12000,12000,12000,12000,12000,12000,146,0,8700.0,8606.179098711087,3469.237338984385,15366.771345026791,256.0
1785385821,16,,Aggregated,3.000000,0.000000,6500,6500,6500,6600,9700,10000,12000,12000,12000,12000,12000,1090,0,2500.0,3941.8111013714224,86.87065995763987,15366.771345026791,1752.0339449541284
1785385822,16,TTFT,S1,0.300000,0.000000,300,300,300,300,300,300,300,300,300,300,300,99,0,200.0,659.0825915266054,86.87065995763987,3577.98995799385,157.0
1785385822,16,total,S1,0.300000,0.000000,6500,6500,6500,6500,6500,6500,6500,6500,6500,6500,6500,99,0,5700.0,5707.762517484206,1225.9388089878485,14828.21151096141,256.0
1785385822,16,TTFT,S2,0.800000,0.000000,510,510,540,540,560,560,560,560,560,560,560,300,0,270.0,835.2207932382589,132.84717197529972,4091.9762150151655,1153.0
1785385822,16,total,S2,0.800000,0.000000,6500,9600,9700,9700,9700,9700,9700,9700,9700,9700,9700,300,0,4200.0,5529.297424511363,1273.4447169932537,14825.37996803876,256.0
1785385822,16,TTFT,S3,0.400000,0.000000,5100,5100,5300,5300,7000,7000,7000,7000,7000,7000,7000,146,0,2500.0,3427.389184699142,2292.0104970107786,7755.792833049782,9649.0
1785385822,16,total,S3,0.400000,0.000000,12000,12000,12000,12000,12000,12000,12000,12000,12000,12000,12000,146,0,8700.0,8606.179098711087,3469.237338984385,15366.771345026791,256.0
1785385822,16,,Aggregated,3.000000,0.000000,6500,6500,6500,6600,9700,10000,12000,12000,12000,12000,12000,1090,0,2500.0,3941.8111013714224,86.87065995763987,15366.771345026791,1752.0339449541284
1785385823,16,TTFT,S1,0.300000,0.000000,2000,2000,2000,2000,2000,2000,2000,2000,2000,2000,2000,104,0,210.0,724.5418776163625,86.87065995763987,3577.98995799385,157.0
1785385823,16,total,S1,0.300000,0.000000,9700,9700,9700,9700,9700,9700,9700,9700,9700,9700,9700,104,0,5700.0,5899.301979172518,1225.9388089878485,14828.21151096141,256.0
1785385823,16,TTFT,S2,1.100000,0.000000,510,540,560,560,2000,2000,2000,2000,2000,2000,2000,302,0,270.0,843.1217221306892,132.84717197529972,4091.9762150151655,1153.0
1785385823,16,total,S2,1.100000,0.000000,6600,9700,9700,9700,9700,9700,9700,9700,9700,9700,9700,302,0,4200.0,5556.909399829105,1273.4447169932537,14825.37996803876,256.0
1785385823,16,TTFT,S3,0.200000,0.000000,5100,5300,5300,5400,7000,7000,7000,7000,7000,7000,7000,149,0,2500.0,3447.5038590471436,2292.0104970107786,7755.792833049782,9649.0
1785385823,16,total,S3,0.200000,0.000000,12000,12000,12000,12000,12000,12000,12000,12000,12000,12000,12000,149,0,8800.0,8632.193255763666,3469.237338984385,15366.771345026791,256.0
1785385823,16,,Aggregated,3.200000,0.000000,6500,6500,9700,9700,9700,10000,10000,12000,12000,12000,12000,1110,0,2500.0,3983.3910180582993,86.87065995763987,15366.771345026791,1751.6351351351352
1785385824,16,TTFT,S1,0.300000,0.000000,2000,2000,2000,2000,2000,2000,2000,2000,2000,2000,2000,105,0,210.0,718.6112650675655,86.87065995763987,3577.98995799385,157.0
1785385824,16,total,S1,0.300000,0.000000,9700,9700,9700,9700,9700,9700,9700,9700,9700,9700,9700,105,0,5700.0,5887.796595389955,1225.9388089878485,14828.21151096141,256.0
1785385824,16,TTFT,S2,1.100000,0.000000,510,540,560,560,2000,2000,2000,2000,2000,2000,2000,302,0,270.0,843.1217221306892,132.84717197529972,4091.9762150151655,1153.0
1785385824,16,total,S2,1.100000,0.000000,6600,9700,9700,9700,9700,9700,9700,9700,9700,9700,9700,302,0,4200.0,5556.909399829105,1273.4447169932537,14825.37996803876,256.0
1785385824,16,TTFT,S3,0.200000,0.000000,2600,5300,5300,5400,5400,5400,5400,5400,5400,5400,5400,149,0,2500.0,3447.5038590471436,2292.0104970107786,7755.792833049782,9649.0
1785385824,16,total,S3,0.200000,0.000000,10000,10000,10000,12000,12000,12000,12000,12000,12000,12000,12000,149,0,8800.0,8632.193255763666,3469.237338984385,15366.771345026791,256.0
1785385824,16,,Aggregated,3.200000,0.000000,5400,6500,9700,9700,9700,10000,10000,12000,12000,12000,12000,1112,0,2500.0,3980.5369552938023,86.87065995763987,15366.771345026791,1748.8561151079136
1785385825,16,TTFT,S1,0.300000,0.000000,2000,2000,2000,2000,2000,2000,2000,2000,2000,2000,2000,105,0,210.0,718.6112650675655,86.87065995763987,3577.98995799385,157.0
1785385825,16,total,S1,0.300000,0.000000,9700,9700,9700,9700,9700,9700,9700,9700,9700,9700,9700,105,0,5700.0,5887.796595389955,1225.9388089878485,14828.21151096141,256.0
1785385825,16,TTFT,S2,1.100000,0.000000,510,540,560,560,2000,2000,2000,2000,2000,2000,2000,302,0,270.0,843.1217221306892,132.84717197529972,4091.9762150151655,1153.0
1785385825,16,total,S2,1.100000,0.000000,6600,9700,9700,9700,9700,9700,9700,9700,9700,9700,9700,302,0,4200.0,5556.909399829105,1273.4447169932537,14825.37996803876,256.0
1785385825,16,TTFT,S3,0.200000,0.000000,2600,5300,5300,5400,5400,5400,5400,5400,5400,5400,5400,149,0,2500.0,3447.5038590471436,2292.0104970107786,7755.792833049782,9649.0
1785385825,16,total,S3,0.200000,0.000000,10000,10000,10000,12000,12000,12000,12000,12000,12000,12000,12000,149,0,8800.0,8632.193255763666,3469.237338984385,15366.771345026791,256.0
1785385825,16,,Aggregated,3.200000,0.000000,5400,6500,9700,9700,9700,10000,10000,12000,12000,12000,12000,1112,0,2500.0,3980.5369552938023,86.87065995763987,15366.771345026791,1748.8561151079136
1785385826,16,TTFT,S1,0.300000,0.000000,2000,2000,2000,2000,2000,2000,2000,2000,2000,2000,2000,105,0,210.0,718.6112650675655,86.87065995763987,3577.98995799385,157.0
1785385826,16,total,S1,0.300000,0.000000,9700,9700,9700,9700,9700,9700,9700,9700,9700,9700,9700,105,0,5700.0,5887.796595389955,1225.9388089878485,14828.21151096141,256.0
1785385826,16,TTFT,S2,1.100000,0.000000,310,310,2000,2000,2000,2000,2000,2000,2000,2000,2000,302,0,270.0,843.1217221306892,132.84717197529972,4091.9762150151655,1153.0
1785385826,16,total,S2,1.100000,0.000000,9700,9700,9700,9700,9700,9700,9700,9700,9700,9700,9700,302,0,4200.0,5556.909399829105,1273.4447169932537,14825.37996803876,256.0
1785385826,16,TTFT,S3,0.200000,0.000000,2600,5300,5300,5400,5400,5400,5400,5400,5400,5400,5400,149,0,2500.0,3447.5038590471436,2292.0104970107786,7755.792833049782,9649.0
1785385826,16,total,S3,0.200000,0.000000,10000,10000,10000,12000,12000,12000,12000,12000,12000,12000,12000,149,0,8800.0,8632.193255763666,3469.237338984385,15366.771345026791,256.0
1785385826,16,,Aggregated,3.200000,0.000000,5400,9700,9700,9700,9700,10000,12000,12000,12000,12000,12000,1112,0,2500.0,3980.5369552938023,86.87065995763987,15366.771345026791,1748.8561151079136
1785385827,16,TTFT,S1,0.300000,0.000000,2000,2000,2000,2000,2000,2000,2000,2000,2000,2000,2000,105,0,210.0,718.6112650675655,86.87065995763987,3577.98995799385,157.0
1785385827,16,total,S1,0.300000,0.000000,9700,9700,9700,9700,9700,9700,9700,9700,9700,9700,9700,105,0,5700.0,5887.796595389955,1225.9388089878485,14828.21151096141,256.0
1785385827,16,TTFT,S2,1.100000,0.000000,310,310,2000,2000,2000,2000,2000,2000,2000,2000,2000,302,0,270.0,843.1217221306892,132.84717197529972,4091.9762150151655,1153.0
1785385827,16,total,S2,1.100000,0.000000,9700,9700,9700,9700,9700,9700,9700,9700,9700,9700,9700,302,0,4200.0,5556.909399829105,1273.4447169932537,14825.37996803876,256.0
1785385827,16,TTFT,S3,0.200000,0.000000,2600,5300,5300,5400,5400,5400,5400,5400,5400,5400,5400,149,0,2500.0,3447.5038590471436,2292.0104970107786,7755.792833049782,9649.0
1785385827,16,total,S3,0.200000,0.000000,10000,10000,10000,12000,12000,12000,12000,12000,12000,12000,12000,149,0,8800.0,8632.193255763666,3469.237338984385,15366.771345026791,256.0
1785385827,16,,Aggregated,3.200000,0.000000,5400,9700,9700,9700,9700,10000,12000,12000,12000,12000,12000,1112,0,2500.0,3980.5369552938023,86.87065995763987,15366.771345026791,1748.8561151079136
1785385828,16,TTFT,S1,0.300000,0.000000,2000,2000,2000,2000,2000,2000,2000,2000,2000,2000,2000,105,0,210.0,718.6112650675655,86.87065995763987,3577.98995799385,157.0
1785385828,16,total,S1,0.300000,0.000000,9700,9700,9700,9700,9700,9700,9700,9700,9700,9700,9700,105,0,5700.0,5887.796595389955,1225.9388089878485,14828.21151096141,256.0
1785385828,16,TTFT,S2,1.100000,0.000000,310,310,2000,2000,2000,2000,2000,2000,2000,2000,2000,302,0,270.0,843.1217221306892,132.84717197529972,4091.9762150151655,1153.0
1785385828,16,total,S2,1.100000,0.000000,9700,9700,9700,9700,9700,9700,9700,9700,9700,9700,9700,302,0,4200.0,5556.909399829105,1273.4447169932537,14825.37996803876,256.0
1785385828,16,TTFT,S3,0.200000,0.000000,2600,5300,5300,5400,5400,5400,5400,5400,5400,5400,5400,149,0,2500.0,3447.5038590471436,2292.0104970107786,7755.792833049782,9649.0
1785385828,16,total,S3,0.200000,0.000000,10000,10000,10000,12000,12000,12000,12000,12000,12000,12000,12000,149,0,8800.0,8632.193255763666,3469.237338984385,15366.771345026791,256.0
1785385828,16,,Aggregated,3.200000,0.000000,5400,9700,9700,9700,9700,10000,12000,12000,12000,12000,12000,1112,0,2500.0,3980.5369552938023,86.87065995763987,15366.771345026791,1748.8561151079136
1785385829,16,TTFT,S1,0.300000,0.000000,2000,2000,2000,2000,2000,2000,2000,2000,2000,2000,2000,105,0,210.0,718.6112650675655,86.87065995763987,3577.98995799385,157.0
1785385829,16,total,S1,0.300000,0.000000,9700,9700,9700,9700,9700,9700,9700,9700,9700,9700,9700,105,0,5700.0,5887.796595389955,1225.9388089878485,14828.21151096141,256.0
1785385829,16,TTFT,S2,1.100000,0.000000,310,2000,2000,2000,2000,2000,2000,2000,2000,2000,2000,302,0,270.0,843.1217221306892,132.84717197529972,4091.9762150151655,1153.0
1785385829,16,total,S2,1.100000,0.000000,9700,9700,9700,9700,9700,9700,9700,9700,9700,9700,9700,302,0,4200.0,5556.909399829105,1273.4447169932537,14825.37996803876,256.0
1785385829,16,TTFT,S3,0.200000,0.000000,5300,5300,5400,5400,5400,5400,5400,5400,5400,5400,5400,149,0,2500.0,3447.5038590471436,2292.0104970107786,7755.792833049782,9649.0
1785385829,16,total,S3,0.200000,0.000000,10000,10000,10000,10000,10000,10000,10000,10000,10000,10000,10000,149,0,8800.0,8632.193255763666,3469.237338984385,15366.771345026791,256.0
1785385829,16,,Aggregated,3.200000,0.000000,5400,9700,9700,9700,9700,10000,10000,10000,10000,10000,10000,1112,0,2500.0,3980.5369552938023,86.87065995763987,15366.771345026791,1748.8561151079136
1785385830,16,TTFT,S1,0.300000,0.000000,2000,2000,2000,2000,2000,2000,2000,2000,2000,2000,2000,105,0,210.0,718.6112650675655,86.87065995763987,3577.98995799385,157.0
1785385830,16,total,S1,0.300000,0.000000,9700,9700,9700,9700,9700,9700,9700,9700,9700,9700,9700,105,0,5700.0,5887.796595389955,1225.9388089878485,14828.21151096141,256.0
1785385830,16,TTFT,S2,1.100000,0.000000,310,2000,2000,2000,2000,2000,2000,2000,2000,2000,2000,302,0,270.0,843.1217221306892,132.84717197529972,4091.9762150151655,1153.0
1785385830,16,total,S2,1.100000,0.000000,9700,9700,9700,9700,9700,9700,9700,9700,9700,9700,9700,302,0,4200.0,5556.909399829105,1273.4447169932537,14825.37996803876,256.0
1785385830,16,TTFT,S3,0.200000,0.000000,5300,5300,5400,5400,5400,5400,5400,5400,5400,5400,5400,149,0,2500.0,3447.5038590471436,2292.0104970107786,7755.792833049782,9649.0
1785385830,16,total,S3,0.200000,0.000000,10000,10000,10000,10000,10000,10000,10000,10000,10000,10000,10000,149,0,8800.0,8632.193255763666,3469.237338984385,15366.771345026791,256.0
1785385830,16,,Aggregated,3.200000,0.000000,5400,9700,9700,9700,9700,10000,10000,10000,10000,10000,10000,1112,0,2500.0,3980.5369552938023,86.87065995763987,15366.771345026791,1748.8561151079136
1785385831,16,TTFT,S1,0.600000,0.000000,2000,2000,2000,2000,2000,2000,2000,2000,2000,2000,2000,105,0,210.0,718.6112650675655,86.87065995763987,3577.98995799385,157.0
1785385831,16,total,S1,0.600000,0.000000,9700,9700,9700,9700,9700,9700,9700,9700,9700,9700,9700,105,0,5700.0,5887.796595389955,1225.9388089878485,14828.21151096141,256.0
1785385831,16,TTFT,S2,0.600000,0.000000,2000,2000,2000,2000,2000,2000,2000,2000,2000,2000,2000,303,0,270.0,840.8347934768028,132.84717197529972,4091.9762150151655,1153.0
1785385831,16,total,S2,0.600000,0.000000,9700,9700,12000,12000,12000,12000,12000,12000,12000,12000,12000,303,0,4200.0,5576.570039582185,1273.4447169932537,14825.37996803876,256.0
1785385831,16,TTFT,S3,0.500000,0.000000,5300,5300,5400,5400,5400,5400,5400,5400,5400,5400,5400,149,0,2500.0,3447.5038590471436,2292.0104970107786,7755.792833049782,9649.0
1785385831,16,total,S3,0.500000,0.000000,9700,9700,10000,10000,10000,10000,10000,10000,10000,10000,10000,149,0,8800.0,8632.193255763666,3469.237338984385,15366.771345026791,256.0
1785385831,16,,Aggregated,3.400000,0.000000,5400,9700,9700,9700,9700,10000,12000,12000,12000,12000,12000,1114,0,2500.0,3983.8611848040614,86.87065995763987,15366.771345026791,1746.9811490125674
1785385832,16,TTFT,S1,0.600000,0.000000,2000,2000,2000,2000,2000,2000,2000,2000,2000,2000,2000,106,0,210.0,728.5632159163349,86.87065995763987,3577.98995799385,157.0
1785385832,16,total,S1,0.600000,0.000000,9700,9700,9700,9700,12000,12000,12000,12000,12000,12000,12000,106,0,5700.0,5940.935660612699,1225.9388089878485,14828.21151096141,256.0
1785385832,16,TTFT,S2,0.500000,0.000000,250,2000,2000,2000,2000,2000,2000,2000,2000,2000,2000,305,0,270.0,836.981086516333,132.84717197529972,4091.9762150151655,1153.0
1785385832,16,total,S2,0.500000,0.000000,12000,12000,12000,12000,12000,12000,12000,12000,12000,12000,12000,305,0,4600.0,5615.495139719216,1273.4447169932537,14825.37996803876,256.0
1785385832,16,TTFT,S3,0.400000,0.000000,5300,5300,5400,5400,5400,5400,5400,5400,5400,5400,5400,150,0,2500.0,3440.587935560228,2292.0104970107786,7755.792833049782,9649.0
1785385832,16,total,S3,0.400000,0.000000,10000,10000,12000,12000,12000,12000,12000,12000,12000,12000,12000,150,0,8800.0,8655.69674033206,3469.237338984385,15366.771345026791,256.0
1785385832,16,,Aggregated,3.000000,0.000000,5400,9700,9700,9700,12000,12000,12000,12000,12000,12000,12000,1122,0,2500.0,4001.2609904614656,86.87065995763987,15366.771345026791,1746.2326203208556
1785385833,16,TTFT,S1,0.600000,0.000000,2000,2000,2000,2000,2000,2000,2000,2000,2000,2000,2000,106,0,210.0,728.5632159163349,86.87065995763987,3577.98995799385,157.0
1785385833,16,total,S1,0.600000,0.000000,9700,9700,9700,9700,12000,12000,12000,12000,12000,12000,12000,106,0,5700.0,5940.935660612699,1225.9388089878485,14828.21151096141,256.0
1785385833,16,TTFT,S2,0.500000,0.000000,250,2000,2000,2000,2000,2000,2000,2000,2000,2000,2000,305,0,270.0,836.981086516333,132.84717197529972,4091.9762150151655,1153.0
1785385833,16,total,S2,0.500000,0.000000,12000,12000,12000,12000,12000,12000,12000,12000,12000,12000,12000,305,0,4600.0,5615.495139719216,1273.4447169932537,14825.37996803876,256.0
1785385833,16,TTFT,S3,0.400000,0.000000,5300,5300,5400,5400,5400,5400,5400,5400,5400,5400,5400,150,0,2500.0,3440.587935560228,2292.0104970107786,7755.792833049782,9649.0
1785385833,16,total,S3,0.400000,0.000000,10000,10000,12000,12000,12000,12000,12000,12000,12000,12000,12000,150,0,8800.0,8655.69674033206,3469.237338984385,15366.771345026791,256.0
1785385833,16,,Aggregated,3.000000,0.000000,5400,9700,9700,9700,12000,12000,12000,12000,12000,12000,12000,1122,0,2500.0,4001.2609904614656,86.87065995763987,15366.771345026791,1746.2326203208556
1785385834,16,TTFT,S1,0.600000,0.000000,2000,2000,2000,2000,2000,2000,2000,2000,2000,2000,2000,106,0,210.0,728.5632159163349,86.87065995763987,3577.98995799385,157.0
1785385834,16,total,S1,0.600000,0.000000,9700,9700,9700,9700,12000,12000,12000,12000,12000,12000,12000,106,0,5700.0,5940.935660612699,1225.9388089878485,14828.21151096141,256.0
1785385834,16,TTFT,S2,0.500000,0.000000,250,2000,2000,2000,2000,2000,2000,2000,2000,2000,2000,305,0,270.0,836.981086516333,132.84717197529972,4091.9762150151655,1153.0
1785385834,16,total,S2,0.500000,0.000000,12000,12000,12000,12000,12000,12000,12000,12000,12000,12000,12000,305,0,4600.0,5615.495139719216,1273.4447169932537,14825.37996803876,256.0
1785385834,16,TTFT,S3,0.400000,0.000000,5300,5300,5400,5400,5400,5400,5400,5400,5400,5400,5400,150,0,2500.0,3440.587935560228,2292.0104970107786,7755.792833049782,9649.0
1785385834,16,total,S3,0.400000,0.000000,10000,10000,12000,12000,12000,12000,12000,12000,12000,12000,12000,150,0,8800.0,8655.69674033206,3469.237338984385,15366.771345026791,256.0
1785385834,16,,Aggregated,3.000000,0.000000,5400,9700,9700,9700,12000,12000,12000,12000,12000,12000,12000,1122,0,2500.0,4001.2609904614656,86.87065995763987,15366.771345026791,1746.2326203208556
1785385835,16,TTFT,S1,0.600000,0.000000,2000,2000,2000,2000,2000,2000,2000,2000,2000,2000,2000,108,0,210.0,721.0540436493897,86.87065995763987,3577.98995799385,157.0
1785385835,16,total,S1,0.600000,0.000000,9700,9700,12000,12000,12000,12000,12000,12000,12000,12000,12000,108,0,5800.0,6045.486627119653,1225.9388089878485,14828.21151096141,256.0
1785385835,16,TTFT,S2,0.500000,0.000000,460,460,460,2000,2000,2000,2000,2000,2000,2000,2000,309,0,270.0,832.0758554513316,132.84717197529972,4091.9762150151655,1153.0
1785385835,16,total,S2,0.500000,0.000000,12000,12000,12000,12000,12000,12000,12000,12000,12000,12000,12000,309,0,4700.0,5693.065785224403,1273.4447169932537,14825.37996803876,256.0
1785385835,16,TTFT,S3,0.300000,0.000000,5300,5300,5400,5400,5400,5400,5400,5400,5400,5400,5400,150,0,2500.0,3440.587935560228,2292.0104970107786,7755.792833049782,9649.0
1785385835,16,total,S3,0.300000,0.000000,10000,10000,12000,12000,12000,12000,12000,12000,12000,12000,12000,150,0,8800.0,8655.69674033206,3469.237338984385,15366.771345026791,256.0
1785385835,16,,Aggregated,2.800000,0.000000,5400,9700,12000,12000,12000,12000,12000,12000,12000,12000,12000,1134,0,2500.0,4022.48488606323,86.87065995763987,15366.771345026791,1733.452380952381
1785385836,16,TTFT,S1,0.100000,0.000000,2000,2000,2000,2000,2000,2000,2000,2000,2000,2000,2000,108,0,210.0,721.0540436493897,86.87065995763987,3577.98995799385,157.0
1785385836,16,total,S1,0.100000,0.000000,9700,9700,12000,12000,12000,12000,12000,12000,12000,12000,12000,108,0,5800.0,6045.486627119653,1225.9388089878485,14828.21151096141,256.0
1785385836,16,TTFT,S2,0.300000,0.000000,460,460,2000,2000,2000,5300,5300,5300,5300,5300,5300,311,0,270.0,844.303435281217,132.84717197529972,5324.578330968507,1153.0
1785385836,16,total,S2,0.300000,0.000000,12000,12000,12000,12000,12000,12000,12000,12000,12000,12000,12000,311,0,4800.0,5710.810707772744,1273.4447169932537,14825.37996803876,256.0
1785385836,16,TTFT,S3,0.100000,0.000000,5400,5800,6000,6000,7700,7700,7700,7700,7700,7700,7700,154,0,2500.0,3494.8227377075477,2292.0104970107786,7755.792833049782,9649.0
1785385836,16,total,S3,0.100000,0.000000,12000,12000,12000,12000,12000,12000,12000,12000,12000,12000,12000,154,0,9400.0,8753.949848108761,3469.237338984385,15366.771345026791,256.0
1785385836,16,,Aggregated,1.000000,0.000000,6000,9700,12000,12000,12000,12000,12000,12000,12000,12000,12000,1146,0,2500.0,4062.598489658421,86.87065995763987,15366.771345026791,1752.3324607329844
1785385837,16,TTFT,S1,0.100000,0.000000,330,330,1800,1800,1800,1800,1800,1800,1800,1800,1800,108,0,210.0,721.0540436493897,86.87065995763987,3577.98995799385,157.0
1785385837,16,total,S1,0.100000,0.000000,12000,12000,12000,12000,12000,12000,12000,12000,12000,12000,12000,108,0,5800.0,6045.486627119653,1225.9388089878485,14828.21151096141,256.0
1785385837,16,TTFT,S2,0.300000,0.000000,450,460,460,460,5300,5300,5300,5300,5300,5300,5300,311,0,270.0,844.303435281217,132.84717197529972,5324.578330968507,1153.0
1785385837,16,total,S2,0.300000,0.000000,12000,12000,12000,12000,12000,12000,12000,12000,12000,12000,12000,311,0,4800.0,5710.810707772744,1273.4447169932537,14825.37996803876,256.0
1785385837,16,TTFT,S3,0.100000,0.000000,5800,6000,6000,7700,7700,7700,7700,7700,7700,7700,7700,154,0,2500.0,3494.8227377075477,2292.0104970107786,7755.792833049782,9649.0
1785385837,16,total,S3,0.100000,0.000000,12000,12000,12000,12000,12000,12000,12000,12000,12000,12000,12000,154,0,9400.0,8753.949848108761,3469.237338984385,15366.771345026791,256.0
1785385837,16,,Aggregated,1.000000,0.000000,7700,12000,12000,12000,12000,12000,12000,12000,12000,12000,12000,1146,0,2500.0,4062.598489658421,86.87065995763987,15366.771345026791,1752.3324607329844
1785385838,16,TTFT,S1,0.300000,0.000000,330,330,1800,1800,1800,1800,1800,1800,1800,1800,1800,108,0,210.0,721.0540436493897,86.87065995763987,3577.98995799385,157.0
1785385838,16,total,S1,0.300000,0.000000,12000,12000,12000,12000,12000,12000,12000,12000,12000,12000,12000,108,0,5800.0,6045.486627119653,1225.9388089878485,14828.21151096141,256.0
1785385838,16,TTFT,S2,0.800000,0.000000,250,460,460,460,460,5300,5300,5300,5300,5300,5300,313,0,270.0,840.417243106984,132.84717197529972,5324.578330968507,1153.0
1785385838,16,total,S2,0.800000,0.000000,12000,12000,12000,12000,12000,12000,12000,12000,12000,12000,12000,313,0,4800.0,5716.919964029879,1273.4447169932537,14825.37996803876,256.0
1785385838,16,TTFT,S3,0.500000,0.000000,5800,6000,6000,7700,7700,7700,7700,7700,7700,7700,7700,154,0,2500.0,3494.8227377075477,2292.0104970107786,7755.792833049782,9649.0
1785385838,16,total,S3,0.500000,0.000000,12000,12000,12000,12000,12000,12000,12000,12000,12000,12000,12000,154,0,9400.0,8753.949848108761,3469.237338984385,15366.771345026791,256.0
1785385838,16,,Aggregated,3.200000,0.000000,6700,12000,12000,12000,12000,12000,12000,12000,12000,12000,12000,1150,0,2500.0,4060.472970863137,86.87065995763987,15366.771345026791,1748.6878260869564
1785385839,16,TTFT,S1,0.300000,0.000000,330,330,1800,1800,1800,1800,1800,1800,1800,1800,1800,108,0,210.0,721.0540436493897,86.87065995763987,3577.98995799385,157.0
1785385839,16,total,S1,0.300000,0.000000,12000,12000,12000,12000,12000,12000,12000,12000,12000,12000,12000,108,0,5800.0,6045.486627119653,1225.9388089878485,14828.21151096141,256.0
1785385839,16,TTFT,S2,0.900000,0.000000,250,450,460,460,460,5300,5300,5300,5300,5300,5300,314,0,270.0,838.2410688200079,132.84717197529972,5324.578330968507,1153.0
1785385839,16,total,S2,0.900000,0.000000,12000,12000,12000,12000,12000,12000,12000,12000,12000,12000,12000,314,0,4800.0,5719.68365007115,1273.4447169932537,14825.37996803876,256.0
1785385839,16,TTFT,S3,0.500000,0.000000,5800,5800,6000,6000,7700,7700,7700,7700,7700,7700,7700,155,0,2500.0,3487.7581652704507,2292.0104970107786,7755.792833049782,9649.0
1785385839,16,total,S3,0.500000,0.000000,12000,12000,12000,12000,12000,12000,12000,12000,12000,12000,12000,155,0,9400.0,8744.00009563035,3469.237338984385,15366.771345026791,256.0
1785385839,16,,Aggregated,3.400000,0.000000,6600,12000,12000,12000,12000,12000,12000,12000,12000,12000,12000,1154,0,2500.0,4060.5695707231416,86.87065995763987,15366.771345026791,1752.4306759098786
1785385840,24,TTFT,S1,0.300000,0.000000,330,330,1800,1800,1800,1800,1800,1800,1800,1800,1800,108,0,210.0,721.0540436493897,86.87065995763987,3577.98995799385,157.0
1785385840,24,total,S1,0.300000,0.000000,12000,12000,12000,12000,12000,12000,12000,12000,12000,12000,12000,108,0,5800.0,6045.486627119653,1225.9388089878485,14828.21151096141,256.0
1785385840,24,TTFT,S2,0.900000,0.000000,460,460,530,530,540,5300,5300,5300,5300,5300,5300,320,0,270.0,832.094138798675,132.84717197529972,5324.578330968507,1153.0
1785385840,24,total,S2,0.900000,0.000000,6700,12000,12000,12000,12000,12000,12000,12000,12000,12000,12000,320,0,5100.0,5709.708498357759,1273.4447169932537,14825.37996803876,256.0
1785385840,24,TTFT,S3,0.500000,0.000000,5800,5800,6000,6000,7700,7700,7700,7700,7700,7700,7700,155,0,2500.0,3487.7581652704507,2292.0104970107786,7755.792833049782,9649.0
1785385840,24,total,S3,0.500000,0.000000,12000,12000,12000,12000,12000,12000,12000,12000,12000,12000,12000,155,0,9400.0,8744.00009563035,3469.237338984385,15366.771345026791,256.0
1785385840,24,,Aggregated,3.400000,0.000000,5200,6700,12000,12000,12000,12000,12000,12000,12000,12000,12000,1166,0,2500.0,4048.1010006627284,86.87065995763987,15366.771345026791,1741.6457975986277
1785385841,24,TTFT,S1,0.300000,0.000000,330,330,1800,1800,1800,1800,1800,1800,1800,1800,1800,108,0,210.0,721.0540436493897,86.87065995763987,3577.98995799385,157.0
1785385841,24,total,S1,0.300000,0.000000,12000,12000,12000,12000,12000,12000,12000,12000,12000,12000,12000,108,0,5800.0,6045.486627119653,1225.9388089878485,14828.21151096141,256.0
1785385841,24,TTFT,S2,0.900000,0.000000,460,460,530,530,540,5300,5300,5300,5300,5300,5300,320,0,270.0,832.094138798675,132.84717197529972,5324.578330968507,1153.0
1785385841,24,total,S2,0.900000,0.000000,6700,12000,12000,12000,12000,12000,12000,12000,12000,12000,12000,320,0,5100.0,5709.708498357759,1273.4447169932537,14825.37996803876,256.0
1785385841,24,TTFT,S3,0.500000,0.000000,5800,5800,6000,6000,7700,7700,7700,7700,7700,7700,7700,155,0,2500.0,3487.7581652704507,2292.0104970107786,7755.792833049782,9649.0
1785385841,24,total,S3,0.500000,0.000000,12000,12000,12000,12000,12000,12000,12000,12000,12000,12000,12000,155,0,9400.0,8744.00009563035,3469.237338984385,15366.771345026791,256.0
1785385841,24,,Aggregated,3.400000,0.000000,5200,6700,12000,12000,12000,12000,12000,12000,12000,12000,12000,1166,0,2500.0,4048.1010006627284,86.87065995763987,15366.771345026791,1741.6457975986277
1785385842,24,TTFT,S1,0.300000,0.000000,310,330,330,1800,1800,1800,1800,1800,1800,1800,1800,110,0,210.0,712.5574616736478,86.87065995763987,3577.98995799385,157.0
1785385842,24,total,S1,0.300000,0.000000,12000,12000,12000,12000,12000,12000,12000,12000,12000,12000,12000,110,0,6200.0,6049.115682089574,1225.9388089878485,14828.21151096141,256.0
1785385842,24,TTFT,S2,1.200000,0.000000,460,520,530,530,540,5300,5300,5300,5300,5300,5300,322,0,270.0,828.6498094274755,132.84717197529972,5324.578330968507,1153.0
1785385842,24,total,S2,1.200000,0.000000,6500,6700,12000,12000,12000,12000,12000,12000,12000,12000,12000,322,0,5100.0,5713.810345852496,1273.4447169932537,14825.37996803876,256.0
1785385842,24,TTFT,S3,0.600000,0.000000,5800,5800,6000,6000,7700,7700,7700,7700,7700,7700,7700,155,0,2500.0,3487.7581652704507,2292.0104970107786,7755.792833049782,9649.0
1785385842,24,total,S3,0.600000,0.000000,12000,12000,12000,12000,12000,12000,12000,12000,12000,12000,12000,155,0,9400.0,8744.00009563035,3469.237338984385,15366.771345026791,256.0
1785385842,24,,Aggregated,4.200000,0.000000,5200,6300,7700,12000,12000,12000,12000,12000,12000,12000,12000,1174,0,2500.0,4042.912049619873,86.87065995763987,15366.771345026791,1732.881601362862
1785385843,24,TTFT,S1,0.300000,0.000000,310,310,330,330,330,330,330,330,330,330,330,110,0,210.0,712.5574616736478,86.87065995763987,3577.98995799385,157.0
1785385843,24,total,S1,0.300000,0.000000,12000,12000,12000,12000,12000,12000,12000,12000,12000,12000,12000,110,0,6200.0,6049.115682089574,1225.9388089878485,14828.21151096141,256.0
1785385843,24,TTFT,S2,1.200000,0.000000,460,520,530,530,540,5300,5300,5300,5300,5300,5300,322,0,270.0,828.6498094274755,132.84717197529972,5324.578330968507,1153.0
1785385843,24,total,S2,1.200000,0.000000,6500,6700,12000,12000,12000,12000,12000,12000,12000,12000,12000,322,0,5100.0,5713.810345852496,1273.4447169932537,14825.37996803876,256.0
1785385843,24,TTFT,S3,0.600000,0.000000,5800,6000,6000,7700,7700,7700,7700,7700,7700,7700,7700,155,0,2500.0,3487.7581652704507,2292.0104970107786,7755.792833049782,9649.0
1785385843,24,total,S3,0.600000,0.000000,12000,12000,12000,12000,12000,12000,12000,12000,12000,12000,12000,155,0,9400.0,8744.00009563035,3469.237338984385,15366.771345026791,256.0
1785385843,24,,Aggregated,4.200000,0.000000,5200,6300,7200,12000,12000,12000,12000,12000,12000,12000,12000,1174,0,2500.0,4042.912049619873,86.87065995763987,15366.771345026791,1732.881601362862
1785385844,24,TTFT,S1,0.300000,0.000000,310,310,330,330,330,330,330,330,330,330,330,110,0,210.0,712.5574616736478,86.87065995763987,3577.98995799385,157.0
1785385844,24,total,S1,0.300000,0.000000,12000,12000,12000,12000,12000,12000,12000,12000,12000,12000,12000,110,0,6200.0,6049.115682089574,1225.9388089878485,14828.21151096141,256.0
1785385844,24,TTFT,S2,1.200000,0.000000,400,530,530,540,540,5300,5300,5300,5300,5300,5300,322,0,270.0,828.6498094274755,132.84717197529972,5324.578330968507,1153.0
1785385844,24,total,S2,1.200000,0.000000,5200,6500,6600,6700,6700,12000,12000,12000,12000,12000,12000,322,0,5100.0,5713.810345852496,1273.4447169932537,14825.37996803876,256.0
1785385844,24,TTFT,S3,0.600000,0.000000,5800,6000,6000,7700,7700,7700,7700,7700,7700,7700,7700,155,0,2500.0,3487.7581652704507,2292.0104970107786,7755.792833049782,9649.0
1785385844,24,total,S3,0.600000,0.000000,12000,12000,12000,12000,12000,12000,12000,12000,12000,12000,12000,155,0,9400.0,8744.00009563035,3469.237338984385,15366.771345026791,256.0
1785385844,24,,Aggregated,4.200000,0.000000,5200,6200,6600,6700,12000,12000,12000,12000,12000,12000,12000,1174,0,2500.0,4042.912049619873,86.87065995763987,15366.771345026791,1732.881601362862
1785385845,24,TTFT,S1,0.300000,0.000000,310,310,330,330,330,330,330,330,330,330,330,110,0,210.0,712.5574616736478,86.87065995763987,3577.98995799385,157.0
1785385845,24,total,S1,0.300000,0.000000,12000,12000,12000,12000,12000,12000,12000,12000,12000,12000,12000,110,0,6200.0,6049.115682089574,1225.9388089878485,14828.21151096141,256.0
1785385845,24,TTFT,S2,1.200000,0.000000,400,520,530,530,540,540,540,540,540,540,540,322,0,270.0,828.6498094274755,132.84717197529972,5324.578330968507,1153.0
1785385845,24,total,S2,1.200000,0.000000,5200,6300,6600,6600,6700,6700,6700,6700,6700,6700,6700,322,0,5100.0,5713.810345852496,1273.4447169932537,14825.37996803876,256.0
1785385845,24,TTFT,S3,0.600000,0.000000,5800,6000,6000,7700,7700,7700,7700,7700,7700,7700,7700,155,0,2500.0,3487.7581652704507,2292.0104970107786,7755.792833049782,9649.0
1785385845,24,total,S3,0.600000,0.000000,12000,12000,12000,12000,12000,12000,12000,12000,12000,12000,12000,155,0,9400.0,8744.00009563035,3469.237338984385,15366.771345026791,256.0
1785385845,24,,Aggregated,4.200000,0.000000,5000,5200,6200,6300,6700,6700,7200,7200,7200,7200,7200,1174,0,2500.0,4042.912049619873,86.87065995763987,15366.771345026791,1732.881601362862
1785385846,24,TTFT,S1,0.300000,0.000000,310,310,330,330,330,330,330,330,330,330,330,110,0,210.0,712.5574616736478,86.87065995763987,3577.98995799385,157.0
1785385846,24,total,S1,0.300000,0.000000,12000,12000,12000,12000,12000,12000,12000,12000,12000,12000,12000,110,0,6200.0,6049.115682089574,1225.9388089878485,14828.21151096141,256.0
1785385846,24,TTFT,S2,1.200000,0.000000,400,520,530,530,540,540,540,540,540,540,540,322,0,270.0,828.6498094274755,132.84717197529972,5324.578330968507,1153.0
1785385846,24,total,S2,1.200000,0.000000,5200,6300,6600,6600,6700,6700,6700,6700,6700,6700,6700,322,0,5100.0,5713.810345852496,1273.4447169932537,14825.37996803876,256.0
1785385846,24,TTFT,S3,0.600000,0.000000,5800,6000,6000,7700,7700,7700,7700,7700,7700,7700,7700,155,0,2500.0,3487.7581652704507,2292.0104970107786,7755.792833049782,9649.0
1785385846,24,total,S3,0.600000,0.000000,12000,12000,12000,12000,12000,12000,12000,12000,12000,12000,12000,155,0,9400.0,8744.00009563035,3469.237338984385,15366.771345026791,256.0
1785385846,24,,Aggregated,4.200000,0.000000,5000,5200,6200,6300,6700,6700,7200,7200,7200,7200,7200,1174,0,2500.0,4042.912049619873,86.87065995763987,15366.771345026791,1732.881601362862
1785385847,24,TTFT,S1,0.300000,0.000000,310,310,330,330,330,330,330,330,330,330,330,110,0,210.0,712.5574616736478,86.87065995763987,3577.98995799385,157.0
1785385847,24,total,S1,0.300000,0.000000,12000,12000,12000,12000,12000,12000,12000,12000,12000,12000,12000,110,0,6200.0,6049.115682089574,1225.9388089878485,14828.21151096141,256.0
1785385847,24,TTFT,S2,1.200000,0.000000,400,530,530,530,540,540,540,540,540,540,540,322,0,270.0,828.6498094274755,132.84717197529972,5324.578330968507,1153.0
1785385847,24,total,S2,1.200000,0.000000,5200,6500,6600,6600,6700,6700,6700,6700,6700,6700,6700,322,0,5100.0,5713.810345852496,1273.4447169932537,14825.37996803876,256.0
1785385847,24,TTFT,S3,0.600000,0.000000,2400,2400,2400,2400,2400,2400,2400,2400,2400,2400,2400,155,0,2500.0,3487.7581652704507,2292.0104970107786,7755.792833049782,9649.0
1785385847,24,total,S3,0.600000,0.000000,7200,7200,7200,7200,7200,7200,7200,7200,7200,7200,7200,155,0,9400.0,8744.00009563035,3469.237338984385,15366.771345026791,256.0
1785385847,24,,Aggregated,4.200000,0.000000,5200,5200,6300,6300,6700,6700,7200,7200,7200,7200,7200,1174,0,2500.0,4042.912049619873,86.87065995763987,15366.771345026791,1732.881601362862
1785385848,24,TTFT,S1,0.300000,0.000000,270,270,270,270,270,270,270,270,270,270,270,110,0,210.0,712.5574616736478,86.87065995763987,3577.98995799385,157.0
1785385848,24,total,S1,0.300000,0.000000,6300,6300,6300,6300,6300,6300,6300,6300,6300,6300,6300,110,0,6200.0,6049.115682089574,1225.9388089878485,14828.21151096141,256.0
1785385848,24,TTFT,S2,1.200000,0.000000,400,530,530,530,540,540,540,540,540,540,540,322,0,270.0,828.6498094274755,132.84717197529972,5324.578330968507,1153.0
1785385848,24,total,S2,1.200000,0.000000,5200,6500,6600,6600,6700,6700,6700,6700,6700,6700,6700,322,0,5100.0,5713.810345852496,1273.4447169932537,14825.37996803876,256.0
1785385848,24,TTFT,S3,0.600000,0.000000,2400,2400,2400,2400,2400,2400,2400,2400,2400,2400,2400,155,0,2500.0,3487.7581652704507,2292.0104970107786,7755.792833049782,9649.0
1785385848,24,total,S3,0.600000,0.000000,7200,7200,7200,7200,7200,7200,7200,7200,7200,7200,7200,155,0,9400.0,8744.00009563035,3469.237338984385,15366.771345026791,256.0
1785385848,24,,Aggregated,4.200000,0.000000,5200,5200,5200,6200,6300,6500,7200,7200,7200,7200,7200,1174,0,2500.0,4042.912049619873,86.87065995763987,15366.771345026791,1732.881601362862
1785385849,24,TTFT,S1,0.300000,0.000000,270,270,270,270,270,270,270,270,270,270,270,110,0,210.0,712.5574616736478,86.87065995763987,3577.98995799385,157.0
1785385849,24,total,S1,0.300000,0.000000,6300,6300,6300,6300,6300,6300,6300,6300,6300,6300,6300,110,0,6200.0,6049.115682089574,1225.9388089878485,14828.21151096141,256.0
1785385849,24,TTFT,S2,1.200000,0.000000,530,530,540,540,540,540,540,540,540,540,540,322,0,270.0,828.6498094274755,132.84717197529972,5324.578330968507,1153.0
1785385849,24,total,S2,1.200000,0.000000,5200,5200,6300,6300,6500,6500,6500,6500,6500,6500,6500,322,0,5100.0,5713.810345852496,1273.4447169932537,14825.37996803876,256.0
1785385849,24,TTFT,S3,0.600000,0.000000,2400,2400,2400,2400,2400,2400,2400,2400,2400,2400,2400,155,0,2500.0,3487.7581652704507,2292.0104970107786,7755.792833049782,9649.0
1785385849,24,total,S3,0.600000,0.000000,7200,7200,7200,7200,7200,7200,7200,7200,7200,7200,7200,155,0,9400.0,8744.00009563035,3469.237338984385,15366.771345026791,256.0
1785385849,24,,Aggregated,4.200000,0.000000,5200,5200,5200,6200,6300,6500,6500,6500,6500,6500,6500,1174,0,2500.0,4042.912049619873,86.87065995763987,15366.771345026791,1732.881601362862
1785385850,24,TTFT,S1,0.300000,0.000000,270,270,270,270,270,270,270,270,270,270,270,110,0,210.0,712.5574616736478,86.87065995763987,3577.98995799385,157.0
1785385850,24,total,S1,0.300000,0.000000,6300,6300,6300,6300,6300,6300,6300,6300,6300,6300,6300,110,0,6200.0,6049.115682089574,1225.9388089878485,14828.21151096141,256.0
1785385850,24,TTFT,S2,1.200000,0.000000,530,530,540,540,540,540,540,540,540,540,540,322,0,270.0,828.6498094274755,132.84717197529972,5324.578330968507,1153.0
1785385850,24,total,S2,1.200000,0.000000,5200,5200,6300,6300,6500,6500,6500,6500,6500,6500,6500,322,0,5100.0,5713.810345852496,1273.4447169932537,14825.37996803876,256.0
1785385850,24,TTFT,S3,0.600000,0.000000,2400,2400,2400,2400,2400,2400,2400,2400,2400,2400,2400,155,0,2500.0,3487.7581652704507,2292.0104970107786,7755.792833049782,9649.0
1785385850,24,total,S3,0.600000,0.000000,7200,7200,7200,7200,7200,7200,7200,7200,7200,7200,7200,155,0,9400.0,8744.00009563035,3469.237338984385,15366.771345026791,256.0
1785385850,24,,Aggregated,4.200000,0.000000,5200,5200,5200,6200,6300,6500,6500,6500,6500,6500,6500,1174,0,2500.0,4042.912049619873,86.87065995763987,15366.771345026791,1732.881601362862
1785385851,24,TTFT,S1,0.300000,0.000000,270,270,270,270,270,270,270,270,270,270,270,110,0,210.0,712.5574616736478,86.87065995763987,3577.98995799385,157.0
1785385851,24,total,S1,0.300000,0.000000,6300,6300,6300,6300,6300,6300,6300,6300,6300,6300,6300,110,0,6200.0,6049.115682089574,1225.9388089878485,14828.21151096141,256.0
1785385851,24,TTFT,S2,1.200000,0.000000,290,290,290,290,290,290,290,290,290,290,290,322,0,270.0,828.6498094274755,132.84717197529972,5324.578330968507,1153.0
1785385851,24,total,S2,1.200000,0.000000,6500,6500,6500,6500,6500,6500,6500,6500,6500,6500,6500,322,0,5100.0,5713.810345852496,1273.4447169932537,14825.37996803876,256.0
1785385851,24,TTFT,S3,0.600000,0.000000,2400,2400,2400,2400,2400,2400,2400,2400,2400,2400,2400,155,0,2500.0,3487.7581652704507,2292.0104970107786,7755.792833049782,9649.0
1785385851,24,total,S3,0.600000,0.000000,7200,7200,7200,7200,7200,7200,7200,7200,7200,7200,7200,155,0,9400.0,8744.00009563035,3469.237338984385,15366.771345026791,256.0
1785385851,24,,Aggregated,4.200000,0.000000,6200,6300,6300,6300,6500,6500,6500,6500,6500,6500,6500,1174,0,2500.0,4042.912049619873,86.87065995763987,15366.771345026791,1732.881601362862
1785385852,24,TTFT,S1,0.300000,0.000000,270,270,270,270,270,270,270,270,270,270,270,110,0,210.0,712.5574616736478,86.87065995763987,3577.98995799385,157.0
1785385852,24,total,S1,0.300000,0.000000,6300,6300,6300,6300,6300,6300,6300,6300,6300,6300,6300,110,0,6200.0,6049.115682089574,1225.9388089878485,14828.21151096141,256.0
1785385852,24,TTFT,S2,1.200000,0.000000,290,290,290,290,290,290,290,290,290,290,290,322,0,270.0,828.6498094274755,132.84717197529972,5324.578330968507,1153.0
1785385852,24,total,S2,1.200000,0.000000,6500,6500,6500,6500,6500,6500,6500,6500,6500,6500,6500,322,0,5100.0,5713.810345852496,1273.4447169932537,14825.37996803876,256.0
1785385852,24,TTFT,S3,0.600000,0.000000,2400,2400,2400,2400,2400,2400,2400,2400,2400,2400,2400,155,0,2500.0,3487.7581652704507,2292.0104970107786,7755.792833049782,9649.0
1785385852,24,total,S3,0.600000,0.000000,7200,7200,7200,7200,7200,7200,7200,7200,7200,7200,7200,155,0,9400.0,8744.00009563035,3469.237338984385,15366.771345026791,256.0
1785385852,24,,Aggregated,4.200000,0.000000,6200,6300,6300,6300,6500,6500,6500,6500,6500,6500,6500,1174,0,2500.0,4042.912049619873,86.87065995763987,15366.771345026791,1732.881601362862
1785385853,24,TTFT,S1,0.300000,0.000000,270,270,270,270,270,270,270,270,270,270,270,110,0,210.0,712.5574616736478,86.87065995763987,3577.98995799385,157.0
1785385853,24,total,S1,0.300000,0.000000,6300,6300,6300,6300,6300,6300,6300,6300,6300,6300,6300,110,0,6200.0,6049.115682089574,1225.9388089878485,14828.21151096141,256.0
1785385853,24,TTFT,S2,1.200000,0.000000,290,290,290,290,290,290,290,290,290,290,290,322,0,270.0,828.6498094274755,132.84717197529972,5324.578330968507,1153.0
1785385853,24,total,S2,1.200000,0.000000,6500,6500,6500,6500,6500,6500,6500,6500,6500,6500,6500,322,0,5100.0,5713.810345852496,1273.4447169932537,14825.37996803876,256.0
1785385853,24,TTFT,S3,0.600000,0.000000,2400,2400,2400,2400,2400,2400,2400,2400,2400,2400,2400,155,0,2500.0,3487.7581652704507,2292.0104970107786,7755.792833049782,9649.0
1785385853,24,total,S3,0.600000,0.000000,7200,7200,7200,7200,7200,7200,7200,7200,7200,7200,7200,155,0,9400.0,8744.00009563035,3469.237338984385,15366.771345026791,256.0
1785385853,24,,Aggregated,4.200000,0.000000,6200,6300,6300,6300,6500,6500,6500,6500,6500,6500,6500,1174,0,2500.0,4042.912049619873,86.87065995763987,15366.771345026791,1732.881601362862
1785385854,24,TTFT,S1,0.300000,0.000000,270,270,270,270,270,270,270,270,270,270,270,110,0,210.0,712.5574616736478,86.87065995763987,3577.98995799385,157.0
1785385854,24,total,S1,0.300000,0.000000,6300,6300,6300,6300,6300,6300,6300,6300,6300,6300,6300,110,0,6200.0,6049.115682089574,1225.9388089878485,14828.21151096141,256.0
1785385854,24,TTFT,S2,1.200000,0.000000,290,290,290,290,290,290,290,290,290,290,290,322,0,270.0,828.6498094274755,132.84717197529972,5324.578330968507,1153.0
1785385854,24,total,S2,1.200000,0.000000,6500,6500,6500,6500,6500,6500,6500,6500,6500,6500,6500,322,0,5100.0,5713.810345852496,1273.4447169932537,14825.37996803876,256.0
1785385854,24,TTFT,S3,0.600000,0.000000,2400,2400,2400,2400,2400,2400,2400,2400,2400,2400,2400,155,0,2500.0,3487.7581652704507,2292.0104970107786,7755.792833049782,9649.0
1785385854,24,total,S3,0.600000,0.000000,7200,7200,7200,7200,7200,7200,7200,7200,7200,7200,7200,155,0,9400.0,8744.00009563035,3469.237338984385,15366.771345026791,256.0
1785385854,24,,Aggregated,4.200000,0.000000,6200,6300,6300,6300,6500,6500,6500,6500,6500,6500,6500,1174,0,2500.0,4042.912049619873,86.87065995763987,15366.771345026791,1732.881601362862
1785385855,24,TTFT,S1,0.000000,0.000000,240,240,270,270,270,270,270,270,270,270,270,111,0,210.0,707.3366412985231,86.87065995763987,3577.98995799385,157.0
1785385855,24,total,S1,0.000000,0.000000,6300,6300,17000,17000,17000,17000,17000,17000,17000,17000,17000,111,0,6200.0,6147.684276971844,1225.9388089878485,16990.229714021552,256.0
1785385855,24,TTFT,S2,0.000000,0.000000,290,290,2100,2100,2100,2100,2100,2100,2100,2100,2100,324,0,270.0,830.6061328630564,132.84717197529972,5324.578330968507,1153.0
1785385855,24,total,S2,0.000000,0.000000,17000,17000,19000,19000,19000,19000,19000,19000,19000,19000,19000,324,0,5100.0,5789.2859483595485,1273.4447169932537,18882.477368984837,256.0
1785385855,24,TTFT,S3,0.000000,0.000000,2500,2500,2500,2500,2500,2500,2500,2500,2500,2500,2500,156,0,2500.0,3481.1227783648064,2292.0104970107786,7755.792833049782,9649.0
1785385855,24,total,S3,0.000000,0.000000,19000,19000,19000,19000,19000,19000,19000,19000,19000,19000,19000,156,0,9400.0,8810.935262555573,3469.237338984385,19185.88613596512,256.0
1785385855,24,,Aggregated,0.000000,0.000000,6200,6300,17000,17000,19000,19000,19000,19000,19000,19000,19000,1182,0,2500.0,4080.637403238338,86.87065995763987,19185.88613596512,1732.266497461929
1785385856,24,TTFT,S1,0.000000,0.000000,240,240,270,270,270,270,270,270,270,270,270,111,0,210.0,707.3366412985231,86.87065995763987,3577.98995799385,157.0
1785385856,24,total,S1,0.000000,0.000000,6300,6300,17000,17000,17000,17000,17000,17000,17000,17000,17000,111,0,6200.0,6147.684276971844,1225.9388089878485,16990.229714021552,256.0
1785385856,24,TTFT,S2,0.000000,0.000000,270,290,290,2100,2100,2100,2100,2100,2100,2100,2100,325,0,270.0,828.5099474818876,132.84717197529972,5324.578330968507,1153.0
1785385856,24,total,S2,0.000000,0.000000,17000,17000,17000,19000,19000,19000,19000,19000,19000,19000,19000,325,0,5100.0,5824.366880690751,1273.4447169932537,18882.477368984837,256.0
1785385856,24,TTFT,S3,0.000000,0.000000,2500,2500,2500,2500,2500,2500,2500,2500,2500,2500,2500,156,0,2500.0,3481.1227783648064,2292.0104970107786,7755.792833049782,9649.0
1785385856,24,total,S3,0.000000,0.000000,19000,19000,19000,19000,19000,19000,19000,19000,19000,19000,19000,156,0,9400.0,8810.935262555573,3469.237338984385,19185.88613596512,256.0
1785385856,24,,Aggregated,0.000000,0.000000,6200,6300,17000,17000,19000,19000,19000,19000,19000,19000,19000,1184,0,2500.0,4088.389649888259,86.87065995763987,19185.88613596512,1730.5304054054054
1785385857,24,TTFT,S1,0.000000,0.000000,240,240,270,270,270,270,270,270,270,270,270,111,0,210.0,707.3366412985231,86.87065995763987,3577.98995799385,157.0
1785385857,24,total,S1,0.000000,0.000000,6300,6300,17000,17000,17000,17000,17000,17000,17000,17000,17000,111,0,6200.0,6147.684276971844,1225.9388089878485,16990.229714021552,256.0
1785385857,24,TTFT,S2,0.000000,0.000000,270,270,290,290,2100,2100,2100,2100,2100,2100,2100,326,0,270.0,826.4062737380411,132.84717197529972,5324.578330968507,1153.0
1785385857,24,total,S2,0.000000,0.000000,17000,17000,17000,17000,19000,19000,19000,19000,19000,19000,19000,326,0,5100.0,5859.35869009039,1273.4447169932537,18882.477368984837,256.0
1785385857,24,TTFT,S3,0.000000,0.000000,2500,2500,2500,2500,2500,2500,2500,2500,2500,2500,2500,156,0,2500.0,3481.1227783648064,2292.0104970107786,7755.792833049782,9649.0
1785385857,24,total,S3,0.000000,0.000000,19000,19000,19000,19000,19000,19000,19000,19000,19000,19000,19000,156,0,9400.0,8810.935262555573,3469.237338984385,19185.88613596512,256.0
1785385857,24,,Aggregated,0.000000,0.000000,6200,6500,17000,17000,19000,19000,19000,19000,19000,19000,19000,1186,0,2500.0,4096.1448183133725,86.87065995763987,19185.88613596512,1728.800168634064
1785385858,24,TTFT,S1,0.100000,0.000000,270,270,270,270,270,270,270,270,270,270,270,113,0,220.0,699.5506531695951,86.87065995763987,3577.98995799385,157.0
1785385858,24,total,S1,0.100000,0.000000,19000,19000,19000,19000,19000,19000,19000,19000,19000,19000,19000,113,0,6200.0,6374.152092166776,1225.9388089878485,18944.12374898093,256.0
1785385858,24,TTFT,S2,0.200000,0.000000,290,290,300,300,2100,2100,2100,2100,2100,2100,2100,328,0,270.0,823.1689571848398,132.84717197529972,5324.578330968507,1153.0
1785385858,24,total,S2,0.200000,0.000000,19000,19000,19000,19000,19000,19000,19000,19000,19000,19000,19000,328,0,5100.0,5939.198397107957,1273.4447169932537,18955.461903999094,256.0
1785385858,24,TTFT,S3,0.100000,0.000000,2500,2500,2500,2500,2500,2500,2500,2500,2500,2500,2500,156,0,2500.0,3481.1227783648064,2292.0104970107786,7755.792833049782,9649.0
1785385858,24,total,S3,0.100000,0.000000,19000,19000,19000,19000,19000,19000,19000,19000,19000,19000,19000,156,0,9400.0,8810.935262555573,3469.237338984385,19185.88613596512,256.0
1785385858,24,,Aggregated,0.800000,0.000000,17000,17000,19000,19000,19000,19000,19000,19000,19000,19000,19000,1194,0,2500.0,4133.120566846422,86.87065995763987,19185.88613596512,1720.2688442211056
1785385859,24,TTFT,S1,0.100000,0.000000,270,270,270,270,270,270,270,270,270,270,270,113,0,220.0,699.5506531695951,86.87065995763987,3577.98995799385,157.0
1785385859,24,total,S1,0.100000,0.000000,19000,19000,19000,19000,19000,19000,19000,19000,19000,19000,19000,113,0,6200.0,6374.152092166776,1225.9388089878485,18944.12374898093,256.0
1785385859,24,TTFT,S2,0.200000,0.000000,290,290,300,300,2100,2100,2100,2100,2100,2100,2100,328,0,270.0,823.1689571848398,132.84717197529972,5324.578330968507,1153.0
1785385859,24,total,S2,0.200000,0.000000,19000,19000,19000,19000,19000,19000,19000,19000,19000,19000,19000,328,0,5100.0,5939.198397107957,1273.4447169932537,18955.461903999094,256.0
1785385859,24,TTFT,S3,0.100000,0.000000,2500,2500,2500,2500,2500,2500,2500,2500,2500,2500,2500,156,0,2500.0,3481.1227783648064,2292.0104970107786,7755.792833049782,9649.0
1785385859,24,total,S3,0.100000,0.000000,19000,19000,19000,19000,19000,19000,19000,19000,19000,19000,19000,156,0,9400.0,8810.935262555573,3469.237338984385,19185.88613596512,256.0
1785385859,24,,Aggregated,0.800000,0.000000,17000,17000,19000,19000,19000,19000,19000,19000,19000,19000,19000,1194,0,2500.0,4133.120566846422,86.87065995763987,19185.88613596512,1720.2688442211056
1785385860,24,TTFT,S1,0.100000,0.000000,270,270,270,270,270,270,270,270,270,270,270,113,0,220.0,699.5506531695951,86.87065995763987,3577.98995799385,157.0
1785385860,24,total,S1,0.100000,0.000000,19000,19000,19000,19000,19000,19000,19000,19000,19000,19000,19000,113,0,6200.0,6374.152092166776,1225.9388089878485,18944.12374898093,256.0
1785385860,24,TTFT,S2,0.200000,0.000000,290,290,300,300,2100,2100,2100,2100,2100,2100,2100,328,0,270.0,823.1689571848398,132.84717197529972,5324.578330968507,1153.0
1785385860,24,total,S2,0.200000,0.000000,19000,19000,19000,19000,19000,19000,19000,19000,19000,19000,19000,328,0,5100.0,5939.198397107957,1273.4447169932537,18955.461903999094,256.0
1785385860,24,TTFT,S3,0.100000,0.000000,2500,2500,2500,2500,2500,2500,2500,2500,2500,2500,2500,156,0,2500.0,3481.1227783648064,2292.0104970107786,7755.792833049782,9649.0
1785385860,24,total,S3,0.100000,0.000000,19000,19000,19000,19000,19000,19000,19000,19000,19000,19000,19000,156,0,9400.0,8810.935262555573,3469.237338984385,19185.88613596512,256.0
1785385860,24,,Aggregated,0.800000,0.000000,17000,17000,19000,19000,19000,19000,19000,19000,19000,19000,19000,1194,0,2500.0,4133.120566846422,86.87065995763987,19185.88613596512,1720.2688442211056
1785385861,24,TTFT,S1,0.300000,0.000000,270,270,4000,4000,5700,5700,5700,5700,5700,5700,5700,116,0,220.0,766.763178811806,86.87065995763987,5673.542418982834,157.0
1785385861,24,total,S1,0.300000,0.000000,19000,19000,19000,19000,21000,21000,21000,21000,21000,21000,21000,116,0,6300.0,6614.92950356754,1225.9388089878485,21054.425266978797,256.0
1785385861,24,TTFT,S2,0.600000,0.000000,300,4000,5700,5700,5700,5700,5700,5700,5700,5700,5700,333,0,270.0,874.726076933063,132.84717197529972,5694.826449034736,1153.0
1785385861,24,total,S2,0.600000,0.000000,19000,19000,21000,21000,21000,21000,21000,21000,21000,21000,21000,333,0,5200.0,6117.938713253617,1273.4447169932537,21076.724925020244,256.0
1785385861,24,TTFT,S3,0.100000,0.000000,8000,9300,11000,11000,12000,12000,12000,12000,12000,12000,12000,164,0,2500.0,3716.387354700667,2292.0104970107786,12347.627809969708,9649.0
1785385861,24,total,S3,0.100000,0.000000,21000,21000,21000,21000,21000,21000,21000,21000,21000,21000,21000,164,0,9500.0,9398.719006278,3469.237338984385,21481.201339978725,256.0
1785385861,24,,Aggregated,2.000000,0.000000,11000,19000,19000,19000,21000,21000,21000,21000,21000,21000,21000,1226,0,2600.0,4352.129828294186,86.87065995763987,21481.201339978725,1746.757748776509
1785385862,24,TTFT,S1,0.300000,0.000000,270,270,4000,4000,5700,5700,5700,5700,5700,5700,5700,116,0,220.0,766.763178811806,86.87065995763987,5673.542418982834,157.0
1785385862,24,total,S1,0.300000,0.000000,19000,19000,19000,19000,21000,21000,21000,21000,21000,21000,21000,116,0,6300.0,6614.92950356754,1225.9388089878485,21054.425266978797,256.0
1785385862,24,TTFT,S2,0.600000,0.000000,300,4000,5700,5700,5700,5700,5700,5700,5700,5700,5700,333,0,270.0,874.726076933063,132.84717197529972,5694.826449034736,1153.0
1785385862,24,total,S2,0.600000,0.000000,19000,19000,21000,21000,21000,21000,21000,21000,21000,21000,21000,333,0,5200.0,6117.938713253617,1273.4447169932537,21076.724925020244,256.0
1785385862,24,TTFT,S3,0.100000,0.000000,8000,9300,11000,11000,12000,12000,12000,12000,12000,12000,12000,164,0,2500.0,3716.387354700667,2292.0104970107786,12347.627809969708,9649.0
1785385862,24,total,S3,0.100000,0.000000,21000,21000,21000,21000,21000,21000,21000,21000,21000,21000,21000,164,0,9500.0,9398.719006278,3469.237338984385,21481.201339978725,256.0
1785385862,24,,Aggregated,2.000000,0.000000,11000,19000,19000,19000,21000,21000,21000,21000,21000,21000,21000,1226,0,2600.0,4352.129828294186,86.87065995763987,21481.201339978725,1746.757748776509
1785385863,24,TTFT,S1,0.300000,0.000000,270,270,4000,4000,5700,5700,5700,5700,5700,5700,5700,116,0,220.0,766.763178811806,86.87065995763987,5673.542418982834,157.0
1785385863,24,total,S1,0.300000,0.000000,19000,19000,19000,19000,21000,21000,21000,21000,21000,21000,21000,116,0,6300.0,6614.92950356754,1225.9388089878485,21054.425266978797,256.0
1785385863,24,TTFT,S2,0.600000,0.000000,300,4000,5700,5700,5700,5700,5700,5700,5700,5700,5700,333,0,270.0,874.726076933063,132.84717197529972,5694.826449034736,1153.0
1785385863,24,total,S2,0.600000,0.000000,19000,19000,21000,21000,21000,21000,21000,21000,21000,21000,21000,333,0,5200.0,6117.938713253617,1273.4447169932537,21076.724925020244,256.0
1785385863,24,TTFT,S3,0.100000,0.000000,8000,9300,11000,11000,12000,12000,12000,12000,12000,12000,12000,164,0,2500.0,3716.387354700667,2292.0104970107786,12347.627809969708,9649.0
1785385863,24,total,S3,0.100000,0.000000,21000,21000,21000,21000,21000,21000,21000,21000,21000,21000,21000,164,0,9500.0,9398.719006278,3469.237338984385,21481.201339978725,256.0
1785385863,24,,Aggregated,2.000000,0.000000,11000,19000,19000,19000,21000,21000,21000,21000,21000,21000,21000,1226,0,2600.0,4352.129828294186,86.87065995763987,21481.201339978725,1746.757748776509
1785385864,24,TTFT,S1,0.300000,0.000000,270,270,4000,4000,5700,5700,5700,5700,5700,5700,5700,116,0,220.0,766.763178811806,86.87065995763987,5673.542418982834,157.0
1785385864,24,total,S1,0.300000,0.000000,19000,19000,19000,19000,21000,21000,21000,21000,21000,21000,21000,116,0,6300.0,6614.92950356754,1225.9388089878485,21054.425266978797,256.0
1785385864,24,TTFT,S2,0.600000,0.000000,300,4000,5700,5700,5700,5700,5700,5700,5700,5700,5700,333,0,270.0,874.726076933063,132.84717197529972,5694.826449034736,1153.0
1785385864,24,total,S2,0.600000,0.000000,19000,19000,21000,21000,21000,21000,21000,21000,21000,21000,21000,333,0,5200.0,6117.938713253617,1273.4447169932537,21076.724925020244,256.0
1785385864,24,TTFT,S3,0.100000,0.000000,8000,9300,11000,11000,12000,12000,12000,12000,12000,12000,12000,164,0,2500.0,3716.387354700667,2292.0104970107786,12347.627809969708,9649.0
1785385864,24,total,S3,0.100000,0.000000,21000,21000,21000,21000,21000,21000,21000,21000,21000,21000,21000,164,0,9500.0,9398.719006278,3469.237338984385,21481.201339978725,256.0
1785385864,24,,Aggregated,2.000000,0.000000,11000,19000,19000,21000,21000,21000,21000,21000,21000,21000,21000,1226,0,2600.0,4352.129828294186,86.87065995763987,21481.201339978725,1746.757748776509
1785385865,24,TTFT,S1,0.300000,0.000000,270,270,4000,4000,5700,5700,5700,5700,5700,5700,5700,116,0,220.0,766.763178811806,86.87065995763987,5673.542418982834,157.0
1785385865,24,total,S1,0.300000,0.000000,19000,19000,19000,19000,21000,21000,21000,21000,21000,21000,21000,116,0,6300.0,6614.92950356754,1225.9388089878485,21054.425266978797,256.0
1785385865,24,TTFT,S2,0.600000,0.000000,300,4000,5700,5700,5700,5700,5700,5700,5700,5700,5700,333,0,270.0,874.726076933063,132.84717197529972,5694.826449034736,1153.0
1785385865,24,total,S2,0.600000,0.000000,19000,19000,21000,21000,21000,21000,21000,21000,21000,21000,21000,333,0,5200.0,6117.938713253617,1273.4447169932537,21076.724925020244,256.0
1785385865,24,TTFT,S3,0.100000,0.000000,8000,9300,11000,11000,12000,12000,12000,12000,12000,12000,12000,164,0,2500.0,3716.387354700667,2292.0104970107786,12347.627809969708,9649.0
1785385865,24,total,S3,0.100000,0.000000,21000,21000,21000,21000,21000,21000,21000,21000,21000,21000,21000,164,0,9500.0,9398.719006278,3469.237338984385,21481.201339978725,256.0
1785385865,24,,Aggregated,2.000000,0.000000,11000,19000,19000,21000,21000,21000,21000,21000,21000,21000,21000,1226,0,2600.0,4352.129828294186,86.87065995763987,21481.201339978725,1746.757748776509
1785385866,24,TTFT,S1,0.300000,0.000000,270,4000,4000,5700,5700,5700,5700,5700,5700,5700,5700,116,0,220.0,766.763178811806,86.87065995763987,5673.542418982834,157.0
1785385866,24,total,S1,0.300000,0.000000,19000,19000,19000,21000,21000,21000,21000,21000,21000,21000,21000,116,0,6300.0,6614.92950356754,1225.9388089878485,21054.425266978797,256.0
1785385866,24,TTFT,S2,0.600000,0.000000,300,4000,5700,5700,5700,5700,5700,5700,5700,5700,5700,333,0,270.0,874.726076933063,132.84717197529972,5694.826449034736,1153.0
1785385866,24,total,S2,0.600000,0.000000,19000,19000,21000,21000,21000,21000,21000,21000,21000,21000,21000,333,0,5200.0,6117.938713253617,1273.4447169932537,21076.724925020244,256.0
1785385866,24,TTFT,S3,0.100000,0.000000,8000,9300,11000,11000,12000,12000,12000,12000,12000,12000,12000,164,0,2500.0,3716.387354700667,2292.0104970107786,12347.627809969708,9649.0
1785385866,24,total,S3,0.100000,0.000000,21000,21000,21000,21000,21000,21000,21000,21000,21000,21000,21000,164,0,9500.0,9398.719006278,3469.237338984385,21481.201339978725,256.0
1785385866,24,,Aggregated,2.000000,0.000000,11000,19000,19000,21000,21000,21000,21000,21000,21000,21000,21000,1226,0,2600.0,4352.129828294186,86.87065995763987,21481.201339978725,1746.757748776509
1785385867,24,TTFT,S1,0.300000,0.000000,270,4000,4000,5700,5700,5700,5700,5700,5700,5700,5700,116,0,220.0,766.763178811806,86.87065995763987,5673.542418982834,157.0
1785385867,24,total,S1,0.300000,0.000000,19000,19000,19000,21000,21000,21000,21000,21000,21000,21000,21000,116,0,6300.0,6614.92950356754,1225.9388089878485,21054.425266978797,256.0
1785385867,24,TTFT,S2,0.600000,0.000000,4000,5700,5700,5700,5700,5700,5700,5700,5700,5700,5700,333,0,270.0,874.726076933063,132.84717197529972,5694.826449034736,1153.0
1785385867,24,total,S2,0.600000,0.000000,19000,21000,21000,21000,21000,21000,21000,21000,21000,21000,21000,333,0,5200.0,6117.938713253617,1273.4447169932537,21076.724925020244,256.0
1785385867,24,TTFT,S3,0.100000,0.000000,9300,11000,11000,11000,12000,12000,12000,12000,12000,12000,12000,164,0,2500.0,3716.387354700667,2292.0104970107786,12347.627809969708,9649.0
1785385867,24,total,S3,0.100000,0.000000,21000,21000,21000,21000,21000,21000,21000,21000,21000,21000,21000,164,0,9500.0,9398.719006278,3469.237338984385,21481.201339978725,256.0
1785385867,24,,Aggregated,2.000000,0.000000,11000,19000,21000,21000,21000,21000,21000,21000,21000,21000,21000,1226,0,2600.0,4352.129828294186,86.87065995763987,21481.201339978725,1746.757748776509
1785385868,24,TTFT,S1,0.300000,0.000000,270,4000,4000,5700,5700,5700,5700,5700,5700,5700,5700,116,0,220.0,766.763178811806,86.87065995763987,5673.542418982834,157.0
1785385868,24,total,S1,0.300000,0.000000,19000,19000,19000,21000,21000,21000,21000,21000,21000,21000,21000,116,0,6300.0,6614.92950356754,1225.9388089878485,21054.425266978797,256.0
1785385868,24,TTFT,S2,0.600000,0.000000,4000,5700,5700,5700,5700,5700,5700,5700,5700,5700,5700,333,0,270.0,874.726076933063,132.84717197529972,5694.826449034736,1153.0
1785385868,24,total,S2,0.600000,0.000000,19000,21000,21000,21000,21000,21000,21000,21000,21000,21000,21000,333,0,5200.0,6117.938713253617,1273.4447169932537,21076.724925020244,256.0
1785385868,24,TTFT,S3,0.100000,0.000000,9300,11000,11000,11000,12000,12000,12000,12000,12000,12000,12000,164,0,2500.0,3716.387354700667,2292.0104970107786,12347.627809969708,9649.0
1785385868,24,total,S3,0.100000,0.000000,21000,21000,21000,21000,21000,21000,21000,21000,21000,21000,21000,164,0,9500.0,9398.719006278,3469.237338984385,21481.201339978725,256.0
1785385868,24,,Aggregated,2.000000,0.000000,11000,19000,21000,21000,21000,21000,21000,21000,21000,21000,21000,1226,0,2600.0,4352.129828294186,86.87065995763987,21481.201339978725,1746.757748776509
1785385869,24,TTFT,S1,0.500000,0.000000,4000,4000,5700,5700,5700,5700,5700,5700,5700,5700,5700,117,0,220.0,762.1004124889429,86.87065995763987,5673.542418982834,157.0
1785385869,24,total,S1,0.500000,0.000000,19000,19000,21000,21000,21000,21000,21000,21000,21000,21000,21000,117,0,6300.0,6676.985562067085,1225.9388089878485,21054.425266978797,256.0
1785385869,24,TTFT,S2,0.700000,0.000000,5700,5700,5700,5700,5700,5700,5700,5700,5700,5700,5700,334,0,270.0,872.769884954236,132.84717197529972,5694.826449034736,1153.0
1785385869,24,total,S2,0.700000,0.000000,21000,21000,21000,21000,21000,21000,21000,21000,21000,21000,21000,334,0,5200.0,6141.193764657026,1273.4447169932537,21076.724925020244,256.0
1785385869,24,TTFT,S3,0.800000,0.000000,9300,11000,11000,11000,12000,12000,12000,12000,12000,12000,12000,164,0,2500.0,3716.387354700667,2292.0104970107786,12347.627809969708,9649.0
1785385869,24,total,S3,0.800000,0.000000,21000,21000,21000,21000,21000,21000,21000,21000,21000,21000,21000,164,0,9500.0,9398.719006278,3469.237338984385,21481.201339978725,256.0
1785385869,24,,Aggregated,4.000000,0.000000,11000,19000,21000,21000,21000,21000,21000,21000,21000,21000,21000,1230,0,2600.0,4360.905984710342,86.87065995763987,21481.201339978725,1742.5585365853658
1785385870,24,TTFT,S1,0.500000,0.000000,4000,4000,5700,5700,5700,5700,5700,5700,5700,5700,5700,117,0,220.0,762.1004124889429,86.87065995763987,5673.542418982834,157.0
1785385870,24,total,S1,0.500000,0.000000,19000,19000,21000,21000,21000,21000,21000,21000,21000,21000,21000,117,0,6300.0,6676.985562067085,1225.9388089878485,21054.425266978797,256.0
1785385870,24,TTFT,S2,0.700000,0.000000,5700,5700,5700,5700,5700,5700,5700,5700,5700,5700,5700,334,0,270.0,872.769884954236,132.84717197529972,5694.826449034736,1153.0
1785385870,24,total,S2,0.700000,0.000000,21000,21000,21000,21000,21000,21000,21000,21000,21000,21000,21000,334,0,5200.0,6141.193764657026,1273.4447169932537,21076.724925020244,256.0
1785385870,24,TTFT,S3,0.800000,0.000000,9300,11000,11000,11000,12000,12000,12000,12000,12000,12000,12000,164,0,2500.0,3716.387354700667,2292.0104970107786,12347.627809969708,9649.0
1785385870,24,total,S3,0.800000,0.000000,21000,21000,21000,21000,21000,21000,21000,21000,21000,21000,21000,164,0,9500.0,9398.719006278,3469.237338984385,21481.201339978725,256.0
1785385870,24,,Aggregated,4.000000,0.000000,11000,19000,21000,21000,21000,21000,21000,21000,21000,21000,21000,1230,0,2600.0,4360.905984710342,86.87065995763987,21481.201339978725,1742.5585365853658
1785385871,24,TTFT,S1,0.500000,0.000000,4000,4000,5700,5700,5700,5700,5700,5700,5700,5700,5700,117,0,220.0,762.1004124889429,86.87065995763987,5673.542418982834,157.0
1785385871,24,total,S1,0.500000,0.000000,19000,19000,21000,21000,21000,21000,21000,21000,21000,21000,21000,117,0,6300.0,6676.985562067085,1225.9388089878485,21054.425266978797,256.0
1785385871,24,TTFT,S2,0.700000,0.000000,5700,5700,5700,5700,5700,5700,5700,5700,5700,5700,5700,334,0,270.0,872.769884954236,132.84717197529972,5694.826449034736,1153.0
1785385871,24,total,S2,0.700000,0.000000,21000,21000,21000,21000,21000,21000,21000,21000,21000,21000,21000,334,0,5200.0,6141.193764657026,1273.4447169932537,21076.724925020244,256.0
1785385871,24,TTFT,S3,0.800000,0.000000,9300,11000,11000,11000,12000,12000,12000,12000,12000,12000,12000,164,0,2500.0,3716.387354700667,2292.0104970107786,12347.627809969708,9649.0
1785385871,24,total,S3,0.800000,0.000000,21000,21000,21000,21000,21000,21000,21000,21000,21000,21000,21000,164,0,9500.0,9398.719006278,3469.237338984385,21481.201339978725,256.0
1785385871,24,,Aggregated,4.000000,0.000000,11000,19000,21000,21000,21000,21000,21000,21000,21000,21000,21000,1230,0,2600.0,4360.905984710342,86.87065995763987,21481.201339978725,1742.5585365853658
1785385872,24,TTFT,S1,0.400000,0.000000,260,260,4000,4000,5700,5700,5700,5700,5700,5700,5700,119,0,220.0,753.6251878585009,86.87065995763987,5673.542418982834,157.0
1785385872,24,total,S1,0.400000,0.000000,14000,14000,19000,19000,21000,21000,21000,21000,21000,21000,21000,119,0,6300.0,6797.712873670903,1225.9388089878485,21054.425266978797,256.0
1785385872,24,TTFT,S2,0.600000,0.000000,4000,5700,5700,5700,5700,5700,5700,5700,5700,5700,5700,336,0,270.0,873.7045586092877,132.84717197529972,5694.826449034736,1153.0
1785385872,24,total,S2,0.600000,0.000000,19000,21000,21000,21000,21000,21000,21000,21000,21000,21000,21000,336,0,5200.0,6191.866882885301,1273.4447169932537,21076.724925020244,256.0
1785385872,24,TTFT,S3,0.800000,0.000000,8000,9300,11000,11000,12000,12000,12000,12000,12000,12000,12000,165,0,2500.0,3708.799622599459,2292.0104970107786,12347.627809969708,9649.0
1785385872,24,total,S3,0.800000,0.000000,21000,21000,21000,21000,21000,21000,21000,21000,21000,21000,21000,165,0,9600.0,9439.351130015866,3469.237338984385,21481.201339978725,256.0
1785385872,24,,Aggregated,3.600000,0.000000,11000,15000,19000,21000,21000,21000,21000,21000,21000,21000,21000,1240,0,2600.0,4388.779119230412,86.87065995763987,21481.201339978725,1739.4322580645162
1785385873,24,TTFT,S1,0.400000,0.000000,250,260,4000,4000,5700,5700,5700,5700,5700,5700,5700,120,0,220.0,749.0565192264816,86.87065995763987,5673.542418982834,157.0
1785385873,24,total,S1,0.400000,0.000000,14000,14000,19000,19000,21000,21000,21000,21000,21000,21000,21000,120,0,6300.0,6841.360165890364,1225.9388089878485,21054.425266978797,256.0
1785385873,24,TTFT,S2,0.600000,0.000000,4000,5700,5700,5700,5700,5700,5700,5700,5700,5700,5700,336,0,270.0,873.7045586092877,132.84717197529972,5694.826449034736,1153.0
1785385873,24,total,S2,0.600000,0.000000,19000,21000,21000,21000,21000,21000,21000,21000,21000,21000,21000,336,0,5200.0,6191.866882885301,1273.4447169932537,21076.724925020244,256.0
1785385873,24,TTFT,S3,0.800000,0.000000,8000,9300,11000,11000,12000,12000,12000,12000,12000,12000,12000,166,0,2500.0,3700.5893699270787,2292.0104970107786,12347.627809969708,9649.0
1785385873,24,total,S3,0.800000,0.000000,21000,21000,21000,21000,21000,21000,21000,21000,21000,21000,21000,166,0,9600.0,9468.79427070261,3469.237338984385,21481.201339978725,256.0
1785385873,24,,Aggregated,3.600000,0.000000,11000,14000,19000,21000,21000,21000,21000,21000,21000,21000,21000,1244,0,2600.0,4397.90971937358,86.87065995763987,21481.201339978725,1742.1334405144694
1785385874,24,TTFT,S1,0.100000,0.000000,220,250,260,4000,5700,5700,5700,5700,5700,5700,5700,123,0,220.0,735.8757727415059,86.87065995763987,5673.542418982834,157.0
1785385874,24,total,S1,0.100000,0.000000,14000,14000,14000,19000,21000,21000,21000,21000,21000,21000,21000,123,0,6400.0,7005.298951633154,1225.9388089878485,21054.425266978797,256.0
1785385874,24,TTFT,S2,0.100000,0.000000,4000,5700,5700,5700,5700,5700,5700,5700,5700,5700,5700,336,0,270.0,873.7045586092877,132.84717197529972,5694.826449034736,1153.0
1785385874,24,total,S2,0.100000,0.000000,19000,21000,21000,21000,21000,21000,21000,21000,21000,21000,21000,336,0,5200.0,6191.866882885301,1273.4447169932537,21076.724925020244,256.0
1785385874,24,TTFT,S3,0.000000,0.000000,8000,9300,11000,11000,12000,12000,12000,12000,12000,12000,12000,166,0,2500.0,3700.5893699270787,2292.0104970107786,12347.627809969708,9649.0
1785385874,24,total,S3,0.000000,0.000000,21000,21000,21000,21000,21000,21000,21000,21000,21000,21000,21000,166,0,9600.0,9468.79427070261,3469.237338984385,21481.201339978725,256.0
1785385874,24,,Aggregated,0.400000,0.000000,11000,14000,19000,19000,21000,21000,21000,21000,21000,21000,21000,1250,0,2600.0,4409.851343827836,86.87065995763987,21481.201339978725,1734.7624
1785385875,24,TTFT,S1,0.100000,0.000000,210,220,250,250,260,260,260,260,260,260,260,123,0,220.0,735.8757727415059,86.87065995763987,5673.542418982834,157.0
1785385875,24,total,S1,0.100000,0.000000,14000,14000,14000,14000,14000,14000,14000,14000,14000,14000,14000,123,0,6400.0,7005.298951633154,1225.9388089878485,21054.425266978797,256.0
1785385875,24,TTFT,S2,0.100000,0.000000,260,260,1800,1800,1800,1800,1800,1800,1800,1800,1800,336,0,270.0,873.7045586092877,132.84717197529972,5694.826449034736,1153.0
1785385875,24,total,S2,0.100000,0.000000,14000,14000,15000,15000,15000,15000,15000,15000,15000,15000,15000,336,0,5200.0,6191.866882885301,1273.4447169932537,21076.724925020244,256.0
1785385875,24,TTFT,S3,0.000000,0.000000,8000,9300,11000,11000,12000,12000,12000,12000,12000,12000,12000,166,0,2500.0,3700.5893699270787,2292.0104970107786,12347.627809969708,9649.0
1785385875,24,total,S3,0.000000,0.000000,21000,21000,21000,21000,21000,21000,21000,21000,21000,21000,21000,166,0,9600.0,9468.79427070261,3469.237338984385,21481.201339978725,256.0
1785385875,24,,Aggregated,0.400000,0.000000,12000,14000,14000,14000,14000,15000,16000,16000,16000,16000,16000,1250,0,2600.0,4409.851343827836,86.87065995763987,21481.201339978725,1734.7624
1785385876,24,TTFT,S1,0.100000,0.000000,210,220,250,250,260,260,260,260,260,260,260,123,0,220.0,735.8757727415059,86.87065995763987,5673.542418982834,157.0
1785385876,24,total,S1,0.100000,0.000000,14000,14000,14000,14000,14000,14000,14000,14000,14000,14000,14000,123,0,6400.0,7005.298951633154,1225.9388089878485,21054.425266978797,256.0
1785385876,24,TTFT,S2,0.100000,0.000000,260,260,1800,1800,1800,1800,1800,1800,1800,1800,1800,336,0,270.0,873.7045586092877,132.84717197529972,5694.826449034736,1153.0
1785385876,24,total,S2,0.100000,0.000000,14000,14000,15000,15000,15000,15000,15000,15000,15000,15000,15000,336,0,5200.0,6191.866882885301,1273.4447169932537,21076.724925020244,256.0
1785385876,24,TTFT,S3,0.000000,0.000000,2500,2500,2500,2500,2500,2500,2500,2500,2500,2500,2500,166,0,2500.0,3700.5893699270787,2292.0104970107786,12347.627809969708,9649.0
1785385876,24,total,S3,0.000000,0.000000,16000,16000,16000,16000,16000,16000,16000,16000,16000,16000,16000,166,0,9600.0,9468.79427070261,3469.237338984385,21481.201339978725,256.0
1785385876,24,,Aggregated,0.400000,0.000000,12000,14000,14000,14000,14000,15000,16000,16000,16000,16000,16000,1250,0,2600.0,4409.851343827836,86.87065995763987,21481.201339978725,1734.7624
1785385877,24,TTFT,S1,0.700000,0.000000,220,250,260,260,3800,3800,3800,3800,3800,3800,3800,124,0,220.0,760.6384755819172,86.87065995763987,5673.542418982834,157.0
1785385877,24,total,S1,0.700000,0.000000,14000,14000,14000,14000,16000,16000,16000,16000,16000,16000,16000,124,0,6400.0,7074.961076023042,1225.9388089878485,21054.425266978797,256.0
1785385877,24,TTFT,S2,0.300000,0.000000,4400,4400,4400,4400,5900,5900,5900,5900,5900,5900,5900,343,0,270.0,944.738907302199,132.84717197529972,5889.0772860031575,1153.0
1785385877,24,total,S2,0.300000,0.000000,16000,16000,16000,16000,16000,16000,16000,16000,16000,16000,16000,343,0,5600.0,6395.831558543173,1273.4447169932537,21076.724925020244,256.0
1785385877,24,TTFT,S3,0.200000,0.000000,5900,5900,6000,6000,7400,7400,7400,7400,7400,7400,7400,170,0,2500.0,3743.51359855774,2292.0104970107786,12347.627809969708,9649.0
1785385877,24,total,S3,0.200000,0.000000,16000,16000,16000,16000,16000,16000,16000,16000,16000,16000,16000,170,0,9700.0,9622.525126832496,3469.237338984385,21481.201339978725,256.0
1785385877,24,,Aggregated,2.400000,0.000000,12000,14000,16000,16000,16000,16000,16000,16000,16000,16000,16000,1274,0,2600.0,4522.493404631335,86.87065995763987,21481.201339978725,1741.2472527472528
1785385878,24,TTFT,S1,0.700000,0.000000,220,250,260,260,3800,3800,3800,3800,3800,3800,3800,124,0,220.0,760.6384755819172,86.87065995763987,5673.542418982834,157.0
1785385878,24,total,S1,0.700000,0.000000,14000,14000,14000,14000,16000,16000,16000,16000,16000,16000,16000,124,0,6400.0,7074.961076023042,1225.9388089878485,21054.425266978797,256.0
1785385878,24,TTFT,S2,0.300000,0.000000,4300,4400,4400,4400,4400,5900,5900,5900,5900,5900,5900,344,0,270.0,942.4941275950026,132.84717197529972,5889.0772860031575,1153.0
1785385878,24,total,S2,0.300000,0.000000,16000,16000,16000,16000,16000,16000,16000,16000,16000,16000,16000,344,0,5600.0,6402.971108657915,1273.4447169932537,21076.724925020244,256.0
1785385878,24,TTFT,S3,0.200000,0.000000,5900,5900,6000,6000,7400,7400,7400,7400,7400,7400,7400,170,0,2500.0,3743.51359855774,2292.0104970107786,12347.627809969708,9649.0
1785385878,24,total,S3,0.200000,0.000000,16000,16000,16000,16000,16000,16000,16000,16000,16000,16000,16000,170,0,9700.0,9622.525126832496,3469.237338984385,21481.201339978725,256.0
1785385878,24,,Aggregated,2.400000,0.000000,8900,14000,16000,16000,16000,16000,16000,16000,16000,16000,16000,1276,0,2600.0,4522.477248421913,86.87065995763987,21481.201339978725,1739.6222570532916
1785385879,24,TTFT,S1,0.700000,0.000000,220,250,260,260,3800,3800,3800,3800,3800,3800,3800,124,0,220.0,760.6384755819172,86.87065995763987,5673.542418982834,157.0
1785385879,24,total,S1,0.700000,0.000000,14000,14000,14000,14000,16000,16000,16000,16000,16000,16000,16000,124,0,6400.0,7074.961076023042,1225.9388089878485,21054.425266978797,256.0
1785385879,24,TTFT,S2,0.300000,0.000000,4300,4400,4400,4400,4400,5900,5900,5900,5900,5900,5900,344,0,270.0,942.4941275950026,132.84717197529972,5889.0772860031575,1153.0
1785385879,24,total,S2,0.300000,0.000000,16000,16000,16000,16000,16000,16000,16000,16000,16000,16000,16000,344,0,5600.0,6402.971108657915,1273.4447169932537,21076.724925020244,256.0
1785385879,24,TTFT,S3,0.200000,0.000000,5900,5900,6000,6000,7400,7400,7400,7400,7400,7400,7400,170,0,2500.0,3743.51359855774,2292.0104970107786,12347.627809969708,9649.0
1785385879,24,total,S3,0.200000,0.000000,16000,16000,16000,16000,16000,16000,16000,16000,16000,16000,16000,170,0,9700.0,9622.525126832496,3469.237338984385,21481.201339978725,256.0
1785385879,24,,Aggregated,2.400000,0.000000,8900,14000,16000,16000,16000,16000,16000,16000,16000,16000,16000,1276,0,2600.0,4522.477248421913,86.87065995763987,21481.201339978725,1739.6222570532916
1785385880,24,TTFT,S1,0.700000,0.000000,210,250,260,260,3800,3800,3800,3800,3800,3800,3800,124,0,220.0,760.6384755819172,86.87065995763987,5673.542418982834,157.0
1785385880,24,total,S1,0.700000,0.000000,14000,14000,14000,14000,16000,16000,16000,16000,16000,16000,16000,124,0,6400.0,7074.961076023042,1225.9388089878485,21054.425266978797,256.0
1785385880,24,TTFT,S2,0.300000,0.000000,4400,4400,4400,4400,5900,5900,5900,5900,5900,5900,5900,344,0,270.0,942.4941275950026,132.84717197529972,5889.0772860031575,1153.0
1785385880,24,total,S2,0.300000,0.000000,16000,16000,16000,16000,16000,16000,16000,16000,16000,16000,16000,344,0,5600.0,6402.971108657915,1273.4447169932537,21076.724925020244,256.0
1785385880,24,TTFT,S3,0.200000,0.000000,5900,5900,6000,6000,7400,7400,7400,7400,7400,7400,7400,170,0,2500.0,3743.51359855774,2292.0104970107786,12347.627809969708,9649.0
1785385880,24,total,S3,0.200000,0.000000,16000,16000,16000,16000,16000,16000,16000,16000,16000,16000,16000,170,0,9700.0,9622.525126832496,3469.237338984385,21481.201339978725,256.0
1785385880,24,,Aggregated,2.400000,0.000000,8900,14000,16000,16000,16000,16000,16000,16000,16000,16000,16000,1276,0,2600.0,4522.477248421913,86.87065995763987,21481.201339978725,1739.6222570532916
1785385881,24,TTFT,S1,0.700000,0.000000,210,250,260,260,3800,3800,3800,3800,3800,3800,3800,124,0,220.0,760.6384755819172,86.87065995763987,5673.542418982834,157.0
1785385881,24,total,S1,0.700000,0.000000,14000,14000,14000,14000,16000,16000,16000,16000,16000,16000,16000,124,0,6400.0,7074.961076023042,1225.9388089878485,21054.425266978797,256.0
1785385881,24,TTFT,S2,0.300000,0.000000,4400,4400,4400,4400,5900,5900,5900,5900,5900,5900,5900,344,0,270.0,942.4941275950026,132.84717197529972,5889.0772860031575,1153.0
1785385881,24,total,S2,0.300000,0.000000,16000,16000,16000,16000,16000,16000,16000,16000,16000,16000,16000,344,0,5600.0,6402.971108657915,1273.4447169932537,21076.724925020244,256.0
1785385881,24,TTFT,S3,0.200000,0.000000,5900,5900,6000,6000,7400,7400,7400,7400,7400,7400,7400,170,0,2500.0,3743.51359855774,2292.0104970107786,12347.627809969708,9649.0
1785385881,24,total,S3,0.200000,0.000000,16000,16000,16000,16000,16000,16000,16000,16000,16000,16000,16000,170,0,9700.0,9622.525126832496,3469.237338984385,21481.201339978725,256.0
1785385881,24,,Aggregated,2.400000,0.000000,8900,14000,16000,16000,16000,16000,16000,16000,16000,16000,16000,1276,0,2600.0,4522.477248421913,86.87065995763987,21481.201339978725,1739.6222570532916
1785385882,24,TTFT,S1,0.700000,0.000000,210,210,210,3800,3800,3800,3800,3800,3800,3800,3800,124,0,220.0,760.6384755819172,86.87065995763987,5673.542418982834,157.0
1785385882,24,total,S1,0.700000,0.000000,14000,14000,14000,16000,16000,16000,16000,16000,16000,16000,16000,124,0,6400.0,7074.961076023042,1225.9388089878485,21054.425266978797,256.0
1785385882,24,TTFT,S2,0.300000,0.000000,4400,4400,4400,4400,5900,5900,5900,5900,5900,5900,5900,344,0,270.0,942.4941275950026,132.84717197529972,5889.0772860031575,1153.0
1785385882,24,total,S2,0.300000,0.000000,16000,16000,16000,16000,16000,16000,16000,16000,16000,16000,16000,344,0,5600.0,6402.971108657915,1273.4447169932537,21076.724925020244,256.0
1785385882,24,TTFT,S3,0.200000,0.000000,5900,6000,6000,7400,7400,7400,7400,7400,7400,7400,7400,170,0,2500.0,3743.51359855774,2292.0104970107786,12347.627809969708,9649.0
1785385882,24,total,S3,0.200000,0.000000,16000,16000,16000,16000,16000,16000,16000,16000,16000,16000,16000,170,0,9700.0,9622.525126832496,3469.237338984385,21481.201339978725,256.0
1785385882,24,,Aggregated,2.400000,0.000000,8900,14000,16000,16000,16000,16000,16000,16000,16000,16000,16000,1276,0,2600.0,4522.477248421913,86.87065995763987,21481.201339978725,1739.6222570532916
1785385883,24,TTFT,S1,0.700000,0.000000,210,210,3800,3800,3800,3800,3800,3800,3800,3800,3800,124,0,220.0,760.6384755819172,86.87065995763987,5673.542418982834,157.0
1785385883,24,total,S1,0.700000,0.000000,14000,14000,16000,16000,16000,16000,16000,16000,16000,16000,16000,124,0,6400.0,7074.961076023042,1225.9388089878485,21054.425266978797,256.0
1785385883,24,TTFT,S2,0.300000,0.000000,4400,4400,4400,4400,5900,5900,5900,5900,5900,5900,5900,344,0,270.0,942.4941275950026,132.84717197529972,5889.0772860031575,1153.0
1785385883,24,total,S2,0.300000,0.000000,16000,16000,16000,16000,16000,16000,16000,16000,16000,16000,16000,344,0,5600.0,6402.971108657915,1273.4447169932537,21076.724925020244,256.0
1785385883,24,TTFT,S3,0.200000,0.000000,5900,6000,6000,7400,7400,7400,7400,7400,7400,7400,7400,170,0,2500.0,3743.51359855774,2292.0104970107786,12347.627809969708,9649.0
1785385883,24,total,S3,0.200000,0.000000,16000,16000,16000,16000,16000,16000,16000,16000,16000,16000,16000,170,0,9700.0,9622.525126832496,3469.237338984385,21481.201339978725,256.0
1785385883,24,,Aggregated,2.400000,0.000000,8900,16000,16000,16000,16000,16000,16000,16000,16000,16000,16000,1276,0,2600.0,4522.477248421913,86.87065995763987,21481.201339978725,1739.6222570532916
1785385884,24,TTFT,S1,0.700000,0.000000,210,210,3800,3800,3800,3800,3800,3800,3800,3800,3800,124,0,220.0,760.6384755819172,86.87065995763987,5673.542418982834,157.0
1785385884,24,total,S1,0.700000,0.000000,14000,14000,16000,16000,16000,16000,16000,16000,16000,16000,16000,124,0,6400.0,7074.961076023042,1225.9388089878485,21054.425266978797,256.0
1785385884,24,TTFT,S2,0.300000,0.000000,4400,4400,4400,4400,5900,5900,5900,5900,5900,5900,5900,344,0,270.0,942.4941275950026,132.84717197529972,5889.0772860031575,1153.0
1785385884,24,total,S2,0.300000,0.000000,16000,16000,16000,16000,16000,16000,16000,16000,16000,16000,16000,344,0,5600.0,6402.971108657915,1273.4447169932537,21076.724925020244,256.0
1785385884,24,TTFT,S3,0.200000,0.000000,5900,6000,6000,7400,7400,7400,7400,7400,7400,7400,7400,170,0,2500.0,3743.51359855774,2292.0104970107786,12347.627809969708,9649.0
1785385884,24,total,S3,0.200000,0.000000,16000,16000,16000,16000,16000,16000,16000,16000,16000,16000,16000,170,0,9700.0,9622.525126832496,3469.237338984385,21481.201339978725,256.0
1785385884,24,,Aggregated,2.400000,0.000000,8900,16000,16000,16000,16000,16000,16000,16000,16000,16000,16000,1276,0,2600.0,4522.477248421913,86.87065995763987,21481.201339978725,1739.6222570532916
1785385885,24,TTFT,S1,0.700000,0.000000,3800,3800,3800,3800,3800,3800,3800,3800,3800,3800,3800,124,0,220.0,760.6384755819172,86.87065995763987,5673.542418982834,157.0
1785385885,24,total,S1,0.700000,0.000000,16000,16000,16000,16000,16000,16000,16000,16000,16000,16000,16000,124,0,6400.0,7074.961076023042,1225.9388089878485,21054.425266978797,256.0
1785385885,24,TTFT,S2,0.300000,0.000000,4400,4400,4400,4400,5900,5900,5900,5900,5900,5900,5900,344,0,270.0,942.4941275950026,132.84717197529972,5889.0772860031575,1153.0
1785385885,24,total,S2,0.300000,0.000000,16000,16000,16000,16000,16000,16000,16000,16000,16000,16000,16000,344,0,5600.0,6402.971108657915,1273.4447169932537,21076.724925020244,256.0
1785385885,24,TTFT,S3,0.200000,0.000000,6000,6000,7400,7400,7400,7400,7400,7400,7400,7400,7400,170,0,2500.0,3743.51359855774,2292.0104970107786,12347.627809969708,9649.0
1785385885,24,total,S3,0.200000,0.000000,16000,16000,16000,16000,16000,16000,16000,16000,16000,16000,16000,170,0,9700.0,9622.525126832496,3469.237338984385,21481.201339978725,256.0
1785385885,24,,Aggregated,2.400000,0.000000,8900,16000,16000,16000,16000,16000,16000,16000,16000,16000,16000,1276,0,2600.0,4522.477248421913,86.87065995763987,21481.201339978725,1739.6222570532916
1785385886,24,TTFT,S1,0.700000,0.000000,3800,3800,3800,3800,3800,3800,3800,3800,3800,3800,3800,124,0,220.0,760.6384755819172,86.87065995763987,5673.542418982834,157.0
1785385886,24,total,S1,0.700000,0.000000,16000,16000,16000,16000,16000,16000,16000,16000,16000,16000,16000,124,0,6400.0,7074.961076023042,1225.9388089878485,21054.425266978797,256.0
1785385886,24,TTFT,S2,0.300000,0.000000,4400,4400,4400,4400,5900,5900,5900,5900,5900,5900,5900,344,0,270.0,942.4941275950026,132.84717197529972,5889.0772860031575,1153.0
1785385886,24,total,S2,0.300000,0.000000,16000,16000,16000,16000,16000,16000,16000,16000,16000,16000,16000,344,0,5600.0,6402.971108657915,1273.4447169932537,21076.724925020244,256.0
1785385886,24,TTFT,S3,0.200000,0.000000,6000,6000,7400,7400,7400,7400,7400,7400,7400,7400,7400,170,0,2500.0,3743.51359855774,2292.0104970107786,12347.627809969708,9649.0
1785385886,24,total,S3,0.200000,0.000000,16000,16000,16000,16000,16000,16000,16000,16000,16000,16000,16000,170,0,9700.0,9622.525126832496,3469.237338984385,21481.201339978725,256.0
1785385886,24,,Aggregated,2.400000,0.000000,8900,16000,16000,16000,16000,16000,16000,16000,16000,16000,16000,1276,0,2600.0,4522.477248421913,86.87065995763987,21481.201339978725,1739.6222570532916
1785385887,24,TTFT,S1,0.100000,0.000000,3800,3800,3800,3800,3800,3800,3800,3800,3800,3800,3800,124,0,220.0,760.6384755819172,86.87065995763987,5673.542418982834,157.0
1785385887,24,total,S1,0.100000,0.000000,16000,16000,16000,16000,16000,16000,16000,16000,16000,16000,16000,124,0,6400.0,7074.961076023042,1225.9388089878485,21054.425266978797,256.0
1785385887,24,TTFT,S2,0.800000,0.000000,170,170,170,170,170,170,170,170,170,170,170,344,0,270.0,942.4941275950026,132.84717197529972,5889.0772860031575,1153.0
1785385887,24,total,S2,0.800000,0.000000,8900,8900,8900,8900,8900,8900,8900,8900,8900,8900,8900,344,0,5600.0,6402.971108657915,1273.4447169932537,21076.724925020244,256.0
1785385887,24,TTFT,S3,0.400000,0.000000,5900,6000,6000,7400,7400,7400,7400,7400,7400,7400,7400,171,0,2500.0,3735.485739589666,2292.0104970107786,12347.627809969708,9649.0
1785385887,24,total,S3,0.400000,0.000000,16000,16000,16000,18000,18000,18000,18000,18000,18000,18000,18000,171,0,9700.0,9671.00720200892,3469.237338984385,21481.201339978725,256.0
1785385887,24,,Aggregated,2.600000,0.000000,8900,8900,18000,18000,18000,18000,18000,18000,18000,18000,18000,1278,0,2600.0,4531.271266575414,86.87065995763987,21481.201339978725,1744.650234741784
1785385888,24,TTFT,S1,0.100000,0.000000,3800,3800,3800,3800,3800,3800,3800,3800,3800,3800,3800,124,0,220.0,760.6384755819172,86.87065995763987,5673.542418982834,157.0
1785385888,24,total,S1,0.100000,0.000000,16000,16000,16000,16000,16000,16000,16000,16000,16000,16000,16000,124,0,6400.0,7074.961076023042,1225.9388089878485,21054.425266978797,256.0
1785385888,24,TTFT,S2,0.800000,0.000000,170,170,170,170,170,170,170,170,170,170,170,344,0,270.0,942.4941275950026,132.84717197529972,5889.0772860031575,1153.0
1785385888,24,total,S2,0.800000,0.000000,8900,8900,8900,8900,8900,8900,8900,8900,8900,8900,8900,344,0,5600.0,6402.971108657915,1273.4447169932537,21076.724925020244,256.0
1785385888,24,TTFT,S3,0.400000,0.000000,5900,6000,6000,7400,7400,7400,7400,7400,7400,7400,7400,171,0,2500.0,3735.485739589666,2292.0104970107786,12347.627809969708,9649.0
1785385888,24,total,S3,0.400000,0.000000,16000,16000,16000,18000,18000,18000,18000,18000,18000,18000,18000,171,0,9700.0,9671.00720200892,3469.237338984385,21481.201339978725,256.0
1785385888,24,,Aggregated,2.600000,0.000000,8900,8900,18000,18000,18000,18000,18000,18000,18000,18000,18000,1278,0,2600.0,4531.271266575414,86.87065995763987,21481.201339978725,1744.650234741784
1785385889,24,TTFT,S1,0.100000,0.000000,100,100,3800,3800,3800,3800,3800,3800,3800,3800,3800,126,0,210.0,750.1739810885203,86.87065995763987,5673.542418982834,157.0
1785385889,24,total,S1,0.100000,0.000000,17000,17000,17000,17000,17000,17000,17000,17000,17000,17000,17000,126,0,6400.0,7236.784899355992,1225.9388089878485,21054.425266978797,256.0
1785385889,24,TTFT,S2,0.800000,0.000000,260,260,270,270,270,270,270,270,270,270,270,346,0,270.0,938.5810391839481,132.84717197529972,5889.0772860031575,1153.0
1785385889,24,total,S2,0.800000,0.000000,17000,17000,17000,17000,17000,17000,17000,17000,17000,17000,17000,346,0,5600.0,6465.627274217758,1273.4447169932537,21076.724925020244,256.0
1785385889,24,TTFT,S3,0.400000,0.000000,5900,6000,6000,7400,7400,7400,7400,7400,7400,7400,7400,171,0,2500.0,3735.485739589666,2292.0104970107786,12347.627809969708,9649.0
1785385889,24,total,S3,0.400000,0.000000,16000,16000,16000,18000,18000,18000,18000,18000,18000,18000,18000,171,0,9700.0,9671.00720200892,3469.237338984385,21481.201339978725,256.0
1785385889,24,,Aggregated,2.600000,0.000000,8900,17000,17000,17000,17000,18000,18000,18000,18000,18000,18000,1286,0,2600.0,4557.3275181853505,86.87065995763987,21481.201339978725,1736.6306376360808
1785385890,24,TTFT,S1,0.000000,0.000000,2100,2100,3800,3800,3800,3800,3800,3800,3800,3800,3800,127,0,220.0,760.8071981821994,86.87065995763987,5673.542418982834,157.0
1785385890,24,total,S1,0.000000,0.000000,17000,17000,17000,17000,17000,17000,17000,17000,17000,17000,17000,127,0,6400.0,7304.757046235054,1225.9388089878485,21054.425266978797,256.0
1785385890,24,TTFT,S2,0.100000,0.000000,2100,2100,2100,2100,3400,3400,3400,3400,3400,3400,3400,349,0,270.0,952.3714258014304,132.84717197529972,5889.0772860031575,1153.0
1785385890,24,total,S2,0.100000,0.000000,17000,17000,17000,17000,17000,17000,17000,17000,17000,17000,17000,349,0,5700.0,6550.7937980441175,1273.4447169932537,21076.724925020244,256.0
1785385890,24,TTFT,S3,0.100000,0.000000,3800,5900,6000,6000,7400,7400,7400,7400,7400,7400,7400,173,0,2500.0,3728.764912276394,2292.0104970107786,12347.627809969708,9649.0
1785385890,24,total,S3,0.100000,0.000000,16000,18000,18000,18000,18000,18000,18000,18000,18000,18000,18000,173,0,9700.0,9765.415120650167,3469.237338984385,21481.201339978725,256.0
1785385890,24,,Aggregated,0.400000,0.000000,8900,16000,17000,17000,18000,18000,18000,18000,18000,18000,18000,1298,0,2700.0,4605.103596193674,86.87065995763987,21481.201339978725,1739.4121725731895
1785385891,24,TTFT,S1,0.000000,0.000000,2100,2100,3800,3800,3800,3800,3800,3800,3800,3800,3800,127,0,220.0,760.8071981821994,86.87065995763987,5673.542418982834,157.0
1785385891,24,total,S1,0.000000,0.000000,17000,17000,17000,17000,17000,17000,17000,17000,17000,17000,17000,127,0,6400.0,7304.757046235054,1225.9388089878485,21054.425266978797,256.0
1785385891,24,TTFT,S2,0.100000,0.000000,2100,2100,2100,2100,3400,3400,3400,3400,3400,3400,3400,349,0,270.0,952.3714258014304,132.84717197529972,5889.0772860031575,1153.0
1785385891,24,total,S2,0.100000,0.000000,17000,17000,17000,17000,17000,17000,17000,17000,17000,17000,17000,349,0,5700.0,6550.7937980441175,1273.4447169932537,21076.724925020244,256.0
1785385891,24,TTFT,S3,0.100000,0.000000,3800,5900,6000,6000,7400,7400,7400,7400,7400,7400,7400,173,0,2500.0,3728.764912276394,2292.0104970107786,12347.627809969708,9649.0
1785385891,24,total,S3,0.100000,0.000000,16000,18000,18000,18000,18000,18000,18000,18000,18000,18000,18000,173,0,9700.0,9765.415120650167,3469.237338984385,21481.201339978725,256.0
1785385891,24,,Aggregated,0.400000,0.000000,8900,16000,17000,17000,18000,18000,18000,18000,18000,18000,18000,1298,0,2700.0,4605.103596193674,86.87065995763987,21481.201339978725,1739.4121725731895
1785385892,24,TTFT,S1,0.000000,0.000000,2100,2100,3800,3800,3800,3800,3800,3800,3800,3800,3800,127,0,220.0,760.8071981821994,86.87065995763987,5673.542418982834,157.0
1785385892,24,total,S1,0.000000,0.000000,17000,17000,17000,17000,17000,17000,17000,17000,17000,17000,17000,127,0,6400.0,7304.757046235054,1225.9388089878485,21054.425266978797,256.0
1785385892,24,TTFT,S2,0.100000,0.000000,2100,2100,2100,2100,3400,3400,3400,3400,3400,3400,3400,349,0,270.0,952.3714258014304,132.84717197529972,5889.0772860031575,1153.0
1785385892,24,total,S2,0.100000,0.000000,17000,17000,17000,17000,17000,17000,17000,17000,17000,17000,17000,349,0,5700.0,6550.7937980441175,1273.4447169932537,21076.724925020244,256.0
1785385892,24,TTFT,S3,0.100000,0.000000,2500,2500,3800,3800,3800,3800,3800,3800,3800,3800,3800,173,0,2500.0,3728.764912276394,2292.0104970107786,12347.627809969708,9649.0
1785385892,24,total,S3,0.100000,0.000000,18000,18000,18000,18000,18000,18000,18000,18000,18000,18000,18000,173,0,9700.0,9765.415120650167,3469.237338984385,21481.201339978725,256.0
1785385892,24,,Aggregated,0.400000,0.000000,16000,17000,17000,17000,18000,18000,18000,18000,18000,18000,18000,1298,0,2700.0,4605.103596193674,86.87065995763987,21481.201339978725,1739.4121725731895
1785385893,24,TTFT,S1,0.000000,0.000000,100,100,2100,2100,2100,2100,2100,2100,2100,2100,2100,127,0,220.0,760.8071981821994,86.87065995763987,5673.542418982834,157.0
1785385893,24,total,S1,0.000000,0.000000,17000,17000,17000,17000,17000,17000,17000,17000,17000,17000,17000,127,0,6400.0,7304.757046235054,1225.9388089878485,21054.425266978797,256.0
1785385893,24,TTFT,S2,0.100000,0.000000,2100,2100,2100,3400,3400,3400,3400,3400,3400,3400,3400,349,0,270.0,952.3714258014304,132.84717197529972,5889.0772860031575,1153.0
1785385893,24,total,S2,0.100000,0.000000,17000,17000,17000,17000,17000,17000,17000,17000,17000,17000,17000,349,0,5700.0,6550.7937980441175,1273.4447169932537,21076.724925020244,256.0
1785385893,24,TTFT,S3,0.100000,0.000000,2500,2500,3800,3800,3800,3800,3800,3800,3800,3800,3800,173,0,2500.0,3728.764912276394,2292.0104970107786,12347.627809969708,9649.0
1785385893,24,total,S3,0.100000,0.000000,18000,18000,18000,18000,18000,18000,18000,18000,18000,18000,18000,173,0,9700.0,9765.415120650167,3469.237338984385,21481.201339978725,256.0
1785385893,24,,Aggregated,0.400000,0.000000,16000,17000,17000,17000,18000,18000,18000,18000,18000,18000,18000,1298,0,2700.0,4605.103596193674,86.87065995763987,21481.201339978725,1739.4121725731895
1785385894,24,TTFT,S1,0.000000,0.000000,100,100,2100,2100,2100,2100,2100,2100,2100,2100,2100,127,0,220.0,760.8071981821994,86.87065995763987,5673.542418982834,157.0
1785385894,24,total,S1,0.000000,0.000000,17000,17000,17000,17000,17000,17000,17000,17000,17000,17000,17000,127,0,6400.0,7304.757046235054,1225.9388089878485,21054.425266978797,256.0
1785385894,24,TTFT,S2,0.100000,0.000000,2100,2100,2100,3400,3400,3400,3400,3400,3400,3400,3400,349,0,270.0,952.3714258014304,132.84717197529972,5889.0772860031575,1153.0
1785385894,24,total,S2,0.100000,0.000000,17000,17000,17000,17000,17000,17000,17000,17000,17000,17000,17000,349,0,5700.0,6550.7937980441175,1273.4447169932537,21076.724925020244,256.0
1785385894,24,TTFT,S3,0.100000,0.000000,2500,2500,3800,3800,3800,3800,3800,3800,3800,3800,3800,173,0,2500.0,3728.764912276394,2292.0104970107786,12347.627809969708,9649.0
1785385894,24,total,S3,0.100000,0.000000,18000,18000,18000,18000,18000,18000,18000,18000,18000,18000,18000,173,0,9700.0,9765.415120650167,3469.237338984385,21481.201339978725,256.0
1785385894,24,,Aggregated,0.400000,0.000000,16000,17000,17000,17000,18000,18000,18000,18000,18000,18000,18000,1298,0,2700.0,4605.103596193674,86.87065995763987,21481.201339978725,1739.4121725731895
1785385895,24,TTFT,S1,0.300000,0.000000,100,100,2100,2100,2100,2100,2100,2100,2100,2100,2100,127,0,220.0,760.8071981821994,86.87065995763987,5673.542418982834,157.0
1785385895,24,total,S1,0.300000,0.000000,17000,17000,17000,17000,17000,17000,17000,17000,17000,17000,17000,127,0,6400.0,7304.757046235054,1225.9388089878485,21054.425266978797,256.0
1785385895,24,TTFT,S2,0.500000,0.000000,610,630,2100,2100,3400,5500,5500,5500,5500,5500,5500,357,0,280.0,957.4849173687177,132.84717197529972,5889.0772860031575,1153.0
1785385895,24,total,S2,0.500000,0.000000,18000,18000,18000,18000,18000,18000,18000,18000,18000,18000,18000,357,0,5700.0,6797.17650376857,1273.4447169932537,21076.724925020244,256.0
1785385895,24,TTFT,S3,0.300000,0.000000,5900,6100,7800,7800,9500,9500,9500,9500,9500,9500,9500,178,0,2500.0,3804.1351324312254,2292.0104970107786,12347.627809969708,9649.0
1785385895,24,total,S3,0.300000,0.000000,18000,18000,18000,18000,18000,18000,18000,18000,18000,18000,18000,178,0,9800.0,10001.892665109735,3469.237338984385,21481.201339978725,256.0
1785385895,24,,Aggregated,2.200000,0.000000,16000,17000,18000,18000,18000,18000,18000,18000,18000,18000,18000,1324,0,3000.0,4720.705237423946,86.87065995763987,21481.201339978725,1751.1737160120847
1785385896,24,TTFT,S1,0.300000,0.000000,100,100,2100,2100,2100,2100,2100,2100,2100,2100,2100,127,0,220.0,760.8071981821994,86.87065995763987,5673.542418982834,157.0
1785385896,24,total,S1,0.300000,0.000000,17000,17000,17000,17000,17000,17000,17000,17000,17000,17000,17000,127,0,6400.0,7304.757046235054,1225.9388089878485,21054.425266978797,256.0
1785385896,24,TTFT,S2,0.500000,0.000000,610,630,2100,2100,3400,5500,5500,5500,5500,5500,5500,357,0,280.0,957.4849173687177,132.84717197529972,5889.0772860031575,1153.0
1785385896,24,total,S2,0.500000,0.000000,18000,18000,18000,18000,18000,18000,18000,18000,18000,18000,18000,357,0,5700.0,6797.17650376857,1273.4447169932537,21076.724925020244,256.0
1785385896,24,TTFT,S3,0.300000,0.000000,5900,6100,7800,7800,9500,9500,9500,9500,9500,9500,9500,178,0,2500.0,3804.1351324312254,2292.0104970107786,12347.627809969708,9649.0
1785385896,24,total,S3,0.300000,0.000000,18000,18000,18000,18000,18000,18000,18000,18000,18000,18000,18000,178,0,9800.0,10001.892665109735,3469.237338984385,21481.201339978725,256.0
1785385896,24,,Aggregated,2.200000,0.000000,16000,17000,18000,18000,18000,18000,18000,18000,18000,18000,18000,1324,0,3000.0,4720.705237423946,86.87065995763987,21481.201339978725,1751.1737160120847
1785385897,24,TTFT,S1,0.300000,0.000000,100,100,2100,2100,2100,2100,2100,2100,2100,2100,2100,127,0,220.0,760.8071981821994,86.87065995763987,5673.542418982834,157.0
1785385897,24,total,S1,0.300000,0.000000,17000,17000,17000,17000,17000,17000,17000,17000,17000,17000,17000,127,0,6400.0,7304.757046235054,1225.9388089878485,21054.425266978797,256.0
1785385897,24,TTFT,S2,0.500000,0.000000,610,630,2100,2100,3400,5500,5500,5500,5500,5500,5500,357,0,280.0,957.4849173687177,132.84717197529972,5889.0772860031575,1153.0
1785385897,24,total,S2,0.500000,0.000000,18000,18000,18000,18000,18000,18000,18000,18000,18000,18000,18000,357,0,5700.0,6797.17650376857,1273.4447169932537,21076.724925020244,256.0
1785385897,24,TTFT,S3,0.300000,0.000000,5900,6100,7800,7800,9500,9500,9500,9500,9500,9500,9500,178,0,2500.0,3804.1351324312254,2292.0104970107786,12347.627809969708,9649.0
1785385897,24,total,S3,0.300000,0.000000,18000,18000,18000,18000,18000,18000,18000,18000,18000,18000,18000,178,0,9800.0,10001.892665109735,3469.237338984385,21481.201339978725,256.0
1785385897,24,,Aggregated,2.200000,0.000000,16000,17000,18000,18000,18000,18000,18000,18000,18000,18000,18000,1324,0,3000.0,4720.705237423946,86.87065995763987,21481.201339978725,1751.1737160120847
1785385898,24,TTFT,S1,0.300000,0.000000,100,100,2100,2100,2100,2100,2100,2100,2100,2100,2100,127,0,220.0,760.8071981821994,86.87065995763987,5673.542418982834,157.0
1785385898,24,total,S1,0.300000,0.000000,17000,17000,17000,17000,17000,17000,17000,17000,17000,17000,17000,127,0,6400.0,7304.757046235054,1225.9388089878485,21054.425266978797,256.0
1785385898,24,TTFT,S2,0.500000,0.000000,610,630,2100,2100,3400,5500,5500,5500,5500,5500,5500,357,0,280.0,957.4849173687177,132.84717197529972,5889.0772860031575,1153.0
1785385898,24,total,S2,0.500000,0.000000,18000,18000,18000,18000,18000,18000,18000,18000,18000,18000,18000,357,0,5700.0,6797.17650376857,1273.4447169932537,21076.724925020244,256.0
1785385898,24,TTFT,S3,0.300000,0.000000,5900,6100,7800,7800,9500,9500,9500,9500,9500,9500,9500,178,0,2500.0,3804.1351324312254,2292.0104970107786,12347.627809969708,9649.0
1785385898,24,total,S3,0.300000,0.000000,18000,18000,18000,18000,18000,18000,18000,18000,18000,18000,18000,178,0,9800.0,10001.892665109735,3469.237338984385,21481.201339978725,256.0
1785385898,24,,Aggregated,2.200000,0.000000,16000,17000,18000,18000,18000,18000,18000,18000,18000,18000,18000,1324,0,3000.0,4720.705237423946,86.87065995763987,21481.201339978725,1751.1737160120847
1785385899,24,TTFT,S1,0.300000,0.000000,2100,2100,2100,2100,2100,2100,2100,2100,2100,2100,2100,127,0,220.0,760.8071981821994,86.87065995763987,5673.542418982834,157.0
1785385899,24,total,S1,0.300000,0.000000,16000,16000,16000,16000,16000,16000,16000,16000,16000,16000,16000,127,0,6400.0,7304.757046235054,1225.9388089878485,21054.425266978797,256.0
1785385899,24,TTFT,S2,0.500000,0.000000,630,2100,2100,2100,3400,5500,5500,5500,5500,5500,5500,357,0,280.0,957.4849173687177,132.84717197529972,5889.0772860031575,1153.0
1785385899,24,total,S2,0.500000,0.000000,18000,18000,18000,18000,18000,18000,18000,18000,18000,18000,18000,357,0,5700.0,6797.17650376857,1273.4447169932537,21076.724925020244,256.0
1785385899,24,TTFT,S3,0.300000,0.000000,5900,6100,7800,7800,9500,9500,9500,9500,9500,9500,9500,178,0,2500.0,3804.1351324312254,2292.0104970107786,12347.627809969708,9649.0
1785385899,24,total,S3,0.300000,0.000000,18000,18000,18000,18000,18000,18000,18000,18000,18000,18000,18000,178,0,9800.0,10001.892665109735,3469.237338984385,21481.201339978725,256.0
1785385899,24,,Aggregated,2.200000,0.000000,16000,18000,18000,18000,18000,18000,18000,18000,18000,18000,18000,1324,0,3000.0,4720.705237423946,86.87065995763987,21481.201339978725,1751.1737160120847
1785385900,24,TTFT,S1,0.300000,0.000000,2100,2100,2100,2100,2100,2100,2100,2100,2100,2100,2100,127,0,220.0,760.8071981821994,86.87065995763987,5673.542418982834,157.0
1785385900,24,total,S1,0.300000,0.000000,16000,16000,16000,16000,16000,16000,16000,16000,16000,16000,16000,127,0,6400.0,7304.757046235054,1225.9388089878485,21054.425266978797,256.0
1785385900,24,TTFT,S2,1.300000,0.000000,580,630,2100,2100,3400,5500,5500,5500,5500,5500,5500,361,0,280.0,950.027788619845,132.84717197529972,5889.0772860031575,1153.0
1785385900,24,total,S2,1.300000,0.000000,18000,18000,18000,18000,18000,18000,18000,18000,18000,18000,18000,361,0,5700.0,6839.535104236766,1273.4447169932537,21076.724925020244,256.0
1785385900,24,TTFT,S3,0.700000,0.000000,5900,6100,7800,7800,9500,9500,9500,9500,9500,9500,9500,179,0,2500.0,3796.1782257302857,2292.0104970107786,12347.627809969708,9649.0
1785385900,24,total,S3,0.700000,0.000000,18000,18000,18000,18000,18000,18000,18000,18000,18000,18000,18000,179,0,9800.0,10018.344206567048,3469.237338984385,21481.201339978725,256.0
1785385900,24,,Aggregated,4.600000,0.000000,11000,16000,18000,18000,18000,18000,18000,18000,18000,18000,18000,1334,0,3000.0,4729.504032041575,86.87065995763987,21481.201339978725,1749.6964017991004
1785385901,24,TTFT,S1,0.300000,0.000000,250,250,2100,2100,2100,2100,2100,2100,2100,2100,2100,129,0,220.0,752.8236514966314,86.87065995763987,5673.542418982834,157.0
1785385901,24,total,S1,0.300000,0.000000,11000,11000,16000,16000,16000,16000,16000,16000,16000,16000,16000,129,0,6500.0,7354.743586975428,1225.9388089878485,21054.425266978797,256.0
1785385901,24,TTFT,S2,1.300000,0.000000,580,630,630,2100,3400,5500,5500,5500,5500,5500,5500,363,0,280.0,946.2294645861468,132.84717197529972,5889.0772860031575,1153.0
1785385901,24,total,S2,1.300000,0.000000,17000,18000,18000,18000,18000,18000,18000,18000,18000,18000,18000,363,0,5800.0,6859.897083257448,1273.4447169932537,21076.724925020244,256.0
1785385901,24,TTFT,S3,0.700000,0.000000,4200,5900,6100,7800,9500,9500,9500,9500,9500,9500,9500,181,0,2500.0,3790.9427582362196,2292.0104970107786,12347.627809969708,9649.0
1785385901,24,total,S3,0.700000,0.000000,18000,18000,18000,18000,18000,18000,18000,18000,18000,18000,18000,181,0,10000.0,10031.75983985356,3469.237338984385,21481.201339978725,256.0
1785385901,24,,Aggregated,4.600000,0.000000,11000,11000,18000,18000,18000,18000,18000,18000,18000,18000,18000,1346,0,3000.0,4741.017296347979,86.87065995763987,21481.201339978725,1751.5222882615155
1785385902,24,TTFT,S1,0.300000,0.000000,250,250,2100,2100,2100,2100,2100,2100,2100,2100,2100,129,0,220.0,752.8236514966314,86.87065995763987,5673.542418982834,157.0
1785385902,24,total,S1,0.300000,0.000000,11000,11000,16000,16000,16000,16000,16000,16000,16000,16000,16000,129,0,6500.0,7354.743586975428,1225.9388089878485,21054.425266978797,256.0
1785385902,24,TTFT,S2,1.300000,0.000000,580,580,610,630,630,5500,5500,5500,5500,5500,5500,363,0,280.0,946.2294645861468,132.84717197529972,5889.0772860031575,1153.0
1785385902,24,total,S2,1.300000,0.000000,18000,18000,18000,18000,18000,18000,18000,18000,18000,18000,18000,363,0,5800.0,6859.897083257448,1273.4447169932537,21076.724925020244,256.0
1785385902,24,TTFT,S3,0.700000,0.000000,5900,6100,7800,7800,9500,9500,9500,9500,9500,9500,9500,181,0,2500.0,3790.9427582362196,2292.0104970107786,12347.627809969708,9649.0
1785385902,24,total,S3,0.700000,0.000000,18000,18000,18000,18000,18000,18000,18000,18000,18000,18000,18000,181,0,10000.0,10031.75983985356,3469.237338984385,21481.201339978725,256.0
1785385902,24,,Aggregated,4.600000,0.000000,11000,11000,18000,18000,18000,18000,18000,18000,18000,18000,18000,1346,0,3000.0,4741.017296347979,86.87065995763987,21481.201339978725,1751.5222882615155
1785385903,24,TTFT,S1,0.300000,0.000000,250,250,2100,2100,2100,2100,2100,2100,2100,2100,2100,129,0,220.0,752.8236514966314,86.87065995763987,5673.542418982834,157.0
1785385903,24,total,S1,0.300000,0.000000,11000,11000,16000,16000,16000,16000,16000,16000,16000,16000,16000,129,0,6500.0,7354.743586975428,1225.9388089878485,21054.425266978797,256.0
1785385903,24,TTFT,S2,1.300000,0.000000,580,580,610,630,630,5500,5500,5500,5500,5500,5500,363,0,280.0,946.2294645861468,132.84717197529972,5889.0772860031575,1153.0
1785385903,24,total,S2,1.300000,0.000000,18000,18000,18000,18000,18000,18000,18000,18000,18000,18000,18000,363,0,5800.0,6859.897083257448,1273.4447169932537,21076.724925020244,256.0
1785385903,24,TTFT,S3,0.700000,0.000000,5900,6100,7800,7800,9500,9500,9500,9500,9500,9500,9500,181,0,2500.0,3790.9427582362196,2292.0104970107786,12347.627809969708,9649.0
1785385903,24,total,S3,0.700000,0.000000,18000,18000,18000,18000,18000,18000,18000,18000,18000,18000,18000,181,0,10000.0,10031.75983985356,3469.237338984385,21481.201339978725,256.0
1785385903,24,,Aggregated,4.600000,0.000000,11000,11000,18000,18000,18000,18000,18000,18000,18000,18000,18000,1346,0,3000.0,4741.017296347979,86.87065995763987,21481.201339978725,1751.5222882615155
1785385904,24,TTFT,S1,0.300000,0.000000,250,250,2100,2100,2100,2100,2100,2100,2100,2100,2100,129,0,220.0,752.8236514966314,86.87065995763987,5673.542418982834,157.0
1785385904,24,total,S1,0.300000,0.000000,11000,11000,16000,16000,16000,16000,16000,16000,16000,16000,16000,129,0,6500.0,7354.743586975428,1225.9388089878485,21054.425266978797,256.0
1785385904,24,TTFT,S2,1.300000,0.000000,290,290,370,370,5500,5500,5500,5500,5500,5500,5500,363,0,280.0,946.2294645861468,132.84717197529972,5889.0772860031575,1153.0
1785385904,24,total,S2,1.300000,0.000000,11000,11000,11000,11000,18000,18000,18000,18000,18000,18000,18000,363,0,5800.0,6859.897083257448,1273.4447169932537,21076.724925020244,256.0
1785385904,24,TTFT,S3,0.700000,0.000000,5900,6100,7800,7800,9500,9500,9500,9500,9500,9500,9500,181,0,2500.0,3790.9427582362196,2292.0104970107786,12347.627809969708,9649.0
1785385904,24,total,S3,0.700000,0.000000,18000,18000,18000,18000,18000,18000,18000,18000,18000,18000,18000,181,0,10000.0,10031.75983985356,3469.237338984385,21481.201339978725,256.0
1785385904,24,,Aggregated,4.600000,0.000000,11000,11000,11000,13000,18000,18000,18000,18000,18000,18000,18000,1346,0,3000.0,4741.017296347979,86.87065995763987,21481.201339978725,1751.5222882615155
1785385905,24,TTFT,S1,0.300000,0.000000,250,250,250,250,250,250,250,250,250,250,250,129,0,220.0,752.8236514966314,86.87065995763987,5673.542418982834,157.0
1785385905,24,total,S1,0.300000,0.000000,11000,11000,11000,11000,11000,11000,11000,11000,11000,11000,11000,129,0,6500.0,7354.743586975428,1225.9388089878485,21054.425266978797,256.0
1785385905,24,TTFT,S2,1.300000,0.000000,290,290,370,370,5500,5500,5500,5500,5500,5500,5500,363,0,280.0,946.2294645861468,132.84717197529972,5889.0772860031575,1153.0
1785385905,24,total,S2,1.300000,0.000000,11000,11000,11000,11000,18000,18000,18000,18000,18000,18000,18000,363,0,5800.0,6859.897083257448,1273.4447169932537,21076.724925020244,256.0
1785385905,24,TTFT,S3,0.700000,0.000000,5900,6100,7800,7800,9500,9500,9500,9500,9500,9500,9500,181,0,2500.0,3790.9427582362196,2292.0104970107786,12347.627809969708,9649.0
1785385905,24,total,S3,0.700000,0.000000,18000,18000,18000,18000,18000,18000,18000,18000,18000,18000,18000,181,0,10000.0,10031.75983985356,3469.237338984385,21481.201339978725,256.0
1785385905,24,,Aggregated,4.600000,0.000000,11000,11000,11000,13000,18000,18000,18000,18000,18000,18000,18000,1346,0,3000.0,4741.017296347979,86.87065995763987,21481.201339978725,1751.5222882615155
1785385906,24,TTFT,S1,0.300000,0.000000,250,250,250,250,250,250,250,250,250,250,250,129,0,220.0,752.8236514966314,86.87065995763987,5673.542418982834,157.0
1785385906,24,total,S1,0.300000,0.000000,11000,11000,11000,11000,11000,11000,11000,11000,11000,11000,11000,129,0,6500.0,7354.743586975428,1225.9388089878485,21054.425266978797,256.0
1785385906,24,TTFT,S2,1.300000,0.000000,290,290,370,370,5500,5500,5500,5500,5500,5500,5500,363,0,280.0,946.2294645861468,132.84717197529972,5889.0772860031575,1153.0
1785385906,24,total,S2,1.300000,0.000000,11000,11000,11000,11000,18000,18000,18000,18000,18000,18000,18000,363,0,5800.0,6859.897083257448,1273.4447169932537,21076.724925020244,256.0
1785385906,24,TTFT,S3,0.700000,0.000000,5900,6100,7800,7800,9500,9500,9500,9500,9500,9500,9500,181,0,2500.0,3790.9427582362196,2292.0104970107786,12347.627809969708,9649.0
1785385906,24,total,S3,0.700000,0.000000,18000,18000,18000,18000,18000,18000,18000,18000,18000,18000,18000,181,0,10000.0,10031.75983985356,3469.237338984385,21481.201339978725,256.0
1785385906,24,,Aggregated,4.600000,0.000000,11000,11000,11000,13000,18000,18000,18000,18000,18000,18000,18000,1346,0,3000.0,4741.017296347979,86.87065995763987,21481.201339978725,1751.5222882615155
1785385907,24,TTFT,S1,0.200000,0.000000,250,340,340,340,340,340,340,340,340,340,340,132,0,220.0,742.6609647505261,86.87065995763987,5673.542418982834,157.0
1785385907,24,total,S1,0.200000,0.000000,12000,12000,12000,12000,12000,12000,12000,12000,12000,12000,12000,132,0,6500.0,7465.79358993084,1225.9388089878485,21054.425266978797,256.0
1785385907,24,TTFT,S2,0.700000,0.000000,290,340,350,350,370,370,370,370,370,370,370,366,0,280.0,941.3033893353833,132.84717197529972,5889.0772860031575,1153.0
1785385907,24,total,S2,0.700000,0.000000,11000,11000,12000,12000,12000,12000,12000,12000,12000,12000,12000,366,0,5800.0,6904.113769394637,1273.4447169932537,21076.724925020244,256.0
1785385907,24,TTFT,S3,0.800000,0.000000,2500,2500,4200,4200,4200,4200,4200,4200,4200,4200,4200,181,0,2500.0,3790.9427582362196,2292.0104970107786,12347.627809969708,9649.0
1785385907,24,total,S3,0.800000,0.000000,11000,11000,13000,13000,13000,13000,13000,13000,13000,13000,13000,181,0,10000.0,10031.75983985356,3469.237338984385,21481.201339978725,256.0
1785385907,24,,Aggregated,3.400000,0.000000,11000,11000,11000,12000,12000,12000,13000,13000,13000,13000,13000,1358,0,3000.0,4754.674412052566,86.87065995763987,21481.201339978725,1740.0699558173785
1785385908,24,TTFT,S1,0.200000,0.000000,250,340,340,340,340,340,340,340,340,340,340,132,0,220.0,742.6609647505261,86.87065995763987,5673.542418982834,157.0
1785385908,24,total,S1,0.200000,0.000000,12000,12000,12000,12000,12000,12000,12000,12000,12000,12000,12000,132,0,6500.0,7465.79358993084,1225.9388089878485,21054.425266978797,256.0
1785385908,24,TTFT,S2,0.700000,0.000000,290,340,350,350,370,370,370,370,370,370,370,366,0,280.0,941.3033893353833,132.84717197529972,5889.0772860031575,1153.0
1785385908,24,total,S2,0.700000,0.000000,11000,11000,12000,12000,12000,12000,12000,12000,12000,12000,12000,366,0,5800.0,6904.113769394637,1273.4447169932537,21076.724925020244,256.0
1785385908,24,TTFT,S3,0.800000,0.000000,2500,2500,4200,4200,4200,4200,4200,4200,4200,4200,4200,181,0,2500.0,3790.9427582362196,2292.0104970107786,12347.627809969708,9649.0
1785385908,24,total,S3,0.800000,0.000000,11000,11000,13000,13000,13000,13000,13000,13000,13000,13000,13000,181,0,10000.0,10031.75983985356,3469.237338984385,21481.201339978725,256.0
1785385908,24,,Aggregated,3.400000,0.000000,11000,11000,11000,12000,12000,12000,13000,13000,13000,13000,13000,1358,0,3000.0,4754.674412052566,86.87065995763987,21481.201339978725,1740.0699558173785
1785385909,24,TTFT,S1,0.200000,0.000000,340,340,2000,2000,2100,2100,2100,2100,2100,2100,2100,134,0,220.0,761.6867025529639,86.87065995763987,5673.542418982834,157.0
1785385909,24,total,S1,0.200000,0.000000,12000,12000,14000,14000,14000,14000,14000,14000,14000,14000,14000,134,0,6500.0,7565.28384885716,1225.9388089878485,21054.425266978797,256.0
1785385909,24,TTFT,S2,0.600000,0.000000,350,350,3600,3600,3600,3600,3600,3600,3600,3600,3600,369,0,280.0,962.8913103354222,132.84717197529972,5889.0772860031575,1153.0
1785385909,24,total,S2,0.600000,0.000000,12000,12000,14000,14000,14000,14000,14000,14000,14000,14000,14000,369,0,5800.0,6962.924344952251,1273.4447169932537,21076.724925020244,256.0
1785385909,24,TTFT,S3,0.300000,0.000000,2700,3800,3800,4200,4200,4200,4200,4200,4200,4200,4200,183,0,2600.0,3784.699199741892,2292.0104970107786,12347.627809969708,9649.0
1785385909,24,total,S3,0.300000,0.000000,13000,14000,14000,15000,15000,15000,15000,15000,15000,15000,15000,183,0,10000.0,10080.29664482233,3469.237338984385,21481.201339978725,256.0
1785385909,24,,Aggregated,2.200000,0.000000,11000,11000,12000,12000,14000,14000,15000,15000,15000,15000,15000,1372,0,3100.0,4794.2669608202405,86.87065995763987,21481.201339978725,1740.4358600583091
1785385910,24,TTFT,S1,0.200000,0.000000,340,340,2000,2000,2100,2100,2100,2100,2100,2100,2100,134,0,220.0,761.6867025529639,86.87065995763987,5673.542418982834,157.0
1785385910,24,total,S1,0.200000,0.000000,12000,12000,14000,14000,14000,14000,14000,14000,14000,14000,14000,134,0,6500.0,7565.28384885716,1225.9388089878485,21054.425266978797,256.0
1785385910,24,TTFT,S2,0.600000,0.000000,350,3600,3600,3600,3600,3600,3600,3600,3600,3600,3600,369,0,280.0,962.8913103354222,132.84717197529972,5889.0772860031575,1153.0
1785385910,24,total,S2,0.600000,0.000000,12000,14000,14000,14000,14000,14000,14000,14000,14000,14000,14000,369,0,5800.0,6962.924344952251,1273.4447169932537,21076.724925020244,256.0
1785385910,24,TTFT,S3,0.300000,0.000000,3800,3800,4200,4200,4200,4200,4200,4200,4200,4200,4200,183,0,2600.0,3784.699199741892,2292.0104970107786,12347.627809969708,9649.0
1785385910,24,total,S3,0.300000,0.000000,14000,14000,15000,15000,15000,15000,15000,15000,15000,15000,15000,183,0,10000.0,10080.29664482233,3469.237338984385,21481.201339978725,256.0
1785385910,24,,Aggregated,2.200000,0.000000,11000,12000,12000,12000,14000,14000,15000,15000,15000,15000,15000,1372,0,3100.0,4794.2669608202405,86.87065995763987,21481.201339978725,1740.4358600583091
1785385911,24,TTFT,S1,0.200000,0.000000,340,340,2000,2000,2100,2100,2100,2100,2100,2100,2100,134,0,220.0,761.6867025529639,86.87065995763987,5673.542418982834,157.0
1785385911,24,total,S1,0.200000,0.000000,12000,12000,14000,14000,14000,14000,14000,14000,14000,14000,14000,134,0,6500.0,7565.28384885716,1225.9388089878485,21054.425266978797,256.0
1785385911,24,TTFT,S2,0.600000,0.000000,350,3600,3600,3600,3600,3600,3600,3600,3600,3600,3600,369,0,280.0,962.8913103354222,132.84717197529972,5889.0772860031575,1153.0
1785385911,24,total,S2,0.600000,0.000000,12000,14000,14000,14000,14000,14000,14000,14000,14000,14000,14000,369,0,5800.0,6962.924344952251,1273.4447169932537,21076.724925020244,256.0
1785385911,24,TTFT,S3,0.300000,0.000000,3800,3800,4200,4200,4200,4200,4200,4200,4200,4200,4200,183,0,2600.0,3784.699199741892,2292.0104970107786,12347.627809969708,9649.0
1785385911,24,total,S3,0.300000,0.000000,14000,14000,15000,15000,15000,15000,15000,15000,15000,15000,15000,183,0,10000.0,10080.29664482233,3469.237338984385,21481.201339978725,256.0
1785385911,24,,Aggregated,2.200000,0.000000,11000,12000,12000,12000,14000,14000,15000,15000,15000,15000,15000,1372,0,3100.0,4794.2669608202405,86.87065995763987,21481.201339978725,1740.4358600583091
1785385912,24,TTFT,S1,0.200000,0.000000,340,340,2000,2000,2100,2100,2100,2100,2100,2100,2100,134,0,220.0,761.6867025529639,86.87065995763987,5673.542418982834,157.0
1785385912,24,total,S1,0.200000,0.000000,12000,12000,14000,14000,14000,14000,14000,14000,14000,14000,14000,134,0,6500.0,7565.28384885716,1225.9388089878485,21054.425266978797,256.0
1785385912,24,TTFT,S2,0.600000,0.000000,350,3600,3600,3600,3600,3600,3600,3600,3600,3600,3600,369,0,280.0,962.8913103354222,132.84717197529972,5889.0772860031575,1153.0
1785385912,24,total,S2,0.600000,0.000000,12000,14000,14000,14000,14000,14000,14000,14000,14000,14000,14000,369,0,5800.0,6962.924344952251,1273.4447169932537,21076.724925020244,256.0
1785385912,24,TTFT,S3,0.300000,0.000000,3800,3800,4200,4200,4200,4200,4200,4200,4200,4200,4200,183,0,2600.0,3784.699199741892,2292.0104970107786,12347.627809969708,9649.0
1785385912,24,total,S3,0.300000,0.000000,14000,14000,15000,15000,15000,15000,15000,15000,15000,15000,15000,183,0,10000.0,10080.29664482233,3469.237338984385,21481.201339978725,256.0
1785385912,24,,Aggregated,2.200000,0.000000,11000,12000,12000,12000,14000,14000,15000,15000,15000,15000,15000,1372,0,3100.0,4794.2669608202405,86.87065995763987,21481.201339978725,1740.4358600583091
1785385913,24,TTFT,S1,0.200000,0.000000,340,340,2000,2000,2100,2100,2100,2100,2100,2100,2100,134,0,220.0,761.6867025529639,86.87065995763987,5673.542418982834,157.0
1785385913,24,total,S1,0.200000,0.000000,12000,12000,14000,14000,14000,14000,14000,14000,14000,14000,14000,134,0,6500.0,7565.28384885716,1225.9388089878485,21054.425266978797,256.0
1785385913,24,TTFT,S2,0.600000,0.000000,350,3600,3600,3600,3600,3600,3600,3600,3600,3600,3600,369,0,280.0,962.8913103354222,132.84717197529972,5889.0772860031575,1153.0
1785385913,24,total,S2,0.600000,0.000000,12000,14000,14000,14000,14000,14000,14000,14000,14000,14000,14000,369,0,5800.0,6962.924344952251,1273.4447169932537,21076.724925020244,256.0
1785385913,24,TTFT,S3,0.300000,0.000000,3800,3800,4200,4200,4200,4200,4200,4200,4200,4200,4200,183,0,2600.0,3784.699199741892,2292.0104970107786,12347.627809969708,9649.0
1785385913,24,total,S3,0.300000,0.000000,14000,14000,15000,15000,15000,15000,15000,15000,15000,15000,15000,183,0,10000.0,10080.29664482233,3469.237338984385,21481.201339978725,256.0
1785385913,24,,Aggregated,2.200000,0.000000,11000,12000,12000,12000,14000,14000,15000,15000,15000,15000,15000,1372,0,3100.0,4794.2669608202405,86.87065995763987,21481.201339978725,1740.4358600583091
1785385914,24,TTFT,S1,0.500000,0.000000,340,340,2000,2000,2100,2100,2100,2100,2100,2100,2100,136,0,220.0,752.3261907802354,86.87065995763987,5673.542418982834,157.0
1785385914,24,total,S1,0.500000,0.000000,14000,14000,14000,14000,14000,14000,14000,14000,14000,14000,14000,136,0,6500.0,7663.031647314818,1225.9388089878485,21054.425266978797,256.0
1785385914,24,TTFT,S2,0.600000,0.000000,350,350,3600,3600,3600,3600,3600,3600,3600,3600,3600,372,0,280.0,957.1301068892196,132.84717197529972,5889.0772860031575,1153.0
1785385914,24,total,S2,0.600000,0.000000,14000,14000,14000,14000,14000,14000,14000,14000,14000,14000,14000,372,0,5800.0,7022.355210310335,1273.4447169932537,21076.724925020244,256.0
1785385914,24,TTFT,S3,0.200000,0.000000,3800,3800,4200,4200,4200,4200,4200,4200,4200,4200,4200,183,0,2600.0,3784.699199741892,2292.0104970107786,12347.627809969708,9649.0
1785385914,24,total,S3,0.200000,0.000000,14000,14000,15000,15000,15000,15000,15000,15000,15000,15000,15000,183,0,10000.0,10080.29664482233,3469.237338984385,21481.201339978725,256.0
1785385914,24,,Aggregated,2.600000,0.000000,12000,12000,14000,14000,14000,14000,15000,15000,15000,15000,15000,1382,0,3100.0,4811.976442499584,86.87065995763987,21481.201339978725,1731.498552821997
1785385915,24,TTFT,S1,0.500000,0.000000,340,340,2000,2000,2100,2100,2100,2100,2100,2100,2100,137,0,220.0,748.5868393802118,86.87065995763987,5673.542418982834,157.0
1785385915,24,total,S1,0.500000,0.000000,14000,14000,14000,14000,14000,14000,14000,14000,14000,14000,14000,137,0,6800.0,7710.189565845398,1225.9388089878485,21054.425266978797,256.0
1785385915,24,TTFT,S2,0.600000,0.000000,350,350,3600,3600,3600,3600,3600,3600,3600,3600,3600,373,0,280.0,955.1853527367707,132.84717197529972,5889.0772860031575,1153.0
1785385915,24,total,S2,0.600000,0.000000,14000,14000,14000,14000,14000,14000,14000,14000,14000,14000,14000,373,0,5800.0,7041.397022494444,1273.4447169932537,21076.724925020244,256.0
1785385915,24,TTFT,S3,0.200000,0.000000,3800,3800,3800,3800,3800,3800,3800,3800,3800,3800,3800,183,0,2600.0,3784.699199741892,2292.0104970107786,12347.627809969708,9649.0
1785385915,24,total,S3,0.200000,0.000000,15000,15000,15000,15000,15000,15000,15000,15000,15000,15000,15000,183,0,10000.0,10080.29664482233,3469.237338984385,21481.201339978725,256.0
1785385915,24,,Aggregated,2.600000,0.000000,12000,14000,14000,14000,14000,14000,15000,15000,15000,15000,15000,1386,0,3100.0,4818.810846343733,86.87065995763987,21481.201339978725,1727.8160173160172
1785385916,24,TTFT,S1,0.500000,0.000000,340,340,2000,2000,2100,2100,2100,2100,2100,2100,2100,137,0,220.0,748.5868393802118,86.87065995763987,5673.542418982834,157.0
1785385916,24,total,S1,0.500000,0.000000,14000,14000,14000,14000,14000,14000,14000,14000,14000,14000,14000,137,0,6800.0,7710.189565845398,1225.9388089878485,21054.425266978797,256.0
1785385916,24,TTFT,S2,0.600000,0.000000,350,350,3600,3600,3600,3600,3600,3600,3600,3600,3600,373,0,280.0,955.1853527367707,132.84717197529972,5889.0772860031575,1153.0
1785385916,24,total,S2,0.600000,0.000000,14000,14000,14000,14000,14000,14000,14000,14000,14000,14000,14000,373,0,5800.0,7041.397022494444,1273.4447169932537,21076.724925020244,256.0
1785385916,24,TTFT,S3,0.200000,0.000000,3800,3800,3800,3800,3800,3800,3800,3800,3800,3800,3800,183,0,2600.0,3784.699199741892,2292.0104970107786,12347.627809969708,9649.0
1785385916,24,total,S3,0.200000,0.000000,15000,15000,15000,15000,15000,15000,15000,15000,15000,15000,15000,183,0,10000.0,10080.29664482233,3469.237338984385,21481.201339978725,256.0
1785385916,24,,Aggregated,2.600000,0.000000,12000,14000,14000,14000,14000,14000,15000,15000,15000,15000,15000,1386,0,3100.0,4818.810846343733,86.87065995763987,21481.201339978725,1727.8160173160172
1785385917,24,TTFT,S1,0.500000,0.000000,340,340,2000,2000,2100,2100,2100,2100,2100,2100,2100,137,0,220.0,748.5868393802118,86.87065995763987,5673.542418982834,157.0
1785385917,24,total,S1,0.500000,0.000000,14000,14000,14000,14000,14000,14000,14000,14000,14000,14000,14000,137,0,6800.0,7710.189565845398,1225.9388089878485,21054.425266978797,256.0
1785385917,24,TTFT,S2,0.600000,0.000000,350,350,3600,3600,3600,3600,3600,3600,3600,3600,3600,373,0,280.0,955.1853527367707,132.84717197529972,5889.0772860031575,1153.0
1785385917,24,total,S2,0.600000,0.000000,14000,14000,14000,14000,14000,14000,14000,14000,14000,14000,14000,373,0,5800.0,7041.397022494444,1273.4447169932537,21076.724925020244,256.0
1785385917,24,TTFT,S3,0.200000,0.000000,3800,3800,3800,3800,3800,3800,3800,3800,3800,3800,3800,183,0,2600.0,3784.699199741892,2292.0104970107786,12347.627809969708,9649.0
1785385917,24,total,S3,0.200000,0.000000,15000,15000,15000,15000,15000,15000,15000,15000,15000,15000,15000,183,0,10000.0,10080.29664482233,3469.237338984385,21481.201339978725,256.0
1785385917,24,,Aggregated,2.600000,0.000000,12000,14000,14000,14000,14000,14000,15000,15000,15000,15000,15000,1386,0,3100.0,4818.810846343733,86.87065995763987,21481.201339978725,1727.8160173160172
1785385918,24,TTFT,S1,0.500000,0.000000,240,2000,2000,2100,2100,2100,2100,2100,2100,2100,2100,137,0,220.0,748.5868393802118,86.87065995763987,5673.542418982834,157.0
1785385918,24,total,S1,0.500000,0.000000,14000,14000,14000,14000,14000,14000,14000,14000,14000,14000,14000,137,0,6800.0,7710.189565845398,1225.9388089878485,21054.425266978797,256.0
1785385918,24,TTFT,S2,0.600000,0.000000,300,3600,3600,3600,3600,3600,3600,3600,3600,3600,3600,373,0,280.0,955.1853527367707,132.84717197529972,5889.0772860031575,1153.0
1785385918,24,total,S2,0.600000,0.000000,14000,14000,14000,14000,14000,14000,14000,14000,14000,14000,14000,373,0,5800.0,7041.397022494444,1273.4447169932537,21076.724925020244,256.0
1785385918,24,TTFT,S3,0.200000,0.000000,3800,3800,3800,3800,3800,3800,3800,3800,3800,3800,3800,183,0,2600.0,3784.699199741892,2292.0104970107786,12347.627809969708,9649.0
1785385918,24,total,S3,0.200000,0.000000,15000,15000,15000,15000,15000,15000,15000,15000,15000,15000,15000,183,0,10000.0,10080.29664482233,3469.237338984385,21481.201339978725,256.0
1785385918,24,,Aggregated,2.600000,0.000000,14000,14000,14000,14000,14000,14000,15000,15000,15000,15000,15000,1386,0,3100.0,4818.810846343733,86.87065995763987,21481.201339978725,1727.8160173160172
1785385919,24,TTFT,S1,0.500000,0.000000,240,2000,2000,2100,2100,2100,2100,2100,2100,2100,2100,137,0,220.0,748.5868393802118,86.87065995763987,5673.542418982834,157.0
1785385919,24,total,S1,0.500000,0.000000,14000,14000,14000,14000,14000,14000,14000,14000,14000,14000,14000,137,0,6800.0,7710.189565845398,1225.9388089878485,21054.425266978797,256.0
1785385919,24,TTFT,S2,0.600000,0.000000,300,3600,3600,3600,3600,3600,3600,3600,3600,3600,3600,373,0,280.0,955.1853527367707,132.84717197529972,5889.0772860031575,1153.0
1785385919,24,total,S2,0.600000,0.000000,14000,14000,14000,14000,14000,14000,14000,14000,14000,14000,14000,373,0,5800.0,7041.397022494444,1273.4447169932537,21076.724925020244,256.0
1785385919,24,TTFT,S3,0.200000,0.000000,3800,3800,3800,3800,3800,3800,3800,3800,3800,3800,3800,183,0,2600.0,3784.699199741892,2292.0104970107786,12347.627809969708,9649.0
1785385919,24,total,S3,0.200000,0.000000,15000,15000,15000,15000,15000,15000,15000,15000,15000,15000,15000,183,0,10000.0,10080.29664482233,3469.237338984385,21481.201339978725,256.0
1785385919,24,,Aggregated,2.600000,0.000000,14000,14000,14000,14000,14000,14000,15000,15000,15000,15000,15000,1386,0,3100.0,4818.810846343733,86.87065995763987,21481.201339978725,1727.8160173160172
1785385921,24,TTFT,S1,0.500000,0.000000,130,130,240,240,240,240,240,240,240,240,240,137,0,220.0,748.5868393802118,86.87065995763987,5673.542418982834,157.0
1785385921,24,total,S1,0.500000,0.000000,14000,14000,14000,14000,14000,14000,14000,14000,14000,14000,14000,137,0,6800.0,7710.189565845398,1225.9388089878485,21054.425266978797,256.0
1785385921,24,TTFT,S2,0.700000,0.000000,300,300,300,3400,3400,3400,3400,3400,3400,3400,3400,374,0,280.0,961.63216906906,132.84717197529972,5889.0772860031575,1153.0
1785385921,24,total,S2,0.700000,0.000000,14000,14000,14000,19000,19000,19000,19000,19000,19000,19000,19000,374,0,5800.0,7073.546818915579,1273.4447169932537,21076.724925020244,256.0
1785385921,24,TTFT,S3,0.200000,0.000000,3800,5200,5200,5800,5800,5800,5800,5800,5800,5800,5800,186,0,2600.0,3796.3080800095227,2292.0104970107786,12347.627809969708,9649.0
1785385921,24,total,S3,0.200000,0.000000,19000,20000,20000,20000,20000,20000,20000,20000,20000,20000,20000,186,0,10000.0,10232.80593506699,3469.237338984385,21481.201339978725,256.0
1785385921,24,,Aggregated,2.800000,0.000000,14000,14000,14000,14000,19000,20000,20000,20000,20000,20000,20000,1394,0,3100.0,4858.984588110764,86.87065995763987,21481.201339978725,1740.2274031563845
1785385922,24,TTFT,S1,0.500000,0.000000,130,130,240,240,240,240,240,240,240,240,240,137,0,220.0,748.5868393802118,86.87065995763987,5673.542418982834,157.0
1785385922,24,total,S1,0.500000,0.000000,14000,14000,14000,14000,14000,14000,14000,14000,14000,14000,14000,137,0,6800.0,7710.189565845398,1225.9388089878485,21054.425266978797,256.0
1785385922,24,TTFT,S2,0.700000,0.000000,450,460,460,460,3400,3400,3400,3400,3400,3400,3400,379,0,280.0,954.8314774057541,132.84717197529972,5889.0772860031575,1153.0
1785385922,24,total,S2,0.700000,0.000000,14000,14000,14000,14000,19000,19000,19000,19000,19000,19000,19000,379,0,6200.0,7166.384255966924,1273.4447169932537,21076.724925020244,256.0
1785385922,24,TTFT,S3,0.200000,0.000000,3800,3800,5200,5200,5800,5800,5800,5800,5800,5800,5800,187,0,2600.0,3789.1269572126494,2292.0104970107786,12347.627809969708,9649.0
1785385922,24,total,S3,0.200000,0.000000,19000,19000,20000,20000,20000,20000,20000,20000,20000,20000,20000,187,0,10000.0,10255.258430136035,3469.237338984385,21481.201339978725,256.0
1785385922,24,,Aggregated,2.800000,0.000000,14000,14000,14000,14000,19000,20000,20000,20000,20000,20000,20000,1406,0,3100.0,4881.2896144369615,86.87065995763987,21481.201339978725,1737.4302987197725
1785385923,24,TTFT,S1,0.500000,0.000000,130,130,240,240,240,240,240,240,240,240,240,137,0,220.0,748.5868393802118,86.87065995763987,5673.542418982834,157.0
1785385923,24,total,S1,0.500000,0.000000,14000,14000,14000,14000,14000,14000,14000,14000,14000,14000,14000,137,0,6800.0,7710.189565845398,1225.9388089878485,21054.425266978797,256.0
1785385923,24,TTFT,S2,0.700000,0.000000,450,460,460,460,3400,3400,3400,3400,3400,3400,3400,379,0,280.0,954.8314774057541,132.84717197529972,5889.0772860031575,1153.0
1785385923,24,total,S2,0.700000,0.000000,14000,14000,14000,14000,19000,19000,19000,19000,19000,19000,19000,379,0,6200.0,7166.384255966924,1273.4447169932537,21076.724925020244,256.0
1785385923,24,TTFT,S3,0.200000,0.000000,3800,3800,5200,5200,5800,5800,5800,5800,5800,5800,5800,187,0,2600.0,3789.1269572126494,2292.0104970107786,12347.627809969708,9649.0
1785385923,24,total,S3,0.200000,0.000000,19000,19000,20000,20000,20000,20000,20000,20000,20000,20000,20000,187,0,10000.0,10255.258430136035,3469.237338984385,21481.201339978725,256.0
1785385923,24,,Aggregated,2.800000,0.000000,14000,14000,14000,14000,19000,20000,20000,20000,20000,20000,20000,1406,0,3100.0,4881.2896144369615,86.87065995763987,21481.201339978725,1737.4302987197725
1785385924,24,TTFT,S1,0.500000,0.000000,240,240,240,240,240,240,240,240,240,240,240,137,0,220.0,748.5868393802118,86.87065995763987,5673.542418982834,157.0
1785385924,24,total,S1,0.500000,0.000000,14000,14000,14000,14000,14000,14000,14000,14000,14000,14000,14000,137,0,6800.0,7710.189565845398,1225.9388089878485,21054.425266978797,256.0
1785385924,24,TTFT,S2,0.700000,0.000000,460,460,460,460,3400,3400,3400,3400,3400,3400,3400,379,0,280.0,954.8314774057541,132.84717197529972,5889.0772860031575,1153.0
1785385924,24,total,S2,0.700000,0.000000,14000,14000,14000,14000,19000,19000,19000,19000,19000,19000,19000,379,0,6200.0,7166.384255966924,1273.4447169932537,21076.724925020244,256.0
1785385924,24,TTFT,S3,0.200000,0.000000,5200,5200,5800,5800,5800,5800,5800,5800,5800,5800,5800,187,0,2600.0,3789.1269572126494,2292.0104970107786,12347.627809969708,9649.0
1785385924,24,total,S3,0.200000,0.000000,20000,20000,20000,20000,20000,20000,20000,20000,20000,20000,20000,187,0,10000.0,10255.258430136035,3469.237338984385,21481.201339978725,256.0
1785385924,24,,Aggregated,2.800000,0.000000,14000,14000,14000,14000,19000,20000,20000,20000,20000,20000,20000,1406,0,3100.0,4881.2896144369615,86.87065995763987,21481.201339978725,1737.4302987197725
1785385925,24,TTFT,S1,0.500000,0.000000,240,240,240,240,240,240,240,240,240,240,240,137,0,220.0,748.5868393802118,86.87065995763987,5673.542418982834,157.0
1785385925,24,total,S1,0.500000,0.000000,14000,14000,14000,14000,14000,14000,14000,14000,14000,14000,14000,137,0,6800.0,7710.189565845398,1225.9388089878485,21054.425266978797,256.0
1785385925,24,TTFT,S2,0.700000,0.000000,460,460,460,460,3400,3400,3400,3400,3400,3400,3400,379,0,280.0,954.8314774057541,132.84717197529972,5889.0772860031575,1153.0
1785385925,24,total,S2,0.700000,0.000000,14000,14000,14000,14000,19000,19000,19000,19000,19000,19000,19000,379,0,6200.0,7166.384255966924,1273.4447169932537,21076.724925020244,256.0
1785385925,24,TTFT,S3,0.200000,0.000000,5200,5200,5800,5800,5800,5800,5800,5800,5800,5800,5800,187,0,2600.0,3789.1269572126494,2292.0104970107786,12347.627809969708,9649.0
1785385925,24,total,S3,0.200000,0.000000,20000,20000,20000,20000,20000,20000,20000,20000,20000,20000,20000,187,0,10000.0,10255.258430136035,3469.237338984385,21481.201339978725,256.0
1785385925,24,,Aggregated,2.800000,0.000000,14000,14000,14000,14000,19000,20000,20000,20000,20000,20000,20000,1406,0,3100.0,4881.2896144369615,86.87065995763987,21481.201339978725,1737.4302987197725
1785385926,24,TTFT,S1,0.500000,0.000000,240,240,240,240,240,240,240,240,240,240,240,137,0,220.0,748.5868393802118,86.87065995763987,5673.542418982834,157.0
1785385926,24,total,S1,0.500000,0.000000,14000,14000,14000,14000,14000,14000,14000,14000,14000,14000,14000,137,0,6800.0,7710.189565845398,1225.9388089878485,21054.425266978797,256.0
1785385926,24,TTFT,S2,0.700000,0.000000,460,460,460,460,3400,3400,3400,3400,3400,3400,3400,379,0,280.0,954.8314774057541,132.84717197529972,5889.0772860031575,1153.0
1785385926,24,total,S2,0.700000,0.000000,14000,14000,14000,14000,19000,19000,19000,19000,19000,19000,19000,379,0,6200.0,7166.384255966924,1273.4447169932537,21076.724925020244,256.0
1785385926,24,TTFT,S3,0.200000,0.000000,5200,5200,5800,5800,5800,5800,5800,5800,5800,5800,5800,187,0,2600.0,3789.1269572126494,2292.0104970107786,12347.627809969708,9649.0
1785385926,24,total,S3,0.200000,0.000000,20000,20000,20000,20000,20000,20000,20000,20000,20000,20000,20000,187,0,10000.0,10255.258430136035,3469.237338984385,21481.201339978725,256.0
1785385926,24,,Aggregated,2.800000,0.000000,14000,14000,14000,14000,19000,20000,20000,20000,20000,20000,20000,1406,0,3100.0,4881.2896144369615,86.87065995763987,21481.201339978725,1737.4302987197725
1785385927,24,TTFT,S1,0.500000,0.000000,240,240,240,240,240,240,240,240,240,240,240,137,0,220.0,748.5868393802118,86.87065995763987,5673.542418982834,157.0
1785385927,24,total,S1,0.500000,0.000000,14000,14000,14000,14000,14000,14000,14000,14000,14000,14000,14000,137,0,6800.0,7710.189565845398,1225.9388089878485,21054.425266978797,256.0
1785385927,24,TTFT,S2,0.700000,0.000000,460,460,460,460,3400,3400,3400,3400,3400,3400,3400,379,0,280.0,954.8314774057541,132.84717197529972,5889.0772860031575,1153.0
1785385927,24,total,S2,0.700000,0.000000,14000,14000,14000,14000,19000,19000,19000,19000,19000,19000,19000,379,0,6200.0,7166.384255966924,1273.4447169932537,21076.724925020244,256.0
1785385927,24,TTFT,S3,0.200000,0.000000,5200,5200,5800,5800,5800,5800,5800,5800,5800,5800,5800,187,0,2600.0,3789.1269572126494,2292.0104970107786,12347.627809969708,9649.0
1785385927,24,total,S3,0.200000,0.000000,20000,20000,20000,20000,20000,20000,20000,20000,20000,20000,20000,187,0,10000.0,10255.258430136035,3469.237338984385,21481.201339978725,256.0
1785385927,24,,Aggregated,2.800000,0.000000,14000,14000,14000,19000,20000,20000,20000,20000,20000,20000,20000,1406,0,3100.0,4881.2896144369615,86.87065995763987,21481.201339978725,1737.4302987197725
1785385928,24,TTFT,S1,0.100000,0.000000,240,240,240,240,240,240,240,240,240,240,240,137,0,220.0,748.5868393802118,86.87065995763987,5673.542418982834,157.0
1785385928,24,total,S1,0.100000,0.000000,14000,14000,14000,14000,14000,14000,14000,14000,14000,14000,14000,137,0,6800.0,7710.189565845398,1225.9388089878485,21054.425266978797,256.0
1785385928,24,TTFT,S2,0.700000,0.000000,460,480,480,480,480,3400,3400,3400,3400,3400,3400,384,0,280.0,948.4240122492338,132.84717197529972,5889.0772860031575,1153.0
1785385928,24,total,S2,0.700000,0.000000,17000,17000,17000,17000,17000,19000,19000,19000,19000,19000,19000,384,0,6300.0,7300.538409636677,1273.4447169932537,21076.724925020244,256.0
1785385928,24,TTFT,S3,0.400000,0.000000,4200,4200,5200,5200,5800,5800,5800,5800,5800,5800,5800,189,0,2600.0,3784.818307945946,2292.0104970107786,12347.627809969708,9649.0
1785385928,24,total,S3,0.400000,0.000000,19000,19000,20000,20000,20000,20000,20000,20000,20000,20000,20000,189,0,10000.0,10338.43333420877,3469.237338984385,21481.201339978725,256.0
1785385928,24,,Aggregated,2.400000,0.000000,14000,14000,17000,17000,19000,20000,20000,20000,20000,20000,20000,1420,0,3100.0,4926.583449216443,86.87065995763987,21481.201339978725,1739.212676056338
1785385929,24,TTFT,S1,0.100000,0.000000,240,240,240,240,240,240,240,240,240,240,240,137,0,220.0,748.5868393802118,86.87065995763987,5673.542418982834,157.0
1785385929,24,total,S1,0.100000,0.000000,14000,14000,14000,14000,14000,14000,14000,14000,14000,14000,14000,137,0,6800.0,7710.189565845398,1225.9388089878485,21054.425266978797,256.0
1785385929,24,TTFT,S2,0.700000,0.000000,460,480,480,480,480,3400,3400,3400,3400,3400,3400,384,0,280.0,948.4240122492338,132.84717197529972,5889.0772860031575,1153.0
1785385929,24,total,S2,0.700000,0.000000,17000,17000,17000,17000,17000,19000,19000,19000,19000,19000,19000,384,0,6300.0,7300.538409636677,1273.4447169932537,21076.724925020244,256.0
1785385929,24,TTFT,S3,0.400000,0.000000,4200,4200,5200,5200,5800,5800,5800,5800,5800,5800,5800,189,0,2600.0,3784.818307945946,2292.0104970107786,12347.627809969708,9649.0
1785385929,24,total,S3,0.400000,0.000000,19000,19000,20000,20000,20000,20000,20000,20000,20000,20000,20000,189,0,10000.0,10338.43333420877,3469.237338984385,21481.201339978725,256.0
1785385929,24,,Aggregated,2.400000,0.000000,14000,14000,17000,17000,19000,20000,20000,20000,20000,20000,20000,1420,0,3100.0,4926.583449216443,86.87065995763987,21481.201339978725,1739.212676056338
1785385930,24,TTFT,S1,0.100000,0.000000,240,240,240,240,240,240,240,240,240,240,240,137,0,220.0,748.5868393802118,86.87065995763987,5673.542418982834,157.0
1785385930,24,total,S1,0.100000,0.000000,14000,14000,14000,14000,14000,14000,14000,14000,14000,14000,14000,137,0,6800.0,7710.189565845398,1225.9388089878485,21054.425266978797,256.0
1785385930,24,TTFT,S2,0.700000,0.000000,460,460,480,480,480,480,480,480,480,480,480,384,0,280.0,948.4240122492338,132.84717197529972,5889.0772860031575,1153.0
1785385930,24,total,S2,0.700000,0.000000,17000,17000,17000,17000,17000,17000,17000,17000,17000,17000,17000,384,0,6300.0,7300.538409636677,1273.4447169932537,21076.724925020244,256.0
1785385930,24,TTFT,S3,0.400000,0.000000,2500,2500,4200,4200,4200,4200,4200,4200,4200,4200,4200,189,0,2600.0,3784.818307945946,2292.0104970107786,12347.627809969708,9649.0
1785385930,24,total,S3,0.400000,0.000000,18000,18000,18000,18000,18000,18000,18000,18000,18000,18000,18000,189,0,10000.0,10338.43333420877,3469.237338984385,21481.201339978725,256.0
1785385930,24,,Aggregated,2.400000,0.000000,14000,14000,17000,17000,17000,18000,18000,18000,18000,18000,18000,1420,0,3100.0,4926.583449216443,86.87065995763987,21481.201339978725,1739.212676056338
1785385931,32,TTFT,S1,0.000000,0.000000,240,240,240,240,240,240,240,240,240,240,240,137,0,220.0,748.5868393802118,86.87065995763987,5673.542418982834,157.0
1785385931,32,total,S1,0.000000,0.000000,14000,14000,14000,14000,14000,14000,14000,14000,14000,14000,14000,137,0,6800.0,7710.189565845398,1225.9388089878485,21054.425266978797,256.0
1785385931,32,TTFT,S2,1.100000,0.000000,450,460,460,480,480,480,480,480,480,480,480,387,0,280.0,943.3847256890709,132.84717197529972,5889.0772860031575,1153.0
1785385931,32,total,S2,1.100000,0.000000,16000,17000,17000,17000,17000,17000,17000,17000,17000,17000,17000,387,0,6300.0,7368.137683125287,1273.4447169932537,21076.724925020244,256.0
1785385931,32,TTFT,S3,0.600000,0.000000,2500,2500,4200,4200,4200,4200,4200,4200,4200,4200,4200,189,0,2600.0,3784.818307945946,2292.0104970107786,12347.627809969708,9649.0
1785385931,32,total,S3,0.600000,0.000000,18000,18000,18000,18000,18000,18000,18000,18000,18000,18000,18000,189,0,10000.0,10338.43333420877,3469.237338984385,21481.201339978725,256.0
1785385931,32,,Aggregated,3.400000,0.000000,14000,14000,16000,17000,17000,18000,18000,18000,18000,18000,18000,1426,0,3100.0,4940.186605956743,86.87065995763987,21481.201339978725,1734.85904628331
1785385932,32,TTFT,S1,0.000000,0.000000,240,240,240,240,240,240,240,240,240,240,240,137,0,220.0,748.5868393802118,86.87065995763987,5673.542418982834,157.0
1785385932,32,total,S1,0.000000,0.000000,14000,14000,14000,14000,14000,14000,14000,14000,14000,14000,14000,137,0,6800.0,7710.189565845398,1225.9388089878485,21054.425266978797,256.0
1785385932,32,TTFT,S2,1.100000,0.000000,450,460,460,480,480,480,480,480,480,480,480,387,0,280.0,943.3847256890709,132.84717197529972,5889.0772860031575,1153.0
1785385932,32,total,S2,1.100000,0.000000,16000,17000,17000,17000,17000,17000,17000,17000,17000,17000,17000,387,0,6300.0,7368.137683125287,1273.4447169932537,21076.724925020244,256.0
1785385932,32,TTFT,S3,0.600000,0.000000,2500,2500,4200,4200,4200,4200,4200,4200,4200,4200,4200,189,0,2600.0,3784.818307945946,2292.0104970107786,12347.627809969708,9649.0
1785385932,32,total,S3,0.600000,0.000000,18000,18000,18000,18000,18000,18000,18000,18000,18000,18000,18000,189,0,10000.0,10338.43333420877,3469.237338984385,21481.201339978725,256.0
1785385932,32,,Aggregated,3.400000,0.000000,14000,14000,16000,17000,17000,18000,18000,18000,18000,18000,18000,1426,0,3100.0,4940.186605956743,86.87065995763987,21481.201339978725,1734.85904628331
1785385933,32,TTFT,S1,0.000000,0.000000,0,0,0,0,0,0,0,0,0,0,0,137,0,220.0,748.5868393802118,86.87065995763987,5673.542418982834,157.0
1785385933,32,total,S1,0.000000,0.000000,0,0,0,0,0,0,0,0,0,0,0,137,0,6800.0,7710.189565845398,1225.9388089878485,21054.425266978797,256.0
1785385933,32,TTFT,S2,1.100000,0.000000,450,460,460,480,480,480,480,480,480,480,480,387,0,280.0,943.3847256890709,132.84717197529972,5889.0772860031575,1153.0
1785385933,32,total,S2,1.100000,0.000000,16000,17000,17000,17000,17000,17000,17000,17000,17000,17000,17000,387,0,6300.0,7368.137683125287,1273.4447169932537,21076.724925020244,256.0
1785385933,32,TTFT,S3,0.600000,0.000000,2500,2500,4200,4200,4200,4200,4200,4200,4200,4200,4200,189,0,2600.0,3784.818307945946,2292.0104970107786,12347.627809969708,9649.0
1785385933,32,total,S3,0.600000,0.000000,18000,18000,18000,18000,18000,18000,18000,18000,18000,18000,18000,189,0,10000.0,10338.43333420877,3469.237338984385,21481.201339978725,256.0
1785385933,32,,Aggregated,3.400000,0.000000,14000,14000,16000,17000,17000,18000,18000,18000,18000,18000,18000,1426,0,3100.0,4940.186605956743,86.87065995763987,21481.201339978725,1734.85904628331
1785385934,32,TTFT,S1,0.000000,0.000000,1900,1900,1900,1900,1900,1900,1900,1900,1900,1900,1900,138,0,220.0,757.2779701381544,86.87065995763987,5673.542418982834,157.0
1785385934,32,total,S1,0.000000,0.000000,18000,18000,18000,18000,18000,18000,18000,18000,18000,18000,18000,138,0,6800.0,7783.231427143513,1225.9388089878485,21054.425266978797,256.0
1785385934,32,TTFT,S2,1.300000,0.000000,450,480,480,480,480,480,480,480,480,480,480,387,0,280.0,943.3847256890709,132.84717197529972,5889.0772860031575,1153.0
1785385934,32,total,S2,1.300000,0.000000,17000,17000,17000,17000,17000,17000,17000,17000,17000,17000,17000,387,0,6300.0,7368.137683125287,1273.4447169932537,21076.724925020244,256.0
1785385934,32,TTFT,S3,0.300000,0.000000,2500,2500,4200,4200,4200,4200,4200,4200,4200,4200,4200,190,0,2500.0,3777.788744856738,2292.0104970107786,12347.627809969708,9649.0
1785385934,32,total,S3,0.300000,0.000000,18000,18000,18000,18000,18000,18000,18000,18000,18000,18000,18000,190,0,10000.0,10380.291330860315,3469.237338984385,21481.201339978725,256.0
1785385934,32,,Aggregated,3.200000,0.000000,16000,17000,17000,17000,18000,18000,18000,18000,18000,18000,18000,1430,0,3100.0,4954.674603791801,86.87065995763987,21481.201339978725,1737.2216783216784
1785385935,32,TTFT,S1,0.000000,0.000000,1900,1900,1900,1900,1900,1900,1900,1900,1900,1900,1900,138,0,220.0,757.2779701381544,86.87065995763987,5673.542418982834,157.0
1785385935,32,total,S1,0.000000,0.000000,18000,18000,18000,18000,18000,18000,18000,18000,18000,18000,18000,138,0,6800.0,7783.231427143513,1225.9388089878485,21054.425266978797,256.0
1785385935,32,TTFT,S2,0.800000,0.000000,450,480,480,480,480,480,480,480,480,480,480,387,0,280.0,943.3847256890709,132.84717197529972,5889.0772860031575,1153.0
1785385935,32,total,S2,0.800000,0.000000,17000,17000,17000,17000,17000,17000,17000,17000,17000,17000,17000,387,0,6300.0,7368.137683125287,1273.4447169932537,21076.724925020244,256.0
1785385935,32,TTFT,S3,0.200000,0.000000,4200,5300,5300,5700,5700,5700,5700,5700,5700,5700,5700,192,0,2600.0,3795.70504362376,2292.0104970107786,12347.627809969708,9649.0
1785385935,32,total,S3,0.200000,0.000000,18000,20000,20000,20000,20000,20000,20000,20000,20000,20000,20000,192,0,10000.0,10480.109421955603,3469.237338984385,21481.201339978725,256.0
1785385935,32,,Aggregated,2.000000,0.000000,16000,17000,17000,18000,18000,20000,20000,20000,20000,20000,20000,1434,0,3100.0,4976.3639096424495,86.87065995763987,21481.201339978725,1746.1903765690377
1785385936,32,TTFT,S1,0.000000,0.000000,1900,1900,1900,1900,1900,1900,1900,1900,1900,1900,1900,138,0,220.0,757.2779701381544,86.87065995763987,5673.542418982834,157.0
1785385936,32,total,S1,0.000000,0.000000,18000,18000,18000,18000,18000,18000,18000,18000,18000,18000,18000,138,0,6800.0,7783.231427143513,1225.9388089878485,21054.425266978797,256.0
1785385936,32,TTFT,S2,0.800000,0.000000,450,480,480,480,480,480,480,480,480,480,480,387,0,280.0,943.3847256890709,132.84717197529972,5889.0772860031575,1153.0
1785385936,32,total,S2,0.800000,0.000000,17000,17000,17000,17000,17000,17000,17000,17000,17000,17000,17000,387,0,6300.0,7368.137683125287,1273.4447169932537,21076.724925020244,256.0
1785385936,32,TTFT,S3,0.200000,0.000000,4200,5300,5300,5700,5700,5700,5700,5700,5700,5700,5700,192,0,2600.0,3795.70504362376,2292.0104970107786,12347.627809969708,9649.0
1785385936,32,total,S3,0.200000,0.000000,18000,20000,20000,20000,20000,20000,20000,20000,20000,20000,20000,192,0,10000.0,10480.109421955603,3469.237338984385,21481.201339978725,256.0
1785385936,32,,Aggregated,2.000000,0.000000,16000,17000,17000,18000,18000,20000,20000,20000,20000,20000,20000,1434,0,3100.0,4976.3639096424495,86.87065995763987,21481.201339978725,1746.1903765690377
1785385937,32,TTFT,S1,0.000000,0.000000,1900,1900,1900,1900,1900,1900,1900,1900,1900,1900,1900,138,0,220.0,757.2779701381544,86.87065995763987,5673.542418982834,157.0
1785385937,32,total,S1,0.000000,0.000000,18000,18000,18000,18000,18000,18000,18000,18000,18000,18000,18000,138,0,6800.0,7783.231427143513,1225.9388089878485,21054.425266978797,256.0
1785385937,32,TTFT,S2,0.800000,0.000000,450,480,480,480,480,480,480,480,480,480,480,387,0,280.0,943.3847256890709,132.84717197529972,5889.0772860031575,1153.0
1785385937,32,total,S2,0.800000,0.000000,17000,17000,17000,17000,17000,17000,17000,17000,17000,17000,17000,387,0,6300.0,7368.137683125287,1273.4447169932537,21076.724925020244,256.0
1785385937,32,TTFT,S3,0.200000,0.000000,4200,5300,5300,5700,5700,5700,5700,5700,5700,5700,5700,192,0,2600.0,3795.70504362376,2292.0104970107786,12347.627809969708,9649.0
1785385937,32,total,S3,0.200000,0.000000,18000,20000,20000,20000,20000,20000,20000,20000,20000,20000,20000,192,0,10000.0,10480.109421955603,3469.237338984385,21481.201339978725,256.0
1785385937,32,,Aggregated,2.000000,0.000000,16000,17000,17000,18000,18000,20000,20000,20000,20000,20000,20000,1434,0,3100.0,4976.3639096424495,86.87065995763987,21481.201339978725,1746.1903765690377
1785385938,32,TTFT,S1,0.100000,0.000000,1900,1900,1900,1900,1900,1900,1900,1900,1900,1900,1900,138,0,220.0,757.2779701381544,86.87065995763987,5673.542418982834,157.0
1785385938,32,total,S1,0.100000,0.000000,18000,18000,18000,18000,18000,18000,18000,18000,18000,18000,18000,138,0,6800.0,7783.231427143513,1225.9388089878485,21054.425266978797,256.0
1785385938,32,TTFT,S2,0.800000,0.000000,310,310,310,310,310,310,310,310,310,310,310,388,0,280.0,941.6869068470274,132.84717197529972,5889.0772860031575,1153.0
1785385938,32,total,S2,0.800000,0.000000,16000,16000,16000,16000,16000,16000,16000,16000,16000,16000,16000,388,0,6300.0,7391.083900093943,1273.4447169932537,21076.724925020244,256.0
1785385938,32,TTFT,S3,0.400000,0.000000,4200,5300,5300,5700,5700,5700,5700,5700,5700,5700,5700,192,0,2600.0,3795.70504362376,2292.0104970107786,12347.627809969708,9649.0
1785385938,32,total,S3,0.400000,0.000000,18000,20000,20000,20000,20000,20000,20000,20000,20000,20000,20000,192,0,10000.0,10480.109421955603,3469.237338984385,21481.201339978725,256.0
1785385938,32,,Aggregated,2.600000,0.000000,16000,16000,18000,18000,20000,20000,20000,20000,20000,20000,20000,1436,0,3100.0,4980.9622195746615,86.87065995763987,21481.201339978725,1744.7395543175487
1785385939,32,TTFT,S1,0.100000,0.000000,1900,1900,1900,1900,1900,1900,1900,1900,1900,1900,1900,138,0,220.0,757.2779701381544,86.87065995763987,5673.542418982834,157.0
1785385939,32,total,S1,0.100000,0.000000,18000,18000,18000,18000,18000,18000,18000,18000,18000,18000,18000,138,0,6800.0,7783.231427143513,1225.9388089878485,21054.425266978797,256.0
1785385939,32,TTFT,S2,0.800000,0.000000,280,310,310,310,310,310,310,310,310,310,310,389,0,280.0,939.9490861996055,132.84717197529972,5889.0772860031575,1153.0
1785385939,32,total,S2,0.800000,0.000000,16000,16000,16000,18000,18000,18000,18000,18000,18000,18000,18000,389,0,6400.0,7417.815361229869,1273.4447169932537,21076.724925020244,256.0
1785385939,32,TTFT,S3,0.500000,0.000000,4200,5300,5300,5700,5700,5700,5700,5700,5700,5700,5700,192,0,2600.0,3795.70504362376,2292.0104970107786,12347.627809969708,9649.0
1785385939,32,total,S3,0.500000,0.000000,18000,20000,20000,20000,20000,20000,20000,20000,20000,20000,20000,192,0,10000.0,10480.109421955603,3469.237338984385,21481.201339978725,256.0
1785385939,32,,Aggregated,2.800000,0.000000,16000,16000,18000,18000,20000,20000,20000,20000,20000,20000,20000,1438,0,3100.0,4986.590434121129,86.87065995763987,21481.201339978725,1743.2927677329624
1785385940,32,TTFT,S1,0.100000,0.000000,1900,1900,1900,1900,1900,1900,1900,1900,1900,1900,1900,138,0,220.0,757.2779701381544,86.87065995763987,5673.542418982834,157.0
1785385940,32,total,S1,0.100000,0.000000,18000,18000,18000,18000,18000,18000,18000,18000,18000,18000,18000,138,0,6800.0,7783.231427143513,1225.9388089878485,21054.425266978797,256.0
1785385940,32,TTFT,S2,0.800000,0.000000,2700,3900,3900,3900,3900,3900,3900,3900,3900,3900,3900,394,0,280.0,974.8608774762911,132.84717197529972,5889.0772860031575,1153.0
1785385940,32,total,S2,0.800000,0.000000,18000,18000,18000,18000,19000,19000,19000,19000,19000,19000,19000,394,0,6400.0,7556.723598889276,1273.4447169932537,21076.724925020244,256.0
1785385940,32,TTFT,S3,0.500000,0.000000,5300,5300,5700,5700,5700,5700,5700,5700,5700,5700,5700,193,0,2600.0,3790.4119516102783,2292.0104970107786,12347.627809969708,9649.0
1785385940,32,total,S3,0.500000,0.000000,20000,20000,20000,20000,20000,20000,20000,20000,20000,20000,20000,193,0,10000.0,10522.354745292805,3469.237338984385,21481.201339978725,256.0
1785385940,32,,Aggregated,2.800000,0.000000,16000,18000,18000,18000,19000,20000,20000,20000,20000,20000,20000,1450,0,3300.0,5036.136933113935,86.87065995763987,21481.201339978725,1740.5551724137931
1785385941,32,TTFT,S1,0.100000,0.000000,1900,1900,1900,1900,1900,1900,1900,1900,1900,1900,1900,138,0,220.0,757.2779701381544,86.87065995763987,5673.542418982834,157.0
1785385941,32,total,S1,0.100000,0.000000,18000,18000,18000,18000,18000,18000,18000,18000,18000,18000,18000,138,0,6800.0,7783.231427143513,1225.9388089878485,21054.425266978797,256.0
1785385941,32,TTFT,S2,0.800000,0.000000,2700,3900,3900,3900,3900,3900,3900,3900,3900,3900,3900,394,0,280.0,974.8608774762911,132.84717197529972,5889.0772860031575,1153.0
1785385941,32,total,S2,0.800000,0.000000,18000,18000,18000,18000,19000,19000,19000,19000,19000,19000,19000,394,0,6400.0,7556.723598889276,1273.4447169932537,21076.724925020244,256.0
1785385941,32,TTFT,S3,0.500000,0.000000,5300,5300,5700,5700,5700,5700,5700,5700,5700,5700,5700,193,0,2600.0,3790.4119516102783,2292.0104970107786,12347.627809969708,9649.0
1785385941,32,total,S3,0.500000,0.000000,20000,20000,20000,20000,20000,20000,20000,20000,20000,20000,20000,193,0,10000.0,10522.354745292805,3469.237338984385,21481.201339978725,256.0
1785385941,32,,Aggregated,2.800000,0.000000,16000,18000,18000,18000,19000,20000,20000,20000,20000,20000,20000,1450,0,3300.0,5036.136933113935,86.87065995763987,21481.201339978725,1740.5551724137931
1785385942,32,TTFT,S1,0.100000,0.000000,1900,1900,1900,1900,1900,1900,1900,1900,1900,1900,1900,138,0,220.0,757.2779701381544,86.87065995763987,5673.542418982834,157.0
1785385942,32,total,S1,0.100000,0.000000,18000,18000,18000,18000,18000,18000,18000,18000,18000,18000,18000,138,0,6800.0,7783.231427143513,1225.9388089878485,21054.425266978797,256.0
1785385942,32,TTFT,S2,0.500000,0.000000,2700,3900,3900,3900,3900,3900,3900,3900,3900,3900,3900,394,0,280.0,974.8608774762911,132.84717197529972,5889.0772860031575,1153.0
1785385942,32,total,S2,0.500000,0.000000,18000,18000,18000,18000,19000,19000,19000,19000,19000,19000,19000,394,0,6400.0,7556.723598889276,1273.4447169932537,21076.724925020244,256.0
1785385942,32,TTFT,S3,0.300000,0.000000,5500,5500,5600,5600,5700,5700,5700,5700,5700,5700,5700,195,0,2600.0,3808.4466043579127,2292.0104970107786,12347.627809969708,9649.0
1785385942,32,total,S3,0.300000,0.000000,20000,20000,20000,20000,20000,20000,20000,20000,20000,20000,20000,195,0,10000.0,10618.676012161617,3469.237338984385,21481.201339978725,256.0
1785385942,32,,Aggregated,1.800000,0.000000,16000,18000,18000,19000,20000,20000,20000,20000,20000,20000,20000,1454,0,3300.0,5057.306389775942,86.87065995763987,21481.201339978725,1749.3913342503438
1785385943,32,TTFT,S1,0.100000,0.000000,1900,1900,1900,1900,1900,1900,1900,1900,1900,1900,1900,138,0,220.0,757.2779701381544,86.87065995763987,5673.542418982834,157.0
1785385943,32,total,S1,0.100000,0.000000,18000,18000,18000,18000,18000,18000,18000,18000,18000,18000,18000,138,0,6800.0,7783.231427143513,1225.9388089878485,21054.425266978797,256.0
1785385943,32,TTFT,S2,0.500000,0.000000,3900,3900,3900,3900,3900,3900,3900,3900,3900,3900,3900,394,0,280.0,974.8608774762911,132.84717197529972,5889.0772860031575,1153.0
1785385943,32,total,S2,0.500000,0.000000,18000,18000,18000,18000,19000,19000,19000,19000,19000,19000,19000,394,0,6400.0,7556.723598889276,1273.4447169932537,21076.724925020244,256.0
1785385943,32,TTFT,S3,0.300000,0.000000,5500,5600,5600,5700,5700,5700,5700,5700,5700,5700,5700,195,0,2600.0,3808.4466043579127,2292.0104970107786,12347.627809969708,9649.0
1785385943,32,total,S3,0.300000,0.000000,20000,20000,20000,20000,20000,20000,20000,20000,20000,20000,20000,195,0,10000.0,10618.676012161617,3469.237338984385,21481.201339978725,256.0
1785385943,32,,Aggregated,1.800000,0.000000,16000,18000,19000,19000,20000,20000,20000,20000,20000,20000,20000,1454,0,3300.0,5057.306389775942,86.87065995763987,21481.201339978725,1749.3913342503438
1785385944,32,TTFT,S1,0.100000,0.000000,1900,1900,1900,1900,1900,1900,1900,1900,1900,1900,1900,138,0,220.0,757.2779701381544,86.87065995763987,5673.542418982834,157.0
1785385944,32,total,S1,0.100000,0.000000,18000,18000,18000,18000,18000,18000,18000,18000,18000,18000,18000,138,0,6800.0,7783.231427143513,1225.9388089878485,21054.425266978797,256.0
1785385944,32,TTFT,S2,0.700000,0.000000,3900,3900,3900,3900,3900,3900,3900,3900,3900,3900,3900,395,0,280.0,973.3010289282832,132.84717197529972,5889.0772860031575,1153.0
1785385944,32,total,S2,0.700000,0.000000,18000,18000,18000,18000,19000,19000,19000,19000,19000,19000,19000,395,0,6400.0,7578.840671788276,1273.4447169932537,21076.724925020244,256.0
1785385944,32,TTFT,S3,0.400000,0.000000,5500,5500,5600,5600,5600,5600,5600,5600,5600,5600,5600,195,0,2600.0,3808.4466043579127,2292.0104970107786,12347.627809969708,9649.0
1785385944,32,total,S3,0.400000,0.000000,20000,20000,20000,20000,20000,20000,20000,20000,20000,20000,20000,195,0,10000.0,10618.676012161617,3469.237338984385,21481.201339978725,256.0
1785385944,32,,Aggregated,2.400000,0.000000,16000,18000,18000,19000,20000,20000,20000,20000,20000,20000,20000,1456,0,3300.0,5061.796139305788,86.87065995763987,21481.201339978725,1747.956043956044
1785385945,32,TTFT,S1,0.100000,0.000000,1900,1900,1900,1900,1900,1900,1900,1900,1900,1900,1900,138,0,220.0,757.2779701381544,86.87065995763987,5673.542418982834,157.0
1785385945,32,total,S1,0.100000,0.000000,18000,18000,18000,18000,18000,18000,18000,18000,18000,18000,18000,138,0,6800.0,7783.231427143513,1225.9388089878485,21054.425266978797,256.0
1785385945,32,TTFT,S2,0.700000,0.000000,400,3900,3900,3900,3900,3900,3900,3900,3900,3900,3900,398,0,290.0,968.9795031524076,132.84717197529972,5889.0772860031575,1153.0
1785385945,32,total,S2,0.700000,0.000000,18000,18000,18000,18000,18000,19000,19000,19000,19000,19000,19000,398,0,6400.0,7656.057273842694,1273.4447169932537,21076.724925020244,256.0
1785385945,32,TTFT,S3,0.600000,0.000000,5500,5500,5600,5600,5600,5600,5600,5600,5600,5600,5600,195,0,2600.0,3808.4466043579127,2292.0104970107786,12347.627809969708,9649.0
1785385945,32,total,S3,0.600000,0.000000,20000,20000,20000,20000,20000,20000,20000,20000,20000,20000,20000,195,0,10000.0,10618.676012161617,3469.237338984385,21481.201339978725,256.0
1785385945,32,,Aggregated,2.800000,0.000000,16000,18000,18000,18000,20000,20000,20000,20000,20000,20000,20000,1462,0,3300.0,5078.415762168424,86.87065995763987,21481.201339978725,1743.6737346101231
1785385946,32,TTFT,S1,0.100000,0.000000,1900,1900,1900,1900,1900,1900,1900,1900,1900,1900,1900,139,0,220.0,765.8434495905233,86.87065995763987,5673.542418982834,157.0
1785385946,32,total,S1,0.100000,0.000000,18000,18000,18000,18000,18000,18000,18000,18000,18000,18000,18000,139,0,7800.0,7856.487085595944,1225.9388089878485,21054.425266978797,256.0
1785385946,32,TTFT,S2,0.700000,0.000000,1900,2700,3900,3900,3900,3900,3900,3900,3900,3900,3900,399,0,290.0,971.3827439389521,132.84717197529972,5889.0772860031575,1153.0
1785385946,32,total,S2,0.700000,0.000000,18000,18000,18000,18000,18000,19000,19000,19000,19000,19000,19000,399,0,6500.0,7682.171930732873,1273.4447169932537,21076.724925020244,256.0
1785385946,32,TTFT,S3,0.600000,0.000000,5300,5500,5500,5600,5600,5600,5600,5600,5600,5600,5600,196,0,2600.0,3802.179577152188,2292.0104970107786,12347.627809969708,9649.0
1785385946,32,total,S3,0.600000,0.000000,20000,20000,20000,20000,20000,20000,20000,20000,20000,20000,20000,196,0,10000.0,10659.399754763046,3469.237338984385,21481.201339978725,256.0
1785385946,32,,Aggregated,2.800000,0.000000,16000,18000,18000,18000,19000,20000,20000,20000,20000,20000,20000,1468,0,3300.0,5099.279161199162,86.87065995763987,21481.201339978725,1744.5354223433242
1785385947,32,TTFT,S1,0.100000,0.000000,1900,1900,1900,1900,1900,1900,1900,1900,1900,1900,1900,139,0,220.0,765.8434495905233,86.87065995763987,5673.542418982834,157.0
1785385947,32,total,S1,0.100000,0.000000,18000,18000,18000,18000,18000,18000,18000,18000,18000,18000,18000,139,0,7800.0,7856.487085595944,1225.9388089878485,21054.425266978797,256.0
1785385947,32,TTFT,S2,0.700000,0.000000,1900,3900,3900,3900,3900,3900,3900,3900,3900,3900,3900,399,0,290.0,971.3827439389521,132.84717197529972,5889.0772860031575,1153.0
1785385947,32,total,S2,0.700000,0.000000,18000,18000,18000,18000,18000,19000,19000,19000,19000,19000,19000,399,0,6500.0,7682.171930732873,1273.4447169932537,21076.724925020244,256.0
1785385947,32,TTFT,S3,0.600000,0.000000,5500,5500,5600,5600,5600,5600,5600,5600,5600,5600,5600,196,0,2600.0,3802.179577152188,2292.0104970107786,12347.627809969708,9649.0
1785385947,32,total,S3,0.600000,0.000000,20000,20000,20000,20000,20000,20000,20000,20000,20000,20000,20000,196,0,10000.0,10659.399754763046,3469.237338984385,21481.201339978725,256.0
1785385947,32,,Aggregated,2.800000,0.000000,16000,18000,18000,18000,19000,20000,20000,20000,20000,20000,20000,1468,0,3300.0,5099.279161199162,86.87065995763987,21481.201339978725,1744.5354223433242
1785385948,32,TTFT,S1,0.000000,0.000000,1900,1900,1900,1900,1900,1900,1900,1900,1900,1900,1900,141,0,220.0,758.6002028022946,86.87065995763987,5673.542418982834,157.0
1785385948,32,total,S1,0.000000,0.000000,18000,18000,18000,18000,18000,18000,18000,18000,18000,18000,18000,141,0,7800.0,7999.763777218627,1225.9388089878485,21054.425266978797,256.0
1785385948,32,TTFT,S2,0.800000,0.000000,2700,3900,3900,3900,3900,3900,3900,3900,3900,3900,3900,399,0,290.0,971.3827439389521,132.84717197529972,5889.0772860031575,1153.0
1785385948,32,total,S2,0.800000,0.000000,18000,18000,18000,18000,19000,19000,19000,19000,19000,19000,19000,399,0,6500.0,7682.171930732873,1273.4447169932537,21076.724925020244,256.0
1785385948,32,TTFT,S3,0.400000,0.000000,5500,5500,5600,5600,5600,5600,5600,5600,5600,5600,5600,196,0,2600.0,3802.179577152188,2292.0104970107786,12347.627809969708,9649.0
1785385948,32,total,S3,0.400000,0.000000,20000,20000,20000,20000,20000,20000,20000,20000,20000,20000,20000,196,0,10000.0,10659.399754763046,3469.237338984385,21481.201339978725,256.0
1785385948,32,,Aggregated,2.400000,0.000000,16000,18000,18000,18000,19000,20000,20000,20000,20000,20000,20000,1472,0,3300.0,5110.167924886143,86.87065995763987,21481.201339978725,1740.3559782608695
1785385949,32,TTFT,S1,0.100000,0.000000,260,260,1900,1900,1900,1900,1900,1900,1900,1900,1900,141,0,220.0,758.6002028022946,86.87065995763987,5673.542418982834,157.0
1785385949,32,total,S1,0.100000,0.000000,18000,18000,18000,18000,18000,18000,18000,18000,18000,18000,18000,141,0,7800.0,7999.763777218627,1225.9388089878485,21054.425266978797,256.0
1785385949,32,TTFT,S2,1.200000,0.000000,1900,2700,3900,3900,3900,3900,3900,3900,3900,3900,3900,401,0,290.0,968.4877784230614,132.84717197529972,5889.0772860031575,1153.0
1785385949,32,total,S2,1.200000,0.000000,18000,18000,18000,18000,18000,19000,19000,19000,19000,19000,19000,401,0,6500.0,7733.943103654415,1273.4447169932537,21076.724925020244,256.0
1785385949,32,TTFT,S3,0.400000,0.000000,5500,5500,5600,5600,5600,5600,5600,5600,5600,5600,5600,196,0,2600.0,3802.179577152188,2292.0104970107786,12347.627809969708,9649.0
1785385949,32,total,S3,0.400000,0.000000,20000,20000,20000,20000,20000,20000,20000,20000,20000,20000,20000,196,0,10000.0,10659.399754763046,3469.237338984385,21481.201339978725,256.0
1785385949,32,,Aggregated,3.400000,0.000000,16000,18000,18000,18000,19000,20000,20000,20000,20000,20000,20000,1476,0,3300.0,5121.323613788219,86.87065995763987,21481.201339978725,1737.5487804878048
1785385950,32,TTFT,S1,0.100000,0.000000,260,260,1900,1900,1900,1900,1900,1900,1900,1900,1900,141,0,220.0,758.6002028022946,86.87065995763987,5673.542418982834,157.0
1785385950,32,total,S1,0.100000,0.000000,18000,18000,18000,18000,18000,18000,18000,18000,18000,18000,18000,141,0,7800.0,7999.763777218627,1225.9388089878485,21054.425266978797,256.0
1785385950,32,TTFT,S2,1.200000,0.000000,420,2700,3900,3900,3900,3900,3900,3900,3900,3900,3900,403,0,290.0,965.7733397335611,132.84717197529972,5889.0772860031575,1153.0
1785385950,32,total,S2,1.200000,0.000000,18000,18000,18000,19000,20000,20000,20000,20000,20000,20000,20000,403,0,6500.0,7792.821385829811,1273.4447169932537,21076.724925020244,256.0
1785385950,32,TTFT,S3,0.400000,0.000000,5500,5500,5600,5600,5600,5600,5600,5600,5600,5600,5600,196,0,2600.0,3802.179577152188,2292.0104970107786,12347.627809969708,9649.0
1785385950,32,total,S3,0.400000,0.000000,20000,20000,20000,20000,20000,20000,20000,20000,20000,20000,20000,196,0,10000.0,10659.399754763046,3469.237338984385,21481.201339978725,256.0
1785385950,32,,Aggregated,3.400000,0.000000,16000,18000,18000,18000,20000,20000,20000,20000,20000,20000,20000,1480,0,3300.0,5134.535503135394,86.87065995763987,21481.201339978725,1734.7567567567567
1785385951,32,TTFT,S1,0.300000,0.000000,260,260,1900,1900,1900,1900,1900,1900,1900,1900,1900,141,0,220.0,758.6002028022946,86.87065995763987,5673.542418982834,157.0
1785385951,32,total,S1,0.300000,0.000000,18000,18000,18000,18000,18000,18000,18000,18000,18000,18000,18000,141,0,7800.0,7999.763777218627,1225.9388089878485,21054.425266978797,256.0
1785385951,32,TTFT,S2,1.100000,0.000000,400,420,1900,1900,4500,4600,4600,4600,4600,4600,4600,405,0,290.0,983.5960997719847,132.84717197529972,5889.0772860031575,1153.0
1785385951,32,total,S2,1.100000,0.000000,18000,20000,20000,20000,20000,21000,21000,21000,21000,21000,21000,405,0,6500.0,7855.808762973749,1273.4447169932537,21076.724925020244,256.0
1785385951,32,TTFT,S3,0.400000,0.000000,4900,5500,5500,5600,5600,5600,5600,5600,5600,5600,5600,198,0,2600.0,3801.5251389638206,2292.0104970107786,12347.627809969708,9649.0
1785385951,32,total,S3,0.400000,0.000000,20000,20000,20000,21000,21000,21000,21000,21000,21000,21000,21000,198,0,10000.0,10759.752566310885,3469.237338984385,21481.201339978725,256.0
1785385951,32,,Aggregated,3.600000,0.000000,16000,18000,18000,20000,20000,21000,21000,21000,21000,21000,21000,1488,0,3400.0,5173.401395322159,86.87065995763987,21481.201339978725,1740.6370967741937
1785385952,32,TTFT,S1,0.300000,0.000000,260,260,1900,1900,1900,1900,1900,1900,1900,1900,1900,141,0,220.0,758.6002028022946,86.87065995763987,5673.542418982834,157.0
1785385952,32,total,S1,0.300000,0.000000,18000,18000,18000,18000,18000,18000,18000,18000,18000,18000,18000,141,0,7800.0,7999.763777218627,1225.9388089878485,21054.425266978797,256.0
1785385952,32,TTFT,S2,1.100000,0.000000,400,420,1900,1900,4500,4600,4600,4600,4600,4600,4600,405,0,290.0,983.5960997719847,132.84717197529972,5889.0772860031575,1153.0
1785385952,32,total,S2,1.100000,0.000000,18000,20000,20000,20000,20000,21000,21000,21000,21000,21000,21000,405,0,6500.0,7855.808762973749,1273.4447169932537,21076.724925020244,256.0
1785385952,32,TTFT,S3,0.400000,0.000000,4900,5500,5500,5600,5600,5600,5600,5600,5600,5600,5600,198,0,2600.0,3801.5251389638206,2292.0104970107786,12347.627809969708,9649.0
1785385952,32,total,S3,0.400000,0.000000,20000,20000,20000,21000,21000,21000,21000,21000,21000,21000,21000,198,0,10000.0,10759.752566310885,3469.237338984385,21481.201339978725,256.0
1785385952,32,,Aggregated,3.600000,0.000000,16000,18000,18000,19000,20000,21000,21000,21000,21000,21000,21000,1488,0,3400.0,5173.401395322159,86.87065995763987,21481.201339978725,1740.6370967741937
1785385953,32,TTFT,S1,0.300000,0.000000,260,260,1900,1900,1900,1900,1900,1900,1900,1900,1900,141,0,220.0,758.6002028022946,86.87065995763987,5673.542418982834,157.0
1785385953,32,total,S1,0.300000,0.000000,18000,18000,18000,18000,18000,18000,18000,18000,18000,18000,18000,141,0,7800.0,7999.763777218627,1225.9388089878485,21054.425266978797,256.0
1785385953,32,TTFT,S2,0.900000,0.000000,420,420,4500,4500,4600,6100,6100,6100,6100,6100,6100,406,0,290.0,996.2903309130028,132.84717197529972,6137.453943025321,1153.0
1785385953,32,total,S2,0.900000,0.000000,18000,20000,20000,20000,21000,22000,22000,22000,22000,22000,22000,406,0,6500.0,7891.4806259244915,1273.4447169932537,22338.58512097504,256.0
1785385953,32,TTFT,S3,0.300000,0.000000,2600,2600,4900,4900,4900,4900,4900,4900,4900,4900,4900,198,0,2600.0,3801.5251389638206,2292.0104970107786,12347.627809969708,9649.0
1785385953,32,total,S3,0.300000,0.000000,20000,20000,21000,21000,21000,21000,21000,21000,21000,21000,21000,198,0,10000.0,10759.752566310885,3469.237338984385,21481.201339978725,256.0
1785385953,32,,Aggregated,3.000000,0.000000,16000,18000,18000,19000,20000,21000,22000,22000,22000,22000,22000,1490,0,3400.0,5185.568667988841,86.87065995763987,22338.58512097504,1739.2463087248323
1785385954,32,TTFT,S1,0.300000,0.000000,260,260,1900,1900,1900,1900,1900,1900,1900,1900,1900,141,0,220.0,758.6002028022946,86.87065995763987,5673.542418982834,157.0
1785385954,32,total,S1,0.300000,0.000000,18000,18000,18000,18000,18000,18000,18000,18000,18000,18000,18000,141,0,7800.0,7999.763777218627,1225.9388089878485,21054.425266978797,256.0
1785385954,32,TTFT,S2,0.900000,0.000000,420,1900,4500,4500,4600,6100,6100,6100,6100,6100,6100,406,0,290.0,996.2903309130028,132.84717197529972,6137.453943025321,1153.0
1785385954,32,total,S2,0.900000,0.000000,18000,20000,20000,20000,21000,22000,22000,22000,22000,22000,22000,406,0,6500.0,7891.4806259244915,1273.4447169932537,22338.58512097504,256.0
1785385954,32,TTFT,S3,0.300000,0.000000,2600,2600,4900,4900,4900,4900,4900,4900,4900,4900,4900,198,0,2600.0,3801.5251389638206,2292.0104970107786,12347.627809969708,9649.0
1785385954,32,total,S3,0.300000,0.000000,20000,20000,21000,21000,21000,21000,21000,21000,21000,21000,21000,198,0,10000.0,10759.752566310885,3469.237338984385,21481.201339978725,256.0
1785385954,32,,Aggregated,3.000000,0.000000,18000,18000,18000,20000,20000,21000,22000,22000,22000,22000,22000,1490,0,3400.0,5185.568667988841,86.87065995763987,22338.58512097504,1739.2463087248323
1785385955,32,TTFT,S1,0.300000,0.000000,260,260,1900,1900,1900,1900,1900,1900,1900,1900,1900,141,0,220.0,758.6002028022946,86.87065995763987,5673.542418982834,157.0
1785385955,32,total,S1,0.300000,0.000000,18000,18000,18000,18000,18000,18000,18000,18000,18000,18000,18000,141,0,7800.0,7999.763777218627,1225.9388089878485,21054.425266978797,256.0
1785385955,32,TTFT,S2,1.200000,0.000000,420,1900,4500,4500,4600,6100,6100,6100,6100,6100,6100,406,0,290.0,996.2903309130028,132.84717197529972,6137.453943025321,1153.0
1785385955,32,total,S2,1.200000,0.000000,18000,20000,20000,20000,21000,22000,22000,22000,22000,22000,22000,406,0,6500.0,7891.4806259244915,1273.4447169932537,22338.58512097504,256.0
1785385955,32,TTFT,S3,0.300000,0.000000,3700,4900,4900,5900,5900,5900,5900,5900,5900,5900,5900,200,0,2600.0,3811.5399978941423,2292.0104970107786,12347.627809969708,9649.0
1785385955,32,total,S3,0.300000,0.000000,21000,21000,21000,22000,22000,22000,22000,22000,22000,22000,22000,200,0,10000.0,10868.400518602866,3469.237338984385,21997.380317014176,256.0
1785385955,32,,Aggregated,3.600000,0.000000,18000,18000,19000,20000,21000,22000,22000,22000,22000,22000,22000,1494,0,3400.0,5207.063208138141,86.87065995763987,22338.58512097504,1747.8493975903614
1785385956,32,TTFT,S1,0.300000,0.000000,260,260,6200,6200,6200,6200,6200,6200,6200,6200,6200,142,0,220.0,797.019195050152,86.87065995763987,6214.09710199805,157.0
1785385956,32,total,S1,0.300000,0.000000,18000,18000,21000,21000,21000,21000,21000,21000,21000,21000,21000,142,0,7800.0,8090.335808759539,1225.9388089878485,21054.425266978797,256.0
1785385956,32,TTFT,S2,1.100000,0.000000,3500,4000,4100,4500,4600,6100,6100,6100,6100,6100,6100,412,0,300.0,1032.0583663196178,132.84717197529972,6137.453943025321,1153.0
1785385956,32,total,S2,1.100000,0.000000,19000,20000,20000,20000,21000,22000,22000,22000,22000,22000,22000,412,0,6500.0,8030.779179801754,1273.4447169932537,22338.58512097504,256.0
1785385956,32,TTFT,S3,0.300000,0.000000,3700,3700,4900,4900,5900,5900,5900,5900,5900,5900,5900,201,0,2600.0,3806.9179725114473,2292.0104970107786,12347.627809969708,9649.0
1785385956,32,total,S3,0.300000,0.000000,21000,21000,21000,21000,22000,22000,22000,22000,22000,22000,22000,201,0,10000.0,10900.302660932986,3469.237338984385,21997.380317014176,256.0
1785385956,32,,Aggregated,3.400000,0.000000,16000,18000,20000,20000,21000,21000,22000,22000,22000,22000,22000,1510,0,3400.0,5266.254852228691,86.87065995763987,22338.58512097504,1741.760927152318
1785385957,32,TTFT,S1,0.300000,0.000000,4100,4100,6200,6200,6200,6200,6200,6200,6200,6200,6200,143,0,220.0,820.3042803223935,86.87065995763987,6214.09710199805,157.0
1785385957,32,total,S1,0.300000,0.000000,18000,18000,21000,21000,21000,21000,21000,21000,21000,21000,21000,143,0,7900.0,8140.543459432274,1225.9388089878485,21054.425266978797,256.0
1785385957,32,TTFT,S2,1.100000,0.000000,3500,3800,4100,4500,4600,6100,6100,6100,6100,6100,6100,414,0,300.0,1040.6943704534472,132.84717197529972,6137.453943025321,1153.0
1785385957,32,total,S2,1.100000,0.000000,18000,20000,20000,20000,21000,22000,22000,22000,22000,22000,22000,414,0,6500.0,8059.445539222955,1273.4447169932537,22338.58512097504,256.0
1785385957,32,TTFT,S3,0.300000,0.000000,3800,4900,5700,5700,5900,5900,5900,5900,5900,5900,5900,203,0,2600.0,3816.1488307922104,2292.0104970107786,12347.627809969708,9649.0
1785385957,32,total,S3,0.300000,0.000000,20000,21000,21000,21000,22000,22000,22000,22000,22000,22000,22000,203,0,11000.0,10958.137607322937,3469.237338984385,21997.380317014176,256.0
1785385957,32,,Aggregated,3.400000,0.000000,13000,17000,19000,20000,21000,21000,22000,22000,22000,22000,22000,1520,0,3400.0,5294.76269495285,86.87065995763987,22338.58512097504,1745.4605263157894
1785385958,32,TTFT,S1,0.300000,0.000000,4100,4100,6200,6200,6200,6200,6200,6200,6200,6200,6200,143,0,220.0,820.3042803223935,86.87065995763987,6214.09710199805,157.0
1785385958,32,total,S1,0.300000,0.000000,18000,18000,21000,21000,21000,21000,21000,21000,21000,21000,21000,143,0,7900.0,8140.543459432274,1225.9388089878485,21054.425266978797,256.0
1785385958,32,TTFT,S2,1.100000,0.000000,3500,4000,4100,4500,4600,6100,6100,6100,6100,6100,6100,414,0,300.0,1040.6943704534472,132.84717197529972,6137.453943025321,1153.0
1785385958,32,total,S2,1.100000,0.000000,19000,20000,20000,20000,21000,22000,22000,22000,22000,22000,22000,414,0,6500.0,8059.445539222955,1273.4447169932537,22338.58512097504,256.0
1785385958,32,TTFT,S3,0.300000,0.000000,3800,4900,5700,5700,5900,5900,5900,5900,5900,5900,5900,203,0,2600.0,3816.1488307922104,2292.0104970107786,12347.627809969708,9649.0
1785385958,32,total,S3,0.300000,0.000000,20000,21000,21000,21000,22000,22000,22000,22000,22000,22000,22000,203,0,11000.0,10958.137607322937,3469.237338984385,21997.380317014176,256.0
1785385958,32,,Aggregated,3.400000,0.000000,13000,17000,20000,20000,21000,21000,22000,22000,22000,22000,22000,1520,0,3400.0,5294.76269495285,86.87065995763987,22338.58512097504,1745.4605263157894
1785385959,32,TTFT,S1,0.300000,0.000000,4100,4100,6200,6200,6200,6200,6200,6200,6200,6200,6200,143,0,220.0,820.3042803223935,86.87065995763987,6214.09710199805,157.0
1785385959,32,total,S1,0.300000,0.000000,18000,18000,21000,21000,21000,21000,21000,21000,21000,21000,21000,143,0,7900.0,8140.543459432274,1225.9388089878485,21054.425266978797,256.0
1785385959,32,TTFT,S2,1.100000,0.000000,3800,4100,4500,4500,4600,6100,6100,6100,6100,6100,6100,414,0,300.0,1040.6943704534472,132.84717197529972,6137.453943025321,1153.0
1785385959,32,total,S2,1.100000,0.000000,16000,20000,20000,20000,21000,22000,22000,22000,22000,22000,22000,414,0,6500.0,8059.445539222955,1273.4447169932537,22338.58512097504,256.0
1785385959,32,TTFT,S3,0.300000,0.000000,3800,4900,5700,5700,5900,5900,5900,5900,5900,5900,5900,203,0,2600.0,3816.1488307922104,2292.0104970107786,12347.627809969708,9649.0
1785385959,32,total,S3,0.300000,0.000000,20000,21000,21000,21000,22000,22000,22000,22000,22000,22000,22000,203,0,11000.0,10958.137607322937,3469.237338984385,21997.380317014176,256.0
1785385959,32,,Aggregated,3.400000,0.000000,13000,16000,19000,20000,21000,22000,22000,22000,22000,22000,22000,1520,0,3400.0,5294.76269495285,86.87065995763987,22338.58512097504,1745.4605263157894
1785385960,32,TTFT,S1,0.300000,0.000000,4100,4100,6200,6200,6200,6200,6200,6200,6200,6200,6200,143,0,220.0,820.3042803223935,86.87065995763987,6214.09710199805,157.0
1785385960,32,total,S1,0.300000,0.000000,18000,18000,21000,21000,21000,21000,21000,21000,21000,21000,21000,143,0,7900.0,8140.543459432274,1225.9388089878485,21054.425266978797,256.0
1785385960,32,TTFT,S2,1.100000,0.000000,3800,4100,4500,4500,4600,6100,6100,6100,6100,6100,6100,414,0,300.0,1040.6943704534472,132.84717197529972,6137.453943025321,1153.0
1785385960,32,total,S2,1.100000,0.000000,16000,20000,20000,20000,21000,22000,22000,22000,22000,22000,22000,414,0,6500.0,8059.445539222955,1273.4447169932537,22338.58512097504,256.0
1785385960,32,TTFT,S3,0.300000,0.000000,3800,4900,5700,5700,5900,5900,5900,5900,5900,5900,5900,203,0,2600.0,3816.1488307922104,2292.0104970107786,12347.627809969708,9649.0
1785385960,32,total,S3,0.300000,0.000000,20000,21000,21000,21000,22000,22000,22000,22000,22000,22000,22000,203,0,11000.0,10958.137607322937,3469.237338984385,21997.380317014176,256.0
1785385960,32,,Aggregated,3.400000,0.000000,13000,16000,19000,20000,21000,22000,22000,22000,22000,22000,22000,1520,0,3400.0,5294.76269495285,86.87065995763987,22338.58512097504,1745.4605263157894
1785385961,32,TTFT,S1,0.300000,0.000000,6200,6200,6200,6200,6200,6200,6200,6200,6200,6200,6200,143,0,220.0,820.3042803223935,86.87065995763987,6214.09710199805,157.0
1785385961,32,total,S1,0.300000,0.000000,21000,21000,21000,21000,21000,21000,21000,21000,21000,21000,21000,143,0,7900.0,8140.543459432274,1225.9388089878485,21054.425266978797,256.0
1785385961,32,TTFT,S2,1.100000,0.000000,3500,3800,4000,4100,6100,6100,6100,6100,6100,6100,6100,414,0,300.0,1040.6943704534472,132.84717197529972,6137.453943025321,1153.0
1785385961,32,total,S2,1.100000,0.000000,16000,16000,19000,20000,22000,22000,22000,22000,22000,22000,22000,414,0,6500.0,8059.445539222955,1273.4447169932537,22338.58512097504,256.0
1785385961,32,TTFT,S3,0.300000,0.000000,3800,4900,5700,5700,5900,5900,5900,5900,5900,5900,5900,203,0,2600.0,3816.1488307922104,2292.0104970107786,12347.627809969708,9649.0
1785385961,32,total,S3,0.300000,0.000000,20000,21000,21000,21000,22000,22000,22000,22000,22000,22000,22000,203,0,11000.0,10958.137607322937,3469.237338984385,21997.380317014176,256.0
1785385961,32,,Aggregated,3.400000,0.000000,13000,16000,17000,17000,21000,22000,22000,22000,22000,22000,22000,1520,0,3400.0,5294.76269495285,86.87065995763987,22338.58512097504,1745.4605263157894
1785385962,32,TTFT,S1,0.300000,0.000000,6200,6200,6200,6200,6200,6200,6200,6200,6200,6200,6200,143,0,220.0,820.3042803223935,86.87065995763987,6214.09710199805,157.0
1785385962,32,total,S1,0.300000,0.000000,21000,21000,21000,21000,21000,21000,21000,21000,21000,21000,21000,143,0,7900.0,8140.543459432274,1225.9388089878485,21054.425266978797,256.0
1785385962,32,TTFT,S2,1.100000,0.000000,3500,3800,4000,4100,6100,6100,6100,6100,6100,6100,6100,414,0,300.0,1040.6943704534472,132.84717197529972,6137.453943025321,1153.0
1785385962,32,total,S2,1.100000,0.000000,16000,16000,19000,20000,22000,22000,22000,22000,22000,22000,22000,414,0,6500.0,8059.445539222955,1273.4447169932537,22338.58512097504,256.0
1785385962,32,TTFT,S3,0.300000,0.000000,3800,5700,5700,5900,5900,5900,5900,5900,5900,5900,5900,203,0,2600.0,3816.1488307922104,2292.0104970107786,12347.627809969708,9649.0
1785385962,32,total,S3,0.300000,0.000000,17000,21000,21000,22000,22000,22000,22000,22000,22000,22000,22000,203,0,11000.0,10958.137607322937,3469.237338984385,21997.380317014176,256.0
1785385962,32,,Aggregated,3.400000,0.000000,13000,16000,17000,17000,21000,22000,22000,22000,22000,22000,22000,1520,0,3400.0,5294.76269495285,86.87065995763987,22338.58512097504,1745.4605263157894
1785385963,32,TTFT,S1,0.200000,0.000000,6200,6200,6200,6200,6200,6200,6200,6200,6200,6200,6200,143,0,220.0,820.3042803223935,86.87065995763987,6214.09710199805,157.0
1785385963,32,total,S1,0.200000,0.000000,21000,21000,21000,21000,21000,21000,21000,21000,21000,21000,21000,143,0,7900.0,8140.543459432274,1225.9388089878485,21054.425266978797,256.0
1785385963,32,TTFT,S2,1.100000,0.000000,3500,3500,3800,4000,4100,4100,4100,4100,4100,4100,4100,416,0,300.0,1047.5408527566358,132.84717197529972,6137.453943025321,1153.0
1785385963,32,total,S2,1.100000,0.000000,16000,17000,17000,19000,20000,20000,20000,20000,20000,20000,20000,416,0,6500.0,8103.239874678576,1273.4447169932537,22338.58512097504,256.0
1785385963,32,TTFT,S3,0.700000,0.000000,3800,3800,5700,5700,5900,5900,5900,5900,5900,5900,5900,204,0,2600.0,3810.375970043299,2292.0104970107786,12347.627809969708,9649.0
1785385963,32,total,S3,0.700000,0.000000,17000,17000,21000,21000,22000,22000,22000,22000,22000,22000,22000,204,0,11000.0,10989.040526208484,3469.237338984385,21997.380317014176,256.0
1785385963,32,,Aggregated,4.000000,0.000000,13000,16000,17000,17000,20000,21000,22000,22000,22000,22000,22000,1526,0,3400.0,5312.717545631282,86.87065995763987,22338.58512097504,1746.935124508519
1785385964,32,TTFT,S1,0.200000,0.000000,6200,6200,6200,6200,6200,6200,6200,6200,6200,6200,6200,143,0,220.0,820.3042803223935,86.87065995763987,6214.09710199805,157.0
1785385964,32,total,S1,0.200000,0.000000,21000,21000,21000,21000,21000,21000,21000,21000,21000,21000,21000,143,0,7900.0,8140.543459432274,1225.9388089878485,21054.425266978797,256.0
1785385964,32,TTFT,S2,1.100000,0.000000,3500,3500,3800,4000,4100,4100,4100,4100,4100,4100,4100,416,0,300.0,1047.5408527566358,132.84717197529972,6137.453943025321,1153.0
1785385964,32,total,S2,1.100000,0.000000,16000,17000,17000,19000,20000,20000,20000,20000,20000,20000,20000,416,0,6500.0,8103.239874678576,1273.4447169932537,22338.58512097504,256.0
1785385964,32,TTFT,S3,0.700000,0.000000,3800,5700,5700,5900,5900,5900,5900,5900,5900,5900,5900,204,0,2600.0,3810.375970043299,2292.0104970107786,12347.627809969708,9649.0
1785385964,32,total,S3,0.700000,0.000000,17000,17000,17000,22000,22000,22000,22000,22000,22000,22000,22000,204,0,11000.0,10989.040526208484,3469.237338984385,21997.380317014176,256.0
1785385964,32,,Aggregated,4.000000,0.000000,13000,16000,17000,17000,19000,21000,22000,22000,22000,22000,22000,1526,0,3400.0,5312.717545631282,86.87065995763987,22338.58512097504,1746.935124508519
1785385965,32,TTFT,S1,0.200000,0.000000,3900,3900,4100,4100,4100,4100,4100,4100,4100,4100,4100,145,0,230.0,849.1737004285196,86.87065995763987,6214.09710199805,157.0
1785385965,32,total,S1,0.200000,0.000000,17000,17000,18000,18000,18000,18000,18000,18000,18000,18000,18000,145,0,7900.0,8269.65125646073,1225.9388089878485,21054.425266978797,256.0
1785385965,32,TTFT,S2,1.000000,0.000000,2500,3500,3500,3500,3800,3800,3800,3800,3800,3800,3800,419,0,300.0,1059.273010660474,132.84717197529972,6137.453943025321,1153.0
1785385965,32,total,S2,1.000000,0.000000,16000,17000,17000,17000,17000,18000,18000,18000,18000,18000,18000,419,0,6500.0,8169.454304423063,1273.4447169932537,22338.58512097504,256.0
1785385965,32,TTFT,S3,0.600000,0.000000,4100,4100,5700,5700,5700,5700,5700,5700,5700,5700,5700,205,0,2600.0,3811.5756776479143,2292.0104970107786,12347.627809969708,9649.0
1785385965,32,total,S3,0.600000,0.000000,17000,17000,19000,19000,19000,19000,19000,19000,19000,19000,19000,205,0,11000.0,11026.142967397505,3469.237338984385,21997.380317014176,256.0
1785385965,32,,Aggregated,3.600000,0.000000,13000,16000,17000,17000,17000,18000,19000,19000,19000,19000,19000,1538,0,3400.0,5351.624633292108,86.87065995763987,22338.58512097504,1743.0305591677504
1785385966,32,TTFT,S1,0.200000,0.000000,3900,3900,4100,4100,4100,4100,4100,4100,4100,4100,4100,145,0,230.0,849.1737004285196,86.87065995763987,6214.09710199805,157.0
1785385966,32,total,S1,0.200000,0.000000,17000,17000,18000,18000,18000,18000,18000,18000,18000,18000,18000,145,0,7900.0,8269.65125646073,1225.9388089878485,21054.425266978797,256.0
1785385966,32,TTFT,S2,1.000000,0.000000,2500,3500,3500,3500,3800,3800,3800,3800,3800,3800,3800,419,0,300.0,1059.273010660474,132.84717197529972,6137.453943025321,1153.0
1785385966,32,total,S2,1.000000,0.000000,16000,17000,17000,17000,17000,18000,18000,18000,18000,18000,18000,419,0,6500.0,8169.454304423063,1273.4447169932537,22338.58512097504,256.0
1785385966,32,TTFT,S3,0.600000,0.000000,4100,4100,5700,5700,5700,5700,5700,5700,5700,5700,5700,205,0,2600.0,3811.5756776479143,2292.0104970107786,12347.627809969708,9649.0
1785385966,32,total,S3,0.600000,0.000000,17000,17000,19000,19000,19000,19000,19000,19000,19000,19000,19000,205,0,11000.0,11026.142967397505,3469.237338984385,21997.380317014176,256.0
1785385966,32,,Aggregated,3.600000,0.000000,13000,16000,17000,17000,17000,18000,19000,19000,19000,19000,19000,1538,0,3400.0,5351.624633292108,86.87065995763987,22338.58512097504,1743.0305591677504
1785385967,32,TTFT,S1,0.200000,0.000000,3900,3900,4100,4100,4100,4100,4100,4100,4100,4100,4100,145,0,230.0,849.1737004285196,86.87065995763987,6214.09710199805,157.0
1785385967,32,total,S1,0.200000,0.000000,17000,17000,18000,18000,18000,18000,18000,18000,18000,18000,18000,145,0,7900.0,8269.65125646073,1225.9388089878485,21054.425266978797,256.0
1785385967,32,TTFT,S2,1.000000,0.000000,2500,3500,3500,3500,3800,3800,3800,3800,3800,3800,3800,419,0,300.0,1059.273010660474,132.84717197529972,6137.453943025321,1153.0
1785385967,32,total,S2,1.000000,0.000000,16000,17000,17000,17000,17000,18000,18000,18000,18000,18000,18000,419,0,6500.0,8169.454304423063,1273.4447169932537,22338.58512097504,256.0
1785385967,32,TTFT,S3,0.600000,0.000000,4100,4100,5700,5700,5700,5700,5700,5700,5700,5700,5700,205,0,2600.0,3811.5756776479143,2292.0104970107786,12347.627809969708,9649.0
1785385967,32,total,S3,0.600000,0.000000,17000,17000,19000,19000,19000,19000,19000,19000,19000,19000,19000,205,0,11000.0,11026.142967397505,3469.237338984385,21997.380317014176,256.0
1785385967,32,,Aggregated,3.600000,0.000000,13000,16000,17000,17000,17000,18000,19000,19000,19000,19000,19000,1538,0,3400.0,5351.624633292108,86.87065995763987,22338.58512097504,1743.0305591677504
1785385968,32,TTFT,S1,0.400000,0.000000,3900,3900,4100,4100,4100,4100,4100,4100,4100,4100,4100,145,0,230.0,849.1737004285196,86.87065995763987,6214.09710199805,157.0
1785385968,32,total,S1,0.400000,0.000000,17000,17000,18000,18000,18000,18000,18000,18000,18000,18000,18000,145,0,7900.0,8269.65125646073,1225.9388089878485,21054.425266978797,256.0
1785385968,32,TTFT,S2,1.200000,0.000000,2500,3500,3500,3500,3800,3800,3800,3800,3800,3800,3800,421,0,300.0,1067.4208832416361,132.84717197529972,6137.453943025321,1153.0
1785385968,32,total,S2,1.200000,0.000000,17000,17000,17000,17000,18000,18000,18000,18000,18000,18000,18000,421,0,6600.0,8212.78797272032,1273.4447169932537,22338.58512097504,256.0
1785385968,32,TTFT,S3,0.600000,0.000000,4100,4700,4700,5700,5700,5700,5700,5700,5700,5700,5700,206,0,2600.0,3815.7378617322042,2292.0104970107786,12347.627809969708,9649.0
1785385968,32,total,S3,0.600000,0.000000,17000,19000,19000,19000,19000,19000,19000,19000,19000,19000,19000,206,0,11000.0,11065.738975021817,3469.237338984385,21997.380317014176,256.0
1785385968,32,,Aggregated,4.400000,0.000000,13000,16000,17000,17000,18000,18000,19000,19000,19000,19000,19000,1544,0,3500.0,5372.267989300687,86.87065995763987,22338.58512097504,1744.4974093264248
1785385969,32,TTFT,S1,0.200000,0.000000,3900,3900,4100,4100,4100,4100,4100,4100,4100,4100,4100,145,0,230.0,849.1737004285196,86.87065995763987,6214.09710199805,157.0
1785385969,32,total,S1,0.200000,0.000000,17000,17000,18000,18000,18000,18000,18000,18000,18000,18000,18000,145,0,7900.0,8269.65125646073,1225.9388089878485,21054.425266978797,256.0
1785385969,32,TTFT,S2,0.500000,0.000000,2500,2500,3100,3100,3800,3800,3800,3800,3800,3800,3800,421,0,300.0,1067.4208832416361,132.84717197529972,6137.453943025321,1153.0
1785385969,32,total,S2,0.500000,0.000000,17000,17000,18000,18000,18000,18000,18000,18000,18000,18000,18000,421,0,6600.0,8212.78797272032,1273.4447169932537,22338.58512097504,256.0
1785385969,32,TTFT,S3,0.200000,0.000000,4700,4700,5000,5000,5000,5000,5000,5000,5000,5000,5000,207,0,2600.0,3821.2205718880505,2292.0104970107786,12347.627809969708,9649.0
1785385969,32,total,S3,0.200000,0.000000,19000,19000,19000,19000,19000,19000,19000,19000,19000,19000,19000,207,0,11000.0,11106.061808644863,3469.237338984385,21997.380317014176,256.0
1785385969,32,,Aggregated,1.800000,0.000000,17000,17000,17000,18000,19000,19000,19000,19000,19000,19000,19000,1546,0,3500.0,5381.0769727550105,86.87065995763987,22338.58512097504,1748.6474773609314
1785385970,32,TTFT,S1,0.200000,0.000000,3900,3900,3900,3900,3900,3900,3900,3900,3900,3900,3900,145,0,230.0,849.1737004285196,86.87065995763987,6214.09710199805,157.0
1785385970,32,total,S1,0.200000,0.000000,18000,18000,18000,18000,18000,18000,18000,18000,18000,18000,18000,145,0,7900.0,8269.65125646073,1225.9388089878485,21054.425266978797,256.0
1785385970,32,TTFT,S2,0.500000,0.000000,2500,2500,3100,3100,3800,3800,3800,3800,3800,3800,3800,421,0,300.0,1067.4208832416361,132.84717197529972,6137.453943025321,1153.0
1785385970,32,total,S2,0.500000,0.000000,17000,17000,18000,18000,18000,18000,18000,18000,18000,18000,18000,421,0,6600.0,8212.78797272032,1273.4447169932537,22338.58512097504,256.0
1785385970,32,TTFT,S3,0.200000,0.000000,4700,4700,5000,5000,5000,5000,5000,5000,5000,5000,5000,207,0,2600.0,3821.2205718880505,2292.0104970107786,12347.627809969708,9649.0
1785385970,32,total,S3,0.200000,0.000000,19000,19000,19000,19000,19000,19000,19000,19000,19000,19000,19000,207,0,11000.0,11106.061808644863,3469.237338984385,21997.380317014176,256.0
1785385970,32,,Aggregated,1.800000,0.000000,17000,17000,17000,18000,19000,19000,19000,19000,19000,19000,19000,1546,0,3500.0,5381.0769727550105,86.87065995763987,22338.58512097504,1748.6474773609314
1785385971,32,TTFT,S1,0.200000,0.000000,3900,3900,3900,3900,3900,3900,3900,3900,3900,3900,3900,145,0,230.0,849.1737004285196,86.87065995763987,6214.09710199805,157.0
1785385971,32,total,S1,0.200000,0.000000,18000,18000,18000,18000,18000,18000,18000,18000,18000,18000,18000,145,0,7900.0,8269.65125646073,1225.9388089878485,21054.425266978797,256.0
1785385971,32,TTFT,S2,0.700000,0.000000,2500,3100,3700,3700,3800,3800,3800,3800,3800,3800,3800,423,0,300.0,1079.906141101003,132.84717197529972,6137.453943025321,1153.0
1785385971,32,total,S2,0.700000,0.000000,17000,18000,18000,20000,20000,20000,20000,20000,20000,20000,20000,423,0,6600.0,8267.202116444985,1273.4447169932537,22338.58512097504,256.0
1785385971,32,TTFT,S3,0.300000,0.000000,4700,4700,5000,5000,5000,5000,5000,5000,5000,5000,5000,207,0,2600.0,3821.2205718880505,2292.0104970107786,12347.627809969708,9649.0
1785385971,32,total,S3,0.300000,0.000000,19000,19000,19000,19000,19000,19000,19000,19000,19000,19000,19000,207,0,11000.0,11106.061808644863,3469.237338984385,21997.380317014176,256.0
1785385971,32,,Aggregated,2.400000,0.000000,17000,17000,18000,18000,19000,20000,20000,20000,20000,20000,20000,1550,0,3500.0,5397.421848039494,86.87065995763987,22338.58512097504,1745.9529032258065
1785385972,32,TTFT,S1,0.200000,0.000000,3900,3900,3900,3900,3900,3900,3900,3900,3900,3900,3900,145,0,230.0,849.1737004285196,86.87065995763987,6214.09710199805,157.0
1785385972,32,total,S1,0.200000,0.000000,18000,18000,18000,18000,18000,18000,18000,18000,18000,18000,18000,145,0,7900.0,8269.65125646073,1225.9388089878485,21054.425266978797,256.0
1785385972,32,TTFT,S2,0.700000,0.000000,2500,3100,3700,3700,3800,3800,3800,3800,3800,3800,3800,423,0,300.0,1079.906141101003,132.84717197529972,6137.453943025321,1153.0
1785385972,32,total,S2,0.700000,0.000000,17000,18000,18000,20000,20000,20000,20000,20000,20000,20000,20000,423,0,6600.0,8267.202116444985,1273.4447169932537,22338.58512097504,256.0
1785385972,32,TTFT,S3,0.300000,0.000000,4700,4700,5000,5000,5000,5000,5000,5000,5000,5000,5000,207,0,2600.0,3821.2205718880505,2292.0104970107786,12347.627809969708,9649.0
1785385972,32,total,S3,0.300000,0.000000,19000,19000,19000,19000,19000,19000,19000,19000,19000,19000,19000,207,0,11000.0,11106.061808644863,3469.237338984385,21997.380317014176,256.0
1785385972,32,,Aggregated,2.400000,0.000000,17000,17000,18000,18000,19000,20000,20000,20000,20000,20000,20000,1550,0,3500.0,5397.421848039494,86.87065995763987,22338.58512097504,1745.9529032258065
1785385973,32,TTFT,S1,0.200000,0.000000,3900,3900,3900,3900,3900,3900,3900,3900,3900,3900,3900,145,0,230.0,849.1737004285196,86.87065995763987,6214.09710199805,157.0
1785385973,32,total,S1,0.200000,0.000000,18000,18000,18000,18000,18000,18000,18000,18000,18000,18000,18000,145,0,7900.0,8269.65125646073,1225.9388089878485,21054.425266978797,256.0
1785385973,32,TTFT,S2,0.900000,0.000000,3100,3700,3700,3800,4400,4400,4400,4400,4400,4400,4400,426,0,300.0,1091.004882783393,132.84717197529972,6137.453943025321,1153.0
1785385973,32,total,S2,0.900000,0.000000,19000,20000,20000,20000,22000,22000,22000,22000,22000,22000,22000,426,0,6700.0,8352.563310164916,1273.4447169932537,22338.58512097504,256.0
1785385973,32,TTFT,S3,0.400000,0.000000,4700,4700,5000,5000,5000,5000,5000,5000,5000,5000,5000,207,0,2600.0,3821.2205718880505,2292.0104970107786,12347.627809969708,9649.0
1785385973,32,total,S3,0.400000,0.000000,19000,19000,19000,19000,19000,19000,19000,19000,19000,19000,19000,207,0,11000.0,11106.061808644863,3469.237338984385,21997.380317014176,256.0
1785385973,32,,Aggregated,3.000000,0.000000,17000,18000,19000,19000,20000,20000,22000,22000,22000,22000,22000,1556,0,3500.0,5421.039281307995,86.87065995763987,22338.58512097504,1741.9370179948587
1785385974,32,TTFT,S1,0.200000,0.000000,1900,1900,3900,3900,3900,3900,3900,3900,3900,3900,3900,146,0,230.0,850.546944179183,86.87065995763987,6214.09710199805,157.0
1785385974,32,total,S1,0.200000,0.000000,18000,18000,19000,19000,19000,19000,19000,19000,19000,19000,19000,146,0,7900.0,8340.733334142635,1225.9388089878485,21054.425266978797,256.0
1785385974,32,TTFT,S2,0.900000,0.000000,2500,3100,3700,3700,4400,4400,4400,4400,4400,4400,4400,427,0,300.0,1090.607528383511,132.84717197529972,6137.453943025321,1153.0
1785385974,32,total,S2,0.900000,0.000000,19000,20000,20000,20000,22000,22000,22000,22000,22000,22000,22000,427,0,6700.0,8376.372951248784,1273.4447169932537,22338.58512097504,256.0
1785385974,32,TTFT,S3,0.400000,0.000000,4700,4700,5000,5000,5000,5000,5000,5000,5000,5000,5000,207,0,2600.0,3821.2205718880505,2292.0104970107786,12347.627809969708,9649.0
1785385974,32,total,S3,0.400000,0.000000,19000,19000,19000,19000,19000,19000,19000,19000,19000,19000,19000,207,0,11000.0,11106.061808644863,3469.237338984385,21997.380317014176,256.0
1785385974,32,,Aggregated,3.000000,0.000000,17000,19000,19000,19000,20000,20000,22000,22000,22000,22000,22000,1560,0,3500.0,5432.22758859506,86.87065995763987,22338.58512097504,1738.6384615384616
1785385975,32,TTFT,S1,0.200000,0.000000,1900,1900,3900,3900,3900,3900,3900,3900,3900,3900,3900,146,0,230.0,850.546944179183,86.87065995763987,6214.09710199805,157.0
1785385975,32,total,S1,0.200000,0.000000,18000,18000,19000,19000,19000,19000,19000,19000,19000,19000,19000,146,0,7900.0,8340.733334142635,1225.9388089878485,21054.425266978797,256.0
1785385975,32,TTFT,S2,0.900000,0.000000,2500,3100,3700,3700,4400,4400,4400,4400,4400,4400,4400,427,0,300.0,1090.607528383511,132.84717197529972,6137.453943025321,1153.0
1785385975,32,total,S2,0.900000,0.000000,19000,20000,20000,20000,22000,22000,22000,22000,22000,22000,22000,427,0,6700.0,8376.372951248784,1273.4447169932537,22338.58512097504,256.0
1785385975,32,TTFT,S3,0.400000,0.000000,5000,5000,5000,5000,5000,5000,5000,5000,5000,5000,5000,207,0,2600.0,3821.2205718880505,2292.0104970107786,12347.627809969708,9649.0
1785385975,32,total,S3,0.400000,0.000000,19000,19000,19000,19000,19000,19000,19000,19000,19000,19000,19000,207,0,11000.0,11106.061808644863,3469.237338984385,21997.380317014176,256.0
1785385975,32,,Aggregated,3.000000,0.000000,17000,19000,19000,19000,20000,20000,22000,22000,22000,22000,22000,1560,0,3500.0,5432.22758859506,86.87065995763987,22338.58512097504,1738.6384615384616
1785385976,32,TTFT,S1,0.200000,0.000000,1900,1900,3900,3900,3900,3900,3900,3900,3900,3900,3900,147,0,230.0,847.0368627494448,86.87065995763987,6214.09710199805,157.0
1785385976,32,total,S1,0.200000,0.000000,19000,19000,19000,19000,19000,19000,19000,19000,19000,19000,19000,147,0,7900.0,8415.910190434217,1225.9388089878485,21054.425266978797,256.0
1785385976,32,TTFT,S2,0.700000,0.000000,2400,3100,3700,3700,3700,4400,4400,4400,4400,4400,4400,430,0,300.0,1085.3172307390028,132.84717197529972,6137.453943025321,1153.0
1785385976,32,total,S2,0.700000,0.000000,20000,20000,20000,20000,20000,22000,22000,22000,22000,22000,22000,430,0,6800.0,8453.821689319298,1273.4447169932537,22338.58512097504,256.0
1785385976,32,TTFT,S3,0.300000,0.000000,5000,5000,5000,5000,5000,5000,5000,5000,5000,5000,5000,207,0,2600.0,3821.2205718880505,2292.0104970107786,12347.627809969708,9649.0
1785385976,32,total,S3,0.300000,0.000000,19000,19000,19000,19000,19000,19000,19000,19000,19000,19000,19000,207,0,11000.0,11106.061808644863,3469.237338984385,21997.380317014176,256.0
1785385976,32,,Aggregated,2.400000,0.000000,17000,19000,19000,20000,20000,20000,22000,22000,22000,22000,22000,1568,0,3500.0,5454.993880875885,86.87065995763987,22338.58512097504,1732.7270408163265
1785385977,32,TTFT,S1,0.100000,0.000000,1900,1900,3900,3900,3900,3900,3900,3900,3900,3900,3900,147,0,230.0,847.0368627494448,86.87065995763987,6214.09710199805,157.0
1785385977,32,total,S1,0.100000,0.000000,19000,19000,19000,19000,19000,19000,19000,19000,19000,19000,19000,147,0,7900.0,8415.910190434217,1225.9388089878485,21054.425266978797,256.0
1785385977,32,TTFT,S2,0.900000,0.000000,2400,2500,3700,3700,3700,4400,4400,4400,4400,4400,4400,431,0,300.0,1083.333304656179,132.84717197529972,6137.453943025321,1153.0
1785385977,32,total,S2,0.900000,0.000000,20000,20000,20000,20000,21000,22000,22000,22000,22000,22000,22000,431,0,6800.0,8482.803981320925,1273.4447169932537,22338.58512097504,256.0
1785385977,32,TTFT,S3,0.200000,0.000000,5000,5000,5000,5000,5000,5000,5000,5000,5000,5000,5000,207,0,2600.0,3821.2205718880505,2292.0104970107786,12347.627809969708,9649.0
1785385977,32,total,S3,0.200000,0.000000,19000,19000,19000,19000,19000,19000,19000,19000,19000,19000,19000,207,0,11000.0,11106.061808644863,3469.237338984385,21997.380317014176,256.0
1785385977,32,,Aggregated,2.400000,0.000000,17000,19000,19000,20000,20000,21000,22000,22000,22000,22000,22000,1570,0,3500.0,5461.532382066529,86.87065995763987,22338.58512097504,1731.4171974522294
1785385978,32,TTFT,S1,0.100000,0.000000,1000,1000,1000,1000,1000,1000,1000,1000,1000,1000,1000,147,0,230.0,847.0368627494448,86.87065995763987,6214.09710199805,157.0
1785385978,32,total,S1,0.100000,0.000000,19000,19000,19000,19000,19000,19000,19000,19000,19000,19000,19000,147,0,7900.0,8415.910190434217,1225.9388089878485,21054.425266978797,256.0
1785385978,32,TTFT,S2,0.900000,0.000000,1000,2500,3700,3700,4400,4400,4400,4400,4400,4400,4400,431,0,300.0,1083.333304656179,132.84717197529972,6137.453943025321,1153.0
1785385978,32,total,S2,0.900000,0.000000,20000,20000,20000,21000,22000,22000,22000,22000,22000,22000,22000,431,0,6800.0,8482.803981320925,1273.4447169932537,22338.58512097504,256.0
1785385978,32,TTFT,S3,0.200000,0.000000,5000,5000,5000,5000,5000,5000,5000,5000,5000,5000,5000,208,0,2600.0,3815.439444763727,2292.0104970107786,12347.627809969708,9649.0
1785385978,32,total,S3,0.200000,0.000000,22000,22000,22000,22000,22000,22000,22000,22000,22000,22000,22000,208,0,11000.0,11156.74215017078,3469.237338984385,21997.380317014176,256.0
1785385978,32,,Aggregated,2.400000,0.000000,19000,19000,20000,20000,21000,22000,22000,22000,22000,22000,22000,1572,0,3500.0,5470.020457264958,86.87065995763987,22338.58512097504,1735.5152671755725
1785385979,32,TTFT,S1,0.100000,0.000000,1000,1000,1000,1000,1000,1000,1000,1000,1000,1000,1000,147,0,230.0,847.0368627494448,86.87065995763987,6214.09710199805,157.0
1785385979,32,total,S1,0.100000,0.000000,19000,19000,19000,19000,19000,19000,19000,19000,19000,19000,19000,147,0,7900.0,8415.910190434217,1225.9388089878485,21054.425266978797,256.0
1785385979,32,TTFT,S2,0.900000,0.000000,1000,2500,3700,3700,4400,4400,4400,4400,4400,4400,4400,431,0,300.0,1083.333304656179,132.84717197529972,6137.453943025321,1153.0
1785385979,32,total,S2,0.900000,0.000000,20000,20000,20000,21000,22000,22000,22000,22000,22000,22000,22000,431,0,6800.0,8482.803981320925,1273.4447169932537,22338.58512097504,256.0
1785385979,32,TTFT,S3,0.200000,0.000000,5000,5000,5000,5000,5000,5000,5000,5000,5000,5000,5000,208,0,2600.0,3815.439444763727,2292.0104970107786,12347.627809969708,9649.0
1785385979,32,total,S3,0.200000,0.000000,22000,22000,22000,22000,22000,22000,22000,22000,22000,22000,22000,208,0,11000.0,11156.74215017078,3469.237338984385,21997.380317014176,256.0
1785385979,32,,Aggregated,2.400000,0.000000,19000,19000,20000,20000,21000,22000,22000,22000,22000,22000,22000,1572,0,3500.0,5470.020457264958,86.87065995763987,22338.58512097504,1735.5152671755725
1785385980,32,TTFT,S1,0.200000,0.000000,1000,1000,1000,1000,1000,1000,1000,1000,1000,1000,1000,147,0,230.0,847.0368627494448,86.87065995763987,6214.09710199805,157.0
1785385980,32,total,S1,0.200000,0.000000,19000,19000,19000,19000,19000,19000,19000,19000,19000,19000,19000,147,0,7900.0,8415.910190434217,1225.9388089878485,21054.425266978797,256.0
1785385980,32,TTFT,S2,1.100000,0.000000,2500,3700,3800,3800,3800,4400,4400,4400,4400,4400,4400,433,0,300.0,1095.7696057964163,132.84717197529972,6137.453943025321,1153.0
1785385980,32,total,S2,1.100000,0.000000,20000,20000,22000,22000,23000,23000,23000,23000,23000,23000,23000,433,0,7500.0,8548.790957287087,1273.4447169932537,22773.14381900942,256.0
1785385980,32,TTFT,S3,0.200000,0.000000,5000,5000,5900,5900,5900,5900,5900,5900,5900,5900,5900,209,0,2600.0,3825.3938610376968,2292.0104970107786,12347.627809969708,9649.0
1785385980,32,total,S3,0.200000,0.000000,22000,22000,23000,23000,23000,23000,23000,23000,23000,23000,23000,209,0,11000.0,11215.59308790691,3469.237338984385,23456.588137021754,256.0
1785385980,32,,Aggregated,3.000000,0.000000,19000,20000,20000,20000,22000,23000,23000,23000,23000,23000,23000,1578,0,3500.0,5501.46654813852,86.87065995763987,23456.588137021754,1736.9790874524715
1785385981,32,TTFT,S1,0.200000,0.000000,1000,1000,1000,1000,1000,1000,1000,1000,1000,1000,1000,147,0,230.0,847.0368627494448,86.87065995763987,6214.09710199805,157.0
1785385981,32,total,S1,0.200000,0.000000,19000,19000,19000,19000,19000,19000,19000,19000,19000,19000,19000,147,0,7900.0,8415.910190434217,1225.9388089878485,21054.425266978797,256.0
1785385981,32,TTFT,S2,1.000000,0.000000,1000,2500,3800,3800,4400,4400,4400,4400,4400,4400,4400,433,0,300.0,1095.7696057964163,132.84717197529972,6137.453943025321,1153.0
1785385981,32,total,S2,1.000000,0.000000,20000,21000,22000,23000,23000,23000,23000,23000,23000,23000,23000,433,0,7500.0,8548.790957287087,1273.4447169932537,22773.14381900942,256.0
1785385981,32,TTFT,S3,0.200000,0.000000,5900,5900,5900,5900,5900,5900,5900,5900,5900,5900,5900,210,0,2600.0,3835.4353870040673,2292.0104970107786,12347.627809969708,9649.0
1785385981,32,total,S3,0.200000,0.000000,23000,23000,25000,25000,25000,25000,25000,25000,25000,25000,25000,210,0,11000.0,11280.589113440476,3469.237338984385,24864.758449955843,256.0
1785385981,32,,Aggregated,2.800000,0.000000,19000,19000,20000,22000,23000,23000,25000,25000,25000,25000,25000,1580,0,3500.0,5513.995623877541,86.87065995763987,24864.758449955843,1741.0493670886076
1785385982,32,TTFT,S1,0.200000,0.000000,1000,1000,1000,1000,1000,1000,1000,1000,1000,1000,1000,147,0,230.0,847.0368627494448,86.87065995763987,6214.09710199805,157.0
1785385982,32,total,S1,0.200000,0.000000,19000,19000,19000,19000,19000,19000,19000,19000,19000,19000,19000,147,0,7900.0,8415.910190434217,1225.9388089878485,21054.425266978797,256.0
1785385982,32,TTFT,S2,1.000000,0.000000,1000,2500,3800,3800,4400,4400,4400,4400,4400,4400,4400,433,0,300.0,1095.7696057964163,132.84717197529972,6137.453943025321,1153.0
1785385982,32,total,S2,1.000000,0.000000,20000,21000,22000,23000,23000,23000,23000,23000,23000,23000,23000,433,0,7500.0,8548.790957287087,1273.4447169932537,22773.14381900942,256.0
1785385982,32,TTFT,S3,0.200000,0.000000,5900,5900,5900,5900,5900,5900,5900,5900,5900,5900,5900,210,0,2600.0,3835.4353870040673,2292.0104970107786,12347.627809969708,9649.0
1785385982,32,total,S3,0.200000,0.000000,23000,23000,25000,25000,25000,25000,25000,25000,25000,25000,25000,210,0,11000.0,11280.589113440476,3469.237338984385,24864.758449955843,256.0
1785385982,32,,Aggregated,2.800000,0.000000,19000,19000,20000,22000,23000,23000,25000,25000,25000,25000,25000,1580,0,3500.0,5513.995623877541,86.87065995763987,24864.758449955843,1741.0493670886076
1785385983,32,TTFT,S1,0.200000,0.000000,1000,1000,1800,1800,1800,1800,1800,1800,1800,1800,1800,148,0,230.0,853.5159828457541,86.87065995763987,6214.09710199805,157.0
1785385983,32,total,S1,0.200000,0.000000,19000,19000,21000,21000,21000,21000,21000,21000,21000,21000,21000,148,0,7900.0,8500.67694696505,1225.9388089878485,21054.425266978797,256.0
1785385983,32,TTFT,S2,1.000000,0.000000,1000,3800,3800,3800,3800,4400,4400,4400,4400,4400,4400,434,0,300.0,1101.9349364120694,132.84717197529972,6137.453943025321,1153.0
1785385983,32,total,S2,1.000000,0.000000,20000,22000,23000,23000,23000,27000,27000,27000,27000,27000,27000,434,0,7500.0,8590.277203452324,1273.4447169932537,26553.82179300068,256.0
1785385983,32,TTFT,S3,0.200000,0.000000,5900,5900,7500,7500,7500,7500,7500,7500,7500,7500,7500,211,0,2600.0,3852.8656113497755,2292.0104970107786,12347.627809969708,9649.0
1785385983,32,total,S3,0.200000,0.000000,25000,25000,27000,27000,27000,27000,27000,27000,27000,27000,27000,211,0,11000.0,11353.476487523578,3469.237338984385,26659.82504497515,256.0
1785385983,32,,Aggregated,2.800000,0.000000,19000,20000,21000,22000,23000,27000,27000,27000,27000,27000,27000,1586,0,3500.0,5548.158136932804,86.87065995763987,26659.82504497515,1741.856872635561
1785385984,32,TTFT,S1,0.200000,0.000000,1800,1800,2300,2300,2300,2300,2300,2300,2300,2300,2300,149,0,230.0,863.4269925650059,86.87065995763987,6214.09710199805,157.0
1785385984,32,total,S1,0.200000,0.000000,21000,21000,21000,21000,21000,21000,21000,21000,21000,21000,21000,149,0,8000.0,8587.75404909307,1225.9388089878485,21475.165164039936,256.0
1785385984,32,TTFT,S2,1.000000,0.000000,330,2300,3800,3800,3800,3800,3800,3800,3800,3800,3800,438,0,300.0,1099.0659168899617,132.84717197529972,6137.453943025321,1153.0
1785385984,32,total,S2,1.000000,0.000000,20000,21000,23000,23000,23000,27000,27000,27000,27000,27000,27000,438,0,7900.0,8694.321094692385,1273.4447169932537,26553.82179300068,256.0
1785385984,32,TTFT,S3,0.200000,0.000000,5900,5900,7500,7500,7500,7500,7500,7500,7500,7500,7500,211,0,2600.0,3852.8656113497755,2292.0104970107786,12347.627809969708,9649.0
1785385984,32,total,S3,0.200000,0.000000,25000,25000,27000,27000,27000,27000,27000,27000,27000,27000,27000,211,0,11000.0,11353.476487523578,3469.237338984385,26659.82504497515,256.0
1785385984,32,,Aggregated,2.800000,0.000000,19000,20000,21000,21000,23000,27000,27000,27000,27000,27000,27000,1596,0,3500.0,5580.368213748373,86.87065995763987,26659.82504497515,1734.733082706767
1785385985,32,TTFT,S1,0.200000,0.000000,1800,1800,2300,2300,2300,2300,2300,2300,2300,2300,2300,149,0,230.0,863.4269925650059,86.87065995763987,6214.09710199805,157.0
1785385985,32,total,S1,0.200000,0.000000,21000,21000,21000,21000,21000,21000,21000,21000,21000,21000,21000,149,0,8000.0,8587.75404909307,1225.9388089878485,21475.165164039936,256.0
1785385985,32,TTFT,S2,1.000000,0.000000,330,2300,3800,3800,3800,3800,3800,3800,3800,3800,3800,438,0,300.0,1099.0659168899617,132.84717197529972,6137.453943025321,1153.0
1785385985,32,total,S2,1.000000,0.000000,20000,21000,23000,23000,23000,27000,27000,27000,27000,27000,27000,438,0,7900.0,8694.321094692385,1273.4447169932537,26553.82179300068,256.0
1785385985,32,TTFT,S3,0.300000,0.000000,5900,5900,5900,5900,7500,7500,7500,7500,7500,7500,7500,213,0,2600.0,3849.2276602243774,2292.0104970107786,12347.627809969708,9649.0
1785385985,32,total,S3,0.300000,0.000000,23000,23000,25000,25000,27000,27000,27000,27000,27000,27000,27000,213,0,11000.0,11437.875358556166,3469.237338984385,26659.82504497515,256.0
1785385985,32,,Aggregated,3.000000,0.000000,19000,20000,21000,21000,23000,27000,27000,27000,27000,27000,27000,1600,0,3500.0,5596.176518300237,86.87065995763987,26659.82504497515,1742.7775
1785385986,32,TTFT,S1,0.200000,0.000000,1800,1800,2300,2300,2300,2300,2300,2300,2300,2300,2300,149,0,230.0,863.4269925650059,86.87065995763987,6214.09710199805,157.0
1785385986,32,total,S1,0.200000,0.000000,21000,21000,21000,21000,21000,21000,21000,21000,21000,21000,21000,149,0,8000.0,8587.75404909307,1225.9388089878485,21475.165164039936,256.0
1785385986,32,TTFT,S2,1.000000,0.000000,2300,3800,3800,3800,3800,3800,3800,3800,3800,3800,3800,438,0,300.0,1099.0659168899617,132.84717197529972,6137.453943025321,1153.0
1785385986,32,total,S2,1.000000,0.000000,21000,23000,23000,23000,27000,27000,27000,27000,27000,27000,27000,438,0,7900.0,8694.321094692385,1273.4447169932537,26553.82179300068,256.0
1785385986,32,TTFT,S3,0.300000,0.000000,5900,5900,5900,5900,7500,7500,7500,7500,7500,7500,7500,213,0,2600.0,3849.2276602243774,2292.0104970107786,12347.627809969708,9649.0
1785385986,32,total,S3,0.300000,0.000000,23000,23000,25000,25000,27000,27000,27000,27000,27000,27000,27000,213,0,11000.0,11437.875358556166,3469.237338984385,26659.82504497515,256.0
1785385986,32,,Aggregated,3.000000,0.000000,19000,21000,21000,22000,23000,27000,27000,27000,27000,27000,27000,1600,0,3500.0,5596.176518300237,86.87065995763987,26659.82504497515,1742.7775
1785385987,32,TTFT,S1,0.300000,0.000000,2300,2300,3300,3300,3300,3300,3300,3300,3300,3300,3300,150,0,230.0,879.9494377946636,86.87065995763987,6214.09710199805,157.0
1785385987,32,total,S1,0.300000,0.000000,21000,21000,21000,21000,21000,21000,21000,21000,21000,21000,21000,150,0,8000.0,8659.790832505872,1225.9388089878485,21475.165164039936,256.0
1785385987,32,TTFT,S2,1.100000,0.000000,2300,3600,3800,3800,3800,3800,3800,3800,3800,3800,3800,439,0,300.0,1104.7830395029268,132.84717197529972,6137.453943025321,1153.0
1785385987,32,total,S2,1.100000,0.000000,21000,21000,23000,23000,27000,27000,27000,27000,27000,27000,27000,439,0,8000.0,8719.14862494588,1273.4447169932537,26553.82179300068,256.0
1785385987,32,TTFT,S3,0.400000,0.000000,5800,5900,5900,5900,7500,7500,7500,7500,7500,7500,7500,214,0,2600.0,3858.197617709308,2292.0104970107786,12347.627809969708,9649.0
1785385987,32,total,S3,0.400000,0.000000,22000,23000,25000,25000,27000,27000,27000,27000,27000,27000,27000,214,0,11000.0,11486.075648076714,3469.237338984385,26659.82504497515,256.0
1785385987,32,,Aggregated,3.600000,0.000000,19000,21000,21000,22000,23000,27000,27000,27000,27000,27000,27000,1606,0,3500.0,5621.0096638333225,86.87065995763987,26659.82504497515,1743.5684931506848
1785385988,32,TTFT,S1,0.300000,0.000000,2300,2300,3300,3300,3300,3300,3300,3300,3300,3300,3300,150,0,230.0,879.9494377946636,86.87065995763987,6214.09710199805,157.0
1785385988,32,total,S1,0.300000,0.000000,21000,21000,21000,21000,21000,21000,21000,21000,21000,21000,21000,150,0,8000.0,8659.790832505872,1225.9388089878485,21475.165164039936,256.0
1785385988,32,TTFT,S2,1.100000,0.000000,3600,3800,3800,3800,3800,3800,3800,3800,3800,3800,3800,439,0,300.0,1104.7830395029268,132.84717197529972,6137.453943025321,1153.0
1785385988,32,total,S2,1.100000,0.000000,21000,23000,23000,23000,27000,27000,27000,27000,27000,27000,27000,439,0,8000.0,8719.14862494588,1273.4447169932537,26553.82179300068,256.0
1785385988,32,TTFT,S3,0.400000,0.000000,5900,5900,5900,5900,7500,7500,7500,7500,7500,7500,7500,214,0,2600.0,3858.197617709308,2292.0104970107786,12347.627809969708,9649.0
1785385988,32,total,S3,0.400000,0.000000,23000,23000,25000,25000,27000,27000,27000,27000,27000,27000,27000,214,0,11000.0,11486.075648076714,3469.237338984385,26659.82504497515,256.0
1785385988,32,,Aggregated,3.600000,0.000000,19000,20000,21000,22000,23000,27000,27000,27000,27000,27000,27000,1606,0,3500.0,5621.0096638333225,86.87065995763987,26659.82504497515,1743.5684931506848
1785385989,32,TTFT,S1,0.200000,0.000000,2300,2300,3300,3300,3300,3300,3300,3300,3300,3300,3300,150,0,230.0,879.9494377946636,86.87065995763987,6214.09710199805,157.0
1785385989,32,total,S1,0.200000,0.000000,21000,21000,21000,21000,21000,21000,21000,21000,21000,21000,21000,150,0,8000.0,8659.790832505872,1225.9388089878485,21475.165164039936,256.0
1785385989,32,TTFT,S2,0.800000,0.000000,3600,3800,3800,3800,3800,3800,3800,3800,3800,3800,3800,439,0,300.0,1104.7830395029268,132.84717197529972,6137.453943025321,1153.0
1785385989,32,total,S2,0.800000,0.000000,21000,23000,23000,23000,27000,27000,27000,27000,27000,27000,27000,439,0,8000.0,8719.14862494588,1273.4447169932537,26553.82179300068,256.0
1785385989,32,TTFT,S3,0.600000,0.000000,5800,5900,5900,5900,7500,7500,7500,7500,7500,7500,7500,215,0,2600.0,3865.009441519925,2292.0104970107786,12347.627809969708,9649.0
1785385989,32,total,S3,0.600000,0.000000,22000,23000,25000,25000,27000,27000,27000,27000,27000,27000,27000,215,0,11000.0,11532.485325178835,3469.237338984385,26659.82504497515,256.0
1785385989,32,,Aggregated,3.200000,0.000000,19000,20000,21000,21000,23000,27000,27000,27000,27000,27000,27000,1608,0,3500.0,5630.67687567061,86.87065995763987,26659.82504497515,1747.5597014925372
1785385990,32,TTFT,S1,0.300000,0.000000,2500,2500,3300,3300,3300,3300,3300,3300,3300,3300,3300,151,0,240.0,890.5669255309356,86.87065995763987,6214.09710199805,157.0
1785385990,32,total,S1,0.300000,0.000000,21000,21000,21000,21000,21000,21000,21000,21000,21000,21000,21000,151,0,8000.0,8725.937270356608,1225.9388089878485,21475.165164039936,256.0
1785385990,32,TTFT,S2,0.900000,0.000000,3400,3600,3800,3800,3800,3800,3800,3800,3800,3800,3800,440,0,300.0,1109.9713113767475,132.84717197529972,6137.453943025321,1153.0
1785385990,32,total,S2,0.900000,0.000000,20000,21000,23000,23000,27000,27000,27000,27000,27000,27000,27000,440,0,8000.0,8745.285360364174,1273.4447169932537,26553.82179300068,256.0
1785385990,32,TTFT,S3,0.700000,0.000000,5800,5800,5900,5900,7500,7500,7500,7500,7500,7500,7500,215,0,2600.0,3865.009441519925,2292.0104970107786,12347.627809969708,9649.0
1785385990,32,total,S3,0.700000,0.000000,22000,22000,25000,25000,27000,27000,27000,27000,27000,27000,27000,215,0,11000.0,11532.485325178835,3469.237338984385,26659.82504497515,256.0
1785385990,32,,Aggregated,3.800000,0.000000,19000,20000,21000,21000,22000,27000,27000,27000,27000,27000,27000,1612,0,3500.0,5644.458091802268,86.87065995763987,26659.82504497515,1744.3535980148883
1785385991,32,TTFT,S1,0.300000,0.000000,2500,2500,3300,3300,3300,3300,3300,3300,3300,3300,3300,151,0,240.0,890.5669255309356,86.87065995763987,6214.09710199805,157.0
1785385991,32,total,S1,0.300000,0.000000,21000,21000,21000,21000,21000,21000,21000,21000,21000,21000,21000,151,0,8000.0,8725.937270356608,1225.9388089878485,21475.165164039936,256.0
1785385991,32,TTFT,S2,0.900000,0.000000,2300,3400,3600,3600,3800,3800,3800,3800,3800,3800,3800,440,0,300.0,1109.9713113767475,132.84717197529972,6137.453943025321,1153.0
1785385991,32,total,S2,0.900000,0.000000,20000,20000,21000,21000,27000,27000,27000,27000,27000,27000,27000,440,0,8000.0,8745.285360364174,1273.4447169932537,26553.82179300068,256.0
1785385991,32,TTFT,S3,0.700000,0.000000,5800,5800,5900,5900,7500,7500,7500,7500,7500,7500,7500,215,0,2600.0,3865.009441519925,2292.0104970107786,12347.627809969708,9649.0
1785385991,32,total,S3,0.700000,0.000000,22000,22000,25000,25000,27000,27000,27000,27000,27000,27000,27000,215,0,11000.0,11532.485325178835,3469.237338984385,26659.82504497515,256.0
1785385991,32,,Aggregated,3.800000,0.000000,19000,20000,21000,21000,22000,27000,27000,27000,27000,27000,27000,1612,0,3500.0,5644.458091802268,86.87065995763987,26659.82504497515,1744.3535980148883
1785385992,32,TTFT,S1,0.300000,0.000000,3300,3300,3500,3500,3900,3900,3900,3900,3900,3900,3900,153,0,240.0,927.6731996808438,86.87065995763987,6214.09710199805,157.0
1785385992,32,total,S1,0.300000,0.000000,19000,19000,21000,21000,21000,21000,21000,21000,21000,21000,21000,153,0,8000.0,8852.384027815728,1225.9388089878485,21475.165164039936,256.0
1785385992,32,TTFT,S2,0.800000,0.000000,2500,3400,3600,3600,3800,3800,3800,3800,3800,3800,3800,441,0,300.0,1113.1298556321199,132.84717197529972,6137.453943025321,1153.0
1785385992,32,total,S2,0.800000,0.000000,20000,20000,21000,21000,27000,27000,27000,27000,27000,27000,27000,441,0,8000.0,8767.538094238691,1273.4447169932537,26553.82179300068,256.0
1785385992,32,TTFT,S3,0.700000,0.000000,4900,5300,5800,5800,7500,7500,7500,7500,7500,7500,7500,217,0,2700.0,3871.2994613631604,2292.0104970107786,12347.627809969708,9649.0
1785385992,32,total,S3,0.700000,0.000000,21000,21000,22000,22000,27000,27000,27000,27000,27000,27000,27000,217,0,11000.0,11609.531740564371,3469.237338984385,26659.82504497515,256.0
1785385992,32,,Aggregated,3.600000,0.000000,18000,19000,20000,21000,21000,22000,27000,27000,27000,27000,27000,1622,0,3500.0,5680.063928802882,86.87065995763987,26659.82504497515,1747.1905055487052
1785385993,32,TTFT,S1,0.400000,0.000000,3500,3900,4300,4300,5600,5600,5600,5600,5600,5600,5600,155,0,240.0,979.1814409496803,86.87065995763987,6214.09710199805,157.0
1785385993,32,total,S1,0.400000,0.000000,19000,19000,21000,21000,21000,21000,21000,21000,21000,21000,21000,155,0,8000.0,8960.62147910857,1225.9388089878485,21475.165164039936,256.0
1785385993,32,TTFT,S2,0.700000,0.000000,3600,3900,4100,4100,5100,5800,5800,5800,5800,5800,5800,446,0,300.0,1152.2908079052384,132.84717197529972,6137.453943025321,1153.0
1785385993,32,total,S2,0.700000,0.000000,19000,19000,20000,20000,21000,27000,27000,27000,27000,27000,27000,446,0,8000.0,8834.657812892901,1273.4447169932537,26553.82179300068,256.0
1785385993,32,TTFT,S3,0.600000,0.000000,5300,5800,5800,5900,6000,6000,6000,6000,6000,6000,6000,220,0,2700.0,3898.8429218128495,2292.0104970107786,12347.627809969708,9649.0
1785385993,32,total,S3,0.600000,0.000000,20000,21000,21000,21000,22000,22000,22000,22000,22000,22000,22000,220,0,11000.0,11688.121741247596,3469.237338984385,26659.82504497515,256.0
1785385993,32,,Aggregated,3.400000,0.000000,14000,17000,19000,19000,20000,21000,22000,22000,22000,22000,22000,1642,0,3500.0,5739.330550157306,86.87065995763987,26659.82504497515,1748.799634591961
1785385994,32,TTFT,S1,0.400000,0.000000,3900,3900,4300,4300,5600,5600,5600,5600,5600,5600,5600,155,0,240.0,979.1814409496803,86.87065995763987,6214.09710199805,157.0
1785385994,32,total,S1,0.400000,0.000000,19000,19000,19000,19000,19000,19000,19000,19000,19000,19000,19000,155,0,8000.0,8960.62147910857,1225.9388089878485,21475.165164039936,256.0
1785385994,32,TTFT,S2,0.700000,0.000000,3400,3900,4100,4100,5100,5800,5800,5800,5800,5800,5800,451,0,300.0,1152.8202255491112,132.84717197529972,6137.453943025321,1153.0
1785385994,32,total,S2,0.700000,0.000000,14000,15000,17000,19000,20000,20000,20000,20000,20000,20000,20000,451,0,8000.0,8853.712694064565,1273.4447169932537,26553.82179300068,256.0
1785385994,32,TTFT,S3,0.600000,0.000000,5800,5800,5900,5900,6000,6000,6000,6000,6000,6000,6000,220,0,2700.0,3898.8429218128495,2292.0104970107786,12347.627809969708,9649.0
1785385994,32,total,S3,0.600000,0.000000,21000,21000,21000,21000,22000,22000,22000,22000,22000,22000,22000,220,0,11000.0,11688.121741247596,3469.237338984385,26659.82504497515,256.0
1785385994,32,,Aggregated,3.400000,0.000000,9700,15000,17000,19000,20000,21000,21000,22000,22000,22000,22000,1652,0,3500.0,5740.162242874149,86.87065995763987,26659.82504497515,1742.4782082324455
1785385995,32,TTFT,S1,0.400000,0.000000,3900,3900,4300,4300,5600,5600,5600,5600,5600,5600,5600,155,0,240.0,979.1814409496803,86.87065995763987,6214.09710199805,157.0
1785385995,32,total,S1,0.400000,0.000000,19000,19000,19000,19000,19000,19000,19000,19000,19000,19000,19000,155,0,8000.0,8960.62147910857,1225.9388089878485,21475.165164039936,256.0
1785385995,32,TTFT,S2,0.700000,0.000000,3400,3900,4100,4100,5100,5800,5800,5800,5800,5800,5800,451,0,300.0,1152.8202255491112,132.84717197529972,6137.453943025321,1153.0
1785385995,32,total,S2,0.700000,0.000000,14000,15000,17000,19000,20000,20000,20000,20000,20000,20000,20000,451,0,8000.0,8853.712694064565,1273.4447169932537,26553.82179300068,256.0
1785385995,32,TTFT,S3,0.600000,0.000000,5800,5800,5900,5900,6000,6000,6000,6000,6000,6000,6000,220,0,2700.0,3898.8429218128495,2292.0104970107786,12347.627809969708,9649.0
1785385995,32,total,S3,0.600000,0.000000,19000,21000,21000,21000,22000,22000,22000,22000,22000,22000,22000,220,0,11000.0,11688.121741247596,3469.237338984385,26659.82504497515,256.0
1785385995,32,,Aggregated,3.400000,0.000000,9700,15000,17000,19000,19000,21000,21000,22000,22000,22000,22000,1652,0,3500.0,5740.162242874149,86.87065995763987,26659.82504497515,1742.4782082324455
1785385996,32,TTFT,S1,0.400000,0.000000,3900,3900,4300,4300,5600,5600,5600,5600,5600,5600,5600,155,0,240.0,979.1814409496803,86.87065995763987,6214.09710199805,157.0
1785385996,32,total,S1,0.400000,0.000000,19000,19000,19000,19000,19000,19000,19000,19000,19000,19000,19000,155,0,8000.0,8960.62147910857,1225.9388089878485,21475.165164039936,256.0
1785385996,32,TTFT,S2,0.700000,0.000000,3400,3900,4100,4100,5100,5800,5800,5800,5800,5800,5800,451,0,300.0,1152.8202255491112,132.84717197529972,6137.453943025321,1153.0
1785385996,32,total,S2,0.700000,0.000000,14000,15000,17000,19000,20000,20000,20000,20000,20000,20000,20000,451,0,8000.0,8853.712694064565,1273.4447169932537,26553.82179300068,256.0
1785385996,32,TTFT,S3,0.600000,0.000000,5800,5800,5900,5900,6000,6000,6000,6000,6000,6000,6000,220,0,2700.0,3898.8429218128495,2292.0104970107786,12347.627809969708,9649.0
1785385996,32,total,S3,0.600000,0.000000,19000,21000,21000,21000,22000,22000,22000,22000,22000,22000,22000,220,0,11000.0,11688.121741247596,3469.237338984385,26659.82504497515,256.0
1785385996,32,,Aggregated,3.400000,0.000000,9700,15000,17000,19000,19000,21000,21000,22000,22000,22000,22000,1652,0,3500.0,5740.162242874149,86.87065995763987,26659.82504497515,1742.4782082324455
1785385997,32,TTFT,S1,0.400000,0.000000,3900,4300,4300,5600,5600,5600,5600,5600,5600,5600,5600,155,0,240.0,979.1814409496803,86.87065995763987,6214.09710199805,157.0
1785385997,32,total,S1,0.400000,0.000000,18000,19000,19000,19000,19000,19000,19000,19000,19000,19000,19000,155,0,8000.0,8960.62147910857,1225.9388089878485,21475.165164039936,256.0
1785385997,32,TTFT,S2,0.700000,0.000000,3400,3900,4100,4100,5100,5800,5800,5800,5800,5800,5800,451,0,300.0,1152.8202255491112,132.84717197529972,6137.453943025321,1153.0
1785385997,32,total,S2,0.700000,0.000000,14000,14000,17000,17000,19000,20000,20000,20000,20000,20000,20000,451,0,8000.0,8853.712694064565,1273.4447169932537,26553.82179300068,256.0
1785385997,32,TTFT,S3,0.600000,0.000000,5800,5800,5900,5900,6000,6000,6000,6000,6000,6000,6000,220,0,2700.0,3898.8429218128495,2292.0104970107786,12347.627809969708,9649.0
1785385997,32,total,S3,0.600000,0.000000,19000,19000,21000,21000,21000,21000,21000,21000,21000,21000,21000,220,0,11000.0,11688.121741247596,3469.237338984385,26659.82504497515,256.0
1785385997,32,,Aggregated,3.400000,0.000000,9700,14000,17000,17000,19000,20000,21000,21000,21000,21000,21000,1652,0,3500.0,5740.162242874149,86.87065995763987,26659.82504497515,1742.4782082324455
1785385998,32,TTFT,S1,0.400000,0.000000,3900,4300,4300,5600,5600,5600,5600,5600,5600,5600,5600,155,0,240.0,979.1814409496803,86.87065995763987,6214.09710199805,157.0
1785385998,32,total,S1,0.400000,0.000000,18000,19000,19000,19000,19000,19000,19000,19000,19000,19000,19000,155,0,8000.0,8960.62147910857,1225.9388089878485,21475.165164039936,256.0
1785385998,32,TTFT,S2,0.700000,0.000000,3400,3900,4100,4100,5100,5800,5800,5800,5800,5800,5800,451,0,300.0,1152.8202255491112,132.84717197529972,6137.453943025321,1153.0
1785385998,32,total,S2,0.700000,0.000000,14000,14000,17000,17000,19000,20000,20000,20000,20000,20000,20000,451,0,8000.0,8853.712694064565,1273.4447169932537,26553.82179300068,256.0
1785385998,32,TTFT,S3,0.600000,0.000000,5800,5800,5900,5900,6000,6000,6000,6000,6000,6000,6000,220,0,2700.0,3898.8429218128495,2292.0104970107786,12347.627809969708,9649.0
1785385998,32,total,S3,0.600000,0.000000,19000,19000,21000,21000,21000,21000,21000,21000,21000,21000,21000,220,0,11000.0,11688.121741247596,3469.237338984385,26659.82504497515,256.0
1785385998,32,,Aggregated,3.400000,0.000000,9700,14000,17000,17000,19000,19000,21000,21000,21000,21000,21000,1652,0,3500.0,5740.162242874149,86.87065995763987,26659.82504497515,1742.4782082324455
1785385999,32,TTFT,S1,0.400000,0.000000,3900,4300,4300,5600,5600,5600,5600,5600,5600,5600,5600,155,0,240.0,979.1814409496803,86.87065995763987,6214.09710199805,157.0
1785385999,32,total,S1,0.400000,0.000000,18000,19000,19000,19000,19000,19000,19000,19000,19000,19000,19000,155,0,8000.0,8960.62147910857,1225.9388089878485,21475.165164039936,256.0
1785385999,32,TTFT,S2,0.700000,0.000000,3400,3900,4100,4100,5100,5800,5800,5800,5800,5800,5800,451,0,300.0,1152.8202255491112,132.84717197529972,6137.453943025321,1153.0
1785385999,32,total,S2,0.700000,0.000000,14000,14000,17000,17000,19000,20000,20000,20000,20000,20000,20000,451,0,8000.0,8853.712694064565,1273.4447169932537,26553.82179300068,256.0
1785385999,32,TTFT,S3,0.600000,0.000000,5800,5900,5900,6000,6000,6000,6000,6000,6000,6000,6000,220,0,2700.0,3898.8429218128495,2292.0104970107786,12347.627809969708,9649.0
1785385999,32,total,S3,0.600000,0.000000,19000,19000,19000,21000,21000,21000,21000,21000,21000,21000,21000,220,0,11000.0,11688.121741247596,3469.237338984385,26659.82504497515,256.0
1785385999,32,,Aggregated,3.400000,0.000000,9700,14000,17000,17000,19000,19000,21000,21000,21000,21000,21000,1652,0,3500.0,5740.162242874149,86.87065995763987,26659.82504497515,1742.4782082324455
1785386000,32,TTFT,S1,0.400000,0.000000,4300,4300,5600,5600,5600,5600,5600,5600,5600,5600,5600,155,0,240.0,979.1814409496803,86.87065995763987,6214.09710199805,157.0
1785386000,32,total,S1,0.400000,0.000000,18000,18000,19000,19000,19000,19000,19000,19000,19000,19000,19000,155,0,8000.0,8960.62147910857,1225.9388089878485,21475.165164039936,256.0
1785386000,32,TTFT,S2,0.700000,0.000000,2800,4100,4100,4100,5100,5800,5800,5800,5800,5800,5800,451,0,300.0,1152.8202255491112,132.84717197529972,6137.453943025321,1153.0
1785386000,32,total,S2,0.700000,0.000000,14000,14000,15000,15000,17000,19000,19000,19000,19000,19000,19000,451,0,8000.0,8853.712694064565,1273.4447169932537,26553.82179300068,256.0
1785386000,32,TTFT,S3,0.600000,0.000000,5800,5900,5900,6000,6000,6000,6000,6000,6000,6000,6000,220,0,2700.0,3898.8429218128495,2292.0104970107786,12347.627809969708,9649.0
1785386000,32,total,S3,0.600000,0.000000,19000,19000,19000,21000,21000,21000,21000,21000,21000,21000,21000,220,0,11000.0,11688.121741247596,3469.237338984385,26659.82504497515,256.0
1785386000,32,,Aggregated,3.400000,0.000000,9700,14000,17000,17000,19000,19000,21000,21000,21000,21000,21000,1652,0,3500.0,5740.162242874149,86.87065995763987,26659.82504497515,1742.4782082324455
1785386001,32,TTFT,S1,0.500000,0.000000,4300,4300,5600,5600,5600,5600,5600,5600,5600,5600,5600,156,0,240.0,979.0268301361581,86.87065995763987,6214.09710199805,157.0
1785386001,32,total,S1,0.500000,0.000000,17000,17000,17000,17000,17000,17000,17000,17000,17000,17000,17000,156,0,8000.0,9013.256273909252,1225.9388089878485,21475.165164039936,256.0
1785386001,32,TTFT,S2,1.200000,0.000000,3900,4100,4100,5100,5800,5800,5800,5800,5800,5800,5800,451,0,300.0,1152.8202255491112,132.84717197529972,6137.453943025321,1153.0
1785386001,32,total,S2,1.200000,0.000000,14000,14000,14000,15000,17000,17000,17000,17000,17000,17000,17000,451,0,8000.0,8853.712694064565,1273.4447169932537,26553.82179300068,256.0
1785386001,32,TTFT,S3,0.600000,0.000000,5900,5900,6000,6000,6000,6000,6000,6000,6000,6000,6000,220,0,2700.0,3898.8429218128495,2292.0104970107786,12347.627809969708,9649.0
1785386001,32,total,S3,0.600000,0.000000,17000,17000,19000,19000,19000,19000,19000,19000,19000,19000,19000,220,0,11000.0,11688.121741247596,3469.237338984385,26659.82504497515,256.0
1785386001,32,,Aggregated,4.600000,0.000000,9700,14000,15000,16000,17000,17000,19000,19000,19000,19000,19000,1654,0,3500.0,5744.180614782436,86.87065995763987,26659.82504497515,1740.6209189842805
1785386002,32,TTFT,S1,0.500000,0.000000,4300,4300,5600,5600,5600,5600,5600,5600,5600,5600,5600,156,0,240.0,979.0268301361581,86.87065995763987,6214.09710199805,157.0
1785386002,32,total,S1,0.500000,0.000000,17000,17000,17000,17000,17000,17000,17000,17000,17000,17000,17000,156,0,8000.0,9013.256273909252,1225.9388089878485,21475.165164039936,256.0
1785386002,32,TTFT,S2,1.200000,0.000000,3000,3900,4100,4100,5100,5100,5100,5100,5100,5100,5100,452,0,300.0,1156.8130076430434,132.84717197529972,6137.453943025321,1153.0
1785386002,32,total,S2,1.200000,0.000000,14000,14000,14000,15000,17000,17000,17000,17000,17000,17000,17000,452,0,8000.0,8872.827352876353,1273.4447169932537,26553.82179300068,256.0
1785386002,32,TTFT,S3,0.500000,0.000000,5900,5900,6000,6000,6000,6000,6000,6000,6000,6000,6000,221,0,2700.0,3895.1651430083016,2292.0104970107786,12347.627809969708,9649.0
1785386002,32,total,S3,0.500000,0.000000,18000,18000,19000,19000,19000,19000,19000,19000,19000,19000,19000,221,0,11000.0,11714.992770952293,3469.237338984385,26659.82504497515,256.0
1785386002,32,,Aggregated,4.400000,0.000000,9700,10000,14000,14000,17000,17000,18000,18000,18000,18000,18000,1658,0,3500.0,5755.1498830947785,86.87065995763987,26659.82504497515,1743.245476477684
1785386003,32,TTFT,S1,0.500000,0.000000,4300,4300,5600,5600,5600,5600,5600,5600,5600,5600,5600,156,0,240.0,979.0268301361581,86.87065995763987,6214.09710199805,157.0
1785386003,32,total,S1,0.500000,0.000000,17000,17000,17000,17000,17000,17000,17000,17000,17000,17000,17000,156,0,8000.0,9013.256273909252,1225.9388089878485,21475.165164039936,256.0
1785386003,32,TTFT,S2,1.100000,0.000000,3700,3900,4100,4100,4100,5100,5100,5100,5100,5100,5100,454,0,300.0,1168.7800080388772,132.84717197529972,6137.453943025321,1153.0
1785386003,32,total,S2,1.100000,0.000000,14000,14000,17000,17000,18000,18000,18000,18000,18000,18000,18000,454,0,8000.0,8914.21782569411,1273.4447169932537,26553.82179300068,256.0
1785386003,32,TTFT,S3,0.500000,0.000000,5800,5900,5900,6000,6000,6000,6000,6000,6000,6000,6000,222,0,2700.0,3899.3606806343614,2292.0104970107786,12347.627809969708,9649.0
1785386003,32,total,S3,0.500000,0.000000,18000,19000,19000,19000,19000,19000,19000,19000,19000,19000,19000,222,0,11000.0,11748.805795056034,3469.237338984385,26659.82504497515,256.0
1785386003,32,,Aggregated,4.200000,0.000000,9700,12000,14000,17000,18000,18000,19000,19000,19000,19000,19000,1664,0,3500.0,5775.462823527122,86.87065995763987,26659.82504497515,1744.6057692307693
1785386004,32,TTFT,S1,0.500000,0.000000,4300,4300,5600,5600,5600,5600,5600,5600,5600,5600,5600,156,0,240.0,979.0268301361581,86.87065995763987,6214.09710199805,157.0
1785386004,32,total,S1,0.500000,0.000000,17000,17000,17000,17000,17000,17000,17000,17000,17000,17000,17000,156,0,8000.0,9013.256273909252,1225.9388089878485,21475.165164039936,256.0
1785386004,32,TTFT,S2,1.100000,0.000000,3700,3900,4100,4100,4100,5100,5100,5100,5100,5100,5100,454,0,300.0,1168.7800080388772,132.84717197529972,6137.453943025321,1153.0
1785386004,32,total,S2,1.100000,0.000000,14000,14000,17000,17000,18000,18000,18000,18000,18000,18000,18000,454,0,8000.0,8914.21782569411,1273.4447169932537,26553.82179300068,256.0
1785386004,32,TTFT,S3,0.500000,0.000000,5800,5900,5900,6000,6000,6000,6000,6000,6000,6000,6000,222,0,2700.0,3899.3606806343614,2292.0104970107786,12347.627809969708,9649.0
1785386004,32,total,S3,0.500000,0.000000,18000,19000,19000,19000,19000,19000,19000,19000,19000,19000,19000,222,0,11000.0,11748.805795056034,3469.237338984385,26659.82504497515,256.0
1785386004,32,,Aggregated,4.200000,0.000000,9700,12000,14000,17000,18000,18000,19000,19000,19000,19000,19000,1664,0,3500.0,5775.462823527122,86.87065995763987,26659.82504497515,1744.6057692307693
1785386005,32,TTFT,S1,0.100000,0.000000,4300,4300,5600,5600,5600,5600,5600,5600,5600,5600,5600,157,0,240.0,985.3531715299216,86.87065995763987,6214.09710199805,157.0
1785386005,32,total,S1,0.100000,0.000000,17000,17000,18000,18000,18000,18000,18000,18000,18000,18000,18000,157,0,8100.0,9071.52089979507,1225.9388089878485,21475.165164039936,256.0
1785386005,32,TTFT,S2,1.000000,0.000000,3000,3900,4100,4100,4100,5100,5100,5100,5100,5100,5100,455,0,300.0,1170.9893328650692,132.84717197529972,6137.453943025321,1153.0
1785386005,32,total,S2,1.000000,0.000000,14000,15000,17000,18000,18000,18000,18000,18000,18000,18000,18000,455,0,8000.0,8934.979309173874,1273.4447169932537,26553.82179300068,256.0
1785386005,32,TTFT,S3,0.100000,0.000000,5800,5900,5900,6000,6000,6000,6000,6000,6000,6000,6000,222,0,2700.0,3899.3606806343614,2292.0104970107786,12347.627809969708,9649.0
1785386005,32,total,S3,0.100000,0.000000,18000,19000,19000,19000,19000,19000,19000,19000,19000,19000,19000,222,0,11000.0,11748.805795056034,3469.237338984385,26659.82504497515,256.0
1785386005,32,,Aggregated,2.400000,0.000000,9700,14000,15000,17000,18000,18000,19000,19000,19000,19000,19000,1668,0,3500.0,5785.993956192456,86.87065995763987,26659.82504497515,1741.5143884892086
1785386006,32,TTFT,S1,0.100000,0.000000,2000,2000,2000,2000,2000,2000,2000,2000,2000,2000,2000,157,0,240.0,985.3531715299216,86.87065995763987,6214.09710199805,157.0
1785386006,32,total,S1,0.100000,0.000000,18000,18000,18000,18000,18000,18000,18000,18000,18000,18000,18000,157,0,8100.0,9071.52089979507,1225.9388089878485,21475.165164039936,256.0
1785386006,32,TTFT,S2,1.000000,0.000000,3000,3900,4100,4100,4100,5100,5100,5100,5100,5100,5100,455,0,300.0,1170.9893328650692,132.84717197529972,6137.453943025321,1153.0
1785386006,32,total,S2,1.000000,0.000000,14000,15000,17000,18000,18000,18000,18000,18000,18000,18000,18000,455,0,8000.0,8934.979309173874,1273.4447169932537,26553.82179300068,256.0
1785386006,32,TTFT,S3,0.100000,0.000000,4100,4100,4800,4800,4800,4800,4800,4800,4800,4800,4800,223,0,2800.0,3900.2936255283894,2292.0104970107786,12347.627809969708,9649.0
1785386006,32,total,S3,0.100000,0.000000,19000,19000,19000,19000,19000,19000,19000,19000,19000,19000,19000,223,0,11000.0,11779.882925060356,3469.237338984385,26659.82504497515,256.0
1785386006,32,,Aggregated,2.400000,0.000000,17000,18000,18000,18000,19000,19000,19000,19000,19000,19000,19000,1670,0,3500.0,5792.709180902419,86.87065995763987,26659.82504497515,1745.3598802395209
1785386007,32,TTFT,S1,0.100000,0.000000,2000,2000,2000,2000,2000,2000,2000,2000,2000,2000,2000,157,0,240.0,985.3531715299216,86.87065995763987,6214.09710199805,157.0
1785386007,32,total,S1,0.100000,0.000000,18000,18000,18000,18000,18000,18000,18000,18000,18000,18000,18000,157,0,8100.0,9071.52089979507,1225.9388089878485,21475.165164039936,256.0
1785386007,32,TTFT,S2,1.000000,0.000000,3700,3700,4100,4100,4100,4100,4100,4100,4100,4100,4100,455,0,300.0,1170.9893328650692,132.84717197529972,6137.453943025321,1153.0
1785386007,32,total,S2,1.000000,0.000000,18000,18000,18000,18000,18000,18000,18000,18000,18000,18000,18000,455,0,8000.0,8934.979309173874,1273.4447169932537,26553.82179300068,256.0
1785386007,32,TTFT,S3,0.100000,0.000000,4100,4100,4800,4800,4800,4800,4800,4800,4800,4800,4800,223,0,2800.0,3900.2936255283894,2292.0104970107786,12347.627809969708,9649.0
1785386007,32,total,S3,0.100000,0.000000,19000,19000,19000,19000,19000,19000,19000,19000,19000,19000,19000,223,0,11000.0,11779.882925060356,3469.237338984385,26659.82504497515,256.0
1785386007,32,,Aggregated,2.400000,0.000000,17000,18000,18000,18000,19000,19000,19000,19000,19000,19000,19000,1670,0,3500.0,5792.709180902419,86.87065995763987,26659.82504497515,1745.3598802395209
1785386008,32,TTFT,S1,0.100000,0.000000,2000,2000,2000,2000,2000,2000,2000,2000,2000,2000,2000,157,0,240.0,985.3531715299216,86.87065995763987,6214.09710199805,157.0
1785386008,32,total,S1,0.100000,0.000000,18000,18000,18000,18000,18000,18000,18000,18000,18000,18000,18000,157,0,8100.0,9071.52089979507,1225.9388089878485,21475.165164039936,256.0
1785386008,32,TTFT,S2,0.300000,0.000000,3000,3100,3700,3700,4100,4100,4100,4100,4100,4100,4100,458,0,310.0,1181.3677201539635,132.84717197529972,6137.453943025321,1153.0
1785386008,32,total,S2,0.300000,0.000000,18000,19000,19000,19000,19000,19000,19000,19000,19000,19000,19000,458,0,8000.0,8999.785680823179,1273.4447169932537,26553.82179300068,256.0
1785386008,32,TTFT,S3,0.200000,0.000000,4100,4100,4800,4800,4800,4800,4800,4800,4800,4800,4800,223,0,2800.0,3900.2936255283894,2292.0104970107786,12347.627809969708,9649.0
1785386008,32,total,S3,0.200000,0.000000,19000,19000,19000,19000,19000,19000,19000,19000,19000,19000,19000,223,0,11000.0,11779.882925060356,3469.237338984385,26659.82504497515,256.0
1785386008,32,,Aggregated,1.200000,0.000000,17000,18000,18000,19000,19000,19000,19000,19000,19000,19000,19000,1676,0,3500.0,5810.606716961129,86.87065995763987,26659.82504497515,1741.6336515513126
1785386009,32,TTFT,S1,0.100000,0.000000,2000,2000,2000,2000,2000,2000,2000,2000,2000,2000,2000,157,0,240.0,985.3531715299216,86.87065995763987,6214.09710199805,157.0
1785386009,32,total,S1,0.100000,0.000000,18000,18000,18000,18000,18000,18000,18000,18000,18000,18000,18000,157,0,8100.0,9071.52089979507,1225.9388089878485,21475.165164039936,256.0
1785386009,32,TTFT,S2,0.300000,0.000000,3000,3100,3700,3700,4100,4100,4100,4100,4100,4100,4100,458,0,310.0,1181.3677201539635,132.84717197529972,6137.453943025321,1153.0
1785386009,32,total,S2,0.300000,0.000000,18000,19000,19000,19000,19000,19000,19000,19000,19000,19000,19000,458,0,8000.0,8999.785680823179,1273.4447169932537,26553.82179300068,256.0
1785386009,32,TTFT,S3,0.200000,0.000000,4100,4100,4800,4800,4800,4800,4800,4800,4800,4800,4800,223,0,2800.0,3900.2936255283894,2292.0104970107786,12347.627809969708,9649.0
1785386009,32,total,S3,0.200000,0.000000,19000,19000,19000,19000,19000,19000,19000,19000,19000,19000,19000,223,0,11000.0,11779.882925060356,3469.237338984385,26659.82504497515,256.0
1785386009,32,,Aggregated,1.200000,0.000000,17000,18000,18000,19000,19000,19000,19000,19000,19000,19000,19000,1676,0,3500.0,5810.606716961129,86.87065995763987,26659.82504497515,1741.6336515513126
1785386010,32,TTFT,S1,0.200000,0.000000,380,960,960,2000,2000,2000,2000,2000,2000,2000,2000,160,0,240.0,972.3207212260604,86.87065995763987,6214.09710199805,157.0
1785386010,32,total,S1,0.200000,0.000000,18000,18000,18000,18000,18000,18000,18000,18000,18000,18000,18000,160,0,8200.0,9239.212942342056,1225.9388089878485,21475.165164039936,256.0
1785386010,32,TTFT,S2,0.400000,0.000000,3000,3100,3700,3700,4100,4100,4100,4100,4100,4100,4100,459,0,310.0,1179.8147302276145,132.84717197529972,6137.453943025321,1153.0
1785386010,32,total,S2,0.400000,0.000000,18000,19000,19000,19000,19000,19000,19000,19000,19000,19000,19000,459,0,8000.0,9019.875578433534,1273.4447169932537,26553.82179300068,256.0
1785386010,32,TTFT,S3,0.300000,0.000000,4100,4100,4800,4800,4800,4800,4800,4800,4800,4800,4800,223,0,2800.0,3900.2936255283894,2292.0104970107786,12347.627809969708,9649.0
1785386010,32,total,S3,0.300000,0.000000,19000,19000,19000,19000,19000,19000,19000,19000,19000,19000,19000,223,0,11000.0,11779.882925060356,3469.237338984385,26659.82504497515,256.0
1785386010,32,,Aggregated,1.800000,0.000000,17000,18000,18000,18000,19000,19000,19000,19000,19000,19000,19000,1684,0,3500.0,5826.711762843031,86.87065995763987,26659.82504497515,1734.9323040380048
1785386011,32,TTFT,S1,0.200000,0.000000,380,960,960,2000,2000,2000,2000,2000,2000,2000,2000,160,0,240.0,972.3207212260604,86.87065995763987,6214.09710199805,157.0
1785386011,32,total,S1,0.200000,0.000000,18000,18000,18000,18000,18000,18000,18000,18000,18000,18000,18000,160,0,8200.0,9239.212942342056,1225.9388089878485,21475.165164039936,256.0
1785386011,32,TTFT,S2,0.400000,0.000000,3000,3100,3700,3700,4100,4100,4100,4100,4100,4100,4100,459,0,310.0,1179.8147302276145,132.84717197529972,6137.453943025321,1153.0
1785386011,32,total,S2,0.400000,0.000000,18000,19000,19000,19000,19000,19000,19000,19000,19000,19000,19000,459,0,8000.0,9019.875578433534,1273.4447169932537,26553.82179300068,256.0
1785386011,32,TTFT,S3,0.300000,0.000000,4100,4100,4800,4800,4800,4800,4800,4800,4800,4800,4800,223,0,2800.0,3900.2936255283894,2292.0104970107786,12347.627809969708,9649.0
1785386011,32,total,S3,0.300000,0.000000,19000,19000,19000,19000,19000,19000,19000,19000,19000,19000,19000,223,0,11000.0,11779.882925060356,3469.237338984385,26659.82504497515,256.0
1785386011,32,,Aggregated,1.800000,0.000000,17000,18000,18000,18000,19000,19000,19000,19000,19000,19000,19000,1684,0,3500.0,5826.711762843031,86.87065995763987,26659.82504497515,1734.9323040380048
1785386012,32,TTFT,S1,0.500000,0.000000,300,380,380,2000,2000,2000,2000,2000,2000,2000,2000,161,0,240.0,968.1377822684373,86.87065995763987,6214.09710199805,157.0
1785386012,32,total,S1,0.500000,0.000000,18000,18000,18000,20000,20000,20000,20000,20000,20000,20000,20000,161,0,9000.0,9303.982469458235,1225.9388089878485,21475.165164039936,256.0
1785386012,32,TTFT,S2,0.800000,0.000000,2600,2600,3100,3700,4100,4100,4100,4100,4100,4100,4100,461,0,310.0,1177.4203827580156,132.84717197529972,6137.453943025321,1153.0
1785386012,32,total,S2,0.800000,0.000000,19000,19000,19000,20000,20000,20000,20000,20000,20000,20000,20000,461,0,8000.0,9067.46918017132,1273.4447169932537,26553.82179300068,256.0
1785386012,32,TTFT,S3,0.300000,0.000000,4800,4800,4800,4800,4800,4800,4800,4800,4800,4800,4800,223,0,2800.0,3900.2936255283894,2292.0104970107786,12347.627809969708,9649.0
1785386012,32,total,S3,0.300000,0.000000,19000,19000,19000,19000,19000,19000,19000,19000,19000,19000,19000,223,0,11000.0,11779.882925060356,3469.237338984385,26659.82504497515,256.0
1785386012,32,,Aggregated,3.200000,0.000000,18000,18000,19000,19000,19000,20000,20000,20000,20000,20000,20000,1690,0,3500.0,5842.239538354861,86.87065995763987,26659.82504497515,1730.6846153846154
1785386013,32,TTFT,S1,0.500000,0.000000,300,380,380,2000,2000,2000,2000,2000,2000,2000,2000,161,0,240.0,968.1377822684373,86.87065995763987,6214.09710199805,157.0
1785386013,32,total,S1,0.500000,0.000000,18000,18000,18000,20000,20000,20000,20000,20000,20000,20000,20000,161,0,9000.0,9303.982469458235,1225.9388089878485,21475.165164039936,256.0
1785386013,32,TTFT,S2,0.800000,0.000000,2600,2600,3100,3700,4100,4100,4100,4100,4100,4100,4100,461,0,310.0,1177.4203827580156,132.84717197529972,6137.453943025321,1153.0
1785386013,32,total,S2,0.800000,0.000000,19000,19000,19000,20000,20000,20000,20000,20000,20000,20000,20000,461,0,8000.0,9067.46918017132,1273.4447169932537,26553.82179300068,256.0
1785386013,32,TTFT,S3,0.300000,0.000000,4800,4800,4800,4800,4800,4800,4800,4800,4800,4800,4800,223,0,2800.0,3900.2936255283894,2292.0104970107786,12347.627809969708,9649.0
1785386013,32,total,S3,0.300000,0.000000,19000,19000,19000,19000,19000,19000,19000,19000,19000,19000,19000,223,0,11000.0,11779.882925060356,3469.237338984385,26659.82504497515,256.0
1785386013,32,,Aggregated,3.200000,0.000000,18000,18000,19000,19000,19000,20000,20000,20000,20000,20000,20000,1690,0,3500.0,5842.239538354861,86.87065995763987,26659.82504497515,1730.6846153846154
1785386014,32,TTFT,S1,0.400000,0.000000,300,300,380,380,2000,2000,2000,2000,2000,2000,2000,164,0,240.0,955.0007722697578,86.87065995763987,6214.09710199805,157.0
1785386014,32,total,S1,0.400000,0.000000,20000,21000,21000,21000,21000,21000,21000,21000,21000,21000,21000,164,0,9300.0,9520.691319334352,1225.9388089878485,21475.165164039936,256.0
1785386014,32,TTFT,S2,0.700000,0.000000,2200,2600,2600,2600,3100,3100,3100,3100,3100,3100,3100,461,0,310.0,1177.4203827580156,132.84717197529972,6137.453943025321,1153.0
1785386014,32,total,S2,0.700000,0.000000,19000,19000,20000,20000,20000,20000,20000,20000,20000,20000,20000,461,0,8000.0,9067.46918017132,1273.4447169932537,26553.82179300068,256.0
1785386014,32,TTFT,S3,0.200000,0.000000,4100,4100,4100,4100,4100,4100,4100,4100,4100,4100,4100,223,0,2800.0,3900.2936255283894,2292.0104970107786,12347.627809969708,9649.0
1785386014,32,total,S3,0.200000,0.000000,19000,19000,19000,19000,19000,19000,19000,19000,19000,19000,19000,223,0,11000.0,11779.882925060356,3469.237338984385,26659.82504497515,256.0
1785386014,32,,Aggregated,2.600000,0.000000,18000,18000,19000,19000,20000,21000,21000,21000,21000,21000,21000,1696,0,3500.0,5859.42627494976,86.87065995763987,26659.82504497515,1725.2924528301887
1785386015,32,TTFT,S1,0.400000,0.000000,300,300,380,380,2000,2000,2000,2000,2000,2000,2000,164,0,240.0,955.0007722697578,86.87065995763987,6214.09710199805,157.0
1785386015,32,total,S1,0.400000,0.000000,20000,21000,21000,21000,21000,21000,21000,21000,21000,21000,21000,164,0,9300.0,9520.691319334352,1225.9388089878485,21475.165164039936,256.0
1785386015,32,TTFT,S2,0.700000,0.000000,2200,2600,2600,2600,3100,3100,3100,3100,3100,3100,3100,461,0,310.0,1177.4203827580156,132.84717197529972,6137.453943025321,1153.0
1785386015,32,total,S2,0.700000,0.000000,19000,19000,20000,20000,20000,20000,20000,20000,20000,20000,20000,461,0,8000.0,9067.46918017132,1273.4447169932537,26553.82179300068,256.0
1785386015,32,TTFT,S3,0.200000,0.000000,4100,4100,4100,4100,4100,4100,4100,4100,4100,4100,4100,223,0,2800.0,3900.2936255283894,2292.0104970107786,12347.627809969708,9649.0
1785386015,32,total,S3,0.200000,0.000000,19000,19000,19000,19000,19000,19000,19000,19000,19000,19000,19000,223,0,11000.0,11779.882925060356,3469.237338984385,26659.82504497515,256.0
1785386015,32,,Aggregated,2.600000,0.000000,18000,18000,19000,19000,20000,21000,21000,21000,21000,21000,21000,1696,0,3500.0,5859.42627494976,86.87065995763987,26659.82504497515,1725.2924528301887
1785386016,32,TTFT,S1,0.400000,0.000000,300,300,380,380,2000,2000,2000,2000,2000,2000,2000,164,0,240.0,955.0007722697578,86.87065995763987,6214.09710199805,157.0
1785386016,32,total,S1,0.400000,0.000000,20000,21000,21000,21000,21000,21000,21000,21000,21000,21000,21000,164,0,9300.0,9520.691319334352,1225.9388089878485,21475.165164039936,256.0
1785386016,32,TTFT,S2,0.700000,0.000000,2600,2600,2600,2600,3100,3100,3100,3100,3100,3100,3100,461,0,310.0,1177.4203827580156,132.84717197529972,6137.453943025321,1153.0
1785386016,32,total,S2,0.700000,0.000000,19000,19000,20000,20000,20000,20000,20000,20000,20000,20000,20000,461,0,8000.0,9067.46918017132,1273.4447169932537,26553.82179300068,256.0
1785386016,32,TTFT,S3,0.200000,0.000000,4100,4100,4100,4100,4100,4100,4100,4100,4100,4100,4100,223,0,2800.0,3900.2936255283894,2292.0104970107786,12347.627809969708,9649.0
1785386016,32,total,S3,0.200000,0.000000,19000,19000,19000,19000,19000,19000,19000,19000,19000,19000,19000,223,0,11000.0,11779.882925060356,3469.237338984385,26659.82504497515,256.0
1785386016,32,,Aggregated,2.600000,0.000000,18000,19000,19000,20000,21000,21000,21000,21000,21000,21000,21000,1696,0,3500.0,5859.42627494976,86.87065995763987,26659.82504497515,1725.2924528301887
1785386017,32,TTFT,S1,0.700000,0.000000,300,300,380,380,2200,2200,2200,2200,2200,2200,2200,165,0,240.0,962.363199449751,86.87065995763987,6214.09710199805,157.0
1785386017,32,total,S1,0.700000,0.000000,21000,21000,21000,21000,23000,23000,23000,23000,23000,23000,23000,165,0,9400.0,9602.733620659406,1225.9388089878485,23057.671037968248,256.0
1785386017,32,TTFT,S2,0.700000,0.000000,2600,2600,3100,3800,3800,3800,3800,3800,3800,3800,3800,464,0,310.0,1191.5166152250783,132.84717197529972,6137.453943025321,1153.0
1785386017,32,total,S2,0.700000,0.000000,20000,20000,23000,23000,23000,23000,23000,23000,23000,23000,23000,464,0,8000.0,9159.209514773776,1273.4447169932537,26553.82179300068,256.0
1785386017,32,TTFT,S3,0.100000,0.000000,4100,4100,4100,4100,4100,4100,4100,4100,4100,4100,4100,224,0,2700.0,3894.365823753885,2292.0104970107786,12347.627809969708,9649.0
1785386017,32,total,S3,0.100000,0.000000,23000,23000,23000,23000,23000,23000,23000,23000,23000,23000,23000,224,0,11000.0,11832.027922319217,3469.237338984385,26659.82504497515,256.0
1785386017,32,,Aggregated,3.000000,0.000000,18000,19000,20000,21000,23000,23000,23000,23000,23000,23000,23000,1706,0,3500.0,5901.92854557905,86.87065995763987,26659.82504497515,1723.7051582649472
1785386018,32,TTFT,S1,0.700000,0.000000,300,300,380,380,2200,2200,2200,2200,2200,2200,2200,165,0,240.0,962.363199449751,86.87065995763987,6214.09710199805,157.0
1785386018,32,total,S1,0.700000,0.000000,21000,21000,21000,21000,23000,23000,23000,23000,23000,23000,23000,165,0,9400.0,9602.733620659406,1225.9388089878485,23057.671037968248,256.0
1785386018,32,TTFT,S2,0.600000,0.000000,2500,2500,3800,3800,3800,3800,3800,3800,3800,3800,3800,464,0,310.0,1191.5166152250783,132.84717197529972,6137.453943025321,1153.0
1785386018,32,total,S2,0.600000,0.000000,23000,23000,23000,23000,23000,23000,23000,23000,23000,23000,23000,464,0,8000.0,9159.209514773776,1273.4447169932537,26553.82179300068,256.0
1785386018,32,TTFT,S3,0.000000,0.000000,4100,4100,5800,5800,5800,5800,5800,5800,5800,5800,5800,225,0,2800.0,3902.879305715,2292.0104970107786,12347.627809969708,9649.0
1785386018,32,total,S3,0.000000,0.000000,23000,23000,25000,25000,25000,25000,25000,25000,25000,25000,25000,225,0,11000.0,11890.860657664532,3469.237338984385,26659.82504497515,256.0
1785386018,32,,Aggregated,2.600000,0.000000,18000,20000,21000,21000,23000,23000,25000,25000,25000,25000,25000,1708,0,3500.0,5913.0968333711235,86.87065995763987,26659.82504497515,1727.4859484777517
1785386019,32,TTFT,S1,0.800000,0.000000,300,300,380,380,2200,2200,2200,2200,2200,2200,2200,165,0,240.0,962.363199449751,86.87065995763987,6214.09710199805,157.0
1785386019,32,total,S1,0.800000,0.000000,21000,21000,21000,21000,23000,23000,23000,23000,23000,23000,23000,165,0,9400.0,9602.733620659406,1225.9388089878485,23057.671037968248,256.0
1785386019,32,TTFT,S2,0.900000,0.000000,2500,3800,3800,3800,5500,5500,5500,5500,5500,5500,5500,465,0,310.0,1200.7236336677095,132.84717197529972,6137.453943025321,1153.0
1785386019,32,total,S2,0.900000,0.000000,23000,23000,23000,23000,25000,25000,25000,25000,25000,25000,25000,465,0,8000.0,9194.310509109797,1273.4447169932537,26553.82179300068,256.0
1785386019,32,TTFT,S3,0.100000,0.000000,6000,6000,7700,7700,9700,9700,9700,9700,9700,9700,9700,228,0,2800.0,3954.128726815454,2292.0104970107786,12347.627809969708,9649.0
1785386019,32,total,S3,0.100000,0.000000,25000,25000,25000,25000,26000,26000,26000,26000,26000,26000,26000,228,0,11000.0,12070.724517914769,3469.237338984385,26659.82504497515,256.0
1785386019,32,,Aggregated,3.600000,0.000000,18000,20000,23000,23000,25000,25000,26000,26000,26000,26000,26000,1716,0,3500.0,5961.88717453849,86.87065995763987,26659.82504497515,1737.56993006993
1785386020,0,TTFT,S1,0.800000,0.000000,290,300,300,2200,2200,2200,2200,2200,2200,2200,2200,165,0,240.0,962.363199449751,86.87065995763987,6214.09710199805,157.0
1785386020,0,total,S1,0.800000,0.000000,21000,21000,21000,23000,23000,23000,23000,23000,23000,23000,23000,165,0,9400.0,9602.733620659406,1225.9388089878485,23057.671037968248,256.0
1785386020,0,TTFT,S2,0.900000,0.000000,3800,3800,3800,3800,5500,5500,5500,5500,5500,5500,5500,465,0,310.0,1200.7236336677095,132.84717197529972,6137.453943025321,1153.0
1785386020,0,total,S2,0.900000,0.000000,23000,23000,23000,23000,25000,25000,25000,25000,25000,25000,25000,465,0,8000.0,9194.310509109797,1273.4447169932537,26553.82179300068,256.0
1785386020,0,TTFT,S3,0.100000,0.000000,6000,7700,7700,9700,9700,9700,9700,9700,9700,9700,9700,228,0,2800.0,3954.128726815454,2292.0104970107786,12347.627809969708,9649.0
1785386020,0,total,S3,0.100000,0.000000,25000,25000,25000,26000,26000,26000,26000,26000,26000,26000,26000,228,0,11000.0,12070.724517914769,3469.237338984385,26659.82504497515,256.0
1785386020,0,,Aggregated,3.600000,0.000000,20000,21000,23000,23000,25000,25000,26000,26000,26000,26000,26000,1716,0,3500.0,5961.88717453849,86.87065995763987,26659.82504497515,1737.56993006993
1785386021,0,TTFT,S1,0.800000,0.000000,290,300,300,2200,2200,2200,2200,2200,2200,2200,2200,165,0,240.0,962.363199449751,86.87065995763987,6214.09710199805,157.0
1785386021,0,total,S1,0.800000,0.000000,21000,21000,21000,23000,23000,23000,23000,23000,23000,23000,23000,165,0,9400.0,9602.733620659406,1225.9388089878485,23057.671037968248,256.0
1785386021,0,TTFT,S2,0.900000,0.000000,3800,3800,3800,3800,5500,5500,5500,5500,5500,5500,5500,465,0,310.0,1200.7236336677095,132.84717197529972,6137.453943025321,1153.0
1785386021,0,total,S2,0.900000,0.000000,23000,23000,23000,23000,25000,25000,25000,25000,25000,25000,25000,465,0,8000.0,9194.310509109797,1273.4447169932537,26553.82179300068,256.0
1785386021,0,TTFT,S3,0.100000,0.000000,6000,7700,7700,9700,9700,9700,9700,9700,9700,9700,9700,228,0,2800.0,3954.128726815454,2292.0104970107786,12347.627809969708,9649.0
1785386021,0,total,S3,0.100000,0.000000,25000,25000,25000,26000,26000,26000,26000,26000,26000,26000,26000,228,0,11000.0,12070.724517914769,3469.237338984385,26659.82504497515,256.0
1785386021,0,,Aggregated,3.600000,0.000000,20000,21000,23000,23000,25000,25000,26000,26000,26000,26000,26000,1716,0,3500.0,5961.88717453849,86.87065995763987,26659.82504497515,1737.56993006993
1785386022,0,TTFT,S1,0.800000,0.000000,290,290,2200,2200,2200,2200,2200,2200,2200,2200,2200,165,0,240.0,962.363199449751,86.87065995763987,6214.09710199805,157.0
1785386022,0,total,S1,0.800000,0.000000,21000,21000,23000,23000,23000,23000,23000,23000,23000,23000,23000,165,0,9400.0,9602.733620659406,1225.9388089878485,23057.671037968248,256.0
1785386022,0,TTFT,S2,0.900000,0.000000,3800,3800,3800,3800,5500,5500,5500,5500,5500,5500,5500,465,0,310.0,1200.7236336677095,132.84717197529972,6137.453943025321,1153.0
1785386022,0,total,S2,0.900000,0.000000,23000,23000,23000,23000,25000,25000,25000,25000,25000,25000,25000,465,0,8000.0,9194.310509109797,1273.4447169932537,26553.82179300068,256.0
1785386022,0,TTFT,S3,0.100000,0.000000,6000,7700,7700,9700,9700,9700,9700,9700,9700,9700,9700,228,0,2800.0,3954.128726815454,2292.0104970107786,12347.627809969708,9649.0
1785386022,0,total,S3,0.100000,0.000000,25000,25000,25000,26000,26000,26000,26000,26000,26000,26000,26000,228,0,11000.0,12070.724517914769,3469.237338984385,26659.82504497515,256.0
1785386022,0,,Aggregated,3.600000,0.000000,21000,23000,23000,23000,25000,25000,26000,26000,26000,26000,26000,1716,0,3500.0,5961.88717453849,86.87065995763987,26659.82504497515,1737.56993006993
1785386023,0,TTFT,S1,0.800000,0.000000,2200,2200,2200,2200,2200,2200,2200,2200,2200,2200,2200,165,0,240.0,962.363199449751,86.87065995763987,6214.09710199805,157.0
1785386023,0,total,S1,0.800000,0.000000,23000,23000,23000,23000,23000,23000,23000,23000,23000,23000,23000,165,0,9400.0,9602.733620659406,1225.9388089878485,23057.671037968248,256.0
1785386023,0,TTFT,S2,0.900000,0.000000,3800,3800,3800,3800,5500,5500,5500,5500,5500,5500,5500,465,0,310.0,1200.7236336677095,132.84717197529972,6137.453943025321,1153.0
1785386023,0,total,S2,0.900000,0.000000,23000,23000,23000,23000,25000,25000,25000,25000,25000,25000,25000,465,0,8000.0,9194.310509109797,1273.4447169932537,26553.82179300068,256.0
1785386023,0,TTFT,S3,0.100000,0.000000,6000,7700,7700,9700,9700,9700,9700,9700,9700,9700,9700,228,0,2800.0,3954.128726815454,2292.0104970107786,12347.627809969708,9649.0
1785386023,0,total,S3,0.100000,0.000000,25000,25000,25000,26000,26000,26000,26000,26000,26000,26000,26000,228,0,11000.0,12070.724517914769,3469.237338984385,26659.82504497515,256.0
1785386023,0,,Aggregated,3.600000,0.000000,21000,23000,23000,25000,25000,25000,26000,26000,26000,26000,26000,1716,0,3500.0,5961.88717453849,86.87065995763987,26659.82504497515,1737.56993006993
1785386024,0,TTFT,S1,0.800000,0.000000,2200,2200,2200,2200,2200,2200,2200,2200,2200,2200,2200,165,0,240.0,962.363199449751,86.87065995763987,6214.09710199805,157.0
1785386024,0,total,S1,0.800000,0.000000,23000,23000,23000,23000,23000,23000,23000,23000,23000,23000,23000,165,0,9400.0,9602.733620659406,1225.9388089878485,23057.671037968248,256.0
1785386024,0,TTFT,S2,0.900000,0.000000,3800,3800,5500,5500,5500,5500,5500,5500,5500,5500,5500,465,0,310.0,1200.7236336677095,132.84717197529972,6137.453943025321,1153.0
1785386024,0,total,S2,0.900000,0.000000,23000,23000,25000,25000,25000,25000,25000,25000,25000,25000,25000,465,0,8000.0,9194.310509109797,1273.4447169932537,26553.82179300068,256.0
1785386024,0,TTFT,S3,0.100000,0.000000,6000,7700,7700,9700,9700,9700,9700,9700,9700,9700,9700,228,0,2800.0,3954.128726815454,2292.0104970107786,12347.627809969708,9649.0
1785386024,0,total,S3,0.100000,0.000000,25000,25000,25000,26000,26000,26000,26000,26000,26000,26000,26000,228,0,11000.0,12070.724517914769,3469.237338984385,26659.82504497515,256.0
1785386024,0,,Aggregated,3.600000,0.000000,21000,23000,23000,25000,25000,25000,26000,26000,26000,26000,26000,1716,0,3500.0,5961.88717453849,86.87065995763987,26659.82504497515,1737.56993006993
1785386025,0,TTFT,S1,0.800000,0.000000,2200,2200,2200,2200,2200,2200,2200,2200,2200,2200,2200,165,0,240.0,962.363199449751,86.87065995763987,6214.09710199805,157.0
1785386025,0,total,S1,0.800000,0.000000,23000,23000,23000,23000,23000,23000,23000,23000,23000,23000,23000,165,0,9400.0,9602.733620659406,1225.9388089878485,23057.671037968248,256.0
1785386025,0,TTFT,S2,0.900000,0.000000,3800,3800,5500,5500,5500,5500,5500,5500,5500,5500,5500,465,0,310.0,1200.7236336677095,132.84717197529972,6137.453943025321,1153.0
1785386025,0,total,S2,0.900000,0.000000,23000,23000,25000,25000,25000,25000,25000,25000,25000,25000,25000,465,0,8000.0,9194.310509109797,1273.4447169932537,26553.82179300068,256.0
1785386025,0,TTFT,S3,0.100000,0.000000,6000,7700,7700,9700,9700,9700,9700,9700,9700,9700,9700,228,0,2800.0,3954.128726815454,2292.0104970107786,12347.627809969708,9649.0
1785386025,0,total,S3,0.100000,0.000000,25000,25000,25000,26000,26000,26000,26000,26000,26000,26000,26000,228,0,11000.0,12070.724517914769,3469.237338984385,26659.82504497515,256.0
1785386025,0,,Aggregated,3.600000,0.000000,23000,23000,25000,25000,25000,26000,26000,26000,26000,26000,26000,1716,0,3500.0,5961.88717453849,86.87065995763987,26659.82504497515,1737.56993006993
1785386026,0,TTFT,S1,0.800000,0.000000,2200,2200,2200,2200,2200,2200,2200,2200,2200,2200,2200,165,0,240.0,962.363199449751,86.87065995763987,6214.09710199805,157.0
1785386026,0,total,S1,0.800000,0.000000,23000,23000,23000,23000,23000,23000,23000,23000,23000,23000,23000,165,0,9400.0,9602.733620659406,1225.9388089878485,23057.671037968248,256.0
1785386026,0,TTFT,S2,0.900000,0.000000,3800,3800,5500,5500,5500,5500,5500,5500,5500,5500,5500,465,0,310.0,1200.7236336677095,132.84717197529972,6137.453943025321,1153.0
1785386026,0,total,S2,0.900000,0.000000,23000,23000,25000,25000,25000,25000,25000,25000,25000,25000,25000,465,0,8000.0,9194.310509109797,1273.4447169932537,26553.82179300068,256.0
1785386026,0,TTFT,S3,0.100000,0.000000,6000,7700,7700,9700,9700,9700,9700,9700,9700,9700,9700,228,0,2800.0,3954.128726815454,2292.0104970107786,12347.627809969708,9649.0
1785386026,0,total,S3,0.100000,0.000000,25000,25000,25000,26000,26000,26000,26000,26000,26000,26000,26000,228,0,11000.0,12070.724517914769,3469.237338984385,26659.82504497515,256.0
1785386026,0,,Aggregated,3.600000,0.000000,23000,23000,25000,25000,25000,26000,26000,26000,26000,26000,26000,1716,0,3500.0,5961.88717453849,86.87065995763987,26659.82504497515,1737.56993006993
1785386027,0,TTFT,S1,0.800000,0.000000,2200,2200,2200,2200,2200,2200,2200,2200,2200,2200,2200,165,0,240.0,962.363199449751,86.87065995763987,6214.09710199805,157.0
1785386027,0,total,S1,0.800000,0.000000,23000,23000,23000,23000,23000,23000,23000,23000,23000,23000,23000,165,0,9400.0,9602.733620659406,1225.9388089878485,23057.671037968248,256.0
1785386027,0,TTFT,S2,0.900000,0.000000,5500,5500,5500,5500,5500,5500,5500,5500,5500,5500,5500,465,0,310.0,1200.7236336677095,132.84717197529972,6137.453943025321,1153.0
1785386027,0,total,S2,0.900000,0.000000,25000,25000,25000,25000,25000,25000,25000,25000,25000,25000,25000,465,0,8000.0,9194.310509109797,1273.4447169932537,26553.82179300068,256.0
1785386027,0,TTFT,S3,0.100000,0.000000,7700,7700,9700,9700,9700,9700,9700,9700,9700,9700,9700,228,0,2800.0,3954.128726815454,2292.0104970107786,12347.627809969708,9649.0
1785386027,0,total,S3,0.100000,0.000000,25000,25000,26000,26000,26000,26000,26000,26000,26000,26000,26000,228,0,11000.0,12070.724517914769,3469.237338984385,26659.82504497515,256.0
1785386027,0,,Aggregated,3.600000,0.000000,25000,25000,25000,25000,26000,26000,26000,26000,26000,26000,26000,1716,0,3500.0,5961.88717453849,86.87065995763987,26659.82504497515,1737.56993006993
1785386028,0,TTFT,S1,0.800000,0.000000,2200,2200,2200,2200,2200,2200,2200,2200,2200,2200,2200,165,0,240.0,962.363199449751,86.87065995763987,6214.09710199805,157.0
1785386028,0,total,S1,0.800000,0.000000,23000,23000,23000,23000,23000,23000,23000,23000,23000,23000,23000,165,0,9400.0,9602.733620659406,1225.9388089878485,23057.671037968248,256.0
1785386028,0,TTFT,S2,0.900000,0.000000,5500,5500,5500,5500,5500,5500,5500,5500,5500,5500,5500,465,0,310.0,1200.7236336677095,132.84717197529972,6137.453943025321,1153.0
1785386028,0,total,S2,0.900000,0.000000,25000,25000,25000,25000,25000,25000,25000,25000,25000,25000,25000,465,0,8000.0,9194.310509109797,1273.4447169932537,26553.82179300068,256.0
1785386028,0,TTFT,S3,0.100000,0.000000,9700,9700,9700,9700,9700,9700,9700,9700,9700,9700,9700,228,0,2800.0,3954.128726815454,2292.0104970107786,12347.627809969708,9649.0
1785386028,0,total,S3,0.100000,0.000000,26000,26000,26000,26000,26000,26000,26000,26000,26000,26000,26000,228,0,11000.0,12070.724517914769,3469.237338984385,26659.82504497515,256.0
1785386028,0,,Aggregated,3.600000,0.000000,26000,26000,26000,26000,26000,26000,26000,26000,26000,26000,26000,1716,0,3500.0,5961.88717453849,86.87065995763987,26659.82504497515,1737.56993006993
1785386029,0,TTFT,S1,0.800000,0.000000,2200,2200,2200,2200,2200,2200,2200,2200,2200,2200,2200,165,0,240.0,962.363199449751,86.87065995763987,6214.09710199805,157.0
1785386029,0,total,S1,0.800000,0.000000,23000,23000,23000,23000,23000,23000,23000,23000,23000,23000,23000,165,0,9400.0,9602.733620659406,1225.9388089878485,23057.671037968248,256.0
1785386029,0,TTFT,S2,0.900000,0.000000,5500,5500,5500,5500,5500,5500,5500,5500,5500,5500,5500,465,0,310.0,1200.7236336677095,132.84717197529972,6137.453943025321,1153.0
1785386029,0,total,S2,0.900000,0.000000,25000,25000,25000,25000,25000,25000,25000,25000,25000,25000,25000,465,0,8000.0,9194.310509109797,1273.4447169932537,26553.82179300068,256.0
1785386029,0,TTFT,S3,0.100000,0.000000,9700,9700,9700,9700,9700,9700,9700,9700,9700,9700,9700,228,0,2800.0,3954.128726815454,2292.0104970107786,12347.627809969708,9649.0
1785386029,0,total,S3,0.100000,0.000000,26000,26000,26000,26000,26000,26000,26000,26000,26000,26000,26000,228,0,11000.0,12070.724517914769,3469.237338984385,26659.82504497515,256.0
1785386029,0,,Aggregated,3.600000,0.000000,26000,26000,26000,26000,26000,26000,26000,26000,26000,26000,26000,1716,0,3500.0,5961.88717453849,86.87065995763987,26659.82504497515,1737.56993006993
1785386030,0,TTFT,S1,0.800000,0.000000,2200,2200,2200,2200,2200,2200,2200,2200,2200,2200,2200,165,0,240.0,962.363199449751,86.87065995763987,6214.09710199805,157.0
1785386030,0,total,S1,0.800000,0.000000,23000,23000,23000,23000,23000,23000,23000,23000,23000,23000,23000,165,0,9400.0,9602.733620659406,1225.9388089878485,23057.671037968248,256.0
1785386030,0,TTFT,S2,0.900000,0.000000,5500,5500,5500,5500,5500,5500,5500,5500,5500,5500,5500,465,0,310.0,1200.7236336677095,132.84717197529972,6137.453943025321,1153.0
1785386030,0,total,S2,0.900000,0.000000,25000,25000,25000,25000,25000,25000,25000,25000,25000,25000,25000,465,0,8000.0,9194.310509109797,1273.4447169932537,26553.82179300068,256.0
1785386030,0,TTFT,S3,0.100000,0.000000,9700,9700,9700,9700,9700,9700,9700,9700,9700,9700,9700,228,0,2800.0,3954.128726815454,2292.0104970107786,12347.627809969708,9649.0
1785386030,0,total,S3,0.100000,0.000000,26000,26000,26000,26000,26000,26000,26000,26000,26000,26000,26000,228,0,11000.0,12070.724517914769,3469.237338984385,26659.82504497515,256.0
1785386030,0,,Aggregated,3.600000,0.000000,26000,26000,26000,26000,26000,26000,26000,26000,26000,26000,26000,1716,0,3500.0,5961.88717453849,86.87065995763987,26659.82504497515,1737.56993006993
1785386031,0,TTFT,S1,0.800000,0.000000,2200,2200,2200,2200,2200,2200,2200,2200,2200,2200,2200,165,0,240.0,962.363199449751,86.87065995763987,6214.09710199805,157.0
1785386031,0,total,S1,0.800000,0.000000,23000,23000,23000,23000,23000,23000,23000,23000,23000,23000,23000,165,0,9400.0,9602.733620659406,1225.9388089878485,23057.671037968248,256.0
1785386031,0,TTFT,S2,0.900000,0.000000,5500,5500,5500,5500,5500,5500,5500,5500,5500,5500,5500,465,0,310.0,1200.7236336677095,132.84717197529972,6137.453943025321,1153.0
1785386031,0,total,S2,0.900000,0.000000,25000,25000,25000,25000,25000,25000,25000,25000,25000,25000,25000,465,0,8000.0,9194.310509109797,1273.4447169932537,26553.82179300068,256.0
1785386031,0,TTFT,S3,0.100000,0.000000,9700,9700,9700,9700,9700,9700,9700,9700,9700,9700,9700,228,0,2800.0,3954.128726815454,2292.0104970107786,12347.627809969708,9649.0
1785386031,0,total,S3,0.100000,0.000000,26000,26000,26000,26000,26000,26000,26000,26000,26000,26000,26000,228,0,11000.0,12070.724517914769,3469.237338984385,26659.82504497515,256.0
1785386031,0,,Aggregated,3.600000,0.000000,26000,26000,26000,26000,26000,26000,26000,26000,26000,26000,26000,1716,0,3500.0,5961.88717453849,86.87065995763987,26659.82504497515,1737.56993006993
1785386032,0,TTFT,S1,0.800000,0.000000,2200,2200,2200,2200,2200,2200,2200,2200,2200,2200,2200,165,0,240.0,962.363199449751,86.87065995763987,6214.09710199805,157.0
1785386032,0,total,S1,0.800000,0.000000,23000,23000,23000,23000,23000,23000,23000,23000,23000,23000,23000,165,0,9400.0,9602.733620659406,1225.9388089878485,23057.671037968248,256.0
1785386032,0,TTFT,S2,0.900000,0.000000,5500,5500,5500,5500,5500,5500,5500,5500,5500,5500,5500,465,0,310.0,1200.7236336677095,132.84717197529972,6137.453943025321,1153.0
1785386032,0,total,S2,0.900000,0.000000,25000,25000,25000,25000,25000,25000,25000,25000,25000,25000,25000,465,0,8000.0,9194.310509109797,1273.4447169932537,26553.82179300068,256.0
1785386032,0,TTFT,S3,0.100000,0.000000,9700,9700,9700,9700,9700,9700,9700,9700,9700,9700,9700,228,0,2800.0,3954.128726815454,2292.0104970107786,12347.627809969708,9649.0
1785386032,0,total,S3,0.100000,0.000000,26000,26000,26000,26000,26000,26000,26000,26000,26000,26000,26000,228,0,11000.0,12070.724517914769,3469.237338984385,26659.82504497515,256.0
1785386032,0,,Aggregated,3.600000,0.000000,26000,26000,26000,26000,26000,26000,26000,26000,26000,26000,26000,1716,0,3500.0,5961.88717453849,86.87065995763987,26659.82504497515,1737.56993006993
1785386033,0,TTFT,S1,0.800000,0.000000,2200,2200,2200,2200,2200,2200,2200,2200,2200,2200,2200,165,0,240.0,962.363199449751,86.87065995763987,6214.09710199805,157.0
1785386033,0,total,S1,0.800000,0.000000,23000,23000,23000,23000,23000,23000,23000,23000,23000,23000,23000,165,0,9400.0,9602.733620659406,1225.9388089878485,23057.671037968248,256.0
1785386033,0,TTFT,S2,0.900000,0.000000,5500,5500,5500,5500,5500,5500,5500,5500,5500,5500,5500,465,0,310.0,1200.7236336677095,132.84717197529972,6137.453943025321,1153.0
1785386033,0,total,S2,0.900000,0.000000,25000,25000,25000,25000,25000,25000,25000,25000,25000,25000,25000,465,0,8000.0,9194.310509109797,1273.4447169932537,26553.82179300068,256.0
1785386033,0,TTFT,S3,0.100000,0.000000,9700,9700,9700,9700,9700,9700,9700,9700,9700,9700,9700,228,0,2800.0,3954.128726815454,2292.0104970107786,12347.627809969708,9649.0
1785386033,0,total,S3,0.100000,0.000000,26000,26000,26000,26000,26000,26000,26000,26000,26000,26000,26000,228,0,11000.0,12070.724517914769,3469.237338984385,26659.82504497515,256.0
1785386033,0,,Aggregated,3.600000,0.000000,26000,26000,26000,26000,26000,26000,26000,26000,26000,26000,26000,1716,0,3500.0,5961.88717453849,86.87065995763987,26659.82504497515,1737.56993006993
1785386034,0,TTFT,S1,0.800000,0.000000,0,0,0,0,0,0,0,0,0,0,0,165,0,240.0,962.363199449751,86.87065995763987,6214.09710199805,157.0
1785386034,0,total,S1,0.800000,0.000000,0,0,0,0,0,0,0,0,0,0,0,165,0,9400.0,9602.733620659406,1225.9388089878485,23057.671037968248,256.0
1785386034,0,TTFT,S2,0.900000,0.000000,5500,5500,5500,5500,5500,5500,5500,5500,5500,5500,5500,465,0,310.0,1200.7236336677095,132.84717197529972,6137.453943025321,1153.0
1785386034,0,total,S2,0.900000,0.000000,25000,25000,25000,25000,25000,25000,25000,25000,25000,25000,25000,465,0,8000.0,9194.310509109797,1273.4447169932537,26553.82179300068,256.0
1785386034,0,TTFT,S3,0.100000,0.000000,9700,9700,9700,9700,9700,9700,9700,9700,9700,9700,9700,228,0,2800.0,3954.128726815454,2292.0104970107786,12347.627809969708,9649.0
1785386034,0,total,S3,0.100000,0.000000,26000,26000,26000,26000,26000,26000,26000,26000,26000,26000,26000,228,0,11000.0,12070.724517914769,3469.237338984385,26659.82504497515,256.0
1785386034,0,,Aggregated,3.600000,0.000000,26000,26000,26000,26000,26000,26000,26000,26000,26000,26000,26000,1716,0,3500.0,5961.88717453849,86.87065995763987,26659.82504497515,1737.56993006993
1785386035,0,TTFT,S1,0.800000,0.000000,0,0,0,0,0,0,0,0,0,0,0,165,0,240.0,962.363199449751,86.87065995763987,6214.09710199805,157.0
1785386035,0,total,S1,0.800000,0.000000,0,0,0,0,0,0,0,0,0,0,0,165,0,9400.0,9602.733620659406,1225.9388089878485,23057.671037968248,256.0
1785386035,0,TTFT,S2,0.900000,0.000000,5500,5500,5500,5500,5500,5500,5500,5500,5500,5500,5500,465,0,310.0,1200.7236336677095,132.84717197529972,6137.453943025321,1153.0
1785386035,0,total,S2,0.900000,0.000000,25000,25000,25000,25000,25000,25000,25000,25000,25000,25000,25000,465,0,8000.0,9194.310509109797,1273.4447169932537,26553.82179300068,256.0
1785386035,0,TTFT,S3,0.100000,0.000000,9700,9700,9700,9700,9700,9700,9700,9700,9700,9700,9700,228,0,2800.0,3954.128726815454,2292.0104970107786,12347.627809969708,9649.0
1785386035,0,total,S3,0.100000,0.000000,26000,26000,26000,26000,26000,26000,26000,26000,26000,26000,26000,228,0,11000.0,12070.724517914769,3469.237338984385,26659.82504497515,256.0
1785386035,0,,Aggregated,3.600000,0.000000,26000,26000,26000,26000,26000,26000,26000,26000,26000,26000,26000,1716,0,3500.0,5961.88717453849,86.87065995763987,26659.82504497515,1737.56993006993
1785386036,0,TTFT,S1,0.800000,0.000000,0,0,0,0,0,0,0,0,0,0,0,165,0,240.0,962.363199449751,86.87065995763987,6214.09710199805,157.0
1785386036,0,total,S1,0.800000,0.000000,0,0,0,0,0,0,0,0,0,0,0,165,0,9400.0,9602.733620659406,1225.9388089878485,23057.671037968248,256.0
1785386036,0,TTFT,S2,0.900000,0.000000,0,0,0,0,0,0,0,0,0,0,0,465,0,310.0,1200.7236336677095,132.84717197529972,6137.453943025321,1153.0
1785386036,0,total,S2,0.900000,0.000000,0,0,0,0,0,0,0,0,0,0,0,465,0,8000.0,9194.310509109797,1273.4447169932537,26553.82179300068,256.0
1785386036,0,TTFT,S3,0.100000,0.000000,9700,9700,9700,9700,9700,9700,9700,9700,9700,9700,9700,228,0,2800.0,3954.128726815454,2292.0104970107786,12347.627809969708,9649.0
1785386036,0,total,S3,0.100000,0.000000,26000,26000,26000,26000,26000,26000,26000,26000,26000,26000,26000,228,0,11000.0,12070.724517914769,3469.237338984385,26659.82504497515,256.0
1785386036,0,,Aggregated,3.600000,0.000000,26000,26000,26000,26000,26000,26000,26000,26000,26000,26000,26000,1716,0,3500.0,5961.88717453849,86.87065995763987,26659.82504497515,1737.56993006993
1785386037,0,TTFT,S1,0.800000,0.000000,0,0,0,0,0,0,0,0,0,0,0,165,0,240.0,962.363199449751,86.87065995763987,6214.09710199805,157.0
1785386037,0,total,S1,0.800000,0.000000,0,0,0,0,0,0,0,0,0,0,0,165,0,9400.0,9602.733620659406,1225.9388089878485,23057.671037968248,256.0
1785386037,0,TTFT,S2,0.900000,0.000000,0,0,0,0,0,0,0,0,0,0,0,465,0,310.0,1200.7236336677095,132.84717197529972,6137.453943025321,1153.0
1785386037,0,total,S2,0.900000,0.000000,0,0,0,0,0,0,0,0,0,0,0,465,0,8000.0,9194.310509109797,1273.4447169932537,26553.82179300068,256.0
1785386037,0,TTFT,S3,0.100000,0.000000,0,0,0,0,0,0,0,0,0,0,0,228,0,2800.0,3954.128726815454,2292.0104970107786,12347.627809969708,9649.0
1785386037,0,total,S3,0.100000,0.000000,0,0,0,0,0,0,0,0,0,0,0,228,0,11000.0,12070.724517914769,3469.237338984385,26659.82504497515,256.0
1785386037,0,,Aggregated,3.600000,0.000000,0,0,0,0,0,0,0,0,0,0,0,1716,0,3500.0,5961.88717453849,86.87065995763987,26659.82504497515,1737.56993006993
1785386038,0,TTFT,S1,0.800000,0.000000,0,0,0,0,0,0,0,0,0,0,0,165,0,240.0,962.363199449751,86.87065995763987,6214.09710199805,157.0
1785386038,0,total,S1,0.800000,0.000000,0,0,0,0,0,0,0,0,0,0,0,165,0,9400.0,9602.733620659406,1225.9388089878485,23057.671037968248,256.0
1785386038,0,TTFT,S2,0.900000,0.000000,0,0,0,0,0,0,0,0,0,0,0,465,0,310.0,1200.7236336677095,132.84717197529972,6137.453943025321,1153.0
1785386038,0,total,S2,0.900000,0.000000,0,0,0,0,0,0,0,0,0,0,0,465,0,8000.0,9194.310509109797,1273.4447169932537,26553.82179300068,256.0
1785386038,0,TTFT,S3,0.100000,0.000000,0,0,0,0,0,0,0,0,0,0,0,228,0,2800.0,3954.128726815454,2292.0104970107786,12347.627809969708,9649.0
1785386038,0,total,S3,0.100000,0.000000,0,0,0,0,0,0,0,0,0,0,0,228,0,11000.0,12070.724517914769,3469.237338984385,26659.82504497515,256.0
1785386038,0,,Aggregated,3.600000,0.000000,0,0,0,0,0,0,0,0,0,0,0,1716,0,3500.0,5961.88717453849,86.87065995763987,26659.82504497515,1737.56993006993
1785386039,0,TTFT,S1,0.800000,0.000000,0,0,0,0,0,0,0,0,0,0,0,165,0,240.0,962.363199449751,86.87065995763987,6214.09710199805,157.0
1785386039,0,total,S1,0.800000,0.000000,0,0,0,0,0,0,0,0,0,0,0,165,0,9400.0,9602.733620659406,1225.9388089878485,23057.671037968248,256.0
1785386039,0,TTFT,S2,0.900000,0.000000,0,0,0,0,0,0,0,0,0,0,0,465,0,310.0,1200.7236336677095,132.84717197529972,6137.453943025321,1153.0
1785386039,0,total,S2,0.900000,0.000000,0,0,0,0,0,0,0,0,0,0,0,465,0,8000.0,9194.310509109797,1273.4447169932537,26553.82179300068,256.0
1785386039,0,TTFT,S3,0.100000,0.000000,0,0,0,0,0,0,0,0,0,0,0,228,0,2800.0,3954.128726815454,2292.0104970107786,12347.627809969708,9649.0
1785386039,0,total,S3,0.100000,0.000000,0,0,0,0,0,0,0,0,0,0,0,228,0,11000.0,12070.724517914769,3469.237338984385,26659.82504497515,256.0
1785386039,0,,Aggregated,3.600000,0.000000,0,0,0,0,0,0,0,0,0,0,0,1716,0,3500.0,5961.88717453849,86.87065995763987,26659.82504497515,1737.56993006993
1785386040,0,TTFT,S1,0.800000,0.000000,0,0,0,0,0,0,0,0,0,0,0,165,0,240.0,962.363199449751,86.87065995763987,6214.09710199805,157.0
1785386040,0,total,S1,0.800000,0.000000,0,0,0,0,0,0,0,0,0,0,0,165,0,9400.0,9602.733620659406,1225.9388089878485,23057.671037968248,256.0
1785386040,0,TTFT,S2,0.900000,0.000000,0,0,0,0,0,0,0,0,0,0,0,465,0,310.0,1200.7236336677095,132.84717197529972,6137.453943025321,1153.0
1785386040,0,total,S2,0.900000,0.000000,0,0,0,0,0,0,0,0,0,0,0,465,0,8000.0,9194.310509109797,1273.4447169932537,26553.82179300068,256.0
1785386040,0,TTFT,S3,0.100000,0.000000,0,0,0,0,0,0,0,0,0,0,0,228,0,2800.0,3954.128726815454,2292.0104970107786,12347.627809969708,9649.0
1785386040,0,total,S3,0.100000,0.000000,0,0,0,0,0,0,0,0,0,0,0,228,0,11000.0,12070.724517914769,3469.237338984385,26659.82504497515,256.0
1785386040,0,,Aggregated,3.600000,0.000000,0,0,0,0,0,0,0,0,0,0,0,1716,0,3500.0,5961.88717453849,86.87065995763987,26659.82504497515,1737.56993006993
1785386041,0,TTFT,S1,0.800000,0.000000,0,0,0,0,0,0,0,0,0,0,0,165,0,240.0,962.363199449751,86.87065995763987,6214.09710199805,157.0
1785386041,0,total,S1,0.800000,0.000000,0,0,0,0,0,0,0,0,0,0,0,165,0,9400.0,9602.733620659406,1225.9388089878485,23057.671037968248,256.0
1785386041,0,TTFT,S2,0.900000,0.000000,0,0,0,0,0,0,0,0,0,0,0,465,0,310.0,1200.7236336677095,132.84717197529972,6137.453943025321,1153.0
1785386041,0,total,S2,0.900000,0.000000,0,0,0,0,0,0,0,0,0,0,0,465,0,8000.0,9194.310509109797,1273.4447169932537,26553.82179300068,256.0
1785386041,0,TTFT,S3,0.100000,0.000000,0,0,0,0,0,0,0,0,0,0,0,228,0,2800.0,3954.128726815454,2292.0104970107786,12347.627809969708,9649.0
1785386041,0,total,S3,0.100000,0.000000,0,0,0,0,0,0,0,0,0,0,0,228,0,11000.0,12070.724517914769,3469.237338984385,26659.82504497515,256.0
1785386041,0,,Aggregated,3.600000,0.000000,0,0,0,0,0,0,0,0,0,0,0,1716,0,3500.0,5961.88717453849,86.87065995763987,26659.82504497515,1737.56993006993
1785386042,0,TTFT,S1,0.800000,0.000000,0,0,0,0,0,0,0,0,0,0,0,165,0,240.0,962.363199449751,86.87065995763987,6214.09710199805,157.0
1785386042,0,total,S1,0.800000,0.000000,0,0,0,0,0,0,0,0,0,0,0,165,0,9400.0,9602.733620659406,1225.9388089878485,23057.671037968248,256.0
1785386042,0,TTFT,S2,0.900000,0.000000,0,0,0,0,0,0,0,0,0,0,0,465,0,310.0,1200.7236336677095,132.84717197529972,6137.453943025321,1153.0
1785386042,0,total,S2,0.900000,0.000000,0,0,0,0,0,0,0,0,0,0,0,465,0,8000.0,9194.310509109797,1273.4447169932537,26553.82179300068,256.0
1785386042,0,TTFT,S3,0.100000,0.000000,0,0,0,0,0,0,0,0,0,0,0,228,0,2800.0,3954.128726815454,2292.0104970107786,12347.627809969708,9649.0
1785386042,0,total,S3,0.100000,0.000000,0,0,0,0,0,0,0,0,0,0,0,228,0,11000.0,12070.724517914769,3469.237338984385,26659.82504497515,256.0
1785386042,0,,Aggregated,3.600000,0.000000,0,0,0,0,0,0,0,0,0,0,0,1716,0,3500.0,5961.88717453849,86.87065995763987,26659.82504497515,1737.56993006993
1785386043,0,TTFT,S1,0.800000,0.000000,0,0,0,0,0,0,0,0,0,0,0,165,0,240.0,962.363199449751,86.87065995763987,6214.09710199805,157.0
1785386043,0,total,S1,0.800000,0.000000,0,0,0,0,0,0,0,0,0,0,0,165,0,9400.0,9602.733620659406,1225.9388089878485,23057.671037968248,256.0
1785386043,0,TTFT,S2,0.900000,0.000000,0,0,0,0,0,0,0,0,0,0,0,465,0,310.0,1200.7236336677095,132.84717197529972,6137.453943025321,1153.0
1785386043,0,total,S2,0.900000,0.000000,0,0,0,0,0,0,0,0,0,0,0,465,0,8000.0,9194.310509109797,1273.4447169932537,26553.82179300068,256.0
1785386043,0,TTFT,S3,0.100000,0.000000,0,0,0,0,0,0,0,0,0,0,0,228,0,2800.0,3954.128726815454,2292.0104970107786,12347.627809969708,9649.0
1785386043,0,total,S3,0.100000,0.000000,0,0,0,0,0,0,0,0,0,0,0,228,0,11000.0,12070.724517914769,3469.237338984385,26659.82504497515,256.0
1785386043,0,,Aggregated,3.600000,0.000000,0,0,0,0,0,0,0,0,0,0,0,1716,0,3500.0,5961.88717453849,86.87065995763987,26659.82504497515,1737.56993006993
1785386044,0,TTFT,S1,0.800000,0.000000,0,0,0,0,0,0,0,0,0,0,0,165,0,240.0,962.363199449751,86.87065995763987,6214.09710199805,157.0
1785386044,0,total,S1,0.800000,0.000000,0,0,0,0,0,0,0,0,0,0,0,165,0,9400.0,9602.733620659406,1225.9388089878485,23057.671037968248,256.0
1785386044,0,TTFT,S2,0.900000,0.000000,0,0,0,0,0,0,0,0,0,0,0,465,0,310.0,1200.7236336677095,132.84717197529972,6137.453943025321,1153.0
1785386044,0,total,S2,0.900000,0.000000,0,0,0,0,0,0,0,0,0,0,0,465,0,8000.0,9194.310509109797,1273.4447169932537,26553.82179300068,256.0
1785386044,0,TTFT,S3,0.100000,0.000000,0,0,0,0,0,0,0,0,0,0,0,228,0,2800.0,3954.128726815454,2292.0104970107786,12347.627809969708,9649.0
1785386044,0,total,S3,0.100000,0.000000,0,0,0,0,0,0,0,0,0,0,0,228,0,11000.0,12070.724517914769,3469.237338984385,26659.82504497515,256.0
1785386044,0,,Aggregated,3.600000,0.000000,0,0,0,0,0,0,0,0,0,0,0,1716,0,3500.0,5961.88717453849,86.87065995763987,26659.82504497515,1737.56993006993
1785386045,0,TTFT,S1,0.800000,0.000000,0,0,0,0,0,0,0,0,0,0,0,165,0,240.0,962.363199449751,86.87065995763987,6214.09710199805,157.0
1785386045,0,total,S1,0.800000,0.000000,0,0,0,0,0,0,0,0,0,0,0,165,0,9400.0,9602.733620659406,1225.9388089878485,23057.671037968248,256.0
1785386045,0,TTFT,S2,0.900000,0.000000,0,0,0,0,0,0,0,0,0,0,0,465,0,310.0,1200.7236336677095,132.84717197529972,6137.453943025321,1153.0
1785386045,0,total,S2,0.900000,0.000000,0,0,0,0,0,0,0,0,0,0,0,465,0,8000.0,9194.310509109797,1273.4447169932537,26553.82179300068,256.0
1785386045,0,TTFT,S3,0.100000,0.000000,0,0,0,0,0,0,0,0,0,0,0,228,0,2800.0,3954.128726815454,2292.0104970107786,12347.627809969708,9649.0
1785386045,0,total,S3,0.100000,0.000000,0,0,0,0,0,0,0,0,0,0,0,228,0,11000.0,12070.724517914769,3469.237338984385,26659.82504497515,256.0
1785386045,0,,Aggregated,3.600000,0.000000,0,0,0,0,0,0,0,0,0,0,0,1716,0,3500.0,5961.88717453849,86.87065995763987,26659.82504497515,1737.56993006993
1785386046,0,TTFT,S1,0.800000,0.000000,0,0,0,0,0,0,0,0,0,0,0,165,0,240.0,962.363199449751,86.87065995763987,6214.09710199805,157.0
1785386046,0,total,S1,0.800000,0.000000,0,0,0,0,0,0,0,0,0,0,0,165,0,9400.0,9602.733620659406,1225.9388089878485,23057.671037968248,256.0
1785386046,0,TTFT,S2,0.900000,0.000000,0,0,0,0,0,0,0,0,0,0,0,465,0,310.0,1200.7236336677095,132.84717197529972,6137.453943025321,1153.0
1785386046,0,total,S2,0.900000,0.000000,0,0,0,0,0,0,0,0,0,0,0,465,0,8000.0,9194.310509109797,1273.4447169932537,26553.82179300068,256.0
1785386046,0,TTFT,S3,0.100000,0.000000,0,0,0,0,0,0,0,0,0,0,0,228,0,2800.0,3954.128726815454,2292.0104970107786,12347.627809969708,9649.0
1785386046,0,total,S3,0.100000,0.000000,0,0,0,0,0,0,0,0,0,0,0,228,0,11000.0,12070.724517914769,3469.237338984385,26659.82504497515,256.0
1785386046,0,,Aggregated,3.600000,0.000000,0,0,0,0,0,0,0,0,0,0,0,1716,0,3500.0,5961.88717453849,86.87065995763987,26659.82504497515,1737.56993006993
1785386047,0,TTFT,S1,0.800000,0.000000,0,0,0,0,0,0,0,0,0,0,0,165,0,240.0,962.363199449751,86.87065995763987,6214.09710199805,157.0
1785386047,0,total,S1,0.800000,0.000000,0,0,0,0,0,0,0,0,0,0,0,165,0,9400.0,9602.733620659406,1225.9388089878485,23057.671037968248,256.0
1785386047,0,TTFT,S2,0.900000,0.000000,0,0,0,0,0,0,0,0,0,0,0,465,0,310.0,1200.7236336677095,132.84717197529972,6137.453943025321,1153.0
1785386047,0,total,S2,0.900000,0.000000,0,0,0,0,0,0,0,0,0,0,0,465,0,8000.0,9194.310509109797,1273.4447169932537,26553.82179300068,256.0
1785386047,0,TTFT,S3,0.100000,0.000000,0,0,0,0,0,0,0,0,0,0,0,228,0,2800.0,3954.128726815454,2292.0104970107786,12347.627809969708,9649.0
1785386047,0,total,S3,0.100000,0.000000,0,0,0,0,0,0,0,0,0,0,0,228,0,11000.0,12070.724517914769,3469.237338984385,26659.82504497515,256.0
1785386047,0,,Aggregated,3.600000,0.000000,0,0,0,0,0,0,0,0,0,0,0,1716,0,3500.0,5961.88717453849,86.87065995763987,26659.82504497515,1737.56993006993
1785386048,0,TTFT,S1,0.800000,0.000000,0,0,0,0,0,0,0,0,0,0,0,165,0,240.0,962.363199449751,86.87065995763987,6214.09710199805,157.0
1785386048,0,total,S1,0.800000,0.000000,0,0,0,0,0,0,0,0,0,0,0,165,0,9400.0,9602.733620659406,1225.9388089878485,23057.671037968248,256.0
1785386048,0,TTFT,S2,0.900000,0.000000,0,0,0,0,0,0,0,0,0,0,0,465,0,310.0,1200.7236336677095,132.84717197529972,6137.453943025321,1153.0
1785386048,0,total,S2,0.900000,0.000000,0,0,0,0,0,0,0,0,0,0,0,465,0,8000.0,9194.310509109797,1273.4447169932537,26553.82179300068,256.0
1785386048,0,TTFT,S3,0.100000,0.000000,0,0,0,0,0,0,0,0,0,0,0,228,0,2800.0,3954.128726815454,2292.0104970107786,12347.627809969708,9649.0
1785386048,0,total,S3,0.100000,0.000000,0,0,0,0,0,0,0,0,0,0,0,228,0,11000.0,12070.724517914769,3469.237338984385,26659.82504497515,256.0
1785386048,0,,Aggregated,3.600000,0.000000,0,0,0,0,0,0,0,0,0,0,0,1716,0,3500.0,5961.88717453849,86.87065995763987,26659.82504497515,1737.56993006993
1785386049,0,TTFT,S1,0.800000,0.000000,0,0,0,0,0,0,0,0,0,0,0,165,0,240.0,962.363199449751,86.87065995763987,6214.09710199805,157.0
1785386049,0,total,S1,0.800000,0.000000,0,0,0,0,0,0,0,0,0,0,0,165,0,9400.0,9602.733620659406,1225.9388089878485,23057.671037968248,256.0
1785386049,0,TTFT,S2,0.900000,0.000000,0,0,0,0,0,0,0,0,0,0,0,465,0,310.0,1200.7236336677095,132.84717197529972,6137.453943025321,1153.0
1785386049,0,total,S2,0.900000,0.000000,0,0,0,0,0,0,0,0,0,0,0,465,0,8000.0,9194.310509109797,1273.4447169932537,26553.82179300068,256.0
1785386049,0,TTFT,S3,0.100000,0.000000,0,0,0,0,0,0,0,0,0,0,0,228,0,2800.0,3954.128726815454,2292.0104970107786,12347.627809969708,9649.0
1785386049,0,total,S3,0.100000,0.000000,0,0,0,0,0,0,0,0,0,0,0,228,0,11000.0,12070.724517914769,3469.237338984385,26659.82504497515,256.0
1785386049,0,,Aggregated,3.600000,0.000000,0,0,0,0,0,0,0,0,0,0,0,1716,0,3500.0,5961.88717453849,86.87065995763987,26659.82504497515,1737.56993006993
1785386050,0,TTFT,S1,0.800000,0.000000,0,0,0,0,0,0,0,0,0,0,0,165,0,240.0,962.363199449751,86.87065995763987,6214.09710199805,157.0
1785386050,0,total,S1,0.800000,0.000000,0,0,0,0,0,0,0,0,0,0,0,165,0,9400.0,9602.733620659406,1225.9388089878485,23057.671037968248,256.0
1785386050,0,TTFT,S2,0.900000,0.000000,0,0,0,0,0,0,0,0,0,0,0,465,0,310.0,1200.7236336677095,132.84717197529972,6137.453943025321,1153.0
1785386050,0,total,S2,0.900000,0.000000,0,0,0,0,0,0,0,0,0,0,0,465,0,8000.0,9194.310509109797,1273.4447169932537,26553.82179300068,256.0
1785386050,0,TTFT,S3,0.100000,0.000000,0,0,0,0,0,0,0,0,0,0,0,228,0,2800.0,3954.128726815454,2292.0104970107786,12347.627809969708,9649.0
1785386050,0,total,S3,0.100000,0.000000,0,0,0,0,0,0,0,0,0,0,0,228,0,11000.0,12070.724517914769,3469.237338984385,26659.82504497515,256.0
1785386050,0,,Aggregated,3.600000,0.000000,0,0,0,0,0,0,0,0,0,0,0,1716,0,3500.0,5961.88717453849,86.87065995763987,26659.82504497515,1737.56993006993
1785386051,0,TTFT,S1,0.800000,0.000000,0,0,0,0,0,0,0,0,0,0,0,165,0,240.0,962.363199449751,86.87065995763987,6214.09710199805,157.0
1785386051,0,total,S1,0.800000,0.000000,0,0,0,0,0,0,0,0,0,0,0,165,0,9400.0,9602.733620659406,1225.9388089878485,23057.671037968248,256.0
1785386051,0,TTFT,S2,0.900000,0.000000,0,0,0,0,0,0,0,0,0,0,0,465,0,310.0,1200.7236336677095,132.84717197529972,6137.453943025321,1153.0
1785386051,0,total,S2,0.900000,0.000000,0,0,0,0,0,0,0,0,0,0,0,465,0,8000.0,9194.310509109797,1273.4447169932537,26553.82179300068,256.0
1785386051,0,TTFT,S3,0.100000,0.000000,0,0,0,0,0,0,0,0,0,0,0,228,0,2800.0,3954.128726815454,2292.0104970107786,12347.627809969708,9649.0
1785386051,0,total,S3,0.100000,0.000000,0,0,0,0,0,0,0,0,0,0,0,228,0,11000.0,12070.724517914769,3469.237338984385,26659.82504497515,256.0
1785386051,0,,Aggregated,3.600000,0.000000,0,0,0,0,0,0,0,0,0,0,0,1716,0,3500.0,5961.88717453849,86.87065995763987,26659.82504497515,1737.56993006993
1785386052,0,TTFT,S1,0.800000,0.000000,0,0,0,0,0,0,0,0,0,0,0,165,0,240.0,962.363199449751,86.87065995763987,6214.09710199805,157.0
1785386052,0,total,S1,0.800000,0.000000,0,0,0,0,0,0,0,0,0,0,0,165,0,9400.0,9602.733620659406,1225.9388089878485,23057.671037968248,256.0
1785386052,0,TTFT,S2,0.900000,0.000000,0,0,0,0,0,0,0,0,0,0,0,465,0,310.0,1200.7236336677095,132.84717197529972,6137.453943025321,1153.0
1785386052,0,total,S2,0.900000,0.000000,0,0,0,0,0,0,0,0,0,0,0,465,0,8000.0,9194.310509109797,1273.4447169932537,26553.82179300068,256.0
1785386052,0,TTFT,S3,0.100000,0.000000,0,0,0,0,0,0,0,0,0,0,0,228,0,2800.0,3954.128726815454,2292.0104970107786,12347.627809969708,9649.0
1785386052,0,total,S3,0.100000,0.000000,0,0,0,0,0,0,0,0,0,0,0,228,0,11000.0,12070.724517914769,3469.237338984385,26659.82504497515,256.0
1785386052,0,,Aggregated,3.600000,0.000000,0,0,0,0,0,0,0,0,0,0,0,1716,0,3500.0,5961.88717453849,86.87065995763987,26659.82504497515,1737.56993006993
1785386053,0,TTFT,S1,0.800000,0.000000,0,0,0,0,0,0,0,0,0,0,0,165,0,240.0,962.363199449751,86.87065995763987,6214.09710199805,157.0
1785386053,0,total,S1,0.800000,0.000000,0,0,0,0,0,0,0,0,0,0,0,165,0,9400.0,9602.733620659406,1225.9388089878485,23057.671037968248,256.0
1785386053,0,TTFT,S2,0.900000,0.000000,0,0,0,0,0,0,0,0,0,0,0,465,0,310.0,1200.7236336677095,132.84717197529972,6137.453943025321,1153.0
1785386053,0,total,S2,0.900000,0.000000,0,0,0,0,0,0,0,0,0,0,0,465,0,8000.0,9194.310509109797,1273.4447169932537,26553.82179300068,256.0
1785386053,0,TTFT,S3,0.100000,0.000000,0,0,0,0,0,0,0,0,0,0,0,228,0,2800.0,3954.128726815454,2292.0104970107786,12347.627809969708,9649.0
1785386053,0,total,S3,0.100000,0.000000,0,0,0,0,0,0,0,0,0,0,0,228,0,11000.0,12070.724517914769,3469.237338984385,26659.82504497515,256.0
1785386053,0,,Aggregated,3.600000,0.000000,0,0,0,0,0,0,0,0,0,0,0,1716,0,3500.0,5961.88717453849,86.87065995763987,26659.82504497515,1737.56993006993
1785386054,0,TTFT,S1,0.800000,0.000000,0,0,0,0,0,0,0,0,0,0,0,165,0,240.0,962.363199449751,86.87065995763987,6214.09710199805,157.0
1785386054,0,total,S1,0.800000,0.000000,0,0,0,0,0,0,0,0,0,0,0,165,0,9400.0,9602.733620659406,1225.9388089878485,23057.671037968248,256.0
1785386054,0,TTFT,S2,0.900000,0.000000,0,0,0,0,0,0,0,0,0,0,0,465,0,310.0,1200.7236336677095,132.84717197529972,6137.453943025321,1153.0
1785386054,0,total,S2,0.900000,0.000000,0,0,0,0,0,0,0,0,0,0,0,465,0,8000.0,9194.310509109797,1273.4447169932537,26553.82179300068,256.0
1785386054,0,TTFT,S3,0.100000,0.000000,0,0,0,0,0,0,0,0,0,0,0,228,0,2800.0,3954.128726815454,2292.0104970107786,12347.627809969708,9649.0
1785386054,0,total,S3,0.100000,0.000000,0,0,0,0,0,0,0,0,0,0,0,228,0,11000.0,12070.724517914769,3469.237338984385,26659.82504497515,256.0
1785386054,0,,Aggregated,3.600000,0.000000,0,0,0,0,0,0,0,0,0,0,0,1716,0,3500.0,5961.88717453849,86.87065995763987,26659.82504497515,1737.56993006993
1785386055,0,TTFT,S1,0.800000,0.000000,0,0,0,0,0,0,0,0,0,0,0,165,0,240.0,962.363199449751,86.87065995763987,6214.09710199805,157.0
1785386055,0,total,S1,0.800000,0.000000,0,0,0,0,0,0,0,0,0,0,0,165,0,9400.0,9602.733620659406,1225.9388089878485,23057.671037968248,256.0
1785386055,0,TTFT,S2,0.900000,0.000000,0,0,0,0,0,0,0,0,0,0,0,465,0,310.0,1200.7236336677095,132.84717197529972,6137.453943025321,1153.0
1785386055,0,total,S2,0.900000,0.000000,0,0,0,0,0,0,0,0,0,0,0,465,0,8000.0,9194.310509109797,1273.4447169932537,26553.82179300068,256.0
1785386055,0,TTFT,S3,0.100000,0.000000,0,0,0,0,0,0,0,0,0,0,0,228,0,2800.0,3954.128726815454,2292.0104970107786,12347.627809969708,9649.0
1785386055,0,total,S3,0.100000,0.000000,0,0,0,0,0,0,0,0,0,0,0,228,0,11000.0,12070.724517914769,3469.237338984385,26659.82504497515,256.0
1785386055,0,,Aggregated,3.600000,0.000000,0,0,0,0,0,0,0,0,0,0,0,1716,0,3500.0,5961.88717453849,86.87065995763987,26659.82504497515,1737.56993006993
1785386056,0,TTFT,S1,0.800000,0.000000,0,0,0,0,0,0,0,0,0,0,0,165,0,240.0,962.363199449751,86.87065995763987,6214.09710199805,157.0
1785386056,0,total,S1,0.800000,0.000000,0,0,0,0,0,0,0,0,0,0,0,165,0,9400.0,9602.733620659406,1225.9388089878485,23057.671037968248,256.0
1785386056,0,TTFT,S2,0.900000,0.000000,0,0,0,0,0,0,0,0,0,0,0,465,0,310.0,1200.7236336677095,132.84717197529972,6137.453943025321,1153.0
1785386056,0,total,S2,0.900000,0.000000,0,0,0,0,0,0,0,0,0,0,0,465,0,8000.0,9194.310509109797,1273.4447169932537,26553.82179300068,256.0
1785386056,0,TTFT,S3,0.100000,0.000000,0,0,0,0,0,0,0,0,0,0,0,228,0,2800.0,3954.128726815454,2292.0104970107786,12347.627809969708,9649.0
1785386056,0,total,S3,0.100000,0.000000,0,0,0,0,0,0,0,0,0,0,0,228,0,11000.0,12070.724517914769,3469.237338984385,26659.82504497515,256.0
1785386056,0,,Aggregated,3.600000,0.000000,0,0,0,0,0,0,0,0,0,0,0,1716,0,3500.0,5961.88717453849,86.87065995763987,26659.82504497515,1737.56993006993
1785386057,0,TTFT,S1,0.800000,0.000000,0,0,0,0,0,0,0,0,0,0,0,165,0,240.0,962.363199449751,86.87065995763987,6214.09710199805,157.0
1785386057,0,total,S1,0.800000,0.000000,0,0,0,0,0,0,0,0,0,0,0,165,0,9400.0,9602.733620659406,1225.9388089878485,23057.671037968248,256.0
1785386057,0,TTFT,S2,0.900000,0.000000,0,0,0,0,0,0,0,0,0,0,0,465,0,310.0,1200.7236336677095,132.84717197529972,6137.453943025321,1153.0
1785386057,0,total,S2,0.900000,0.000000,0,0,0,0,0,0,0,0,0,0,0,465,0,8000.0,9194.310509109797,1273.4447169932537,26553.82179300068,256.0
1785386057,0,TTFT,S3,0.100000,0.000000,0,0,0,0,0,0,0,0,0,0,0,228,0,2800.0,3954.128726815454,2292.0104970107786,12347.627809969708,9649.0
1785386057,0,total,S3,0.100000,0.000000,0,0,0,0,0,0,0,0,0,0,0,228,0,11000.0,12070.724517914769,3469.237338984385,26659.82504497515,256.0
1785386057,0,,Aggregated,3.600000,0.000000,0,0,0,0,0,0,0,0,0,0,0,1716,0,3500.0,5961.88717453849,86.87065995763987,26659.82504497515,1737.56993006993
1785386058,0,TTFT,S1,0.800000,0.000000,0,0,0,0,0,0,0,0,0,0,0,165,0,240.0,962.363199449751,86.87065995763987,6214.09710199805,157.0
1785386058,0,total,S1,0.800000,0.000000,0,0,0,0,0,0,0,0,0,0,0,165,0,9400.0,9602.733620659406,1225.9388089878485,23057.671037968248,256.0
1785386058,0,TTFT,S2,0.900000,0.000000,0,0,0,0,0,0,0,0,0,0,0,465,0,310.0,1200.7236336677095,132.84717197529972,6137.453943025321,1153.0
1785386058,0,total,S2,0.900000,0.000000,0,0,0,0,0,0,0,0,0,0,0,465,0,8000.0,9194.310509109797,1273.4447169932537,26553.82179300068,256.0
1785386058,0,TTFT,S3,0.100000,0.000000,0,0,0,0,0,0,0,0,0,0,0,228,0,2800.0,3954.128726815454,2292.0104970107786,12347.627809969708,9649.0
1785386058,0,total,S3,0.100000,0.000000,0,0,0,0,0,0,0,0,0,0,0,228,0,11000.0,12070.724517914769,3469.237338984385,26659.82504497515,256.0
1785386058,0,,Aggregated,3.600000,0.000000,0,0,0,0,0,0,0,0,0,0,0,1716,0,3500.0,5961.88717453849,86.87065995763987,26659.82504497515,1737.56993006993
1785386059,0,TTFT,S1,0.800000,0.000000,0,0,0,0,0,0,0,0,0,0,0,165,0,240.0,962.363199449751,86.87065995763987,6214.09710199805,157.0
1785386059,0,total,S1,0.800000,0.000000,0,0,0,0,0,0,0,0,0,0,0,165,0,9400.0,9602.733620659406,1225.9388089878485,23057.671037968248,256.0
1785386059,0,TTFT,S2,0.900000,0.000000,0,0,0,0,0,0,0,0,0,0,0,465,0,310.0,1200.7236336677095,132.84717197529972,6137.453943025321,1153.0
1785386059,0,total,S2,0.900000,0.000000,0,0,0,0,0,0,0,0,0,0,0,465,0,8000.0,9194.310509109797,1273.4447169932537,26553.82179300068,256.0
1785386059,0,TTFT,S3,0.100000,0.000000,0,0,0,0,0,0,0,0,0,0,0,228,0,2800.0,3954.128726815454,2292.0104970107786,12347.627809969708,9649.0
1785386059,0,total,S3,0.100000,0.000000,0,0,0,0,0,0,0,0,0,0,0,228,0,11000.0,12070.724517914769,3469.237338984385,26659.82504497515,256.0
1785386059,0,,Aggregated,3.600000,0.000000,0,0,0,0,0,0,0,0,0,0,0,1716,0,3500.0,5961.88717453849,86.87065995763987,26659.82504497515,1737.56993006993
1785386060,0,TTFT,S1,0.800000,0.000000,0,0,0,0,0,0,0,0,0,0,0,165,0,240.0,962.363199449751,86.87065995763987,6214.09710199805,157.0
1785386060,0,total,S1,0.800000,0.000000,0,0,0,0,0,0,0,0,0,0,0,165,0,9400.0,9602.733620659406,1225.9388089878485,23057.671037968248,256.0
1785386060,0,TTFT,S2,0.900000,0.000000,0,0,0,0,0,0,0,0,0,0,0,465,0,310.0,1200.7236336677095,132.84717197529972,6137.453943025321,1153.0
1785386060,0,total,S2,0.900000,0.000000,0,0,0,0,0,0,0,0,0,0,0,465,0,8000.0,9194.310509109797,1273.4447169932537,26553.82179300068,256.0
1785386060,0,TTFT,S3,0.100000,0.000000,0,0,0,0,0,0,0,0,0,0,0,228,0,2800.0,3954.128726815454,2292.0104970107786,12347.627809969708,9649.0
1785386060,0,total,S3,0.100000,0.000000,0,0,0,0,0,0,0,0,0,0,0,228,0,11000.0,12070.724517914769,3469.237338984385,26659.82504497515,256.0
1785386060,0,,Aggregated,3.600000,0.000000,0,0,0,0,0,0,0,0,0,0,0,1716,0,3500.0,5961.88717453849,86.87065995763987,26659.82504497515,1737.56993006993
1785386061,0,TTFT,S1,0.800000,0.000000,0,0,0,0,0,0,0,0,0,0,0,165,0,240.0,962.363199449751,86.87065995763987,6214.09710199805,157.0
1785386061,0,total,S1,0.800000,0.000000,0,0,0,0,0,0,0,0,0,0,0,165,0,9400.0,9602.733620659406,1225.9388089878485,23057.671037968248,256.0
1785386061,0,TTFT,S2,0.900000,0.000000,0,0,0,0,0,0,0,0,0,0,0,465,0,310.0,1200.7236336677095,132.84717197529972,6137.453943025321,1153.0
1785386061,0,total,S2,0.900000,0.000000,0,0,0,0,0,0,0,0,0,0,0,465,0,8000.0,9194.310509109797,1273.4447169932537,26553.82179300068,256.0
1785386061,0,TTFT,S3,0.100000,0.000000,0,0,0,0,0,0,0,0,0,0,0,228,0,2800.0,3954.128726815454,2292.0104970107786,12347.627809969708,9649.0
1785386061,0,total,S3,0.100000,0.000000,0,0,0,0,0,0,0,0,0,0,0,228,0,11000.0,12070.724517914769,3469.237338984385,26659.82504497515,256.0
1785386061,0,,Aggregated,3.600000,0.000000,0,0,0,0,0,0,0,0,0,0,0,1716,0,3500.0,5961.88717453849,86.87065995763987,26659.82504497515,1737.56993006993
1785386062,0,TTFT,S1,0.800000,0.000000,0,0,0,0,0,0,0,0,0,0,0,165,0,240.0,962.363199449751,86.87065995763987,6214.09710199805,157.0
1785386062,0,total,S1,0.800000,0.000000,0,0,0,0,0,0,0,0,0,0,0,165,0,9400.0,9602.733620659406,1225.9388089878485,23057.671037968248,256.0
1785386062,0,TTFT,S2,0.900000,0.000000,0,0,0,0,0,0,0,0,0,0,0,465,0,310.0,1200.7236336677095,132.84717197529972,6137.453943025321,1153.0
1785386062,0,total,S2,0.900000,0.000000,0,0,0,0,0,0,0,0,0,0,0,465,0,8000.0,9194.310509109797,1273.4447169932537,26553.82179300068,256.0
1785386062,0,TTFT,S3,0.100000,0.000000,0,0,0,0,0,0,0,0,0,0,0,228,0,2800.0,3954.128726815454,2292.0104970107786,12347.627809969708,9649.0
1785386062,0,total,S3,0.100000,0.000000,0,0,0,0,0,0,0,0,0,0,0,228,0,11000.0,12070.724517914769,3469.237338984385,26659.82504497515,256.0
1785386062,0,,Aggregated,3.600000,0.000000,0,0,0,0,0,0,0,0,0,0,0,1716,0,3500.0,5961.88717453849,86.87065995763987,26659.82504497515,1737.56993006993
1785386063,0,TTFT,S1,0.800000,0.000000,0,0,0,0,0,0,0,0,0,0,0,165,0,240.0,962.363199449751,86.87065995763987,6214.09710199805,157.0
1785386063,0,total,S1,0.800000,0.000000,0,0,0,0,0,0,0,0,0,0,0,165,0,9400.0,9602.733620659406,1225.9388089878485,23057.671037968248,256.0
1785386063,0,TTFT,S2,0.900000,0.000000,0,0,0,0,0,0,0,0,0,0,0,465,0,310.0,1200.7236336677095,132.84717197529972,6137.453943025321,1153.0
1785386063,0,total,S2,0.900000,0.000000,0,0,0,0,0,0,0,0,0,0,0,465,0,8000.0,9194.310509109797,1273.4447169932537,26553.82179300068,256.0
1785386063,0,TTFT,S3,0.100000,0.000000,0,0,0,0,0,0,0,0,0,0,0,228,0,2800.0,3954.128726815454,2292.0104970107786,12347.627809969708,9649.0
1785386063,0,total,S3,0.100000,0.000000,0,0,0,0,0,0,0,0,0,0,0,228,0,11000.0,12070.724517914769,3469.237338984385,26659.82504497515,256.0
1785386063,0,,Aggregated,3.600000,0.000000,0,0,0,0,0,0,0,0,0,0,0,1716,0,3500.0,5961.88717453849,86.87065995763987,26659.82504497515,1737.56993006993
1785386064,0,TTFT,S1,0.800000,0.000000,0,0,0,0,0,0,0,0,0,0,0,165,0,240.0,962.363199449751,86.87065995763987,6214.09710199805,157.0
1785386064,0,total,S1,0.800000,0.000000,0,0,0,0,0,0,0,0,0,0,0,165,0,9400.0,9602.733620659406,1225.9388089878485,23057.671037968248,256.0
1785386064,0,TTFT,S2,0.900000,0.000000,0,0,0,0,0,0,0,0,0,0,0,465,0,310.0,1200.7236336677095,132.84717197529972,6137.453943025321,1153.0
1785386064,0,total,S2,0.900000,0.000000,0,0,0,0,0,0,0,0,0,0,0,465,0,8000.0,9194.310509109797,1273.4447169932537,26553.82179300068,256.0
1785386064,0,TTFT,S3,0.100000,0.000000,0,0,0,0,0,0,0,0,0,0,0,228,0,2800.0,3954.128726815454,2292.0104970107786,12347.627809969708,9649.0
1785386064,0,total,S3,0.100000,0.000000,0,0,0,0,0,0,0,0,0,0,0,228,0,11000.0,12070.724517914769,3469.237338984385,26659.82504497515,256.0
1785386064,0,,Aggregated,3.600000,0.000000,0,0,0,0,0,0,0,0,0,0,0,1716,0,3500.0,5961.88717453849,86.87065995763987,26659.82504497515,1737.56993006993
1785386065,0,TTFT,S1,0.800000,0.000000,0,0,0,0,0,0,0,0,0,0,0,165,0,240.0,962.363199449751,86.87065995763987,6214.09710199805,157.0
1785386065,0,total,S1,0.800000,0.000000,0,0,0,0,0,0,0,0,0,0,0,165,0,9400.0,9602.733620659406,1225.9388089878485,23057.671037968248,256.0
1785386065,0,TTFT,S2,0.900000,0.000000,0,0,0,0,0,0,0,0,0,0,0,465,0,310.0,1200.7236336677095,132.84717197529972,6137.453943025321,1153.0
1785386065,0,total,S2,0.900000,0.000000,0,0,0,0,0,0,0,0,0,0,0,465,0,8000.0,9194.310509109797,1273.4447169932537,26553.82179300068,256.0
1785386065,0,TTFT,S3,0.100000,0.000000,0,0,0,0,0,0,0,0,0,0,0,228,0,2800.0,3954.128726815454,2292.0104970107786,12347.627809969708,9649.0
1785386065,0,total,S3,0.100000,0.000000,0,0,0,0,0,0,0,0,0,0,0,228,0,11000.0,12070.724517914769,3469.237338984385,26659.82504497515,256.0
1785386065,0,,Aggregated,3.600000,0.000000,0,0,0,0,0,0,0,0,0,0,0,1716,0,3500.0,5961.88717453849,86.87065995763987,26659.82504497515,1737.56993006993
1785386066,0,TTFT,S1,0.800000,0.000000,0,0,0,0,0,0,0,0,0,0,0,165,0,240.0,962.363199449751,86.87065995763987,6214.09710199805,157.0
1785386066,0,total,S1,0.800000,0.000000,0,0,0,0,0,0,0,0,0,0,0,165,0,9400.0,9602.733620659406,1225.9388089878485,23057.671037968248,256.0
1785386066,0,TTFT,S2,0.900000,0.000000,0,0,0,0,0,0,0,0,0,0,0,465,0,310.0,1200.7236336677095,132.84717197529972,6137.453943025321,1153.0
1785386066,0,total,S2,0.900000,0.000000,0,0,0,0,0,0,0,0,0,0,0,465,0,8000.0,9194.310509109797,1273.4447169932537,26553.82179300068,256.0
1785386066,0,TTFT,S3,0.100000,0.000000,0,0,0,0,0,0,0,0,0,0,0,228,0,2800.0,3954.128726815454,2292.0104970107786,12347.627809969708,9649.0
1785386066,0,total,S3,0.100000,0.000000,0,0,0,0,0,0,0,0,0,0,0,228,0,11000.0,12070.724517914769,3469.237338984385,26659.82504497515,256.0
1785386066,0,,Aggregated,3.600000,0.000000,0,0,0,0,0,0,0,0,0,0,0,1716,0,3500.0,5961.88717453849,86.87065995763987,26659.82504497515,1737.56993006993
1785386067,0,TTFT,S1,0.800000,0.000000,0,0,0,0,0,0,0,0,0,0,0,165,0,240.0,962.363199449751,86.87065995763987,6214.09710199805,157.0
1785386067,0,total,S1,0.800000,0.000000,0,0,0,0,0,0,0,0,0,0,0,165,0,9400.0,9602.733620659406,1225.9388089878485,23057.671037968248,256.0
1785386067,0,TTFT,S2,0.900000,0.000000,0,0,0,0,0,0,0,0,0,0,0,465,0,310.0,1200.7236336677095,132.84717197529972,6137.453943025321,1153.0
1785386067,0,total,S2,0.900000,0.000000,0,0,0,0,0,0,0,0,0,0,0,465,0,8000.0,9194.310509109797,1273.4447169932537,26553.82179300068,256.0
1785386067,0,TTFT,S3,0.100000,0.000000,0,0,0,0,0,0,0,0,0,0,0,228,0,2800.0,3954.128726815454,2292.0104970107786,12347.627809969708,9649.0
1785386067,0,total,S3,0.100000,0.000000,0,0,0,0,0,0,0,0,0,0,0,228,0,11000.0,12070.724517914769,3469.237338984385,26659.82504497515,256.0
1785386067,0,,Aggregated,3.600000,0.000000,0,0,0,0,0,0,0,0,0,0,0,1716,0,3500.0,5961.88717453849,86.87065995763987,26659.82504497515,1737.56993006993
1785386068,0,TTFT,S1,0.800000,0.000000,0,0,0,0,0,0,0,0,0,0,0,165,0,240.0,962.363199449751,86.87065995763987,6214.09710199805,157.0
1785386068,0,total,S1,0.800000,0.000000,0,0,0,0,0,0,0,0,0,0,0,165,0,9400.0,9602.733620659406,1225.9388089878485,23057.671037968248,256.0
1785386068,0,TTFT,S2,0.900000,0.000000,0,0,0,0,0,0,0,0,0,0,0,465,0,310.0,1200.7236336677095,132.84717197529972,6137.453943025321,1153.0
1785386068,0,total,S2,0.900000,0.000000,0,0,0,0,0,0,0,0,0,0,0,465,0,8000.0,9194.310509109797,1273.4447169932537,26553.82179300068,256.0
1785386068,0,TTFT,S3,0.100000,0.000000,0,0,0,0,0,0,0,0,0,0,0,228,0,2800.0,3954.128726815454,2292.0104970107786,12347.627809969708,9649.0
1785386068,0,total,S3,0.100000,0.000000,0,0,0,0,0,0,0,0,0,0,0,228,0,11000.0,12070.724517914769,3469.237338984385,26659.82504497515,256.0
1785386068,0,,Aggregated,3.600000,0.000000,0,0,0,0,0,0,0,0,0,0,0,1716,0,3500.0,5961.88717453849,86.87065995763987,26659.82504497515,1737.56993006993
1785386069,0,TTFT,S1,0.800000,0.000000,0,0,0,0,0,0,0,0,0,0,0,165,0,240.0,962.363199449751,86.87065995763987,6214.09710199805,157.0
1785386069,0,total,S1,0.800000,0.000000,0,0,0,0,0,0,0,0,0,0,0,165,0,9400.0,9602.733620659406,1225.9388089878485,23057.671037968248,256.0
1785386069,0,TTFT,S2,0.900000,0.000000,0,0,0,0,0,0,0,0,0,0,0,465,0,310.0,1200.7236336677095,132.84717197529972,6137.453943025321,1153.0
1785386069,0,total,S2,0.900000,0.000000,0,0,0,0,0,0,0,0,0,0,0,465,0,8000.0,9194.310509109797,1273.4447169932537,26553.82179300068,256.0
1785386069,0,TTFT,S3,0.100000,0.000000,0,0,0,0,0,0,0,0,0,0,0,228,0,2800.0,3954.128726815454,2292.0104970107786,12347.627809969708,9649.0
1785386069,0,total,S3,0.100000,0.000000,0,0,0,0,0,0,0,0,0,0,0,228,0,11000.0,12070.724517914769,3469.237338984385,26659.82504497515,256.0
1785386069,0,,Aggregated,3.600000,0.000000,0,0,0,0,0,0,0,0,0,0,0,1716,0,3500.0,5961.88717453849,86.87065995763987,26659.82504497515,1737.56993006993
1785386070,0,TTFT,S1,0.800000,0.000000,0,0,0,0,0,0,0,0,0,0,0,165,0,240.0,962.363199449751,86.87065995763987,6214.09710199805,157.0
1785386070,0,total,S1,0.800000,0.000000,0,0,0,0,0,0,0,0,0,0,0,165,0,9400.0,9602.733620659406,1225.9388089878485,23057.671037968248,256.0
1785386070,0,TTFT,S2,0.900000,0.000000,0,0,0,0,0,0,0,0,0,0,0,465,0,310.0,1200.7236336677095,132.84717197529972,6137.453943025321,1153.0
1785386070,0,total,S2,0.900000,0.000000,0,0,0,0,0,0,0,0,0,0,0,465,0,8000.0,9194.310509109797,1273.4447169932537,26553.82179300068,256.0
1785386070,0,TTFT,S3,0.100000,0.000000,0,0,0,0,0,0,0,0,0,0,0,228,0,2800.0,3954.128726815454,2292.0104970107786,12347.627809969708,9649.0
1785386070,0,total,S3,0.100000,0.000000,0,0,0,0,0,0,0,0,0,0,0,228,0,11000.0,12070.724517914769,3469.237338984385,26659.82504497515,256.0
1785386070,0,,Aggregated,3.600000,0.000000,0,0,0,0,0,0,0,0,0,0,0,1716,0,3500.0,5961.88717453849,86.87065995763987,26659.82504497515,1737.56993006993
1785386071,0,TTFT,S1,0.800000,0.000000,0,0,0,0,0,0,0,0,0,0,0,165,0,240.0,962.363199449751,86.87065995763987,6214.09710199805,157.0
1785386071,0,total,S1,0.800000,0.000000,0,0,0,0,0,0,0,0,0,0,0,165,0,9400.0,9602.733620659406,1225.9388089878485,23057.671037968248,256.0
1785386071,0,TTFT,S2,0.900000,0.000000,0,0,0,0,0,0,0,0,0,0,0,465,0,310.0,1200.7236336677095,132.84717197529972,6137.453943025321,1153.0
1785386071,0,total,S2,0.900000,0.000000,0,0,0,0,0,0,0,0,0,0,0,465,0,8000.0,9194.310509109797,1273.4447169932537,26553.82179300068,256.0
1785386071,0,TTFT,S3,0.100000,0.000000,0,0,0,0,0,0,0,0,0,0,0,228,0,2800.0,3954.128726815454,2292.0104970107786,12347.627809969708,9649.0
1785386071,0,total,S3,0.100000,0.000000,0,0,0,0,0,0,0,0,0,0,0,228,0,11000.0,12070.724517914769,3469.237338984385,26659.82504497515,256.0
1785386071,0,,Aggregated,3.600000,0.000000,0,0,0,0,0,0,0,0,0,0,0,1716,0,3500.0,5961.88717453849,86.87065995763987,26659.82504497515,1737.56993006993
1785386072,0,TTFT,S1,0.800000,0.000000,0,0,0,0,0,0,0,0,0,0,0,165,0,240.0,962.363199449751,86.87065995763987,6214.09710199805,157.0
1785386072,0,total,S1,0.800000,0.000000,0,0,0,0,0,0,0,0,0,0,0,165,0,9400.0,9602.733620659406,1225.9388089878485,23057.671037968248,256.0
1785386072,0,TTFT,S2,0.900000,0.000000,0,0,0,0,0,0,0,0,0,0,0,465,0,310.0,1200.7236336677095,132.84717197529972,6137.453943025321,1153.0
1785386072,0,total,S2,0.900000,0.000000,0,0,0,0,0,0,0,0,0,0,0,465,0,8000.0,9194.310509109797,1273.4447169932537,26553.82179300068,256.0
1785386072,0,TTFT,S3,0.100000,0.000000,0,0,0,0,0,0,0,0,0,0,0,228,0,2800.0,3954.128726815454,2292.0104970107786,12347.627809969708,9649.0
1785386072,0,total,S3,0.100000,0.000000,0,0,0,0,0,0,0,0,0,0,0,228,0,11000.0,12070.724517914769,3469.237338984385,26659.82504497515,256.0
1785386072,0,,Aggregated,3.600000,0.000000,0,0,0,0,0,0,0,0,0,0,0,1716,0,3500.0,5961.88717453849,86.87065995763987,26659.82504497515,1737.56993006993
1785386073,0,TTFT,S1,0.800000,0.000000,0,0,0,0,0,0,0,0,0,0,0,165,0,240.0,962.363199449751,86.87065995763987,6214.09710199805,157.0
1785386073,0,total,S1,0.800000,0.000000,0,0,0,0,0,0,0,0,0,0,0,165,0,9400.0,9602.733620659406,1225.9388089878485,23057.671037968248,256.0
1785386073,0,TTFT,S2,0.900000,0.000000,0,0,0,0,0,0,0,0,0,0,0,465,0,310.0,1200.7236336677095,132.84717197529972,6137.453943025321,1153.0
1785386073,0,total,S2,0.900000,0.000000,0,0,0,0,0,0,0,0,0,0,0,465,0,8000.0,9194.310509109797,1273.4447169932537,26553.82179300068,256.0
1785386073,0,TTFT,S3,0.100000,0.000000,0,0,0,0,0,0,0,0,0,0,0,228,0,2800.0,3954.128726815454,2292.0104970107786,12347.627809969708,9649.0
1785386073,0,total,S3,0.100000,0.000000,0,0,0,0,0,0,0,0,0,0,0,228,0,11000.0,12070.724517914769,3469.237338984385,26659.82504497515,256.0
1785386073,0,,Aggregated,3.600000,0.000000,0,0,0,0,0,0,0,0,0,0,0,1716,0,3500.0,5961.88717453849,86.87065995763987,26659.82504497515,1737.56993006993
1785386074,0,TTFT,S1,0.800000,0.000000,0,0,0,0,0,0,0,0,0,0,0,165,0,240.0,962.363199449751,86.87065995763987,6214.09710199805,157.0
1785386074,0,total,S1,0.800000,0.000000,0,0,0,0,0,0,0,0,0,0,0,165,0,9400.0,9602.733620659406,1225.9388089878485,23057.671037968248,256.0
1785386074,0,TTFT,S2,0.900000,0.000000,0,0,0,0,0,0,0,0,0,0,0,465,0,310.0,1200.7236336677095,132.84717197529972,6137.453943025321,1153.0
1785386074,0,total,S2,0.900000,0.000000,0,0,0,0,0,0,0,0,0,0,0,465,0,8000.0,9194.310509109797,1273.4447169932537,26553.82179300068,256.0
1785386074,0,TTFT,S3,0.100000,0.000000,0,0,0,0,0,0,0,0,0,0,0,228,0,2800.0,3954.128726815454,2292.0104970107786,12347.627809969708,9649.0
1785386074,0,total,S3,0.100000,0.000000,0,0,0,0,0,0,0,0,0,0,0,228,0,11000.0,12070.724517914769,3469.237338984385,26659.82504497515,256.0
1785386074,0,,Aggregated,3.600000,0.000000,0,0,0,0,0,0,0,0,0,0,0,1716,0,3500.0,5961.88717453849,86.87065995763987,26659.82504497515,1737.56993006993
1785386075,0,TTFT,S1,0.800000,0.000000,0,0,0,0,0,0,0,0,0,0,0,165,0,240.0,962.363199449751,86.87065995763987,6214.09710199805,157.0
1785386075,0,total,S1,0.800000,0.000000,0,0,0,0,0,0,0,0,0,0,0,165,0,9400.0,9602.733620659406,1225.9388089878485,23057.671037968248,256.0
1785386075,0,TTFT,S2,0.900000,0.000000,0,0,0,0,0,0,0,0,0,0,0,465,0,310.0,1200.7236336677095,132.84717197529972,6137.453943025321,1153.0
1785386075,0,total,S2,0.900000,0.000000,0,0,0,0,0,0,0,0,0,0,0,465,0,8000.0,9194.310509109797,1273.4447169932537,26553.82179300068,256.0
1785386075,0,TTFT,S3,0.100000,0.000000,0,0,0,0,0,0,0,0,0,0,0,228,0,2800.0,3954.128726815454,2292.0104970107786,12347.627809969708,9649.0
1785386075,0,total,S3,0.100000,0.000000,0,0,0,0,0,0,0,0,0,0,0,228,0,11000.0,12070.724517914769,3469.237338984385,26659.82504497515,256.0
1785386075,0,,Aggregated,3.600000,0.000000,0,0,0,0,0,0,0,0,0,0,0,1716,0,3500.0,5961.88717453849,86.87065995763987,26659.82504497515,1737.56993006993
1785386076,0,TTFT,S1,0.800000,0.000000,0,0,0,0,0,0,0,0,0,0,0,165,0,240.0,962.363199449751,86.87065995763987,6214.09710199805,157.0
1785386076,0,total,S1,0.800000,0.000000,0,0,0,0,0,0,0,0,0,0,0,165,0,9400.0,9602.733620659406,1225.9388089878485,23057.671037968248,256.0
1785386076,0,TTFT,S2,0.900000,0.000000,0,0,0,0,0,0,0,0,0,0,0,465,0,310.0,1200.7236336677095,132.84717197529972,6137.453943025321,1153.0
1785386076,0,total,S2,0.900000,0.000000,0,0,0,0,0,0,0,0,0,0,0,465,0,8000.0,9194.310509109797,1273.4447169932537,26553.82179300068,256.0
1785386076,0,TTFT,S3,0.100000,0.000000,0,0,0,0,0,0,0,0,0,0,0,228,0,2800.0,3954.128726815454,2292.0104970107786,12347.627809969708,9649.0
1785386076,0,total,S3,0.100000,0.000000,0,0,0,0,0,0,0,0,0,0,0,228,0,11000.0,12070.724517914769,3469.237338984385,26659.82504497515,256.0
1785386076,0,,Aggregated,3.600000,0.000000,0,0,0,0,0,0,0,0,0,0,0,1716,0,3500.0,5961.88717453849,86.87065995763987,26659.82504497515,1737.56993006993
1785386077,0,TTFT,S1,0.800000,0.000000,0,0,0,0,0,0,0,0,0,0,0,165,0,240.0,962.363199449751,86.87065995763987,6214.09710199805,157.0
1785386077,0,total,S1,0.800000,0.000000,0,0,0,0,0,0,0,0,0,0,0,165,0,9400.0,9602.733620659406,1225.9388089878485,23057.671037968248,256.0
1785386077,0,TTFT,S2,0.900000,0.000000,0,0,0,0,0,0,0,0,0,0,0,465,0,310.0,1200.7236336677095,132.84717197529972,6137.453943025321,1153.0
1785386077,0,total,S2,0.900000,0.000000,0,0,0,0,0,0,0,0,0,0,0,465,0,8000.0,9194.310509109797,1273.4447169932537,26553.82179300068,256.0
1785386077,0,TTFT,S3,0.100000,0.000000,0,0,0,0,0,0,0,0,0,0,0,228,0,2800.0,3954.128726815454,2292.0104970107786,12347.627809969708,9649.0
1785386077,0,total,S3,0.100000,0.000000,0,0,0,0,0,0,0,0,0,0,0,228,0,11000.0,12070.724517914769,3469.237338984385,26659.82504497515,256.0
1785386077,0,,Aggregated,3.600000,0.000000,0,0,0,0,0,0,0,0,0,0,0,1716,0,3500.0,5961.88717453849,86.87065995763987,26659.82504497515,1737.56993006993
1785386078,0,TTFT,S1,0.800000,0.000000,0,0,0,0,0,0,0,0,0,0,0,165,0,240.0,962.363199449751,86.87065995763987,6214.09710199805,157.0
1785386078,0,total,S1,0.800000,0.000000,0,0,0,0,0,0,0,0,0,0,0,165,0,9400.0,9602.733620659406,1225.9388089878485,23057.671037968248,256.0
1785386078,0,TTFT,S2,0.900000,0.000000,0,0,0,0,0,0,0,0,0,0,0,465,0,310.0,1200.7236336677095,132.84717197529972,6137.453943025321,1153.0
1785386078,0,total,S2,0.900000,0.000000,0,0,0,0,0,0,0,0,0,0,0,465,0,8000.0,9194.310509109797,1273.4447169932537,26553.82179300068,256.0
1785386078,0,TTFT,S3,0.100000,0.000000,0,0,0,0,0,0,0,0,0,0,0,228,0,2800.0,3954.128726815454,2292.0104970107786,12347.627809969708,9649.0
1785386078,0,total,S3,0.100000,0.000000,0,0,0,0,0,0,0,0,0,0,0,228,0,11000.0,12070.724517914769,3469.237338984385,26659.82504497515,256.0
1785386078,0,,Aggregated,3.600000,0.000000,0,0,0,0,0,0,0,0,0,0,0,1716,0,3500.0,5961.88717453849,86.87065995763987,26659.82504497515,1737.56993006993
1785386079,0,TTFT,S1,0.800000,0.000000,0,0,0,0,0,0,0,0,0,0,0,165,0,240.0,962.363199449751,86.87065995763987,6214.09710199805,157.0
1785386079,0,total,S1,0.800000,0.000000,0,0,0,0,0,0,0,0,0,0,0,165,0,9400.0,9602.733620659406,1225.9388089878485,23057.671037968248,256.0
1785386079,0,TTFT,S2,0.900000,0.000000,0,0,0,0,0,0,0,0,0,0,0,465,0,310.0,1200.7236336677095,132.84717197529972,6137.453943025321,1153.0
1785386079,0,total,S2,0.900000,0.000000,0,0,0,0,0,0,0,0,0,0,0,465,0,8000.0,9194.310509109797,1273.4447169932537,26553.82179300068,256.0
1785386079,0,TTFT,S3,0.100000,0.000000,0,0,0,0,0,0,0,0,0,0,0,228,0,2800.0,3954.128726815454,2292.0104970107786,12347.627809969708,9649.0
1785386079,0,total,S3,0.100000,0.000000,0,0,0,0,0,0,0,0,0,0,0,228,0,11000.0,12070.724517914769,3469.237338984385,26659.82504497515,256.0
1785386079,0,,Aggregated,3.600000,0.000000,0,0,0,0,0,0,0,0,0,0,0,1716,0,3500.0,5961.88717453849,86.87065995763987,26659.82504497515,1737.56993006993
1785386080,0,TTFT,S1,0.800000,0.000000,0,0,0,0,0,0,0,0,0,0,0,165,0,240.0,962.363199449751,86.87065995763987,6214.09710199805,157.0
1785386080,0,total,S1,0.800000,0.000000,0,0,0,0,0,0,0,0,0,0,0,165,0,9400.0,9602.733620659406,1225.9388089878485,23057.671037968248,256.0
1785386080,0,TTFT,S2,0.900000,0.000000,0,0,0,0,0,0,0,0,0,0,0,465,0,310.0,1200.7236336677095,132.84717197529972,6137.453943025321,1153.0
1785386080,0,total,S2,0.900000,0.000000,0,0,0,0,0,0,0,0,0,0,0,465,0,8000.0,9194.310509109797,1273.4447169932537,26553.82179300068,256.0
1785386080,0,TTFT,S3,0.100000,0.000000,0,0,0,0,0,0,0,0,0,0,0,228,0,2800.0,3954.128726815454,2292.0104970107786,12347.627809969708,9649.0
1785386080,0,total,S3,0.100000,0.000000,0,0,0,0,0,0,0,0,0,0,0,228,0,11000.0,12070.724517914769,3469.237338984385,26659.82504497515,256.0
1785386080,0,,Aggregated,3.600000,0.000000,0,0,0,0,0,0,0,0,0,0,0,1716,0,3500.0,5961.88717453849,86.87065995763987,26659.82504497515,1737.56993006993
1785386081,0,TTFT,S1,0.800000,0.000000,0,0,0,0,0,0,0,0,0,0,0,165,0,240.0,962.363199449751,86.87065995763987,6214.09710199805,157.0
1785386081,0,total,S1,0.800000,0.000000,0,0,0,0,0,0,0,0,0,0,0,165,0,9400.0,9602.733620659406,1225.9388089878485,23057.671037968248,256.0
1785386081,0,TTFT,S2,0.900000,0.000000,0,0,0,0,0,0,0,0,0,0,0,465,0,310.0,1200.7236336677095,132.84717197529972,6137.453943025321,1153.0
1785386081,0,total,S2,0.900000,0.000000,0,0,0,0,0,0,0,0,0,0,0,465,0,8000.0,9194.310509109797,1273.4447169932537,26553.82179300068,256.0
1785386081,0,TTFT,S3,0.100000,0.000000,0,0,0,0,0,0,0,0,0,0,0,228,0,2800.0,3954.128726815454,2292.0104970107786,12347.627809969708,9649.0
1785386081,0,total,S3,0.100000,0.000000,0,0,0,0,0,0,0,0,0,0,0,228,0,11000.0,12070.724517914769,3469.237338984385,26659.82504497515,256.0
1785386081,0,,Aggregated,3.600000,0.000000,0,0,0,0,0,0,0,0,0,0,0,1716,0,3500.0,5961.88717453849,86.87065995763987,26659.82504497515,1737.56993006993
1785386082,0,TTFT,S1,0.800000,0.000000,0,0,0,0,0,0,0,0,0,0,0,165,0,240.0,962.363199449751,86.87065995763987,6214.09710199805,157.0
1785386082,0,total,S1,0.800000,0.000000,0,0,0,0,0,0,0,0,0,0,0,165,0,9400.0,9602.733620659406,1225.9388089878485,23057.671037968248,256.0
1785386082,0,TTFT,S2,0.900000,0.000000,0,0,0,0,0,0,0,0,0,0,0,465,0,310.0,1200.7236336677095,132.84717197529972,6137.453943025321,1153.0
1785386082,0,total,S2,0.900000,0.000000,0,0,0,0,0,0,0,0,0,0,0,465,0,8000.0,9194.310509109797,1273.4447169932537,26553.82179300068,256.0
1785386082,0,TTFT,S3,0.100000,0.000000,0,0,0,0,0,0,0,0,0,0,0,228,0,2800.0,3954.128726815454,2292.0104970107786,12347.627809969708,9649.0
1785386082,0,total,S3,0.100000,0.000000,0,0,0,0,0,0,0,0,0,0,0,228,0,11000.0,12070.724517914769,3469.237338984385,26659.82504497515,256.0
1785386082,0,,Aggregated,3.600000,0.000000,0,0,0,0,0,0,0,0,0,0,0,1716,0,3500.0,5961.88717453849,86.87065995763987,26659.82504497515,1737.56993006993
1785386083,0,TTFT,S1,0.800000,0.000000,0,0,0,0,0,0,0,0,0,0,0,165,0,240.0,962.363199449751,86.87065995763987,6214.09710199805,157.0
1785386083,0,total,S1,0.800000,0.000000,0,0,0,0,0,0,0,0,0,0,0,165,0,9400.0,9602.733620659406,1225.9388089878485,23057.671037968248,256.0
1785386083,0,TTFT,S2,0.900000,0.000000,0,0,0,0,0,0,0,0,0,0,0,465,0,310.0,1200.7236336677095,132.84717197529972,6137.453943025321,1153.0
1785386083,0,total,S2,0.900000,0.000000,0,0,0,0,0,0,0,0,0,0,0,465,0,8000.0,9194.310509109797,1273.4447169932537,26553.82179300068,256.0
1785386083,0,TTFT,S3,0.100000,0.000000,0,0,0,0,0,0,0,0,0,0,0,228,0,2800.0,3954.128726815454,2292.0104970107786,12347.627809969708,9649.0
1785386083,0,total,S3,0.100000,0.000000,0,0,0,0,0,0,0,0,0,0,0,228,0,11000.0,12070.724517914769,3469.237338984385,26659.82504497515,256.0
1785386083,0,,Aggregated,3.600000,0.000000,0,0,0,0,0,0,0,0,0,0,0,1716,0,3500.0,5961.88717453849,86.87065995763987,26659.82504497515,1737.56993006993
1785386084,0,TTFT,S1,0.800000,0.000000,0,0,0,0,0,0,0,0,0,0,0,165,0,240.0,962.363199449751,86.87065995763987,6214.09710199805,157.0
1785386084,0,total,S1,0.800000,0.000000,0,0,0,0,0,0,0,0,0,0,0,165,0,9400.0,9602.733620659406,1225.9388089878485,23057.671037968248,256.0
1785386084,0,TTFT,S2,0.900000,0.000000,0,0,0,0,0,0,0,0,0,0,0,465,0,310.0,1200.7236336677095,132.84717197529972,6137.453943025321,1153.0
1785386084,0,total,S2,0.900000,0.000000,0,0,0,0,0,0,0,0,0,0,0,465,0,8000.0,9194.310509109797,1273.4447169932537,26553.82179300068,256.0
1785386084,0,TTFT,S3,0.100000,0.000000,0,0,0,0,0,0,0,0,0,0,0,228,0,2800.0,3954.128726815454,2292.0104970107786,12347.627809969708,9649.0
1785386084,0,total,S3,0.100000,0.000000,0,0,0,0,0,0,0,0,0,0,0,228,0,11000.0,12070.724517914769,3469.237338984385,26659.82504497515,256.0
1785386084,0,,Aggregated,3.600000,0.000000,0,0,0,0,0,0,0,0,0,0,0,1716,0,3500.0,5961.88717453849,86.87065995763987,26659.82504497515,1737.56993006993
1785386085,0,TTFT,S1,0.800000,0.000000,0,0,0,0,0,0,0,0,0,0,0,165,0,240.0,962.363199449751,86.87065995763987,6214.09710199805,157.0
1785386085,0,total,S1,0.800000,0.000000,0,0,0,0,0,0,0,0,0,0,0,165,0,9400.0,9602.733620659406,1225.9388089878485,23057.671037968248,256.0
1785386085,0,TTFT,S2,0.900000,0.000000,0,0,0,0,0,0,0,0,0,0,0,465,0,310.0,1200.7236336677095,132.84717197529972,6137.453943025321,1153.0
1785386085,0,total,S2,0.900000,0.000000,0,0,0,0,0,0,0,0,0,0,0,465,0,8000.0,9194.310509109797,1273.4447169932537,26553.82179300068,256.0
1785386085,0,TTFT,S3,0.100000,0.000000,0,0,0,0,0,0,0,0,0,0,0,228,0,2800.0,3954.128726815454,2292.0104970107786,12347.627809969708,9649.0
1785386085,0,total,S3,0.100000,0.000000,0,0,0,0,0,0,0,0,0,0,0,228,0,11000.0,12070.724517914769,3469.237338984385,26659.82504497515,256.0
1785386085,0,,Aggregated,3.600000,0.000000,0,0,0,0,0,0,0,0,0,0,0,1716,0,3500.0,5961.88717453849,86.87065995763987,26659.82504497515,1737.56993006993
1785386086,0,TTFT,S1,0.800000,0.000000,0,0,0,0,0,0,0,0,0,0,0,165,0,240.0,962.363199449751,86.87065995763987,6214.09710199805,157.0
1785386086,0,total,S1,0.800000,0.000000,0,0,0,0,0,0,0,0,0,0,0,165,0,9400.0,9602.733620659406,1225.9388089878485,23057.671037968248,256.0
1785386086,0,TTFT,S2,0.900000,0.000000,0,0,0,0,0,0,0,0,0,0,0,465,0,310.0,1200.7236336677095,132.84717197529972,6137.453943025321,1153.0
1785386086,0,total,S2,0.900000,0.000000,0,0,0,0,0,0,0,0,0,0,0,465,0,8000.0,9194.310509109797,1273.4447169932537,26553.82179300068,256.0
1785386086,0,TTFT,S3,0.100000,0.000000,0,0,0,0,0,0,0,0,0,0,0,228,0,2800.0,3954.128726815454,2292.0104970107786,12347.627809969708,9649.0
1785386086,0,total,S3,0.100000,0.000000,0,0,0,0,0,0,0,0,0,0,0,228,0,11000.0,12070.724517914769,3469.237338984385,26659.82504497515,256.0
1785386086,0,,Aggregated,3.600000,0.000000,0,0,0,0,0,0,0,0,0,0,0,1716,0,3500.0,5961.88717453849,86.87065995763987,26659.82504497515,1737.56993006993
1785386087,0,TTFT,S1,0.800000,0.000000,0,0,0,0,0,0,0,0,0,0,0,165,0,240.0,962.363199449751,86.87065995763987,6214.09710199805,157.0
1785386087,0,total,S1,0.800000,0.000000,0,0,0,0,0,0,0,0,0,0,0,165,0,9400.0,9602.733620659406,1225.9388089878485,23057.671037968248,256.0
1785386087,0,TTFT,S2,0.900000,0.000000,0,0,0,0,0,0,0,0,0,0,0,465,0,310.0,1200.7236336677095,132.84717197529972,6137.453943025321,1153.0
1785386087,0,total,S2,0.900000,0.000000,0,0,0,0,0,0,0,0,0,0,0,465,0,8000.0,9194.310509109797,1273.4447169932537,26553.82179300068,256.0
1785386087,0,TTFT,S3,0.100000,0.000000,0,0,0,0,0,0,0,0,0,0,0,228,0,2800.0,3954.128726815454,2292.0104970107786,12347.627809969708,9649.0
1785386087,0,total,S3,0.100000,0.000000,0,0,0,0,0,0,0,0,0,0,0,228,0,11000.0,12070.724517914769,3469.237338984385,26659.82504497515,256.0
1785386087,0,,Aggregated,3.600000,0.000000,0,0,0,0,0,0,0,0,0,0,0,1716,0,3500.0,5961.88717453849,86.87065995763987,26659.82504497515,1737.56993006993
1785386088,0,TTFT,S1,0.800000,0.000000,0,0,0,0,0,0,0,0,0,0,0,165,0,240.0,962.363199449751,86.87065995763987,6214.09710199805,157.0
1785386088,0,total,S1,0.800000,0.000000,0,0,0,0,0,0,0,0,0,0,0,165,0,9400.0,9602.733620659406,1225.9388089878485,23057.671037968248,256.0
1785386088,0,TTFT,S2,0.900000,0.000000,0,0,0,0,0,0,0,0,0,0,0,465,0,310.0,1200.7236336677095,132.84717197529972,6137.453943025321,1153.0
1785386088,0,total,S2,0.900000,0.000000,0,0,0,0,0,0,0,0,0,0,0,465,0,8000.0,9194.310509109797,1273.4447169932537,26553.82179300068,256.0
1785386088,0,TTFT,S3,0.100000,0.000000,0,0,0,0,0,0,0,0,0,0,0,228,0,2800.0,3954.128726815454,2292.0104970107786,12347.627809969708,9649.0
1785386088,0,total,S3,0.100000,0.000000,0,0,0,0,0,0,0,0,0,0,0,228,0,11000.0,12070.724517914769,3469.237338984385,26659.82504497515,256.0
1785386088,0,,Aggregated,3.600000,0.000000,0,0,0,0,0,0,0,0,0,0,0,1716,0,3500.0,5961.88717453849,86.87065995763987,26659.82504497515,1737.56993006993
1785386089,0,TTFT,S1,0.800000,0.000000,0,0,0,0,0,0,0,0,0,0,0,165,0,240.0,962.363199449751,86.87065995763987,6214.09710199805,157.0
1785386089,0,total,S1,0.800000,0.000000,0,0,0,0,0,0,0,0,0,0,0,165,0,9400.0,9602.733620659406,1225.9388089878485,23057.671037968248,256.0
1785386089,0,TTFT,S2,0.900000,0.000000,0,0,0,0,0,0,0,0,0,0,0,465,0,310.0,1200.7236336677095,132.84717197529972,6137.453943025321,1153.0
1785386089,0,total,S2,0.900000,0.000000,0,0,0,0,0,0,0,0,0,0,0,465,0,8000.0,9194.310509109797,1273.4447169932537,26553.82179300068,256.0
1785386089,0,TTFT,S3,0.100000,0.000000,0,0,0,0,0,0,0,0,0,0,0,228,0,2800.0,3954.128726815454,2292.0104970107786,12347.627809969708,9649.0
1785386089,0,total,S3,0.100000,0.000000,0,0,0,0,0,0,0,0,0,0,0,228,0,11000.0,12070.724517914769,3469.237338984385,26659.82504497515,256.0
1785386089,0,,Aggregated,3.600000,0.000000,0,0,0,0,0,0,0,0,0,0,0,1716,0,3500.0,5961.88717453849,86.87065995763987,26659.82504497515,1737.56993006993
1785386090,0,TTFT,S1,0.800000,0.000000,0,0,0,0,0,0,0,0,0,0,0,165,0,240.0,962.363199449751,86.87065995763987,6214.09710199805,157.0
1785386090,0,total,S1,0.800000,0.000000,0,0,0,0,0,0,0,0,0,0,0,165,0,9400.0,9602.733620659406,1225.9388089878485,23057.671037968248,256.0
1785386090,0,TTFT,S2,0.900000,0.000000,0,0,0,0,0,0,0,0,0,0,0,465,0,310.0,1200.7236336677095,132.84717197529972,6137.453943025321,1153.0
1785386090,0,total,S2,0.900000,0.000000,0,0,0,0,0,0,0,0,0,0,0,465,0,8000.0,9194.310509109797,1273.4447169932537,26553.82179300068,256.0
1785386090,0,TTFT,S3,0.100000,0.000000,0,0,0,0,0,0,0,0,0,0,0,228,0,2800.0,3954.128726815454,2292.0104970107786,12347.627809969708,9649.0
1785386090,0,total,S3,0.100000,0.000000,0,0,0,0,0,0,0,0,0,0,0,228,0,11000.0,12070.724517914769,3469.237338984385,26659.82504497515,256.0
1785386090,0,,Aggregated,3.600000,0.000000,0,0,0,0,0,0,0,0,0,0,0,1716,0,3500.0,5961.88717453849,86.87065995763987,26659.82504497515,1737.56993006993
1785386091,0,TTFT,S1,0.800000,0.000000,0,0,0,0,0,0,0,0,0,0,0,165,0,240.0,962.363199449751,86.87065995763987,6214.09710199805,157.0
1785386091,0,total,S1,0.800000,0.000000,0,0,0,0,0,0,0,0,0,0,0,165,0,9400.0,9602.733620659406,1225.9388089878485,23057.671037968248,256.0
1785386091,0,TTFT,S2,0.900000,0.000000,0,0,0,0,0,0,0,0,0,0,0,465,0,310.0,1200.7236336677095,132.84717197529972,6137.453943025321,1153.0
1785386091,0,total,S2,0.900000,0.000000,0,0,0,0,0,0,0,0,0,0,0,465,0,8000.0,9194.310509109797,1273.4447169932537,26553.82179300068,256.0
1785386091,0,TTFT,S3,0.100000,0.000000,0,0,0,0,0,0,0,0,0,0,0,228,0,2800.0,3954.128726815454,2292.0104970107786,12347.627809969708,9649.0
1785386091,0,total,S3,0.100000,0.000000,0,0,0,0,0,0,0,0,0,0,0,228,0,11000.0,12070.724517914769,3469.237338984385,26659.82504497515,256.0
1785386091,0,,Aggregated,3.600000,0.000000,0,0,0,0,0,0,0,0,0,0,0,1716,0,3500.0,5961.88717453849,86.87065995763987,26659.82504497515,1737.56993006993
1785386092,0,TTFT,S1,0.800000,0.000000,0,0,0,0,0,0,0,0,0,0,0,165,0,240.0,962.363199449751,86.87065995763987,6214.09710199805,157.0
1785386092,0,total,S1,0.800000,0.000000,0,0,0,0,0,0,0,0,0,0,0,165,0,9400.0,9602.733620659406,1225.9388089878485,23057.671037968248,256.0
1785386092,0,TTFT,S2,0.900000,0.000000,0,0,0,0,0,0,0,0,0,0,0,465,0,310.0,1200.7236336677095,132.84717197529972,6137.453943025321,1153.0
1785386092,0,total,S2,0.900000,0.000000,0,0,0,0,0,0,0,0,0,0,0,465,0,8000.0,9194.310509109797,1273.4447169932537,26553.82179300068,256.0
1785386092,0,TTFT,S3,0.100000,0.000000,0,0,0,0,0,0,0,0,0,0,0,228,0,2800.0,3954.128726815454,2292.0104970107786,12347.627809969708,9649.0
1785386092,0,total,S3,0.100000,0.000000,0,0,0,0,0,0,0,0,0,0,0,228,0,11000.0,12070.724517914769,3469.237338984385,26659.82504497515,256.0
1785386092,0,,Aggregated,3.600000,0.000000,0,0,0,0,0,0,0,0,0,0,0,1716,0,3500.0,5961.88717453849,86.87065995763987,26659.82504497515,1737.56993006993
1785386093,0,TTFT,S1,0.800000,0.000000,0,0,0,0,0,0,0,0,0,0,0,165,0,240.0,962.363199449751,86.87065995763987,6214.09710199805,157.0
1785386093,0,total,S1,0.800000,0.000000,0,0,0,0,0,0,0,0,0,0,0,165,0,9400.0,9602.733620659406,1225.9388089878485,23057.671037968248,256.0
1785386093,0,TTFT,S2,0.900000,0.000000,0,0,0,0,0,0,0,0,0,0,0,465,0,310.0,1200.7236336677095,132.84717197529972,6137.453943025321,1153.0
1785386093,0,total,S2,0.900000,0.000000,0,0,0,0,0,0,0,0,0,0,0,465,0,8000.0,9194.310509109797,1273.4447169932537,26553.82179300068,256.0
1785386093,0,TTFT,S3,0.100000,0.000000,0,0,0,0,0,0,0,0,0,0,0,228,0,2800.0,3954.128726815454,2292.0104970107786,12347.627809969708,9649.0
1785386093,0,total,S3,0.100000,0.000000,0,0,0,0,0,0,0,0,0,0,0,228,0,11000.0,12070.724517914769,3469.237338984385,26659.82504497515,256.0
1785386093,0,,Aggregated,3.600000,0.000000,0,0,0,0,0,0,0,0,0,0,0,1716,0,3500.0,5961.88717453849,86.87065995763987,26659.82504497515,1737.56993006993
1785386094,0,TTFT,S1,0.800000,0.000000,0,0,0,0,0,0,0,0,0,0,0,165,0,240.0,962.363199449751,86.87065995763987,6214.09710199805,157.0
1785386094,0,total,S1,0.800000,0.000000,0,0,0,0,0,0,0,0,0,0,0,165,0,9400.0,9602.733620659406,1225.9388089878485,23057.671037968248,256.0
1785386094,0,TTFT,S2,0.900000,0.000000,0,0,0,0,0,0,0,0,0,0,0,465,0,310.0,1200.7236336677095,132.84717197529972,6137.453943025321,1153.0
1785386094,0,total,S2,0.900000,0.000000,0,0,0,0,0,0,0,0,0,0,0,465,0,8000.0,9194.310509109797,1273.4447169932537,26553.82179300068,256.0
1785386094,0,TTFT,S3,0.100000,0.000000,0,0,0,0,0,0,0,0,0,0,0,228,0,2800.0,3954.128726815454,2292.0104970107786,12347.627809969708,9649.0
1785386094,0,total,S3,0.100000,0.000000,0,0,0,0,0,0,0,0,0,0,0,228,0,11000.0,12070.724517914769,3469.237338984385,26659.82504497515,256.0
1785386094,0,,Aggregated,3.600000,0.000000,0,0,0,0,0,0,0,0,0,0,0,1716,0,3500.0,5961.88717453849,86.87065995763987,26659.82504497515,1737.56993006993
1785386095,0,TTFT,S1,0.800000,0.000000,0,0,0,0,0,0,0,0,0,0,0,165,0,240.0,962.363199449751,86.87065995763987,6214.09710199805,157.0
1785386095,0,total,S1,0.800000,0.000000,0,0,0,0,0,0,0,0,0,0,0,165,0,9400.0,9602.733620659406,1225.9388089878485,23057.671037968248,256.0
1785386095,0,TTFT,S2,0.900000,0.000000,0,0,0,0,0,0,0,0,0,0,0,465,0,310.0,1200.7236336677095,132.84717197529972,6137.453943025321,1153.0
1785386095,0,total,S2,0.900000,0.000000,0,0,0,0,0,0,0,0,0,0,0,465,0,8000.0,9194.310509109797,1273.4447169932537,26553.82179300068,256.0
1785386095,0,TTFT,S3,0.100000,0.000000,0,0,0,0,0,0,0,0,0,0,0,228,0,2800.0,3954.128726815454,2292.0104970107786,12347.627809969708,9649.0
1785386095,0,total,S3,0.100000,0.000000,0,0,0,0,0,0,0,0,0,0,0,228,0,11000.0,12070.724517914769,3469.237338984385,26659.82504497515,256.0
1785386095,0,,Aggregated,3.600000,0.000000,0,0,0,0,0,0,0,0,0,0,0,1716,0,3500.0,5961.88717453849,86.87065995763987,26659.82504497515,1737.56993006993
1785386096,0,TTFT,S1,0.800000,0.000000,0,0,0,0,0,0,0,0,0,0,0,165,0,240.0,962.363199449751,86.87065995763987,6214.09710199805,157.0
1785386096,0,total,S1,0.800000,0.000000,0,0,0,0,0,0,0,0,0,0,0,165,0,9400.0,9602.733620659406,1225.9388089878485,23057.671037968248,256.0
1785386096,0,TTFT,S2,0.900000,0.000000,0,0,0,0,0,0,0,0,0,0,0,465,0,310.0,1200.7236336677095,132.84717197529972,6137.453943025321,1153.0
1785386096,0,total,S2,0.900000,0.000000,0,0,0,0,0,0,0,0,0,0,0,465,0,8000.0,9194.310509109797,1273.4447169932537,26553.82179300068,256.0
1785386096,0,TTFT,S3,0.100000,0.000000,0,0,0,0,0,0,0,0,0,0,0,228,0,2800.0,3954.128726815454,2292.0104970107786,12347.627809969708,9649.0
1785386096,0,total,S3,0.100000,0.000000,0,0,0,0,0,0,0,0,0,0,0,228,0,11000.0,12070.724517914769,3469.237338984385,26659.82504497515,256.0
1785386096,0,,Aggregated,3.600000,0.000000,0,0,0,0,0,0,0,0,0,0,0,1716,0,3500.0,5961.88717453849,86.87065995763987,26659.82504497515,1737.56993006993
1785386097,0,TTFT,S1,0.800000,0.000000,0,0,0,0,0,0,0,0,0,0,0,165,0,240.0,962.363199449751,86.87065995763987,6214.09710199805,157.0
1785386097,0,total,S1,0.800000,0.000000,0,0,0,0,0,0,0,0,0,0,0,165,0,9400.0,9602.733620659406,1225.9388089878485,23057.671037968248,256.0
1785386097,0,TTFT,S2,0.900000,0.000000,0,0,0,0,0,0,0,0,0,0,0,465,0,310.0,1200.7236336677095,132.84717197529972,6137.453943025321,1153.0
1785386097,0,total,S2,0.900000,0.000000,0,0,0,0,0,0,0,0,0,0,0,465,0,8000.0,9194.310509109797,1273.4447169932537,26553.82179300068,256.0
1785386097,0,TTFT,S3,0.100000,0.000000,0,0,0,0,0,0,0,0,0,0,0,228,0,2800.0,3954.128726815454,2292.0104970107786,12347.627809969708,9649.0
1785386097,0,total,S3,0.100000,0.000000,0,0,0,0,0,0,0,0,0,0,0,228,0,11000.0,12070.724517914769,3469.237338984385,26659.82504497515,256.0
1785386097,0,,Aggregated,3.600000,0.000000,0,0,0,0,0,0,0,0,0,0,0,1716,0,3500.0,5961.88717453849,86.87065995763987,26659.82504497515,1737.56993006993
1785386098,0,TTFT,S1,0.800000,0.000000,0,0,0,0,0,0,0,0,0,0,0,165,0,240.0,962.363199449751,86.87065995763987,6214.09710199805,157.0
1785386098,0,total,S1,0.800000,0.000000,0,0,0,0,0,0,0,0,0,0,0,165,0,9400.0,9602.733620659406,1225.9388089878485,23057.671037968248,256.0
1785386098,0,TTFT,S2,0.900000,0.000000,0,0,0,0,0,0,0,0,0,0,0,465,0,310.0,1200.7236336677095,132.84717197529972,6137.453943025321,1153.0
1785386098,0,total,S2,0.900000,0.000000,0,0,0,0,0,0,0,0,0,0,0,465,0,8000.0,9194.310509109797,1273.4447169932537,26553.82179300068,256.0
1785386098,0,TTFT,S3,0.100000,0.000000,0,0,0,0,0,0,0,0,0,0,0,228,0,2800.0,3954.128726815454,2292.0104970107786,12347.627809969708,9649.0
1785386098,0,total,S3,0.100000,0.000000,0,0,0,0,0,0,0,0,0,0,0,228,0,11000.0,12070.724517914769,3469.237338984385,26659.82504497515,256.0
1785386098,0,,Aggregated,3.600000,0.000000,0,0,0,0,0,0,0,0,0,0,0,1716,0,3500.0,5961.88717453849,86.87065995763987,26659.82504497515,1737.56993006993
1785386099,0,TTFT,S1,0.800000,0.000000,0,0,0,0,0,0,0,0,0,0,0,165,0,240.0,962.363199449751,86.87065995763987,6214.09710199805,157.0
1785386099,0,total,S1,0.800000,0.000000,0,0,0,0,0,0,0,0,0,0,0,165,0,9400.0,9602.733620659406,1225.9388089878485,23057.671037968248,256.0
1785386099,0,TTFT,S2,0.900000,0.000000,0,0,0,0,0,0,0,0,0,0,0,465,0,310.0,1200.7236336677095,132.84717197529972,6137.453943025321,1153.0
1785386099,0,total,S2,0.900000,0.000000,0,0,0,0,0,0,0,0,0,0,0,465,0,8000.0,9194.310509109797,1273.4447169932537,26553.82179300068,256.0
1785386099,0,TTFT,S3,0.100000,0.000000,0,0,0,0,0,0,0,0,0,0,0,228,0,2800.0,3954.128726815454,2292.0104970107786,12347.627809969708,9649.0
1785386099,0,total,S3,0.100000,0.000000,0,0,0,0,0,0,0,0,0,0,0,228,0,11000.0,12070.724517914769,3469.237338984385,26659.82504497515,256.0
1785386099,0,,Aggregated,3.600000,0.000000,0,0,0,0,0,0,0,0,0,0,0,1716,0,3500.0,5961.88717453849,86.87065995763987,26659.82504497515,1737.56993006993
1785386100,0,TTFT,S1,0.800000,0.000000,0,0,0,0,0,0,0,0,0,0,0,165,0,240.0,962.363199449751,86.87065995763987,6214.09710199805,157.0
1785386100,0,total,S1,0.800000,0.000000,0,0,0,0,0,0,0,0,0,0,0,165,0,9400.0,9602.733620659406,1225.9388089878485,23057.671037968248,256.0
1785386100,0,TTFT,S2,0.900000,0.000000,0,0,0,0,0,0,0,0,0,0,0,465,0,310.0,1200.7236336677095,132.84717197529972,6137.453943025321,1153.0
1785386100,0,total,S2,0.900000,0.000000,0,0,0,0,0,0,0,0,0,0,0,465,0,8000.0,9194.310509109797,1273.4447169932537,26553.82179300068,256.0
1785386100,0,TTFT,S3,0.100000,0.000000,0,0,0,0,0,0,0,0,0,0,0,228,0,2800.0,3954.128726815454,2292.0104970107786,12347.627809969708,9649.0
1785386100,0,total,S3,0.100000,0.000000,0,0,0,0,0,0,0,0,0,0,0,228,0,11000.0,12070.724517914769,3469.237338984385,26659.82504497515,256.0
1785386100,0,,Aggregated,3.600000,0.000000,0,0,0,0,0,0,0,0,0,0,0,1716,0,3500.0,5961.88717453849,86.87065995763987,26659.82504497515,1737.56993006993
1785386101,0,TTFT,S1,0.800000,0.000000,0,0,0,0,0,0,0,0,0,0,0,165,0,240.0,962.363199449751,86.87065995763987,6214.09710199805,157.0
1785386101,0,total,S1,0.800000,0.000000,0,0,0,0,0,0,0,0,0,0,0,165,0,9400.0,9602.733620659406,1225.9388089878485,23057.671037968248,256.0
1785386101,0,TTFT,S2,0.900000,0.000000,0,0,0,0,0,0,0,0,0,0,0,465,0,310.0,1200.7236336677095,132.84717197529972,6137.453943025321,1153.0
1785386101,0,total,S2,0.900000,0.000000,0,0,0,0,0,0,0,0,0,0,0,465,0,8000.0,9194.310509109797,1273.4447169932537,26553.82179300068,256.0
1785386101,0,TTFT,S3,0.100000,0.000000,0,0,0,0,0,0,0,0,0,0,0,228,0,2800.0,3954.128726815454,2292.0104970107786,12347.627809969708,9649.0
1785386101,0,total,S3,0.100000,0.000000,0,0,0,0,0,0,0,0,0,0,0,228,0,11000.0,12070.724517914769,3469.237338984385,26659.82504497515,256.0
1785386101,0,,Aggregated,3.600000,0.000000,0,0,0,0,0,0,0,0,0,0,0,1716,0,3500.0,5961.88717453849,86.87065995763987,26659.82504497515,1737.56993006993
1785386102,0,TTFT,S1,0.800000,0.000000,0,0,0,0,0,0,0,0,0,0,0,165,0,240.0,962.363199449751,86.87065995763987,6214.09710199805,157.0
1785386102,0,total,S1,0.800000,0.000000,0,0,0,0,0,0,0,0,0,0,0,165,0,9400.0,9602.733620659406,1225.9388089878485,23057.671037968248,256.0
1785386102,0,TTFT,S2,0.900000,0.000000,0,0,0,0,0,0,0,0,0,0,0,465,0,310.0,1200.7236336677095,132.84717197529972,6137.453943025321,1153.0
1785386102,0,total,S2,0.900000,0.000000,0,0,0,0,0,0,0,0,0,0,0,465,0,8000.0,9194.310509109797,1273.4447169932537,26553.82179300068,256.0
1785386102,0,TTFT,S3,0.100000,0.000000,0,0,0,0,0,0,0,0,0,0,0,228,0,2800.0,3954.128726815454,2292.0104970107786,12347.627809969708,9649.0
1785386102,0,total,S3,0.100000,0.000000,0,0,0,0,0,0,0,0,0,0,0,228,0,11000.0,12070.724517914769,3469.237338984385,26659.82504497515,256.0
1785386102,0,,Aggregated,3.600000,0.000000,0,0,0,0,0,0,0,0,0,0,0,1716,0,3500.0,5961.88717453849,86.87065995763987,26659.82504497515,1737.56993006993
1785386103,0,TTFT,S1,0.800000,0.000000,0,0,0,0,0,0,0,0,0,0,0,165,0,240.0,962.363199449751,86.87065995763987,6214.09710199805,157.0
1785386103,0,total,S1,0.800000,0.000000,0,0,0,0,0,0,0,0,0,0,0,165,0,9400.0,9602.733620659406,1225.9388089878485,23057.671037968248,256.0
1785386103,0,TTFT,S2,0.900000,0.000000,0,0,0,0,0,0,0,0,0,0,0,465,0,310.0,1200.7236336677095,132.84717197529972,6137.453943025321,1153.0
1785386103,0,total,S2,0.900000,0.000000,0,0,0,0,0,0,0,0,0,0,0,465,0,8000.0,9194.310509109797,1273.4447169932537,26553.82179300068,256.0
1785386103,0,TTFT,S3,0.100000,0.000000,0,0,0,0,0,0,0,0,0,0,0,228,0,2800.0,3954.128726815454,2292.0104970107786,12347.627809969708,9649.0
1785386103,0,total,S3,0.100000,0.000000,0,0,0,0,0,0,0,0,0,0,0,228,0,11000.0,12070.724517914769,3469.237338984385,26659.82504497515,256.0
1785386103,0,,Aggregated,3.600000,0.000000,0,0,0,0,0,0,0,0,0,0,0,1716,0,3500.0,5961.88717453849,86.87065995763987,26659.82504497515,1737.56993006993
1785386104,0,TTFT,S1,0.800000,0.000000,0,0,0,0,0,0,0,0,0,0,0,165,0,240.0,962.363199449751,86.87065995763987,6214.09710199805,157.0
1785386104,0,total,S1,0.800000,0.000000,0,0,0,0,0,0,0,0,0,0,0,165,0,9400.0,9602.733620659406,1225.9388089878485,23057.671037968248,256.0
1785386104,0,TTFT,S2,0.900000,0.000000,0,0,0,0,0,0,0,0,0,0,0,465,0,310.0,1200.7236336677095,132.84717197529972,6137.453943025321,1153.0
1785386104,0,total,S2,0.900000,0.000000,0,0,0,0,0,0,0,0,0,0,0,465,0,8000.0,9194.310509109797,1273.4447169932537,26553.82179300068,256.0
1785386104,0,TTFT,S3,0.100000,0.000000,0,0,0,0,0,0,0,0,0,0,0,228,0,2800.0,3954.128726815454,2292.0104970107786,12347.627809969708,9649.0
1785386104,0,total,S3,0.100000,0.000000,0,0,0,0,0,0,0,0,0,0,0,228,0,11000.0,12070.724517914769,3469.237338984385,26659.82504497515,256.0
1785386104,0,,Aggregated,3.600000,0.000000,0,0,0,0,0,0,0,0,0,0,0,1716,0,3500.0,5961.88717453849,86.87065995763987,26659.82504497515,1737.56993006993
1785386105,0,TTFT,S1,0.800000,0.000000,0,0,0,0,0,0,0,0,0,0,0,165,0,240.0,962.363199449751,86.87065995763987,6214.09710199805,157.0
1785386105,0,total,S1,0.800000,0.000000,0,0,0,0,0,0,0,0,0,0,0,165,0,9400.0,9602.733620659406,1225.9388089878485,23057.671037968248,256.0
1785386105,0,TTFT,S2,0.900000,0.000000,0,0,0,0,0,0,0,0,0,0,0,465,0,310.0,1200.7236336677095,132.84717197529972,6137.453943025321,1153.0
1785386105,0,total,S2,0.900000,0.000000,0,0,0,0,0,0,0,0,0,0,0,465,0,8000.0,9194.310509109797,1273.4447169932537,26553.82179300068,256.0
1785386105,0,TTFT,S3,0.100000,0.000000,0,0,0,0,0,0,0,0,0,0,0,228,0,2800.0,3954.128726815454,2292.0104970107786,12347.627809969708,9649.0
1785386105,0,total,S3,0.100000,0.000000,0,0,0,0,0,0,0,0,0,0,0,228,0,11000.0,12070.724517914769,3469.237338984385,26659.82504497515,256.0
1785386105,0,,Aggregated,3.600000,0.000000,0,0,0,0,0,0,0,0,0,0,0,1716,0,3500.0,5961.88717453849,86.87065995763987,26659.82504497515,1737.56993006993
1785386106,0,TTFT,S1,0.800000,0.000000,0,0,0,0,0,0,0,0,0,0,0,165,0,240.0,962.363199449751,86.87065995763987,6214.09710199805,157.0
1785386106,0,total,S1,0.800000,0.000000,0,0,0,0,0,0,0,0,0,0,0,165,0,9400.0,9602.733620659406,1225.9388089878485,23057.671037968248,256.0
1785386106,0,TTFT,S2,0.900000,0.000000,0,0,0,0,0,0,0,0,0,0,0,465,0,310.0,1200.7236336677095,132.84717197529972,6137.453943025321,1153.0
1785386106,0,total,S2,0.900000,0.000000,0,0,0,0,0,0,0,0,0,0,0,465,0,8000.0,9194.310509109797,1273.4447169932537,26553.82179300068,256.0
1785386106,0,TTFT,S3,0.100000,0.000000,0,0,0,0,0,0,0,0,0,0,0,228,0,2800.0,3954.128726815454,2292.0104970107786,12347.627809969708,9649.0
1785386106,0,total,S3,0.100000,0.000000,0,0,0,0,0,0,0,0,0,0,0,228,0,11000.0,12070.724517914769,3469.237338984385,26659.82504497515,256.0
1785386106,0,,Aggregated,3.600000,0.000000,0,0,0,0,0,0,0,0,0,0,0,1716,0,3500.0,5961.88717453849,86.87065995763987,26659.82504497515,1737.56993006993
1785386107,0,TTFT,S1,0.800000,0.000000,0,0,0,0,0,0,0,0,0,0,0,165,0,240.0,962.363199449751,86.87065995763987,6214.09710199805,157.0
1785386107,0,total,S1,0.800000,0.000000,0,0,0,0,0,0,0,0,0,0,0,165,0,9400.0,9602.733620659406,1225.9388089878485,23057.671037968248,256.0
1785386107,0,TTFT,S2,0.900000,0.000000,0,0,0,0,0,0,0,0,0,0,0,465,0,310.0,1200.7236336677095,132.84717197529972,6137.453943025321,1153.0
1785386107,0,total,S2,0.900000,0.000000,0,0,0,0,0,0,0,0,0,0,0,465,0,8000.0,9194.310509109797,1273.4447169932537,26553.82179300068,256.0
1785386107,0,TTFT,S3,0.100000,0.000000,0,0,0,0,0,0,0,0,0,0,0,228,0,2800.0,3954.128726815454,2292.0104970107786,12347.627809969708,9649.0
1785386107,0,total,S3,0.100000,0.000000,0,0,0,0,0,0,0,0,0,0,0,228,0,11000.0,12070.724517914769,3469.237338984385,26659.82504497515,256.0
1785386107,0,,Aggregated,3.600000,0.000000,0,0,0,0,0,0,0,0,0,0,0,1716,0,3500.0,5961.88717453849,86.87065995763987,26659.82504497515,1737.56993006993
1785386108,0,TTFT,S1,0.800000,0.000000,0,0,0,0,0,0,0,0,0,0,0,165,0,240.0,962.363199449751,86.87065995763987,6214.09710199805,157.0
1785386108,0,total,S1,0.800000,0.000000,0,0,0,0,0,0,0,0,0,0,0,165,0,9400.0,9602.733620659406,1225.9388089878485,23057.671037968248,256.0
1785386108,0,TTFT,S2,0.900000,0.000000,0,0,0,0,0,0,0,0,0,0,0,465,0,310.0,1200.7236336677095,132.84717197529972,6137.453943025321,1153.0
1785386108,0,total,S2,0.900000,0.000000,0,0,0,0,0,0,0,0,0,0,0,465,0,8000.0,9194.310509109797,1273.4447169932537,26553.82179300068,256.0
1785386108,0,TTFT,S3,0.100000,0.000000,0,0,0,0,0,0,0,0,0,0,0,228,0,2800.0,3954.128726815454,2292.0104970107786,12347.627809969708,9649.0
1785386108,0,total,S3,0.100000,0.000000,0,0,0,0,0,0,0,0,0,0,0,228,0,11000.0,12070.724517914769,3469.237338984385,26659.82504497515,256.0
1785386108,0,,Aggregated,3.600000,0.000000,0,0,0,0,0,0,0,0,0,0,0,1716,0,3500.0,5961.88717453849,86.87065995763987,26659.82504497515,1737.56993006993
1785386109,0,TTFT,S1,0.800000,0.000000,0,0,0,0,0,0,0,0,0,0,0,165,0,240.0,962.363199449751,86.87065995763987,6214.09710199805,157.0
1785386109,0,total,S1,0.800000,0.000000,0,0,0,0,0,0,0,0,0,0,0,165,0,9400.0,9602.733620659406,1225.9388089878485,23057.671037968248,256.0
1785386109,0,TTFT,S2,0.900000,0.000000,0,0,0,0,0,0,0,0,0,0,0,465,0,310.0,1200.7236336677095,132.84717197529972,6137.453943025321,1153.0
1785386109,0,total,S2,0.900000,0.000000,0,0,0,0,0,0,0,0,0,0,0,465,0,8000.0,9194.310509109797,1273.4447169932537,26553.82179300068,256.0
1785386109,0,TTFT,S3,0.100000,0.000000,0,0,0,0,0,0,0,0,0,0,0,228,0,2800.0,3954.128726815454,2292.0104970107786,12347.627809969708,9649.0
1785386109,0,total,S3,0.100000,0.000000,0,0,0,0,0,0,0,0,0,0,0,228,0,11000.0,12070.724517914769,3469.237338984385,26659.82504497515,256.0
1785386109,0,,Aggregated,3.600000,0.000000,0,0,0,0,0,0,0,0,0,0,0,1716,0,3500.0,5961.88717453849,86.87065995763987,26659.82504497515,1737.56993006993
1785386110,0,TTFT,S1,0.800000,0.000000,0,0,0,0,0,0,0,0,0,0,0,165,0,240.0,962.363199449751,86.87065995763987,6214.09710199805,157.0
1785386110,0,total,S1,0.800000,0.000000,0,0,0,0,0,0,0,0,0,0,0,165,0,9400.0,9602.733620659406,1225.9388089878485,23057.671037968248,256.0
1785386110,0,TTFT,S2,0.900000,0.000000,0,0,0,0,0,0,0,0,0,0,0,465,0,310.0,1200.7236336677095,132.84717197529972,6137.453943025321,1153.0
1785386110,0,total,S2,0.900000,0.000000,0,0,0,0,0,0,0,0,0,0,0,465,0,8000.0,9194.310509109797,1273.4447169932537,26553.82179300068,256.0
1785386110,0,TTFT,S3,0.100000,0.000000,0,0,0,0,0,0,0,0,0,0,0,228,0,2800.0,3954.128726815454,2292.0104970107786,12347.627809969708,9649.0
1785386110,0,total,S3,0.100000,0.000000,0,0,0,0,0,0,0,0,0,0,0,228,0,11000.0,12070.724517914769,3469.237338984385,26659.82504497515,256.0
1785386110,0,,Aggregated,3.600000,0.000000,0,0,0,0,0,0,0,0,0,0,0,1716,0,3500.0,5961.88717453849,86.87065995763987,26659.82504497515,1737.56993006993
1785386111,0,TTFT,S1,0.800000,0.000000,0,0,0,0,0,0,0,0,0,0,0,165,0,240.0,962.363199449751,86.87065995763987,6214.09710199805,157.0
1785386111,0,total,S1,0.800000,0.000000,0,0,0,0,0,0,0,0,0,0,0,165,0,9400.0,9602.733620659406,1225.9388089878485,23057.671037968248,256.0
1785386111,0,TTFT,S2,0.900000,0.000000,0,0,0,0,0,0,0,0,0,0,0,465,0,310.0,1200.7236336677095,132.84717197529972,6137.453943025321,1153.0
1785386111,0,total,S2,0.900000,0.000000,0,0,0,0,0,0,0,0,0,0,0,465,0,8000.0,9194.310509109797,1273.4447169932537,26553.82179300068,256.0
1785386111,0,TTFT,S3,0.100000,0.000000,0,0,0,0,0,0,0,0,0,0,0,228,0,2800.0,3954.128726815454,2292.0104970107786,12347.627809969708,9649.0
1785386111,0,total,S3,0.100000,0.000000,0,0,0,0,0,0,0,0,0,0,0,228,0,11000.0,12070.724517914769,3469.237338984385,26659.82504497515,256.0
1785386111,0,,Aggregated,3.600000,0.000000,0,0,0,0,0,0,0,0,0,0,0,1716,0,3500.0,5961.88717453849,86.87065995763987,26659.82504497515,1737.56993006993
1785386112,0,TTFT,S1,0.800000,0.000000,0,0,0,0,0,0,0,0,0,0,0,165,0,240.0,962.363199449751,86.87065995763987,6214.09710199805,157.0
1785386112,0,total,S1,0.800000,0.000000,0,0,0,0,0,0,0,0,0,0,0,165,0,9400.0,9602.733620659406,1225.9388089878485,23057.671037968248,256.0
1785386112,0,TTFT,S2,0.900000,0.000000,0,0,0,0,0,0,0,0,0,0,0,465,0,310.0,1200.7236336677095,132.84717197529972,6137.453943025321,1153.0
1785386112,0,total,S2,0.900000,0.000000,0,0,0,0,0,0,0,0,0,0,0,465,0,8000.0,9194.310509109797,1273.4447169932537,26553.82179300068,256.0
1785386112,0,TTFT,S3,0.100000,0.000000,0,0,0,0,0,0,0,0,0,0,0,228,0,2800.0,3954.128726815454,2292.0104970107786,12347.627809969708,9649.0
1785386112,0,total,S3,0.100000,0.000000,0,0,0,0,0,0,0,0,0,0,0,228,0,11000.0,12070.724517914769,3469.237338984385,26659.82504497515,256.0
1785386112,0,,Aggregated,3.600000,0.000000,0,0,0,0,0,0,0,0,0,0,0,1716,0,3500.0,5961.88717453849,86.87065995763987,26659.82504497515,1737.56993006993
1785386113,0,TTFT,S1,0.800000,0.000000,0,0,0,0,0,0,0,0,0,0,0,165,0,240.0,962.363199449751,86.87065995763987,6214.09710199805,157.0
1785386113,0,total,S1,0.800000,0.000000,0,0,0,0,0,0,0,0,0,0,0,165,0,9400.0,9602.733620659406,1225.9388089878485,23057.671037968248,256.0
1785386113,0,TTFT,S2,0.900000,0.000000,0,0,0,0,0,0,0,0,0,0,0,465,0,310.0,1200.7236336677095,132.84717197529972,6137.453943025321,1153.0
1785386113,0,total,S2,0.900000,0.000000,0,0,0,0,0,0,0,0,0,0,0,465,0,8000.0,9194.310509109797,1273.4447169932537,26553.82179300068,256.0
1785386113,0,TTFT,S3,0.100000,0.000000,0,0,0,0,0,0,0,0,0,0,0,228,0,2800.0,3954.128726815454,2292.0104970107786,12347.627809969708,9649.0
1785386113,0,total,S3,0.100000,0.000000,0,0,0,0,0,0,0,0,0,0,0,228,0,11000.0,12070.724517914769,3469.237338984385,26659.82504497515,256.0
1785386113,0,,Aggregated,3.600000,0.000000,0,0,0,0,0,0,0,0,0,0,0,1716,0,3500.0,5961.88717453849,86.87065995763987,26659.82504497515,1737.56993006993
1785386114,0,TTFT,S1,0.800000,0.000000,0,0,0,0,0,0,0,0,0,0,0,165,0,240.0,962.363199449751,86.87065995763987,6214.09710199805,157.0
1785386114,0,total,S1,0.800000,0.000000,0,0,0,0,0,0,0,0,0,0,0,165,0,9400.0,9602.733620659406,1225.9388089878485,23057.671037968248,256.0
1785386114,0,TTFT,S2,0.900000,0.000000,0,0,0,0,0,0,0,0,0,0,0,465,0,310.0,1200.7236336677095,132.84717197529972,6137.453943025321,1153.0
1785386114,0,total,S2,0.900000,0.000000,0,0,0,0,0,0,0,0,0,0,0,465,0,8000.0,9194.310509109797,1273.4447169932537,26553.82179300068,256.0
1785386114,0,TTFT,S3,0.100000,0.000000,0,0,0,0,0,0,0,0,0,0,0,228,0,2800.0,3954.128726815454,2292.0104970107786,12347.627809969708,9649.0
1785386114,0,total,S3,0.100000,0.000000,0,0,0,0,0,0,0,0,0,0,0,228,0,11000.0,12070.724517914769,3469.237338984385,26659.82504497515,256.0
1785386114,0,,Aggregated,3.600000,0.000000,0,0,0,0,0,0,0,0,0,0,0,1716,0,3500.0,5961.88717453849,86.87065995763987,26659.82504497515,1737.56993006993
1785386115,0,TTFT,S1,0.800000,0.000000,0,0,0,0,0,0,0,0,0,0,0,165,0,240.0,962.363199449751,86.87065995763987,6214.09710199805,157.0
1785386115,0,total,S1,0.800000,0.000000,0,0,0,0,0,0,0,0,0,0,0,165,0,9400.0,9602.733620659406,1225.9388089878485,23057.671037968248,256.0
1785386115,0,TTFT,S2,0.900000,0.000000,0,0,0,0,0,0,0,0,0,0,0,465,0,310.0,1200.7236336677095,132.84717197529972,6137.453943025321,1153.0
1785386115,0,total,S2,0.900000,0.000000,0,0,0,0,0,0,0,0,0,0,0,465,0,8000.0,9194.310509109797,1273.4447169932537,26553.82179300068,256.0
1785386115,0,TTFT,S3,0.100000,0.000000,0,0,0,0,0,0,0,0,0,0,0,228,0,2800.0,3954.128726815454,2292.0104970107786,12347.627809969708,9649.0
1785386115,0,total,S3,0.100000,0.000000,0,0,0,0,0,0,0,0,0,0,0,228,0,11000.0,12070.724517914769,3469.237338984385,26659.82504497515,256.0
1785386115,0,,Aggregated,3.600000,0.000000,0,0,0,0,0,0,0,0,0,0,0,1716,0,3500.0,5961.88717453849,86.87065995763987,26659.82504497515,1737.56993006993
1785386116,0,TTFT,S1,0.800000,0.000000,0,0,0,0,0,0,0,0,0,0,0,165,0,240.0,962.363199449751,86.87065995763987,6214.09710199805,157.0
1785386116,0,total,S1,0.800000,0.000000,0,0,0,0,0,0,0,0,0,0,0,165,0,9400.0,9602.733620659406,1225.9388089878485,23057.671037968248,256.0
1785386116,0,TTFT,S2,0.900000,0.000000,0,0,0,0,0,0,0,0,0,0,0,465,0,310.0,1200.7236336677095,132.84717197529972,6137.453943025321,1153.0
1785386116,0,total,S2,0.900000,0.000000,0,0,0,0,0,0,0,0,0,0,0,465,0,8000.0,9194.310509109797,1273.4447169932537,26553.82179300068,256.0
1785386116,0,TTFT,S3,0.100000,0.000000,0,0,0,0,0,0,0,0,0,0,0,228,0,2800.0,3954.128726815454,2292.0104970107786,12347.627809969708,9649.0
1785386116,0,total,S3,0.100000,0.000000,0,0,0,0,0,0,0,0,0,0,0,228,0,11000.0,12070.724517914769,3469.237338984385,26659.82504497515,256.0
1785386116,0,,Aggregated,3.600000,0.000000,0,0,0,0,0,0,0,0,0,0,0,1716,0,3500.0,5961.88717453849,86.87065995763987,26659.82504497515,1737.56993006993
1785386117,0,TTFT,S1,0.800000,0.000000,0,0,0,0,0,0,0,0,0,0,0,165,0,240.0,962.363199449751,86.87065995763987,6214.09710199805,157.0
1785386117,0,total,S1,0.800000,0.000000,0,0,0,0,0,0,0,0,0,0,0,165,0,9400.0,9602.733620659406,1225.9388089878485,23057.671037968248,256.0
1785386117,0,TTFT,S2,0.900000,0.000000,0,0,0,0,0,0,0,0,0,0,0,465,0,310.0,1200.7236336677095,132.84717197529972,6137.453943025321,1153.0
1785386117,0,total,S2,0.900000,0.000000,0,0,0,0,0,0,0,0,0,0,0,465,0,8000.0,9194.310509109797,1273.4447169932537,26553.82179300068,256.0
1785386117,0,TTFT,S3,0.100000,0.000000,0,0,0,0,0,0,0,0,0,0,0,228,0,2800.0,3954.128726815454,2292.0104970107786,12347.627809969708,9649.0
1785386117,0,total,S3,0.100000,0.000000,0,0,0,0,0,0,0,0,0,0,0,228,0,11000.0,12070.724517914769,3469.237338984385,26659.82504497515,256.0
1785386117,0,,Aggregated,3.600000,0.000000,0,0,0,0,0,0,0,0,0,0,0,1716,0,3500.0,5961.88717453849,86.87065995763987,26659.82504497515,1737.56993006993
1785386118,0,TTFT,S1,0.800000,0.000000,0,0,0,0,0,0,0,0,0,0,0,165,0,240.0,962.363199449751,86.87065995763987,6214.09710199805,157.0
1785386118,0,total,S1,0.800000,0.000000,0,0,0,0,0,0,0,0,0,0,0,165,0,9400.0,9602.733620659406,1225.9388089878485,23057.671037968248,256.0
1785386118,0,TTFT,S2,0.900000,0.000000,0,0,0,0,0,0,0,0,0,0,0,465,0,310.0,1200.7236336677095,132.84717197529972,6137.453943025321,1153.0
1785386118,0,total,S2,0.900000,0.000000,0,0,0,0,0,0,0,0,0,0,0,465,0,8000.0,9194.310509109797,1273.4447169932537,26553.82179300068,256.0
1785386118,0,TTFT,S3,0.100000,0.000000,0,0,0,0,0,0,0,0,0,0,0,228,0,2800.0,3954.128726815454,2292.0104970107786,12347.627809969708,9649.0
1785386118,0,total,S3,0.100000,0.000000,0,0,0,0,0,0,0,0,0,0,0,228,0,11000.0,12070.724517914769,3469.237338984385,26659.82504497515,256.0
1785386118,0,,Aggregated,3.600000,0.000000,0,0,0,0,0,0,0,0,0,0,0,1716,0,3500.0,5961.88717453849,86.87065995763987,26659.82504497515,1737.56993006993
1785386119,0,TTFT,S1,0.800000,0.000000,0,0,0,0,0,0,0,0,0,0,0,165,0,240.0,962.363199449751,86.87065995763987,6214.09710199805,157.0
1785386119,0,total,S1,0.800000,0.000000,0,0,0,0,0,0,0,0,0,0,0,165,0,9400.0,9602.733620659406,1225.9388089878485,23057.671037968248,256.0
1785386119,0,TTFT,S2,0.900000,0.000000,0,0,0,0,0,0,0,0,0,0,0,465,0,310.0,1200.7236336677095,132.84717197529972,6137.453943025321,1153.0
1785386119,0,total,S2,0.900000,0.000000,0,0,0,0,0,0,0,0,0,0,0,465,0,8000.0,9194.310509109797,1273.4447169932537,26553.82179300068,256.0
1785386119,0,TTFT,S3,0.100000,0.000000,0,0,0,0,0,0,0,0,0,0,0,228,0,2800.0,3954.128726815454,2292.0104970107786,12347.627809969708,9649.0
1785386119,0,total,S3,0.100000,0.000000,0,0,0,0,0,0,0,0,0,0,0,228,0,11000.0,12070.724517914769,3469.237338984385,26659.82504497515,256.0
1785386119,0,,Aggregated,3.600000,0.000000,0,0,0,0,0,0,0,0,0,0,0,1716,0,3500.0,5961.88717453849,86.87065995763987,26659.82504497515,1737.56993006993
1785386120,0,TTFT,S1,0.800000,0.000000,0,0,0,0,0,0,0,0,0,0,0,165,0,240.0,962.363199449751,86.87065995763987,6214.09710199805,157.0
1785386120,0,total,S1,0.800000,0.000000,0,0,0,0,0,0,0,0,0,0,0,165,0,9400.0,9602.733620659406,1225.9388089878485,23057.671037968248,256.0
1785386120,0,TTFT,S2,0.900000,0.000000,0,0,0,0,0,0,0,0,0,0,0,465,0,310.0,1200.7236336677095,132.84717197529972,6137.453943025321,1153.0
1785386120,0,total,S2,0.900000,0.000000,0,0,0,0,0,0,0,0,0,0,0,465,0,8000.0,9194.310509109797,1273.4447169932537,26553.82179300068,256.0
1785386120,0,TTFT,S3,0.100000,0.000000,0,0,0,0,0,0,0,0,0,0,0,228,0,2800.0,3954.128726815454,2292.0104970107786,12347.627809969708,9649.0
1785386120,0,total,S3,0.100000,0.000000,0,0,0,0,0,0,0,0,0,0,0,228,0,11000.0,12070.724517914769,3469.237338984385,26659.82504497515,256.0
1785386120,0,,Aggregated,3.600000,0.000000,0,0,0,0,0,0,0,0,0,0,0,1716,0,3500.0,5961.88717453849,86.87065995763987,26659.82504497515,1737.56993006993
1785386121,0,TTFT,S1,0.800000,0.000000,0,0,0,0,0,0,0,0,0,0,0,165,0,240.0,962.363199449751,86.87065995763987,6214.09710199805,157.0
1785386121,0,total,S1,0.800000,0.000000,0,0,0,0,0,0,0,0,0,0,0,165,0,9400.0,9602.733620659406,1225.9388089878485,23057.671037968248,256.0
1785386121,0,TTFT,S2,0.900000,0.000000,0,0,0,0,0,0,0,0,0,0,0,465,0,310.0,1200.7236336677095,132.84717197529972,6137.453943025321,1153.0
1785386121,0,total,S2,0.900000,0.000000,0,0,0,0,0,0,0,0,0,0,0,465,0,8000.0,9194.310509109797,1273.4447169932537,26553.82179300068,256.0
1785386121,0,TTFT,S3,0.100000,0.000000,0,0,0,0,0,0,0,0,0,0,0,228,0,2800.0,3954.128726815454,2292.0104970107786,12347.627809969708,9649.0
1785386121,0,total,S3,0.100000,0.000000,0,0,0,0,0,0,0,0,0,0,0,228,0,11000.0,12070.724517914769,3469.237338984385,26659.82504497515,256.0
1785386121,0,,Aggregated,3.600000,0.000000,0,0,0,0,0,0,0,0,0,0,0,1716,0,3500.0,5961.88717453849,86.87065995763987,26659.82504497515,1737.56993006993
