ts,gpu,util,mem_used_mb,power_w,temp_c,sm_mhz
2026-07-30T02:52:40Z,0,100,31624,146.63,55,2512
2026-07-30T02:52:40Z,1,0,31624,144.37,44,2925
2026-07-30T02:52:40Z,2,0,1,15.39,34,210
2026-07-30T02:52:40Z,3,0,1,16.65,33,210
2026-07-30T02:52:40Z,4,0,29902,15.15,32,210
2026-07-30T02:52:40Z,5,0,29900,16.85,33,210
2026-07-30T02:52:40Z,6,32,22354,378.52,63,2805
2026-07-30T02:52:40Z,7,1,20692,74.08,51,2467
2026-07-30T02:52:44Z,0,0,31624,111.47,45,2835
2026-07-30T02:52:44Z,1,98,31624,295.24,48,2917
2026-07-30T02:52:44Z,2,0,1,13.41,34,210
2026-07-30T02:52:44Z,3,0,1,16.96,33,210
2026-07-30T02:52:44Z,4,0,29902,16.41,32,202
2026-07-30T02:52:44Z,5,0,29900,14.48,33,210
2026-07-30T02:52:44Z,6,0,22354,101.93,55,2902
2026-07-30T02:52:44Z,7,0,20692,73.45,51,2467
2026-07-30T02:52:45Z,0,98,31624,268.05,48,2820
2026-07-30T02:52:45Z,1,0,31624,106.04,44,2925
2026-07-30T02:52:45Z,2,0,1,13.49,34,210
2026-07-30T02:52:45Z,3,0,1,19.67,33,210
2026-07-30T02:52:45Z,4,0,29902,16.55,32,210
2026-07-30T02:52:45Z,5,0,29900,15.81,33,210
2026-07-30T02:52:45Z,6,0,22354,81.49,54,2482
2026-07-30T02:52:45Z,7,1,20692,72.74,50,2467
2026-07-30T02:52:46Z,0,0,31624,86.86,45,2835
2026-07-30T02:52:46Z,1,100,31624,334.45,55,2662
2026-07-30T02:52:46Z,2,0,1,15.22,34,210
2026-07-30T02:52:46Z,3,0,1,17.61,33,210
2026-07-30T02:52:46Z,4,0,29902,18.08,32,210
2026-07-30T02:52:46Z,5,0,29900,13.92,33,210
2026-07-30T02:52:46Z,6,0,22354,78.81,53,2482
2026-07-30T02:52:46Z,7,1,20692,74.62,50,2475
2026-07-30T02:52:48Z,0,0,31624,73.40,45,2430
2026-07-30T02:52:48Z,1,98,31624,387.64,49,2917
2026-07-30T02:52:48Z,2,0,1,14.05,34,210
2026-07-30T02:52:48Z,3,0,1,18.47,33,210
2026-07-30T02:52:48Z,4,0,29902,15.70,32,210
2026-07-30T02:52:48Z,5,0,29900,17.34,33,210
2026-07-30T02:52:48Z,6,0,22354,78.90,53,2467
2026-07-30T02:52:48Z,7,0,20692,72.19,50,2475
2026-07-30T02:52:49Z,0,68,31624,134.02,55,2587
2026-07-30T02:52:49Z,1,0,31624,158.85,45,2932
2026-07-30T02:52:49Z,2,0,1,13.64,34,210
2026-07-30T02:52:49Z,3,0,1,19.51,33,210
2026-07-30T02:52:49Z,4,0,29902,17.16,32,202
2026-07-30T02:52:49Z,5,0,29900,15.21,33,210
2026-07-30T02:52:49Z,6,0,22354,78.71,53,2460
2026-07-30T02:52:49Z,7,0,20692,73.93,50,2467
2026-07-30T02:52:51Z,0,100,31624,450.86,55,2647
2026-07-30T02:52:51Z,1,0,31624,99.01,44,2460
2026-07-30T02:52:51Z,2,0,1,15.10,34,210
2026-07-30T02:52:51Z,3,0,1,16.74,33,210
2026-07-30T02:52:51Z,4,0,29902,15.04,32,210
2026-07-30T02:52:51Z,5,0,29900,16.67,33,210
2026-07-30T02:52:51Z,6,0,22354,77.15,52,2475
2026-07-30T02:52:51Z,7,1,20692,73.16,50,2475
2026-07-30T02:52:52Z,0,0,31624,209.54,46,2827
2026-07-30T02:52:52Z,1,0,31624,70.31,44,2430
2026-07-30T02:52:52Z,2,0,1,12.37,34,210
2026-07-30T02:52:52Z,3,0,1,19.60,33,210
2026-07-30T02:52:52Z,4,0,29902,15.99,32,210
2026-07-30T02:52:52Z,5,0,29900,16.83,33,210
2026-07-30T02:52:52Z,6,0,22354,80.98,52,2482
2026-07-30T02:52:52Z,7,0,20692,69.60,49,2430
2026-07-30T02:52:54Z,0,0,31624,86.96,46,2835
2026-07-30T02:52:54Z,1,100,31624,467.38,57,2655
2026-07-30T02:52:54Z,2,0,1,15.56,34,210
2026-07-30T02:52:54Z,3,0,1,17.12,33,210
2026-07-30T02:52:54Z,4,0,29902,17.44,32,210
2026-07-30T02:52:54Z,5,0,29900,14.52,33,210
2026-07-30T02:52:54Z,6,0,22354,77.31,52,2452
2026-07-30T02:52:54Z,7,0,20692,71.40,49,2430
2026-07-30T02:52:55Z,0,0,31624,72.07,45,2430
2026-07-30T02:52:55Z,1,98,31624,313.24,49,2917
2026-07-30T02:52:55Z,2,0,1,14.48,34,210
2026-07-30T02:52:55Z,3,0,1,17.77,33,210
2026-07-30T02:52:55Z,4,0,29902,15.05,31,210
2026-07-30T02:52:55Z,5,0,29900,17.47,33,210
2026-07-30T02:52:55Z,6,0,22354,79.01,52,2482
2026-07-30T02:52:55Z,7,0,20692,68.40,49,2430
2026-07-30T02:52:57Z,0,99,31624,247.77,49,2812
2026-07-30T02:52:57Z,1,0,31624,106.01,45,2932
2026-07-30T02:52:57Z,2,0,1,15.31,34,210
2026-07-30T02:52:57Z,3,0,1,19.02,33,210
2026-07-30T02:52:57Z,4,0,29902,18.50,32,210
2026-07-30T02:52:57Z,5,0,29900,15.23,33,210
2026-07-30T02:52:57Z,6,0,22354,78.29,51,2467
2026-07-30T02:52:57Z,7,0,20692,70.56,49,2430
2026-07-30T02:53:00Z,0,0,31624,69.62,45,2430
2026-07-30T02:53:00Z,1,86,31624,294.62,48,2917
2026-07-30T02:53:00Z,2,0,1,13.66,34,210
2026-07-30T02:53:00Z,3,0,1,18.62,33,202
2026-07-30T02:53:00Z,4,0,29902,16.60,32,210
2026-07-30T02:53:00Z,5,0,29900,15.12,33,210
2026-07-30T02:53:00Z,6,0,22354,78.42,51,2467
2026-07-30T02:53:00Z,7,0,4,54.53,48,675
2026-07-30T02:53:02Z,0,100,31624,434.24,55,2662
2026-07-30T02:53:02Z,1,0,31624,108.53,46,2932
2026-07-30T02:53:02Z,2,0,1,14.97,34,210
2026-07-30T02:53:02Z,3,0,1,16.84,33,210
2026-07-30T02:53:02Z,4,0,29902,14.72,32,210
2026-07-30T02:53:02Z,5,0,29900,16.86,33,210
2026-07-30T02:53:02Z,6,0,22354,76.41,51,2467
2026-07-30T02:53:02Z,7,0,4,39.25,48,420
2026-07-30T02:53:03Z,0,98,31624,319.41,49,2820
2026-07-30T02:53:03Z,1,0,31624,72.39,45,2430
2026-07-30T02:53:03Z,2,0,1,13.17,34,210
2026-07-30T02:53:03Z,3,0,1,17.98,33,210
2026-07-30T02:53:03Z,4,0,29902,15.60,32,210
2026-07-30T02:53:03Z,5,0,29900,16.89,33,210
2026-07-30T02:53:03Z,6,0,22354,78.88,51,2467
2026-07-30T02:53:03Z,7,0,4,18.53,47,210
2026-07-30T02:53:05Z,0,0,31624,103.87,46,2835
2026-07-30T02:53:05Z,1,98,31624,282.57,49,2917
2026-07-30T02:53:05Z,2,0,1,15.40,34,210
2026-07-30T02:53:05Z,3,0,1,19.08,33,210
2026-07-30T02:53:05Z,4,0,29902,16.66,32,210
2026-07-30T02:53:05Z,5,0,29900,14.47,33,210
2026-07-30T02:53:05Z,6,0,22354,76.21,50,2475
2026-07-30T02:53:05Z,7,0,4,16.55,47,210
2026-07-30T02:53:06Z,0,100,31624,271.42,56,2775
2026-07-30T02:53:06Z,1,0,31624,108.11,46,2925
2026-07-30T02:53:06Z,2,0,1,14.29,34,210
2026-07-30T02:53:06Z,3,0,1,17.06,33,202
2026-07-30T02:53:06Z,4,0,29902,15.74,32,210
2026-07-30T02:53:06Z,5,0,29900,16.08,33,210
2026-07-30T02:53:06Z,6,0,22354,77.35,50,2467
2026-07-30T02:53:06Z,7,0,4,16.20,47,210
2026-07-30T02:53:07Z,0,98,31624,392.61,50,2685
2026-07-30T02:53:07Z,1,0,31624,78.07,44,2430
2026-07-30T02:53:07Z,2,0,1,15.30,34,210
2026-07-30T02:53:07Z,3,0,1,19.97,33,210
2026-07-30T02:53:07Z,4,0,29902,16.29,32,210
2026-07-30T02:53:07Z,5,0,29900,16.32,33,210
2026-07-30T02:53:07Z,6,0,22354,77.72,50,2467
2026-07-30T02:53:07Z,7,0,4,14.41,46,210
2026-07-30T02:53:09Z,0,0,31624,149.21,47,2835
2026-07-30T02:53:09Z,1,98,31624,196.79,49,2917
2026-07-30T02:53:09Z,2,0,1,15.10,34,210
2026-07-30T02:53:09Z,3,0,1,17.01,33,210
2026-07-30T02:53:09Z,4,0,29902,17.25,32,210
2026-07-30T02:53:09Z,5,0,29900,14.97,33,210
2026-07-30T02:53:09Z,6,0,22354,75.95,50,2482
2026-07-30T02:53:09Z,7,0,14,16.89,46,210
2026-07-30T02:53:11Z,0,100,31624,175.34,56,2557
2026-07-30T02:53:11Z,1,0,31624,150.15,45,2925
2026-07-30T02:53:11Z,2,0,1,13.69,34,210
2026-07-30T02:53:11Z,3,0,1,19.09,33,210
2026-07-30T02:53:11Z,4,0,29902,16.18,32,210
2026-07-30T02:53:11Z,5,0,29900,17.85,33,210
2026-07-30T02:53:11Z,6,0,22354,79.39,50,2497
2026-07-30T02:53:11Z,7,0,1184,71.92,47,2430
2026-07-30T02:53:12Z,0,98,31624,434.36,52,2355
2026-07-30T02:53:12Z,1,0,31624,91.96,44,2430
2026-07-30T02:53:12Z,2,0,1,16.13,34,210
2026-07-30T02:53:12Z,3,0,1,17.76,33,202
2026-07-30T02:53:12Z,4,0,29902,17.75,32,210
2026-07-30T02:53:12Z,5,0,29900,14.67,33,210
2026-07-30T02:53:12Z,6,1,22354,77.31,50,2520
2026-07-30T02:53:12Z,7,0,1184,69.70,47,2430
2026-07-30T02:53:13Z,0,0,31624,190.11,48,2842
2026-07-30T02:53:13Z,1,98,31624,158.40,49,2910
2026-07-30T02:53:13Z,2,0,1,12.63,34,210
2026-07-30T02:53:13Z,3,0,1,17.35,33,210
2026-07-30T02:53:13Z,4,0,29902,15.41,32,210
2026-07-30T02:53:13Z,5,0,29900,16.67,33,210
2026-07-30T02:53:13Z,6,0,22354,78.27,49,2482
2026-07-30T02:53:13Z,7,0,1184,67.02,47,2430
2026-07-30T02:53:17Z,0,98,31624,375.97,51,2820
2026-07-30T02:53:17Z,1,0,31624,82.84,44,2430
2026-07-30T02:53:17Z,2,0,1,14.57,34,210
2026-07-30T02:53:17Z,3,0,1,16.40,33,210
2026-07-30T02:53:17Z,4,0,29902,15.49,32,210
2026-07-30T02:53:17Z,5,0,29900,17.33,33,210
2026-07-30T02:53:17Z,6,0,22354,73.68,49,2430
2026-07-30T02:53:17Z,7,0,1184,66.72,46,2430
2026-07-30T02:53:19Z,0,0,31624,158.69,48,2842
2026-07-30T02:53:19Z,1,98,31624,194.80,49,2917
2026-07-30T02:53:19Z,2,0,1,15.72,34,210
2026-07-30T02:53:19Z,3,0,1,20.26,33,202
2026-07-30T02:53:19Z,4,0,29902,18.01,32,210
2026-07-30T02:53:19Z,5,0,29900,16.87,33,210
2026-07-30T02:53:19Z,6,0,22354,73.95,49,2430
2026-07-30T02:53:19Z,7,0,1184,68.43,46,2430
2026-07-30T02:53:20Z,0,98,31624,218.93,50,2820
2026-07-30T02:53:20Z,1,0,31624,152.47,45,2925
2026-07-30T02:53:20Z,2,0,1,14.95,34,210
2026-07-30T02:53:20Z,3,0,1,17.14,33,210
2026-07-30T02:53:20Z,4,0,29902,17.50,32,210
2026-07-30T02:53:20Z,5,0,29900,15.41,33,210
2026-07-30T02:53:20Z,6,0,22354,72.02,49,2430
2026-07-30T02:53:20Z,7,0,1184,68.57,46,2430
2026-07-30T02:53:21Z,0,0,31624,99.24,48,2835
2026-07-30T02:53:21Z,1,100,31624,243.04,57,2752
2026-07-30T02:53:21Z,2,0,1,14.10,34,210
2026-07-30T02:53:21Z,3,0,1,18.84,33,210
2026-07-30T02:53:21Z,4,0,29902,16.35,32,210
2026-07-30T02:53:21Z,5,0,29900,16.61,33,210
2026-07-30T02:53:21Z,6,0,1,75.55,48,2430
2026-07-30T02:53:21Z,7,0,1184,67.04,46,2430
2026-07-30T02:53:23Z,0,0,31624,77.15,47,2430
2026-07-30T02:53:23Z,1,98,31624,415.47,51,2362
2026-07-30T02:53:23Z,2,0,1,15.88,34,210
2026-07-30T02:53:23Z,3,0,1,15.92,33,210
2026-07-30T02:53:23Z,4,0,29902,17.21,32,210
2026-07-30T02:53:23Z,5,0,29900,13.83,34,210
2026-07-30T02:53:23Z,6,0,4,53.16,48,517
2026-07-30T02:53:23Z,7,0,1184,69.11,46,2430
2026-07-30T02:53:24Z,0,0,31624,72.58,47,2430
2026-07-30T02:53:24Z,1,0,31624,207.74,46,2932
2026-07-30T02:53:24Z,2,0,1,15.23,34,210
2026-07-30T02:53:24Z,3,0,1,17.38,33,210
2026-07-30T02:53:24Z,4,0,29902,15.52,31,210
2026-07-30T02:53:24Z,5,0,29900,15.22,33,210
2026-07-30T02:53:24Z,6,0,4,41.96,47,367
2026-07-30T02:53:24Z,7,0,1184,66.16,46,2430
2026-07-30T02:53:26Z,0,100,31624,460.78,57,2662
2026-07-30T02:53:26Z,1,0,31624,99.33,45,2857
2026-07-30T02:53:26Z,2,0,1,14.05,34,210
2026-07-30T02:53:26Z,3,0,1,17.85,33,210
2026-07-30T02:53:26Z,4,0,29902,17.43,32,210
2026-07-30T02:53:26Z,5,0,29900,14.24,33,210
2026-07-30T02:53:26Z,6,0,4,21.24,47,210
2026-07-30T02:53:26Z,7,0,1184,67.82,46,2430
2026-07-30T02:53:27Z,0,98,31624,257.32,49,2820
2026-07-30T02:53:27Z,1,0,31624,73.40,45,2430
2026-07-30T02:53:27Z,2,0,1,16.05,34,210
2026-07-30T02:53:27Z,3,0,1,16.33,33,210
2026-07-30T02:53:27Z,4,0,29902,17.62,31,210
2026-07-30T02:53:27Z,5,0,29900,14.66,33,210
2026-07-30T02:53:27Z,6,0,4,14.41,47,210
2026-07-30T02:53:27Z,7,0,1184,34.33,45,352
2026-07-30T02:53:29Z,0,0,31624,90.20,48,2842
2026-07-30T02:53:29Z,1,100,31624,387.51,57,2670
2026-07-30T02:53:29Z,2,0,1,13.46,34,210
2026-07-30T02:53:29Z,3,0,1,18.58,33,210
2026-07-30T02:53:29Z,4,0,29902,16.37,32,210
2026-07-30T02:53:29Z,5,0,29900,16.62,33,210
2026-07-30T02:53:29Z,6,0,4,15.29,47,210
2026-07-30T02:53:29Z,7,0,1184,14.52,44,210
2026-07-30T02:53:30Z,0,0,31624,69.71,47,2430
2026-07-30T02:53:30Z,1,98,31624,349.17,50,2917
2026-07-30T02:53:30Z,2,0,1,15.78,34,210
2026-07-30T02:53:30Z,3,0,1,17.16,33,210
2026-07-30T02:53:30Z,4,0,29902,18.49,31,210
2026-07-30T02:53:30Z,5,0,29900,13.74,33,210
2026-07-30T02:53:30Z,6,0,4,15.59,46,210
2026-07-30T02:53:30Z,7,0,1184,14.82,44,210
2026-07-30T02:53:34Z,0,98,31624,182.07,50,2820
2026-07-30T02:53:34Z,1,0,31624,194.15,46,2932
2026-07-30T02:53:34Z,2,0,1,16.09,34,210
2026-07-30T02:53:34Z,3,0,1,17.97,33,210
2026-07-30T02:53:34Z,4,0,29902,17.53,31,210
2026-07-30T02:53:34Z,5,0,29900,13.60,33,210
2026-07-30T02:53:34Z,6,0,1184,70.74,47,2430
2026-07-30T02:53:34Z,7,0,1184,14.62,44,210
2026-07-30T02:53:35Z,0,0,31624,136.33,48,2835
2026-07-30T02:53:35Z,1,98,31624,251.60,50,2917
2026-07-30T02:53:35Z,2,0,1,12.15,34,202
2026-07-30T02:53:35Z,3,0,1,17.10,33,210
2026-07-30T02:53:35Z,4,0,29902,16.53,31,210
2026-07-30T02:53:35Z,5,0,29900,14.98,33,210
2026-07-30T02:53:35Z,6,0,1184,71.64,47,2430
2026-07-30T02:53:35Z,7,0,1184,14.76,44,210
2026-07-30T02:53:37Z,0,100,31624,190.35,58,2730
2026-07-30T02:53:37Z,1,0,31624,125.75,46,2925
2026-07-30T02:53:37Z,2,0,1,13.25,34,210
2026-07-30T02:53:37Z,3,0,1,18.75,33,210
2026-07-30T02:53:37Z,4,0,29902,18.14,31,210
2026-07-30T02:53:37Z,5,0,29900,15.43,33,210
2026-07-30T02:53:37Z,6,0,1184,72.19,47,2430
2026-07-30T02:53:37Z,7,0,1184,14.21,44,210
2026-07-30T02:53:38Z,0,98,31624,407.11,52,2482
2026-07-30T02:53:38Z,1,0,31624,89.85,45,2430
2026-07-30T02:53:38Z,2,0,1,14.62,34,210
2026-07-30T02:53:38Z,3,0,1,16.48,33,210
2026-07-30T02:53:38Z,4,0,29902,17.32,31,210
2026-07-30T02:53:38Z,5,0,29900,14.28,33,210
2026-07-30T02:53:38Z,6,0,1184,70.35,47,2430
2026-07-30T02:53:38Z,7,0,1184,15.62,43,210
2026-07-30T02:53:40Z,0,0,31624,175.06,48,2842
2026-07-30T02:53:40Z,1,98,31624,175.94,49,2917
2026-07-30T02:53:40Z,2,0,1,12.69,34,210
2026-07-30T02:53:40Z,3,0,1,19.97,33,210
2026-07-30T02:53:40Z,4,0,29902,17.85,31,210
2026-07-30T02:53:40Z,5,0,29900,16.36,33,210
2026-07-30T02:53:40Z,6,0,1184,73.04,47,2430
2026-07-30T02:53:40Z,7,0,1184,13.52,43,210
2026-07-30T02:53:41Z,0,23,31624,131.50,57,2775
2026-07-30T02:53:41Z,1,0,31624,155.65,46,2932
2026-07-30T02:53:41Z,2,0,1,14.91,34,202
2026-07-30T02:53:41Z,3,0,1,18.97,33,210
2026-07-30T02:53:41Z,4,0,29902,18.37,31,210
2026-07-30T02:53:41Z,5,0,29900,15.11,33,210
2026-07-30T02:53:41Z,6,0,1184,70.74,46,2430
2026-07-30T02:53:41Z,7,65,14672,88.16,52,2407
2026-07-30T02:53:43Z,0,100,31624,450.90,58,2497
2026-07-30T02:53:43Z,1,0,31624,93.81,45,2460
2026-07-30T02:53:43Z,2,0,1,12.57,34,210
2026-07-30T02:53:43Z,3,0,1,18.74,33,210
2026-07-30T02:53:43Z,4,0,29902,15.78,31,210
2026-07-30T02:53:43Z,5,0,29900,17.41,33,210
2026-07-30T02:53:43Z,6,0,1184,72.58,46,2430
2026-07-30T02:53:43Z,7,0,17358,142.40,45,2910
2026-07-30T02:53:44Z,0,0,31624,227.93,49,2827
2026-07-30T02:53:44Z,1,0,31624,70.66,45,2430
2026-07-30T02:53:44Z,2,0,1,13.06,34,210
2026-07-30T02:53:44Z,3,0,1,19.80,33,210
2026-07-30T02:53:44Z,4,0,29902,18.62,31,210
2026-07-30T02:53:44Z,5,0,29900,16.35,33,210
2026-07-30T02:53:44Z,6,0,1184,71.85,46,2430
2026-07-30T02:53:44Z,7,0,17358,81.57,44,2430
2026-07-30T02:53:46Z,0,0,31624,89.48,48,2842
2026-07-30T02:53:46Z,1,100,31624,429.03,57,2655
2026-07-30T02:53:46Z,2,0,1,13.83,34,210
2026-07-30T02:53:46Z,3,0,1,16.64,33,210
2026-07-30T02:53:46Z,4,0,29902,16.25,31,210
2026-07-30T02:53:46Z,5,0,29900,15.09,33,210
2026-07-30T02:53:46Z,6,0,1184,70.30,46,2430
2026-07-30T02:53:46Z,7,0,17358,67.09,44,2430
2026-07-30T02:53:47Z,0,0,31624,72.73,47,2430
2026-07-30T02:53:47Z,1,98,31624,317.84,50,2917
2026-07-30T02:53:47Z,2,0,1,13.19,34,210
2026-07-30T02:53:47Z,3,0,1,19.35,33,210
2026-07-30T02:53:47Z,4,0,29902,16.77,32,210
2026-07-30T02:53:47Z,5,0,29900,17.03,34,210
2026-07-30T02:53:47Z,6,0,1184,72.19,46,2430
2026-07-30T02:53:47Z,7,0,17358,65.72,44,2430
2026-07-30T02:53:51Z,0,100,31624,140.37,57,2842
2026-07-30T02:53:51Z,1,0,31624,165.32,46,2932
2026-07-30T02:53:51Z,2,0,1,12.64,34,210
2026-07-30T02:53:51Z,3,0,1,18.47,33,210
2026-07-30T02:53:51Z,4,0,29902,17.42,31,210
2026-07-30T02:53:51Z,5,0,29900,16.34,33,210
2026-07-30T02:53:51Z,6,0,1184,29.53,45,337
2026-07-30T02:53:51Z,7,0,17358,66.03,44,2430
2026-07-30T02:53:52Z,0,100,31624,450.28,58,2482
2026-07-30T02:53:52Z,1,0,31624,95.32,45,2430
2026-07-30T02:53:52Z,2,0,1,15.55,34,210
2026-07-30T02:53:52Z,3,0,1,17.41,33,210
2026-07-30T02:53:52Z,4,0,29902,17.87,31,210
2026-07-30T02:53:52Z,5,0,29900,13.98,33,210
2026-07-30T02:53:52Z,6,0,1184,15.90,45,210
2026-07-30T02:53:52Z,7,0,17358,67.79,44,2430
2026-07-30T02:53:54Z,0,0,31624,207.93,49,2827
2026-07-30T02:53:54Z,1,98,31624,137.15,49,2910
2026-07-30T02:53:54Z,2,0,1,14.22,34,202
2026-07-30T02:53:54Z,3,0,1,17.57,33,210
2026-07-30T02:53:54Z,4,0,29902,15.95,31,210
2026-07-30T02:53:54Z,5,0,29900,16.72,33,210
2026-07-30T02:53:54Z,6,0,1184,13.15,45,210
2026-07-30T02:53:54Z,7,0,17358,65.07,44,2430
2026-07-30T02:53:55Z,0,98,31624,187.56,51,2820
2026-07-30T02:53:55Z,1,0,31624,169.10,46,2925
2026-07-30T02:53:55Z,2,0,1,16.05,34,210
2026-07-30T02:53:55Z,3,0,1,20.08,33,210
2026-07-30T02:53:55Z,4,0,29902,17.36,31,210
2026-07-30T02:53:55Z,5,0,29900,15.91,34,210
2026-07-30T02:53:55Z,6,0,1184,14.45,44,210
2026-07-30T02:53:55Z,7,0,17358,67.18,44,2430
2026-07-30T02:53:57Z,0,0,31624,140.32,48,2842
2026-07-30T02:53:57Z,1,98,31624,141.81,57,2595
2026-07-30T02:53:57Z,2,0,1,15.13,34,210
2026-07-30T02:53:57Z,3,0,1,16.19,33,210
2026-07-30T02:53:57Z,4,0,29902,16.48,31,210
2026-07-30T02:53:57Z,5,0,29900,16.70,33,210
2026-07-30T02:53:57Z,6,0,1184,12.71,44,210
2026-07-30T02:53:57Z,7,0,17358,65.79,43,2430
2026-07-30T02:53:58Z,0,0,31624,83.13,48,2452
2026-07-30T02:53:58Z,1,100,31624,450.57,55,2370
2026-07-30T02:53:58Z,2,0,1,15.05,34,210
2026-07-30T02:53:58Z,3,0,1,17.77,33,210
2026-07-30T02:53:58Z,4,0,29902,15.76,31,210
2026-07-30T02:53:58Z,5,0,29900,17.19,33,210
2026-07-30T02:53:58Z,6,0,1184,14.25,44,210
2026-07-30T02:53:58Z,7,0,17358,65.97,43,2430
2026-07-30T02:54:00Z,0,99,31624,133.31,51,2587
2026-07-30T02:54:00Z,1,0,31624,228.68,47,2932
2026-07-30T02:54:00Z,2,0,1,15.56,34,202
2026-07-30T02:54:00Z,3,0,1,15.99,33,210
2026-07-30T02:54:00Z,4,0,29902,17.80,31,210
2026-07-30T02:54:00Z,5,0,29900,14.58,33,210
2026-07-30T02:54:00Z,6,0,1184,11.93,44,210
2026-07-30T02:54:00Z,7,0,17358,46.56,43,397
2026-07-30T02:54:02Z,0,0,31624,154.62,48,2842
2026-07-30T02:54:02Z,1,98,31624,204.95,50,2917
2026-07-30T02:54:02Z,2,0,1,13.56,34,210
2026-07-30T02:54:02Z,3,0,1,17.07,33,210
2026-07-30T02:54:02Z,4,0,29902,16.89,31,210
2026-07-30T02:54:02Z,5,0,29900,16.09,33,210
2026-07-30T02:54:02Z,6,0,1184,14.14,44,210
2026-07-30T02:54:02Z,7,0,17358,14.05,42,210
2026-07-30T02:54:03Z,0,100,31624,159.79,58,2782
2026-07-30T02:54:03Z,1,0,31624,158.99,46,2932
2026-07-30T02:54:03Z,2,0,1,15.77,34,210
2026-07-30T02:54:03Z,3,0,1,16.88,33,210
2026-07-30T02:54:03Z,4,0,29902,18.01,32,210
2026-07-30T02:54:03Z,5,0,29900,15.20,34,210
2026-07-30T02:54:03Z,6,0,1184,13.44,44,210
2026-07-30T02:54:03Z,7,0,17358,14.18,42,210
2026-07-30T02:54:05Z,0,99,31624,442.21,54,2415
2026-07-30T02:54:05Z,1,100,31624,279.63,57,2722
2026-07-30T02:54:05Z,2,0,1,14.41,34,210
2026-07-30T02:54:05Z,3,0,1,16.65,33,210
2026-07-30T02:54:05Z,4,0,29902,15.92,32,210
2026-07-30T02:54:05Z,5,0,29900,16.15,33,210
2026-07-30T02:54:05Z,6,0,1184,12.72,44,210
2026-07-30T02:54:05Z,7,0,17358,13.92,42,210
2026-07-30T02:54:08Z,0,99,31624,420.93,53,2467
2026-07-30T02:54:08Z,1,21,31624,280.47,49,2925
2026-07-30T02:54:08Z,2,0,1,14.89,34,210
2026-07-30T02:54:08Z,3,0,1,16.97,33,210
2026-07-30T02:54:08Z,4,0,29902,16.86,31,202
2026-07-30T02:54:08Z,5,0,29900,16.54,33,210
2026-07-30T02:54:08Z,6,0,17358,89.27,45,2647
2026-07-30T02:54:08Z,7,0,17358,179.93,44,2910
2026-07-30T02:54:10Z,0,0,31624,193.18,49,2842
2026-07-30T02:54:10Z,1,100,31624,436.10,58,2662
2026-07-30T02:54:10Z,2,0,1,13.82,35,210
2026-07-30T02:54:10Z,3,0,1,18.59,33,210
2026-07-30T02:54:10Z,4,0,29902,18.72,31,210
2026-07-30T02:54:10Z,5,0,29900,14.55,33,210
2026-07-30T02:54:10Z,6,0,17358,71.01,45,2430
2026-07-30T02:54:10Z,7,0,17358,85.31,43,2430
2026-07-30T02:54:11Z,0,100,31624,462.15,59,2647
2026-07-30T02:54:11Z,1,98,31624,359.59,52,2917
2026-07-30T02:54:11Z,2,0,1,15.73,34,210
2026-07-30T02:54:11Z,3,0,1,17.43,33,210
2026-07-30T02:54:11Z,4,0,29902,17.90,32,210
2026-07-30T02:54:11Z,5,0,29900,14.70,34,210
2026-07-30T02:54:11Z,6,0,17358,68.40,45,2430
2026-07-30T02:54:11Z,7,0,17358,66.98,43,2430
2026-07-30T02:54:13Z,0,98,31624,271.95,52,2812
2026-07-30T02:54:13Z,1,98,31624,292.31,51,2917
2026-07-30T02:54:13Z,2,0,1,13.22,34,210
2026-07-30T02:54:13Z,3,0,1,20.65,33,210
2026-07-30T02:54:13Z,4,0,29902,18.09,31,210
2026-07-30T02:54:13Z,5,0,29900,16.68,33,210
2026-07-30T02:54:13Z,6,0,17358,70.80,45,2430
2026-07-30T02:54:13Z,7,0,17358,63.96,43,2430
2026-07-30T02:54:14Z,0,41,31624,243.94,51,2820
2026-07-30T02:54:14Z,1,100,31624,282.38,59,2715
2026-07-30T02:54:14Z,2,0,1,16.10,34,210
2026-07-30T02:54:14Z,3,0,1,19.17,33,210
2026-07-30T02:54:14Z,4,0,29902,18.54,31,202
2026-07-30T02:54:14Z,5,0,29900,15.41,33,210
2026-07-30T02:54:14Z,6,0,17358,69.38,44,2430
2026-07-30T02:54:14Z,7,0,17358,66.51,43,2430
2026-07-30T02:54:16Z,0,99,31624,259.44,52,2782
2026-07-30T02:54:16Z,1,98,31624,395.44,52,2910
2026-07-30T02:54:16Z,2,0,1,13.02,34,210
2026-07-30T02:54:16Z,3,0,1,17.27,33,210
2026-07-30T02:54:16Z,4,0,29902,16.24,31,210
2026-07-30T02:54:16Z,5,0,29900,16.22,33,210
2026-07-30T02:54:16Z,6,0,17358,68.97,44,2430
2026-07-30T02:54:16Z,7,0,17358,64.07,43,2430
2026-07-30T02:54:17Z,0,98,31624,257.04,52,2790
2026-07-30T02:54:17Z,1,16,31624,165.30,48,2932
2026-07-30T02:54:17Z,2,0,1,13.99,35,210
2026-07-30T02:54:17Z,3,0,1,19.48,33,210
2026-07-30T02:54:17Z,4,0,29902,17.50,31,210
2026-07-30T02:54:17Z,5,0,29900,16.75,33,210
2026-07-30T02:54:17Z,6,0,17358,70.14,44,2430
2026-07-30T02:54:17Z,7,0,17358,65.14,43,2430
2026-07-30T02:54:19Z,0,0,31624,159.62,50,2842
2026-07-30T02:54:19Z,1,100,31624,450.32,57,2587
2026-07-30T02:54:19Z,2,0,1,15.15,34,210
2026-07-30T02:54:19Z,3,0,1,17.23,33,210
2026-07-30T02:54:19Z,4,0,29902,18.21,31,210
2026-07-30T02:54:19Z,5,0,29900,14.23,33,210
2026-07-30T02:54:19Z,6,0,17358,68.18,44,2430
2026-07-30T02:54:19Z,7,0,17358,66.11,43,2430
2026-07-30T02:54:20Z,0,100,31624,451.23,59,2655
2026-07-30T02:54:20Z,1,38,31624,288.71,50,2902
2026-07-30T02:54:20Z,2,0,1,13.47,35,210
2026-07-30T02:54:20Z,3,0,1,18.19,33,210
2026-07-30T02:54:20Z,4,0,29902,16.87,31,202
2026-07-30T02:54:20Z,5,0,29900,17.07,33,210
2026-07-30T02:54:20Z,6,0,17358,70.88,44,2430
2026-07-30T02:54:20Z,7,0,17358,64.01,43,2430
2026-07-30T02:54:21Z,0,15,31624,246.16,51,2812
2026-07-30T02:54:21Z,1,98,31624,294.31,52,2872
2026-07-30T02:54:21Z,2,0,1,16.16,35,210
2026-07-30T02:54:21Z,3,0,1,19.39,33,210
2026-07-30T02:54:21Z,4,0,29902,19.31,31,210
2026-07-30T02:54:21Z,5,0,29900,15.06,33,210
2026-07-30T02:54:21Z,6,0,17358,68.43,44,2430
2026-07-30T02:54:21Z,7,0,17358,67.19,43,2430
2026-07-30T02:54:25Z,0,100,31624,245.72,61,2760
2026-07-30T02:54:25Z,1,98,31624,413.47,53,2685
2026-07-30T02:54:25Z,2,0,1,15.52,35,210
2026-07-30T02:54:25Z,3,0,1,18.56,33,210
2026-07-30T02:54:25Z,4,0,29902,18.38,31,210
2026-07-30T02:54:25Z,5,0,29900,14.08,33,210
2026-07-30T02:54:25Z,6,0,17358,27.55,43,337
2026-07-30T02:54:25Z,7,0,17358,42.95,42,397
2026-07-30T02:54:27Z,0,98,31624,395.86,54,2812
2026-07-30T02:54:27Z,1,98,31624,299.32,53,2910
2026-07-30T02:54:27Z,2,0,1,13.15,34,210
2026-07-30T02:54:27Z,3,0,1,16.79,33,210
2026-07-30T02:54:27Z,4,0,29902,16.27,31,202
2026-07-30T02:54:27Z,5,0,29900,14.94,33,210
2026-07-30T02:54:27Z,6,0,17358,12.66,43,210
2026-07-30T02:54:27Z,7,0,17358,13.96,42,210
2026-07-30T02:54:28Z,0,0,31624,174.46,50,2842
2026-07-30T02:54:28Z,1,98,31624,292.07,53,2910
2026-07-30T02:54:28Z,2,0,1,13.94,34,210
2026-07-30T02:54:28Z,3,0,1,19.52,33,210
2026-07-30T02:54:28Z,4,0,29902,18.69,31,210
2026-07-30T02:54:28Z,5,0,29900,16.94,33,210
2026-07-30T02:54:28Z,6,0,17358,14.47,43,210
2026-07-30T02:54:28Z,7,0,17358,13.08,42,210
2026-07-30T02:54:30Z,0,100,31624,451.45,60,2542
2026-07-30T02:54:30Z,1,100,31624,236.16,59,2850
2026-07-30T02:54:30Z,2,0,1,14.67,34,210
2026-07-30T02:54:30Z,3,0,1,17.12,33,210
2026-07-30T02:54:30Z,4,0,29902,15.35,31,210
2026-07-30T02:54:30Z,5,0,29900,14.96,33,210
2026-07-30T02:54:30Z,6,0,17358,13.68,43,210
2026-07-30T02:54:30Z,7,0,17358,14.71,42,210
2026-07-30T02:54:31Z,0,0,31624,243.48,51,2820
2026-07-30T02:54:31Z,1,98,31624,423.92,54,2520
2026-07-30T02:54:31Z,2,0,1,12.89,34,210
2026-07-30T02:54:31Z,3,0,1,17.93,33,210
2026-07-30T02:54:31Z,4,0,29902,16.62,31,210
2026-07-30T02:54:31Z,5,0,29900,17.39,33,210
2026-07-30T02:54:31Z,6,0,17358,13.59,43,210
2026-07-30T02:54:31Z,7,0,17358,13.70,42,210
2026-07-30T02:54:33Z,0,100,31624,441.73,61,2640
2026-07-30T02:54:33Z,1,98,31624,293.06,53,2902
2026-07-30T02:54:33Z,2,0,1,16.17,35,210
2026-07-30T02:54:33Z,3,0,1,19.02,33,210
2026-07-30T02:54:33Z,4,0,29902,18.35,31,210
2026-07-30T02:54:33Z,5,0,29900,16.24,34,210
2026-07-30T02:54:33Z,6,23,17358,183.14,47,2565
2026-07-30T02:54:33Z,7,0,17358,14.34,42,210
2026-07-30T02:54:34Z,0,98,31624,316.34,54,2812
2026-07-30T02:54:34Z,1,98,31624,299.23,53,2910
2026-07-30T02:54:34Z,2,0,1,14.82,34,210
2026-07-30T02:54:34Z,3,0,1,17.51,33,210
2026-07-30T02:54:34Z,4,0,29902,15.25,31,210
2026-07-30T02:54:34Z,5,0,29900,16.90,33,210
2026-07-30T02:54:34Z,6,0,17358,96.28,45,2917
2026-07-30T02:54:34Z,7,6,17358,16.85,42,1207
2026-07-30T02:54:36Z,0,100,31624,242.70,61,2782
2026-07-30T02:54:36Z,1,98,31624,281.96,53,2917
2026-07-30T02:54:36Z,2,0,1,14.28,34,210
2026-07-30T02:54:36Z,3,0,1,20.88,33,210
2026-07-30T02:54:36Z,4,0,29902,16.71,31,210
2026-07-30T02:54:36Z,5,0,29900,16.90,34,210
2026-07-30T02:54:36Z,6,0,17358,69.32,44,2430
2026-07-30T02:54:36Z,7,0,17358,209.36,44,2910
2026-07-30T02:54:37Z,0,98,31624,410.40,54,2482
2026-07-30T02:54:37Z,1,98,31624,293.90,53,2917
2026-07-30T02:54:37Z,2,0,1,15.30,34,210
2026-07-30T02:54:37Z,3,0,1,16.05,33,210
2026-07-30T02:54:37Z,4,0,29902,15.81,31,210
2026-07-30T02:54:37Z,5,0,29900,15.27,33,210
2026-07-30T02:54:37Z,6,0,17358,67.37,44,2430
2026-07-30T02:54:37Z,7,0,17358,85.76,43,2452
2026-07-30T02:54:39Z,0,0,31624,152.31,51,2842
2026-07-30T02:54:39Z,1,98,31624,281.07,53,2910
2026-07-30T02:54:39Z,2,0,1,13.56,34,210
2026-07-30T02:54:39Z,3,0,1,17.62,33,210
2026-07-30T02:54:39Z,4,0,29902,17.40,31,210
2026-07-30T02:54:39Z,5,0,29900,16.62,33,210
2026-07-30T02:54:39Z,6,0,17358,70.05,44,2430
2026-07-30T02:54:39Z,7,0,17358,64.07,43,2430
2026-07-30T02:54:42Z,0,0,31624,163.40,54,2842
2026-07-30T02:54:42Z,1,0,31624,268.27,50,2917
2026-07-30T02:54:42Z,2,0,1,13.40,34,210
2026-07-30T02:54:42Z,3,0,1,18.49,33,210
2026-07-30T02:54:42Z,4,0,29902,16.18,31,210
2026-07-30T02:54:42Z,5,0,29900,17.19,33,210
2026-07-30T02:54:42Z,6,0,17358,70.01,44,2430
2026-07-30T02:54:42Z,7,0,17358,63.33,43,2430
2026-07-30T02:54:44Z,0,100,31624,450.98,60,2542
2026-07-30T02:54:44Z,1,100,31624,412.19,59,2647
2026-07-30T02:54:44Z,2,0,1,15.22,34,210
2026-07-30T02:54:44Z,3,0,1,19.43,33,202
2026-07-30T02:54:44Z,4,0,29902,17.95,31,210
2026-07-30T02:54:44Z,5,0,29900,16.14,34,210
2026-07-30T02:54:44Z,6,0,17358,68.31,44,2430
2026-07-30T02:54:44Z,7,0,17358,66.23,43,2430
2026-07-30T02:54:45Z,0,88,31624,261.91,52,2812
2026-07-30T02:54:45Z,1,99,31624,356.95,54,2910
2026-07-30T02:54:45Z,2,0,1,13.38,34,210
2026-07-30T02:54:45Z,3,0,1,17.65,33,210
2026-07-30T02:54:45Z,4,0,29902,15.62,31,210
2026-07-30T02:54:45Z,5,0,29900,15.74,33,210
2026-07-30T02:54:45Z,6,0,17358,68.99,43,2430
2026-07-30T02:54:45Z,7,0,17358,63.93,43,2430
2026-07-30T02:54:46Z,0,100,31624,400.98,61,2647
2026-07-30T02:54:46Z,1,98,31624,280.83,53,2910
2026-07-30T02:54:46Z,2,0,1,15.25,34,210
2026-07-30T02:54:46Z,3,0,1,19.25,33,210
2026-07-30T02:54:46Z,4,0,29902,18.19,31,210
2026-07-30T02:54:46Z,5,0,29900,17.00,34,210
2026-07-30T02:54:46Z,6,0,17358,69.92,43,2430
2026-07-30T02:54:46Z,7,0,17358,65.54,43,2430
2026-07-30T02:54:48Z,0,98,31624,335.99,55,2812
2026-07-30T02:54:48Z,1,100,31624,282.64,60,2670
2026-07-30T02:54:48Z,2,0,1,15.27,34,210
2026-07-30T02:54:48Z,3,0,1,17.12,33,210
2026-07-30T02:54:48Z,4,0,29902,15.60,31,210
2026-07-30T02:54:48Z,5,0,29900,14.77,33,210
2026-07-30T02:54:48Z,6,0,17358,67.60,43,2430
2026-07-30T02:54:48Z,7,0,17358,65.68,43,2430
2026-07-30T02:54:49Z,0,98,31624,261.19,54,2812
2026-07-30T02:54:49Z,1,98,31624,401.35,54,2910
2026-07-30T02:54:49Z,2,0,1,13.18,34,210
2026-07-30T02:54:49Z,3,0,1,17.41,33,202
2026-07-30T02:54:49Z,4,0,29902,15.71,31,210
2026-07-30T02:54:49Z,5,0,29900,17.88,33,210
2026-07-30T02:54:49Z,6,0,17358,70.10,43,2430
2026-07-30T02:54:49Z,7,0,17358,63.91,43,2430
2026-07-30T02:54:51Z,0,100,31624,258.10,62,2767
2026-07-30T02:54:51Z,1,4,31624,166.31,50,2932
2026-07-30T02:54:51Z,2,0,1,14.85,34,210
2026-07-30T02:54:51Z,3,0,1,16.70,33,210
2026-07-30T02:54:51Z,4,0,29902,18.23,31,210
2026-07-30T02:54:51Z,5,0,29900,13.90,34,210
2026-07-30T02:54:51Z,6,0,17358,26.09,42,337
2026-07-30T02:54:51Z,7,0,17358,66.48,43,2430
2026-07-30T02:54:52Z,0,98,31624,404.58,55,2760
2026-07-30T02:54:52Z,1,100,31624,450.58,59,2655
2026-07-30T02:54:52Z,2,0,1,13.78,34,210
2026-07-30T02:54:52Z,3,0,1,16.52,33,210
2026-07-30T02:54:52Z,4,0,29902,16.53,31,210
2026-07-30T02:54:52Z,5,0,29900,16.85,33,210
2026-07-30T02:54:52Z,6,0,17358,12.46,42,210
2026-07-30T02:54:52Z,7,0,17358,63.94,43,2430
2026-07-30T02:54:54Z,0,98,31624,260.53,55,2812
2026-07-30T02:54:54Z,1,35,31624,291.30,56,2910
2026-07-30T02:54:54Z,2,0,1,13.83,34,210
2026-07-30T02:54:54Z,3,0,1,19.57,33,210
2026-07-30T02:54:54Z,4,0,29902,18.99,31,210
2026-07-30T02:54:54Z,5,0,29900,14.90,34,210
2026-07-30T02:54:54Z,6,0,17358,13.18,42,210
2026-07-30T02:54:54Z,7,0,17358,27.80,42,360
2026-07-30T02:54:55Z,0,99,31624,262.67,55,2812
2026-07-30T02:54:55Z,1,98,31624,284.69,54,2910
2026-07-30T02:54:55Z,2,0,1,13.87,34,210
2026-07-30T02:54:55Z,3,0,1,18.47,33,202
2026-07-30T02:54:55Z,4,0,29902,17.70,31,210
2026-07-30T02:54:55Z,5,0,29900,14.86,33,210
2026-07-30T02:54:55Z,6,0,17358,11.97,42,210
2026-07-30T02:54:55Z,7,0,17358,14.82,42,210
2026-07-30T02:54:59Z,0,98,31624,262.42,55,2790
2026-07-30T02:54:59Z,1,100,31624,367.01,61,2647
2026-07-30T02:54:59Z,2,0,1,15.58,34,210
2026-07-30T02:54:59Z,3,0,1,17.32,33,210
2026-07-30T02:54:59Z,4,0,29902,15.73,31,210
2026-07-30T02:54:59Z,5,0,29900,15.16,34,210
2026-07-30T02:54:59Z,6,0,17358,10.86,42,540
2026-07-30T02:54:59Z,7,0,17358,14.03,41,210
2026-07-30T02:55:00Z,0,0,31624,158.63,58,2835
2026-07-30T02:55:00Z,1,98,31624,361.04,55,2910
2026-07-30T02:55:00Z,2,0,1,13.75,34,210
2026-07-30T02:55:00Z,3,0,1,19.38,33,210
2026-07-30T02:55:00Z,4,0,29902,15.83,31,210
2026-07-30T02:55:00Z,5,0,29900,18.07,34,210
2026-07-30T02:55:00Z,6,0,17358,211.16,44,2917
2026-07-30T02:55:00Z,7,88,17358,87.22,50,330
2026-07-30T02:55:02Z,0,100,31624,451.01,61,2377
2026-07-30T02:55:02Z,1,98,31624,296.90,54,2910
2026-07-30T02:55:02Z,2,0,1,16.49,35,210
2026-07-30T02:55:02Z,3,0,1,17.86,33,210
2026-07-30T02:55:02Z,4,0,29902,18.30,32,210
2026-07-30T02:55:02Z,5,0,29900,15.26,34,210
2026-07-30T02:55:02Z,6,0,17358,84.22,43,2430
2026-07-30T02:55:02Z,7,0,17358,103.77,43,2910
2026-07-30T02:55:04Z,0,99,31624,250.56,55,2812
2026-07-30T02:55:04Z,1,98,31624,294.57,53,2910
2026-07-30T02:55:04Z,2,0,1,14.11,34,210
2026-07-30T02:55:04Z,3,0,1,17.49,33,210
2026-07-30T02:55:04Z,4,0,29902,16.50,32,210
2026-07-30T02:55:04Z,5,0,29900,17.04,34,210
2026-07-30T02:55:04Z,6,0,17358,68.42,43,2430
2026-07-30T02:55:04Z,7,0,17358,72.62,43,2430
2026-07-30T02:55:05Z,0,98,31624,260.51,55,2812
2026-07-30T02:55:05Z,1,98,31624,296.22,54,2880
2026-07-30T02:55:05Z,2,0,1,15.35,35,210
2026-07-30T02:55:05Z,3,0,1,19.19,33,210
2026-07-30T02:55:05Z,4,0,29902,18.04,32,210
2026-07-30T02:55:05Z,5,0,29900,14.84,34,202
2026-07-30T02:55:05Z,6,0,17358,67.90,43,2430
2026-07-30T02:55:05Z,7,0,17358,65.96,43,2430
2026-07-30T02:55:07Z,0,98,31624,247.07,55,2812
2026-07-30T02:55:07Z,1,98,31624,300.36,54,2895
2026-07-30T02:55:07Z,2,0,1,15.25,35,210
2026-07-30T02:55:07Z,3,0,1,18.29,33,210
2026-07-30T02:55:07Z,4,0,29902,15.93,32,210
2026-07-30T02:55:07Z,5,0,29900,14.85,34,210
2026-07-30T02:55:07Z,6,0,17358,66.27,43,2430
2026-07-30T02:55:07Z,7,0,17358,65.26,43,2430
2026-07-30T02:55:08Z,0,98,31624,260.39,55,2812
2026-07-30T02:55:08Z,1,98,31624,283.61,54,2910
2026-07-30T02:55:08Z,2,0,1,13.28,35,210
2026-07-30T02:55:08Z,3,0,1,19.50,33,210
2026-07-30T02:55:08Z,4,0,29902,16.81,32,210
2026-07-30T02:55:08Z,5,0,29900,17.11,34,210
2026-07-30T02:55:08Z,6,0,17358,69.47,43,2430
2026-07-30T02:55:08Z,7,0,17358,64.81,43,2430
2026-07-30T02:55:10Z,0,100,31624,236.56,63,2790
2026-07-30T02:55:10Z,1,98,31624,283.86,54,2910
2026-07-30T02:55:10Z,2,0,1,15.98,35,210
2026-07-30T02:55:10Z,3,0,1,18.68,33,210
2026-07-30T02:55:10Z,4,0,29902,19.17,32,210
2026-07-30T02:55:10Z,5,0,29900,15.94,34,210
2026-07-30T02:55:10Z,6,0,17358,66.36,43,2430
2026-07-30T02:55:10Z,7,0,17358,66.65,43,2430
2026-07-30T02:55:11Z,0,99,31624,417.69,56,2400
2026-07-30T02:55:11Z,1,98,31624,288.48,54,2910
2026-07-30T02:55:11Z,2,0,1,14.74,35,210
2026-07-30T02:55:11Z,3,0,1,18.39,33,210
2026-07-30T02:55:11Z,4,0,29902,15.40,31,210
2026-07-30T02:55:11Z,5,0,29900,16.81,33,202
2026-07-30T02:55:11Z,6,0,17358,67.98,43,2430
2026-07-30T02:55:11Z,7,0,17358,63.77,42,2430
2026-07-30T02:55:12Z,0,0,31624,175.17,52,2842
2026-07-30T02:55:12Z,1,100,31624,358.90,61,2647
2026-07-30T02:55:12Z,2,0,1,15.39,35,210
2026-07-30T02:55:12Z,3,0,1,20.46,33,210
2026-07-30T02:55:12Z,4,0,29902,18.60,32,210
2026-07-30T02:55:12Z,5,0,29900,17.26,34,210
2026-07-30T02:55:12Z,6,0,17358,68.15,43,2430
2026-07-30T02:55:12Z,7,0,17358,66.04,42,2430
2026-07-30T02:55:16Z,0,98,31624,263.81,55,2805
2026-07-30T02:55:16Z,1,90,31624,297.11,55,2880
2026-07-30T02:55:16Z,2,0,1,13.77,35,210
2026-07-30T02:55:16Z,3,0,1,19.20,33,210
2026-07-30T02:55:16Z,4,0,29902,17.60,32,210
2026-07-30T02:55:16Z,5,0,29900,15.05,34,210
2026-07-30T02:55:16Z,6,0,17358,67.75,43,2430
2026-07-30T02:55:16Z,7,0,17358,65.40,42,2430
2026-07-30T02:55:17Z,0,98,31624,263.08,55,2812
2026-07-30T02:55:17Z,1,98,31624,285.97,54,2910
2026-07-30T02:55:17Z,2,0,1,15.66,35,210
2026-07-30T02:55:17Z,3,0,1,18.01,33,210
2026-07-30T02:55:17Z,4,0,29902,17.88,32,210
2026-07-30T02:55:17Z,5,0,29900,15.12,34,202
2026-07-30T02:55:17Z,6,0,17358,40.21,42,382
2026-07-30T02:55:17Z,7,0,17358,65.22,42,2430
2026-07-30T02:55:19Z,0,98,31624,247.88,55,2812
2026-07-30T02:55:19Z,1,98,31624,297.53,55,2910
2026-07-30T02:55:19Z,2,0,1,13.22,35,210
2026-07-30T02:55:19Z,3,0,1,20.10,33,210
2026-07-30T02:55:19Z,4,0,29902,17.53,32,210
2026-07-30T02:55:19Z,5,0,29900,17.42,34,210
2026-07-30T02:55:19Z,6,0,17358,13.98,42,210
2026-07-30T02:55:19Z,7,0,17358,44.68,42,457
2026-07-30T02:55:20Z,0,99,31624,255.32,55,2812
2026-07-30T02:55:20Z,1,98,31624,284.25,54,2902
2026-07-30T02:55:20Z,2,0,1,15.83,35,210
2026-07-30T02:55:20Z,3,0,1,19.40,33,210
2026-07-30T02:55:20Z,4,0,29902,19.26,32,210
2026-07-30T02:55:20Z,5,0,29900,15.90,34,210
2026-07-30T02:55:20Z,6,0,17358,12.31,42,210
2026-07-30T02:55:20Z,7,0,17358,15.73,42,210
2026-07-30T02:55:22Z,0,74,31624,264.53,59,2797
2026-07-30T02:55:22Z,1,100,31624,349.39,61,2662
2026-07-30T02:55:22Z,2,0,1,13.26,35,210
2026-07-30T02:55:22Z,3,0,1,17.87,33,210
2026-07-30T02:55:22Z,4,0,29902,15.39,32,210
2026-07-30T02:55:22Z,5,0,29900,17.81,34,210
2026-07-30T02:55:22Z,6,0,17358,11.75,42,210
2026-07-30T02:55:22Z,7,0,17358,12.98,42,210
2026-07-30T02:55:24Z,0,98,31624,246.03,55,2812
2026-07-30T02:55:24Z,1,98,31624,361.14,55,2910
2026-07-30T02:55:24Z,2,0,1,16.54,35,210
2026-07-30T02:55:24Z,3,0,1,17.49,33,210
2026-07-30T02:55:24Z,4,0,29902,18.60,32,210
2026-07-30T02:55:24Z,5,0,29900,14.46,34,202
2026-07-30T02:55:24Z,6,0,17358,12.72,42,210
2026-07-30T02:55:24Z,7,0,17358,13.80,41,210
2026-07-30T02:55:25Z,0,98,31624,263.48,55,2812
2026-07-30T02:55:25Z,1,98,31624,296.09,55,2910
2026-07-30T02:55:25Z,2,0,1,15.91,35,210
2026-07-30T02:55:25Z,3,0,1,17.54,33,210
2026-07-30T02:55:25Z,4,0,29902,17.35,32,210
2026-07-30T02:55:25Z,5,0,29900,15.70,34,210
2026-07-30T02:55:25Z,6,0,17358,11.63,42,210
2026-07-30T02:55:25Z,7,19,17358,192.21,44,2910
2026-07-30T02:55:27Z,0,98,31624,262.90,55,2812
2026-07-30T02:55:27Z,1,98,31624,297.24,55,2910
2026-07-30T02:55:27Z,2,0,1,14.08,35,210
2026-07-30T02:55:27Z,3,0,1,19.76,33,210
2026-07-30T02:55:27Z,4,0,29902,18.72,32,210
2026-07-30T02:55:27Z,5,0,29900,16.87,34,210
2026-07-30T02:55:27Z,6,0,17358,12.21,42,210
2026-07-30T02:55:27Z,7,0,17358,95.41,43,2910
2026-07-30T02:55:28Z,0,100,31624,203.98,63,2775
2026-07-30T02:55:28Z,1,100,31624,323.17,62,2670
2026-07-30T02:55:28Z,2,0,1,16.57,35,210
2026-07-30T02:55:28Z,3,0,1,17.85,33,210
2026-07-30T02:55:28Z,4,0,29902,16.89,32,210
2026-07-30T02:55:28Z,5,0,29900,15.13,34,210
2026-07-30T02:55:28Z,6,0,17358,10.97,42,210
2026-07-30T02:55:28Z,7,0,17358,66.51,43,2430
2026-07-30T02:55:30Z,0,98,31624,429.99,57,2535
2026-07-30T02:55:30Z,1,98,31624,393.65,56,2910
2026-07-30T02:55:30Z,2,0,1,12.89,35,210
2026-07-30T02:55:30Z,3,0,1,17.07,33,210
2026-07-30T02:55:30Z,4,0,29902,17.07,32,210
2026-07-30T02:55:30Z,5,0,29900,17.86,34,210
2026-07-30T02:55:30Z,6,25,17358,20.80,50,1252
2026-07-30T02:55:30Z,7,0,17358,63.74,43,2430
2026-07-30T02:55:33Z,0,98,31624,258.06,55,2812
2026-07-30T02:55:33Z,1,0,31624,231.15,52,2917
2026-07-30T02:55:33Z,2,0,1,14.46,35,210
2026-07-30T02:55:33Z,3,0,1,17.38,33,210
2026-07-30T02:55:33Z,4,0,29902,15.83,32,210
2026-07-30T02:55:33Z,5,0,29900,16.72,34,210
2026-07-30T02:55:33Z,6,0,17358,69.78,43,2430
2026-07-30T02:55:33Z,7,0,17358,63.69,42,2430
2026-07-30T02:55:35Z,0,100,31624,351.03,63,2640
2026-07-30T02:55:35Z,1,100,31624,468.26,62,2640
2026-07-30T02:55:35Z,2,0,1,15.38,35,210
2026-07-30T02:55:35Z,3,0,1,19.02,33,210
2026-07-30T02:55:35Z,4,0,29902,17.85,32,210
2026-07-30T02:55:35Z,5,0,29900,16.24,34,210
2026-07-30T02:55:35Z,6,0,17358,69.92,43,2430
2026-07-30T02:55:35Z,7,0,17358,66.05,42,2430
2026-07-30T02:55:36Z,0,100,31624,449.56,62,2775
2026-07-30T02:55:36Z,1,100,31624,449.57,62,2625
2026-07-30T02:55:36Z,2,0,1,15.39,35,210
2026-07-30T02:55:36Z,3,0,1,16.70,33,210
2026-07-30T02:55:36Z,4,0,29902,15.67,32,210
2026-07-30T02:55:36Z,5,0,29900,15.70,34,210
2026-07-30T02:55:36Z,6,0,17358,68.34,43,2430
2026-07-30T02:55:36Z,7,0,17358,65.06,42,2430
2026-07-30T02:55:37Z,0,99,31624,414.48,57,2445
2026-07-30T02:55:37Z,1,99,31624,364.17,56,2910
2026-07-30T02:55:37Z,2,0,1,13.85,35,210
2026-07-30T02:55:37Z,3,0,1,19.14,33,210
2026-07-30T02:55:37Z,4,0,29902,15.98,32,210
2026-07-30T02:55:37Z,5,0,29900,18.21,34,210
2026-07-30T02:55:37Z,6,0,17358,70.09,43,2430
2026-07-30T02:55:37Z,7,0,17358,64.14,42,2430
2026-07-30T02:55:39Z,0,88,31624,262.95,57,2812
2026-07-30T02:55:39Z,1,88,31624,296.12,56,2910
2026-07-30T02:55:39Z,2,0,1,15.60,35,210
2026-07-30T02:55:39Z,3,0,1,16.64,33,210
2026-07-30T02:55:39Z,4,0,29902,18.25,32,210
2026-07-30T02:55:39Z,5,0,29900,15.10,34,210
2026-07-30T02:55:39Z,6,0,17358,67.39,43,2430
2026-07-30T02:55:39Z,7,0,17358,65.98,42,2430
2026-07-30T02:55:40Z,0,20,31624,249.57,55,2812
2026-07-30T02:55:40Z,1,100,31624,450.60,61,2490
2026-07-30T02:55:40Z,2,0,1,13.73,35,210
2026-07-30T02:55:40Z,3,0,1,17.16,33,210
2026-07-30T02:55:40Z,4,0,29902,15.58,32,210
2026-07-30T02:55:40Z,5,0,29900,16.30,34,210
2026-07-30T02:55:40Z,6,0,17358,69.30,43,2430
2026-07-30T02:55:40Z,7,0,17358,63.43,42,2430
2026-07-30T02:55:42Z,0,99,31624,256.72,56,2812
2026-07-30T02:55:42Z,1,61,31624,294.94,56,2910
2026-07-30T02:55:42Z,2,0,1,14.32,35,210
2026-07-30T02:55:42Z,3,0,1,19.01,33,210
2026-07-30T02:55:42Z,4,0,29902,18.06,32,210
2026-07-30T02:55:42Z,5,0,29900,13.95,34,210
2026-07-30T02:55:42Z,6,0,17358,68.52,43,2430
2026-07-30T02:55:42Z,7,0,17358,66.56,42,2430
2026-07-30T02:55:43Z,0,100,31624,359.41,64,2640
2026-07-30T02:55:43Z,1,100,31624,451.36,63,2640
2026-07-30T02:55:43Z,2,0,1,14.86,35,210
2026-07-30T02:55:43Z,3,0,1,17.13,33,210
2026-07-30T02:55:43Z,4,0,29902,17.39,32,210
2026-07-30T02:55:43Z,5,0,29900,15.42,34,210
2026-07-30T02:55:43Z,6,0,17358,67.15,43,2430
2026-07-30T02:55:43Z,7,0,17358,30.34,42,360
2026-07-30T02:55:45Z,0,100,31624,449.89,64,2700
2026-07-30T02:55:45Z,1,100,31624,449.89,63,2625
2026-07-30T02:55:45Z,2,0,1,13.85,35,210
2026-07-30T02:55:45Z,3,0,1,19.18,33,210
2026-07-30T02:55:45Z,4,0,29902,16.51,32,210
2026-07-30T02:55:45Z,5,0,29900,17.11,34,210
2026-07-30T02:55:45Z,6,0,17358,69.60,43,2430
2026-07-30T02:55:45Z,7,0,17358,13.16,41,210
2026-07-30T02:55:46Z,0,99,31624,388.86,57,2812
2026-07-30T02:55:46Z,1,99,31624,333.20,56,2910
2026-07-30T02:55:46Z,2,0,1,15.54,35,210
2026-07-30T02:55:46Z,3,0,1,18.38,33,210
2026-07-30T02:55:46Z,4,0,29902,18.15,32,210
2026-07-30T02:55:46Z,5,0,29900,14.46,34,210
2026-07-30T02:55:46Z,6,0,17358,66.68,43,2430
2026-07-30T02:55:46Z,7,0,17358,14.28,41,210
2026-07-30T02:55:50Z,0,100,31624,288.01,64,2812
2026-07-30T02:55:50Z,1,99,31624,347.02,57,2910
2026-07-30T02:55:50Z,2,0,1,15.03,35,210
2026-07-30T02:55:50Z,3,0,1,16.52,33,210
2026-07-30T02:55:50Z,4,0,29902,17.07,32,210
2026-07-30T02:55:50Z,5,0,29900,14.93,34,210
2026-07-30T02:55:50Z,6,0,17358,12.23,42,210
2026-07-30T02:55:50Z,7,0,17358,97.20,43,2910
2026-07-30T02:55:51Z,0,99,31624,445.26,58,2392
2026-07-30T02:55:51Z,1,100,31624,424.25,64,2632
2026-07-30T02:55:51Z,2,0,1,12.72,35,210
2026-07-30T02:55:51Z,3,0,1,17.11,33,210
2026-07-30T02:55:51Z,4,0,29902,16.22,32,210
2026-07-30T02:55:51Z,5,0,29900,15.92,34,210
2026-07-30T02:55:51Z,6,0,17358,11.26,42,210
2026-07-30T02:55:51Z,7,0,17358,63.38,43,2430
2026-07-30T02:55:53Z,0,98,31624,253.49,59,2812
2026-07-30T02:55:53Z,1,99,31624,353.19,57,2910
2026-07-30T02:55:53Z,2,0,1,15.12,35,210
2026-07-30T02:55:53Z,3,0,1,17.79,33,210
2026-07-30T02:55:53Z,4,0,29902,17.76,32,210
2026-07-30T02:55:53Z,5,0,29900,14.26,34,210
2026-07-30T02:55:53Z,6,0,17358,12.63,42,210
2026-07-30T02:55:53Z,7,0,17358,66.23,42,2430
2026-07-30T02:55:54Z,0,99,31624,270.81,56,2820
2026-07-30T02:55:54Z,1,99,31624,294.02,56,2910
2026-07-30T02:55:54Z,2,0,1,13.27,35,210
2026-07-30T02:55:54Z,3,0,1,17.52,33,210
2026-07-30T02:55:54Z,4,0,29902,17.03,32,210
2026-07-30T02:55:54Z,5,0,29900,16.22,34,210
2026-07-30T02:55:54Z,6,3,17358,12.47,42,990
2026-07-30T02:55:54Z,7,0,17358,64.62,42,2430
2026-07-30T02:55:56Z,0,99,31624,272.93,56,2797
2026-07-30T02:55:56Z,1,98,31624,284.84,56,2910
2026-07-30T02:55:56Z,2,0,1,13.49,35,210
2026-07-30T02:55:56Z,3,0,1,19.63,33,210
2026-07-30T02:55:56Z,4,0,29902,17.24,32,210
2026-07-30T02:55:56Z,5,0,29900,16.42,34,210
2026-07-30T02:55:56Z,6,0,17358,247.64,44,2917
2026-07-30T02:55:56Z,7,0,17358,64.41,42,2430
2026-07-30T02:55:57Z,0,100,31624,385.68,64,2730
2026-07-30T02:55:57Z,1,100,31624,450.23,61,2625
2026-07-30T02:55:57Z,2,0,1,14.88,35,210
2026-07-30T02:55:57Z,3,0,1,19.09,33,210
2026-07-30T02:55:57Z,4,0,29902,18.64,32,210
2026-07-30T02:55:57Z,5,0,29900,15.62,34,210
2026-07-30T02:55:57Z,6,0,17358,82.08,43,2430
2026-07-30T02:55:57Z,7,0,17358,65.49,42,2430
2026-07-30T02:55:59Z,0,99,31624,382.81,57,2782
2026-07-30T02:55:59Z,1,99,31624,313.90,57,2910
2026-07-30T02:55:59Z,2,0,1,13.86,35,210
2026-07-30T02:55:59Z,3,0,1,17.73,33,210
2026-07-30T02:55:59Z,4,0,29902,15.73,32,210
2026-07-30T02:55:59Z,5,0,29900,17.32,34,210
2026-07-30T02:55:59Z,6,0,17358,69.13,43,2430
2026-07-30T02:55:59Z,7,0,17358,62.85,42,2430
2026-07-30T02:56:00Z,0,87,31624,283.91,58,2782
2026-07-30T02:56:00Z,1,99,31624,309.87,57,2880
2026-07-30T02:56:00Z,2,0,1,16.75,35,210
2026-07-30T02:56:00Z,3,0,1,19.44,33,210
2026-07-30T02:56:00Z,4,0,29902,19.24,32,210
2026-07-30T02:56:00Z,5,0,29900,16.79,34,210
2026-07-30T02:56:00Z,6,0,17358,68.37,43,2430
2026-07-30T02:56:00Z,7,0,17358,66.19,42,2430
2026-07-30T02:56:02Z,0,82,31624,271.47,58,2812
2026-07-30T02:56:02Z,1,57,31624,316.41,57,2865
2026-07-30T02:56:02Z,2,0,1,15.49,35,210
2026-07-30T02:56:02Z,3,0,1,17.32,33,210
2026-07-30T02:56:02Z,4,0,29902,15.35,32,210
2026-07-30T02:56:02Z,5,0,29900,17.34,34,210
2026-07-30T02:56:02Z,6,0,17358,67.87,43,2430
2026-07-30T02:56:02Z,7,0,17358,63.48,42,2430
2026-07-30T02:56:03Z,0,99,31624,258.69,56,2812
2026-07-30T02:56:03Z,1,79,31624,304.72,56,2910
2026-07-30T02:56:03Z,2,0,1,14.45,35,210
2026-07-30T02:56:03Z,3,0,1,20.80,33,210
2026-07-30T02:56:03Z,4,0,29902,18.37,32,210
2026-07-30T02:56:03Z,5,0,29900,17.87,34,210
2026-07-30T02:56:03Z,6,0,17358,68.81,43,2430
2026-07-30T02:56:03Z,7,0,17358,64.37,42,2430
2026-07-30T02:56:07Z,0,100,31624,461.23,65,2617
2026-07-30T02:56:07Z,1,100,31624,451.32,64,2640
2026-07-30T02:56:07Z,2,0,1,13.91,35,210
2026-07-30T02:56:07Z,3,0,1,19.44,33,210
2026-07-30T02:56:07Z,4,0,29902,17.90,32,210
2026-07-30T02:56:07Z,5,0,29900,17.09,34,210
2026-07-30T02:56:07Z,6,0,17358,68.93,43,2430
2026-07-30T02:56:07Z,7,0,17358,28.58,42,360
2026-07-30T02:56:08Z,0,99,31624,269.34,57,2812
2026-07-30T02:56:08Z,1,99,31624,311.53,57,2910
2026-07-30T02:56:08Z,2,0,1,15.06,35,210
2026-07-30T02:56:08Z,3,0,1,17.56,33,210
2026-07-30T02:56:08Z,4,0,29902,18.09,32,210
2026-07-30T02:56:08Z,5,0,29900,14.32,34,210
2026-07-30T02:56:08Z,6,0,17358,66.06,43,2430
2026-07-30T02:56:08Z,7,0,17358,14.37,41,210
2026-07-30T02:56:10Z,0,99,31624,264.10,57,2820
2026-07-30T02:56:10Z,1,100,31624,372.15,64,2685
2026-07-30T02:56:10Z,2,0,1,12.92,35,210
2026-07-30T02:56:10Z,3,0,1,18.61,33,210
2026-07-30T02:56:10Z,4,0,29902,16.25,32,210
2026-07-30T02:56:10Z,5,0,29900,17.12,34,210
2026-07-30T02:56:10Z,6,0,17358,68.72,43,2430
2026-07-30T02:56:10Z,7,0,17358,12.29,41,210
2026-07-30T02:56:11Z,0,100,31624,311.28,64,2805
2026-07-30T02:56:11Z,1,99,31624,415.91,58,2910
2026-07-30T02:56:11Z,2,0,1,15.69,35,210
2026-07-30T02:56:11Z,3,0,1,19.43,33,210
2026-07-30T02:56:11Z,4,0,29902,18.59,32,210
2026-07-30T02:56:11Z,5,0,29900,15.27,34,210
2026-07-30T02:56:11Z,6,0,17358,67.44,43,2430
2026-07-30T02:56:11Z,7,0,17358,14.60,41,210
2026-07-30T02:56:13Z,0,100,31624,450.46,59,2340
2026-07-30T02:56:13Z,1,100,31624,334.31,64,2767
2026-07-30T02:56:13Z,2,0,1,14.73,35,210
2026-07-30T02:56:13Z,3,0,1,17.16,33,210
2026-07-30T02:56:13Z,4,0,29902,15.10,32,210
2026-07-30T02:56:13Z,5,0,29900,17.15,34,210
2026-07-30T02:56:13Z,6,0,17358,62.56,42,2430
2026-07-30T02:56:13Z,7,0,17358,294.61,44,2910
2026-07-30T02:56:14Z,0,97,31624,276.23,57,2812
2026-07-30T02:56:14Z,1,90,31624,443.76,64,2632
2026-07-30T02:56:14Z,2,0,1,13.95,35,210
2026-07-30T02:56:14Z,3,0,1,18.70,33,210
2026-07-30T02:56:14Z,4,0,29902,17.30,32,210
2026-07-30T02:56:14Z,5,0,29900,17.29,34,210
2026-07-30T02:56:14Z,6,0,17358,27.62,42,337
2026-07-30T02:56:14Z,7,0,17358,92.78,43,2910
2026-07-30T02:56:16Z,0,100,31624,421.65,65,2625
2026-07-30T02:56:16Z,1,100,31624,447.42,62,2362
2026-07-30T02:56:16Z,2,0,1,15.33,35,210
2026-07-30T02:56:16Z,3,0,1,15.97,33,210
2026-07-30T02:56:16Z,4,0,29902,15.97,32,210
2026-07-30T02:56:16Z,5,0,29900,15.29,34,210
2026-07-30T02:56:16Z,6,0,17358,9.74,42,210
2026-07-30T02:56:16Z,7,0,17358,65.41,42,2430
2026-07-30T02:56:17Z,0,99,31624,344.08,58,2812
2026-07-30T02:56:17Z,1,99,31624,306.59,57,2910
2026-07-30T02:56:17Z,2,0,1,13.30,35,210
2026-07-30T02:56:17Z,3,0,1,18.79,33,210
2026-07-30T02:56:17Z,4,0,29902,15.76,32,210
2026-07-30T02:56:17Z,5,0,29900,18.06,34,210
2026-07-30T02:56:17Z,6,0,17358,10.70,42,210
2026-07-30T02:56:17Z,7,0,17358,63.42,42,2430
2026-07-30T02:56:19Z,0,0,31624,176.47,55,2835
2026-07-30T02:56:19Z,1,99,31624,298.20,57,2910
2026-07-30T02:56:19Z,2,0,1,15.52,35,210
2026-07-30T02:56:19Z,3,0,1,17.35,33,210
2026-07-30T02:56:19Z,4,0,29902,18.45,32,210
2026-07-30T02:56:19Z,5,0,29900,14.19,34,210
2026-07-30T02:56:19Z,6,0,17358,12.38,41,210
2026-07-30T02:56:19Z,7,0,17358,66.36,42,2430
2026-07-30T02:56:20Z,0,100,31624,451.51,64,2625
2026-07-30T02:56:20Z,1,99,31624,298.39,57,2910
2026-07-30T02:56:20Z,2,0,1,13.72,35,210
2026-07-30T02:56:20Z,3,0,1,17.43,33,210
2026-07-30T02:56:20Z,4,0,29902,15.85,32,210
2026-07-30T02:56:20Z,5,0,29900,15.68,34,210
2026-07-30T02:56:20Z,6,100,17358,159.44,52,2145
2026-07-30T02:56:20Z,7,0,17358,63.56,42,2430
2026-07-30T02:56:24Z,0,83,31624,269.94,58,2782
2026-07-30T02:56:24Z,1,98,31624,319.89,58,2910
2026-07-30T02:56:24Z,2,0,1,14.92,35,210
2026-07-30T02:56:24Z,3,0,1,16.57,33,210
2026-07-30T02:56:24Z,4,0,29902,15.09,32,210
2026-07-30T02:56:24Z,5,0,29900,15.78,34,210
2026-07-30T02:56:24Z,6,0,17358,66.27,43,2430
2026-07-30T02:56:24Z,7,0,17358,64.08,42,2430
2026-07-30T02:56:26Z,0,100,31624,452.18,65,2617
2026-07-30T02:56:26Z,1,100,31624,433.46,63,2625
2026-07-30T02:56:26Z,2,0,1,14.03,35,210
2026-07-30T02:56:26Z,3,0,1,18.82,33,210
2026-07-30T02:56:26Z,4,0,29902,16.30,32,210
2026-07-30T02:56:26Z,5,0,29900,17.71,34,210
2026-07-30T02:56:26Z,6,0,17358,67.79,43,2430
2026-07-30T02:56:26Z,7,0,17358,64.59,42,2430
2026-07-30T02:56:27Z,0,99,31624,321.03,58,2812
2026-07-30T02:56:27Z,1,100,31624,449.99,64,2617
2026-07-30T02:56:27Z,2,0,1,15.84,35,210
2026-07-30T02:56:27Z,3,0,1,15.83,33,210
2026-07-30T02:56:27Z,4,0,29902,15.98,32,210
2026-07-30T02:56:27Z,5,0,29900,15.69,34,210
2026-07-30T02:56:27Z,6,0,17358,65.38,43,2430
2026-07-30T02:56:27Z,7,0,17358,65.36,42,2430
2026-07-30T02:56:28Z,0,99,31624,276.32,58,2820
2026-07-30T02:56:28Z,1,99,31624,375.34,58,2910
2026-07-30T02:56:28Z,2,0,1,13.52,35,210
2026-07-30T02:56:28Z,3,0,1,18.61,33,210
2026-07-30T02:56:28Z,4,0,29902,15.80,32,210
2026-07-30T02:56:28Z,5,0,29900,18.58,34,210
2026-07-30T02:56:28Z,6,0,17358,68.11,43,2430
2026-07-30T02:56:28Z,7,0,17358,63.21,42,2430
2026-07-30T02:56:30Z,0,100,31624,389.71,65,2677
2026-07-30T02:56:30Z,1,78,31624,285.99,57,2910
2026-07-30T02:56:30Z,2,0,1,15.66,35,210
2026-07-30T02:56:30Z,3,0,1,18.80,33,210
2026-07-30T02:56:30Z,4,0,29902,18.13,32,210
2026-07-30T02:56:30Z,5,0,29900,14.07,34,210
2026-07-30T02:56:30Z,6,0,17358,65.75,43,2430
2026-07-30T02:56:30Z,7,0,17358,47.72,42,465
2026-07-30T02:56:32Z,0,99,31624,376.82,59,2812
2026-07-30T02:56:32Z,1,100,31624,450.39,63,2557
2026-07-30T02:56:32Z,2,0,1,12.39,35,210
2026-07-30T02:56:32Z,3,0,1,16.97,33,210
2026-07-30T02:56:32Z,4,0,29902,16.76,32,210
2026-07-30T02:56:32Z,5,0,29900,15.58,34,210
2026-07-30T02:56:32Z,6,0,17358,66.41,43,2430
2026-07-30T02:56:32Z,7,0,17358,12.57,41,210
2026-07-30T02:56:33Z,0,98,31624,263.12,58,2812
2026-07-30T02:56:33Z,1,99,31624,312.41,58,2910
2026-07-30T02:56:33Z,2,0,1,13.25,35,210
2026-07-30T02:56:33Z,3,0,1,19.30,33,210
2026-07-30T02:56:33Z,4,0,29902,17.18,32,210
2026-07-30T02:56:33Z,5,0,29900,16.83,34,210
2026-07-30T02:56:33Z,6,0,17358,67.55,43,2430
2026-07-30T02:56:33Z,7,0,17358,12.11,41,210
2026-07-30T02:56:35Z,0,100,31624,451.08,65,2565
2026-07-30T02:56:35Z,1,99,31624,311.77,58,2887
2026-07-30T02:56:35Z,2,0,1,15.27,35,210
2026-07-30T02:56:35Z,3,0,1,17.19,33,210
2026-07-30T02:56:35Z,4,0,29902,16.32,32,210
2026-07-30T02:56:35Z,5,0,29900,14.77,34,210
2026-07-30T02:56:35Z,6,0,17358,65.92,43,2430
2026-07-30T02:56:35Z,7,100,17358,66.74,50,1762
2026-07-30T02:56:36Z,0,99,31624,276.63,58,2812
2026-07-30T02:56:36Z,1,99,31624,310.73,58,2872
2026-07-30T02:56:36Z,2,0,1,12.85,35,210
2026-07-30T02:56:36Z,3,0,1,18.82,33,210
2026-07-30T02:56:36Z,4,0,29902,16.15,32,210
2026-07-30T02:56:36Z,5,0,29900,17.66,34,210
2026-07-30T02:56:36Z,6,0,17358,69.34,43,2430
2026-07-30T02:56:36Z,7,0,17358,119.50,43,2910
2026-07-30T02:56:38Z,0,82,31624,275.99,59,2782
2026-07-30T02:56:38Z,1,100,31624,382.33,64,2730
2026-07-30T02:56:38Z,2,0,1,15.85,35,210
2026-07-30T02:56:38Z,3,0,1,18.95,33,210
2026-07-30T02:56:38Z,4,0,29902,16.60,32,210
2026-07-30T02:56:38Z,5,0,29900,15.29,34,210
2026-07-30T02:56:38Z,6,0,17358,66.34,43,2430
2026-07-30T02:56:38Z,7,0,17358,78.80,42,2430
2026-07-30T02:56:41Z,0,84,31624,312.02,60,2812
2026-07-30T02:56:41Z,1,99,31624,324.67,58,2910
2026-07-30T02:56:41Z,2,0,1,15.16,35,210
2026-07-30T02:56:41Z,3,0,1,17.38,33,210
2026-07-30T02:56:41Z,4,0,29902,17.87,32,210
2026-07-30T02:56:41Z,5,0,29900,15.59,34,210
2026-07-30T02:56:41Z,6,0,17358,12.15,42,210
2026-07-30T02:56:41Z,7,0,17358,66.18,42,2430
2026-07-30T02:56:43Z,0,100,31624,450.40,65,2535
2026-07-30T02:56:43Z,1,99,31624,326.76,58,2910
2026-07-30T02:56:43Z,2,0,1,14.39,35,210
2026-07-30T02:56:43Z,3,0,1,19.15,33,210
2026-07-30T02:56:43Z,4,0,29902,16.15,32,210
2026-07-30T02:56:43Z,5,0,29900,18.50,34,210
2026-07-30T02:56:43Z,6,0,17358,11.64,42,210
2026-07-30T02:56:43Z,7,0,17358,63.82,42,2430
2026-07-30T02:56:44Z,0,99,31624,277.67,59,2820
2026-07-30T02:56:44Z,1,99,31624,323.59,58,2910
2026-07-30T02:56:44Z,2,0,1,14.25,35,210
2026-07-30T02:56:44Z,3,0,1,19.50,33,202
2026-07-30T02:56:44Z,4,0,29902,17.43,32,210
2026-07-30T02:56:44Z,5,0,29900,15.85,34,210
2026-07-30T02:56:44Z,6,0,17358,13.50,41,210
2026-07-30T02:56:44Z,7,0,17358,65.94,42,2430
2026-07-30T02:56:46Z,0,99,31624,254.25,58,2820
2026-07-30T02:56:46Z,1,0,31624,229.46,54,2925
2026-07-30T02:56:46Z,2,0,1,13.95,35,210
2026-07-30T02:56:46Z,3,0,1,17.62,33,210
2026-07-30T02:56:46Z,4,0,29902,15.35,32,210
2026-07-30T02:56:46Z,5,0,29900,16.41,34,210
2026-07-30T02:56:46Z,6,100,17358,101.66,51,2160
2026-07-30T02:56:46Z,7,0,17358,64.65,42,2430
2026-07-30T02:56:47Z,0,99,31624,264.41,58,2797
2026-07-30T02:56:47Z,1,100,31624,451.03,63,2632
2026-07-30T02:56:47Z,2,0,1,13.28,35,210
2026-07-30T02:56:47Z,3,0,1,20.33,33,210
2026-07-30T02:56:47Z,4,0,29902,17.39,32,210
2026-07-30T02:56:47Z,5,0,29900,17.79,34,210
2026-07-30T02:56:47Z,6,0,17358,99.47,44,2917
2026-07-30T02:56:47Z,7,0,17358,63.52,42,2430
2026-07-30T02:56:49Z,0,97,31624,264.13,58,2812
2026-07-30T02:56:49Z,1,100,31624,460.33,64,2617
2026-07-30T02:56:49Z,2,0,1,15.95,35,210
2026-07-30T02:56:49Z,3,0,1,17.71,33,210
2026-07-30T02:56:49Z,4,0,29902,17.68,32,210
2026-07-30T02:56:49Z,5,0,29900,15.74,34,202
2026-07-30T02:56:49Z,6,0,17358,72.21,43,2430
2026-07-30T02:56:49Z,7,0,17358,65.89,42,2430
2026-07-30T02:56:50Z,0,88,31624,276.18,60,2812
2026-07-30T02:56:50Z,1,99,31624,329.35,58,2910
2026-07-30T02:56:50Z,2,0,1,13.19,35,210
2026-07-30T02:56:50Z,3,0,1,17.46,33,210
2026-07-30T02:56:50Z,4,0,29902,16.01,32,210
2026-07-30T02:56:50Z,5,0,29900,18.17,34,210
2026-07-30T02:56:50Z,6,0,17358,67.77,43,2430
2026-07-30T02:56:50Z,7,0,17358,63.45,42,2430
2026-07-30T02:56:52Z,0,99,31624,270.98,58,2820
2026-07-30T02:56:52Z,1,99,31624,307.67,58,2910
2026-07-30T02:56:52Z,2,0,1,14.64,35,210
2026-07-30T02:56:52Z,3,0,1,20.60,33,210
2026-07-30T02:56:52Z,4,0,29902,18.71,32,210
2026-07-30T02:56:52Z,5,0,29900,17.07,34,210
2026-07-30T02:56:52Z,6,0,17358,67.90,43,2430
2026-07-30T02:56:52Z,7,0,17358,65.86,42,2430
2026-07-30T02:56:53Z,0,100,31624,407.62,66,2625
2026-07-30T02:56:53Z,1,85,31624,325.22,65,2910
2026-07-30T02:56:53Z,2,0,1,14.79,35,210
2026-07-30T02:56:53Z,3,0,1,17.47,33,210
2026-07-30T02:56:53Z,4,0,29902,15.80,32,210
2026-07-30T02:56:53Z,5,0,29900,15.49,34,210
2026-07-30T02:56:53Z,6,0,17358,66.73,43,2430
2026-07-30T02:56:53Z,7,0,17358,41.50,42,405
2026-07-30T02:56:55Z,0,98,31624,353.02,59,2812
2026-07-30T02:56:55Z,1,100,31624,450.44,63,2587
2026-07-30T02:56:55Z,2,0,1,13.25,35,210
2026-07-30T02:56:55Z,3,0,1,19.46,33,210
2026-07-30T02:56:55Z,4,0,29902,17.11,32,210
2026-07-30T02:56:55Z,5,0,29900,15.51,34,210
2026-07-30T02:56:55Z,6,0,17358,68.77,43,2430
2026-07-30T02:56:55Z,7,0,17358,13.51,41,210
2026-07-30T02:56:58Z,0,92,31624,284.43,63,2820
2026-07-30T02:56:58Z,1,100,31624,456.47,65,2632
2026-07-30T02:56:58Z,2,0,1,13.21,35,210
2026-07-30T02:56:58Z,3,0,1,19.46,33,210
2026-07-30T02:56:58Z,4,0,29902,15.94,32,210
2026-07-30T02:56:58Z,5,0,29900,17.22,34,210
2026-07-30T02:56:58Z,6,0,17358,68.36,43,2430
2026-07-30T02:56:58Z,7,0,17358,11.85,41,210
2026-07-30T02:57:00Z,0,99,31624,274.00,58,2812
2026-07-30T02:57:00Z,1,100,31624,449.68,65,2617
2026-07-30T02:57:00Z,2,0,1,16.30,35,210
2026-07-30T02:57:00Z,3,0,1,16.32,33,210
2026-07-30T02:57:00Z,4,0,29902,16.56,32,210
2026-07-30T02:57:00Z,5,0,29900,15.36,34,210
2026-07-30T02:57:00Z,6,0,17358,65.80,43,2430
2026-07-30T02:57:00Z,7,0,17358,15.13,41,210
2026-07-30T02:57:01Z,0,100,31624,287.25,65,2812
2026-07-30T02:57:01Z,1,99,31624,339.32,59,2910
2026-07-30T02:57:01Z,2,0,1,14.91,35,210
2026-07-30T02:57:01Z,3,0,1,17.13,33,210
2026-07-30T02:57:01Z,4,0,29902,15.53,32,210
2026-07-30T02:57:01Z,5,0,29900,16.56,34,210
2026-07-30T02:57:01Z,6,0,17358,67.43,43,2430
2026-07-30T02:57:01Z,7,0,17358,13.95,41,210
2026-07-30T02:57:03Z,0,100,31624,450.35,65,2407
2026-07-30T02:57:03Z,1,100,31624,220.33,64,2917
2026-07-30T02:57:03Z,2,0,1,16.02,35,210
2026-07-30T02:57:03Z,3,0,1,18.83,33,210
2026-07-30T02:57:03Z,4,0,29902,18.44,32,210
2026-07-30T02:57:03Z,5,0,29900,14.44,34,210
2026-07-30T02:57:03Z,6,0,17358,67.11,43,2430
2026-07-30T02:57:03Z,7,0,17358,299.08,43,2910
2026-07-30T02:57:04Z,0,100,31624,369.33,67,2655
2026-07-30T02:57:04Z,1,99,31624,449.70,64,2422
2026-07-30T02:57:04Z,2,0,1,15.51,35,210
2026-07-30T02:57:04Z,3,0,1,16.48,33,210
2026-07-30T02:57:04Z,4,0,29902,15.60,32,210
2026-07-30T02:57:04Z,5,0,29900,15.36,34,210
2026-07-30T02:57:04Z,6,0,17358,25.66,42,337
2026-07-30T02:57:04Z,7,0,17358,89.43,42,2745
2026-07-30T02:57:06Z,0,100,31634,449.06,66,2722
2026-07-30T02:57:06Z,1,100,31624,450.17,64,2632
2026-07-30T02:57:06Z,2,0,1,13.64,35,210
2026-07-30T02:57:06Z,3,0,1,19.09,33,210
2026-07-30T02:57:06Z,4,0,29902,16.97,32,210
2026-07-30T02:57:06Z,5,0,29900,16.60,34,210
2026-07-30T02:57:06Z,6,0,17358,12.62,42,210
2026-07-30T02:57:06Z,7,0,17358,64.07,42,2430
2026-07-30T02:57:07Z,0,100,31634,449.92,67,2535
2026-07-30T02:57:07Z,1,99,31624,346.64,59,2910
2026-07-30T02:57:07Z,2,0,1,16.37,35,210
2026-07-30T02:57:07Z,3,0,1,17.83,33,210
2026-07-30T02:57:07Z,4,0,29902,17.53,32,210
2026-07-30T02:57:07Z,5,0,29900,14.84,34,210
2026-07-30T02:57:07Z,6,0,17358,11.78,41,210
2026-07-30T02:57:07Z,7,0,17358,65.78,42,2430
2026-07-30T02:57:09Z,0,99,31634,439.38,62,2287
2026-07-30T02:57:09Z,1,100,31624,386.93,65,2647
2026-07-30T02:57:09Z,2,0,1,13.83,35,210
2026-07-30T02:57:09Z,3,0,1,19.52,33,210
2026-07-30T02:57:09Z,4,0,29902,17.02,32,210
2026-07-30T02:57:09Z,5,0,29900,17.57,34,210
2026-07-30T02:57:09Z,6,0,17358,11.35,41,210
2026-07-30T02:57:09Z,7,0,17358,62.99,42,2430
2026-07-30T02:57:10Z,0,99,31634,313.95,60,2812
2026-07-30T02:57:10Z,1,100,31624,449.62,66,2602
2026-07-30T02:57:10Z,2,0,1,15.30,35,210
2026-07-30T02:57:10Z,3,0,1,19.12,33,210
2026-07-30T02:57:10Z,4,0,29902,18.13,32,210
2026-07-30T02:57:10Z,5,0,29900,15.06,34,210
2026-07-30T02:57:10Z,6,100,17358,203.21,51,1837
2026-07-30T02:57:10Z,7,0,17358,65.60,42,2430
2026-07-30T02:57:12Z,0,100,31634,390.13,67,2625
2026-07-30T02:57:12Z,1,99,31624,449.46,61,2370
2026-07-30T02:57:12Z,2,0,1,15.09,35,210
2026-07-30T02:57:12Z,3,0,1,16.79,33,210
2026-07-30T02:57:12Z,4,0,29902,16.33,32,210
2026-07-30T02:57:12Z,5,0,29900,15.35,34,210
2026-07-30T02:57:12Z,6,0,17358,96.73,43,2917
2026-07-30T02:57:12Z,7,0,17358,63.83,42,2430
2026-07-30T02:57:15Z,0,100,31634,450.08,68,2610
2026-07-30T02:57:15Z,1,99,31624,430.34,60,2407
2026-07-30T02:57:15Z,2,0,1,15.40,35,210
2026-07-30T02:57:15Z,3,0,1,16.32,33,210
2026-07-30T02:57:15Z,4,0,29902,15.02,32,210
2026-07-30T02:57:15Z,5,0,29900,15.91,34,210
2026-07-30T02:57:15Z,6,0,17358,67.13,43,2430
2026-07-30T02:57:15Z,7,0,17358,63.98,42,2430
2026-07-30T02:57:17Z,0,99,31634,380.73,61,2812
2026-07-30T02:57:17Z,1,95,31624,347.68,59,2910
2026-07-30T02:57:17Z,2,0,1,13.69,35,210
2026-07-30T02:57:17Z,3,0,1,19.34,33,210
2026-07-30T02:57:17Z,4,0,29902,17.55,32,210
2026-07-30T02:57:17Z,5,0,29900,15.85,34,210
2026-07-30T02:57:17Z,6,0,17358,69.57,43,2430
2026-07-30T02:57:17Z,7,0,17358,63.55,42,2430
2026-07-30T02:57:18Z,0,99,31634,338.80,61,2730
2026-07-30T02:57:18Z,1,100,31624,437.82,66,2617
2026-07-30T02:57:18Z,2,0,1,16.87,35,210
2026-07-30T02:57:18Z,3,0,1,18.38,33,210
2026-07-30T02:57:18Z,4,0,29902,18.13,32,210
2026-07-30T02:57:18Z,5,0,29900,15.36,34,210
2026-07-30T02:57:18Z,6,0,17358,66.48,43,2430
2026-07-30T02:57:18Z,7,0,17358,65.78,42,2430
2026-07-30T02:57:20Z,0,44,31634,291.83,60,2812
2026-07-30T02:57:20Z,1,100,31624,450.08,66,2625
2026-07-30T02:57:20Z,2,0,1,13.21,35,202
2026-07-30T02:57:20Z,3,0,1,19.90,33,210
2026-07-30T02:57:20Z,4,0,29902,16.93,32,210
2026-07-30T02:57:20Z,5,0,29900,17.56,34,210
2026-07-30T02:57:20Z,6,0,17358,68.81,43,2430
2026-07-30T02:57:20Z,7,0,17358,59.47,42,1710
2026-07-30T02:57:21Z,0,100,31634,450.37,66,2542
2026-07-30T02:57:21Z,1,99,31624,411.74,64,2895
2026-07-30T02:57:21Z,2,0,1,14.45,35,210
2026-07-30T02:57:21Z,3,0,1,19.03,33,210
2026-07-30T02:57:21Z,4,0,29902,17.54,32,210
2026-07-30T02:57:21Z,5,0,29900,14.83,34,210
2026-07-30T02:57:21Z,6,0,17358,68.31,43,2430
2026-07-30T02:57:21Z,7,0,17358,23.17,41,360
2026-07-30T02:57:23Z,0,100,31634,449.74,68,2617
2026-07-30T02:57:23Z,1,99,31624,331.39,60,2865
2026-07-30T02:57:23Z,2,0,1,14.91,35,210
2026-07-30T02:57:23Z,3,0,1,18.14,33,210
2026-07-30T02:57:23Z,4,0,29902,16.02,32,210
2026-07-30T02:57:23Z,5,0,29900,17.98,34,210
2026-07-30T02:57:23Z,6,0,17358,67.53,43,2430
2026-07-30T02:57:23Z,7,0,17358,14.02,41,210
2026-07-30T02:57:24Z,0,99,31634,303.26,61,2812
2026-07-30T02:57:24Z,1,100,31624,457.43,66,2625
2026-07-30T02:57:24Z,2,0,1,13.92,35,210
2026-07-30T02:57:24Z,3,0,1,19.14,33,210
2026-07-30T02:57:24Z,4,0,29902,17.94,32,210
2026-07-30T02:57:24Z,5,0,29900,16.75,34,210
2026-07-30T02:57:24Z,6,0,17358,68.73,43,2430
2026-07-30T02:57:24Z,7,8,17358,15.16,41,1365
2026-07-30T02:57:26Z,0,100,31634,360.77,68,2782
2026-07-30T02:57:26Z,1,99,31624,370.63,60,2910
2026-07-30T02:57:26Z,2,0,1,15.73,35,210
2026-07-30T02:57:26Z,3,0,1,17.06,33,210
2026-07-30T02:57:26Z,4,0,29902,17.18,32,210
2026-07-30T02:57:26Z,5,0,29900,15.41,34,210
2026-07-30T02:57:26Z,6,0,17358,66.14,43,2430
2026-07-30T02:57:26Z,7,0,17358,168.20,43,2910
2026-07-30T02:57:27Z,0,89,31634,440.30,69,2347
2026-07-30T02:57:27Z,1,100,31624,452.01,66,2632
2026-07-30T02:57:27Z,2,0,1,13.01,35,210
2026-07-30T02:57:27Z,3,0,1,18.28,33,210
2026-07-30T02:57:27Z,4,0,29902,15.61,32,210
2026-07-30T02:57:27Z,5,0,29900,17.90,34,210
2026-07-30T02:57:27Z,6,0,17358,67.62,43,2430
2026-07-30T02:57:27Z,7,0,17358,81.73,42,2430
2026-07-30T02:57:29Z,0,100,31634,448.41,66,2482
2026-07-30T02:57:29Z,1,99,31624,341.04,60,2910
2026-07-30T02:57:29Z,2,0,1,15.90,35,210
2026-07-30T02:57:29Z,3,0,1,18.23,33,210
2026-07-30T02:57:29Z,4,0,29902,17.88,32,210
2026-07-30T02:57:29Z,5,0,29900,15.39,34,210
2026-07-30T02:57:29Z,6,0,17358,25.18,42,337
2026-07-30T02:57:29Z,7,0,17358,65.83,42,2430
2026-07-30T02:57:32Z,0,100,31634,465.18,68,2610
2026-07-30T02:57:32Z,1,100,31624,394.59,66,2647
2026-07-30T02:57:32Z,2,0,1,15.18,35,210
2026-07-30T02:57:32Z,3,0,1,17.96,33,210
2026-07-30T02:57:32Z,4,0,29902,17.87,32,210
2026-07-30T02:57:32Z,5,0,29900,16.18,34,210
2026-07-30T02:57:32Z,6,0,17358,12.61,42,210
2026-07-30T02:57:32Z,7,0,17358,65.62,42,2430
2026-07-30T02:57:34Z,0,100,31634,449.76,67,2602
2026-07-30T02:57:34Z,1,100,31634,449.89,66,2752
2026-07-30T02:57:34Z,2,0,1,15.22,35,210
2026-07-30T02:57:34Z,3,0,1,16.88,33,210
2026-07-30T02:57:34Z,4,0,29902,16.10,32,202
2026-07-30T02:57:34Z,5,0,29900,16.83,34,210
2026-07-30T02:57:34Z,6,0,17358,10.89,41,210
2026-07-30T02:57:34Z,7,0,17358,63.49,42,2430
2026-07-30T02:57:35Z,0,95,31634,369.30,62,2775
2026-07-30T02:57:35Z,1,100,31634,450.03,67,2415
2026-07-30T02:57:35Z,2,0,1,13.96,35,210
2026-07-30T02:57:35Z,3,0,1,19.53,33,210
2026-07-30T02:57:35Z,4,0,29902,16.36,32,210
2026-07-30T02:57:35Z,5,0,29900,16.61,34,210
2026-07-30T02:57:35Z,6,0,17358,12.37,41,210
2026-07-30T02:57:35Z,7,0,17358,64.65,42,2430
2026-07-30T02:57:37Z,0,99,31634,309.16,61,2782
2026-07-30T02:57:37Z,1,100,31634,450.40,65,2385
2026-07-30T02:57:37Z,2,0,1,15.15,35,210
2026-07-30T02:57:37Z,3,0,1,16.40,33,210
2026-07-30T02:57:37Z,4,0,29902,15.82,32,210
2026-07-30T02:57:37Z,5,0,29900,15.49,34,210
2026-07-30T02:57:37Z,6,0,17358,11.14,41,210
2026-07-30T02:57:37Z,7,0,17358,65.27,42,2430
2026-07-30T02:57:38Z,0,100,31634,461.30,69,2617
2026-07-30T02:57:38Z,1,99,31634,356.79,61,2910
2026-07-30T02:57:38Z,2,0,1,14.17,35,210
2026-07-30T02:57:38Z,3,0,1,17.65,33,210
2026-07-30T02:57:38Z,4,0,29902,16.07,32,210
2026-07-30T02:57:38Z,5,0,29900,18.13,34,210
2026-07-30T02:57:38Z,6,0,17358,11.17,41,210
2026-07-30T02:57:38Z,7,0,17358,63.36,42,2430
2026-07-30T02:57:40Z,0,99,31634,318.15,61,2812
2026-07-30T02:57:40Z,1,99,31634,338.09,60,2910
2026-07-30T02:57:40Z,2,0,1,15.47,35,210
2026-07-30T02:57:40Z,3,0,1,17.24,33,210
2026-07-30T02:57:40Z,4,0,29902,17.95,32,202
2026-07-30T02:57:40Z,5,0,29900,15.43,34,210
2026-07-30T02:57:40Z,6,100,17358,116.73,52,2145
2026-07-30T02:57:40Z,7,0,17358,65.68,42,2430
2026-07-30T02:57:41Z,0,99,31634,299.55,61,2820
2026-07-30T02:57:41Z,1,100,31634,367.05,67,2887
2026-07-30T02:57:41Z,2,0,1,15.64,35,210
2026-07-30T02:57:41Z,3,0,1,17.68,33,210
2026-07-30T02:57:41Z,4,0,29902,17.04,32,210
2026-07-30T02:57:41Z,5,0,29900,17.53,34,210
2026-07-30T02:57:41Z,6,0,17358,100.97,43,2917
2026-07-30T02:57:41Z,7,0,17358,63.43,42,2430
2026-07-30T02:57:43Z,0,99,31634,338.49,61,2737
2026-07-30T02:57:43Z,1,100,31734,450.23,64,2385
2026-07-30T02:57:43Z,2,0,1,15.46,35,210
2026-07-30T02:57:43Z,3,0,1,18.69,33,210
2026-07-30T02:57:43Z,4,0,29902,17.98,32,210
2026-07-30T02:57:43Z,5,0,29900,16.37,34,210
2026-07-30T02:57:43Z,6,0,17358,78.43,43,2430
2026-07-30T02:57:43Z,7,0,17358,54.47,41,1702
2026-07-30T02:57:44Z,0,99,31634,287.05,65,2812
2026-07-30T02:57:44Z,1,99,31734,332.74,60,2910
2026-07-30T02:57:44Z,2,0,1,16.53,35,210
2026-07-30T02:57:44Z,3,0,1,17.83,33,210
2026-07-30T02:57:44Z,4,0,29902,16.93,32,210
2026-07-30T02:57:44Z,5,0,29900,15.10,34,210
2026-07-30T02:57:44Z,6,0,17358,66.03,43,2430
2026-07-30T02:57:44Z,7,0,17358,25.60,41,360
2026-07-30T02:57:46Z,0,100,31634,433.78,67,2602
2026-07-30T02:57:46Z,1,100,31734,451.98,66,2617
2026-07-30T02:57:46Z,2,0,1,13.85,35,210
2026-07-30T02:57:46Z,3,0,1,19.75,33,210
2026-07-30T02:57:46Z,4,0,29902,17.12,32,202
2026-07-30T02:57:46Z,5,0,29900,16.37,34,210
2026-07-30T02:57:46Z,6,0,17358,68.21,42,2430
2026-07-30T02:57:46Z,7,0,17358,12.64,41,210
2026-07-30T02:57:49Z,0,99,31634,317.72,61,2812
2026-07-30T02:57:49Z,1,100,31734,451.42,67,2625
2026-07-30T02:57:49Z,2,0,1,13.15,35,210
2026-07-30T02:57:49Z,3,0,1,17.23,33,210
2026-07-30T02:57:49Z,4,0,29902,15.36,32,210
2026-07-30T02:57:49Z,5,0,29900,17.63,34,210
2026-07-30T02:57:49Z,6,0,17358,68.04,43,2430
2026-07-30T02:57:49Z,7,0,17358,12.01,41,210
2026-07-30T02:57:51Z,0,88,31634,327.15,65,2782
2026-07-30T02:57:51Z,1,99,31734,357.50,61,2910
2026-07-30T02:57:51Z,2,0,1,15.66,35,210
2026-07-30T02:57:51Z,3,0,1,18.75,33,210
2026-07-30T02:57:51Z,4,0,29902,18.27,32,210
2026-07-30T02:57:51Z,5,0,29900,14.25,34,210
2026-07-30T02:57:51Z,6,0,17358,66.53,43,2430
2026-07-30T02:57:51Z,7,100,17358,214.54,51,2430
2026-07-30T02:57:52Z,0,82,31634,295.85,61,2775
2026-07-30T02:57:52Z,1,100,31734,383.56,68,2895
2026-07-30T02:57:52Z,2,0,1,15.63,35,210
2026-07-30T02:57:52Z,3,0,1,17.80,32,210
2026-07-30T02:57:52Z,4,0,29902,17.08,32,202
2026-07-30T02:57:52Z,5,0,29900,17.02,34,210
2026-07-30T02:57:52Z,6,0,17358,66.92,43,2430
2026-07-30T02:57:52Z,7,0,17358,94.35,43,2917
2026-07-30T02:57:54Z,0,100,31634,449.88,69,2610
2026-07-30T02:57:54Z,1,99,31734,443.94,63,2370
2026-07-30T02:57:54Z,2,0,1,14.11,35,210
2026-07-30T02:57:54Z,3,0,1,19.12,33,210
2026-07-30T02:57:54Z,4,0,29902,17.92,32,210
2026-07-30T02:57:54Z,5,0,29900,14.23,34,210
2026-07-30T02:57:54Z,6,0,17358,68.05,43,2430
2026-07-30T02:57:54Z,7,0,17358,65.22,42,2430
2026-07-30T02:57:55Z,0,100,31634,449.94,69,2602
2026-07-30T02:57:55Z,1,99,31734,334.90,60,2880
2026-07-30T02:57:55Z,2,0,1,15.57,35,210
2026-07-30T02:57:55Z,3,0,1,16.79,33,210
2026-07-30T02:57:55Z,4,0,29902,17.48,32,210
2026-07-30T02:57:55Z,5,0,29900,14.70,34,210
2026-07-30T02:57:55Z,6,0,17358,66.60,43,2430
2026-07-30T02:57:55Z,7,0,17358,65.05,42,2430
2026-07-30T02:57:57Z,0,99,31634,369.01,62,2812
2026-07-30T02:57:57Z,1,100,31734,451.47,67,2625
2026-07-30T02:57:57Z,2,0,1,13.85,35,210
2026-07-30T02:57:57Z,3,0,1,18.82,33,210
2026-07-30T02:57:57Z,4,0,29902,16.24,32,210
2026-07-30T02:57:57Z,5,0,29900,17.11,34,210
2026-07-30T02:57:57Z,6,0,17358,68.10,42,2430
2026-07-30T02:57:57Z,7,0,17358,63.28,42,2430
2026-07-30T02:57:58Z,0,100,31634,464.38,69,2610
2026-07-30T02:57:58Z,1,100,31734,450.32,67,2610
2026-07-30T02:57:58Z,2,0,1,16.23,35,210
2026-07-30T02:57:58Z,3,0,1,17.69,33,210
2026-07-30T02:57:58Z,4,0,29902,18.40,32,210
2026-07-30T02:57:58Z,5,0,29900,13.99,34,210
2026-07-30T02:57:58Z,6,0,17358,45.64,42,450
2026-07-30T02:57:58Z,7,0,17358,65.69,42,2430
2026-07-30T02:58:00Z,0,99,31634,346.04,62,2775
2026-07-30T02:58:00Z,1,99,31734,371.23,61,2910
2026-07-30T02:58:00Z,2,0,1,13.14,35,210
2026-07-30T02:58:00Z,3,0,1,19.62,33,210
2026-07-30T02:58:00Z,4,0,29902,15.81,32,210
2026-07-30T02:58:00Z,5,0,29900,18.45,34,210
2026-07-30T02:58:00Z,6,0,17358,13.34,42,210
2026-07-30T02:58:00Z,7,0,17358,62.92,42,2430
2026-07-30T02:58:01Z,0,100,31634,458.39,69,2610
2026-07-30T02:58:01Z,1,99,31734,332.01,61,2910
2026-07-30T02:58:01Z,2,0,1,16.61,35,210
2026-07-30T02:58:01Z,3,0,1,19.76,33,210
2026-07-30T02:58:01Z,4,0,29902,18.64,32,210
2026-07-30T02:58:01Z,5,0,29900,17.06,34,210
2026-07-30T02:58:01Z,6,0,17358,12.93,42,210
2026-07-30T02:58:01Z,7,0,17358,65.06,42,2430
2026-07-30T02:58:03Z,0,99,31634,301.00,61,2812
2026-07-30T02:58:03Z,1,100,31734,450.67,65,2625
2026-07-30T02:58:03Z,2,0,1,15.16,35,210
2026-07-30T02:58:03Z,3,0,1,17.13,33,202
2026-07-30T02:58:03Z,4,0,29902,16.43,32,210
2026-07-30T02:58:03Z,5,0,29900,16.80,34,210
2026-07-30T02:58:03Z,6,0,17358,10.10,41,210
2026-07-30T02:58:03Z,7,0,17358,63.85,42,2430
2026-07-30T02:58:06Z,0,100,31634,441.68,64,2325
2026-07-30T02:58:06Z,1,99,31734,319.07,60,2910
2026-07-30T02:58:06Z,2,0,1,13.90,35,210
2026-07-30T02:58:06Z,3,0,1,17.31,33,210
2026-07-30T02:58:06Z,4,0,29902,17.74,32,210
2026-07-30T02:58:06Z,5,0,29900,14.92,34,210
2026-07-30T02:58:06Z,6,0,17358,89.02,43,2452
2026-07-30T02:58:06Z,7,0,17358,64.27,42,2430
2026-07-30T02:58:08Z,0,99,31634,316.90,62,2805
2026-07-30T02:58:08Z,1,100,31734,460.52,67,2625
2026-07-30T02:58:08Z,2,0,1,13.67,35,210
2026-07-30T02:58:08Z,3,0,1,19.56,32,210
2026-07-30T02:58:08Z,4,0,29902,17.47,32,210
2026-07-30T02:58:08Z,5,0,29900,16.58,34,210
2026-07-30T02:58:08Z,6,0,17358,68.32,43,2430
2026-07-30T02:58:08Z,7,0,17358,63.54,42,2430
2026-07-30T02:58:09Z,0,100,31634,409.40,69,2625
2026-07-30T02:58:09Z,1,99,31734,369.60,61,2865
2026-07-30T02:58:09Z,2,0,1,15.60,35,210
2026-07-30T02:58:09Z,3,0,1,18.18,33,202
2026-07-30T02:58:09Z,4,0,29902,18.16,32,210
2026-07-30T02:58:09Z,5,0,29900,14.20,34,210
2026-07-30T02:58:09Z,6,0,17358,66.04,43,2430
2026-07-30T02:58:09Z,7,0,17358,30.87,41,360
2026-07-30T02:58:11Z,0,99,31634,387.47,62,2797
2026-07-30T02:58:11Z,1,84,31734,337.47,59,2910
2026-07-30T02:58:11Z,2,0,1,14.41,35,210
2026-07-30T02:58:11Z,3,0,1,19.01,33,210
2026-07-30T02:58:11Z,4,0,29902,16.40,32,210
2026-07-30T02:58:11Z,5,0,29900,17.65,34,210
2026-07-30T02:58:11Z,6,0,17358,67.99,43,2430
2026-07-30T02:58:11Z,7,0,17358,12.59,41,210
2026-07-30T02:58:12Z,0,83,31754,289.98,68,2812
2026-07-30T02:58:12Z,1,100,31734,376.16,67,2782
2026-07-30T02:58:12Z,2,0,1,15.74,35,210
2026-07-30T02:58:12Z,3,0,1,20.02,33,210
2026-07-30T02:58:12Z,4,0,29902,19.04,32,210
2026-07-30T02:58:12Z,5,0,29900,15.54,34,210
2026-07-30T02:58:12Z,6,0,17358,68.08,43,2430
2026-07-30T02:58:12Z,7,0,17358,12.38,41,210
2026-07-30T02:58:14Z,0,100,31754,450.36,67,2430
2026-07-30T02:58:14Z,1,100,31734,450.43,61,2445
2026-07-30T02:58:14Z,2,0,1,14.53,35,210
2026-07-30T02:58:14Z,3,0,1,16.85,33,210
2026-07-30T02:58:14Z,4,0,29902,16.65,32,210
2026-07-30T02:58:14Z,5,0,29900,16.72,34,210
2026-07-30T02:58:14Z,6,0,17358,66.56,43,2430
2026-07-30T02:58:14Z,7,0,17358,14.01,41,210
2026-07-30T02:58:15Z,0,99,31754,293.04,62,2812
2026-07-30T02:58:15Z,1,100,31734,450.25,65,2430
2026-07-30T02:58:15Z,2,0,1,14.51,35,210
2026-07-30T02:58:15Z,3,0,1,18.08,33,202
2026-07-30T02:58:15Z,4,0,29902,15.80,32,210
2026-07-30T02:58:15Z,5,0,29900,17.84,34,210
2026-07-30T02:58:15Z,6,0,17358,68.59,43,2430
2026-07-30T02:58:15Z,7,100,17358,109.09,50,2047
2026-07-30T02:58:17Z,0,100,31754,388.52,68,2670
2026-07-30T02:58:17Z,1,100,31734,450.22,67,2610
2026-07-30T02:58:17Z,2,0,1,16.71,35,210
2026-07-30T02:58:17Z,3,0,1,17.94,33,210
2026-07-30T02:58:17Z,4,0,29902,17.90,32,210
2026-07-30T02:58:17Z,5,0,29900,14.45,34,210
2026-07-30T02:58:17Z,6,0,17358,65.62,43,2430
2026-07-30T02:58:17Z,7,0,17358,96.97,43,2917
2026-07-30T02:58:18Z,0,99,31754,404.51,63,2805
2026-07-30T02:58:18Z,1,99,31734,357.80,61,2910
2026-07-30T02:58:18Z,2,0,1,13.71,35,210
2026-07-30T02:58:18Z,3,0,1,18.02,33,210
2026-07-30T02:58:18Z,4,0,29902,15.37,32,210
2026-07-30T02:58:18Z,5,0,29900,17.46,34,210
2026-07-30T02:58:18Z,6,0,17358,68.07,43,2430
2026-07-30T02:58:18Z,7,0,17358,63.03,42,2430
2026-07-30T02:58:20Z,0,97,31754,285.80,62,2812
2026-07-30T02:58:20Z,1,99,31734,344.70,61,2917
2026-07-30T02:58:20Z,2,0,1,16.11,35,210
2026-07-30T02:58:20Z,3,0,1,19.29,33,210
2026-07-30T02:58:20Z,4,0,29902,18.40,32,210
2026-07-30T02:58:20Z,5,0,29900,13.73,34,210
2026-07-30T02:58:20Z,6,0,17358,67.97,43,2430
2026-07-30T02:58:20Z,7,0,17358,65.41,42,2430
2026-07-30T02:58:23Z,0,99,31754,304.64,62,2805
2026-07-30T02:58:23Z,1,100,31734,378.18,68,2872
2026-07-30T02:58:23Z,2,0,1,16.82,35,210
2026-07-30T02:58:23Z,3,0,1,18.98,33,210
2026-07-30T02:58:23Z,4,0,29902,16.90,32,210
2026-07-30T02:58:23Z,5,0,29900,15.09,34,210
2026-07-30T02:58:23Z,6,0,17358,29.46,42,337
2026-07-30T02:58:23Z,7,0,17358,64.76,42,2430
2026-07-30T02:58:25Z,0,83,31754,298.01,62,2812
2026-07-30T02:58:25Z,1,99,31734,441.37,62,2310
2026-07-30T02:58:25Z,2,0,1,15.90,35,210
2026-07-30T02:58:25Z,3,0,1,16.86,33,210
2026-07-30T02:58:25Z,4,0,29902,16.65,32,210
2026-07-30T02:58:25Z,5,0,29900,16.59,34,210
2026-07-30T02:58:25Z,6,0,17358,11.78,42,210
2026-07-30T02:58:25Z,7,0,17358,63.92,42,2430
2026-07-30T02:58:26Z,0,100,31754,450.26,67,2475
2026-07-30T02:58:26Z,1,99,31734,343.53,61,2865
2026-07-30T02:58:26Z,2,0,1,13.75,35,210
2026-07-30T02:58:26Z,3,0,1,18.61,33,210
2026-07-30T02:58:26Z,4,0,29902,17.09,32,210
2026-07-30T02:58:26Z,5,0,29900,17.05,34,210
2026-07-30T02:58:26Z,6,0,17358,13.00,42,202
2026-07-30T02:58:26Z,7,0,17358,63.26,42,2430
2026-07-30T02:58:28Z,0,99,31754,314.58,62,2805
2026-07-30T02:58:28Z,1,95,31734,350.37,63,2910
2026-07-30T02:58:28Z,2,0,1,16.52,35,210
2026-07-30T02:58:28Z,3,0,1,18.00,33,210
2026-07-30T02:58:28Z,4,0,29902,17.33,32,210
2026-07-30T02:58:28Z,5,0,29900,14.94,34,210
2026-07-30T02:58:28Z,6,0,17358,12.36,41,210
2026-07-30T02:58:28Z,7,0,17358,65.24,42,2430
2026-07-30T02:58:29Z,0,97,31754,310.22,62,2775
2026-07-30T02:58:29Z,1,100,31734,441.76,67,2610
2026-07-30T02:58:29Z,2,0,1,13.85,35,210
2026-07-30T02:58:29Z,3,0,1,17.48,33,210
2026-07-30T02:58:29Z,4,0,29902,16.67,32,210
2026-07-30T02:58:29Z,5,0,29900,16.32,34,210
2026-07-30T02:58:29Z,6,0,17358,12.05,41,210
2026-07-30T02:58:29Z,7,0,17358,62.27,42,2430
2026-07-30T02:58:31Z,0,99,31754,284.88,62,2812
2026-07-30T02:58:31Z,1,99,31734,391.29,62,2880
2026-07-30T02:58:31Z,2,0,1,14.92,35,210
2026-07-30T02:58:31Z,3,0,1,17.54,33,210
2026-07-30T02:58:31Z,4,0,29902,18.62,32,210
2026-07-30T02:58:31Z,5,0,29900,14.03,34,202
2026-07-30T02:58:31Z,6,0,17358,313.36,44,2910
2026-07-30T02:58:31Z,7,0,17358,65.36,42,2430
2026-07-30T02:58:32Z,0,100,31754,450.89,67,2610
2026-07-30T02:58:32Z,1,99,31734,368.07,61,2902
2026-07-30T02:58:32Z,2,0,1,14.69,35,210
2026-07-30T02:58:32Z,3,0,1,17.26,32,210
2026-07-30T02:58:32Z,4,0,29902,17.72,32,210
2026-07-30T02:58:32Z,5,0,29900,15.20,34,210
2026-07-30T02:58:32Z,6,0,17358,90.09,43,2452
2026-07-30T02:58:32Z,7,0,17358,63.03,42,2430
2026-07-30T02:58:34Z,0,99,31754,303.81,62,2805
2026-07-30T02:58:34Z,1,100,31734,430.06,67,2625
2026-07-30T02:58:34Z,2,0,1,14.30,35,210
2026-07-30T02:58:34Z,3,0,1,19.12,33,210
2026-07-30T02:58:34Z,4,0,29902,17.32,32,210
2026-07-30T02:58:34Z,5,0,29900,15.88,34,210
2026-07-30T02:58:34Z,6,0,17358,68.90,43,2430
2026-07-30T02:58:34Z,7,0,17358,22.34,41,360
2026-07-30T02:58:35Z,0,100,31754,447.90,69,2602
2026-07-30T02:58:35Z,1,99,31734,428.72,62,2722
2026-07-30T02:58:35Z,2,0,1,15.30,35,210
2026-07-30T02:58:35Z,3,0,1,18.15,33,210
2026-07-30T02:58:35Z,4,0,29902,18.24,32,210
2026-07-30T02:58:35Z,5,0,29900,15.18,34,210
2026-07-30T02:58:35Z,6,0,17358,66.36,43,2430
2026-07-30T02:58:35Z,7,0,17358,14.65,41,210
2026-07-30T02:58:37Z,0,100,31754,449.64,69,2610
2026-07-30T02:58:37Z,1,100,31734,423.89,67,2715
2026-07-30T02:58:37Z,2,0,1,13.06,35,210
2026-07-30T02:58:37Z,3,0,1,18.17,33,210
2026-07-30T02:58:37Z,4,0,29902,16.99,32,210
2026-07-30T02:58:37Z,5,0,29900,17.43,34,202
2026-07-30T02:58:37Z,6,0,17358,68.51,43,2430
2026-07-30T02:58:37Z,7,0,17358,12.47,41,210
2026-07-30T02:58:40Z,0,99,31754,369.47,63,2797
2026-07-30T02:58:40Z,1,100,31734,462.40,68,2617
2026-07-30T02:58:40Z,2,0,1,13.38,35,210
2026-07-30T02:58:40Z,3,0,1,16.52,32,210
2026-07-30T02:58:40Z,4,0,29902,15.89,32,210
2026-07-30T02:58:40Z,5,0,29900,16.19,34,210
2026-07-30T02:58:40Z,6,0,17358,68.92,43,2430
2026-07-30T02:58:40Z,7,0,17358,77.39,42,2430
2026-07-30T02:58:42Z,0,99,31754,325.83,64,2752
2026-07-30T02:58:42Z,1,100,31734,449.92,68,2610
2026-07-30T02:58:42Z,2,0,1,14.70,35,210
2026-07-30T02:58:42Z,3,0,1,18.71,33,210
2026-07-30T02:58:42Z,4,0,29902,18.57,32,210
2026-07-30T02:58:42Z,5,0,29900,15.73,34,210
2026-07-30T02:58:42Z,6,0,17358,68.84,43,2430
2026-07-30T02:58:42Z,7,0,17358,65.72,42,2430
2026-07-30T02:58:43Z,0,100,31754,461.40,69,2595
2026-07-30T02:58:43Z,1,100,31734,450.22,68,2617
2026-07-30T02:58:43Z,2,0,1,13.35,35,210
2026-07-30T02:58:43Z,3,0,1,16.34,33,210
2026-07-30T02:58:43Z,4,0,29902,17.38,32,210
2026-07-30T02:58:43Z,5,0,29900,15.18,34,202
2026-07-30T02:58:43Z,6,0,17358,67.50,43,2430
2026-07-30T02:58:43Z,7,0,17358,64.04,42,2430
2026-07-30T02:58:45Z,0,100,31754,449.40,70,2610
2026-07-30T02:58:45Z,1,99,31734,426.01,63,2797
2026-07-30T02:58:45Z,2,0,1,13.87,35,202
2026-07-30T02:58:45Z,3,0,1,18.98,33,210
2026-07-30T02:58:45Z,4,0,29902,18.12,32,210
2026-07-30T02:58:45Z,5,0,29900,15.76,34,210
2026-07-30T02:58:45Z,6,0,17358,69.39,43,2430
2026-07-30T02:58:45Z,7,0,17358,64.37,42,2430
2026-07-30T02:58:46Z,0,100,31754,449.85,69,2602
2026-07-30T02:58:46Z,1,99,31734,387.06,62,2887
2026-07-30T02:58:46Z,2,0,1,16.57,35,210
2026-07-30T02:58:46Z,3,0,1,17.93,33,210
2026-07-30T02:58:46Z,4,0,29902,18.24,32,210
2026-07-30T02:58:46Z,5,0,29900,15.16,34,210
2026-07-30T02:58:46Z,6,0,17358,66.58,43,2430
2026-07-30T02:58:46Z,7,0,17358,65.51,42,2430
2026-07-30T02:58:48Z,0,99,31754,392.59,64,2797
2026-07-30T02:58:48Z,1,99,31734,403.23,62,2865
2026-07-30T02:58:48Z,2,0,1,12.91,35,210
2026-07-30T02:58:48Z,3,0,1,19.29,33,210
2026-07-30T02:58:48Z,4,0,29902,16.81,32,210
2026-07-30T02:58:48Z,5,0,29900,17.64,34,210
2026-07-30T02:58:48Z,6,0,17358,68.73,43,2430
2026-07-30T02:58:48Z,7,0,17358,63.15,42,2430
2026-07-30T02:58:49Z,0,99,31754,353.49,63,2797
2026-07-30T02:58:49Z,1,100,31734,424.09,68,2737
2026-07-30T02:58:49Z,2,0,1,15.23,35,210
2026-07-30T02:58:49Z,3,0,1,19.15,33,210
2026-07-30T02:58:49Z,4,0,29902,19.14,32,210
2026-07-30T02:58:49Z,5,0,29900,15.66,34,202
2026-07-30T02:58:49Z,6,0,17358,30.76,42,345
2026-07-30T02:58:49Z,7,0,17358,65.75,42,2430
2026-07-30T02:58:51Z,0,100,31754,409.87,69,2602
2026-07-30T02:58:51Z,1,99,31734,411.06,62,2647
2026-07-30T02:58:51Z,2,0,1,13.62,35,202
2026-07-30T02:58:51Z,3,0,1,17.31,33,210
2026-07-30T02:58:51Z,4,0,29902,16.13,32,210
2026-07-30T02:58:51Z,5,0,29900,16.88,34,210
2026-07-30T02:58:51Z,6,0,17358,12.00,42,210
2026-07-30T02:58:51Z,7,0,17358,63.42,42,2430
2026-07-30T02:58:52Z,0,99,31754,401.92,64,2797
2026-07-30T02:58:52Z,1,100,31734,467.18,68,2610
2026-07-30T02:58:52Z,2,0,1,13.64,35,210
2026-07-30T02:58:52Z,3,0,1,19.71,33,210
2026-07-30T02:58:52Z,4,0,29902,16.23,32,210
2026-07-30T02:58:52Z,5,0,29900,17.10,34,210
2026-07-30T02:58:52Z,6,0,17358,12.59,42,210
2026-07-30T02:58:52Z,7,0,17358,63.87,42,2430
2026-07-30T02:58:54Z,0,100,31754,355.65,70,2685
2026-07-30T02:58:54Z,1,100,31734,449.97,67,2602
2026-07-30T02:58:54Z,2,0,1,15.78,35,210
2026-07-30T02:58:54Z,3,0,1,17.30,33,210
2026-07-30T02:58:54Z,4,0,29902,15.94,32,210
2026-07-30T02:58:54Z,5,0,29900,15.45,34,210
2026-07-30T02:58:54Z,6,0,17358,10.73,41,210
2026-07-30T02:58:54Z,7,0,17358,65.20,42,2430
2026-07-30T02:58:57Z,0,99,31754,366.61,64,2790
2026-07-30T02:58:57Z,1,87,31734,364.69,62,2910
2026-07-30T02:58:57Z,2,0,1,14.61,35,210
2026-07-30T02:58:57Z,3,0,1,16.50,33,210
2026-07-30T02:58:57Z,4,0,29902,18.00,32,210
2026-07-30T02:58:57Z,5,0,29900,15.22,34,210
2026-07-30T02:58:57Z,6,0,17358,12.47,41,210
2026-07-30T02:58:57Z,7,0,17358,14.57,41,210
2026-07-30T02:58:59Z,0,47,31754,330.42,62,2797
2026-07-30T02:58:59Z,1,100,31734,450.55,66,2467
2026-07-30T02:58:59Z,2,0,1,12.52,35,210
2026-07-30T02:58:59Z,3,0,1,18.95,33,210
2026-07-30T02:58:59Z,4,0,29902,16.67,32,210
2026-07-30T02:58:59Z,5,0,29900,17.50,34,210
2026-07-30T02:58:59Z,6,0,17358,12.41,41,210
2026-07-30T02:58:59Z,7,0,17358,13.17,41,210
2026-07-30T02:59:00Z,0,99,31754,315.61,63,2797
2026-07-30T02:59:00Z,1,100,31734,450.36,68,2625
2026-07-30T02:59:00Z,2,0,1,15.57,35,210
2026-07-30T02:59:00Z,3,0,1,18.89,33,210
2026-07-30T02:59:00Z,4,0,29902,17.39,32,210
2026-07-30T02:59:00Z,5,0,29900,15.48,34,210
2026-07-30T02:59:00Z,6,100,17358,80.72,52,2160
2026-07-30T02:59:00Z,7,0,17358,14.54,41,210
2026-07-30T02:59:02Z,0,100,31754,302.73,69,2790
2026-07-30T02:59:02Z,1,89,31734,366.37,67,2887
2026-07-30T02:59:02Z,2,0,1,14.06,35,210
2026-07-30T02:59:02Z,3,0,1,17.17,33,210
2026-07-30T02:59:02Z,4,0,29902,16.70,32,210
2026-07-30T02:59:02Z,5,0,29900,16.60,34,210
2026-07-30T02:59:02Z,6,0,17358,100.10,43,2910
2026-07-30T02:59:02Z,7,27,17358,196.19,44,2865
2026-07-30T02:59:04Z,0,100,31754,450.36,68,2272
2026-07-30T02:59:04Z,1,100,31734,450.39,66,2497
2026-07-30T02:59:04Z,2,0,1,16.02,35,210
2026-07-30T02:59:04Z,3,0,1,19.20,33,210
2026-07-30T02:59:04Z,4,0,29902,18.14,32,210
2026-07-30T02:59:04Z,5,0,29900,17.75,34,210
2026-07-30T02:59:04Z,6,0,17358,79.86,43,2430
2026-07-30T02:59:04Z,7,0,17358,95.83,43,2917
2026-07-30T02:59:05Z,0,100,31754,450.05,70,2595
2026-07-30T02:59:05Z,1,99,31734,385.34,63,2850
2026-07-30T02:59:05Z,2,0,1,16.18,35,210
2026-07-30T02:59:05Z,3,0,1,16.92,33,210
2026-07-30T02:59:05Z,4,0,29902,17.21,32,210
2026-07-30T02:59:05Z,5,0,29900,15.68,34,210
2026-07-30T02:59:05Z,6,0,17358,67.21,43,2430
2026-07-30T02:59:05Z,7,0,17358,64.70,42,2430
2026-07-30T02:59:06Z,0,99,31754,338.89,64,2797
2026-07-30T02:59:06Z,1,99,31734,359.05,62,2910
2026-07-30T02:59:06Z,2,0,1,14.15,35,210
2026-07-30T02:59:06Z,3,0,1,17.80,33,210
2026-07-30T02:59:06Z,4,0,29902,16.16,32,210
2026-07-30T02:59:06Z,5,0,29900,16.95,34,210
2026-07-30T02:59:06Z,6,0,17358,69.39,43,2430
2026-07-30T02:59:06Z,7,0,17358,62.88,42,2430
2026-07-30T02:59:08Z,0,100,31754,464.32,70,2595
2026-07-30T02:59:08Z,1,100,31734,451.63,68,2617
2026-07-30T02:59:08Z,2,0,1,15.36,35,210
2026-07-30T02:59:08Z,3,0,1,16.45,33,210
2026-07-30T02:59:08Z,4,0,29902,17.63,32,210
2026-07-30T02:59:08Z,5,0,29900,15.17,34,210
2026-07-30T02:59:08Z,6,0,17358,67.57,43,2430
2026-07-30T02:59:08Z,7,0,17358,65.90,42,2430
2026-07-30T02:59:09Z,0,100,31754,449.58,70,2602
2026-07-30T02:59:09Z,1,100,31734,450.76,68,2610
2026-07-30T02:59:09Z,2,0,1,14.26,35,210
2026-07-30T02:59:09Z,3,0,1,16.63,33,210
2026-07-30T02:59:09Z,4,0,29902,16.52,32,210
2026-07-30T02:59:09Z,5,0,29900,17.28,34,210
2026-07-30T02:59:09Z,6,0,17358,68.60,43,2430
2026-07-30T02:59:09Z,7,0,17358,63.33,42,2430
2026-07-30T02:59:11Z,0,63,31754,380.26,67,2775
2026-07-30T02:59:11Z,1,100,31734,393.51,69,2835
2026-07-30T02:59:11Z,2,0,1,15.10,35,210
2026-07-30T02:59:11Z,3,0,1,18.51,33,210
2026-07-30T02:59:11Z,4,0,29902,17.35,32,202
2026-07-30T02:59:11Z,5,0,29900,16.35,34,210
2026-07-30T02:59:11Z,6,0,17358,68.85,43,2430
2026-07-30T02:59:11Z,7,0,17358,65.26,42,2430
2026-07-30T02:59:14Z,0,99,31754,328.94,64,2767
2026-07-30T02:59:14Z,1,99,31734,433.72,63,2872
2026-07-30T02:59:14Z,2,0,1,14.56,35,210
2026-07-30T02:59:14Z,3,0,1,18.39,33,210
2026-07-30T02:59:14Z,4,0,29902,15.90,32,210
2026-07-30T02:59:14Z,5,0,29900,17.44,34,210
2026-07-30T02:59:14Z,6,0,17358,68.81,43,2430
2026-07-30T02:59:14Z,7,0,17358,64.50,42,2430
2026-07-30T02:59:16Z,0,100,31754,460.73,70,2580
2026-07-30T02:59:16Z,1,99,31734,396.19,63,2895
2026-07-30T02:59:16Z,2,0,1,16.08,35,210
2026-07-30T02:59:16Z,3,0,1,17.43,33,210
2026-07-30T02:59:16Z,4,0,29902,17.71,32,210
2026-07-30T02:59:16Z,5,0,29900,15.57,34,210
2026-07-30T02:59:16Z,6,0,17358,67.02,43,2430
2026-07-30T02:59:16Z,7,0,17358,65.09,42,2430
2026-07-30T02:59:17Z,0,99,31754,363.70,64,2797
2026-07-30T02:59:17Z,1,100,31734,430.38,68,2640
2026-07-30T02:59:17Z,2,0,1,13.60,35,210
2026-07-30T02:59:17Z,3,0,1,19.07,33,210
2026-07-30T02:59:17Z,4,0,29902,16.21,32,210
2026-07-30T02:59:17Z,5,0,29900,18.65,34,210
2026-07-30T02:59:17Z,6,0,17358,68.96,43,2430
2026-07-30T02:59:17Z,7,0,17358,62.85,42,2430
2026-07-30T02:59:19Z,0,100,31754,451.26,71,2602
2026-07-30T02:59:19Z,1,99,31734,429.69,63,2887
2026-07-30T02:59:19Z,2,0,1,16.27,35,210
2026-07-30T02:59:19Z,3,0,1,16.47,33,210
2026-07-30T02:59:19Z,4,0,29902,17.77,32,210
2026-07-30T02:59:19Z,5,0,29900,14.27,34,210
2026-07-30T02:59:19Z,6,0,17358,28.87,42,345
2026-07-30T02:59:19Z,7,0,17358,65.94,42,2430
2026-07-30T02:59:20Z,0,97,31754,333.81,71,2797
2026-07-30T02:59:20Z,1,99,31734,367.94,62,2895
2026-07-30T02:59:20Z,2,0,1,12.85,35,210
2026-07-30T02:59:20Z,3,0,1,16.84,33,210
2026-07-30T02:59:20Z,4,0,29902,16.89,32,210
2026-07-30T02:59:20Z,5,0,29900,15.77,34,210
2026-07-30T02:59:20Z,6,0,17358,11.64,42,210
2026-07-30T02:59:20Z,7,0,17358,22.21,41,360
2026-07-30T02:59:22Z,0,100,31754,450.61,69,2512
2026-07-30T02:59:22Z,1,100,31734,460.95,68,2602
2026-07-30T02:59:22Z,2,0,1,13.82,35,210
2026-07-30T02:59:22Z,3,0,1,17.94,33,210
2026-07-30T02:59:22Z,4,0,29902,18.24,32,210
2026-07-30T02:59:22Z,5,0,29900,14.77,34,210
2026-07-30T02:59:22Z,6,0,17358,12.66,41,210
2026-07-30T02:59:22Z,7,0,17358,13.31,41,210
2026-07-30T02:59:24Z,0,100,31754,450.15,70,2550
2026-07-30T02:59:24Z,1,100,31734,449.75,68,2602
2026-07-30T02:59:24Z,2,0,1,15.36,35,210
2026-07-30T02:59:24Z,3,0,1,16.12,33,210
2026-07-30T02:59:24Z,4,0,29902,16.36,32,210
2026-07-30T02:59:24Z,5,0,29900,14.87,34,210
2026-07-30T02:59:24Z,6,0,17358,11.49,41,210
2026-07-30T02:59:24Z,7,0,17358,13.50,41,210
2026-07-30T02:59:25Z,0,92,31754,339.57,64,2767
2026-07-30T02:59:25Z,1,99,31734,394.52,63,2857
2026-07-30T02:59:25Z,2,0,1,13.42,35,210
2026-07-30T02:59:25Z,3,0,1,19.70,33,210
2026-07-30T02:59:25Z,4,0,29902,17.81,32,210
2026-07-30T02:59:25Z,5,0,29900,17.38,34,210
2026-07-30T02:59:25Z,6,0,17358,11.97,41,210
2026-07-30T02:59:25Z,7,0,17358,268.47,43,2910
2026-07-30T02:59:27Z,0,99,31754,347.36,64,2722
2026-07-30T02:59:27Z,1,100,31734,453.47,69,2610
2026-07-30T02:59:27Z,2,0,1,16.12,35,210
2026-07-30T02:59:27Z,3,0,1,18.98,33,210
2026-07-30T02:59:27Z,4,0,29902,18.65,32,210
2026-07-30T02:59:27Z,5,0,29900,14.84,34,210
2026-07-30T02:59:27Z,6,0,17358,303.72,44,2910
2026-07-30T02:59:27Z,7,0,17358,94.43,42,2917
2026-07-30T02:59:28Z,0,99,31754,328.58,64,2767
2026-07-30T02:59:28Z,1,99,31734,380.99,63,2887
2026-07-30T02:59:28Z,2,0,1,14.74,35,210
2026-07-30T02:59:28Z,3,0,1,17.58,33,210
2026-07-30T02:59:28Z,4,0,29902,15.81,32,210
2026-07-30T02:59:28Z,5,0,29900,17.94,34,210
2026-07-30T02:59:28Z,6,0,17358,93.09,43,2647
2026-07-30T02:59:28Z,7,0,17358,63.34,42,2430
2026-07-30T02:59:32Z,0,100,31754,449.89,70,2595
2026-07-30T02:59:32Z,1,99,31734,415.96,63,2887
2026-07-30T02:59:32Z,2,0,1,12.93,35,210
2026-07-30T02:59:32Z,3,0,1,15.97,33,210
2026-07-30T02:59:32Z,4,0,29902,16.06,32,210
2026-07-30T02:59:32Z,5,0,29900,15.17,34,210
2026-07-30T02:59:32Z,6,0,17358,68.40,43,2430
2026-07-30T02:59:32Z,7,0,17358,63.47,42,2430
2026-07-30T02:59:33Z,0,86,31754,381.51,64,2782
2026-07-30T02:59:33Z,1,100,31734,393.32,70,2872
2026-07-30T02:59:33Z,2,0,1,13.90,35,210
2026-07-30T02:59:33Z,3,0,1,18.78,33,210
2026-07-30T02:59:33Z,4,0,29902,17.59,32,210
2026-07-30T02:59:33Z,5,0,29900,14.96,34,210
2026-07-30T02:59:33Z,6,0,17358,68.52,43,2430
2026-07-30T02:59:33Z,7,0,17358,65.46,42,2430
2026-07-30T02:59:34Z,0,99,31754,320.66,64,2790
2026-07-30T02:59:34Z,1,100,31734,450.49,66,2325
2026-07-30T02:59:34Z,2,0,1,15.07,35,210
2026-07-30T02:59:34Z,3,0,1,16.99,33,210
2026-07-30T02:59:34Z,4,0,29902,17.69,32,210
2026-07-30T02:59:34Z,5,0,29900,15.13,34,210
2026-07-30T02:59:34Z,6,0,17358,66.53,43,2430
2026-07-30T02:59:34Z,7,0,17358,65.06,42,2430
2026-07-30T02:59:36Z,0,100,31754,409.26,69,2647
2026-07-30T02:59:36Z,1,100,31734,450.09,69,2625
2026-07-30T02:59:36Z,2,0,1,13.33,35,210
2026-07-30T02:59:36Z,3,0,1,19.19,33,210
2026-07-30T02:59:36Z,4,0,29902,17.00,32,210
2026-07-30T02:59:36Z,5,0,29900,17.46,34,210
2026-07-30T02:59:36Z,6,0,17358,69.35,43,2430
2026-07-30T02:59:36Z,7,0,17358,63.69,42,2430
2026-07-30T02:59:37Z,0,100,31754,449.58,71,2745
2026-07-30T02:59:37Z,1,100,31734,418.15,69,2722
2026-07-30T02:59:37Z,2,0,1,15.91,35,210
2026-07-30T02:59:37Z,3,0,1,18.62,33,210
2026-07-30T02:59:37Z,4,0,29902,17.97,32,210
2026-07-30T02:59:37Z,5,0,29900,14.98,34,210
2026-07-30T02:59:37Z,6,0,17358,67.22,43,2430
2026-07-30T02:59:37Z,7,0,17358,65.68,42,2430
2026-07-30T02:59:39Z,0,99,31754,424.56,65,2430
2026-07-30T02:59:39Z,1,99,31734,439.97,64,2662
2026-07-30T02:59:39Z,2,0,1,14.52,35,210
2026-07-30T02:59:39Z,3,0,1,17.52,33,210
2026-07-30T02:59:39Z,4,0,29902,14.84,32,210
2026-07-30T02:59:39Z,5,0,29900,16.87,34,210
2026-07-30T02:59:39Z,6,0,17358,68.15,43,2430
2026-07-30T02:59:39Z,7,0,17358,63.54,42,2430
2026-07-30T02:59:40Z,0,100,31754,429.27,71,2602
2026-07-30T02:59:40Z,1,100,31734,419.36,68,2647
2026-07-30T02:59:40Z,2,0,1,15.43,35,210
2026-07-30T02:59:40Z,3,0,1,18.86,33,210
2026-07-30T02:59:40Z,4,0,29902,16.91,32,210
2026-07-30T02:59:40Z,5,0,29900,16.66,34,210
2026-07-30T02:59:40Z,6,0,17358,68.81,43,2430
2026-07-30T02:59:40Z,7,0,17358,65.93,42,2430
2026-07-30T02:59:42Z,0,100,31754,450.22,70,2617
2026-07-30T02:59:42Z,1,99,31734,441.64,64,2692
2026-07-30T02:59:42Z,2,0,1,15.15,35,210
2026-07-30T02:59:42Z,3,0,1,15.80,33,210
2026-07-30T02:59:42Z,4,0,29902,16.32,32,210
2026-07-30T02:59:42Z,5,0,29900,16.42,34,210
2026-07-30T02:59:42Z,6,0,17358,66.53,43,2430
2026-07-30T02:59:42Z,7,0,17358,45.99,41,465
2026-07-30T02:59:43Z,0,100,31754,449.84,71,2617
2026-07-30T02:59:43Z,1,85,31734,380.49,69,2872
2026-07-30T02:59:43Z,2,0,1,14.31,35,210
2026-07-30T02:59:43Z,3,0,1,17.55,33,210
2026-07-30T02:59:43Z,4,0,29902,15.78,32,210
2026-07-30T02:59:43Z,5,0,29900,17.31,34,210
2026-07-30T02:59:43Z,6,0,17358,69.67,43,2430
2026-07-30T02:59:43Z,7,0,17358,13.04,41,210
2026-07-30T02:59:45Z,0,99,31754,427.66,65,2415
2026-07-30T02:59:45Z,1,96,31734,449.83,67,2347
2026-07-30T02:59:45Z,2,0,1,15.89,35,210
2026-07-30T02:59:45Z,3,0,1,17.33,33,210
2026-07-30T02:59:45Z,4,0,29902,16.70,32,210
2026-07-30T02:59:45Z,5,0,29900,15.21,34,210
2026-07-30T02:59:45Z,6,0,17358,27.67,42,345
2026-07-30T02:59:45Z,7,0,17358,15.01,41,210
2026-07-30T02:59:49Z,0,100,31754,442.24,71,2587
2026-07-30T02:59:49Z,1,99,31734,386.71,63,2887
2026-07-30T02:59:49Z,2,0,1,16.12,35,210
2026-07-30T02:59:49Z,3,0,1,18.91,33,210
2026-07-30T02:59:49Z,4,0,29902,17.74,32,210
2026-07-30T02:59:49Z,5,0,29900,16.05,34,210
2026-07-30T02:59:49Z,6,0,17358,13.36,42,210
2026-07-30T02:59:49Z,7,0,17358,96.67,43,2917
2026-07-30T02:59:50Z,0,100,31754,449.54,71,2602
2026-07-30T02:59:50Z,1,99,31734,336.83,62,2902
2026-07-30T02:59:50Z,2,0,1,14.02,35,210
2026-07-30T02:59:50Z,3,0,1,18.36,33,210
2026-07-30T02:59:50Z,4,0,29902,16.19,32,210
2026-07-30T02:59:50Z,5,0,29900,18.21,34,210
2026-07-30T02:59:50Z,6,55,17358,33.25,51,930
2026-07-30T02:59:50Z,7,0,17358,63.57,42,2430
2026-07-30T02:59:52Z,0,100,31754,449.70,71,2617
2026-07-30T02:59:52Z,1,100,31734,451.87,69,2617
2026-07-30T02:59:52Z,2,0,1,16.41,35,210
2026-07-30T02:59:52Z,3,0,1,19.60,33,210
2026-07-30T02:59:52Z,4,0,29902,17.25,32,210
2026-07-30T02:59:52Z,5,0,29900,17.32,34,210
2026-07-30T02:59:52Z,6,0,17358,126.98,44,2917
2026-07-30T02:59:52Z,7,0,17358,65.29,42,2430
2026-07-30T02:59:53Z,0,84,31754,420.42,69,2775
2026-07-30T02:59:53Z,1,99,31734,381.14,63,2850
2026-07-30T02:59:53Z,2,0,1,15.94,35,210
2026-07-30T02:59:53Z,3,0,1,15.97,33,210
2026-07-30T02:59:53Z,4,0,29902,15.28,32,210
2026-07-30T02:59:53Z,5,0,29900,16.45,34,210
2026-07-30T02:59:53Z,6,0,17358,78.60,43,2430
2026-07-30T02:59:53Z,7,0,17358,64.26,42,2430
2026-07-30T02:59:55Z,0,100,31754,449.39,71,2602
2026-07-30T02:59:55Z,1,100,31734,430.42,69,2632
2026-07-30T02:59:55Z,2,0,1,14.49,35,210
2026-07-30T02:59:55Z,3,0,1,17.85,33,210
2026-07-30T02:59:55Z,4,0,29902,16.32,32,210
2026-07-30T02:59:55Z,5,0,29900,18.21,34,210
2026-07-30T02:59:55Z,6,0,17358,69.26,43,2430
2026-07-30T02:59:55Z,7,0,17358,64.47,42,2430
2026-07-30T02:59:56Z,0,99,31754,369.63,65,2790
2026-07-30T02:59:56Z,1,100,31734,449.98,69,2685
2026-07-30T02:59:56Z,2,0,1,16.15,35,210
2026-07-30T02:59:56Z,3,0,1,17.23,33,210
2026-07-30T02:59:56Z,4,0,29902,17.06,32,210
2026-07-30T02:59:56Z,5,0,29900,15.23,34,210
2026-07-30T02:59:56Z,6,0,17358,66.90,43,2430
2026-07-30T02:59:56Z,7,0,17358,65.77,42,2430
2026-07-30T02:59:57Z,0,99,31754,319.54,65,2790
2026-07-30T02:59:57Z,1,99,31734,448.40,64,2355
2026-07-30T02:59:57Z,2,0,1,14.13,35,210
2026-07-30T02:59:57Z,3,0,1,16.66,33,210
2026-07-30T02:59:57Z,4,0,29902,15.73,32,210
2026-07-30T02:59:57Z,5,0,29900,16.63,34,210
2026-07-30T02:59:57Z,6,0,17358,69.15,43,2430
2026-07-30T02:59:57Z,7,0,17358,63.27,42,2430
2026-07-30T02:59:59Z,0,100,31754,413.28,71,2655
2026-07-30T02:59:59Z,1,60,31734,354.40,63,2887
2026-07-30T02:59:59Z,2,0,1,15.24,35,210
2026-07-30T02:59:59Z,3,0,1,19.03,33,210
2026-07-30T02:59:59Z,4,0,29902,18.41,32,210
2026-07-30T02:59:59Z,5,0,29900,16.50,34,210
2026-07-30T02:59:59Z,6,0,17358,68.37,43,2430
2026-07-30T02:59:59Z,7,0,17358,65.80,42,2430
2026-07-30T03:00:00Z,0,99,31754,412.42,65,2767
2026-07-30T03:00:00Z,1,99,31734,364.35,63,2887
2026-07-30T03:00:00Z,2,0,1,15.21,35,210
2026-07-30T03:00:00Z,3,0,1,16.48,33,210
2026-07-30T03:00:00Z,4,0,29902,17.69,32,210
2026-07-30T03:00:00Z,5,0,29900,16.07,34,210
2026-07-30T03:00:00Z,6,0,17358,67.13,43,2430
2026-07-30T03:00:00Z,7,0,17358,64.53,42,2430
2026-07-30T03:00:02Z,0,100,31754,416.17,71,2610
2026-07-30T03:00:02Z,1,100,31734,421.29,67,2625
2026-07-30T03:00:02Z,2,0,1,14.13,35,210
2026-07-30T03:00:02Z,3,0,1,19.15,33,210
2026-07-30T03:00:02Z,4,0,29902,17.38,32,210
2026-07-30T03:00:02Z,5,0,29900,17.61,34,210
2026-07-30T03:00:02Z,6,0,17358,68.64,43,2430
2026-07-30T03:00:02Z,7,0,17358,64.72,42,2430
2026-07-30T03:00:05Z,0,100,31754,450.86,70,2602
2026-07-30T03:00:05Z,1,100,31734,467.52,69,2617
2026-07-30T03:00:05Z,2,0,1,15.10,35,210
2026-07-30T03:00:05Z,3,0,1,18.50,33,210
2026-07-30T03:00:05Z,4,0,29902,15.86,32,210
2026-07-30T03:00:05Z,5,0,29900,17.46,34,210
2026-07-30T03:00:05Z,6,0,17358,69.98,43,2430
2026-07-30T03:00:05Z,7,0,17358,23.24,41,360
2026-07-30T03:00:07Z,0,99,31754,349.01,65,2797
2026-07-30T03:00:07Z,1,99,31734,387.07,63,2887
2026-07-30T03:00:07Z,2,0,1,15.80,35,210
2026-07-30T03:00:07Z,3,0,1,17.69,33,210
2026-07-30T03:00:07Z,4,0,29902,17.92,32,210
2026-07-30T03:00:07Z,5,0,29900,15.43,34,210
2026-07-30T03:00:07Z,6,0,17358,66.60,43,2430
2026-07-30T03:00:07Z,7,0,17358,15.15,41,210
2026-07-30T03:00:09Z,0,100,31754,450.63,69,2400
2026-07-30T03:00:09Z,1,100,31734,450.64,68,2617
2026-07-30T03:00:09Z,2,0,1,14.21,35,210
2026-07-30T03:00:09Z,3,0,1,17.53,33,210
2026-07-30T03:00:09Z,4,0,29902,17.16,32,210
2026-07-30T03:00:09Z,5,0,29900,17.83,34,202
2026-07-30T03:00:09Z,6,0,17358,39.17,42,390
2026-07-30T03:00:09Z,7,0,17358,13.13,41,210
2026-07-30T03:00:10Z,0,100,31754,450.65,72,2602
2026-07-30T03:00:10Z,1,90,31734,395.91,68,2895
2026-07-30T03:00:10Z,2,0,1,14.93,35,210
2026-07-30T03:00:10Z,3,0,1,17.73,33,210
2026-07-30T03:00:10Z,4,0,29902,18.70,32,210
2026-07-30T03:00:10Z,5,0,29900,14.39,34,210
2026-07-30T03:00:10Z,6,0,17358,14.32,42,210
2026-07-30T03:00:10Z,7,0,17358,12.89,41,210
2026-07-30T03:00:12Z,0,100,31754,450.27,72,2580
2026-07-30T03:00:12Z,1,100,31734,450.40,67,2310
2026-07-30T03:00:12Z,2,0,1,13.60,35,210
2026-07-30T03:00:12Z,3,0,1,17.73,33,210
2026-07-30T03:00:12Z,4,0,29902,15.17,32,210
2026-07-30T03:00:12Z,5,0,29900,17.22,34,210
2026-07-30T03:00:12Z,6,0,17358,12.48,42,210
2026-07-30T03:00:12Z,7,0,17358,13.96,40,210
2026-07-30T03:00:13Z,0,94,31754,352.51,69,2797
2026-07-30T03:00:13Z,1,100,31734,450.07,69,2610
2026-07-30T03:00:13Z,2,0,1,14.00,35,210
2026-07-30T03:00:13Z,3,0,1,18.66,33,210
2026-07-30T03:00:13Z,4,0,29902,16.67,32,210
2026-07-30T03:00:13Z,5,0,29900,17.41,34,210
2026-07-30T03:00:13Z,6,0,17358,13.15,42,210
2026-07-30T03:00:13Z,7,26,17358,188.75,44,2805
2026-07-30T03:00:15Z,0,100,31754,425.06,72,2587
2026-07-30T03:00:15Z,1,73,31734,391.70,65,2887
2026-07-30T03:00:15Z,2,0,1,15.74,35,210
2026-07-30T03:00:15Z,3,0,1,16.49,33,210
2026-07-30T03:00:15Z,4,0,29902,15.77,32,210
2026-07-30T03:00:15Z,5,0,29900,15.85,34,202
2026-07-30T03:00:15Z,6,100,17358,97.57,53,2190
2026-07-30T03:00:15Z,7,0,17358,96.50,42,2917
2026-07-30T03:00:16Z,0,100,31754,450.13,72,2602
2026-07-30T03:00:16Z,1,100,31734,433.45,69,2632
2026-07-30T03:00:16Z,2,0,1,13.57,35,210
2026-07-30T03:00:16Z,3,0,1,19.30,33,210
2026-07-30T03:00:16Z,4,0,29902,16.78,32,210
2026-07-30T03:00:16Z,5,0,29900,17.70,34,210
2026-07-30T03:00:16Z,6,0,17358,102.95,44,2910
2026-07-30T03:00:16Z,7,0,17358,63.99,42,2430
2026-07-30T03:00:18Z,0,99,31754,422.77,66,2797
2026-07-30T03:00:18Z,1,97,31734,437.86,67,2782
2026-07-30T03:00:18Z,2,0,1,15.89,35,210
2026-07-30T03:00:18Z,3,0,1,18.65,33,210
2026-07-30T03:00:18Z,4,0,29902,18.09,32,210
2026-07-30T03:00:18Z,5,0,29900,15.30,34,210
2026-07-30T03:00:18Z,6,0,17358,76.82,43,2430
2026-07-30T03:00:18Z,7,0,17358,66.72,42,2430
2026-07-30T03:00:19Z,0,99,31754,337.97,65,2790
2026-07-30T03:00:19Z,1,99,31734,388.21,63,2857
2026-07-30T03:00:19Z,2,0,1,15.37,35,210
2026-07-30T03:00:19Z,3,0,1,17.01,33,210
2026-07-30T03:00:19Z,4,0,29902,16.26,32,210
2026-07-30T03:00:19Z,5,0,29900,17.93,34,210
2026-07-30T03:00:19Z,6,0,17358,68.50,43,2430
2026-07-30T03:00:19Z,7,0,17358,64.25,42,2430
2026-07-30T03:00:23Z,0,100,31754,451.08,72,2580
2026-07-30T03:00:23Z,1,100,31734,450.44,67,2580
2026-07-30T03:00:23Z,2,0,1,14.67,35,210
2026-07-30T03:00:23Z,3,0,1,16.75,33,210
2026-07-30T03:00:23Z,4,0,29902,15.24,32,210
2026-07-30T03:00:23Z,5,0,29900,18.15,34,210
2026-07-30T03:00:23Z,6,0,17358,67.51,43,2430
2026-07-30T03:00:23Z,7,0,17358,64.16,42,2430
2026-07-30T03:00:24Z,0,99,31754,353.98,65,2797
2026-07-30T03:00:24Z,1,100,31754,429.42,68,2640
2026-07-30T03:00:24Z,2,0,1,13.98,35,210
2026-07-30T03:00:24Z,3,0,1,19.82,33,210
2026-07-30T03:00:24Z,4,0,29902,18.59,32,210
2026-07-30T03:00:24Z,5,0,29900,17.35,34,210
2026-07-30T03:00:24Z,6,0,17358,69.14,43,2430
2026-07-30T03:00:24Z,7,0,17358,64.84,42,2430
2026-07-30T03:00:26Z,0,100,31754,456.29,70,2595
2026-07-30T03:00:26Z,1,99,31754,432.77,64,2790
2026-07-30T03:00:26Z,2,0,1,14.96,35,210
2026-07-30T03:00:26Z,3,0,1,18.43,33,210
2026-07-30T03:00:26Z,4,0,29902,18.61,32,210
2026-07-30T03:00:26Z,5,0,29900,15.71,34,210
2026-07-30T03:00:26Z,6,0,17358,66.49,43,2430
2026-07-30T03:00:26Z,7,0,17358,65.94,42,2430
2026-07-30T03:00:27Z,0,95,31754,356.30,65,2797
2026-07-30T03:00:27Z,1,100,31754,417.94,69,2700
2026-07-30T03:00:27Z,2,0,1,14.08,35,210
2026-07-30T03:00:27Z,3,0,1,19.44,33,210
2026-07-30T03:00:27Z,4,0,29902,17.20,32,210
2026-07-30T03:00:27Z,5,0,29900,17.66,34,210
2026-07-30T03:00:27Z,6,0,17358,68.89,43,2430
2026-07-30T03:00:27Z,7,0,17358,63.91,42,2430
2026-07-30T03:00:29Z,0,100,31754,431.09,70,2610
2026-07-30T03:00:29Z,1,100,31754,449.87,69,2497
2026-07-30T03:00:29Z,2,0,1,15.61,35,210
2026-07-30T03:00:29Z,3,0,1,19.24,33,210
2026-07-30T03:00:29Z,4,0,29902,19.30,32,210
2026-07-30T03:00:29Z,5,0,29900,16.09,34,210
2026-07-30T03:00:29Z,6,0,17358,67.87,43,2430
2026-07-30T03:00:29Z,7,0,17358,66.38,42,2430
2026-07-30T03:00:30Z,0,100,31754,449.67,72,2655
2026-07-30T03:00:30Z,1,100,31754,450.39,67,2430
2026-07-30T03:00:30Z,2,0,1,14.37,35,210
2026-07-30T03:00:30Z,3,0,1,16.60,33,210
2026-07-30T03:00:30Z,4,0,29902,15.18,32,210
2026-07-30T03:00:30Z,5,0,29900,16.42,34,210
2026-07-30T03:00:30Z,6,0,17358,67.32,43,2430
2026-07-30T03:00:30Z,7,0,17358,63.94,42,2430
2026-07-30T03:00:31Z,0,95,31754,406.52,66,2790
2026-07-30T03:00:31Z,1,100,31754,450.07,68,2617
2026-07-30T03:00:31Z,2,0,1,14.31,35,210
2026-07-30T03:00:31Z,3,0,1,18.08,33,210
2026-07-30T03:00:31Z,4,0,29902,18.06,32,210
2026-07-30T03:00:31Z,5,0,29900,17.52,34,210
2026-07-30T03:00:31Z,6,0,17358,68.86,43,2430
2026-07-30T03:00:31Z,7,0,17358,23.51,41,360
2026-07-30T03:00:33Z,0,99,31754,349.48,65,2797
2026-07-30T03:00:33Z,1,90,31754,388.13,69,2895
2026-07-30T03:00:33Z,2,0,1,15.72,35,210
2026-07-30T03:00:33Z,3,0,1,16.72,33,210
2026-07-30T03:00:33Z,4,0,29902,17.44,32,210
2026-07-30T03:00:33Z,5,0,29900,15.77,34,210
2026-07-30T03:00:33Z,6,0,17358,26.53,42,345
2026-07-30T03:00:33Z,7,0,17358,15.15,41,210
2026-07-30T03:00:35Z,0,100,31754,460.69,72,2587
2026-07-30T03:00:35Z,1,100,31754,450.20,68,2542
2026-07-30T03:00:35Z,2,0,1,13.32,35,210
2026-07-30T03:00:35Z,3,0,1,18.79,33,210
2026-07-30T03:00:35Z,4,0,29902,17.77,32,210
2026-07-30T03:00:35Z,5,0,29900,17.43,34,210
2026-07-30T03:00:35Z,6,0,17358,13.25,42,210
2026-07-30T03:00:35Z,7,0,17358,12.39,40,210
2026-07-30T03:00:36Z,0,100,31754,449.77,72,2587
2026-07-30T03:00:36Z,1,99,31754,387.21,64,2842
2026-07-30T03:00:36Z,2,0,1,15.84,35,210
2026-07-30T03:00:36Z,3,0,1,18.19,33,210
2026-07-30T03:00:36Z,4,0,29902,18.48,32,210
2026-07-30T03:00:36Z,5,0,29900,14.47,34,210
2026-07-30T03:00:36Z,6,0,17358,12.54,42,210
2026-07-30T03:00:36Z,7,27,17358,193.06,44,2767
2026-07-30T03:00:40Z,0,99,31754,349.08,66,2715
2026-07-30T03:00:40Z,1,100,31754,450.42,68,2347
2026-07-30T03:00:40Z,2,0,1,15.98,35,210
2026-07-30T03:00:40Z,3,0,1,17.95,33,210
2026-07-30T03:00:40Z,4,0,29902,18.09,32,210
2026-07-30T03:00:40Z,5,0,29900,15.36,34,210
2026-07-30T03:00:40Z,6,76,17358,166.29,52,1912
2026-07-30T03:00:40Z,7,0,17358,66.54,42,2430
2026-07-30T03:00:41Z,0,100,31754,464.50,71,2580
2026-07-30T03:00:41Z,1,100,31754,450.30,68,2617
2026-07-30T03:00:41Z,2,0,1,15.17,35,210
2026-07-30T03:00:41Z,3,0,1,16.86,33,210
2026-07-30T03:00:41Z,4,0,29902,15.09,32,210
2026-07-30T03:00:41Z,5,0,29900,17.66,34,210
2026-07-30T03:00:41Z,6,0,17358,95.40,44,2917
2026-07-30T03:00:41Z,7,0,17358,63.23,42,2430
2026-07-30T03:00:43Z,0,100,31754,449.64,72,2587
2026-07-30T03:00:43Z,1,99,31754,392.11,64,2887
2026-07-30T03:00:43Z,2,0,1,14.45,35,210
2026-07-30T03:00:43Z,3,0,1,18.36,33,210
2026-07-30T03:00:43Z,4,0,29902,19.06,32,210
2026-07-30T03:00:43Z,5,0,29900,16.55,34,210
2026-07-30T03:00:43Z,6,0,17358,68.81,43,2430
2026-07-30T03:00:43Z,7,0,17358,65.13,42,2430
2026-07-30T03:00:44Z,0,100,31754,450.16,72,2587
2026-07-30T03:00:44Z,1,100,31754,404.52,68,2797
2026-07-30T03:00:44Z,2,0,1,16.00,35,210
2026-07-30T03:00:44Z,3,0,1,17.14,33,210
2026-07-30T03:00:44Z,4,0,29902,17.75,32,210
2026-07-30T03:00:44Z,5,0,29900,15.78,34,210
2026-07-30T03:00:44Z,6,0,17358,65.75,43,2430
2026-07-30T03:00:44Z,7,0,17358,65.62,42,2430
2026-07-30T03:00:46Z,0,99,31754,404.24,66,2797
2026-07-30T03:00:46Z,1,99,31754,450.23,68,2362
2026-07-30T03:00:46Z,2,0,1,13.58,35,210
2026-07-30T03:00:46Z,3,0,1,17.89,33,210
2026-07-30T03:00:46Z,4,0,29902,18.10,32,210
2026-07-30T03:00:46Z,5,0,29900,18.23,34,210
2026-07-30T03:00:46Z,6,0,17358,68.51,43,2430
2026-07-30T03:00:46Z,7,0,17358,63.34,42,2430
2026-07-30T03:00:47Z,0,99,31754,350.36,66,2782
2026-07-30T03:00:47Z,1,100,31754,450.17,67,2610
2026-07-30T03:00:47Z,2,0,1,16.33,35,210
2026-07-30T03:00:47Z,3,0,1,18.14,33,210
2026-07-30T03:00:47Z,4,0,29902,18.09,32,210
2026-07-30T03:00:47Z,5,0,29900,15.53,34,210
2026-07-30T03:00:47Z,6,0,17358,66.55,43,2430
2026-07-30T03:00:47Z,7,0,17358,66.25,42,2430
2026-07-30T03:00:49Z,0,100,31754,462.21,72,2580
2026-07-30T03:00:49Z,1,100,31754,450.22,68,2610
2026-07-30T03:00:49Z,2,0,1,14.05,35,210
2026-07-30T03:00:49Z,3,0,1,17.71,33,210
2026-07-30T03:00:49Z,4,0,29902,15.67,32,210
2026-07-30T03:00:49Z,5,0,29900,17.71,34,210
2026-07-30T03:00:49Z,6,0,17358,68.04,43,2430
2026-07-30T03:00:49Z,7,0,17358,63.28,42,2430
2026-07-30T03:00:50Z,0,100,31754,450.65,72,2595
2026-07-30T03:00:50Z,1,99,31754,389.59,64,2887
2026-07-30T03:00:50Z,2,0,1,14.76,35,210
2026-07-30T03:00:50Z,3,0,1,18.90,33,210
2026-07-30T03:00:50Z,4,0,29902,17.31,32,210
2026-07-30T03:00:50Z,5,0,29900,17.01,34,210
2026-07-30T03:00:50Z,6,0,17358,68.41,43,2430
2026-07-30T03:00:50Z,7,0,17358,65.29,42,2430
2026-07-30T03:00:52Z,0,100,31754,450.03,72,2580
2026-07-30T03:00:52Z,1,99,31754,404.07,64,2707
2026-07-30T03:00:52Z,2,0,1,15.54,35,210
2026-07-30T03:00:52Z,3,0,1,17.11,33,210
2026-07-30T03:00:52Z,4,0,29902,15.59,32,210
2026-07-30T03:00:52Z,5,0,29900,17.73,34,210
2026-07-30T03:00:52Z,6,0,17358,66.71,43,2430
2026-07-30T03:00:52Z,7,0,17358,64.67,42,2430
2026-07-30T03:00:53Z,0,99,31754,403.93,66,2797
2026-07-30T03:00:53Z,1,100,31754,450.47,69,2617
2026-07-30T03:00:53Z,2,0,1,13.24,35,210
2026-07-30T03:00:53Z,3,0,1,18.50,33,210
2026-07-30T03:00:53Z,4,0,29902,16.47,32,210
2026-07-30T03:00:53Z,5,0,29900,17.62,34,210
2026-07-30T03:00:53Z,6,0,17358,68.52,43,2430
2026-07-30T03:00:53Z,7,0,17358,63.81,42,2430
2026-07-30T03:00:57Z,0,99,31754,449.51,70,2415
2026-07-30T03:00:57Z,1,99,31754,385.30,64,2887
2026-07-30T03:00:57Z,2,0,1,13.20,35,210
2026-07-30T03:00:57Z,3,0,1,18.83,33,210
2026-07-30T03:00:57Z,4,0,29902,16.64,32,210
2026-07-30T03:00:57Z,5,0,29900,16.68,34,210
2026-07-30T03:00:57Z,6,0,17358,68.81,43,2430
2026-07-30T03:00:57Z,7,0,17358,11.95,40,210
2026-07-30T03:00:58Z,0,100,31754,450.22,70,2542
2026-07-30T03:00:58Z,1,100,31754,444.35,70,2617
2026-07-30T03:00:58Z,2,0,1,14.88,35,210
2026-07-30T03:00:58Z,3,0,1,17.43,33,210
2026-07-30T03:00:58Z,4,0,29902,18.74,32,210
2026-07-30T03:00:58Z,5,0,29900,15.49,34,210
2026-07-30T03:00:58Z,6,0,17358,28.50,42,345
2026-07-30T03:00:58Z,7,0,17358,12.80,40,210
2026-07-30T03:01:00Z,0,100,31754,449.69,72,2587
2026-07-30T03:01:00Z,1,100,31754,450.29,69,2640
2026-07-30T03:01:00Z,2,0,1,12.77,35,210
2026-07-30T03:01:00Z,3,0,1,17.67,33,210
2026-07-30T03:01:00Z,4,0,29902,15.90,32,202
2026-07-30T03:01:00Z,5,0,29900,18.07,34,210
2026-07-30T03:01:00Z,6,0,17358,12.26,42,210
2026-07-30T03:01:00Z,7,0,17358,13.34,40,210
2026-07-30T03:01:01Z,0,99,31754,344.36,66,2797
2026-07-30T03:01:01Z,1,99,31754,433.60,65,2887
2026-07-30T03:01:01Z,2,0,1,14.94,35,210
2026-07-30T03:01:01Z,3,0,1,19.10,33,210
2026-07-30T03:01:01Z,4,0,29902,17.58,32,210
2026-07-30T03:01:01Z,5,0,29900,16.91,34,210
2026-07-30T03:01:01Z,6,0,17358,13.67,42,210
2026-07-30T03:01:01Z,7,28,17358,189.73,44,2820
2026-07-30T03:01:03Z,0,99,31754,358.07,66,2737
2026-07-30T03:01:03Z,1,99,31754,376.26,64,2887
2026-07-30T03:01:03Z,2,0,1,15.47,35,210
2026-07-30T03:01:03Z,3,0,1,17.77,33,210
2026-07-30T03:01:03Z,4,0,29902,15.90,32,210
2026-07-30T03:01:03Z,5,0,29900,16.36,34,210
2026-07-30T03:01:03Z,6,0,17358,11.59,42,210
2026-07-30T03:01:03Z,7,0,17358,95.11,42,2917
2026-07-30T03:01:04Z,0,100,31754,450.72,70,2602
2026-07-30T03:01:04Z,1,100,31754,430.40,68,2632
2026-07-30T03:01:04Z,2,0,1,14.09,35,210
2026-07-30T03:01:04Z,3,0,1,20.41,33,210
2026-07-30T03:01:04Z,4,0,29902,17.89,32,210
2026-07-30T03:01:04Z,5,0,29900,17.94,34,210
2026-07-30T03:01:04Z,6,0,17358,12.94,42,210
2026-07-30T03:01:04Z,7,0,17358,63.95,42,2430
2026-07-30T03:01:06Z,0,100,31754,461.15,72,2580
2026-07-30T03:01:06Z,1,99,31754,428.71,64,2887
2026-07-30T03:01:06Z,2,0,1,16.13,35,210
2026-07-30T03:01:06Z,3,0,1,17.02,33,210
2026-07-30T03:01:06Z,4,0,29902,16.35,32,202
2026-07-30T03:01:06Z,5,0,29900,15.51,34,210
2026-07-30T03:01:06Z,6,0,17358,10.41,42,210
2026-07-30T03:01:06Z,7,0,17358,65.73,42,2430
2026-07-30T03:01:07Z,0,90,31754,357.03,67,2767
2026-07-30T03:01:07Z,1,100,31754,378.77,71,2850
2026-07-30T03:01:07Z,2,0,1,14.86,35,210
2026-07-30T03:01:07Z,3,0,1,18.40,33,210
2026-07-30T03:01:07Z,4,0,29902,15.81,32,210
2026-07-30T03:01:07Z,5,0,29900,16.75,34,210
2026-07-30T03:01:07Z,6,0,17358,11.76,42,210
2026-07-30T03:01:07Z,7,0,17358,62.80,41,2430
2026-07-30T03:01:09Z,0,98,31754,362.26,72,2797
2026-07-30T03:01:09Z,1,99,31754,449.93,68,2310
2026-07-30T03:01:09Z,2,0,1,15.80,35,210
2026-07-30T03:01:09Z,3,0,1,17.79,33,210
2026-07-30T03:01:09Z,4,0,29902,18.57,32,210
2026-07-30T03:01:09Z,5,0,29900,14.44,34,210
2026-07-30T03:01:09Z,6,22,17358,310.27,45,2910
2026-07-30T03:01:09Z,7,0,17358,65.31,42,2430
2026-07-30T03:01:10Z,0,100,31754,450.62,71,2430
2026-07-30T03:01:10Z,1,100,31754,450.04,69,2610
2026-07-30T03:01:10Z,2,0,1,15.44,35,210
2026-07-30T03:01:10Z,3,0,1,16.96,33,210
2026-07-30T03:01:10Z,4,0,29902,15.26,32,210
2026-07-30T03:01:10Z,5,0,29900,15.28,34,210
2026-07-30T03:01:10Z,6,0,17358,94.90,44,2917
2026-07-30T03:01:10Z,7,0,17358,64.37,41,2430
2026-07-30T03:01:14Z,0,100,31754,375.30,73,2752
2026-07-30T03:01:14Z,1,88,31754,394.47,65,2857
2026-07-30T03:01:14Z,2,0,1,13.88,35,210
2026-07-30T03:01:14Z,3,0,1,17.09,33,210
2026-07-30T03:01:14Z,4,0,29902,16.57,32,210
2026-07-30T03:01:14Z,5,0,29900,17.87,34,210
2026-07-30T03:01:14Z,6,0,17358,67.04,43,2430
2026-07-30T03:01:14Z,7,0,17358,64.13,41,2430
2026-07-30T03:01:15Z,0,99,31754,425.68,65,2415
2026-07-30T03:01:15Z,1,100,31754,400.87,71,2895
2026-07-30T03:01:15Z,2,0,1,13.31,35,210
2026-07-30T03:01:15Z,3,0,1,19.91,33,210
2026-07-30T03:01:15Z,4,0,29902,17.38,32,210
2026-07-30T03:01:15Z,5,0,29900,17.54,34,210
2026-07-30T03:01:15Z,6,0,17358,68.84,43,2430
2026-07-30T03:01:15Z,7,0,17358,63.81,41,2430
2026-07-30T03:01:17Z,0,100,31754,417.59,73,2587
2026-07-30T03:01:17Z,1,100,31754,450.40,67,2437
2026-07-30T03:01:17Z,2,0,1,15.35,35,210
2026-07-30T03:01:17Z,3,0,1,17.24,33,210
2026-07-30T03:01:17Z,4,0,29902,16.20,32,210
2026-07-30T03:01:17Z,5,0,29900,15.45,34,210
2026-07-30T03:01:17Z,6,0,17358,66.75,43,2430
2026-07-30T03:01:17Z,7,0,17358,65.09,41,2430
2026-07-30T03:01:18Z,0,100,31754,450.24,71,2617
2026-07-30T03:01:18Z,1,100,31754,450.05,70,2617
2026-07-30T03:01:18Z,2,0,1,13.54,35,210
2026-07-30T03:01:18Z,3,0,1,17.78,33,210
2026-07-30T03:01:18Z,4,0,29902,15.51,32,210
2026-07-30T03:01:18Z,5,0,29900,18.39,34,210
2026-07-30T03:01:18Z,6,0,17358,68.83,43,2430
2026-07-30T03:01:18Z,7,0,17358,62.60,41,2430
2026-07-30T03:01:20Z,0,100,31754,449.80,72,2430
2026-07-30T03:01:20Z,1,100,31754,450.18,68,2602
2026-07-30T03:01:20Z,2,0,1,16.33,35,210
2026-07-30T03:01:20Z,3,0,1,16.96,33,210
2026-07-30T03:01:20Z,4,0,29902,18.07,32,210
2026-07-30T03:01:20Z,5,0,29900,14.60,34,210
2026-07-30T03:01:20Z,6,0,17358,68.48,43,2430
2026-07-30T03:01:20Z,7,0,17358,23.49,41,360
2026-07-30T03:01:21Z,0,100,31754,449.65,71,2557
2026-07-30T03:01:21Z,1,100,31754,449.76,69,2595
2026-07-30T03:01:21Z,2,0,1,15.43,35,210
2026-07-30T03:01:21Z,3,0,1,16.65,33,210
2026-07-30T03:01:21Z,4,0,29902,15.38,32,210
2026-07-30T03:01:21Z,5,0,29900,15.40,34,210
2026-07-30T03:01:21Z,6,0,17358,68.17,43,2430
2026-07-30T03:01:21Z,7,0,17358,14.69,40,210
2026-07-30T03:01:23Z,0,100,31754,449.95,71,2257
2026-07-30T03:01:23Z,1,99,31754,405.59,65,2857
2026-07-30T03:01:23Z,2,0,1,13.75,35,210
2026-07-30T03:01:23Z,3,0,1,19.35,33,202
2026-07-30T03:01:23Z,4,0,29902,17.52,32,210
2026-07-30T03:01:23Z,5,0,29900,17.17,34,210
2026-07-30T03:01:23Z,6,0,17358,69.21,43,2430
2026-07-30T03:01:23Z,7,0,17358,12.04,40,210
2026-07-30T03:01:24Z,0,87,31754,340.60,67,2760
2026-07-30T03:01:24Z,1,91,31754,381.84,67,2887
2026-07-30T03:01:24Z,2,0,1,14.90,35,210
2026-07-30T03:01:24Z,3,0,1,17.50,33,210
2026-07-30T03:01:24Z,4,0,29902,18.24,32,210
2026-07-30T03:01:24Z,5,0,29900,15.12,34,210
2026-07-30T03:01:24Z,6,0,17358,66.59,43,2430
2026-07-30T03:01:24Z,7,0,17358,14.19,40,210
2026-07-30T03:01:26Z,0,99,31754,372.83,66,2797
2026-07-30T03:01:26Z,1,100,31754,401.29,69,2887
2026-07-30T03:01:26Z,2,0,1,14.03,35,210
2026-07-30T03:01:26Z,3,0,1,19.63,33,210
2026-07-30T03:01:26Z,4,0,29902,17.62,32,210
2026-07-30T03:01:26Z,5,0,29900,18.13,34,210
2026-07-30T03:01:26Z,6,0,17358,68.71,43,2430
2026-07-30T03:01:26Z,7,0,17358,321.22,43,2910
2026-07-30T03:01:27Z,0,99,31754,343.35,66,2797
2026-07-30T03:01:27Z,1,100,31754,449.74,68,2415
2026-07-30T03:01:27Z,2,0,1,15.87,35,210
2026-07-30T03:01:27Z,3,0,1,19.64,33,210
2026-07-30T03:01:27Z,4,0,29902,18.37,32,210
2026-07-30T03:01:27Z,5,0,29900,15.38,34,210
2026-07-30T03:01:27Z,6,0,17358,28.27,42,345
2026-07-30T03:01:27Z,7,0,17358,96.69,42,2917
2026-07-30T03:01:31Z,0,99,31754,339.24,66,2797
2026-07-30T03:01:31Z,1,100,31754,449.82,68,2602
2026-07-30T03:01:31Z,2,0,1,15.83,35,210
2026-07-30T03:01:31Z,3,0,1,17.19,33,210
2026-07-30T03:01:31Z,4,0,29902,18.06,32,210
2026-07-30T03:01:31Z,5,0,29900,15.48,34,210
2026-07-30T03:01:31Z,6,0,17358,12.51,42,210
2026-07-30T03:01:31Z,7,0,17358,66.41,41,2430
2026-07-30T03:01:32Z,0,100,31754,454.05,72,2587
2026-07-30T03:01:32Z,1,99,31754,405.45,64,2887
2026-07-30T03:01:32Z,2,0,1,14.31,35,210
2026-07-30T03:01:32Z,3,0,1,17.08,33,210
2026-07-30T03:01:32Z,4,0,29902,17.13,32,210
2026-07-30T03:01:32Z,5,0,29900,16.82,34,210
2026-07-30T03:01:32Z,6,100,17358,57.67,52,1792
2026-07-30T03:01:32Z,7,0,17358,63.84,41,2430
2026-07-30T03:01:34Z,0,100,31754,370.52,73,2767
2026-07-30T03:01:34Z,1,99,31754,403.62,65,2865
2026-07-30T03:01:34Z,2,0,1,13.96,35,210
2026-07-30T03:01:34Z,3,0,1,19.65,33,210
2026-07-30T03:01:34Z,4,0,29902,19.19,32,210
2026-07-30T03:01:34Z,5,0,29900,17.12,34,210
2026-07-30T03:01:34Z,6,0,17358,125.71,44,2917
2026-07-30T03:01:34Z,7,0,17358,64.59,41,2430
2026-07-30T03:01:35Z,0,100,31754,431.08,67,2295
2026-07-30T03:01:35Z,1,100,31754,456.55,69,2595
2026-07-30T03:01:35Z,2,0,1,17.00,35,210
2026-07-30T03:01:35Z,3,0,1,16.91,33,202
2026-07-30T03:01:35Z,4,0,29902,17.90,32,210
2026-07-30T03:01:35Z,5,0,29900,15.09,34,210
2026-07-30T03:01:35Z,6,0,17358,76.90,43,2430
2026-07-30T03:01:35Z,7,0,17358,65.34,41,2430
2026-07-30T03:01:37Z,0,100,31954,455.15,72,2572
2026-07-30T03:01:37Z,1,100,31754,450.02,68,2610
2026-07-30T03:01:37Z,2,0,1,12.81,35,210
2026-07-30T03:01:37Z,3,0,1,18.18,33,210
2026-07-30T03:01:37Z,4,0,29902,16.47,32,210
2026-07-30T03:01:37Z,5,0,29900,17.30,34,210
2026-07-30T03:01:37Z,6,0,17358,70.09,43,2430
2026-07-30T03:01:37Z,7,0,17358,62.82,41,2430
2026-07-30T03:01:38Z,0,100,31954,449.56,73,2587
2026-07-30T03:01:38Z,1,100,31754,449.91,69,2610
2026-07-30T03:01:38Z,2,0,1,14.18,35,210
2026-07-30T03:01:38Z,3,0,1,18.65,33,210
2026-07-30T03:01:38Z,4,0,29902,18.54,32,210
2026-07-30T03:01:38Z,5,0,29900,16.16,34,210
2026-07-30T03:01:38Z,6,0,17358,67.57,43,2430
2026-07-30T03:01:38Z,7,0,17358,65.35,41,2430
2026-07-30T03:01:40Z,0,100,31954,450.04,72,2587
2026-07-30T03:01:40Z,1,100,31754,449.84,69,2527
2026-07-30T03:01:40Z,2,0,1,13.49,35,210
2026-07-30T03:01:40Z,3,0,1,17.09,33,210
2026-07-30T03:01:40Z,4,0,29902,15.76,32,210
2026-07-30T03:01:40Z,5,0,29900,17.17,34,210
2026-07-30T03:01:40Z,6,0,17358,68.01,43,2430
2026-07-30T03:01:40Z,7,0,17358,63.44,41,2430
2026-07-30T03:01:41Z,0,100,31954,449.49,72,2587
2026-07-30T03:01:41Z,1,100,31754,450.23,68,2340
2026-07-30T03:01:41Z,2,0,1,14.01,35,210
2026-07-30T03:01:41Z,3,0,1,19.80,33,202
2026-07-30T03:01:41Z,4,0,29902,16.40,32,210
2026-07-30T03:01:41Z,5,0,29900,17.24,34,210
2026-07-30T03:01:41Z,6,0,17358,68.84,43,2430
2026-07-30T03:01:41Z,7,0,17358,65.01,41,2430
2026-07-30T03:01:43Z,0,99,31954,423.44,67,2505
2026-07-30T03:01:43Z,1,100,31754,450.05,68,2595
2026-07-30T03:01:43Z,2,0,1,16.13,35,210
2026-07-30T03:01:43Z,3,0,1,16.91,33,210
2026-07-30T03:01:43Z,4,0,29902,15.24,32,210
2026-07-30T03:01:43Z,5,0,29900,16.65,34,210
2026-07-30T03:01:43Z,6,0,17358,66.54,43,2430
2026-07-30T03:01:43Z,7,0,17358,54.46,41,472
2026-07-30T03:01:44Z,0,89,31954,344.37,67,2760
2026-07-30T03:01:44Z,1,99,31754,414.54,65,2842
2026-07-30T03:01:44Z,2,0,1,13.44,35,210
2026-07-30T03:01:44Z,3,0,1,19.54,33,210
2026-07-30T03:01:44Z,4,0,29902,15.87,32,210
2026-07-30T03:01:44Z,5,0,29900,18.64,34,210
2026-07-30T03:01:44Z,6,0,17358,69.94,43,2430
2026-07-30T03:01:44Z,7,0,17358,23.22,41,360
2026-07-30T03:01:48Z,0,100,31954,434.14,73,2640
2026-07-30T03:01:48Z,1,89,31754,365.49,63,2887
2026-07-30T03:01:48Z,2,0,1,13.13,35,210
2026-07-30T03:01:48Z,3,0,1,20.31,33,210
2026-07-30T03:01:48Z,4,0,29902,17.22,32,210
2026-07-30T03:01:48Z,5,0,29900,17.84,34,210
2026-07-30T03:01:48Z,6,0,17358,69.47,43,2430
2026-07-30T03:01:48Z,7,100,17358,179.15,50,2032
2026-07-30T03:01:49Z,0,100,31954,449.05,72,2752
2026-07-30T03:01:49Z,1,100,31754,450.37,68,2610
2026-07-30T03:01:49Z,2,0,1,15.65,35,210
2026-07-30T03:01:49Z,3,0,1,19.47,33,210
2026-07-30T03:01:49Z,4,0,29902,18.09,32,210
2026-07-30T03:01:49Z,5,0,29900,16.71,34,210
2026-07-30T03:01:49Z,6,0,17358,67.00,43,2430
2026-07-30T03:01:49Z,7,0,17358,96.80,42,2917
2026-07-30T03:01:51Z,0,99,31954,442.24,68,2347
2026-07-30T03:01:51Z,1,100,31754,450.75,69,2595
2026-07-30T03:01:51Z,2,0,1,13.72,35,210
2026-07-30T03:01:51Z,3,0,1,17.58,33,210
2026-07-30T03:01:51Z,4,0,29902,15.01,32,210
2026-07-30T03:01:51Z,5,0,29900,18.31,34,210
2026-07-30T03:01:51Z,6,0,17358,28.19,42,345
2026-07-30T03:01:51Z,7,0,17358,63.99,42,2430
2026-07-30T03:01:52Z,0,99,31954,372.15,67,2752
2026-07-30T03:01:52Z,1,100,31754,449.59,70,2602
2026-07-30T03:01:52Z,2,0,1,15.05,35,210
2026-07-30T03:01:52Z,3,0,1,18.90,33,210
2026-07-30T03:01:52Z,4,0,29902,16.52,32,210
2026-07-30T03:01:52Z,5,0,29900,17.83,34,210
2026-07-30T03:01:52Z,6,0,17358,15.06,42,210
2026-07-30T03:01:52Z,7,0,17358,64.73,41,2430
2026-07-30T03:01:54Z,0,100,31954,375.81,73,2782
2026-07-30T03:01:54Z,1,99,31754,422.45,65,2887
2026-07-30T03:01:54Z,2,0,1,15.31,35,210
2026-07-30T03:01:54Z,3,0,1,17.63,33,210
2026-07-30T03:01:54Z,4,0,29902,15.99,32,210
2026-07-30T03:01:54Z,5,0,29900,16.09,34,210
2026-07-30T03:01:54Z,6,0,17358,11.96,42,210
2026-07-30T03:01:54Z,7,0,17358,64.94,41,2430
2026-07-30T03:01:55Z,0,63,31954,436.33,73,2280
2026-07-30T03:01:55Z,1,100,31754,450.20,70,2610
2026-07-30T03:01:55Z,2,0,1,13.96,35,210
2026-07-30T03:01:55Z,3,0,1,18.06,33,210
2026-07-30T03:01:55Z,4,0,29902,16.08,32,210
2026-07-30T03:01:55Z,5,0,29900,18.91,34,210
2026-07-30T03:01:55Z,6,0,17358,12.63,42,210
2026-07-30T03:01:55Z,7,0,17358,63.64,41,2430
2026-07-30T03:01:57Z,0,100,31954,450.58,72,2595
2026-07-30T03:01:57Z,1,99,31754,428.43,65,2805
2026-07-30T03:01:57Z,2,0,1,15.71,35,210
2026-07-30T03:01:57Z,3,0,1,17.97,33,210
2026-07-30T03:01:57Z,4,0,29902,17.42,32,210
2026-07-30T03:01:57Z,5,0,29900,14.73,34,210
2026-07-30T03:01:57Z,6,100,17358,105.04,53,1957
2026-07-30T03:01:57Z,7,0,17358,65.92,41,2430
2026-07-30T03:01:58Z,0,100,31954,450.23,73,2580
2026-07-30T03:01:58Z,1,99,31754,404.31,65,2880
2026-07-30T03:01:58Z,2,0,1,13.65,35,210
2026-07-30T03:01:58Z,3,0,1,17.52,33,210
2026-07-30T03:01:58Z,4,0,29902,16.83,32,210
2026-07-30T03:01:58Z,5,0,29900,17.77,34,210
2026-07-30T03:01:58Z,6,0,17358,102.85,44,2917
2026-07-30T03:01:58Z,7,0,17358,63.14,41,2430
2026-07-30T03:02:00Z,0,100,31954,450.56,73,2587
2026-07-30T03:02:00Z,1,100,31754,443.21,69,2625
2026-07-30T03:02:00Z,2,0,1,14.67,35,210
2026-07-30T03:02:00Z,3,0,1,19.11,33,210
2026-07-30T03:02:00Z,4,0,29902,18.63,32,210
2026-07-30T03:02:00Z,5,0,29900,16.48,34,210
2026-07-30T03:02:00Z,6,0,17358,78.65,43,2430
2026-07-30T03:02:00Z,7,0,17358,65.83,41,2430
2026-07-30T03:02:01Z,0,96,31954,379.60,68,2797
2026-07-30T03:02:01Z,1,88,31754,439.80,68,2865
2026-07-30T03:02:01Z,2,0,1,15.19,35,210
2026-07-30T03:02:01Z,3,0,1,16.65,33,210
2026-07-30T03:02:01Z,4,0,29902,17.83,32,210
2026-07-30T03:02:01Z,5,0,29900,15.68,34,210
2026-07-30T03:02:01Z,6,0,17358,67.52,43,2430
2026-07-30T03:02:01Z,7,0,17358,64.52,41,2430
2026-07-30T03:02:05Z,0,100,31954,449.74,73,2580
2026-07-30T03:02:05Z,1,100,31754,443.71,70,2617
2026-07-30T03:02:05Z,2,0,1,15.74,35,202
2026-07-30T03:02:05Z,3,0,1,16.06,33,210
2026-07-30T03:02:05Z,4,0,29902,15.55,32,210
2026-07-30T03:02:05Z,5,0,29900,15.21,34,210
2026-07-30T03:02:05Z,6,0,17358,66.82,43,2430
2026-07-30T03:02:05Z,7,0,17358,65.09,41,2430
2026-07-30T03:02:06Z,0,97,31954,397.62,66,2797
2026-07-30T03:02:06Z,1,99,31754,439.36,65,2797
2026-07-30T03:02:06Z,2,0,1,14.65,35,210
2026-07-30T03:02:06Z,3,0,1,17.28,33,210
2026-07-30T03:02:06Z,4,0,29902,15.77,32,210
2026-07-30T03:02:06Z,5,0,29900,17.36,34,210
2026-07-30T03:02:06Z,6,0,17358,69.42,43,2430
2026-07-30T03:02:06Z,7,0,17358,23.31,41,360
2026-07-30T03:02:08Z,0,100,31954,450.62,72,2535
2026-07-30T03:02:08Z,1,100,31754,446.22,70,2625
2026-07-30T03:02:08Z,2,0,1,16.54,35,210
2026-07-30T03:02:08Z,3,0,1,15.90,33,210
2026-07-30T03:02:08Z,4,0,29902,17.23,32,210
2026-07-30T03:02:08Z,5,0,29900,15.74,34,210
2026-07-30T03:02:08Z,6,0,17358,66.46,43,2430
2026-07-30T03:02:08Z,7,0,17358,14.99,40,210
2026-07-30T03:02:10Z,0,100,31954,449.69,72,2580
2026-07-30T03:02:10Z,1,100,31754,449.92,70,2662
2026-07-30T03:02:10Z,2,0,1,13.61,35,210
2026-07-30T03:02:10Z,3,0,1,16.38,33,210
2026-07-30T03:02:10Z,4,0,29902,15.89,32,210
2026-07-30T03:02:10Z,5,0,29900,17.40,34,210
2026-07-30T03:02:10Z,6,0,17358,68.42,43,2430
2026-07-30T03:02:10Z,7,0,17358,12.85,40,210
2026-07-30T03:02:11Z,0,100,31954,449.56,73,2595
2026-07-30T03:02:11Z,1,82,31754,444.13,68,2362
2026-07-30T03:02:11Z,2,0,1,15.31,35,202
2026-07-30T03:02:11Z,3,0,1,18.55,33,210
2026-07-30T03:02:11Z,4,0,29902,18.15,32,210
2026-07-30T03:02:11Z,5,0,29900,14.88,34,210
2026-07-30T03:02:11Z,6,0,17358,67.91,43,2430
2026-07-30T03:02:11Z,7,18,17358,14.73,47,420
2026-07-30T03:02:13Z,0,100,31954,449.97,72,2572
2026-07-30T03:02:13Z,1,76,31854,361.33,68,2895
2026-07-30T03:02:13Z,2,0,1,15.13,35,210
2026-07-30T03:02:13Z,3,0,1,17.41,33,210
2026-07-30T03:02:13Z,4,0,29902,15.54,32,210
2026-07-30T03:02:13Z,5,0,29900,17.20,34,210
2026-07-30T03:02:13Z,6,0,17358,67.37,43,2430
2026-07-30T03:02:13Z,7,0,17358,166.47,42,2917
2026-07-30T03:02:14Z,0,100,31954,450.08,73,2662
2026-07-30T03:02:14Z,1,100,31854,450.38,69,2602
2026-07-30T03:02:14Z,2,0,1,13.49,35,210
2026-07-30T03:02:14Z,3,0,1,18.37,33,210
2026-07-30T03:02:14Z,4,0,29902,17.43,32,210
2026-07-30T03:02:14Z,5,0,29900,17.32,34,210
2026-07-30T03:02:14Z,6,0,17358,69.38,43,2430
2026-07-30T03:02:14Z,7,0,17358,79.95,42,2452
2026-07-30T03:02:16Z,0,99,31954,428.89,68,2797
2026-07-30T03:02:16Z,1,59,31854,398.61,66,2887
2026-07-30T03:02:16Z,2,0,1,15.94,35,210
2026-07-30T03:02:16Z,3,0,1,18.32,33,210
2026-07-30T03:02:16Z,4,0,29902,16.00,32,210
2026-07-30T03:02:16Z,5,0,29900,14.79,34,210
2026-07-30T03:02:16Z,6,0,17358,37.19,42,390
2026-07-30T03:02:16Z,7,0,17358,65.17,41,2430
2026-07-30T03:02:17Z,0,100,31954,385.64,74,2797
2026-07-30T03:02:17Z,1,100,31854,445.75,70,2625
2026-07-30T03:02:17Z,2,0,1,14.53,35,202
2026-07-30T03:02:17Z,3,0,1,18.94,33,210
2026-07-30T03:02:17Z,4,0,29902,16.80,32,210
2026-07-30T03:02:17Z,5,0,29900,18.41,34,210
2026-07-30T03:02:17Z,6,0,17358,13.46,42,210
2026-07-30T03:02:17Z,7,0,17358,62.64,41,2430
2026-07-30T03:02:18Z,0,100,31954,450.42,71,2452
2026-07-30T03:02:18Z,1,100,31854,449.45,70,2700
2026-07-30T03:02:18Z,2,0,1,16.35,35,210
2026-07-30T03:02:18Z,3,0,1,18.94,33,210
2026-07-30T03:02:18Z,4,0,29902,17.52,32,210
2026-07-30T03:02:18Z,5,0,29900,16.00,34,210
2026-07-30T03:02:18Z,6,0,17358,13.08,42,210
2026-07-30T03:02:18Z,7,0,17358,65.30,41,2430
2026-07-30T03:02:22Z,0,100,31954,444.53,74,2760
2026-07-30T03:02:22Z,1,99,31854,432.20,65,2895
2026-07-30T03:02:22Z,2,0,1,14.88,35,210
2026-07-30T03:02:22Z,3,0,1,18.43,33,210
2026-07-30T03:02:22Z,4,0,29902,18.30,32,210
2026-07-30T03:02:22Z,5,0,29900,16.29,34,210
2026-07-30T03:02:22Z,6,0,17358,12.33,42,210
2026-07-30T03:02:22Z,7,0,17358,65.52,41,2430
2026-07-30T03:02:24Z,0,99,31954,450.32,71,2250
2026-07-30T03:02:24Z,1,100,31854,457.86,70,2602
2026-07-30T03:02:24Z,2,0,1,13.44,35,210
2026-07-30T03:02:24Z,3,0,1,16.43,33,210
2026-07-30T03:02:24Z,4,0,29902,14.96,32,210
2026-07-30T03:02:24Z,5,0,29900,15.59,34,210
2026-07-30T03:02:24Z,6,0,17358,11.69,42,210
2026-07-30T03:02:24Z,7,0,17358,64.04,41,2430
2026-07-30T03:02:25Z,0,100,31954,450.19,72,2467
2026-07-30T03:02:25Z,1,100,31854,450.14,69,2625
2026-07-30T03:02:25Z,2,0,1,13.73,35,210
2026-07-30T03:02:25Z,3,0,1,19.50,33,210
2026-07-30T03:02:25Z,4,0,29902,16.31,32,210
2026-07-30T03:02:25Z,5,0,29900,16.58,34,210
2026-07-30T03:02:25Z,6,0,17358,12.33,42,210
2026-07-30T03:02:25Z,7,0,17358,63.36,41,2430
2026-07-30T03:02:27Z,0,100,31954,450.45,72,2587
2026-07-30T03:02:27Z,1,99,31854,438.46,65,2887
2026-07-30T03:02:27Z,2,0,1,15.84,35,210
2026-07-30T03:02:27Z,3,0,1,18.36,33,210
2026-07-30T03:02:27Z,4,0,29902,18.32,32,210
2026-07-30T03:02:27Z,5,0,29900,15.54,34,210
2026-07-30T03:02:27Z,6,0,17358,12.52,42,210
2026-07-30T03:02:27Z,7,0,17358,65.59,41,2430
2026-07-30T03:02:28Z,0,77,31954,374.00,70,2730
2026-07-30T03:02:28Z,1,89,31854,400.20,65,2827
2026-07-30T03:02:28Z,2,0,1,13.35,35,210
2026-07-30T03:02:28Z,3,0,1,18.97,33,210
2026-07-30T03:02:28Z,4,0,29902,16.21,32,210
2026-07-30T03:02:28Z,5,0,29900,17.32,34,210
2026-07-30T03:02:28Z,6,95,17358,233.74,47,2085
2026-07-30T03:02:28Z,7,0,17358,62.72,41,2430
2026-07-30T03:02:30Z,0,100,31954,461.96,73,2587
2026-07-30T03:02:30Z,1,100,31854,436.64,70,2857
2026-07-30T03:02:30Z,2,0,1,16.41,35,210
2026-07-30T03:02:30Z,3,0,1,19.72,33,210
2026-07-30T03:02:30Z,4,0,29902,19.28,32,210
2026-07-30T03:02:30Z,5,0,29900,16.09,34,210
2026-07-30T03:02:30Z,6,0,17358,95.40,44,2910
2026-07-30T03:02:30Z,7,0,17358,65.25,41,2430
2026-07-30T03:02:31Z,0,99,31954,413.04,68,2737
2026-07-30T03:02:31Z,1,100,31854,450.30,68,2302
2026-07-30T03:02:31Z,2,0,1,15.39,35,210
2026-07-30T03:02:31Z,3,0,1,16.60,33,210
2026-07-30T03:02:31Z,4,0,29902,14.86,32,210
2026-07-30T03:02:31Z,5,0,29900,15.91,34,210
2026-07-30T03:02:31Z,6,0,17358,67.74,43,2430
2026-07-30T03:02:31Z,7,0,17358,25.87,41,360
2026-07-30T03:02:33Z,0,100,31954,456.58,73,2595
2026-07-30T03:02:33Z,1,89,31854,385.50,69,2887
2026-07-30T03:02:33Z,2,0,1,14.04,35,210
2026-07-30T03:02:33Z,3,0,1,18.29,33,210
2026-07-30T03:02:33Z,4,0,29902,18.28,32,210
2026-07-30T03:02:33Z,5,0,29900,17.98,34,210
2026-07-30T03:02:33Z,6,0,17358,68.99,43,2430
2026-07-30T03:02:33Z,7,0,17358,12.88,40,210
2026-07-30T03:02:34Z,0,100,31954,391.78,73,2797
2026-07-30T03:02:34Z,1,100,31854,450.42,67,2490
2026-07-30T03:02:34Z,2,0,1,16.62,35,210
2026-07-30T03:02:34Z,3,0,1,17.59,33,210
2026-07-30T03:02:34Z,4,0,29902,16.65,32,210
2026-07-30T03:02:34Z,5,0,29900,15.15,34,210
2026-07-30T03:02:34Z,6,0,17358,66.74,43,2430
2026-07-30T03:02:34Z,7,100,17358,94.37,51,1380
2026-07-30T03:02:35Z,0,99,31954,450.16,72,2370
2026-07-30T03:02:35Z,1,99,31854,420.58,65,2887
2026-07-30T03:02:35Z,2,0,1,13.89,35,210
2026-07-30T03:02:35Z,3,0,1,18.47,33,210
2026-07-30T03:02:35Z,4,0,29902,15.81,32,210
2026-07-30T03:02:35Z,5,0,29900,18.30,34,210
2026-07-30T03:02:35Z,6,0,17358,68.84,43,2430
2026-07-30T03:02:35Z,7,0,17358,97.25,42,2917
2026-07-30T03:02:39Z,0,99,31954,439.49,68,2595
2026-07-30T03:02:39Z,1,100,31854,450.39,70,2610
2026-07-30T03:02:39Z,2,0,1,14.10,35,210
2026-07-30T03:02:39Z,3,0,1,16.97,33,210
2026-07-30T03:02:39Z,4,0,29902,15.42,32,210
2026-07-30T03:02:39Z,5,0,29900,17.02,34,210
2026-07-30T03:02:39Z,6,0,17358,68.89,43,2430
2026-07-30T03:02:39Z,7,0,17358,62.97,41,2430
2026-07-30T03:02:41Z,0,99,31954,375.84,71,2797
2026-07-30T03:02:41Z,1,86,31854,403.79,65,2872
2026-07-30T03:02:41Z,2,0,1,16.58,35,210
2026-07-30T03:02:41Z,3,0,1,19.66,33,210
2026-07-30T03:02:41Z,4,0,29902,17.05,32,210
2026-07-30T03:02:41Z,5,0,29900,16.00,34,210
2026-07-30T03:02:41Z,6,0,17358,68.86,43,2430
2026-07-30T03:02:41Z,7,0,17358,65.43,41,2430
2026-07-30T03:02:42Z,0,100,31954,377.20,73,2797
2026-07-30T03:02:42Z,1,100,31854,466.33,69,2595
2026-07-30T03:02:42Z,2,0,1,15.26,35,210
2026-07-30T03:02:42Z,3,0,1,16.87,33,210
2026-07-30T03:02:42Z,4,0,29902,16.79,32,210
2026-07-30T03:02:42Z,5,0,29900,17.31,34,210
2026-07-30T03:02:42Z,6,0,17358,68.30,43,2430
2026-07-30T03:02:42Z,7,0,17358,63.96,41,2430
2026-07-30T03:02:43Z,0,100,31954,450.41,71,2497
2026-07-30T03:02:43Z,1,99,31854,425.65,63,2887
2026-07-30T03:02:43Z,2,0,1,15.25,35,210
2026-07-30T03:02:43Z,3,0,1,19.75,33,210
2026-07-30T03:02:43Z,4,0,29902,16.12,32,202
2026-07-30T03:02:43Z,5,0,29900,17.66,34,210
2026-07-30T03:02:43Z,6,0,17358,69.90,43,2430
2026-07-30T03:02:43Z,7,0,17358,63.83,41,2430
2026-07-30T03:02:45Z,0,100,31954,449.91,73,2595
2026-07-30T03:02:45Z,1,93,31854,415.79,69,2872
2026-07-30T03:02:45Z,2,0,1,16.72,35,210
2026-07-30T03:02:45Z,3,0,1,17.39,33,210
2026-07-30T03:02:45Z,4,0,29902,17.87,32,210
2026-07-30T03:02:45Z,5,0,29900,15.40,34,210
2026-07-30T03:02:45Z,6,0,17358,67.11,43,2430
2026-07-30T03:02:45Z,7,0,17358,64.96,41,2430
2026-07-30T03:02:46Z,0,100,31954,449.59,73,2572
2026-07-30T03:02:46Z,1,100,31854,450.28,68,2347
2026-07-30T03:02:46Z,2,0,1,14.10,35,210
2026-07-30T03:02:46Z,3,0,1,17.94,33,210
2026-07-30T03:02:46Z,4,0,29902,16.02,32,210
2026-07-30T03:02:46Z,5,0,29900,16.74,34,210
2026-07-30T03:02:46Z,6,0,17358,46.32,42,397
2026-07-30T03:02:46Z,7,0,17358,62.66,41,2430
2026-07-30T03:02:48Z,0,99,31954,385.61,67,2797
2026-07-30T03:02:48Z,1,100,31854,454.84,70,2610
2026-07-30T03:02:48Z,2,0,1,16.75,35,210
2026-07-30T03:02:48Z,3,0,1,17.34,33,210
2026-07-30T03:02:48Z,4,0,29902,18.55,32,210
2026-07-30T03:02:48Z,5,0,29900,15.59,34,210
2026-07-30T03:02:48Z,6,0,17358,14.12,42,210
2026-07-30T03:02:48Z,7,0,17358,65.73,41,2430
2026-07-30T03:02:49Z,0,100,31954,450.61,71,2595
2026-07-30T03:02:49Z,1,100,31854,449.83,70,2625
2026-07-30T03:02:49Z,2,0,1,14.82,35,210
2026-07-30T03:02:49Z,3,0,1,16.90,33,210
2026-07-30T03:02:49Z,4,0,29902,17.40,32,202
2026-07-30T03:02:49Z,5,0,29900,15.19,34,210
2026-07-30T03:02:49Z,6,0,17358,12.44,42,210
2026-07-30T03:02:49Z,7,0,17358,63.27,41,2430
2026-07-30T03:02:51Z,0,99,31954,389.62,67,2797
2026-07-30T03:02:51Z,1,99,31854,425.21,65,2745
2026-07-30T03:02:51Z,2,0,1,14.23,35,210
2026-07-30T03:02:51Z,3,0,1,19.12,33,210
2026-07-30T03:02:51Z,4,0,29902,18.38,32,210
2026-07-30T03:02:51Z,5,0,29900,16.87,34,210
2026-07-30T03:02:51Z,6,0,17358,13.32,42,210
2026-07-30T03:02:51Z,7,0,17358,64.31,41,2430
2026-07-30T03:02:53Z,0,100,31954,399.94,74,2790
2026-07-30T03:02:53Z,1,100,31854,443.51,70,2737
2026-07-30T03:02:53Z,2,0,1,14.98,35,210
2026-07-30T03:02:53Z,3,0,1,18.32,33,210
2026-07-30T03:02:53Z,4,0,29902,18.61,32,210
2026-07-30T03:02:53Z,5,0,29900,14.65,34,210
2026-07-30T03:02:53Z,6,0,17358,12.78,42,210
2026-07-30T03:02:53Z,7,0,17358,24.59,41,360
2026-07-30T03:02:56Z,0,99,31954,413.35,71,2797
2026-07-30T03:02:56Z,1,99,31854,432.72,65,2887
2026-07-30T03:02:56Z,2,0,1,16.33,35,210
2026-07-30T03:02:56Z,3,0,1,15.89,32,210
2026-07-30T03:02:56Z,4,0,29902,16.37,32,210
2026-07-30T03:02:56Z,5,0,29900,14.95,34,210
2026-07-30T03:02:56Z,6,0,17358,87.46,43,2647
2026-07-30T03:02:56Z,7,0,17358,13.79,40,210
2026-07-30T03:02:58Z,0,99,31954,385.11,67,2797
2026-07-30T03:02:58Z,1,100,31854,453.73,70,2602
2026-07-30T03:02:58Z,2,0,1,13.07,35,210
2026-07-30T03:02:58Z,3,0,1,19.92,33,210
2026-07-30T03:02:58Z,4,0,29902,17.77,32,210
2026-07-30T03:02:58Z,5,0,29900,16.96,34,210
2026-07-30T03:02:58Z,6,0,17358,69.86,43,2430
2026-07-30T03:02:58Z,7,0,17358,12.42,40,210
2026-07-30T03:02:59Z,0,100,31954,423.48,73,2670
2026-07-30T03:02:59Z,1,99,31854,438.17,65,2895
2026-07-30T03:02:59Z,2,0,1,14.80,35,210
2026-07-30T03:02:59Z,3,0,1,18.89,33,210
2026-07-30T03:02:59Z,4,0,29902,18.31,32,210
2026-07-30T03:02:59Z,5,0,29900,14.05,34,210
2026-07-30T03:02:59Z,6,0,17358,68.27,43,2430
2026-07-30T03:02:59Z,7,0,17358,13.50,40,210
2026-07-30T03:03:01Z,0,100,31954,450.11,73,2527
2026-07-30T03:03:01Z,1,99,31854,406.97,65,2895
2026-07-30T03:03:01Z,2,0,1,14.30,35,210
2026-07-30T03:03:01Z,3,0,1,17.90,33,210
2026-07-30T03:03:01Z,4,0,29902,16.02,32,210
2026-07-30T03:03:01Z,5,0,29900,18.08,34,210
2026-07-30T03:03:01Z,6,0,17358,68.87,43,2430
2026-07-30T03:03:01Z,7,0,17358,249.97,42,2910
2026-07-30T03:03:02Z,0,100,31954,450.33,71,2317
2026-07-30T03:03:02Z,1,100,31854,451.29,68,2565
2026-07-30T03:03:02Z,2,0,1,14.00,35,210
2026-07-30T03:03:02Z,3,0,1,19.15,33,210
2026-07-30T03:03:02Z,4,0,29902,17.85,32,210
2026-07-30T03:03:02Z,5,0,29900,15.40,34,210
2026-07-30T03:03:02Z,6,0,17358,69.32,43,2430
2026-07-30T03:03:02Z,7,0,17358,83.88,41,2430
2026-07-30T03:03:04Z,0,99,31954,334.11,67,2745
2026-07-30T03:03:04Z,1,99,31854,409.41,65,2895
2026-07-30T03:03:04Z,2,0,1,15.11,35,210
2026-07-30T03:03:04Z,3,0,1,17.71,32,210
2026-07-30T03:03:04Z,4,0,29902,17.08,32,210
2026-07-30T03:03:04Z,5,0,29900,15.65,34,210
2026-07-30T03:03:04Z,6,0,17358,67.48,43,2430
2026-07-30T03:03:04Z,7,0,17358,64.92,41,2430
2026-07-30T03:03:05Z,0,76,31954,356.78,67,2767
2026-07-30T03:03:05Z,1,100,31854,461.89,69,2595
2026-07-30T03:03:05Z,2,0,1,13.75,35,210
2026-07-30T03:03:05Z,3,0,1,18.71,33,210
2026-07-30T03:03:05Z,4,0,29902,16.78,32,210
2026-07-30T03:03:05Z,5,0,29900,17.60,34,210
2026-07-30T03:03:05Z,6,0,17358,70.06,43,2430
2026-07-30T03:03:05Z,7,0,17358,63.57,41,2430
2026-07-30T03:03:07Z,0,100,31954,417.46,74,2760
2026-07-30T03:03:07Z,1,100,31854,449.87,70,2610
2026-07-30T03:03:07Z,2,0,1,16.08,35,210
2026-07-30T03:03:07Z,3,0,1,16.66,33,210
2026-07-30T03:03:07Z,4,0,29902,17.25,32,210
2026-07-30T03:03:07Z,5,0,29900,15.43,34,210
2026-07-30T03:03:07Z,6,0,17358,67.60,43,2430
2026-07-30T03:03:07Z,7,0,17358,66.35,41,2430
2026-07-30T03:03:08Z,0,99,31954,449.60,71,2287
2026-07-30T03:03:08Z,1,99,31854,440.00,65,2602
2026-07-30T03:03:08Z,2,0,1,14.93,35,210
2026-07-30T03:03:08Z,3,0,1,16.85,33,210
2026-07-30T03:03:08Z,4,0,29902,16.08,32,210
2026-07-30T03:03:08Z,5,0,29900,17.73,34,210
2026-07-30T03:03:08Z,6,0,17358,69.09,43,2430
2026-07-30T03:03:08Z,7,0,17358,63.38,41,2430
2026-07-30T03:03:10Z,0,100,31954,449.82,73,2602
2026-07-30T03:03:10Z,1,100,31854,452.46,70,2617
2026-07-30T03:03:10Z,2,0,1,14.56,35,210
2026-07-30T03:03:10Z,3,0,1,20.15,32,210
2026-07-30T03:03:10Z,4,0,29902,18.30,32,210
2026-07-30T03:03:10Z,5,0,29900,17.42,34,210
2026-07-30T03:03:10Z,6,0,17358,69.29,43,2430
2026-07-30T03:03:10Z,7,0,17358,65.02,41,2430
2026-07-30T03:03:13Z,0,100,31954,443.27,73,2385
2026-07-30T03:03:13Z,1,99,31854,415.27,70,2767
2026-07-30T03:03:13Z,2,0,1,13.81,35,210
2026-07-30T03:03:13Z,3,0,1,18.84,32,210
2026-07-30T03:03:13Z,4,0,29902,17.49,32,210
2026-07-30T03:03:13Z,5,0,29900,16.59,34,210
2026-07-30T03:03:13Z,6,0,17358,28.77,42,345
2026-07-30T03:03:13Z,7,0,17358,65.30,41,2430
2026-07-30T03:03:15Z,0,100,31954,450.61,71,2415
2026-07-30T03:03:15Z,1,99,31854,430.84,65,2805
2026-07-30T03:03:15Z,2,0,1,15.45,35,210
2026-07-30T03:03:15Z,3,0,1,17.14,32,210
2026-07-30T03:03:15Z,4,0,29902,16.75,32,210
2026-07-30T03:03:15Z,5,0,29900,17.42,34,210
2026-07-30T03:03:15Z,6,0,17358,12.58,42,210
2026-07-30T03:03:15Z,7,0,17358,65.00,41,2430
2026-07-30T03:03:16Z,0,100,31954,425.32,74,2692
2026-07-30T03:03:16Z,1,100,31854,451.22,70,2617
2026-07-30T03:03:16Z,2,0,1,12.85,35,210
2026-07-30T03:03:16Z,3,0,1,18.15,33,210
2026-07-30T03:03:16Z,4,0,29902,16.64,32,210
2026-07-30T03:03:16Z,5,0,29900,17.75,34,210
2026-07-30T03:03:16Z,6,0,17358,11.95,42,210
2026-07-30T03:03:16Z,7,0,17358,63.09,41,2430
2026-07-30T03:03:18Z,0,99,31954,433.49,68,2662
2026-07-30T03:03:18Z,1,100,31854,450.01,70,2595
2026-07-30T03:03:18Z,2,0,1,15.60,35,210
2026-07-30T03:03:18Z,3,0,1,15.98,32,210
2026-07-30T03:03:18Z,4,0,29902,17.60,32,210
2026-07-30T03:03:18Z,5,0,29900,14.86,34,210
2026-07-30T03:03:18Z,6,0,17358,13.74,42,210
2026-07-30T03:03:18Z,7,0,17358,63.09,41,1807
2026-07-30T03:03:19Z,0,100,31954,456.23,72,2580
2026-07-30T03:03:19Z,1,100,31854,450.15,69,2602
2026-07-30T03:03:19Z,2,0,1,14.95,35,210
2026-07-30T03:03:19Z,3,0,1,16.51,32,210
2026-07-30T03:03:19Z,4,0,29902,15.65,32,210
2026-07-30T03:03:19Z,5,0,29900,17.29,34,210
2026-07-30T03:03:19Z,6,0,17358,11.50,42,210
2026-07-30T03:03:19Z,7,0,17358,25.16,40,360
2026-07-30T03:03:21Z,0,100,31954,416.38,74,2730
2026-07-30T03:03:21Z,1,99,31854,389.20,65,2887
2026-07-30T03:03:21Z,2,0,1,14.61,35,210
2026-07-30T03:03:21Z,3,0,1,17.99,32,210
2026-07-30T03:03:21Z,4,0,29902,18.64,32,210
2026-07-30T03:03:21Z,5,0,29900,15.86,34,210
2026-07-30T03:03:21Z,6,100,17358,106.52,53,2160
2026-07-30T03:03:21Z,7,0,17358,13.24,40,210
2026-07-30T03:03:22Z,0,98,31954,449.82,71,2437
2026-07-30T03:03:22Z,1,100,31854,456.92,70,2602
2026-07-30T03:03:22Z,2,0,1,15.48,35,210
2026-07-30T03:03:22Z,3,0,1,16.93,32,210
2026-07-30T03:03:22Z,4,0,29902,17.18,32,210
2026-07-30T03:03:22Z,5,0,29900,15.24,34,210
2026-07-30T03:03:22Z,6,0,17358,98.22,44,2910
2026-07-30T03:03:22Z,7,0,17358,14.77,40,210
2026-07-30T03:03:24Z,0,100,31954,450.36,72,2400
2026-07-30T03:03:24Z,1,100,31854,442.51,71,2880
2026-07-30T03:03:24Z,2,0,1,13.84,35,210
2026-07-30T03:03:24Z,3,0,1,18.56,33,210
2026-07-30T03:03:24Z,4,0,29902,18.02,32,210
2026-07-30T03:03:24Z,5,0,29900,18.38,34,210
2026-07-30T03:03:24Z,6,0,17358,77.50,43,2430
2026-07-30T03:03:24Z,7,0,17358,12.21,40,210
2026-07-30T03:03:25Z,0,100,31954,450.18,72,2587
2026-07-30T03:03:25Z,1,100,31854,450.37,68,2362
2026-07-30T03:03:25Z,2,0,1,15.00,35,210
2026-07-30T03:03:25Z,3,0,1,17.93,32,210
2026-07-30T03:03:25Z,4,0,29902,17.74,32,210
2026-07-30T03:03:25Z,5,0,29900,14.32,34,210
2026-07-30T03:03:25Z,6,0,17358,66.89,43,2430
2026-07-30T03:03:25Z,7,92,17358,171.20,50,2355
2026-07-30T03:03:27Z,0,100,31954,451.04,73,2580
2026-07-30T03:03:27Z,1,100,31854,450.17,69,2610
2026-07-30T03:03:27Z,2,0,1,13.55,35,210
2026-07-30T03:03:27Z,3,0,1,16.60,32,210
2026-07-30T03:03:27Z,4,0,29902,15.52,32,210
2026-07-30T03:03:27Z,5,0,29900,15.77,34,210
2026-07-30T03:03:27Z,6,0,17358,68.39,43,2430
2026-07-30T03:03:27Z,7,0,17358,94.15,42,2917
2026-07-30T03:03:30Z,0,99,31954,386.33,68,2797
2026-07-30T03:03:30Z,1,100,31854,449.83,70,2602
2026-07-30T03:03:30Z,2,0,1,14.46,35,210
2026-07-30T03:03:30Z,3,0,1,16.88,32,210
2026-07-30T03:03:30Z,4,0,29902,14.70,32,210
2026-07-30T03:03:30Z,5,0,29900,16.25,34,210
2026-07-30T03:03:30Z,6,0,17358,68.04,43,2430
2026-07-30T03:03:30Z,7,0,17358,63.60,41,2430
2026-07-30T03:03:32Z,0,100,31954,450.42,73,2580
2026-07-30T03:03:32Z,1,99,31854,446.06,66,2392
2026-07-30T03:03:32Z,2,0,1,14.44,35,210
2026-07-30T03:03:32Z,3,0,1,19.99,32,210
2026-07-30T03:03:32Z,4,0,29902,17.75,32,210
2026-07-30T03:03:32Z,5,0,29900,17.42,34,210
2026-07-30T03:03:32Z,6,0,17358,68.49,43,2430
2026-07-30T03:03:32Z,7,0,1,67.44,41,2430
2026-07-30T03:03:33Z,0,91,32072,382.53,66,2797
2026-07-30T03:03:33Z,1,100,31854,455.47,70,2602
2026-07-30T03:03:33Z,2,0,1,15.55,35,210
2026-07-30T03:03:33Z,3,0,1,16.35,32,210
2026-07-30T03:03:33Z,4,0,29902,17.01,32,210
2026-07-30T03:03:33Z,5,0,29900,15.98,34,210
2026-07-30T03:03:33Z,6,0,17358,66.08,43,2430
2026-07-30T03:03:33Z,7,0,1,53.86,41,780
2026-07-30T03:03:34Z,0,100,32072,370.83,74,2730
2026-07-30T03:03:34Z,1,99,31854,417.40,65,2887
2026-07-30T03:03:34Z,2,0,1,13.73,35,210
2026-07-30T03:03:34Z,3,0,1,17.58,32,210
2026-07-30T03:03:34Z,4,0,29902,17.04,32,210
2026-07-30T03:03:34Z,5,0,29900,18.46,34,202
2026-07-30T03:03:34Z,6,0,17358,68.75,43,2430
2026-07-30T03:03:34Z,7,0,1,35.26,41,487
2026-07-30T03:03:36Z,0,99,32072,450.14,72,2400
2026-07-30T03:03:36Z,1,100,31854,466.89,70,2610
2026-07-30T03:03:36Z,2,0,1,14.84,35,210
2026-07-30T03:03:36Z,3,0,1,16.62,32,210
2026-07-30T03:03:36Z,4,0,29902,17.55,32,210
2026-07-30T03:03:36Z,5,0,29900,14.48,34,210
2026-07-30T03:03:36Z,6,0,17358,66.32,43,2430
2026-07-30T03:03:36Z,7,0,1,25.63,40,210
2026-07-30T03:03:38Z,0,100,32072,450.22,74,2557
2026-07-30T03:03:38Z,1,100,31854,449.73,70,2602
2026-07-30T03:03:38Z,2,0,1,13.68,35,210
2026-07-30T03:03:38Z,3,0,1,16.76,32,210
2026-07-30T03:03:38Z,4,0,29902,16.36,32,210
2026-07-30T03:03:38Z,5,0,29900,15.78,34,210
2026-07-30T03:03:38Z,6,0,17358,68.87,43,2430
2026-07-30T03:03:38Z,7,0,1,13.26,40,210
2026-07-30T03:03:39Z,0,100,32072,450.26,74,2587
2026-07-30T03:03:39Z,1,100,31854,450.17,70,2602
2026-07-30T03:03:39Z,2,0,1,14.70,35,210
2026-07-30T03:03:39Z,3,0,1,18.01,32,210
2026-07-30T03:03:39Z,4,0,29902,17.27,32,210
2026-07-30T03:03:39Z,5,0,29900,16.44,34,210
2026-07-30T03:03:39Z,6,0,17358,23.16,42,345
2026-07-30T03:03:39Z,7,0,1,13.63,40,210
2026-07-30T03:03:41Z,0,99,32072,376.31,68,2760
2026-07-30T03:03:41Z,1,99,31854,438.97,66,2887
2026-07-30T03:03:41Z,2,0,1,13.73,35,210
2026-07-30T03:03:41Z,3,0,1,16.33,32,210
2026-07-30T03:03:41Z,4,0,29902,16.27,32,210
2026-07-30T03:03:41Z,5,0,29900,15.40,34,202
2026-07-30T03:03:41Z,6,0,17358,11.95,42,210
2026-07-30T03:03:41Z,7,0,1,14.92,40,210
2026-07-30T03:03:42Z,0,100,32072,459.13,73,2572
2026-07-30T03:03:42Z,1,100,31854,467.79,70,2602
2026-07-30T03:03:42Z,2,0,1,13.35,35,210
2026-07-30T03:03:42Z,3,0,1,19.32,32,210
2026-07-30T03:03:42Z,4,0,29902,17.22,32,210
2026-07-30T03:03:42Z,5,0,29900,17.82,34,210
2026-07-30T03:03:42Z,6,0,17358,12.93,42,210
2026-07-30T03:03:42Z,7,0,1,12.48,40,210
2026-07-30T03:03:44Z,0,99,32072,392.89,68,2797
2026-07-30T03:03:44Z,1,100,31854,449.55,70,2595
2026-07-30T03:03:44Z,2,0,1,15.31,35,210
2026-07-30T03:03:44Z,3,0,1,16.19,32,210
2026-07-30T03:03:44Z,4,0,29902,17.12,32,210
2026-07-30T03:03:44Z,5,0,29900,16.38,34,210
2026-07-30T03:03:44Z,6,0,17358,12.51,42,210
2026-07-30T03:03:44Z,7,0,1,14.38,40,210
2026-07-30T03:03:47Z,0,100,32086,441.99,68,2250
2026-07-30T03:03:47Z,1,100,31854,449.77,69,2587
2026-07-30T03:03:47Z,2,0,1,14.44,35,210
2026-07-30T03:03:47Z,3,0,1,16.26,32,210
2026-07-30T03:03:47Z,4,0,29902,17.06,32,210
2026-07-30T03:03:47Z,5,0,29900,15.54,34,210
2026-07-30T03:03:47Z,6,13,17358,13.51,42,682
2026-07-30T03:03:47Z,7,0,1,13.83,40,210
2026-07-30T03:03:49Z,0,100,32086,441.59,74,2677
2026-07-30T03:03:49Z,1,100,31854,450.17,70,2602
2026-07-30T03:03:49Z,2,0,1,13.59,35,210
2026-07-30T03:03:49Z,3,0,1,18.28,32,210
2026-07-30T03:03:49Z,4,0,29902,16.60,32,210
2026-07-30T03:03:49Z,5,0,29900,18.01,34,210
2026-07-30T03:03:49Z,6,0,17358,208.27,44,2917
2026-07-30T03:03:49Z,7,0,1,13.18,40,210
2026-07-30T03:03:50Z,0,98,32086,446.48,68,2467
2026-07-30T03:03:50Z,1,99,31854,439.45,66,2887
2026-07-30T03:03:50Z,2,0,1,14.88,35,210
2026-07-30T03:03:50Z,3,0,1,18.90,32,210
2026-07-30T03:03:50Z,4,0,29902,18.08,32,210
2026-07-30T03:03:50Z,5,0,29900,16.69,34,210
2026-07-30T03:03:50Z,6,0,17358,82.38,43,2430
2026-07-30T03:03:50Z,7,0,1,13.38,40,210
2026-07-30T03:03:52Z,0,96,32086,372.03,72,2790
2026-07-30T03:03:52Z,1,99,31854,409.16,65,2812
2026-07-30T03:03:52Z,2,0,1,14.23,35,210
2026-07-30T03:03:52Z,3,0,1,17.03,32,210
2026-07-30T03:03:52Z,4,0,29902,16.65,32,210
2026-07-30T03:03:52Z,5,0,29900,16.80,34,210
2026-07-30T03:03:52Z,6,0,17358,67.13,43,2430
2026-07-30T03:03:52Z,7,0,1,14.16,40,210
2026-07-30T03:03:53Z,0,100,32086,450.25,71,2295
2026-07-30T03:03:53Z,1,100,31854,463.77,70,2602
2026-07-30T03:03:53Z,2,0,1,13.74,35,210
2026-07-30T03:03:53Z,3,0,1,18.83,32,210
2026-07-30T03:03:53Z,4,0,29902,16.88,32,210
2026-07-30T03:03:53Z,5,0,29900,16.95,34,210
2026-07-30T03:03:53Z,6,0,17358,68.91,43,2430
2026-07-30T03:03:53Z,7,0,1,12.30,39,210
2026-07-30T03:03:55Z,0,100,32086,451.21,74,2580
2026-07-30T03:03:55Z,1,99,31854,421.55,66,2767
2026-07-30T03:03:55Z,2,0,1,16.00,35,210
2026-07-30T03:03:55Z,3,0,1,17.73,32,210
2026-07-30T03:03:55Z,4,0,29902,17.57,32,210
2026-07-30T03:03:55Z,5,0,29900,15.67,34,210
2026-07-30T03:03:55Z,6,0,17358,66.74,43,2430
2026-07-30T03:03:55Z,7,0,1,13.30,39,210
2026-07-30T03:03:56Z,0,91,32086,377.98,67,2797
2026-07-30T03:03:56Z,1,100,31854,459.27,70,2595
2026-07-30T03:03:56Z,2,0,1,13.22,35,210
2026-07-30T03:03:56Z,3,0,1,18.21,33,210
2026-07-30T03:03:56Z,4,0,29902,15.40,32,210
2026-07-30T03:03:56Z,5,0,29900,18.37,34,210
2026-07-30T03:03:56Z,6,0,17358,68.77,43,2430
2026-07-30T03:03:56Z,7,0,1,11.96,39,210
2026-07-30T03:03:58Z,0,100,32086,450.43,71,2370
2026-07-30T03:03:58Z,1,100,31854,449.62,70,2602
2026-07-30T03:03:58Z,2,0,1,16.03,35,210
2026-07-30T03:03:58Z,3,0,1,18.29,32,210
2026-07-30T03:03:58Z,4,0,29902,17.23,32,210
2026-07-30T03:03:58Z,5,0,29900,15.45,34,210
2026-07-30T03:03:58Z,6,0,17358,68.60,43,2430
2026-07-30T03:03:58Z,7,0,1,12.29,39,210
2026-07-30T03:03:59Z,0,100,32086,450.32,74,2580
2026-07-30T03:03:59Z,1,100,31854,450.08,69,2610
2026-07-30T03:03:59Z,2,0,1,14.87,35,210
2026-07-30T03:03:59Z,3,0,1,16.52,33,210
2026-07-30T03:03:59Z,4,0,29902,14.94,32,210
2026-07-30T03:03:59Z,5,0,29900,17.04,34,210
2026-07-30T03:03:59Z,6,0,17358,67.55,43,2430
2026-07-30T03:03:59Z,7,0,1,13.92,39,210
2026-07-30T03:04:01Z,0,100,32086,450.60,74,2572
2026-07-30T03:04:01Z,1,99,31854,440.08,66,2887
2026-07-30T03:04:01Z,2,0,1,14.68,35,210
2026-07-30T03:04:01Z,3,0,1,19.29,32,210
2026-07-30T03:04:01Z,4,0,29902,18.18,32,210
2026-07-30T03:04:01Z,5,0,29900,17.54,34,210
2026-07-30T03:04:01Z,6,0,17358,69.32,43,2430
2026-07-30T03:04:01Z,7,0,1,12.06,39,210
2026-07-30T03:04:04Z,0,99,32086,445.65,68,2505
2026-07-30T03:04:04Z,1,100,31854,450.17,68,2617
2026-07-30T03:04:04Z,2,0,1,12.47,35,210
2026-07-30T03:04:04Z,3,0,1,19.11,33,210
2026-07-30T03:04:04Z,4,0,29902,16.43,32,210
2026-07-30T03:04:04Z,5,0,29900,16.28,34,210
2026-07-30T03:04:04Z,6,0,17358,68.07,43,2430
2026-07-30T03:04:04Z,7,0,1,12.18,39,210
2026-07-30T03:04:06Z,0,75,32086,380.61,71,2797
2026-07-30T03:04:06Z,1,29,31854,400.08,63,2872
2026-07-30T03:04:06Z,2,0,1,15.68,35,210
2026-07-30T03:04:06Z,3,0,1,17.07,32,210
2026-07-30T03:04:06Z,4,0,29902,16.53,32,210
2026-07-30T03:04:06Z,5,0,29900,15.71,34,210
2026-07-30T03:04:06Z,6,0,17358,32.13,42,390
2026-07-30T03:04:06Z,7,0,1,14.11,39,210
2026-07-30T03:04:07Z,0,100,32086,394.02,74,2775
2026-07-30T03:04:07Z,1,100,31854,454.82,70,2610
2026-07-30T03:04:07Z,2,0,1,14.53,35,210
2026-07-30T03:04:07Z,3,0,1,18.08,32,210
2026-07-30T03:04:07Z,4,0,29902,16.29,32,210
2026-07-30T03:04:07Z,5,0,29900,17.00,34,210
2026-07-30T03:04:07Z,6,0,17358,13.58,42,210
2026-07-30T03:04:07Z,7,0,1,12.80,39,210
2026-07-30T03:04:09Z,0,100,32094,450.30,71,2250
2026-07-30T03:04:09Z,1,100,31854,449.94,70,2542
2026-07-30T03:04:09Z,2,0,1,15.10,35,210
2026-07-30T03:04:09Z,3,0,1,18.20,32,210
2026-07-30T03:04:09Z,4,0,29902,17.50,32,210
2026-07-30T03:04:09Z,5,0,29900,15.23,34,210
2026-07-30T03:04:09Z,6,0,17358,12.86,42,210
2026-07-30T03:04:09Z,7,0,1,12.13,39,210
2026-07-30T03:04:10Z,0,100,32094,450.32,74,2557
2026-07-30T03:04:10Z,1,100,31854,449.50,70,2295
2026-07-30T03:04:10Z,2,0,1,15.53,35,210
2026-07-30T03:04:10Z,3,0,1,16.64,32,210
2026-07-30T03:04:10Z,4,0,29902,15.31,32,210
2026-07-30T03:04:10Z,5,0,29900,15.62,34,210
2026-07-30T03:04:10Z,6,0,17358,11.65,42,210
2026-07-30T03:04:10Z,7,0,1,13.14,39,210
2026-07-30T03:04:12Z,0,100,32094,450.26,74,2580
2026-07-30T03:04:12Z,1,100,31854,450.37,69,2520
2026-07-30T03:04:12Z,2,0,1,14.64,35,210
2026-07-30T03:04:12Z,3,0,1,19.35,33,210
2026-07-30T03:04:12Z,4,0,29902,18.17,32,210
2026-07-30T03:04:12Z,5,0,29900,16.45,34,210
2026-07-30T03:04:12Z,6,0,17358,13.42,42,210
2026-07-30T03:04:12Z,7,0,1,12.09,39,210
2026-07-30T03:04:13Z,0,100,32094,450.14,74,2572
2026-07-30T03:04:13Z,1,92,31854,432.83,69,2895
2026-07-30T03:04:13Z,2,0,1,15.57,35,210
2026-07-30T03:04:13Z,3,0,1,16.68,32,210
2026-07-30T03:04:13Z,4,0,29902,17.84,32,210
2026-07-30T03:04:13Z,5,0,29900,14.98,34,210
2026-07-30T03:04:13Z,6,100,17358,135.95,52,2205
2026-07-30T03:04:13Z,7,0,1,14.22,39,210
2026-07-30T03:04:15Z,0,99,32094,406.62,71,2797
2026-07-30T03:04:15Z,1,100,31854,450.28,68,2602
2026-07-30T03:04:15Z,2,0,1,13.16,35,210
2026-07-30T03:04:15Z,3,0,1,19.96,32,210
2026-07-30T03:04:15Z,4,0,29902,16.58,32,210
2026-07-30T03:04:15Z,5,0,29900,16.96,34,210
2026-07-30T03:04:15Z,6,0,17358,98.31,44,2917
2026-07-30T03:04:15Z,7,0,1,12.14,39,210
2026-07-30T03:04:16Z,0,100,32094,450.44,73,2527
2026-07-30T03:04:16Z,1,100,31854,449.91,70,2602
2026-07-30T03:04:16Z,2,0,1,14.58,35,210
2026-07-30T03:04:16Z,3,0,1,17.30,32,210
2026-07-30T03:04:16Z,4,0,29902,17.81,32,210
2026-07-30T03:04:16Z,5,0,29900,14.10,34,210
2026-07-30T03:04:16Z,6,0,17358,75.38,43,2430
2026-07-30T03:04:16Z,7,0,1,13.94,39,210
2026-07-30T03:04:18Z,0,100,32094,458.39,74,2572
2026-07-30T03:04:18Z,1,99,31854,432.16,66,2895
2026-07-30T03:04:18Z,2,0,1,12.98,35,210
2026-07-30T03:04:18Z,3,0,1,16.42,32,210
2026-07-30T03:04:18Z,4,0,29902,16.07,32,210
2026-07-30T03:04:18Z,5,0,29900,15.05,34,210
2026-07-30T03:04:18Z,6,0,17358,68.23,43,2430
2026-07-30T03:04:18Z,7,0,1,13.79,39,210
2026-07-30T03:04:21Z,0,100,32094,449.58,74,2715
2026-07-30T03:04:21Z,1,100,31854,449.67,69,2595
2026-07-30T03:04:21Z,2,0,1,14.50,35,210
2026-07-30T03:04:21Z,3,0,1,16.34,32,210
2026-07-30T03:04:21Z,4,0,29902,16.28,32,210
2026-07-30T03:04:21Z,5,0,29900,15.40,34,210
2026-07-30T03:04:21Z,6,0,17358,67.90,43,2430
2026-07-30T03:04:21Z,7,0,1,13.85,39,210
2026-07-30T03:04:23Z,0,99,32094,442.09,69,2317
2026-07-30T03:04:23Z,1,100,31854,450.16,70,2602
2026-07-30T03:04:23Z,2,0,1,14.41,35,210
2026-07-30T03:04:23Z,3,0,1,18.66,32,210
2026-07-30T03:04:23Z,4,0,29902,17.36,32,210
2026-07-30T03:04:23Z,5,0,29900,16.49,34,210
2026-07-30T03:04:23Z,6,0,17358,69.49,43,2430
2026-07-30T03:04:23Z,7,0,1,12.36,38,210
2026-07-30T03:04:24Z,0,100,32094,424.70,74,2610
2026-07-30T03:04:24Z,1,100,31854,449.98,69,2602
2026-07-30T03:04:24Z,2,0,1,15.35,35,210
2026-07-30T03:04:24Z,3,0,1,17.41,32,210
2026-07-30T03:04:24Z,4,0,29902,17.74,32,210
2026-07-30T03:04:24Z,5,0,29900,14.83,34,210
2026-07-30T03:04:24Z,6,0,17358,66.32,43,2430
2026-07-30T03:04:24Z,7,0,1,14.52,38,210
2026-07-30T03:04:26Z,0,100,32094,449.70,73,2490
2026-07-30T03:04:26Z,1,100,31854,450.15,70,2632
2026-07-30T03:04:26Z,2,0,1,12.32,35,210
2026-07-30T03:04:26Z,3,0,1,17.17,32,210
2026-07-30T03:04:26Z,4,0,29902,17.02,32,210
2026-07-30T03:04:26Z,5,0,29900,16.21,34,210
2026-07-30T03:04:26Z,6,0,17358,68.72,43,2430
2026-07-30T03:04:26Z,7,0,1,12.62,38,210
2026-07-30T03:04:27Z,0,100,32094,450.23,71,2310
2026-07-30T03:04:27Z,1,99,31854,444.26,66,2325
2026-07-30T03:04:27Z,2,0,1,13.58,35,210
2026-07-30T03:04:27Z,3,0,1,18.47,32,210
2026-07-30T03:04:27Z,4,0,29902,17.45,32,210
2026-07-30T03:04:27Z,5,0,29900,14.11,34,210
2026-07-30T03:04:27Z,6,0,17358,67.75,43,2430
2026-07-30T03:04:27Z,7,0,1,12.75,38,210
2026-07-30T03:04:29Z,0,100,32094,449.75,74,2580
2026-07-30T03:04:29Z,1,100,31854,462.72,71,2602
2026-07-30T03:04:29Z,2,0,1,14.23,35,210
2026-07-30T03:04:29Z,3,0,1,16.84,32,210
2026-07-30T03:04:29Z,4,0,29902,15.01,32,210
2026-07-30T03:04:29Z,5,0,29900,17.04,34,210
2026-07-30T03:04:29Z,6,0,17358,67.29,43,2430
2026-07-30T03:04:29Z,7,0,1,13.47,38,210
2026-07-30T03:04:30Z,0,100,32094,431.91,73,2655
2026-07-30T03:04:30Z,1,100,31854,450.11,70,2610
2026-07-30T03:04:30Z,2,0,1,13.61,35,210
2026-07-30T03:04:30Z,3,0,1,19.23,32,210
2026-07-30T03:04:30Z,4,0,29902,18.01,32,210
2026-07-30T03:04:30Z,5,0,29900,15.98,34,210
2026-07-30T03:04:30Z,6,0,17358,68.53,43,2430
2026-07-30T03:04:30Z,7,0,1,12.14,38,210
2026-07-30T03:04:32Z,0,100,32094,449.60,73,2662
2026-07-30T03:04:32Z,1,99,31854,439.43,66,2887
2026-07-30T03:04:32Z,2,0,1,15.46,35,210
2026-07-30T03:04:32Z,3,0,1,16.47,32,210
2026-07-30T03:04:32Z,4,0,29902,15.16,32,210
2026-07-30T03:04:32Z,5,0,29900,16.47,34,210
2026-07-30T03:04:32Z,6,0,17358,30.91,42,390
2026-07-30T03:04:32Z,7,0,1,13.56,38,210
2026-07-30T03:04:33Z,0,100,32094,446.94,70,2235
2026-07-30T03:04:33Z,1,100,31854,465.04,71,2610
2026-07-30T03:04:33Z,2,0,1,12.76,35,210
2026-07-30T03:04:33Z,3,0,1,18.68,32,210
2026-07-30T03:04:33Z,4,0,29902,16.00,32,210
2026-07-30T03:04:33Z,5,0,29900,17.53,34,210
2026-07-30T03:04:33Z,6,0,17358,13.08,42,210
2026-07-30T03:04:33Z,7,0,1,12.28,38,210
2026-07-30T03:04:35Z,0,90,32094,354.38,67,2797
2026-07-30T03:04:35Z,1,100,31854,449.85,71,2595
2026-07-30T03:04:35Z,2,0,1,15.84,35,210
2026-07-30T03:04:35Z,3,0,1,17.77,32,210
2026-07-30T03:04:35Z,4,0,29902,17.10,32,210
2026-07-30T03:04:35Z,5,0,29900,14.99,34,210
2026-07-30T03:04:35Z,6,0,17358,12.62,42,210
2026-07-30T03:04:35Z,7,0,1,13.19,38,210
2026-07-30T03:04:38Z,0,100,32094,415.70,74,2670
2026-07-30T03:04:38Z,1,100,31854,448.86,70,2820
2026-07-30T03:04:38Z,2,0,1,13.97,35,210
2026-07-30T03:04:38Z,3,0,1,18.25,32,210
2026-07-30T03:04:38Z,4,0,29902,17.37,32,210
2026-07-30T03:04:38Z,5,0,29900,15.57,34,210
2026-07-30T03:04:38Z,6,100,17358,83.20,52,1470
2026-07-30T03:04:38Z,7,0,1,12.65,38,210
2026-07-30T03:04:40Z,0,69,32094,441.70,71,2647
2026-07-30T03:04:40Z,1,99,31854,450.31,69,2295
2026-07-30T03:04:40Z,2,0,1,12.82,35,210
2026-07-30T03:04:40Z,3,0,1,17.28,32,210
2026-07-30T03:04:40Z,4,0,29902,15.77,32,210
2026-07-30T03:04:40Z,5,0,29900,17.78,34,210
2026-07-30T03:04:40Z,6,0,17358,114.96,44,2917
2026-07-30T03:04:40Z,7,0,1,13.67,38,210
2026-07-30T03:04:41Z,0,100,32094,450.14,72,2580
2026-07-30T03:04:41Z,1,100,31854,450.30,69,2595
2026-07-30T03:04:41Z,2,0,1,13.28,35,210
2026-07-30T03:04:41Z,3,0,1,19.58,32,210
2026-07-30T03:04:41Z,4,0,29902,16.39,32,210
2026-07-30T03:04:41Z,5,0,29900,15.95,34,210
2026-07-30T03:04:41Z,6,0,17358,74.75,43,2430
2026-07-30T03:04:41Z,7,0,1,12.61,38,210
2026-07-30T03:04:43Z,0,100,32094,449.73,74,2587
2026-07-30T03:04:43Z,1,100,31854,450.21,70,2602
2026-07-30T03:04:43Z,2,0,1,15.12,35,210
2026-07-30T03:04:43Z,3,0,1,16.08,32,210
2026-07-30T03:04:43Z,4,0,29902,14.95,32,210
2026-07-30T03:04:43Z,5,0,29900,15.35,34,210
2026-07-30T03:04:43Z,6,0,17358,65.70,43,2430
2026-07-30T03:04:43Z,7,0,1,14.86,38,210
2026-07-30T03:04:44Z,0,100,32094,449.88,73,2572
2026-07-30T03:04:44Z,1,100,31854,428.94,71,2835
2026-07-30T03:04:44Z,2,0,1,12.93,35,210
2026-07-30T03:04:44Z,3,0,1,19.32,32,210
2026-07-30T03:04:44Z,4,0,29902,15.70,32,210
2026-07-30T03:04:44Z,5,0,29900,18.00,34,210
2026-07-30T03:04:44Z,6,0,17358,68.92,43,2430
2026-07-30T03:04:44Z,7,0,1,12.45,38,210
2026-07-30T03:04:46Z,0,100,32094,418.96,75,2797
2026-07-30T03:04:46Z,1,100,31854,450.21,68,2362
2026-07-30T03:04:46Z,2,0,1,15.16,35,210
2026-07-30T03:04:46Z,3,0,1,17.39,32,210
2026-07-30T03:04:46Z,4,0,29902,16.96,32,210
2026-07-30T03:04:46Z,5,0,29900,14.65,34,210
2026-07-30T03:04:46Z,6,0,1,68.26,43,2430
2026-07-30T03:04:46Z,7,0,1,13.20,38,210
2026-07-30T03:04:47Z,0,100,32094,450.46,71,2347
2026-07-30T03:04:47Z,1,100,31854,451.16,71,2610
2026-07-30T03:04:47Z,2,0,1,13.99,35,210
2026-07-30T03:04:47Z,3,0,1,16.36,32,210
2026-07-30T03:04:47Z,4,0,29902,14.85,31,210
2026-07-30T03:04:47Z,5,0,29900,15.86,33,210
2026-07-30T03:04:47Z,6,0,1,52.18,43,720
2026-07-30T03:04:47Z,7,0,1,13.45,38,210
2026-07-30T03:04:49Z,0,100,32094,460.71,74,2580
2026-07-30T03:04:49Z,1,82,31854,428.78,70,2857
2026-07-30T03:04:49Z,2,0,1,15.16,35,210
2026-07-30T03:04:49Z,3,0,1,18.07,32,210
2026-07-30T03:04:49Z,4,0,29902,18.84,32,210
2026-07-30T03:04:49Z,5,0,29900,15.65,34,210
2026-07-30T03:04:49Z,6,0,1,22.92,42,270
2026-07-30T03:04:49Z,7,0,1,11.79,38,210
2026-07-30T03:04:50Z,0,100,32094,428.22,75,2685
2026-07-30T03:04:50Z,1,100,31854,450.48,68,2445
2026-07-30T03:04:50Z,2,0,1,16.00,35,210
2026-07-30T03:04:50Z,3,0,1,15.90,32,210
2026-07-30T03:04:50Z,4,0,29902,17.48,31,210
2026-07-30T03:04:50Z,5,0,29900,15.20,33,210
2026-07-30T03:04:50Z,6,0,1,19.96,42,210
2026-07-30T03:04:50Z,7,0,1,13.82,38,210
2026-07-30T03:04:52Z,0,99,32094,450.12,73,2242
2026-07-30T03:04:52Z,1,100,31854,457.66,70,2610
2026-07-30T03:04:52Z,2,0,1,13.89,35,210
2026-07-30T03:04:52Z,3,0,1,19.58,32,210
2026-07-30T03:04:52Z,4,0,29902,17.08,32,210
2026-07-30T03:04:52Z,5,0,29900,16.05,34,210
2026-07-30T03:04:52Z,6,0,1,11.68,42,210
2026-07-30T03:04:52Z,7,0,1,11.76,38,210
2026-07-30T03:04:55Z,0,100,32094,449.23,73,2572
2026-07-30T03:04:55Z,1,100,31854,450.12,71,2610
2026-07-30T03:04:55Z,2,0,1,13.69,35,210
2026-07-30T03:04:55Z,3,0,1,17.71,32,210
2026-07-30T03:04:55Z,4,0,29902,16.32,31,210
2026-07-30T03:04:55Z,5,0,29900,17.75,33,210
2026-07-30T03:04:55Z,6,0,1,11.70,42,210
2026-07-30T03:04:55Z,7,0,1,12.33,38,210
2026-07-30T03:04:57Z,0,100,32094,449.77,74,2587
2026-07-30T03:04:57Z,1,100,31854,451.90,70,2595
2026-07-30T03:04:57Z,2,0,1,15.05,35,210
2026-07-30T03:04:57Z,3,0,1,17.43,32,210
2026-07-30T03:04:57Z,4,0,29902,17.40,32,210
2026-07-30T03:04:57Z,5,0,29900,15.23,33,210
2026-07-30T03:04:57Z,6,0,1,10.16,42,210
2026-07-30T03:04:57Z,7,0,1,12.61,38,210
2026-07-30T03:04:58Z,0,100,32094,449.71,74,2587
2026-07-30T03:04:58Z,1,95,31854,426.27,66,2895
2026-07-30T03:04:58Z,2,0,1,13.94,35,210
2026-07-30T03:04:58Z,3,0,1,16.91,32,210
2026-07-30T03:04:58Z,4,0,29902,15.69,31,210
2026-07-30T03:04:58Z,5,0,29900,16.09,33,210
2026-07-30T03:04:58Z,6,0,1,10.01,42,210
2026-07-30T03:04:58Z,7,0,1,11.88,37,210
2026-07-30T03:05:00Z,0,27,32094,419.92,67,2602
2026-07-30T03:05:00Z,1,100,31854,450.42,68,2617
2026-07-30T03:05:00Z,2,0,1,15.45,35,210
2026-07-30T03:05:00Z,3,0,1,18.70,32,210
2026-07-30T03:05:00Z,4,0,29902,18.07,31,210
2026-07-30T03:05:00Z,5,0,29900,15.80,33,210
2026-07-30T03:05:00Z,6,0,1,12.40,42,210
2026-07-30T03:05:00Z,7,0,4,15.12,37,210
2026-07-30T03:05:01Z,0,100,32094,440.89,74,2565
2026-07-30T03:05:01Z,1,100,31854,450.35,70,2595
2026-07-30T03:05:01Z,2,0,1,13.07,35,210
2026-07-30T03:05:01Z,3,0,1,16.65,32,210
2026-07-30T03:05:01Z,4,0,29902,16.47,32,210
2026-07-30T03:05:01Z,5,0,29900,15.34,33,210
2026-07-30T03:05:01Z,6,0,1,11.26,42,210
2026-07-30T03:05:01Z,7,0,4,12.91,37,210
2026-07-30T03:05:03Z,0,94,32094,383.83,68,2797
2026-07-30T03:05:03Z,1,100,31854,453.11,70,2610
2026-07-30T03:05:03Z,2,0,1,13.40,35,210
2026-07-30T03:05:03Z,3,0,1,19.85,32,210
2026-07-30T03:05:03Z,4,0,29902,17.79,31,210
2026-07-30T03:05:03Z,5,0,29900,16.99,33,210
2026-07-30T03:05:03Z,6,0,1,11.96,42,210
2026-07-30T03:05:03Z,7,0,4,11.73,37,210
2026-07-30T03:05:05Z,0,100,32094,450.99,72,2572
2026-07-30T03:05:05Z,1,100,31854,432.73,71,2842
2026-07-30T03:05:05Z,2,0,1,14.80,35,210
2026-07-30T03:05:05Z,3,0,1,17.28,32,210
2026-07-30T03:05:05Z,4,0,29902,16.91,32,210
2026-07-30T03:05:05Z,5,0,29900,16.60,33,210
2026-07-30T03:05:05Z,6,0,1,11.56,42,210
2026-07-30T03:05:05Z,7,0,4,13.88,37,210
2026-07-30T03:05:06Z,0,100,32094,457.20,73,2565
2026-07-30T03:05:06Z,1,100,31854,450.33,69,2295
2026-07-30T03:05:06Z,2,0,1,13.89,35,210
2026-07-30T03:05:06Z,3,0,1,18.92,32,210
2026-07-30T03:05:06Z,4,0,29902,15.93,31,210
2026-07-30T03:05:06Z,5,0,29900,17.01,33,210
2026-07-30T03:05:06Z,6,0,1,12.27,41,210
2026-07-30T03:05:06Z,7,0,4,11.65,37,210
2026-07-30T03:05:08Z,0,100,32094,398.86,75,2767
2026-07-30T03:05:08Z,1,100,31854,437.46,70,2617
2026-07-30T03:05:08Z,2,0,1,16.29,35,210
2026-07-30T03:05:08Z,3,0,1,16.34,32,210
2026-07-30T03:05:08Z,4,0,29902,17.89,31,210
2026-07-30T03:05:08Z,5,0,29900,14.77,33,210
2026-07-30T03:05:08Z,6,0,1,12.53,41,210
2026-07-30T03:05:08Z,7,0,4,13.19,37,210
2026-07-30T03:05:09Z,0,85,32094,444.37,74,2242
2026-07-30T03:05:09Z,1,99,31854,436.42,66,2895
2026-07-30T03:05:09Z,2,0,1,13.86,35,210
2026-07-30T03:05:09Z,3,0,1,16.52,32,210
2026-07-30T03:05:09Z,4,0,29902,14.87,31,210
2026-07-30T03:05:09Z,5,0,29900,15.67,33,210
2026-07-30T03:05:09Z,6,0,4,13.43,41,210
2026-07-30T03:05:09Z,7,0,4,13.02,37,210
2026-07-30T03:05:13Z,0,100,32094,450.05,74,2587
2026-07-30T03:05:13Z,1,100,31854,449.88,71,2617
2026-07-30T03:05:13Z,2,0,1,14.39,35,210
2026-07-30T03:05:13Z,3,0,1,16.67,32,210
2026-07-30T03:05:13Z,4,0,29902,15.08,31,210
2026-07-30T03:05:13Z,5,0,29900,16.42,33,210
2026-07-30T03:05:13Z,6,0,4,11.78,41,210
2026-07-30T03:05:13Z,7,0,4,13.42,37,210
2026-07-30T03:05:15Z,0,92,32094,444.36,75,2737
2026-07-30T03:05:15Z,1,100,31854,439.32,71,2722
2026-07-30T03:05:15Z,2,0,1,16.32,35,210
2026-07-30T03:05:15Z,3,0,1,18.47,32,210
2026-07-30T03:05:15Z,4,0,29902,17.97,31,210
2026-07-30T03:05:15Z,5,0,29900,15.29,34,210
2026-07-30T03:05:15Z,6,0,4,12.75,41,210
2026-07-30T03:05:15Z,7,0,4,12.71,37,210
2026-07-30T03:05:16Z,0,100,32094,445.44,70,2242
2026-07-30T03:05:16Z,1,100,31854,449.92,71,2602
2026-07-30T03:05:16Z,2,0,1,12.84,35,210
2026-07-30T03:05:16Z,3,0,1,16.62,32,210
2026-07-30T03:05:16Z,4,0,29902,16.70,31,210
2026-07-30T03:05:16Z,5,0,29900,16.29,33,210
2026-07-30T03:05:16Z,6,0,4,10.26,41,210
2026-07-30T03:05:16Z,7,0,4,13.13,37,210
2026-07-30T03:05:18Z,0,100,32094,464.30,74,2565
2026-07-30T03:05:18Z,1,100,31854,439.79,66,2722
2026-07-30T03:05:18Z,2,0,1,13.58,35,210
2026-07-30T03:05:18Z,3,0,1,18.77,32,210
2026-07-30T03:05:18Z,4,0,29902,16.97,31,210
2026-07-30T03:05:18Z,5,0,29900,16.49,33,210
2026-07-30T03:05:18Z,6,0,4,13.04,41,210
2026-07-30T03:05:18Z,7,0,4,12.22,37,210
2026-07-30T03:05:20Z,0,91,32094,365.90,68,2790
2026-07-30T03:05:20Z,1,100,31854,454.51,71,2610
2026-07-30T03:05:20Z,2,0,1,13.93,35,210
2026-07-30T03:05:20Z,3,0,1,16.84,32,210
2026-07-30T03:05:20Z,4,0,29902,14.93,31,210
2026-07-30T03:05:20Z,5,0,29900,17.42,33,210
2026-07-30T03:05:20Z,6,0,4,10.85,41,210
2026-07-30T03:05:20Z,7,0,4,12.53,37,202
2026-07-30T03:05:21Z,0,100,32094,450.37,72,2310
2026-07-30T03:05:21Z,1,100,31854,449.85,70,2602
2026-07-30T03:05:21Z,2,0,1,15.73,35,210
2026-07-30T03:05:21Z,3,0,1,18.23,32,210
2026-07-30T03:05:21Z,4,0,29902,16.03,31,210
2026-07-30T03:05:21Z,5,0,29900,17.43,33,210
2026-07-30T03:05:21Z,6,0,4,12.29,41,210
2026-07-30T03:05:21Z,7,0,4,12.03,37,210
2026-07-30T03:05:23Z,0,100,32094,450.31,72,2430
2026-07-30T03:05:23Z,1,100,31854,449.84,71,2587
2026-07-30T03:05:23Z,2,0,1,15.99,35,210
2026-07-30T03:05:23Z,3,0,1,16.68,32,210
2026-07-30T03:05:23Z,4,0,29902,15.55,31,210
2026-07-30T03:05:23Z,5,0,29900,15.00,33,202
2026-07-30T03:05:23Z,6,0,4,10.48,41,210
2026-07-30T03:05:23Z,7,0,4,14.15,37,210
2026-07-30T03:05:25Z,0,97,32094,390.52,69,2752
2026-07-30T03:05:25Z,1,97,31854,424.34,66,2895
2026-07-30T03:05:25Z,2,0,1,13.33,35,210
2026-07-30T03:05:25Z,3,0,1,19.88,32,210
2026-07-30T03:05:25Z,4,0,29902,18.33,31,210
2026-07-30T03:05:25Z,5,0,29900,17.48,33,210
2026-07-30T03:05:25Z,6,0,4,11.36,41,210
2026-07-30T03:05:25Z,7,0,4,12.04,37,210
2026-07-30T03:05:26Z,0,99,32094,375.46,68,2797
2026-07-30T03:05:26Z,1,100,31854,450.44,69,2565
2026-07-30T03:05:26Z,2,0,1,15.36,35,210
2026-07-30T03:05:26Z,3,0,1,18.71,32,210
2026-07-30T03:05:26Z,4,0,29902,18.39,31,210
2026-07-30T03:05:26Z,5,0,29900,15.54,33,210
2026-07-30T03:05:26Z,6,0,4,11.13,41,210
2026-07-30T03:05:26Z,7,0,4,13.91,37,210
2026-07-30T03:05:28Z,0,100,32094,464.75,74,2572
2026-07-30T03:05:28Z,1,100,31854,455.34,70,2610
2026-07-30T03:05:28Z,2,0,1,12.66,35,210
2026-07-30T03:05:28Z,3,0,1,18.67,32,210
2026-07-30T03:05:28Z,4,0,29902,15.81,31,210
2026-07-30T03:05:28Z,5,0,29900,17.38,33,210
2026-07-30T03:05:28Z,6,0,4,12.57,41,210
2026-07-30T03:05:28Z,7,0,4,12.61,37,210
2026-07-30T03:05:32Z,0,100,32094,450.00,74,2602
2026-07-30T03:05:32Z,1,100,31854,453.58,70,2602
2026-07-30T03:05:32Z,2,0,1,12.92,35,210
2026-07-30T03:05:32Z,3,0,1,19.86,32,210
2026-07-30T03:05:32Z,4,0,29902,15.64,31,210
2026-07-30T03:05:32Z,5,0,29900,17.12,33,210
2026-07-30T03:05:32Z,6,0,4,10.26,41,210
2026-07-30T03:05:32Z,7,0,4,11.88,37,210
2026-07-30T03:05:33Z,0,100,32094,444.55,75,2767
2026-07-30T03:05:33Z,1,92,31854,428.94,72,2887
2026-07-30T03:05:33Z,2,0,1,15.71,35,210
2026-07-30T03:05:33Z,3,0,1,18.76,32,210
2026-07-30T03:05:33Z,4,0,29902,18.27,31,210
2026-07-30T03:05:33Z,5,0,29900,15.90,33,210
2026-07-30T03:05:33Z,6,0,4,11.53,41,210
2026-07-30T03:05:33Z,7,0,4,12.95,37,210
2026-07-30T03:05:35Z,0,100,32094,436.41,69,2745
2026-07-30T03:05:35Z,1,65,31854,439.20,72,2295
2026-07-30T03:05:35Z,2,0,1,13.40,35,210
2026-07-30T03:05:35Z,3,0,1,17.04,32,210
2026-07-30T03:05:35Z,4,0,29902,14.85,31,210
2026-07-30T03:05:35Z,5,0,29900,17.73,33,210
2026-07-30T03:05:35Z,6,0,4,11.91,41,210
2026-07-30T03:05:35Z,7,0,4,12.26,37,210
2026-07-30T03:05:37Z,0,100,32094,451.64,73,2587
2026-07-30T03:05:37Z,1,100,31854,450.39,68,2302
2026-07-30T03:05:37Z,2,0,1,16.58,35,202
2026-07-30T03:05:37Z,3,0,1,17.12,32,210
2026-07-30T03:05:37Z,4,0,29902,18.02,31,210
2026-07-30T03:05:37Z,5,0,29900,15.26,33,210
2026-07-30T03:05:37Z,6,0,4,12.18,41,210
2026-07-30T03:05:37Z,7,0,4,13.17,37,210
2026-07-30T03:05:38Z,0,100,32094,451.19,73,2572
2026-07-30T03:05:38Z,1,100,31854,450.30,68,2512
2026-07-30T03:05:38Z,2,0,1,16.12,35,210
2026-07-30T03:05:38Z,3,0,1,16.20,32,210
2026-07-30T03:05:38Z,4,0,29902,16.64,31,210
2026-07-30T03:05:38Z,5,0,29900,15.20,33,210
2026-07-30T03:05:38Z,6,0,4,11.00,41,210
2026-07-30T03:05:38Z,7,0,4,13.49,37,210
2026-07-30T03:05:40Z,0,70,32094,385.42,71,2790
2026-07-30T03:05:40Z,1,48,31854,405.19,64,2835
2026-07-30T03:05:40Z,2,0,1,14.74,35,210
2026-07-30T03:05:40Z,3,0,1,18.95,32,210
2026-07-30T03:05:40Z,4,0,29902,17.28,31,210
2026-07-30T03:05:40Z,5,0,29900,16.73,33,210
2026-07-30T03:05:40Z,6,0,4,13.25,41,210
2026-07-30T03:05:40Z,7,0,4,11.70,37,210
2026-07-30T03:05:42Z,0,100,32094,450.37,72,2557
2026-07-30T03:05:42Z,1,100,31854,464.32,70,2602
2026-07-30T03:05:42Z,2,0,1,15.77,35,210
2026-07-30T03:05:42Z,3,0,1,17.03,32,210
2026-07-30T03:05:42Z,4,0,29902,16.44,31,210
2026-07-30T03:05:42Z,5,0,29900,17.15,33,210
2026-07-30T03:05:42Z,6,0,4,9.59,41,210
2026-07-30T03:05:42Z,7,0,4,14.08,36,210
2026-07-30T03:05:43Z,0,100,32094,446.05,74,2580
2026-07-30T03:05:43Z,1,100,31854,449.85,70,2610
2026-07-30T03:05:43Z,2,0,1,15.65,35,202
2026-07-30T03:05:43Z,3,0,1,20.04,32,210
2026-07-30T03:05:43Z,4,0,29902,17.42,31,210
2026-07-30T03:05:43Z,5,0,29900,17.12,33,210
2026-07-30T03:05:43Z,6,0,4,12.17,41,210
2026-07-30T03:05:43Z,7,0,4,11.55,36,210
2026-07-30T03:05:45Z,0,100,32094,441.19,73,2752
2026-07-30T03:05:45Z,1,99,31854,435.06,66,2895
2026-07-30T03:05:45Z,2,0,1,16.15,35,210
2026-07-30T03:05:45Z,3,0,1,17.24,32,210
2026-07-30T03:05:45Z,4,0,29902,17.41,31,210
2026-07-30T03:05:45Z,5,0,29900,15.32,33,210
2026-07-30T03:05:45Z,6,0,4,12.29,40,210
2026-07-30T03:05:45Z,7,0,4,14.00,36,210
2026-07-30T03:05:46Z,0,83,32094,437.67,72,2730
2026-07-30T03:05:46Z,1,100,31854,455.20,71,2602
2026-07-30T03:05:46Z,2,0,1,14.04,35,210
2026-07-30T03:05:46Z,3,0,1,18.30,32,210
2026-07-30T03:05:46Z,4,0,29902,17.76,31,210
2026-07-30T03:05:46Z,5,0,29900,16.62,33,210
2026-07-30T03:05:46Z,6,0,4,11.03,40,210
2026-07-30T03:05:46Z,7,0,4,11.88,36,210
2026-07-30T03:05:50Z,0,100,32094,455.89,73,2580
2026-07-30T03:05:50Z,1,100,31854,446.76,66,2550
2026-07-30T03:05:50Z,2,0,1,14.01,35,210
2026-07-30T03:05:50Z,3,0,1,17.08,32,210
2026-07-30T03:05:50Z,4,0,29902,15.59,31,210
2026-07-30T03:05:50Z,5,0,29900,17.43,33,210
2026-07-30T03:05:50Z,6,0,4,11.91,40,210
2026-07-30T03:05:50Z,7,0,4,12.39,36,210
2026-07-30T03:05:52Z,0,100,32094,455.85,74,2580
2026-07-30T03:05:52Z,1,100,31854,456.42,71,2602
2026-07-30T03:05:52Z,2,0,1,16.52,35,210
2026-07-30T03:05:52Z,3,0,1,17.63,32,210
2026-07-30T03:05:52Z,4,0,29902,16.69,31,210
2026-07-30T03:05:52Z,5,0,29900,14.83,33,210
2026-07-30T03:05:52Z,6,0,4,12.20,40,210
2026-07-30T03:05:52Z,7,0,4,13.24,36,210
2026-07-30T03:05:53Z,0,100,32094,412.04,74,2745
2026-07-30T03:05:53Z,1,86,31854,405.16,70,2887
2026-07-30T03:05:53Z,2,0,1,13.22,35,210
2026-07-30T03:05:53Z,3,0,1,17.48,32,210
2026-07-30T03:05:53Z,4,0,29902,16.07,31,210
2026-07-30T03:05:53Z,5,0,29900,17.19,33,210
2026-07-30T03:05:53Z,6,0,4,10.94,40,210
2026-07-30T03:05:53Z,7,0,4,12.56,36,210
2026-07-30T03:05:55Z,0,99,32094,449.59,73,2250
2026-07-30T03:05:55Z,1,84,31854,446.49,68,2370
2026-07-30T03:05:55Z,2,0,1,15.23,35,210
2026-07-30T03:05:55Z,3,0,1,17.47,32,210
2026-07-30T03:05:55Z,4,0,29902,17.63,31,210
2026-07-30T03:05:55Z,5,0,29900,14.19,33,210
2026-07-30T03:05:55Z,6,0,4,13.07,40,210
2026-07-30T03:05:55Z,7,0,4,12.12,36,210
2026-07-30T03:05:57Z,0,100,32094,442.04,74,2580
2026-07-30T03:05:57Z,1,100,31854,450.19,69,2542
2026-07-30T03:05:57Z,2,0,1,13.41,35,210
2026-07-30T03:05:57Z,3,0,1,17.55,32,210
2026-07-30T03:05:57Z,4,0,29902,14.80,31,202
2026-07-30T03:05:57Z,5,0,29900,16.70,33,210
2026-07-30T03:05:57Z,6,0,4,10.43,40,210
2026-07-30T03:05:57Z,7,0,4,12.20,36,210
2026-07-30T03:05:58Z,0,100,32094,449.73,74,2632
2026-07-30T03:05:58Z,1,86,31854,392.50,66,2827
2026-07-30T03:05:58Z,2,0,1,16.82,35,210
2026-07-30T03:05:58Z,3,0,1,18.62,32,210
2026-07-30T03:05:58Z,4,0,29902,18.00,31,210
2026-07-30T03:05:58Z,5,0,29900,16.63,33,210
2026-07-30T03:05:58Z,6,0,4,12.55,40,210
2026-07-30T03:05:58Z,7,0,4,12.14,36,210
2026-07-30T03:06:00Z,0,100,32094,448.42,74,2737
2026-07-30T03:06:00Z,1,79,31854,400.73,68,2895
2026-07-30T03:06:00Z,2,0,1,16.28,35,210
2026-07-30T03:06:00Z,3,0,1,16.24,32,210
2026-07-30T03:06:00Z,4,0,29902,17.16,31,210
2026-07-30T03:06:00Z,5,0,29900,15.36,33,210
2026-07-30T03:06:00Z,6,0,4,11.09,40,210
2026-07-30T03:06:00Z,7,0,4,13.48,36,210
2026-07-30T03:06:02Z,0,100,32094,434.18,69,2797
2026-07-30T03:06:02Z,1,100,31854,429.79,71,2820
2026-07-30T03:06:02Z,2,0,1,13.96,35,210
2026-07-30T03:06:02Z,3,0,1,19.23,32,210
2026-07-30T03:06:02Z,4,0,29902,17.49,31,210
2026-07-30T03:06:02Z,5,0,29900,15.41,33,210
2026-07-30T03:06:02Z,6,0,4,11.79,40,210
2026-07-30T03:06:02Z,7,0,4,11.93,36,210
2026-07-30T03:06:03Z,0,100,32094,453.85,74,2580
2026-07-30T03:06:03Z,1,100,31854,449.01,71,2700
2026-07-30T03:06:03Z,2,0,1,14.61,35,210
2026-07-30T03:06:03Z,3,0,1,16.15,32,210
2026-07-30T03:06:03Z,4,0,29902,17.76,31,202
2026-07-30T03:06:03Z,5,0,29900,15.02,33,210
2026-07-30T03:06:03Z,6,0,4,11.35,40,210
2026-07-30T03:06:03Z,7,0,4,14.36,36,210
2026-07-30T03:06:05Z,0,73,32094,362.02,71,2767
2026-07-30T03:06:05Z,1,67,31854,439.51,65,2310
2026-07-30T03:06:05Z,2,0,1,13.92,35,210
2026-07-30T03:06:05Z,3,0,1,19.31,32,210
2026-07-30T03:06:05Z,4,0,29902,16.78,31,210
2026-07-30T03:06:05Z,5,0,29900,17.26,33,210
2026-07-30T03:06:05Z,6,0,4,12.05,40,210
2026-07-30T03:06:05Z,7,0,4,11.21,36,210
2026-07-30T03:06:09Z,0,99,32094,367.01,68,2797
2026-07-30T03:06:09Z,1,72,31854,385.43,65,2857
2026-07-30T03:06:09Z,2,0,1,13.42,35,210
2026-07-30T03:06:09Z,3,0,1,18.93,32,210
2026-07-30T03:06:09Z,4,0,29902,18.62,31,202
2026-07-30T03:06:09Z,5,0,29900,16.71,33,210
2026-07-30T03:06:09Z,6,0,4,9.97,40,210
2026-07-30T03:06:09Z,7,0,4,11.71,36,210
2026-07-30T03:06:10Z,0,100,32094,450.36,72,2445
2026-07-30T03:06:10Z,1,100,31854,455.11,70,2602
2026-07-30T03:06:10Z,2,0,1,14.90,35,210
2026-07-30T03:06:10Z,3,0,1,17.36,32,210
2026-07-30T03:06:10Z,4,0,29902,18.43,31,210
2026-07-30T03:06:10Z,5,0,29900,15.29,33,210
2026-07-30T03:06:10Z,6,0,4,12.59,40,210
2026-07-30T03:06:10Z,7,0,4,13.58,36,210
2026-07-30T03:06:12Z,0,100,32094,450.68,72,2437
2026-07-30T03:06:12Z,1,100,31854,450.07,69,2617
2026-07-30T03:06:12Z,2,0,1,12.67,35,210
2026-07-30T03:06:12Z,3,0,1,18.21,32,210
2026-07-30T03:06:12Z,4,0,29902,15.50,31,210
2026-07-30T03:06:12Z,5,0,29900,16.67,33,210
2026-07-30T03:06:12Z,6,0,4,11.60,40,210
2026-07-30T03:06:12Z,7,0,4,11.50,36,210
2026-07-30T03:06:14Z,0,100,32094,384.17,68,2745
2026-07-30T03:06:14Z,1,100,31854,450.13,69,2617
2026-07-30T03:06:14Z,2,0,1,15.22,35,210
2026-07-30T03:06:14Z,3,0,1,16.99,32,210
2026-07-30T03:06:14Z,4,0,29902,17.93,31,210
2026-07-30T03:06:14Z,5,0,29900,15.18,33,210
2026-07-30T03:06:14Z,6,0,4,12.32,40,210
2026-07-30T03:06:14Z,7,0,4,14.41,36,210
2026-07-30T03:06:15Z,0,100,32094,464.66,74,2572
2026-07-30T03:06:15Z,1,91,31854,440.98,69,2895
2026-07-30T03:06:15Z,2,0,1,12.47,35,210
2026-07-30T03:06:15Z,3,0,1,16.90,32,210
2026-07-30T03:06:15Z,4,0,29902,16.43,31,202
2026-07-30T03:06:15Z,5,0,29900,17.24,33,210
2026-07-30T03:06:15Z,6,0,4,11.65,40,210
2026-07-30T03:06:15Z,7,0,4,11.76,36,210
2026-07-30T03:06:17Z,0,100,32094,449.70,74,2572
2026-07-30T03:06:17Z,1,100,31854,424.94,70,2812
2026-07-30T03:06:17Z,2,0,1,13.93,35,210
2026-07-30T03:06:17Z,3,0,1,18.30,32,210
2026-07-30T03:06:17Z,4,0,29902,17.90,31,210
2026-07-30T03:06:17Z,5,0,29900,16.08,33,210
2026-07-30T03:06:17Z,6,0,4,13.11,40,210
2026-07-30T03:06:17Z,7,0,4,13.54,36,210
2026-07-30T03:06:19Z,0,100,32094,449.86,74,2677
2026-07-30T03:06:19Z,1,100,31854,449.42,70,2655
2026-07-30T03:06:19Z,2,0,1,13.08,35,210
2026-07-30T03:06:19Z,3,0,1,17.48,32,210
2026-07-30T03:06:19Z,4,0,29902,15.91,31,210
2026-07-30T03:06:19Z,5,0,29900,16.42,33,210
2026-07-30T03:06:19Z,6,0,4,10.80,40,210
2026-07-30T03:06:19Z,7,0,4,12.07,36,210
2026-07-30T03:06:20Z,0,60,32094,403.14,67,2797
2026-07-30T03:06:20Z,1,100,31854,445.08,66,2752
2026-07-30T03:06:20Z,2,0,1,15.48,35,210
2026-07-30T03:06:20Z,3,0,1,19.65,32,210
2026-07-30T03:06:20Z,4,0,29902,17.74,31,210
2026-07-30T03:06:20Z,5,0,29900,17.12,33,210
2026-07-30T03:06:20Z,6,0,4,12.53,40,210
2026-07-30T03:06:20Z,7,0,4,12.68,36,210
2026-07-30T03:06:22Z,0,98,32094,401.72,73,2700
2026-07-30T03:06:22Z,1,100,31854,439.76,70,2610
2026-07-30T03:06:22Z,2,0,1,15.28,35,210
2026-07-30T03:06:22Z,3,0,1,16.25,32,210
2026-07-30T03:06:22Z,4,0,29902,16.01,31,210
2026-07-30T03:06:22Z,5,0,29900,16.28,33,210
2026-07-30T03:06:22Z,6,0,4,11.32,40,210
2026-07-30T03:06:22Z,7,0,4,13.27,36,210
2026-07-30T03:06:24Z,0,100,32094,436.15,72,2595
2026-07-30T03:06:24Z,1,100,31854,449.71,70,2610
2026-07-30T03:06:24Z,2,0,1,13.84,35,210
2026-07-30T03:06:24Z,3,0,1,18.96,32,210
2026-07-30T03:06:24Z,4,0,29902,18.35,31,210
2026-07-30T03:06:24Z,5,0,29900,15.51,33,210
2026-07-30T03:06:24Z,6,0,4,12.88,40,210
2026-07-30T03:06:24Z,7,0,4,12.06,36,210
2026-07-30T03:06:27Z,0,74,32094,435.65,69,2430
2026-07-30T03:06:27Z,1,100,31854,418.65,71,2850
2026-07-30T03:06:27Z,2,0,1,13.88,35,210
2026-07-30T03:06:27Z,3,0,1,18.11,32,210
2026-07-30T03:06:27Z,4,0,29902,15.71,31,210
2026-07-30T03:06:27Z,5,0,29900,17.26,33,210
2026-07-30T03:06:27Z,6,0,4,12.73,40,210
2026-07-30T03:06:27Z,7,0,4,12.10,36,210
2026-07-30T03:06:29Z,0,100,32094,423.15,74,2640
2026-07-30T03:06:29Z,1,99,31854,448.50,66,2287
2026-07-30T03:06:29Z,2,0,1,16.07,35,210
2026-07-30T03:06:29Z,3,0,1,17.40,32,210
2026-07-30T03:06:29Z,4,0,29902,16.36,31,210
2026-07-30T03:06:29Z,5,0,29900,15.07,33,210
2026-07-30T03:06:29Z,6,0,4,11.12,40,210
2026-07-30T03:06:29Z,7,0,4,13.69,36,210
2026-07-30T03:06:31Z,0,99,32094,435.71,68,2527
2026-07-30T03:06:31Z,1,100,31854,465.54,69,2602
2026-07-30T03:06:31Z,2,0,1,13.26,35,210
2026-07-30T03:06:31Z,3,0,1,18.85,32,210
2026-07-30T03:06:31Z,4,0,29902,17.47,31,210
2026-07-30T03:06:31Z,5,0,29900,16.61,33,210
2026-07-30T03:06:31Z,6,0,4,10.78,40,210
2026-07-30T03:06:31Z,7,0,4,11.52,36,210
2026-07-30T03:06:32Z,0,100,32094,466.03,72,2580
2026-07-30T03:06:32Z,1,100,31854,449.91,70,2602
2026-07-30T03:06:32Z,2,0,1,14.59,35,210
2026-07-30T03:06:32Z,3,0,1,18.30,32,202
2026-07-30T03:06:32Z,4,0,29902,17.95,31,210
2026-07-30T03:06:32Z,5,0,29900,15.31,33,210
2026-07-30T03:06:32Z,6,0,4,9.78,40,210
2026-07-30T03:06:32Z,7,0,4,12.42,36,210
2026-07-30T03:06:34Z,0,100,32094,449.64,74,2565
2026-07-30T03:06:34Z,1,100,31854,450.22,70,2617
2026-07-30T03:06:34Z,2,0,1,12.48,35,210
2026-07-30T03:06:34Z,3,0,1,17.28,32,210
2026-07-30T03:06:34Z,4,0,29902,15.54,31,210
2026-07-30T03:06:34Z,5,0,29900,16.95,33,210
2026-07-30T03:06:34Z,6,0,4,10.08,40,210
2026-07-30T03:06:34Z,7,0,4,12.76,36,210
2026-07-30T03:06:35Z,0,100,32094,450.26,74,2572
2026-07-30T03:06:35Z,1,100,31854,439.82,66,2887
2026-07-30T03:06:35Z,2,0,1,15.29,35,210
2026-07-30T03:06:35Z,3,0,1,18.90,32,210
2026-07-30T03:06:35Z,4,0,29902,16.83,31,210
2026-07-30T03:06:35Z,5,0,29900,15.14,33,210
2026-07-30T03:06:35Z,6,0,4,12.11,40,210
2026-07-30T03:06:35Z,7,0,4,12.25,36,210
2026-07-30T03:06:37Z,0,100,32094,450.08,74,2580
2026-07-30T03:06:37Z,1,100,31854,464.80,70,2602
2026-07-30T03:06:37Z,2,0,1,15.42,35,210
2026-07-30T03:06:37Z,3,0,1,16.88,32,210
2026-07-30T03:06:37Z,4,0,29902,14.65,31,210
2026-07-30T03:06:37Z,5,0,29900,16.64,33,210
2026-07-30T03:06:37Z,6,0,4,10.95,40,210
2026-07-30T03:06:37Z,7,0,4,12.66,35,210
2026-07-30T03:06:39Z,0,100,32094,450.13,74,2625
2026-07-30T03:06:39Z,1,100,31854,451.63,69,2602
2026-07-30T03:06:39Z,2,0,1,14.77,35,210
2026-07-30T03:06:39Z,3,0,1,18.32,32,210
2026-07-30T03:06:39Z,4,0,29902,18.46,31,210
2026-07-30T03:06:39Z,5,0,29900,16.13,33,210
2026-07-30T03:06:39Z,6,0,4,13.33,40,210
2026-07-30T03:06:39Z,7,0,4,12.66,35,210
2026-07-30T03:06:40Z,0,74,32094,409.93,72,2797
2026-07-30T03:06:40Z,1,100,31854,448.42,71,2752
2026-07-30T03:06:40Z,2,0,1,14.77,35,210
2026-07-30T03:06:40Z,3,0,1,15.97,32,210
2026-07-30T03:06:40Z,4,0,29902,17.31,31,210
2026-07-30T03:06:40Z,5,0,29900,14.74,33,210
2026-07-30T03:06:40Z,6,0,4,10.39,39,210
2026-07-30T03:06:40Z,7,0,4,13.66,35,210
2026-07-30T03:06:42Z,0,99,32094,408.08,69,2700
2026-07-30T03:06:42Z,1,100,31854,442.08,72,2820
2026-07-30T03:06:42Z,2,0,1,13.22,35,210
2026-07-30T03:06:42Z,3,0,1,19.47,32,210
2026-07-30T03:06:42Z,4,0,29902,16.72,31,210
2026-07-30T03:06:42Z,5,0,29900,17.15,33,210
2026-07-30T03:06:42Z,6,0,4,13.08,39,210
2026-07-30T03:06:42Z,7,0,4,11.27,35,210
2026-07-30T03:06:46Z,0,100,32094,454.84,74,2565
2026-07-30T03:06:46Z,1,99,31854,435.48,66,2887
2026-07-30T03:06:46Z,2,0,1,13.79,35,210
2026-07-30T03:06:46Z,3,0,1,18.99,32,210
2026-07-30T03:06:46Z,4,0,29902,16.57,31,210
2026-07-30T03:06:46Z,5,0,29900,16.31,33,210
2026-07-30T03:06:46Z,6,0,4,11.99,39,210
2026-07-30T03:06:46Z,7,0,4,11.98,35,210
2026-07-30T03:06:48Z,0,100,32094,449.92,74,2572
2026-07-30T03:06:48Z,1,100,31854,450.44,70,2610
2026-07-30T03:06:48Z,2,0,1,14.97,35,210
2026-07-30T03:06:48Z,3,0,1,16.43,32,210
2026-07-30T03:06:48Z,4,0,29902,14.65,31,210
2026-07-30T03:06:48Z,5,0,29900,15.49,33,210
2026-07-30T03:06:48Z,6,0,4,9.56,39,210
2026-07-30T03:06:48Z,7,0,4,12.99,35,210
2026-07-30T03:06:49Z,0,100,32094,423.42,74,2752
2026-07-30T03:06:49Z,1,80,31854,421.37,67,2865
2026-07-30T03:06:49Z,2,0,1,12.31,35,210
2026-07-30T03:06:49Z,3,0,1,18.22,32,210
2026-07-30T03:06:49Z,4,0,29902,15.92,31,210
2026-07-30T03:06:49Z,5,0,29900,17.59,33,210
2026-07-30T03:06:49Z,6,0,4,12.84,39,210
2026-07-30T03:06:49Z,7,0,4,12.46,35,210
2026-07-30T03:06:51Z,0,99,32094,441.24,69,2512
2026-07-30T03:06:51Z,1,100,31854,450.44,69,2610
2026-07-30T03:06:51Z,2,0,1,15.22,35,210
2026-07-30T03:06:51Z,3,0,1,15.68,32,210
2026-07-30T03:06:51Z,4,0,29902,15.75,31,210
2026-07-30T03:06:51Z,5,0,29900,15.13,33,210
2026-07-30T03:06:51Z,6,0,4,12.00,39,210
2026-07-30T03:06:51Z,7,0,4,13.49,35,210
2026-07-30T03:06:52Z,0,100,32094,445.92,73,2587
2026-07-30T03:06:52Z,1,100,31854,459.22,71,2610
2026-07-30T03:06:52Z,2,0,1,13.10,35,210
2026-07-30T03:06:52Z,3,0,1,18.45,32,210
2026-07-30T03:06:52Z,4,0,29902,17.30,31,210
2026-07-30T03:06:52Z,5,0,29900,16.72,33,210
2026-07-30T03:06:52Z,6,0,4,11.44,39,210
2026-07-30T03:06:52Z,7,0,4,11.75,35,210
2026-07-30T03:06:54Z,0,100,32094,450.04,74,2595
2026-07-30T03:06:54Z,1,100,31854,450.04,70,2610
2026-07-30T03:06:54Z,2,0,1,15.55,35,210
2026-07-30T03:06:54Z,3,0,1,18.26,32,210
2026-07-30T03:06:54Z,4,0,29902,17.55,31,210
2026-07-30T03:06:54Z,5,0,29900,15.47,33,210
2026-07-30T03:06:54Z,6,0,4,10.98,39,210
2026-07-30T03:06:54Z,7,0,4,12.43,35,210
2026-07-30T03:06:56Z,0,99,32094,428.17,68,2587
2026-07-30T03:06:56Z,1,100,31854,449.76,70,2617
2026-07-30T03:06:56Z,2,0,1,12.43,35,210
2026-07-30T03:06:56Z,3,0,1,17.29,32,210
2026-07-30T03:06:56Z,4,0,29902,15.39,31,210
2026-07-30T03:06:56Z,5,0,29900,17.08,33,210
2026-07-30T03:06:56Z,6,0,4,9.16,39,210
2026-07-30T03:06:56Z,7,0,4,12.78,35,210
2026-07-30T03:06:57Z,0,100,32094,466.36,74,2595
2026-07-30T03:06:57Z,1,100,31854,449.85,71,2625
2026-07-30T03:06:57Z,2,0,1,16.15,35,210
2026-07-30T03:06:57Z,3,0,1,18.87,32,210
2026-07-30T03:06:57Z,4,0,29902,16.81,31,210
2026-07-30T03:06:57Z,5,0,29900,15.79,33,210
2026-07-30T03:06:57Z,6,0,4,12.13,39,210
2026-07-30T03:06:57Z,7,0,4,11.84,35,210
2026-07-30T03:06:59Z,0,100,32094,396.01,75,2767
2026-07-30T03:06:59Z,1,99,31854,439.14,66,2887
2026-07-30T03:06:59Z,2,0,1,15.00,35,210
2026-07-30T03:06:59Z,3,0,1,16.57,32,210
2026-07-30T03:06:59Z,4,0,29902,14.89,31,210
2026-07-30T03:06:59Z,5,0,29900,15.88,33,210
2026-07-30T03:06:59Z,6,0,4,10.95,39,210
2026-07-30T03:06:59Z,7,0,4,12.69,35,210
2026-07-30T03:07:01Z,0,100,32094,449.48,74,2250
2026-07-30T03:07:01Z,1,100,31854,453.18,71,2610
2026-07-30T03:07:01Z,2,0,1,13.57,35,210
2026-07-30T03:07:01Z,3,0,1,17.92,32,210
2026-07-30T03:07:01Z,4,0,29902,17.55,31,210
2026-07-30T03:07:01Z,5,0,29900,14.83,33,210
2026-07-30T03:07:01Z,6,0,4,12.88,39,210
2026-07-30T03:07:01Z,7,0,4,12.52,35,210
2026-07-30T03:07:04Z,0,84,32094,424.52,72,2790
2026-07-30T03:07:04Z,1,100,31854,450.32,68,2370
2026-07-30T03:07:04Z,2,0,1,15.38,35,210
2026-07-30T03:07:04Z,3,0,1,17.99,32,210
2026-07-30T03:07:04Z,4,0,29902,15.86,31,210
2026-07-30T03:07:04Z,5,0,29900,16.20,33,210
2026-07-30T03:07:04Z,6,0,4,11.34,39,210
2026-07-30T03:07:04Z,7,0,1,13.26,35,210
2026-07-30T03:07:06Z,0,100,32094,460.52,73,2572
2026-07-30T03:07:06Z,1,100,31854,370.16,71,2872
2026-07-30T03:07:06Z,2,0,1,15.05,35,210
2026-07-30T03:07:06Z,3,0,1,15.85,32,210
2026-07-30T03:07:06Z,4,0,29902,15.56,31,210
2026-07-30T03:07:06Z,5,0,29900,15.15,33,202
2026-07-30T03:07:06Z,6,0,4,9.93,39,210
2026-07-30T03:07:06Z,7,0,1,13.87,35,210
2026-07-30T03:07:08Z,0,100,32094,449.79,73,2572
2026-07-30T03:07:08Z,1,100,31854,449.42,68,2467
2026-07-30T03:07:08Z,2,0,1,13.25,35,202
2026-07-30T03:07:08Z,3,0,1,19.35,32,210
2026-07-30T03:07:08Z,4,0,29902,17.02,31,210
2026-07-30T03:07:08Z,5,0,29900,15.58,33,210
2026-07-30T03:07:08Z,6,0,4,11.00,39,210
2026-07-30T03:07:08Z,7,0,1,12.21,35,210
2026-07-30T03:07:09Z,0,100,32094,449.84,73,2587
2026-07-30T03:07:09Z,1,100,31854,455.76,70,2595
2026-07-30T03:07:09Z,2,0,1,14.98,35,210
2026-07-30T03:07:09Z,3,0,1,18.03,32,210
2026-07-30T03:07:09Z,4,0,29902,17.49,31,210
2026-07-30T03:07:09Z,5,0,29900,14.12,33,210
2026-07-30T03:07:09Z,6,0,4,10.82,39,210
2026-07-30T03:07:09Z,7,0,1,13.11,35,210
2026-07-30T03:07:11Z,0,100,32094,449.92,74,2580
2026-07-30T03:07:11Z,1,99,31854,427.10,66,2895
2026-07-30T03:07:11Z,2,0,1,13.65,35,210
2026-07-30T03:07:11Z,3,0,1,18.38,32,210
2026-07-30T03:07:11Z,4,0,29902,16.79,31,210
2026-07-30T03:07:11Z,5,0,29900,17.53,33,210
2026-07-30T03:07:11Z,6,0,4,11.65,39,210
2026-07-30T03:07:11Z,7,0,1,11.94,35,210
2026-07-30T03:07:12Z,0,99,32094,408.16,68,2797
2026-07-30T03:07:12Z,1,100,31854,444.04,69,2857
2026-07-30T03:07:12Z,2,0,1,15.65,35,210
2026-07-30T03:07:12Z,3,0,1,17.68,32,210
2026-07-30T03:07:12Z,4,0,29902,17.74,31,210
2026-07-30T03:07:12Z,5,0,29900,15.14,33,210
2026-07-30T03:07:12Z,6,0,4,12.11,39,210
2026-07-30T03:07:12Z,7,0,1,13.52,35,210
2026-07-30T03:07:14Z,0,100,32094,450.63,72,2265
2026-07-30T03:07:14Z,1,67,31854,411.34,67,2767
2026-07-30T03:07:14Z,2,0,1,14.40,35,202
2026-07-30T03:07:14Z,3,0,1,17.12,32,210
2026-07-30T03:07:14Z,4,0,29902,14.48,31,210
2026-07-30T03:07:14Z,5,0,29900,17.36,33,210
2026-07-30T03:07:14Z,6,0,4,10.95,39,210
2026-07-30T03:07:14Z,7,0,1,12.56,35,210
2026-07-30T03:07:16Z,0,100,32094,460.04,74,2595
2026-07-30T03:07:16Z,1,100,31854,435.07,70,2677
2026-07-30T03:07:16Z,2,0,1,15.13,35,210
2026-07-30T03:07:16Z,3,0,1,17.32,32,210
2026-07-30T03:07:16Z,4,0,29902,17.95,31,210
2026-07-30T03:07:16Z,5,0,29900,15.55,33,210
2026-07-30T03:07:16Z,6,0,4,12.83,39,210
2026-07-30T03:07:16Z,7,0,1,12.85,35,210
2026-07-30T03:07:17Z,0,100,32094,454.48,74,2565
2026-07-30T03:07:17Z,1,99,31854,437.98,65,2895
2026-07-30T03:07:17Z,2,0,1,13.70,35,210
2026-07-30T03:07:17Z,3,0,1,16.68,32,210
2026-07-30T03:07:17Z,4,0,29902,15.43,31,210
2026-07-30T03:07:17Z,5,0,29900,15.86,33,210
2026-07-30T03:07:17Z,6,0,4,9.00,39,210
2026-07-30T03:07:17Z,7,0,760,30.25,36,2512
2026-07-30T03:07:19Z,0,77,32094,364.91,66,2790
2026-07-30T03:07:19Z,1,100,31854,454.08,70,2610
2026-07-30T03:07:19Z,2,0,1,13.68,35,210
2026-07-30T03:07:19Z,3,0,1,19.08,32,210
2026-07-30T03:07:19Z,4,0,29902,16.82,31,210
2026-07-30T03:07:19Z,5,0,29900,15.59,33,210
2026-07-30T03:07:19Z,6,0,4,12.27,39,210
2026-07-30T03:07:19Z,7,0,760,63.17,36,2430
2026-07-30T03:07:23Z,0,100,32094,359.15,68,2797
2026-07-30T03:07:23Z,1,76,31854,424.49,68,2812
2026-07-30T03:07:23Z,2,0,1,13.36,35,210
2026-07-30T03:07:23Z,3,0,1,19.38,32,210
2026-07-30T03:07:23Z,4,0,29902,17.73,31,210
2026-07-30T03:07:23Z,5,0,29900,15.97,33,210
2026-07-30T03:07:23Z,6,0,4,11.39,39,210
2026-07-30T03:07:23Z,7,0,1320,62.90,36,2430
2026-07-30T03:07:24Z,0,100,32094,464.34,74,2572
2026-07-30T03:07:24Z,1,100,31854,450.36,68,2452
2026-07-30T03:07:24Z,2,0,1,16.11,35,210
2026-07-30T03:07:24Z,3,0,1,16.47,32,210
2026-07-30T03:07:24Z,4,0,29902,18.03,31,210
2026-07-30T03:07:24Z,5,0,29900,14.70,33,210
2026-07-30T03:07:24Z,6,0,4,10.89,39,210
2026-07-30T03:07:24Z,7,0,1320,62.83,36,2430
2026-07-30T03:07:26Z,0,100,32094,449.51,74,2580
2026-07-30T03:07:26Z,1,100,31854,437.81,70,2610
2026-07-30T03:07:26Z,2,0,1,12.71,35,202
2026-07-30T03:07:26Z,3,0,1,18.89,32,210
2026-07-30T03:07:26Z,4,0,29902,17.39,31,210
2026-07-30T03:07:26Z,5,0,29900,17.13,33,210
2026-07-30T03:07:26Z,6,0,1,12.24,39,210
2026-07-30T03:07:26Z,7,0,1320,61.21,36,2430
2026-07-30T03:07:27Z,0,99,32094,417.09,68,2797
2026-07-30T03:07:27Z,1,99,31854,433.41,65,2887
2026-07-30T03:07:27Z,2,0,1,14.20,35,210
2026-07-30T03:07:27Z,3,0,1,17.30,32,210
2026-07-30T03:07:27Z,4,0,29902,17.85,31,210
2026-07-30T03:07:27Z,5,0,29900,15.07,33,210
2026-07-30T03:07:27Z,6,0,1,14.49,39,210
2026-07-30T03:07:27Z,7,0,1942,77.48,36,2452
2026-07-30T03:07:29Z,0,100,32094,450.78,71,2512
2026-07-30T03:07:29Z,1,99,31854,422.91,65,2895
2026-07-30T03:07:29Z,2,0,1,12.46,35,210
2026-07-30T03:07:29Z,3,0,1,17.83,32,210
2026-07-30T03:07:29Z,4,0,29902,15.80,31,210
2026-07-30T03:07:29Z,5,0,29900,17.90,33,210
2026-07-30T03:07:29Z,6,0,1,10.57,39,210
2026-07-30T03:07:29Z,7,1,4412,143.31,37,2610
2026-07-30T03:07:30Z,0,100,32094,451.61,74,2595
2026-07-30T03:07:30Z,1,100,31854,462.98,70,2602
2026-07-30T03:07:30Z,2,0,1,14.69,35,210
2026-07-30T03:07:30Z,3,0,1,19.98,32,210
2026-07-30T03:07:30Z,4,0,29902,17.17,31,210
2026-07-30T03:07:30Z,5,0,29900,16.78,33,210
2026-07-30T03:07:30Z,6,0,1,10.54,39,210
2026-07-30T03:07:30Z,7,100,9694,450.07,46,2002
2026-07-30T03:07:32Z,0,62,32094,372.08,69,2797
2026-07-30T03:07:32Z,1,100,31854,449.84,69,2595
2026-07-30T03:07:32Z,2,0,1,14.99,35,210
2026-07-30T03:07:32Z,3,0,1,16.72,32,210
2026-07-30T03:07:32Z,4,0,29902,14.76,31,210
2026-07-30T03:07:32Z,5,0,29900,16.97,33,210
2026-07-30T03:07:32Z,6,0,1,10.32,39,210
2026-07-30T03:07:32Z,7,100,10906,450.05,47,2047
2026-07-30T03:07:33Z,0,100,32094,450.36,72,2370
2026-07-30T03:07:33Z,1,100,31854,449.60,71,2850
2026-07-30T03:07:33Z,2,0,1,14.59,35,210
2026-07-30T03:07:33Z,3,0,1,18.62,32,210
2026-07-30T03:07:33Z,4,0,29902,18.39,31,210
2026-07-30T03:07:33Z,5,0,29900,16.01,33,210
2026-07-30T03:07:33Z,6,0,1,12.17,39,210
2026-07-30T03:07:33Z,7,84,11456,446.75,49,2370
