Timestamp,User Count,Type,Name,Requests/s,Failures/s,50%,66%,75%,80%,90%,95%,98%,99%,99.9%,99.99%,100%,Total Request Count,Total Failure Count,Total Median Response Time,Total Average Response Time,Total Min Response Time,Total Max Response Time,Total Average Content Size
1785381588,0,,Aggregated,0.000000,0.000000,N/A,N/A,N/A,N/A,N/A,N/A,N/A,N/A,N/A,N/A,N/A,0,0,0,0.0,0,0,0
1785381589,0,,Aggregated,0.000000,0.000000,N/A,N/A,N/A,N/A,N/A,N/A,N/A,N/A,N/A,N/A,N/A,0,0,0,0.0,0,0,0
1785381590,8,,Aggregated,0.000000,0.000000,N/A,N/A,N/A,N/A,N/A,N/A,N/A,N/A,N/A,N/A,N/A,0,0,0,0.0,0,0,0
1785381591,8,,Aggregated,0.000000,0.000000,N/A,N/A,N/A,N/A,N/A,N/A,N/A,N/A,N/A,N/A,N/A,0,0,0,0.0,0,0,0
1785381592,8,TTFT,S1,0.000000,0.000000,0,0,0,0,0,0,0,0,0,0,0,8,0,250.0,249.00544111733325,241.9769450207241,256.672624964267,157.0
1785381592,8,total,S1,0.000000,0.000000,0,0,0,0,0,0,0,0,0,0,0,8,0,1787.0437040110119,1776.6828901367262,1765.4845479992218,1787.0437040110119,256.0
1785381592,8,,Aggregated,0.000000,0.000000,1800,1800,1800,1800,1800,1800,1800,1800,1800,1800,1800,16,0,260.0,1012.8441656270297,241.9769450207241,1787.0437040110119,206.5
1785381593,8,TTFT,S1,0.000000,0.000000,180,180,180,180,180,180,180,180,180,180,180,16,0,180.0,209.2717268751585,159.32356397388503,256.672624964267,157.0
1785381593,8,total,S1,0.000000,0.000000,1700,1700,1700,1700,1700,1700,1700,1700,1700,1700,1700,16,0,1700.0,1735.7021865718707,1672.5441489834338,1787.0437040110119,256.0
1785381593,8,,Aggregated,0.000000,0.000000,1700,1700,1800,1800,1800,1800,1800,1800,1800,1800,1800,32,0,260.0,972.4869567235146,159.32356397388503,1787.0437040110119,206.5
1785381594,8,TTFT,S1,0.000000,0.000000,180,180,180,180,180,180,180,180,180,180,180,16,0,180.0,209.2717268751585,159.32356397388503,256.672624964267,157.0
1785381594,8,total,S1,0.000000,0.000000,1700,1700,1700,1700,1700,1700,1700,1700,1700,1700,1700,16,0,1700.0,1735.7021865718707,1672.5441489834338,1787.0437040110119,256.0
1785381594,8,,Aggregated,0.000000,0.000000,1700,1700,1800,1800,1800,1800,1800,1800,1800,1800,1800,32,0,260.0,972.4869567235146,159.32356397388503,1787.0437040110119,206.5
1785381595,8,TTFT,S1,2.000000,0.000000,160,170,180,180,180,180,180,180,180,180,180,24,0,170.0,194.00198249786627,159.32356397388503,256.672624964267,157.0
1785381595,8,total,S1,2.000000,0.000000,1700,1700,1700,1700,1700,1700,1700,1700,1700,1700,1700,24,0,1700.0,1724.634284505252,1672.5441489834338,1787.0437040110119,256.0
1785381595,8,,Aggregated,4.000000,0.000000,1700,1700,1700,1700,1800,1800,1800,1800,1800,1800,1800,48,0,260.0,959.3181335015591,159.32356397388503,1787.0437040110119,206.5
1785381596,8,TTFT,S1,2.000000,0.000000,160,170,180,180,180,180,180,180,180,180,180,24,0,170.0,194.00198249786627,159.32356397388503,256.672624964267,157.0
1785381596,8,total,S1,2.000000,0.000000,1700,1700,1700,1700,1700,1700,1700,1700,1700,1700,1700,24,0,1700.0,1724.634284505252,1672.5441489834338,1787.0437040110119,256.0
1785381596,8,,Aggregated,4.000000,0.000000,1700,1700,1700,1700,1800,1800,1800,1800,1800,1800,1800,48,0,260.0,959.3181335015591,159.32356397388503,1787.0437040110119,206.5
1785381597,8,TTFT,S1,2.666667,0.000000,160,160,170,170,180,180,180,180,180,180,180,32,0,160.0,186.29116065130802,159.32356397388503,256.672624964267,157.0
1785381597,8,total,S1,2.666667,0.000000,1700,1700,1700,1700,1700,1700,1700,1700,1700,1700,1700,32,0,1700.0,1715.2950780637184,1672.5441489834338,1787.0437040110119,256.0
1785381597,8,,Aggregated,5.333333,0.000000,1700,1700,1700,1700,1800,1800,1800,1800,1800,1800,1800,64,0,260.0,950.7931193575132,159.32356397388503,1787.0437040110119,206.5
1785381598,8,TTFT,S1,3.428571,0.000000,160,160,170,170,180,180,180,180,180,180,180,40,0,160.0,181.40838659746805,158.43981399666518,256.672624964267,157.0
1785381598,8,total,S1,3.428571,0.000000,1700,1700,1700,1700,1700,1700,1700,1700,1700,1700,1700,40,0,1700.0,1711.4153496251674,1672.5441489834338,1787.0437040110119,256.0
1785381598,8,,Aggregated,6.857143,0.000000,1700,1700,1700,1700,1800,1800,1800,1800,1800,1800,1800,80,0,260.0,946.4118681113177,158.43981399666518,1787.0437040110119,206.5
1785381599,8,TTFT,S1,3.428571,0.000000,160,160,170,170,180,180,180,180,180,180,180,40,0,160.0,181.40838659746805,158.43981399666518,256.672624964267,157.0
1785381599,8,total,S1,3.428571,0.000000,1700,1700,1700,1700,1700,1700,1700,1700,1700,1700,1700,40,0,1700.0,1711.4153496251674,1672.5441489834338,1787.0437040110119,256.0
1785381599,8,,Aggregated,6.857143,0.000000,1700,1700,1700,1700,1800,1800,1800,1800,1800,1800,1800,80,0,260.0,946.4118681113177,158.43981399666518,1787.0437040110119,206.5
1785381600,8,TTFT,S1,3.555556,0.000000,160,170,170,170,180,180,180,180,180,180,180,48,0,170.0,179.93332129117334,158.43981399666518,256.672624964267,157.0
1785381600,8,total,S1,3.555556,0.000000,1700,1700,1700,1700,1700,1700,1700,1700,1700,1700,1700,48,0,1700.0,1711.9802638117108,1672.5441489834338,1787.0437040110119,256.0
1785381600,8,,Aggregated,7.111111,0.000000,1700,1700,1700,1700,1700,1700,1700,1700,1700,1700,1700,96,0,260.0,945.956792551442,158.43981399666518,1787.0437040110119,206.5
1785381601,8,TTFT,S1,3.555556,0.000000,160,170,170,170,180,180,180,180,180,180,180,48,0,170.0,179.93332129117334,158.43981399666518,256.672624964267,157.0
1785381601,8,total,S1,3.555556,0.000000,1700,1700,1700,1700,1700,1700,1700,1700,1700,1700,1700,48,0,1700.0,1711.9802638117108,1672.5441489834338,1787.0437040110119,256.0
1785381601,8,,Aggregated,7.111111,0.000000,1700,1700,1700,1700,1700,1700,1700,1700,1700,1700,1700,96,0,260.0,945.956792551442,158.43981399666518,1787.0437040110119,206.5
1785381602,8,TTFT,S1,4.000000,0.000000,160,170,170,170,180,180,180,180,180,180,180,56,0,160.0,177.6438012145393,158.43981399666518,256.672624964267,157.0
1785381602,8,total,S1,4.000000,0.000000,1700,1700,1700,1700,1700,1700,1700,1700,1700,1700,1700,56,0,1700.0,1711.3273690161545,1672.5441489834338,1787.0437040110119,256.0
1785381602,8,,Aggregated,8.000000,0.000000,1700,1700,1700,1700,1700,1700,1700,1700,1700,1700,1700,112,0,260.0,944.4855851153469,158.43981399666518,1787.0437040110119,206.5
1785381603,8,TTFT,S1,4.800000,0.000000,160,170,170,170,170,170,180,180,180,180,180,60,0,170.0,176.9658525843018,158.43981399666518,256.672624964267,157.0
1785381603,8,total,S1,4.800000,0.000000,1700,1700,1700,1700,1700,1700,1700,1700,1700,1700,1700,60,0,1700.0,1710.1830160322909,1672.5441489834338,1787.0437040110119,256.0
1785381603,8,,Aggregated,9.600000,0.000000,1700,1700,1700,1700,1700,1700,1700,1700,1700,1700,1700,120,0,260.0,943.5744343082964,158.43981399666518,1787.0437040110119,206.5
1785381604,8,TTFT,S1,4.800000,0.000000,160,170,170,170,170,180,180,180,180,180,180,64,0,170.0,176.88899893892085,158.43981399666518,256.672624964267,157.0
1785381604,8,total,S1,4.800000,0.000000,1700,1700,1700,1700,1700,1700,1700,1700,1700,1700,1700,64,0,1700.0,1711.5499345154603,1672.5441489834338,1787.0437040110119,256.0
1785381604,8,,Aggregated,9.600000,0.000000,1700,1700,1700,1700,1700,1700,1700,1700,1700,1700,1700,128,0,260.0,944.2194667271906,158.43981399666518,1787.0437040110119,206.5
1785381605,8,TTFT,S1,4.800000,0.000000,160,170,170,170,170,180,180,180,180,180,180,72,0,160.0,174.9207881398939,156.45378397312015,256.672624964267,157.0
1785381605,8,total,S1,4.800000,0.000000,1700,1700,1700,1700,1700,1700,1700,1700,1700,1700,1700,72,0,1700.0,1709.8973645002438,1669.9619090068154,1787.0437040110119,256.0
1785381605,8,,Aggregated,9.600000,0.000000,1700,1700,1700,1700,1700,1700,1700,1700,1700,1700,1700,144,0,260.0,942.4090763200688,156.45378397312015,1787.0437040110119,206.5
1785381606,8,TTFT,S1,4.800000,0.000000,160,170,170,170,170,180,180,180,180,180,180,72,0,160.0,174.9207881398939,156.45378397312015,256.672624964267,157.0
1785381606,8,total,S1,4.800000,0.000000,1700,1700,1700,1700,1700,1700,1700,1700,1700,1700,1700,72,0,1700.0,1709.8973645002438,1669.9619090068154,1787.0437040110119,256.0
1785381606,8,,Aggregated,9.600000,0.000000,1700,1700,1700,1700,1700,1700,1700,1700,1700,1700,1700,144,0,260.0,942.4090763200688,156.45378397312015,1787.0437040110119,206.5
1785381607,8,TTFT,S1,4.800000,0.000000,160,170,170,170,170,180,180,180,180,180,180,80,0,160.0,173.73416151240235,156.45378397312015,256.672624964267,157.0
1785381607,8,total,S1,4.800000,0.000000,1700,1700,1700,1700,1700,1700,1700,1700,1700,1700,1700,80,0,1700.0,1708.7171495630173,1669.9619090068154,1787.0437040110119,256.0
1785381607,8,,Aggregated,9.600000,0.000000,1700,1700,1700,1700,1700,1700,1700,1700,1700,1700,1700,160,0,260.0,941.2256555377098,156.45378397312015,1787.0437040110119,206.5
1785381608,8,TTFT,S1,4.800000,0.000000,160,170,170,170,170,180,180,180,180,180,180,84,0,160.0,172.96563449989273,156.2667730031535,256.672624964267,157.0
1785381608,8,total,S1,4.800000,0.000000,1700,1700,1700,1700,1700,1700,1700,1700,1700,1700,1700,84,0,1700.0,1706.2730414770722,1656.6773250233382,1787.0437040110119,256.0
1785381608,8,,Aggregated,9.600000,0.000000,1700,1700,1700,1700,1700,1700,1700,1700,1700,1700,1700,168,0,260.0,939.6193379884824,156.2667730031535,1787.0437040110119,206.5
1785381609,8,TTFT,S1,4.800000,0.000000,160,170,170,170,170,180,180,180,180,180,180,88,0,160.0,172.45684779481962,156.2667730031535,256.672624964267,157.0
1785381609,8,total,S1,4.800000,0.000000,1700,1700,1700,1700,1700,1700,1700,1700,1700,1700,1700,88,0,1700.0,1706.8588356136884,1656.6773250233382,1787.0437040110119,256.0
1785381609,8,,Aggregated,9.600000,0.000000,1700,1700,1700,1700,1700,1700,1700,1700,1700,1700,1700,176,0,260.0,939.657841704254,156.2667730031535,1787.0437040110119,206.5
1785381610,8,TTFT,S1,4.400000,0.000000,160,170,170,170,170,170,180,180,180,180,180,96,0,160.0,171.8728173727868,156.2667730031535,256.672624964267,157.0
1785381610,8,total,S1,4.400000,0.000000,1700,1700,1700,1700,1700,1700,1700,1700,1700,1700,1700,96,0,1700.0,1706.19094142603,1656.6773250233382,1787.0437040110119,256.0
1785381610,8,,Aggregated,8.800000,0.000000,1700,1700,1700,1700,1700,1700,1700,1700,1700,1700,1700,192,0,260.0,939.0318793994084,156.2667730031535,1787.0437040110119,206.5
1785381611,8,TTFT,S1,4.400000,0.000000,160,170,170,170,170,180,180,180,180,180,180,96,0,160.0,171.8728173727868,156.2667730031535,256.672624964267,157.0
1785381611,8,total,S1,4.400000,0.000000,1700,1700,1700,1700,1700,1700,1700,1700,1700,1700,1700,96,0,1700.0,1706.19094142603,1656.6773250233382,1787.0437040110119,256.0
1785381611,8,,Aggregated,8.800000,0.000000,1700,1700,1700,1700,1700,1700,1700,1700,1700,1700,1700,192,0,260.0,939.0318793994084,156.2667730031535,1787.0437040110119,206.5
1785381612,8,TTFT,S1,4.800000,0.000000,160,160,170,170,170,170,180,180,180,180,180,104,0,160.0,170.867776902294,153.0433099833317,256.672624964267,157.0
1785381612,8,total,S1,4.800000,0.000000,1700,1700,1700,1700,1700,1700,1700,1700,1700,1700,1700,104,0,1700.0,1704.2981955757848,1650.9293040144257,1787.0437040110119,256.0
1785381612,8,,Aggregated,9.600000,0.000000,1700,1700,1700,1700,1700,1700,1700,1700,1700,1700,1700,208,0,260.0,937.5829862390394,153.0433099833317,1787.0437040110119,206.5
1785381613,8,TTFT,S1,4.400000,0.000000,160,160,160,160,170,170,170,170,170,170,170,108,0,160.0,170.27033314688768,153.0433099833317,256.672624964267,157.0
1785381613,8,total,S1,4.400000,0.000000,1700,1700,1700,1700,1700,1700,1700,1700,1700,1700,1700,108,0,1700.0,1703.3808218327101,1650.9293040144257,1787.0437040110119,256.0
1785381613,8,,Aggregated,8.800000,0.000000,1700,1700,1700,1700,1700,1700,1700,1700,1700,1700,1700,216,0,260.0,936.8255774897989,153.0433099833317,1787.0437040110119,206.5
1785381614,8,TTFT,S1,4.800000,0.000000,160,160,170,170,170,170,170,170,170,170,170,112,0,160.0,170.21830015957156,153.0433099833317,256.672624964267,157.0
1785381614,8,total,S1,4.800000,0.000000,1700,1700,1700,1700,1700,1700,1700,1700,1700,1700,1700,112,0,1700.0,1703.9417753928449,1650.9293040144257,1787.0437040110119,256.0
1785381614,8,,Aggregated,9.600000,0.000000,1700,1700,1700,1700,1700,1700,1700,1700,1700,1700,1700,224,0,260.0,937.0800377762082,153.0433099833317,1787.0437040110119,206.5
1785381615,8,TTFT,S1,4.800000,0.000000,160,160,170,170,170,170,170,170,170,170,170,116,0,160.0,169.8609015674547,153.0433099833317,256.672624964267,157.0
1785381615,8,total,S1,4.800000,0.000000,1700,1700,1700,1700,1700,1700,1700,1700,1700,1700,1700,116,0,1700.0,1702.9965638538324,1650.9293040144257,1787.0437040110119,256.0
1785381615,8,,Aggregated,9.600000,0.000000,1700,1700,1700,1700,1700,1700,1700,1700,1700,1700,1700,232,0,260.0,936.4287327106435,153.0433099833317,1787.0437040110119,206.5
1785381616,8,TTFT,S1,4.800000,0.000000,160,170,170,170,170,170,180,180,180,180,180,120,0,160.0,170.01752278107838,153.0433099833317,256.672624964267,157.0
1785381616,8,total,S1,4.800000,0.000000,1700,1700,1700,1700,1700,1700,1700,1700,1700,1700,1700,120,0,1700.0,1703.5594911081716,1650.9293040144257,1787.0437040110119,256.0
1785381616,8,,Aggregated,9.600000,0.000000,1700,1700,1700,1700,1700,1700,1700,1700,1700,1700,1700,240,0,260.0,936.788506944625,153.0433099833317,1787.0437040110119,206.5
1785381617,8,TTFT,S1,4.800000,0.000000,160,170,170,170,170,170,180,180,180,180,180,128,0,160.0,169.58804917067027,153.0433099833317,256.672624964267,157.0
1785381617,8,total,S1,4.800000,0.000000,1700,1700,1700,1700,1700,1700,1700,1700,1700,1700,1700,128,0,1700.0,1703.252784102915,1650.9293040144257,1787.0437040110119,256.0
1785381617,8,,Aggregated,9.600000,0.000000,1700,1700,1700,1700,1700,1700,1700,1700,1700,1700,1700,256,0,260.0,936.4204166367927,153.0433099833317,1787.0437040110119,206.5
1785381618,8,TTFT,S1,4.400000,0.000000,160,170,170,170,170,170,180,180,180,180,180,132,0,160.0,169.6092742945025,153.0433099833317,256.672624964267,157.0
1785381618,8,total,S1,4.400000,0.000000,1700,1700,1700,1700,1700,1700,1700,1700,1700,1700,1700,132,0,1700.0,1702.1648389640948,1650.9293040144257,1787.0437040110119,256.0
1785381618,8,,Aggregated,8.800000,0.000000,1700,1700,1700,1700,1700,1700,1700,1700,1700,1700,1700,264,0,260.0,935.8870566292987,153.0433099833317,1787.0437040110119,206.5
1785381619,8,TTFT,S1,4.800000,0.000000,160,160,170,170,170,170,180,180,180,180,180,136,0,160.0,169.38556266840726,153.0433099833317,256.672624964267,157.0
1785381619,8,total,S1,4.800000,0.000000,1700,1700,1700,1700,1700,1700,1700,1700,1700,1700,1700,136,0,1700.0,1702.5455977521178,1650.9293040144257,1787.0437040110119,256.0
1785381619,8,,Aggregated,9.600000,0.000000,1700,1700,1700,1700,1700,1700,1700,1700,1700,1700,1700,272,0,260.0,935.9655802102626,153.0433099833317,1787.0437040110119,206.5
1785381620,8,TTFT,S1,4.800000,0.000000,160,170,170,170,180,180,180,180,180,180,180,140,0,160.0,169.61988030566968,153.0433099833317,256.672624964267,157.0
1785381620,8,total,S1,4.800000,0.000000,1700,1700,1700,1700,1700,1700,1700,1700,1700,1700,1700,140,0,1700.0,1702.0506394661165,1650.9293040144257,1787.0437040110119,256.0
1785381620,8,,Aggregated,9.600000,0.000000,1700,1700,1700,1700,1700,1700,1700,1700,1700,1700,1700,280,0,260.0,935.835259885893,153.0433099833317,1787.0437040110119,206.5
1785381621,8,TTFT,S1,4.800000,0.000000,160,170,170,170,180,180,180,180,180,180,180,144,0,160.0,169.3002741647231,153.0433099833317,256.672624964267,157.0
1785381621,8,total,S1,4.800000,0.000000,1700,1700,1700,1700,1700,1700,1700,1700,1700,1700,1700,144,0,1700.0,1702.2462049111102,1650.9293040144257,1787.0437040110119,256.0
1785381621,8,,Aggregated,9.600000,0.000000,1700,1700,1700,1700,1700,1700,1700,1700,1700,1700,1700,288,0,260.0,935.7732395379167,153.0433099833317,1787.0437040110119,206.5
1785381622,8,TTFT,S1,4.800000,0.000000,170,170,170,170,180,180,180,180,180,180,180,152,0,160.0,169.2639320179679,153.0433099833317,256.672624964267,157.0
1785381622,8,total,S1,4.800000,0.000000,1700,1700,1700,1700,1700,1700,1700,1700,1700,1700,1700,152,0,1700.0,1701.7589798304375,1650.9293040144257,1787.0437040110119,256.0
1785381622,8,,Aggregated,9.600000,0.000000,1700,1700,1700,1700,1700,1700,1700,1700,1700,1700,1700,304,0,260.0,935.5114559242027,153.0433099833317,1787.0437040110119,206.5
1785381623,8,TTFT,S1,4.800000,0.000000,170,170,170,170,180,180,180,180,180,180,180,156,0,160.0,169.11090710066043,153.0433099833317,256.672624964267,157.0
1785381623,8,total,S1,4.800000,0.000000,1700,1700,1700,1700,1700,1700,1700,1700,1700,1700,1700,156,0,1700.0,1700.8730585848052,1650.9293040144257,1787.0437040110119,256.0
1785381623,8,,Aggregated,9.600000,0.000000,1700,1700,1700,1700,1700,1700,1700,1700,1700,1700,1700,312,0,260.0,934.9919828427329,153.0433099833317,1787.0437040110119,206.5
1785381624,8,TTFT,S1,4.800000,0.000000,170,170,170,170,180,180,180,180,180,180,180,160,0,160.0,169.04617166037497,153.0433099833317,256.672624964267,157.0
1785381624,8,total,S1,4.800000,0.000000,1700,1700,1700,1700,1700,1700,1700,1700,1700,1700,1700,160,0,1700.0,1701.237856689113,1650.9293040144257,1787.0437040110119,256.0
1785381624,8,,Aggregated,9.600000,0.000000,1700,1700,1700,1700,1700,1700,1700,1700,1700,1700,1700,320,0,260.0,935.142014174744,153.0433099833317,1787.0437040110119,206.5
1785381625,8,TTFT,S1,4.400000,0.000000,160,170,170,170,170,180,180,180,180,180,180,164,0,160.0,168.8934550957794,153.0433099833317,256.672624964267,157.0
1785381625,8,total,S1,4.400000,0.000000,1700,1700,1700,1700,1700,1700,1700,1700,1700,1700,1700,164,0,1700.0,1700.8081997333736,1650.9293040144257,1787.0437040110119,256.0
1785381625,8,,Aggregated,8.800000,0.000000,1700,1700,1700,1700,1700,1700,1700,1700,1700,1700,1700,328,0,260.0,934.8508274145765,153.0433099833317,1787.0437040110119,206.5
1785381626,8,TTFT,S1,4.800000,0.000000,170,170,170,170,180,180,180,180,180,180,180,168,0,160.0,168.87594411708136,153.0433099833317,256.672624964267,157.0
1785381626,8,total,S1,4.800000,0.000000,1700,1700,1700,1700,1700,1700,1700,1700,1700,1700,1700,168,0,1700.0,1701.4885397518465,1650.9293040144257,1787.0437040110119,256.0
1785381626,8,,Aggregated,9.600000,0.000000,1700,1700,1700,1700,1700,1700,1700,1700,1700,1700,1700,336,0,260.0,935.1822419344638,153.0433099833317,1787.0437040110119,206.5
1785381627,8,TTFT,S1,4.800000,0.000000,170,170,170,170,180,180,180,180,180,180,180,172,0,160.0,168.62475215511526,153.0433099833317,256.672624964267,157.0
1785381627,8,total,S1,4.800000,0.000000,1700,1700,1700,1700,1700,1700,1700,1700,1700,1700,1700,172,0,1700.0,1701.0779791182654,1650.9293040144257,1787.0437040110119,256.0
1785381627,8,,Aggregated,9.600000,0.000000,1700,1700,1700,1700,1700,1700,1700,1700,1700,1700,1700,344,0,260.0,934.8513656366904,153.0433099833317,1787.0437040110119,206.5
1785381628,8,TTFT,S1,4.800000,0.000000,160,170,170,170,170,180,180,180,180,180,180,180,0,160.0,168.23659597559728,153.0433099833317,256.672624964267,157.0
1785381628,8,total,S1,4.800000,0.000000,1700,1700,1700,1700,1700,1700,1700,1700,1700,1700,1700,180,0,1700.0,1700.7730180067786,1650.9293040144257,1787.0437040110119,256.0
1785381628,8,,Aggregated,9.600000,0.000000,1700,1700,1700,1700,1700,1700,1700,1700,1700,1700,1700,360,0,260.0,934.5048069911879,153.0433099833317,1787.0437040110119,206.5
1785381629,8,TTFT,S1,4.800000,0.000000,160,170,170,170,170,200,200,200,200,200,200,184,0,160.0,168.86993950364464,153.0433099833317,256.672624964267,157.0
1785381629,8,total,S1,4.800000,0.000000,1700,1700,1700,1700,1700,1800,1800,1800,1800,1800,1800,184,0,1700.0,1702.100678702624,1650.9293040144257,1787.0437040110119,256.0
1785381629,8,,Aggregated,9.600000,0.000000,1700,1700,1700,1700,1700,1700,1800,1800,1800,1800,1800,368,0,260.0,935.4853091031343,153.0433099833317,1787.0437040110119,206.5
1785381630,8,TTFT,S1,4.400000,0.000000,170,170,170,170,170,200,200,200,200,200,200,188,0,160.0,168.75184812097552,153.0433099833317,256.672624964267,157.0
1785381630,8,total,S1,4.400000,0.000000,1700,1700,1700,1700,1700,1800,1800,1800,1800,1800,1800,188,0,1700.0,1701.4000113208858,1650.9293040144257,1787.0437040110119,256.0
1785381630,8,,Aggregated,8.800000,0.000000,1700,1700,1700,1700,1700,1700,1800,1800,1800,1800,1800,376,0,260.0,935.0759297209306,153.0433099833317,1787.0437040110119,206.5
1785381631,8,TTFT,S1,4.400000,0.000000,170,170,170,170,180,200,200,200,200,200,200,192,0,160.0,168.95629688406189,153.0433099833317,256.672624964267,157.0
1785381631,8,total,S1,4.400000,0.000000,1700,1700,1700,1700,1700,1800,1800,1800,1800,1800,1800,192,0,1700.0,1702.078178511935,1650.9293040144257,1787.0437040110119,256.0
1785381631,8,,Aggregated,8.800000,0.000000,1700,1700,1700,1700,1700,1700,1800,1800,1800,1800,1800,384,0,260.0,935.5172376979984,153.0433099833317,1787.0437040110119,206.5
1785381632,8,TTFT,S1,4.800000,0.000000,170,170,180,180,200,200,200,200,200,200,200,196,0,160.0,169.10610519253353,153.0433099833317,256.672624964267,157.0
1785381632,8,total,S1,4.800000,0.000000,1700,1700,1700,1700,1800,1800,1800,1800,1800,1800,1800,196,0,1700.0,1701.7792732818932,1650.9293040144257,1787.0437040110119,256.0
1785381632,8,,Aggregated,9.600000,0.000000,1700,1700,1700,1700,1700,1800,1800,1800,1800,1800,1800,392,0,260.0,935.4426892372134,153.0433099833317,1787.0437040110119,206.5
1785381633,8,TTFT,S1,4.800000,0.000000,170,180,180,180,190,200,200,200,200,200,200,204,0,160.0,169.24805441550572,153.0433099833317,256.672624964267,157.0
1785381633,8,total,S1,4.800000,0.000000,1700,1700,1700,1700,1700,1800,1800,1800,1800,1800,1800,204,0,1700.0,1701.9023882069935,1650.9293040144257,1787.0437040110119,256.0
1785381633,8,,Aggregated,9.600000,0.000000,1700,1700,1700,1700,1700,1700,1800,1800,1800,1800,1800,408,0,260.0,935.5752213112496,153.0433099833317,1787.0437040110119,206.5
1785381634,8,TTFT,S1,4.800000,0.000000,170,180,180,180,190,200,200,200,200,200,200,205,0,160.0,169.2322510379798,153.0433099833317,256.672624964267,157.0
1785381634,8,total,S1,4.800000,0.000000,1700,1700,1700,1700,1700,1800,1800,1800,1800,1800,1800,205,0,1700.0,1701.9743282597785,1650.9293040144257,1787.0437040110119,256.0
1785381634,8,,Aggregated,9.600000,0.000000,1700,1700,1700,1700,1700,1700,1800,1800,1800,1800,1800,410,0,260.0,935.6032896488791,153.0433099833317,1787.0437040110119,206.5
1785381635,8,TTFT,S1,4.800000,0.000000,160,180,180,180,190,200,200,200,200,200,200,212,0,160.0,168.93974582929349,153.0433099833317,256.672624964267,157.0
1785381635,8,total,S1,4.800000,0.000000,1700,1700,1700,1700,1700,1800,1800,1800,1800,1800,1800,212,0,1700.0,1701.4074778831719,1650.9293040144257,1787.0437040110119,256.0
1785381635,8,,Aggregated,9.600000,0.000000,1700,1700,1700,1700,1700,1700,1800,1800,1800,1800,1800,424,0,260.0,935.1736118562326,153.0433099833317,1787.0437040110119,206.5
1785381636,8,TTFT,S1,4.400000,0.000000,160,180,180,180,190,200,200,200,200,200,200,216,0,160.0,168.80050218875382,153.0433099833317,256.672624964267,157.0
1785381636,8,total,S1,4.400000,0.000000,1700,1700,1700,1700,1700,1800,1800,1800,1800,1800,1800,216,0,1700.0,1701.5669432369543,1650.9293040144257,1787.0437040110119,256.0
1785381636,8,,Aggregated,8.800000,0.000000,1700,1700,1700,1700,1700,1700,1800,1800,1800,1800,1800,432,0,260.0,935.1837227128541,153.0433099833317,1787.0437040110119,206.5
1785381637,8,TTFT,S1,4.400000,0.000000,160,180,180,180,190,200,200,200,200,200,200,220,0,160.0,168.60890904896553,153.0433099833317,256.672624964267,157.0
1785381637,8,total,S1,4.400000,0.000000,1700,1700,1700,1700,1700,1800,1800,1800,1800,1800,1800,220,0,1700.0,1700.9731257874096,1650.9293040144257,1787.0437040110119,256.0
1785381637,8,,Aggregated,8.800000,0.000000,1700,1700,1700,1700,1700,1700,1800,1800,1800,1800,1800,440,0,260.0,934.7910174181875,153.0433099833317,1787.0437040110119,206.5
1785381638,8,TTFT,S1,4.800000,0.000000,160,170,180,180,180,180,190,190,190,190,190,228,0,160.0,168.4387623806782,153.0433099833317,256.672624964267,157.0
1785381638,8,total,S1,4.800000,0.000000,1700,1700,1700,1700,1700,1700,1700,1700,1700,1700,1700,228,0,1700.0,1700.9627117247937,1650.9293040144257,1787.0437040110119,256.0
1785381638,8,,Aggregated,9.600000,0.000000,1700,1700,1700,1700,1700,1700,1700,1700,1700,1700,1700,456,0,260.0,934.700737052736,153.0433099833317,1787.0437040110119,206.5
1785381639,8,TTFT,S1,4.800000,0.000000,160,170,180,180,180,180,190,190,190,190,190,228,0,160.0,168.4387623806782,153.0433099833317,256.672624964267,157.0
1785381639,8,total,S1,4.800000,0.000000,1700,1700,1700,1700,1700,1700,1700,1700,1700,1700,1700,228,0,1700.0,1700.9627117247937,1650.9293040144257,1787.0437040110119,256.0
1785381639,8,,Aggregated,9.600000,0.000000,1700,1700,1700,1700,1700,1700,1700,1700,1700,1700,1700,456,0,260.0,934.700737052736,153.0433099833317,1787.0437040110119,206.5
1785381640,8,TTFT,S1,4.800000,0.000000,160,170,180,180,180,180,190,190,190,190,190,236,0,160.0,168.44652929112425,153.0433099833317,256.672624964267,157.0
1785381640,8,total,S1,4.800000,0.000000,1700,1700,1700,1700,1700,1700,1700,1700,1700,1700,1700,236,0,1700.0,1701.162983852555,1650.9293040144257,1787.0437040110119,256.0
1785381640,8,,Aggregated,9.600000,0.000000,1700,1700,1700,1700,1700,1700,1700,1700,1700,1700,1700,472,0,260.0,934.8047565718397,153.0433099833317,1787.0437040110119,206.5
1785381641,8,TTFT,S1,4.400000,0.000000,160,160,170,170,180,180,190,190,190,190,190,240,0,160.0,168.3708806570697,153.0433099833317,256.672624964267,157.0
1785381641,8,total,S1,4.400000,0.000000,1700,1700,1700,1700,1700,1700,1700,1700,1700,1700,1700,240,0,1700.0,1701.2793946050806,1650.9293040144257,1787.0437040110119,256.0
1785381641,8,,Aggregated,8.800000,0.000000,1700,1700,1700,1700,1700,1700,1700,1700,1700,1700,1700,480,0,260.0,934.8251376310751,153.0433099833317,1787.0437040110119,206.5
1785381642,8,TTFT,S1,4.400000,0.000000,160,160,170,170,180,180,180,180,180,180,180,244,0,160.0,168.49818199059018,153.0433099833317,256.672624964267,157.0
1785381642,8,total,S1,4.400000,0.000000,1700,1700,1700,1700,1700,1700,1700,1700,1700,1700,1700,244,0,1700.0,1701.227023631962,1650.9293040144257,1787.0437040110119,256.0
1785381642,8,,Aggregated,8.800000,0.000000,1700,1700,1700,1700,1700,1700,1700,1700,1700,1700,1700,488,0,260.0,934.8626028112761,153.0433099833317,1787.0437040110119,206.5
1785381643,8,TTFT,S1,4.400000,0.000000,160,170,170,170,180,180,180,180,180,180,180,252,0,160.0,168.49540558986416,153.0433099833317,256.672624964267,157.0
1785381643,8,total,S1,4.400000,0.000000,1700,1700,1700,1700,1700,1700,1700,1700,1700,1700,1700,252,0,1700.0,1701.2336143818666,1650.9293040144257,1787.0437040110119,256.0
1785381643,8,,Aggregated,8.800000,0.000000,1700,1700,1700,1700,1700,1700,1700,1700,1700,1700,1700,504,0,260.0,934.8645099858653,153.0433099833317,1787.0437040110119,206.5
1785381644,8,TTFT,S1,4.400000,0.000000,170,170,170,170,180,180,180,180,180,180,180,252,0,160.0,168.49540558986416,153.0433099833317,256.672624964267,157.0
1785381644,8,total,S1,4.400000,0.000000,1700,1700,1700,1700,1700,1700,1700,1700,1700,1700,1700,252,0,1700.0,1701.2336143818666,1650.9293040144257,1787.0437040110119,256.0
1785381644,8,,Aggregated,8.800000,0.000000,1700,1700,1700,1700,1700,1700,1700,1700,1700,1700,1700,504,0,260.0,934.8645099858653,153.0433099833317,1787.0437040110119,206.5
1785381645,8,TTFT,S1,4.800000,0.000000,170,170,170,170,180,180,180,180,180,180,180,260,0,160.0,168.34408481439684,153.0433099833317,256.672624964267,157.0
1785381645,8,total,S1,4.800000,0.000000,1700,1700,1700,1700,1700,1700,1700,1700,1700,1700,1700,260,0,1700.0,1701.0750209397743,1650.9293040144257,1787.0437040110119,256.0
1785381645,8,,Aggregated,9.600000,0.000000,1700,1700,1700,1700,1700,1700,1700,1700,1700,1700,1700,520,0,260.0,934.7095528770856,153.0433099833317,1787.0437040110119,206.5
1785381646,8,TTFT,S1,4.800000,0.000000,170,170,170,170,180,180,180,180,180,180,180,260,0,160.0,168.34408481439684,153.0433099833317,256.672624964267,157.0
1785381646,8,total,S1,4.800000,0.000000,1700,1700,1700,1700,1700,1700,1700,1700,1700,1700,1700,260,0,1700.0,1701.0750209397743,1650.9293040144257,1787.0437040110119,256.0
1785381646,8,,Aggregated,9.600000,0.000000,1700,1700,1700,1700,1700,1700,1700,1700,1700,1700,1700,520,0,260.0,934.7095528770856,153.0433099833317,1787.0437040110119,206.5
1785381647,8,TTFT,S1,4.800000,0.000000,170,170,170,170,180,180,180,180,180,180,180,268,0,160.0,168.21128650287812,153.0433099833317,256.672624964267,157.0
1785381647,8,total,S1,4.800000,0.000000,1700,1700,1700,1700,1700,1700,1700,1700,1700,1700,1700,268,0,1700.0,1700.9095982852593,1650.9293040144257,1787.0437040110119,256.0
1785381647,8,,Aggregated,9.600000,0.000000,1700,1700,1700,1700,1700,1700,1700,1700,1700,1700,1700,536,0,260.0,934.5604423940688,153.0433099833317,1787.0437040110119,206.5
1785381648,8,TTFT,S1,4.400000,0.000000,170,170,170,170,180,180,180,180,180,180,180,276,0,160.0,168.0853138283398,152.4545019492507,256.672624964267,157.0
1785381648,8,total,S1,4.400000,0.000000,1700,1700,1700,1700,1700,1700,1700,1700,1700,1700,1700,276,0,1700.0,1700.8568698599804,1650.9293040144257,1787.0437040110119,256.0
1785381648,8,,Aggregated,8.800000,0.000000,1700,1700,1700,1700,1700,1700,1700,1700,1700,1700,1700,552,0,260.0,934.47109184416,152.4545019492507,1787.0437040110119,206.5
1785381649,8,TTFT,S1,4.400000,0.000000,170,170,170,170,180,180,180,180,180,180,180,276,0,160.0,168.0853138283398,152.4545019492507,256.672624964267,157.0
1785381649,8,total,S1,4.400000,0.000000,1700,1700,1700,1700,1700,1700,1700,1700,1700,1700,1700,276,0,1700.0,1700.8568698599804,1650.9293040144257,1787.0437040110119,256.0
1785381649,8,,Aggregated,8.800000,0.000000,1700,1700,1700,1700,1700,1700,1700,1700,1700,1700,1700,552,0,260.0,934.47109184416,152.4545019492507,1787.0437040110119,206.5
1785381650,8,TTFT,S1,4.800000,0.000000,170,170,170,170,170,180,180,180,180,180,180,284,0,160.0,167.97314359745812,152.4545019492507,256.672624964267,157.0
1785381650,8,total,S1,4.800000,0.000000,1700,1700,1700,1700,1700,1700,1700,1700,1700,1700,1700,284,0,1700.0,1700.6561088393782,1650.9293040144257,1787.0437040110119,256.0
1785381650,8,,Aggregated,9.600000,0.000000,1700,1700,1700,1700,1700,1700,1700,1700,1700,1700,1700,568,0,260.0,934.3146262184182,152.4545019492507,1787.0437040110119,206.5
1785381651,8,TTFT,S1,4.800000,0.000000,170,170,170,170,170,170,180,180,180,180,180,284,0,160.0,167.97314359745812,152.4545019492507,256.672624964267,157.0
1785381651,8,total,S1,4.800000,0.000000,1700,1700,1700,1700,1700,1700,1700,1700,1700,1700,1700,284,0,1700.0,1700.6561088393782,1650.9293040144257,1787.0437040110119,256.0
1785381651,8,,Aggregated,9.600000,0.000000,1700,1700,1700,1700,1700,1700,1700,1700,1700,1700,1700,568,0,260.0,934.3146262184182,152.4545019492507,1787.0437040110119,206.5
1785381652,8,TTFT,S1,4.800000,0.000000,160,170,170,170,170,170,180,180,180,180,180,292,0,160.0,167.73435502665512,152.4545019492507,256.672624964267,157.0
1785381652,8,total,S1,4.800000,0.000000,1700,1700,1700,1700,1700,1700,1700,1700,1700,1700,1700,292,0,1700.0,1700.2605711249873,1650.9293040144257,1787.0437040110119,256.0
1785381652,8,,Aggregated,9.600000,0.000000,1700,1700,1700,1700,1700,1700,1700,1700,1700,1700,1700,584,0,260.0,933.9974630758212,152.4545019492507,1787.0437040110119,206.5
1785381653,8,TTFT,S1,4.800000,0.000000,160,160,170,170,170,170,180,180,180,180,180,300,0,160.0,167.38333211571444,148.64383300300688,256.672624964267,157.0
1785381653,8,total,S1,4.800000,0.000000,1700,1700,1700,1700,1700,1700,1700,1700,1700,1700,1700,300,0,1700.0,1700.0386871546896,1650.9293040144257,1787.0437040110119,256.0
1785381653,8,,Aggregated,9.600000,0.000000,1700,1700,1700,1700,1700,1700,1700,1700,1700,1700,1700,600,0,260.0,933.711009635202,148.64383300300688,1787.0437040110119,206.5
1785381654,8,TTFT,S1,4.800000,0.000000,160,160,170,170,170,170,180,180,180,180,180,300,0,160.0,167.38333211571444,148.64383300300688,256.672624964267,157.0
1785381654,8,total,S1,4.800000,0.000000,1700,1700,1700,1700,1700,1700,1700,1700,1700,1700,1700,300,0,1700.0,1700.0386871546896,1650.9293040144257,1787.0437040110119,256.0
1785381654,8,,Aggregated,9.600000,0.000000,1700,1700,1700,1700,1700,1700,1700,1700,1700,1700,1700,600,0,260.0,933.711009635202,148.64383300300688,1787.0437040110119,206.5
1785381655,8,TTFT,S1,4.800000,0.000000,160,170,170,170,170,170,180,180,180,180,180,308,0,160.0,167.40805403818527,148.64383300300688,256.672624964267,157.0
1785381655,8,total,S1,4.800000,0.000000,1700,1700,1700,1700,1700,1700,1700,1700,1700,1700,1700,308,0,1700.0,1699.976057160794,1650.9293040144257,1787.0437040110119,256.0
1785381655,8,,Aggregated,9.600000,0.000000,1700,1700,1700,1700,1700,1700,1700,1700,1700,1700,1700,616,0,260.0,933.6920555994895,148.64383300300688,1787.0437040110119,206.5
1785381656,8,TTFT,S1,4.800000,0.000000,160,170,170,170,170,170,180,180,180,180,180,308,0,160.0,167.40805403818527,148.64383300300688,256.672624964267,157.0
1785381656,8,total,S1,4.800000,0.000000,1700,1700,1700,1700,1700,1700,1700,1700,1700,1700,1700,308,0,1700.0,1699.976057160794,1650.9293040144257,1787.0437040110119,256.0
1785381656,8,,Aggregated,9.600000,0.000000,1700,1700,1700,1700,1700,1700,1700,1700,1700,1700,1700,616,0,260.0,933.6920555994895,148.64383300300688,1787.0437040110119,206.5
1785381657,8,TTFT,S1,4.800000,0.000000,160,170,170,170,170,170,170,170,170,170,170,316,0,160.0,167.311933512182,148.64383300300688,256.672624964267,157.0
1785381657,8,total,S1,4.800000,0.000000,1700,1700,1700,1700,1700,1700,1700,1700,1700,1700,1700,316,0,1700.0,1699.9637538119944,1650.9293040144257,1787.0437040110119,256.0
1785381657,8,,Aggregated,9.600000,0.000000,1700,1700,1700,1700,1700,1700,1700,1700,1700,1700,1700,632,0,260.0,933.6378436620882,148.64383300300688,1787.0437040110119,206.5
1785381658,8,TTFT,S1,4.800000,0.000000,160,170,170,170,170,170,170,170,170,170,170,320,0,160.0,167.19590919965412,148.64383300300688,256.672624964267,157.0
1785381658,8,total,S1,4.800000,0.000000,1700,1700,1700,1700,1700,1700,1700,1700,1700,1700,1700,320,0,1700.0,1699.4882519391467,1650.9293040144257,1787.0437040110119,256.0
1785381658,8,,Aggregated,9.600000,0.000000,1700,1700,1700,1700,1700,1700,1700,1700,1700,1700,1700,640,0,260.0,933.3420805694004,148.64383300300688,1787.0437040110119,206.5
1785381659,8,TTFT,S1,4.800000,0.000000,160,160,170,170,170,170,170,170,170,170,170,324,0,160.0,167.11650380539928,148.64383300300688,256.672624964267,157.0
1785381659,8,total,S1,4.800000,0.000000,1700,1700,1700,1700,1700,1700,1700,1700,1700,1700,1700,324,0,1700.0,1699.7005857425213,1650.9293040144257,1787.0437040110119,256.0
1785381659,8,,Aggregated,9.600000,0.000000,1700,1700,1700,1700,1700,1700,1700,1700,1700,1700,1700,648,0,260.0,933.4085447739603,148.64383300300688,1787.0437040110119,206.5
1785381660,8,TTFT,S1,4.800000,0.000000,160,160,170,170,170,170,170,170,170,170,170,332,0,160.0,166.87897281003808,148.64383300300688,256.672624964267,157.0
1785381660,8,total,S1,4.800000,0.000000,1700,1700,1700,1700,1700,1700,1700,1700,1700,1700,1700,332,0,1700.0,1699.5770236011244,1650.9293040144257,1787.0437040110119,256.0
1785381660,8,,Aggregated,9.600000,0.000000,1700,1700,1700,1700,1700,1700,1700,1700,1700,1700,1700,664,0,260.0,933.2279982055812,148.64383300300688,1787.0437040110119,206.5
1785381661,8,TTFT,S1,4.800000,0.000000,160,160,170,170,170,170,170,170,170,170,170,332,0,160.0,166.87897281003808,148.64383300300688,256.672624964267,157.0
1785381661,8,total,S1,4.800000,0.000000,1700,1700,1700,1700,1700,1700,1700,1700,1700,1700,1700,332,0,1700.0,1699.5770236011244,1650.9293040144257,1787.0437040110119,256.0
1785381661,8,,Aggregated,9.600000,0.000000,1700,1700,1700,1700,1700,1700,1700,1700,1700,1700,1700,664,0,260.0,933.2279982055812,148.64383300300688,1787.0437040110119,206.5
1785381662,8,TTFT,S1,4.800000,0.000000,160,160,170,170,170,170,170,170,170,170,170,340,0,160.0,166.67147673776046,148.64383300300688,256.672624964267,157.0
1785381662,8,total,S1,4.800000,0.000000,1700,1700,1700,1700,1700,1700,1700,1700,1700,1700,1700,340,0,1700.0,1699.490052454776,1650.9293040144257,1787.0437040110119,256.0
1785381662,8,,Aggregated,9.600000,0.000000,1700,1700,1700,1700,1700,1700,1700,1700,1700,1700,1700,680,0,260.0,933.0807645962683,148.64383300300688,1787.0437040110119,206.5
1785381663,8,TTFT,S1,4.800000,0.000000,160,160,170,170,170,170,170,170,170,170,170,344,0,160.0,166.56927432801282,148.64383300300688,256.672624964267,157.0
1785381663,8,total,S1,4.800000,0.000000,1700,1700,1700,1700,1700,1700,1700,1700,1700,1700,1700,344,0,1700.0,1699.1974453070893,1650.9293040144257,1787.0437040110119,256.0
1785381663,8,,Aggregated,9.600000,0.000000,1700,1700,1700,1700,1700,1700,1700,1700,1700,1700,1700,688,0,260.0,932.8833598175511,148.64383300300688,1787.0437040110119,206.5
1785381664,8,TTFT,S1,4.800000,0.000000,160,160,170,170,170,170,170,170,170,170,170,348,0,160.0,166.45906582704194,148.64383300300688,256.672624964267,157.0
1785381664,8,total,S1,4.800000,0.000000,1700,1700,1700,1700,1700,1700,1700,1700,1700,1700,1700,348,0,1700.0,1699.3907827142314,1650.9293040144257,1787.0437040110119,256.0
1785381664,8,,Aggregated,9.600000,0.000000,1700,1700,1700,1700,1700,1700,1700,1700,1700,1700,1700,696,0,260.0,932.9249242706367,148.64383300300688,1787.0437040110119,206.5
1785381665,8,TTFT,S1,4.800000,0.000000,160,160,160,160,160,170,170,170,170,170,170,356,0,160.0,166.23217228873963,148.64383300300688,256.672624964267,157.0
1785381665,8,total,S1,4.800000,0.000000,1700,1700,1700,1700,1700,1700,1700,1700,1700,1700,1700,356,0,1700.0,1699.1365990688791,1650.9293040144257,1787.0437040110119,256.0
1785381665,8,,Aggregated,9.600000,0.000000,1700,1700,1700,1700,1700,1700,1700,1700,1700,1700,1700,712,0,260.0,932.6843856788093,148.64383300300688,1787.0437040110119,206.5
1785381666,8,TTFT,S1,4.800000,0.000000,160,160,160,160,160,170,170,170,170,170,170,356,0,160.0,166.23217228873963,148.64383300300688,256.672624964267,157.0
1785381666,8,total,S1,4.800000,0.000000,1700,1700,1700,1700,1700,1700,1700,1700,1700,1700,1700,356,0,1700.0,1699.1365990688791,1650.9293040144257,1787.0437040110119,256.0
1785381666,8,,Aggregated,9.600000,0.000000,1700,1700,1700,1700,1700,1700,1700,1700,1700,1700,1700,712,0,260.0,932.6843856788093,148.64383300300688,1787.0437040110119,206.5
1785381667,8,TTFT,S1,4.800000,0.000000,160,160,160,160,160,160,160,160,160,160,160,364,0,160.0,166.04227001604798,148.64383300300688,256.672624964267,157.0
1785381667,8,total,S1,4.800000,0.000000,1700,1700,1700,1700,1700,1700,1700,1700,1700,1700,1700,364,0,1700.0,1698.861799817238,1650.9293040144257,1787.0437040110119,256.0
1785381667,8,,Aggregated,9.600000,0.000000,1700,1700,1700,1700,1700,1700,1700,1700,1700,1700,1700,728,0,260.0,932.452034916643,148.64383300300688,1787.0437040110119,206.5
1785381668,8,TTFT,S1,4.800000,0.000000,160,160,160,160,160,160,170,170,170,170,170,368,0,160.0,166.01260734450594,148.64383300300688,256.672624964267,157.0
1785381668,8,total,S1,4.800000,0.000000,1700,1700,1700,1700,1700,1700,1700,1700,1700,1700,1700,368,0,1700.0,1698.556253740168,1650.9293040144257,1787.0437040110119,256.0
1785381668,8,,Aggregated,9.600000,0.000000,1700,1700,1700,1700,1700,1700,1700,1700,1700,1700,1700,736,0,260.0,932.284430542337,148.64383300300688,1787.0437040110119,206.5
1785381669,8,TTFT,S1,4.800000,0.000000,160,160,160,160,160,160,170,170,170,170,170,372,0,160.0,165.9195758353841,148.64383300300688,256.672624964267,157.0
1785381669,8,total,S1,4.800000,0.000000,1700,1700,1700,1700,1700,1700,1700,1700,1700,1700,1700,372,0,1700.0,1698.6100487911733,1650.9293040144257,1787.0437040110119,256.0
1785381669,8,,Aggregated,9.600000,0.000000,1700,1700,1700,1700,1700,1700,1700,1700,1700,1700,1700,744,0,260.0,932.2648123132788,148.64383300300688,1787.0437040110119,206.5
1785381670,8,TTFT,S1,4.800000,0.000000,160,160,160,160,160,160,170,170,170,170,170,376,0,160.0,165.83974957370145,148.64383300300688,256.672624964267,157.0
1785381670,8,total,S1,4.800000,0.000000,1700,1700,1700,1700,1700,1700,1700,1700,1700,1700,1700,376,0,1700.0,1698.534688705664,1650.9293040144257,1787.0437040110119,256.0
1785381670,8,,Aggregated,9.600000,0.000000,1700,1700,1700,1700,1700,1700,1700,1700,1700,1700,1700,752,0,260.0,932.1872191396827,148.64383300300688,1787.0437040110119,206.5
1785381671,8,TTFT,S1,4.800000,0.000000,160,160,160,160,170,170,180,180,180,180,180,380,0,160.0,165.94022696755067,148.64383300300688,256.672624964267,157.0
1785381671,8,total,S1,4.800000,0.000000,1700,1700,1700,1700,1700,1700,1700,1700,1700,1700,1700,380,0,1700.0,1698.8424445087348,1650.9293040144257,1787.0437040110119,256.0
1785381671,8,,Aggregated,9.600000,0.000000,1700,1700,1700,1700,1700,1700,1700,1700,1700,1700,1700,760,0,260.0,932.3913357381427,148.64383300300688,1787.0437040110119,206.5
1785381672,8,TTFT,S1,4.800000,0.000000,160,160,160,160,170,170,180,180,180,180,180,388,0,160.0,165.91864520565068,148.64383300300688,256.672624964267,157.0
1785381672,8,total,S1,4.800000,0.000000,1700,1700,1700,1700,1700,1700,1700,1700,1700,1700,1700,388,0,1700.0,1698.7100453671073,1650.9293040144257,1787.0437040110119,256.0
1785381672,8,,Aggregated,9.600000,0.000000,1700,1700,1700,1700,1700,1700,1700,1700,1700,1700,1700,776,0,260.0,932.314345286379,148.64383300300688,1787.0437040110119,206.5
1785381673,8,TTFT,S1,4.800000,0.000000,160,160,160,170,170,170,180,180,180,180,180,389,0,160.0,165.90817137738057,148.64383300300688,256.672624964267,157.0
1785381673,8,total,S1,4.800000,0.000000,1700,1700,1700,1700,1700,1700,1700,1700,1700,1700,1700,389,0,1700.0,1698.644033109154,1650.9293040144257,1787.0437040110119,256.0
1785381673,8,,Aggregated,9.600000,0.000000,1700,1700,1700,1700,1700,1700,1700,1700,1700,1700,1700,778,0,260.0,932.2761022432672,148.64383300300688,1787.0437040110119,206.5
1785381674,8,TTFT,S1,4.800000,0.000000,160,160,160,170,170,170,180,180,180,180,180,396,0,160.0,165.7761977976682,148.64383300300688,256.672624964267,157.0
1785381674,8,total,S1,4.800000,0.000000,1700,1700,1700,1700,1700,1700,1700,1700,1700,1700,1700,396,0,1700.0,1698.4977293522932,1650.9293040144257,1787.0437040110119,256.0
1785381674,8,,Aggregated,9.600000,0.000000,1700,1700,1700,1700,1700,1700,1700,1700,1700,1700,1700,792,0,260.0,932.1369635749807,148.64383300300688,1787.0437040110119,206.5
1785381675,8,TTFT,S1,4.800000,0.000000,160,160,160,170,170,170,180,180,180,180,180,400,0,160.0,165.68960896984208,148.64383300300688,256.672624964267,157.0
1785381675,8,total,S1,4.800000,0.000000,1700,1700,1700,1700,1700,1700,1700,1700,1700,1700,1700,400,0,1700.0,1698.1407663715072,1650.9293040144257,1787.0437040110119,256.0
1785381675,8,,Aggregated,9.600000,0.000000,1700,1700,1700,1700,1700,1700,1700,1700,1700,1700,1700,800,0,260.0,931.9151876706746,148.64383300300688,1787.0437040110119,206.5
1785381676,8,TTFT,S1,4.800000,0.000000,160,160,170,170,180,250,250,250,250,250,250,404,0,160.0,166.5227245072613,148.64383300300688,256.672624964267,157.0
1785381676,8,total,S1,4.800000,0.000000,1700,1700,1700,1700,1700,1800,1800,1800,1800,1800,1800,404,0,1700.0,1699.2936458010433,1650.9293040144257,1815.4382290085778,256.0
1785381676,8,,Aggregated,9.600000,0.000000,1700,1700,1700,1700,1700,1700,1800,1800,1800,1800,1800,808,0,260.0,932.9081851541523,148.64383300300688,1815.4382290085778,206.5
1785381677,8,TTFT,S1,4.800000,0.000000,160,170,170,180,210,250,250,250,250,250,250,408,0,160.0,166.89958534541302,148.64383300300688,256.672624964267,157.0
1785381677,8,total,S1,4.800000,0.000000,1700,1700,1700,1700,1700,1800,1800,1800,1800,1800,1800,408,0,1700.0,1699.6154983274869,1650.9293040144257,1815.4382290085778,256.0
1785381677,8,,Aggregated,9.600000,0.000000,1700,1700,1700,1700,1700,1700,1800,1800,1800,1800,1800,816,0,260.0,933.25754183645,148.64383300300688,1815.4382290085778,206.5
1785381678,8,TTFT,S1,4.800000,0.000000,170,170,180,200,250,250,250,250,250,250,250,412,0,160.0,167.0242834636191,148.64383300300688,256.672624964267,157.0
1785381678,8,total,S1,4.800000,0.000000,1700,1700,1700,1700,1800,1800,1800,1800,1800,1800,1800,412,0,1700.0,1700.0090623026074,1650.9293040144257,1815.4382290085778,256.0
1785381678,8,,Aggregated,9.600000,0.000000,1700,1700,1700,1700,1700,1800,1800,1800,1800,1800,1800,824,0,260.0,933.5166728831133,148.64383300300688,1815.4382290085778,206.5
1785381679,16,TTFT,S1,4.400000,0.000000,170,170,180,180,210,250,250,250,250,250,250,420,0,160.0,167.098012685615,148.64383300300688,256.672624964267,157.0
1785381679,16,total,S1,4.400000,0.000000,1700,1700,1800,1800,1800,1900,1900,1900,1900,1900,1900,420,0,1700.0,1702.9241465373032,1650.9293040144257,1935.9078470151871,256.0
1785381679,16,,Aggregated,8.800000,0.000000,1700,1700,1700,1700,1800,1800,1900,1900,1900,1900,1900,840,0,260.0,935.0110796114591,148.64383300300688,1935.9078470151871,206.5
1785381680,16,TTFT,S1,4.400000,0.000000,170,170,180,200,250,250,250,250,250,250,250,420,0,160.0,167.098012685615,148.64383300300688,256.672624964267,157.0
1785381680,16,total,S1,4.400000,0.000000,1700,1700,1800,1800,1900,1900,1900,1900,1900,1900,1900,420,0,1700.0,1702.9241465373032,1650.9293040144257,1935.9078470151871,256.0
1785381680,16,,Aggregated,8.800000,0.000000,1700,1700,1700,1700,1800,1900,1900,1900,1900,1900,1900,840,0,260.0,935.0110796114591,148.64383300300688,1935.9078470151871,206.5
1785381681,16,TTFT,S1,4.800000,0.000000,160,170,180,180,210,250,250,250,250,250,250,432,0,160.0,165.77143680061218,96.45051998086274,256.672624964267,157.0
1785381681,16,total,S1,4.800000,0.000000,1700,1800,1900,2000,2100,2100,2100,2100,2100,2100,2100,432,0,1700.0,1713.4649919876042,1650.9293040144257,2123.2071229605936,256.0
1785381681,16,,Aggregated,9.600000,0.000000,1700,1700,1700,1800,2000,2100,2100,2100,2100,2100,2100,864,0,260.0,939.6182143941082,96.45051998086274,2123.2071229605936,206.5
1785381682,16,TTFT,S1,4.400000,0.000000,170,170,180,180,210,250,250,250,250,250,250,436,0,160.0,165.86038764190238,96.45051998086274,256.672624964267,157.0
1785381682,16,total,S1,4.400000,0.000000,1800,1900,2100,2100,2100,2100,2100,2100,2100,2100,2100,436,0,1700.0,1717.0598259052301,1650.9293040144257,2123.2071229605936,256.0
1785381682,16,,Aggregated,8.800000,0.000000,1700,1700,1800,1900,2100,2100,2100,2100,2100,2100,2100,872,0,260.0,941.4601067735663,96.45051998086274,2123.2071229605936,206.5
1785381683,16,TTFT,S1,4.400000,0.000000,170,170,180,180,210,250,250,250,250,250,250,448,0,160.0,165.30028589477297,96.45051998086274,256.672624964267,157.0
1785381683,16,total,S1,4.400000,0.000000,2000,2100,2100,2100,2100,2100,2100,2100,2100,2100,2100,448,0,1700.0,1727.5623815348808,1650.9293040144257,2123.2071229605936,256.0
1785381683,16,,Aggregated,8.800000,0.000000,1700,1800,2000,2100,2100,2100,2100,2100,2100,2100,2100,896,0,260.0,946.4313337148269,96.45051998086274,2123.2071229605936,206.5
1785381684,16,TTFT,S1,5.200000,0.000000,170,170,180,180,210,250,250,250,250,250,250,452,0,160.0,165.28543690889168,96.45051998086274,256.672624964267,157.0
1785381684,16,total,S1,5.200000,0.000000,2100,2100,2100,2100,2100,2100,2100,2100,2100,2100,2100,452,0,1700.0,1730.8638992047647,1650.9293040144257,2123.2071229605936,256.0
1785381684,16,,Aggregated,10.400000,0.000000,1700,1900,2100,2100,2100,2100,2100,2100,2100,2100,2100,904,0,260.0,948.0746680568282,96.45051998086274,2123.2071229605936,206.5
1785381685,16,TTFT,S1,4.800000,0.000000,170,170,170,170,180,200,210,210,210,210,210,464,0,160.0,164.66907552340075,96.44051501527429,256.672624964267,157.0
1785381685,16,total,S1,4.800000,0.000000,2100,2100,2100,2100,2100,2100,2100,2100,2100,2100,2100,464,0,1700.0,1741.0468519514764,1650.9293040144257,2132.8648579656146,256.0
1785381685,16,,Aggregated,9.600000,0.000000,1700,2000,2100,2100,2100,2100,2100,2100,2100,2100,2100,928,0,260.0,952.8579637374386,96.44051501527429,2132.8648579656146,206.5
1785381686,16,TTFT,S1,6.000000,0.000000,160,170,170,170,180,180,180,180,180,180,180,468,0,160.0,164.6548642967947,96.44051501527429,256.672624964267,157.0
1785381686,16,total,S1,6.000000,0.000000,2100,2100,2100,2100,2100,2100,2100,2100,2100,2100,2100,468,0,1700.0,1744.1120451292854,1650.9293040144257,2132.8648579656146,256.0
1785381686,16,,Aggregated,12.000000,0.000000,1700,2100,2100,2100,2100,2100,2100,2100,2100,2100,2100,936,0,260.0,954.3834547130401,96.44051501527429,2132.8648579656146,206.5
1785381687,16,TTFT,S1,5.600000,0.000000,160,170,170,170,170,170,180,180,180,180,180,480,0,160.0,164.0689532413186,96.44051501527429,256.672624964267,157.0
1785381687,16,total,S1,5.600000,0.000000,2100,2100,2100,2100,2100,2100,2100,2100,2100,2100,2100,480,0,1700.0,1753.3033937611133,1650.9293040144257,2132.8648579656146,256.0
1785381687,16,,Aggregated,11.200000,0.000000,1800,2100,2100,2100,2100,2100,2100,2100,2100,2100,2100,960,0,260.0,958.6861735012159,96.44051501527429,2132.8648579656146,206.5
1785381688,16,TTFT,S1,6.400000,0.000000,160,170,170,170,170,170,170,180,180,180,180,484,0,160.0,164.10966161138202,96.44051501527429,256.672624964267,157.0
1785381688,16,total,S1,6.400000,0.000000,2100,2100,2100,2100,2100,2100,2100,2100,2100,2100,2100,484,0,1700.0,1756.0178956267287,1650.9293040144257,2132.8648579656146,256.0
1785381688,16,,Aggregated,12.800000,0.000000,1900,2100,2100,2100,2100,2100,2100,2100,2100,2100,2100,968,0,260.0,960.0637786190554,96.44051501527429,2132.8648579656146,206.5
1785381689,16,TTFT,S1,6.400000,0.000000,160,170,170,170,170,170,170,180,180,180,180,496,0,160.0,163.59935062252092,94.79936899151653,256.672624964267,157.0
1785381689,16,total,S1,6.400000,0.000000,2100,2100,2100,2100,2100,2100,2100,2100,2100,2100,2100,496,0,1700.0,1764.7982439823775,1650.9293040144257,2134.4993870006874,256.0
1785381689,16,,Aggregated,12.800000,0.000000,2000,2100,2100,2100,2100,2100,2100,2100,2100,2100,2100,992,0,260.0,964.1987973024492,94.79936899151653,2134.4993870006874,206.5
1785381690,16,TTFT,S1,7.200000,0.000000,160,170,170,170,170,170,170,180,180,180,180,500,0,160.0,163.58155409945175,94.79936899151653,256.672624964267,157.0
1785381690,16,total,S1,7.200000,0.000000,2100,2100,2100,2100,2100,2100,2100,2100,2100,2100,2100,500,0,1700.0,1767.3936236985028,1650.9293040144257,2134.4993870006874,256.0
1785381690,16,,Aggregated,14.400000,0.000000,2100,2100,2100,2100,2100,2100,2100,2100,2100,2100,2100,1000,0,260.0,965.4875888989773,94.79936899151653,2134.4993870006874,206.5
1785381691,16,TTFT,S1,8.000000,0.000000,160,160,170,170,170,170,170,170,170,170,170,512,0,160.0,163.03785403260918,94.79936899151653,256.672624964267,157.0
1785381691,16,total,S1,8.000000,0.000000,2100,2100,2100,2100,2100,2100,2100,2100,2100,2100,2100,512,0,1700.0,1775.2480860765445,1650.9293040144257,2134.4993870006874,256.0
1785381691,16,,Aggregated,16.000000,0.000000,2100,2100,2100,2100,2100,2100,2100,2100,2100,2100,2100,1024,0,260.0,969.1429700545768,94.79936899151653,2134.4993870006874,206.5
1785381692,16,TTFT,S1,8.000000,0.000000,160,160,170,170,170,170,170,170,170,170,170,516,0,160.0,163.05955793742856,94.79936899151653,256.672624964267,157.0
1785381692,16,total,S1,8.000000,0.000000,2100,2100,2100,2100,2100,2100,2100,2100,2100,2100,2100,516,0,1700.0,1777.853189101226,1650.9293040144257,2134.4993870006874,256.0
1785381692,16,,Aggregated,16.000000,0.000000,2100,2100,2100,2100,2100,2100,2100,2100,2100,2100,2100,1032,0,260.0,970.4563735193274,94.79936899151653,2134.4993870006874,206.5
1785381693,16,TTFT,S1,7.600000,0.000000,160,160,170,170,170,170,170,170,170,170,170,528,0,160.0,162.6132902080523,94.79936899151653,256.672624964267,157.0
1785381693,16,total,S1,7.600000,0.000000,2100,2100,2100,2100,2100,2100,2100,2100,2100,2100,2100,528,0,1700.0,1785.955151042303,1650.9293040144257,2146.337486046832,256.0
1785381693,16,,Aggregated,15.200000,0.000000,2100,2100,2100,2100,2100,2100,2100,2100,2100,2100,2100,1056,0,260.0,974.2842206251777,94.79936899151653,2146.337486046832,206.5
1785381694,16,TTFT,S1,7.600000,0.000000,160,160,170,170,170,170,170,170,170,170,170,532,0,160.0,162.60621724020046,94.79936899151653,256.672624964267,157.0
1785381694,16,total,S1,7.600000,0.000000,2100,2100,2100,2100,2100,2100,2100,2100,2100,2100,2100,532,0,1700.0,1788.2093054706781,1650.9293040144257,2146.337486046832,256.0
1785381694,16,,Aggregated,15.200000,0.000000,2100,2100,2100,2100,2100,2100,2100,2100,2100,2100,2100,1064,0,260.0,975.4077613554392,94.79936899151653,2146.337486046832,206.5
1785381695,16,TTFT,S1,7.600000,0.000000,160,160,170,170,170,170,170,170,170,170,170,540,0,160.0,162.18119869590737,94.79936899151653,256.672624964267,157.0
1785381695,16,total,S1,7.600000,0.000000,2100,2100,2100,2100,2100,2100,2100,2100,2100,2100,2100,540,0,1700.0,1793.2030147561347,1650.9293040144257,2146.337486046832,256.0
1785381695,16,,Aggregated,15.200000,0.000000,2100,2100,2100,2100,2100,2100,2100,2100,2100,2100,2100,1080,0,260.0,977.692106726021,94.79936899151653,2146.337486046832,206.5
1785381696,16,TTFT,S1,7.600000,0.000000,160,170,170,170,170,180,180,190,190,190,190,548,0,160.0,162.35570096503008,94.79936899151653,256.672624964267,157.0
1785381696,16,total,S1,7.600000,0.000000,2100,2100,2100,2100,2100,2100,2100,2100,2100,2100,2100,548,0,1700.0,1798.0866122997857,1650.9293040144257,2146.337486046832,256.0
1785381696,16,,Aggregated,15.200000,0.000000,2100,2100,2100,2100,2100,2100,2100,2100,2100,2100,2100,1096,0,260.0,980.2211566324079,94.79936899151653,2146.337486046832,206.5
1785381697,16,TTFT,S1,6.800000,0.000000,160,160,170,170,170,180,180,190,190,190,190,556,0,160.0,161.8946392802905,94.79936899151653,256.672624964267,157.0
1785381697,16,total,S1,6.800000,0.000000,2100,2100,2100,2100,2100,2100,2100,2100,2100,2100,2100,556,0,1700.0,1802.506252962584,1650.9293040144257,2146.337486046832,256.0
1785381697,16,,Aggregated,13.600000,0.000000,2100,2100,2100,2100,2100,2100,2100,2100,2100,2100,2100,1112,0,260.0,982.2004461214374,94.79936899151653,2146.337486046832,206.5
1785381698,16,TTFT,S1,8.000000,0.000000,160,160,170,170,170,180,180,190,190,190,190,564,0,160.0,161.91906434558547,94.79936899151653,256.672624964267,157.0
1785381698,16,total,S1,8.000000,0.000000,2100,2100,2100,2100,2100,2100,2100,2100,2100,2100,2100,564,0,1700.0,1806.6196828513573,1650.9293040144257,2146.337486046832,256.0
1785381698,16,,Aggregated,16.000000,0.000000,2100,2100,2100,2100,2100,2100,2100,2100,2100,2100,2100,1128,0,260.0,984.2693735984714,94.79936899151653,2146.337486046832,206.5
1785381699,16,TTFT,S1,8.000000,0.000000,160,160,170,170,170,180,180,190,190,190,190,564,0,160.0,161.91906434558547,94.79936899151653,256.672624964267,157.0
1785381699,16,total,S1,8.000000,0.000000,2100,2100,2100,2100,2100,2100,2100,2100,2100,2100,2100,564,0,1700.0,1806.6196828513573,1650.9293040144257,2146.337486046832,256.0
1785381699,16,,Aggregated,16.000000,0.000000,2100,2100,2100,2100,2100,2100,2100,2100,2100,2100,2100,1128,0,260.0,984.2693735984714,94.79936899151653,2146.337486046832,206.5
1785381700,16,TTFT,S1,7.600000,0.000000,160,160,170,170,170,180,180,190,190,190,190,580,0,160.0,161.46091474802233,93.47443794831634,256.672624964267,157.0
1785381700,16,total,S1,7.600000,0.000000,2100,2100,2100,2100,2100,2200,2200,2200,2200,2200,2200,580,0,1700.0,1815.4948960708712,1650.9293040144257,2170.7651569740847,256.0
1785381700,16,,Aggregated,15.200000,0.000000,2100,2100,2100,2100,2100,2100,2200,2200,2200,2200,2200,1160,0,260.0,988.4779054094467,93.47443794831634,2170.7651569740847,206.5
1785381701,16,TTFT,S1,7.600000,0.000000,160,160,170,170,170,180,180,190,190,190,190,580,0,160.0,161.46091474802233,93.47443794831634,256.672624964267,157.0
1785381701,16,total,S1,7.600000,0.000000,2100,2100,2100,2100,2100,2200,2200,2200,2200,2200,2200,580,0,1700.0,1815.4948960708712,1650.9293040144257,2170.7651569740847,256.0
1785381701,16,,Aggregated,15.200000,0.000000,2100,2100,2100,2100,2100,2100,2200,2200,2200,2200,2200,1160,0,260.0,988.4779054094467,93.47443794831634,2170.7651569740847,206.5
1785381702,16,TTFT,S1,6.800000,0.000000,160,160,170,170,170,180,180,190,190,190,190,592,0,160.0,161.55408235617625,93.47443794831634,256.672624964267,157.0
1785381702,16,total,S1,6.800000,0.000000,2100,2100,2100,2100,2200,2200,2200,2200,2200,2200,2200,592,0,1700.0,1821.917445101536,1650.9293040144257,2170.7651569740847,256.0
1785381702,16,,Aggregated,13.600000,0.000000,2100,2100,2100,2100,2100,2200,2200,2200,2200,2200,2200,1184,0,260.0,991.7357637288562,93.47443794831634,2170.7651569740847,206.5
1785381703,16,TTFT,S1,7.600000,0.000000,160,160,170,170,170,180,180,190,190,190,190,596,0,160.0,161.61104314071798,93.47443794831634,256.672624964267,157.0
1785381703,16,total,S1,7.600000,0.000000,2100,2100,2100,2100,2200,2200,2200,2200,2200,2200,2200,596,0,1700.0,1824.3560365889723,1650.9293040144257,2186.008136952296,256.0
1785381703,16,,Aggregated,15.200000,0.000000,2100,2100,2100,2100,2100,2200,2200,2200,2200,2200,2200,1192,0,260.0,992.9835398648452,93.47443794831634,2186.008136952296,206.5
1785381704,16,TTFT,S1,7.200000,0.000000,160,160,170,170,170,180,180,190,190,190,190,608,0,160.0,161.6782495360607,93.47443794831634,256.672624964267,157.0
1785381704,16,total,S1,7.200000,0.000000,2100,2100,2100,2200,2200,2200,2200,2200,2200,2200,2200,608,0,1700.0,1830.5119820413797,1650.9293040144257,2198.879470000975,256.0
1785381704,16,,Aggregated,14.400000,0.000000,2100,2100,2100,2100,2200,2200,2200,2200,2200,2200,2200,1216,0,260.0,996.0951157887202,93.47443794831634,2198.879470000975,206.5
1785381705,16,TTFT,S1,7.600000,0.000000,160,170,170,170,170,180,180,190,190,190,190,612,0,160.0,161.76345484307282,93.47443794831634,256.672624964267,157.0
1785381705,16,total,S1,7.600000,0.000000,2100,2100,2200,2200,2200,2200,2200,2200,2200,2200,2200,612,0,1700.0,1832.7956485442758,1650.9293040144257,2198.879470000975,256.0
1785381705,16,,Aggregated,15.200000,0.000000,2100,2100,2100,2100,2200,2200,2200,2200,2200,2200,2200,1224,0,260.0,997.2795516936743,93.47443794831634,2198.879470000975,206.5
1785381706,16,TTFT,S1,7.200000,0.000000,160,170,170,170,170,180,180,180,180,180,180,624,0,160.0,161.85603204613494,93.47443794831634,256.672624964267,157.0
1785381706,16,total,S1,7.200000,0.000000,2100,2100,2200,2200,2200,2200,2200,2200,2200,2200,2200,624,0,1700.0,1838.71533613796,1650.9293040144257,2198.879470000975,256.0
1785381706,16,,Aggregated,14.400000,0.000000,2100,2100,2100,2100,2200,2200,2200,2200,2200,2200,2200,1248,0,260.0,1000.2856840920475,93.47443794831634,2198.879470000975,206.5
1785381707,16,TTFT,S1,7.600000,0.000000,160,170,170,170,170,180,180,180,180,180,180,628,0,160.0,161.8629928914071,93.47443794831634,256.672624964267,157.0
1785381707,16,total,S1,7.600000,0.000000,2100,2200,2200,2200,2200,2200,2200,2200,2200,2200,2200,628,0,1700.0,1840.741527321764,1650.9293040144257,2198.879470000975,256.0
1785381707,16,,Aggregated,15.200000,0.000000,2100,2100,2100,2200,2200,2200,2200,2200,2200,2200,2200,1256,0,260.0,1001.3022601065855,93.47443794831634,2198.879470000975,206.5
1785381708,16,TTFT,S1,7.600000,0.000000,160,170,170,170,170,180,180,180,180,180,180,640,0,160.0,161.94351477615783,93.47443794831634,256.672624964267,157.0
1785381708,16,total,S1,7.600000,0.000000,2100,2200,2200,2200,2200,2200,2200,2200,2200,2200,2200,640,0,1700.0,1846.3652166798965,1650.9293040144257,2198.879470000975,256.0
1785381708,16,,Aggregated,15.200000,0.000000,2100,2100,2100,2200,2200,2200,2200,2200,2200,2200,2200,1280,0,260.0,1004.1543657280272,93.47443794831634,2198.879470000975,206.5
1785381709,16,TTFT,S1,7.600000,0.000000,170,170,170,170,170,180,180,180,180,180,180,644,0,160.0,161.9832689499863,93.47443794831634,256.672624964267,157.0
1785381709,16,total,S1,7.600000,0.000000,2200,2200,2200,2200,2200,2200,2200,2200,2200,2200,2200,644,0,1700.0,1848.4123153232401,1650.9293040144257,2198.879470000975,256.0
1785381709,16,,Aggregated,15.200000,0.000000,2100,2100,2200,2200,2200,2200,2200,2200,2200,2200,2200,1288,0,260.0,1005.1977921366133,93.47443794831634,2198.879470000975,206.5
1785381710,16,TTFT,S1,7.600000,0.000000,170,170,170,170,170,180,180,180,180,180,180,656,0,160.0,161.96803593878187,93.47443794831634,256.672624964267,157.0
1785381710,16,total,S1,7.600000,0.000000,2100,2200,2200,2200,2200,2200,2200,2200,2200,2200,2200,656,0,1700.0,1853.8247361771582,1650.9293040144257,2198.879470000975,256.0
1785381710,16,,Aggregated,15.200000,0.000000,2100,2100,2100,2200,2200,2200,2200,2200,2200,2200,2200,1312,0,260.0,1007.8963860579701,93.47443794831634,2198.879470000975,206.5
1785381711,16,TTFT,S1,8.000000,0.000000,170,170,170,170,170,180,180,180,180,180,180,660,0,160.0,161.9612669589873,93.47443794831634,256.672624964267,157.0
1785381711,16,total,S1,8.000000,0.000000,2200,2200,2200,2200,2200,2200,2200,2200,2200,2200,2200,660,0,1700.0,1855.7751594762192,1650.9293040144257,2198.879470000975,256.0
1785381711,16,,Aggregated,16.000000,0.000000,2100,2100,2200,2200,2200,2200,2200,2200,2200,2200,2200,1320,0,260.0,1008.8682132176032,93.47443794831634,2198.879470000975,206.5
1785381712,16,TTFT,S1,7.200000,0.000000,170,170,170,170,170,170,180,180,180,180,180,664,0,160.0,162.00619046507944,93.47443794831634,256.672624964267,157.0
1785381712,16,total,S1,7.200000,0.000000,2100,2200,2200,2200,2200,2200,2200,2200,2200,2200,2200,664,0,1700.0,1857.3932096404892,1650.9293040144257,2198.879470000975,256.0
1785381712,16,,Aggregated,14.400000,0.000000,2100,2100,2100,2200,2200,2200,2200,2200,2200,2200,2200,1328,0,260.0,1009.6997000527844,93.47443794831634,2198.879470000975,206.5
1785381713,16,TTFT,S1,7.600000,0.000000,170,170,170,170,170,170,180,180,180,180,180,673,0,160.0,162.05429610516737,93.47443794831634,256.672624964267,157.0
1785381713,16,total,S1,7.600000,0.000000,2200,2200,2200,2200,2200,2200,2200,2200,2200,2200,2200,673,0,1700.0,1861.2421925174817,1650.9293040144257,2198.879470000975,256.0
1785381713,16,,Aggregated,15.200000,0.000000,2100,2100,2200,2200,2200,2200,2200,2200,2200,2200,2200,1346,0,260.0,1011.6482443113246,93.47443794831634,2198.879470000975,206.5
1785381714,16,TTFT,S1,6.800000,0.000000,160,170,170,170,170,170,170,180,180,180,180,680,0,160.0,162.07190559071023,93.47443794831634,256.672624964267,157.0
1785381714,16,total,S1,6.800000,0.000000,2100,2200,2200,2200,2200,2200,2200,2200,2200,2200,2200,680,0,1700.0,1864.0730660429278,1650.9293040144257,2198.879470000975,256.0
1785381714,16,,Aggregated,13.600000,0.000000,2100,2100,2100,2200,2200,2200,2200,2200,2200,2200,2200,1360,0,260.0,1013.072485816819,93.47443794831634,2198.879470000975,206.5
1785381715,16,TTFT,S1,6.800000,0.000000,160,170,170,170,170,170,170,170,170,170,170,688,0,160.0,162.0492621185867,93.47443794831634,256.672624964267,157.0
1785381715,16,total,S1,6.800000,0.000000,2200,2200,2200,2200,2200,2200,2200,2200,2200,2200,2200,688,0,1700.0,1867.2464856543568,1650.9293040144257,2198.879470000975,256.0
1785381715,16,,Aggregated,13.600000,0.000000,2100,2100,2200,2200,2200,2200,2200,2200,2200,2200,2200,1376,0,260.0,1014.6478738864718,93.47443794831634,2198.879470000975,206.5
1785381716,16,TTFT,S1,7.600000,0.000000,160,170,170,170,170,170,170,170,170,170,170,692,0,160.0,162.05248190687277,93.47443794831634,256.672624964267,157.0
1785381716,16,total,S1,7.600000,0.000000,2200,2200,2200,2200,2200,2200,2200,2200,2200,2200,2200,692,0,1700.0,1868.978491069556,1650.9293040144257,2198.879470000975,256.0
1785381716,16,,Aggregated,15.200000,0.000000,2100,2100,2200,2200,2200,2200,2200,2200,2200,2200,2200,1384,0,260.0,1015.5154864882144,93.47443794831634,2198.879470000975,206.5
1785381717,16,TTFT,S1,6.800000,0.000000,160,170,170,170,170,170,170,170,170,170,170,704,0,160.0,162.05507561715586,93.47443794831634,256.672624964267,157.0
1785381717,16,total,S1,6.800000,0.000000,2100,2200,2200,2200,2200,2200,2200,2200,2200,2200,2200,704,0,1700.0,1873.4794845399433,1650.9293040144257,2198.879470000975,256.0
1785381717,16,,Aggregated,13.600000,0.000000,2100,2100,2100,2200,2200,2200,2200,2200,2200,2200,2200,1408,0,260.0,1017.7672800785496,93.47443794831634,2198.879470000975,206.5
1785381718,16,TTFT,S1,7.600000,0.000000,160,160,170,170,170,170,170,170,170,170,170,708,0,160.0,162.07914873798137,93.47443794831634,256.672624964267,157.0
1785381718,16,total,S1,7.600000,0.000000,2200,2200,2200,2200,2200,2200,2200,2200,2200,2200,2200,708,0,1700.0,1875.1348240030857,1650.9293040144257,2198.879470000975,256.0
1785381718,16,,Aggregated,15.200000,0.000000,2100,2100,2200,2200,2200,2200,2200,2200,2200,2200,2200,1416,0,260.0,1018.6069863705335,93.47443794831634,2198.879470000975,206.5
1785381719,16,TTFT,S1,6.800000,0.000000,160,170,170,170,170,170,170,170,170,170,170,720,0,160.0,162.1235363811138,93.47443794831634,256.672624964267,157.0
1785381719,16,total,S1,6.800000,0.000000,2200,2200,2200,2200,2200,2200,2200,2200,2200,2200,2200,720,0,1700.0,1879.5437377987482,1650.9293040144257,2198.879470000975,256.0
1785381719,16,,Aggregated,13.600000,0.000000,2100,2100,2200,2200,2200,2200,2200,2200,2200,2200,2200,1440,0,260.0,1020.833637089931,93.47443794831634,2198.879470000975,206.5
1785381720,16,TTFT,S1,7.600000,0.000000,160,170,170,170,170,170,170,170,170,170,170,724,0,160.0,162.1177878499498,93.47443794831634,256.672624964267,157.0
1785381720,16,total,S1,7.600000,0.000000,2200,2200,2200,2200,2200,2200,2200,2200,2200,2200,2200,724,0,1700.0,1881.1143508384541,1650.9293040144257,2198.879470000975,256.0
1785381720,16,,Aggregated,15.200000,0.000000,2100,2100,2200,2200,2200,2200,2200,2200,2200,2200,2200,1448,0,260.0,1021.616069344202,93.47443794831634,2198.879470000975,206.5
1785381721,16,TTFT,S1,7.200000,0.000000,160,170,170,170,170,170,170,170,170,170,170,736,0,160.0,162.16594919197908,93.47443794831634,256.672624964267,157.0
1785381721,16,total,S1,7.200000,0.000000,2200,2200,2200,2200,2200,2200,2200,2200,2200,2200,2200,736,0,1700.0,1885.5726374986261,1650.9293040144257,2198.879470000975,256.0
1785381721,16,,Aggregated,14.400000,0.000000,2100,2100,2200,2200,2200,2200,2200,2200,2200,2200,2200,1472,0,260.0,1023.8692933453026,93.47443794831634,2198.879470000975,206.5
1785381722,16,TTFT,S1,7.600000,0.000000,160,160,170,170,170,170,170,170,170,170,170,740,0,160.0,162.16623124366035,93.47443794831634,256.672624964267,157.0
1785381722,16,total,S1,7.600000,0.000000,2200,2200,2200,2200,2200,2200,2200,2200,2200,2200,2200,740,0,1700.0,1887.097939744598,1650.9293040144257,2198.879470000975,256.0
1785381722,16,,Aggregated,15.200000,0.000000,2100,2100,2200,2200,2200,2200,2200,2200,2200,2200,2200,1480,0,260.0,1024.6320854941291,93.47443794831634,2198.879470000975,206.5
1785381723,16,TTFT,S1,8.000000,0.000000,160,170,170,170,180,180,180,180,180,180,180,752,0,160.0,162.33253870388504,93.47443794831634,256.672624964267,157.0
1785381723,16,total,S1,8.000000,0.000000,2200,2200,2200,2200,2200,2200,2200,2200,2200,2200,2200,752,0,1700.0,1891.3125574387216,1650.9293040144257,2198.879470000975,256.0
1785381723,16,,Aggregated,16.000000,0.000000,2100,2100,2200,2200,2200,2200,2200,2200,2200,2200,2200,1504,0,260.0,1026.8225480713033,93.47443794831634,2198.879470000975,206.5
1785381724,16,TTFT,S1,8.000000,0.000000,160,170,170,170,180,180,180,180,180,180,180,756,0,160.0,162.32552770546775,93.47443794831634,256.672624964267,157.0
1785381724,16,total,S1,8.000000,0.000000,2200,2200,2200,2200,2200,2200,2200,2200,2200,2200,2200,756,0,1700.0,1892.6825415539843,1650.9293040144257,2198.879470000975,256.0
1785381724,16,,Aggregated,16.000000,0.000000,2100,2100,2200,2200,2200,2200,2200,2200,2200,2200,2200,1512,0,260.0,1027.504034629726,93.47443794831634,2198.879470000975,206.5
1785381725,16,TTFT,S1,7.600000,0.000000,160,170,170,170,180,180,180,180,180,180,180,764,0,160.0,162.311057225528,93.47443794831634,256.672624964267,157.0
1785381725,16,total,S1,7.600000,0.000000,2200,2200,2200,2200,2200,2200,2200,2200,2200,2200,2200,764,0,1700.0,1895.067827096477,1650.9293040144257,2198.879470000975,256.0
1785381725,16,,Aggregated,15.200000,0.000000,2100,2100,2200,2200,2200,2200,2200,2200,2200,2200,2200,1528,0,260.0,1028.6894421610025,93.47443794831634,2198.879470000975,206.5
1785381726,16,TTFT,S1,7.600000,0.000000,160,170,170,170,180,180,180,180,180,180,180,772,0,160.0,162.31138631512974,93.47443794831634,256.672624964267,157.0
1785381726,16,total,S1,7.600000,0.000000,2200,2200,2200,2200,2200,2200,2200,2200,2200,2200,2200,772,0,1700.0,1897.8957162419463,1650.9293040144257,2198.879470000975,256.0
1785381726,16,,Aggregated,15.200000,0.000000,2100,2100,2200,2200,2200,2200,2200,2200,2200,2200,2200,1544,0,260.0,1030.1035512785381,93.47443794831634,2198.879470000975,206.5
1785381727,16,TTFT,S1,7.200000,0.000000,160,170,170,170,180,180,180,180,180,180,180,780,0,160.0,162.28805380665924,93.47443794831634,256.672624964267,157.0
1785381727,16,total,S1,7.200000,0.000000,2200,2200,2200,2200,2200,2200,2200,2200,2200,2200,2200,780,0,1700.0,1900.2073634381538,1650.9293040144257,2198.879470000975,256.0
1785381727,16,,Aggregated,14.400000,0.000000,2100,2100,2200,2200,2200,2200,2200,2200,2200,2200,2200,1560,0,260.0,1031.2477086224064,93.47443794831634,2198.879470000975,206.5
1785381728,16,TTFT,S1,7.200000,0.000000,160,170,170,170,180,180,180,180,180,180,180,784,0,160.0,162.3039772196219,93.47443794831634,256.672624964267,157.0
1785381728,16,total,S1,7.200000,0.000000,2200,2200,2200,2200,2200,2200,2200,2200,2200,2200,2200,784,0,1700.0,1901.6026974486708,1650.9293040144257,2198.879470000975,256.0
1785381728,16,,Aggregated,14.400000,0.000000,2100,2100,2200,2200,2200,2200,2200,2200,2200,2200,2200,1568,0,260.0,1031.9533373341462,93.47443794831634,2198.879470000975,206.5
1785381729,16,TTFT,S1,7.200000,0.000000,160,170,170,170,180,180,180,180,180,180,180,793,0,160.0,162.30263916025712,93.47443794831634,256.672624964267,157.0
1785381729,16,total,S1,7.200000,0.000000,2200,2200,2200,2200,2200,2200,2200,2200,2200,2200,2200,793,0,1800.0,1904.1978616705944,1650.9293040144257,2198.879470000975,256.0
1785381729,16,,Aggregated,14.400000,0.000000,2100,2100,2200,2200,2200,2200,2200,2200,2200,2200,2200,1586,0,260.0,1033.2502504154259,93.47443794831634,2198.879470000975,206.5
1785381730,16,TTFT,S1,7.200000,0.000000,160,170,170,170,180,180,180,180,180,180,180,800,0,160.0,162.3397430688783,93.47443794831634,256.672624964267,157.0
1785381730,16,total,S1,7.200000,0.000000,2200,2200,2200,2200,2200,2200,2200,2200,2200,2200,2200,800,0,1800.0,1906.3338931259932,1650.9293040144257,2198.879470000975,256.0
1785381730,16,,Aggregated,14.400000,0.000000,2100,2100,2200,2200,2200,2200,2200,2200,2200,2200,2200,1600,0,260.0,1034.3368180974358,93.47443794831634,2198.879470000975,206.5
1785381731,16,TTFT,S1,6.800000,0.000000,160,160,170,170,180,180,180,180,180,180,180,808,0,160.0,162.34063534057435,93.47443794831634,256.672624964267,157.0
1785381731,16,total,S1,6.800000,0.000000,2200,2200,2200,2200,2200,2200,2200,2200,2200,2200,2200,808,0,1800.0,1908.8430231261168,1650.9293040144257,2198.879470000975,256.0
1785381731,16,,Aggregated,13.600000,0.000000,2100,2100,2200,2200,2200,2200,2200,2200,2200,2200,2200,1616,0,260.0,1035.5918292333456,93.47443794831634,2198.879470000975,206.5
1785381732,16,TTFT,S1,6.800000,0.000000,160,160,160,170,170,170,170,170,170,170,170,816,0,160.0,162.31326265080818,93.47443794831634,256.672624964267,157.0
1785381732,16,total,S1,6.800000,0.000000,2200,2200,2200,2200,2200,2200,2200,2200,2200,2200,2200,816,0,1800.0,1911.239839040183,1650.9293040144257,2198.879470000975,256.0
1785381732,16,,Aggregated,13.600000,0.000000,2100,2100,2200,2200,2200,2200,2200,2200,2200,2200,2200,1632,0,260.0,1036.7765508454956,93.47443794831634,2198.879470000975,206.5
1785381733,16,TTFT,S1,7.600000,0.000000,160,160,170,170,170,170,170,170,170,170,170,820,0,160.0,162.3465163974665,93.47443794831634,256.672624964267,157.0
1785381733,16,total,S1,7.600000,0.000000,2200,2200,2200,2200,2200,2200,2200,2200,2200,2200,2200,820,0,1800.0,1912.5545933302465,1650.9293040144257,2198.879470000975,256.0
1785381733,16,,Aggregated,15.200000,0.000000,2100,2100,2200,2200,2200,2200,2200,2200,2200,2200,2200,1640,0,260.0,1037.4505548638565,93.47443794831634,2198.879470000975,206.5
1785381734,16,TTFT,S1,7.600000,0.000000,160,160,170,170,170,180,180,190,190,190,190,832,0,160.0,162.46144448303733,93.47443794831634,256.672624964267,157.0
1785381734,16,total,S1,7.600000,0.000000,2200,2200,2200,2200,2200,2200,2200,2200,2200,2200,2200,832,0,1800.0,1915.743978430118,1650.9293040144257,2198.879470000975,256.0
1785381734,16,,Aggregated,15.200000,0.000000,2100,2100,2200,2200,2200,2200,2200,2200,2200,2200,2200,1664,0,260.0,1039.1027114565777,93.47443794831634,2198.879470000975,206.5
1785381735,16,TTFT,S1,7.600000,0.000000,160,170,170,170,170,180,180,190,190,190,190,836,0,160.0,162.52530204175648,93.47443794831634,256.672624964267,157.0
1785381735,16,total,S1,7.600000,0.000000,2200,2200,2200,2200,2200,2200,2200,2200,2200,2200,2200,836,0,1900.0,1917.0148021265954,1650.9293040144257,2198.879470000975,256.0
1785381735,16,,Aggregated,15.200000,0.000000,2100,2100,2200,2200,2200,2200,2200,2200,2200,2200,2200,1672,0,260.0,1039.7700520841759,93.47443794831634,2198.879470000975,206.5
1785381736,16,TTFT,S1,7.600000,0.000000,160,170,170,170,170,180,180,190,190,190,190,848,0,160.0,162.56055753416697,93.47443794831634,256.672624964267,157.0
1785381736,16,total,S1,7.600000,0.000000,2200,2200,2200,2200,2200,2200,2200,2200,2200,2200,2200,848,0,2000.0,1920.1312309337225,1650.9293040144257,2198.879470000975,256.0
1785381736,16,,Aggregated,15.200000,0.000000,2100,2100,2200,2200,2200,2200,2200,2200,2200,2200,2200,1696,0,260.0,1041.3458942339446,93.47443794831634,2198.879470000975,206.5
1785381737,16,TTFT,S1,7.600000,0.000000,160,170,170,170,180,180,180,190,190,190,190,852,0,160.0,162.63087730397834,93.47443794831634,256.672624964267,157.0
1785381737,16,total,S1,7.600000,0.000000,2200,2200,2200,2200,2200,2200,2200,2200,2200,2200,2200,852,0,2100.0,1921.3729083530268,1650.9293040144257,2198.879470000975,256.0
1785381737,16,,Aggregated,15.200000,0.000000,2100,2100,2200,2200,2200,2200,2200,2200,2200,2200,2200,1704,0,260.0,1042.0018928285026,93.47443794831634,2198.879470000975,206.5
1785381738,16,TTFT,S1,7.600000,0.000000,160,170,170,170,180,180,180,190,190,190,190,860,0,160.0,162.61578076505535,93.47443794831634,256.672624964267,157.0
1785381738,16,total,S1,7.600000,0.000000,2100,2200,2200,2200,2200,2200,2200,2200,2200,2200,2200,860,0,2100.0,1923.30898989038,1650.9293040144257,2198.879470000975,256.0
1785381738,16,,Aggregated,15.200000,0.000000,2100,2100,2100,2200,2200,2200,2200,2200,2200,2200,2200,1720,0,260.0,1042.9623853277176,93.47443794831634,2198.879470000975,206.5
1785381739,16,TTFT,S1,7.600000,0.000000,160,170,170,170,180,180,180,190,190,190,190,864,0,160.0,162.6584585196219,93.47443794831634,256.672624964267,157.0
1785381739,16,total,S1,7.600000,0.000000,2200,2200,2200,2200,2200,2200,2200,2200,2200,2200,2200,864,0,2100.0,1924.4556789754924,1650.9293040144257,2198.879470000975,256.0
1785381739,16,,Aggregated,15.200000,0.000000,2100,2100,2200,2200,2200,2200,2200,2200,2200,2200,2200,1728,0,260.0,1043.5570687475572,93.47443794831634,2198.879470000975,206.5
1785381740,16,TTFT,S1,7.200000,0.000000,160,170,170,170,180,180,180,190,190,190,190,876,0,160.0,162.69345273741905,93.47443794831634,256.672624964267,157.0
1785381740,16,total,S1,7.200000,0.000000,2100,2200,2200,2200,2200,2200,2200,2200,2200,2200,2200,876,0,2100.0,1927.1937921048157,1650.9293040144257,2198.879470000975,256.0
1785381740,16,,Aggregated,14.400000,0.000000,2100,2100,2100,2200,2200,2200,2200,2200,2200,2200,2200,1752,0,260.0,1044.9436224211174,93.47443794831634,2198.879470000975,206.5
1785381741,16,TTFT,S1,7.600000,0.000000,170,170,170,170,180,180,180,190,190,190,190,880,0,160.0,162.71610155229362,93.47443794831634,256.672624964267,157.0
1785381741,16,total,S1,7.600000,0.000000,2200,2200,2200,2200,2200,2200,2200,2200,2200,2200,2200,880,0,2100.0,1928.2230993759267,1650.9293040144257,2198.879470000975,256.0
1785381741,16,,Aggregated,15.200000,0.000000,2100,2100,2200,2200,2200,2200,2200,2200,2200,2200,2200,1760,0,260.0,1045.4696004641103,93.47443794831634,2198.879470000975,206.5
1785381742,16,TTFT,S1,7.600000,0.000000,160,170,170,170,180,180,180,190,190,190,190,892,0,160.0,162.7221438936386,93.47443794831634,256.672624964267,157.0
1785381742,16,total,S1,7.600000,0.000000,2100,2200,2200,2200,2200,2200,2200,2200,2200,2200,2200,892,0,2100.0,1930.9372335468522,1650.9293040144257,2198.879470000975,256.0
1785381742,16,,Aggregated,15.200000,0.000000,2100,2100,2100,2200,2200,2200,2200,2200,2200,2200,2200,1784,0,260.0,1046.8296887202453,93.47443794831634,2198.879470000975,206.5
1785381743,16,TTFT,S1,7.600000,0.000000,170,170,170,180,180,180,190,190,190,190,190,896,0,160.0,162.80814025237436,93.47443794831634,256.672624964267,157.0
1785381743,16,total,S1,7.600000,0.000000,2200,2200,2200,2200,2200,2200,2200,2200,2200,2200,2200,896,0,2100.0,1931.9905450578128,1650.9293040144257,2198.879470000975,256.0
1785381743,16,,Aggregated,15.200000,0.000000,2100,2100,2200,2200,2200,2200,2200,2200,2200,2200,2200,1792,0,260.0,1047.3993426550935,93.47443794831634,2198.879470000975,206.5
1785381744,16,TTFT,S1,7.600000,0.000000,160,170,170,170,180,180,180,190,190,190,190,908,0,160.0,162.80556502112233,93.47443794831634,256.672624964267,157.0
1785381744,16,total,S1,7.600000,0.000000,2100,2200,2200,2200,2200,2200,2200,2200,2200,2200,2200,908,0,2100.0,1934.6608309602054,1650.9293040144257,2198.879470000975,256.0
1785381744,16,,Aggregated,15.200000,0.000000,2100,2100,2100,2200,2200,2200,2200,2200,2200,2200,2200,1816,0,260.0,1048.733197990664,93.47443794831634,2198.879470000975,206.5
1785381745,16,TTFT,S1,7.600000,0.000000,160,170,170,170,180,180,180,190,190,190,190,912,0,160.0,162.8125721745483,93.47443794831634,256.672624964267,157.0
1785381745,16,total,S1,7.600000,0.000000,2200,2200,2200,2200,2200,2200,2200,2200,2200,2200,2200,912,0,2100.0,1935.667529340814,1650.9293040144257,2198.879470000975,256.0
1785381745,16,,Aggregated,15.200000,0.000000,2100,2100,2200,2200,2200,2200,2200,2200,2200,2200,2200,1824,0,260.0,1049.2400507576813,93.47443794831634,2198.879470000975,206.5
1785381746,16,TTFT,S1,7.600000,0.000000,160,170,170,170,180,180,180,190,190,190,190,924,0,160.0,162.80432095156743,93.47443794831634,256.672624964267,157.0
1785381746,16,total,S1,7.600000,0.000000,2100,2200,2200,2200,2200,2200,2200,2200,2200,2200,2200,924,0,2100.0,1938.2271700993772,1650.9293040144257,2198.879470000975,256.0
1785381746,16,,Aggregated,15.200000,0.000000,2100,2100,2100,2200,2200,2200,2200,2200,2200,2200,2200,1848,0,260.0,1050.5157455254723,93.47443794831634,2198.879470000975,206.5
1785381747,16,TTFT,S1,7.600000,0.000000,160,170,170,170,170,180,180,190,190,190,190,928,0,160.0,162.81770346471728,93.47443794831634,256.672624964267,157.0
1785381747,16,total,S1,7.600000,0.000000,2200,2200,2200,2200,2200,2200,2200,2200,2200,2200,2200,928,0,2100.0,1939.2888443273541,1650.9293040144257,2198.879470000975,256.0
1785381747,16,,Aggregated,15.200000,0.000000,2100,2100,2200,2200,2200,2200,2200,2200,2200,2200,2200,1856,0,260.0,1051.0532738960358,93.47443794831634,2198.879470000975,206.5
1785381748,16,TTFT,S1,7.200000,0.000000,160,170,170,170,170,180,180,190,190,190,190,936,0,160.0,162.8410275045456,93.47443794831634,256.672624964267,157.0
1785381748,16,total,S1,7.200000,0.000000,2200,2200,2200,2200,2200,2200,2200,2200,2200,2200,2200,936,0,2100.0,1941.2548274634994,1650.9293040144257,2198.879470000975,256.0
1785381748,16,,Aggregated,14.400000,0.000000,2100,2100,2200,2200,2200,2200,2200,2200,2200,2200,2200,1872,0,260.0,1052.0479274840225,93.47443794831634,2198.879470000975,206.5
1785381749,16,TTFT,S1,7.600000,0.000000,160,160,170,170,170,180,180,190,190,190,190,944,0,160.0,162.8179029049549,93.47443794831634,256.672624964267,157.0
1785381749,16,total,S1,7.600000,0.000000,2200,2200,2200,2200,2200,2200,2200,2200,2200,2200,2200,944,0,2100.0,1943.1340497507397,1650.9293040144257,2198.879470000975,256.0
1785381749,16,,Aggregated,15.200000,0.000000,2100,2100,2200,2200,2200,2200,2200,2200,2200,2200,2200,1888,0,260.0,1052.9759763278473,93.47443794831634,2198.879470000975,206.5
1785381750,16,TTFT,S1,7.200000,0.000000,160,160,170,170,170,180,180,190,190,190,190,948,0,160.0,162.8140013864267,93.47443794831634,256.672624964267,157.0
1785381750,16,total,S1,7.200000,0.000000,2200,2200,2200,2200,2200,2200,2200,2200,2200,2200,2200,948,0,2100.0,1944.1463825903697,1650.9293040144257,2198.879470000975,256.0
1785381750,16,,Aggregated,14.400000,0.000000,2100,2100,2200,2200,2200,2200,2200,2200,2200,2200,2200,1896,0,260.0,1053.4801919883982,93.47443794831634,2198.879470000975,206.5
1785381751,16,TTFT,S1,7.200000,0.000000,160,160,170,170,170,180,180,190,190,190,190,956,0,160.0,162.80090321275742,93.47443794831634,256.672624964267,157.0
1785381751,16,total,S1,7.200000,0.000000,2200,2200,2200,2200,2200,2200,2200,2200,2200,2200,2200,956,0,2100.0,1945.5571875457042,1650.9293040144257,2198.879470000975,256.0
1785381751,16,,Aggregated,14.400000,0.000000,2100,2100,2200,2200,2200,2200,2200,2200,2200,2200,2200,1912,0,260.0,1054.1790453792307,93.47443794831634,2198.879470000975,206.5
1785381752,16,TTFT,S1,6.800000,0.000000,160,160,170,170,170,170,170,170,170,170,170,961,0,160.0,162.80752189012108,93.47443794831634,256.672624964267,157.0
1785381752,16,total,S1,6.800000,0.000000,2200,2200,2200,2200,2200,2200,2200,2200,2200,2200,2200,961,0,2100.0,1946.680722072523,1650.9293040144257,2198.879470000975,256.0
1785381752,16,,Aggregated,13.600000,0.000000,2100,2100,2200,2200,2200,2200,2200,2200,2200,2200,2200,1922,0,260.0,1054.744121981322,93.47443794831634,2198.879470000975,206.5
1785381753,16,TTFT,S1,6.800000,0.000000,160,160,160,170,170,170,170,170,170,170,170,972,0,160.0,162.79489151896803,93.47443794831634,256.672624964267,157.0
1785381753,16,total,S1,6.800000,0.000000,2200,2200,2200,2200,2200,2200,2200,2200,2200,2200,2200,972,0,2100.0,1948.8517787187611,1650.9293040144257,2198.879470000975,256.0
1785381753,16,,Aggregated,13.600000,0.000000,2100,2100,2200,2200,2200,2200,2200,2200,2200,2200,2200,1944,0,260.0,1055.8233351188646,93.47443794831634,2198.879470000975,206.5
1785381754,16,TTFT,S1,7.600000,0.000000,160,160,170,170,170,170,170,170,170,170,170,976,0,160.0,162.79273381808363,93.47443794831634,256.672624964267,157.0
1785381754,16,total,S1,7.600000,0.000000,2200,2200,2200,2200,2200,2200,2200,2200,2200,2200,2200,976,0,2100.0,1949.6629522967494,1650.9293040144257,2198.879470000975,256.0
1785381754,16,,Aggregated,15.200000,0.000000,2100,2100,2200,2200,2200,2200,2200,2200,2200,2200,2200,1952,0,260.0,1056.2278430574165,93.47443794831634,2198.879470000975,206.5
1785381755,16,TTFT,S1,6.800000,0.000000,160,160,170,170,170,170,170,170,170,170,170,988,0,160.0,162.81182711574235,93.47443794831634,256.672624964267,157.0
1785381755,16,total,S1,6.800000,0.000000,2100,2200,2200,2200,2200,2200,2200,2200,2200,2200,2200,988,0,2100.0,1952.0309533446539,1650.9293040144257,2198.879470000975,256.0
1785381755,16,,Aggregated,13.600000,0.000000,2100,2100,2100,2200,2200,2200,2200,2200,2200,2200,2200,1976,0,260.0,1057.421390230198,93.47443794831634,2198.879470000975,206.5
1785381756,16,TTFT,S1,7.600000,0.000000,160,160,170,170,170,170,170,170,170,170,170,992,0,160.0,162.8092624447867,93.47443794831634,256.672624964267,157.0
1785381756,16,total,S1,7.600000,0.000000,2200,2200,2200,2200,2200,2200,2200,2200,2200,2200,2200,992,0,2100.0,1952.9381633815171,1650.9293040144257,2198.879470000975,256.0
1785381756,16,,Aggregated,15.200000,0.000000,2100,2100,2200,2200,2200,2200,2200,2200,2200,2200,2200,1984,0,260.0,1057.873712913152,93.47443794831634,2198.879470000975,206.5
1785381757,16,TTFT,S1,7.200000,0.000000,160,170,170,170,170,170,170,170,170,170,170,1004,0,160.0,162.8121015609616,93.47443794831634,256.672624964267,157.0
1785381757,16,total,S1,7.200000,0.000000,2100,2200,2200,2200,2200,2200,2200,2200,2200,2200,2200,1004,0,2100.0,1955.0697808610196,1650.9293040144257,2198.879470000975,256.0
1785381757,16,,Aggregated,14.400000,0.000000,2100,2100,2100,2200,2200,2200,2200,2200,2200,2200,2200,2008,0,260.0,1058.9409412109906,93.47443794831634,2198.879470000975,206.5
1785381758,16,TTFT,S1,7.600000,0.000000,160,170,170,170,170,170,170,170,170,170,170,1008,0,160.0,162.8322681222233,93.47443794831634,256.672624964267,157.0
1785381758,16,total,S1,7.600000,0.000000,2100,2200,2200,2200,2200,2200,2200,2200,2200,2200,2200,1008,0,2100.0,1955.9630976750452,1650.9293040144257,2198.879470000975,256.0
1785381758,16,,Aggregated,15.200000,0.000000,2100,2100,2100,2200,2200,2200,2200,2200,2200,2200,2200,2016,0,260.0,1059.3976828986342,93.47443794831634,2198.879470000975,206.5
1785381759,16,TTFT,S1,7.600000,0.000000,160,170,170,170,170,170,170,170,170,170,170,1020,0,160.0,162.80614756105933,93.47443794831634,256.672624964267,157.0
1785381759,16,total,S1,7.600000,0.000000,2100,2200,2200,2200,2200,2200,2200,2200,2200,2200,2200,1020,0,2100.0,1957.949396412233,1650.9293040144257,2198.879470000975,256.0
1785381759,16,,Aggregated,15.200000,0.000000,2100,2100,2100,2100,2200,2200,2200,2200,2200,2200,2200,2040,0,260.0,1060.3777719866462,93.47443794831634,2198.879470000975,206.5
1785381760,16,TTFT,S1,7.600000,0.000000,160,170,170,170,170,170,170,170,170,170,170,1024,0,160.0,162.80851202179747,93.47443794831634,256.672624964267,157.0
1785381760,16,total,S1,7.600000,0.000000,2100,2200,2200,2200,2200,2200,2200,2200,2200,2200,2200,1024,0,2100.0,1958.722690928255,1650.9293040144257,2198.879470000975,256.0
1785381760,16,,Aggregated,15.200000,0.000000,2100,2100,2100,2200,2200,2200,2200,2200,2200,2200,2200,2048,0,260.0,1060.7656014750262,93.47443794831634,2198.879470000975,206.5
1785381761,16,TTFT,S1,8.000000,0.000000,160,170,170,170,170,170,170,170,170,170,170,1036,0,160.0,162.8201101005615,93.47443794831634,256.672624964267,157.0
1785381761,16,total,S1,8.000000,0.000000,2100,2100,2200,2200,2200,2200,2200,2200,2200,2200,2200,1036,0,2100.0,1960.7515267080055,1650.9293040144257,2198.879470000975,256.0
1785381761,16,,Aggregated,16.000000,0.000000,2100,2100,2100,2100,2200,2200,2200,2200,2200,2200,2200,2072,0,260.0,1061.7858184042834,93.47443794831634,2198.879470000975,206.5
1785381762,16,TTFT,S1,7.600000,0.000000,160,170,170,170,170,170,170,170,170,170,170,1040,0,160.0,162.83434520692725,93.47443794831634,256.672624964267,157.0
1785381762,16,total,S1,7.600000,0.000000,2100,2200,2200,2200,2200,2200,2200,2200,2200,2200,2200,1040,0,2100.0,1961.5789055562905,1650.9293040144257,2198.879470000975,256.0
1785381762,16,,Aggregated,15.200000,0.000000,2100,2100,2100,2200,2200,2200,2200,2200,2200,2200,2200,2080,0,260.0,1062.2066253816088,93.47443794831634,2198.879470000975,206.5
1785381763,16,TTFT,S1,7.600000,0.000000,160,170,170,170,170,170,170,180,180,180,180,1052,0,160.0,162.85933276253067,93.47443794831634,256.672624964267,157.0
1785381763,16,total,S1,7.600000,0.000000,2100,2200,2200,2200,2200,2200,2200,2200,2200,2200,2200,1052,0,2100.0,1963.7572756611446,1650.9293040144257,2198.879470000975,256.0
1785381763,16,,Aggregated,15.200000,0.000000,2100,2100,2100,2200,2200,2200,2200,2200,2200,2200,2200,2104,0,260.0,1063.3083042118376,93.47443794831634,2198.879470000975,206.5
1785381764,16,TTFT,S1,7.600000,0.000000,160,170,170,170,170,170,170,180,180,180,180,1052,0,160.0,162.85933276253067,93.47443794831634,256.672624964267,157.0
1785381764,16,total,S1,7.600000,0.000000,2100,2200,2200,2200,2200,2200,2200,2200,2200,2200,2200,1052,0,2100.0,1963.7572756611446,1650.9293040144257,2198.879470000975,256.0
1785381764,16,,Aggregated,15.200000,0.000000,2100,2100,2100,2200,2200,2200,2200,2200,2200,2200,2200,2104,0,260.0,1063.3083042118376,93.47443794831634,2198.879470000975,206.5
1785381765,16,TTFT,S1,6.800000,0.000000,160,170,170,170,170,170,170,180,180,180,180,1060,0,160.0,162.8822196493549,93.47443794831634,256.672624964267,157.0
1785381765,16,total,S1,6.800000,0.000000,2100,2200,2200,2200,2200,2200,2200,2200,2200,2200,2200,1060,0,2100.0,1965.055940957204,1650.9293040144257,2198.879470000975,256.0
1785381765,16,,Aggregated,13.600000,0.000000,2100,2100,2100,2200,2200,2200,2200,2200,2200,2200,2200,2120,0,260.0,1063.9690803032795,93.47443794831634,2198.879470000975,206.5
1785381766,16,TTFT,S1,6.800000,0.000000,160,170,170,170,170,170,170,180,180,180,180,1068,0,160.0,162.90038218187632,93.47443794831634,256.672624964267,157.0
1785381766,16,total,S1,6.800000,0.000000,2100,2200,2200,2200,2200,2200,2200,2200,2200,2200,2200,1068,0,2100.0,1966.3612677945498,1650.9293040144257,2198.879470000975,256.0
1785381766,16,,Aggregated,13.600000,0.000000,2100,2100,2100,2200,2200,2200,2200,2200,2200,2200,2200,2136,0,260.0,1064.6308249882131,93.47443794831634,2198.879470000975,206.5
1785381767,16,TTFT,S1,6.800000,0.000000,160,170,170,170,170,170,170,180,180,180,180,1076,0,160.0,162.93241377435425,93.47443794831634,256.672624964267,157.0
1785381767,16,total,S1,6.800000,0.000000,2100,2200,2200,2200,2200,2200,2200,2200,2200,2200,2200,1076,0,2100.0,1967.7473331612148,1650.9293040144257,2198.879470000975,256.0
1785381767,16,,Aggregated,13.600000,0.000000,2100,2100,2100,2200,2200,2200,2200,2200,2200,2200,2200,2152,0,260.0,1065.3398734677846,93.47443794831634,2198.879470000975,206.5
1785381768,16,TTFT,S1,6.800000,0.000000,160,170,170,170,170,170,170,180,180,180,180,1084,0,160.0,162.92342834054995,93.47443794831634,256.672624964267,157.0
1785381768,16,total,S1,6.800000,0.000000,2100,2200,2200,2200,2200,2200,2200,2200,2200,2200,2200,1084,0,2100.0,1969.108273461633,1650.9293040144257,2198.879470000975,256.0
1785381768,16,,Aggregated,13.600000,0.000000,2100,2100,2100,2200,2200,2200,2200,2200,2200,2200,2200,2168,0,260.0,1066.0158509010914,93.47443794831634,2198.879470000975,206.5
1785381769,0,TTFT,S1,6.800000,0.000000,160,170,170,170,170,170,170,180,180,180,180,1084,0,160.0,162.92342834054995,93.47443794831634,256.672624964267,157.0
1785381769,0,total,S1,6.800000,0.000000,2100,2200,2200,2200,2200,2200,2200,2200,2200,2200,2200,1084,0,2100.0,1969.108273461633,1650.9293040144257,2198.879470000975,256.0
1785381769,0,,Aggregated,13.600000,0.000000,2100,2100,2100,2200,2200,2200,2200,2200,2200,2200,2200,2168,0,260.0,1066.0158509010914,93.47443794831634,2198.879470000975,206.5
1785381770,0,TTFT,S1,6.800000,0.000000,170,170,170,170,170,170,170,180,180,180,180,1084,0,160.0,162.92342834054995,93.47443794831634,256.672624964267,157.0
1785381770,0,total,S1,6.800000,0.000000,2100,2200,2200,2200,2200,2200,2200,2200,2200,2200,2200,1084,0,2100.0,1969.108273461633,1650.9293040144257,2198.879470000975,256.0
1785381770,0,,Aggregated,13.600000,0.000000,2100,2100,2100,2200,2200,2200,2200,2200,2200,2200,2200,2168,0,260.0,1066.0158509010914,93.47443794831634,2198.879470000975,206.5
1785381771,0,TTFT,S1,6.800000,0.000000,170,170,170,170,170,170,180,180,180,180,180,1084,0,160.0,162.92342834054995,93.47443794831634,256.672624964267,157.0
1785381771,0,total,S1,6.800000,0.000000,2200,2200,2200,2200,2200,2200,2200,2200,2200,2200,2200,1084,0,2100.0,1969.108273461633,1650.9293040144257,2198.879470000975,256.0
1785381771,0,,Aggregated,13.600000,0.000000,2100,2100,2200,2200,2200,2200,2200,2200,2200,2200,2200,2168,0,260.0,1066.0158509010914,93.47443794831634,2198.879470000975,206.5
1785381772,0,TTFT,S1,6.800000,0.000000,170,170,170,170,170,170,180,180,180,180,180,1084,0,160.0,162.92342834054995,93.47443794831634,256.672624964267,157.0
1785381772,0,total,S1,6.800000,0.000000,2100,2200,2200,2200,2200,2200,2200,2200,2200,2200,2200,1084,0,2100.0,1969.108273461633,1650.9293040144257,2198.879470000975,256.0
1785381772,0,,Aggregated,13.600000,0.000000,2100,2100,2100,2200,2200,2200,2200,2200,2200,2200,2200,2168,0,260.0,1066.0158509010914,93.47443794831634,2198.879470000975,206.5
1785381773,0,TTFT,S1,6.800000,0.000000,170,170,170,170,170,170,170,170,170,170,170,1084,0,160.0,162.92342834054995,93.47443794831634,256.672624964267,157.0
1785381773,0,total,S1,6.800000,0.000000,2200,2200,2200,2200,2200,2200,2200,2200,2200,2200,2200,1084,0,2100.0,1969.108273461633,1650.9293040144257,2198.879470000975,256.0
1785381773,0,,Aggregated,13.600000,0.000000,2100,2100,2200,2200,2200,2200,2200,2200,2200,2200,2200,2168,0,260.0,1066.0158509010914,93.47443794831634,2198.879470000975,206.5
1785381774,0,TTFT,S1,6.800000,0.000000,170,170,170,170,170,170,170,170,170,170,170,1084,0,160.0,162.92342834054995,93.47443794831634,256.672624964267,157.0
1785381774,0,total,S1,6.800000,0.000000,2100,2200,2200,2200,2200,2200,2200,2200,2200,2200,2200,1084,0,2100.0,1969.108273461633,1650.9293040144257,2198.879470000975,256.0
1785381774,0,,Aggregated,13.600000,0.000000,2100,2100,2100,2200,2200,2200,2200,2200,2200,2200,2200,2168,0,260.0,1066.0158509010914,93.47443794831634,2198.879470000975,206.5
1785381775,0,TTFT,S1,6.800000,0.000000,160,170,170,170,170,170,170,170,170,170,170,1084,0,160.0,162.92342834054995,93.47443794831634,256.672624964267,157.0
1785381775,0,total,S1,6.800000,0.000000,2200,2200,2200,2200,2200,2200,2200,2200,2200,2200,2200,1084,0,2100.0,1969.108273461633,1650.9293040144257,2198.879470000975,256.0
1785381775,0,,Aggregated,13.600000,0.000000,2100,2100,2200,2200,2200,2200,2200,2200,2200,2200,2200,2168,0,260.0,1066.0158509010914,93.47443794831634,2198.879470000975,206.5
1785381776,0,TTFT,S1,6.800000,0.000000,160,160,170,170,170,170,170,170,170,170,170,1084,0,160.0,162.92342834054995,93.47443794831634,256.672624964267,157.0
1785381776,0,total,S1,6.800000,0.000000,2100,2100,2200,2200,2200,2200,2200,2200,2200,2200,2200,1084,0,2100.0,1969.108273461633,1650.9293040144257,2198.879470000975,256.0
1785381776,0,,Aggregated,13.600000,0.000000,2100,2100,2100,2100,2200,2200,2200,2200,2200,2200,2200,2168,0,260.0,1066.0158509010914,93.47443794831634,2198.879470000975,206.5
1785381777,0,TTFT,S1,6.800000,0.000000,160,160,170,170,170,170,170,170,170,170,170,1084,0,160.0,162.92342834054995,93.47443794831634,256.672624964267,157.0
1785381777,0,total,S1,6.800000,0.000000,2100,2100,2200,2200,2200,2200,2200,2200,2200,2200,2200,1084,0,2100.0,1969.108273461633,1650.9293040144257,2198.879470000975,256.0
1785381777,0,,Aggregated,13.600000,0.000000,2100,2100,2100,2100,2200,2200,2200,2200,2200,2200,2200,2168,0,260.0,1066.0158509010914,93.47443794831634,2198.879470000975,206.5
1785381778,0,TTFT,S1,6.800000,0.000000,160,160,170,170,170,170,170,170,170,170,170,1084,0,160.0,162.92342834054995,93.47443794831634,256.672624964267,157.0
1785381778,0,total,S1,6.800000,0.000000,2100,2100,2200,2200,2200,2200,2200,2200,2200,2200,2200,1084,0,2100.0,1969.108273461633,1650.9293040144257,2198.879470000975,256.0
1785381778,0,,Aggregated,13.600000,0.000000,2100,2100,2100,2100,2200,2200,2200,2200,2200,2200,2200,2168,0,260.0,1066.0158509010914,93.47443794831634,2198.879470000975,206.5
1785381779,0,TTFT,S1,6.800000,0.000000,160,160,170,170,170,170,170,170,170,170,170,1084,0,160.0,162.92342834054995,93.47443794831634,256.672624964267,157.0
1785381779,0,total,S1,6.800000,0.000000,2100,2100,2200,2200,2200,2200,2200,2200,2200,2200,2200,1084,0,2100.0,1969.108273461633,1650.9293040144257,2198.879470000975,256.0
1785381779,0,,Aggregated,13.600000,0.000000,2100,2100,2100,2100,2200,2200,2200,2200,2200,2200,2200,2168,0,260.0,1066.0158509010914,93.47443794831634,2198.879470000975,206.5
1785381780,0,TTFT,S1,6.800000,0.000000,160,160,170,170,170,170,170,170,170,170,170,1084,0,160.0,162.92342834054995,93.47443794831634,256.672624964267,157.0
1785381780,0,total,S1,6.800000,0.000000,2100,2100,2200,2200,2200,2200,2200,2200,2200,2200,2200,1084,0,2100.0,1969.108273461633,1650.9293040144257,2198.879470000975,256.0
1785381780,0,,Aggregated,13.600000,0.000000,2100,2100,2100,2100,2200,2200,2200,2200,2200,2200,2200,2168,0,260.0,1066.0158509010914,93.47443794831634,2198.879470000975,206.5
1785381781,0,TTFT,S1,6.800000,0.000000,160,160,170,170,170,170,170,170,170,170,170,1084,0,160.0,162.92342834054995,93.47443794831634,256.672624964267,157.0
1785381781,0,total,S1,6.800000,0.000000,2100,2100,2200,2200,2200,2200,2200,2200,2200,2200,2200,1084,0,2100.0,1969.108273461633,1650.9293040144257,2198.879470000975,256.0
1785381781,0,,Aggregated,13.600000,0.000000,2100,2100,2100,2100,2200,2200,2200,2200,2200,2200,2200,2168,0,260.0,1066.0158509010914,93.47443794831634,2198.879470000975,206.5
1785381782,0,TTFT,S1,6.800000,0.000000,160,160,170,170,170,170,170,170,170,170,170,1084,0,160.0,162.92342834054995,93.47443794831634,256.672624964267,157.0
1785381782,0,total,S1,6.800000,0.000000,2100,2100,2200,2200,2200,2200,2200,2200,2200,2200,2200,1084,0,2100.0,1969.108273461633,1650.9293040144257,2198.879470000975,256.0
1785381782,0,,Aggregated,13.600000,0.000000,2100,2100,2100,2100,2200,2200,2200,2200,2200,2200,2200,2168,0,260.0,1066.0158509010914,93.47443794831634,2198.879470000975,206.5
1785381783,0,TTFT,S1,6.800000,0.000000,160,160,170,170,170,170,170,170,170,170,170,1084,0,160.0,162.92342834054995,93.47443794831634,256.672624964267,157.0
1785381783,0,total,S1,6.800000,0.000000,2100,2100,2200,2200,2200,2200,2200,2200,2200,2200,2200,1084,0,2100.0,1969.108273461633,1650.9293040144257,2198.879470000975,256.0
1785381783,0,,Aggregated,13.600000,0.000000,2100,2100,2100,2100,2200,2200,2200,2200,2200,2200,2200,2168,0,260.0,1066.0158509010914,93.47443794831634,2198.879470000975,206.5
1785381784,0,TTFT,S1,6.800000,0.000000,160,160,170,170,170,170,170,170,170,170,170,1084,0,160.0,162.92342834054995,93.47443794831634,256.672624964267,157.0
1785381784,0,total,S1,6.800000,0.000000,2100,2100,2200,2200,2200,2200,2200,2200,2200,2200,2200,1084,0,2100.0,1969.108273461633,1650.9293040144257,2198.879470000975,256.0
1785381784,0,,Aggregated,13.600000,0.000000,2100,2100,2100,2100,2200,2200,2200,2200,2200,2200,2200,2168,0,260.0,1066.0158509010914,93.47443794831634,2198.879470000975,206.5
1785381785,0,TTFT,S1,6.800000,0.000000,0,0,0,0,0,0,0,0,0,0,0,1084,0,160.0,162.92342834054995,93.47443794831634,256.672624964267,157.0
1785381785,0,total,S1,6.800000,0.000000,0,0,0,0,0,0,0,0,0,0,0,1084,0,2100.0,1969.108273461633,1650.9293040144257,2198.879470000975,256.0
1785381785,0,,Aggregated,13.600000,0.000000,0,0,0,0,0,0,0,0,0,0,0,2168,0,260.0,1066.0158509010914,93.47443794831634,2198.879470000975,206.5
1785381786,0,TTFT,S1,6.800000,0.000000,0,0,0,0,0,0,0,0,0,0,0,1084,0,160.0,162.92342834054995,93.47443794831634,256.672624964267,157.0
1785381786,0,total,S1,6.800000,0.000000,0,0,0,0,0,0,0,0,0,0,0,1084,0,2100.0,1969.108273461633,1650.9293040144257,2198.879470000975,256.0
1785381786,0,,Aggregated,13.600000,0.000000,0,0,0,0,0,0,0,0,0,0,0,2168,0,260.0,1066.0158509010914,93.47443794831634,2198.879470000975,206.5
1785381787,0,TTFT,S1,6.800000,0.000000,0,0,0,0,0,0,0,0,0,0,0,1084,0,160.0,162.92342834054995,93.47443794831634,256.672624964267,157.0
1785381787,0,total,S1,6.800000,0.000000,0,0,0,0,0,0,0,0,0,0,0,1084,0,2100.0,1969.108273461633,1650.9293040144257,2198.879470000975,256.0
1785381787,0,,Aggregated,13.600000,0.000000,0,0,0,0,0,0,0,0,0,0,0,2168,0,260.0,1066.0158509010914,93.47443794831634,2198.879470000975,206.5
1785381788,0,TTFT,S1,6.800000,0.000000,0,0,0,0,0,0,0,0,0,0,0,1084,0,160.0,162.92342834054995,93.47443794831634,256.672624964267,157.0
1785381788,0,total,S1,6.800000,0.000000,0,0,0,0,0,0,0,0,0,0,0,1084,0,2100.0,1969.108273461633,1650.9293040144257,2198.879470000975,256.0
1785381788,0,,Aggregated,13.600000,0.000000,0,0,0,0,0,0,0,0,0,0,0,2168,0,260.0,1066.0158509010914,93.47443794831634,2198.879470000975,206.5
1785381789,0,TTFT,S1,6.800000,0.000000,0,0,0,0,0,0,0,0,0,0,0,1084,0,160.0,162.92342834054995,93.47443794831634,256.672624964267,157.0
1785381789,0,total,S1,6.800000,0.000000,0,0,0,0,0,0,0,0,0,0,0,1084,0,2100.0,1969.108273461633,1650.9293040144257,2198.879470000975,256.0
1785381789,0,,Aggregated,13.600000,0.000000,0,0,0,0,0,0,0,0,0,0,0,2168,0,260.0,1066.0158509010914,93.47443794831634,2198.879470000975,206.5
1785381790,0,TTFT,S1,6.800000,0.000000,0,0,0,0,0,0,0,0,0,0,0,1084,0,160.0,162.92342834054995,93.47443794831634,256.672624964267,157.0
1785381790,0,total,S1,6.800000,0.000000,0,0,0,0,0,0,0,0,0,0,0,1084,0,2100.0,1969.108273461633,1650.9293040144257,2198.879470000975,256.0
1785381790,0,,Aggregated,13.600000,0.000000,0,0,0,0,0,0,0,0,0,0,0,2168,0,260.0,1066.0158509010914,93.47443794831634,2198.879470000975,206.5
1785381791,0,TTFT,S1,6.800000,0.000000,0,0,0,0,0,0,0,0,0,0,0,1084,0,160.0,162.92342834054995,93.47443794831634,256.672624964267,157.0
1785381791,0,total,S1,6.800000,0.000000,0,0,0,0,0,0,0,0,0,0,0,1084,0,2100.0,1969.108273461633,1650.9293040144257,2198.879470000975,256.0
1785381791,0,,Aggregated,13.600000,0.000000,0,0,0,0,0,0,0,0,0,0,0,2168,0,260.0,1066.0158509010914,93.47443794831634,2198.879470000975,206.5
1785381792,0,TTFT,S1,6.800000,0.000000,0,0,0,0,0,0,0,0,0,0,0,1084,0,160.0,162.92342834054995,93.47443794831634,256.672624964267,157.0
1785381792,0,total,S1,6.800000,0.000000,0,0,0,0,0,0,0,0,0,0,0,1084,0,2100.0,1969.108273461633,1650.9293040144257,2198.879470000975,256.0
1785381792,0,,Aggregated,13.600000,0.000000,0,0,0,0,0,0,0,0,0,0,0,2168,0,260.0,1066.0158509010914,93.47443794831634,2198.879470000975,206.5
1785381793,0,TTFT,S1,6.800000,0.000000,0,0,0,0,0,0,0,0,0,0,0,1084,0,160.0,162.92342834054995,93.47443794831634,256.672624964267,157.0
1785381793,0,total,S1,6.800000,0.000000,0,0,0,0,0,0,0,0,0,0,0,1084,0,2100.0,1969.108273461633,1650.9293040144257,2198.879470000975,256.0
1785381793,0,,Aggregated,13.600000,0.000000,0,0,0,0,0,0,0,0,0,0,0,2168,0,260.0,1066.0158509010914,93.47443794831634,2198.879470000975,206.5
1785381794,0,TTFT,S1,6.800000,0.000000,0,0,0,0,0,0,0,0,0,0,0,1084,0,160.0,162.92342834054995,93.47443794831634,256.672624964267,157.0
1785381794,0,total,S1,6.800000,0.000000,0,0,0,0,0,0,0,0,0,0,0,1084,0,2100.0,1969.108273461633,1650.9293040144257,2198.879470000975,256.0
1785381794,0,,Aggregated,13.600000,0.000000,0,0,0,0,0,0,0,0,0,0,0,2168,0,260.0,1066.0158509010914,93.47443794831634,2198.879470000975,206.5
1785381795,0,TTFT,S1,6.800000,0.000000,0,0,0,0,0,0,0,0,0,0,0,1084,0,160.0,162.92342834054995,93.47443794831634,256.672624964267,157.0
1785381795,0,total,S1,6.800000,0.000000,0,0,0,0,0,0,0,0,0,0,0,1084,0,2100.0,1969.108273461633,1650.9293040144257,2198.879470000975,256.0
1785381795,0,,Aggregated,13.600000,0.000000,0,0,0,0,0,0,0,0,0,0,0,2168,0,260.0,1066.0158509010914,93.47443794831634,2198.879470000975,206.5
1785381796,0,TTFT,S1,6.800000,0.000000,0,0,0,0,0,0,0,0,0,0,0,1084,0,160.0,162.92342834054995,93.47443794831634,256.672624964267,157.0
1785381796,0,total,S1,6.800000,0.000000,0,0,0,0,0,0,0,0,0,0,0,1084,0,2100.0,1969.108273461633,1650.9293040144257,2198.879470000975,256.0
1785381796,0,,Aggregated,13.600000,0.000000,0,0,0,0,0,0,0,0,0,0,0,2168,0,260.0,1066.0158509010914,93.47443794831634,2198.879470000975,206.5
1785381797,0,TTFT,S1,6.800000,0.000000,0,0,0,0,0,0,0,0,0,0,0,1084,0,160.0,162.92342834054995,93.47443794831634,256.672624964267,157.0
1785381797,0,total,S1,6.800000,0.000000,0,0,0,0,0,0,0,0,0,0,0,1084,0,2100.0,1969.108273461633,1650.9293040144257,2198.879470000975,256.0
1785381797,0,,Aggregated,13.600000,0.000000,0,0,0,0,0,0,0,0,0,0,0,2168,0,260.0,1066.0158509010914,93.47443794831634,2198.879470000975,206.5
1785381798,0,TTFT,S1,6.800000,0.000000,0,0,0,0,0,0,0,0,0,0,0,1084,0,160.0,162.92342834054995,93.47443794831634,256.672624964267,157.0
1785381798,0,total,S1,6.800000,0.000000,0,0,0,0,0,0,0,0,0,0,0,1084,0,2100.0,1969.108273461633,1650.9293040144257,2198.879470000975,256.0
1785381798,0,,Aggregated,13.600000,0.000000,0,0,0,0,0,0,0,0,0,0,0,2168,0,260.0,1066.0158509010914,93.47443794831634,2198.879470000975,206.5
1785381799,0,TTFT,S1,6.800000,0.000000,0,0,0,0,0,0,0,0,0,0,0,1084,0,160.0,162.92342834054995,93.47443794831634,256.672624964267,157.0
1785381799,0,total,S1,6.800000,0.000000,0,0,0,0,0,0,0,0,0,0,0,1084,0,2100.0,1969.108273461633,1650.9293040144257,2198.879470000975,256.0
1785381799,0,,Aggregated,13.600000,0.000000,0,0,0,0,0,0,0,0,0,0,0,2168,0,260.0,1066.0158509010914,93.47443794831634,2198.879470000975,206.5
1785381800,0,TTFT,S1,6.800000,0.000000,0,0,0,0,0,0,0,0,0,0,0,1084,0,160.0,162.92342834054995,93.47443794831634,256.672624964267,157.0
1785381800,0,total,S1,6.800000,0.000000,0,0,0,0,0,0,0,0,0,0,0,1084,0,2100.0,1969.108273461633,1650.9293040144257,2198.879470000975,256.0
1785381800,0,,Aggregated,13.600000,0.000000,0,0,0,0,0,0,0,0,0,0,0,2168,0,260.0,1066.0158509010914,93.47443794831634,2198.879470000975,206.5
1785381801,0,TTFT,S1,6.800000,0.000000,0,0,0,0,0,0,0,0,0,0,0,1084,0,160.0,162.92342834054995,93.47443794831634,256.672624964267,157.0
1785381801,0,total,S1,6.800000,0.000000,0,0,0,0,0,0,0,0,0,0,0,1084,0,2100.0,1969.108273461633,1650.9293040144257,2198.879470000975,256.0
1785381801,0,,Aggregated,13.600000,0.000000,0,0,0,0,0,0,0,0,0,0,0,2168,0,260.0,1066.0158509010914,93.47443794831634,2198.879470000975,206.5
1785381802,0,TTFT,S1,6.800000,0.000000,0,0,0,0,0,0,0,0,0,0,0,1084,0,160.0,162.92342834054995,93.47443794831634,256.672624964267,157.0
1785381802,0,total,S1,6.800000,0.000000,0,0,0,0,0,0,0,0,0,0,0,1084,0,2100.0,1969.108273461633,1650.9293040144257,2198.879470000975,256.0
1785381802,0,,Aggregated,13.600000,0.000000,0,0,0,0,0,0,0,0,0,0,0,2168,0,260.0,1066.0158509010914,93.47443794831634,2198.879470000975,206.5
1785381803,0,TTFT,S1,6.800000,0.000000,0,0,0,0,0,0,0,0,0,0,0,1084,0,160.0,162.92342834054995,93.47443794831634,256.672624964267,157.0
1785381803,0,total,S1,6.800000,0.000000,0,0,0,0,0,0,0,0,0,0,0,1084,0,2100.0,1969.108273461633,1650.9293040144257,2198.879470000975,256.0
1785381803,0,,Aggregated,13.600000,0.000000,0,0,0,0,0,0,0,0,0,0,0,2168,0,260.0,1066.0158509010914,93.47443794831634,2198.879470000975,206.5
1785381804,0,TTFT,S1,6.800000,0.000000,0,0,0,0,0,0,0,0,0,0,0,1084,0,160.0,162.92342834054995,93.47443794831634,256.672624964267,157.0
1785381804,0,total,S1,6.800000,0.000000,0,0,0,0,0,0,0,0,0,0,0,1084,0,2100.0,1969.108273461633,1650.9293040144257,2198.879470000975,256.0
1785381804,0,,Aggregated,13.600000,0.000000,0,0,0,0,0,0,0,0,0,0,0,2168,0,260.0,1066.0158509010914,93.47443794831634,2198.879470000975,206.5
1785381805,0,TTFT,S1,6.800000,0.000000,0,0,0,0,0,0,0,0,0,0,0,1084,0,160.0,162.92342834054995,93.47443794831634,256.672624964267,157.0
1785381805,0,total,S1,6.800000,0.000000,0,0,0,0,0,0,0,0,0,0,0,1084,0,2100.0,1969.108273461633,1650.9293040144257,2198.879470000975,256.0
1785381805,0,,Aggregated,13.600000,0.000000,0,0,0,0,0,0,0,0,0,0,0,2168,0,260.0,1066.0158509010914,93.47443794831634,2198.879470000975,206.5
1785381806,0,TTFT,S1,6.800000,0.000000,0,0,0,0,0,0,0,0,0,0,0,1084,0,160.0,162.92342834054995,93.47443794831634,256.672624964267,157.0
1785381806,0,total,S1,6.800000,0.000000,0,0,0,0,0,0,0,0,0,0,0,1084,0,2100.0,1969.108273461633,1650.9293040144257,2198.879470000975,256.0
1785381806,0,,Aggregated,13.600000,0.000000,0,0,0,0,0,0,0,0,0,0,0,2168,0,260.0,1066.0158509010914,93.47443794831634,2198.879470000975,206.5
1785381807,0,TTFT,S1,6.800000,0.000000,0,0,0,0,0,0,0,0,0,0,0,1084,0,160.0,162.92342834054995,93.47443794831634,256.672624964267,157.0
1785381807,0,total,S1,6.800000,0.000000,0,0,0,0,0,0,0,0,0,0,0,1084,0,2100.0,1969.108273461633,1650.9293040144257,2198.879470000975,256.0
1785381807,0,,Aggregated,13.600000,0.000000,0,0,0,0,0,0,0,0,0,0,0,2168,0,260.0,1066.0158509010914,93.47443794831634,2198.879470000975,206.5
1785381808,0,TTFT,S1,6.800000,0.000000,0,0,0,0,0,0,0,0,0,0,0,1084,0,160.0,162.92342834054995,93.47443794831634,256.672624964267,157.0
1785381808,0,total,S1,6.800000,0.000000,0,0,0,0,0,0,0,0,0,0,0,1084,0,2100.0,1969.108273461633,1650.9293040144257,2198.879470000975,256.0
1785381808,0,,Aggregated,13.600000,0.000000,0,0,0,0,0,0,0,0,0,0,0,2168,0,260.0,1066.0158509010914,93.47443794831634,2198.879470000975,206.5
1785381809,0,TTFT,S1,6.800000,0.000000,0,0,0,0,0,0,0,0,0,0,0,1084,0,160.0,162.92342834054995,93.47443794831634,256.672624964267,157.0
1785381809,0,total,S1,6.800000,0.000000,0,0,0,0,0,0,0,0,0,0,0,1084,0,2100.0,1969.108273461633,1650.9293040144257,2198.879470000975,256.0
1785381809,0,,Aggregated,13.600000,0.000000,0,0,0,0,0,0,0,0,0,0,0,2168,0,260.0,1066.0158509010914,93.47443794831634,2198.879470000975,206.5
1785381810,0,TTFT,S1,6.800000,0.000000,0,0,0,0,0,0,0,0,0,0,0,1084,0,160.0,162.92342834054995,93.47443794831634,256.672624964267,157.0
1785381810,0,total,S1,6.800000,0.000000,0,0,0,0,0,0,0,0,0,0,0,1084,0,2100.0,1969.108273461633,1650.9293040144257,2198.879470000975,256.0
1785381810,0,,Aggregated,13.600000,0.000000,0,0,0,0,0,0,0,0,0,0,0,2168,0,260.0,1066.0158509010914,93.47443794831634,2198.879470000975,206.5
1785381811,0,TTFT,S1,6.800000,0.000000,0,0,0,0,0,0,0,0,0,0,0,1084,0,160.0,162.92342834054995,93.47443794831634,256.672624964267,157.0
1785381811,0,total,S1,6.800000,0.000000,0,0,0,0,0,0,0,0,0,0,0,1084,0,2100.0,1969.108273461633,1650.9293040144257,2198.879470000975,256.0
1785381811,0,,Aggregated,13.600000,0.000000,0,0,0,0,0,0,0,0,0,0,0,2168,0,260.0,1066.0158509010914,93.47443794831634,2198.879470000975,206.5
1785381812,0,TTFT,S1,6.800000,0.000000,0,0,0,0,0,0,0,0,0,0,0,1084,0,160.0,162.92342834054995,93.47443794831634,256.672624964267,157.0
1785381812,0,total,S1,6.800000,0.000000,0,0,0,0,0,0,0,0,0,0,0,1084,0,2100.0,1969.108273461633,1650.9293040144257,2198.879470000975,256.0
1785381812,0,,Aggregated,13.600000,0.000000,0,0,0,0,0,0,0,0,0,0,0,2168,0,260.0,1066.0158509010914,93.47443794831634,2198.879470000975,206.5
1785381813,0,TTFT,S1,6.800000,0.000000,0,0,0,0,0,0,0,0,0,0,0,1084,0,160.0,162.92342834054995,93.47443794831634,256.672624964267,157.0
1785381813,0,total,S1,6.800000,0.000000,0,0,0,0,0,0,0,0,0,0,0,1084,0,2100.0,1969.108273461633,1650.9293040144257,2198.879470000975,256.0
1785381813,0,,Aggregated,13.600000,0.000000,0,0,0,0,0,0,0,0,0,0,0,2168,0,260.0,1066.0158509010914,93.47443794831634,2198.879470000975,206.5
1785381814,0,TTFT,S1,6.800000,0.000000,0,0,0,0,0,0,0,0,0,0,0,1084,0,160.0,162.92342834054995,93.47443794831634,256.672624964267,157.0
1785381814,0,total,S1,6.800000,0.000000,0,0,0,0,0,0,0,0,0,0,0,1084,0,2100.0,1969.108273461633,1650.9293040144257,2198.879470000975,256.0
1785381814,0,,Aggregated,13.600000,0.000000,0,0,0,0,0,0,0,0,0,0,0,2168,0,260.0,1066.0158509010914,93.47443794831634,2198.879470000975,206.5
1785381815,0,TTFT,S1,6.800000,0.000000,0,0,0,0,0,0,0,0,0,0,0,1084,0,160.0,162.92342834054995,93.47443794831634,256.672624964267,157.0
1785381815,0,total,S1,6.800000,0.000000,0,0,0,0,0,0,0,0,0,0,0,1084,0,2100.0,1969.108273461633,1650.9293040144257,2198.879470000975,256.0
1785381815,0,,Aggregated,13.600000,0.000000,0,0,0,0,0,0,0,0,0,0,0,2168,0,260.0,1066.0158509010914,93.47443794831634,2198.879470000975,206.5
1785381816,0,TTFT,S1,6.800000,0.000000,0,0,0,0,0,0,0,0,0,0,0,1084,0,160.0,162.92342834054995,93.47443794831634,256.672624964267,157.0
1785381816,0,total,S1,6.800000,0.000000,0,0,0,0,0,0,0,0,0,0,0,1084,0,2100.0,1969.108273461633,1650.9293040144257,2198.879470000975,256.0
1785381816,0,,Aggregated,13.600000,0.000000,0,0,0,0,0,0,0,0,0,0,0,2168,0,260.0,1066.0158509010914,93.47443794831634,2198.879470000975,206.5
1785381817,0,TTFT,S1,6.800000,0.000000,0,0,0,0,0,0,0,0,0,0,0,1084,0,160.0,162.92342834054995,93.47443794831634,256.672624964267,157.0
1785381817,0,total,S1,6.800000,0.000000,0,0,0,0,0,0,0,0,0,0,0,1084,0,2100.0,1969.108273461633,1650.9293040144257,2198.879470000975,256.0
1785381817,0,,Aggregated,13.600000,0.000000,0,0,0,0,0,0,0,0,0,0,0,2168,0,260.0,1066.0158509010914,93.47443794831634,2198.879470000975,206.5
1785381818,0,TTFT,S1,6.800000,0.000000,0,0,0,0,0,0,0,0,0,0,0,1084,0,160.0,162.92342834054995,93.47443794831634,256.672624964267,157.0
1785381818,0,total,S1,6.800000,0.000000,0,0,0,0,0,0,0,0,0,0,0,1084,0,2100.0,1969.108273461633,1650.9293040144257,2198.879470000975,256.0
1785381818,0,,Aggregated,13.600000,0.000000,0,0,0,0,0,0,0,0,0,0,0,2168,0,260.0,1066.0158509010914,93.47443794831634,2198.879470000975,206.5
1785381819,0,TTFT,S1,6.800000,0.000000,0,0,0,0,0,0,0,0,0,0,0,1084,0,160.0,162.92342834054995,93.47443794831634,256.672624964267,157.0
1785381819,0,total,S1,6.800000,0.000000,0,0,0,0,0,0,0,0,0,0,0,1084,0,2100.0,1969.108273461633,1650.9293040144257,2198.879470000975,256.0
1785381819,0,,Aggregated,13.600000,0.000000,0,0,0,0,0,0,0,0,0,0,0,2168,0,260.0,1066.0158509010914,93.47443794831634,2198.879470000975,206.5
1785381820,0,TTFT,S1,6.800000,0.000000,0,0,0,0,0,0,0,0,0,0,0,1084,0,160.0,162.92342834054995,93.47443794831634,256.672624964267,157.0
1785381820,0,total,S1,6.800000,0.000000,0,0,0,0,0,0,0,0,0,0,0,1084,0,2100.0,1969.108273461633,1650.9293040144257,2198.879470000975,256.0
1785381820,0,,Aggregated,13.600000,0.000000,0,0,0,0,0,0,0,0,0,0,0,2168,0,260.0,1066.0158509010914,93.47443794831634,2198.879470000975,206.5
1785381821,0,TTFT,S1,6.800000,0.000000,0,0,0,0,0,0,0,0,0,0,0,1084,0,160.0,162.92342834054995,93.47443794831634,256.672624964267,157.0
1785381821,0,total,S1,6.800000,0.000000,0,0,0,0,0,0,0,0,0,0,0,1084,0,2100.0,1969.108273461633,1650.9293040144257,2198.879470000975,256.0
1785381821,0,,Aggregated,13.600000,0.000000,0,0,0,0,0,0,0,0,0,0,0,2168,0,260.0,1066.0158509010914,93.47443794831634,2198.879470000975,206.5
1785381822,0,TTFT,S1,6.800000,0.000000,0,0,0,0,0,0,0,0,0,0,0,1084,0,160.0,162.92342834054995,93.47443794831634,256.672624964267,157.0
1785381822,0,total,S1,6.800000,0.000000,0,0,0,0,0,0,0,0,0,0,0,1084,0,2100.0,1969.108273461633,1650.9293040144257,2198.879470000975,256.0
1785381822,0,,Aggregated,13.600000,0.000000,0,0,0,0,0,0,0,0,0,0,0,2168,0,260.0,1066.0158509010914,93.47443794831634,2198.879470000975,206.5
1785381823,0,TTFT,S1,6.800000,0.000000,0,0,0,0,0,0,0,0,0,0,0,1084,0,160.0,162.92342834054995,93.47443794831634,256.672624964267,157.0
1785381823,0,total,S1,6.800000,0.000000,0,0,0,0,0,0,0,0,0,0,0,1084,0,2100.0,1969.108273461633,1650.9293040144257,2198.879470000975,256.0
1785381823,0,,Aggregated,13.600000,0.000000,0,0,0,0,0,0,0,0,0,0,0,2168,0,260.0,1066.0158509010914,93.47443794831634,2198.879470000975,206.5
1785381824,0,TTFT,S1,6.800000,0.000000,0,0,0,0,0,0,0,0,0,0,0,1084,0,160.0,162.92342834054995,93.47443794831634,256.672624964267,157.0
1785381824,0,total,S1,6.800000,0.000000,0,0,0,0,0,0,0,0,0,0,0,1084,0,2100.0,1969.108273461633,1650.9293040144257,2198.879470000975,256.0
1785381824,0,,Aggregated,13.600000,0.000000,0,0,0,0,0,0,0,0,0,0,0,2168,0,260.0,1066.0158509010914,93.47443794831634,2198.879470000975,206.5
1785381825,0,TTFT,S1,6.800000,0.000000,0,0,0,0,0,0,0,0,0,0,0,1084,0,160.0,162.92342834054995,93.47443794831634,256.672624964267,157.0
1785381825,0,total,S1,6.800000,0.000000,0,0,0,0,0,0,0,0,0,0,0,1084,0,2100.0,1969.108273461633,1650.9293040144257,2198.879470000975,256.0
1785381825,0,,Aggregated,13.600000,0.000000,0,0,0,0,0,0,0,0,0,0,0,2168,0,260.0,1066.0158509010914,93.47443794831634,2198.879470000975,206.5
1785381826,0,TTFT,S1,6.800000,0.000000,0,0,0,0,0,0,0,0,0,0,0,1084,0,160.0,162.92342834054995,93.47443794831634,256.672624964267,157.0
1785381826,0,total,S1,6.800000,0.000000,0,0,0,0,0,0,0,0,0,0,0,1084,0,2100.0,1969.108273461633,1650.9293040144257,2198.879470000975,256.0
1785381826,0,,Aggregated,13.600000,0.000000,0,0,0,0,0,0,0,0,0,0,0,2168,0,260.0,1066.0158509010914,93.47443794831634,2198.879470000975,206.5
1785381827,0,TTFT,S1,6.800000,0.000000,0,0,0,0,0,0,0,0,0,0,0,1084,0,160.0,162.92342834054995,93.47443794831634,256.672624964267,157.0
1785381827,0,total,S1,6.800000,0.000000,0,0,0,0,0,0,0,0,0,0,0,1084,0,2100.0,1969.108273461633,1650.9293040144257,2198.879470000975,256.0
1785381827,0,,Aggregated,13.600000,0.000000,0,0,0,0,0,0,0,0,0,0,0,2168,0,260.0,1066.0158509010914,93.47443794831634,2198.879470000975,206.5
1785381828,0,TTFT,S1,6.800000,0.000000,0,0,0,0,0,0,0,0,0,0,0,1084,0,160.0,162.92342834054995,93.47443794831634,256.672624964267,157.0
1785381828,0,total,S1,6.800000,0.000000,0,0,0,0,0,0,0,0,0,0,0,1084,0,2100.0,1969.108273461633,1650.9293040144257,2198.879470000975,256.0
1785381828,0,,Aggregated,13.600000,0.000000,0,0,0,0,0,0,0,0,0,0,0,2168,0,260.0,1066.0158509010914,93.47443794831634,2198.879470000975,206.5
1785381829,0,TTFT,S1,6.800000,0.000000,0,0,0,0,0,0,0,0,0,0,0,1084,0,160.0,162.92342834054995,93.47443794831634,256.672624964267,157.0
1785381829,0,total,S1,6.800000,0.000000,0,0,0,0,0,0,0,0,0,0,0,1084,0,2100.0,1969.108273461633,1650.9293040144257,2198.879470000975,256.0
1785381829,0,,Aggregated,13.600000,0.000000,0,0,0,0,0,0,0,0,0,0,0,2168,0,260.0,1066.0158509010914,93.47443794831634,2198.879470000975,206.5
1785381830,0,TTFT,S1,6.800000,0.000000,0,0,0,0,0,0,0,0,0,0,0,1084,0,160.0,162.92342834054995,93.47443794831634,256.672624964267,157.0
1785381830,0,total,S1,6.800000,0.000000,0,0,0,0,0,0,0,0,0,0,0,1084,0,2100.0,1969.108273461633,1650.9293040144257,2198.879470000975,256.0
1785381830,0,,Aggregated,13.600000,0.000000,0,0,0,0,0,0,0,0,0,0,0,2168,0,260.0,1066.0158509010914,93.47443794831634,2198.879470000975,206.5
1785381831,0,TTFT,S1,6.800000,0.000000,0,0,0,0,0,0,0,0,0,0,0,1084,0,160.0,162.92342834054995,93.47443794831634,256.672624964267,157.0
1785381831,0,total,S1,6.800000,0.000000,0,0,0,0,0,0,0,0,0,0,0,1084,0,2100.0,1969.108273461633,1650.9293040144257,2198.879470000975,256.0
1785381831,0,,Aggregated,13.600000,0.000000,0,0,0,0,0,0,0,0,0,0,0,2168,0,260.0,1066.0158509010914,93.47443794831634,2198.879470000975,206.5
1785381832,0,TTFT,S1,6.800000,0.000000,0,0,0,0,0,0,0,0,0,0,0,1084,0,160.0,162.92342834054995,93.47443794831634,256.672624964267,157.0
1785381832,0,total,S1,6.800000,0.000000,0,0,0,0,0,0,0,0,0,0,0,1084,0,2100.0,1969.108273461633,1650.9293040144257,2198.879470000975,256.0
1785381832,0,,Aggregated,13.600000,0.000000,0,0,0,0,0,0,0,0,0,0,0,2168,0,260.0,1066.0158509010914,93.47443794831634,2198.879470000975,206.5
1785381833,0,TTFT,S1,6.800000,0.000000,0,0,0,0,0,0,0,0,0,0,0,1084,0,160.0,162.92342834054995,93.47443794831634,256.672624964267,157.0
1785381833,0,total,S1,6.800000,0.000000,0,0,0,0,0,0,0,0,0,0,0,1084,0,2100.0,1969.108273461633,1650.9293040144257,2198.879470000975,256.0
1785381833,0,,Aggregated,13.600000,0.000000,0,0,0,0,0,0,0,0,0,0,0,2168,0,260.0,1066.0158509010914,93.47443794831634,2198.879470000975,206.5
1785381834,0,TTFT,S1,6.800000,0.000000,0,0,0,0,0,0,0,0,0,0,0,1084,0,160.0,162.92342834054995,93.47443794831634,256.672624964267,157.0
1785381834,0,total,S1,6.800000,0.000000,0,0,0,0,0,0,0,0,0,0,0,1084,0,2100.0,1969.108273461633,1650.9293040144257,2198.879470000975,256.0
1785381834,0,,Aggregated,13.600000,0.000000,0,0,0,0,0,0,0,0,0,0,0,2168,0,260.0,1066.0158509010914,93.47443794831634,2198.879470000975,206.5
1785381835,0,TTFT,S1,6.800000,0.000000,0,0,0,0,0,0,0,0,0,0,0,1084,0,160.0,162.92342834054995,93.47443794831634,256.672624964267,157.0
1785381835,0,total,S1,6.800000,0.000000,0,0,0,0,0,0,0,0,0,0,0,1084,0,2100.0,1969.108273461633,1650.9293040144257,2198.879470000975,256.0
1785381835,0,,Aggregated,13.600000,0.000000,0,0,0,0,0,0,0,0,0,0,0,2168,0,260.0,1066.0158509010914,93.47443794831634,2198.879470000975,206.5
1785381836,0,TTFT,S1,6.800000,0.000000,0,0,0,0,0,0,0,0,0,0,0,1084,0,160.0,162.92342834054995,93.47443794831634,256.672624964267,157.0
1785381836,0,total,S1,6.800000,0.000000,0,0,0,0,0,0,0,0,0,0,0,1084,0,2100.0,1969.108273461633,1650.9293040144257,2198.879470000975,256.0
1785381836,0,,Aggregated,13.600000,0.000000,0,0,0,0,0,0,0,0,0,0,0,2168,0,260.0,1066.0158509010914,93.47443794831634,2198.879470000975,206.5
1785381837,0,TTFT,S1,6.800000,0.000000,0,0,0,0,0,0,0,0,0,0,0,1084,0,160.0,162.92342834054995,93.47443794831634,256.672624964267,157.0
1785381837,0,total,S1,6.800000,0.000000,0,0,0,0,0,0,0,0,0,0,0,1084,0,2100.0,1969.108273461633,1650.9293040144257,2198.879470000975,256.0
1785381837,0,,Aggregated,13.600000,0.000000,0,0,0,0,0,0,0,0,0,0,0,2168,0,260.0,1066.0158509010914,93.47443794831634,2198.879470000975,206.5
1785381838,0,TTFT,S1,6.800000,0.000000,0,0,0,0,0,0,0,0,0,0,0,1084,0,160.0,162.92342834054995,93.47443794831634,256.672624964267,157.0
1785381838,0,total,S1,6.800000,0.000000,0,0,0,0,0,0,0,0,0,0,0,1084,0,2100.0,1969.108273461633,1650.9293040144257,2198.879470000975,256.0
1785381838,0,,Aggregated,13.600000,0.000000,0,0,0,0,0,0,0,0,0,0,0,2168,0,260.0,1066.0158509010914,93.47443794831634,2198.879470000975,206.5
1785381839,0,TTFT,S1,6.800000,0.000000,0,0,0,0,0,0,0,0,0,0,0,1084,0,160.0,162.92342834054995,93.47443794831634,256.672624964267,157.0
1785381839,0,total,S1,6.800000,0.000000,0,0,0,0,0,0,0,0,0,0,0,1084,0,2100.0,1969.108273461633,1650.9293040144257,2198.879470000975,256.0
1785381839,0,,Aggregated,13.600000,0.000000,0,0,0,0,0,0,0,0,0,0,0,2168,0,260.0,1066.0158509010914,93.47443794831634,2198.879470000975,206.5
1785381840,0,TTFT,S1,6.800000,0.000000,0,0,0,0,0,0,0,0,0,0,0,1084,0,160.0,162.92342834054995,93.47443794831634,256.672624964267,157.0
1785381840,0,total,S1,6.800000,0.000000,0,0,0,0,0,0,0,0,0,0,0,1084,0,2100.0,1969.108273461633,1650.9293040144257,2198.879470000975,256.0
1785381840,0,,Aggregated,13.600000,0.000000,0,0,0,0,0,0,0,0,0,0,0,2168,0,260.0,1066.0158509010914,93.47443794831634,2198.879470000975,206.5
1785381841,0,TTFT,S1,6.800000,0.000000,0,0,0,0,0,0,0,0,0,0,0,1084,0,160.0,162.92342834054995,93.47443794831634,256.672624964267,157.0
1785381841,0,total,S1,6.800000,0.000000,0,0,0,0,0,0,0,0,0,0,0,1084,0,2100.0,1969.108273461633,1650.9293040144257,2198.879470000975,256.0
1785381841,0,,Aggregated,13.600000,0.000000,0,0,0,0,0,0,0,0,0,0,0,2168,0,260.0,1066.0158509010914,93.47443794831634,2198.879470000975,206.5
1785381842,0,TTFT,S1,6.800000,0.000000,0,0,0,0,0,0,0,0,0,0,0,1084,0,160.0,162.92342834054995,93.47443794831634,256.672624964267,157.0
1785381842,0,total,S1,6.800000,0.000000,0,0,0,0,0,0,0,0,0,0,0,1084,0,2100.0,1969.108273461633,1650.9293040144257,2198.879470000975,256.0
1785381842,0,,Aggregated,13.600000,0.000000,0,0,0,0,0,0,0,0,0,0,0,2168,0,260.0,1066.0158509010914,93.47443794831634,2198.879470000975,206.5
1785381843,0,TTFT,S1,6.800000,0.000000,0,0,0,0,0,0,0,0,0,0,0,1084,0,160.0,162.92342834054995,93.47443794831634,256.672624964267,157.0
1785381843,0,total,S1,6.800000,0.000000,0,0,0,0,0,0,0,0,0,0,0,1084,0,2100.0,1969.108273461633,1650.9293040144257,2198.879470000975,256.0
1785381843,0,,Aggregated,13.600000,0.000000,0,0,0,0,0,0,0,0,0,0,0,2168,0,260.0,1066.0158509010914,93.47443794831634,2198.879470000975,206.5
1785381844,0,TTFT,S1,6.800000,0.000000,0,0,0,0,0,0,0,0,0,0,0,1084,0,160.0,162.92342834054995,93.47443794831634,256.672624964267,157.0
1785381844,0,total,S1,6.800000,0.000000,0,0,0,0,0,0,0,0,0,0,0,1084,0,2100.0,1969.108273461633,1650.9293040144257,2198.879470000975,256.0
1785381844,0,,Aggregated,13.600000,0.000000,0,0,0,0,0,0,0,0,0,0,0,2168,0,260.0,1066.0158509010914,93.47443794831634,2198.879470000975,206.5
1785381845,0,TTFT,S1,6.800000,0.000000,0,0,0,0,0,0,0,0,0,0,0,1084,0,160.0,162.92342834054995,93.47443794831634,256.672624964267,157.0
1785381845,0,total,S1,6.800000,0.000000,0,0,0,0,0,0,0,0,0,0,0,1084,0,2100.0,1969.108273461633,1650.9293040144257,2198.879470000975,256.0
1785381845,0,,Aggregated,13.600000,0.000000,0,0,0,0,0,0,0,0,0,0,0,2168,0,260.0,1066.0158509010914,93.47443794831634,2198.879470000975,206.5
1785381846,0,TTFT,S1,6.800000,0.000000,0,0,0,0,0,0,0,0,0,0,0,1084,0,160.0,162.92342834054995,93.47443794831634,256.672624964267,157.0
1785381846,0,total,S1,6.800000,0.000000,0,0,0,0,0,0,0,0,0,0,0,1084,0,2100.0,1969.108273461633,1650.9293040144257,2198.879470000975,256.0
1785381846,0,,Aggregated,13.600000,0.000000,0,0,0,0,0,0,0,0,0,0,0,2168,0,260.0,1066.0158509010914,93.47443794831634,2198.879470000975,206.5
1785381847,0,TTFT,S1,6.800000,0.000000,0,0,0,0,0,0,0,0,0,0,0,1084,0,160.0,162.92342834054995,93.47443794831634,256.672624964267,157.0
1785381847,0,total,S1,6.800000,0.000000,0,0,0,0,0,0,0,0,0,0,0,1084,0,2100.0,1969.108273461633,1650.9293040144257,2198.879470000975,256.0
1785381847,0,,Aggregated,13.600000,0.000000,0,0,0,0,0,0,0,0,0,0,0,2168,0,260.0,1066.0158509010914,93.47443794831634,2198.879470000975,206.5
1785381848,0,TTFT,S1,6.800000,0.000000,0,0,0,0,0,0,0,0,0,0,0,1084,0,160.0,162.92342834054995,93.47443794831634,256.672624964267,157.0
1785381848,0,total,S1,6.800000,0.000000,0,0,0,0,0,0,0,0,0,0,0,1084,0,2100.0,1969.108273461633,1650.9293040144257,2198.879470000975,256.0
1785381848,0,,Aggregated,13.600000,0.000000,0,0,0,0,0,0,0,0,0,0,0,2168,0,260.0,1066.0158509010914,93.47443794831634,2198.879470000975,206.5
1785381849,0,TTFT,S1,6.800000,0.000000,0,0,0,0,0,0,0,0,0,0,0,1084,0,160.0,162.92342834054995,93.47443794831634,256.672624964267,157.0
1785381849,0,total,S1,6.800000,0.000000,0,0,0,0,0,0,0,0,0,0,0,1084,0,2100.0,1969.108273461633,1650.9293040144257,2198.879470000975,256.0
1785381849,0,,Aggregated,13.600000,0.000000,0,0,0,0,0,0,0,0,0,0,0,2168,0,260.0,1066.0158509010914,93.47443794831634,2198.879470000975,206.5
1785381850,0,TTFT,S1,6.800000,0.000000,0,0,0,0,0,0,0,0,0,0,0,1084,0,160.0,162.92342834054995,93.47443794831634,256.672624964267,157.0
1785381850,0,total,S1,6.800000,0.000000,0,0,0,0,0,0,0,0,0,0,0,1084,0,2100.0,1969.108273461633,1650.9293040144257,2198.879470000975,256.0
1785381850,0,,Aggregated,13.600000,0.000000,0,0,0,0,0,0,0,0,0,0,0,2168,0,260.0,1066.0158509010914,93.47443794831634,2198.879470000975,206.5
1785381851,0,TTFT,S1,6.800000,0.000000,0,0,0,0,0,0,0,0,0,0,0,1084,0,160.0,162.92342834054995,93.47443794831634,256.672624964267,157.0
1785381851,0,total,S1,6.800000,0.000000,0,0,0,0,0,0,0,0,0,0,0,1084,0,2100.0,1969.108273461633,1650.9293040144257,2198.879470000975,256.0
1785381851,0,,Aggregated,13.600000,0.000000,0,0,0,0,0,0,0,0,0,0,0,2168,0,260.0,1066.0158509010914,93.47443794831634,2198.879470000975,206.5
1785381852,0,TTFT,S1,6.800000,0.000000,0,0,0,0,0,0,0,0,0,0,0,1084,0,160.0,162.92342834054995,93.47443794831634,256.672624964267,157.0
1785381852,0,total,S1,6.800000,0.000000,0,0,0,0,0,0,0,0,0,0,0,1084,0,2100.0,1969.108273461633,1650.9293040144257,2198.879470000975,256.0
1785381852,0,,Aggregated,13.600000,0.000000,0,0,0,0,0,0,0,0,0,0,0,2168,0,260.0,1066.0158509010914,93.47443794831634,2198.879470000975,206.5
1785381853,0,TTFT,S1,6.800000,0.000000,0,0,0,0,0,0,0,0,0,0,0,1084,0,160.0,162.92342834054995,93.47443794831634,256.672624964267,157.0
1785381853,0,total,S1,6.800000,0.000000,0,0,0,0,0,0,0,0,0,0,0,1084,0,2100.0,1969.108273461633,1650.9293040144257,2198.879470000975,256.0
1785381853,0,,Aggregated,13.600000,0.000000,0,0,0,0,0,0,0,0,0,0,0,2168,0,260.0,1066.0158509010914,93.47443794831634,2198.879470000975,206.5
1785381854,0,TTFT,S1,6.800000,0.000000,0,0,0,0,0,0,0,0,0,0,0,1084,0,160.0,162.92342834054995,93.47443794831634,256.672624964267,157.0
1785381854,0,total,S1,6.800000,0.000000,0,0,0,0,0,0,0,0,0,0,0,1084,0,2100.0,1969.108273461633,1650.9293040144257,2198.879470000975,256.0
1785381854,0,,Aggregated,13.600000,0.000000,0,0,0,0,0,0,0,0,0,0,0,2168,0,260.0,1066.0158509010914,93.47443794831634,2198.879470000975,206.5
1785381855,0,TTFT,S1,6.800000,0.000000,0,0,0,0,0,0,0,0,0,0,0,1084,0,160.0,162.92342834054995,93.47443794831634,256.672624964267,157.0
1785381855,0,total,S1,6.800000,0.000000,0,0,0,0,0,0,0,0,0,0,0,1084,0,2100.0,1969.108273461633,1650.9293040144257,2198.879470000975,256.0
1785381855,0,,Aggregated,13.600000,0.000000,0,0,0,0,0,0,0,0,0,0,0,2168,0,260.0,1066.0158509010914,93.47443794831634,2198.879470000975,206.5
1785381856,0,TTFT,S1,6.800000,0.000000,0,0,0,0,0,0,0,0,0,0,0,1084,0,160.0,162.92342834054995,93.47443794831634,256.672624964267,157.0
1785381856,0,total,S1,6.800000,0.000000,0,0,0,0,0,0,0,0,0,0,0,1084,0,2100.0,1969.108273461633,1650.9293040144257,2198.879470000975,256.0
1785381856,0,,Aggregated,13.600000,0.000000,0,0,0,0,0,0,0,0,0,0,0,2168,0,260.0,1066.0158509010914,93.47443794831634,2198.879470000975,206.5
1785381857,0,TTFT,S1,6.800000,0.000000,0,0,0,0,0,0,0,0,0,0,0,1084,0,160.0,162.92342834054995,93.47443794831634,256.672624964267,157.0
1785381857,0,total,S1,6.800000,0.000000,0,0,0,0,0,0,0,0,0,0,0,1084,0,2100.0,1969.108273461633,1650.9293040144257,2198.879470000975,256.0
1785381857,0,,Aggregated,13.600000,0.000000,0,0,0,0,0,0,0,0,0,0,0,2168,0,260.0,1066.0158509010914,93.47443794831634,2198.879470000975,206.5
1785381858,0,TTFT,S1,6.800000,0.000000,0,0,0,0,0,0,0,0,0,0,0,1084,0,160.0,162.92342834054995,93.47443794831634,256.672624964267,157.0
1785381858,0,total,S1,6.800000,0.000000,0,0,0,0,0,0,0,0,0,0,0,1084,0,2100.0,1969.108273461633,1650.9293040144257,2198.879470000975,256.0
1785381858,0,,Aggregated,13.600000,0.000000,0,0,0,0,0,0,0,0,0,0,0,2168,0,260.0,1066.0158509010914,93.47443794831634,2198.879470000975,206.5
1785381859,0,TTFT,S1,6.800000,0.000000,0,0,0,0,0,0,0,0,0,0,0,1084,0,160.0,162.92342834054995,93.47443794831634,256.672624964267,157.0
1785381859,0,total,S1,6.800000,0.000000,0,0,0,0,0,0,0,0,0,0,0,1084,0,2100.0,1969.108273461633,1650.9293040144257,2198.879470000975,256.0
1785381859,0,,Aggregated,13.600000,0.000000,0,0,0,0,0,0,0,0,0,0,0,2168,0,260.0,1066.0158509010914,93.47443794831634,2198.879470000975,206.5
1785381860,0,TTFT,S1,6.800000,0.000000,0,0,0,0,0,0,0,0,0,0,0,1084,0,160.0,162.92342834054995,93.47443794831634,256.672624964267,157.0
1785381860,0,total,S1,6.800000,0.000000,0,0,0,0,0,0,0,0,0,0,0,1084,0,2100.0,1969.108273461633,1650.9293040144257,2198.879470000975,256.0
1785381860,0,,Aggregated,13.600000,0.000000,0,0,0,0,0,0,0,0,0,0,0,2168,0,260.0,1066.0158509010914,93.47443794831634,2198.879470000975,206.5
1785381861,0,TTFT,S1,6.800000,0.000000,0,0,0,0,0,0,0,0,0,0,0,1084,0,160.0,162.92342834054995,93.47443794831634,256.672624964267,157.0
1785381861,0,total,S1,6.800000,0.000000,0,0,0,0,0,0,0,0,0,0,0,1084,0,2100.0,1969.108273461633,1650.9293040144257,2198.879470000975,256.0
1785381861,0,,Aggregated,13.600000,0.000000,0,0,0,0,0,0,0,0,0,0,0,2168,0,260.0,1066.0158509010914,93.47443794831634,2198.879470000975,206.5
1785381862,0,TTFT,S1,6.800000,0.000000,0,0,0,0,0,0,0,0,0,0,0,1084,0,160.0,162.92342834054995,93.47443794831634,256.672624964267,157.0
1785381862,0,total,S1,6.800000,0.000000,0,0,0,0,0,0,0,0,0,0,0,1084,0,2100.0,1969.108273461633,1650.9293040144257,2198.879470000975,256.0
1785381862,0,,Aggregated,13.600000,0.000000,0,0,0,0,0,0,0,0,0,0,0,2168,0,260.0,1066.0158509010914,93.47443794831634,2198.879470000975,206.5
1785381863,0,TTFT,S1,6.800000,0.000000,0,0,0,0,0,0,0,0,0,0,0,1084,0,160.0,162.92342834054995,93.47443794831634,256.672624964267,157.0
1785381863,0,total,S1,6.800000,0.000000,0,0,0,0,0,0,0,0,0,0,0,1084,0,2100.0,1969.108273461633,1650.9293040144257,2198.879470000975,256.0
1785381863,0,,Aggregated,13.600000,0.000000,0,0,0,0,0,0,0,0,0,0,0,2168,0,260.0,1066.0158509010914,93.47443794831634,2198.879470000975,206.5
1785381864,0,TTFT,S1,6.800000,0.000000,0,0,0,0,0,0,0,0,0,0,0,1084,0,160.0,162.92342834054995,93.47443794831634,256.672624964267,157.0
1785381864,0,total,S1,6.800000,0.000000,0,0,0,0,0,0,0,0,0,0,0,1084,0,2100.0,1969.108273461633,1650.9293040144257,2198.879470000975,256.0
1785381864,0,,Aggregated,13.600000,0.000000,0,0,0,0,0,0,0,0,0,0,0,2168,0,260.0,1066.0158509010914,93.47443794831634,2198.879470000975,206.5
1785381865,0,TTFT,S1,6.800000,0.000000,0,0,0,0,0,0,0,0,0,0,0,1084,0,160.0,162.92342834054995,93.47443794831634,256.672624964267,157.0
1785381865,0,total,S1,6.800000,0.000000,0,0,0,0,0,0,0,0,0,0,0,1084,0,2100.0,1969.108273461633,1650.9293040144257,2198.879470000975,256.0
1785381865,0,,Aggregated,13.600000,0.000000,0,0,0,0,0,0,0,0,0,0,0,2168,0,260.0,1066.0158509010914,93.47443794831634,2198.879470000975,206.5
1785381866,0,TTFT,S1,6.800000,0.000000,0,0,0,0,0,0,0,0,0,0,0,1084,0,160.0,162.92342834054995,93.47443794831634,256.672624964267,157.0
1785381866,0,total,S1,6.800000,0.000000,0,0,0,0,0,0,0,0,0,0,0,1084,0,2100.0,1969.108273461633,1650.9293040144257,2198.879470000975,256.0
1785381866,0,,Aggregated,13.600000,0.000000,0,0,0,0,0,0,0,0,0,0,0,2168,0,260.0,1066.0158509010914,93.47443794831634,2198.879470000975,206.5
1785381867,0,TTFT,S1,6.800000,0.000000,0,0,0,0,0,0,0,0,0,0,0,1084,0,160.0,162.92342834054995,93.47443794831634,256.672624964267,157.0
1785381867,0,total,S1,6.800000,0.000000,0,0,0,0,0,0,0,0,0,0,0,1084,0,2100.0,1969.108273461633,1650.9293040144257,2198.879470000975,256.0
1785381867,0,,Aggregated,13.600000,0.000000,0,0,0,0,0,0,0,0,0,0,0,2168,0,260.0,1066.0158509010914,93.47443794831634,2198.879470000975,206.5
1785381868,0,TTFT,S1,6.800000,0.000000,0,0,0,0,0,0,0,0,0,0,0,1084,0,160.0,162.92342834054995,93.47443794831634,256.672624964267,157.0
1785381868,0,total,S1,6.800000,0.000000,0,0,0,0,0,0,0,0,0,0,0,1084,0,2100.0,1969.108273461633,1650.9293040144257,2198.879470000975,256.0
1785381868,0,,Aggregated,13.600000,0.000000,0,0,0,0,0,0,0,0,0,0,0,2168,0,260.0,1066.0158509010914,93.47443794831634,2198.879470000975,206.5
1785381869,0,TTFT,S1,6.800000,0.000000,0,0,0,0,0,0,0,0,0,0,0,1084,0,160.0,162.92342834054995,93.47443794831634,256.672624964267,157.0
1785381869,0,total,S1,6.800000,0.000000,0,0,0,0,0,0,0,0,0,0,0,1084,0,2100.0,1969.108273461633,1650.9293040144257,2198.879470000975,256.0
1785381869,0,,Aggregated,13.600000,0.000000,0,0,0,0,0,0,0,0,0,0,0,2168,0,260.0,1066.0158509010914,93.47443794831634,2198.879470000975,206.5
1785381870,0,TTFT,S1,6.800000,0.000000,0,0,0,0,0,0,0,0,0,0,0,1084,0,160.0,162.92342834054995,93.47443794831634,256.672624964267,157.0
1785381870,0,total,S1,6.800000,0.000000,0,0,0,0,0,0,0,0,0,0,0,1084,0,2100.0,1969.108273461633,1650.9293040144257,2198.879470000975,256.0
1785381870,0,,Aggregated,13.600000,0.000000,0,0,0,0,0,0,0,0,0,0,0,2168,0,260.0,1066.0158509010914,93.47443794831634,2198.879470000975,206.5
1785381871,0,TTFT,S1,6.800000,0.000000,0,0,0,0,0,0,0,0,0,0,0,1084,0,160.0,162.92342834054995,93.47443794831634,256.672624964267,157.0
1785381871,0,total,S1,6.800000,0.000000,0,0,0,0,0,0,0,0,0,0,0,1084,0,2100.0,1969.108273461633,1650.9293040144257,2198.879470000975,256.0
1785381871,0,,Aggregated,13.600000,0.000000,0,0,0,0,0,0,0,0,0,0,0,2168,0,260.0,1066.0158509010914,93.47443794831634,2198.879470000975,206.5
1785381872,0,TTFT,S1,6.800000,0.000000,0,0,0,0,0,0,0,0,0,0,0,1084,0,160.0,162.92342834054995,93.47443794831634,256.672624964267,157.0
1785381872,0,total,S1,6.800000,0.000000,0,0,0,0,0,0,0,0,0,0,0,1084,0,2100.0,1969.108273461633,1650.9293040144257,2198.879470000975,256.0
1785381872,0,,Aggregated,13.600000,0.000000,0,0,0,0,0,0,0,0,0,0,0,2168,0,260.0,1066.0158509010914,93.47443794831634,2198.879470000975,206.5
1785381873,0,TTFT,S1,6.800000,0.000000,0,0,0,0,0,0,0,0,0,0,0,1084,0,160.0,162.92342834054995,93.47443794831634,256.672624964267,157.0
1785381873,0,total,S1,6.800000,0.000000,0,0,0,0,0,0,0,0,0,0,0,1084,0,2100.0,1969.108273461633,1650.9293040144257,2198.879470000975,256.0
1785381873,0,,Aggregated,13.600000,0.000000,0,0,0,0,0,0,0,0,0,0,0,2168,0,260.0,1066.0158509010914,93.47443794831634,2198.879470000975,206.5
1785381874,0,TTFT,S1,6.800000,0.000000,0,0,0,0,0,0,0,0,0,0,0,1084,0,160.0,162.92342834054995,93.47443794831634,256.672624964267,157.0
1785381874,0,total,S1,6.800000,0.000000,0,0,0,0,0,0,0,0,0,0,0,1084,0,2100.0,1969.108273461633,1650.9293040144257,2198.879470000975,256.0
1785381874,0,,Aggregated,13.600000,0.000000,0,0,0,0,0,0,0,0,0,0,0,2168,0,260.0,1066.0158509010914,93.47443794831634,2198.879470000975,206.5
1785381875,0,TTFT,S1,6.800000,0.000000,0,0,0,0,0,0,0,0,0,0,0,1084,0,160.0,162.92342834054995,93.47443794831634,256.672624964267,157.0
1785381875,0,total,S1,6.800000,0.000000,0,0,0,0,0,0,0,0,0,0,0,1084,0,2100.0,1969.108273461633,1650.9293040144257,2198.879470000975,256.0
1785381875,0,,Aggregated,13.600000,0.000000,0,0,0,0,0,0,0,0,0,0,0,2168,0,260.0,1066.0158509010914,93.47443794831634,2198.879470000975,206.5
1785381876,0,TTFT,S1,6.800000,0.000000,0,0,0,0,0,0,0,0,0,0,0,1084,0,160.0,162.92342834054995,93.47443794831634,256.672624964267,157.0
1785381876,0,total,S1,6.800000,0.000000,0,0,0,0,0,0,0,0,0,0,0,1084,0,2100.0,1969.108273461633,1650.9293040144257,2198.879470000975,256.0
1785381876,0,,Aggregated,13.600000,0.000000,0,0,0,0,0,0,0,0,0,0,0,2168,0,260.0,1066.0158509010914,93.47443794831634,2198.879470000975,206.5
1785381877,0,TTFT,S1,6.800000,0.000000,0,0,0,0,0,0,0,0,0,0,0,1084,0,160.0,162.92342834054995,93.47443794831634,256.672624964267,157.0
1785381877,0,total,S1,6.800000,0.000000,0,0,0,0,0,0,0,0,0,0,0,1084,0,2100.0,1969.108273461633,1650.9293040144257,2198.879470000975,256.0
1785381877,0,,Aggregated,13.600000,0.000000,0,0,0,0,0,0,0,0,0,0,0,2168,0,260.0,1066.0158509010914,93.47443794831634,2198.879470000975,206.5
1785381878,0,TTFT,S1,6.800000,0.000000,0,0,0,0,0,0,0,0,0,0,0,1084,0,160.0,162.92342834054995,93.47443794831634,256.672624964267,157.0
1785381878,0,total,S1,6.800000,0.000000,0,0,0,0,0,0,0,0,0,0,0,1084,0,2100.0,1969.108273461633,1650.9293040144257,2198.879470000975,256.0
1785381878,0,,Aggregated,13.600000,0.000000,0,0,0,0,0,0,0,0,0,0,0,2168,0,260.0,1066.0158509010914,93.47443794831634,2198.879470000975,206.5
1785381879,0,TTFT,S1,6.800000,0.000000,0,0,0,0,0,0,0,0,0,0,0,1084,0,160.0,162.92342834054995,93.47443794831634,256.672624964267,157.0
1785381879,0,total,S1,6.800000,0.000000,0,0,0,0,0,0,0,0,0,0,0,1084,0,2100.0,1969.108273461633,1650.9293040144257,2198.879470000975,256.0
1785381879,0,,Aggregated,13.600000,0.000000,0,0,0,0,0,0,0,0,0,0,0,2168,0,260.0,1066.0158509010914,93.47443794831634,2198.879470000975,206.5
1785381880,0,TTFT,S1,6.800000,0.000000,0,0,0,0,0,0,0,0,0,0,0,1084,0,160.0,162.92342834054995,93.47443794831634,256.672624964267,157.0
1785381880,0,total,S1,6.800000,0.000000,0,0,0,0,0,0,0,0,0,0,0,1084,0,2100.0,1969.108273461633,1650.9293040144257,2198.879470000975,256.0
1785381880,0,,Aggregated,13.600000,0.000000,0,0,0,0,0,0,0,0,0,0,0,2168,0,260.0,1066.0158509010914,93.47443794831634,2198.879470000975,206.5
1785381881,0,TTFT,S1,6.800000,0.000000,0,0,0,0,0,0,0,0,0,0,0,1084,0,160.0,162.92342834054995,93.47443794831634,256.672624964267,157.0
1785381881,0,total,S1,6.800000,0.000000,0,0,0,0,0,0,0,0,0,0,0,1084,0,2100.0,1969.108273461633,1650.9293040144257,2198.879470000975,256.0
1785381881,0,,Aggregated,13.600000,0.000000,0,0,0,0,0,0,0,0,0,0,0,2168,0,260.0,1066.0158509010914,93.47443794831634,2198.879470000975,206.5
1785381882,0,TTFT,S1,6.800000,0.000000,0,0,0,0,0,0,0,0,0,0,0,1084,0,160.0,162.92342834054995,93.47443794831634,256.672624964267,157.0
1785381882,0,total,S1,6.800000,0.000000,0,0,0,0,0,0,0,0,0,0,0,1084,0,2100.0,1969.108273461633,1650.9293040144257,2198.879470000975,256.0
1785381882,0,,Aggregated,13.600000,0.000000,0,0,0,0,0,0,0,0,0,0,0,2168,0,260.0,1066.0158509010914,93.47443794831634,2198.879470000975,206.5
1785381883,0,TTFT,S1,6.800000,0.000000,0,0,0,0,0,0,0,0,0,0,0,1084,0,160.0,162.92342834054995,93.47443794831634,256.672624964267,157.0
1785381883,0,total,S1,6.800000,0.000000,0,0,0,0,0,0,0,0,0,0,0,1084,0,2100.0,1969.108273461633,1650.9293040144257,2198.879470000975,256.0
1785381883,0,,Aggregated,13.600000,0.000000,0,0,0,0,0,0,0,0,0,0,0,2168,0,260.0,1066.0158509010914,93.47443794831634,2198.879470000975,206.5
1785381884,0,TTFT,S1,6.800000,0.000000,0,0,0,0,0,0,0,0,0,0,0,1084,0,160.0,162.92342834054995,93.47443794831634,256.672624964267,157.0
1785381884,0,total,S1,6.800000,0.000000,0,0,0,0,0,0,0,0,0,0,0,1084,0,2100.0,1969.108273461633,1650.9293040144257,2198.879470000975,256.0
1785381884,0,,Aggregated,13.600000,0.000000,0,0,0,0,0,0,0,0,0,0,0,2168,0,260.0,1066.0158509010914,93.47443794831634,2198.879470000975,206.5
1785381885,0,TTFT,S1,6.800000,0.000000,0,0,0,0,0,0,0,0,0,0,0,1084,0,160.0,162.92342834054995,93.47443794831634,256.672624964267,157.0
1785381885,0,total,S1,6.800000,0.000000,0,0,0,0,0,0,0,0,0,0,0,1084,0,2100.0,1969.108273461633,1650.9293040144257,2198.879470000975,256.0
1785381885,0,,Aggregated,13.600000,0.000000,0,0,0,0,0,0,0,0,0,0,0,2168,0,260.0,1066.0158509010914,93.47443794831634,2198.879470000975,206.5
1785381886,0,TTFT,S1,6.800000,0.000000,0,0,0,0,0,0,0,0,0,0,0,1084,0,160.0,162.92342834054995,93.47443794831634,256.672624964267,157.0
1785381886,0,total,S1,6.800000,0.000000,0,0,0,0,0,0,0,0,0,0,0,1084,0,2100.0,1969.108273461633,1650.9293040144257,2198.879470000975,256.0
1785381886,0,,Aggregated,13.600000,0.000000,0,0,0,0,0,0,0,0,0,0,0,2168,0,260.0,1066.0158509010914,93.47443794831634,2198.879470000975,206.5
1785381887,0,TTFT,S1,6.800000,0.000000,0,0,0,0,0,0,0,0,0,0,0,1084,0,160.0,162.92342834054995,93.47443794831634,256.672624964267,157.0
1785381887,0,total,S1,6.800000,0.000000,0,0,0,0,0,0,0,0,0,0,0,1084,0,2100.0,1969.108273461633,1650.9293040144257,2198.879470000975,256.0
1785381887,0,,Aggregated,13.600000,0.000000,0,0,0,0,0,0,0,0,0,0,0,2168,0,260.0,1066.0158509010914,93.47443794831634,2198.879470000975,206.5
1785381888,0,TTFT,S1,6.800000,0.000000,0,0,0,0,0,0,0,0,0,0,0,1084,0,160.0,162.92342834054995,93.47443794831634,256.672624964267,157.0
1785381888,0,total,S1,6.800000,0.000000,0,0,0,0,0,0,0,0,0,0,0,1084,0,2100.0,1969.108273461633,1650.9293040144257,2198.879470000975,256.0
1785381888,0,,Aggregated,13.600000,0.000000,0,0,0,0,0,0,0,0,0,0,0,2168,0,260.0,1066.0158509010914,93.47443794831634,2198.879470000975,206.5
1785381889,0,TTFT,S1,6.800000,0.000000,0,0,0,0,0,0,0,0,0,0,0,1084,0,160.0,162.92342834054995,93.47443794831634,256.672624964267,157.0
1785381889,0,total,S1,6.800000,0.000000,0,0,0,0,0,0,0,0,0,0,0,1084,0,2100.0,1969.108273461633,1650.9293040144257,2198.879470000975,256.0
1785381889,0,,Aggregated,13.600000,0.000000,0,0,0,0,0,0,0,0,0,0,0,2168,0,260.0,1066.0158509010914,93.47443794831634,2198.879470000975,206.5
1785381890,0,TTFT,S1,6.800000,0.000000,0,0,0,0,0,0,0,0,0,0,0,1084,0,160.0,162.92342834054995,93.47443794831634,256.672624964267,157.0
1785381890,0,total,S1,6.800000,0.000000,0,0,0,0,0,0,0,0,0,0,0,1084,0,2100.0,1969.108273461633,1650.9293040144257,2198.879470000975,256.0
1785381890,0,,Aggregated,13.600000,0.000000,0,0,0,0,0,0,0,0,0,0,0,2168,0,260.0,1066.0158509010914,93.47443794831634,2198.879470000975,206.5
1785381891,0,TTFT,S1,6.800000,0.000000,0,0,0,0,0,0,0,0,0,0,0,1084,0,160.0,162.92342834054995,93.47443794831634,256.672624964267,157.0
1785381891,0,total,S1,6.800000,0.000000,0,0,0,0,0,0,0,0,0,0,0,1084,0,2100.0,1969.108273461633,1650.9293040144257,2198.879470000975,256.0
1785381891,0,,Aggregated,13.600000,0.000000,0,0,0,0,0,0,0,0,0,0,0,2168,0,260.0,1066.0158509010914,93.47443794831634,2198.879470000975,206.5
1785381892,0,TTFT,S1,6.800000,0.000000,0,0,0,0,0,0,0,0,0,0,0,1084,0,160.0,162.92342834054995,93.47443794831634,256.672624964267,157.0
1785381892,0,total,S1,6.800000,0.000000,0,0,0,0,0,0,0,0,0,0,0,1084,0,2100.0,1969.108273461633,1650.9293040144257,2198.879470000975,256.0
1785381892,0,,Aggregated,13.600000,0.000000,0,0,0,0,0,0,0,0,0,0,0,2168,0,260.0,1066.0158509010914,93.47443794831634,2198.879470000975,206.5
1785381893,0,TTFT,S1,6.800000,0.000000,0,0,0,0,0,0,0,0,0,0,0,1084,0,160.0,162.92342834054995,93.47443794831634,256.672624964267,157.0
1785381893,0,total,S1,6.800000,0.000000,0,0,0,0,0,0,0,0,0,0,0,1084,0,2100.0,1969.108273461633,1650.9293040144257,2198.879470000975,256.0
1785381893,0,,Aggregated,13.600000,0.000000,0,0,0,0,0,0,0,0,0,0,0,2168,0,260.0,1066.0158509010914,93.47443794831634,2198.879470000975,206.5
1785381894,0,TTFT,S1,6.800000,0.000000,0,0,0,0,0,0,0,0,0,0,0,1084,0,160.0,162.92342834054995,93.47443794831634,256.672624964267,157.0
1785381894,0,total,S1,6.800000,0.000000,0,0,0,0,0,0,0,0,0,0,0,1084,0,2100.0,1969.108273461633,1650.9293040144257,2198.879470000975,256.0
1785381894,0,,Aggregated,13.600000,0.000000,0,0,0,0,0,0,0,0,0,0,0,2168,0,260.0,1066.0158509010914,93.47443794831634,2198.879470000975,206.5
1785381895,0,TTFT,S1,6.800000,0.000000,0,0,0,0,0,0,0,0,0,0,0,1084,0,160.0,162.92342834054995,93.47443794831634,256.672624964267,157.0
1785381895,0,total,S1,6.800000,0.000000,0,0,0,0,0,0,0,0,0,0,0,1084,0,2100.0,1969.108273461633,1650.9293040144257,2198.879470000975,256.0
1785381895,0,,Aggregated,13.600000,0.000000,0,0,0,0,0,0,0,0,0,0,0,2168,0,260.0,1066.0158509010914,93.47443794831634,2198.879470000975,206.5
1785381896,0,TTFT,S1,6.800000,0.000000,0,0,0,0,0,0,0,0,0,0,0,1084,0,160.0,162.92342834054995,93.47443794831634,256.672624964267,157.0
1785381896,0,total,S1,6.800000,0.000000,0,0,0,0,0,0,0,0,0,0,0,1084,0,2100.0,1969.108273461633,1650.9293040144257,2198.879470000975,256.0
1785381896,0,,Aggregated,13.600000,0.000000,0,0,0,0,0,0,0,0,0,0,0,2168,0,260.0,1066.0158509010914,93.47443794831634,2198.879470000975,206.5
1785381897,0,TTFT,S1,6.800000,0.000000,0,0,0,0,0,0,0,0,0,0,0,1084,0,160.0,162.92342834054995,93.47443794831634,256.672624964267,157.0
1785381897,0,total,S1,6.800000,0.000000,0,0,0,0,0,0,0,0,0,0,0,1084,0,2100.0,1969.108273461633,1650.9293040144257,2198.879470000975,256.0
1785381897,0,,Aggregated,13.600000,0.000000,0,0,0,0,0,0,0,0,0,0,0,2168,0,260.0,1066.0158509010914,93.47443794831634,2198.879470000975,206.5
1785381898,0,TTFT,S1,6.800000,0.000000,0,0,0,0,0,0,0,0,0,0,0,1084,0,160.0,162.92342834054995,93.47443794831634,256.672624964267,157.0
1785381898,0,total,S1,6.800000,0.000000,0,0,0,0,0,0,0,0,0,0,0,1084,0,2100.0,1969.108273461633,1650.9293040144257,2198.879470000975,256.0
1785381898,0,,Aggregated,13.600000,0.000000,0,0,0,0,0,0,0,0,0,0,0,2168,0,260.0,1066.0158509010914,93.47443794831634,2198.879470000975,206.5
1785381899,0,TTFT,S1,6.800000,0.000000,0,0,0,0,0,0,0,0,0,0,0,1084,0,160.0,162.92342834054995,93.47443794831634,256.672624964267,157.0
1785381899,0,total,S1,6.800000,0.000000,0,0,0,0,0,0,0,0,0,0,0,1084,0,2100.0,1969.108273461633,1650.9293040144257,2198.879470000975,256.0
1785381899,0,,Aggregated,13.600000,0.000000,0,0,0,0,0,0,0,0,0,0,0,2168,0,260.0,1066.0158509010914,93.47443794831634,2198.879470000975,206.5
1785381900,0,TTFT,S1,6.800000,0.000000,0,0,0,0,0,0,0,0,0,0,0,1084,0,160.0,162.92342834054995,93.47443794831634,256.672624964267,157.0
1785381900,0,total,S1,6.800000,0.000000,0,0,0,0,0,0,0,0,0,0,0,1084,0,2100.0,1969.108273461633,1650.9293040144257,2198.879470000975,256.0
1785381900,0,,Aggregated,13.600000,0.000000,0,0,0,0,0,0,0,0,0,0,0,2168,0,260.0,1066.0158509010914,93.47443794831634,2198.879470000975,206.5
1785381901,0,TTFT,S1,6.800000,0.000000,0,0,0,0,0,0,0,0,0,0,0,1084,0,160.0,162.92342834054995,93.47443794831634,256.672624964267,157.0
1785381901,0,total,S1,6.800000,0.000000,0,0,0,0,0,0,0,0,0,0,0,1084,0,2100.0,1969.108273461633,1650.9293040144257,2198.879470000975,256.0
1785381901,0,,Aggregated,13.600000,0.000000,0,0,0,0,0,0,0,0,0,0,0,2168,0,260.0,1066.0158509010914,93.47443794831634,2198.879470000975,206.5
1785381902,0,TTFT,S1,6.800000,0.000000,0,0,0,0,0,0,0,0,0,0,0,1084,0,160.0,162.92342834054995,93.47443794831634,256.672624964267,157.0
1785381902,0,total,S1,6.800000,0.000000,0,0,0,0,0,0,0,0,0,0,0,1084,0,2100.0,1969.108273461633,1650.9293040144257,2198.879470000975,256.0
1785381902,0,,Aggregated,13.600000,0.000000,0,0,0,0,0,0,0,0,0,0,0,2168,0,260.0,1066.0158509010914,93.47443794831634,2198.879470000975,206.5
1785381903,0,TTFT,S1,6.800000,0.000000,0,0,0,0,0,0,0,0,0,0,0,1084,0,160.0,162.92342834054995,93.47443794831634,256.672624964267,157.0
1785381903,0,total,S1,6.800000,0.000000,0,0,0,0,0,0,0,0,0,0,0,1084,0,2100.0,1969.108273461633,1650.9293040144257,2198.879470000975,256.0
1785381903,0,,Aggregated,13.600000,0.000000,0,0,0,0,0,0,0,0,0,0,0,2168,0,260.0,1066.0158509010914,93.47443794831634,2198.879470000975,206.5
1785381904,0,TTFT,S1,6.800000,0.000000,0,0,0,0,0,0,0,0,0,0,0,1084,0,160.0,162.92342834054995,93.47443794831634,256.672624964267,157.0
1785381904,0,total,S1,6.800000,0.000000,0,0,0,0,0,0,0,0,0,0,0,1084,0,2100.0,1969.108273461633,1650.9293040144257,2198.879470000975,256.0
1785381904,0,,Aggregated,13.600000,0.000000,0,0,0,0,0,0,0,0,0,0,0,2168,0,260.0,1066.0158509010914,93.47443794831634,2198.879470000975,206.5
1785381905,0,TTFT,S1,6.800000,0.000000,0,0,0,0,0,0,0,0,0,0,0,1084,0,160.0,162.92342834054995,93.47443794831634,256.672624964267,157.0
1785381905,0,total,S1,6.800000,0.000000,0,0,0,0,0,0,0,0,0,0,0,1084,0,2100.0,1969.108273461633,1650.9293040144257,2198.879470000975,256.0
1785381905,0,,Aggregated,13.600000,0.000000,0,0,0,0,0,0,0,0,0,0,0,2168,0,260.0,1066.0158509010914,93.47443794831634,2198.879470000975,206.5
1785381906,0,TTFT,S1,6.800000,0.000000,0,0,0,0,0,0,0,0,0,0,0,1084,0,160.0,162.92342834054995,93.47443794831634,256.672624964267,157.0
1785381906,0,total,S1,6.800000,0.000000,0,0,0,0,0,0,0,0,0,0,0,1084,0,2100.0,1969.108273461633,1650.9293040144257,2198.879470000975,256.0
1785381906,0,,Aggregated,13.600000,0.000000,0,0,0,0,0,0,0,0,0,0,0,2168,0,260.0,1066.0158509010914,93.47443794831634,2198.879470000975,206.5
1785381907,0,TTFT,S1,6.800000,0.000000,0,0,0,0,0,0,0,0,0,0,0,1084,0,160.0,162.92342834054995,93.47443794831634,256.672624964267,157.0
1785381907,0,total,S1,6.800000,0.000000,0,0,0,0,0,0,0,0,0,0,0,1084,0,2100.0,1969.108273461633,1650.9293040144257,2198.879470000975,256.0
1785381907,0,,Aggregated,13.600000,0.000000,0,0,0,0,0,0,0,0,0,0,0,2168,0,260.0,1066.0158509010914,93.47443794831634,2198.879470000975,206.5
1785381908,0,TTFT,S1,6.800000,0.000000,0,0,0,0,0,0,0,0,0,0,0,1084,0,160.0,162.92342834054995,93.47443794831634,256.672624964267,157.0
1785381908,0,total,S1,6.800000,0.000000,0,0,0,0,0,0,0,0,0,0,0,1084,0,2100.0,1969.108273461633,1650.9293040144257,2198.879470000975,256.0
1785381908,0,,Aggregated,13.600000,0.000000,0,0,0,0,0,0,0,0,0,0,0,2168,0,260.0,1066.0158509010914,93.47443794831634,2198.879470000975,206.5
1785381909,0,TTFT,S1,6.800000,0.000000,0,0,0,0,0,0,0,0,0,0,0,1084,0,160.0,162.92342834054995,93.47443794831634,256.672624964267,157.0
1785381909,0,total,S1,6.800000,0.000000,0,0,0,0,0,0,0,0,0,0,0,1084,0,2100.0,1969.108273461633,1650.9293040144257,2198.879470000975,256.0
1785381909,0,,Aggregated,13.600000,0.000000,0,0,0,0,0,0,0,0,0,0,0,2168,0,260.0,1066.0158509010914,93.47443794831634,2198.879470000975,206.5
1785381910,0,TTFT,S1,6.800000,0.000000,0,0,0,0,0,0,0,0,0,0,0,1084,0,160.0,162.92342834054995,93.47443794831634,256.672624964267,157.0
1785381910,0,total,S1,6.800000,0.000000,0,0,0,0,0,0,0,0,0,0,0,1084,0,2100.0,1969.108273461633,1650.9293040144257,2198.879470000975,256.0
1785381910,0,,Aggregated,13.600000,0.000000,0,0,0,0,0,0,0,0,0,0,0,2168,0,260.0,1066.0158509010914,93.47443794831634,2198.879470000975,206.5
1785381911,0,TTFT,S1,6.800000,0.000000,0,0,0,0,0,0,0,0,0,0,0,1084,0,160.0,162.92342834054995,93.47443794831634,256.672624964267,157.0
1785381911,0,total,S1,6.800000,0.000000,0,0,0,0,0,0,0,0,0,0,0,1084,0,2100.0,1969.108273461633,1650.9293040144257,2198.879470000975,256.0
1785381911,0,,Aggregated,13.600000,0.000000,0,0,0,0,0,0,0,0,0,0,0,2168,0,260.0,1066.0158509010914,93.47443794831634,2198.879470000975,206.5
1785381912,0,TTFT,S1,6.800000,0.000000,0,0,0,0,0,0,0,0,0,0,0,1084,0,160.0,162.92342834054995,93.47443794831634,256.672624964267,157.0
1785381912,0,total,S1,6.800000,0.000000,0,0,0,0,0,0,0,0,0,0,0,1084,0,2100.0,1969.108273461633,1650.9293040144257,2198.879470000975,256.0
1785381912,0,,Aggregated,13.600000,0.000000,0,0,0,0,0,0,0,0,0,0,0,2168,0,260.0,1066.0158509010914,93.47443794831634,2198.879470000975,206.5
1785381913,0,TTFT,S1,6.800000,0.000000,0,0,0,0,0,0,0,0,0,0,0,1084,0,160.0,162.92342834054995,93.47443794831634,256.672624964267,157.0
1785381913,0,total,S1,6.800000,0.000000,0,0,0,0,0,0,0,0,0,0,0,1084,0,2100.0,1969.108273461633,1650.9293040144257,2198.879470000975,256.0
1785381913,0,,Aggregated,13.600000,0.000000,0,0,0,0,0,0,0,0,0,0,0,2168,0,260.0,1066.0158509010914,93.47443794831634,2198.879470000975,206.5
1785381914,0,TTFT,S1,6.800000,0.000000,0,0,0,0,0,0,0,0,0,0,0,1084,0,160.0,162.92342834054995,93.47443794831634,256.672624964267,157.0
1785381914,0,total,S1,6.800000,0.000000,0,0,0,0,0,0,0,0,0,0,0,1084,0,2100.0,1969.108273461633,1650.9293040144257,2198.879470000975,256.0
1785381914,0,,Aggregated,13.600000,0.000000,0,0,0,0,0,0,0,0,0,0,0,2168,0,260.0,1066.0158509010914,93.47443794831634,2198.879470000975,206.5
1785381915,0,TTFT,S1,6.800000,0.000000,0,0,0,0,0,0,0,0,0,0,0,1084,0,160.0,162.92342834054995,93.47443794831634,256.672624964267,157.0
1785381915,0,total,S1,6.800000,0.000000,0,0,0,0,0,0,0,0,0,0,0,1084,0,2100.0,1969.108273461633,1650.9293040144257,2198.879470000975,256.0
1785381915,0,,Aggregated,13.600000,0.000000,0,0,0,0,0,0,0,0,0,0,0,2168,0,260.0,1066.0158509010914,93.47443794831634,2198.879470000975,206.5
1785381916,0,TTFT,S1,6.800000,0.000000,0,0,0,0,0,0,0,0,0,0,0,1084,0,160.0,162.92342834054995,93.47443794831634,256.672624964267,157.0
1785381916,0,total,S1,6.800000,0.000000,0,0,0,0,0,0,0,0,0,0,0,1084,0,2100.0,1969.108273461633,1650.9293040144257,2198.879470000975,256.0
1785381916,0,,Aggregated,13.600000,0.000000,0,0,0,0,0,0,0,0,0,0,0,2168,0,260.0,1066.0158509010914,93.47443794831634,2198.879470000975,206.5
1785381917,0,TTFT,S1,6.800000,0.000000,0,0,0,0,0,0,0,0,0,0,0,1084,0,160.0,162.92342834054995,93.47443794831634,256.672624964267,157.0
1785381917,0,total,S1,6.800000,0.000000,0,0,0,0,0,0,0,0,0,0,0,1084,0,2100.0,1969.108273461633,1650.9293040144257,2198.879470000975,256.0
1785381917,0,,Aggregated,13.600000,0.000000,0,0,0,0,0,0,0,0,0,0,0,2168,0,260.0,1066.0158509010914,93.47443794831634,2198.879470000975,206.5
1785381918,0,TTFT,S1,6.800000,0.000000,0,0,0,0,0,0,0,0,0,0,0,1084,0,160.0,162.92342834054995,93.47443794831634,256.672624964267,157.0
1785381918,0,total,S1,6.800000,0.000000,0,0,0,0,0,0,0,0,0,0,0,1084,0,2100.0,1969.108273461633,1650.9293040144257,2198.879470000975,256.0
1785381918,0,,Aggregated,13.600000,0.000000,0,0,0,0,0,0,0,0,0,0,0,2168,0,260.0,1066.0158509010914,93.47443794831634,2198.879470000975,206.5
1785381919,0,TTFT,S1,6.800000,0.000000,0,0,0,0,0,0,0,0,0,0,0,1084,0,160.0,162.92342834054995,93.47443794831634,256.672624964267,157.0
1785381919,0,total,S1,6.800000,0.000000,0,0,0,0,0,0,0,0,0,0,0,1084,0,2100.0,1969.108273461633,1650.9293040144257,2198.879470000975,256.0
1785381919,0,,Aggregated,13.600000,0.000000,0,0,0,0,0,0,0,0,0,0,0,2168,0,260.0,1066.0158509010914,93.47443794831634,2198.879470000975,206.5
1785381920,0,TTFT,S1,6.800000,0.000000,0,0,0,0,0,0,0,0,0,0,0,1084,0,160.0,162.92342834054995,93.47443794831634,256.672624964267,157.0
1785381920,0,total,S1,6.800000,0.000000,0,0,0,0,0,0,0,0,0,0,0,1084,0,2100.0,1969.108273461633,1650.9293040144257,2198.879470000975,256.0
1785381920,0,,Aggregated,13.600000,0.000000,0,0,0,0,0,0,0,0,0,0,0,2168,0,260.0,1066.0158509010914,93.47443794831634,2198.879470000975,206.5
1785381921,0,TTFT,S1,6.800000,0.000000,0,0,0,0,0,0,0,0,0,0,0,1084,0,160.0,162.92342834054995,93.47443794831634,256.672624964267,157.0
1785381921,0,total,S1,6.800000,0.000000,0,0,0,0,0,0,0,0,0,0,0,1084,0,2100.0,1969.108273461633,1650.9293040144257,2198.879470000975,256.0
1785381921,0,,Aggregated,13.600000,0.000000,0,0,0,0,0,0,0,0,0,0,0,2168,0,260.0,1066.0158509010914,93.47443794831634,2198.879470000975,206.5
1785381922,0,TTFT,S1,6.800000,0.000000,0,0,0,0,0,0,0,0,0,0,0,1084,0,160.0,162.92342834054995,93.47443794831634,256.672624964267,157.0
1785381922,0,total,S1,6.800000,0.000000,0,0,0,0,0,0,0,0,0,0,0,1084,0,2100.0,1969.108273461633,1650.9293040144257,2198.879470000975,256.0
1785381922,0,,Aggregated,13.600000,0.000000,0,0,0,0,0,0,0,0,0,0,0,2168,0,260.0,1066.0158509010914,93.47443794831634,2198.879470000975,206.5
1785381923,0,TTFT,S1,6.800000,0.000000,0,0,0,0,0,0,0,0,0,0,0,1084,0,160.0,162.92342834054995,93.47443794831634,256.672624964267,157.0
1785381923,0,total,S1,6.800000,0.000000,0,0,0,0,0,0,0,0,0,0,0,1084,0,2100.0,1969.108273461633,1650.9293040144257,2198.879470000975,256.0
1785381923,0,,Aggregated,13.600000,0.000000,0,0,0,0,0,0,0,0,0,0,0,2168,0,260.0,1066.0158509010914,93.47443794831634,2198.879470000975,206.5
1785381924,0,TTFT,S1,6.800000,0.000000,0,0,0,0,0,0,0,0,0,0,0,1084,0,160.0,162.92342834054995,93.47443794831634,256.672624964267,157.0
1785381924,0,total,S1,6.800000,0.000000,0,0,0,0,0,0,0,0,0,0,0,1084,0,2100.0,1969.108273461633,1650.9293040144257,2198.879470000975,256.0
1785381924,0,,Aggregated,13.600000,0.000000,0,0,0,0,0,0,0,0,0,0,0,2168,0,260.0,1066.0158509010914,93.47443794831634,2198.879470000975,206.5
1785381925,0,TTFT,S1,6.800000,0.000000,0,0,0,0,0,0,0,0,0,0,0,1084,0,160.0,162.92342834054995,93.47443794831634,256.672624964267,157.0
1785381925,0,total,S1,6.800000,0.000000,0,0,0,0,0,0,0,0,0,0,0,1084,0,2100.0,1969.108273461633,1650.9293040144257,2198.879470000975,256.0
1785381925,0,,Aggregated,13.600000,0.000000,0,0,0,0,0,0,0,0,0,0,0,2168,0,260.0,1066.0158509010914,93.47443794831634,2198.879470000975,206.5
1785381926,0,TTFT,S1,6.800000,0.000000,0,0,0,0,0,0,0,0,0,0,0,1084,0,160.0,162.92342834054995,93.47443794831634,256.672624964267,157.0
1785381926,0,total,S1,6.800000,0.000000,0,0,0,0,0,0,0,0,0,0,0,1084,0,2100.0,1969.108273461633,1650.9293040144257,2198.879470000975,256.0
1785381926,0,,Aggregated,13.600000,0.000000,0,0,0,0,0,0,0,0,0,0,0,2168,0,260.0,1066.0158509010914,93.47443794831634,2198.879470000975,206.5
1785381927,0,TTFT,S1,6.800000,0.000000,0,0,0,0,0,0,0,0,0,0,0,1084,0,160.0,162.92342834054995,93.47443794831634,256.672624964267,157.0
1785381927,0,total,S1,6.800000,0.000000,0,0,0,0,0,0,0,0,0,0,0,1084,0,2100.0,1969.108273461633,1650.9293040144257,2198.879470000975,256.0
1785381927,0,,Aggregated,13.600000,0.000000,0,0,0,0,0,0,0,0,0,0,0,2168,0,260.0,1066.0158509010914,93.47443794831634,2198.879470000975,206.5
1785381928,0,TTFT,S1,6.800000,0.000000,0,0,0,0,0,0,0,0,0,0,0,1084,0,160.0,162.92342834054995,93.47443794831634,256.672624964267,157.0
1785381928,0,total,S1,6.800000,0.000000,0,0,0,0,0,0,0,0,0,0,0,1084,0,2100.0,1969.108273461633,1650.9293040144257,2198.879470000975,256.0
1785381928,0,,Aggregated,13.600000,0.000000,0,0,0,0,0,0,0,0,0,0,0,2168,0,260.0,1066.0158509010914,93.47443794831634,2198.879470000975,206.5
1785381929,0,TTFT,S1,6.800000,0.000000,0,0,0,0,0,0,0,0,0,0,0,1084,0,160.0,162.92342834054995,93.47443794831634,256.672624964267,157.0
1785381929,0,total,S1,6.800000,0.000000,0,0,0,0,0,0,0,0,0,0,0,1084,0,2100.0,1969.108273461633,1650.9293040144257,2198.879470000975,256.0
1785381929,0,,Aggregated,13.600000,0.000000,0,0,0,0,0,0,0,0,0,0,0,2168,0,260.0,1066.0158509010914,93.47443794831634,2198.879470000975,206.5
1785381930,0,TTFT,S1,6.800000,0.000000,0,0,0,0,0,0,0,0,0,0,0,1084,0,160.0,162.92342834054995,93.47443794831634,256.672624964267,157.0
1785381930,0,total,S1,6.800000,0.000000,0,0,0,0,0,0,0,0,0,0,0,1084,0,2100.0,1969.108273461633,1650.9293040144257,2198.879470000975,256.0
1785381930,0,,Aggregated,13.600000,0.000000,0,0,0,0,0,0,0,0,0,0,0,2168,0,260.0,1066.0158509010914,93.47443794831634,2198.879470000975,206.5
1785381931,0,TTFT,S1,6.800000,0.000000,0,0,0,0,0,0,0,0,0,0,0,1084,0,160.0,162.92342834054995,93.47443794831634,256.672624964267,157.0
1785381931,0,total,S1,6.800000,0.000000,0,0,0,0,0,0,0,0,0,0,0,1084,0,2100.0,1969.108273461633,1650.9293040144257,2198.879470000975,256.0
1785381931,0,,Aggregated,13.600000,0.000000,0,0,0,0,0,0,0,0,0,0,0,2168,0,260.0,1066.0158509010914,93.47443794831634,2198.879470000975,206.5
1785381932,0,TTFT,S1,6.800000,0.000000,0,0,0,0,0,0,0,0,0,0,0,1084,0,160.0,162.92342834054995,93.47443794831634,256.672624964267,157.0
1785381932,0,total,S1,6.800000,0.000000,0,0,0,0,0,0,0,0,0,0,0,1084,0,2100.0,1969.108273461633,1650.9293040144257,2198.879470000975,256.0
1785381932,0,,Aggregated,13.600000,0.000000,0,0,0,0,0,0,0,0,0,0,0,2168,0,260.0,1066.0158509010914,93.47443794831634,2198.879470000975,206.5
1785381933,0,TTFT,S1,6.800000,0.000000,0,0,0,0,0,0,0,0,0,0,0,1084,0,160.0,162.92342834054995,93.47443794831634,256.672624964267,157.0
1785381933,0,total,S1,6.800000,0.000000,0,0,0,0,0,0,0,0,0,0,0,1084,0,2100.0,1969.108273461633,1650.9293040144257,2198.879470000975,256.0
1785381933,0,,Aggregated,13.600000,0.000000,0,0,0,0,0,0,0,0,0,0,0,2168,0,260.0,1066.0158509010914,93.47443794831634,2198.879470000975,206.5
1785381934,0,TTFT,S1,6.800000,0.000000,0,0,0,0,0,0,0,0,0,0,0,1084,0,160.0,162.92342834054995,93.47443794831634,256.672624964267,157.0
1785381934,0,total,S1,6.800000,0.000000,0,0,0,0,0,0,0,0,0,0,0,1084,0,2100.0,1969.108273461633,1650.9293040144257,2198.879470000975,256.0
1785381934,0,,Aggregated,13.600000,0.000000,0,0,0,0,0,0,0,0,0,0,0,2168,0,260.0,1066.0158509010914,93.47443794831634,2198.879470000975,206.5
1785381935,0,TTFT,S1,6.800000,0.000000,0,0,0,0,0,0,0,0,0,0,0,1084,0,160.0,162.92342834054995,93.47443794831634,256.672624964267,157.0
1785381935,0,total,S1,6.800000,0.000000,0,0,0,0,0,0,0,0,0,0,0,1084,0,2100.0,1969.108273461633,1650.9293040144257,2198.879470000975,256.0
1785381935,0,,Aggregated,13.600000,0.000000,0,0,0,0,0,0,0,0,0,0,0,2168,0,260.0,1066.0158509010914,93.47443794831634,2198.879470000975,206.5
1785381936,0,TTFT,S1,6.800000,0.000000,0,0,0,0,0,0,0,0,0,0,0,1084,0,160.0,162.92342834054995,93.47443794831634,256.672624964267,157.0
1785381936,0,total,S1,6.800000,0.000000,0,0,0,0,0,0,0,0,0,0,0,1084,0,2100.0,1969.108273461633,1650.9293040144257,2198.879470000975,256.0
1785381936,0,,Aggregated,13.600000,0.000000,0,0,0,0,0,0,0,0,0,0,0,2168,0,260.0,1066.0158509010914,93.47443794831634,2198.879470000975,206.5
1785381937,0,TTFT,S1,6.800000,0.000000,0,0,0,0,0,0,0,0,0,0,0,1084,0,160.0,162.92342834054995,93.47443794831634,256.672624964267,157.0
1785381937,0,total,S1,6.800000,0.000000,0,0,0,0,0,0,0,0,0,0,0,1084,0,2100.0,1969.108273461633,1650.9293040144257,2198.879470000975,256.0
1785381937,0,,Aggregated,13.600000,0.000000,0,0,0,0,0,0,0,0,0,0,0,2168,0,260.0,1066.0158509010914,93.47443794831634,2198.879470000975,206.5
1785381938,0,TTFT,S1,6.800000,0.000000,0,0,0,0,0,0,0,0,0,0,0,1084,0,160.0,162.92342834054995,93.47443794831634,256.672624964267,157.0
1785381938,0,total,S1,6.800000,0.000000,0,0,0,0,0,0,0,0,0,0,0,1084,0,2100.0,1969.108273461633,1650.9293040144257,2198.879470000975,256.0
1785381938,0,,Aggregated,13.600000,0.000000,0,0,0,0,0,0,0,0,0,0,0,2168,0,260.0,1066.0158509010914,93.47443794831634,2198.879470000975,206.5
1785381939,0,TTFT,S1,6.800000,0.000000,0,0,0,0,0,0,0,0,0,0,0,1084,0,160.0,162.92342834054995,93.47443794831634,256.672624964267,157.0
1785381939,0,total,S1,6.800000,0.000000,0,0,0,0,0,0,0,0,0,0,0,1084,0,2100.0,1969.108273461633,1650.9293040144257,2198.879470000975,256.0
1785381939,0,,Aggregated,13.600000,0.000000,0,0,0,0,0,0,0,0,0,0,0,2168,0,260.0,1066.0158509010914,93.47443794831634,2198.879470000975,206.5
1785381940,0,TTFT,S1,6.800000,0.000000,0,0,0,0,0,0,0,0,0,0,0,1084,0,160.0,162.92342834054995,93.47443794831634,256.672624964267,157.0
1785381940,0,total,S1,6.800000,0.000000,0,0,0,0,0,0,0,0,0,0,0,1084,0,2100.0,1969.108273461633,1650.9293040144257,2198.879470000975,256.0
1785381940,0,,Aggregated,13.600000,0.000000,0,0,0,0,0,0,0,0,0,0,0,2168,0,260.0,1066.0158509010914,93.47443794831634,2198.879470000975,206.5
1785381941,0,TTFT,S1,6.800000,0.000000,0,0,0,0,0,0,0,0,0,0,0,1084,0,160.0,162.92342834054995,93.47443794831634,256.672624964267,157.0
1785381941,0,total,S1,6.800000,0.000000,0,0,0,0,0,0,0,0,0,0,0,1084,0,2100.0,1969.108273461633,1650.9293040144257,2198.879470000975,256.0
1785381941,0,,Aggregated,13.600000,0.000000,0,0,0,0,0,0,0,0,0,0,0,2168,0,260.0,1066.0158509010914,93.47443794831634,2198.879470000975,206.5
1785381942,0,TTFT,S1,6.800000,0.000000,0,0,0,0,0,0,0,0,0,0,0,1084,0,160.0,162.92342834054995,93.47443794831634,256.672624964267,157.0
1785381942,0,total,S1,6.800000,0.000000,0,0,0,0,0,0,0,0,0,0,0,1084,0,2100.0,1969.108273461633,1650.9293040144257,2198.879470000975,256.0
1785381942,0,,Aggregated,13.600000,0.000000,0,0,0,0,0,0,0,0,0,0,0,2168,0,260.0,1066.0158509010914,93.47443794831634,2198.879470000975,206.5
1785381943,0,TTFT,S1,6.800000,0.000000,0,0,0,0,0,0,0,0,0,0,0,1084,0,160.0,162.92342834054995,93.47443794831634,256.672624964267,157.0
1785381943,0,total,S1,6.800000,0.000000,0,0,0,0,0,0,0,0,0,0,0,1084,0,2100.0,1969.108273461633,1650.9293040144257,2198.879470000975,256.0
1785381943,0,,Aggregated,13.600000,0.000000,0,0,0,0,0,0,0,0,0,0,0,2168,0,260.0,1066.0158509010914,93.47443794831634,2198.879470000975,206.5
1785381944,0,TTFT,S1,6.800000,0.000000,0,0,0,0,0,0,0,0,0,0,0,1084,0,160.0,162.92342834054995,93.47443794831634,256.672624964267,157.0
1785381944,0,total,S1,6.800000,0.000000,0,0,0,0,0,0,0,0,0,0,0,1084,0,2100.0,1969.108273461633,1650.9293040144257,2198.879470000975,256.0
1785381944,0,,Aggregated,13.600000,0.000000,0,0,0,0,0,0,0,0,0,0,0,2168,0,260.0,1066.0158509010914,93.47443794831634,2198.879470000975,206.5
1785381945,0,TTFT,S1,6.800000,0.000000,0,0,0,0,0,0,0,0,0,0,0,1084,0,160.0,162.92342834054995,93.47443794831634,256.672624964267,157.0
1785381945,0,total,S1,6.800000,0.000000,0,0,0,0,0,0,0,0,0,0,0,1084,0,2100.0,1969.108273461633,1650.9293040144257,2198.879470000975,256.0
1785381945,0,,Aggregated,13.600000,0.000000,0,0,0,0,0,0,0,0,0,0,0,2168,0,260.0,1066.0158509010914,93.47443794831634,2198.879470000975,206.5
1785381946,0,TTFT,S1,6.800000,0.000000,0,0,0,0,0,0,0,0,0,0,0,1084,0,160.0,162.92342834054995,93.47443794831634,256.672624964267,157.0
1785381946,0,total,S1,6.800000,0.000000,0,0,0,0,0,0,0,0,0,0,0,1084,0,2100.0,1969.108273461633,1650.9293040144257,2198.879470000975,256.0
1785381946,0,,Aggregated,13.600000,0.000000,0,0,0,0,0,0,0,0,0,0,0,2168,0,260.0,1066.0158509010914,93.47443794831634,2198.879470000975,206.5
1785381947,0,TTFT,S1,6.800000,0.000000,0,0,0,0,0,0,0,0,0,0,0,1084,0,160.0,162.92342834054995,93.47443794831634,256.672624964267,157.0
1785381947,0,total,S1,6.800000,0.000000,0,0,0,0,0,0,0,0,0,0,0,1084,0,2100.0,1969.108273461633,1650.9293040144257,2198.879470000975,256.0
1785381947,0,,Aggregated,13.600000,0.000000,0,0,0,0,0,0,0,0,0,0,0,2168,0,260.0,1066.0158509010914,93.47443794831634,2198.879470000975,206.5
1785381948,0,TTFT,S1,6.800000,0.000000,0,0,0,0,0,0,0,0,0,0,0,1084,0,160.0,162.92342834054995,93.47443794831634,256.672624964267,157.0
1785381948,0,total,S1,6.800000,0.000000,0,0,0,0,0,0,0,0,0,0,0,1084,0,2100.0,1969.108273461633,1650.9293040144257,2198.879470000975,256.0
1785381948,0,,Aggregated,13.600000,0.000000,0,0,0,0,0,0,0,0,0,0,0,2168,0,260.0,1066.0158509010914,93.47443794831634,2198.879470000975,206.5
1785381949,0,TTFT,S1,6.800000,0.000000,0,0,0,0,0,0,0,0,0,0,0,1084,0,160.0,162.92342834054995,93.47443794831634,256.672624964267,157.0
1785381949,0,total,S1,6.800000,0.000000,0,0,0,0,0,0,0,0,0,0,0,1084,0,2100.0,1969.108273461633,1650.9293040144257,2198.879470000975,256.0
1785381949,0,,Aggregated,13.600000,0.000000,0,0,0,0,0,0,0,0,0,0,0,2168,0,260.0,1066.0158509010914,93.47443794831634,2198.879470000975,206.5
1785381950,0,TTFT,S1,6.800000,0.000000,0,0,0,0,0,0,0,0,0,0,0,1084,0,160.0,162.92342834054995,93.47443794831634,256.672624964267,157.0
1785381950,0,total,S1,6.800000,0.000000,0,0,0,0,0,0,0,0,0,0,0,1084,0,2100.0,1969.108273461633,1650.9293040144257,2198.879470000975,256.0
1785381950,0,,Aggregated,13.600000,0.000000,0,0,0,0,0,0,0,0,0,0,0,2168,0,260.0,1066.0158509010914,93.47443794831634,2198.879470000975,206.5
1785381951,0,TTFT,S1,6.800000,0.000000,0,0,0,0,0,0,0,0,0,0,0,1084,0,160.0,162.92342834054995,93.47443794831634,256.672624964267,157.0
1785381951,0,total,S1,6.800000,0.000000,0,0,0,0,0,0,0,0,0,0,0,1084,0,2100.0,1969.108273461633,1650.9293040144257,2198.879470000975,256.0
1785381951,0,,Aggregated,13.600000,0.000000,0,0,0,0,0,0,0,0,0,0,0,2168,0,260.0,1066.0158509010914,93.47443794831634,2198.879470000975,206.5
1785381952,0,TTFT,S1,6.800000,0.000000,0,0,0,0,0,0,0,0,0,0,0,1084,0,160.0,162.92342834054995,93.47443794831634,256.672624964267,157.0
1785381952,0,total,S1,6.800000,0.000000,0,0,0,0,0,0,0,0,0,0,0,1084,0,2100.0,1969.108273461633,1650.9293040144257,2198.879470000975,256.0
1785381952,0,,Aggregated,13.600000,0.000000,0,0,0,0,0,0,0,0,0,0,0,2168,0,260.0,1066.0158509010914,93.47443794831634,2198.879470000975,206.5
1785381953,0,TTFT,S1,6.800000,0.000000,0,0,0,0,0,0,0,0,0,0,0,1084,0,160.0,162.92342834054995,93.47443794831634,256.672624964267,157.0
1785381953,0,total,S1,6.800000,0.000000,0,0,0,0,0,0,0,0,0,0,0,1084,0,2100.0,1969.108273461633,1650.9293040144257,2198.879470000975,256.0
1785381953,0,,Aggregated,13.600000,0.000000,0,0,0,0,0,0,0,0,0,0,0,2168,0,260.0,1066.0158509010914,93.47443794831634,2198.879470000975,206.5
1785381954,0,TTFT,S1,6.800000,0.000000,0,0,0,0,0,0,0,0,0,0,0,1084,0,160.0,162.92342834054995,93.47443794831634,256.672624964267,157.0
1785381954,0,total,S1,6.800000,0.000000,0,0,0,0,0,0,0,0,0,0,0,1084,0,2100.0,1969.108273461633,1650.9293040144257,2198.879470000975,256.0
1785381954,0,,Aggregated,13.600000,0.000000,0,0,0,0,0,0,0,0,0,0,0,2168,0,260.0,1066.0158509010914,93.47443794831634,2198.879470000975,206.5
1785381955,0,TTFT,S1,6.800000,0.000000,0,0,0,0,0,0,0,0,0,0,0,1084,0,160.0,162.92342834054995,93.47443794831634,256.672624964267,157.0
1785381955,0,total,S1,6.800000,0.000000,0,0,0,0,0,0,0,0,0,0,0,1084,0,2100.0,1969.108273461633,1650.9293040144257,2198.879470000975,256.0
1785381955,0,,Aggregated,13.600000,0.000000,0,0,0,0,0,0,0,0,0,0,0,2168,0,260.0,1066.0158509010914,93.47443794831634,2198.879470000975,206.5
1785381956,0,TTFT,S1,6.800000,0.000000,0,0,0,0,0,0,0,0,0,0,0,1084,0,160.0,162.92342834054995,93.47443794831634,256.672624964267,157.0
1785381956,0,total,S1,6.800000,0.000000,0,0,0,0,0,0,0,0,0,0,0,1084,0,2100.0,1969.108273461633,1650.9293040144257,2198.879470000975,256.0
1785381956,0,,Aggregated,13.600000,0.000000,0,0,0,0,0,0,0,0,0,0,0,2168,0,260.0,1066.0158509010914,93.47443794831634,2198.879470000975,206.5
1785381957,0,TTFT,S1,6.800000,0.000000,0,0,0,0,0,0,0,0,0,0,0,1084,0,160.0,162.92342834054995,93.47443794831634,256.672624964267,157.0
1785381957,0,total,S1,6.800000,0.000000,0,0,0,0,0,0,0,0,0,0,0,1084,0,2100.0,1969.108273461633,1650.9293040144257,2198.879470000975,256.0
1785381957,0,,Aggregated,13.600000,0.000000,0,0,0,0,0,0,0,0,0,0,0,2168,0,260.0,1066.0158509010914,93.47443794831634,2198.879470000975,206.5
1785381958,0,TTFT,S1,6.800000,0.000000,0,0,0,0,0,0,0,0,0,0,0,1084,0,160.0,162.92342834054995,93.47443794831634,256.672624964267,157.0
1785381958,0,total,S1,6.800000,0.000000,0,0,0,0,0,0,0,0,0,0,0,1084,0,2100.0,1969.108273461633,1650.9293040144257,2198.879470000975,256.0
1785381958,0,,Aggregated,13.600000,0.000000,0,0,0,0,0,0,0,0,0,0,0,2168,0,260.0,1066.0158509010914,93.47443794831634,2198.879470000975,206.5
1785381959,0,TTFT,S1,6.800000,0.000000,0,0,0,0,0,0,0,0,0,0,0,1084,0,160.0,162.92342834054995,93.47443794831634,256.672624964267,157.0
1785381959,0,total,S1,6.800000,0.000000,0,0,0,0,0,0,0,0,0,0,0,1084,0,2100.0,1969.108273461633,1650.9293040144257,2198.879470000975,256.0
1785381959,0,,Aggregated,13.600000,0.000000,0,0,0,0,0,0,0,0,0,0,0,2168,0,260.0,1066.0158509010914,93.47443794831634,2198.879470000975,206.5
1785381960,0,TTFT,S1,6.800000,0.000000,0,0,0,0,0,0,0,0,0,0,0,1084,0,160.0,162.92342834054995,93.47443794831634,256.672624964267,157.0
1785381960,0,total,S1,6.800000,0.000000,0,0,0,0,0,0,0,0,0,0,0,1084,0,2100.0,1969.108273461633,1650.9293040144257,2198.879470000975,256.0
1785381960,0,,Aggregated,13.600000,0.000000,0,0,0,0,0,0,0,0,0,0,0,2168,0,260.0,1066.0158509010914,93.47443794831634,2198.879470000975,206.5
1785381961,0,TTFT,S1,6.800000,0.000000,0,0,0,0,0,0,0,0,0,0,0,1084,0,160.0,162.92342834054995,93.47443794831634,256.672624964267,157.0
1785381961,0,total,S1,6.800000,0.000000,0,0,0,0,0,0,0,0,0,0,0,1084,0,2100.0,1969.108273461633,1650.9293040144257,2198.879470000975,256.0
1785381961,0,,Aggregated,13.600000,0.000000,0,0,0,0,0,0,0,0,0,0,0,2168,0,260.0,1066.0158509010914,93.47443794831634,2198.879470000975,206.5
1785381962,0,TTFT,S1,6.800000,0.000000,0,0,0,0,0,0,0,0,0,0,0,1084,0,160.0,162.92342834054995,93.47443794831634,256.672624964267,157.0
1785381962,0,total,S1,6.800000,0.000000,0,0,0,0,0,0,0,0,0,0,0,1084,0,2100.0,1969.108273461633,1650.9293040144257,2198.879470000975,256.0
1785381962,0,,Aggregated,13.600000,0.000000,0,0,0,0,0,0,0,0,0,0,0,2168,0,260.0,1066.0158509010914,93.47443794831634,2198.879470000975,206.5
1785381963,0,TTFT,S1,6.800000,0.000000,0,0,0,0,0,0,0,0,0,0,0,1084,0,160.0,162.92342834054995,93.47443794831634,256.672624964267,157.0
1785381963,0,total,S1,6.800000,0.000000,0,0,0,0,0,0,0,0,0,0,0,1084,0,2100.0,1969.108273461633,1650.9293040144257,2198.879470000975,256.0
1785381963,0,,Aggregated,13.600000,0.000000,0,0,0,0,0,0,0,0,0,0,0,2168,0,260.0,1066.0158509010914,93.47443794831634,2198.879470000975,206.5
1785381964,0,TTFT,S1,6.800000,0.000000,0,0,0,0,0,0,0,0,0,0,0,1084,0,160.0,162.92342834054995,93.47443794831634,256.672624964267,157.0
1785381964,0,total,S1,6.800000,0.000000,0,0,0,0,0,0,0,0,0,0,0,1084,0,2100.0,1969.108273461633,1650.9293040144257,2198.879470000975,256.0
1785381964,0,,Aggregated,13.600000,0.000000,0,0,0,0,0,0,0,0,0,0,0,2168,0,260.0,1066.0158509010914,93.47443794831634,2198.879470000975,206.5
1785381965,0,TTFT,S1,6.800000,0.000000,0,0,0,0,0,0,0,0,0,0,0,1084,0,160.0,162.92342834054995,93.47443794831634,256.672624964267,157.0
1785381965,0,total,S1,6.800000,0.000000,0,0,0,0,0,0,0,0,0,0,0,1084,0,2100.0,1969.108273461633,1650.9293040144257,2198.879470000975,256.0
1785381965,0,,Aggregated,13.600000,0.000000,0,0,0,0,0,0,0,0,0,0,0,2168,0,260.0,1066.0158509010914,93.47443794831634,2198.879470000975,206.5
1785381966,0,TTFT,S1,6.800000,0.000000,0,0,0,0,0,0,0,0,0,0,0,1084,0,160.0,162.92342834054995,93.47443794831634,256.672624964267,157.0
1785381966,0,total,S1,6.800000,0.000000,0,0,0,0,0,0,0,0,0,0,0,1084,0,2100.0,1969.108273461633,1650.9293040144257,2198.879470000975,256.0
1785381966,0,,Aggregated,13.600000,0.000000,0,0,0,0,0,0,0,0,0,0,0,2168,0,260.0,1066.0158509010914,93.47443794831634,2198.879470000975,206.5
1785381967,0,TTFT,S1,6.800000,0.000000,0,0,0,0,0,0,0,0,0,0,0,1084,0,160.0,162.92342834054995,93.47443794831634,256.672624964267,157.0
1785381967,0,total,S1,6.800000,0.000000,0,0,0,0,0,0,0,0,0,0,0,1084,0,2100.0,1969.108273461633,1650.9293040144257,2198.879470000975,256.0
1785381967,0,,Aggregated,13.600000,0.000000,0,0,0,0,0,0,0,0,0,0,0,2168,0,260.0,1066.0158509010914,93.47443794831634,2198.879470000975,206.5
1785381968,0,TTFT,S1,6.800000,0.000000,0,0,0,0,0,0,0,0,0,0,0,1084,0,160.0,162.92342834054995,93.47443794831634,256.672624964267,157.0
1785381968,0,total,S1,6.800000,0.000000,0,0,0,0,0,0,0,0,0,0,0,1084,0,2100.0,1969.108273461633,1650.9293040144257,2198.879470000975,256.0
1785381968,0,,Aggregated,13.600000,0.000000,0,0,0,0,0,0,0,0,0,0,0,2168,0,260.0,1066.0158509010914,93.47443794831634,2198.879470000975,206.5
1785381969,0,TTFT,S1,6.800000,0.000000,0,0,0,0,0,0,0,0,0,0,0,1084,0,160.0,162.92342834054995,93.47443794831634,256.672624964267,157.0
1785381969,0,total,S1,6.800000,0.000000,0,0,0,0,0,0,0,0,0,0,0,1084,0,2100.0,1969.108273461633,1650.9293040144257,2198.879470000975,256.0
1785381969,0,,Aggregated,13.600000,0.000000,0,0,0,0,0,0,0,0,0,0,0,2168,0,260.0,1066.0158509010914,93.47443794831634,2198.879470000975,206.5
1785381970,0,TTFT,S1,6.800000,0.000000,0,0,0,0,0,0,0,0,0,0,0,1084,0,160.0,162.92342834054995,93.47443794831634,256.672624964267,157.0
1785381970,0,total,S1,6.800000,0.000000,0,0,0,0,0,0,0,0,0,0,0,1084,0,2100.0,1969.108273461633,1650.9293040144257,2198.879470000975,256.0
1785381970,0,,Aggregated,13.600000,0.000000,0,0,0,0,0,0,0,0,0,0,0,2168,0,260.0,1066.0158509010914,93.47443794831634,2198.879470000975,206.5
1785381971,0,TTFT,S1,6.800000,0.000000,0,0,0,0,0,0,0,0,0,0,0,1084,0,160.0,162.92342834054995,93.47443794831634,256.672624964267,157.0
1785381971,0,total,S1,6.800000,0.000000,0,0,0,0,0,0,0,0,0,0,0,1084,0,2100.0,1969.108273461633,1650.9293040144257,2198.879470000975,256.0
1785381971,0,,Aggregated,13.600000,0.000000,0,0,0,0,0,0,0,0,0,0,0,2168,0,260.0,1066.0158509010914,93.47443794831634,2198.879470000975,206.5
1785381972,0,TTFT,S1,6.800000,0.000000,0,0,0,0,0,0,0,0,0,0,0,1084,0,160.0,162.92342834054995,93.47443794831634,256.672624964267,157.0
1785381972,0,total,S1,6.800000,0.000000,0,0,0,0,0,0,0,0,0,0,0,1084,0,2100.0,1969.108273461633,1650.9293040144257,2198.879470000975,256.0
1785381972,0,,Aggregated,13.600000,0.000000,0,0,0,0,0,0,0,0,0,0,0,2168,0,260.0,1066.0158509010914,93.47443794831634,2198.879470000975,206.5
1785381973,0,TTFT,S1,6.800000,0.000000,0,0,0,0,0,0,0,0,0,0,0,1084,0,160.0,162.92342834054995,93.47443794831634,256.672624964267,157.0
1785381973,0,total,S1,6.800000,0.000000,0,0,0,0,0,0,0,0,0,0,0,1084,0,2100.0,1969.108273461633,1650.9293040144257,2198.879470000975,256.0
1785381973,0,,Aggregated,13.600000,0.000000,0,0,0,0,0,0,0,0,0,0,0,2168,0,260.0,1066.0158509010914,93.47443794831634,2198.879470000975,206.5
1785381974,0,TTFT,S1,6.800000,0.000000,0,0,0,0,0,0,0,0,0,0,0,1084,0,160.0,162.92342834054995,93.47443794831634,256.672624964267,157.0
1785381974,0,total,S1,6.800000,0.000000,0,0,0,0,0,0,0,0,0,0,0,1084,0,2100.0,1969.108273461633,1650.9293040144257,2198.879470000975,256.0
1785381974,0,,Aggregated,13.600000,0.000000,0,0,0,0,0,0,0,0,0,0,0,2168,0,260.0,1066.0158509010914,93.47443794831634,2198.879470000975,206.5
1785381975,0,TTFT,S1,6.800000,0.000000,0,0,0,0,0,0,0,0,0,0,0,1084,0,160.0,162.92342834054995,93.47443794831634,256.672624964267,157.0
1785381975,0,total,S1,6.800000,0.000000,0,0,0,0,0,0,0,0,0,0,0,1084,0,2100.0,1969.108273461633,1650.9293040144257,2198.879470000975,256.0
1785381975,0,,Aggregated,13.600000,0.000000,0,0,0,0,0,0,0,0,0,0,0,2168,0,260.0,1066.0158509010914,93.47443794831634,2198.879470000975,206.5
1785381976,0,TTFT,S1,6.800000,0.000000,0,0,0,0,0,0,0,0,0,0,0,1084,0,160.0,162.92342834054995,93.47443794831634,256.672624964267,157.0
1785381976,0,total,S1,6.800000,0.000000,0,0,0,0,0,0,0,0,0,0,0,1084,0,2100.0,1969.108273461633,1650.9293040144257,2198.879470000975,256.0
1785381976,0,,Aggregated,13.600000,0.000000,0,0,0,0,0,0,0,0,0,0,0,2168,0,260.0,1066.0158509010914,93.47443794831634,2198.879470000975,206.5
1785381977,0,TTFT,S1,6.800000,0.000000,0,0,0,0,0,0,0,0,0,0,0,1084,0,160.0,162.92342834054995,93.47443794831634,256.672624964267,157.0
1785381977,0,total,S1,6.800000,0.000000,0,0,0,0,0,0,0,0,0,0,0,1084,0,2100.0,1969.108273461633,1650.9293040144257,2198.879470000975,256.0
1785381977,0,,Aggregated,13.600000,0.000000,0,0,0,0,0,0,0,0,0,0,0,2168,0,260.0,1066.0158509010914,93.47443794831634,2198.879470000975,206.5
1785381978,0,TTFT,S1,6.800000,0.000000,0,0,0,0,0,0,0,0,0,0,0,1084,0,160.0,162.92342834054995,93.47443794831634,256.672624964267,157.0
1785381978,0,total,S1,6.800000,0.000000,0,0,0,0,0,0,0,0,0,0,0,1084,0,2100.0,1969.108273461633,1650.9293040144257,2198.879470000975,256.0
1785381978,0,,Aggregated,13.600000,0.000000,0,0,0,0,0,0,0,0,0,0,0,2168,0,260.0,1066.0158509010914,93.47443794831634,2198.879470000975,206.5
1785381979,0,TTFT,S1,6.800000,0.000000,0,0,0,0,0,0,0,0,0,0,0,1084,0,160.0,162.92342834054995,93.47443794831634,256.672624964267,157.0
1785381979,0,total,S1,6.800000,0.000000,0,0,0,0,0,0,0,0,0,0,0,1084,0,2100.0,1969.108273461633,1650.9293040144257,2198.879470000975,256.0
1785381979,0,,Aggregated,13.600000,0.000000,0,0,0,0,0,0,0,0,0,0,0,2168,0,260.0,1066.0158509010914,93.47443794831634,2198.879470000975,206.5
1785381980,0,TTFT,S1,6.800000,0.000000,0,0,0,0,0,0,0,0,0,0,0,1084,0,160.0,162.92342834054995,93.47443794831634,256.672624964267,157.0
1785381980,0,total,S1,6.800000,0.000000,0,0,0,0,0,0,0,0,0,0,0,1084,0,2100.0,1969.108273461633,1650.9293040144257,2198.879470000975,256.0
1785381980,0,,Aggregated,13.600000,0.000000,0,0,0,0,0,0,0,0,0,0,0,2168,0,260.0,1066.0158509010914,93.47443794831634,2198.879470000975,206.5
1785381981,0,TTFT,S1,6.800000,0.000000,0,0,0,0,0,0,0,0,0,0,0,1084,0,160.0,162.92342834054995,93.47443794831634,256.672624964267,157.0
1785381981,0,total,S1,6.800000,0.000000,0,0,0,0,0,0,0,0,0,0,0,1084,0,2100.0,1969.108273461633,1650.9293040144257,2198.879470000975,256.0
1785381981,0,,Aggregated,13.600000,0.000000,0,0,0,0,0,0,0,0,0,0,0,2168,0,260.0,1066.0158509010914,93.47443794831634,2198.879470000975,206.5
1785381982,0,TTFT,S1,6.800000,0.000000,0,0,0,0,0,0,0,0,0,0,0,1084,0,160.0,162.92342834054995,93.47443794831634,256.672624964267,157.0
1785381982,0,total,S1,6.800000,0.000000,0,0,0,0,0,0,0,0,0,0,0,1084,0,2100.0,1969.108273461633,1650.9293040144257,2198.879470000975,256.0
1785381982,0,,Aggregated,13.600000,0.000000,0,0,0,0,0,0,0,0,0,0,0,2168,0,260.0,1066.0158509010914,93.47443794831634,2198.879470000975,206.5
1785381983,0,TTFT,S1,6.800000,0.000000,0,0,0,0,0,0,0,0,0,0,0,1084,0,160.0,162.92342834054995,93.47443794831634,256.672624964267,157.0
1785381983,0,total,S1,6.800000,0.000000,0,0,0,0,0,0,0,0,0,0,0,1084,0,2100.0,1969.108273461633,1650.9293040144257,2198.879470000975,256.0
1785381983,0,,Aggregated,13.600000,0.000000,0,0,0,0,0,0,0,0,0,0,0,2168,0,260.0,1066.0158509010914,93.47443794831634,2198.879470000975,206.5
1785381984,0,TTFT,S1,6.800000,0.000000,0,0,0,0,0,0,0,0,0,0,0,1084,0,160.0,162.92342834054995,93.47443794831634,256.672624964267,157.0
1785381984,0,total,S1,6.800000,0.000000,0,0,0,0,0,0,0,0,0,0,0,1084,0,2100.0,1969.108273461633,1650.9293040144257,2198.879470000975,256.0
1785381984,0,,Aggregated,13.600000,0.000000,0,0,0,0,0,0,0,0,0,0,0,2168,0,260.0,1066.0158509010914,93.47443794831634,2198.879470000975,206.5
1785381985,0,TTFT,S1,6.800000,0.000000,0,0,0,0,0,0,0,0,0,0,0,1084,0,160.0,162.92342834054995,93.47443794831634,256.672624964267,157.0
1785381985,0,total,S1,6.800000,0.000000,0,0,0,0,0,0,0,0,0,0,0,1084,0,2100.0,1969.108273461633,1650.9293040144257,2198.879470000975,256.0
1785381985,0,,Aggregated,13.600000,0.000000,0,0,0,0,0,0,0,0,0,0,0,2168,0,260.0,1066.0158509010914,93.47443794831634,2198.879470000975,206.5
1785381986,0,TTFT,S1,6.800000,0.000000,0,0,0,0,0,0,0,0,0,0,0,1084,0,160.0,162.92342834054995,93.47443794831634,256.672624964267,157.0
1785381986,0,total,S1,6.800000,0.000000,0,0,0,0,0,0,0,0,0,0,0,1084,0,2100.0,1969.108273461633,1650.9293040144257,2198.879470000975,256.0
1785381986,0,,Aggregated,13.600000,0.000000,0,0,0,0,0,0,0,0,0,0,0,2168,0,260.0,1066.0158509010914,93.47443794831634,2198.879470000975,206.5
1785381987,0,TTFT,S1,6.800000,0.000000,0,0,0,0,0,0,0,0,0,0,0,1084,0,160.0,162.92342834054995,93.47443794831634,256.672624964267,157.0
1785381987,0,total,S1,6.800000,0.000000,0,0,0,0,0,0,0,0,0,0,0,1084,0,2100.0,1969.108273461633,1650.9293040144257,2198.879470000975,256.0
1785381987,0,,Aggregated,13.600000,0.000000,0,0,0,0,0,0,0,0,0,0,0,2168,0,260.0,1066.0158509010914,93.47443794831634,2198.879470000975,206.5
1785381988,0,TTFT,S1,6.800000,0.000000,0,0,0,0,0,0,0,0,0,0,0,1084,0,160.0,162.92342834054995,93.47443794831634,256.672624964267,157.0
1785381988,0,total,S1,6.800000,0.000000,0,0,0,0,0,0,0,0,0,0,0,1084,0,2100.0,1969.108273461633,1650.9293040144257,2198.879470000975,256.0
1785381988,0,,Aggregated,13.600000,0.000000,0,0,0,0,0,0,0,0,0,0,0,2168,0,260.0,1066.0158509010914,93.47443794831634,2198.879470000975,206.5
1785381989,0,TTFT,S1,6.800000,0.000000,0,0,0,0,0,0,0,0,0,0,0,1084,0,160.0,162.92342834054995,93.47443794831634,256.672624964267,157.0
1785381989,0,total,S1,6.800000,0.000000,0,0,0,0,0,0,0,0,0,0,0,1084,0,2100.0,1969.108273461633,1650.9293040144257,2198.879470000975,256.0
1785381989,0,,Aggregated,13.600000,0.000000,0,0,0,0,0,0,0,0,0,0,0,2168,0,260.0,1066.0158509010914,93.47443794831634,2198.879470000975,206.5
1785381990,0,TTFT,S1,6.800000,0.000000,0,0,0,0,0,0,0,0,0,0,0,1084,0,160.0,162.92342834054995,93.47443794831634,256.672624964267,157.0
1785381990,0,total,S1,6.800000,0.000000,0,0,0,0,0,0,0,0,0,0,0,1084,0,2100.0,1969.108273461633,1650.9293040144257,2198.879470000975,256.0
1785381990,0,,Aggregated,13.600000,0.000000,0,0,0,0,0,0,0,0,0,0,0,2168,0,260.0,1066.0158509010914,93.47443794831634,2198.879470000975,206.5
1785381991,0,TTFT,S1,6.800000,0.000000,0,0,0,0,0,0,0,0,0,0,0,1084,0,160.0,162.92342834054995,93.47443794831634,256.672624964267,157.0
1785381991,0,total,S1,6.800000,0.000000,0,0,0,0,0,0,0,0,0,0,0,1084,0,2100.0,1969.108273461633,1650.9293040144257,2198.879470000975,256.0
1785381991,0,,Aggregated,13.600000,0.000000,0,0,0,0,0,0,0,0,0,0,0,2168,0,260.0,1066.0158509010914,93.47443794831634,2198.879470000975,206.5
1785381992,0,TTFT,S1,6.800000,0.000000,0,0,0,0,0,0,0,0,0,0,0,1084,0,160.0,162.92342834054995,93.47443794831634,256.672624964267,157.0
1785381992,0,total,S1,6.800000,0.000000,0,0,0,0,0,0,0,0,0,0,0,1084,0,2100.0,1969.108273461633,1650.9293040144257,2198.879470000975,256.0
1785381992,0,,Aggregated,13.600000,0.000000,0,0,0,0,0,0,0,0,0,0,0,2168,0,260.0,1066.0158509010914,93.47443794831634,2198.879470000975,206.5
1785381993,0,TTFT,S1,6.800000,0.000000,0,0,0,0,0,0,0,0,0,0,0,1084,0,160.0,162.92342834054995,93.47443794831634,256.672624964267,157.0
1785381993,0,total,S1,6.800000,0.000000,0,0,0,0,0,0,0,0,0,0,0,1084,0,2100.0,1969.108273461633,1650.9293040144257,2198.879470000975,256.0
1785381993,0,,Aggregated,13.600000,0.000000,0,0,0,0,0,0,0,0,0,0,0,2168,0,260.0,1066.0158509010914,93.47443794831634,2198.879470000975,206.5
1785381994,0,TTFT,S1,6.800000,0.000000,0,0,0,0,0,0,0,0,0,0,0,1084,0,160.0,162.92342834054995,93.47443794831634,256.672624964267,157.0
1785381994,0,total,S1,6.800000,0.000000,0,0,0,0,0,0,0,0,0,0,0,1084,0,2100.0,1969.108273461633,1650.9293040144257,2198.879470000975,256.0
1785381994,0,,Aggregated,13.600000,0.000000,0,0,0,0,0,0,0,0,0,0,0,2168,0,260.0,1066.0158509010914,93.47443794831634,2198.879470000975,206.5
1785381995,0,TTFT,S1,6.800000,0.000000,0,0,0,0,0,0,0,0,0,0,0,1084,0,160.0,162.92342834054995,93.47443794831634,256.672624964267,157.0
1785381995,0,total,S1,6.800000,0.000000,0,0,0,0,0,0,0,0,0,0,0,1084,0,2100.0,1969.108273461633,1650.9293040144257,2198.879470000975,256.0
1785381995,0,,Aggregated,13.600000,0.000000,0,0,0,0,0,0,0,0,0,0,0,2168,0,260.0,1066.0158509010914,93.47443794831634,2198.879470000975,206.5
1785381996,0,TTFT,S1,6.800000,0.000000,0,0,0,0,0,0,0,0,0,0,0,1084,0,160.0,162.92342834054995,93.47443794831634,256.672624964267,157.0
1785381996,0,total,S1,6.800000,0.000000,0,0,0,0,0,0,0,0,0,0,0,1084,0,2100.0,1969.108273461633,1650.9293040144257,2198.879470000975,256.0
1785381996,0,,Aggregated,13.600000,0.000000,0,0,0,0,0,0,0,0,0,0,0,2168,0,260.0,1066.0158509010914,93.47443794831634,2198.879470000975,206.5
1785381997,0,TTFT,S1,6.800000,0.000000,0,0,0,0,0,0,0,0,0,0,0,1084,0,160.0,162.92342834054995,93.47443794831634,256.672624964267,157.0
1785381997,0,total,S1,6.800000,0.000000,0,0,0,0,0,0,0,0,0,0,0,1084,0,2100.0,1969.108273461633,1650.9293040144257,2198.879470000975,256.0
1785381997,0,,Aggregated,13.600000,0.000000,0,0,0,0,0,0,0,0,0,0,0,2168,0,260.0,1066.0158509010914,93.47443794831634,2198.879470000975,206.5
1785381998,0,TTFT,S1,6.800000,0.000000,0,0,0,0,0,0,0,0,0,0,0,1084,0,160.0,162.92342834054995,93.47443794831634,256.672624964267,157.0
1785381998,0,total,S1,6.800000,0.000000,0,0,0,0,0,0,0,0,0,0,0,1084,0,2100.0,1969.108273461633,1650.9293040144257,2198.879470000975,256.0
1785381998,0,,Aggregated,13.600000,0.000000,0,0,0,0,0,0,0,0,0,0,0,2168,0,260.0,1066.0158509010914,93.47443794831634,2198.879470000975,206.5
1785381999,0,TTFT,S1,6.800000,0.000000,0,0,0,0,0,0,0,0,0,0,0,1084,0,160.0,162.92342834054995,93.47443794831634,256.672624964267,157.0
1785381999,0,total,S1,6.800000,0.000000,0,0,0,0,0,0,0,0,0,0,0,1084,0,2100.0,1969.108273461633,1650.9293040144257,2198.879470000975,256.0
1785381999,0,,Aggregated,13.600000,0.000000,0,0,0,0,0,0,0,0,0,0,0,2168,0,260.0,1066.0158509010914,93.47443794831634,2198.879470000975,206.5
1785382000,0,TTFT,S1,6.800000,0.000000,0,0,0,0,0,0,0,0,0,0,0,1084,0,160.0,162.92342834054995,93.47443794831634,256.672624964267,157.0
1785382000,0,total,S1,6.800000,0.000000,0,0,0,0,0,0,0,0,0,0,0,1084,0,2100.0,1969.108273461633,1650.9293040144257,2198.879470000975,256.0
1785382000,0,,Aggregated,13.600000,0.000000,0,0,0,0,0,0,0,0,0,0,0,2168,0,260.0,1066.0158509010914,93.47443794831634,2198.879470000975,206.5
1785382001,0,TTFT,S1,6.800000,0.000000,0,0,0,0,0,0,0,0,0,0,0,1084,0,160.0,162.92342834054995,93.47443794831634,256.672624964267,157.0
1785382001,0,total,S1,6.800000,0.000000,0,0,0,0,0,0,0,0,0,0,0,1084,0,2100.0,1969.108273461633,1650.9293040144257,2198.879470000975,256.0
1785382001,0,,Aggregated,13.600000,0.000000,0,0,0,0,0,0,0,0,0,0,0,2168,0,260.0,1066.0158509010914,93.47443794831634,2198.879470000975,206.5
1785382002,0,TTFT,S1,6.800000,0.000000,0,0,0,0,0,0,0,0,0,0,0,1084,0,160.0,162.92342834054995,93.47443794831634,256.672624964267,157.0
1785382002,0,total,S1,6.800000,0.000000,0,0,0,0,0,0,0,0,0,0,0,1084,0,2100.0,1969.108273461633,1650.9293040144257,2198.879470000975,256.0
1785382002,0,,Aggregated,13.600000,0.000000,0,0,0,0,0,0,0,0,0,0,0,2168,0,260.0,1066.0158509010914,93.47443794831634,2198.879470000975,206.5
1785382003,0,TTFT,S1,6.800000,0.000000,0,0,0,0,0,0,0,0,0,0,0,1084,0,160.0,162.92342834054995,93.47443794831634,256.672624964267,157.0
1785382003,0,total,S1,6.800000,0.000000,0,0,0,0,0,0,0,0,0,0,0,1084,0,2100.0,1969.108273461633,1650.9293040144257,2198.879470000975,256.0
1785382003,0,,Aggregated,13.600000,0.000000,0,0,0,0,0,0,0,0,0,0,0,2168,0,260.0,1066.0158509010914,93.47443794831634,2198.879470000975,206.5
1785382004,0,TTFT,S1,6.800000,0.000000,0,0,0,0,0,0,0,0,0,0,0,1084,0,160.0,162.92342834054995,93.47443794831634,256.672624964267,157.0
1785382004,0,total,S1,6.800000,0.000000,0,0,0,0,0,0,0,0,0,0,0,1084,0,2100.0,1969.108273461633,1650.9293040144257,2198.879470000975,256.0
1785382004,0,,Aggregated,13.600000,0.000000,0,0,0,0,0,0,0,0,0,0,0,2168,0,260.0,1066.0158509010914,93.47443794831634,2198.879470000975,206.5
1785382005,0,TTFT,S1,6.800000,0.000000,0,0,0,0,0,0,0,0,0,0,0,1084,0,160.0,162.92342834054995,93.47443794831634,256.672624964267,157.0
1785382005,0,total,S1,6.800000,0.000000,0,0,0,0,0,0,0,0,0,0,0,1084,0,2100.0,1969.108273461633,1650.9293040144257,2198.879470000975,256.0
1785382005,0,,Aggregated,13.600000,0.000000,0,0,0,0,0,0,0,0,0,0,0,2168,0,260.0,1066.0158509010914,93.47443794831634,2198.879470000975,206.5
1785382006,0,TTFT,S1,6.800000,0.000000,0,0,0,0,0,0,0,0,0,0,0,1084,0,160.0,162.92342834054995,93.47443794831634,256.672624964267,157.0
1785382006,0,total,S1,6.800000,0.000000,0,0,0,0,0,0,0,0,0,0,0,1084,0,2100.0,1969.108273461633,1650.9293040144257,2198.879470000975,256.0
1785382006,0,,Aggregated,13.600000,0.000000,0,0,0,0,0,0,0,0,0,0,0,2168,0,260.0,1066.0158509010914,93.47443794831634,2198.879470000975,206.5
1785382007,0,TTFT,S1,6.800000,0.000000,0,0,0,0,0,0,0,0,0,0,0,1084,0,160.0,162.92342834054995,93.47443794831634,256.672624964267,157.0
1785382007,0,total,S1,6.800000,0.000000,0,0,0,0,0,0,0,0,0,0,0,1084,0,2100.0,1969.108273461633,1650.9293040144257,2198.879470000975,256.0
1785382007,0,,Aggregated,13.600000,0.000000,0,0,0,0,0,0,0,0,0,0,0,2168,0,260.0,1066.0158509010914,93.47443794831634,2198.879470000975,206.5
1785382008,0,TTFT,S1,6.800000,0.000000,0,0,0,0,0,0,0,0,0,0,0,1084,0,160.0,162.92342834054995,93.47443794831634,256.672624964267,157.0
1785382008,0,total,S1,6.800000,0.000000,0,0,0,0,0,0,0,0,0,0,0,1084,0,2100.0,1969.108273461633,1650.9293040144257,2198.879470000975,256.0
1785382008,0,,Aggregated,13.600000,0.000000,0,0,0,0,0,0,0,0,0,0,0,2168,0,260.0,1066.0158509010914,93.47443794831634,2198.879470000975,206.5
1785382009,0,TTFT,S1,6.800000,0.000000,0,0,0,0,0,0,0,0,0,0,0,1084,0,160.0,162.92342834054995,93.47443794831634,256.672624964267,157.0
1785382009,0,total,S1,6.800000,0.000000,0,0,0,0,0,0,0,0,0,0,0,1084,0,2100.0,1969.108273461633,1650.9293040144257,2198.879470000975,256.0
1785382009,0,,Aggregated,13.600000,0.000000,0,0,0,0,0,0,0,0,0,0,0,2168,0,260.0,1066.0158509010914,93.47443794831634,2198.879470000975,206.5
1785382010,0,TTFT,S1,6.800000,0.000000,0,0,0,0,0,0,0,0,0,0,0,1084,0,160.0,162.92342834054995,93.47443794831634,256.672624964267,157.0
1785382010,0,total,S1,6.800000,0.000000,0,0,0,0,0,0,0,0,0,0,0,1084,0,2100.0,1969.108273461633,1650.9293040144257,2198.879470000975,256.0
1785382010,0,,Aggregated,13.600000,0.000000,0,0,0,0,0,0,0,0,0,0,0,2168,0,260.0,1066.0158509010914,93.47443794831634,2198.879470000975,206.5
1785382011,0,TTFT,S1,6.800000,0.000000,0,0,0,0,0,0,0,0,0,0,0,1084,0,160.0,162.92342834054995,93.47443794831634,256.672624964267,157.0
1785382011,0,total,S1,6.800000,0.000000,0,0,0,0,0,0,0,0,0,0,0,1084,0,2100.0,1969.108273461633,1650.9293040144257,2198.879470000975,256.0
1785382011,0,,Aggregated,13.600000,0.000000,0,0,0,0,0,0,0,0,0,0,0,2168,0,260.0,1066.0158509010914,93.47443794831634,2198.879470000975,206.5
1785382012,0,TTFT,S1,6.800000,0.000000,0,0,0,0,0,0,0,0,0,0,0,1084,0,160.0,162.92342834054995,93.47443794831634,256.672624964267,157.0
1785382012,0,total,S1,6.800000,0.000000,0,0,0,0,0,0,0,0,0,0,0,1084,0,2100.0,1969.108273461633,1650.9293040144257,2198.879470000975,256.0
1785382012,0,,Aggregated,13.600000,0.000000,0,0,0,0,0,0,0,0,0,0,0,2168,0,260.0,1066.0158509010914,93.47443794831634,2198.879470000975,206.5
1785382013,0,TTFT,S1,6.800000,0.000000,0,0,0,0,0,0,0,0,0,0,0,1084,0,160.0,162.92342834054995,93.47443794831634,256.672624964267,157.0
1785382013,0,total,S1,6.800000,0.000000,0,0,0,0,0,0,0,0,0,0,0,1084,0,2100.0,1969.108273461633,1650.9293040144257,2198.879470000975,256.0
1785382013,0,,Aggregated,13.600000,0.000000,0,0,0,0,0,0,0,0,0,0,0,2168,0,260.0,1066.0158509010914,93.47443794831634,2198.879470000975,206.5
1785382014,0,TTFT,S1,6.800000,0.000000,0,0,0,0,0,0,0,0,0,0,0,1084,0,160.0,162.92342834054995,93.47443794831634,256.672624964267,157.0
1785382014,0,total,S1,6.800000,0.000000,0,0,0,0,0,0,0,0,0,0,0,1084,0,2100.0,1969.108273461633,1650.9293040144257,2198.879470000975,256.0
1785382014,0,,Aggregated,13.600000,0.000000,0,0,0,0,0,0,0,0,0,0,0,2168,0,260.0,1066.0158509010914,93.47443794831634,2198.879470000975,206.5
1785382015,0,TTFT,S1,6.800000,0.000000,0,0,0,0,0,0,0,0,0,0,0,1084,0,160.0,162.92342834054995,93.47443794831634,256.672624964267,157.0
1785382015,0,total,S1,6.800000,0.000000,0,0,0,0,0,0,0,0,0,0,0,1084,0,2100.0,1969.108273461633,1650.9293040144257,2198.879470000975,256.0
1785382015,0,,Aggregated,13.600000,0.000000,0,0,0,0,0,0,0,0,0,0,0,2168,0,260.0,1066.0158509010914,93.47443794831634,2198.879470000975,206.5
1785382016,0,TTFT,S1,6.800000,0.000000,0,0,0,0,0,0,0,0,0,0,0,1084,0,160.0,162.92342834054995,93.47443794831634,256.672624964267,157.0
1785382016,0,total,S1,6.800000,0.000000,0,0,0,0,0,0,0,0,0,0,0,1084,0,2100.0,1969.108273461633,1650.9293040144257,2198.879470000975,256.0
1785382016,0,,Aggregated,13.600000,0.000000,0,0,0,0,0,0,0,0,0,0,0,2168,0,260.0,1066.0158509010914,93.47443794831634,2198.879470000975,206.5
1785382017,0,TTFT,S1,6.800000,0.000000,0,0,0,0,0,0,0,0,0,0,0,1084,0,160.0,162.92342834054995,93.47443794831634,256.672624964267,157.0
1785382017,0,total,S1,6.800000,0.000000,0,0,0,0,0,0,0,0,0,0,0,1084,0,2100.0,1969.108273461633,1650.9293040144257,2198.879470000975,256.0
1785382017,0,,Aggregated,13.600000,0.000000,0,0,0,0,0,0,0,0,0,0,0,2168,0,260.0,1066.0158509010914,93.47443794831634,2198.879470000975,206.5
1785382018,0,TTFT,S1,6.800000,0.000000,0,0,0,0,0,0,0,0,0,0,0,1084,0,160.0,162.92342834054995,93.47443794831634,256.672624964267,157.0
1785382018,0,total,S1,6.800000,0.000000,0,0,0,0,0,0,0,0,0,0,0,1084,0,2100.0,1969.108273461633,1650.9293040144257,2198.879470000975,256.0
1785382018,0,,Aggregated,13.600000,0.000000,0,0,0,0,0,0,0,0,0,0,0,2168,0,260.0,1066.0158509010914,93.47443794831634,2198.879470000975,206.5
1785382019,0,TTFT,S1,6.800000,0.000000,0,0,0,0,0,0,0,0,0,0,0,1084,0,160.0,162.92342834054995,93.47443794831634,256.672624964267,157.0
1785382019,0,total,S1,6.800000,0.000000,0,0,0,0,0,0,0,0,0,0,0,1084,0,2100.0,1969.108273461633,1650.9293040144257,2198.879470000975,256.0
1785382019,0,,Aggregated,13.600000,0.000000,0,0,0,0,0,0,0,0,0,0,0,2168,0,260.0,1066.0158509010914,93.47443794831634,2198.879470000975,206.5
1785382020,0,TTFT,S1,6.800000,0.000000,0,0,0,0,0,0,0,0,0,0,0,1084,0,160.0,162.92342834054995,93.47443794831634,256.672624964267,157.0
1785382020,0,total,S1,6.800000,0.000000,0,0,0,0,0,0,0,0,0,0,0,1084,0,2100.0,1969.108273461633,1650.9293040144257,2198.879470000975,256.0
1785382020,0,,Aggregated,13.600000,0.000000,0,0,0,0,0,0,0,0,0,0,0,2168,0,260.0,1066.0158509010914,93.47443794831634,2198.879470000975,206.5
1785382021,0,TTFT,S1,6.800000,0.000000,0,0,0,0,0,0,0,0,0,0,0,1084,0,160.0,162.92342834054995,93.47443794831634,256.672624964267,157.0
1785382021,0,total,S1,6.800000,0.000000,0,0,0,0,0,0,0,0,0,0,0,1084,0,2100.0,1969.108273461633,1650.9293040144257,2198.879470000975,256.0
1785382021,0,,Aggregated,13.600000,0.000000,0,0,0,0,0,0,0,0,0,0,0,2168,0,260.0,1066.0158509010914,93.47443794831634,2198.879470000975,206.5
1785382022,0,TTFT,S1,6.800000,0.000000,0,0,0,0,0,0,0,0,0,0,0,1084,0,160.0,162.92342834054995,93.47443794831634,256.672624964267,157.0
1785382022,0,total,S1,6.800000,0.000000,0,0,0,0,0,0,0,0,0,0,0,1084,0,2100.0,1969.108273461633,1650.9293040144257,2198.879470000975,256.0
1785382022,0,,Aggregated,13.600000,0.000000,0,0,0,0,0,0,0,0,0,0,0,2168,0,260.0,1066.0158509010914,93.47443794831634,2198.879470000975,206.5
1785382023,0,TTFT,S1,6.800000,0.000000,0,0,0,0,0,0,0,0,0,0,0,1084,0,160.0,162.92342834054995,93.47443794831634,256.672624964267,157.0
1785382023,0,total,S1,6.800000,0.000000,0,0,0,0,0,0,0,0,0,0,0,1084,0,2100.0,1969.108273461633,1650.9293040144257,2198.879470000975,256.0
1785382023,0,,Aggregated,13.600000,0.000000,0,0,0,0,0,0,0,0,0,0,0,2168,0,260.0,1066.0158509010914,93.47443794831634,2198.879470000975,206.5
1785382024,0,TTFT,S1,6.800000,0.000000,0,0,0,0,0,0,0,0,0,0,0,1084,0,160.0,162.92342834054995,93.47443794831634,256.672624964267,157.0
1785382024,0,total,S1,6.800000,0.000000,0,0,0,0,0,0,0,0,0,0,0,1084,0,2100.0,1969.108273461633,1650.9293040144257,2198.879470000975,256.0
1785382024,0,,Aggregated,13.600000,0.000000,0,0,0,0,0,0,0,0,0,0,0,2168,0,260.0,1066.0158509010914,93.47443794831634,2198.879470000975,206.5
1785382025,0,TTFT,S1,6.800000,0.000000,0,0,0,0,0,0,0,0,0,0,0,1084,0,160.0,162.92342834054995,93.47443794831634,256.672624964267,157.0
1785382025,0,total,S1,6.800000,0.000000,0,0,0,0,0,0,0,0,0,0,0,1084,0,2100.0,1969.108273461633,1650.9293040144257,2198.879470000975,256.0
1785382025,0,,Aggregated,13.600000,0.000000,0,0,0,0,0,0,0,0,0,0,0,2168,0,260.0,1066.0158509010914,93.47443794831634,2198.879470000975,206.5
1785382026,0,TTFT,S1,6.800000,0.000000,0,0,0,0,0,0,0,0,0,0,0,1084,0,160.0,162.92342834054995,93.47443794831634,256.672624964267,157.0
1785382026,0,total,S1,6.800000,0.000000,0,0,0,0,0,0,0,0,0,0,0,1084,0,2100.0,1969.108273461633,1650.9293040144257,2198.879470000975,256.0
1785382026,0,,Aggregated,13.600000,0.000000,0,0,0,0,0,0,0,0,0,0,0,2168,0,260.0,1066.0158509010914,93.47443794831634,2198.879470000975,206.5
1785382027,0,TTFT,S1,6.800000,0.000000,0,0,0,0,0,0,0,0,0,0,0,1084,0,160.0,162.92342834054995,93.47443794831634,256.672624964267,157.0
1785382027,0,total,S1,6.800000,0.000000,0,0,0,0,0,0,0,0,0,0,0,1084,0,2100.0,1969.108273461633,1650.9293040144257,2198.879470000975,256.0
1785382027,0,,Aggregated,13.600000,0.000000,0,0,0,0,0,0,0,0,0,0,0,2168,0,260.0,1066.0158509010914,93.47443794831634,2198.879470000975,206.5
1785382028,0,TTFT,S1,6.800000,0.000000,0,0,0,0,0,0,0,0,0,0,0,1084,0,160.0,162.92342834054995,93.47443794831634,256.672624964267,157.0
1785382028,0,total,S1,6.800000,0.000000,0,0,0,0,0,0,0,0,0,0,0,1084,0,2100.0,1969.108273461633,1650.9293040144257,2198.879470000975,256.0
1785382028,0,,Aggregated,13.600000,0.000000,0,0,0,0,0,0,0,0,0,0,0,2168,0,260.0,1066.0158509010914,93.47443794831634,2198.879470000975,206.5
1785382029,0,TTFT,S1,6.800000,0.000000,0,0,0,0,0,0,0,0,0,0,0,1084,0,160.0,162.92342834054995,93.47443794831634,256.672624964267,157.0
1785382029,0,total,S1,6.800000,0.000000,0,0,0,0,0,0,0,0,0,0,0,1084,0,2100.0,1969.108273461633,1650.9293040144257,2198.879470000975,256.0
1785382029,0,,Aggregated,13.600000,0.000000,0,0,0,0,0,0,0,0,0,0,0,2168,0,260.0,1066.0158509010914,93.47443794831634,2198.879470000975,206.5
1785382030,0,TTFT,S1,6.800000,0.000000,0,0,0,0,0,0,0,0,0,0,0,1084,0,160.0,162.92342834054995,93.47443794831634,256.672624964267,157.0
1785382030,0,total,S1,6.800000,0.000000,0,0,0,0,0,0,0,0,0,0,0,1084,0,2100.0,1969.108273461633,1650.9293040144257,2198.879470000975,256.0
1785382030,0,,Aggregated,13.600000,0.000000,0,0,0,0,0,0,0,0,0,0,0,2168,0,260.0,1066.0158509010914,93.47443794831634,2198.879470000975,206.5
1785382031,0,TTFT,S1,6.800000,0.000000,0,0,0,0,0,0,0,0,0,0,0,1084,0,160.0,162.92342834054995,93.47443794831634,256.672624964267,157.0
1785382031,0,total,S1,6.800000,0.000000,0,0,0,0,0,0,0,0,0,0,0,1084,0,2100.0,1969.108273461633,1650.9293040144257,2198.879470000975,256.0
1785382031,0,,Aggregated,13.600000,0.000000,0,0,0,0,0,0,0,0,0,0,0,2168,0,260.0,1066.0158509010914,93.47443794831634,2198.879470000975,206.5
1785382032,0,TTFT,S1,6.800000,0.000000,0,0,0,0,0,0,0,0,0,0,0,1084,0,160.0,162.92342834054995,93.47443794831634,256.672624964267,157.0
1785382032,0,total,S1,6.800000,0.000000,0,0,0,0,0,0,0,0,0,0,0,1084,0,2100.0,1969.108273461633,1650.9293040144257,2198.879470000975,256.0
1785382032,0,,Aggregated,13.600000,0.000000,0,0,0,0,0,0,0,0,0,0,0,2168,0,260.0,1066.0158509010914,93.47443794831634,2198.879470000975,206.5
1785382033,0,TTFT,S1,6.800000,0.000000,0,0,0,0,0,0,0,0,0,0,0,1084,0,160.0,162.92342834054995,93.47443794831634,256.672624964267,157.0
1785382033,0,total,S1,6.800000,0.000000,0,0,0,0,0,0,0,0,0,0,0,1084,0,2100.0,1969.108273461633,1650.9293040144257,2198.879470000975,256.0
1785382033,0,,Aggregated,13.600000,0.000000,0,0,0,0,0,0,0,0,0,0,0,2168,0,260.0,1066.0158509010914,93.47443794831634,2198.879470000975,206.5
1785382034,0,TTFT,S1,6.800000,0.000000,0,0,0,0,0,0,0,0,0,0,0,1084,0,160.0,162.92342834054995,93.47443794831634,256.672624964267,157.0
1785382034,0,total,S1,6.800000,0.000000,0,0,0,0,0,0,0,0,0,0,0,1084,0,2100.0,1969.108273461633,1650.9293040144257,2198.879470000975,256.0
1785382034,0,,Aggregated,13.600000,0.000000,0,0,0,0,0,0,0,0,0,0,0,2168,0,260.0,1066.0158509010914,93.47443794831634,2198.879470000975,206.5
1785382035,0,TTFT,S1,6.800000,0.000000,0,0,0,0,0,0,0,0,0,0,0,1084,0,160.0,162.92342834054995,93.47443794831634,256.672624964267,157.0
1785382035,0,total,S1,6.800000,0.000000,0,0,0,0,0,0,0,0,0,0,0,1084,0,2100.0,1969.108273461633,1650.9293040144257,2198.879470000975,256.0
1785382035,0,,Aggregated,13.600000,0.000000,0,0,0,0,0,0,0,0,0,0,0,2168,0,260.0,1066.0158509010914,93.47443794831634,2198.879470000975,206.5
1785382036,0,TTFT,S1,6.800000,0.000000,0,0,0,0,0,0,0,0,0,0,0,1084,0,160.0,162.92342834054995,93.47443794831634,256.672624964267,157.0
1785382036,0,total,S1,6.800000,0.000000,0,0,0,0,0,0,0,0,0,0,0,1084,0,2100.0,1969.108273461633,1650.9293040144257,2198.879470000975,256.0
1785382036,0,,Aggregated,13.600000,0.000000,0,0,0,0,0,0,0,0,0,0,0,2168,0,260.0,1066.0158509010914,93.47443794831634,2198.879470000975,206.5
1785382037,0,TTFT,S1,6.800000,0.000000,0,0,0,0,0,0,0,0,0,0,0,1084,0,160.0,162.92342834054995,93.47443794831634,256.672624964267,157.0
1785382037,0,total,S1,6.800000,0.000000,0,0,0,0,0,0,0,0,0,0,0,1084,0,2100.0,1969.108273461633,1650.9293040144257,2198.879470000975,256.0
1785382037,0,,Aggregated,13.600000,0.000000,0,0,0,0,0,0,0,0,0,0,0,2168,0,260.0,1066.0158509010914,93.47443794831634,2198.879470000975,206.5
1785382038,0,TTFT,S1,6.800000,0.000000,0,0,0,0,0,0,0,0,0,0,0,1084,0,160.0,162.92342834054995,93.47443794831634,256.672624964267,157.0
1785382038,0,total,S1,6.800000,0.000000,0,0,0,0,0,0,0,0,0,0,0,1084,0,2100.0,1969.108273461633,1650.9293040144257,2198.879470000975,256.0
1785382038,0,,Aggregated,13.600000,0.000000,0,0,0,0,0,0,0,0,0,0,0,2168,0,260.0,1066.0158509010914,93.47443794831634,2198.879470000975,206.5
1785382039,0,TTFT,S1,6.800000,0.000000,0,0,0,0,0,0,0,0,0,0,0,1084,0,160.0,162.92342834054995,93.47443794831634,256.672624964267,157.0
1785382039,0,total,S1,6.800000,0.000000,0,0,0,0,0,0,0,0,0,0,0,1084,0,2100.0,1969.108273461633,1650.9293040144257,2198.879470000975,256.0
1785382039,0,,Aggregated,13.600000,0.000000,0,0,0,0,0,0,0,0,0,0,0,2168,0,260.0,1066.0158509010914,93.47443794831634,2198.879470000975,206.5
1785382040,0,TTFT,S1,6.800000,0.000000,0,0,0,0,0,0,0,0,0,0,0,1084,0,160.0,162.92342834054995,93.47443794831634,256.672624964267,157.0
1785382040,0,total,S1,6.800000,0.000000,0,0,0,0,0,0,0,0,0,0,0,1084,0,2100.0,1969.108273461633,1650.9293040144257,2198.879470000975,256.0
1785382040,0,,Aggregated,13.600000,0.000000,0,0,0,0,0,0,0,0,0,0,0,2168,0,260.0,1066.0158509010914,93.47443794831634,2198.879470000975,206.5
1785382041,0,TTFT,S1,6.800000,0.000000,0,0,0,0,0,0,0,0,0,0,0,1084,0,160.0,162.92342834054995,93.47443794831634,256.672624964267,157.0
1785382041,0,total,S1,6.800000,0.000000,0,0,0,0,0,0,0,0,0,0,0,1084,0,2100.0,1969.108273461633,1650.9293040144257,2198.879470000975,256.0
1785382041,0,,Aggregated,13.600000,0.000000,0,0,0,0,0,0,0,0,0,0,0,2168,0,260.0,1066.0158509010914,93.47443794831634,2198.879470000975,206.5
1785382042,0,TTFT,S1,6.800000,0.000000,0,0,0,0,0,0,0,0,0,0,0,1084,0,160.0,162.92342834054995,93.47443794831634,256.672624964267,157.0
1785382042,0,total,S1,6.800000,0.000000,0,0,0,0,0,0,0,0,0,0,0,1084,0,2100.0,1969.108273461633,1650.9293040144257,2198.879470000975,256.0
1785382042,0,,Aggregated,13.600000,0.000000,0,0,0,0,0,0,0,0,0,0,0,2168,0,260.0,1066.0158509010914,93.47443794831634,2198.879470000975,206.5
1785382043,0,TTFT,S1,6.800000,0.000000,0,0,0,0,0,0,0,0,0,0,0,1084,0,160.0,162.92342834054995,93.47443794831634,256.672624964267,157.0
1785382043,0,total,S1,6.800000,0.000000,0,0,0,0,0,0,0,0,0,0,0,1084,0,2100.0,1969.108273461633,1650.9293040144257,2198.879470000975,256.0
1785382043,0,,Aggregated,13.600000,0.000000,0,0,0,0,0,0,0,0,0,0,0,2168,0,260.0,1066.0158509010914,93.47443794831634,2198.879470000975,206.5
1785382044,0,TTFT,S1,6.800000,0.000000,0,0,0,0,0,0,0,0,0,0,0,1084,0,160.0,162.92342834054995,93.47443794831634,256.672624964267,157.0
1785382044,0,total,S1,6.800000,0.000000,0,0,0,0,0,0,0,0,0,0,0,1084,0,2100.0,1969.108273461633,1650.9293040144257,2198.879470000975,256.0
1785382044,0,,Aggregated,13.600000,0.000000,0,0,0,0,0,0,0,0,0,0,0,2168,0,260.0,1066.0158509010914,93.47443794831634,2198.879470000975,206.5
1785382045,0,TTFT,S1,6.800000,0.000000,0,0,0,0,0,0,0,0,0,0,0,1084,0,160.0,162.92342834054995,93.47443794831634,256.672624964267,157.0
1785382045,0,total,S1,6.800000,0.000000,0,0,0,0,0,0,0,0,0,0,0,1084,0,2100.0,1969.108273461633,1650.9293040144257,2198.879470000975,256.0
1785382045,0,,Aggregated,13.600000,0.000000,0,0,0,0,0,0,0,0,0,0,0,2168,0,260.0,1066.0158509010914,93.47443794831634,2198.879470000975,206.5
1785382046,0,TTFT,S1,6.800000,0.000000,0,0,0,0,0,0,0,0,0,0,0,1084,0,160.0,162.92342834054995,93.47443794831634,256.672624964267,157.0
1785382046,0,total,S1,6.800000,0.000000,0,0,0,0,0,0,0,0,0,0,0,1084,0,2100.0,1969.108273461633,1650.9293040144257,2198.879470000975,256.0
1785382046,0,,Aggregated,13.600000,0.000000,0,0,0,0,0,0,0,0,0,0,0,2168,0,260.0,1066.0158509010914,93.47443794831634,2198.879470000975,206.5
1785382047,0,TTFT,S1,6.800000,0.000000,0,0,0,0,0,0,0,0,0,0,0,1084,0,160.0,162.92342834054995,93.47443794831634,256.672624964267,157.0
1785382047,0,total,S1,6.800000,0.000000,0,0,0,0,0,0,0,0,0,0,0,1084,0,2100.0,1969.108273461633,1650.9293040144257,2198.879470000975,256.0
1785382047,0,,Aggregated,13.600000,0.000000,0,0,0,0,0,0,0,0,0,0,0,2168,0,260.0,1066.0158509010914,93.47443794831634,2198.879470000975,206.5
1785382048,0,TTFT,S1,6.800000,0.000000,0,0,0,0,0,0,0,0,0,0,0,1084,0,160.0,162.92342834054995,93.47443794831634,256.672624964267,157.0
1785382048,0,total,S1,6.800000,0.000000,0,0,0,0,0,0,0,0,0,0,0,1084,0,2100.0,1969.108273461633,1650.9293040144257,2198.879470000975,256.0
1785382048,0,,Aggregated,13.600000,0.000000,0,0,0,0,0,0,0,0,0,0,0,2168,0,260.0,1066.0158509010914,93.47443794831634,2198.879470000975,206.5
1785382049,0,TTFT,S1,6.800000,0.000000,0,0,0,0,0,0,0,0,0,0,0,1084,0,160.0,162.92342834054995,93.47443794831634,256.672624964267,157.0
1785382049,0,total,S1,6.800000,0.000000,0,0,0,0,0,0,0,0,0,0,0,1084,0,2100.0,1969.108273461633,1650.9293040144257,2198.879470000975,256.0
1785382049,0,,Aggregated,13.600000,0.000000,0,0,0,0,0,0,0,0,0,0,0,2168,0,260.0,1066.0158509010914,93.47443794831634,2198.879470000975,206.5
1785382050,0,TTFT,S1,6.800000,0.000000,0,0,0,0,0,0,0,0,0,0,0,1084,0,160.0,162.92342834054995,93.47443794831634,256.672624964267,157.0
1785382050,0,total,S1,6.800000,0.000000,0,0,0,0,0,0,0,0,0,0,0,1084,0,2100.0,1969.108273461633,1650.9293040144257,2198.879470000975,256.0
1785382050,0,,Aggregated,13.600000,0.000000,0,0,0,0,0,0,0,0,0,0,0,2168,0,260.0,1066.0158509010914,93.47443794831634,2198.879470000975,206.5
1785382051,0,TTFT,S1,6.800000,0.000000,0,0,0,0,0,0,0,0,0,0,0,1084,0,160.0,162.92342834054995,93.47443794831634,256.672624964267,157.0
1785382051,0,total,S1,6.800000,0.000000,0,0,0,0,0,0,0,0,0,0,0,1084,0,2100.0,1969.108273461633,1650.9293040144257,2198.879470000975,256.0
1785382051,0,,Aggregated,13.600000,0.000000,0,0,0,0,0,0,0,0,0,0,0,2168,0,260.0,1066.0158509010914,93.47443794831634,2198.879470000975,206.5
1785382052,0,TTFT,S1,6.800000,0.000000,0,0,0,0,0,0,0,0,0,0,0,1084,0,160.0,162.92342834054995,93.47443794831634,256.672624964267,157.0
1785382052,0,total,S1,6.800000,0.000000,0,0,0,0,0,0,0,0,0,0,0,1084,0,2100.0,1969.108273461633,1650.9293040144257,2198.879470000975,256.0
1785382052,0,,Aggregated,13.600000,0.000000,0,0,0,0,0,0,0,0,0,0,0,2168,0,260.0,1066.0158509010914,93.47443794831634,2198.879470000975,206.5
1785382053,0,TTFT,S1,6.800000,0.000000,0,0,0,0,0,0,0,0,0,0,0,1084,0,160.0,162.92342834054995,93.47443794831634,256.672624964267,157.0
1785382053,0,total,S1,6.800000,0.000000,0,0,0,0,0,0,0,0,0,0,0,1084,0,2100.0,1969.108273461633,1650.9293040144257,2198.879470000975,256.0
1785382053,0,,Aggregated,13.600000,0.000000,0,0,0,0,0,0,0,0,0,0,0,2168,0,260.0,1066.0158509010914,93.47443794831634,2198.879470000975,206.5
1785382054,0,TTFT,S1,6.800000,0.000000,0,0,0,0,0,0,0,0,0,0,0,1084,0,160.0,162.92342834054995,93.47443794831634,256.672624964267,157.0
1785382054,0,total,S1,6.800000,0.000000,0,0,0,0,0,0,0,0,0,0,0,1084,0,2100.0,1969.108273461633,1650.9293040144257,2198.879470000975,256.0
1785382054,0,,Aggregated,13.600000,0.000000,0,0,0,0,0,0,0,0,0,0,0,2168,0,260.0,1066.0158509010914,93.47443794831634,2198.879470000975,206.5
1785382055,0,TTFT,S1,6.800000,0.000000,0,0,0,0,0,0,0,0,0,0,0,1084,0,160.0,162.92342834054995,93.47443794831634,256.672624964267,157.0
1785382055,0,total,S1,6.800000,0.000000,0,0,0,0,0,0,0,0,0,0,0,1084,0,2100.0,1969.108273461633,1650.9293040144257,2198.879470000975,256.0
1785382055,0,,Aggregated,13.600000,0.000000,0,0,0,0,0,0,0,0,0,0,0,2168,0,260.0,1066.0158509010914,93.47443794831634,2198.879470000975,206.5
1785382056,0,TTFT,S1,6.800000,0.000000,0,0,0,0,0,0,0,0,0,0,0,1084,0,160.0,162.92342834054995,93.47443794831634,256.672624964267,157.0
1785382056,0,total,S1,6.800000,0.000000,0,0,0,0,0,0,0,0,0,0,0,1084,0,2100.0,1969.108273461633,1650.9293040144257,2198.879470000975,256.0
1785382056,0,,Aggregated,13.600000,0.000000,0,0,0,0,0,0,0,0,0,0,0,2168,0,260.0,1066.0158509010914,93.47443794831634,2198.879470000975,206.5
1785382057,0,TTFT,S1,6.800000,0.000000,0,0,0,0,0,0,0,0,0,0,0,1084,0,160.0,162.92342834054995,93.47443794831634,256.672624964267,157.0
1785382057,0,total,S1,6.800000,0.000000,0,0,0,0,0,0,0,0,0,0,0,1084,0,2100.0,1969.108273461633,1650.9293040144257,2198.879470000975,256.0
1785382057,0,,Aggregated,13.600000,0.000000,0,0,0,0,0,0,0,0,0,0,0,2168,0,260.0,1066.0158509010914,93.47443794831634,2198.879470000975,206.5
1785382058,0,TTFT,S1,6.800000,0.000000,0,0,0,0,0,0,0,0,0,0,0,1084,0,160.0,162.92342834054995,93.47443794831634,256.672624964267,157.0
1785382058,0,total,S1,6.800000,0.000000,0,0,0,0,0,0,0,0,0,0,0,1084,0,2100.0,1969.108273461633,1650.9293040144257,2198.879470000975,256.0
1785382058,0,,Aggregated,13.600000,0.000000,0,0,0,0,0,0,0,0,0,0,0,2168,0,260.0,1066.0158509010914,93.47443794831634,2198.879470000975,206.5
1785382059,0,TTFT,S1,6.800000,0.000000,0,0,0,0,0,0,0,0,0,0,0,1084,0,160.0,162.92342834054995,93.47443794831634,256.672624964267,157.0
1785382059,0,total,S1,6.800000,0.000000,0,0,0,0,0,0,0,0,0,0,0,1084,0,2100.0,1969.108273461633,1650.9293040144257,2198.879470000975,256.0
1785382059,0,,Aggregated,13.600000,0.000000,0,0,0,0,0,0,0,0,0,0,0,2168,0,260.0,1066.0158509010914,93.47443794831634,2198.879470000975,206.5
1785382060,0,TTFT,S1,6.800000,0.000000,0,0,0,0,0,0,0,0,0,0,0,1084,0,160.0,162.92342834054995,93.47443794831634,256.672624964267,157.0
1785382060,0,total,S1,6.800000,0.000000,0,0,0,0,0,0,0,0,0,0,0,1084,0,2100.0,1969.108273461633,1650.9293040144257,2198.879470000975,256.0
1785382060,0,,Aggregated,13.600000,0.000000,0,0,0,0,0,0,0,0,0,0,0,2168,0,260.0,1066.0158509010914,93.47443794831634,2198.879470000975,206.5
1785382061,0,TTFT,S1,6.800000,0.000000,0,0,0,0,0,0,0,0,0,0,0,1084,0,160.0,162.92342834054995,93.47443794831634,256.672624964267,157.0
1785382061,0,total,S1,6.800000,0.000000,0,0,0,0,0,0,0,0,0,0,0,1084,0,2100.0,1969.108273461633,1650.9293040144257,2198.879470000975,256.0
1785382061,0,,Aggregated,13.600000,0.000000,0,0,0,0,0,0,0,0,0,0,0,2168,0,260.0,1066.0158509010914,93.47443794831634,2198.879470000975,206.5
1785382062,0,TTFT,S1,6.800000,0.000000,0,0,0,0,0,0,0,0,0,0,0,1084,0,160.0,162.92342834054995,93.47443794831634,256.672624964267,157.0
1785382062,0,total,S1,6.800000,0.000000,0,0,0,0,0,0,0,0,0,0,0,1084,0,2100.0,1969.108273461633,1650.9293040144257,2198.879470000975,256.0
1785382062,0,,Aggregated,13.600000,0.000000,0,0,0,0,0,0,0,0,0,0,0,2168,0,260.0,1066.0158509010914,93.47443794831634,2198.879470000975,206.5
1785382063,0,TTFT,S1,6.800000,0.000000,0,0,0,0,0,0,0,0,0,0,0,1084,0,160.0,162.92342834054995,93.47443794831634,256.672624964267,157.0
1785382063,0,total,S1,6.800000,0.000000,0,0,0,0,0,0,0,0,0,0,0,1084,0,2100.0,1969.108273461633,1650.9293040144257,2198.879470000975,256.0
1785382063,0,,Aggregated,13.600000,0.000000,0,0,0,0,0,0,0,0,0,0,0,2168,0,260.0,1066.0158509010914,93.47443794831634,2198.879470000975,206.5
1785382064,0,TTFT,S1,6.800000,0.000000,0,0,0,0,0,0,0,0,0,0,0,1084,0,160.0,162.92342834054995,93.47443794831634,256.672624964267,157.0
1785382064,0,total,S1,6.800000,0.000000,0,0,0,0,0,0,0,0,0,0,0,1084,0,2100.0,1969.108273461633,1650.9293040144257,2198.879470000975,256.0
1785382064,0,,Aggregated,13.600000,0.000000,0,0,0,0,0,0,0,0,0,0,0,2168,0,260.0,1066.0158509010914,93.47443794831634,2198.879470000975,206.5
1785382065,0,TTFT,S1,6.800000,0.000000,0,0,0,0,0,0,0,0,0,0,0,1084,0,160.0,162.92342834054995,93.47443794831634,256.672624964267,157.0
1785382065,0,total,S1,6.800000,0.000000,0,0,0,0,0,0,0,0,0,0,0,1084,0,2100.0,1969.108273461633,1650.9293040144257,2198.879470000975,256.0
1785382065,0,,Aggregated,13.600000,0.000000,0,0,0,0,0,0,0,0,0,0,0,2168,0,260.0,1066.0158509010914,93.47443794831634,2198.879470000975,206.5
1785382066,0,TTFT,S1,6.800000,0.000000,0,0,0,0,0,0,0,0,0,0,0,1084,0,160.0,162.92342834054995,93.47443794831634,256.672624964267,157.0
1785382066,0,total,S1,6.800000,0.000000,0,0,0,0,0,0,0,0,0,0,0,1084,0,2100.0,1969.108273461633,1650.9293040144257,2198.879470000975,256.0
1785382066,0,,Aggregated,13.600000,0.000000,0,0,0,0,0,0,0,0,0,0,0,2168,0,260.0,1066.0158509010914,93.47443794831634,2198.879470000975,206.5
1785382067,0,TTFT,S1,6.800000,0.000000,0,0,0,0,0,0,0,0,0,0,0,1084,0,160.0,162.92342834054995,93.47443794831634,256.672624964267,157.0
1785382067,0,total,S1,6.800000,0.000000,0,0,0,0,0,0,0,0,0,0,0,1084,0,2100.0,1969.108273461633,1650.9293040144257,2198.879470000975,256.0
1785382067,0,,Aggregated,13.600000,0.000000,0,0,0,0,0,0,0,0,0,0,0,2168,0,260.0,1066.0158509010914,93.47443794831634,2198.879470000975,206.5
1785382068,0,TTFT,S1,6.800000,0.000000,0,0,0,0,0,0,0,0,0,0,0,1084,0,160.0,162.92342834054995,93.47443794831634,256.672624964267,157.0
1785382068,0,total,S1,6.800000,0.000000,0,0,0,0,0,0,0,0,0,0,0,1084,0,2100.0,1969.108273461633,1650.9293040144257,2198.879470000975,256.0
1785382068,0,,Aggregated,13.600000,0.000000,0,0,0,0,0,0,0,0,0,0,0,2168,0,260.0,1066.0158509010914,93.47443794831634,2198.879470000975,206.5
1785382069,0,TTFT,S1,6.800000,0.000000,0,0,0,0,0,0,0,0,0,0,0,1084,0,160.0,162.92342834054995,93.47443794831634,256.672624964267,157.0
1785382069,0,total,S1,6.800000,0.000000,0,0,0,0,0,0,0,0,0,0,0,1084,0,2100.0,1969.108273461633,1650.9293040144257,2198.879470000975,256.0
1785382069,0,,Aggregated,13.600000,0.000000,0,0,0,0,0,0,0,0,0,0,0,2168,0,260.0,1066.0158509010914,93.47443794831634,2198.879470000975,206.5
1785382070,0,TTFT,S1,6.800000,0.000000,0,0,0,0,0,0,0,0,0,0,0,1084,0,160.0,162.92342834054995,93.47443794831634,256.672624964267,157.0
1785382070,0,total,S1,6.800000,0.000000,0,0,0,0,0,0,0,0,0,0,0,1084,0,2100.0,1969.108273461633,1650.9293040144257,2198.879470000975,256.0
1785382070,0,,Aggregated,13.600000,0.000000,0,0,0,0,0,0,0,0,0,0,0,2168,0,260.0,1066.0158509010914,93.47443794831634,2198.879470000975,206.5
1785382071,0,TTFT,S1,6.800000,0.000000,0,0,0,0,0,0,0,0,0,0,0,1084,0,160.0,162.92342834054995,93.47443794831634,256.672624964267,157.0
1785382071,0,total,S1,6.800000,0.000000,0,0,0,0,0,0,0,0,0,0,0,1084,0,2100.0,1969.108273461633,1650.9293040144257,2198.879470000975,256.0
1785382071,0,,Aggregated,13.600000,0.000000,0,0,0,0,0,0,0,0,0,0,0,2168,0,260.0,1066.0158509010914,93.47443794831634,2198.879470000975,206.5
1785382072,0,TTFT,S1,6.800000,0.000000,0,0,0,0,0,0,0,0,0,0,0,1084,0,160.0,162.92342834054995,93.47443794831634,256.672624964267,157.0
1785382072,0,total,S1,6.800000,0.000000,0,0,0,0,0,0,0,0,0,0,0,1084,0,2100.0,1969.108273461633,1650.9293040144257,2198.879470000975,256.0
1785382072,0,,Aggregated,13.600000,0.000000,0,0,0,0,0,0,0,0,0,0,0,2168,0,260.0,1066.0158509010914,93.47443794831634,2198.879470000975,206.5
1785382073,0,TTFT,S1,6.800000,0.000000,0,0,0,0,0,0,0,0,0,0,0,1084,0,160.0,162.92342834054995,93.47443794831634,256.672624964267,157.0
1785382073,0,total,S1,6.800000,0.000000,0,0,0,0,0,0,0,0,0,0,0,1084,0,2100.0,1969.108273461633,1650.9293040144257,2198.879470000975,256.0
1785382073,0,,Aggregated,13.600000,0.000000,0,0,0,0,0,0,0,0,0,0,0,2168,0,260.0,1066.0158509010914,93.47443794831634,2198.879470000975,206.5
1785382074,0,TTFT,S1,6.800000,0.000000,0,0,0,0,0,0,0,0,0,0,0,1084,0,160.0,162.92342834054995,93.47443794831634,256.672624964267,157.0
1785382074,0,total,S1,6.800000,0.000000,0,0,0,0,0,0,0,0,0,0,0,1084,0,2100.0,1969.108273461633,1650.9293040144257,2198.879470000975,256.0
1785382074,0,,Aggregated,13.600000,0.000000,0,0,0,0,0,0,0,0,0,0,0,2168,0,260.0,1066.0158509010914,93.47443794831634,2198.879470000975,206.5
1785382075,0,TTFT,S1,6.800000,0.000000,0,0,0,0,0,0,0,0,0,0,0,1084,0,160.0,162.92342834054995,93.47443794831634,256.672624964267,157.0
1785382075,0,total,S1,6.800000,0.000000,0,0,0,0,0,0,0,0,0,0,0,1084,0,2100.0,1969.108273461633,1650.9293040144257,2198.879470000975,256.0
1785382075,0,,Aggregated,13.600000,0.000000,0,0,0,0,0,0,0,0,0,0,0,2168,0,260.0,1066.0158509010914,93.47443794831634,2198.879470000975,206.5
1785382076,0,TTFT,S1,6.800000,0.000000,0,0,0,0,0,0,0,0,0,0,0,1084,0,160.0,162.92342834054995,93.47443794831634,256.672624964267,157.0
1785382076,0,total,S1,6.800000,0.000000,0,0,0,0,0,0,0,0,0,0,0,1084,0,2100.0,1969.108273461633,1650.9293040144257,2198.879470000975,256.0
1785382076,0,,Aggregated,13.600000,0.000000,0,0,0,0,0,0,0,0,0,0,0,2168,0,260.0,1066.0158509010914,93.47443794831634,2198.879470000975,206.5
1785382077,0,TTFT,S1,6.800000,0.000000,0,0,0,0,0,0,0,0,0,0,0,1084,0,160.0,162.92342834054995,93.47443794831634,256.672624964267,157.0
1785382077,0,total,S1,6.800000,0.000000,0,0,0,0,0,0,0,0,0,0,0,1084,0,2100.0,1969.108273461633,1650.9293040144257,2198.879470000975,256.0
1785382077,0,,Aggregated,13.600000,0.000000,0,0,0,0,0,0,0,0,0,0,0,2168,0,260.0,1066.0158509010914,93.47443794831634,2198.879470000975,206.5
1785382078,0,TTFT,S1,6.800000,0.000000,0,0,0,0,0,0,0,0,0,0,0,1084,0,160.0,162.92342834054995,93.47443794831634,256.672624964267,157.0
1785382078,0,total,S1,6.800000,0.000000,0,0,0,0,0,0,0,0,0,0,0,1084,0,2100.0,1969.108273461633,1650.9293040144257,2198.879470000975,256.0
1785382078,0,,Aggregated,13.600000,0.000000,0,0,0,0,0,0,0,0,0,0,0,2168,0,260.0,1066.0158509010914,93.47443794831634,2198.879470000975,206.5
1785382079,0,TTFT,S1,6.800000,0.000000,0,0,0,0,0,0,0,0,0,0,0,1084,0,160.0,162.92342834054995,93.47443794831634,256.672624964267,157.0
1785382079,0,total,S1,6.800000,0.000000,0,0,0,0,0,0,0,0,0,0,0,1084,0,2100.0,1969.108273461633,1650.9293040144257,2198.879470000975,256.0
1785382079,0,,Aggregated,13.600000,0.000000,0,0,0,0,0,0,0,0,0,0,0,2168,0,260.0,1066.0158509010914,93.47443794831634,2198.879470000975,206.5
1785382080,0,TTFT,S1,6.800000,0.000000,0,0,0,0,0,0,0,0,0,0,0,1084,0,160.0,162.92342834054995,93.47443794831634,256.672624964267,157.0
1785382080,0,total,S1,6.800000,0.000000,0,0,0,0,0,0,0,0,0,0,0,1084,0,2100.0,1969.108273461633,1650.9293040144257,2198.879470000975,256.0
1785382080,0,,Aggregated,13.600000,0.000000,0,0,0,0,0,0,0,0,0,0,0,2168,0,260.0,1066.0158509010914,93.47443794831634,2198.879470000975,206.5
1785382081,0,TTFT,S1,6.800000,0.000000,0,0,0,0,0,0,0,0,0,0,0,1084,0,160.0,162.92342834054995,93.47443794831634,256.672624964267,157.0
1785382081,0,total,S1,6.800000,0.000000,0,0,0,0,0,0,0,0,0,0,0,1084,0,2100.0,1969.108273461633,1650.9293040144257,2198.879470000975,256.0
1785382081,0,,Aggregated,13.600000,0.000000,0,0,0,0,0,0,0,0,0,0,0,2168,0,260.0,1066.0158509010914,93.47443794831634,2198.879470000975,206.5
1785382082,0,TTFT,S1,6.800000,0.000000,0,0,0,0,0,0,0,0,0,0,0,1084,0,160.0,162.92342834054995,93.47443794831634,256.672624964267,157.0
1785382082,0,total,S1,6.800000,0.000000,0,0,0,0,0,0,0,0,0,0,0,1084,0,2100.0,1969.108273461633,1650.9293040144257,2198.879470000975,256.0
1785382082,0,,Aggregated,13.600000,0.000000,0,0,0,0,0,0,0,0,0,0,0,2168,0,260.0,1066.0158509010914,93.47443794831634,2198.879470000975,206.5
1785382083,0,TTFT,S1,6.800000,0.000000,0,0,0,0,0,0,0,0,0,0,0,1084,0,160.0,162.92342834054995,93.47443794831634,256.672624964267,157.0
1785382083,0,total,S1,6.800000,0.000000,0,0,0,0,0,0,0,0,0,0,0,1084,0,2100.0,1969.108273461633,1650.9293040144257,2198.879470000975,256.0
1785382083,0,,Aggregated,13.600000,0.000000,0,0,0,0,0,0,0,0,0,0,0,2168,0,260.0,1066.0158509010914,93.47443794831634,2198.879470000975,206.5
1785382084,0,TTFT,S1,6.800000,0.000000,0,0,0,0,0,0,0,0,0,0,0,1084,0,160.0,162.92342834054995,93.47443794831634,256.672624964267,157.0
1785382084,0,total,S1,6.800000,0.000000,0,0,0,0,0,0,0,0,0,0,0,1084,0,2100.0,1969.108273461633,1650.9293040144257,2198.879470000975,256.0
1785382084,0,,Aggregated,13.600000,0.000000,0,0,0,0,0,0,0,0,0,0,0,2168,0,260.0,1066.0158509010914,93.47443794831634,2198.879470000975,206.5
1785382085,0,TTFT,S1,6.800000,0.000000,0,0,0,0,0,0,0,0,0,0,0,1084,0,160.0,162.92342834054995,93.47443794831634,256.672624964267,157.0
1785382085,0,total,S1,6.800000,0.000000,0,0,0,0,0,0,0,0,0,0,0,1084,0,2100.0,1969.108273461633,1650.9293040144257,2198.879470000975,256.0
1785382085,0,,Aggregated,13.600000,0.000000,0,0,0,0,0,0,0,0,0,0,0,2168,0,260.0,1066.0158509010914,93.47443794831634,2198.879470000975,206.5
1785382086,0,TTFT,S1,6.800000,0.000000,0,0,0,0,0,0,0,0,0,0,0,1084,0,160.0,162.92342834054995,93.47443794831634,256.672624964267,157.0
1785382086,0,total,S1,6.800000,0.000000,0,0,0,0,0,0,0,0,0,0,0,1084,0,2100.0,1969.108273461633,1650.9293040144257,2198.879470000975,256.0
1785382086,0,,Aggregated,13.600000,0.000000,0,0,0,0,0,0,0,0,0,0,0,2168,0,260.0,1066.0158509010914,93.47443794831634,2198.879470000975,206.5
1785382087,0,TTFT,S1,6.800000,0.000000,0,0,0,0,0,0,0,0,0,0,0,1084,0,160.0,162.92342834054995,93.47443794831634,256.672624964267,157.0
1785382087,0,total,S1,6.800000,0.000000,0,0,0,0,0,0,0,0,0,0,0,1084,0,2100.0,1969.108273461633,1650.9293040144257,2198.879470000975,256.0
1785382087,0,,Aggregated,13.600000,0.000000,0,0,0,0,0,0,0,0,0,0,0,2168,0,260.0,1066.0158509010914,93.47443794831634,2198.879470000975,206.5
1785382088,0,TTFT,S1,6.800000,0.000000,0,0,0,0,0,0,0,0,0,0,0,1084,0,160.0,162.92342834054995,93.47443794831634,256.672624964267,157.0
1785382088,0,total,S1,6.800000,0.000000,0,0,0,0,0,0,0,0,0,0,0,1084,0,2100.0,1969.108273461633,1650.9293040144257,2198.879470000975,256.0
1785382088,0,,Aggregated,13.600000,0.000000,0,0,0,0,0,0,0,0,0,0,0,2168,0,260.0,1066.0158509010914,93.47443794831634,2198.879470000975,206.5
1785382089,0,TTFT,S1,6.800000,0.000000,0,0,0,0,0,0,0,0,0,0,0,1084,0,160.0,162.92342834054995,93.47443794831634,256.672624964267,157.0
1785382089,0,total,S1,6.800000,0.000000,0,0,0,0,0,0,0,0,0,0,0,1084,0,2100.0,1969.108273461633,1650.9293040144257,2198.879470000975,256.0
1785382089,0,,Aggregated,13.600000,0.000000,0,0,0,0,0,0,0,0,0,0,0,2168,0,260.0,1066.0158509010914,93.47443794831634,2198.879470000975,206.5
1785382090,0,TTFT,S1,6.800000,0.000000,0,0,0,0,0,0,0,0,0,0,0,1084,0,160.0,162.92342834054995,93.47443794831634,256.672624964267,157.0
1785382090,0,total,S1,6.800000,0.000000,0,0,0,0,0,0,0,0,0,0,0,1084,0,2100.0,1969.108273461633,1650.9293040144257,2198.879470000975,256.0
1785382090,0,,Aggregated,13.600000,0.000000,0,0,0,0,0,0,0,0,0,0,0,2168,0,260.0,1066.0158509010914,93.47443794831634,2198.879470000975,206.5
1785382091,0,TTFT,S1,6.800000,0.000000,0,0,0,0,0,0,0,0,0,0,0,1084,0,160.0,162.92342834054995,93.47443794831634,256.672624964267,157.0
1785382091,0,total,S1,6.800000,0.000000,0,0,0,0,0,0,0,0,0,0,0,1084,0,2100.0,1969.108273461633,1650.9293040144257,2198.879470000975,256.0
1785382091,0,,Aggregated,13.600000,0.000000,0,0,0,0,0,0,0,0,0,0,0,2168,0,260.0,1066.0158509010914,93.47443794831634,2198.879470000975,206.5
1785382092,0,TTFT,S1,6.800000,0.000000,0,0,0,0,0,0,0,0,0,0,0,1084,0,160.0,162.92342834054995,93.47443794831634,256.672624964267,157.0
1785382092,0,total,S1,6.800000,0.000000,0,0,0,0,0,0,0,0,0,0,0,1084,0,2100.0,1969.108273461633,1650.9293040144257,2198.879470000975,256.0
1785382092,0,,Aggregated,13.600000,0.000000,0,0,0,0,0,0,0,0,0,0,0,2168,0,260.0,1066.0158509010914,93.47443794831634,2198.879470000975,206.5
1785382093,0,TTFT,S1,6.800000,0.000000,0,0,0,0,0,0,0,0,0,0,0,1084,0,160.0,162.92342834054995,93.47443794831634,256.672624964267,157.0
1785382093,0,total,S1,6.800000,0.000000,0,0,0,0,0,0,0,0,0,0,0,1084,0,2100.0,1969.108273461633,1650.9293040144257,2198.879470000975,256.0
1785382093,0,,Aggregated,13.600000,0.000000,0,0,0,0,0,0,0,0,0,0,0,2168,0,260.0,1066.0158509010914,93.47443794831634,2198.879470000975,206.5
1785382094,0,TTFT,S1,6.800000,0.000000,0,0,0,0,0,0,0,0,0,0,0,1084,0,160.0,162.92342834054995,93.47443794831634,256.672624964267,157.0
1785382094,0,total,S1,6.800000,0.000000,0,0,0,0,0,0,0,0,0,0,0,1084,0,2100.0,1969.108273461633,1650.9293040144257,2198.879470000975,256.0
1785382094,0,,Aggregated,13.600000,0.000000,0,0,0,0,0,0,0,0,0,0,0,2168,0,260.0,1066.0158509010914,93.47443794831634,2198.879470000975,206.5
1785382095,0,TTFT,S1,6.800000,0.000000,0,0,0,0,0,0,0,0,0,0,0,1084,0,160.0,162.92342834054995,93.47443794831634,256.672624964267,157.0
1785382095,0,total,S1,6.800000,0.000000,0,0,0,0,0,0,0,0,0,0,0,1084,0,2100.0,1969.108273461633,1650.9293040144257,2198.879470000975,256.0
1785382095,0,,Aggregated,13.600000,0.000000,0,0,0,0,0,0,0,0,0,0,0,2168,0,260.0,1066.0158509010914,93.47443794831634,2198.879470000975,206.5
1785382096,0,TTFT,S1,6.800000,0.000000,0,0,0,0,0,0,0,0,0,0,0,1084,0,160.0,162.92342834054995,93.47443794831634,256.672624964267,157.0
1785382096,0,total,S1,6.800000,0.000000,0,0,0,0,0,0,0,0,0,0,0,1084,0,2100.0,1969.108273461633,1650.9293040144257,2198.879470000975,256.0
1785382096,0,,Aggregated,13.600000,0.000000,0,0,0,0,0,0,0,0,0,0,0,2168,0,260.0,1066.0158509010914,93.47443794831634,2198.879470000975,206.5
1785382097,0,TTFT,S1,6.800000,0.000000,0,0,0,0,0,0,0,0,0,0,0,1084,0,160.0,162.92342834054995,93.47443794831634,256.672624964267,157.0
1785382097,0,total,S1,6.800000,0.000000,0,0,0,0,0,0,0,0,0,0,0,1084,0,2100.0,1969.108273461633,1650.9293040144257,2198.879470000975,256.0
1785382097,0,,Aggregated,13.600000,0.000000,0,0,0,0,0,0,0,0,0,0,0,2168,0,260.0,1066.0158509010914,93.47443794831634,2198.879470000975,206.5
1785382098,0,TTFT,S1,6.800000,0.000000,0,0,0,0,0,0,0,0,0,0,0,1084,0,160.0,162.92342834054995,93.47443794831634,256.672624964267,157.0
1785382098,0,total,S1,6.800000,0.000000,0,0,0,0,0,0,0,0,0,0,0,1084,0,2100.0,1969.108273461633,1650.9293040144257,2198.879470000975,256.0
1785382098,0,,Aggregated,13.600000,0.000000,0,0,0,0,0,0,0,0,0,0,0,2168,0,260.0,1066.0158509010914,93.47443794831634,2198.879470000975,206.5
1785382099,0,TTFT,S1,6.800000,0.000000,0,0,0,0,0,0,0,0,0,0,0,1084,0,160.0,162.92342834054995,93.47443794831634,256.672624964267,157.0
1785382099,0,total,S1,6.800000,0.000000,0,0,0,0,0,0,0,0,0,0,0,1084,0,2100.0,1969.108273461633,1650.9293040144257,2198.879470000975,256.0
1785382099,0,,Aggregated,13.600000,0.000000,0,0,0,0,0,0,0,0,0,0,0,2168,0,260.0,1066.0158509010914,93.47443794831634,2198.879470000975,206.5
1785382100,0,TTFT,S1,6.800000,0.000000,0,0,0,0,0,0,0,0,0,0,0,1084,0,160.0,162.92342834054995,93.47443794831634,256.672624964267,157.0
1785382100,0,total,S1,6.800000,0.000000,0,0,0,0,0,0,0,0,0,0,0,1084,0,2100.0,1969.108273461633,1650.9293040144257,2198.879470000975,256.0
1785382100,0,,Aggregated,13.600000,0.000000,0,0,0,0,0,0,0,0,0,0,0,2168,0,260.0,1066.0158509010914,93.47443794831634,2198.879470000975,206.5
1785382101,0,TTFT,S1,6.800000,0.000000,0,0,0,0,0,0,0,0,0,0,0,1084,0,160.0,162.92342834054995,93.47443794831634,256.672624964267,157.0
1785382101,0,total,S1,6.800000,0.000000,0,0,0,0,0,0,0,0,0,0,0,1084,0,2100.0,1969.108273461633,1650.9293040144257,2198.879470000975,256.0
1785382101,0,,Aggregated,13.600000,0.000000,0,0,0,0,0,0,0,0,0,0,0,2168,0,260.0,1066.0158509010914,93.47443794831634,2198.879470000975,206.5
1785382102,0,TTFT,S1,6.800000,0.000000,0,0,0,0,0,0,0,0,0,0,0,1084,0,160.0,162.92342834054995,93.47443794831634,256.672624964267,157.0
1785382102,0,total,S1,6.800000,0.000000,0,0,0,0,0,0,0,0,0,0,0,1084,0,2100.0,1969.108273461633,1650.9293040144257,2198.879470000975,256.0
1785382102,0,,Aggregated,13.600000,0.000000,0,0,0,0,0,0,0,0,0,0,0,2168,0,260.0,1066.0158509010914,93.47443794831634,2198.879470000975,206.5
1785382103,0,TTFT,S1,6.800000,0.000000,0,0,0,0,0,0,0,0,0,0,0,1084,0,160.0,162.92342834054995,93.47443794831634,256.672624964267,157.0
1785382103,0,total,S1,6.800000,0.000000,0,0,0,0,0,0,0,0,0,0,0,1084,0,2100.0,1969.108273461633,1650.9293040144257,2198.879470000975,256.0
1785382103,0,,Aggregated,13.600000,0.000000,0,0,0,0,0,0,0,0,0,0,0,2168,0,260.0,1066.0158509010914,93.47443794831634,2198.879470000975,206.5
1785382104,0,TTFT,S1,6.800000,0.000000,0,0,0,0,0,0,0,0,0,0,0,1084,0,160.0,162.92342834054995,93.47443794831634,256.672624964267,157.0
1785382104,0,total,S1,6.800000,0.000000,0,0,0,0,0,0,0,0,0,0,0,1084,0,2100.0,1969.108273461633,1650.9293040144257,2198.879470000975,256.0
1785382104,0,,Aggregated,13.600000,0.000000,0,0,0,0,0,0,0,0,0,0,0,2168,0,260.0,1066.0158509010914,93.47443794831634,2198.879470000975,206.5
1785382105,0,TTFT,S1,6.800000,0.000000,0,0,0,0,0,0,0,0,0,0,0,1084,0,160.0,162.92342834054995,93.47443794831634,256.672624964267,157.0
1785382105,0,total,S1,6.800000,0.000000,0,0,0,0,0,0,0,0,0,0,0,1084,0,2100.0,1969.108273461633,1650.9293040144257,2198.879470000975,256.0
1785382105,0,,Aggregated,13.600000,0.000000,0,0,0,0,0,0,0,0,0,0,0,2168,0,260.0,1066.0158509010914,93.47443794831634,2198.879470000975,206.5
1785382106,0,TTFT,S1,6.800000,0.000000,0,0,0,0,0,0,0,0,0,0,0,1084,0,160.0,162.92342834054995,93.47443794831634,256.672624964267,157.0
1785382106,0,total,S1,6.800000,0.000000,0,0,0,0,0,0,0,0,0,0,0,1084,0,2100.0,1969.108273461633,1650.9293040144257,2198.879470000975,256.0
1785382106,0,,Aggregated,13.600000,0.000000,0,0,0,0,0,0,0,0,0,0,0,2168,0,260.0,1066.0158509010914,93.47443794831634,2198.879470000975,206.5
1785382107,0,TTFT,S1,6.800000,0.000000,0,0,0,0,0,0,0,0,0,0,0,1084,0,160.0,162.92342834054995,93.47443794831634,256.672624964267,157.0
1785382107,0,total,S1,6.800000,0.000000,0,0,0,0,0,0,0,0,0,0,0,1084,0,2100.0,1969.108273461633,1650.9293040144257,2198.879470000975,256.0
1785382107,0,,Aggregated,13.600000,0.000000,0,0,0,0,0,0,0,0,0,0,0,2168,0,260.0,1066.0158509010914,93.47443794831634,2198.879470000975,206.5
1785382108,0,TTFT,S1,6.800000,0.000000,0,0,0,0,0,0,0,0,0,0,0,1084,0,160.0,162.92342834054995,93.47443794831634,256.672624964267,157.0
1785382108,0,total,S1,6.800000,0.000000,0,0,0,0,0,0,0,0,0,0,0,1084,0,2100.0,1969.108273461633,1650.9293040144257,2198.879470000975,256.0
1785382108,0,,Aggregated,13.600000,0.000000,0,0,0,0,0,0,0,0,0,0,0,2168,0,260.0,1066.0158509010914,93.47443794831634,2198.879470000975,206.5
1785382109,0,TTFT,S1,6.800000,0.000000,0,0,0,0,0,0,0,0,0,0,0,1084,0,160.0,162.92342834054995,93.47443794831634,256.672624964267,157.0
1785382109,0,total,S1,6.800000,0.000000,0,0,0,0,0,0,0,0,0,0,0,1084,0,2100.0,1969.108273461633,1650.9293040144257,2198.879470000975,256.0
1785382109,0,,Aggregated,13.600000,0.000000,0,0,0,0,0,0,0,0,0,0,0,2168,0,260.0,1066.0158509010914,93.47443794831634,2198.879470000975,206.5
1785382110,0,TTFT,S1,6.800000,0.000000,0,0,0,0,0,0,0,0,0,0,0,1084,0,160.0,162.92342834054995,93.47443794831634,256.672624964267,157.0
1785382110,0,total,S1,6.800000,0.000000,0,0,0,0,0,0,0,0,0,0,0,1084,0,2100.0,1969.108273461633,1650.9293040144257,2198.879470000975,256.0
1785382110,0,,Aggregated,13.600000,0.000000,0,0,0,0,0,0,0,0,0,0,0,2168,0,260.0,1066.0158509010914,93.47443794831634,2198.879470000975,206.5
1785382111,0,TTFT,S1,6.800000,0.000000,0,0,0,0,0,0,0,0,0,0,0,1084,0,160.0,162.92342834054995,93.47443794831634,256.672624964267,157.0
1785382111,0,total,S1,6.800000,0.000000,0,0,0,0,0,0,0,0,0,0,0,1084,0,2100.0,1969.108273461633,1650.9293040144257,2198.879470000975,256.0
1785382111,0,,Aggregated,13.600000,0.000000,0,0,0,0,0,0,0,0,0,0,0,2168,0,260.0,1066.0158509010914,93.47443794831634,2198.879470000975,206.5
1785382112,0,TTFT,S1,6.800000,0.000000,0,0,0,0,0,0,0,0,0,0,0,1084,0,160.0,162.92342834054995,93.47443794831634,256.672624964267,157.0
1785382112,0,total,S1,6.800000,0.000000,0,0,0,0,0,0,0,0,0,0,0,1084,0,2100.0,1969.108273461633,1650.9293040144257,2198.879470000975,256.0
1785382112,0,,Aggregated,13.600000,0.000000,0,0,0,0,0,0,0,0,0,0,0,2168,0,260.0,1066.0158509010914,93.47443794831634,2198.879470000975,206.5
1785382113,0,TTFT,S1,6.800000,0.000000,0,0,0,0,0,0,0,0,0,0,0,1084,0,160.0,162.92342834054995,93.47443794831634,256.672624964267,157.0
1785382113,0,total,S1,6.800000,0.000000,0,0,0,0,0,0,0,0,0,0,0,1084,0,2100.0,1969.108273461633,1650.9293040144257,2198.879470000975,256.0
1785382113,0,,Aggregated,13.600000,0.000000,0,0,0,0,0,0,0,0,0,0,0,2168,0,260.0,1066.0158509010914,93.47443794831634,2198.879470000975,206.5
1785382114,0,TTFT,S1,6.800000,0.000000,0,0,0,0,0,0,0,0,0,0,0,1084,0,160.0,162.92342834054995,93.47443794831634,256.672624964267,157.0
1785382114,0,total,S1,6.800000,0.000000,0,0,0,0,0,0,0,0,0,0,0,1084,0,2100.0,1969.108273461633,1650.9293040144257,2198.879470000975,256.0
1785382114,0,,Aggregated,13.600000,0.000000,0,0,0,0,0,0,0,0,0,0,0,2168,0,260.0,1066.0158509010914,93.47443794831634,2198.879470000975,206.5
1785382115,0,TTFT,S1,6.800000,0.000000,0,0,0,0,0,0,0,0,0,0,0,1084,0,160.0,162.92342834054995,93.47443794831634,256.672624964267,157.0
1785382115,0,total,S1,6.800000,0.000000,0,0,0,0,0,0,0,0,0,0,0,1084,0,2100.0,1969.108273461633,1650.9293040144257,2198.879470000975,256.0
1785382115,0,,Aggregated,13.600000,0.000000,0,0,0,0,0,0,0,0,0,0,0,2168,0,260.0,1066.0158509010914,93.47443794831634,2198.879470000975,206.5
1785382116,0,TTFT,S1,6.800000,0.000000,0,0,0,0,0,0,0,0,0,0,0,1084,0,160.0,162.92342834054995,93.47443794831634,256.672624964267,157.0
1785382116,0,total,S1,6.800000,0.000000,0,0,0,0,0,0,0,0,0,0,0,1084,0,2100.0,1969.108273461633,1650.9293040144257,2198.879470000975,256.0
1785382116,0,,Aggregated,13.600000,0.000000,0,0,0,0,0,0,0,0,0,0,0,2168,0,260.0,1066.0158509010914,93.47443794831634,2198.879470000975,206.5
1785382117,0,TTFT,S1,6.800000,0.000000,0,0,0,0,0,0,0,0,0,0,0,1084,0,160.0,162.92342834054995,93.47443794831634,256.672624964267,157.0
1785382117,0,total,S1,6.800000,0.000000,0,0,0,0,0,0,0,0,0,0,0,1084,0,2100.0,1969.108273461633,1650.9293040144257,2198.879470000975,256.0
1785382117,0,,Aggregated,13.600000,0.000000,0,0,0,0,0,0,0,0,0,0,0,2168,0,260.0,1066.0158509010914,93.47443794831634,2198.879470000975,206.5
1785382118,0,TTFT,S1,6.800000,0.000000,0,0,0,0,0,0,0,0,0,0,0,1084,0,160.0,162.92342834054995,93.47443794831634,256.672624964267,157.0
1785382118,0,total,S1,6.800000,0.000000,0,0,0,0,0,0,0,0,0,0,0,1084,0,2100.0,1969.108273461633,1650.9293040144257,2198.879470000975,256.0
1785382118,0,,Aggregated,13.600000,0.000000,0,0,0,0,0,0,0,0,0,0,0,2168,0,260.0,1066.0158509010914,93.47443794831634,2198.879470000975,206.5
1785382119,0,TTFT,S1,6.800000,0.000000,0,0,0,0,0,0,0,0,0,0,0,1084,0,160.0,162.92342834054995,93.47443794831634,256.672624964267,157.0
1785382119,0,total,S1,6.800000,0.000000,0,0,0,0,0,0,0,0,0,0,0,1084,0,2100.0,1969.108273461633,1650.9293040144257,2198.879470000975,256.0
1785382119,0,,Aggregated,13.600000,0.000000,0,0,0,0,0,0,0,0,0,0,0,2168,0,260.0,1066.0158509010914,93.47443794831634,2198.879470000975,206.5
1785382120,0,TTFT,S1,6.800000,0.000000,0,0,0,0,0,0,0,0,0,0,0,1084,0,160.0,162.92342834054995,93.47443794831634,256.672624964267,157.0
1785382120,0,total,S1,6.800000,0.000000,0,0,0,0,0,0,0,0,0,0,0,1084,0,2100.0,1969.108273461633,1650.9293040144257,2198.879470000975,256.0
1785382120,0,,Aggregated,13.600000,0.000000,0,0,0,0,0,0,0,0,0,0,0,2168,0,260.0,1066.0158509010914,93.47443794831634,2198.879470000975,206.5
1785382121,0,TTFT,S1,6.800000,0.000000,0,0,0,0,0,0,0,0,0,0,0,1084,0,160.0,162.92342834054995,93.47443794831634,256.672624964267,157.0
1785382121,0,total,S1,6.800000,0.000000,0,0,0,0,0,0,0,0,0,0,0,1084,0,2100.0,1969.108273461633,1650.9293040144257,2198.879470000975,256.0
1785382121,0,,Aggregated,13.600000,0.000000,0,0,0,0,0,0,0,0,0,0,0,2168,0,260.0,1066.0158509010914,93.47443794831634,2198.879470000975,206.5
1785382122,0,TTFT,S1,6.800000,0.000000,0,0,0,0,0,0,0,0,0,0,0,1084,0,160.0,162.92342834054995,93.47443794831634,256.672624964267,157.0
1785382122,0,total,S1,6.800000,0.000000,0,0,0,0,0,0,0,0,0,0,0,1084,0,2100.0,1969.108273461633,1650.9293040144257,2198.879470000975,256.0
1785382122,0,,Aggregated,13.600000,0.000000,0,0,0,0,0,0,0,0,0,0,0,2168,0,260.0,1066.0158509010914,93.47443794831634,2198.879470000975,206.5
1785382123,0,TTFT,S1,6.800000,0.000000,0,0,0,0,0,0,0,0,0,0,0,1084,0,160.0,162.92342834054995,93.47443794831634,256.672624964267,157.0
1785382123,0,total,S1,6.800000,0.000000,0,0,0,0,0,0,0,0,0,0,0,1084,0,2100.0,1969.108273461633,1650.9293040144257,2198.879470000975,256.0
1785382123,0,,Aggregated,13.600000,0.000000,0,0,0,0,0,0,0,0,0,0,0,2168,0,260.0,1066.0158509010914,93.47443794831634,2198.879470000975,206.5
1785382124,0,TTFT,S1,6.800000,0.000000,0,0,0,0,0,0,0,0,0,0,0,1084,0,160.0,162.92342834054995,93.47443794831634,256.672624964267,157.0
1785382124,0,total,S1,6.800000,0.000000,0,0,0,0,0,0,0,0,0,0,0,1084,0,2100.0,1969.108273461633,1650.9293040144257,2198.879470000975,256.0
1785382124,0,,Aggregated,13.600000,0.000000,0,0,0,0,0,0,0,0,0,0,0,2168,0,260.0,1066.0158509010914,93.47443794831634,2198.879470000975,206.5
1785382125,0,TTFT,S1,6.800000,0.000000,0,0,0,0,0,0,0,0,0,0,0,1084,0,160.0,162.92342834054995,93.47443794831634,256.672624964267,157.0
1785382125,0,total,S1,6.800000,0.000000,0,0,0,0,0,0,0,0,0,0,0,1084,0,2100.0,1969.108273461633,1650.9293040144257,2198.879470000975,256.0
1785382125,0,,Aggregated,13.600000,0.000000,0,0,0,0,0,0,0,0,0,0,0,2168,0,260.0,1066.0158509010914,93.47443794831634,2198.879470000975,206.5
1785382126,0,TTFT,S1,6.800000,0.000000,0,0,0,0,0,0,0,0,0,0,0,1084,0,160.0,162.92342834054995,93.47443794831634,256.672624964267,157.0
1785382126,0,total,S1,6.800000,0.000000,0,0,0,0,0,0,0,0,0,0,0,1084,0,2100.0,1969.108273461633,1650.9293040144257,2198.879470000975,256.0
1785382126,0,,Aggregated,13.600000,0.000000,0,0,0,0,0,0,0,0,0,0,0,2168,0,260.0,1066.0158509010914,93.47443794831634,2198.879470000975,206.5
1785382127,0,TTFT,S1,6.800000,0.000000,0,0,0,0,0,0,0,0,0,0,0,1084,0,160.0,162.92342834054995,93.47443794831634,256.672624964267,157.0
1785382127,0,total,S1,6.800000,0.000000,0,0,0,0,0,0,0,0,0,0,0,1084,0,2100.0,1969.108273461633,1650.9293040144257,2198.879470000975,256.0
1785382127,0,,Aggregated,13.600000,0.000000,0,0,0,0,0,0,0,0,0,0,0,2168,0,260.0,1066.0158509010914,93.47443794831634,2198.879470000975,206.5
1785382128,0,TTFT,S1,6.800000,0.000000,0,0,0,0,0,0,0,0,0,0,0,1084,0,160.0,162.92342834054995,93.47443794831634,256.672624964267,157.0
1785382128,0,total,S1,6.800000,0.000000,0,0,0,0,0,0,0,0,0,0,0,1084,0,2100.0,1969.108273461633,1650.9293040144257,2198.879470000975,256.0
1785382128,0,,Aggregated,13.600000,0.000000,0,0,0,0,0,0,0,0,0,0,0,2168,0,260.0,1066.0158509010914,93.47443794831634,2198.879470000975,206.5
1785382129,0,TTFT,S1,6.800000,0.000000,0,0,0,0,0,0,0,0,0,0,0,1084,0,160.0,162.92342834054995,93.47443794831634,256.672624964267,157.0
1785382129,0,total,S1,6.800000,0.000000,0,0,0,0,0,0,0,0,0,0,0,1084,0,2100.0,1969.108273461633,1650.9293040144257,2198.879470000975,256.0
1785382129,0,,Aggregated,13.600000,0.000000,0,0,0,0,0,0,0,0,0,0,0,2168,0,260.0,1066.0158509010914,93.47443794831634,2198.879470000975,206.5
1785382130,0,TTFT,S1,6.800000,0.000000,0,0,0,0,0,0,0,0,0,0,0,1084,0,160.0,162.92342834054995,93.47443794831634,256.672624964267,157.0
1785382130,0,total,S1,6.800000,0.000000,0,0,0,0,0,0,0,0,0,0,0,1084,0,2100.0,1969.108273461633,1650.9293040144257,2198.879470000975,256.0
1785382130,0,,Aggregated,13.600000,0.000000,0,0,0,0,0,0,0,0,0,0,0,2168,0,260.0,1066.0158509010914,93.47443794831634,2198.879470000975,206.5
1785382131,0,TTFT,S1,6.800000,0.000000,0,0,0,0,0,0,0,0,0,0,0,1084,0,160.0,162.92342834054995,93.47443794831634,256.672624964267,157.0
1785382131,0,total,S1,6.800000,0.000000,0,0,0,0,0,0,0,0,0,0,0,1084,0,2100.0,1969.108273461633,1650.9293040144257,2198.879470000975,256.0
1785382131,0,,Aggregated,13.600000,0.000000,0,0,0,0,0,0,0,0,0,0,0,2168,0,260.0,1066.0158509010914,93.47443794831634,2198.879470000975,206.5
1785382132,0,TTFT,S1,6.800000,0.000000,0,0,0,0,0,0,0,0,0,0,0,1084,0,160.0,162.92342834054995,93.47443794831634,256.672624964267,157.0
1785382132,0,total,S1,6.800000,0.000000,0,0,0,0,0,0,0,0,0,0,0,1084,0,2100.0,1969.108273461633,1650.9293040144257,2198.879470000975,256.0
1785382132,0,,Aggregated,13.600000,0.000000,0,0,0,0,0,0,0,0,0,0,0,2168,0,260.0,1066.0158509010914,93.47443794831634,2198.879470000975,206.5
1785382133,0,TTFT,S1,6.800000,0.000000,0,0,0,0,0,0,0,0,0,0,0,1084,0,160.0,162.92342834054995,93.47443794831634,256.672624964267,157.0
1785382133,0,total,S1,6.800000,0.000000,0,0,0,0,0,0,0,0,0,0,0,1084,0,2100.0,1969.108273461633,1650.9293040144257,2198.879470000975,256.0
1785382133,0,,Aggregated,13.600000,0.000000,0,0,0,0,0,0,0,0,0,0,0,2168,0,260.0,1066.0158509010914,93.47443794831634,2198.879470000975,206.5
1785382134,0,TTFT,S1,6.800000,0.000000,0,0,0,0,0,0,0,0,0,0,0,1084,0,160.0,162.92342834054995,93.47443794831634,256.672624964267,157.0
1785382134,0,total,S1,6.800000,0.000000,0,0,0,0,0,0,0,0,0,0,0,1084,0,2100.0,1969.108273461633,1650.9293040144257,2198.879470000975,256.0
1785382134,0,,Aggregated,13.600000,0.000000,0,0,0,0,0,0,0,0,0,0,0,2168,0,260.0,1066.0158509010914,93.47443794831634,2198.879470000975,206.5
1785382135,0,TTFT,S1,6.800000,0.000000,0,0,0,0,0,0,0,0,0,0,0,1084,0,160.0,162.92342834054995,93.47443794831634,256.672624964267,157.0
1785382135,0,total,S1,6.800000,0.000000,0,0,0,0,0,0,0,0,0,0,0,1084,0,2100.0,1969.108273461633,1650.9293040144257,2198.879470000975,256.0
1785382135,0,,Aggregated,13.600000,0.000000,0,0,0,0,0,0,0,0,0,0,0,2168,0,260.0,1066.0158509010914,93.47443794831634,2198.879470000975,206.5
1785382136,0,TTFT,S1,6.800000,0.000000,0,0,0,0,0,0,0,0,0,0,0,1084,0,160.0,162.92342834054995,93.47443794831634,256.672624964267,157.0
1785382136,0,total,S1,6.800000,0.000000,0,0,0,0,0,0,0,0,0,0,0,1084,0,2100.0,1969.108273461633,1650.9293040144257,2198.879470000975,256.0
1785382136,0,,Aggregated,13.600000,0.000000,0,0,0,0,0,0,0,0,0,0,0,2168,0,260.0,1066.0158509010914,93.47443794831634,2198.879470000975,206.5
1785382137,0,TTFT,S1,6.800000,0.000000,0,0,0,0,0,0,0,0,0,0,0,1084,0,160.0,162.92342834054995,93.47443794831634,256.672624964267,157.0
1785382137,0,total,S1,6.800000,0.000000,0,0,0,0,0,0,0,0,0,0,0,1084,0,2100.0,1969.108273461633,1650.9293040144257,2198.879470000975,256.0
1785382137,0,,Aggregated,13.600000,0.000000,0,0,0,0,0,0,0,0,0,0,0,2168,0,260.0,1066.0158509010914,93.47443794831634,2198.879470000975,206.5
1785382138,0,TTFT,S1,6.800000,0.000000,0,0,0,0,0,0,0,0,0,0,0,1084,0,160.0,162.92342834054995,93.47443794831634,256.672624964267,157.0
1785382138,0,total,S1,6.800000,0.000000,0,0,0,0,0,0,0,0,0,0,0,1084,0,2100.0,1969.108273461633,1650.9293040144257,2198.879470000975,256.0
1785382138,0,,Aggregated,13.600000,0.000000,0,0,0,0,0,0,0,0,0,0,0,2168,0,260.0,1066.0158509010914,93.47443794831634,2198.879470000975,206.5
1785382139,0,TTFT,S1,6.800000,0.000000,0,0,0,0,0,0,0,0,0,0,0,1084,0,160.0,162.92342834054995,93.47443794831634,256.672624964267,157.0
1785382139,0,total,S1,6.800000,0.000000,0,0,0,0,0,0,0,0,0,0,0,1084,0,2100.0,1969.108273461633,1650.9293040144257,2198.879470000975,256.0
1785382139,0,,Aggregated,13.600000,0.000000,0,0,0,0,0,0,0,0,0,0,0,2168,0,260.0,1066.0158509010914,93.47443794831634,2198.879470000975,206.5
1785382140,0,TTFT,S1,6.800000,0.000000,0,0,0,0,0,0,0,0,0,0,0,1084,0,160.0,162.92342834054995,93.47443794831634,256.672624964267,157.0
1785382140,0,total,S1,6.800000,0.000000,0,0,0,0,0,0,0,0,0,0,0,1084,0,2100.0,1969.108273461633,1650.9293040144257,2198.879470000975,256.0
1785382140,0,,Aggregated,13.600000,0.000000,0,0,0,0,0,0,0,0,0,0,0,2168,0,260.0,1066.0158509010914,93.47443794831634,2198.879470000975,206.5
1785382141,0,TTFT,S1,6.800000,0.000000,0,0,0,0,0,0,0,0,0,0,0,1084,0,160.0,162.92342834054995,93.47443794831634,256.672624964267,157.0
1785382141,0,total,S1,6.800000,0.000000,0,0,0,0,0,0,0,0,0,0,0,1084,0,2100.0,1969.108273461633,1650.9293040144257,2198.879470000975,256.0
1785382141,0,,Aggregated,13.600000,0.000000,0,0,0,0,0,0,0,0,0,0,0,2168,0,260.0,1066.0158509010914,93.47443794831634,2198.879470000975,206.5
1785382142,0,TTFT,S1,6.800000,0.000000,0,0,0,0,0,0,0,0,0,0,0,1084,0,160.0,162.92342834054995,93.47443794831634,256.672624964267,157.0
1785382142,0,total,S1,6.800000,0.000000,0,0,0,0,0,0,0,0,0,0,0,1084,0,2100.0,1969.108273461633,1650.9293040144257,2198.879470000975,256.0
1785382142,0,,Aggregated,13.600000,0.000000,0,0,0,0,0,0,0,0,0,0,0,2168,0,260.0,1066.0158509010914,93.47443794831634,2198.879470000975,206.5
1785382143,0,TTFT,S1,6.800000,0.000000,0,0,0,0,0,0,0,0,0,0,0,1084,0,160.0,162.92342834054995,93.47443794831634,256.672624964267,157.0
1785382143,0,total,S1,6.800000,0.000000,0,0,0,0,0,0,0,0,0,0,0,1084,0,2100.0,1969.108273461633,1650.9293040144257,2198.879470000975,256.0
1785382143,0,,Aggregated,13.600000,0.000000,0,0,0,0,0,0,0,0,0,0,0,2168,0,260.0,1066.0158509010914,93.47443794831634,2198.879470000975,206.5
1785382144,0,TTFT,S1,6.800000,0.000000,0,0,0,0,0,0,0,0,0,0,0,1084,0,160.0,162.92342834054995,93.47443794831634,256.672624964267,157.0
1785382144,0,total,S1,6.800000,0.000000,0,0,0,0,0,0,0,0,0,0,0,1084,0,2100.0,1969.108273461633,1650.9293040144257,2198.879470000975,256.0
1785382144,0,,Aggregated,13.600000,0.000000,0,0,0,0,0,0,0,0,0,0,0,2168,0,260.0,1066.0158509010914,93.47443794831634,2198.879470000975,206.5
1785382145,0,TTFT,S1,6.800000,0.000000,0,0,0,0,0,0,0,0,0,0,0,1084,0,160.0,162.92342834054995,93.47443794831634,256.672624964267,157.0
1785382145,0,total,S1,6.800000,0.000000,0,0,0,0,0,0,0,0,0,0,0,1084,0,2100.0,1969.108273461633,1650.9293040144257,2198.879470000975,256.0
1785382145,0,,Aggregated,13.600000,0.000000,0,0,0,0,0,0,0,0,0,0,0,2168,0,260.0,1066.0158509010914,93.47443794831634,2198.879470000975,206.5
1785382146,0,TTFT,S1,6.800000,0.000000,0,0,0,0,0,0,0,0,0,0,0,1084,0,160.0,162.92342834054995,93.47443794831634,256.672624964267,157.0
1785382146,0,total,S1,6.800000,0.000000,0,0,0,0,0,0,0,0,0,0,0,1084,0,2100.0,1969.108273461633,1650.9293040144257,2198.879470000975,256.0
1785382146,0,,Aggregated,13.600000,0.000000,0,0,0,0,0,0,0,0,0,0,0,2168,0,260.0,1066.0158509010914,93.47443794831634,2198.879470000975,206.5
1785382147,0,TTFT,S1,6.800000,0.000000,0,0,0,0,0,0,0,0,0,0,0,1084,0,160.0,162.92342834054995,93.47443794831634,256.672624964267,157.0
1785382147,0,total,S1,6.800000,0.000000,0,0,0,0,0,0,0,0,0,0,0,1084,0,2100.0,1969.108273461633,1650.9293040144257,2198.879470000975,256.0
1785382147,0,,Aggregated,13.600000,0.000000,0,0,0,0,0,0,0,0,0,0,0,2168,0,260.0,1066.0158509010914,93.47443794831634,2198.879470000975,206.5
1785382148,0,TTFT,S1,6.800000,0.000000,0,0,0,0,0,0,0,0,0,0,0,1084,0,160.0,162.92342834054995,93.47443794831634,256.672624964267,157.0
1785382148,0,total,S1,6.800000,0.000000,0,0,0,0,0,0,0,0,0,0,0,1084,0,2100.0,1969.108273461633,1650.9293040144257,2198.879470000975,256.0
1785382148,0,,Aggregated,13.600000,0.000000,0,0,0,0,0,0,0,0,0,0,0,2168,0,260.0,1066.0158509010914,93.47443794831634,2198.879470000975,206.5
1785382149,0,TTFT,S1,6.800000,0.000000,0,0,0,0,0,0,0,0,0,0,0,1084,0,160.0,162.92342834054995,93.47443794831634,256.672624964267,157.0
1785382149,0,total,S1,6.800000,0.000000,0,0,0,0,0,0,0,0,0,0,0,1084,0,2100.0,1969.108273461633,1650.9293040144257,2198.879470000975,256.0
1785382149,0,,Aggregated,13.600000,0.000000,0,0,0,0,0,0,0,0,0,0,0,2168,0,260.0,1066.0158509010914,93.47443794831634,2198.879470000975,206.5
1785382150,0,TTFT,S1,6.800000,0.000000,0,0,0,0,0,0,0,0,0,0,0,1084,0,160.0,162.92342834054995,93.47443794831634,256.672624964267,157.0
1785382150,0,total,S1,6.800000,0.000000,0,0,0,0,0,0,0,0,0,0,0,1084,0,2100.0,1969.108273461633,1650.9293040144257,2198.879470000975,256.0
1785382150,0,,Aggregated,13.600000,0.000000,0,0,0,0,0,0,0,0,0,0,0,2168,0,260.0,1066.0158509010914,93.47443794831634,2198.879470000975,206.5
1785382151,0,TTFT,S1,6.800000,0.000000,0,0,0,0,0,0,0,0,0,0,0,1084,0,160.0,162.92342834054995,93.47443794831634,256.672624964267,157.0
1785382151,0,total,S1,6.800000,0.000000,0,0,0,0,0,0,0,0,0,0,0,1084,0,2100.0,1969.108273461633,1650.9293040144257,2198.879470000975,256.0
1785382151,0,,Aggregated,13.600000,0.000000,0,0,0,0,0,0,0,0,0,0,0,2168,0,260.0,1066.0158509010914,93.47443794831634,2198.879470000975,206.5
1785382152,0,TTFT,S1,6.800000,0.000000,0,0,0,0,0,0,0,0,0,0,0,1084,0,160.0,162.92342834054995,93.47443794831634,256.672624964267,157.0
1785382152,0,total,S1,6.800000,0.000000,0,0,0,0,0,0,0,0,0,0,0,1084,0,2100.0,1969.108273461633,1650.9293040144257,2198.879470000975,256.0
1785382152,0,,Aggregated,13.600000,0.000000,0,0,0,0,0,0,0,0,0,0,0,2168,0,260.0,1066.0158509010914,93.47443794831634,2198.879470000975,206.5
1785382154,0,TTFT,S1,6.800000,0.000000,0,0,0,0,0,0,0,0,0,0,0,1084,0,160.0,162.92342834054995,93.47443794831634,256.672624964267,157.0
1785382154,0,total,S1,6.800000,0.000000,0,0,0,0,0,0,0,0,0,0,0,1084,0,2100.0,1969.108273461633,1650.9293040144257,2198.879470000975,256.0
1785382154,0,,Aggregated,13.600000,0.000000,0,0,0,0,0,0,0,0,0,0,0,2168,0,260.0,1066.0158509010914,93.47443794831634,2198.879470000975,206.5
1785382155,0,TTFT,S1,6.800000,0.000000,0,0,0,0,0,0,0,0,0,0,0,1084,0,160.0,162.92342834054995,93.47443794831634,256.672624964267,157.0
1785382155,0,total,S1,6.800000,0.000000,0,0,0,0,0,0,0,0,0,0,0,1084,0,2100.0,1969.108273461633,1650.9293040144257,2198.879470000975,256.0
1785382155,0,,Aggregated,13.600000,0.000000,0,0,0,0,0,0,0,0,0,0,0,2168,0,260.0,1066.0158509010914,93.47443794831634,2198.879470000975,206.5
1785382156,0,TTFT,S1,6.800000,0.000000,0,0,0,0,0,0,0,0,0,0,0,1084,0,160.0,162.92342834054995,93.47443794831634,256.672624964267,157.0
1785382156,0,total,S1,6.800000,0.000000,0,0,0,0,0,0,0,0,0,0,0,1084,0,2100.0,1969.108273461633,1650.9293040144257,2198.879470000975,256.0
1785382156,0,,Aggregated,13.600000,0.000000,0,0,0,0,0,0,0,0,0,0,0,2168,0,260.0,1066.0158509010914,93.47443794831634,2198.879470000975,206.5
1785382157,0,TTFT,S1,6.800000,0.000000,0,0,0,0,0,0,0,0,0,0,0,1084,0,160.0,162.92342834054995,93.47443794831634,256.672624964267,157.0
1785382157,0,total,S1,6.800000,0.000000,0,0,0,0,0,0,0,0,0,0,0,1084,0,2100.0,1969.108273461633,1650.9293040144257,2198.879470000975,256.0
1785382157,0,,Aggregated,13.600000,0.000000,0,0,0,0,0,0,0,0,0,0,0,2168,0,260.0,1066.0158509010914,93.47443794831634,2198.879470000975,206.5
1785382158,0,TTFT,S1,6.800000,0.000000,0,0,0,0,0,0,0,0,0,0,0,1084,0,160.0,162.92342834054995,93.47443794831634,256.672624964267,157.0
1785382158,0,total,S1,6.800000,0.000000,0,0,0,0,0,0,0,0,0,0,0,1084,0,2100.0,1969.108273461633,1650.9293040144257,2198.879470000975,256.0
1785382158,0,,Aggregated,13.600000,0.000000,0,0,0,0,0,0,0,0,0,0,0,2168,0,260.0,1066.0158509010914,93.47443794831634,2198.879470000975,206.5
1785382159,0,TTFT,S1,6.800000,0.000000,0,0,0,0,0,0,0,0,0,0,0,1084,0,160.0,162.92342834054995,93.47443794831634,256.672624964267,157.0
1785382159,0,total,S1,6.800000,0.000000,0,0,0,0,0,0,0,0,0,0,0,1084,0,2100.0,1969.108273461633,1650.9293040144257,2198.879470000975,256.0
1785382159,0,,Aggregated,13.600000,0.000000,0,0,0,0,0,0,0,0,0,0,0,2168,0,260.0,1066.0158509010914,93.47443794831634,2198.879470000975,206.5
1785382160,0,TTFT,S1,6.800000,0.000000,0,0,0,0,0,0,0,0,0,0,0,1084,0,160.0,162.92342834054995,93.47443794831634,256.672624964267,157.0
1785382160,0,total,S1,6.800000,0.000000,0,0,0,0,0,0,0,0,0,0,0,1084,0,2100.0,1969.108273461633,1650.9293040144257,2198.879470000975,256.0
1785382160,0,,Aggregated,13.600000,0.000000,0,0,0,0,0,0,0,0,0,0,0,2168,0,260.0,1066.0158509010914,93.47443794831634,2198.879470000975,206.5
1785382161,0,TTFT,S1,6.800000,0.000000,0,0,0,0,0,0,0,0,0,0,0,1084,0,160.0,162.92342834054995,93.47443794831634,256.672624964267,157.0
1785382161,0,total,S1,6.800000,0.000000,0,0,0,0,0,0,0,0,0,0,0,1084,0,2100.0,1969.108273461633,1650.9293040144257,2198.879470000975,256.0
1785382161,0,,Aggregated,13.600000,0.000000,0,0,0,0,0,0,0,0,0,0,0,2168,0,260.0,1066.0158509010914,93.47443794831634,2198.879470000975,206.5
1785382162,0,TTFT,S1,6.800000,0.000000,0,0,0,0,0,0,0,0,0,0,0,1084,0,160.0,162.92342834054995,93.47443794831634,256.672624964267,157.0
1785382162,0,total,S1,6.800000,0.000000,0,0,0,0,0,0,0,0,0,0,0,1084,0,2100.0,1969.108273461633,1650.9293040144257,2198.879470000975,256.0
1785382162,0,,Aggregated,13.600000,0.000000,0,0,0,0,0,0,0,0,0,0,0,2168,0,260.0,1066.0158509010914,93.47443794831634,2198.879470000975,206.5
1785382163,0,TTFT,S1,6.800000,0.000000,0,0,0,0,0,0,0,0,0,0,0,1084,0,160.0,162.92342834054995,93.47443794831634,256.672624964267,157.0
1785382163,0,total,S1,6.800000,0.000000,0,0,0,0,0,0,0,0,0,0,0,1084,0,2100.0,1969.108273461633,1650.9293040144257,2198.879470000975,256.0
1785382163,0,,Aggregated,13.600000,0.000000,0,0,0,0,0,0,0,0,0,0,0,2168,0,260.0,1066.0158509010914,93.47443794831634,2198.879470000975,206.5
1785382164,0,TTFT,S1,6.800000,0.000000,0,0,0,0,0,0,0,0,0,0,0,1084,0,160.0,162.92342834054995,93.47443794831634,256.672624964267,157.0
1785382164,0,total,S1,6.800000,0.000000,0,0,0,0,0,0,0,0,0,0,0,1084,0,2100.0,1969.108273461633,1650.9293040144257,2198.879470000975,256.0
1785382164,0,,Aggregated,13.600000,0.000000,0,0,0,0,0,0,0,0,0,0,0,2168,0,260.0,1066.0158509010914,93.47443794831634,2198.879470000975,206.5
1785382165,0,TTFT,S1,6.800000,0.000000,0,0,0,0,0,0,0,0,0,0,0,1084,0,160.0,162.92342834054995,93.47443794831634,256.672624964267,157.0
1785382165,0,total,S1,6.800000,0.000000,0,0,0,0,0,0,0,0,0,0,0,1084,0,2100.0,1969.108273461633,1650.9293040144257,2198.879470000975,256.0
1785382165,0,,Aggregated,13.600000,0.000000,0,0,0,0,0,0,0,0,0,0,0,2168,0,260.0,1066.0158509010914,93.47443794831634,2198.879470000975,206.5
1785382166,0,TTFT,S1,6.800000,0.000000,0,0,0,0,0,0,0,0,0,0,0,1084,0,160.0,162.92342834054995,93.47443794831634,256.672624964267,157.0
1785382166,0,total,S1,6.800000,0.000000,0,0,0,0,0,0,0,0,0,0,0,1084,0,2100.0,1969.108273461633,1650.9293040144257,2198.879470000975,256.0
1785382166,0,,Aggregated,13.600000,0.000000,0,0,0,0,0,0,0,0,0,0,0,2168,0,260.0,1066.0158509010914,93.47443794831634,2198.879470000975,206.5
1785382167,0,TTFT,S1,6.800000,0.000000,0,0,0,0,0,0,0,0,0,0,0,1084,0,160.0,162.92342834054995,93.47443794831634,256.672624964267,157.0
1785382167,0,total,S1,6.800000,0.000000,0,0,0,0,0,0,0,0,0,0,0,1084,0,2100.0,1969.108273461633,1650.9293040144257,2198.879470000975,256.0
1785382167,0,,Aggregated,13.600000,0.000000,0,0,0,0,0,0,0,0,0,0,0,2168,0,260.0,1066.0158509010914,93.47443794831634,2198.879470000975,206.5
1785382168,0,TTFT,S1,6.800000,0.000000,0,0,0,0,0,0,0,0,0,0,0,1084,0,160.0,162.92342834054995,93.47443794831634,256.672624964267,157.0
1785382168,0,total,S1,6.800000,0.000000,0,0,0,0,0,0,0,0,0,0,0,1084,0,2100.0,1969.108273461633,1650.9293040144257,2198.879470000975,256.0
1785382168,0,,Aggregated,13.600000,0.000000,0,0,0,0,0,0,0,0,0,0,0,2168,0,260.0,1066.0158509010914,93.47443794831634,2198.879470000975,206.5
1785382169,0,TTFT,S1,6.800000,0.000000,0,0,0,0,0,0,0,0,0,0,0,1084,0,160.0,162.92342834054995,93.47443794831634,256.672624964267,157.0
1785382169,0,total,S1,6.800000,0.000000,0,0,0,0,0,0,0,0,0,0,0,1084,0,2100.0,1969.108273461633,1650.9293040144257,2198.879470000975,256.0
1785382169,0,,Aggregated,13.600000,0.000000,0,0,0,0,0,0,0,0,0,0,0,2168,0,260.0,1066.0158509010914,93.47443794831634,2198.879470000975,206.5
1785382170,0,TTFT,S1,6.800000,0.000000,0,0,0,0,0,0,0,0,0,0,0,1084,0,160.0,162.92342834054995,93.47443794831634,256.672624964267,157.0
1785382170,0,total,S1,6.800000,0.000000,0,0,0,0,0,0,0,0,0,0,0,1084,0,2100.0,1969.108273461633,1650.9293040144257,2198.879470000975,256.0
1785382170,0,,Aggregated,13.600000,0.000000,0,0,0,0,0,0,0,0,0,0,0,2168,0,260.0,1066.0158509010914,93.47443794831634,2198.879470000975,206.5
1785382171,0,TTFT,S1,6.800000,0.000000,0,0,0,0,0,0,0,0,0,0,0,1084,0,160.0,162.92342834054995,93.47443794831634,256.672624964267,157.0
1785382171,0,total,S1,6.800000,0.000000,0,0,0,0,0,0,0,0,0,0,0,1084,0,2100.0,1969.108273461633,1650.9293040144257,2198.879470000975,256.0
1785382171,0,,Aggregated,13.600000,0.000000,0,0,0,0,0,0,0,0,0,0,0,2168,0,260.0,1066.0158509010914,93.47443794831634,2198.879470000975,206.5
1785382172,0,TTFT,S1,6.800000,0.000000,0,0,0,0,0,0,0,0,0,0,0,1084,0,160.0,162.92342834054995,93.47443794831634,256.672624964267,157.0
1785382172,0,total,S1,6.800000,0.000000,0,0,0,0,0,0,0,0,0,0,0,1084,0,2100.0,1969.108273461633,1650.9293040144257,2198.879470000975,256.0
1785382172,0,,Aggregated,13.600000,0.000000,0,0,0,0,0,0,0,0,0,0,0,2168,0,260.0,1066.0158509010914,93.47443794831634,2198.879470000975,206.5
1785382173,0,TTFT,S1,6.800000,0.000000,0,0,0,0,0,0,0,0,0,0,0,1084,0,160.0,162.92342834054995,93.47443794831634,256.672624964267,157.0
1785382173,0,total,S1,6.800000,0.000000,0,0,0,0,0,0,0,0,0,0,0,1084,0,2100.0,1969.108273461633,1650.9293040144257,2198.879470000975,256.0
1785382173,0,,Aggregated,13.600000,0.000000,0,0,0,0,0,0,0,0,0,0,0,2168,0,260.0,1066.0158509010914,93.47443794831634,2198.879470000975,206.5
1785382174,0,TTFT,S1,6.800000,0.000000,0,0,0,0,0,0,0,0,0,0,0,1084,0,160.0,162.92342834054995,93.47443794831634,256.672624964267,157.0
1785382174,0,total,S1,6.800000,0.000000,0,0,0,0,0,0,0,0,0,0,0,1084,0,2100.0,1969.108273461633,1650.9293040144257,2198.879470000975,256.0
1785382174,0,,Aggregated,13.600000,0.000000,0,0,0,0,0,0,0,0,0,0,0,2168,0,260.0,1066.0158509010914,93.47443794831634,2198.879470000975,206.5
1785382175,0,TTFT,S1,6.800000,0.000000,0,0,0,0,0,0,0,0,0,0,0,1084,0,160.0,162.92342834054995,93.47443794831634,256.672624964267,157.0
1785382175,0,total,S1,6.800000,0.000000,0,0,0,0,0,0,0,0,0,0,0,1084,0,2100.0,1969.108273461633,1650.9293040144257,2198.879470000975,256.0
1785382175,0,,Aggregated,13.600000,0.000000,0,0,0,0,0,0,0,0,0,0,0,2168,0,260.0,1066.0158509010914,93.47443794831634,2198.879470000975,206.5
1785382176,0,TTFT,S1,6.800000,0.000000,0,0,0,0,0,0,0,0,0,0,0,1084,0,160.0,162.92342834054995,93.47443794831634,256.672624964267,157.0
1785382176,0,total,S1,6.800000,0.000000,0,0,0,0,0,0,0,0,0,0,0,1084,0,2100.0,1969.108273461633,1650.9293040144257,2198.879470000975,256.0
1785382176,0,,Aggregated,13.600000,0.000000,0,0,0,0,0,0,0,0,0,0,0,2168,0,260.0,1066.0158509010914,93.47443794831634,2198.879470000975,206.5
1785382177,0,TTFT,S1,6.800000,0.000000,0,0,0,0,0,0,0,0,0,0,0,1084,0,160.0,162.92342834054995,93.47443794831634,256.672624964267,157.0
1785382177,0,total,S1,6.800000,0.000000,0,0,0,0,0,0,0,0,0,0,0,1084,0,2100.0,1969.108273461633,1650.9293040144257,2198.879470000975,256.0
1785382177,0,,Aggregated,13.600000,0.000000,0,0,0,0,0,0,0,0,0,0,0,2168,0,260.0,1066.0158509010914,93.47443794831634,2198.879470000975,206.5
1785382178,0,TTFT,S1,6.800000,0.000000,0,0,0,0,0,0,0,0,0,0,0,1084,0,160.0,162.92342834054995,93.47443794831634,256.672624964267,157.0
1785382178,0,total,S1,6.800000,0.000000,0,0,0,0,0,0,0,0,0,0,0,1084,0,2100.0,1969.108273461633,1650.9293040144257,2198.879470000975,256.0
1785382178,0,,Aggregated,13.600000,0.000000,0,0,0,0,0,0,0,0,0,0,0,2168,0,260.0,1066.0158509010914,93.47443794831634,2198.879470000975,206.5
1785382179,0,TTFT,S1,6.800000,0.000000,0,0,0,0,0,0,0,0,0,0,0,1084,0,160.0,162.92342834054995,93.47443794831634,256.672624964267,157.0
1785382179,0,total,S1,6.800000,0.000000,0,0,0,0,0,0,0,0,0,0,0,1084,0,2100.0,1969.108273461633,1650.9293040144257,2198.879470000975,256.0
1785382179,0,,Aggregated,13.600000,0.000000,0,0,0,0,0,0,0,0,0,0,0,2168,0,260.0,1066.0158509010914,93.47443794831634,2198.879470000975,206.5
1785382180,0,TTFT,S1,6.800000,0.000000,0,0,0,0,0,0,0,0,0,0,0,1084,0,160.0,162.92342834054995,93.47443794831634,256.672624964267,157.0
1785382180,0,total,S1,6.800000,0.000000,0,0,0,0,0,0,0,0,0,0,0,1084,0,2100.0,1969.108273461633,1650.9293040144257,2198.879470000975,256.0
1785382180,0,,Aggregated,13.600000,0.000000,0,0,0,0,0,0,0,0,0,0,0,2168,0,260.0,1066.0158509010914,93.47443794831634,2198.879470000975,206.5
1785382181,0,TTFT,S1,6.800000,0.000000,0,0,0,0,0,0,0,0,0,0,0,1084,0,160.0,162.92342834054995,93.47443794831634,256.672624964267,157.0
1785382181,0,total,S1,6.800000,0.000000,0,0,0,0,0,0,0,0,0,0,0,1084,0,2100.0,1969.108273461633,1650.9293040144257,2198.879470000975,256.0
1785382181,0,,Aggregated,13.600000,0.000000,0,0,0,0,0,0,0,0,0,0,0,2168,0,260.0,1066.0158509010914,93.47443794831634,2198.879470000975,206.5
1785382182,0,TTFT,S1,6.800000,0.000000,0,0,0,0,0,0,0,0,0,0,0,1084,0,160.0,162.92342834054995,93.47443794831634,256.672624964267,157.0
1785382182,0,total,S1,6.800000,0.000000,0,0,0,0,0,0,0,0,0,0,0,1084,0,2100.0,1969.108273461633,1650.9293040144257,2198.879470000975,256.0
1785382182,0,,Aggregated,13.600000,0.000000,0,0,0,0,0,0,0,0,0,0,0,2168,0,260.0,1066.0158509010914,93.47443794831634,2198.879470000975,206.5
1785382183,0,TTFT,S1,6.800000,0.000000,0,0,0,0,0,0,0,0,0,0,0,1084,0,160.0,162.92342834054995,93.47443794831634,256.672624964267,157.0
1785382183,0,total,S1,6.800000,0.000000,0,0,0,0,0,0,0,0,0,0,0,1084,0,2100.0,1969.108273461633,1650.9293040144257,2198.879470000975,256.0
1785382183,0,,Aggregated,13.600000,0.000000,0,0,0,0,0,0,0,0,0,0,0,2168,0,260.0,1066.0158509010914,93.47443794831634,2198.879470000975,206.5
1785382184,0,TTFT,S1,6.800000,0.000000,0,0,0,0,0,0,0,0,0,0,0,1084,0,160.0,162.92342834054995,93.47443794831634,256.672624964267,157.0
1785382184,0,total,S1,6.800000,0.000000,0,0,0,0,0,0,0,0,0,0,0,1084,0,2100.0,1969.108273461633,1650.9293040144257,2198.879470000975,256.0
1785382184,0,,Aggregated,13.600000,0.000000,0,0,0,0,0,0,0,0,0,0,0,2168,0,260.0,1066.0158509010914,93.47443794831634,2198.879470000975,206.5
1785382185,0,TTFT,S1,6.800000,0.000000,0,0,0,0,0,0,0,0,0,0,0,1084,0,160.0,162.92342834054995,93.47443794831634,256.672624964267,157.0
1785382185,0,total,S1,6.800000,0.000000,0,0,0,0,0,0,0,0,0,0,0,1084,0,2100.0,1969.108273461633,1650.9293040144257,2198.879470000975,256.0
1785382185,0,,Aggregated,13.600000,0.000000,0,0,0,0,0,0,0,0,0,0,0,2168,0,260.0,1066.0158509010914,93.47443794831634,2198.879470000975,206.5
1785382186,0,TTFT,S1,6.800000,0.000000,0,0,0,0,0,0,0,0,0,0,0,1084,0,160.0,162.92342834054995,93.47443794831634,256.672624964267,157.0
1785382186,0,total,S1,6.800000,0.000000,0,0,0,0,0,0,0,0,0,0,0,1084,0,2100.0,1969.108273461633,1650.9293040144257,2198.879470000975,256.0
1785382186,0,,Aggregated,13.600000,0.000000,0,0,0,0,0,0,0,0,0,0,0,2168,0,260.0,1066.0158509010914,93.47443794831634,2198.879470000975,206.5
1785382187,0,TTFT,S1,6.800000,0.000000,0,0,0,0,0,0,0,0,0,0,0,1084,0,160.0,162.92342834054995,93.47443794831634,256.672624964267,157.0
1785382187,0,total,S1,6.800000,0.000000,0,0,0,0,0,0,0,0,0,0,0,1084,0,2100.0,1969.108273461633,1650.9293040144257,2198.879470000975,256.0
1785382187,0,,Aggregated,13.600000,0.000000,0,0,0,0,0,0,0,0,0,0,0,2168,0,260.0,1066.0158509010914,93.47443794831634,2198.879470000975,206.5
1785382188,0,TTFT,S1,6.800000,0.000000,0,0,0,0,0,0,0,0,0,0,0,1084,0,160.0,162.92342834054995,93.47443794831634,256.672624964267,157.0
1785382188,0,total,S1,6.800000,0.000000,0,0,0,0,0,0,0,0,0,0,0,1084,0,2100.0,1969.108273461633,1650.9293040144257,2198.879470000975,256.0
1785382188,0,,Aggregated,13.600000,0.000000,0,0,0,0,0,0,0,0,0,0,0,2168,0,260.0,1066.0158509010914,93.47443794831634,2198.879470000975,206.5
1785382189,0,TTFT,S1,6.800000,0.000000,0,0,0,0,0,0,0,0,0,0,0,1084,0,160.0,162.92342834054995,93.47443794831634,256.672624964267,157.0
1785382189,0,total,S1,6.800000,0.000000,0,0,0,0,0,0,0,0,0,0,0,1084,0,2100.0,1969.108273461633,1650.9293040144257,2198.879470000975,256.0
1785382189,0,,Aggregated,13.600000,0.000000,0,0,0,0,0,0,0,0,0,0,0,2168,0,260.0,1066.0158509010914,93.47443794831634,2198.879470000975,206.5
1785382190,0,TTFT,S1,6.800000,0.000000,0,0,0,0,0,0,0,0,0,0,0,1084,0,160.0,162.92342834054995,93.47443794831634,256.672624964267,157.0
1785382190,0,total,S1,6.800000,0.000000,0,0,0,0,0,0,0,0,0,0,0,1084,0,2100.0,1969.108273461633,1650.9293040144257,2198.879470000975,256.0
1785382190,0,,Aggregated,13.600000,0.000000,0,0,0,0,0,0,0,0,0,0,0,2168,0,260.0,1066.0158509010914,93.47443794831634,2198.879470000975,206.5
1785382191,0,TTFT,S1,6.800000,0.000000,0,0,0,0,0,0,0,0,0,0,0,1084,0,160.0,162.92342834054995,93.47443794831634,256.672624964267,157.0
1785382191,0,total,S1,6.800000,0.000000,0,0,0,0,0,0,0,0,0,0,0,1084,0,2100.0,1969.108273461633,1650.9293040144257,2198.879470000975,256.0
1785382191,0,,Aggregated,13.600000,0.000000,0,0,0,0,0,0,0,0,0,0,0,2168,0,260.0,1066.0158509010914,93.47443794831634,2198.879470000975,206.5
1785382192,0,TTFT,S1,6.800000,0.000000,0,0,0,0,0,0,0,0,0,0,0,1084,0,160.0,162.92342834054995,93.47443794831634,256.672624964267,157.0
1785382192,0,total,S1,6.800000,0.000000,0,0,0,0,0,0,0,0,0,0,0,1084,0,2100.0,1969.108273461633,1650.9293040144257,2198.879470000975,256.0
1785382192,0,,Aggregated,13.600000,0.000000,0,0,0,0,0,0,0,0,0,0,0,2168,0,260.0,1066.0158509010914,93.47443794831634,2198.879470000975,206.5
1785382193,0,TTFT,S1,6.800000,0.000000,0,0,0,0,0,0,0,0,0,0,0,1084,0,160.0,162.92342834054995,93.47443794831634,256.672624964267,157.0
1785382193,0,total,S1,6.800000,0.000000,0,0,0,0,0,0,0,0,0,0,0,1084,0,2100.0,1969.108273461633,1650.9293040144257,2198.879470000975,256.0
1785382193,0,,Aggregated,13.600000,0.000000,0,0,0,0,0,0,0,0,0,0,0,2168,0,260.0,1066.0158509010914,93.47443794831634,2198.879470000975,206.5
1785382194,0,TTFT,S1,6.800000,0.000000,0,0,0,0,0,0,0,0,0,0,0,1084,0,160.0,162.92342834054995,93.47443794831634,256.672624964267,157.0
1785382194,0,total,S1,6.800000,0.000000,0,0,0,0,0,0,0,0,0,0,0,1084,0,2100.0,1969.108273461633,1650.9293040144257,2198.879470000975,256.0
1785382194,0,,Aggregated,13.600000,0.000000,0,0,0,0,0,0,0,0,0,0,0,2168,0,260.0,1066.0158509010914,93.47443794831634,2198.879470000975,206.5
1785382195,0,TTFT,S1,6.800000,0.000000,0,0,0,0,0,0,0,0,0,0,0,1084,0,160.0,162.92342834054995,93.47443794831634,256.672624964267,157.0
1785382195,0,total,S1,6.800000,0.000000,0,0,0,0,0,0,0,0,0,0,0,1084,0,2100.0,1969.108273461633,1650.9293040144257,2198.879470000975,256.0
1785382195,0,,Aggregated,13.600000,0.000000,0,0,0,0,0,0,0,0,0,0,0,2168,0,260.0,1066.0158509010914,93.47443794831634,2198.879470000975,206.5
1785382196,0,TTFT,S1,6.800000,0.000000,0,0,0,0,0,0,0,0,0,0,0,1084,0,160.0,162.92342834054995,93.47443794831634,256.672624964267,157.0
1785382196,0,total,S1,6.800000,0.000000,0,0,0,0,0,0,0,0,0,0,0,1084,0,2100.0,1969.108273461633,1650.9293040144257,2198.879470000975,256.0
1785382196,0,,Aggregated,13.600000,0.000000,0,0,0,0,0,0,0,0,0,0,0,2168,0,260.0,1066.0158509010914,93.47443794831634,2198.879470000975,206.5
1785382197,0,TTFT,S1,6.800000,0.000000,0,0,0,0,0,0,0,0,0,0,0,1084,0,160.0,162.92342834054995,93.47443794831634,256.672624964267,157.0
1785382197,0,total,S1,6.800000,0.000000,0,0,0,0,0,0,0,0,0,0,0,1084,0,2100.0,1969.108273461633,1650.9293040144257,2198.879470000975,256.0
1785382197,0,,Aggregated,13.600000,0.000000,0,0,0,0,0,0,0,0,0,0,0,2168,0,260.0,1066.0158509010914,93.47443794831634,2198.879470000975,206.5
1785382198,0,TTFT,S1,6.800000,0.000000,0,0,0,0,0,0,0,0,0,0,0,1084,0,160.0,162.92342834054995,93.47443794831634,256.672624964267,157.0
1785382198,0,total,S1,6.800000,0.000000,0,0,0,0,0,0,0,0,0,0,0,1084,0,2100.0,1969.108273461633,1650.9293040144257,2198.879470000975,256.0
1785382198,0,,Aggregated,13.600000,0.000000,0,0,0,0,0,0,0,0,0,0,0,2168,0,260.0,1066.0158509010914,93.47443794831634,2198.879470000975,206.5
1785382199,0,TTFT,S1,6.800000,0.000000,0,0,0,0,0,0,0,0,0,0,0,1084,0,160.0,162.92342834054995,93.47443794831634,256.672624964267,157.0
1785382199,0,total,S1,6.800000,0.000000,0,0,0,0,0,0,0,0,0,0,0,1084,0,2100.0,1969.108273461633,1650.9293040144257,2198.879470000975,256.0
1785382199,0,,Aggregated,13.600000,0.000000,0,0,0,0,0,0,0,0,0,0,0,2168,0,260.0,1066.0158509010914,93.47443794831634,2198.879470000975,206.5
1785382200,0,TTFT,S1,6.800000,0.000000,0,0,0,0,0,0,0,0,0,0,0,1084,0,160.0,162.92342834054995,93.47443794831634,256.672624964267,157.0
1785382200,0,total,S1,6.800000,0.000000,0,0,0,0,0,0,0,0,0,0,0,1084,0,2100.0,1969.108273461633,1650.9293040144257,2198.879470000975,256.0
1785382200,0,,Aggregated,13.600000,0.000000,0,0,0,0,0,0,0,0,0,0,0,2168,0,260.0,1066.0158509010914,93.47443794831634,2198.879470000975,206.5
1785382201,0,TTFT,S1,6.800000,0.000000,0,0,0,0,0,0,0,0,0,0,0,1084,0,160.0,162.92342834054995,93.47443794831634,256.672624964267,157.0
1785382201,0,total,S1,6.800000,0.000000,0,0,0,0,0,0,0,0,0,0,0,1084,0,2100.0,1969.108273461633,1650.9293040144257,2198.879470000975,256.0
1785382201,0,,Aggregated,13.600000,0.000000,0,0,0,0,0,0,0,0,0,0,0,2168,0,260.0,1066.0158509010914,93.47443794831634,2198.879470000975,206.5
1785382202,0,TTFT,S1,6.800000,0.000000,0,0,0,0,0,0,0,0,0,0,0,1084,0,160.0,162.92342834054995,93.47443794831634,256.672624964267,157.0
1785382202,0,total,S1,6.800000,0.000000,0,0,0,0,0,0,0,0,0,0,0,1084,0,2100.0,1969.108273461633,1650.9293040144257,2198.879470000975,256.0
1785382202,0,,Aggregated,13.600000,0.000000,0,0,0,0,0,0,0,0,0,0,0,2168,0,260.0,1066.0158509010914,93.47443794831634,2198.879470000975,206.5
1785382203,0,TTFT,S1,6.800000,0.000000,0,0,0,0,0,0,0,0,0,0,0,1084,0,160.0,162.92342834054995,93.47443794831634,256.672624964267,157.0
1785382203,0,total,S1,6.800000,0.000000,0,0,0,0,0,0,0,0,0,0,0,1084,0,2100.0,1969.108273461633,1650.9293040144257,2198.879470000975,256.0
1785382203,0,,Aggregated,13.600000,0.000000,0,0,0,0,0,0,0,0,0,0,0,2168,0,260.0,1066.0158509010914,93.47443794831634,2198.879470000975,206.5
1785382204,0,TTFT,S1,6.800000,0.000000,0,0,0,0,0,0,0,0,0,0,0,1084,0,160.0,162.92342834054995,93.47443794831634,256.672624964267,157.0
1785382204,0,total,S1,6.800000,0.000000,0,0,0,0,0,0,0,0,0,0,0,1084,0,2100.0,1969.108273461633,1650.9293040144257,2198.879470000975,256.0
1785382204,0,,Aggregated,13.600000,0.000000,0,0,0,0,0,0,0,0,0,0,0,2168,0,260.0,1066.0158509010914,93.47443794831634,2198.879470000975,206.5
1785382205,0,TTFT,S1,6.800000,0.000000,0,0,0,0,0,0,0,0,0,0,0,1084,0,160.0,162.92342834054995,93.47443794831634,256.672624964267,157.0
1785382205,0,total,S1,6.800000,0.000000,0,0,0,0,0,0,0,0,0,0,0,1084,0,2100.0,1969.108273461633,1650.9293040144257,2198.879470000975,256.0
1785382205,0,,Aggregated,13.600000,0.000000,0,0,0,0,0,0,0,0,0,0,0,2168,0,260.0,1066.0158509010914,93.47443794831634,2198.879470000975,206.5
1785382206,0,TTFT,S1,6.800000,0.000000,0,0,0,0,0,0,0,0,0,0,0,1084,0,160.0,162.92342834054995,93.47443794831634,256.672624964267,157.0
1785382206,0,total,S1,6.800000,0.000000,0,0,0,0,0,0,0,0,0,0,0,1084,0,2100.0,1969.108273461633,1650.9293040144257,2198.879470000975,256.0
1785382206,0,,Aggregated,13.600000,0.000000,0,0,0,0,0,0,0,0,0,0,0,2168,0,260.0,1066.0158509010914,93.47443794831634,2198.879470000975,206.5
1785382207,0,TTFT,S1,6.800000,0.000000,0,0,0,0,0,0,0,0,0,0,0,1084,0,160.0,162.92342834054995,93.47443794831634,256.672624964267,157.0
1785382207,0,total,S1,6.800000,0.000000,0,0,0,0,0,0,0,0,0,0,0,1084,0,2100.0,1969.108273461633,1650.9293040144257,2198.879470000975,256.0
1785382207,0,,Aggregated,13.600000,0.000000,0,0,0,0,0,0,0,0,0,0,0,2168,0,260.0,1066.0158509010914,93.47443794831634,2198.879470000975,206.5
1785382208,0,TTFT,S1,6.800000,0.000000,0,0,0,0,0,0,0,0,0,0,0,1084,0,160.0,162.92342834054995,93.47443794831634,256.672624964267,157.0
1785382208,0,total,S1,6.800000,0.000000,0,0,0,0,0,0,0,0,0,0,0,1084,0,2100.0,1969.108273461633,1650.9293040144257,2198.879470000975,256.0
1785382208,0,,Aggregated,13.600000,0.000000,0,0,0,0,0,0,0,0,0,0,0,2168,0,260.0,1066.0158509010914,93.47443794831634,2198.879470000975,206.5
1785382209,0,TTFT,S1,6.800000,0.000000,0,0,0,0,0,0,0,0,0,0,0,1084,0,160.0,162.92342834054995,93.47443794831634,256.672624964267,157.0
1785382209,0,total,S1,6.800000,0.000000,0,0,0,0,0,0,0,0,0,0,0,1084,0,2100.0,1969.108273461633,1650.9293040144257,2198.879470000975,256.0
1785382209,0,,Aggregated,13.600000,0.000000,0,0,0,0,0,0,0,0,0,0,0,2168,0,260.0,1066.0158509010914,93.47443794831634,2198.879470000975,206.5
1785382210,0,TTFT,S1,6.800000,0.000000,0,0,0,0,0,0,0,0,0,0,0,1084,0,160.0,162.92342834054995,93.47443794831634,256.672624964267,157.0
1785382210,0,total,S1,6.800000,0.000000,0,0,0,0,0,0,0,0,0,0,0,1084,0,2100.0,1969.108273461633,1650.9293040144257,2198.879470000975,256.0
1785382210,0,,Aggregated,13.600000,0.000000,0,0,0,0,0,0,0,0,0,0,0,2168,0,260.0,1066.0158509010914,93.47443794831634,2198.879470000975,206.5
1785382211,0,TTFT,S1,6.800000,0.000000,0,0,0,0,0,0,0,0,0,0,0,1084,0,160.0,162.92342834054995,93.47443794831634,256.672624964267,157.0
1785382211,0,total,S1,6.800000,0.000000,0,0,0,0,0,0,0,0,0,0,0,1084,0,2100.0,1969.108273461633,1650.9293040144257,2198.879470000975,256.0
1785382211,0,,Aggregated,13.600000,0.000000,0,0,0,0,0,0,0,0,0,0,0,2168,0,260.0,1066.0158509010914,93.47443794831634,2198.879470000975,206.5
1785382212,0,TTFT,S1,6.800000,0.000000,0,0,0,0,0,0,0,0,0,0,0,1084,0,160.0,162.92342834054995,93.47443794831634,256.672624964267,157.0
1785382212,0,total,S1,6.800000,0.000000,0,0,0,0,0,0,0,0,0,0,0,1084,0,2100.0,1969.108273461633,1650.9293040144257,2198.879470000975,256.0
1785382212,0,,Aggregated,13.600000,0.000000,0,0,0,0,0,0,0,0,0,0,0,2168,0,260.0,1066.0158509010914,93.47443794831634,2198.879470000975,206.5
1785382213,0,TTFT,S1,6.800000,0.000000,0,0,0,0,0,0,0,0,0,0,0,1084,0,160.0,162.92342834054995,93.47443794831634,256.672624964267,157.0
1785382213,0,total,S1,6.800000,0.000000,0,0,0,0,0,0,0,0,0,0,0,1084,0,2100.0,1969.108273461633,1650.9293040144257,2198.879470000975,256.0
1785382213,0,,Aggregated,13.600000,0.000000,0,0,0,0,0,0,0,0,0,0,0,2168,0,260.0,1066.0158509010914,93.47443794831634,2198.879470000975,206.5
1785382214,0,TTFT,S1,6.800000,0.000000,0,0,0,0,0,0,0,0,0,0,0,1084,0,160.0,162.92342834054995,93.47443794831634,256.672624964267,157.0
1785382214,0,total,S1,6.800000,0.000000,0,0,0,0,0,0,0,0,0,0,0,1084,0,2100.0,1969.108273461633,1650.9293040144257,2198.879470000975,256.0
1785382214,0,,Aggregated,13.600000,0.000000,0,0,0,0,0,0,0,0,0,0,0,2168,0,260.0,1066.0158509010914,93.47443794831634,2198.879470000975,206.5
1785382215,0,TTFT,S1,6.800000,0.000000,0,0,0,0,0,0,0,0,0,0,0,1084,0,160.0,162.92342834054995,93.47443794831634,256.672624964267,157.0
1785382215,0,total,S1,6.800000,0.000000,0,0,0,0,0,0,0,0,0,0,0,1084,0,2100.0,1969.108273461633,1650.9293040144257,2198.879470000975,256.0
1785382215,0,,Aggregated,13.600000,0.000000,0,0,0,0,0,0,0,0,0,0,0,2168,0,260.0,1066.0158509010914,93.47443794831634,2198.879470000975,206.5
1785382216,0,TTFT,S1,6.800000,0.000000,0,0,0,0,0,0,0,0,0,0,0,1084,0,160.0,162.92342834054995,93.47443794831634,256.672624964267,157.0
1785382216,0,total,S1,6.800000,0.000000,0,0,0,0,0,0,0,0,0,0,0,1084,0,2100.0,1969.108273461633,1650.9293040144257,2198.879470000975,256.0
1785382216,0,,Aggregated,13.600000,0.000000,0,0,0,0,0,0,0,0,0,0,0,2168,0,260.0,1066.0158509010914,93.47443794831634,2198.879470000975,206.5
1785382217,0,TTFT,S1,6.800000,0.000000,0,0,0,0,0,0,0,0,0,0,0,1084,0,160.0,162.92342834054995,93.47443794831634,256.672624964267,157.0
1785382217,0,total,S1,6.800000,0.000000,0,0,0,0,0,0,0,0,0,0,0,1084,0,2100.0,1969.108273461633,1650.9293040144257,2198.879470000975,256.0
1785382217,0,,Aggregated,13.600000,0.000000,0,0,0,0,0,0,0,0,0,0,0,2168,0,260.0,1066.0158509010914,93.47443794831634,2198.879470000975,206.5
1785382218,0,TTFT,S1,6.800000,0.000000,0,0,0,0,0,0,0,0,0,0,0,1084,0,160.0,162.92342834054995,93.47443794831634,256.672624964267,157.0
1785382218,0,total,S1,6.800000,0.000000,0,0,0,0,0,0,0,0,0,0,0,1084,0,2100.0,1969.108273461633,1650.9293040144257,2198.879470000975,256.0
1785382218,0,,Aggregated,13.600000,0.000000,0,0,0,0,0,0,0,0,0,0,0,2168,0,260.0,1066.0158509010914,93.47443794831634,2198.879470000975,206.5
1785382219,0,TTFT,S1,6.800000,0.000000,0,0,0,0,0,0,0,0,0,0,0,1084,0,160.0,162.92342834054995,93.47443794831634,256.672624964267,157.0
1785382219,0,total,S1,6.800000,0.000000,0,0,0,0,0,0,0,0,0,0,0,1084,0,2100.0,1969.108273461633,1650.9293040144257,2198.879470000975,256.0
1785382219,0,,Aggregated,13.600000,0.000000,0,0,0,0,0,0,0,0,0,0,0,2168,0,260.0,1066.0158509010914,93.47443794831634,2198.879470000975,206.5
1785382220,0,TTFT,S1,6.800000,0.000000,0,0,0,0,0,0,0,0,0,0,0,1084,0,160.0,162.92342834054995,93.47443794831634,256.672624964267,157.0
1785382220,0,total,S1,6.800000,0.000000,0,0,0,0,0,0,0,0,0,0,0,1084,0,2100.0,1969.108273461633,1650.9293040144257,2198.879470000975,256.0
1785382220,0,,Aggregated,13.600000,0.000000,0,0,0,0,0,0,0,0,0,0,0,2168,0,260.0,1066.0158509010914,93.47443794831634,2198.879470000975,206.5
1785382221,0,TTFT,S1,6.800000,0.000000,0,0,0,0,0,0,0,0,0,0,0,1084,0,160.0,162.92342834054995,93.47443794831634,256.672624964267,157.0
1785382221,0,total,S1,6.800000,0.000000,0,0,0,0,0,0,0,0,0,0,0,1084,0,2100.0,1969.108273461633,1650.9293040144257,2198.879470000975,256.0
1785382221,0,,Aggregated,13.600000,0.000000,0,0,0,0,0,0,0,0,0,0,0,2168,0,260.0,1066.0158509010914,93.47443794831634,2198.879470000975,206.5
1785382222,0,TTFT,S1,6.800000,0.000000,0,0,0,0,0,0,0,0,0,0,0,1084,0,160.0,162.92342834054995,93.47443794831634,256.672624964267,157.0
1785382222,0,total,S1,6.800000,0.000000,0,0,0,0,0,0,0,0,0,0,0,1084,0,2100.0,1969.108273461633,1650.9293040144257,2198.879470000975,256.0
1785382222,0,,Aggregated,13.600000,0.000000,0,0,0,0,0,0,0,0,0,0,0,2168,0,260.0,1066.0158509010914,93.47443794831634,2198.879470000975,206.5
1785382223,0,TTFT,S1,6.800000,0.000000,0,0,0,0,0,0,0,0,0,0,0,1084,0,160.0,162.92342834054995,93.47443794831634,256.672624964267,157.0
1785382223,0,total,S1,6.800000,0.000000,0,0,0,0,0,0,0,0,0,0,0,1084,0,2100.0,1969.108273461633,1650.9293040144257,2198.879470000975,256.0
1785382223,0,,Aggregated,13.600000,0.000000,0,0,0,0,0,0,0,0,0,0,0,2168,0,260.0,1066.0158509010914,93.47443794831634,2198.879470000975,206.5
1785382224,0,TTFT,S1,6.800000,0.000000,0,0,0,0,0,0,0,0,0,0,0,1084,0,160.0,162.92342834054995,93.47443794831634,256.672624964267,157.0
1785382224,0,total,S1,6.800000,0.000000,0,0,0,0,0,0,0,0,0,0,0,1084,0,2100.0,1969.108273461633,1650.9293040144257,2198.879470000975,256.0
1785382224,0,,Aggregated,13.600000,0.000000,0,0,0,0,0,0,0,0,0,0,0,2168,0,260.0,1066.0158509010914,93.47443794831634,2198.879470000975,206.5
1785382225,0,TTFT,S1,6.800000,0.000000,0,0,0,0,0,0,0,0,0,0,0,1084,0,160.0,162.92342834054995,93.47443794831634,256.672624964267,157.0
1785382225,0,total,S1,6.800000,0.000000,0,0,0,0,0,0,0,0,0,0,0,1084,0,2100.0,1969.108273461633,1650.9293040144257,2198.879470000975,256.0
1785382225,0,,Aggregated,13.600000,0.000000,0,0,0,0,0,0,0,0,0,0,0,2168,0,260.0,1066.0158509010914,93.47443794831634,2198.879470000975,206.5
1785382226,0,TTFT,S1,6.800000,0.000000,0,0,0,0,0,0,0,0,0,0,0,1084,0,160.0,162.92342834054995,93.47443794831634,256.672624964267,157.0
1785382226,0,total,S1,6.800000,0.000000,0,0,0,0,0,0,0,0,0,0,0,1084,0,2100.0,1969.108273461633,1650.9293040144257,2198.879470000975,256.0
1785382226,0,,Aggregated,13.600000,0.000000,0,0,0,0,0,0,0,0,0,0,0,2168,0,260.0,1066.0158509010914,93.47443794831634,2198.879470000975,206.5
1785382227,0,TTFT,S1,6.800000,0.000000,0,0,0,0,0,0,0,0,0,0,0,1084,0,160.0,162.92342834054995,93.47443794831634,256.672624964267,157.0
1785382227,0,total,S1,6.800000,0.000000,0,0,0,0,0,0,0,0,0,0,0,1084,0,2100.0,1969.108273461633,1650.9293040144257,2198.879470000975,256.0
1785382227,0,,Aggregated,13.600000,0.000000,0,0,0,0,0,0,0,0,0,0,0,2168,0,260.0,1066.0158509010914,93.47443794831634,2198.879470000975,206.5
1785382228,0,TTFT,S1,6.800000,0.000000,0,0,0,0,0,0,0,0,0,0,0,1084,0,160.0,162.92342834054995,93.47443794831634,256.672624964267,157.0
1785382228,0,total,S1,6.800000,0.000000,0,0,0,0,0,0,0,0,0,0,0,1084,0,2100.0,1969.108273461633,1650.9293040144257,2198.879470000975,256.0
1785382228,0,,Aggregated,13.600000,0.000000,0,0,0,0,0,0,0,0,0,0,0,2168,0,260.0,1066.0158509010914,93.47443794831634,2198.879470000975,206.5
1785382229,0,TTFT,S1,6.800000,0.000000,0,0,0,0,0,0,0,0,0,0,0,1084,0,160.0,162.92342834054995,93.47443794831634,256.672624964267,157.0
1785382229,0,total,S1,6.800000,0.000000,0,0,0,0,0,0,0,0,0,0,0,1084,0,2100.0,1969.108273461633,1650.9293040144257,2198.879470000975,256.0
1785382229,0,,Aggregated,13.600000,0.000000,0,0,0,0,0,0,0,0,0,0,0,2168,0,260.0,1066.0158509010914,93.47443794831634,2198.879470000975,206.5
1785382230,0,TTFT,S1,6.800000,0.000000,0,0,0,0,0,0,0,0,0,0,0,1084,0,160.0,162.92342834054995,93.47443794831634,256.672624964267,157.0
1785382230,0,total,S1,6.800000,0.000000,0,0,0,0,0,0,0,0,0,0,0,1084,0,2100.0,1969.108273461633,1650.9293040144257,2198.879470000975,256.0
1785382230,0,,Aggregated,13.600000,0.000000,0,0,0,0,0,0,0,0,0,0,0,2168,0,260.0,1066.0158509010914,93.47443794831634,2198.879470000975,206.5
1785382231,0,TTFT,S1,6.800000,0.000000,0,0,0,0,0,0,0,0,0,0,0,1084,0,160.0,162.92342834054995,93.47443794831634,256.672624964267,157.0
1785382231,0,total,S1,6.800000,0.000000,0,0,0,0,0,0,0,0,0,0,0,1084,0,2100.0,1969.108273461633,1650.9293040144257,2198.879470000975,256.0
1785382231,0,,Aggregated,13.600000,0.000000,0,0,0,0,0,0,0,0,0,0,0,2168,0,260.0,1066.0158509010914,93.47443794831634,2198.879470000975,206.5
1785382232,0,TTFT,S1,6.800000,0.000000,0,0,0,0,0,0,0,0,0,0,0,1084,0,160.0,162.92342834054995,93.47443794831634,256.672624964267,157.0
1785382232,0,total,S1,6.800000,0.000000,0,0,0,0,0,0,0,0,0,0,0,1084,0,2100.0,1969.108273461633,1650.9293040144257,2198.879470000975,256.0
1785382232,0,,Aggregated,13.600000,0.000000,0,0,0,0,0,0,0,0,0,0,0,2168,0,260.0,1066.0158509010914,93.47443794831634,2198.879470000975,206.5
1785382233,0,TTFT,S1,6.800000,0.000000,0,0,0,0,0,0,0,0,0,0,0,1084,0,160.0,162.92342834054995,93.47443794831634,256.672624964267,157.0
1785382233,0,total,S1,6.800000,0.000000,0,0,0,0,0,0,0,0,0,0,0,1084,0,2100.0,1969.108273461633,1650.9293040144257,2198.879470000975,256.0
1785382233,0,,Aggregated,13.600000,0.000000,0,0,0,0,0,0,0,0,0,0,0,2168,0,260.0,1066.0158509010914,93.47443794831634,2198.879470000975,206.5
1785382234,0,TTFT,S1,6.800000,0.000000,0,0,0,0,0,0,0,0,0,0,0,1084,0,160.0,162.92342834054995,93.47443794831634,256.672624964267,157.0
1785382234,0,total,S1,6.800000,0.000000,0,0,0,0,0,0,0,0,0,0,0,1084,0,2100.0,1969.108273461633,1650.9293040144257,2198.879470000975,256.0
1785382234,0,,Aggregated,13.600000,0.000000,0,0,0,0,0,0,0,0,0,0,0,2168,0,260.0,1066.0158509010914,93.47443794831634,2198.879470000975,206.5
1785382235,0,TTFT,S1,6.800000,0.000000,0,0,0,0,0,0,0,0,0,0,0,1084,0,160.0,162.92342834054995,93.47443794831634,256.672624964267,157.0
1785382235,0,total,S1,6.800000,0.000000,0,0,0,0,0,0,0,0,0,0,0,1084,0,2100.0,1969.108273461633,1650.9293040144257,2198.879470000975,256.0
1785382235,0,,Aggregated,13.600000,0.000000,0,0,0,0,0,0,0,0,0,0,0,2168,0,260.0,1066.0158509010914,93.47443794831634,2198.879470000975,206.5
1785382236,0,TTFT,S1,6.800000,0.000000,0,0,0,0,0,0,0,0,0,0,0,1084,0,160.0,162.92342834054995,93.47443794831634,256.672624964267,157.0
1785382236,0,total,S1,6.800000,0.000000,0,0,0,0,0,0,0,0,0,0,0,1084,0,2100.0,1969.108273461633,1650.9293040144257,2198.879470000975,256.0
1785382236,0,,Aggregated,13.600000,0.000000,0,0,0,0,0,0,0,0,0,0,0,2168,0,260.0,1066.0158509010914,93.47443794831634,2198.879470000975,206.5
1785382237,0,TTFT,S1,6.800000,0.000000,0,0,0,0,0,0,0,0,0,0,0,1084,0,160.0,162.92342834054995,93.47443794831634,256.672624964267,157.0
1785382237,0,total,S1,6.800000,0.000000,0,0,0,0,0,0,0,0,0,0,0,1084,0,2100.0,1969.108273461633,1650.9293040144257,2198.879470000975,256.0
1785382237,0,,Aggregated,13.600000,0.000000,0,0,0,0,0,0,0,0,0,0,0,2168,0,260.0,1066.0158509010914,93.47443794831634,2198.879470000975,206.5
1785382238,0,TTFT,S1,6.800000,0.000000,0,0,0,0,0,0,0,0,0,0,0,1084,0,160.0,162.92342834054995,93.47443794831634,256.672624964267,157.0
1785382238,0,total,S1,6.800000,0.000000,0,0,0,0,0,0,0,0,0,0,0,1084,0,2100.0,1969.108273461633,1650.9293040144257,2198.879470000975,256.0
1785382238,0,,Aggregated,13.600000,0.000000,0,0,0,0,0,0,0,0,0,0,0,2168,0,260.0,1066.0158509010914,93.47443794831634,2198.879470000975,206.5
1785382239,0,TTFT,S1,6.800000,0.000000,0,0,0,0,0,0,0,0,0,0,0,1084,0,160.0,162.92342834054995,93.47443794831634,256.672624964267,157.0
1785382239,0,total,S1,6.800000,0.000000,0,0,0,0,0,0,0,0,0,0,0,1084,0,2100.0,1969.108273461633,1650.9293040144257,2198.879470000975,256.0
1785382239,0,,Aggregated,13.600000,0.000000,0,0,0,0,0,0,0,0,0,0,0,2168,0,260.0,1066.0158509010914,93.47443794831634,2198.879470000975,206.5
1785382240,0,TTFT,S1,6.800000,0.000000,0,0,0,0,0,0,0,0,0,0,0,1084,0,160.0,162.92342834054995,93.47443794831634,256.672624964267,157.0
1785382240,0,total,S1,6.800000,0.000000,0,0,0,0,0,0,0,0,0,0,0,1084,0,2100.0,1969.108273461633,1650.9293040144257,2198.879470000975,256.0
1785382240,0,,Aggregated,13.600000,0.000000,0,0,0,0,0,0,0,0,0,0,0,2168,0,260.0,1066.0158509010914,93.47443794831634,2198.879470000975,206.5
1785382241,0,TTFT,S1,6.800000,0.000000,0,0,0,0,0,0,0,0,0,0,0,1084,0,160.0,162.92342834054995,93.47443794831634,256.672624964267,157.0
1785382241,0,total,S1,6.800000,0.000000,0,0,0,0,0,0,0,0,0,0,0,1084,0,2100.0,1969.108273461633,1650.9293040144257,2198.879470000975,256.0
1785382241,0,,Aggregated,13.600000,0.000000,0,0,0,0,0,0,0,0,0,0,0,2168,0,260.0,1066.0158509010914,93.47443794831634,2198.879470000975,206.5
1785382242,0,TTFT,S1,6.800000,0.000000,0,0,0,0,0,0,0,0,0,0,0,1084,0,160.0,162.92342834054995,93.47443794831634,256.672624964267,157.0
1785382242,0,total,S1,6.800000,0.000000,0,0,0,0,0,0,0,0,0,0,0,1084,0,2100.0,1969.108273461633,1650.9293040144257,2198.879470000975,256.0
1785382242,0,,Aggregated,13.600000,0.000000,0,0,0,0,0,0,0,0,0,0,0,2168,0,260.0,1066.0158509010914,93.47443794831634,2198.879470000975,206.5
1785382243,0,TTFT,S1,6.800000,0.000000,0,0,0,0,0,0,0,0,0,0,0,1084,0,160.0,162.92342834054995,93.47443794831634,256.672624964267,157.0
1785382243,0,total,S1,6.800000,0.000000,0,0,0,0,0,0,0,0,0,0,0,1084,0,2100.0,1969.108273461633,1650.9293040144257,2198.879470000975,256.0
1785382243,0,,Aggregated,13.600000,0.000000,0,0,0,0,0,0,0,0,0,0,0,2168,0,260.0,1066.0158509010914,93.47443794831634,2198.879470000975,206.5
1785382244,0,TTFT,S1,6.800000,0.000000,0,0,0,0,0,0,0,0,0,0,0,1084,0,160.0,162.92342834054995,93.47443794831634,256.672624964267,157.0
1785382244,0,total,S1,6.800000,0.000000,0,0,0,0,0,0,0,0,0,0,0,1084,0,2100.0,1969.108273461633,1650.9293040144257,2198.879470000975,256.0
1785382244,0,,Aggregated,13.600000,0.000000,0,0,0,0,0,0,0,0,0,0,0,2168,0,260.0,1066.0158509010914,93.47443794831634,2198.879470000975,206.5
1785382245,0,TTFT,S1,6.800000,0.000000,0,0,0,0,0,0,0,0,0,0,0,1084,0,160.0,162.92342834054995,93.47443794831634,256.672624964267,157.0
1785382245,0,total,S1,6.800000,0.000000,0,0,0,0,0,0,0,0,0,0,0,1084,0,2100.0,1969.108273461633,1650.9293040144257,2198.879470000975,256.0
1785382245,0,,Aggregated,13.600000,0.000000,0,0,0,0,0,0,0,0,0,0,0,2168,0,260.0,1066.0158509010914,93.47443794831634,2198.879470000975,206.5
1785382246,0,TTFT,S1,6.800000,0.000000,0,0,0,0,0,0,0,0,0,0,0,1084,0,160.0,162.92342834054995,93.47443794831634,256.672624964267,157.0
1785382246,0,total,S1,6.800000,0.000000,0,0,0,0,0,0,0,0,0,0,0,1084,0,2100.0,1969.108273461633,1650.9293040144257,2198.879470000975,256.0
1785382246,0,,Aggregated,13.600000,0.000000,0,0,0,0,0,0,0,0,0,0,0,2168,0,260.0,1066.0158509010914,93.47443794831634,2198.879470000975,206.5
1785382247,0,TTFT,S1,6.800000,0.000000,0,0,0,0,0,0,0,0,0,0,0,1084,0,160.0,162.92342834054995,93.47443794831634,256.672624964267,157.0
1785382247,0,total,S1,6.800000,0.000000,0,0,0,0,0,0,0,0,0,0,0,1084,0,2100.0,1969.108273461633,1650.9293040144257,2198.879470000975,256.0
1785382247,0,,Aggregated,13.600000,0.000000,0,0,0,0,0,0,0,0,0,0,0,2168,0,260.0,1066.0158509010914,93.47443794831634,2198.879470000975,206.5
1785382248,0,TTFT,S1,6.800000,0.000000,0,0,0,0,0,0,0,0,0,0,0,1084,0,160.0,162.92342834054995,93.47443794831634,256.672624964267,157.0
1785382248,0,total,S1,6.800000,0.000000,0,0,0,0,0,0,0,0,0,0,0,1084,0,2100.0,1969.108273461633,1650.9293040144257,2198.879470000975,256.0
1785382248,0,,Aggregated,13.600000,0.000000,0,0,0,0,0,0,0,0,0,0,0,2168,0,260.0,1066.0158509010914,93.47443794831634,2198.879470000975,206.5
1785382249,0,TTFT,S1,6.800000,0.000000,0,0,0,0,0,0,0,0,0,0,0,1084,0,160.0,162.92342834054995,93.47443794831634,256.672624964267,157.0
1785382249,0,total,S1,6.800000,0.000000,0,0,0,0,0,0,0,0,0,0,0,1084,0,2100.0,1969.108273461633,1650.9293040144257,2198.879470000975,256.0
1785382249,0,,Aggregated,13.600000,0.000000,0,0,0,0,0,0,0,0,0,0,0,2168,0,260.0,1066.0158509010914,93.47443794831634,2198.879470000975,206.5
1785382250,0,TTFT,S1,6.800000,0.000000,0,0,0,0,0,0,0,0,0,0,0,1084,0,160.0,162.92342834054995,93.47443794831634,256.672624964267,157.0
1785382250,0,total,S1,6.800000,0.000000,0,0,0,0,0,0,0,0,0,0,0,1084,0,2100.0,1969.108273461633,1650.9293040144257,2198.879470000975,256.0
1785382250,0,,Aggregated,13.600000,0.000000,0,0,0,0,0,0,0,0,0,0,0,2168,0,260.0,1066.0158509010914,93.47443794831634,2198.879470000975,206.5
1785382251,0,TTFT,S1,6.800000,0.000000,0,0,0,0,0,0,0,0,0,0,0,1084,0,160.0,162.92342834054995,93.47443794831634,256.672624964267,157.0
1785382251,0,total,S1,6.800000,0.000000,0,0,0,0,0,0,0,0,0,0,0,1084,0,2100.0,1969.108273461633,1650.9293040144257,2198.879470000975,256.0
1785382251,0,,Aggregated,13.600000,0.000000,0,0,0,0,0,0,0,0,0,0,0,2168,0,260.0,1066.0158509010914,93.47443794831634,2198.879470000975,206.5
1785382252,0,TTFT,S1,6.800000,0.000000,0,0,0,0,0,0,0,0,0,0,0,1084,0,160.0,162.92342834054995,93.47443794831634,256.672624964267,157.0
1785382252,0,total,S1,6.800000,0.000000,0,0,0,0,0,0,0,0,0,0,0,1084,0,2100.0,1969.108273461633,1650.9293040144257,2198.879470000975,256.0
1785382252,0,,Aggregated,13.600000,0.000000,0,0,0,0,0,0,0,0,0,0,0,2168,0,260.0,1066.0158509010914,93.47443794831634,2198.879470000975,206.5
1785382253,0,TTFT,S1,6.800000,0.000000,0,0,0,0,0,0,0,0,0,0,0,1084,0,160.0,162.92342834054995,93.47443794831634,256.672624964267,157.0
1785382253,0,total,S1,6.800000,0.000000,0,0,0,0,0,0,0,0,0,0,0,1084,0,2100.0,1969.108273461633,1650.9293040144257,2198.879470000975,256.0
1785382253,0,,Aggregated,13.600000,0.000000,0,0,0,0,0,0,0,0,0,0,0,2168,0,260.0,1066.0158509010914,93.47443794831634,2198.879470000975,206.5
1785382254,0,TTFT,S1,6.800000,0.000000,0,0,0,0,0,0,0,0,0,0,0,1084,0,160.0,162.92342834054995,93.47443794831634,256.672624964267,157.0
1785382254,0,total,S1,6.800000,0.000000,0,0,0,0,0,0,0,0,0,0,0,1084,0,2100.0,1969.108273461633,1650.9293040144257,2198.879470000975,256.0
1785382254,0,,Aggregated,13.600000,0.000000,0,0,0,0,0,0,0,0,0,0,0,2168,0,260.0,1066.0158509010914,93.47443794831634,2198.879470000975,206.5
1785382255,0,TTFT,S1,6.800000,0.000000,0,0,0,0,0,0,0,0,0,0,0,1084,0,160.0,162.92342834054995,93.47443794831634,256.672624964267,157.0
1785382255,0,total,S1,6.800000,0.000000,0,0,0,0,0,0,0,0,0,0,0,1084,0,2100.0,1969.108273461633,1650.9293040144257,2198.879470000975,256.0
1785382255,0,,Aggregated,13.600000,0.000000,0,0,0,0,0,0,0,0,0,0,0,2168,0,260.0,1066.0158509010914,93.47443794831634,2198.879470000975,206.5
1785382256,0,TTFT,S1,6.800000,0.000000,0,0,0,0,0,0,0,0,0,0,0,1084,0,160.0,162.92342834054995,93.47443794831634,256.672624964267,157.0
1785382256,0,total,S1,6.800000,0.000000,0,0,0,0,0,0,0,0,0,0,0,1084,0,2100.0,1969.108273461633,1650.9293040144257,2198.879470000975,256.0
1785382256,0,,Aggregated,13.600000,0.000000,0,0,0,0,0,0,0,0,0,0,0,2168,0,260.0,1066.0158509010914,93.47443794831634,2198.879470000975,206.5
1785382257,0,TTFT,S1,6.800000,0.000000,0,0,0,0,0,0,0,0,0,0,0,1084,0,160.0,162.92342834054995,93.47443794831634,256.672624964267,157.0
1785382257,0,total,S1,6.800000,0.000000,0,0,0,0,0,0,0,0,0,0,0,1084,0,2100.0,1969.108273461633,1650.9293040144257,2198.879470000975,256.0
1785382257,0,,Aggregated,13.600000,0.000000,0,0,0,0,0,0,0,0,0,0,0,2168,0,260.0,1066.0158509010914,93.47443794831634,2198.879470000975,206.5
1785382258,0,TTFT,S1,6.800000,0.000000,0,0,0,0,0,0,0,0,0,0,0,1084,0,160.0,162.92342834054995,93.47443794831634,256.672624964267,157.0
1785382258,0,total,S1,6.800000,0.000000,0,0,0,0,0,0,0,0,0,0,0,1084,0,2100.0,1969.108273461633,1650.9293040144257,2198.879470000975,256.0
1785382258,0,,Aggregated,13.600000,0.000000,0,0,0,0,0,0,0,0,0,0,0,2168,0,260.0,1066.0158509010914,93.47443794831634,2198.879470000975,206.5
1785382259,0,TTFT,S1,6.800000,0.000000,0,0,0,0,0,0,0,0,0,0,0,1084,0,160.0,162.92342834054995,93.47443794831634,256.672624964267,157.0
1785382259,0,total,S1,6.800000,0.000000,0,0,0,0,0,0,0,0,0,0,0,1084,0,2100.0,1969.108273461633,1650.9293040144257,2198.879470000975,256.0
1785382259,0,,Aggregated,13.600000,0.000000,0,0,0,0,0,0,0,0,0,0,0,2168,0,260.0,1066.0158509010914,93.47443794831634,2198.879470000975,206.5
1785382260,0,TTFT,S1,6.800000,0.000000,0,0,0,0,0,0,0,0,0,0,0,1084,0,160.0,162.92342834054995,93.47443794831634,256.672624964267,157.0
1785382260,0,total,S1,6.800000,0.000000,0,0,0,0,0,0,0,0,0,0,0,1084,0,2100.0,1969.108273461633,1650.9293040144257,2198.879470000975,256.0
1785382260,0,,Aggregated,13.600000,0.000000,0,0,0,0,0,0,0,0,0,0,0,2168,0,260.0,1066.0158509010914,93.47443794831634,2198.879470000975,206.5
1785382261,0,TTFT,S1,6.800000,0.000000,0,0,0,0,0,0,0,0,0,0,0,1084,0,160.0,162.92342834054995,93.47443794831634,256.672624964267,157.0
1785382261,0,total,S1,6.800000,0.000000,0,0,0,0,0,0,0,0,0,0,0,1084,0,2100.0,1969.108273461633,1650.9293040144257,2198.879470000975,256.0
1785382261,0,,Aggregated,13.600000,0.000000,0,0,0,0,0,0,0,0,0,0,0,2168,0,260.0,1066.0158509010914,93.47443794831634,2198.879470000975,206.5
1785382262,0,TTFT,S1,6.800000,0.000000,0,0,0,0,0,0,0,0,0,0,0,1084,0,160.0,162.92342834054995,93.47443794831634,256.672624964267,157.0
1785382262,0,total,S1,6.800000,0.000000,0,0,0,0,0,0,0,0,0,0,0,1084,0,2100.0,1969.108273461633,1650.9293040144257,2198.879470000975,256.0
1785382262,0,,Aggregated,13.600000,0.000000,0,0,0,0,0,0,0,0,0,0,0,2168,0,260.0,1066.0158509010914,93.47443794831634,2198.879470000975,206.5
1785382263,0,TTFT,S1,6.800000,0.000000,0,0,0,0,0,0,0,0,0,0,0,1084,0,160.0,162.92342834054995,93.47443794831634,256.672624964267,157.0
1785382263,0,total,S1,6.800000,0.000000,0,0,0,0,0,0,0,0,0,0,0,1084,0,2100.0,1969.108273461633,1650.9293040144257,2198.879470000975,256.0
1785382263,0,,Aggregated,13.600000,0.000000,0,0,0,0,0,0,0,0,0,0,0,2168,0,260.0,1066.0158509010914,93.47443794831634,2198.879470000975,206.5
1785382264,0,TTFT,S1,6.800000,0.000000,0,0,0,0,0,0,0,0,0,0,0,1084,0,160.0,162.92342834054995,93.47443794831634,256.672624964267,157.0
1785382264,0,total,S1,6.800000,0.000000,0,0,0,0,0,0,0,0,0,0,0,1084,0,2100.0,1969.108273461633,1650.9293040144257,2198.879470000975,256.0
1785382264,0,,Aggregated,13.600000,0.000000,0,0,0,0,0,0,0,0,0,0,0,2168,0,260.0,1066.0158509010914,93.47443794831634,2198.879470000975,206.5
1785382265,0,TTFT,S1,6.800000,0.000000,0,0,0,0,0,0,0,0,0,0,0,1084,0,160.0,162.92342834054995,93.47443794831634,256.672624964267,157.0
1785382265,0,total,S1,6.800000,0.000000,0,0,0,0,0,0,0,0,0,0,0,1084,0,2100.0,1969.108273461633,1650.9293040144257,2198.879470000975,256.0
1785382265,0,,Aggregated,13.600000,0.000000,0,0,0,0,0,0,0,0,0,0,0,2168,0,260.0,1066.0158509010914,93.47443794831634,2198.879470000975,206.5
1785382266,0,TTFT,S1,6.800000,0.000000,0,0,0,0,0,0,0,0,0,0,0,1084,0,160.0,162.92342834054995,93.47443794831634,256.672624964267,157.0
1785382266,0,total,S1,6.800000,0.000000,0,0,0,0,0,0,0,0,0,0,0,1084,0,2100.0,1969.108273461633,1650.9293040144257,2198.879470000975,256.0
1785382266,0,,Aggregated,13.600000,0.000000,0,0,0,0,0,0,0,0,0,0,0,2168,0,260.0,1066.0158509010914,93.47443794831634,2198.879470000975,206.5
1785382267,0,TTFT,S1,6.800000,0.000000,0,0,0,0,0,0,0,0,0,0,0,1084,0,160.0,162.92342834054995,93.47443794831634,256.672624964267,157.0
1785382267,0,total,S1,6.800000,0.000000,0,0,0,0,0,0,0,0,0,0,0,1084,0,2100.0,1969.108273461633,1650.9293040144257,2198.879470000975,256.0
1785382267,0,,Aggregated,13.600000,0.000000,0,0,0,0,0,0,0,0,0,0,0,2168,0,260.0,1066.0158509010914,93.47443794831634,2198.879470000975,206.5
1785382268,0,TTFT,S1,6.800000,0.000000,0,0,0,0,0,0,0,0,0,0,0,1084,0,160.0,162.92342834054995,93.47443794831634,256.672624964267,157.0
1785382268,0,total,S1,6.800000,0.000000,0,0,0,0,0,0,0,0,0,0,0,1084,0,2100.0,1969.108273461633,1650.9293040144257,2198.879470000975,256.0
1785382268,0,,Aggregated,13.600000,0.000000,0,0,0,0,0,0,0,0,0,0,0,2168,0,260.0,1066.0158509010914,93.47443794831634,2198.879470000975,206.5
1785382269,0,TTFT,S1,6.800000,0.000000,0,0,0,0,0,0,0,0,0,0,0,1084,0,160.0,162.92342834054995,93.47443794831634,256.672624964267,157.0
1785382269,0,total,S1,6.800000,0.000000,0,0,0,0,0,0,0,0,0,0,0,1084,0,2100.0,1969.108273461633,1650.9293040144257,2198.879470000975,256.0
1785382269,0,,Aggregated,13.600000,0.000000,0,0,0,0,0,0,0,0,0,0,0,2168,0,260.0,1066.0158509010914,93.47443794831634,2198.879470000975,206.5
1785382270,0,TTFT,S1,6.800000,0.000000,0,0,0,0,0,0,0,0,0,0,0,1084,0,160.0,162.92342834054995,93.47443794831634,256.672624964267,157.0
1785382270,0,total,S1,6.800000,0.000000,0,0,0,0,0,0,0,0,0,0,0,1084,0,2100.0,1969.108273461633,1650.9293040144257,2198.879470000975,256.0
1785382270,0,,Aggregated,13.600000,0.000000,0,0,0,0,0,0,0,0,0,0,0,2168,0,260.0,1066.0158509010914,93.47443794831634,2198.879470000975,206.5
1785382271,0,TTFT,S1,6.800000,0.000000,0,0,0,0,0,0,0,0,0,0,0,1084,0,160.0,162.92342834054995,93.47443794831634,256.672624964267,157.0
1785382271,0,total,S1,6.800000,0.000000,0,0,0,0,0,0,0,0,0,0,0,1084,0,2100.0,1969.108273461633,1650.9293040144257,2198.879470000975,256.0
1785382271,0,,Aggregated,13.600000,0.000000,0,0,0,0,0,0,0,0,0,0,0,2168,0,260.0,1066.0158509010914,93.47443794831634,2198.879470000975,206.5
1785382272,0,TTFT,S1,6.800000,0.000000,0,0,0,0,0,0,0,0,0,0,0,1084,0,160.0,162.92342834054995,93.47443794831634,256.672624964267,157.0
1785382272,0,total,S1,6.800000,0.000000,0,0,0,0,0,0,0,0,0,0,0,1084,0,2100.0,1969.108273461633,1650.9293040144257,2198.879470000975,256.0
1785382272,0,,Aggregated,13.600000,0.000000,0,0,0,0,0,0,0,0,0,0,0,2168,0,260.0,1066.0158509010914,93.47443794831634,2198.879470000975,206.5
1785382273,0,TTFT,S1,6.800000,0.000000,0,0,0,0,0,0,0,0,0,0,0,1084,0,160.0,162.92342834054995,93.47443794831634,256.672624964267,157.0
1785382273,0,total,S1,6.800000,0.000000,0,0,0,0,0,0,0,0,0,0,0,1084,0,2100.0,1969.108273461633,1650.9293040144257,2198.879470000975,256.0
1785382273,0,,Aggregated,13.600000,0.000000,0,0,0,0,0,0,0,0,0,0,0,2168,0,260.0,1066.0158509010914,93.47443794831634,2198.879470000975,206.5
1785382274,0,TTFT,S1,6.800000,0.000000,0,0,0,0,0,0,0,0,0,0,0,1084,0,160.0,162.92342834054995,93.47443794831634,256.672624964267,157.0
1785382274,0,total,S1,6.800000,0.000000,0,0,0,0,0,0,0,0,0,0,0,1084,0,2100.0,1969.108273461633,1650.9293040144257,2198.879470000975,256.0
1785382274,0,,Aggregated,13.600000,0.000000,0,0,0,0,0,0,0,0,0,0,0,2168,0,260.0,1066.0158509010914,93.47443794831634,2198.879470000975,206.5
1785382275,0,TTFT,S1,6.800000,0.000000,0,0,0,0,0,0,0,0,0,0,0,1084,0,160.0,162.92342834054995,93.47443794831634,256.672624964267,157.0
1785382275,0,total,S1,6.800000,0.000000,0,0,0,0,0,0,0,0,0,0,0,1084,0,2100.0,1969.108273461633,1650.9293040144257,2198.879470000975,256.0
1785382275,0,,Aggregated,13.600000,0.000000,0,0,0,0,0,0,0,0,0,0,0,2168,0,260.0,1066.0158509010914,93.47443794831634,2198.879470000975,206.5
1785382276,0,TTFT,S1,6.800000,0.000000,0,0,0,0,0,0,0,0,0,0,0,1084,0,160.0,162.92342834054995,93.47443794831634,256.672624964267,157.0
1785382276,0,total,S1,6.800000,0.000000,0,0,0,0,0,0,0,0,0,0,0,1084,0,2100.0,1969.108273461633,1650.9293040144257,2198.879470000975,256.0
1785382276,0,,Aggregated,13.600000,0.000000,0,0,0,0,0,0,0,0,0,0,0,2168,0,260.0,1066.0158509010914,93.47443794831634,2198.879470000975,206.5
1785382277,0,TTFT,S1,6.800000,0.000000,0,0,0,0,0,0,0,0,0,0,0,1084,0,160.0,162.92342834054995,93.47443794831634,256.672624964267,157.0
1785382277,0,total,S1,6.800000,0.000000,0,0,0,0,0,0,0,0,0,0,0,1084,0,2100.0,1969.108273461633,1650.9293040144257,2198.879470000975,256.0
1785382277,0,,Aggregated,13.600000,0.000000,0,0,0,0,0,0,0,0,0,0,0,2168,0,260.0,1066.0158509010914,93.47443794831634,2198.879470000975,206.5
1785382278,0,TTFT,S1,6.800000,0.000000,0,0,0,0,0,0,0,0,0,0,0,1084,0,160.0,162.92342834054995,93.47443794831634,256.672624964267,157.0
1785382278,0,total,S1,6.800000,0.000000,0,0,0,0,0,0,0,0,0,0,0,1084,0,2100.0,1969.108273461633,1650.9293040144257,2198.879470000975,256.0
1785382278,0,,Aggregated,13.600000,0.000000,0,0,0,0,0,0,0,0,0,0,0,2168,0,260.0,1066.0158509010914,93.47443794831634,2198.879470000975,206.5
1785382279,0,TTFT,S1,6.800000,0.000000,0,0,0,0,0,0,0,0,0,0,0,1084,0,160.0,162.92342834054995,93.47443794831634,256.672624964267,157.0
1785382279,0,total,S1,6.800000,0.000000,0,0,0,0,0,0,0,0,0,0,0,1084,0,2100.0,1969.108273461633,1650.9293040144257,2198.879470000975,256.0
1785382279,0,,Aggregated,13.600000,0.000000,0,0,0,0,0,0,0,0,0,0,0,2168,0,260.0,1066.0158509010914,93.47443794831634,2198.879470000975,206.5
1785382280,0,TTFT,S1,6.800000,0.000000,0,0,0,0,0,0,0,0,0,0,0,1084,0,160.0,162.92342834054995,93.47443794831634,256.672624964267,157.0
1785382280,0,total,S1,6.800000,0.000000,0,0,0,0,0,0,0,0,0,0,0,1084,0,2100.0,1969.108273461633,1650.9293040144257,2198.879470000975,256.0
1785382280,0,,Aggregated,13.600000,0.000000,0,0,0,0,0,0,0,0,0,0,0,2168,0,260.0,1066.0158509010914,93.47443794831634,2198.879470000975,206.5
1785382281,0,TTFT,S1,6.800000,0.000000,0,0,0,0,0,0,0,0,0,0,0,1084,0,160.0,162.92342834054995,93.47443794831634,256.672624964267,157.0
1785382281,0,total,S1,6.800000,0.000000,0,0,0,0,0,0,0,0,0,0,0,1084,0,2100.0,1969.108273461633,1650.9293040144257,2198.879470000975,256.0
1785382281,0,,Aggregated,13.600000,0.000000,0,0,0,0,0,0,0,0,0,0,0,2168,0,260.0,1066.0158509010914,93.47443794831634,2198.879470000975,206.5
1785382282,0,TTFT,S1,6.800000,0.000000,0,0,0,0,0,0,0,0,0,0,0,1084,0,160.0,162.92342834054995,93.47443794831634,256.672624964267,157.0
1785382282,0,total,S1,6.800000,0.000000,0,0,0,0,0,0,0,0,0,0,0,1084,0,2100.0,1969.108273461633,1650.9293040144257,2198.879470000975,256.0
1785382282,0,,Aggregated,13.600000,0.000000,0,0,0,0,0,0,0,0,0,0,0,2168,0,260.0,1066.0158509010914,93.47443794831634,2198.879470000975,206.5
1785382283,0,TTFT,S1,6.800000,0.000000,0,0,0,0,0,0,0,0,0,0,0,1084,0,160.0,162.92342834054995,93.47443794831634,256.672624964267,157.0
1785382283,0,total,S1,6.800000,0.000000,0,0,0,0,0,0,0,0,0,0,0,1084,0,2100.0,1969.108273461633,1650.9293040144257,2198.879470000975,256.0
1785382283,0,,Aggregated,13.600000,0.000000,0,0,0,0,0,0,0,0,0,0,0,2168,0,260.0,1066.0158509010914,93.47443794831634,2198.879470000975,206.5
1785382284,0,TTFT,S1,6.800000,0.000000,0,0,0,0,0,0,0,0,0,0,0,1084,0,160.0,162.92342834054995,93.47443794831634,256.672624964267,157.0
1785382284,0,total,S1,6.800000,0.000000,0,0,0,0,0,0,0,0,0,0,0,1084,0,2100.0,1969.108273461633,1650.9293040144257,2198.879470000975,256.0
1785382284,0,,Aggregated,13.600000,0.000000,0,0,0,0,0,0,0,0,0,0,0,2168,0,260.0,1066.0158509010914,93.47443794831634,2198.879470000975,206.5
1785382285,0,TTFT,S1,6.800000,0.000000,0,0,0,0,0,0,0,0,0,0,0,1084,0,160.0,162.92342834054995,93.47443794831634,256.672624964267,157.0
1785382285,0,total,S1,6.800000,0.000000,0,0,0,0,0,0,0,0,0,0,0,1084,0,2100.0,1969.108273461633,1650.9293040144257,2198.879470000975,256.0
1785382285,0,,Aggregated,13.600000,0.000000,0,0,0,0,0,0,0,0,0,0,0,2168,0,260.0,1066.0158509010914,93.47443794831634,2198.879470000975,206.5
1785382286,0,TTFT,S1,6.800000,0.000000,0,0,0,0,0,0,0,0,0,0,0,1084,0,160.0,162.92342834054995,93.47443794831634,256.672624964267,157.0
1785382286,0,total,S1,6.800000,0.000000,0,0,0,0,0,0,0,0,0,0,0,1084,0,2100.0,1969.108273461633,1650.9293040144257,2198.879470000975,256.0
1785382286,0,,Aggregated,13.600000,0.000000,0,0,0,0,0,0,0,0,0,0,0,2168,0,260.0,1066.0158509010914,93.47443794831634,2198.879470000975,206.5
1785382287,0,TTFT,S1,6.800000,0.000000,0,0,0,0,0,0,0,0,0,0,0,1084,0,160.0,162.92342834054995,93.47443794831634,256.672624964267,157.0
1785382287,0,total,S1,6.800000,0.000000,0,0,0,0,0,0,0,0,0,0,0,1084,0,2100.0,1969.108273461633,1650.9293040144257,2198.879470000975,256.0
1785382287,0,,Aggregated,13.600000,0.000000,0,0,0,0,0,0,0,0,0,0,0,2168,0,260.0,1066.0158509010914,93.47443794831634,2198.879470000975,206.5
1785382288,0,TTFT,S1,6.800000,0.000000,0,0,0,0,0,0,0,0,0,0,0,1084,0,160.0,162.92342834054995,93.47443794831634,256.672624964267,157.0
1785382288,0,total,S1,6.800000,0.000000,0,0,0,0,0,0,0,0,0,0,0,1084,0,2100.0,1969.108273461633,1650.9293040144257,2198.879470000975,256.0
1785382288,0,,Aggregated,13.600000,0.000000,0,0,0,0,0,0,0,0,0,0,0,2168,0,260.0,1066.0158509010914,93.47443794831634,2198.879470000975,206.5
1785382289,0,TTFT,S1,6.800000,0.000000,0,0,0,0,0,0,0,0,0,0,0,1084,0,160.0,162.92342834054995,93.47443794831634,256.672624964267,157.0
1785382289,0,total,S1,6.800000,0.000000,0,0,0,0,0,0,0,0,0,0,0,1084,0,2100.0,1969.108273461633,1650.9293040144257,2198.879470000975,256.0
1785382289,0,,Aggregated,13.600000,0.000000,0,0,0,0,0,0,0,0,0,0,0,2168,0,260.0,1066.0158509010914,93.47443794831634,2198.879470000975,206.5
1785382290,0,TTFT,S1,6.800000,0.000000,0,0,0,0,0,0,0,0,0,0,0,1084,0,160.0,162.92342834054995,93.47443794831634,256.672624964267,157.0
1785382290,0,total,S1,6.800000,0.000000,0,0,0,0,0,0,0,0,0,0,0,1084,0,2100.0,1969.108273461633,1650.9293040144257,2198.879470000975,256.0
1785382290,0,,Aggregated,13.600000,0.000000,0,0,0,0,0,0,0,0,0,0,0,2168,0,260.0,1066.0158509010914,93.47443794831634,2198.879470000975,206.5
1785382291,0,TTFT,S1,6.800000,0.000000,0,0,0,0,0,0,0,0,0,0,0,1084,0,160.0,162.92342834054995,93.47443794831634,256.672624964267,157.0
1785382291,0,total,S1,6.800000,0.000000,0,0,0,0,0,0,0,0,0,0,0,1084,0,2100.0,1969.108273461633,1650.9293040144257,2198.879470000975,256.0
1785382291,0,,Aggregated,13.600000,0.000000,0,0,0,0,0,0,0,0,0,0,0,2168,0,260.0,1066.0158509010914,93.47443794831634,2198.879470000975,206.5
1785382292,0,TTFT,S1,6.800000,0.000000,0,0,0,0,0,0,0,0,0,0,0,1084,0,160.0,162.92342834054995,93.47443794831634,256.672624964267,157.0
1785382292,0,total,S1,6.800000,0.000000,0,0,0,0,0,0,0,0,0,0,0,1084,0,2100.0,1969.108273461633,1650.9293040144257,2198.879470000975,256.0
1785382292,0,,Aggregated,13.600000,0.000000,0,0,0,0,0,0,0,0,0,0,0,2168,0,260.0,1066.0158509010914,93.47443794831634,2198.879470000975,206.5
1785382293,0,TTFT,S1,6.800000,0.000000,0,0,0,0,0,0,0,0,0,0,0,1084,0,160.0,162.92342834054995,93.47443794831634,256.672624964267,157.0
1785382293,0,total,S1,6.800000,0.000000,0,0,0,0,0,0,0,0,0,0,0,1084,0,2100.0,1969.108273461633,1650.9293040144257,2198.879470000975,256.0
1785382293,0,,Aggregated,13.600000,0.000000,0,0,0,0,0,0,0,0,0,0,0,2168,0,260.0,1066.0158509010914,93.47443794831634,2198.879470000975,206.5
1785382294,0,TTFT,S1,6.800000,0.000000,0,0,0,0,0,0,0,0,0,0,0,1084,0,160.0,162.92342834054995,93.47443794831634,256.672624964267,157.0
1785382294,0,total,S1,6.800000,0.000000,0,0,0,0,0,0,0,0,0,0,0,1084,0,2100.0,1969.108273461633,1650.9293040144257,2198.879470000975,256.0
1785382294,0,,Aggregated,13.600000,0.000000,0,0,0,0,0,0,0,0,0,0,0,2168,0,260.0,1066.0158509010914,93.47443794831634,2198.879470000975,206.5
1785382295,0,TTFT,S1,6.800000,0.000000,0,0,0,0,0,0,0,0,0,0,0,1084,0,160.0,162.92342834054995,93.47443794831634,256.672624964267,157.0
1785382295,0,total,S1,6.800000,0.000000,0,0,0,0,0,0,0,0,0,0,0,1084,0,2100.0,1969.108273461633,1650.9293040144257,2198.879470000975,256.0
1785382295,0,,Aggregated,13.600000,0.000000,0,0,0,0,0,0,0,0,0,0,0,2168,0,260.0,1066.0158509010914,93.47443794831634,2198.879470000975,206.5
1785382296,0,TTFT,S1,6.800000,0.000000,0,0,0,0,0,0,0,0,0,0,0,1084,0,160.0,162.92342834054995,93.47443794831634,256.672624964267,157.0
1785382296,0,total,S1,6.800000,0.000000,0,0,0,0,0,0,0,0,0,0,0,1084,0,2100.0,1969.108273461633,1650.9293040144257,2198.879470000975,256.0
1785382296,0,,Aggregated,13.600000,0.000000,0,0,0,0,0,0,0,0,0,0,0,2168,0,260.0,1066.0158509010914,93.47443794831634,2198.879470000975,206.5
1785382297,0,TTFT,S1,6.800000,0.000000,0,0,0,0,0,0,0,0,0,0,0,1084,0,160.0,162.92342834054995,93.47443794831634,256.672624964267,157.0
1785382297,0,total,S1,6.800000,0.000000,0,0,0,0,0,0,0,0,0,0,0,1084,0,2100.0,1969.108273461633,1650.9293040144257,2198.879470000975,256.0
1785382297,0,,Aggregated,13.600000,0.000000,0,0,0,0,0,0,0,0,0,0,0,2168,0,260.0,1066.0158509010914,93.47443794831634,2198.879470000975,206.5
1785382298,0,TTFT,S1,6.800000,0.000000,0,0,0,0,0,0,0,0,0,0,0,1084,0,160.0,162.92342834054995,93.47443794831634,256.672624964267,157.0
1785382298,0,total,S1,6.800000,0.000000,0,0,0,0,0,0,0,0,0,0,0,1084,0,2100.0,1969.108273461633,1650.9293040144257,2198.879470000975,256.0
1785382298,0,,Aggregated,13.600000,0.000000,0,0,0,0,0,0,0,0,0,0,0,2168,0,260.0,1066.0158509010914,93.47443794831634,2198.879470000975,206.5
1785382299,0,TTFT,S1,6.800000,0.000000,0,0,0,0,0,0,0,0,0,0,0,1084,0,160.0,162.92342834054995,93.47443794831634,256.672624964267,157.0
1785382299,0,total,S1,6.800000,0.000000,0,0,0,0,0,0,0,0,0,0,0,1084,0,2100.0,1969.108273461633,1650.9293040144257,2198.879470000975,256.0
1785382299,0,,Aggregated,13.600000,0.000000,0,0,0,0,0,0,0,0,0,0,0,2168,0,260.0,1066.0158509010914,93.47443794831634,2198.879470000975,206.5
1785382300,0,TTFT,S1,6.800000,0.000000,0,0,0,0,0,0,0,0,0,0,0,1084,0,160.0,162.92342834054995,93.47443794831634,256.672624964267,157.0
1785382300,0,total,S1,6.800000,0.000000,0,0,0,0,0,0,0,0,0,0,0,1084,0,2100.0,1969.108273461633,1650.9293040144257,2198.879470000975,256.0
1785382300,0,,Aggregated,13.600000,0.000000,0,0,0,0,0,0,0,0,0,0,0,2168,0,260.0,1066.0158509010914,93.47443794831634,2198.879470000975,206.5
1785382301,0,TTFT,S1,6.800000,0.000000,0,0,0,0,0,0,0,0,0,0,0,1084,0,160.0,162.92342834054995,93.47443794831634,256.672624964267,157.0
1785382301,0,total,S1,6.800000,0.000000,0,0,0,0,0,0,0,0,0,0,0,1084,0,2100.0,1969.108273461633,1650.9293040144257,2198.879470000975,256.0
1785382301,0,,Aggregated,13.600000,0.000000,0,0,0,0,0,0,0,0,0,0,0,2168,0,260.0,1066.0158509010914,93.47443794831634,2198.879470000975,206.5
1785382302,0,TTFT,S1,6.800000,0.000000,0,0,0,0,0,0,0,0,0,0,0,1084,0,160.0,162.92342834054995,93.47443794831634,256.672624964267,157.0
1785382302,0,total,S1,6.800000,0.000000,0,0,0,0,0,0,0,0,0,0,0,1084,0,2100.0,1969.108273461633,1650.9293040144257,2198.879470000975,256.0
1785382302,0,,Aggregated,13.600000,0.000000,0,0,0,0,0,0,0,0,0,0,0,2168,0,260.0,1066.0158509010914,93.47443794831634,2198.879470000975,206.5
1785382303,0,TTFT,S1,6.800000,0.000000,0,0,0,0,0,0,0,0,0,0,0,1084,0,160.0,162.92342834054995,93.47443794831634,256.672624964267,157.0
1785382303,0,total,S1,6.800000,0.000000,0,0,0,0,0,0,0,0,0,0,0,1084,0,2100.0,1969.108273461633,1650.9293040144257,2198.879470000975,256.0
1785382303,0,,Aggregated,13.600000,0.000000,0,0,0,0,0,0,0,0,0,0,0,2168,0,260.0,1066.0158509010914,93.47443794831634,2198.879470000975,206.5
1785382304,0,TTFT,S1,6.800000,0.000000,0,0,0,0,0,0,0,0,0,0,0,1084,0,160.0,162.92342834054995,93.47443794831634,256.672624964267,157.0
1785382304,0,total,S1,6.800000,0.000000,0,0,0,0,0,0,0,0,0,0,0,1084,0,2100.0,1969.108273461633,1650.9293040144257,2198.879470000975,256.0
1785382304,0,,Aggregated,13.600000,0.000000,0,0,0,0,0,0,0,0,0,0,0,2168,0,260.0,1066.0158509010914,93.47443794831634,2198.879470000975,206.5
1785382305,0,TTFT,S1,6.800000,0.000000,0,0,0,0,0,0,0,0,0,0,0,1084,0,160.0,162.92342834054995,93.47443794831634,256.672624964267,157.0
1785382305,0,total,S1,6.800000,0.000000,0,0,0,0,0,0,0,0,0,0,0,1084,0,2100.0,1969.108273461633,1650.9293040144257,2198.879470000975,256.0
1785382305,0,,Aggregated,13.600000,0.000000,0,0,0,0,0,0,0,0,0,0,0,2168,0,260.0,1066.0158509010914,93.47443794831634,2198.879470000975,206.5
1785382306,0,TTFT,S1,6.800000,0.000000,0,0,0,0,0,0,0,0,0,0,0,1084,0,160.0,162.92342834054995,93.47443794831634,256.672624964267,157.0
1785382306,0,total,S1,6.800000,0.000000,0,0,0,0,0,0,0,0,0,0,0,1084,0,2100.0,1969.108273461633,1650.9293040144257,2198.879470000975,256.0
1785382306,0,,Aggregated,13.600000,0.000000,0,0,0,0,0,0,0,0,0,0,0,2168,0,260.0,1066.0158509010914,93.47443794831634,2198.879470000975,206.5
1785382307,0,TTFT,S1,6.800000,0.000000,0,0,0,0,0,0,0,0,0,0,0,1084,0,160.0,162.92342834054995,93.47443794831634,256.672624964267,157.0
1785382307,0,total,S1,6.800000,0.000000,0,0,0,0,0,0,0,0,0,0,0,1084,0,2100.0,1969.108273461633,1650.9293040144257,2198.879470000975,256.0
1785382307,0,,Aggregated,13.600000,0.000000,0,0,0,0,0,0,0,0,0,0,0,2168,0,260.0,1066.0158509010914,93.47443794831634,2198.879470000975,206.5
1785382308,0,TTFT,S1,6.800000,0.000000,0,0,0,0,0,0,0,0,0,0,0,1084,0,160.0,162.92342834054995,93.47443794831634,256.672624964267,157.0
1785382308,0,total,S1,6.800000,0.000000,0,0,0,0,0,0,0,0,0,0,0,1084,0,2100.0,1969.108273461633,1650.9293040144257,2198.879470000975,256.0
1785382308,0,,Aggregated,13.600000,0.000000,0,0,0,0,0,0,0,0,0,0,0,2168,0,260.0,1066.0158509010914,93.47443794831634,2198.879470000975,206.5
1785382309,0,TTFT,S1,6.800000,0.000000,0,0,0,0,0,0,0,0,0,0,0,1084,0,160.0,162.92342834054995,93.47443794831634,256.672624964267,157.0
1785382309,0,total,S1,6.800000,0.000000,0,0,0,0,0,0,0,0,0,0,0,1084,0,2100.0,1969.108273461633,1650.9293040144257,2198.879470000975,256.0
1785382309,0,,Aggregated,13.600000,0.000000,0,0,0,0,0,0,0,0,0,0,0,2168,0,260.0,1066.0158509010914,93.47443794831634,2198.879470000975,206.5
1785382310,0,TTFT,S1,6.800000,0.000000,0,0,0,0,0,0,0,0,0,0,0,1084,0,160.0,162.92342834054995,93.47443794831634,256.672624964267,157.0
1785382310,0,total,S1,6.800000,0.000000,0,0,0,0,0,0,0,0,0,0,0,1084,0,2100.0,1969.108273461633,1650.9293040144257,2198.879470000975,256.0
1785382310,0,,Aggregated,13.600000,0.000000,0,0,0,0,0,0,0,0,0,0,0,2168,0,260.0,1066.0158509010914,93.47443794831634,2198.879470000975,206.5
1785382311,0,TTFT,S1,6.800000,0.000000,0,0,0,0,0,0,0,0,0,0,0,1084,0,160.0,162.92342834054995,93.47443794831634,256.672624964267,157.0
1785382311,0,total,S1,6.800000,0.000000,0,0,0,0,0,0,0,0,0,0,0,1084,0,2100.0,1969.108273461633,1650.9293040144257,2198.879470000975,256.0
1785382311,0,,Aggregated,13.600000,0.000000,0,0,0,0,0,0,0,0,0,0,0,2168,0,260.0,1066.0158509010914,93.47443794831634,2198.879470000975,206.5
1785382312,0,TTFT,S1,6.800000,0.000000,0,0,0,0,0,0,0,0,0,0,0,1084,0,160.0,162.92342834054995,93.47443794831634,256.672624964267,157.0
1785382312,0,total,S1,6.800000,0.000000,0,0,0,0,0,0,0,0,0,0,0,1084,0,2100.0,1969.108273461633,1650.9293040144257,2198.879470000975,256.0
1785382312,0,,Aggregated,13.600000,0.000000,0,0,0,0,0,0,0,0,0,0,0,2168,0,260.0,1066.0158509010914,93.47443794831634,2198.879470000975,206.5
1785382313,0,TTFT,S1,6.800000,0.000000,0,0,0,0,0,0,0,0,0,0,0,1084,0,160.0,162.92342834054995,93.47443794831634,256.672624964267,157.0
1785382313,0,total,S1,6.800000,0.000000,0,0,0,0,0,0,0,0,0,0,0,1084,0,2100.0,1969.108273461633,1650.9293040144257,2198.879470000975,256.0
1785382313,0,,Aggregated,13.600000,0.000000,0,0,0,0,0,0,0,0,0,0,0,2168,0,260.0,1066.0158509010914,93.47443794831634,2198.879470000975,206.5
1785382314,0,TTFT,S1,6.800000,0.000000,0,0,0,0,0,0,0,0,0,0,0,1084,0,160.0,162.92342834054995,93.47443794831634,256.672624964267,157.0
1785382314,0,total,S1,6.800000,0.000000,0,0,0,0,0,0,0,0,0,0,0,1084,0,2100.0,1969.108273461633,1650.9293040144257,2198.879470000975,256.0
1785382314,0,,Aggregated,13.600000,0.000000,0,0,0,0,0,0,0,0,0,0,0,2168,0,260.0,1066.0158509010914,93.47443794831634,2198.879470000975,206.5
1785382315,0,TTFT,S1,6.800000,0.000000,0,0,0,0,0,0,0,0,0,0,0,1084,0,160.0,162.92342834054995,93.47443794831634,256.672624964267,157.0
1785382315,0,total,S1,6.800000,0.000000,0,0,0,0,0,0,0,0,0,0,0,1084,0,2100.0,1969.108273461633,1650.9293040144257,2198.879470000975,256.0
1785382315,0,,Aggregated,13.600000,0.000000,0,0,0,0,0,0,0,0,0,0,0,2168,0,260.0,1066.0158509010914,93.47443794831634,2198.879470000975,206.5
1785382316,0,TTFT,S1,6.800000,0.000000,0,0,0,0,0,0,0,0,0,0,0,1084,0,160.0,162.92342834054995,93.47443794831634,256.672624964267,157.0
1785382316,0,total,S1,6.800000,0.000000,0,0,0,0,0,0,0,0,0,0,0,1084,0,2100.0,1969.108273461633,1650.9293040144257,2198.879470000975,256.0
1785382316,0,,Aggregated,13.600000,0.000000,0,0,0,0,0,0,0,0,0,0,0,2168,0,260.0,1066.0158509010914,93.47443794831634,2198.879470000975,206.5
1785382317,0,TTFT,S1,6.800000,0.000000,0,0,0,0,0,0,0,0,0,0,0,1084,0,160.0,162.92342834054995,93.47443794831634,256.672624964267,157.0
1785382317,0,total,S1,6.800000,0.000000,0,0,0,0,0,0,0,0,0,0,0,1084,0,2100.0,1969.108273461633,1650.9293040144257,2198.879470000975,256.0
1785382317,0,,Aggregated,13.600000,0.000000,0,0,0,0,0,0,0,0,0,0,0,2168,0,260.0,1066.0158509010914,93.47443794831634,2198.879470000975,206.5
1785382318,0,TTFT,S1,6.800000,0.000000,0,0,0,0,0,0,0,0,0,0,0,1084,0,160.0,162.92342834054995,93.47443794831634,256.672624964267,157.0
1785382318,0,total,S1,6.800000,0.000000,0,0,0,0,0,0,0,0,0,0,0,1084,0,2100.0,1969.108273461633,1650.9293040144257,2198.879470000975,256.0
1785382318,0,,Aggregated,13.600000,0.000000,0,0,0,0,0,0,0,0,0,0,0,2168,0,260.0,1066.0158509010914,93.47443794831634,2198.879470000975,206.5
1785382319,0,TTFT,S1,6.800000,0.000000,0,0,0,0,0,0,0,0,0,0,0,1084,0,160.0,162.92342834054995,93.47443794831634,256.672624964267,157.0
1785382319,0,total,S1,6.800000,0.000000,0,0,0,0,0,0,0,0,0,0,0,1084,0,2100.0,1969.108273461633,1650.9293040144257,2198.879470000975,256.0
1785382319,0,,Aggregated,13.600000,0.000000,0,0,0,0,0,0,0,0,0,0,0,2168,0,260.0,1066.0158509010914,93.47443794831634,2198.879470000975,206.5
1785382320,0,TTFT,S1,6.800000,0.000000,0,0,0,0,0,0,0,0,0,0,0,1084,0,160.0,162.92342834054995,93.47443794831634,256.672624964267,157.0
1785382320,0,total,S1,6.800000,0.000000,0,0,0,0,0,0,0,0,0,0,0,1084,0,2100.0,1969.108273461633,1650.9293040144257,2198.879470000975,256.0
1785382320,0,,Aggregated,13.600000,0.000000,0,0,0,0,0,0,0,0,0,0,0,2168,0,260.0,1066.0158509010914,93.47443794831634,2198.879470000975,206.5
1785382321,0,TTFT,S1,6.800000,0.000000,0,0,0,0,0,0,0,0,0,0,0,1084,0,160.0,162.92342834054995,93.47443794831634,256.672624964267,157.0
1785382321,0,total,S1,6.800000,0.000000,0,0,0,0,0,0,0,0,0,0,0,1084,0,2100.0,1969.108273461633,1650.9293040144257,2198.879470000975,256.0
1785382321,0,,Aggregated,13.600000,0.000000,0,0,0,0,0,0,0,0,0,0,0,2168,0,260.0,1066.0158509010914,93.47443794831634,2198.879470000975,206.5
1785382322,0,TTFT,S1,6.800000,0.000000,0,0,0,0,0,0,0,0,0,0,0,1084,0,160.0,162.92342834054995,93.47443794831634,256.672624964267,157.0
1785382322,0,total,S1,6.800000,0.000000,0,0,0,0,0,0,0,0,0,0,0,1084,0,2100.0,1969.108273461633,1650.9293040144257,2198.879470000975,256.0
1785382322,0,,Aggregated,13.600000,0.000000,0,0,0,0,0,0,0,0,0,0,0,2168,0,260.0,1066.0158509010914,93.47443794831634,2198.879470000975,206.5
1785382323,0,TTFT,S1,6.800000,0.000000,0,0,0,0,0,0,0,0,0,0,0,1084,0,160.0,162.92342834054995,93.47443794831634,256.672624964267,157.0
1785382323,0,total,S1,6.800000,0.000000,0,0,0,0,0,0,0,0,0,0,0,1084,0,2100.0,1969.108273461633,1650.9293040144257,2198.879470000975,256.0
1785382323,0,,Aggregated,13.600000,0.000000,0,0,0,0,0,0,0,0,0,0,0,2168,0,260.0,1066.0158509010914,93.47443794831634,2198.879470000975,206.5
1785382324,0,TTFT,S1,6.800000,0.000000,0,0,0,0,0,0,0,0,0,0,0,1084,0,160.0,162.92342834054995,93.47443794831634,256.672624964267,157.0
1785382324,0,total,S1,6.800000,0.000000,0,0,0,0,0,0,0,0,0,0,0,1084,0,2100.0,1969.108273461633,1650.9293040144257,2198.879470000975,256.0
1785382324,0,,Aggregated,13.600000,0.000000,0,0,0,0,0,0,0,0,0,0,0,2168,0,260.0,1066.0158509010914,93.47443794831634,2198.879470000975,206.5
1785382325,0,TTFT,S1,6.800000,0.000000,0,0,0,0,0,0,0,0,0,0,0,1084,0,160.0,162.92342834054995,93.47443794831634,256.672624964267,157.0
1785382325,0,total,S1,6.800000,0.000000,0,0,0,0,0,0,0,0,0,0,0,1084,0,2100.0,1969.108273461633,1650.9293040144257,2198.879470000975,256.0
1785382325,0,,Aggregated,13.600000,0.000000,0,0,0,0,0,0,0,0,0,0,0,2168,0,260.0,1066.0158509010914,93.47443794831634,2198.879470000975,206.5
1785382326,0,TTFT,S1,6.800000,0.000000,0,0,0,0,0,0,0,0,0,0,0,1084,0,160.0,162.92342834054995,93.47443794831634,256.672624964267,157.0
1785382326,0,total,S1,6.800000,0.000000,0,0,0,0,0,0,0,0,0,0,0,1084,0,2100.0,1969.108273461633,1650.9293040144257,2198.879470000975,256.0
1785382326,0,,Aggregated,13.600000,0.000000,0,0,0,0,0,0,0,0,0,0,0,2168,0,260.0,1066.0158509010914,93.47443794831634,2198.879470000975,206.5
1785382327,0,TTFT,S1,6.800000,0.000000,0,0,0,0,0,0,0,0,0,0,0,1084,0,160.0,162.92342834054995,93.47443794831634,256.672624964267,157.0
1785382327,0,total,S1,6.800000,0.000000,0,0,0,0,0,0,0,0,0,0,0,1084,0,2100.0,1969.108273461633,1650.9293040144257,2198.879470000975,256.0
1785382327,0,,Aggregated,13.600000,0.000000,0,0,0,0,0,0,0,0,0,0,0,2168,0,260.0,1066.0158509010914,93.47443794831634,2198.879470000975,206.5
1785382328,0,TTFT,S1,6.800000,0.000000,0,0,0,0,0,0,0,0,0,0,0,1084,0,160.0,162.92342834054995,93.47443794831634,256.672624964267,157.0
1785382328,0,total,S1,6.800000,0.000000,0,0,0,0,0,0,0,0,0,0,0,1084,0,2100.0,1969.108273461633,1650.9293040144257,2198.879470000975,256.0
1785382328,0,,Aggregated,13.600000,0.000000,0,0,0,0,0,0,0,0,0,0,0,2168,0,260.0,1066.0158509010914,93.47443794831634,2198.879470000975,206.5
1785382329,0,TTFT,S1,6.800000,0.000000,0,0,0,0,0,0,0,0,0,0,0,1084,0,160.0,162.92342834054995,93.47443794831634,256.672624964267,157.0
1785382329,0,total,S1,6.800000,0.000000,0,0,0,0,0,0,0,0,0,0,0,1084,0,2100.0,1969.108273461633,1650.9293040144257,2198.879470000975,256.0
1785382329,0,,Aggregated,13.600000,0.000000,0,0,0,0,0,0,0,0,0,0,0,2168,0,260.0,1066.0158509010914,93.47443794831634,2198.879470000975,206.5
1785382330,0,TTFT,S1,6.800000,0.000000,0,0,0,0,0,0,0,0,0,0,0,1084,0,160.0,162.92342834054995,93.47443794831634,256.672624964267,157.0
1785382330,0,total,S1,6.800000,0.000000,0,0,0,0,0,0,0,0,0,0,0,1084,0,2100.0,1969.108273461633,1650.9293040144257,2198.879470000975,256.0
1785382330,0,,Aggregated,13.600000,0.000000,0,0,0,0,0,0,0,0,0,0,0,2168,0,260.0,1066.0158509010914,93.47443794831634,2198.879470000975,206.5
1785382331,0,TTFT,S1,6.800000,0.000000,0,0,0,0,0,0,0,0,0,0,0,1084,0,160.0,162.92342834054995,93.47443794831634,256.672624964267,157.0
1785382331,0,total,S1,6.800000,0.000000,0,0,0,0,0,0,0,0,0,0,0,1084,0,2100.0,1969.108273461633,1650.9293040144257,2198.879470000975,256.0
1785382331,0,,Aggregated,13.600000,0.000000,0,0,0,0,0,0,0,0,0,0,0,2168,0,260.0,1066.0158509010914,93.47443794831634,2198.879470000975,206.5
1785382332,0,TTFT,S1,6.800000,0.000000,0,0,0,0,0,0,0,0,0,0,0,1084,0,160.0,162.92342834054995,93.47443794831634,256.672624964267,157.0
1785382332,0,total,S1,6.800000,0.000000,0,0,0,0,0,0,0,0,0,0,0,1084,0,2100.0,1969.108273461633,1650.9293040144257,2198.879470000975,256.0
1785382332,0,,Aggregated,13.600000,0.000000,0,0,0,0,0,0,0,0,0,0,0,2168,0,260.0,1066.0158509010914,93.47443794831634,2198.879470000975,206.5
1785382333,0,TTFT,S1,6.800000,0.000000,0,0,0,0,0,0,0,0,0,0,0,1084,0,160.0,162.92342834054995,93.47443794831634,256.672624964267,157.0
1785382333,0,total,S1,6.800000,0.000000,0,0,0,0,0,0,0,0,0,0,0,1084,0,2100.0,1969.108273461633,1650.9293040144257,2198.879470000975,256.0
1785382333,0,,Aggregated,13.600000,0.000000,0,0,0,0,0,0,0,0,0,0,0,2168,0,260.0,1066.0158509010914,93.47443794831634,2198.879470000975,206.5
1785382334,0,TTFT,S1,6.800000,0.000000,0,0,0,0,0,0,0,0,0,0,0,1084,0,160.0,162.92342834054995,93.47443794831634,256.672624964267,157.0
1785382334,0,total,S1,6.800000,0.000000,0,0,0,0,0,0,0,0,0,0,0,1084,0,2100.0,1969.108273461633,1650.9293040144257,2198.879470000975,256.0
1785382334,0,,Aggregated,13.600000,0.000000,0,0,0,0,0,0,0,0,0,0,0,2168,0,260.0,1066.0158509010914,93.47443794831634,2198.879470000975,206.5
1785382335,0,TTFT,S1,6.800000,0.000000,0,0,0,0,0,0,0,0,0,0,0,1084,0,160.0,162.92342834054995,93.47443794831634,256.672624964267,157.0
1785382335,0,total,S1,6.800000,0.000000,0,0,0,0,0,0,0,0,0,0,0,1084,0,2100.0,1969.108273461633,1650.9293040144257,2198.879470000975,256.0
1785382335,0,,Aggregated,13.600000,0.000000,0,0,0,0,0,0,0,0,0,0,0,2168,0,260.0,1066.0158509010914,93.47443794831634,2198.879470000975,206.5
1785382336,0,TTFT,S1,6.800000,0.000000,0,0,0,0,0,0,0,0,0,0,0,1084,0,160.0,162.92342834054995,93.47443794831634,256.672624964267,157.0
1785382336,0,total,S1,6.800000,0.000000,0,0,0,0,0,0,0,0,0,0,0,1084,0,2100.0,1969.108273461633,1650.9293040144257,2198.879470000975,256.0
1785382336,0,,Aggregated,13.600000,0.000000,0,0,0,0,0,0,0,0,0,0,0,2168,0,260.0,1066.0158509010914,93.47443794831634,2198.879470000975,206.5
1785382337,0,TTFT,S1,6.800000,0.000000,0,0,0,0,0,0,0,0,0,0,0,1084,0,160.0,162.92342834054995,93.47443794831634,256.672624964267,157.0
1785382337,0,total,S1,6.800000,0.000000,0,0,0,0,0,0,0,0,0,0,0,1084,0,2100.0,1969.108273461633,1650.9293040144257,2198.879470000975,256.0
1785382337,0,,Aggregated,13.600000,0.000000,0,0,0,0,0,0,0,0,0,0,0,2168,0,260.0,1066.0158509010914,93.47443794831634,2198.879470000975,206.5
1785382338,0,TTFT,S1,6.800000,0.000000,0,0,0,0,0,0,0,0,0,0,0,1084,0,160.0,162.92342834054995,93.47443794831634,256.672624964267,157.0
1785382338,0,total,S1,6.800000,0.000000,0,0,0,0,0,0,0,0,0,0,0,1084,0,2100.0,1969.108273461633,1650.9293040144257,2198.879470000975,256.0
1785382338,0,,Aggregated,13.600000,0.000000,0,0,0,0,0,0,0,0,0,0,0,2168,0,260.0,1066.0158509010914,93.47443794831634,2198.879470000975,206.5
1785382339,0,TTFT,S1,6.800000,0.000000,0,0,0,0,0,0,0,0,0,0,0,1084,0,160.0,162.92342834054995,93.47443794831634,256.672624964267,157.0
1785382339,0,total,S1,6.800000,0.000000,0,0,0,0,0,0,0,0,0,0,0,1084,0,2100.0,1969.108273461633,1650.9293040144257,2198.879470000975,256.0
1785382339,0,,Aggregated,13.600000,0.000000,0,0,0,0,0,0,0,0,0,0,0,2168,0,260.0,1066.0158509010914,93.47443794831634,2198.879470000975,206.5
1785382340,0,TTFT,S1,6.800000,0.000000,0,0,0,0,0,0,0,0,0,0,0,1084,0,160.0,162.92342834054995,93.47443794831634,256.672624964267,157.0
1785382340,0,total,S1,6.800000,0.000000,0,0,0,0,0,0,0,0,0,0,0,1084,0,2100.0,1969.108273461633,1650.9293040144257,2198.879470000975,256.0
1785382340,0,,Aggregated,13.600000,0.000000,0,0,0,0,0,0,0,0,0,0,0,2168,0,260.0,1066.0158509010914,93.47443794831634,2198.879470000975,206.5
1785382341,0,TTFT,S1,6.800000,0.000000,0,0,0,0,0,0,0,0,0,0,0,1084,0,160.0,162.92342834054995,93.47443794831634,256.672624964267,157.0
1785382341,0,total,S1,6.800000,0.000000,0,0,0,0,0,0,0,0,0,0,0,1084,0,2100.0,1969.108273461633,1650.9293040144257,2198.879470000975,256.0
1785382341,0,,Aggregated,13.600000,0.000000,0,0,0,0,0,0,0,0,0,0,0,2168,0,260.0,1066.0158509010914,93.47443794831634,2198.879470000975,206.5
1785382342,0,TTFT,S1,6.800000,0.000000,0,0,0,0,0,0,0,0,0,0,0,1084,0,160.0,162.92342834054995,93.47443794831634,256.672624964267,157.0
1785382342,0,total,S1,6.800000,0.000000,0,0,0,0,0,0,0,0,0,0,0,1084,0,2100.0,1969.108273461633,1650.9293040144257,2198.879470000975,256.0
1785382342,0,,Aggregated,13.600000,0.000000,0,0,0,0,0,0,0,0,0,0,0,2168,0,260.0,1066.0158509010914,93.47443794831634,2198.879470000975,206.5
1785382343,0,TTFT,S1,6.800000,0.000000,0,0,0,0,0,0,0,0,0,0,0,1084,0,160.0,162.92342834054995,93.47443794831634,256.672624964267,157.0
1785382343,0,total,S1,6.800000,0.000000,0,0,0,0,0,0,0,0,0,0,0,1084,0,2100.0,1969.108273461633,1650.9293040144257,2198.879470000975,256.0
1785382343,0,,Aggregated,13.600000,0.000000,0,0,0,0,0,0,0,0,0,0,0,2168,0,260.0,1066.0158509010914,93.47443794831634,2198.879470000975,206.5
1785382344,0,TTFT,S1,6.800000,0.000000,0,0,0,0,0,0,0,0,0,0,0,1084,0,160.0,162.92342834054995,93.47443794831634,256.672624964267,157.0
1785382344,0,total,S1,6.800000,0.000000,0,0,0,0,0,0,0,0,0,0,0,1084,0,2100.0,1969.108273461633,1650.9293040144257,2198.879470000975,256.0
1785382344,0,,Aggregated,13.600000,0.000000,0,0,0,0,0,0,0,0,0,0,0,2168,0,260.0,1066.0158509010914,93.47443794831634,2198.879470000975,206.5
1785382345,0,TTFT,S1,6.800000,0.000000,0,0,0,0,0,0,0,0,0,0,0,1084,0,160.0,162.92342834054995,93.47443794831634,256.672624964267,157.0
1785382345,0,total,S1,6.800000,0.000000,0,0,0,0,0,0,0,0,0,0,0,1084,0,2100.0,1969.108273461633,1650.9293040144257,2198.879470000975,256.0
1785382345,0,,Aggregated,13.600000,0.000000,0,0,0,0,0,0,0,0,0,0,0,2168,0,260.0,1066.0158509010914,93.47443794831634,2198.879470000975,206.5
1785382346,0,TTFT,S1,6.800000,0.000000,0,0,0,0,0,0,0,0,0,0,0,1084,0,160.0,162.92342834054995,93.47443794831634,256.672624964267,157.0
1785382346,0,total,S1,6.800000,0.000000,0,0,0,0,0,0,0,0,0,0,0,1084,0,2100.0,1969.108273461633,1650.9293040144257,2198.879470000975,256.0
1785382346,0,,Aggregated,13.600000,0.000000,0,0,0,0,0,0,0,0,0,0,0,2168,0,260.0,1066.0158509010914,93.47443794831634,2198.879470000975,206.5
1785382347,0,TTFT,S1,6.800000,0.000000,0,0,0,0,0,0,0,0,0,0,0,1084,0,160.0,162.92342834054995,93.47443794831634,256.672624964267,157.0
1785382347,0,total,S1,6.800000,0.000000,0,0,0,0,0,0,0,0,0,0,0,1084,0,2100.0,1969.108273461633,1650.9293040144257,2198.879470000975,256.0
1785382347,0,,Aggregated,13.600000,0.000000,0,0,0,0,0,0,0,0,0,0,0,2168,0,260.0,1066.0158509010914,93.47443794831634,2198.879470000975,206.5
1785382348,0,TTFT,S1,6.800000,0.000000,0,0,0,0,0,0,0,0,0,0,0,1084,0,160.0,162.92342834054995,93.47443794831634,256.672624964267,157.0
1785382348,0,total,S1,6.800000,0.000000,0,0,0,0,0,0,0,0,0,0,0,1084,0,2100.0,1969.108273461633,1650.9293040144257,2198.879470000975,256.0
1785382348,0,,Aggregated,13.600000,0.000000,0,0,0,0,0,0,0,0,0,0,0,2168,0,260.0,1066.0158509010914,93.47443794831634,2198.879470000975,206.5
1785382349,0,TTFT,S1,6.800000,0.000000,0,0,0,0,0,0,0,0,0,0,0,1084,0,160.0,162.92342834054995,93.47443794831634,256.672624964267,157.0
1785382349,0,total,S1,6.800000,0.000000,0,0,0,0,0,0,0,0,0,0,0,1084,0,2100.0,1969.108273461633,1650.9293040144257,2198.879470000975,256.0
1785382349,0,,Aggregated,13.600000,0.000000,0,0,0,0,0,0,0,0,0,0,0,2168,0,260.0,1066.0158509010914,93.47443794831634,2198.879470000975,206.5
1785382350,0,TTFT,S1,6.800000,0.000000,0,0,0,0,0,0,0,0,0,0,0,1084,0,160.0,162.92342834054995,93.47443794831634,256.672624964267,157.0
1785382350,0,total,S1,6.800000,0.000000,0,0,0,0,0,0,0,0,0,0,0,1084,0,2100.0,1969.108273461633,1650.9293040144257,2198.879470000975,256.0
1785382350,0,,Aggregated,13.600000,0.000000,0,0,0,0,0,0,0,0,0,0,0,2168,0,260.0,1066.0158509010914,93.47443794831634,2198.879470000975,206.5
1785382351,0,TTFT,S1,6.800000,0.000000,0,0,0,0,0,0,0,0,0,0,0,1084,0,160.0,162.92342834054995,93.47443794831634,256.672624964267,157.0
1785382351,0,total,S1,6.800000,0.000000,0,0,0,0,0,0,0,0,0,0,0,1084,0,2100.0,1969.108273461633,1650.9293040144257,2198.879470000975,256.0
1785382351,0,,Aggregated,13.600000,0.000000,0,0,0,0,0,0,0,0,0,0,0,2168,0,260.0,1066.0158509010914,93.47443794831634,2198.879470000975,206.5
1785382352,0,TTFT,S1,6.800000,0.000000,0,0,0,0,0,0,0,0,0,0,0,1084,0,160.0,162.92342834054995,93.47443794831634,256.672624964267,157.0
1785382352,0,total,S1,6.800000,0.000000,0,0,0,0,0,0,0,0,0,0,0,1084,0,2100.0,1969.108273461633,1650.9293040144257,2198.879470000975,256.0
1785382352,0,,Aggregated,13.600000,0.000000,0,0,0,0,0,0,0,0,0,0,0,2168,0,260.0,1066.0158509010914,93.47443794831634,2198.879470000975,206.5
1785382353,0,TTFT,S1,6.800000,0.000000,0,0,0,0,0,0,0,0,0,0,0,1084,0,160.0,162.92342834054995,93.47443794831634,256.672624964267,157.0
1785382353,0,total,S1,6.800000,0.000000,0,0,0,0,0,0,0,0,0,0,0,1084,0,2100.0,1969.108273461633,1650.9293040144257,2198.879470000975,256.0
1785382353,0,,Aggregated,13.600000,0.000000,0,0,0,0,0,0,0,0,0,0,0,2168,0,260.0,1066.0158509010914,93.47443794831634,2198.879470000975,206.5
1785382354,0,TTFT,S1,6.800000,0.000000,0,0,0,0,0,0,0,0,0,0,0,1084,0,160.0,162.92342834054995,93.47443794831634,256.672624964267,157.0
1785382354,0,total,S1,6.800000,0.000000,0,0,0,0,0,0,0,0,0,0,0,1084,0,2100.0,1969.108273461633,1650.9293040144257,2198.879470000975,256.0
1785382354,0,,Aggregated,13.600000,0.000000,0,0,0,0,0,0,0,0,0,0,0,2168,0,260.0,1066.0158509010914,93.47443794831634,2198.879470000975,206.5
1785382355,0,TTFT,S1,6.800000,0.000000,0,0,0,0,0,0,0,0,0,0,0,1084,0,160.0,162.92342834054995,93.47443794831634,256.672624964267,157.0
1785382355,0,total,S1,6.800000,0.000000,0,0,0,0,0,0,0,0,0,0,0,1084,0,2100.0,1969.108273461633,1650.9293040144257,2198.879470000975,256.0
1785382355,0,,Aggregated,13.600000,0.000000,0,0,0,0,0,0,0,0,0,0,0,2168,0,260.0,1066.0158509010914,93.47443794831634,2198.879470000975,206.5
1785382356,0,TTFT,S1,6.800000,0.000000,0,0,0,0,0,0,0,0,0,0,0,1084,0,160.0,162.92342834054995,93.47443794831634,256.672624964267,157.0
1785382356,0,total,S1,6.800000,0.000000,0,0,0,0,0,0,0,0,0,0,0,1084,0,2100.0,1969.108273461633,1650.9293040144257,2198.879470000975,256.0
1785382356,0,,Aggregated,13.600000,0.000000,0,0,0,0,0,0,0,0,0,0,0,2168,0,260.0,1066.0158509010914,93.47443794831634,2198.879470000975,206.5
1785382357,0,TTFT,S1,6.800000,0.000000,0,0,0,0,0,0,0,0,0,0,0,1084,0,160.0,162.92342834054995,93.47443794831634,256.672624964267,157.0
1785382357,0,total,S1,6.800000,0.000000,0,0,0,0,0,0,0,0,0,0,0,1084,0,2100.0,1969.108273461633,1650.9293040144257,2198.879470000975,256.0
1785382357,0,,Aggregated,13.600000,0.000000,0,0,0,0,0,0,0,0,0,0,0,2168,0,260.0,1066.0158509010914,93.47443794831634,2198.879470000975,206.5
1785382358,0,TTFT,S1,6.800000,0.000000,0,0,0,0,0,0,0,0,0,0,0,1084,0,160.0,162.92342834054995,93.47443794831634,256.672624964267,157.0
1785382358,0,total,S1,6.800000,0.000000,0,0,0,0,0,0,0,0,0,0,0,1084,0,2100.0,1969.108273461633,1650.9293040144257,2198.879470000975,256.0
1785382358,0,,Aggregated,13.600000,0.000000,0,0,0,0,0,0,0,0,0,0,0,2168,0,260.0,1066.0158509010914,93.47443794831634,2198.879470000975,206.5
1785382359,0,TTFT,S1,6.800000,0.000000,0,0,0,0,0,0,0,0,0,0,0,1084,0,160.0,162.92342834054995,93.47443794831634,256.672624964267,157.0
1785382359,0,total,S1,6.800000,0.000000,0,0,0,0,0,0,0,0,0,0,0,1084,0,2100.0,1969.108273461633,1650.9293040144257,2198.879470000975,256.0
1785382359,0,,Aggregated,13.600000,0.000000,0,0,0,0,0,0,0,0,0,0,0,2168,0,260.0,1066.0158509010914,93.47443794831634,2198.879470000975,206.5
1785382360,0,TTFT,S1,6.800000,0.000000,0,0,0,0,0,0,0,0,0,0,0,1084,0,160.0,162.92342834054995,93.47443794831634,256.672624964267,157.0
1785382360,0,total,S1,6.800000,0.000000,0,0,0,0,0,0,0,0,0,0,0,1084,0,2100.0,1969.108273461633,1650.9293040144257,2198.879470000975,256.0
1785382360,0,,Aggregated,13.600000,0.000000,0,0,0,0,0,0,0,0,0,0,0,2168,0,260.0,1066.0158509010914,93.47443794831634,2198.879470000975,206.5
1785382361,0,TTFT,S1,6.800000,0.000000,0,0,0,0,0,0,0,0,0,0,0,1084,0,160.0,162.92342834054995,93.47443794831634,256.672624964267,157.0
1785382361,0,total,S1,6.800000,0.000000,0,0,0,0,0,0,0,0,0,0,0,1084,0,2100.0,1969.108273461633,1650.9293040144257,2198.879470000975,256.0
1785382361,0,,Aggregated,13.600000,0.000000,0,0,0,0,0,0,0,0,0,0,0,2168,0,260.0,1066.0158509010914,93.47443794831634,2198.879470000975,206.5
1785382362,0,TTFT,S1,6.800000,0.000000,0,0,0,0,0,0,0,0,0,0,0,1084,0,160.0,162.92342834054995,93.47443794831634,256.672624964267,157.0
1785382362,0,total,S1,6.800000,0.000000,0,0,0,0,0,0,0,0,0,0,0,1084,0,2100.0,1969.108273461633,1650.9293040144257,2198.879470000975,256.0
1785382362,0,,Aggregated,13.600000,0.000000,0,0,0,0,0,0,0,0,0,0,0,2168,0,260.0,1066.0158509010914,93.47443794831634,2198.879470000975,206.5
1785382363,0,TTFT,S1,6.800000,0.000000,0,0,0,0,0,0,0,0,0,0,0,1084,0,160.0,162.92342834054995,93.47443794831634,256.672624964267,157.0
1785382363,0,total,S1,6.800000,0.000000,0,0,0,0,0,0,0,0,0,0,0,1084,0,2100.0,1969.108273461633,1650.9293040144257,2198.879470000975,256.0
1785382363,0,,Aggregated,13.600000,0.000000,0,0,0,0,0,0,0,0,0,0,0,2168,0,260.0,1066.0158509010914,93.47443794831634,2198.879470000975,206.5
1785382364,0,TTFT,S1,6.800000,0.000000,0,0,0,0,0,0,0,0,0,0,0,1084,0,160.0,162.92342834054995,93.47443794831634,256.672624964267,157.0
1785382364,0,total,S1,6.800000,0.000000,0,0,0,0,0,0,0,0,0,0,0,1084,0,2100.0,1969.108273461633,1650.9293040144257,2198.879470000975,256.0
1785382364,0,,Aggregated,13.600000,0.000000,0,0,0,0,0,0,0,0,0,0,0,2168,0,260.0,1066.0158509010914,93.47443794831634,2198.879470000975,206.5
1785382365,0,TTFT,S1,6.800000,0.000000,0,0,0,0,0,0,0,0,0,0,0,1084,0,160.0,162.92342834054995,93.47443794831634,256.672624964267,157.0
1785382365,0,total,S1,6.800000,0.000000,0,0,0,0,0,0,0,0,0,0,0,1084,0,2100.0,1969.108273461633,1650.9293040144257,2198.879470000975,256.0
1785382365,0,,Aggregated,13.600000,0.000000,0,0,0,0,0,0,0,0,0,0,0,2168,0,260.0,1066.0158509010914,93.47443794831634,2198.879470000975,206.5
1785382366,0,TTFT,S1,6.800000,0.000000,0,0,0,0,0,0,0,0,0,0,0,1084,0,160.0,162.92342834054995,93.47443794831634,256.672624964267,157.0
1785382366,0,total,S1,6.800000,0.000000,0,0,0,0,0,0,0,0,0,0,0,1084,0,2100.0,1969.108273461633,1650.9293040144257,2198.879470000975,256.0
1785382366,0,,Aggregated,13.600000,0.000000,0,0,0,0,0,0,0,0,0,0,0,2168,0,260.0,1066.0158509010914,93.47443794831634,2198.879470000975,206.5
1785382367,0,TTFT,S1,6.800000,0.000000,0,0,0,0,0,0,0,0,0,0,0,1084,0,160.0,162.92342834054995,93.47443794831634,256.672624964267,157.0
1785382367,0,total,S1,6.800000,0.000000,0,0,0,0,0,0,0,0,0,0,0,1084,0,2100.0,1969.108273461633,1650.9293040144257,2198.879470000975,256.0
1785382367,0,,Aggregated,13.600000,0.000000,0,0,0,0,0,0,0,0,0,0,0,2168,0,260.0,1066.0158509010914,93.47443794831634,2198.879470000975,206.5
1785382368,0,TTFT,S1,6.800000,0.000000,0,0,0,0,0,0,0,0,0,0,0,1084,0,160.0,162.92342834054995,93.47443794831634,256.672624964267,157.0
1785382368,0,total,S1,6.800000,0.000000,0,0,0,0,0,0,0,0,0,0,0,1084,0,2100.0,1969.108273461633,1650.9293040144257,2198.879470000975,256.0
1785382368,0,,Aggregated,13.600000,0.000000,0,0,0,0,0,0,0,0,0,0,0,2168,0,260.0,1066.0158509010914,93.47443794831634,2198.879470000975,206.5
1785382369,0,TTFT,S1,6.800000,0.000000,0,0,0,0,0,0,0,0,0,0,0,1084,0,160.0,162.92342834054995,93.47443794831634,256.672624964267,157.0
1785382369,0,total,S1,6.800000,0.000000,0,0,0,0,0,0,0,0,0,0,0,1084,0,2100.0,1969.108273461633,1650.9293040144257,2198.879470000975,256.0
1785382369,0,,Aggregated,13.600000,0.000000,0,0,0,0,0,0,0,0,0,0,0,2168,0,260.0,1066.0158509010914,93.47443794831634,2198.879470000975,206.5
1785382370,0,TTFT,S1,6.800000,0.000000,0,0,0,0,0,0,0,0,0,0,0,1084,0,160.0,162.92342834054995,93.47443794831634,256.672624964267,157.0
1785382370,0,total,S1,6.800000,0.000000,0,0,0,0,0,0,0,0,0,0,0,1084,0,2100.0,1969.108273461633,1650.9293040144257,2198.879470000975,256.0
1785382370,0,,Aggregated,13.600000,0.000000,0,0,0,0,0,0,0,0,0,0,0,2168,0,260.0,1066.0158509010914,93.47443794831634,2198.879470000975,206.5
1785382371,0,TTFT,S1,6.800000,0.000000,0,0,0,0,0,0,0,0,0,0,0,1084,0,160.0,162.92342834054995,93.47443794831634,256.672624964267,157.0
1785382371,0,total,S1,6.800000,0.000000,0,0,0,0,0,0,0,0,0,0,0,1084,0,2100.0,1969.108273461633,1650.9293040144257,2198.879470000975,256.0
1785382371,0,,Aggregated,13.600000,0.000000,0,0,0,0,0,0,0,0,0,0,0,2168,0,260.0,1066.0158509010914,93.47443794831634,2198.879470000975,206.5
1785382372,0,TTFT,S1,6.800000,0.000000,0,0,0,0,0,0,0,0,0,0,0,1084,0,160.0,162.92342834054995,93.47443794831634,256.672624964267,157.0
1785382372,0,total,S1,6.800000,0.000000,0,0,0,0,0,0,0,0,0,0,0,1084,0,2100.0,1969.108273461633,1650.9293040144257,2198.879470000975,256.0
1785382372,0,,Aggregated,13.600000,0.000000,0,0,0,0,0,0,0,0,0,0,0,2168,0,260.0,1066.0158509010914,93.47443794831634,2198.879470000975,206.5
1785382373,0,TTFT,S1,6.800000,0.000000,0,0,0,0,0,0,0,0,0,0,0,1084,0,160.0,162.92342834054995,93.47443794831634,256.672624964267,157.0
1785382373,0,total,S1,6.800000,0.000000,0,0,0,0,0,0,0,0,0,0,0,1084,0,2100.0,1969.108273461633,1650.9293040144257,2198.879470000975,256.0
1785382373,0,,Aggregated,13.600000,0.000000,0,0,0,0,0,0,0,0,0,0,0,2168,0,260.0,1066.0158509010914,93.47443794831634,2198.879470000975,206.5
1785382374,0,TTFT,S1,6.800000,0.000000,0,0,0,0,0,0,0,0,0,0,0,1084,0,160.0,162.92342834054995,93.47443794831634,256.672624964267,157.0
1785382374,0,total,S1,6.800000,0.000000,0,0,0,0,0,0,0,0,0,0,0,1084,0,2100.0,1969.108273461633,1650.9293040144257,2198.879470000975,256.0
1785382374,0,,Aggregated,13.600000,0.000000,0,0,0,0,0,0,0,0,0,0,0,2168,0,260.0,1066.0158509010914,93.47443794831634,2198.879470000975,206.5
1785382375,0,TTFT,S1,6.800000,0.000000,0,0,0,0,0,0,0,0,0,0,0,1084,0,160.0,162.92342834054995,93.47443794831634,256.672624964267,157.0
1785382375,0,total,S1,6.800000,0.000000,0,0,0,0,0,0,0,0,0,0,0,1084,0,2100.0,1969.108273461633,1650.9293040144257,2198.879470000975,256.0
1785382375,0,,Aggregated,13.600000,0.000000,0,0,0,0,0,0,0,0,0,0,0,2168,0,260.0,1066.0158509010914,93.47443794831634,2198.879470000975,206.5
1785382376,0,TTFT,S1,6.800000,0.000000,0,0,0,0,0,0,0,0,0,0,0,1084,0,160.0,162.92342834054995,93.47443794831634,256.672624964267,157.0
1785382376,0,total,S1,6.800000,0.000000,0,0,0,0,0,0,0,0,0,0,0,1084,0,2100.0,1969.108273461633,1650.9293040144257,2198.879470000975,256.0
1785382376,0,,Aggregated,13.600000,0.000000,0,0,0,0,0,0,0,0,0,0,0,2168,0,260.0,1066.0158509010914,93.47443794831634,2198.879470000975,206.5
1785382377,0,TTFT,S1,6.800000,0.000000,0,0,0,0,0,0,0,0,0,0,0,1084,0,160.0,162.92342834054995,93.47443794831634,256.672624964267,157.0
1785382377,0,total,S1,6.800000,0.000000,0,0,0,0,0,0,0,0,0,0,0,1084,0,2100.0,1969.108273461633,1650.9293040144257,2198.879470000975,256.0
1785382377,0,,Aggregated,13.600000,0.000000,0,0,0,0,0,0,0,0,0,0,0,2168,0,260.0,1066.0158509010914,93.47443794831634,2198.879470000975,206.5
1785382378,0,TTFT,S1,6.800000,0.000000,0,0,0,0,0,0,0,0,0,0,0,1084,0,160.0,162.92342834054995,93.47443794831634,256.672624964267,157.0
1785382378,0,total,S1,6.800000,0.000000,0,0,0,0,0,0,0,0,0,0,0,1084,0,2100.0,1969.108273461633,1650.9293040144257,2198.879470000975,256.0
1785382378,0,,Aggregated,13.600000,0.000000,0,0,0,0,0,0,0,0,0,0,0,2168,0,260.0,1066.0158509010914,93.47443794831634,2198.879470000975,206.5
1785382379,0,TTFT,S1,6.800000,0.000000,0,0,0,0,0,0,0,0,0,0,0,1084,0,160.0,162.92342834054995,93.47443794831634,256.672624964267,157.0
1785382379,0,total,S1,6.800000,0.000000,0,0,0,0,0,0,0,0,0,0,0,1084,0,2100.0,1969.108273461633,1650.9293040144257,2198.879470000975,256.0
1785382379,0,,Aggregated,13.600000,0.000000,0,0,0,0,0,0,0,0,0,0,0,2168,0,260.0,1066.0158509010914,93.47443794831634,2198.879470000975,206.5
1785382380,0,TTFT,S1,6.800000,0.000000,0,0,0,0,0,0,0,0,0,0,0,1084,0,160.0,162.92342834054995,93.47443794831634,256.672624964267,157.0
1785382380,0,total,S1,6.800000,0.000000,0,0,0,0,0,0,0,0,0,0,0,1084,0,2100.0,1969.108273461633,1650.9293040144257,2198.879470000975,256.0
1785382380,0,,Aggregated,13.600000,0.000000,0,0,0,0,0,0,0,0,0,0,0,2168,0,260.0,1066.0158509010914,93.47443794831634,2198.879470000975,206.5
1785382381,0,TTFT,S1,6.800000,0.000000,0,0,0,0,0,0,0,0,0,0,0,1084,0,160.0,162.92342834054995,93.47443794831634,256.672624964267,157.0
1785382381,0,total,S1,6.800000,0.000000,0,0,0,0,0,0,0,0,0,0,0,1084,0,2100.0,1969.108273461633,1650.9293040144257,2198.879470000975,256.0
1785382381,0,,Aggregated,13.600000,0.000000,0,0,0,0,0,0,0,0,0,0,0,2168,0,260.0,1066.0158509010914,93.47443794831634,2198.879470000975,206.5
1785382382,0,TTFT,S1,6.800000,0.000000,0,0,0,0,0,0,0,0,0,0,0,1084,0,160.0,162.92342834054995,93.47443794831634,256.672624964267,157.0
1785382382,0,total,S1,6.800000,0.000000,0,0,0,0,0,0,0,0,0,0,0,1084,0,2100.0,1969.108273461633,1650.9293040144257,2198.879470000975,256.0
1785382382,0,,Aggregated,13.600000,0.000000,0,0,0,0,0,0,0,0,0,0,0,2168,0,260.0,1066.0158509010914,93.47443794831634,2198.879470000975,206.5
1785382383,0,TTFT,S1,6.800000,0.000000,0,0,0,0,0,0,0,0,0,0,0,1084,0,160.0,162.92342834054995,93.47443794831634,256.672624964267,157.0
1785382383,0,total,S1,6.800000,0.000000,0,0,0,0,0,0,0,0,0,0,0,1084,0,2100.0,1969.108273461633,1650.9293040144257,2198.879470000975,256.0
1785382383,0,,Aggregated,13.600000,0.000000,0,0,0,0,0,0,0,0,0,0,0,2168,0,260.0,1066.0158509010914,93.47443794831634,2198.879470000975,206.5
1785382384,0,TTFT,S1,6.800000,0.000000,0,0,0,0,0,0,0,0,0,0,0,1084,0,160.0,162.92342834054995,93.47443794831634,256.672624964267,157.0
1785382384,0,total,S1,6.800000,0.000000,0,0,0,0,0,0,0,0,0,0,0,1084,0,2100.0,1969.108273461633,1650.9293040144257,2198.879470000975,256.0
1785382384,0,,Aggregated,13.600000,0.000000,0,0,0,0,0,0,0,0,0,0,0,2168,0,260.0,1066.0158509010914,93.47443794831634,2198.879470000975,206.5
1785382385,0,TTFT,S1,6.800000,0.000000,0,0,0,0,0,0,0,0,0,0,0,1084,0,160.0,162.92342834054995,93.47443794831634,256.672624964267,157.0
1785382385,0,total,S1,6.800000,0.000000,0,0,0,0,0,0,0,0,0,0,0,1084,0,2100.0,1969.108273461633,1650.9293040144257,2198.879470000975,256.0
1785382385,0,,Aggregated,13.600000,0.000000,0,0,0,0,0,0,0,0,0,0,0,2168,0,260.0,1066.0158509010914,93.47443794831634,2198.879470000975,206.5
1785382386,0,TTFT,S1,6.800000,0.000000,0,0,0,0,0,0,0,0,0,0,0,1084,0,160.0,162.92342834054995,93.47443794831634,256.672624964267,157.0
1785382386,0,total,S1,6.800000,0.000000,0,0,0,0,0,0,0,0,0,0,0,1084,0,2100.0,1969.108273461633,1650.9293040144257,2198.879470000975,256.0
1785382386,0,,Aggregated,13.600000,0.000000,0,0,0,0,0,0,0,0,0,0,0,2168,0,260.0,1066.0158509010914,93.47443794831634,2198.879470000975,206.5
1785382387,0,TTFT,S1,6.800000,0.000000,0,0,0,0,0,0,0,0,0,0,0,1084,0,160.0,162.92342834054995,93.47443794831634,256.672624964267,157.0
1785382387,0,total,S1,6.800000,0.000000,0,0,0,0,0,0,0,0,0,0,0,1084,0,2100.0,1969.108273461633,1650.9293040144257,2198.879470000975,256.0
1785382387,0,,Aggregated,13.600000,0.000000,0,0,0,0,0,0,0,0,0,0,0,2168,0,260.0,1066.0158509010914,93.47443794831634,2198.879470000975,206.5
1785382388,0,TTFT,S1,6.800000,0.000000,0,0,0,0,0,0,0,0,0,0,0,1084,0,160.0,162.92342834054995,93.47443794831634,256.672624964267,157.0
1785382388,0,total,S1,6.800000,0.000000,0,0,0,0,0,0,0,0,0,0,0,1084,0,2100.0,1969.108273461633,1650.9293040144257,2198.879470000975,256.0
1785382388,0,,Aggregated,13.600000,0.000000,0,0,0,0,0,0,0,0,0,0,0,2168,0,260.0,1066.0158509010914,93.47443794831634,2198.879470000975,206.5
1785382389,0,TTFT,S1,6.800000,0.000000,0,0,0,0,0,0,0,0,0,0,0,1084,0,160.0,162.92342834054995,93.47443794831634,256.672624964267,157.0
1785382389,0,total,S1,6.800000,0.000000,0,0,0,0,0,0,0,0,0,0,0,1084,0,2100.0,1969.108273461633,1650.9293040144257,2198.879470000975,256.0
1785382389,0,,Aggregated,13.600000,0.000000,0,0,0,0,0,0,0,0,0,0,0,2168,0,260.0,1066.0158509010914,93.47443794831634,2198.879470000975,206.5
1785382390,0,TTFT,S1,6.800000,0.000000,0,0,0,0,0,0,0,0,0,0,0,1084,0,160.0,162.92342834054995,93.47443794831634,256.672624964267,157.0
1785382390,0,total,S1,6.800000,0.000000,0,0,0,0,0,0,0,0,0,0,0,1084,0,2100.0,1969.108273461633,1650.9293040144257,2198.879470000975,256.0
1785382390,0,,Aggregated,13.600000,0.000000,0,0,0,0,0,0,0,0,0,0,0,2168,0,260.0,1066.0158509010914,93.47443794831634,2198.879470000975,206.5
1785382391,0,TTFT,S1,6.800000,0.000000,0,0,0,0,0,0,0,0,0,0,0,1084,0,160.0,162.92342834054995,93.47443794831634,256.672624964267,157.0
1785382391,0,total,S1,6.800000,0.000000,0,0,0,0,0,0,0,0,0,0,0,1084,0,2100.0,1969.108273461633,1650.9293040144257,2198.879470000975,256.0
1785382391,0,,Aggregated,13.600000,0.000000,0,0,0,0,0,0,0,0,0,0,0,2168,0,260.0,1066.0158509010914,93.47443794831634,2198.879470000975,206.5
1785382392,0,TTFT,S1,6.800000,0.000000,0,0,0,0,0,0,0,0,0,0,0,1084,0,160.0,162.92342834054995,93.47443794831634,256.672624964267,157.0
1785382392,0,total,S1,6.800000,0.000000,0,0,0,0,0,0,0,0,0,0,0,1084,0,2100.0,1969.108273461633,1650.9293040144257,2198.879470000975,256.0
1785382392,0,,Aggregated,13.600000,0.000000,0,0,0,0,0,0,0,0,0,0,0,2168,0,260.0,1066.0158509010914,93.47443794831634,2198.879470000975,206.5
1785382393,0,TTFT,S1,6.800000,0.000000,0,0,0,0,0,0,0,0,0,0,0,1084,0,160.0,162.92342834054995,93.47443794831634,256.672624964267,157.0
1785382393,0,total,S1,6.800000,0.000000,0,0,0,0,0,0,0,0,0,0,0,1084,0,2100.0,1969.108273461633,1650.9293040144257,2198.879470000975,256.0
1785382393,0,,Aggregated,13.600000,0.000000,0,0,0,0,0,0,0,0,0,0,0,2168,0,260.0,1066.0158509010914,93.47443794831634,2198.879470000975,206.5
1785382394,0,TTFT,S1,6.800000,0.000000,0,0,0,0,0,0,0,0,0,0,0,1084,0,160.0,162.92342834054995,93.47443794831634,256.672624964267,157.0
1785382394,0,total,S1,6.800000,0.000000,0,0,0,0,0,0,0,0,0,0,0,1084,0,2100.0,1969.108273461633,1650.9293040144257,2198.879470000975,256.0
1785382394,0,,Aggregated,13.600000,0.000000,0,0,0,0,0,0,0,0,0,0,0,2168,0,260.0,1066.0158509010914,93.47443794831634,2198.879470000975,206.5
1785382395,0,TTFT,S1,6.800000,0.000000,0,0,0,0,0,0,0,0,0,0,0,1084,0,160.0,162.92342834054995,93.47443794831634,256.672624964267,157.0
1785382395,0,total,S1,6.800000,0.000000,0,0,0,0,0,0,0,0,0,0,0,1084,0,2100.0,1969.108273461633,1650.9293040144257,2198.879470000975,256.0
1785382395,0,,Aggregated,13.600000,0.000000,0,0,0,0,0,0,0,0,0,0,0,2168,0,260.0,1066.0158509010914,93.47443794831634,2198.879470000975,206.5
1785382396,0,TTFT,S1,6.800000,0.000000,0,0,0,0,0,0,0,0,0,0,0,1084,0,160.0,162.92342834054995,93.47443794831634,256.672624964267,157.0
1785382396,0,total,S1,6.800000,0.000000,0,0,0,0,0,0,0,0,0,0,0,1084,0,2100.0,1969.108273461633,1650.9293040144257,2198.879470000975,256.0
1785382396,0,,Aggregated,13.600000,0.000000,0,0,0,0,0,0,0,0,0,0,0,2168,0,260.0,1066.0158509010914,93.47443794831634,2198.879470000975,206.5
1785382397,0,TTFT,S1,6.800000,0.000000,0,0,0,0,0,0,0,0,0,0,0,1084,0,160.0,162.92342834054995,93.47443794831634,256.672624964267,157.0
1785382397,0,total,S1,6.800000,0.000000,0,0,0,0,0,0,0,0,0,0,0,1084,0,2100.0,1969.108273461633,1650.9293040144257,2198.879470000975,256.0
1785382397,0,,Aggregated,13.600000,0.000000,0,0,0,0,0,0,0,0,0,0,0,2168,0,260.0,1066.0158509010914,93.47443794831634,2198.879470000975,206.5
1785382398,0,TTFT,S1,6.800000,0.000000,0,0,0,0,0,0,0,0,0,0,0,1084,0,160.0,162.92342834054995,93.47443794831634,256.672624964267,157.0
1785382398,0,total,S1,6.800000,0.000000,0,0,0,0,0,0,0,0,0,0,0,1084,0,2100.0,1969.108273461633,1650.9293040144257,2198.879470000975,256.0
1785382398,0,,Aggregated,13.600000,0.000000,0,0,0,0,0,0,0,0,0,0,0,2168,0,260.0,1066.0158509010914,93.47443794831634,2198.879470000975,206.5
1785382399,0,TTFT,S1,6.800000,0.000000,0,0,0,0,0,0,0,0,0,0,0,1084,0,160.0,162.92342834054995,93.47443794831634,256.672624964267,157.0
1785382399,0,total,S1,6.800000,0.000000,0,0,0,0,0,0,0,0,0,0,0,1084,0,2100.0,1969.108273461633,1650.9293040144257,2198.879470000975,256.0
1785382399,0,,Aggregated,13.600000,0.000000,0,0,0,0,0,0,0,0,0,0,0,2168,0,260.0,1066.0158509010914,93.47443794831634,2198.879470000975,206.5
1785382400,0,TTFT,S1,6.800000,0.000000,0,0,0,0,0,0,0,0,0,0,0,1084,0,160.0,162.92342834054995,93.47443794831634,256.672624964267,157.0
1785382400,0,total,S1,6.800000,0.000000,0,0,0,0,0,0,0,0,0,0,0,1084,0,2100.0,1969.108273461633,1650.9293040144257,2198.879470000975,256.0
1785382400,0,,Aggregated,13.600000,0.000000,0,0,0,0,0,0,0,0,0,0,0,2168,0,260.0,1066.0158509010914,93.47443794831634,2198.879470000975,206.5
1785382401,0,TTFT,S1,6.800000,0.000000,0,0,0,0,0,0,0,0,0,0,0,1084,0,160.0,162.92342834054995,93.47443794831634,256.672624964267,157.0
1785382401,0,total,S1,6.800000,0.000000,0,0,0,0,0,0,0,0,0,0,0,1084,0,2100.0,1969.108273461633,1650.9293040144257,2198.879470000975,256.0
1785382401,0,,Aggregated,13.600000,0.000000,0,0,0,0,0,0,0,0,0,0,0,2168,0,260.0,1066.0158509010914,93.47443794831634,2198.879470000975,206.5
1785382402,0,TTFT,S1,6.800000,0.000000,0,0,0,0,0,0,0,0,0,0,0,1084,0,160.0,162.92342834054995,93.47443794831634,256.672624964267,157.0
1785382402,0,total,S1,6.800000,0.000000,0,0,0,0,0,0,0,0,0,0,0,1084,0,2100.0,1969.108273461633,1650.9293040144257,2198.879470000975,256.0
1785382402,0,,Aggregated,13.600000,0.000000,0,0,0,0,0,0,0,0,0,0,0,2168,0,260.0,1066.0158509010914,93.47443794831634,2198.879470000975,206.5
1785382403,0,TTFT,S1,6.800000,0.000000,0,0,0,0,0,0,0,0,0,0,0,1084,0,160.0,162.92342834054995,93.47443794831634,256.672624964267,157.0
1785382403,0,total,S1,6.800000,0.000000,0,0,0,0,0,0,0,0,0,0,0,1084,0,2100.0,1969.108273461633,1650.9293040144257,2198.879470000975,256.0
1785382403,0,,Aggregated,13.600000,0.000000,0,0,0,0,0,0,0,0,0,0,0,2168,0,260.0,1066.0158509010914,93.47443794831634,2198.879470000975,206.5
1785382404,0,TTFT,S1,6.800000,0.000000,0,0,0,0,0,0,0,0,0,0,0,1084,0,160.0,162.92342834054995,93.47443794831634,256.672624964267,157.0
1785382404,0,total,S1,6.800000,0.000000,0,0,0,0,0,0,0,0,0,0,0,1084,0,2100.0,1969.108273461633,1650.9293040144257,2198.879470000975,256.0
1785382404,0,,Aggregated,13.600000,0.000000,0,0,0,0,0,0,0,0,0,0,0,2168,0,260.0,1066.0158509010914,93.47443794831634,2198.879470000975,206.5
1785382405,0,TTFT,S1,6.800000,0.000000,0,0,0,0,0,0,0,0,0,0,0,1084,0,160.0,162.92342834054995,93.47443794831634,256.672624964267,157.0
1785382405,0,total,S1,6.800000,0.000000,0,0,0,0,0,0,0,0,0,0,0,1084,0,2100.0,1969.108273461633,1650.9293040144257,2198.879470000975,256.0
1785382405,0,,Aggregated,13.600000,0.000000,0,0,0,0,0,0,0,0,0,0,0,2168,0,260.0,1066.0158509010914,93.47443794831634,2198.879470000975,206.5
1785382406,0,TTFT,S1,6.800000,0.000000,0,0,0,0,0,0,0,0,0,0,0,1084,0,160.0,162.92342834054995,93.47443794831634,256.672624964267,157.0
1785382406,0,total,S1,6.800000,0.000000,0,0,0,0,0,0,0,0,0,0,0,1084,0,2100.0,1969.108273461633,1650.9293040144257,2198.879470000975,256.0
1785382406,0,,Aggregated,13.600000,0.000000,0,0,0,0,0,0,0,0,0,0,0,2168,0,260.0,1066.0158509010914,93.47443794831634,2198.879470000975,206.5
1785382407,0,TTFT,S1,6.800000,0.000000,0,0,0,0,0,0,0,0,0,0,0,1084,0,160.0,162.92342834054995,93.47443794831634,256.672624964267,157.0
1785382407,0,total,S1,6.800000,0.000000,0,0,0,0,0,0,0,0,0,0,0,1084,0,2100.0,1969.108273461633,1650.9293040144257,2198.879470000975,256.0
1785382407,0,,Aggregated,13.600000,0.000000,0,0,0,0,0,0,0,0,0,0,0,2168,0,260.0,1066.0158509010914,93.47443794831634,2198.879470000975,206.5
1785382408,0,TTFT,S1,6.800000,0.000000,0,0,0,0,0,0,0,0,0,0,0,1084,0,160.0,162.92342834054995,93.47443794831634,256.672624964267,157.0
1785382408,0,total,S1,6.800000,0.000000,0,0,0,0,0,0,0,0,0,0,0,1084,0,2100.0,1969.108273461633,1650.9293040144257,2198.879470000975,256.0
1785382408,0,,Aggregated,13.600000,0.000000,0,0,0,0,0,0,0,0,0,0,0,2168,0,260.0,1066.0158509010914,93.47443794831634,2198.879470000975,206.5
1785382409,0,TTFT,S1,6.800000,0.000000,0,0,0,0,0,0,0,0,0,0,0,1084,0,160.0,162.92342834054995,93.47443794831634,256.672624964267,157.0
1785382409,0,total,S1,6.800000,0.000000,0,0,0,0,0,0,0,0,0,0,0,1084,0,2100.0,1969.108273461633,1650.9293040144257,2198.879470000975,256.0
1785382409,0,,Aggregated,13.600000,0.000000,0,0,0,0,0,0,0,0,0,0,0,2168,0,260.0,1066.0158509010914,93.47443794831634,2198.879470000975,206.5
1785382410,0,TTFT,S1,6.800000,0.000000,0,0,0,0,0,0,0,0,0,0,0,1084,0,160.0,162.92342834054995,93.47443794831634,256.672624964267,157.0
1785382410,0,total,S1,6.800000,0.000000,0,0,0,0,0,0,0,0,0,0,0,1084,0,2100.0,1969.108273461633,1650.9293040144257,2198.879470000975,256.0
1785382410,0,,Aggregated,13.600000,0.000000,0,0,0,0,0,0,0,0,0,0,0,2168,0,260.0,1066.0158509010914,93.47443794831634,2198.879470000975,206.5
1785382411,0,TTFT,S1,6.800000,0.000000,0,0,0,0,0,0,0,0,0,0,0,1084,0,160.0,162.92342834054995,93.47443794831634,256.672624964267,157.0
1785382411,0,total,S1,6.800000,0.000000,0,0,0,0,0,0,0,0,0,0,0,1084,0,2100.0,1969.108273461633,1650.9293040144257,2198.879470000975,256.0
1785382411,0,,Aggregated,13.600000,0.000000,0,0,0,0,0,0,0,0,0,0,0,2168,0,260.0,1066.0158509010914,93.47443794831634,2198.879470000975,206.5
1785382412,0,TTFT,S1,6.800000,0.000000,0,0,0,0,0,0,0,0,0,0,0,1084,0,160.0,162.92342834054995,93.47443794831634,256.672624964267,157.0
1785382412,0,total,S1,6.800000,0.000000,0,0,0,0,0,0,0,0,0,0,0,1084,0,2100.0,1969.108273461633,1650.9293040144257,2198.879470000975,256.0
1785382412,0,,Aggregated,13.600000,0.000000,0,0,0,0,0,0,0,0,0,0,0,2168,0,260.0,1066.0158509010914,93.47443794831634,2198.879470000975,206.5
1785382413,0,TTFT,S1,6.800000,0.000000,0,0,0,0,0,0,0,0,0,0,0,1084,0,160.0,162.92342834054995,93.47443794831634,256.672624964267,157.0
1785382413,0,total,S1,6.800000,0.000000,0,0,0,0,0,0,0,0,0,0,0,1084,0,2100.0,1969.108273461633,1650.9293040144257,2198.879470000975,256.0
1785382413,0,,Aggregated,13.600000,0.000000,0,0,0,0,0,0,0,0,0,0,0,2168,0,260.0,1066.0158509010914,93.47443794831634,2198.879470000975,206.5
1785382414,0,TTFT,S1,6.800000,0.000000,0,0,0,0,0,0,0,0,0,0,0,1084,0,160.0,162.92342834054995,93.47443794831634,256.672624964267,157.0
1785382414,0,total,S1,6.800000,0.000000,0,0,0,0,0,0,0,0,0,0,0,1084,0,2100.0,1969.108273461633,1650.9293040144257,2198.879470000975,256.0
1785382414,0,,Aggregated,13.600000,0.000000,0,0,0,0,0,0,0,0,0,0,0,2168,0,260.0,1066.0158509010914,93.47443794831634,2198.879470000975,206.5
1785382415,0,TTFT,S1,6.800000,0.000000,0,0,0,0,0,0,0,0,0,0,0,1084,0,160.0,162.92342834054995,93.47443794831634,256.672624964267,157.0
1785382415,0,total,S1,6.800000,0.000000,0,0,0,0,0,0,0,0,0,0,0,1084,0,2100.0,1969.108273461633,1650.9293040144257,2198.879470000975,256.0
1785382415,0,,Aggregated,13.600000,0.000000,0,0,0,0,0,0,0,0,0,0,0,2168,0,260.0,1066.0158509010914,93.47443794831634,2198.879470000975,206.5
1785382416,0,TTFT,S1,6.800000,0.000000,0,0,0,0,0,0,0,0,0,0,0,1084,0,160.0,162.92342834054995,93.47443794831634,256.672624964267,157.0
1785382416,0,total,S1,6.800000,0.000000,0,0,0,0,0,0,0,0,0,0,0,1084,0,2100.0,1969.108273461633,1650.9293040144257,2198.879470000975,256.0
1785382416,0,,Aggregated,13.600000,0.000000,0,0,0,0,0,0,0,0,0,0,0,2168,0,260.0,1066.0158509010914,93.47443794831634,2198.879470000975,206.5
1785382417,0,TTFT,S1,6.800000,0.000000,0,0,0,0,0,0,0,0,0,0,0,1084,0,160.0,162.92342834054995,93.47443794831634,256.672624964267,157.0
1785382417,0,total,S1,6.800000,0.000000,0,0,0,0,0,0,0,0,0,0,0,1084,0,2100.0,1969.108273461633,1650.9293040144257,2198.879470000975,256.0
1785382417,0,,Aggregated,13.600000,0.000000,0,0,0,0,0,0,0,0,0,0,0,2168,0,260.0,1066.0158509010914,93.47443794831634,2198.879470000975,206.5
1785382418,0,TTFT,S1,6.800000,0.000000,0,0,0,0,0,0,0,0,0,0,0,1084,0,160.0,162.92342834054995,93.47443794831634,256.672624964267,157.0
1785382418,0,total,S1,6.800000,0.000000,0,0,0,0,0,0,0,0,0,0,0,1084,0,2100.0,1969.108273461633,1650.9293040144257,2198.879470000975,256.0
1785382418,0,,Aggregated,13.600000,0.000000,0,0,0,0,0,0,0,0,0,0,0,2168,0,260.0,1066.0158509010914,93.47443794831634,2198.879470000975,206.5
1785382419,0,TTFT,S1,6.800000,0.000000,0,0,0,0,0,0,0,0,0,0,0,1084,0,160.0,162.92342834054995,93.47443794831634,256.672624964267,157.0
1785382419,0,total,S1,6.800000,0.000000,0,0,0,0,0,0,0,0,0,0,0,1084,0,2100.0,1969.108273461633,1650.9293040144257,2198.879470000975,256.0
1785382419,0,,Aggregated,13.600000,0.000000,0,0,0,0,0,0,0,0,0,0,0,2168,0,260.0,1066.0158509010914,93.47443794831634,2198.879470000975,206.5
1785382420,0,TTFT,S1,6.800000,0.000000,0,0,0,0,0,0,0,0,0,0,0,1084,0,160.0,162.92342834054995,93.47443794831634,256.672624964267,157.0
1785382420,0,total,S1,6.800000,0.000000,0,0,0,0,0,0,0,0,0,0,0,1084,0,2100.0,1969.108273461633,1650.9293040144257,2198.879470000975,256.0
1785382420,0,,Aggregated,13.600000,0.000000,0,0,0,0,0,0,0,0,0,0,0,2168,0,260.0,1066.0158509010914,93.47443794831634,2198.879470000975,206.5
1785382421,0,TTFT,S1,6.800000,0.000000,0,0,0,0,0,0,0,0,0,0,0,1084,0,160.0,162.92342834054995,93.47443794831634,256.672624964267,157.0
1785382421,0,total,S1,6.800000,0.000000,0,0,0,0,0,0,0,0,0,0,0,1084,0,2100.0,1969.108273461633,1650.9293040144257,2198.879470000975,256.0
1785382421,0,,Aggregated,13.600000,0.000000,0,0,0,0,0,0,0,0,0,0,0,2168,0,260.0,1066.0158509010914,93.47443794831634,2198.879470000975,206.5
1785382422,0,TTFT,S1,6.800000,0.000000,0,0,0,0,0,0,0,0,0,0,0,1084,0,160.0,162.92342834054995,93.47443794831634,256.672624964267,157.0
1785382422,0,total,S1,6.800000,0.000000,0,0,0,0,0,0,0,0,0,0,0,1084,0,2100.0,1969.108273461633,1650.9293040144257,2198.879470000975,256.0
1785382422,0,,Aggregated,13.600000,0.000000,0,0,0,0,0,0,0,0,0,0,0,2168,0,260.0,1066.0158509010914,93.47443794831634,2198.879470000975,206.5
1785382423,0,TTFT,S1,6.800000,0.000000,0,0,0,0,0,0,0,0,0,0,0,1084,0,160.0,162.92342834054995,93.47443794831634,256.672624964267,157.0
1785382423,0,total,S1,6.800000,0.000000,0,0,0,0,0,0,0,0,0,0,0,1084,0,2100.0,1969.108273461633,1650.9293040144257,2198.879470000975,256.0
1785382423,0,,Aggregated,13.600000,0.000000,0,0,0,0,0,0,0,0,0,0,0,2168,0,260.0,1066.0158509010914,93.47443794831634,2198.879470000975,206.5
1785382424,0,TTFT,S1,6.800000,0.000000,0,0,0,0,0,0,0,0,0,0,0,1084,0,160.0,162.92342834054995,93.47443794831634,256.672624964267,157.0
1785382424,0,total,S1,6.800000,0.000000,0,0,0,0,0,0,0,0,0,0,0,1084,0,2100.0,1969.108273461633,1650.9293040144257,2198.879470000975,256.0
1785382424,0,,Aggregated,13.600000,0.000000,0,0,0,0,0,0,0,0,0,0,0,2168,0,260.0,1066.0158509010914,93.47443794831634,2198.879470000975,206.5
1785382425,0,TTFT,S1,6.800000,0.000000,0,0,0,0,0,0,0,0,0,0,0,1084,0,160.0,162.92342834054995,93.47443794831634,256.672624964267,157.0
1785382425,0,total,S1,6.800000,0.000000,0,0,0,0,0,0,0,0,0,0,0,1084,0,2100.0,1969.108273461633,1650.9293040144257,2198.879470000975,256.0
1785382425,0,,Aggregated,13.600000,0.000000,0,0,0,0,0,0,0,0,0,0,0,2168,0,260.0,1066.0158509010914,93.47443794831634,2198.879470000975,206.5
1785382426,0,TTFT,S1,6.800000,0.000000,0,0,0,0,0,0,0,0,0,0,0,1084,0,160.0,162.92342834054995,93.47443794831634,256.672624964267,157.0
1785382426,0,total,S1,6.800000,0.000000,0,0,0,0,0,0,0,0,0,0,0,1084,0,2100.0,1969.108273461633,1650.9293040144257,2198.879470000975,256.0
1785382426,0,,Aggregated,13.600000,0.000000,0,0,0,0,0,0,0,0,0,0,0,2168,0,260.0,1066.0158509010914,93.47443794831634,2198.879470000975,206.5
1785382427,0,TTFT,S1,6.800000,0.000000,0,0,0,0,0,0,0,0,0,0,0,1084,0,160.0,162.92342834054995,93.47443794831634,256.672624964267,157.0
1785382427,0,total,S1,6.800000,0.000000,0,0,0,0,0,0,0,0,0,0,0,1084,0,2100.0,1969.108273461633,1650.9293040144257,2198.879470000975,256.0
1785382427,0,,Aggregated,13.600000,0.000000,0,0,0,0,0,0,0,0,0,0,0,2168,0,260.0,1066.0158509010914,93.47443794831634,2198.879470000975,206.5
1785382428,0,TTFT,S1,6.800000,0.000000,0,0,0,0,0,0,0,0,0,0,0,1084,0,160.0,162.92342834054995,93.47443794831634,256.672624964267,157.0
1785382428,0,total,S1,6.800000,0.000000,0,0,0,0,0,0,0,0,0,0,0,1084,0,2100.0,1969.108273461633,1650.9293040144257,2198.879470000975,256.0
1785382428,0,,Aggregated,13.600000,0.000000,0,0,0,0,0,0,0,0,0,0,0,2168,0,260.0,1066.0158509010914,93.47443794831634,2198.879470000975,206.5
1785382429,0,TTFT,S1,6.800000,0.000000,0,0,0,0,0,0,0,0,0,0,0,1084,0,160.0,162.92342834054995,93.47443794831634,256.672624964267,157.0
1785382429,0,total,S1,6.800000,0.000000,0,0,0,0,0,0,0,0,0,0,0,1084,0,2100.0,1969.108273461633,1650.9293040144257,2198.879470000975,256.0
1785382429,0,,Aggregated,13.600000,0.000000,0,0,0,0,0,0,0,0,0,0,0,2168,0,260.0,1066.0158509010914,93.47443794831634,2198.879470000975,206.5
1785382430,0,TTFT,S1,6.800000,0.000000,0,0,0,0,0,0,0,0,0,0,0,1084,0,160.0,162.92342834054995,93.47443794831634,256.672624964267,157.0
1785382430,0,total,S1,6.800000,0.000000,0,0,0,0,0,0,0,0,0,0,0,1084,0,2100.0,1969.108273461633,1650.9293040144257,2198.879470000975,256.0
1785382430,0,,Aggregated,13.600000,0.000000,0,0,0,0,0,0,0,0,0,0,0,2168,0,260.0,1066.0158509010914,93.47443794831634,2198.879470000975,206.5
1785382431,0,TTFT,S1,6.800000,0.000000,0,0,0,0,0,0,0,0,0,0,0,1084,0,160.0,162.92342834054995,93.47443794831634,256.672624964267,157.0
1785382431,0,total,S1,6.800000,0.000000,0,0,0,0,0,0,0,0,0,0,0,1084,0,2100.0,1969.108273461633,1650.9293040144257,2198.879470000975,256.0
1785382431,0,,Aggregated,13.600000,0.000000,0,0,0,0,0,0,0,0,0,0,0,2168,0,260.0,1066.0158509010914,93.47443794831634,2198.879470000975,206.5
1785382432,0,TTFT,S1,6.800000,0.000000,0,0,0,0,0,0,0,0,0,0,0,1084,0,160.0,162.92342834054995,93.47443794831634,256.672624964267,157.0
1785382432,0,total,S1,6.800000,0.000000,0,0,0,0,0,0,0,0,0,0,0,1084,0,2100.0,1969.108273461633,1650.9293040144257,2198.879470000975,256.0
1785382432,0,,Aggregated,13.600000,0.000000,0,0,0,0,0,0,0,0,0,0,0,2168,0,260.0,1066.0158509010914,93.47443794831634,2198.879470000975,206.5
1785382433,0,TTFT,S1,6.800000,0.000000,0,0,0,0,0,0,0,0,0,0,0,1084,0,160.0,162.92342834054995,93.47443794831634,256.672624964267,157.0
1785382433,0,total,S1,6.800000,0.000000,0,0,0,0,0,0,0,0,0,0,0,1084,0,2100.0,1969.108273461633,1650.9293040144257,2198.879470000975,256.0
1785382433,0,,Aggregated,13.600000,0.000000,0,0,0,0,0,0,0,0,0,0,0,2168,0,260.0,1066.0158509010914,93.47443794831634,2198.879470000975,206.5
1785382434,0,TTFT,S1,6.800000,0.000000,0,0,0,0,0,0,0,0,0,0,0,1084,0,160.0,162.92342834054995,93.47443794831634,256.672624964267,157.0
1785382434,0,total,S1,6.800000,0.000000,0,0,0,0,0,0,0,0,0,0,0,1084,0,2100.0,1969.108273461633,1650.9293040144257,2198.879470000975,256.0
1785382434,0,,Aggregated,13.600000,0.000000,0,0,0,0,0,0,0,0,0,0,0,2168,0,260.0,1066.0158509010914,93.47443794831634,2198.879470000975,206.5
1785382435,0,TTFT,S1,6.800000,0.000000,0,0,0,0,0,0,0,0,0,0,0,1084,0,160.0,162.92342834054995,93.47443794831634,256.672624964267,157.0
1785382435,0,total,S1,6.800000,0.000000,0,0,0,0,0,0,0,0,0,0,0,1084,0,2100.0,1969.108273461633,1650.9293040144257,2198.879470000975,256.0
1785382435,0,,Aggregated,13.600000,0.000000,0,0,0,0,0,0,0,0,0,0,0,2168,0,260.0,1066.0158509010914,93.47443794831634,2198.879470000975,206.5
1785382436,0,TTFT,S1,6.800000,0.000000,0,0,0,0,0,0,0,0,0,0,0,1084,0,160.0,162.92342834054995,93.47443794831634,256.672624964267,157.0
1785382436,0,total,S1,6.800000,0.000000,0,0,0,0,0,0,0,0,0,0,0,1084,0,2100.0,1969.108273461633,1650.9293040144257,2198.879470000975,256.0
1785382436,0,,Aggregated,13.600000,0.000000,0,0,0,0,0,0,0,0,0,0,0,2168,0,260.0,1066.0158509010914,93.47443794831634,2198.879470000975,206.5
1785382437,0,TTFT,S1,6.800000,0.000000,0,0,0,0,0,0,0,0,0,0,0,1084,0,160.0,162.92342834054995,93.47443794831634,256.672624964267,157.0
1785382437,0,total,S1,6.800000,0.000000,0,0,0,0,0,0,0,0,0,0,0,1084,0,2100.0,1969.108273461633,1650.9293040144257,2198.879470000975,256.0
1785382437,0,,Aggregated,13.600000,0.000000,0,0,0,0,0,0,0,0,0,0,0,2168,0,260.0,1066.0158509010914,93.47443794831634,2198.879470000975,206.5
1785382438,0,TTFT,S1,6.800000,0.000000,0,0,0,0,0,0,0,0,0,0,0,1084,0,160.0,162.92342834054995,93.47443794831634,256.672624964267,157.0
1785382438,0,total,S1,6.800000,0.000000,0,0,0,0,0,0,0,0,0,0,0,1084,0,2100.0,1969.108273461633,1650.9293040144257,2198.879470000975,256.0
1785382438,0,,Aggregated,13.600000,0.000000,0,0,0,0,0,0,0,0,0,0,0,2168,0,260.0,1066.0158509010914,93.47443794831634,2198.879470000975,206.5
1785382439,0,TTFT,S1,6.800000,0.000000,0,0,0,0,0,0,0,0,0,0,0,1084,0,160.0,162.92342834054995,93.47443794831634,256.672624964267,157.0
1785382439,0,total,S1,6.800000,0.000000,0,0,0,0,0,0,0,0,0,0,0,1084,0,2100.0,1969.108273461633,1650.9293040144257,2198.879470000975,256.0
1785382439,0,,Aggregated,13.600000,0.000000,0,0,0,0,0,0,0,0,0,0,0,2168,0,260.0,1066.0158509010914,93.47443794831634,2198.879470000975,206.5
1785382440,0,TTFT,S1,6.800000,0.000000,0,0,0,0,0,0,0,0,0,0,0,1084,0,160.0,162.92342834054995,93.47443794831634,256.672624964267,157.0
1785382440,0,total,S1,6.800000,0.000000,0,0,0,0,0,0,0,0,0,0,0,1084,0,2100.0,1969.108273461633,1650.9293040144257,2198.879470000975,256.0
1785382440,0,,Aggregated,13.600000,0.000000,0,0,0,0,0,0,0,0,0,0,0,2168,0,260.0,1066.0158509010914,93.47443794831634,2198.879470000975,206.5
1785382441,0,TTFT,S1,6.800000,0.000000,0,0,0,0,0,0,0,0,0,0,0,1084,0,160.0,162.92342834054995,93.47443794831634,256.672624964267,157.0
1785382441,0,total,S1,6.800000,0.000000,0,0,0,0,0,0,0,0,0,0,0,1084,0,2100.0,1969.108273461633,1650.9293040144257,2198.879470000975,256.0
1785382441,0,,Aggregated,13.600000,0.000000,0,0,0,0,0,0,0,0,0,0,0,2168,0,260.0,1066.0158509010914,93.47443794831634,2198.879470000975,206.5
1785382442,0,TTFT,S1,6.800000,0.000000,0,0,0,0,0,0,0,0,0,0,0,1084,0,160.0,162.92342834054995,93.47443794831634,256.672624964267,157.0
1785382442,0,total,S1,6.800000,0.000000,0,0,0,0,0,0,0,0,0,0,0,1084,0,2100.0,1969.108273461633,1650.9293040144257,2198.879470000975,256.0
1785382442,0,,Aggregated,13.600000,0.000000,0,0,0,0,0,0,0,0,0,0,0,2168,0,260.0,1066.0158509010914,93.47443794831634,2198.879470000975,206.5
1785382443,0,TTFT,S1,6.800000,0.000000,0,0,0,0,0,0,0,0,0,0,0,1084,0,160.0,162.92342834054995,93.47443794831634,256.672624964267,157.0
1785382443,0,total,S1,6.800000,0.000000,0,0,0,0,0,0,0,0,0,0,0,1084,0,2100.0,1969.108273461633,1650.9293040144257,2198.879470000975,256.0
1785382443,0,,Aggregated,13.600000,0.000000,0,0,0,0,0,0,0,0,0,0,0,2168,0,260.0,1066.0158509010914,93.47443794831634,2198.879470000975,206.5
1785382444,0,TTFT,S1,6.800000,0.000000,0,0,0,0,0,0,0,0,0,0,0,1084,0,160.0,162.92342834054995,93.47443794831634,256.672624964267,157.0
1785382444,0,total,S1,6.800000,0.000000,0,0,0,0,0,0,0,0,0,0,0,1084,0,2100.0,1969.108273461633,1650.9293040144257,2198.879470000975,256.0
1785382444,0,,Aggregated,13.600000,0.000000,0,0,0,0,0,0,0,0,0,0,0,2168,0,260.0,1066.0158509010914,93.47443794831634,2198.879470000975,206.5
1785382445,0,TTFT,S1,6.800000,0.000000,0,0,0,0,0,0,0,0,0,0,0,1084,0,160.0,162.92342834054995,93.47443794831634,256.672624964267,157.0
1785382445,0,total,S1,6.800000,0.000000,0,0,0,0,0,0,0,0,0,0,0,1084,0,2100.0,1969.108273461633,1650.9293040144257,2198.879470000975,256.0
1785382445,0,,Aggregated,13.600000,0.000000,0,0,0,0,0,0,0,0,0,0,0,2168,0,260.0,1066.0158509010914,93.47443794831634,2198.879470000975,206.5
1785382446,0,TTFT,S1,6.800000,0.000000,0,0,0,0,0,0,0,0,0,0,0,1084,0,160.0,162.92342834054995,93.47443794831634,256.672624964267,157.0
1785382446,0,total,S1,6.800000,0.000000,0,0,0,0,0,0,0,0,0,0,0,1084,0,2100.0,1969.108273461633,1650.9293040144257,2198.879470000975,256.0
1785382446,0,,Aggregated,13.600000,0.000000,0,0,0,0,0,0,0,0,0,0,0,2168,0,260.0,1066.0158509010914,93.47443794831634,2198.879470000975,206.5
1785382447,0,TTFT,S1,6.800000,0.000000,0,0,0,0,0,0,0,0,0,0,0,1084,0,160.0,162.92342834054995,93.47443794831634,256.672624964267,157.0
1785382447,0,total,S1,6.800000,0.000000,0,0,0,0,0,0,0,0,0,0,0,1084,0,2100.0,1969.108273461633,1650.9293040144257,2198.879470000975,256.0
1785382447,0,,Aggregated,13.600000,0.000000,0,0,0,0,0,0,0,0,0,0,0,2168,0,260.0,1066.0158509010914,93.47443794831634,2198.879470000975,206.5
1785382448,0,TTFT,S1,6.800000,0.000000,0,0,0,0,0,0,0,0,0,0,0,1084,0,160.0,162.92342834054995,93.47443794831634,256.672624964267,157.0
1785382448,0,total,S1,6.800000,0.000000,0,0,0,0,0,0,0,0,0,0,0,1084,0,2100.0,1969.108273461633,1650.9293040144257,2198.879470000975,256.0
1785382448,0,,Aggregated,13.600000,0.000000,0,0,0,0,0,0,0,0,0,0,0,2168,0,260.0,1066.0158509010914,93.47443794831634,2198.879470000975,206.5
1785382449,0,TTFT,S1,6.800000,0.000000,0,0,0,0,0,0,0,0,0,0,0,1084,0,160.0,162.92342834054995,93.47443794831634,256.672624964267,157.0
1785382449,0,total,S1,6.800000,0.000000,0,0,0,0,0,0,0,0,0,0,0,1084,0,2100.0,1969.108273461633,1650.9293040144257,2198.879470000975,256.0
1785382449,0,,Aggregated,13.600000,0.000000,0,0,0,0,0,0,0,0,0,0,0,2168,0,260.0,1066.0158509010914,93.47443794831634,2198.879470000975,206.5
1785382450,0,TTFT,S1,6.800000,0.000000,0,0,0,0,0,0,0,0,0,0,0,1084,0,160.0,162.92342834054995,93.47443794831634,256.672624964267,157.0
1785382450,0,total,S1,6.800000,0.000000,0,0,0,0,0,0,0,0,0,0,0,1084,0,2100.0,1969.108273461633,1650.9293040144257,2198.879470000975,256.0
1785382450,0,,Aggregated,13.600000,0.000000,0,0,0,0,0,0,0,0,0,0,0,2168,0,260.0,1066.0158509010914,93.47443794831634,2198.879470000975,206.5
1785382451,0,TTFT,S1,6.800000,0.000000,0,0,0,0,0,0,0,0,0,0,0,1084,0,160.0,162.92342834054995,93.47443794831634,256.672624964267,157.0
1785382451,0,total,S1,6.800000,0.000000,0,0,0,0,0,0,0,0,0,0,0,1084,0,2100.0,1969.108273461633,1650.9293040144257,2198.879470000975,256.0
1785382451,0,,Aggregated,13.600000,0.000000,0,0,0,0,0,0,0,0,0,0,0,2168,0,260.0,1066.0158509010914,93.47443794831634,2198.879470000975,206.5
1785382452,0,TTFT,S1,6.800000,0.000000,0,0,0,0,0,0,0,0,0,0,0,1084,0,160.0,162.92342834054995,93.47443794831634,256.672624964267,157.0
1785382452,0,total,S1,6.800000,0.000000,0,0,0,0,0,0,0,0,0,0,0,1084,0,2100.0,1969.108273461633,1650.9293040144257,2198.879470000975,256.0
1785382452,0,,Aggregated,13.600000,0.000000,0,0,0,0,0,0,0,0,0,0,0,2168,0,260.0,1066.0158509010914,93.47443794831634,2198.879470000975,206.5
1785382453,0,TTFT,S1,6.800000,0.000000,0,0,0,0,0,0,0,0,0,0,0,1084,0,160.0,162.92342834054995,93.47443794831634,256.672624964267,157.0
1785382453,0,total,S1,6.800000,0.000000,0,0,0,0,0,0,0,0,0,0,0,1084,0,2100.0,1969.108273461633,1650.9293040144257,2198.879470000975,256.0
1785382453,0,,Aggregated,13.600000,0.000000,0,0,0,0,0,0,0,0,0,0,0,2168,0,260.0,1066.0158509010914,93.47443794831634,2198.879470000975,206.5
1785382454,0,TTFT,S1,6.800000,0.000000,0,0,0,0,0,0,0,0,0,0,0,1084,0,160.0,162.92342834054995,93.47443794831634,256.672624964267,157.0
1785382454,0,total,S1,6.800000,0.000000,0,0,0,0,0,0,0,0,0,0,0,1084,0,2100.0,1969.108273461633,1650.9293040144257,2198.879470000975,256.0
1785382454,0,,Aggregated,13.600000,0.000000,0,0,0,0,0,0,0,0,0,0,0,2168,0,260.0,1066.0158509010914,93.47443794831634,2198.879470000975,206.5
1785382455,0,TTFT,S1,6.800000,0.000000,0,0,0,0,0,0,0,0,0,0,0,1084,0,160.0,162.92342834054995,93.47443794831634,256.672624964267,157.0
1785382455,0,total,S1,6.800000,0.000000,0,0,0,0,0,0,0,0,0,0,0,1084,0,2100.0,1969.108273461633,1650.9293040144257,2198.879470000975,256.0
1785382455,0,,Aggregated,13.600000,0.000000,0,0,0,0,0,0,0,0,0,0,0,2168,0,260.0,1066.0158509010914,93.47443794831634,2198.879470000975,206.5
1785382456,0,TTFT,S1,6.800000,0.000000,0,0,0,0,0,0,0,0,0,0,0,1084,0,160.0,162.92342834054995,93.47443794831634,256.672624964267,157.0
1785382456,0,total,S1,6.800000,0.000000,0,0,0,0,0,0,0,0,0,0,0,1084,0,2100.0,1969.108273461633,1650.9293040144257,2198.879470000975,256.0
1785382456,0,,Aggregated,13.600000,0.000000,0,0,0,0,0,0,0,0,0,0,0,2168,0,260.0,1066.0158509010914,93.47443794831634,2198.879470000975,206.5
1785382457,0,TTFT,S1,6.800000,0.000000,0,0,0,0,0,0,0,0,0,0,0,1084,0,160.0,162.92342834054995,93.47443794831634,256.672624964267,157.0
1785382457,0,total,S1,6.800000,0.000000,0,0,0,0,0,0,0,0,0,0,0,1084,0,2100.0,1969.108273461633,1650.9293040144257,2198.879470000975,256.0
1785382457,0,,Aggregated,13.600000,0.000000,0,0,0,0,0,0,0,0,0,0,0,2168,0,260.0,1066.0158509010914,93.47443794831634,2198.879470000975,206.5
1785382458,0,TTFT,S1,6.800000,0.000000,0,0,0,0,0,0,0,0,0,0,0,1084,0,160.0,162.92342834054995,93.47443794831634,256.672624964267,157.0
1785382458,0,total,S1,6.800000,0.000000,0,0,0,0,0,0,0,0,0,0,0,1084,0,2100.0,1969.108273461633,1650.9293040144257,2198.879470000975,256.0
1785382458,0,,Aggregated,13.600000,0.000000,0,0,0,0,0,0,0,0,0,0,0,2168,0,260.0,1066.0158509010914,93.47443794831634,2198.879470000975,206.5
1785382459,0,TTFT,S1,6.800000,0.000000,0,0,0,0,0,0,0,0,0,0,0,1084,0,160.0,162.92342834054995,93.47443794831634,256.672624964267,157.0
1785382459,0,total,S1,6.800000,0.000000,0,0,0,0,0,0,0,0,0,0,0,1084,0,2100.0,1969.108273461633,1650.9293040144257,2198.879470000975,256.0
1785382459,0,,Aggregated,13.600000,0.000000,0,0,0,0,0,0,0,0,0,0,0,2168,0,260.0,1066.0158509010914,93.47443794831634,2198.879470000975,206.5
1785382460,0,TTFT,S1,6.800000,0.000000,0,0,0,0,0,0,0,0,0,0,0,1084,0,160.0,162.92342834054995,93.47443794831634,256.672624964267,157.0
1785382460,0,total,S1,6.800000,0.000000,0,0,0,0,0,0,0,0,0,0,0,1084,0,2100.0,1969.108273461633,1650.9293040144257,2198.879470000975,256.0
1785382460,0,,Aggregated,13.600000,0.000000,0,0,0,0,0,0,0,0,0,0,0,2168,0,260.0,1066.0158509010914,93.47443794831634,2198.879470000975,206.5
1785382461,0,TTFT,S1,6.800000,0.000000,0,0,0,0,0,0,0,0,0,0,0,1084,0,160.0,162.92342834054995,93.47443794831634,256.672624964267,157.0
1785382461,0,total,S1,6.800000,0.000000,0,0,0,0,0,0,0,0,0,0,0,1084,0,2100.0,1969.108273461633,1650.9293040144257,2198.879470000975,256.0
1785382461,0,,Aggregated,13.600000,0.000000,0,0,0,0,0,0,0,0,0,0,0,2168,0,260.0,1066.0158509010914,93.47443794831634,2198.879470000975,206.5
1785382462,0,TTFT,S1,6.800000,0.000000,0,0,0,0,0,0,0,0,0,0,0,1084,0,160.0,162.92342834054995,93.47443794831634,256.672624964267,157.0
1785382462,0,total,S1,6.800000,0.000000,0,0,0,0,0,0,0,0,0,0,0,1084,0,2100.0,1969.108273461633,1650.9293040144257,2198.879470000975,256.0
1785382462,0,,Aggregated,13.600000,0.000000,0,0,0,0,0,0,0,0,0,0,0,2168,0,260.0,1066.0158509010914,93.47443794831634,2198.879470000975,206.5
1785382463,0,TTFT,S1,6.800000,0.000000,0,0,0,0,0,0,0,0,0,0,0,1084,0,160.0,162.92342834054995,93.47443794831634,256.672624964267,157.0
1785382463,0,total,S1,6.800000,0.000000,0,0,0,0,0,0,0,0,0,0,0,1084,0,2100.0,1969.108273461633,1650.9293040144257,2198.879470000975,256.0
1785382463,0,,Aggregated,13.600000,0.000000,0,0,0,0,0,0,0,0,0,0,0,2168,0,260.0,1066.0158509010914,93.47443794831634,2198.879470000975,206.5
1785382464,0,TTFT,S1,6.800000,0.000000,0,0,0,0,0,0,0,0,0,0,0,1084,0,160.0,162.92342834054995,93.47443794831634,256.672624964267,157.0
1785382464,0,total,S1,6.800000,0.000000,0,0,0,0,0,0,0,0,0,0,0,1084,0,2100.0,1969.108273461633,1650.9293040144257,2198.879470000975,256.0
1785382464,0,,Aggregated,13.600000,0.000000,0,0,0,0,0,0,0,0,0,0,0,2168,0,260.0,1066.0158509010914,93.47443794831634,2198.879470000975,206.5
1785382465,0,TTFT,S1,6.800000,0.000000,0,0,0,0,0,0,0,0,0,0,0,1084,0,160.0,162.92342834054995,93.47443794831634,256.672624964267,157.0
1785382465,0,total,S1,6.800000,0.000000,0,0,0,0,0,0,0,0,0,0,0,1084,0,2100.0,1969.108273461633,1650.9293040144257,2198.879470000975,256.0
1785382465,0,,Aggregated,13.600000,0.000000,0,0,0,0,0,0,0,0,0,0,0,2168,0,260.0,1066.0158509010914,93.47443794831634,2198.879470000975,206.5
1785382466,0,TTFT,S1,6.800000,0.000000,0,0,0,0,0,0,0,0,0,0,0,1084,0,160.0,162.92342834054995,93.47443794831634,256.672624964267,157.0
1785382466,0,total,S1,6.800000,0.000000,0,0,0,0,0,0,0,0,0,0,0,1084,0,2100.0,1969.108273461633,1650.9293040144257,2198.879470000975,256.0
1785382466,0,,Aggregated,13.600000,0.000000,0,0,0,0,0,0,0,0,0,0,0,2168,0,260.0,1066.0158509010914,93.47443794831634,2198.879470000975,206.5
1785382467,0,TTFT,S1,6.800000,0.000000,0,0,0,0,0,0,0,0,0,0,0,1084,0,160.0,162.92342834054995,93.47443794831634,256.672624964267,157.0
1785382467,0,total,S1,6.800000,0.000000,0,0,0,0,0,0,0,0,0,0,0,1084,0,2100.0,1969.108273461633,1650.9293040144257,2198.879470000975,256.0
1785382467,0,,Aggregated,13.600000,0.000000,0,0,0,0,0,0,0,0,0,0,0,2168,0,260.0,1066.0158509010914,93.47443794831634,2198.879470000975,206.5
1785382468,0,TTFT,S1,6.800000,0.000000,0,0,0,0,0,0,0,0,0,0,0,1084,0,160.0,162.92342834054995,93.47443794831634,256.672624964267,157.0
1785382468,0,total,S1,6.800000,0.000000,0,0,0,0,0,0,0,0,0,0,0,1084,0,2100.0,1969.108273461633,1650.9293040144257,2198.879470000975,256.0
1785382468,0,,Aggregated,13.600000,0.000000,0,0,0,0,0,0,0,0,0,0,0,2168,0,260.0,1066.0158509010914,93.47443794831634,2198.879470000975,206.5
1785382469,0,TTFT,S1,6.800000,0.000000,0,0,0,0,0,0,0,0,0,0,0,1084,0,160.0,162.92342834054995,93.47443794831634,256.672624964267,157.0
1785382469,0,total,S1,6.800000,0.000000,0,0,0,0,0,0,0,0,0,0,0,1084,0,2100.0,1969.108273461633,1650.9293040144257,2198.879470000975,256.0
1785382469,0,,Aggregated,13.600000,0.000000,0,0,0,0,0,0,0,0,0,0,0,2168,0,260.0,1066.0158509010914,93.47443794831634,2198.879470000975,206.5
1785382470,0,TTFT,S1,6.800000,0.000000,0,0,0,0,0,0,0,0,0,0,0,1084,0,160.0,162.92342834054995,93.47443794831634,256.672624964267,157.0
1785382470,0,total,S1,6.800000,0.000000,0,0,0,0,0,0,0,0,0,0,0,1084,0,2100.0,1969.108273461633,1650.9293040144257,2198.879470000975,256.0
1785382470,0,,Aggregated,13.600000,0.000000,0,0,0,0,0,0,0,0,0,0,0,2168,0,260.0,1066.0158509010914,93.47443794831634,2198.879470000975,206.5
1785382471,0,TTFT,S1,6.800000,0.000000,0,0,0,0,0,0,0,0,0,0,0,1084,0,160.0,162.92342834054995,93.47443794831634,256.672624964267,157.0
1785382471,0,total,S1,6.800000,0.000000,0,0,0,0,0,0,0,0,0,0,0,1084,0,2100.0,1969.108273461633,1650.9293040144257,2198.879470000975,256.0
1785382471,0,,Aggregated,13.600000,0.000000,0,0,0,0,0,0,0,0,0,0,0,2168,0,260.0,1066.0158509010914,93.47443794831634,2198.879470000975,206.5
1785382472,0,TTFT,S1,6.800000,0.000000,0,0,0,0,0,0,0,0,0,0,0,1084,0,160.0,162.92342834054995,93.47443794831634,256.672624964267,157.0
1785382472,0,total,S1,6.800000,0.000000,0,0,0,0,0,0,0,0,0,0,0,1084,0,2100.0,1969.108273461633,1650.9293040144257,2198.879470000975,256.0
1785382472,0,,Aggregated,13.600000,0.000000,0,0,0,0,0,0,0,0,0,0,0,2168,0,260.0,1066.0158509010914,93.47443794831634,2198.879470000975,206.5
1785382473,0,TTFT,S1,6.800000,0.000000,0,0,0,0,0,0,0,0,0,0,0,1084,0,160.0,162.92342834054995,93.47443794831634,256.672624964267,157.0
1785382473,0,total,S1,6.800000,0.000000,0,0,0,0,0,0,0,0,0,0,0,1084,0,2100.0,1969.108273461633,1650.9293040144257,2198.879470000975,256.0
1785382473,0,,Aggregated,13.600000,0.000000,0,0,0,0,0,0,0,0,0,0,0,2168,0,260.0,1066.0158509010914,93.47443794831634,2198.879470000975,206.5
1785382474,0,TTFT,S1,6.800000,0.000000,0,0,0,0,0,0,0,0,0,0,0,1084,0,160.0,162.92342834054995,93.47443794831634,256.672624964267,157.0
1785382474,0,total,S1,6.800000,0.000000,0,0,0,0,0,0,0,0,0,0,0,1084,0,2100.0,1969.108273461633,1650.9293040144257,2198.879470000975,256.0
1785382474,0,,Aggregated,13.600000,0.000000,0,0,0,0,0,0,0,0,0,0,0,2168,0,260.0,1066.0158509010914,93.47443794831634,2198.879470000975,206.5
1785382475,0,TTFT,S1,6.800000,0.000000,0,0,0,0,0,0,0,0,0,0,0,1084,0,160.0,162.92342834054995,93.47443794831634,256.672624964267,157.0
1785382475,0,total,S1,6.800000,0.000000,0,0,0,0,0,0,0,0,0,0,0,1084,0,2100.0,1969.108273461633,1650.9293040144257,2198.879470000975,256.0
1785382475,0,,Aggregated,13.600000,0.000000,0,0,0,0,0,0,0,0,0,0,0,2168,0,260.0,1066.0158509010914,93.47443794831634,2198.879470000975,206.5
1785382476,0,TTFT,S1,6.800000,0.000000,0,0,0,0,0,0,0,0,0,0,0,1084,0,160.0,162.92342834054995,93.47443794831634,256.672624964267,157.0
1785382476,0,total,S1,6.800000,0.000000,0,0,0,0,0,0,0,0,0,0,0,1084,0,2100.0,1969.108273461633,1650.9293040144257,2198.879470000975,256.0
1785382476,0,,Aggregated,13.600000,0.000000,0,0,0,0,0,0,0,0,0,0,0,2168,0,260.0,1066.0158509010914,93.47443794831634,2198.879470000975,206.5
1785382477,0,TTFT,S1,6.800000,0.000000,0,0,0,0,0,0,0,0,0,0,0,1084,0,160.0,162.92342834054995,93.47443794831634,256.672624964267,157.0
1785382477,0,total,S1,6.800000,0.000000,0,0,0,0,0,0,0,0,0,0,0,1084,0,2100.0,1969.108273461633,1650.9293040144257,2198.879470000975,256.0
1785382477,0,,Aggregated,13.600000,0.000000,0,0,0,0,0,0,0,0,0,0,0,2168,0,260.0,1066.0158509010914,93.47443794831634,2198.879470000975,206.5
1785382478,0,TTFT,S1,6.800000,0.000000,0,0,0,0,0,0,0,0,0,0,0,1084,0,160.0,162.92342834054995,93.47443794831634,256.672624964267,157.0
1785382478,0,total,S1,6.800000,0.000000,0,0,0,0,0,0,0,0,0,0,0,1084,0,2100.0,1969.108273461633,1650.9293040144257,2198.879470000975,256.0
1785382478,0,,Aggregated,13.600000,0.000000,0,0,0,0,0,0,0,0,0,0,0,2168,0,260.0,1066.0158509010914,93.47443794831634,2198.879470000975,206.5
1785382479,0,TTFT,S1,6.800000,0.000000,0,0,0,0,0,0,0,0,0,0,0,1084,0,160.0,162.92342834054995,93.47443794831634,256.672624964267,157.0
1785382479,0,total,S1,6.800000,0.000000,0,0,0,0,0,0,0,0,0,0,0,1084,0,2100.0,1969.108273461633,1650.9293040144257,2198.879470000975,256.0
1785382479,0,,Aggregated,13.600000,0.000000,0,0,0,0,0,0,0,0,0,0,0,2168,0,260.0,1066.0158509010914,93.47443794831634,2198.879470000975,206.5
1785382480,0,TTFT,S1,6.800000,0.000000,0,0,0,0,0,0,0,0,0,0,0,1084,0,160.0,162.92342834054995,93.47443794831634,256.672624964267,157.0
1785382480,0,total,S1,6.800000,0.000000,0,0,0,0,0,0,0,0,0,0,0,1084,0,2100.0,1969.108273461633,1650.9293040144257,2198.879470000975,256.0
1785382480,0,,Aggregated,13.600000,0.000000,0,0,0,0,0,0,0,0,0,0,0,2168,0,260.0,1066.0158509010914,93.47443794831634,2198.879470000975,206.5
1785382481,0,TTFT,S1,6.800000,0.000000,0,0,0,0,0,0,0,0,0,0,0,1084,0,160.0,162.92342834054995,93.47443794831634,256.672624964267,157.0
1785382481,0,total,S1,6.800000,0.000000,0,0,0,0,0,0,0,0,0,0,0,1084,0,2100.0,1969.108273461633,1650.9293040144257,2198.879470000975,256.0
1785382481,0,,Aggregated,13.600000,0.000000,0,0,0,0,0,0,0,0,0,0,0,2168,0,260.0,1066.0158509010914,93.47443794831634,2198.879470000975,206.5
1785382482,0,TTFT,S1,6.800000,0.000000,0,0,0,0,0,0,0,0,0,0,0,1084,0,160.0,162.92342834054995,93.47443794831634,256.672624964267,157.0
1785382482,0,total,S1,6.800000,0.000000,0,0,0,0,0,0,0,0,0,0,0,1084,0,2100.0,1969.108273461633,1650.9293040144257,2198.879470000975,256.0
1785382482,0,,Aggregated,13.600000,0.000000,0,0,0,0,0,0,0,0,0,0,0,2168,0,260.0,1066.0158509010914,93.47443794831634,2198.879470000975,206.5
1785382483,0,TTFT,S1,6.800000,0.000000,0,0,0,0,0,0,0,0,0,0,0,1084,0,160.0,162.92342834054995,93.47443794831634,256.672624964267,157.0
1785382483,0,total,S1,6.800000,0.000000,0,0,0,0,0,0,0,0,0,0,0,1084,0,2100.0,1969.108273461633,1650.9293040144257,2198.879470000975,256.0
1785382483,0,,Aggregated,13.600000,0.000000,0,0,0,0,0,0,0,0,0,0,0,2168,0,260.0,1066.0158509010914,93.47443794831634,2198.879470000975,206.5
1785382484,0,TTFT,S1,6.800000,0.000000,0,0,0,0,0,0,0,0,0,0,0,1084,0,160.0,162.92342834054995,93.47443794831634,256.672624964267,157.0
1785382484,0,total,S1,6.800000,0.000000,0,0,0,0,0,0,0,0,0,0,0,1084,0,2100.0,1969.108273461633,1650.9293040144257,2198.879470000975,256.0
1785382484,0,,Aggregated,13.600000,0.000000,0,0,0,0,0,0,0,0,0,0,0,2168,0,260.0,1066.0158509010914,93.47443794831634,2198.879470000975,206.5
1785382485,0,TTFT,S1,6.800000,0.000000,0,0,0,0,0,0,0,0,0,0,0,1084,0,160.0,162.92342834054995,93.47443794831634,256.672624964267,157.0
1785382485,0,total,S1,6.800000,0.000000,0,0,0,0,0,0,0,0,0,0,0,1084,0,2100.0,1969.108273461633,1650.9293040144257,2198.879470000975,256.0
1785382485,0,,Aggregated,13.600000,0.000000,0,0,0,0,0,0,0,0,0,0,0,2168,0,260.0,1066.0158509010914,93.47443794831634,2198.879470000975,206.5
1785382486,0,TTFT,S1,6.800000,0.000000,0,0,0,0,0,0,0,0,0,0,0,1084,0,160.0,162.92342834054995,93.47443794831634,256.672624964267,157.0
1785382486,0,total,S1,6.800000,0.000000,0,0,0,0,0,0,0,0,0,0,0,1084,0,2100.0,1969.108273461633,1650.9293040144257,2198.879470000975,256.0
1785382486,0,,Aggregated,13.600000,0.000000,0,0,0,0,0,0,0,0,0,0,0,2168,0,260.0,1066.0158509010914,93.47443794831634,2198.879470000975,206.5
1785382487,0,TTFT,S1,6.800000,0.000000,0,0,0,0,0,0,0,0,0,0,0,1084,0,160.0,162.92342834054995,93.47443794831634,256.672624964267,157.0
1785382487,0,total,S1,6.800000,0.000000,0,0,0,0,0,0,0,0,0,0,0,1084,0,2100.0,1969.108273461633,1650.9293040144257,2198.879470000975,256.0
1785382487,0,,Aggregated,13.600000,0.000000,0,0,0,0,0,0,0,0,0,0,0,2168,0,260.0,1066.0158509010914,93.47443794831634,2198.879470000975,206.5
1785382488,0,TTFT,S1,6.800000,0.000000,0,0,0,0,0,0,0,0,0,0,0,1084,0,160.0,162.92342834054995,93.47443794831634,256.672624964267,157.0
1785382488,0,total,S1,6.800000,0.000000,0,0,0,0,0,0,0,0,0,0,0,1084,0,2100.0,1969.108273461633,1650.9293040144257,2198.879470000975,256.0
1785382488,0,,Aggregated,13.600000,0.000000,0,0,0,0,0,0,0,0,0,0,0,2168,0,260.0,1066.0158509010914,93.47443794831634,2198.879470000975,206.5
1785382489,0,TTFT,S1,6.800000,0.000000,0,0,0,0,0,0,0,0,0,0,0,1084,0,160.0,162.92342834054995,93.47443794831634,256.672624964267,157.0
1785382489,0,total,S1,6.800000,0.000000,0,0,0,0,0,0,0,0,0,0,0,1084,0,2100.0,1969.108273461633,1650.9293040144257,2198.879470000975,256.0
1785382489,0,,Aggregated,13.600000,0.000000,0,0,0,0,0,0,0,0,0,0,0,2168,0,260.0,1066.0158509010914,93.47443794831634,2198.879470000975,206.5
1785382490,0,TTFT,S1,6.800000,0.000000,0,0,0,0,0,0,0,0,0,0,0,1084,0,160.0,162.92342834054995,93.47443794831634,256.672624964267,157.0
1785382490,0,total,S1,6.800000,0.000000,0,0,0,0,0,0,0,0,0,0,0,1084,0,2100.0,1969.108273461633,1650.9293040144257,2198.879470000975,256.0
1785382490,0,,Aggregated,13.600000,0.000000,0,0,0,0,0,0,0,0,0,0,0,2168,0,260.0,1066.0158509010914,93.47443794831634,2198.879470000975,206.5
1785382491,0,TTFT,S1,6.800000,0.000000,0,0,0,0,0,0,0,0,0,0,0,1084,0,160.0,162.92342834054995,93.47443794831634,256.672624964267,157.0
1785382491,0,total,S1,6.800000,0.000000,0,0,0,0,0,0,0,0,0,0,0,1084,0,2100.0,1969.108273461633,1650.9293040144257,2198.879470000975,256.0
1785382491,0,,Aggregated,13.600000,0.000000,0,0,0,0,0,0,0,0,0,0,0,2168,0,260.0,1066.0158509010914,93.47443794831634,2198.879470000975,206.5
1785382492,0,TTFT,S1,6.800000,0.000000,0,0,0,0,0,0,0,0,0,0,0,1084,0,160.0,162.92342834054995,93.47443794831634,256.672624964267,157.0
1785382492,0,total,S1,6.800000,0.000000,0,0,0,0,0,0,0,0,0,0,0,1084,0,2100.0,1969.108273461633,1650.9293040144257,2198.879470000975,256.0
1785382492,0,,Aggregated,13.600000,0.000000,0,0,0,0,0,0,0,0,0,0,0,2168,0,260.0,1066.0158509010914,93.47443794831634,2198.879470000975,206.5
1785382493,0,TTFT,S1,6.800000,0.000000,0,0,0,0,0,0,0,0,0,0,0,1084,0,160.0,162.92342834054995,93.47443794831634,256.672624964267,157.0
1785382493,0,total,S1,6.800000,0.000000,0,0,0,0,0,0,0,0,0,0,0,1084,0,2100.0,1969.108273461633,1650.9293040144257,2198.879470000975,256.0
1785382493,0,,Aggregated,13.600000,0.000000,0,0,0,0,0,0,0,0,0,0,0,2168,0,260.0,1066.0158509010914,93.47443794831634,2198.879470000975,206.5
1785382494,0,TTFT,S1,6.800000,0.000000,0,0,0,0,0,0,0,0,0,0,0,1084,0,160.0,162.92342834054995,93.47443794831634,256.672624964267,157.0
1785382494,0,total,S1,6.800000,0.000000,0,0,0,0,0,0,0,0,0,0,0,1084,0,2100.0,1969.108273461633,1650.9293040144257,2198.879470000975,256.0
1785382494,0,,Aggregated,13.600000,0.000000,0,0,0,0,0,0,0,0,0,0,0,2168,0,260.0,1066.0158509010914,93.47443794831634,2198.879470000975,206.5
1785382495,0,TTFT,S1,6.800000,0.000000,0,0,0,0,0,0,0,0,0,0,0,1084,0,160.0,162.92342834054995,93.47443794831634,256.672624964267,157.0
1785382495,0,total,S1,6.800000,0.000000,0,0,0,0,0,0,0,0,0,0,0,1084,0,2100.0,1969.108273461633,1650.9293040144257,2198.879470000975,256.0
1785382495,0,,Aggregated,13.600000,0.000000,0,0,0,0,0,0,0,0,0,0,0,2168,0,260.0,1066.0158509010914,93.47443794831634,2198.879470000975,206.5
1785382496,0,TTFT,S1,6.800000,0.000000,0,0,0,0,0,0,0,0,0,0,0,1084,0,160.0,162.92342834054995,93.47443794831634,256.672624964267,157.0
1785382496,0,total,S1,6.800000,0.000000,0,0,0,0,0,0,0,0,0,0,0,1084,0,2100.0,1969.108273461633,1650.9293040144257,2198.879470000975,256.0
1785382496,0,,Aggregated,13.600000,0.000000,0,0,0,0,0,0,0,0,0,0,0,2168,0,260.0,1066.0158509010914,93.47443794831634,2198.879470000975,206.5
1785382497,0,TTFT,S1,6.800000,0.000000,0,0,0,0,0,0,0,0,0,0,0,1084,0,160.0,162.92342834054995,93.47443794831634,256.672624964267,157.0
1785382497,0,total,S1,6.800000,0.000000,0,0,0,0,0,0,0,0,0,0,0,1084,0,2100.0,1969.108273461633,1650.9293040144257,2198.879470000975,256.0
1785382497,0,,Aggregated,13.600000,0.000000,0,0,0,0,0,0,0,0,0,0,0,2168,0,260.0,1066.0158509010914,93.47443794831634,2198.879470000975,206.5
1785382498,0,TTFT,S1,6.800000,0.000000,0,0,0,0,0,0,0,0,0,0,0,1084,0,160.0,162.92342834054995,93.47443794831634,256.672624964267,157.0
1785382498,0,total,S1,6.800000,0.000000,0,0,0,0,0,0,0,0,0,0,0,1084,0,2100.0,1969.108273461633,1650.9293040144257,2198.879470000975,256.0
1785382498,0,,Aggregated,13.600000,0.000000,0,0,0,0,0,0,0,0,0,0,0,2168,0,260.0,1066.0158509010914,93.47443794831634,2198.879470000975,206.5
1785382499,0,TTFT,S1,6.800000,0.000000,0,0,0,0,0,0,0,0,0,0,0,1084,0,160.0,162.92342834054995,93.47443794831634,256.672624964267,157.0
1785382499,0,total,S1,6.800000,0.000000,0,0,0,0,0,0,0,0,0,0,0,1084,0,2100.0,1969.108273461633,1650.9293040144257,2198.879470000975,256.0
1785382499,0,,Aggregated,13.600000,0.000000,0,0,0,0,0,0,0,0,0,0,0,2168,0,260.0,1066.0158509010914,93.47443794831634,2198.879470000975,206.5
1785382500,0,TTFT,S1,6.800000,0.000000,0,0,0,0,0,0,0,0,0,0,0,1084,0,160.0,162.92342834054995,93.47443794831634,256.672624964267,157.0
1785382500,0,total,S1,6.800000,0.000000,0,0,0,0,0,0,0,0,0,0,0,1084,0,2100.0,1969.108273461633,1650.9293040144257,2198.879470000975,256.0
1785382500,0,,Aggregated,13.600000,0.000000,0,0,0,0,0,0,0,0,0,0,0,2168,0,260.0,1066.0158509010914,93.47443794831634,2198.879470000975,206.5
1785382501,0,TTFT,S1,6.800000,0.000000,0,0,0,0,0,0,0,0,0,0,0,1084,0,160.0,162.92342834054995,93.47443794831634,256.672624964267,157.0
1785382501,0,total,S1,6.800000,0.000000,0,0,0,0,0,0,0,0,0,0,0,1084,0,2100.0,1969.108273461633,1650.9293040144257,2198.879470000975,256.0
1785382501,0,,Aggregated,13.600000,0.000000,0,0,0,0,0,0,0,0,0,0,0,2168,0,260.0,1066.0158509010914,93.47443794831634,2198.879470000975,206.5
1785382502,0,TTFT,S1,6.800000,0.000000,0,0,0,0,0,0,0,0,0,0,0,1084,0,160.0,162.92342834054995,93.47443794831634,256.672624964267,157.0
1785382502,0,total,S1,6.800000,0.000000,0,0,0,0,0,0,0,0,0,0,0,1084,0,2100.0,1969.108273461633,1650.9293040144257,2198.879470000975,256.0
1785382502,0,,Aggregated,13.600000,0.000000,0,0,0,0,0,0,0,0,0,0,0,2168,0,260.0,1066.0158509010914,93.47443794831634,2198.879470000975,206.5
1785382503,0,TTFT,S1,6.800000,0.000000,0,0,0,0,0,0,0,0,0,0,0,1084,0,160.0,162.92342834054995,93.47443794831634,256.672624964267,157.0
1785382503,0,total,S1,6.800000,0.000000,0,0,0,0,0,0,0,0,0,0,0,1084,0,2100.0,1969.108273461633,1650.9293040144257,2198.879470000975,256.0
1785382503,0,,Aggregated,13.600000,0.000000,0,0,0,0,0,0,0,0,0,0,0,2168,0,260.0,1066.0158509010914,93.47443794831634,2198.879470000975,206.5
1785382504,0,TTFT,S1,6.800000,0.000000,0,0,0,0,0,0,0,0,0,0,0,1084,0,160.0,162.92342834054995,93.47443794831634,256.672624964267,157.0
1785382504,0,total,S1,6.800000,0.000000,0,0,0,0,0,0,0,0,0,0,0,1084,0,2100.0,1969.108273461633,1650.9293040144257,2198.879470000975,256.0
1785382504,0,,Aggregated,13.600000,0.000000,0,0,0,0,0,0,0,0,0,0,0,2168,0,260.0,1066.0158509010914,93.47443794831634,2198.879470000975,206.5
1785382505,0,TTFT,S1,6.800000,0.000000,0,0,0,0,0,0,0,0,0,0,0,1084,0,160.0,162.92342834054995,93.47443794831634,256.672624964267,157.0
1785382505,0,total,S1,6.800000,0.000000,0,0,0,0,0,0,0,0,0,0,0,1084,0,2100.0,1969.108273461633,1650.9293040144257,2198.879470000975,256.0
1785382505,0,,Aggregated,13.600000,0.000000,0,0,0,0,0,0,0,0,0,0,0,2168,0,260.0,1066.0158509010914,93.47443794831634,2198.879470000975,206.5
1785382506,0,TTFT,S1,6.800000,0.000000,0,0,0,0,0,0,0,0,0,0,0,1084,0,160.0,162.92342834054995,93.47443794831634,256.672624964267,157.0
1785382506,0,total,S1,6.800000,0.000000,0,0,0,0,0,0,0,0,0,0,0,1084,0,2100.0,1969.108273461633,1650.9293040144257,2198.879470000975,256.0
1785382506,0,,Aggregated,13.600000,0.000000,0,0,0,0,0,0,0,0,0,0,0,2168,0,260.0,1066.0158509010914,93.47443794831634,2198.879470000975,206.5
1785382507,0,TTFT,S1,6.800000,0.000000,0,0,0,0,0,0,0,0,0,0,0,1084,0,160.0,162.92342834054995,93.47443794831634,256.672624964267,157.0
1785382507,0,total,S1,6.800000,0.000000,0,0,0,0,0,0,0,0,0,0,0,1084,0,2100.0,1969.108273461633,1650.9293040144257,2198.879470000975,256.0
1785382507,0,,Aggregated,13.600000,0.000000,0,0,0,0,0,0,0,0,0,0,0,2168,0,260.0,1066.0158509010914,93.47443794831634,2198.879470000975,206.5
1785382508,0,TTFT,S1,6.800000,0.000000,0,0,0,0,0,0,0,0,0,0,0,1084,0,160.0,162.92342834054995,93.47443794831634,256.672624964267,157.0
1785382508,0,total,S1,6.800000,0.000000,0,0,0,0,0,0,0,0,0,0,0,1084,0,2100.0,1969.108273461633,1650.9293040144257,2198.879470000975,256.0
1785382508,0,,Aggregated,13.600000,0.000000,0,0,0,0,0,0,0,0,0,0,0,2168,0,260.0,1066.0158509010914,93.47443794831634,2198.879470000975,206.5
1785382509,0,TTFT,S1,6.800000,0.000000,0,0,0,0,0,0,0,0,0,0,0,1084,0,160.0,162.92342834054995,93.47443794831634,256.672624964267,157.0
1785382509,0,total,S1,6.800000,0.000000,0,0,0,0,0,0,0,0,0,0,0,1084,0,2100.0,1969.108273461633,1650.9293040144257,2198.879470000975,256.0
1785382509,0,,Aggregated,13.600000,0.000000,0,0,0,0,0,0,0,0,0,0,0,2168,0,260.0,1066.0158509010914,93.47443794831634,2198.879470000975,206.5
1785382510,0,TTFT,S1,6.800000,0.000000,0,0,0,0,0,0,0,0,0,0,0,1084,0,160.0,162.92342834054995,93.47443794831634,256.672624964267,157.0
1785382510,0,total,S1,6.800000,0.000000,0,0,0,0,0,0,0,0,0,0,0,1084,0,2100.0,1969.108273461633,1650.9293040144257,2198.879470000975,256.0
1785382510,0,,Aggregated,13.600000,0.000000,0,0,0,0,0,0,0,0,0,0,0,2168,0,260.0,1066.0158509010914,93.47443794831634,2198.879470000975,206.5
1785382511,0,TTFT,S1,6.800000,0.000000,0,0,0,0,0,0,0,0,0,0,0,1084,0,160.0,162.92342834054995,93.47443794831634,256.672624964267,157.0
1785382511,0,total,S1,6.800000,0.000000,0,0,0,0,0,0,0,0,0,0,0,1084,0,2100.0,1969.108273461633,1650.9293040144257,2198.879470000975,256.0
1785382511,0,,Aggregated,13.600000,0.000000,0,0,0,0,0,0,0,0,0,0,0,2168,0,260.0,1066.0158509010914,93.47443794831634,2198.879470000975,206.5
1785382512,0,TTFT,S1,6.800000,0.000000,0,0,0,0,0,0,0,0,0,0,0,1084,0,160.0,162.92342834054995,93.47443794831634,256.672624964267,157.0
1785382512,0,total,S1,6.800000,0.000000,0,0,0,0,0,0,0,0,0,0,0,1084,0,2100.0,1969.108273461633,1650.9293040144257,2198.879470000975,256.0
1785382512,0,,Aggregated,13.600000,0.000000,0,0,0,0,0,0,0,0,0,0,0,2168,0,260.0,1066.0158509010914,93.47443794831634,2198.879470000975,206.5
1785382513,0,TTFT,S1,6.800000,0.000000,0,0,0,0,0,0,0,0,0,0,0,1084,0,160.0,162.92342834054995,93.47443794831634,256.672624964267,157.0
1785382513,0,total,S1,6.800000,0.000000,0,0,0,0,0,0,0,0,0,0,0,1084,0,2100.0,1969.108273461633,1650.9293040144257,2198.879470000975,256.0
1785382513,0,,Aggregated,13.600000,0.000000,0,0,0,0,0,0,0,0,0,0,0,2168,0,260.0,1066.0158509010914,93.47443794831634,2198.879470000975,206.5
1785382514,0,TTFT,S1,6.800000,0.000000,0,0,0,0,0,0,0,0,0,0,0,1084,0,160.0,162.92342834054995,93.47443794831634,256.672624964267,157.0
1785382514,0,total,S1,6.800000,0.000000,0,0,0,0,0,0,0,0,0,0,0,1084,0,2100.0,1969.108273461633,1650.9293040144257,2198.879470000975,256.0
1785382514,0,,Aggregated,13.600000,0.000000,0,0,0,0,0,0,0,0,0,0,0,2168,0,260.0,1066.0158509010914,93.47443794831634,2198.879470000975,206.5
1785382515,0,TTFT,S1,6.800000,0.000000,0,0,0,0,0,0,0,0,0,0,0,1084,0,160.0,162.92342834054995,93.47443794831634,256.672624964267,157.0
1785382515,0,total,S1,6.800000,0.000000,0,0,0,0,0,0,0,0,0,0,0,1084,0,2100.0,1969.108273461633,1650.9293040144257,2198.879470000975,256.0
1785382515,0,,Aggregated,13.600000,0.000000,0,0,0,0,0,0,0,0,0,0,0,2168,0,260.0,1066.0158509010914,93.47443794831634,2198.879470000975,206.5
1785382516,0,TTFT,S1,6.800000,0.000000,0,0,0,0,0,0,0,0,0,0,0,1084,0,160.0,162.92342834054995,93.47443794831634,256.672624964267,157.0
1785382516,0,total,S1,6.800000,0.000000,0,0,0,0,0,0,0,0,0,0,0,1084,0,2100.0,1969.108273461633,1650.9293040144257,2198.879470000975,256.0
1785382516,0,,Aggregated,13.600000,0.000000,0,0,0,0,0,0,0,0,0,0,0,2168,0,260.0,1066.0158509010914,93.47443794831634,2198.879470000975,206.5
1785382517,0,TTFT,S1,6.800000,0.000000,0,0,0,0,0,0,0,0,0,0,0,1084,0,160.0,162.92342834054995,93.47443794831634,256.672624964267,157.0
1785382517,0,total,S1,6.800000,0.000000,0,0,0,0,0,0,0,0,0,0,0,1084,0,2100.0,1969.108273461633,1650.9293040144257,2198.879470000975,256.0
1785382517,0,,Aggregated,13.600000,0.000000,0,0,0,0,0,0,0,0,0,0,0,2168,0,260.0,1066.0158509010914,93.47443794831634,2198.879470000975,206.5
1785382518,0,TTFT,S1,6.800000,0.000000,0,0,0,0,0,0,0,0,0,0,0,1084,0,160.0,162.92342834054995,93.47443794831634,256.672624964267,157.0
1785382518,0,total,S1,6.800000,0.000000,0,0,0,0,0,0,0,0,0,0,0,1084,0,2100.0,1969.108273461633,1650.9293040144257,2198.879470000975,256.0
1785382518,0,,Aggregated,13.600000,0.000000,0,0,0,0,0,0,0,0,0,0,0,2168,0,260.0,1066.0158509010914,93.47443794831634,2198.879470000975,206.5
1785382519,0,TTFT,S1,6.800000,0.000000,0,0,0,0,0,0,0,0,0,0,0,1084,0,160.0,162.92342834054995,93.47443794831634,256.672624964267,157.0
1785382519,0,total,S1,6.800000,0.000000,0,0,0,0,0,0,0,0,0,0,0,1084,0,2100.0,1969.108273461633,1650.9293040144257,2198.879470000975,256.0
1785382519,0,,Aggregated,13.600000,0.000000,0,0,0,0,0,0,0,0,0,0,0,2168,0,260.0,1066.0158509010914,93.47443794831634,2198.879470000975,206.5
1785382520,0,TTFT,S1,6.800000,0.000000,0,0,0,0,0,0,0,0,0,0,0,1084,0,160.0,162.92342834054995,93.47443794831634,256.672624964267,157.0
1785382520,0,total,S1,6.800000,0.000000,0,0,0,0,0,0,0,0,0,0,0,1084,0,2100.0,1969.108273461633,1650.9293040144257,2198.879470000975,256.0
1785382520,0,,Aggregated,13.600000,0.000000,0,0,0,0,0,0,0,0,0,0,0,2168,0,260.0,1066.0158509010914,93.47443794831634,2198.879470000975,206.5
1785382521,0,TTFT,S1,6.800000,0.000000,0,0,0,0,0,0,0,0,0,0,0,1084,0,160.0,162.92342834054995,93.47443794831634,256.672624964267,157.0
1785382521,0,total,S1,6.800000,0.000000,0,0,0,0,0,0,0,0,0,0,0,1084,0,2100.0,1969.108273461633,1650.9293040144257,2198.879470000975,256.0
1785382521,0,,Aggregated,13.600000,0.000000,0,0,0,0,0,0,0,0,0,0,0,2168,0,260.0,1066.0158509010914,93.47443794831634,2198.879470000975,206.5
1785382522,0,TTFT,S1,6.800000,0.000000,0,0,0,0,0,0,0,0,0,0,0,1084,0,160.0,162.92342834054995,93.47443794831634,256.672624964267,157.0
1785382522,0,total,S1,6.800000,0.000000,0,0,0,0,0,0,0,0,0,0,0,1084,0,2100.0,1969.108273461633,1650.9293040144257,2198.879470000975,256.0
1785382522,0,,Aggregated,13.600000,0.000000,0,0,0,0,0,0,0,0,0,0,0,2168,0,260.0,1066.0158509010914,93.47443794831634,2198.879470000975,206.5
1785382523,0,TTFT,S1,6.800000,0.000000,0,0,0,0,0,0,0,0,0,0,0,1084,0,160.0,162.92342834054995,93.47443794831634,256.672624964267,157.0
1785382523,0,total,S1,6.800000,0.000000,0,0,0,0,0,0,0,0,0,0,0,1084,0,2100.0,1969.108273461633,1650.9293040144257,2198.879470000975,256.0
1785382523,0,,Aggregated,13.600000,0.000000,0,0,0,0,0,0,0,0,0,0,0,2168,0,260.0,1066.0158509010914,93.47443794831634,2198.879470000975,206.5
1785382524,0,TTFT,S1,6.800000,0.000000,0,0,0,0,0,0,0,0,0,0,0,1084,0,160.0,162.92342834054995,93.47443794831634,256.672624964267,157.0
1785382524,0,total,S1,6.800000,0.000000,0,0,0,0,0,0,0,0,0,0,0,1084,0,2100.0,1969.108273461633,1650.9293040144257,2198.879470000975,256.0
1785382524,0,,Aggregated,13.600000,0.000000,0,0,0,0,0,0,0,0,0,0,0,2168,0,260.0,1066.0158509010914,93.47443794831634,2198.879470000975,206.5
1785382525,0,TTFT,S1,6.800000,0.000000,0,0,0,0,0,0,0,0,0,0,0,1084,0,160.0,162.92342834054995,93.47443794831634,256.672624964267,157.0
1785382525,0,total,S1,6.800000,0.000000,0,0,0,0,0,0,0,0,0,0,0,1084,0,2100.0,1969.108273461633,1650.9293040144257,2198.879470000975,256.0
1785382525,0,,Aggregated,13.600000,0.000000,0,0,0,0,0,0,0,0,0,0,0,2168,0,260.0,1066.0158509010914,93.47443794831634,2198.879470000975,206.5
1785382526,0,TTFT,S1,6.800000,0.000000,0,0,0,0,0,0,0,0,0,0,0,1084,0,160.0,162.92342834054995,93.47443794831634,256.672624964267,157.0
1785382526,0,total,S1,6.800000,0.000000,0,0,0,0,0,0,0,0,0,0,0,1084,0,2100.0,1969.108273461633,1650.9293040144257,2198.879470000975,256.0
1785382526,0,,Aggregated,13.600000,0.000000,0,0,0,0,0,0,0,0,0,0,0,2168,0,260.0,1066.0158509010914,93.47443794831634,2198.879470000975,206.5
1785382527,0,TTFT,S1,6.800000,0.000000,0,0,0,0,0,0,0,0,0,0,0,1084,0,160.0,162.92342834054995,93.47443794831634,256.672624964267,157.0
1785382527,0,total,S1,6.800000,0.000000,0,0,0,0,0,0,0,0,0,0,0,1084,0,2100.0,1969.108273461633,1650.9293040144257,2198.879470000975,256.0
1785382527,0,,Aggregated,13.600000,0.000000,0,0,0,0,0,0,0,0,0,0,0,2168,0,260.0,1066.0158509010914,93.47443794831634,2198.879470000975,206.5
1785382528,0,TTFT,S1,6.800000,0.000000,0,0,0,0,0,0,0,0,0,0,0,1084,0,160.0,162.92342834054995,93.47443794831634,256.672624964267,157.0
1785382528,0,total,S1,6.800000,0.000000,0,0,0,0,0,0,0,0,0,0,0,1084,0,2100.0,1969.108273461633,1650.9293040144257,2198.879470000975,256.0
1785382528,0,,Aggregated,13.600000,0.000000,0,0,0,0,0,0,0,0,0,0,0,2168,0,260.0,1066.0158509010914,93.47443794831634,2198.879470000975,206.5
1785382529,0,TTFT,S1,6.800000,0.000000,0,0,0,0,0,0,0,0,0,0,0,1084,0,160.0,162.92342834054995,93.47443794831634,256.672624964267,157.0
1785382529,0,total,S1,6.800000,0.000000,0,0,0,0,0,0,0,0,0,0,0,1084,0,2100.0,1969.108273461633,1650.9293040144257,2198.879470000975,256.0
1785382529,0,,Aggregated,13.600000,0.000000,0,0,0,0,0,0,0,0,0,0,0,2168,0,260.0,1066.0158509010914,93.47443794831634,2198.879470000975,206.5
1785382530,0,TTFT,S1,6.800000,0.000000,0,0,0,0,0,0,0,0,0,0,0,1084,0,160.0,162.92342834054995,93.47443794831634,256.672624964267,157.0
1785382530,0,total,S1,6.800000,0.000000,0,0,0,0,0,0,0,0,0,0,0,1084,0,2100.0,1969.108273461633,1650.9293040144257,2198.879470000975,256.0
1785382530,0,,Aggregated,13.600000,0.000000,0,0,0,0,0,0,0,0,0,0,0,2168,0,260.0,1066.0158509010914,93.47443794831634,2198.879470000975,206.5
1785382531,0,TTFT,S1,6.800000,0.000000,0,0,0,0,0,0,0,0,0,0,0,1084,0,160.0,162.92342834054995,93.47443794831634,256.672624964267,157.0
1785382531,0,total,S1,6.800000,0.000000,0,0,0,0,0,0,0,0,0,0,0,1084,0,2100.0,1969.108273461633,1650.9293040144257,2198.879470000975,256.0
1785382531,0,,Aggregated,13.600000,0.000000,0,0,0,0,0,0,0,0,0,0,0,2168,0,260.0,1066.0158509010914,93.47443794831634,2198.879470000975,206.5
1785382532,0,TTFT,S1,6.800000,0.000000,0,0,0,0,0,0,0,0,0,0,0,1084,0,160.0,162.92342834054995,93.47443794831634,256.672624964267,157.0
1785382532,0,total,S1,6.800000,0.000000,0,0,0,0,0,0,0,0,0,0,0,1084,0,2100.0,1969.108273461633,1650.9293040144257,2198.879470000975,256.0
1785382532,0,,Aggregated,13.600000,0.000000,0,0,0,0,0,0,0,0,0,0,0,2168,0,260.0,1066.0158509010914,93.47443794831634,2198.879470000975,206.5
1785382533,0,TTFT,S1,6.800000,0.000000,0,0,0,0,0,0,0,0,0,0,0,1084,0,160.0,162.92342834054995,93.47443794831634,256.672624964267,157.0
1785382533,0,total,S1,6.800000,0.000000,0,0,0,0,0,0,0,0,0,0,0,1084,0,2100.0,1969.108273461633,1650.9293040144257,2198.879470000975,256.0
1785382533,0,,Aggregated,13.600000,0.000000,0,0,0,0,0,0,0,0,0,0,0,2168,0,260.0,1066.0158509010914,93.47443794831634,2198.879470000975,206.5
1785382534,0,TTFT,S1,6.800000,0.000000,0,0,0,0,0,0,0,0,0,0,0,1084,0,160.0,162.92342834054995,93.47443794831634,256.672624964267,157.0
1785382534,0,total,S1,6.800000,0.000000,0,0,0,0,0,0,0,0,0,0,0,1084,0,2100.0,1969.108273461633,1650.9293040144257,2198.879470000975,256.0
1785382534,0,,Aggregated,13.600000,0.000000,0,0,0,0,0,0,0,0,0,0,0,2168,0,260.0,1066.0158509010914,93.47443794831634,2198.879470000975,206.5
1785382535,0,TTFT,S1,6.800000,0.000000,0,0,0,0,0,0,0,0,0,0,0,1084,0,160.0,162.92342834054995,93.47443794831634,256.672624964267,157.0
1785382535,0,total,S1,6.800000,0.000000,0,0,0,0,0,0,0,0,0,0,0,1084,0,2100.0,1969.108273461633,1650.9293040144257,2198.879470000975,256.0
1785382535,0,,Aggregated,13.600000,0.000000,0,0,0,0,0,0,0,0,0,0,0,2168,0,260.0,1066.0158509010914,93.47443794831634,2198.879470000975,206.5
1785382536,0,TTFT,S1,6.800000,0.000000,0,0,0,0,0,0,0,0,0,0,0,1084,0,160.0,162.92342834054995,93.47443794831634,256.672624964267,157.0
1785382536,0,total,S1,6.800000,0.000000,0,0,0,0,0,0,0,0,0,0,0,1084,0,2100.0,1969.108273461633,1650.9293040144257,2198.879470000975,256.0
1785382536,0,,Aggregated,13.600000,0.000000,0,0,0,0,0,0,0,0,0,0,0,2168,0,260.0,1066.0158509010914,93.47443794831634,2198.879470000975,206.5
1785382537,0,TTFT,S1,6.800000,0.000000,0,0,0,0,0,0,0,0,0,0,0,1084,0,160.0,162.92342834054995,93.47443794831634,256.672624964267,157.0
1785382537,0,total,S1,6.800000,0.000000,0,0,0,0,0,0,0,0,0,0,0,1084,0,2100.0,1969.108273461633,1650.9293040144257,2198.879470000975,256.0
1785382537,0,,Aggregated,13.600000,0.000000,0,0,0,0,0,0,0,0,0,0,0,2168,0,260.0,1066.0158509010914,93.47443794831634,2198.879470000975,206.5
1785382538,0,TTFT,S1,6.800000,0.000000,0,0,0,0,0,0,0,0,0,0,0,1084,0,160.0,162.92342834054995,93.47443794831634,256.672624964267,157.0
1785382538,0,total,S1,6.800000,0.000000,0,0,0,0,0,0,0,0,0,0,0,1084,0,2100.0,1969.108273461633,1650.9293040144257,2198.879470000975,256.0
1785382538,0,,Aggregated,13.600000,0.000000,0,0,0,0,0,0,0,0,0,0,0,2168,0,260.0,1066.0158509010914,93.47443794831634,2198.879470000975,206.5
1785382539,0,TTFT,S1,6.800000,0.000000,0,0,0,0,0,0,0,0,0,0,0,1084,0,160.0,162.92342834054995,93.47443794831634,256.672624964267,157.0
1785382539,0,total,S1,6.800000,0.000000,0,0,0,0,0,0,0,0,0,0,0,1084,0,2100.0,1969.108273461633,1650.9293040144257,2198.879470000975,256.0
1785382539,0,,Aggregated,13.600000,0.000000,0,0,0,0,0,0,0,0,0,0,0,2168,0,260.0,1066.0158509010914,93.47443794831634,2198.879470000975,206.5
1785382540,0,TTFT,S1,6.800000,0.000000,0,0,0,0,0,0,0,0,0,0,0,1084,0,160.0,162.92342834054995,93.47443794831634,256.672624964267,157.0
1785382540,0,total,S1,6.800000,0.000000,0,0,0,0,0,0,0,0,0,0,0,1084,0,2100.0,1969.108273461633,1650.9293040144257,2198.879470000975,256.0
1785382540,0,,Aggregated,13.600000,0.000000,0,0,0,0,0,0,0,0,0,0,0,2168,0,260.0,1066.0158509010914,93.47443794831634,2198.879470000975,206.5
1785382541,0,TTFT,S1,6.800000,0.000000,0,0,0,0,0,0,0,0,0,0,0,1084,0,160.0,162.92342834054995,93.47443794831634,256.672624964267,157.0
1785382541,0,total,S1,6.800000,0.000000,0,0,0,0,0,0,0,0,0,0,0,1084,0,2100.0,1969.108273461633,1650.9293040144257,2198.879470000975,256.0
1785382541,0,,Aggregated,13.600000,0.000000,0,0,0,0,0,0,0,0,0,0,0,2168,0,260.0,1066.0158509010914,93.47443794831634,2198.879470000975,206.5
1785382542,0,TTFT,S1,6.800000,0.000000,0,0,0,0,0,0,0,0,0,0,0,1084,0,160.0,162.92342834054995,93.47443794831634,256.672624964267,157.0
1785382542,0,total,S1,6.800000,0.000000,0,0,0,0,0,0,0,0,0,0,0,1084,0,2100.0,1969.108273461633,1650.9293040144257,2198.879470000975,256.0
1785382542,0,,Aggregated,13.600000,0.000000,0,0,0,0,0,0,0,0,0,0,0,2168,0,260.0,1066.0158509010914,93.47443794831634,2198.879470000975,206.5
1785382543,0,TTFT,S1,6.800000,0.000000,0,0,0,0,0,0,0,0,0,0,0,1084,0,160.0,162.92342834054995,93.47443794831634,256.672624964267,157.0
1785382543,0,total,S1,6.800000,0.000000,0,0,0,0,0,0,0,0,0,0,0,1084,0,2100.0,1969.108273461633,1650.9293040144257,2198.879470000975,256.0
1785382543,0,,Aggregated,13.600000,0.000000,0,0,0,0,0,0,0,0,0,0,0,2168,0,260.0,1066.0158509010914,93.47443794831634,2198.879470000975,206.5
1785382544,0,TTFT,S1,6.800000,0.000000,0,0,0,0,0,0,0,0,0,0,0,1084,0,160.0,162.92342834054995,93.47443794831634,256.672624964267,157.0
1785382544,0,total,S1,6.800000,0.000000,0,0,0,0,0,0,0,0,0,0,0,1084,0,2100.0,1969.108273461633,1650.9293040144257,2198.879470000975,256.0
1785382544,0,,Aggregated,13.600000,0.000000,0,0,0,0,0,0,0,0,0,0,0,2168,0,260.0,1066.0158509010914,93.47443794831634,2198.879470000975,206.5
1785382545,0,TTFT,S1,6.800000,0.000000,0,0,0,0,0,0,0,0,0,0,0,1084,0,160.0,162.92342834054995,93.47443794831634,256.672624964267,157.0
1785382545,0,total,S1,6.800000,0.000000,0,0,0,0,0,0,0,0,0,0,0,1084,0,2100.0,1969.108273461633,1650.9293040144257,2198.879470000975,256.0
1785382545,0,,Aggregated,13.600000,0.000000,0,0,0,0,0,0,0,0,0,0,0,2168,0,260.0,1066.0158509010914,93.47443794831634,2198.879470000975,206.5
1785382546,0,TTFT,S1,6.800000,0.000000,0,0,0,0,0,0,0,0,0,0,0,1084,0,160.0,162.92342834054995,93.47443794831634,256.672624964267,157.0
1785382546,0,total,S1,6.800000,0.000000,0,0,0,0,0,0,0,0,0,0,0,1084,0,2100.0,1969.108273461633,1650.9293040144257,2198.879470000975,256.0
1785382546,0,,Aggregated,13.600000,0.000000,0,0,0,0,0,0,0,0,0,0,0,2168,0,260.0,1066.0158509010914,93.47443794831634,2198.879470000975,206.5
1785382547,0,TTFT,S1,6.800000,0.000000,0,0,0,0,0,0,0,0,0,0,0,1084,0,160.0,162.92342834054995,93.47443794831634,256.672624964267,157.0
1785382547,0,total,S1,6.800000,0.000000,0,0,0,0,0,0,0,0,0,0,0,1084,0,2100.0,1969.108273461633,1650.9293040144257,2198.879470000975,256.0
1785382547,0,,Aggregated,13.600000,0.000000,0,0,0,0,0,0,0,0,0,0,0,2168,0,260.0,1066.0158509010914,93.47443794831634,2198.879470000975,206.5
1785382548,0,TTFT,S1,6.800000,0.000000,0,0,0,0,0,0,0,0,0,0,0,1084,0,160.0,162.92342834054995,93.47443794831634,256.672624964267,157.0
1785382548,0,total,S1,6.800000,0.000000,0,0,0,0,0,0,0,0,0,0,0,1084,0,2100.0,1969.108273461633,1650.9293040144257,2198.879470000975,256.0
1785382548,0,,Aggregated,13.600000,0.000000,0,0,0,0,0,0,0,0,0,0,0,2168,0,260.0,1066.0158509010914,93.47443794831634,2198.879470000975,206.5
1785382549,0,TTFT,S1,6.800000,0.000000,0,0,0,0,0,0,0,0,0,0,0,1084,0,160.0,162.92342834054995,93.47443794831634,256.672624964267,157.0
1785382549,0,total,S1,6.800000,0.000000,0,0,0,0,0,0,0,0,0,0,0,1084,0,2100.0,1969.108273461633,1650.9293040144257,2198.879470000975,256.0
1785382549,0,,Aggregated,13.600000,0.000000,0,0,0,0,0,0,0,0,0,0,0,2168,0,260.0,1066.0158509010914,93.47443794831634,2198.879470000975,206.5
1785382550,0,TTFT,S1,6.800000,0.000000,0,0,0,0,0,0,0,0,0,0,0,1084,0,160.0,162.92342834054995,93.47443794831634,256.672624964267,157.0
1785382550,0,total,S1,6.800000,0.000000,0,0,0,0,0,0,0,0,0,0,0,1084,0,2100.0,1969.108273461633,1650.9293040144257,2198.879470000975,256.0
1785382550,0,,Aggregated,13.600000,0.000000,0,0,0,0,0,0,0,0,0,0,0,2168,0,260.0,1066.0158509010914,93.47443794831634,2198.879470000975,206.5
1785382551,0,TTFT,S1,6.800000,0.000000,0,0,0,0,0,0,0,0,0,0,0,1084,0,160.0,162.92342834054995,93.47443794831634,256.672624964267,157.0
1785382551,0,total,S1,6.800000,0.000000,0,0,0,0,0,0,0,0,0,0,0,1084,0,2100.0,1969.108273461633,1650.9293040144257,2198.879470000975,256.0
1785382551,0,,Aggregated,13.600000,0.000000,0,0,0,0,0,0,0,0,0,0,0,2168,0,260.0,1066.0158509010914,93.47443794831634,2198.879470000975,206.5
1785382552,0,TTFT,S1,6.800000,0.000000,0,0,0,0,0,0,0,0,0,0,0,1084,0,160.0,162.92342834054995,93.47443794831634,256.672624964267,157.0
1785382552,0,total,S1,6.800000,0.000000,0,0,0,0,0,0,0,0,0,0,0,1084,0,2100.0,1969.108273461633,1650.9293040144257,2198.879470000975,256.0
1785382552,0,,Aggregated,13.600000,0.000000,0,0,0,0,0,0,0,0,0,0,0,2168,0,260.0,1066.0158509010914,93.47443794831634,2198.879470000975,206.5
1785382553,0,TTFT,S1,6.800000,0.000000,0,0,0,0,0,0,0,0,0,0,0,1084,0,160.0,162.92342834054995,93.47443794831634,256.672624964267,157.0
1785382553,0,total,S1,6.800000,0.000000,0,0,0,0,0,0,0,0,0,0,0,1084,0,2100.0,1969.108273461633,1650.9293040144257,2198.879470000975,256.0
1785382553,0,,Aggregated,13.600000,0.000000,0,0,0,0,0,0,0,0,0,0,0,2168,0,260.0,1066.0158509010914,93.47443794831634,2198.879470000975,206.5
1785382554,0,TTFT,S1,6.800000,0.000000,0,0,0,0,0,0,0,0,0,0,0,1084,0,160.0,162.92342834054995,93.47443794831634,256.672624964267,157.0
1785382554,0,total,S1,6.800000,0.000000,0,0,0,0,0,0,0,0,0,0,0,1084,0,2100.0,1969.108273461633,1650.9293040144257,2198.879470000975,256.0
1785382554,0,,Aggregated,13.600000,0.000000,0,0,0,0,0,0,0,0,0,0,0,2168,0,260.0,1066.0158509010914,93.47443794831634,2198.879470000975,206.5
1785382555,0,TTFT,S1,6.800000,0.000000,0,0,0,0,0,0,0,0,0,0,0,1084,0,160.0,162.92342834054995,93.47443794831634,256.672624964267,157.0
1785382555,0,total,S1,6.800000,0.000000,0,0,0,0,0,0,0,0,0,0,0,1084,0,2100.0,1969.108273461633,1650.9293040144257,2198.879470000975,256.0
1785382555,0,,Aggregated,13.600000,0.000000,0,0,0,0,0,0,0,0,0,0,0,2168,0,260.0,1066.0158509010914,93.47443794831634,2198.879470000975,206.5
1785382556,0,TTFT,S1,6.800000,0.000000,0,0,0,0,0,0,0,0,0,0,0,1084,0,160.0,162.92342834054995,93.47443794831634,256.672624964267,157.0
1785382556,0,total,S1,6.800000,0.000000,0,0,0,0,0,0,0,0,0,0,0,1084,0,2100.0,1969.108273461633,1650.9293040144257,2198.879470000975,256.0
1785382556,0,,Aggregated,13.600000,0.000000,0,0,0,0,0,0,0,0,0,0,0,2168,0,260.0,1066.0158509010914,93.47443794831634,2198.879470000975,206.5
1785382557,0,TTFT,S1,6.800000,0.000000,0,0,0,0,0,0,0,0,0,0,0,1084,0,160.0,162.92342834054995,93.47443794831634,256.672624964267,157.0
1785382557,0,total,S1,6.800000,0.000000,0,0,0,0,0,0,0,0,0,0,0,1084,0,2100.0,1969.108273461633,1650.9293040144257,2198.879470000975,256.0
1785382557,0,,Aggregated,13.600000,0.000000,0,0,0,0,0,0,0,0,0,0,0,2168,0,260.0,1066.0158509010914,93.47443794831634,2198.879470000975,206.5
1785382558,0,TTFT,S1,6.800000,0.000000,0,0,0,0,0,0,0,0,0,0,0,1084,0,160.0,162.92342834054995,93.47443794831634,256.672624964267,157.0
1785382558,0,total,S1,6.800000,0.000000,0,0,0,0,0,0,0,0,0,0,0,1084,0,2100.0,1969.108273461633,1650.9293040144257,2198.879470000975,256.0
1785382558,0,,Aggregated,13.600000,0.000000,0,0,0,0,0,0,0,0,0,0,0,2168,0,260.0,1066.0158509010914,93.47443794831634,2198.879470000975,206.5
1785382559,0,TTFT,S1,6.800000,0.000000,0,0,0,0,0,0,0,0,0,0,0,1084,0,160.0,162.92342834054995,93.47443794831634,256.672624964267,157.0
1785382559,0,total,S1,6.800000,0.000000,0,0,0,0,0,0,0,0,0,0,0,1084,0,2100.0,1969.108273461633,1650.9293040144257,2198.879470000975,256.0
1785382559,0,,Aggregated,13.600000,0.000000,0,0,0,0,0,0,0,0,0,0,0,2168,0,260.0,1066.0158509010914,93.47443794831634,2198.879470000975,206.5
1785382560,0,TTFT,S1,6.800000,0.000000,0,0,0,0,0,0,0,0,0,0,0,1084,0,160.0,162.92342834054995,93.47443794831634,256.672624964267,157.0
1785382560,0,total,S1,6.800000,0.000000,0,0,0,0,0,0,0,0,0,0,0,1084,0,2100.0,1969.108273461633,1650.9293040144257,2198.879470000975,256.0
1785382560,0,,Aggregated,13.600000,0.000000,0,0,0,0,0,0,0,0,0,0,0,2168,0,260.0,1066.0158509010914,93.47443794831634,2198.879470000975,206.5
1785382561,0,TTFT,S1,6.800000,0.000000,0,0,0,0,0,0,0,0,0,0,0,1084,0,160.0,162.92342834054995,93.47443794831634,256.672624964267,157.0
1785382561,0,total,S1,6.800000,0.000000,0,0,0,0,0,0,0,0,0,0,0,1084,0,2100.0,1969.108273461633,1650.9293040144257,2198.879470000975,256.0
1785382561,0,,Aggregated,13.600000,0.000000,0,0,0,0,0,0,0,0,0,0,0,2168,0,260.0,1066.0158509010914,93.47443794831634,2198.879470000975,206.5
1785382562,0,TTFT,S1,6.800000,0.000000,0,0,0,0,0,0,0,0,0,0,0,1084,0,160.0,162.92342834054995,93.47443794831634,256.672624964267,157.0
1785382562,0,total,S1,6.800000,0.000000,0,0,0,0,0,0,0,0,0,0,0,1084,0,2100.0,1969.108273461633,1650.9293040144257,2198.879470000975,256.0
1785382562,0,,Aggregated,13.600000,0.000000,0,0,0,0,0,0,0,0,0,0,0,2168,0,260.0,1066.0158509010914,93.47443794831634,2198.879470000975,206.5
1785382563,0,TTFT,S1,6.800000,0.000000,0,0,0,0,0,0,0,0,0,0,0,1084,0,160.0,162.92342834054995,93.47443794831634,256.672624964267,157.0
1785382563,0,total,S1,6.800000,0.000000,0,0,0,0,0,0,0,0,0,0,0,1084,0,2100.0,1969.108273461633,1650.9293040144257,2198.879470000975,256.0
1785382563,0,,Aggregated,13.600000,0.000000,0,0,0,0,0,0,0,0,0,0,0,2168,0,260.0,1066.0158509010914,93.47443794831634,2198.879470000975,206.5
1785382564,0,TTFT,S1,6.800000,0.000000,0,0,0,0,0,0,0,0,0,0,0,1084,0,160.0,162.92342834054995,93.47443794831634,256.672624964267,157.0
1785382564,0,total,S1,6.800000,0.000000,0,0,0,0,0,0,0,0,0,0,0,1084,0,2100.0,1969.108273461633,1650.9293040144257,2198.879470000975,256.0
1785382564,0,,Aggregated,13.600000,0.000000,0,0,0,0,0,0,0,0,0,0,0,2168,0,260.0,1066.0158509010914,93.47443794831634,2198.879470000975,206.5
1785382565,0,TTFT,S1,6.800000,0.000000,0,0,0,0,0,0,0,0,0,0,0,1084,0,160.0,162.92342834054995,93.47443794831634,256.672624964267,157.0
1785382565,0,total,S1,6.800000,0.000000,0,0,0,0,0,0,0,0,0,0,0,1084,0,2100.0,1969.108273461633,1650.9293040144257,2198.879470000975,256.0
1785382565,0,,Aggregated,13.600000,0.000000,0,0,0,0,0,0,0,0,0,0,0,2168,0,260.0,1066.0158509010914,93.47443794831634,2198.879470000975,206.5
1785382566,0,TTFT,S1,6.800000,0.000000,0,0,0,0,0,0,0,0,0,0,0,1084,0,160.0,162.92342834054995,93.47443794831634,256.672624964267,157.0
1785382566,0,total,S1,6.800000,0.000000,0,0,0,0,0,0,0,0,0,0,0,1084,0,2100.0,1969.108273461633,1650.9293040144257,2198.879470000975,256.0
1785382566,0,,Aggregated,13.600000,0.000000,0,0,0,0,0,0,0,0,0,0,0,2168,0,260.0,1066.0158509010914,93.47443794831634,2198.879470000975,206.5
1785382567,0,TTFT,S1,6.800000,0.000000,0,0,0,0,0,0,0,0,0,0,0,1084,0,160.0,162.92342834054995,93.47443794831634,256.672624964267,157.0
1785382567,0,total,S1,6.800000,0.000000,0,0,0,0,0,0,0,0,0,0,0,1084,0,2100.0,1969.108273461633,1650.9293040144257,2198.879470000975,256.0
1785382567,0,,Aggregated,13.600000,0.000000,0,0,0,0,0,0,0,0,0,0,0,2168,0,260.0,1066.0158509010914,93.47443794831634,2198.879470000975,206.5
1785382568,0,TTFT,S1,6.800000,0.000000,0,0,0,0,0,0,0,0,0,0,0,1084,0,160.0,162.92342834054995,93.47443794831634,256.672624964267,157.0
1785382568,0,total,S1,6.800000,0.000000,0,0,0,0,0,0,0,0,0,0,0,1084,0,2100.0,1969.108273461633,1650.9293040144257,2198.879470000975,256.0
1785382568,0,,Aggregated,13.600000,0.000000,0,0,0,0,0,0,0,0,0,0,0,2168,0,260.0,1066.0158509010914,93.47443794831634,2198.879470000975,206.5
1785382569,0,TTFT,S1,6.800000,0.000000,0,0,0,0,0,0,0,0,0,0,0,1084,0,160.0,162.92342834054995,93.47443794831634,256.672624964267,157.0
1785382569,0,total,S1,6.800000,0.000000,0,0,0,0,0,0,0,0,0,0,0,1084,0,2100.0,1969.108273461633,1650.9293040144257,2198.879470000975,256.0
1785382569,0,,Aggregated,13.600000,0.000000,0,0,0,0,0,0,0,0,0,0,0,2168,0,260.0,1066.0158509010914,93.47443794831634,2198.879470000975,206.5
1785382570,0,TTFT,S1,6.800000,0.000000,0,0,0,0,0,0,0,0,0,0,0,1084,0,160.0,162.92342834054995,93.47443794831634,256.672624964267,157.0
1785382570,0,total,S1,6.800000,0.000000,0,0,0,0,0,0,0,0,0,0,0,1084,0,2100.0,1969.108273461633,1650.9293040144257,2198.879470000975,256.0
1785382570,0,,Aggregated,13.600000,0.000000,0,0,0,0,0,0,0,0,0,0,0,2168,0,260.0,1066.0158509010914,93.47443794831634,2198.879470000975,206.5
1785382571,0,TTFT,S1,6.800000,0.000000,0,0,0,0,0,0,0,0,0,0,0,1084,0,160.0,162.92342834054995,93.47443794831634,256.672624964267,157.0
1785382571,0,total,S1,6.800000,0.000000,0,0,0,0,0,0,0,0,0,0,0,1084,0,2100.0,1969.108273461633,1650.9293040144257,2198.879470000975,256.0
1785382571,0,,Aggregated,13.600000,0.000000,0,0,0,0,0,0,0,0,0,0,0,2168,0,260.0,1066.0158509010914,93.47443794831634,2198.879470000975,206.5
1785382572,0,TTFT,S1,6.800000,0.000000,0,0,0,0,0,0,0,0,0,0,0,1084,0,160.0,162.92342834054995,93.47443794831634,256.672624964267,157.0
1785382572,0,total,S1,6.800000,0.000000,0,0,0,0,0,0,0,0,0,0,0,1084,0,2100.0,1969.108273461633,1650.9293040144257,2198.879470000975,256.0
1785382572,0,,Aggregated,13.600000,0.000000,0,0,0,0,0,0,0,0,0,0,0,2168,0,260.0,1066.0158509010914,93.47443794831634,2198.879470000975,206.5
1785382573,0,TTFT,S1,6.800000,0.000000,0,0,0,0,0,0,0,0,0,0,0,1084,0,160.0,162.92342834054995,93.47443794831634,256.672624964267,157.0
1785382573,0,total,S1,6.800000,0.000000,0,0,0,0,0,0,0,0,0,0,0,1084,0,2100.0,1969.108273461633,1650.9293040144257,2198.879470000975,256.0
1785382573,0,,Aggregated,13.600000,0.000000,0,0,0,0,0,0,0,0,0,0,0,2168,0,260.0,1066.0158509010914,93.47443794831634,2198.879470000975,206.5
1785382574,0,TTFT,S1,6.800000,0.000000,0,0,0,0,0,0,0,0,0,0,0,1084,0,160.0,162.92342834054995,93.47443794831634,256.672624964267,157.0
1785382574,0,total,S1,6.800000,0.000000,0,0,0,0,0,0,0,0,0,0,0,1084,0,2100.0,1969.108273461633,1650.9293040144257,2198.879470000975,256.0
1785382574,0,,Aggregated,13.600000,0.000000,0,0,0,0,0,0,0,0,0,0,0,2168,0,260.0,1066.0158509010914,93.47443794831634,2198.879470000975,206.5
1785382575,0,TTFT,S1,6.800000,0.000000,0,0,0,0,0,0,0,0,0,0,0,1084,0,160.0,162.92342834054995,93.47443794831634,256.672624964267,157.0
1785382575,0,total,S1,6.800000,0.000000,0,0,0,0,0,0,0,0,0,0,0,1084,0,2100.0,1969.108273461633,1650.9293040144257,2198.879470000975,256.0
1785382575,0,,Aggregated,13.600000,0.000000,0,0,0,0,0,0,0,0,0,0,0,2168,0,260.0,1066.0158509010914,93.47443794831634,2198.879470000975,206.5
1785382576,0,TTFT,S1,6.800000,0.000000,0,0,0,0,0,0,0,0,0,0,0,1084,0,160.0,162.92342834054995,93.47443794831634,256.672624964267,157.0
1785382576,0,total,S1,6.800000,0.000000,0,0,0,0,0,0,0,0,0,0,0,1084,0,2100.0,1969.108273461633,1650.9293040144257,2198.879470000975,256.0
1785382576,0,,Aggregated,13.600000,0.000000,0,0,0,0,0,0,0,0,0,0,0,2168,0,260.0,1066.0158509010914,93.47443794831634,2198.879470000975,206.5
1785382577,0,TTFT,S1,6.800000,0.000000,0,0,0,0,0,0,0,0,0,0,0,1084,0,160.0,162.92342834054995,93.47443794831634,256.672624964267,157.0
1785382577,0,total,S1,6.800000,0.000000,0,0,0,0,0,0,0,0,0,0,0,1084,0,2100.0,1969.108273461633,1650.9293040144257,2198.879470000975,256.0
1785382577,0,,Aggregated,13.600000,0.000000,0,0,0,0,0,0,0,0,0,0,0,2168,0,260.0,1066.0158509010914,93.47443794831634,2198.879470000975,206.5
1785382578,0,TTFT,S1,6.800000,0.000000,0,0,0,0,0,0,0,0,0,0,0,1084,0,160.0,162.92342834054995,93.47443794831634,256.672624964267,157.0
1785382578,0,total,S1,6.800000,0.000000,0,0,0,0,0,0,0,0,0,0,0,1084,0,2100.0,1969.108273461633,1650.9293040144257,2198.879470000975,256.0
1785382578,0,,Aggregated,13.600000,0.000000,0,0,0,0,0,0,0,0,0,0,0,2168,0,260.0,1066.0158509010914,93.47443794831634,2198.879470000975,206.5
1785382579,0,TTFT,S1,6.800000,0.000000,0,0,0,0,0,0,0,0,0,0,0,1084,0,160.0,162.92342834054995,93.47443794831634,256.672624964267,157.0
1785382579,0,total,S1,6.800000,0.000000,0,0,0,0,0,0,0,0,0,0,0,1084,0,2100.0,1969.108273461633,1650.9293040144257,2198.879470000975,256.0
1785382579,0,,Aggregated,13.600000,0.000000,0,0,0,0,0,0,0,0,0,0,0,2168,0,260.0,1066.0158509010914,93.47443794831634,2198.879470000975,206.5
1785382580,0,TTFT,S1,6.800000,0.000000,0,0,0,0,0,0,0,0,0,0,0,1084,0,160.0,162.92342834054995,93.47443794831634,256.672624964267,157.0
1785382580,0,total,S1,6.800000,0.000000,0,0,0,0,0,0,0,0,0,0,0,1084,0,2100.0,1969.108273461633,1650.9293040144257,2198.879470000975,256.0
1785382580,0,,Aggregated,13.600000,0.000000,0,0,0,0,0,0,0,0,0,0,0,2168,0,260.0,1066.0158509010914,93.47443794831634,2198.879470000975,206.5
1785382581,0,TTFT,S1,6.800000,0.000000,0,0,0,0,0,0,0,0,0,0,0,1084,0,160.0,162.92342834054995,93.47443794831634,256.672624964267,157.0
1785382581,0,total,S1,6.800000,0.000000,0,0,0,0,0,0,0,0,0,0,0,1084,0,2100.0,1969.108273461633,1650.9293040144257,2198.879470000975,256.0
1785382581,0,,Aggregated,13.600000,0.000000,0,0,0,0,0,0,0,0,0,0,0,2168,0,260.0,1066.0158509010914,93.47443794831634,2198.879470000975,206.5
1785382582,0,TTFT,S1,6.800000,0.000000,0,0,0,0,0,0,0,0,0,0,0,1084,0,160.0,162.92342834054995,93.47443794831634,256.672624964267,157.0
1785382582,0,total,S1,6.800000,0.000000,0,0,0,0,0,0,0,0,0,0,0,1084,0,2100.0,1969.108273461633,1650.9293040144257,2198.879470000975,256.0
1785382582,0,,Aggregated,13.600000,0.000000,0,0,0,0,0,0,0,0,0,0,0,2168,0,260.0,1066.0158509010914,93.47443794831634,2198.879470000975,206.5
1785382583,0,TTFT,S1,6.800000,0.000000,0,0,0,0,0,0,0,0,0,0,0,1084,0,160.0,162.92342834054995,93.47443794831634,256.672624964267,157.0
1785382583,0,total,S1,6.800000,0.000000,0,0,0,0,0,0,0,0,0,0,0,1084,0,2100.0,1969.108273461633,1650.9293040144257,2198.879470000975,256.0
1785382583,0,,Aggregated,13.600000,0.000000,0,0,0,0,0,0,0,0,0,0,0,2168,0,260.0,1066.0158509010914,93.47443794831634,2198.879470000975,206.5
1785382584,0,TTFT,S1,6.800000,0.000000,0,0,0,0,0,0,0,0,0,0,0,1084,0,160.0,162.92342834054995,93.47443794831634,256.672624964267,157.0
1785382584,0,total,S1,6.800000,0.000000,0,0,0,0,0,0,0,0,0,0,0,1084,0,2100.0,1969.108273461633,1650.9293040144257,2198.879470000975,256.0
1785382584,0,,Aggregated,13.600000,0.000000,0,0,0,0,0,0,0,0,0,0,0,2168,0,260.0,1066.0158509010914,93.47443794831634,2198.879470000975,206.5
1785382585,0,TTFT,S1,6.800000,0.000000,0,0,0,0,0,0,0,0,0,0,0,1084,0,160.0,162.92342834054995,93.47443794831634,256.672624964267,157.0
1785382585,0,total,S1,6.800000,0.000000,0,0,0,0,0,0,0,0,0,0,0,1084,0,2100.0,1969.108273461633,1650.9293040144257,2198.879470000975,256.0
1785382585,0,,Aggregated,13.600000,0.000000,0,0,0,0,0,0,0,0,0,0,0,2168,0,260.0,1066.0158509010914,93.47443794831634,2198.879470000975,206.5
1785382586,0,TTFT,S1,6.800000,0.000000,0,0,0,0,0,0,0,0,0,0,0,1084,0,160.0,162.92342834054995,93.47443794831634,256.672624964267,157.0
1785382586,0,total,S1,6.800000,0.000000,0,0,0,0,0,0,0,0,0,0,0,1084,0,2100.0,1969.108273461633,1650.9293040144257,2198.879470000975,256.0
1785382586,0,,Aggregated,13.600000,0.000000,0,0,0,0,0,0,0,0,0,0,0,2168,0,260.0,1066.0158509010914,93.47443794831634,2198.879470000975,206.5
1785382587,0,TTFT,S1,6.800000,0.000000,0,0,0,0,0,0,0,0,0,0,0,1084,0,160.0,162.92342834054995,93.47443794831634,256.672624964267,157.0
1785382587,0,total,S1,6.800000,0.000000,0,0,0,0,0,0,0,0,0,0,0,1084,0,2100.0,1969.108273461633,1650.9293040144257,2198.879470000975,256.0
1785382587,0,,Aggregated,13.600000,0.000000,0,0,0,0,0,0,0,0,0,0,0,2168,0,260.0,1066.0158509010914,93.47443794831634,2198.879470000975,206.5
1785382588,0,TTFT,S1,6.800000,0.000000,0,0,0,0,0,0,0,0,0,0,0,1084,0,160.0,162.92342834054995,93.47443794831634,256.672624964267,157.0
1785382588,0,total,S1,6.800000,0.000000,0,0,0,0,0,0,0,0,0,0,0,1084,0,2100.0,1969.108273461633,1650.9293040144257,2198.879470000975,256.0
1785382588,0,,Aggregated,13.600000,0.000000,0,0,0,0,0,0,0,0,0,0,0,2168,0,260.0,1066.0158509010914,93.47443794831634,2198.879470000975,206.5
1785382589,0,TTFT,S1,6.800000,0.000000,0,0,0,0,0,0,0,0,0,0,0,1084,0,160.0,162.92342834054995,93.47443794831634,256.672624964267,157.0
1785382589,0,total,S1,6.800000,0.000000,0,0,0,0,0,0,0,0,0,0,0,1084,0,2100.0,1969.108273461633,1650.9293040144257,2198.879470000975,256.0
1785382589,0,,Aggregated,13.600000,0.000000,0,0,0,0,0,0,0,0,0,0,0,2168,0,260.0,1066.0158509010914,93.47443794831634,2198.879470000975,206.5
1785382590,0,TTFT,S1,6.800000,0.000000,0,0,0,0,0,0,0,0,0,0,0,1084,0,160.0,162.92342834054995,93.47443794831634,256.672624964267,157.0
1785382590,0,total,S1,6.800000,0.000000,0,0,0,0,0,0,0,0,0,0,0,1084,0,2100.0,1969.108273461633,1650.9293040144257,2198.879470000975,256.0
1785382590,0,,Aggregated,13.600000,0.000000,0,0,0,0,0,0,0,0,0,0,0,2168,0,260.0,1066.0158509010914,93.47443794831634,2198.879470000975,206.5
1785382591,0,TTFT,S1,6.800000,0.000000,0,0,0,0,0,0,0,0,0,0,0,1084,0,160.0,162.92342834054995,93.47443794831634,256.672624964267,157.0
1785382591,0,total,S1,6.800000,0.000000,0,0,0,0,0,0,0,0,0,0,0,1084,0,2100.0,1969.108273461633,1650.9293040144257,2198.879470000975,256.0
1785382591,0,,Aggregated,13.600000,0.000000,0,0,0,0,0,0,0,0,0,0,0,2168,0,260.0,1066.0158509010914,93.47443794831634,2198.879470000975,206.5
1785382592,0,TTFT,S1,6.800000,0.000000,0,0,0,0,0,0,0,0,0,0,0,1084,0,160.0,162.92342834054995,93.47443794831634,256.672624964267,157.0
1785382592,0,total,S1,6.800000,0.000000,0,0,0,0,0,0,0,0,0,0,0,1084,0,2100.0,1969.108273461633,1650.9293040144257,2198.879470000975,256.0
1785382592,0,,Aggregated,13.600000,0.000000,0,0,0,0,0,0,0,0,0,0,0,2168,0,260.0,1066.0158509010914,93.47443794831634,2198.879470000975,206.5
1785382593,0,TTFT,S1,6.800000,0.000000,0,0,0,0,0,0,0,0,0,0,0,1084,0,160.0,162.92342834054995,93.47443794831634,256.672624964267,157.0
1785382593,0,total,S1,6.800000,0.000000,0,0,0,0,0,0,0,0,0,0,0,1084,0,2100.0,1969.108273461633,1650.9293040144257,2198.879470000975,256.0
1785382593,0,,Aggregated,13.600000,0.000000,0,0,0,0,0,0,0,0,0,0,0,2168,0,260.0,1066.0158509010914,93.47443794831634,2198.879470000975,206.5
1785382594,0,TTFT,S1,6.800000,0.000000,0,0,0,0,0,0,0,0,0,0,0,1084,0,160.0,162.92342834054995,93.47443794831634,256.672624964267,157.0
1785382594,0,total,S1,6.800000,0.000000,0,0,0,0,0,0,0,0,0,0,0,1084,0,2100.0,1969.108273461633,1650.9293040144257,2198.879470000975,256.0
1785382594,0,,Aggregated,13.600000,0.000000,0,0,0,0,0,0,0,0,0,0,0,2168,0,260.0,1066.0158509010914,93.47443794831634,2198.879470000975,206.5
1785382595,0,TTFT,S1,6.800000,0.000000,0,0,0,0,0,0,0,0,0,0,0,1084,0,160.0,162.92342834054995,93.47443794831634,256.672624964267,157.0
1785382595,0,total,S1,6.800000,0.000000,0,0,0,0,0,0,0,0,0,0,0,1084,0,2100.0,1969.108273461633,1650.9293040144257,2198.879470000975,256.0
1785382595,0,,Aggregated,13.600000,0.000000,0,0,0,0,0,0,0,0,0,0,0,2168,0,260.0,1066.0158509010914,93.47443794831634,2198.879470000975,206.5
1785382596,0,TTFT,S1,6.800000,0.000000,0,0,0,0,0,0,0,0,0,0,0,1084,0,160.0,162.92342834054995,93.47443794831634,256.672624964267,157.0
1785382596,0,total,S1,6.800000,0.000000,0,0,0,0,0,0,0,0,0,0,0,1084,0,2100.0,1969.108273461633,1650.9293040144257,2198.879470000975,256.0
1785382596,0,,Aggregated,13.600000,0.000000,0,0,0,0,0,0,0,0,0,0,0,2168,0,260.0,1066.0158509010914,93.47443794831634,2198.879470000975,206.5
1785382597,0,TTFT,S1,6.800000,0.000000,0,0,0,0,0,0,0,0,0,0,0,1084,0,160.0,162.92342834054995,93.47443794831634,256.672624964267,157.0
1785382597,0,total,S1,6.800000,0.000000,0,0,0,0,0,0,0,0,0,0,0,1084,0,2100.0,1969.108273461633,1650.9293040144257,2198.879470000975,256.0
1785382597,0,,Aggregated,13.600000,0.000000,0,0,0,0,0,0,0,0,0,0,0,2168,0,260.0,1066.0158509010914,93.47443794831634,2198.879470000975,206.5
1785382598,0,TTFT,S1,6.800000,0.000000,0,0,0,0,0,0,0,0,0,0,0,1084,0,160.0,162.92342834054995,93.47443794831634,256.672624964267,157.0
1785382598,0,total,S1,6.800000,0.000000,0,0,0,0,0,0,0,0,0,0,0,1084,0,2100.0,1969.108273461633,1650.9293040144257,2198.879470000975,256.0
1785382598,0,,Aggregated,13.600000,0.000000,0,0,0,0,0,0,0,0,0,0,0,2168,0,260.0,1066.0158509010914,93.47443794831634,2198.879470000975,206.5
1785382599,0,TTFT,S1,6.800000,0.000000,0,0,0,0,0,0,0,0,0,0,0,1084,0,160.0,162.92342834054995,93.47443794831634,256.672624964267,157.0
1785382599,0,total,S1,6.800000,0.000000,0,0,0,0,0,0,0,0,0,0,0,1084,0,2100.0,1969.108273461633,1650.9293040144257,2198.879470000975,256.0
1785382599,0,,Aggregated,13.600000,0.000000,0,0,0,0,0,0,0,0,0,0,0,2168,0,260.0,1066.0158509010914,93.47443794831634,2198.879470000975,206.5
1785382600,0,TTFT,S1,6.800000,0.000000,0,0,0,0,0,0,0,0,0,0,0,1084,0,160.0,162.92342834054995,93.47443794831634,256.672624964267,157.0
1785382600,0,total,S1,6.800000,0.000000,0,0,0,0,0,0,0,0,0,0,0,1084,0,2100.0,1969.108273461633,1650.9293040144257,2198.879470000975,256.0
1785382600,0,,Aggregated,13.600000,0.000000,0,0,0,0,0,0,0,0,0,0,0,2168,0,260.0,1066.0158509010914,93.47443794831634,2198.879470000975,206.5
1785382601,0,TTFT,S1,6.800000,0.000000,0,0,0,0,0,0,0,0,0,0,0,1084,0,160.0,162.92342834054995,93.47443794831634,256.672624964267,157.0
1785382601,0,total,S1,6.800000,0.000000,0,0,0,0,0,0,0,0,0,0,0,1084,0,2100.0,1969.108273461633,1650.9293040144257,2198.879470000975,256.0
1785382601,0,,Aggregated,13.600000,0.000000,0,0,0,0,0,0,0,0,0,0,0,2168,0,260.0,1066.0158509010914,93.47443794831634,2198.879470000975,206.5
1785382602,0,TTFT,S1,6.800000,0.000000,0,0,0,0,0,0,0,0,0,0,0,1084,0,160.0,162.92342834054995,93.47443794831634,256.672624964267,157.0
1785382602,0,total,S1,6.800000,0.000000,0,0,0,0,0,0,0,0,0,0,0,1084,0,2100.0,1969.108273461633,1650.9293040144257,2198.879470000975,256.0
1785382602,0,,Aggregated,13.600000,0.000000,0,0,0,0,0,0,0,0,0,0,0,2168,0,260.0,1066.0158509010914,93.47443794831634,2198.879470000975,206.5
1785382603,0,TTFT,S1,6.800000,0.000000,0,0,0,0,0,0,0,0,0,0,0,1084,0,160.0,162.92342834054995,93.47443794831634,256.672624964267,157.0
1785382603,0,total,S1,6.800000,0.000000,0,0,0,0,0,0,0,0,0,0,0,1084,0,2100.0,1969.108273461633,1650.9293040144257,2198.879470000975,256.0
1785382603,0,,Aggregated,13.600000,0.000000,0,0,0,0,0,0,0,0,0,0,0,2168,0,260.0,1066.0158509010914,93.47443794831634,2198.879470000975,206.5
1785382604,0,TTFT,S1,6.800000,0.000000,0,0,0,0,0,0,0,0,0,0,0,1084,0,160.0,162.92342834054995,93.47443794831634,256.672624964267,157.0
1785382604,0,total,S1,6.800000,0.000000,0,0,0,0,0,0,0,0,0,0,0,1084,0,2100.0,1969.108273461633,1650.9293040144257,2198.879470000975,256.0
1785382604,0,,Aggregated,13.600000,0.000000,0,0,0,0,0,0,0,0,0,0,0,2168,0,260.0,1066.0158509010914,93.47443794831634,2198.879470000975,206.5
1785382605,0,TTFT,S1,6.800000,0.000000,0,0,0,0,0,0,0,0,0,0,0,1084,0,160.0,162.92342834054995,93.47443794831634,256.672624964267,157.0
1785382605,0,total,S1,6.800000,0.000000,0,0,0,0,0,0,0,0,0,0,0,1084,0,2100.0,1969.108273461633,1650.9293040144257,2198.879470000975,256.0
1785382605,0,,Aggregated,13.600000,0.000000,0,0,0,0,0,0,0,0,0,0,0,2168,0,260.0,1066.0158509010914,93.47443794831634,2198.879470000975,206.5
1785382606,0,TTFT,S1,6.800000,0.000000,0,0,0,0,0,0,0,0,0,0,0,1084,0,160.0,162.92342834054995,93.47443794831634,256.672624964267,157.0
1785382606,0,total,S1,6.800000,0.000000,0,0,0,0,0,0,0,0,0,0,0,1084,0,2100.0,1969.108273461633,1650.9293040144257,2198.879470000975,256.0
1785382606,0,,Aggregated,13.600000,0.000000,0,0,0,0,0,0,0,0,0,0,0,2168,0,260.0,1066.0158509010914,93.47443794831634,2198.879470000975,206.5
1785382607,0,TTFT,S1,6.800000,0.000000,0,0,0,0,0,0,0,0,0,0,0,1084,0,160.0,162.92342834054995,93.47443794831634,256.672624964267,157.0
1785382607,0,total,S1,6.800000,0.000000,0,0,0,0,0,0,0,0,0,0,0,1084,0,2100.0,1969.108273461633,1650.9293040144257,2198.879470000975,256.0
1785382607,0,,Aggregated,13.600000,0.000000,0,0,0,0,0,0,0,0,0,0,0,2168,0,260.0,1066.0158509010914,93.47443794831634,2198.879470000975,206.5
1785382608,0,TTFT,S1,6.800000,0.000000,0,0,0,0,0,0,0,0,0,0,0,1084,0,160.0,162.92342834054995,93.47443794831634,256.672624964267,157.0
1785382608,0,total,S1,6.800000,0.000000,0,0,0,0,0,0,0,0,0,0,0,1084,0,2100.0,1969.108273461633,1650.9293040144257,2198.879470000975,256.0
1785382608,0,,Aggregated,13.600000,0.000000,0,0,0,0,0,0,0,0,0,0,0,2168,0,260.0,1066.0158509010914,93.47443794831634,2198.879470000975,206.5
1785382609,0,TTFT,S1,6.800000,0.000000,0,0,0,0,0,0,0,0,0,0,0,1084,0,160.0,162.92342834054995,93.47443794831634,256.672624964267,157.0
1785382609,0,total,S1,6.800000,0.000000,0,0,0,0,0,0,0,0,0,0,0,1084,0,2100.0,1969.108273461633,1650.9293040144257,2198.879470000975,256.0
1785382609,0,,Aggregated,13.600000,0.000000,0,0,0,0,0,0,0,0,0,0,0,2168,0,260.0,1066.0158509010914,93.47443794831634,2198.879470000975,206.5
1785382610,0,TTFT,S1,6.800000,0.000000,0,0,0,0,0,0,0,0,0,0,0,1084,0,160.0,162.92342834054995,93.47443794831634,256.672624964267,157.0
1785382610,0,total,S1,6.800000,0.000000,0,0,0,0,0,0,0,0,0,0,0,1084,0,2100.0,1969.108273461633,1650.9293040144257,2198.879470000975,256.0
1785382610,0,,Aggregated,13.600000,0.000000,0,0,0,0,0,0,0,0,0,0,0,2168,0,260.0,1066.0158509010914,93.47443794831634,2198.879470000975,206.5
1785382611,0,TTFT,S1,6.800000,0.000000,0,0,0,0,0,0,0,0,0,0,0,1084,0,160.0,162.92342834054995,93.47443794831634,256.672624964267,157.0
1785382611,0,total,S1,6.800000,0.000000,0,0,0,0,0,0,0,0,0,0,0,1084,0,2100.0,1969.108273461633,1650.9293040144257,2198.879470000975,256.0
1785382611,0,,Aggregated,13.600000,0.000000,0,0,0,0,0,0,0,0,0,0,0,2168,0,260.0,1066.0158509010914,93.47443794831634,2198.879470000975,206.5
1785382612,0,TTFT,S1,6.800000,0.000000,0,0,0,0,0,0,0,0,0,0,0,1084,0,160.0,162.92342834054995,93.47443794831634,256.672624964267,157.0
1785382612,0,total,S1,6.800000,0.000000,0,0,0,0,0,0,0,0,0,0,0,1084,0,2100.0,1969.108273461633,1650.9293040144257,2198.879470000975,256.0
1785382612,0,,Aggregated,13.600000,0.000000,0,0,0,0,0,0,0,0,0,0,0,2168,0,260.0,1066.0158509010914,93.47443794831634,2198.879470000975,206.5
1785382613,0,TTFT,S1,6.800000,0.000000,0,0,0,0,0,0,0,0,0,0,0,1084,0,160.0,162.92342834054995,93.47443794831634,256.672624964267,157.0
1785382613,0,total,S1,6.800000,0.000000,0,0,0,0,0,0,0,0,0,0,0,1084,0,2100.0,1969.108273461633,1650.9293040144257,2198.879470000975,256.0
1785382613,0,,Aggregated,13.600000,0.000000,0,0,0,0,0,0,0,0,0,0,0,2168,0,260.0,1066.0158509010914,93.47443794831634,2198.879470000975,206.5
1785382614,0,TTFT,S1,6.800000,0.000000,0,0,0,0,0,0,0,0,0,0,0,1084,0,160.0,162.92342834054995,93.47443794831634,256.672624964267,157.0
1785382614,0,total,S1,6.800000,0.000000,0,0,0,0,0,0,0,0,0,0,0,1084,0,2100.0,1969.108273461633,1650.9293040144257,2198.879470000975,256.0
1785382614,0,,Aggregated,13.600000,0.000000,0,0,0,0,0,0,0,0,0,0,0,2168,0,260.0,1066.0158509010914,93.47443794831634,2198.879470000975,206.5
1785382615,0,TTFT,S1,6.800000,0.000000,0,0,0,0,0,0,0,0,0,0,0,1084,0,160.0,162.92342834054995,93.47443794831634,256.672624964267,157.0
1785382615,0,total,S1,6.800000,0.000000,0,0,0,0,0,0,0,0,0,0,0,1084,0,2100.0,1969.108273461633,1650.9293040144257,2198.879470000975,256.0
1785382615,0,,Aggregated,13.600000,0.000000,0,0,0,0,0,0,0,0,0,0,0,2168,0,260.0,1066.0158509010914,93.47443794831634,2198.879470000975,206.5
1785382616,0,TTFT,S1,6.800000,0.000000,0,0,0,0,0,0,0,0,0,0,0,1084,0,160.0,162.92342834054995,93.47443794831634,256.672624964267,157.0
1785382616,0,total,S1,6.800000,0.000000,0,0,0,0,0,0,0,0,0,0,0,1084,0,2100.0,1969.108273461633,1650.9293040144257,2198.879470000975,256.0
1785382616,0,,Aggregated,13.600000,0.000000,0,0,0,0,0,0,0,0,0,0,0,2168,0,260.0,1066.0158509010914,93.47443794831634,2198.879470000975,206.5
1785382617,0,TTFT,S1,6.800000,0.000000,0,0,0,0,0,0,0,0,0,0,0,1084,0,160.0,162.92342834054995,93.47443794831634,256.672624964267,157.0
1785382617,0,total,S1,6.800000,0.000000,0,0,0,0,0,0,0,0,0,0,0,1084,0,2100.0,1969.108273461633,1650.9293040144257,2198.879470000975,256.0
1785382617,0,,Aggregated,13.600000,0.000000,0,0,0,0,0,0,0,0,0,0,0,2168,0,260.0,1066.0158509010914,93.47443794831634,2198.879470000975,206.5
1785382618,0,TTFT,S1,6.800000,0.000000,0,0,0,0,0,0,0,0,0,0,0,1084,0,160.0,162.92342834054995,93.47443794831634,256.672624964267,157.0
1785382618,0,total,S1,6.800000,0.000000,0,0,0,0,0,0,0,0,0,0,0,1084,0,2100.0,1969.108273461633,1650.9293040144257,2198.879470000975,256.0
1785382618,0,,Aggregated,13.600000,0.000000,0,0,0,0,0,0,0,0,0,0,0,2168,0,260.0,1066.0158509010914,93.47443794831634,2198.879470000975,206.5
1785382619,0,TTFT,S1,6.800000,0.000000,0,0,0,0,0,0,0,0,0,0,0,1084,0,160.0,162.92342834054995,93.47443794831634,256.672624964267,157.0
1785382619,0,total,S1,6.800000,0.000000,0,0,0,0,0,0,0,0,0,0,0,1084,0,2100.0,1969.108273461633,1650.9293040144257,2198.879470000975,256.0
1785382619,0,,Aggregated,13.600000,0.000000,0,0,0,0,0,0,0,0,0,0,0,2168,0,260.0,1066.0158509010914,93.47443794831634,2198.879470000975,206.5
1785382620,0,TTFT,S1,6.800000,0.000000,0,0,0,0,0,0,0,0,0,0,0,1084,0,160.0,162.92342834054995,93.47443794831634,256.672624964267,157.0
1785382620,0,total,S1,6.800000,0.000000,0,0,0,0,0,0,0,0,0,0,0,1084,0,2100.0,1969.108273461633,1650.9293040144257,2198.879470000975,256.0
1785382620,0,,Aggregated,13.600000,0.000000,0,0,0,0,0,0,0,0,0,0,0,2168,0,260.0,1066.0158509010914,93.47443794831634,2198.879470000975,206.5
1785382621,0,TTFT,S1,6.800000,0.000000,0,0,0,0,0,0,0,0,0,0,0,1084,0,160.0,162.92342834054995,93.47443794831634,256.672624964267,157.0
1785382621,0,total,S1,6.800000,0.000000,0,0,0,0,0,0,0,0,0,0,0,1084,0,2100.0,1969.108273461633,1650.9293040144257,2198.879470000975,256.0
1785382621,0,,Aggregated,13.600000,0.000000,0,0,0,0,0,0,0,0,0,0,0,2168,0,260.0,1066.0158509010914,93.47443794831634,2198.879470000975,206.5
1785382622,0,TTFT,S1,6.800000,0.000000,0,0,0,0,0,0,0,0,0,0,0,1084,0,160.0,162.92342834054995,93.47443794831634,256.672624964267,157.0
1785382622,0,total,S1,6.800000,0.000000,0,0,0,0,0,0,0,0,0,0,0,1084,0,2100.0,1969.108273461633,1650.9293040144257,2198.879470000975,256.0
1785382622,0,,Aggregated,13.600000,0.000000,0,0,0,0,0,0,0,0,0,0,0,2168,0,260.0,1066.0158509010914,93.47443794831634,2198.879470000975,206.5
1785382623,0,TTFT,S1,6.800000,0.000000,0,0,0,0,0,0,0,0,0,0,0,1084,0,160.0,162.92342834054995,93.47443794831634,256.672624964267,157.0
1785382623,0,total,S1,6.800000,0.000000,0,0,0,0,0,0,0,0,0,0,0,1084,0,2100.0,1969.108273461633,1650.9293040144257,2198.879470000975,256.0
1785382623,0,,Aggregated,13.600000,0.000000,0,0,0,0,0,0,0,0,0,0,0,2168,0,260.0,1066.0158509010914,93.47443794831634,2198.879470000975,206.5
1785382624,0,TTFT,S1,6.800000,0.000000,0,0,0,0,0,0,0,0,0,0,0,1084,0,160.0,162.92342834054995,93.47443794831634,256.672624964267,157.0
1785382624,0,total,S1,6.800000,0.000000,0,0,0,0,0,0,0,0,0,0,0,1084,0,2100.0,1969.108273461633,1650.9293040144257,2198.879470000975,256.0
1785382624,0,,Aggregated,13.600000,0.000000,0,0,0,0,0,0,0,0,0,0,0,2168,0,260.0,1066.0158509010914,93.47443794831634,2198.879470000975,206.5
1785382625,0,TTFT,S1,6.800000,0.000000,0,0,0,0,0,0,0,0,0,0,0,1084,0,160.0,162.92342834054995,93.47443794831634,256.672624964267,157.0
1785382625,0,total,S1,6.800000,0.000000,0,0,0,0,0,0,0,0,0,0,0,1084,0,2100.0,1969.108273461633,1650.9293040144257,2198.879470000975,256.0
1785382625,0,,Aggregated,13.600000,0.000000,0,0,0,0,0,0,0,0,0,0,0,2168,0,260.0,1066.0158509010914,93.47443794831634,2198.879470000975,206.5
1785382626,0,TTFT,S1,6.800000,0.000000,0,0,0,0,0,0,0,0,0,0,0,1084,0,160.0,162.92342834054995,93.47443794831634,256.672624964267,157.0
1785382626,0,total,S1,6.800000,0.000000,0,0,0,0,0,0,0,0,0,0,0,1084,0,2100.0,1969.108273461633,1650.9293040144257,2198.879470000975,256.0
1785382626,0,,Aggregated,13.600000,0.000000,0,0,0,0,0,0,0,0,0,0,0,2168,0,260.0,1066.0158509010914,93.47443794831634,2198.879470000975,206.5
1785382627,0,TTFT,S1,6.800000,0.000000,0,0,0,0,0,0,0,0,0,0,0,1084,0,160.0,162.92342834054995,93.47443794831634,256.672624964267,157.0
1785382627,0,total,S1,6.800000,0.000000,0,0,0,0,0,0,0,0,0,0,0,1084,0,2100.0,1969.108273461633,1650.9293040144257,2198.879470000975,256.0
1785382627,0,,Aggregated,13.600000,0.000000,0,0,0,0,0,0,0,0,0,0,0,2168,0,260.0,1066.0158509010914,93.47443794831634,2198.879470000975,206.5
1785382628,0,TTFT,S1,6.800000,0.000000,0,0,0,0,0,0,0,0,0,0,0,1084,0,160.0,162.92342834054995,93.47443794831634,256.672624964267,157.0
1785382628,0,total,S1,6.800000,0.000000,0,0,0,0,0,0,0,0,0,0,0,1084,0,2100.0,1969.108273461633,1650.9293040144257,2198.879470000975,256.0
1785382628,0,,Aggregated,13.600000,0.000000,0,0,0,0,0,0,0,0,0,0,0,2168,0,260.0,1066.0158509010914,93.47443794831634,2198.879470000975,206.5
1785382629,0,TTFT,S1,6.800000,0.000000,0,0,0,0,0,0,0,0,0,0,0,1084,0,160.0,162.92342834054995,93.47443794831634,256.672624964267,157.0
1785382629,0,total,S1,6.800000,0.000000,0,0,0,0,0,0,0,0,0,0,0,1084,0,2100.0,1969.108273461633,1650.9293040144257,2198.879470000975,256.0
1785382629,0,,Aggregated,13.600000,0.000000,0,0,0,0,0,0,0,0,0,0,0,2168,0,260.0,1066.0158509010914,93.47443794831634,2198.879470000975,206.5
1785382630,0,TTFT,S1,6.800000,0.000000,0,0,0,0,0,0,0,0,0,0,0,1084,0,160.0,162.92342834054995,93.47443794831634,256.672624964267,157.0
1785382630,0,total,S1,6.800000,0.000000,0,0,0,0,0,0,0,0,0,0,0,1084,0,2100.0,1969.108273461633,1650.9293040144257,2198.879470000975,256.0
1785382630,0,,Aggregated,13.600000,0.000000,0,0,0,0,0,0,0,0,0,0,0,2168,0,260.0,1066.0158509010914,93.47443794831634,2198.879470000975,206.5
1785382631,0,TTFT,S1,6.800000,0.000000,0,0,0,0,0,0,0,0,0,0,0,1084,0,160.0,162.92342834054995,93.47443794831634,256.672624964267,157.0
1785382631,0,total,S1,6.800000,0.000000,0,0,0,0,0,0,0,0,0,0,0,1084,0,2100.0,1969.108273461633,1650.9293040144257,2198.879470000975,256.0
1785382631,0,,Aggregated,13.600000,0.000000,0,0,0,0,0,0,0,0,0,0,0,2168,0,260.0,1066.0158509010914,93.47443794831634,2198.879470000975,206.5
1785382632,0,TTFT,S1,6.800000,0.000000,0,0,0,0,0,0,0,0,0,0,0,1084,0,160.0,162.92342834054995,93.47443794831634,256.672624964267,157.0
1785382632,0,total,S1,6.800000,0.000000,0,0,0,0,0,0,0,0,0,0,0,1084,0,2100.0,1969.108273461633,1650.9293040144257,2198.879470000975,256.0
1785382632,0,,Aggregated,13.600000,0.000000,0,0,0,0,0,0,0,0,0,0,0,2168,0,260.0,1066.0158509010914,93.47443794831634,2198.879470000975,206.5
1785382633,0,TTFT,S1,6.800000,0.000000,0,0,0,0,0,0,0,0,0,0,0,1084,0,160.0,162.92342834054995,93.47443794831634,256.672624964267,157.0
1785382633,0,total,S1,6.800000,0.000000,0,0,0,0,0,0,0,0,0,0,0,1084,0,2100.0,1969.108273461633,1650.9293040144257,2198.879470000975,256.0
1785382633,0,,Aggregated,13.600000,0.000000,0,0,0,0,0,0,0,0,0,0,0,2168,0,260.0,1066.0158509010914,93.47443794831634,2198.879470000975,206.5
1785382634,0,TTFT,S1,6.800000,0.000000,0,0,0,0,0,0,0,0,0,0,0,1084,0,160.0,162.92342834054995,93.47443794831634,256.672624964267,157.0
1785382634,0,total,S1,6.800000,0.000000,0,0,0,0,0,0,0,0,0,0,0,1084,0,2100.0,1969.108273461633,1650.9293040144257,2198.879470000975,256.0
1785382634,0,,Aggregated,13.600000,0.000000,0,0,0,0,0,0,0,0,0,0,0,2168,0,260.0,1066.0158509010914,93.47443794831634,2198.879470000975,206.5
1785382635,0,TTFT,S1,6.800000,0.000000,0,0,0,0,0,0,0,0,0,0,0,1084,0,160.0,162.92342834054995,93.47443794831634,256.672624964267,157.0
1785382635,0,total,S1,6.800000,0.000000,0,0,0,0,0,0,0,0,0,0,0,1084,0,2100.0,1969.108273461633,1650.9293040144257,2198.879470000975,256.0
1785382635,0,,Aggregated,13.600000,0.000000,0,0,0,0,0,0,0,0,0,0,0,2168,0,260.0,1066.0158509010914,93.47443794831634,2198.879470000975,206.5
1785382636,0,TTFT,S1,6.800000,0.000000,0,0,0,0,0,0,0,0,0,0,0,1084,0,160.0,162.92342834054995,93.47443794831634,256.672624964267,157.0
1785382636,0,total,S1,6.800000,0.000000,0,0,0,0,0,0,0,0,0,0,0,1084,0,2100.0,1969.108273461633,1650.9293040144257,2198.879470000975,256.0
1785382636,0,,Aggregated,13.600000,0.000000,0,0,0,0,0,0,0,0,0,0,0,2168,0,260.0,1066.0158509010914,93.47443794831634,2198.879470000975,206.5
1785382637,0,TTFT,S1,6.800000,0.000000,0,0,0,0,0,0,0,0,0,0,0,1084,0,160.0,162.92342834054995,93.47443794831634,256.672624964267,157.0
1785382637,0,total,S1,6.800000,0.000000,0,0,0,0,0,0,0,0,0,0,0,1084,0,2100.0,1969.108273461633,1650.9293040144257,2198.879470000975,256.0
1785382637,0,,Aggregated,13.600000,0.000000,0,0,0,0,0,0,0,0,0,0,0,2168,0,260.0,1066.0158509010914,93.47443794831634,2198.879470000975,206.5
1785382638,0,TTFT,S1,6.800000,0.000000,0,0,0,0,0,0,0,0,0,0,0,1084,0,160.0,162.92342834054995,93.47443794831634,256.672624964267,157.0
1785382638,0,total,S1,6.800000,0.000000,0,0,0,0,0,0,0,0,0,0,0,1084,0,2100.0,1969.108273461633,1650.9293040144257,2198.879470000975,256.0
1785382638,0,,Aggregated,13.600000,0.000000,0,0,0,0,0,0,0,0,0,0,0,2168,0,260.0,1066.0158509010914,93.47443794831634,2198.879470000975,206.5
1785382639,0,TTFT,S1,6.800000,0.000000,0,0,0,0,0,0,0,0,0,0,0,1084,0,160.0,162.92342834054995,93.47443794831634,256.672624964267,157.0
1785382639,0,total,S1,6.800000,0.000000,0,0,0,0,0,0,0,0,0,0,0,1084,0,2100.0,1969.108273461633,1650.9293040144257,2198.879470000975,256.0
1785382639,0,,Aggregated,13.600000,0.000000,0,0,0,0,0,0,0,0,0,0,0,2168,0,260.0,1066.0158509010914,93.47443794831634,2198.879470000975,206.5
1785382640,0,TTFT,S1,6.800000,0.000000,0,0,0,0,0,0,0,0,0,0,0,1084,0,160.0,162.92342834054995,93.47443794831634,256.672624964267,157.0
1785382640,0,total,S1,6.800000,0.000000,0,0,0,0,0,0,0,0,0,0,0,1084,0,2100.0,1969.108273461633,1650.9293040144257,2198.879470000975,256.0
1785382640,0,,Aggregated,13.600000,0.000000,0,0,0,0,0,0,0,0,0,0,0,2168,0,260.0,1066.0158509010914,93.47443794831634,2198.879470000975,206.5
1785382641,0,TTFT,S1,6.800000,0.000000,0,0,0,0,0,0,0,0,0,0,0,1084,0,160.0,162.92342834054995,93.47443794831634,256.672624964267,157.0
1785382641,0,total,S1,6.800000,0.000000,0,0,0,0,0,0,0,0,0,0,0,1084,0,2100.0,1969.108273461633,1650.9293040144257,2198.879470000975,256.0
1785382641,0,,Aggregated,13.600000,0.000000,0,0,0,0,0,0,0,0,0,0,0,2168,0,260.0,1066.0158509010914,93.47443794831634,2198.879470000975,206.5
1785382642,0,TTFT,S1,6.800000,0.000000,0,0,0,0,0,0,0,0,0,0,0,1084,0,160.0,162.92342834054995,93.47443794831634,256.672624964267,157.0
1785382642,0,total,S1,6.800000,0.000000,0,0,0,0,0,0,0,0,0,0,0,1084,0,2100.0,1969.108273461633,1650.9293040144257,2198.879470000975,256.0
1785382642,0,,Aggregated,13.600000,0.000000,0,0,0,0,0,0,0,0,0,0,0,2168,0,260.0,1066.0158509010914,93.47443794831634,2198.879470000975,206.5
1785382643,0,TTFT,S1,6.800000,0.000000,0,0,0,0,0,0,0,0,0,0,0,1084,0,160.0,162.92342834054995,93.47443794831634,256.672624964267,157.0
1785382643,0,total,S1,6.800000,0.000000,0,0,0,0,0,0,0,0,0,0,0,1084,0,2100.0,1969.108273461633,1650.9293040144257,2198.879470000975,256.0
1785382643,0,,Aggregated,13.600000,0.000000,0,0,0,0,0,0,0,0,0,0,0,2168,0,260.0,1066.0158509010914,93.47443794831634,2198.879470000975,206.5
1785382644,0,TTFT,S1,6.800000,0.000000,0,0,0,0,0,0,0,0,0,0,0,1084,0,160.0,162.92342834054995,93.47443794831634,256.672624964267,157.0
1785382644,0,total,S1,6.800000,0.000000,0,0,0,0,0,0,0,0,0,0,0,1084,0,2100.0,1969.108273461633,1650.9293040144257,2198.879470000975,256.0
1785382644,0,,Aggregated,13.600000,0.000000,0,0,0,0,0,0,0,0,0,0,0,2168,0,260.0,1066.0158509010914,93.47443794831634,2198.879470000975,206.5
1785382645,0,TTFT,S1,6.800000,0.000000,0,0,0,0,0,0,0,0,0,0,0,1084,0,160.0,162.92342834054995,93.47443794831634,256.672624964267,157.0
1785382645,0,total,S1,6.800000,0.000000,0,0,0,0,0,0,0,0,0,0,0,1084,0,2100.0,1969.108273461633,1650.9293040144257,2198.879470000975,256.0
1785382645,0,,Aggregated,13.600000,0.000000,0,0,0,0,0,0,0,0,0,0,0,2168,0,260.0,1066.0158509010914,93.47443794831634,2198.879470000975,206.5
1785382646,0,TTFT,S1,6.800000,0.000000,0,0,0,0,0,0,0,0,0,0,0,1084,0,160.0,162.92342834054995,93.47443794831634,256.672624964267,157.0
1785382646,0,total,S1,6.800000,0.000000,0,0,0,0,0,0,0,0,0,0,0,1084,0,2100.0,1969.108273461633,1650.9293040144257,2198.879470000975,256.0
1785382646,0,,Aggregated,13.600000,0.000000,0,0,0,0,0,0,0,0,0,0,0,2168,0,260.0,1066.0158509010914,93.47443794831634,2198.879470000975,206.5
1785382647,0,TTFT,S1,6.800000,0.000000,0,0,0,0,0,0,0,0,0,0,0,1084,0,160.0,162.92342834054995,93.47443794831634,256.672624964267,157.0
1785382647,0,total,S1,6.800000,0.000000,0,0,0,0,0,0,0,0,0,0,0,1084,0,2100.0,1969.108273461633,1650.9293040144257,2198.879470000975,256.0
1785382647,0,,Aggregated,13.600000,0.000000,0,0,0,0,0,0,0,0,0,0,0,2168,0,260.0,1066.0158509010914,93.47443794831634,2198.879470000975,206.5
1785382648,0,TTFT,S1,6.800000,0.000000,0,0,0,0,0,0,0,0,0,0,0,1084,0,160.0,162.92342834054995,93.47443794831634,256.672624964267,157.0
1785382648,0,total,S1,6.800000,0.000000,0,0,0,0,0,0,0,0,0,0,0,1084,0,2100.0,1969.108273461633,1650.9293040144257,2198.879470000975,256.0
1785382648,0,,Aggregated,13.600000,0.000000,0,0,0,0,0,0,0,0,0,0,0,2168,0,260.0,1066.0158509010914,93.47443794831634,2198.879470000975,206.5
1785382649,0,TTFT,S1,6.800000,0.000000,0,0,0,0,0,0,0,0,0,0,0,1084,0,160.0,162.92342834054995,93.47443794831634,256.672624964267,157.0
1785382649,0,total,S1,6.800000,0.000000,0,0,0,0,0,0,0,0,0,0,0,1084,0,2100.0,1969.108273461633,1650.9293040144257,2198.879470000975,256.0
1785382649,0,,Aggregated,13.600000,0.000000,0,0,0,0,0,0,0,0,0,0,0,2168,0,260.0,1066.0158509010914,93.47443794831634,2198.879470000975,206.5
1785382650,0,TTFT,S1,6.800000,0.000000,0,0,0,0,0,0,0,0,0,0,0,1084,0,160.0,162.92342834054995,93.47443794831634,256.672624964267,157.0
1785382650,0,total,S1,6.800000,0.000000,0,0,0,0,0,0,0,0,0,0,0,1084,0,2100.0,1969.108273461633,1650.9293040144257,2198.879470000975,256.0
1785382650,0,,Aggregated,13.600000,0.000000,0,0,0,0,0,0,0,0,0,0,0,2168,0,260.0,1066.0158509010914,93.47443794831634,2198.879470000975,206.5
1785382651,0,TTFT,S1,6.800000,0.000000,0,0,0,0,0,0,0,0,0,0,0,1084,0,160.0,162.92342834054995,93.47443794831634,256.672624964267,157.0
1785382651,0,total,S1,6.800000,0.000000,0,0,0,0,0,0,0,0,0,0,0,1084,0,2100.0,1969.108273461633,1650.9293040144257,2198.879470000975,256.0
1785382651,0,,Aggregated,13.600000,0.000000,0,0,0,0,0,0,0,0,0,0,0,2168,0,260.0,1066.0158509010914,93.47443794831634,2198.879470000975,206.5
1785382652,0,TTFT,S1,6.800000,0.000000,0,0,0,0,0,0,0,0,0,0,0,1084,0,160.0,162.92342834054995,93.47443794831634,256.672624964267,157.0
1785382652,0,total,S1,6.800000,0.000000,0,0,0,0,0,0,0,0,0,0,0,1084,0,2100.0,1969.108273461633,1650.9293040144257,2198.879470000975,256.0
1785382652,0,,Aggregated,13.600000,0.000000,0,0,0,0,0,0,0,0,0,0,0,2168,0,260.0,1066.0158509010914,93.47443794831634,2198.879470000975,206.5
1785382653,0,TTFT,S1,6.800000,0.000000,0,0,0,0,0,0,0,0,0,0,0,1084,0,160.0,162.92342834054995,93.47443794831634,256.672624964267,157.0
1785382653,0,total,S1,6.800000,0.000000,0,0,0,0,0,0,0,0,0,0,0,1084,0,2100.0,1969.108273461633,1650.9293040144257,2198.879470000975,256.0
1785382653,0,,Aggregated,13.600000,0.000000,0,0,0,0,0,0,0,0,0,0,0,2168,0,260.0,1066.0158509010914,93.47443794831634,2198.879470000975,206.5
1785382654,0,TTFT,S1,6.800000,0.000000,0,0,0,0,0,0,0,0,0,0,0,1084,0,160.0,162.92342834054995,93.47443794831634,256.672624964267,157.0
1785382654,0,total,S1,6.800000,0.000000,0,0,0,0,0,0,0,0,0,0,0,1084,0,2100.0,1969.108273461633,1650.9293040144257,2198.879470000975,256.0
1785382654,0,,Aggregated,13.600000,0.000000,0,0,0,0,0,0,0,0,0,0,0,2168,0,260.0,1066.0158509010914,93.47443794831634,2198.879470000975,206.5
1785382655,0,TTFT,S1,6.800000,0.000000,0,0,0,0,0,0,0,0,0,0,0,1084,0,160.0,162.92342834054995,93.47443794831634,256.672624964267,157.0
1785382655,0,total,S1,6.800000,0.000000,0,0,0,0,0,0,0,0,0,0,0,1084,0,2100.0,1969.108273461633,1650.9293040144257,2198.879470000975,256.0
1785382655,0,,Aggregated,13.600000,0.000000,0,0,0,0,0,0,0,0,0,0,0,2168,0,260.0,1066.0158509010914,93.47443794831634,2198.879470000975,206.5
1785382656,0,TTFT,S1,6.800000,0.000000,0,0,0,0,0,0,0,0,0,0,0,1084,0,160.0,162.92342834054995,93.47443794831634,256.672624964267,157.0
1785382656,0,total,S1,6.800000,0.000000,0,0,0,0,0,0,0,0,0,0,0,1084,0,2100.0,1969.108273461633,1650.9293040144257,2198.879470000975,256.0
1785382656,0,,Aggregated,13.600000,0.000000,0,0,0,0,0,0,0,0,0,0,0,2168,0,260.0,1066.0158509010914,93.47443794831634,2198.879470000975,206.5
1785382657,0,TTFT,S1,6.800000,0.000000,0,0,0,0,0,0,0,0,0,0,0,1084,0,160.0,162.92342834054995,93.47443794831634,256.672624964267,157.0
1785382657,0,total,S1,6.800000,0.000000,0,0,0,0,0,0,0,0,0,0,0,1084,0,2100.0,1969.108273461633,1650.9293040144257,2198.879470000975,256.0
1785382657,0,,Aggregated,13.600000,0.000000,0,0,0,0,0,0,0,0,0,0,0,2168,0,260.0,1066.0158509010914,93.47443794831634,2198.879470000975,206.5
1785382658,0,TTFT,S1,6.800000,0.000000,0,0,0,0,0,0,0,0,0,0,0,1084,0,160.0,162.92342834054995,93.47443794831634,256.672624964267,157.0
1785382658,0,total,S1,6.800000,0.000000,0,0,0,0,0,0,0,0,0,0,0,1084,0,2100.0,1969.108273461633,1650.9293040144257,2198.879470000975,256.0
1785382658,0,,Aggregated,13.600000,0.000000,0,0,0,0,0,0,0,0,0,0,0,2168,0,260.0,1066.0158509010914,93.47443794831634,2198.879470000975,206.5
1785382659,0,TTFT,S1,6.800000,0.000000,0,0,0,0,0,0,0,0,0,0,0,1084,0,160.0,162.92342834054995,93.47443794831634,256.672624964267,157.0
1785382659,0,total,S1,6.800000,0.000000,0,0,0,0,0,0,0,0,0,0,0,1084,0,2100.0,1969.108273461633,1650.9293040144257,2198.879470000975,256.0
1785382659,0,,Aggregated,13.600000,0.000000,0,0,0,0,0,0,0,0,0,0,0,2168,0,260.0,1066.0158509010914,93.47443794831634,2198.879470000975,206.5
1785382660,0,TTFT,S1,6.800000,0.000000,0,0,0,0,0,0,0,0,0,0,0,1084,0,160.0,162.92342834054995,93.47443794831634,256.672624964267,157.0
1785382660,0,total,S1,6.800000,0.000000,0,0,0,0,0,0,0,0,0,0,0,1084,0,2100.0,1969.108273461633,1650.9293040144257,2198.879470000975,256.0
1785382660,0,,Aggregated,13.600000,0.000000,0,0,0,0,0,0,0,0,0,0,0,2168,0,260.0,1066.0158509010914,93.47443794831634,2198.879470000975,206.5
1785382661,0,TTFT,S1,6.800000,0.000000,0,0,0,0,0,0,0,0,0,0,0,1084,0,160.0,162.92342834054995,93.47443794831634,256.672624964267,157.0
1785382661,0,total,S1,6.800000,0.000000,0,0,0,0,0,0,0,0,0,0,0,1084,0,2100.0,1969.108273461633,1650.9293040144257,2198.879470000975,256.0
1785382661,0,,Aggregated,13.600000,0.000000,0,0,0,0,0,0,0,0,0,0,0,2168,0,260.0,1066.0158509010914,93.47443794831634,2198.879470000975,206.5
1785382662,0,TTFT,S1,6.800000,0.000000,0,0,0,0,0,0,0,0,0,0,0,1084,0,160.0,162.92342834054995,93.47443794831634,256.672624964267,157.0
1785382662,0,total,S1,6.800000,0.000000,0,0,0,0,0,0,0,0,0,0,0,1084,0,2100.0,1969.108273461633,1650.9293040144257,2198.879470000975,256.0
1785382662,0,,Aggregated,13.600000,0.000000,0,0,0,0,0,0,0,0,0,0,0,2168,0,260.0,1066.0158509010914,93.47443794831634,2198.879470000975,206.5
1785382663,0,TTFT,S1,6.800000,0.000000,0,0,0,0,0,0,0,0,0,0,0,1084,0,160.0,162.92342834054995,93.47443794831634,256.672624964267,157.0
1785382663,0,total,S1,6.800000,0.000000,0,0,0,0,0,0,0,0,0,0,0,1084,0,2100.0,1969.108273461633,1650.9293040144257,2198.879470000975,256.0
1785382663,0,,Aggregated,13.600000,0.000000,0,0,0,0,0,0,0,0,0,0,0,2168,0,260.0,1066.0158509010914,93.47443794831634,2198.879470000975,206.5
1785382664,0,TTFT,S1,6.800000,0.000000,0,0,0,0,0,0,0,0,0,0,0,1084,0,160.0,162.92342834054995,93.47443794831634,256.672624964267,157.0
1785382664,0,total,S1,6.800000,0.000000,0,0,0,0,0,0,0,0,0,0,0,1084,0,2100.0,1969.108273461633,1650.9293040144257,2198.879470000975,256.0
1785382664,0,,Aggregated,13.600000,0.000000,0,0,0,0,0,0,0,0,0,0,0,2168,0,260.0,1066.0158509010914,93.47443794831634,2198.879470000975,206.5
1785382665,0,TTFT,S1,6.800000,0.000000,0,0,0,0,0,0,0,0,0,0,0,1084,0,160.0,162.92342834054995,93.47443794831634,256.672624964267,157.0
1785382665,0,total,S1,6.800000,0.000000,0,0,0,0,0,0,0,0,0,0,0,1084,0,2100.0,1969.108273461633,1650.9293040144257,2198.879470000975,256.0
1785382665,0,,Aggregated,13.600000,0.000000,0,0,0,0,0,0,0,0,0,0,0,2168,0,260.0,1066.0158509010914,93.47443794831634,2198.879470000975,206.5
1785382666,0,TTFT,S1,6.800000,0.000000,0,0,0,0,0,0,0,0,0,0,0,1084,0,160.0,162.92342834054995,93.47443794831634,256.672624964267,157.0
1785382666,0,total,S1,6.800000,0.000000,0,0,0,0,0,0,0,0,0,0,0,1084,0,2100.0,1969.108273461633,1650.9293040144257,2198.879470000975,256.0
1785382666,0,,Aggregated,13.600000,0.000000,0,0,0,0,0,0,0,0,0,0,0,2168,0,260.0,1066.0158509010914,93.47443794831634,2198.879470000975,206.5
1785382667,0,TTFT,S1,6.800000,0.000000,0,0,0,0,0,0,0,0,0,0,0,1084,0,160.0,162.92342834054995,93.47443794831634,256.672624964267,157.0
1785382667,0,total,S1,6.800000,0.000000,0,0,0,0,0,0,0,0,0,0,0,1084,0,2100.0,1969.108273461633,1650.9293040144257,2198.879470000975,256.0
1785382667,0,,Aggregated,13.600000,0.000000,0,0,0,0,0,0,0,0,0,0,0,2168,0,260.0,1066.0158509010914,93.47443794831634,2198.879470000975,206.5
1785382668,0,TTFT,S1,6.800000,0.000000,0,0,0,0,0,0,0,0,0,0,0,1084,0,160.0,162.92342834054995,93.47443794831634,256.672624964267,157.0
1785382668,0,total,S1,6.800000,0.000000,0,0,0,0,0,0,0,0,0,0,0,1084,0,2100.0,1969.108273461633,1650.9293040144257,2198.879470000975,256.0
1785382668,0,,Aggregated,13.600000,0.000000,0,0,0,0,0,0,0,0,0,0,0,2168,0,260.0,1066.0158509010914,93.47443794831634,2198.879470000975,206.5
1785382669,0,TTFT,S1,6.800000,0.000000,0,0,0,0,0,0,0,0,0,0,0,1084,0,160.0,162.92342834054995,93.47443794831634,256.672624964267,157.0
1785382669,0,total,S1,6.800000,0.000000,0,0,0,0,0,0,0,0,0,0,0,1084,0,2100.0,1969.108273461633,1650.9293040144257,2198.879470000975,256.0
1785382669,0,,Aggregated,13.600000,0.000000,0,0,0,0,0,0,0,0,0,0,0,2168,0,260.0,1066.0158509010914,93.47443794831634,2198.879470000975,206.5
1785382670,0,TTFT,S1,6.800000,0.000000,0,0,0,0,0,0,0,0,0,0,0,1084,0,160.0,162.92342834054995,93.47443794831634,256.672624964267,157.0
1785382670,0,total,S1,6.800000,0.000000,0,0,0,0,0,0,0,0,0,0,0,1084,0,2100.0,1969.108273461633,1650.9293040144257,2198.879470000975,256.0
1785382670,0,,Aggregated,13.600000,0.000000,0,0,0,0,0,0,0,0,0,0,0,2168,0,260.0,1066.0158509010914,93.47443794831634,2198.879470000975,206.5
1785382671,0,TTFT,S1,6.800000,0.000000,0,0,0,0,0,0,0,0,0,0,0,1084,0,160.0,162.92342834054995,93.47443794831634,256.672624964267,157.0
1785382671,0,total,S1,6.800000,0.000000,0,0,0,0,0,0,0,0,0,0,0,1084,0,2100.0,1969.108273461633,1650.9293040144257,2198.879470000975,256.0
1785382671,0,,Aggregated,13.600000,0.000000,0,0,0,0,0,0,0,0,0,0,0,2168,0,260.0,1066.0158509010914,93.47443794831634,2198.879470000975,206.5
1785382672,0,TTFT,S1,6.800000,0.000000,0,0,0,0,0,0,0,0,0,0,0,1084,0,160.0,162.92342834054995,93.47443794831634,256.672624964267,157.0
1785382672,0,total,S1,6.800000,0.000000,0,0,0,0,0,0,0,0,0,0,0,1084,0,2100.0,1969.108273461633,1650.9293040144257,2198.879470000975,256.0
1785382672,0,,Aggregated,13.600000,0.000000,0,0,0,0,0,0,0,0,0,0,0,2168,0,260.0,1066.0158509010914,93.47443794831634,2198.879470000975,206.5
1785382673,0,TTFT,S1,6.800000,0.000000,0,0,0,0,0,0,0,0,0,0,0,1084,0,160.0,162.92342834054995,93.47443794831634,256.672624964267,157.0
1785382673,0,total,S1,6.800000,0.000000,0,0,0,0,0,0,0,0,0,0,0,1084,0,2100.0,1969.108273461633,1650.9293040144257,2198.879470000975,256.0
1785382673,0,,Aggregated,13.600000,0.000000,0,0,0,0,0,0,0,0,0,0,0,2168,0,260.0,1066.0158509010914,93.47443794831634,2198.879470000975,206.5
1785382674,0,TTFT,S1,6.800000,0.000000,0,0,0,0,0,0,0,0,0,0,0,1084,0,160.0,162.92342834054995,93.47443794831634,256.672624964267,157.0
1785382674,0,total,S1,6.800000,0.000000,0,0,0,0,0,0,0,0,0,0,0,1084,0,2100.0,1969.108273461633,1650.9293040144257,2198.879470000975,256.0
1785382674,0,,Aggregated,13.600000,0.000000,0,0,0,0,0,0,0,0,0,0,0,2168,0,260.0,1066.0158509010914,93.47443794831634,2198.879470000975,206.5
1785382676,0,TTFT,S1,6.800000,0.000000,0,0,0,0,0,0,0,0,0,0,0,1084,0,160.0,162.92342834054995,93.47443794831634,256.672624964267,157.0
1785382676,0,total,S1,6.800000,0.000000,0,0,0,0,0,0,0,0,0,0,0,1084,0,2100.0,1969.108273461633,1650.9293040144257,2198.879470000975,256.0
1785382676,0,,Aggregated,13.600000,0.000000,0,0,0,0,0,0,0,0,0,0,0,2168,0,260.0,1066.0158509010914,93.47443794831634,2198.879470000975,206.5
1785382677,0,TTFT,S1,6.800000,0.000000,0,0,0,0,0,0,0,0,0,0,0,1084,0,160.0,162.92342834054995,93.47443794831634,256.672624964267,157.0
1785382677,0,total,S1,6.800000,0.000000,0,0,0,0,0,0,0,0,0,0,0,1084,0,2100.0,1969.108273461633,1650.9293040144257,2198.879470000975,256.0
1785382677,0,,Aggregated,13.600000,0.000000,0,0,0,0,0,0,0,0,0,0,0,2168,0,260.0,1066.0158509010914,93.47443794831634,2198.879470000975,206.5
1785382678,0,TTFT,S1,6.800000,0.000000,0,0,0,0,0,0,0,0,0,0,0,1084,0,160.0,162.92342834054995,93.47443794831634,256.672624964267,157.0
1785382678,0,total,S1,6.800000,0.000000,0,0,0,0,0,0,0,0,0,0,0,1084,0,2100.0,1969.108273461633,1650.9293040144257,2198.879470000975,256.0
1785382678,0,,Aggregated,13.600000,0.000000,0,0,0,0,0,0,0,0,0,0,0,2168,0,260.0,1066.0158509010914,93.47443794831634,2198.879470000975,206.5
1785382679,0,TTFT,S1,6.800000,0.000000,0,0,0,0,0,0,0,0,0,0,0,1084,0,160.0,162.92342834054995,93.47443794831634,256.672624964267,157.0
1785382679,0,total,S1,6.800000,0.000000,0,0,0,0,0,0,0,0,0,0,0,1084,0,2100.0,1969.108273461633,1650.9293040144257,2198.879470000975,256.0
1785382679,0,,Aggregated,13.600000,0.000000,0,0,0,0,0,0,0,0,0,0,0,2168,0,260.0,1066.0158509010914,93.47443794831634,2198.879470000975,206.5
1785382680,0,TTFT,S1,6.800000,0.000000,0,0,0,0,0,0,0,0,0,0,0,1084,0,160.0,162.92342834054995,93.47443794831634,256.672624964267,157.0
1785382680,0,total,S1,6.800000,0.000000,0,0,0,0,0,0,0,0,0,0,0,1084,0,2100.0,1969.108273461633,1650.9293040144257,2198.879470000975,256.0
1785382680,0,,Aggregated,13.600000,0.000000,0,0,0,0,0,0,0,0,0,0,0,2168,0,260.0,1066.0158509010914,93.47443794831634,2198.879470000975,206.5
1785382681,0,TTFT,S1,6.800000,0.000000,0,0,0,0,0,0,0,0,0,0,0,1084,0,160.0,162.92342834054995,93.47443794831634,256.672624964267,157.0
1785382681,0,total,S1,6.800000,0.000000,0,0,0,0,0,0,0,0,0,0,0,1084,0,2100.0,1969.108273461633,1650.9293040144257,2198.879470000975,256.0
1785382681,0,,Aggregated,13.600000,0.000000,0,0,0,0,0,0,0,0,0,0,0,2168,0,260.0,1066.0158509010914,93.47443794831634,2198.879470000975,206.5
1785382682,0,TTFT,S1,6.800000,0.000000,0,0,0,0,0,0,0,0,0,0,0,1084,0,160.0,162.92342834054995,93.47443794831634,256.672624964267,157.0
1785382682,0,total,S1,6.800000,0.000000,0,0,0,0,0,0,0,0,0,0,0,1084,0,2100.0,1969.108273461633,1650.9293040144257,2198.879470000975,256.0
1785382682,0,,Aggregated,13.600000,0.000000,0,0,0,0,0,0,0,0,0,0,0,2168,0,260.0,1066.0158509010914,93.47443794831634,2198.879470000975,206.5
1785382683,0,TTFT,S1,6.800000,0.000000,0,0,0,0,0,0,0,0,0,0,0,1084,0,160.0,162.92342834054995,93.47443794831634,256.672624964267,157.0
1785382683,0,total,S1,6.800000,0.000000,0,0,0,0,0,0,0,0,0,0,0,1084,0,2100.0,1969.108273461633,1650.9293040144257,2198.879470000975,256.0
1785382683,0,,Aggregated,13.600000,0.000000,0,0,0,0,0,0,0,0,0,0,0,2168,0,260.0,1066.0158509010914,93.47443794831634,2198.879470000975,206.5
1785382684,0,TTFT,S1,6.800000,0.000000,0,0,0,0,0,0,0,0,0,0,0,1084,0,160.0,162.92342834054995,93.47443794831634,256.672624964267,157.0
1785382684,0,total,S1,6.800000,0.000000,0,0,0,0,0,0,0,0,0,0,0,1084,0,2100.0,1969.108273461633,1650.9293040144257,2198.879470000975,256.0
1785382684,0,,Aggregated,13.600000,0.000000,0,0,0,0,0,0,0,0,0,0,0,2168,0,260.0,1066.0158509010914,93.47443794831634,2198.879470000975,206.5
1785382685,0,TTFT,S1,6.800000,0.000000,0,0,0,0,0,0,0,0,0,0,0,1084,0,160.0,162.92342834054995,93.47443794831634,256.672624964267,157.0
1785382685,0,total,S1,6.800000,0.000000,0,0,0,0,0,0,0,0,0,0,0,1084,0,2100.0,1969.108273461633,1650.9293040144257,2198.879470000975,256.0
1785382685,0,,Aggregated,13.600000,0.000000,0,0,0,0,0,0,0,0,0,0,0,2168,0,260.0,1066.0158509010914,93.47443794831634,2198.879470000975,206.5
1785382686,0,TTFT,S1,6.800000,0.000000,0,0,0,0,0,0,0,0,0,0,0,1084,0,160.0,162.92342834054995,93.47443794831634,256.672624964267,157.0
1785382686,0,total,S1,6.800000,0.000000,0,0,0,0,0,0,0,0,0,0,0,1084,0,2100.0,1969.108273461633,1650.9293040144257,2198.879470000975,256.0
1785382686,0,,Aggregated,13.600000,0.000000,0,0,0,0,0,0,0,0,0,0,0,2168,0,260.0,1066.0158509010914,93.47443794831634,2198.879470000975,206.5
1785382687,0,TTFT,S1,6.800000,0.000000,0,0,0,0,0,0,0,0,0,0,0,1084,0,160.0,162.92342834054995,93.47443794831634,256.672624964267,157.0
1785382687,0,total,S1,6.800000,0.000000,0,0,0,0,0,0,0,0,0,0,0,1084,0,2100.0,1969.108273461633,1650.9293040144257,2198.879470000975,256.0
1785382687,0,,Aggregated,13.600000,0.000000,0,0,0,0,0,0,0,0,0,0,0,2168,0,260.0,1066.0158509010914,93.47443794831634,2198.879470000975,206.5
1785382688,0,TTFT,S1,6.800000,0.000000,0,0,0,0,0,0,0,0,0,0,0,1084,0,160.0,162.92342834054995,93.47443794831634,256.672624964267,157.0
1785382688,0,total,S1,6.800000,0.000000,0,0,0,0,0,0,0,0,0,0,0,1084,0,2100.0,1969.108273461633,1650.9293040144257,2198.879470000975,256.0
1785382688,0,,Aggregated,13.600000,0.000000,0,0,0,0,0,0,0,0,0,0,0,2168,0,260.0,1066.0158509010914,93.47443794831634,2198.879470000975,206.5
1785382689,0,TTFT,S1,6.800000,0.000000,0,0,0,0,0,0,0,0,0,0,0,1084,0,160.0,162.92342834054995,93.47443794831634,256.672624964267,157.0
1785382689,0,total,S1,6.800000,0.000000,0,0,0,0,0,0,0,0,0,0,0,1084,0,2100.0,1969.108273461633,1650.9293040144257,2198.879470000975,256.0
1785382689,0,,Aggregated,13.600000,0.000000,0,0,0,0,0,0,0,0,0,0,0,2168,0,260.0,1066.0158509010914,93.47443794831634,2198.879470000975,206.5
1785382690,0,TTFT,S1,6.800000,0.000000,0,0,0,0,0,0,0,0,0,0,0,1084,0,160.0,162.92342834054995,93.47443794831634,256.672624964267,157.0
1785382690,0,total,S1,6.800000,0.000000,0,0,0,0,0,0,0,0,0,0,0,1084,0,2100.0,1969.108273461633,1650.9293040144257,2198.879470000975,256.0
1785382690,0,,Aggregated,13.600000,0.000000,0,0,0,0,0,0,0,0,0,0,0,2168,0,260.0,1066.0158509010914,93.47443794831634,2198.879470000975,206.5
1785382691,0,TTFT,S1,6.800000,0.000000,0,0,0,0,0,0,0,0,0,0,0,1084,0,160.0,162.92342834054995,93.47443794831634,256.672624964267,157.0
1785382691,0,total,S1,6.800000,0.000000,0,0,0,0,0,0,0,0,0,0,0,1084,0,2100.0,1969.108273461633,1650.9293040144257,2198.879470000975,256.0
1785382691,0,,Aggregated,13.600000,0.000000,0,0,0,0,0,0,0,0,0,0,0,2168,0,260.0,1066.0158509010914,93.47443794831634,2198.879470000975,206.5
1785382692,0,TTFT,S1,6.800000,0.000000,0,0,0,0,0,0,0,0,0,0,0,1084,0,160.0,162.92342834054995,93.47443794831634,256.672624964267,157.0
1785382692,0,total,S1,6.800000,0.000000,0,0,0,0,0,0,0,0,0,0,0,1084,0,2100.0,1969.108273461633,1650.9293040144257,2198.879470000975,256.0
1785382692,0,,Aggregated,13.600000,0.000000,0,0,0,0,0,0,0,0,0,0,0,2168,0,260.0,1066.0158509010914,93.47443794831634,2198.879470000975,206.5
1785382693,0,TTFT,S1,6.800000,0.000000,0,0,0,0,0,0,0,0,0,0,0,1084,0,160.0,162.92342834054995,93.47443794831634,256.672624964267,157.0
1785382693,0,total,S1,6.800000,0.000000,0,0,0,0,0,0,0,0,0,0,0,1084,0,2100.0,1969.108273461633,1650.9293040144257,2198.879470000975,256.0
1785382693,0,,Aggregated,13.600000,0.000000,0,0,0,0,0,0,0,0,0,0,0,2168,0,260.0,1066.0158509010914,93.47443794831634,2198.879470000975,206.5
1785382694,0,TTFT,S1,6.800000,0.000000,0,0,0,0,0,0,0,0,0,0,0,1084,0,160.0,162.92342834054995,93.47443794831634,256.672624964267,157.0
1785382694,0,total,S1,6.800000,0.000000,0,0,0,0,0,0,0,0,0,0,0,1084,0,2100.0,1969.108273461633,1650.9293040144257,2198.879470000975,256.0
1785382694,0,,Aggregated,13.600000,0.000000,0,0,0,0,0,0,0,0,0,0,0,2168,0,260.0,1066.0158509010914,93.47443794831634,2198.879470000975,206.5
1785382695,0,TTFT,S1,6.800000,0.000000,0,0,0,0,0,0,0,0,0,0,0,1084,0,160.0,162.92342834054995,93.47443794831634,256.672624964267,157.0
1785382695,0,total,S1,6.800000,0.000000,0,0,0,0,0,0,0,0,0,0,0,1084,0,2100.0,1969.108273461633,1650.9293040144257,2198.879470000975,256.0
1785382695,0,,Aggregated,13.600000,0.000000,0,0,0,0,0,0,0,0,0,0,0,2168,0,260.0,1066.0158509010914,93.47443794831634,2198.879470000975,206.5
1785382696,0,TTFT,S1,6.800000,0.000000,0,0,0,0,0,0,0,0,0,0,0,1084,0,160.0,162.92342834054995,93.47443794831634,256.672624964267,157.0
1785382696,0,total,S1,6.800000,0.000000,0,0,0,0,0,0,0,0,0,0,0,1084,0,2100.0,1969.108273461633,1650.9293040144257,2198.879470000975,256.0
1785382696,0,,Aggregated,13.600000,0.000000,0,0,0,0,0,0,0,0,0,0,0,2168,0,260.0,1066.0158509010914,93.47443794831634,2198.879470000975,206.5
1785382697,0,TTFT,S1,6.800000,0.000000,0,0,0,0,0,0,0,0,0,0,0,1084,0,160.0,162.92342834054995,93.47443794831634,256.672624964267,157.0
1785382697,0,total,S1,6.800000,0.000000,0,0,0,0,0,0,0,0,0,0,0,1084,0,2100.0,1969.108273461633,1650.9293040144257,2198.879470000975,256.0
1785382697,0,,Aggregated,13.600000,0.000000,0,0,0,0,0,0,0,0,0,0,0,2168,0,260.0,1066.0158509010914,93.47443794831634,2198.879470000975,206.5
1785382698,0,TTFT,S1,6.800000,0.000000,0,0,0,0,0,0,0,0,0,0,0,1084,0,160.0,162.92342834054995,93.47443794831634,256.672624964267,157.0
1785382698,0,total,S1,6.800000,0.000000,0,0,0,0,0,0,0,0,0,0,0,1084,0,2100.0,1969.108273461633,1650.9293040144257,2198.879470000975,256.0
1785382698,0,,Aggregated,13.600000,0.000000,0,0,0,0,0,0,0,0,0,0,0,2168,0,260.0,1066.0158509010914,93.47443794831634,2198.879470000975,206.5
1785382699,0,TTFT,S1,6.800000,0.000000,0,0,0,0,0,0,0,0,0,0,0,1084,0,160.0,162.92342834054995,93.47443794831634,256.672624964267,157.0
1785382699,0,total,S1,6.800000,0.000000,0,0,0,0,0,0,0,0,0,0,0,1084,0,2100.0,1969.108273461633,1650.9293040144257,2198.879470000975,256.0
1785382699,0,,Aggregated,13.600000,0.000000,0,0,0,0,0,0,0,0,0,0,0,2168,0,260.0,1066.0158509010914,93.47443794831634,2198.879470000975,206.5
1785382700,0,TTFT,S1,6.800000,0.000000,0,0,0,0,0,0,0,0,0,0,0,1084,0,160.0,162.92342834054995,93.47443794831634,256.672624964267,157.0
1785382700,0,total,S1,6.800000,0.000000,0,0,0,0,0,0,0,0,0,0,0,1084,0,2100.0,1969.108273461633,1650.9293040144257,2198.879470000975,256.0
1785382700,0,,Aggregated,13.600000,0.000000,0,0,0,0,0,0,0,0,0,0,0,2168,0,260.0,1066.0158509010914,93.47443794831634,2198.879470000975,206.5
1785382701,0,TTFT,S1,6.800000,0.000000,0,0,0,0,0,0,0,0,0,0,0,1084,0,160.0,162.92342834054995,93.47443794831634,256.672624964267,157.0
1785382701,0,total,S1,6.800000,0.000000,0,0,0,0,0,0,0,0,0,0,0,1084,0,2100.0,1969.108273461633,1650.9293040144257,2198.879470000975,256.0
1785382701,0,,Aggregated,13.600000,0.000000,0,0,0,0,0,0,0,0,0,0,0,2168,0,260.0,1066.0158509010914,93.47443794831634,2198.879470000975,206.5
1785382702,0,TTFT,S1,6.800000,0.000000,0,0,0,0,0,0,0,0,0,0,0,1084,0,160.0,162.92342834054995,93.47443794831634,256.672624964267,157.0
1785382702,0,total,S1,6.800000,0.000000,0,0,0,0,0,0,0,0,0,0,0,1084,0,2100.0,1969.108273461633,1650.9293040144257,2198.879470000975,256.0
1785382702,0,,Aggregated,13.600000,0.000000,0,0,0,0,0,0,0,0,0,0,0,2168,0,260.0,1066.0158509010914,93.47443794831634,2198.879470000975,206.5
1785382703,0,TTFT,S1,6.800000,0.000000,0,0,0,0,0,0,0,0,0,0,0,1084,0,160.0,162.92342834054995,93.47443794831634,256.672624964267,157.0
1785382703,0,total,S1,6.800000,0.000000,0,0,0,0,0,0,0,0,0,0,0,1084,0,2100.0,1969.108273461633,1650.9293040144257,2198.879470000975,256.0
1785382703,0,,Aggregated,13.600000,0.000000,0,0,0,0,0,0,0,0,0,0,0,2168,0,260.0,1066.0158509010914,93.47443794831634,2198.879470000975,206.5
1785382704,0,TTFT,S1,6.800000,0.000000,0,0,0,0,0,0,0,0,0,0,0,1084,0,160.0,162.92342834054995,93.47443794831634,256.672624964267,157.0
1785382704,0,total,S1,6.800000,0.000000,0,0,0,0,0,0,0,0,0,0,0,1084,0,2100.0,1969.108273461633,1650.9293040144257,2198.879470000975,256.0
1785382704,0,,Aggregated,13.600000,0.000000,0,0,0,0,0,0,0,0,0,0,0,2168,0,260.0,1066.0158509010914,93.47443794831634,2198.879470000975,206.5
1785382705,0,TTFT,S1,6.800000,0.000000,0,0,0,0,0,0,0,0,0,0,0,1084,0,160.0,162.92342834054995,93.47443794831634,256.672624964267,157.0
1785382705,0,total,S1,6.800000,0.000000,0,0,0,0,0,0,0,0,0,0,0,1084,0,2100.0,1969.108273461633,1650.9293040144257,2198.879470000975,256.0
1785382705,0,,Aggregated,13.600000,0.000000,0,0,0,0,0,0,0,0,0,0,0,2168,0,260.0,1066.0158509010914,93.47443794831634,2198.879470000975,206.5
1785382706,0,TTFT,S1,6.800000,0.000000,0,0,0,0,0,0,0,0,0,0,0,1084,0,160.0,162.92342834054995,93.47443794831634,256.672624964267,157.0
1785382706,0,total,S1,6.800000,0.000000,0,0,0,0,0,0,0,0,0,0,0,1084,0,2100.0,1969.108273461633,1650.9293040144257,2198.879470000975,256.0
1785382706,0,,Aggregated,13.600000,0.000000,0,0,0,0,0,0,0,0,0,0,0,2168,0,260.0,1066.0158509010914,93.47443794831634,2198.879470000975,206.5
1785382707,0,TTFT,S1,6.800000,0.000000,0,0,0,0,0,0,0,0,0,0,0,1084,0,160.0,162.92342834054995,93.47443794831634,256.672624964267,157.0
1785382707,0,total,S1,6.800000,0.000000,0,0,0,0,0,0,0,0,0,0,0,1084,0,2100.0,1969.108273461633,1650.9293040144257,2198.879470000975,256.0
1785382707,0,,Aggregated,13.600000,0.000000,0,0,0,0,0,0,0,0,0,0,0,2168,0,260.0,1066.0158509010914,93.47443794831634,2198.879470000975,206.5
1785382708,0,TTFT,S1,6.800000,0.000000,0,0,0,0,0,0,0,0,0,0,0,1084,0,160.0,162.92342834054995,93.47443794831634,256.672624964267,157.0
1785382708,0,total,S1,6.800000,0.000000,0,0,0,0,0,0,0,0,0,0,0,1084,0,2100.0,1969.108273461633,1650.9293040144257,2198.879470000975,256.0
1785382708,0,,Aggregated,13.600000,0.000000,0,0,0,0,0,0,0,0,0,0,0,2168,0,260.0,1066.0158509010914,93.47443794831634,2198.879470000975,206.5
1785382709,0,TTFT,S1,6.800000,0.000000,0,0,0,0,0,0,0,0,0,0,0,1084,0,160.0,162.92342834054995,93.47443794831634,256.672624964267,157.0
1785382709,0,total,S1,6.800000,0.000000,0,0,0,0,0,0,0,0,0,0,0,1084,0,2100.0,1969.108273461633,1650.9293040144257,2198.879470000975,256.0
1785382709,0,,Aggregated,13.600000,0.000000,0,0,0,0,0,0,0,0,0,0,0,2168,0,260.0,1066.0158509010914,93.47443794831634,2198.879470000975,206.5
1785382710,0,TTFT,S1,6.800000,0.000000,0,0,0,0,0,0,0,0,0,0,0,1084,0,160.0,162.92342834054995,93.47443794831634,256.672624964267,157.0
1785382710,0,total,S1,6.800000,0.000000,0,0,0,0,0,0,0,0,0,0,0,1084,0,2100.0,1969.108273461633,1650.9293040144257,2198.879470000975,256.0
1785382710,0,,Aggregated,13.600000,0.000000,0,0,0,0,0,0,0,0,0,0,0,2168,0,260.0,1066.0158509010914,93.47443794831634,2198.879470000975,206.5
1785382711,0,TTFT,S1,6.800000,0.000000,0,0,0,0,0,0,0,0,0,0,0,1084,0,160.0,162.92342834054995,93.47443794831634,256.672624964267,157.0
1785382711,0,total,S1,6.800000,0.000000,0,0,0,0,0,0,0,0,0,0,0,1084,0,2100.0,1969.108273461633,1650.9293040144257,2198.879470000975,256.0
1785382711,0,,Aggregated,13.600000,0.000000,0,0,0,0,0,0,0,0,0,0,0,2168,0,260.0,1066.0158509010914,93.47443794831634,2198.879470000975,206.5
1785382712,0,TTFT,S1,6.800000,0.000000,0,0,0,0,0,0,0,0,0,0,0,1084,0,160.0,162.92342834054995,93.47443794831634,256.672624964267,157.0
1785382712,0,total,S1,6.800000,0.000000,0,0,0,0,0,0,0,0,0,0,0,1084,0,2100.0,1969.108273461633,1650.9293040144257,2198.879470000975,256.0
1785382712,0,,Aggregated,13.600000,0.000000,0,0,0,0,0,0,0,0,0,0,0,2168,0,260.0,1066.0158509010914,93.47443794831634,2198.879470000975,206.5
1785382713,0,TTFT,S1,6.800000,0.000000,0,0,0,0,0,0,0,0,0,0,0,1084,0,160.0,162.92342834054995,93.47443794831634,256.672624964267,157.0
1785382713,0,total,S1,6.800000,0.000000,0,0,0,0,0,0,0,0,0,0,0,1084,0,2100.0,1969.108273461633,1650.9293040144257,2198.879470000975,256.0
1785382713,0,,Aggregated,13.600000,0.000000,0,0,0,0,0,0,0,0,0,0,0,2168,0,260.0,1066.0158509010914,93.47443794831634,2198.879470000975,206.5
1785382714,0,TTFT,S1,6.800000,0.000000,0,0,0,0,0,0,0,0,0,0,0,1084,0,160.0,162.92342834054995,93.47443794831634,256.672624964267,157.0
1785382714,0,total,S1,6.800000,0.000000,0,0,0,0,0,0,0,0,0,0,0,1084,0,2100.0,1969.108273461633,1650.9293040144257,2198.879470000975,256.0
1785382714,0,,Aggregated,13.600000,0.000000,0,0,0,0,0,0,0,0,0,0,0,2168,0,260.0,1066.0158509010914,93.47443794831634,2198.879470000975,206.5
1785382715,0,TTFT,S1,6.800000,0.000000,0,0,0,0,0,0,0,0,0,0,0,1084,0,160.0,162.92342834054995,93.47443794831634,256.672624964267,157.0
1785382715,0,total,S1,6.800000,0.000000,0,0,0,0,0,0,0,0,0,0,0,1084,0,2100.0,1969.108273461633,1650.9293040144257,2198.879470000975,256.0
1785382715,0,,Aggregated,13.600000,0.000000,0,0,0,0,0,0,0,0,0,0,0,2168,0,260.0,1066.0158509010914,93.47443794831634,2198.879470000975,206.5
1785382716,0,TTFT,S1,6.800000,0.000000,0,0,0,0,0,0,0,0,0,0,0,1084,0,160.0,162.92342834054995,93.47443794831634,256.672624964267,157.0
1785382716,0,total,S1,6.800000,0.000000,0,0,0,0,0,0,0,0,0,0,0,1084,0,2100.0,1969.108273461633,1650.9293040144257,2198.879470000975,256.0
1785382716,0,,Aggregated,13.600000,0.000000,0,0,0,0,0,0,0,0,0,0,0,2168,0,260.0,1066.0158509010914,93.47443794831634,2198.879470000975,206.5
1785382717,0,TTFT,S1,6.800000,0.000000,0,0,0,0,0,0,0,0,0,0,0,1084,0,160.0,162.92342834054995,93.47443794831634,256.672624964267,157.0
1785382717,0,total,S1,6.800000,0.000000,0,0,0,0,0,0,0,0,0,0,0,1084,0,2100.0,1969.108273461633,1650.9293040144257,2198.879470000975,256.0
1785382717,0,,Aggregated,13.600000,0.000000,0,0,0,0,0,0,0,0,0,0,0,2168,0,260.0,1066.0158509010914,93.47443794831634,2198.879470000975,206.5
1785382718,0,TTFT,S1,6.800000,0.000000,0,0,0,0,0,0,0,0,0,0,0,1084,0,160.0,162.92342834054995,93.47443794831634,256.672624964267,157.0
1785382718,0,total,S1,6.800000,0.000000,0,0,0,0,0,0,0,0,0,0,0,1084,0,2100.0,1969.108273461633,1650.9293040144257,2198.879470000975,256.0
1785382718,0,,Aggregated,13.600000,0.000000,0,0,0,0,0,0,0,0,0,0,0,2168,0,260.0,1066.0158509010914,93.47443794831634,2198.879470000975,206.5
1785382719,0,TTFT,S1,6.800000,0.000000,0,0,0,0,0,0,0,0,0,0,0,1084,0,160.0,162.92342834054995,93.47443794831634,256.672624964267,157.0
1785382719,0,total,S1,6.800000,0.000000,0,0,0,0,0,0,0,0,0,0,0,1084,0,2100.0,1969.108273461633,1650.9293040144257,2198.879470000975,256.0
1785382719,0,,Aggregated,13.600000,0.000000,0,0,0,0,0,0,0,0,0,0,0,2168,0,260.0,1066.0158509010914,93.47443794831634,2198.879470000975,206.5
1785382720,0,TTFT,S1,6.800000,0.000000,0,0,0,0,0,0,0,0,0,0,0,1084,0,160.0,162.92342834054995,93.47443794831634,256.672624964267,157.0
1785382720,0,total,S1,6.800000,0.000000,0,0,0,0,0,0,0,0,0,0,0,1084,0,2100.0,1969.108273461633,1650.9293040144257,2198.879470000975,256.0
1785382720,0,,Aggregated,13.600000,0.000000,0,0,0,0,0,0,0,0,0,0,0,2168,0,260.0,1066.0158509010914,93.47443794831634,2198.879470000975,206.5
1785382721,0,TTFT,S1,6.800000,0.000000,0,0,0,0,0,0,0,0,0,0,0,1084,0,160.0,162.92342834054995,93.47443794831634,256.672624964267,157.0
1785382721,0,total,S1,6.800000,0.000000,0,0,0,0,0,0,0,0,0,0,0,1084,0,2100.0,1969.108273461633,1650.9293040144257,2198.879470000975,256.0
1785382721,0,,Aggregated,13.600000,0.000000,0,0,0,0,0,0,0,0,0,0,0,2168,0,260.0,1066.0158509010914,93.47443794831634,2198.879470000975,206.5
1785382722,0,TTFT,S1,6.800000,0.000000,0,0,0,0,0,0,0,0,0,0,0,1084,0,160.0,162.92342834054995,93.47443794831634,256.672624964267,157.0
1785382722,0,total,S1,6.800000,0.000000,0,0,0,0,0,0,0,0,0,0,0,1084,0,2100.0,1969.108273461633,1650.9293040144257,2198.879470000975,256.0
1785382722,0,,Aggregated,13.600000,0.000000,0,0,0,0,0,0,0,0,0,0,0,2168,0,260.0,1066.0158509010914,93.47443794831634,2198.879470000975,206.5
1785382723,0,TTFT,S1,6.800000,0.000000,0,0,0,0,0,0,0,0,0,0,0,1084,0,160.0,162.92342834054995,93.47443794831634,256.672624964267,157.0
1785382723,0,total,S1,6.800000,0.000000,0,0,0,0,0,0,0,0,0,0,0,1084,0,2100.0,1969.108273461633,1650.9293040144257,2198.879470000975,256.0
1785382723,0,,Aggregated,13.600000,0.000000,0,0,0,0,0,0,0,0,0,0,0,2168,0,260.0,1066.0158509010914,93.47443794831634,2198.879470000975,206.5
1785382724,0,TTFT,S1,6.800000,0.000000,0,0,0,0,0,0,0,0,0,0,0,1084,0,160.0,162.92342834054995,93.47443794831634,256.672624964267,157.0
1785382724,0,total,S1,6.800000,0.000000,0,0,0,0,0,0,0,0,0,0,0,1084,0,2100.0,1969.108273461633,1650.9293040144257,2198.879470000975,256.0
1785382724,0,,Aggregated,13.600000,0.000000,0,0,0,0,0,0,0,0,0,0,0,2168,0,260.0,1066.0158509010914,93.47443794831634,2198.879470000975,206.5
1785382725,0,TTFT,S1,6.800000,0.000000,0,0,0,0,0,0,0,0,0,0,0,1084,0,160.0,162.92342834054995,93.47443794831634,256.672624964267,157.0
1785382725,0,total,S1,6.800000,0.000000,0,0,0,0,0,0,0,0,0,0,0,1084,0,2100.0,1969.108273461633,1650.9293040144257,2198.879470000975,256.0
1785382725,0,,Aggregated,13.600000,0.000000,0,0,0,0,0,0,0,0,0,0,0,2168,0,260.0,1066.0158509010914,93.47443794831634,2198.879470000975,206.5
1785382726,0,TTFT,S1,6.800000,0.000000,0,0,0,0,0,0,0,0,0,0,0,1084,0,160.0,162.92342834054995,93.47443794831634,256.672624964267,157.0
1785382726,0,total,S1,6.800000,0.000000,0,0,0,0,0,0,0,0,0,0,0,1084,0,2100.0,1969.108273461633,1650.9293040144257,2198.879470000975,256.0
1785382726,0,,Aggregated,13.600000,0.000000,0,0,0,0,0,0,0,0,0,0,0,2168,0,260.0,1066.0158509010914,93.47443794831634,2198.879470000975,206.5
1785382727,0,TTFT,S1,6.800000,0.000000,0,0,0,0,0,0,0,0,0,0,0,1084,0,160.0,162.92342834054995,93.47443794831634,256.672624964267,157.0
1785382727,0,total,S1,6.800000,0.000000,0,0,0,0,0,0,0,0,0,0,0,1084,0,2100.0,1969.108273461633,1650.9293040144257,2198.879470000975,256.0
1785382727,0,,Aggregated,13.600000,0.000000,0,0,0,0,0,0,0,0,0,0,0,2168,0,260.0,1066.0158509010914,93.47443794831634,2198.879470000975,206.5
1785382728,0,TTFT,S1,6.800000,0.000000,0,0,0,0,0,0,0,0,0,0,0,1084,0,160.0,162.92342834054995,93.47443794831634,256.672624964267,157.0
1785382728,0,total,S1,6.800000,0.000000,0,0,0,0,0,0,0,0,0,0,0,1084,0,2100.0,1969.108273461633,1650.9293040144257,2198.879470000975,256.0
1785382728,0,,Aggregated,13.600000,0.000000,0,0,0,0,0,0,0,0,0,0,0,2168,0,260.0,1066.0158509010914,93.47443794831634,2198.879470000975,206.5
1785382729,0,TTFT,S1,6.800000,0.000000,0,0,0,0,0,0,0,0,0,0,0,1084,0,160.0,162.92342834054995,93.47443794831634,256.672624964267,157.0
1785382729,0,total,S1,6.800000,0.000000,0,0,0,0,0,0,0,0,0,0,0,1084,0,2100.0,1969.108273461633,1650.9293040144257,2198.879470000975,256.0
1785382729,0,,Aggregated,13.600000,0.000000,0,0,0,0,0,0,0,0,0,0,0,2168,0,260.0,1066.0158509010914,93.47443794831634,2198.879470000975,206.5
1785382730,0,TTFT,S1,6.800000,0.000000,0,0,0,0,0,0,0,0,0,0,0,1084,0,160.0,162.92342834054995,93.47443794831634,256.672624964267,157.0
1785382730,0,total,S1,6.800000,0.000000,0,0,0,0,0,0,0,0,0,0,0,1084,0,2100.0,1969.108273461633,1650.9293040144257,2198.879470000975,256.0
1785382730,0,,Aggregated,13.600000,0.000000,0,0,0,0,0,0,0,0,0,0,0,2168,0,260.0,1066.0158509010914,93.47443794831634,2198.879470000975,206.5
1785382731,0,TTFT,S1,6.800000,0.000000,0,0,0,0,0,0,0,0,0,0,0,1084,0,160.0,162.92342834054995,93.47443794831634,256.672624964267,157.0
1785382731,0,total,S1,6.800000,0.000000,0,0,0,0,0,0,0,0,0,0,0,1084,0,2100.0,1969.108273461633,1650.9293040144257,2198.879470000975,256.0
1785382731,0,,Aggregated,13.600000,0.000000,0,0,0,0,0,0,0,0,0,0,0,2168,0,260.0,1066.0158509010914,93.47443794831634,2198.879470000975,206.5
1785382732,0,TTFT,S1,6.800000,0.000000,0,0,0,0,0,0,0,0,0,0,0,1084,0,160.0,162.92342834054995,93.47443794831634,256.672624964267,157.0
1785382732,0,total,S1,6.800000,0.000000,0,0,0,0,0,0,0,0,0,0,0,1084,0,2100.0,1969.108273461633,1650.9293040144257,2198.879470000975,256.0
1785382732,0,,Aggregated,13.600000,0.000000,0,0,0,0,0,0,0,0,0,0,0,2168,0,260.0,1066.0158509010914,93.47443794831634,2198.879470000975,206.5
1785382733,0,TTFT,S1,6.800000,0.000000,0,0,0,0,0,0,0,0,0,0,0,1084,0,160.0,162.92342834054995,93.47443794831634,256.672624964267,157.0
1785382733,0,total,S1,6.800000,0.000000,0,0,0,0,0,0,0,0,0,0,0,1084,0,2100.0,1969.108273461633,1650.9293040144257,2198.879470000975,256.0
1785382733,0,,Aggregated,13.600000,0.000000,0,0,0,0,0,0,0,0,0,0,0,2168,0,260.0,1066.0158509010914,93.47443794831634,2198.879470000975,206.5
1785382734,0,TTFT,S1,6.800000,0.000000,0,0,0,0,0,0,0,0,0,0,0,1084,0,160.0,162.92342834054995,93.47443794831634,256.672624964267,157.0
1785382734,0,total,S1,6.800000,0.000000,0,0,0,0,0,0,0,0,0,0,0,1084,0,2100.0,1969.108273461633,1650.9293040144257,2198.879470000975,256.0
1785382734,0,,Aggregated,13.600000,0.000000,0,0,0,0,0,0,0,0,0,0,0,2168,0,260.0,1066.0158509010914,93.47443794831634,2198.879470000975,206.5
1785382735,0,TTFT,S1,6.800000,0.000000,0,0,0,0,0,0,0,0,0,0,0,1084,0,160.0,162.92342834054995,93.47443794831634,256.672624964267,157.0
1785382735,0,total,S1,6.800000,0.000000,0,0,0,0,0,0,0,0,0,0,0,1084,0,2100.0,1969.108273461633,1650.9293040144257,2198.879470000975,256.0
1785382735,0,,Aggregated,13.600000,0.000000,0,0,0,0,0,0,0,0,0,0,0,2168,0,260.0,1066.0158509010914,93.47443794831634,2198.879470000975,206.5
1785382736,0,TTFT,S1,6.800000,0.000000,0,0,0,0,0,0,0,0,0,0,0,1084,0,160.0,162.92342834054995,93.47443794831634,256.672624964267,157.0
1785382736,0,total,S1,6.800000,0.000000,0,0,0,0,0,0,0,0,0,0,0,1084,0,2100.0,1969.108273461633,1650.9293040144257,2198.879470000975,256.0
1785382736,0,,Aggregated,13.600000,0.000000,0,0,0,0,0,0,0,0,0,0,0,2168,0,260.0,1066.0158509010914,93.47443794831634,2198.879470000975,206.5
1785382737,0,TTFT,S1,6.800000,0.000000,0,0,0,0,0,0,0,0,0,0,0,1084,0,160.0,162.92342834054995,93.47443794831634,256.672624964267,157.0
1785382737,0,total,S1,6.800000,0.000000,0,0,0,0,0,0,0,0,0,0,0,1084,0,2100.0,1969.108273461633,1650.9293040144257,2198.879470000975,256.0
1785382737,0,,Aggregated,13.600000,0.000000,0,0,0,0,0,0,0,0,0,0,0,2168,0,260.0,1066.0158509010914,93.47443794831634,2198.879470000975,206.5
1785382738,0,TTFT,S1,6.800000,0.000000,0,0,0,0,0,0,0,0,0,0,0,1084,0,160.0,162.92342834054995,93.47443794831634,256.672624964267,157.0
1785382738,0,total,S1,6.800000,0.000000,0,0,0,0,0,0,0,0,0,0,0,1084,0,2100.0,1969.108273461633,1650.9293040144257,2198.879470000975,256.0
1785382738,0,,Aggregated,13.600000,0.000000,0,0,0,0,0,0,0,0,0,0,0,2168,0,260.0,1066.0158509010914,93.47443794831634,2198.879470000975,206.5
1785382739,0,TTFT,S1,6.800000,0.000000,0,0,0,0,0,0,0,0,0,0,0,1084,0,160.0,162.92342834054995,93.47443794831634,256.672624964267,157.0
1785382739,0,total,S1,6.800000,0.000000,0,0,0,0,0,0,0,0,0,0,0,1084,0,2100.0,1969.108273461633,1650.9293040144257,2198.879470000975,256.0
1785382739,0,,Aggregated,13.600000,0.000000,0,0,0,0,0,0,0,0,0,0,0,2168,0,260.0,1066.0158509010914,93.47443794831634,2198.879470000975,206.5
1785382740,0,TTFT,S1,6.800000,0.000000,0,0,0,0,0,0,0,0,0,0,0,1084,0,160.0,162.92342834054995,93.47443794831634,256.672624964267,157.0
1785382740,0,total,S1,6.800000,0.000000,0,0,0,0,0,0,0,0,0,0,0,1084,0,2100.0,1969.108273461633,1650.9293040144257,2198.879470000975,256.0
1785382740,0,,Aggregated,13.600000,0.000000,0,0,0,0,0,0,0,0,0,0,0,2168,0,260.0,1066.0158509010914,93.47443794831634,2198.879470000975,206.5
1785382741,0,TTFT,S1,6.800000,0.000000,0,0,0,0,0,0,0,0,0,0,0,1084,0,160.0,162.92342834054995,93.47443794831634,256.672624964267,157.0
1785382741,0,total,S1,6.800000,0.000000,0,0,0,0,0,0,0,0,0,0,0,1084,0,2100.0,1969.108273461633,1650.9293040144257,2198.879470000975,256.0
1785382741,0,,Aggregated,13.600000,0.000000,0,0,0,0,0,0,0,0,0,0,0,2168,0,260.0,1066.0158509010914,93.47443794831634,2198.879470000975,206.5
1785382742,0,TTFT,S1,6.800000,0.000000,0,0,0,0,0,0,0,0,0,0,0,1084,0,160.0,162.92342834054995,93.47443794831634,256.672624964267,157.0
1785382742,0,total,S1,6.800000,0.000000,0,0,0,0,0,0,0,0,0,0,0,1084,0,2100.0,1969.108273461633,1650.9293040144257,2198.879470000975,256.0
1785382742,0,,Aggregated,13.600000,0.000000,0,0,0,0,0,0,0,0,0,0,0,2168,0,260.0,1066.0158509010914,93.47443794831634,2198.879470000975,206.5
1785382743,0,TTFT,S1,6.800000,0.000000,0,0,0,0,0,0,0,0,0,0,0,1084,0,160.0,162.92342834054995,93.47443794831634,256.672624964267,157.0
1785382743,0,total,S1,6.800000,0.000000,0,0,0,0,0,0,0,0,0,0,0,1084,0,2100.0,1969.108273461633,1650.9293040144257,2198.879470000975,256.0
1785382743,0,,Aggregated,13.600000,0.000000,0,0,0,0,0,0,0,0,0,0,0,2168,0,260.0,1066.0158509010914,93.47443794831634,2198.879470000975,206.5
1785382744,0,TTFT,S1,6.800000,0.000000,0,0,0,0,0,0,0,0,0,0,0,1084,0,160.0,162.92342834054995,93.47443794831634,256.672624964267,157.0
1785382744,0,total,S1,6.800000,0.000000,0,0,0,0,0,0,0,0,0,0,0,1084,0,2100.0,1969.108273461633,1650.9293040144257,2198.879470000975,256.0
1785382744,0,,Aggregated,13.600000,0.000000,0,0,0,0,0,0,0,0,0,0,0,2168,0,260.0,1066.0158509010914,93.47443794831634,2198.879470000975,206.5
1785382745,0,TTFT,S1,6.800000,0.000000,0,0,0,0,0,0,0,0,0,0,0,1084,0,160.0,162.92342834054995,93.47443794831634,256.672624964267,157.0
1785382745,0,total,S1,6.800000,0.000000,0,0,0,0,0,0,0,0,0,0,0,1084,0,2100.0,1969.108273461633,1650.9293040144257,2198.879470000975,256.0
1785382745,0,,Aggregated,13.600000,0.000000,0,0,0,0,0,0,0,0,0,0,0,2168,0,260.0,1066.0158509010914,93.47443794831634,2198.879470000975,206.5
1785382746,0,TTFT,S1,6.800000,0.000000,0,0,0,0,0,0,0,0,0,0,0,1084,0,160.0,162.92342834054995,93.47443794831634,256.672624964267,157.0
1785382746,0,total,S1,6.800000,0.000000,0,0,0,0,0,0,0,0,0,0,0,1084,0,2100.0,1969.108273461633,1650.9293040144257,2198.879470000975,256.0
1785382746,0,,Aggregated,13.600000,0.000000,0,0,0,0,0,0,0,0,0,0,0,2168,0,260.0,1066.0158509010914,93.47443794831634,2198.879470000975,206.5
1785382747,0,TTFT,S1,6.800000,0.000000,0,0,0,0,0,0,0,0,0,0,0,1084,0,160.0,162.92342834054995,93.47443794831634,256.672624964267,157.0
1785382747,0,total,S1,6.800000,0.000000,0,0,0,0,0,0,0,0,0,0,0,1084,0,2100.0,1969.108273461633,1650.9293040144257,2198.879470000975,256.0
1785382747,0,,Aggregated,13.600000,0.000000,0,0,0,0,0,0,0,0,0,0,0,2168,0,260.0,1066.0158509010914,93.47443794831634,2198.879470000975,206.5
1785382748,0,TTFT,S1,6.800000,0.000000,0,0,0,0,0,0,0,0,0,0,0,1084,0,160.0,162.92342834054995,93.47443794831634,256.672624964267,157.0
1785382748,0,total,S1,6.800000,0.000000,0,0,0,0,0,0,0,0,0,0,0,1084,0,2100.0,1969.108273461633,1650.9293040144257,2198.879470000975,256.0
1785382748,0,,Aggregated,13.600000,0.000000,0,0,0,0,0,0,0,0,0,0,0,2168,0,260.0,1066.0158509010914,93.47443794831634,2198.879470000975,206.5
1785382749,0,TTFT,S1,6.800000,0.000000,0,0,0,0,0,0,0,0,0,0,0,1084,0,160.0,162.92342834054995,93.47443794831634,256.672624964267,157.0
1785382749,0,total,S1,6.800000,0.000000,0,0,0,0,0,0,0,0,0,0,0,1084,0,2100.0,1969.108273461633,1650.9293040144257,2198.879470000975,256.0
1785382749,0,,Aggregated,13.600000,0.000000,0,0,0,0,0,0,0,0,0,0,0,2168,0,260.0,1066.0158509010914,93.47443794831634,2198.879470000975,206.5
1785382750,0,TTFT,S1,6.800000,0.000000,0,0,0,0,0,0,0,0,0,0,0,1084,0,160.0,162.92342834054995,93.47443794831634,256.672624964267,157.0
1785382750,0,total,S1,6.800000,0.000000,0,0,0,0,0,0,0,0,0,0,0,1084,0,2100.0,1969.108273461633,1650.9293040144257,2198.879470000975,256.0
1785382750,0,,Aggregated,13.600000,0.000000,0,0,0,0,0,0,0,0,0,0,0,2168,0,260.0,1066.0158509010914,93.47443794831634,2198.879470000975,206.5
1785382751,0,TTFT,S1,6.800000,0.000000,0,0,0,0,0,0,0,0,0,0,0,1084,0,160.0,162.92342834054995,93.47443794831634,256.672624964267,157.0
1785382751,0,total,S1,6.800000,0.000000,0,0,0,0,0,0,0,0,0,0,0,1084,0,2100.0,1969.108273461633,1650.9293040144257,2198.879470000975,256.0
1785382751,0,,Aggregated,13.600000,0.000000,0,0,0,0,0,0,0,0,0,0,0,2168,0,260.0,1066.0158509010914,93.47443794831634,2198.879470000975,206.5
1785382752,0,TTFT,S1,6.800000,0.000000,0,0,0,0,0,0,0,0,0,0,0,1084,0,160.0,162.92342834054995,93.47443794831634,256.672624964267,157.0
1785382752,0,total,S1,6.800000,0.000000,0,0,0,0,0,0,0,0,0,0,0,1084,0,2100.0,1969.108273461633,1650.9293040144257,2198.879470000975,256.0
1785382752,0,,Aggregated,13.600000,0.000000,0,0,0,0,0,0,0,0,0,0,0,2168,0,260.0,1066.0158509010914,93.47443794831634,2198.879470000975,206.5
1785382753,0,TTFT,S1,6.800000,0.000000,0,0,0,0,0,0,0,0,0,0,0,1084,0,160.0,162.92342834054995,93.47443794831634,256.672624964267,157.0
1785382753,0,total,S1,6.800000,0.000000,0,0,0,0,0,0,0,0,0,0,0,1084,0,2100.0,1969.108273461633,1650.9293040144257,2198.879470000975,256.0
1785382753,0,,Aggregated,13.600000,0.000000,0,0,0,0,0,0,0,0,0,0,0,2168,0,260.0,1066.0158509010914,93.47443794831634,2198.879470000975,206.5
1785382754,0,TTFT,S1,6.800000,0.000000,0,0,0,0,0,0,0,0,0,0,0,1084,0,160.0,162.92342834054995,93.47443794831634,256.672624964267,157.0
1785382754,0,total,S1,6.800000,0.000000,0,0,0,0,0,0,0,0,0,0,0,1084,0,2100.0,1969.108273461633,1650.9293040144257,2198.879470000975,256.0
1785382754,0,,Aggregated,13.600000,0.000000,0,0,0,0,0,0,0,0,0,0,0,2168,0,260.0,1066.0158509010914,93.47443794831634,2198.879470000975,206.5
1785382755,0,TTFT,S1,6.800000,0.000000,0,0,0,0,0,0,0,0,0,0,0,1084,0,160.0,162.92342834054995,93.47443794831634,256.672624964267,157.0
1785382755,0,total,S1,6.800000,0.000000,0,0,0,0,0,0,0,0,0,0,0,1084,0,2100.0,1969.108273461633,1650.9293040144257,2198.879470000975,256.0
1785382755,0,,Aggregated,13.600000,0.000000,0,0,0,0,0,0,0,0,0,0,0,2168,0,260.0,1066.0158509010914,93.47443794831634,2198.879470000975,206.5
1785382756,0,TTFT,S1,6.800000,0.000000,0,0,0,0,0,0,0,0,0,0,0,1084,0,160.0,162.92342834054995,93.47443794831634,256.672624964267,157.0
1785382756,0,total,S1,6.800000,0.000000,0,0,0,0,0,0,0,0,0,0,0,1084,0,2100.0,1969.108273461633,1650.9293040144257,2198.879470000975,256.0
1785382756,0,,Aggregated,13.600000,0.000000,0,0,0,0,0,0,0,0,0,0,0,2168,0,260.0,1066.0158509010914,93.47443794831634,2198.879470000975,206.5
1785382757,0,TTFT,S1,6.800000,0.000000,0,0,0,0,0,0,0,0,0,0,0,1084,0,160.0,162.92342834054995,93.47443794831634,256.672624964267,157.0
1785382757,0,total,S1,6.800000,0.000000,0,0,0,0,0,0,0,0,0,0,0,1084,0,2100.0,1969.108273461633,1650.9293040144257,2198.879470000975,256.0
1785382757,0,,Aggregated,13.600000,0.000000,0,0,0,0,0,0,0,0,0,0,0,2168,0,260.0,1066.0158509010914,93.47443794831634,2198.879470000975,206.5
1785382758,0,TTFT,S1,6.800000,0.000000,0,0,0,0,0,0,0,0,0,0,0,1084,0,160.0,162.92342834054995,93.47443794831634,256.672624964267,157.0
1785382758,0,total,S1,6.800000,0.000000,0,0,0,0,0,0,0,0,0,0,0,1084,0,2100.0,1969.108273461633,1650.9293040144257,2198.879470000975,256.0
1785382758,0,,Aggregated,13.600000,0.000000,0,0,0,0,0,0,0,0,0,0,0,2168,0,260.0,1066.0158509010914,93.47443794831634,2198.879470000975,206.5
1785382759,0,TTFT,S1,6.800000,0.000000,0,0,0,0,0,0,0,0,0,0,0,1084,0,160.0,162.92342834054995,93.47443794831634,256.672624964267,157.0
1785382759,0,total,S1,6.800000,0.000000,0,0,0,0,0,0,0,0,0,0,0,1084,0,2100.0,1969.108273461633,1650.9293040144257,2198.879470000975,256.0
1785382759,0,,Aggregated,13.600000,0.000000,0,0,0,0,0,0,0,0,0,0,0,2168,0,260.0,1066.0158509010914,93.47443794831634,2198.879470000975,206.5
1785382760,0,TTFT,S1,6.800000,0.000000,0,0,0,0,0,0,0,0,0,0,0,1084,0,160.0,162.92342834054995,93.47443794831634,256.672624964267,157.0
1785382760,0,total,S1,6.800000,0.000000,0,0,0,0,0,0,0,0,0,0,0,1084,0,2100.0,1969.108273461633,1650.9293040144257,2198.879470000975,256.0
1785382760,0,,Aggregated,13.600000,0.000000,0,0,0,0,0,0,0,0,0,0,0,2168,0,260.0,1066.0158509010914,93.47443794831634,2198.879470000975,206.5
1785382761,0,TTFT,S1,6.800000,0.000000,0,0,0,0,0,0,0,0,0,0,0,1084,0,160.0,162.92342834054995,93.47443794831634,256.672624964267,157.0
1785382761,0,total,S1,6.800000,0.000000,0,0,0,0,0,0,0,0,0,0,0,1084,0,2100.0,1969.108273461633,1650.9293040144257,2198.879470000975,256.0
1785382761,0,,Aggregated,13.600000,0.000000,0,0,0,0,0,0,0,0,0,0,0,2168,0,260.0,1066.0158509010914,93.47443794831634,2198.879470000975,206.5
1785382762,0,TTFT,S1,6.800000,0.000000,0,0,0,0,0,0,0,0,0,0,0,1084,0,160.0,162.92342834054995,93.47443794831634,256.672624964267,157.0
1785382762,0,total,S1,6.800000,0.000000,0,0,0,0,0,0,0,0,0,0,0,1084,0,2100.0,1969.108273461633,1650.9293040144257,2198.879470000975,256.0
1785382762,0,,Aggregated,13.600000,0.000000,0,0,0,0,0,0,0,0,0,0,0,2168,0,260.0,1066.0158509010914,93.47443794831634,2198.879470000975,206.5
1785382763,0,TTFT,S1,6.800000,0.000000,0,0,0,0,0,0,0,0,0,0,0,1084,0,160.0,162.92342834054995,93.47443794831634,256.672624964267,157.0
1785382763,0,total,S1,6.800000,0.000000,0,0,0,0,0,0,0,0,0,0,0,1084,0,2100.0,1969.108273461633,1650.9293040144257,2198.879470000975,256.0
1785382763,0,,Aggregated,13.600000,0.000000,0,0,0,0,0,0,0,0,0,0,0,2168,0,260.0,1066.0158509010914,93.47443794831634,2198.879470000975,206.5
1785382764,0,TTFT,S1,6.800000,0.000000,0,0,0,0,0,0,0,0,0,0,0,1084,0,160.0,162.92342834054995,93.47443794831634,256.672624964267,157.0
1785382764,0,total,S1,6.800000,0.000000,0,0,0,0,0,0,0,0,0,0,0,1084,0,2100.0,1969.108273461633,1650.9293040144257,2198.879470000975,256.0
1785382764,0,,Aggregated,13.600000,0.000000,0,0,0,0,0,0,0,0,0,0,0,2168,0,260.0,1066.0158509010914,93.47443794831634,2198.879470000975,206.5
1785382765,0,TTFT,S1,6.800000,0.000000,0,0,0,0,0,0,0,0,0,0,0,1084,0,160.0,162.92342834054995,93.47443794831634,256.672624964267,157.0
1785382765,0,total,S1,6.800000,0.000000,0,0,0,0,0,0,0,0,0,0,0,1084,0,2100.0,1969.108273461633,1650.9293040144257,2198.879470000975,256.0
1785382765,0,,Aggregated,13.600000,0.000000,0,0,0,0,0,0,0,0,0,0,0,2168,0,260.0,1066.0158509010914,93.47443794831634,2198.879470000975,206.5
1785382766,0,TTFT,S1,6.800000,0.000000,0,0,0,0,0,0,0,0,0,0,0,1084,0,160.0,162.92342834054995,93.47443794831634,256.672624964267,157.0
1785382766,0,total,S1,6.800000,0.000000,0,0,0,0,0,0,0,0,0,0,0,1084,0,2100.0,1969.108273461633,1650.9293040144257,2198.879470000975,256.0
1785382766,0,,Aggregated,13.600000,0.000000,0,0,0,0,0,0,0,0,0,0,0,2168,0,260.0,1066.0158509010914,93.47443794831634,2198.879470000975,206.5
1785382767,0,TTFT,S1,6.800000,0.000000,0,0,0,0,0,0,0,0,0,0,0,1084,0,160.0,162.92342834054995,93.47443794831634,256.672624964267,157.0
1785382767,0,total,S1,6.800000,0.000000,0,0,0,0,0,0,0,0,0,0,0,1084,0,2100.0,1969.108273461633,1650.9293040144257,2198.879470000975,256.0
1785382767,0,,Aggregated,13.600000,0.000000,0,0,0,0,0,0,0,0,0,0,0,2168,0,260.0,1066.0158509010914,93.47443794831634,2198.879470000975,206.5
1785382768,0,TTFT,S1,6.800000,0.000000,0,0,0,0,0,0,0,0,0,0,0,1084,0,160.0,162.92342834054995,93.47443794831634,256.672624964267,157.0
1785382768,0,total,S1,6.800000,0.000000,0,0,0,0,0,0,0,0,0,0,0,1084,0,2100.0,1969.108273461633,1650.9293040144257,2198.879470000975,256.0
1785382768,0,,Aggregated,13.600000,0.000000,0,0,0,0,0,0,0,0,0,0,0,2168,0,260.0,1066.0158509010914,93.47443794831634,2198.879470000975,206.5
1785382769,0,TTFT,S1,6.800000,0.000000,0,0,0,0,0,0,0,0,0,0,0,1084,0,160.0,162.92342834054995,93.47443794831634,256.672624964267,157.0
1785382769,0,total,S1,6.800000,0.000000,0,0,0,0,0,0,0,0,0,0,0,1084,0,2100.0,1969.108273461633,1650.9293040144257,2198.879470000975,256.0
1785382769,0,,Aggregated,13.600000,0.000000,0,0,0,0,0,0,0,0,0,0,0,2168,0,260.0,1066.0158509010914,93.47443794831634,2198.879470000975,206.5
1785382770,0,TTFT,S1,6.800000,0.000000,0,0,0,0,0,0,0,0,0,0,0,1084,0,160.0,162.92342834054995,93.47443794831634,256.672624964267,157.0
1785382770,0,total,S1,6.800000,0.000000,0,0,0,0,0,0,0,0,0,0,0,1084,0,2100.0,1969.108273461633,1650.9293040144257,2198.879470000975,256.0
1785382770,0,,Aggregated,13.600000,0.000000,0,0,0,0,0,0,0,0,0,0,0,2168,0,260.0,1066.0158509010914,93.47443794831634,2198.879470000975,206.5
1785382771,0,TTFT,S1,6.800000,0.000000,0,0,0,0,0,0,0,0,0,0,0,1084,0,160.0,162.92342834054995,93.47443794831634,256.672624964267,157.0
1785382771,0,total,S1,6.800000,0.000000,0,0,0,0,0,0,0,0,0,0,0,1084,0,2100.0,1969.108273461633,1650.9293040144257,2198.879470000975,256.0
1785382771,0,,Aggregated,13.600000,0.000000,0,0,0,0,0,0,0,0,0,0,0,2168,0,260.0,1066.0158509010914,93.47443794831634,2198.879470000975,206.5
1785382772,0,TTFT,S1,6.800000,0.000000,0,0,0,0,0,0,0,0,0,0,0,1084,0,160.0,162.92342834054995,93.47443794831634,256.672624964267,157.0
1785382772,0,total,S1,6.800000,0.000000,0,0,0,0,0,0,0,0,0,0,0,1084,0,2100.0,1969.108273461633,1650.9293040144257,2198.879470000975,256.0
1785382772,0,,Aggregated,13.600000,0.000000,0,0,0,0,0,0,0,0,0,0,0,2168,0,260.0,1066.0158509010914,93.47443794831634,2198.879470000975,206.5
1785382773,0,TTFT,S1,6.800000,0.000000,0,0,0,0,0,0,0,0,0,0,0,1084,0,160.0,162.92342834054995,93.47443794831634,256.672624964267,157.0
1785382773,0,total,S1,6.800000,0.000000,0,0,0,0,0,0,0,0,0,0,0,1084,0,2100.0,1969.108273461633,1650.9293040144257,2198.879470000975,256.0
1785382773,0,,Aggregated,13.600000,0.000000,0,0,0,0,0,0,0,0,0,0,0,2168,0,260.0,1066.0158509010914,93.47443794831634,2198.879470000975,206.5
1785382774,0,TTFT,S1,6.800000,0.000000,0,0,0,0,0,0,0,0,0,0,0,1084,0,160.0,162.92342834054995,93.47443794831634,256.672624964267,157.0
1785382774,0,total,S1,6.800000,0.000000,0,0,0,0,0,0,0,0,0,0,0,1084,0,2100.0,1969.108273461633,1650.9293040144257,2198.879470000975,256.0
1785382774,0,,Aggregated,13.600000,0.000000,0,0,0,0,0,0,0,0,0,0,0,2168,0,260.0,1066.0158509010914,93.47443794831634,2198.879470000975,206.5
1785382775,0,TTFT,S1,6.800000,0.000000,0,0,0,0,0,0,0,0,0,0,0,1084,0,160.0,162.92342834054995,93.47443794831634,256.672624964267,157.0
1785382775,0,total,S1,6.800000,0.000000,0,0,0,0,0,0,0,0,0,0,0,1084,0,2100.0,1969.108273461633,1650.9293040144257,2198.879470000975,256.0
1785382775,0,,Aggregated,13.600000,0.000000,0,0,0,0,0,0,0,0,0,0,0,2168,0,260.0,1066.0158509010914,93.47443794831634,2198.879470000975,206.5
1785382776,0,TTFT,S1,6.800000,0.000000,0,0,0,0,0,0,0,0,0,0,0,1084,0,160.0,162.92342834054995,93.47443794831634,256.672624964267,157.0
1785382776,0,total,S1,6.800000,0.000000,0,0,0,0,0,0,0,0,0,0,0,1084,0,2100.0,1969.108273461633,1650.9293040144257,2198.879470000975,256.0
1785382776,0,,Aggregated,13.600000,0.000000,0,0,0,0,0,0,0,0,0,0,0,2168,0,260.0,1066.0158509010914,93.47443794831634,2198.879470000975,206.5
1785382777,0,TTFT,S1,6.800000,0.000000,0,0,0,0,0,0,0,0,0,0,0,1084,0,160.0,162.92342834054995,93.47443794831634,256.672624964267,157.0
1785382777,0,total,S1,6.800000,0.000000,0,0,0,0,0,0,0,0,0,0,0,1084,0,2100.0,1969.108273461633,1650.9293040144257,2198.879470000975,256.0
1785382777,0,,Aggregated,13.600000,0.000000,0,0,0,0,0,0,0,0,0,0,0,2168,0,260.0,1066.0158509010914,93.47443794831634,2198.879470000975,206.5
1785382778,0,TTFT,S1,6.800000,0.000000,0,0,0,0,0,0,0,0,0,0,0,1084,0,160.0,162.92342834054995,93.47443794831634,256.672624964267,157.0
1785382778,0,total,S1,6.800000,0.000000,0,0,0,0,0,0,0,0,0,0,0,1084,0,2100.0,1969.108273461633,1650.9293040144257,2198.879470000975,256.0
1785382778,0,,Aggregated,13.600000,0.000000,0,0,0,0,0,0,0,0,0,0,0,2168,0,260.0,1066.0158509010914,93.47443794831634,2198.879470000975,206.5
1785382779,0,TTFT,S1,6.800000,0.000000,0,0,0,0,0,0,0,0,0,0,0,1084,0,160.0,162.92342834054995,93.47443794831634,256.672624964267,157.0
1785382779,0,total,S1,6.800000,0.000000,0,0,0,0,0,0,0,0,0,0,0,1084,0,2100.0,1969.108273461633,1650.9293040144257,2198.879470000975,256.0
1785382779,0,,Aggregated,13.600000,0.000000,0,0,0,0,0,0,0,0,0,0,0,2168,0,260.0,1066.0158509010914,93.47443794831634,2198.879470000975,206.5
1785382780,0,TTFT,S1,6.800000,0.000000,0,0,0,0,0,0,0,0,0,0,0,1084,0,160.0,162.92342834054995,93.47443794831634,256.672624964267,157.0
1785382780,0,total,S1,6.800000,0.000000,0,0,0,0,0,0,0,0,0,0,0,1084,0,2100.0,1969.108273461633,1650.9293040144257,2198.879470000975,256.0
1785382780,0,,Aggregated,13.600000,0.000000,0,0,0,0,0,0,0,0,0,0,0,2168,0,260.0,1066.0158509010914,93.47443794831634,2198.879470000975,206.5
1785382781,0,TTFT,S1,6.800000,0.000000,0,0,0,0,0,0,0,0,0,0,0,1084,0,160.0,162.92342834054995,93.47443794831634,256.672624964267,157.0
1785382781,0,total,S1,6.800000,0.000000,0,0,0,0,0,0,0,0,0,0,0,1084,0,2100.0,1969.108273461633,1650.9293040144257,2198.879470000975,256.0
1785382781,0,,Aggregated,13.600000,0.000000,0,0,0,0,0,0,0,0,0,0,0,2168,0,260.0,1066.0158509010914,93.47443794831634,2198.879470000975,206.5
1785382782,0,TTFT,S1,6.800000,0.000000,0,0,0,0,0,0,0,0,0,0,0,1084,0,160.0,162.92342834054995,93.47443794831634,256.672624964267,157.0
1785382782,0,total,S1,6.800000,0.000000,0,0,0,0,0,0,0,0,0,0,0,1084,0,2100.0,1969.108273461633,1650.9293040144257,2198.879470000975,256.0
1785382782,0,,Aggregated,13.600000,0.000000,0,0,0,0,0,0,0,0,0,0,0,2168,0,260.0,1066.0158509010914,93.47443794831634,2198.879470000975,206.5
1785382783,0,TTFT,S1,6.800000,0.000000,0,0,0,0,0,0,0,0,0,0,0,1084,0,160.0,162.92342834054995,93.47443794831634,256.672624964267,157.0
1785382783,0,total,S1,6.800000,0.000000,0,0,0,0,0,0,0,0,0,0,0,1084,0,2100.0,1969.108273461633,1650.9293040144257,2198.879470000975,256.0
1785382783,0,,Aggregated,13.600000,0.000000,0,0,0,0,0,0,0,0,0,0,0,2168,0,260.0,1066.0158509010914,93.47443794831634,2198.879470000975,206.5
1785382784,0,TTFT,S1,6.800000,0.000000,0,0,0,0,0,0,0,0,0,0,0,1084,0,160.0,162.92342834054995,93.47443794831634,256.672624964267,157.0
1785382784,0,total,S1,6.800000,0.000000,0,0,0,0,0,0,0,0,0,0,0,1084,0,2100.0,1969.108273461633,1650.9293040144257,2198.879470000975,256.0
1785382784,0,,Aggregated,13.600000,0.000000,0,0,0,0,0,0,0,0,0,0,0,2168,0,260.0,1066.0158509010914,93.47443794831634,2198.879470000975,206.5
1785382785,0,TTFT,S1,6.800000,0.000000,0,0,0,0,0,0,0,0,0,0,0,1084,0,160.0,162.92342834054995,93.47443794831634,256.672624964267,157.0
1785382785,0,total,S1,6.800000,0.000000,0,0,0,0,0,0,0,0,0,0,0,1084,0,2100.0,1969.108273461633,1650.9293040144257,2198.879470000975,256.0
1785382785,0,,Aggregated,13.600000,0.000000,0,0,0,0,0,0,0,0,0,0,0,2168,0,260.0,1066.0158509010914,93.47443794831634,2198.879470000975,206.5
1785382786,0,TTFT,S1,6.800000,0.000000,0,0,0,0,0,0,0,0,0,0,0,1084,0,160.0,162.92342834054995,93.47443794831634,256.672624964267,157.0
1785382786,0,total,S1,6.800000,0.000000,0,0,0,0,0,0,0,0,0,0,0,1084,0,2100.0,1969.108273461633,1650.9293040144257,2198.879470000975,256.0
1785382786,0,,Aggregated,13.600000,0.000000,0,0,0,0,0,0,0,0,0,0,0,2168,0,260.0,1066.0158509010914,93.47443794831634,2198.879470000975,206.5
1785382787,0,TTFT,S1,6.800000,0.000000,0,0,0,0,0,0,0,0,0,0,0,1084,0,160.0,162.92342834054995,93.47443794831634,256.672624964267,157.0
1785382787,0,total,S1,6.800000,0.000000,0,0,0,0,0,0,0,0,0,0,0,1084,0,2100.0,1969.108273461633,1650.9293040144257,2198.879470000975,256.0
1785382787,0,,Aggregated,13.600000,0.000000,0,0,0,0,0,0,0,0,0,0,0,2168,0,260.0,1066.0158509010914,93.47443794831634,2198.879470000975,206.5
1785382788,0,TTFT,S1,6.800000,0.000000,0,0,0,0,0,0,0,0,0,0,0,1084,0,160.0,162.92342834054995,93.47443794831634,256.672624964267,157.0
1785382788,0,total,S1,6.800000,0.000000,0,0,0,0,0,0,0,0,0,0,0,1084,0,2100.0,1969.108273461633,1650.9293040144257,2198.879470000975,256.0
1785382788,0,,Aggregated,13.600000,0.000000,0,0,0,0,0,0,0,0,0,0,0,2168,0,260.0,1066.0158509010914,93.47443794831634,2198.879470000975,206.5
1785382789,0,TTFT,S1,6.800000,0.000000,0,0,0,0,0,0,0,0,0,0,0,1084,0,160.0,162.92342834054995,93.47443794831634,256.672624964267,157.0
1785382789,0,total,S1,6.800000,0.000000,0,0,0,0,0,0,0,0,0,0,0,1084,0,2100.0,1969.108273461633,1650.9293040144257,2198.879470000975,256.0
1785382789,0,,Aggregated,13.600000,0.000000,0,0,0,0,0,0,0,0,0,0,0,2168,0,260.0,1066.0158509010914,93.47443794831634,2198.879470000975,206.5
1785382790,0,TTFT,S1,6.800000,0.000000,0,0,0,0,0,0,0,0,0,0,0,1084,0,160.0,162.92342834054995,93.47443794831634,256.672624964267,157.0
1785382790,0,total,S1,6.800000,0.000000,0,0,0,0,0,0,0,0,0,0,0,1084,0,2100.0,1969.108273461633,1650.9293040144257,2198.879470000975,256.0
1785382790,0,,Aggregated,13.600000,0.000000,0,0,0,0,0,0,0,0,0,0,0,2168,0,260.0,1066.0158509010914,93.47443794831634,2198.879470000975,206.5
1785382791,0,TTFT,S1,6.800000,0.000000,0,0,0,0,0,0,0,0,0,0,0,1084,0,160.0,162.92342834054995,93.47443794831634,256.672624964267,157.0
1785382791,0,total,S1,6.800000,0.000000,0,0,0,0,0,0,0,0,0,0,0,1084,0,2100.0,1969.108273461633,1650.9293040144257,2198.879470000975,256.0
1785382791,0,,Aggregated,13.600000,0.000000,0,0,0,0,0,0,0,0,0,0,0,2168,0,260.0,1066.0158509010914,93.47443794831634,2198.879470000975,206.5
1785382792,0,TTFT,S1,6.800000,0.000000,0,0,0,0,0,0,0,0,0,0,0,1084,0,160.0,162.92342834054995,93.47443794831634,256.672624964267,157.0
1785382792,0,total,S1,6.800000,0.000000,0,0,0,0,0,0,0,0,0,0,0,1084,0,2100.0,1969.108273461633,1650.9293040144257,2198.879470000975,256.0
1785382792,0,,Aggregated,13.600000,0.000000,0,0,0,0,0,0,0,0,0,0,0,2168,0,260.0,1066.0158509010914,93.47443794831634,2198.879470000975,206.5
1785382793,0,TTFT,S1,6.800000,0.000000,0,0,0,0,0,0,0,0,0,0,0,1084,0,160.0,162.92342834054995,93.47443794831634,256.672624964267,157.0
1785382793,0,total,S1,6.800000,0.000000,0,0,0,0,0,0,0,0,0,0,0,1084,0,2100.0,1969.108273461633,1650.9293040144257,2198.879470000975,256.0
1785382793,0,,Aggregated,13.600000,0.000000,0,0,0,0,0,0,0,0,0,0,0,2168,0,260.0,1066.0158509010914,93.47443794831634,2198.879470000975,206.5
1785382794,0,TTFT,S1,6.800000,0.000000,0,0,0,0,0,0,0,0,0,0,0,1084,0,160.0,162.92342834054995,93.47443794831634,256.672624964267,157.0
1785382794,0,total,S1,6.800000,0.000000,0,0,0,0,0,0,0,0,0,0,0,1084,0,2100.0,1969.108273461633,1650.9293040144257,2198.879470000975,256.0
1785382794,0,,Aggregated,13.600000,0.000000,0,0,0,0,0,0,0,0,0,0,0,2168,0,260.0,1066.0158509010914,93.47443794831634,2198.879470000975,206.5
1785382795,0,TTFT,S1,6.800000,0.000000,0,0,0,0,0,0,0,0,0,0,0,1084,0,160.0,162.92342834054995,93.47443794831634,256.672624964267,157.0
1785382795,0,total,S1,6.800000,0.000000,0,0,0,0,0,0,0,0,0,0,0,1084,0,2100.0,1969.108273461633,1650.9293040144257,2198.879470000975,256.0
1785382795,0,,Aggregated,13.600000,0.000000,0,0,0,0,0,0,0,0,0,0,0,2168,0,260.0,1066.0158509010914,93.47443794831634,2198.879470000975,206.5
1785382796,0,TTFT,S1,6.800000,0.000000,0,0,0,0,0,0,0,0,0,0,0,1084,0,160.0,162.92342834054995,93.47443794831634,256.672624964267,157.0
1785382796,0,total,S1,6.800000,0.000000,0,0,0,0,0,0,0,0,0,0,0,1084,0,2100.0,1969.108273461633,1650.9293040144257,2198.879470000975,256.0
1785382796,0,,Aggregated,13.600000,0.000000,0,0,0,0,0,0,0,0,0,0,0,2168,0,260.0,1066.0158509010914,93.47443794831634,2198.879470000975,206.5
1785382797,0,TTFT,S1,6.800000,0.000000,0,0,0,0,0,0,0,0,0,0,0,1084,0,160.0,162.92342834054995,93.47443794831634,256.672624964267,157.0
1785382797,0,total,S1,6.800000,0.000000,0,0,0,0,0,0,0,0,0,0,0,1084,0,2100.0,1969.108273461633,1650.9293040144257,2198.879470000975,256.0
1785382797,0,,Aggregated,13.600000,0.000000,0,0,0,0,0,0,0,0,0,0,0,2168,0,260.0,1066.0158509010914,93.47443794831634,2198.879470000975,206.5
1785382798,0,TTFT,S1,6.800000,0.000000,0,0,0,0,0,0,0,0,0,0,0,1084,0,160.0,162.92342834054995,93.47443794831634,256.672624964267,157.0
1785382798,0,total,S1,6.800000,0.000000,0,0,0,0,0,0,0,0,0,0,0,1084,0,2100.0,1969.108273461633,1650.9293040144257,2198.879470000975,256.0
1785382798,0,,Aggregated,13.600000,0.000000,0,0,0,0,0,0,0,0,0,0,0,2168,0,260.0,1066.0158509010914,93.47443794831634,2198.879470000975,206.5
1785382799,0,TTFT,S1,6.800000,0.000000,0,0,0,0,0,0,0,0,0,0,0,1084,0,160.0,162.92342834054995,93.47443794831634,256.672624964267,157.0
1785382799,0,total,S1,6.800000,0.000000,0,0,0,0,0,0,0,0,0,0,0,1084,0,2100.0,1969.108273461633,1650.9293040144257,2198.879470000975,256.0
1785382799,0,,Aggregated,13.600000,0.000000,0,0,0,0,0,0,0,0,0,0,0,2168,0,260.0,1066.0158509010914,93.47443794831634,2198.879470000975,206.5
1785382800,0,TTFT,S1,6.800000,0.000000,0,0,0,0,0,0,0,0,0,0,0,1084,0,160.0,162.92342834054995,93.47443794831634,256.672624964267,157.0
1785382800,0,total,S1,6.800000,0.000000,0,0,0,0,0,0,0,0,0,0,0,1084,0,2100.0,1969.108273461633,1650.9293040144257,2198.879470000975,256.0
1785382800,0,,Aggregated,13.600000,0.000000,0,0,0,0,0,0,0,0,0,0,0,2168,0,260.0,1066.0158509010914,93.47443794831634,2198.879470000975,206.5
1785382801,0,TTFT,S1,6.800000,0.000000,0,0,0,0,0,0,0,0,0,0,0,1084,0,160.0,162.92342834054995,93.47443794831634,256.672624964267,157.0
1785382801,0,total,S1,6.800000,0.000000,0,0,0,0,0,0,0,0,0,0,0,1084,0,2100.0,1969.108273461633,1650.9293040144257,2198.879470000975,256.0
1785382801,0,,Aggregated,13.600000,0.000000,0,0,0,0,0,0,0,0,0,0,0,2168,0,260.0,1066.0158509010914,93.47443794831634,2198.879470000975,206.5
1785382802,0,TTFT,S1,6.800000,0.000000,0,0,0,0,0,0,0,0,0,0,0,1084,0,160.0,162.92342834054995,93.47443794831634,256.672624964267,157.0
1785382802,0,total,S1,6.800000,0.000000,0,0,0,0,0,0,0,0,0,0,0,1084,0,2100.0,1969.108273461633,1650.9293040144257,2198.879470000975,256.0
1785382802,0,,Aggregated,13.600000,0.000000,0,0,0,0,0,0,0,0,0,0,0,2168,0,260.0,1066.0158509010914,93.47443794831634,2198.879470000975,206.5
1785382803,0,TTFT,S1,6.800000,0.000000,0,0,0,0,0,0,0,0,0,0,0,1084,0,160.0,162.92342834054995,93.47443794831634,256.672624964267,157.0
1785382803,0,total,S1,6.800000,0.000000,0,0,0,0,0,0,0,0,0,0,0,1084,0,2100.0,1969.108273461633,1650.9293040144257,2198.879470000975,256.0
1785382803,0,,Aggregated,13.600000,0.000000,0,0,0,0,0,0,0,0,0,0,0,2168,0,260.0,1066.0158509010914,93.47443794831634,2198.879470000975,206.5
1785382804,0,TTFT,S1,6.800000,0.000000,0,0,0,0,0,0,0,0,0,0,0,1084,0,160.0,162.92342834054995,93.47443794831634,256.672624964267,157.0
1785382804,0,total,S1,6.800000,0.000000,0,0,0,0,0,0,0,0,0,0,0,1084,0,2100.0,1969.108273461633,1650.9293040144257,2198.879470000975,256.0
1785382804,0,,Aggregated,13.600000,0.000000,0,0,0,0,0,0,0,0,0,0,0,2168,0,260.0,1066.0158509010914,93.47443794831634,2198.879470000975,206.5
1785382805,0,TTFT,S1,6.800000,0.000000,0,0,0,0,0,0,0,0,0,0,0,1084,0,160.0,162.92342834054995,93.47443794831634,256.672624964267,157.0
1785382805,0,total,S1,6.800000,0.000000,0,0,0,0,0,0,0,0,0,0,0,1084,0,2100.0,1969.108273461633,1650.9293040144257,2198.879470000975,256.0
1785382805,0,,Aggregated,13.600000,0.000000,0,0,0,0,0,0,0,0,0,0,0,2168,0,260.0,1066.0158509010914,93.47443794831634,2198.879470000975,206.5
1785382806,0,TTFT,S1,6.800000,0.000000,0,0,0,0,0,0,0,0,0,0,0,1084,0,160.0,162.92342834054995,93.47443794831634,256.672624964267,157.0
1785382806,0,total,S1,6.800000,0.000000,0,0,0,0,0,0,0,0,0,0,0,1084,0,2100.0,1969.108273461633,1650.9293040144257,2198.879470000975,256.0
1785382806,0,,Aggregated,13.600000,0.000000,0,0,0,0,0,0,0,0,0,0,0,2168,0,260.0,1066.0158509010914,93.47443794831634,2198.879470000975,206.5
1785382807,0,TTFT,S1,6.800000,0.000000,0,0,0,0,0,0,0,0,0,0,0,1084,0,160.0,162.92342834054995,93.47443794831634,256.672624964267,157.0
1785382807,0,total,S1,6.800000,0.000000,0,0,0,0,0,0,0,0,0,0,0,1084,0,2100.0,1969.108273461633,1650.9293040144257,2198.879470000975,256.0
1785382807,0,,Aggregated,13.600000,0.000000,0,0,0,0,0,0,0,0,0,0,0,2168,0,260.0,1066.0158509010914,93.47443794831634,2198.879470000975,206.5
1785382808,0,TTFT,S1,6.800000,0.000000,0,0,0,0,0,0,0,0,0,0,0,1084,0,160.0,162.92342834054995,93.47443794831634,256.672624964267,157.0
1785382808,0,total,S1,6.800000,0.000000,0,0,0,0,0,0,0,0,0,0,0,1084,0,2100.0,1969.108273461633,1650.9293040144257,2198.879470000975,256.0
1785382808,0,,Aggregated,13.600000,0.000000,0,0,0,0,0,0,0,0,0,0,0,2168,0,260.0,1066.0158509010914,93.47443794831634,2198.879470000975,206.5
1785382809,0,TTFT,S1,6.800000,0.000000,0,0,0,0,0,0,0,0,0,0,0,1084,0,160.0,162.92342834054995,93.47443794831634,256.672624964267,157.0
1785382809,0,total,S1,6.800000,0.000000,0,0,0,0,0,0,0,0,0,0,0,1084,0,2100.0,1969.108273461633,1650.9293040144257,2198.879470000975,256.0
1785382809,0,,Aggregated,13.600000,0.000000,0,0,0,0,0,0,0,0,0,0,0,2168,0,260.0,1066.0158509010914,93.47443794831634,2198.879470000975,206.5
1785382810,0,TTFT,S1,6.800000,0.000000,0,0,0,0,0,0,0,0,0,0,0,1084,0,160.0,162.92342834054995,93.47443794831634,256.672624964267,157.0
1785382810,0,total,S1,6.800000,0.000000,0,0,0,0,0,0,0,0,0,0,0,1084,0,2100.0,1969.108273461633,1650.9293040144257,2198.879470000975,256.0
1785382810,0,,Aggregated,13.600000,0.000000,0,0,0,0,0,0,0,0,0,0,0,2168,0,260.0,1066.0158509010914,93.47443794831634,2198.879470000975,206.5
1785382811,0,TTFT,S1,6.800000,0.000000,0,0,0,0,0,0,0,0,0,0,0,1084,0,160.0,162.92342834054995,93.47443794831634,256.672624964267,157.0
1785382811,0,total,S1,6.800000,0.000000,0,0,0,0,0,0,0,0,0,0,0,1084,0,2100.0,1969.108273461633,1650.9293040144257,2198.879470000975,256.0
1785382811,0,,Aggregated,13.600000,0.000000,0,0,0,0,0,0,0,0,0,0,0,2168,0,260.0,1066.0158509010914,93.47443794831634,2198.879470000975,206.5
1785382812,0,TTFT,S1,6.800000,0.000000,0,0,0,0,0,0,0,0,0,0,0,1084,0,160.0,162.92342834054995,93.47443794831634,256.672624964267,157.0
1785382812,0,total,S1,6.800000,0.000000,0,0,0,0,0,0,0,0,0,0,0,1084,0,2100.0,1969.108273461633,1650.9293040144257,2198.879470000975,256.0
1785382812,0,,Aggregated,13.600000,0.000000,0,0,0,0,0,0,0,0,0,0,0,2168,0,260.0,1066.0158509010914,93.47443794831634,2198.879470000975,206.5
1785382813,0,TTFT,S1,6.800000,0.000000,0,0,0,0,0,0,0,0,0,0,0,1084,0,160.0,162.92342834054995,93.47443794831634,256.672624964267,157.0
1785382813,0,total,S1,6.800000,0.000000,0,0,0,0,0,0,0,0,0,0,0,1084,0,2100.0,1969.108273461633,1650.9293040144257,2198.879470000975,256.0
1785382813,0,,Aggregated,13.600000,0.000000,0,0,0,0,0,0,0,0,0,0,0,2168,0,260.0,1066.0158509010914,93.47443794831634,2198.879470000975,206.5
1785382814,0,TTFT,S1,6.800000,0.000000,0,0,0,0,0,0,0,0,0,0,0,1084,0,160.0,162.92342834054995,93.47443794831634,256.672624964267,157.0
1785382814,0,total,S1,6.800000,0.000000,0,0,0,0,0,0,0,0,0,0,0,1084,0,2100.0,1969.108273461633,1650.9293040144257,2198.879470000975,256.0
1785382814,0,,Aggregated,13.600000,0.000000,0,0,0,0,0,0,0,0,0,0,0,2168,0,260.0,1066.0158509010914,93.47443794831634,2198.879470000975,206.5
1785382815,0,TTFT,S1,6.800000,0.000000,0,0,0,0,0,0,0,0,0,0,0,1084,0,160.0,162.92342834054995,93.47443794831634,256.672624964267,157.0
1785382815,0,total,S1,6.800000,0.000000,0,0,0,0,0,0,0,0,0,0,0,1084,0,2100.0,1969.108273461633,1650.9293040144257,2198.879470000975,256.0
1785382815,0,,Aggregated,13.600000,0.000000,0,0,0,0,0,0,0,0,0,0,0,2168,0,260.0,1066.0158509010914,93.47443794831634,2198.879470000975,206.5
1785382816,0,TTFT,S1,6.800000,0.000000,0,0,0,0,0,0,0,0,0,0,0,1084,0,160.0,162.92342834054995,93.47443794831634,256.672624964267,157.0
1785382816,0,total,S1,6.800000,0.000000,0,0,0,0,0,0,0,0,0,0,0,1084,0,2100.0,1969.108273461633,1650.9293040144257,2198.879470000975,256.0
1785382816,0,,Aggregated,13.600000,0.000000,0,0,0,0,0,0,0,0,0,0,0,2168,0,260.0,1066.0158509010914,93.47443794831634,2198.879470000975,206.5
1785382817,0,TTFT,S1,6.800000,0.000000,0,0,0,0,0,0,0,0,0,0,0,1084,0,160.0,162.92342834054995,93.47443794831634,256.672624964267,157.0
1785382817,0,total,S1,6.800000,0.000000,0,0,0,0,0,0,0,0,0,0,0,1084,0,2100.0,1969.108273461633,1650.9293040144257,2198.879470000975,256.0
1785382817,0,,Aggregated,13.600000,0.000000,0,0,0,0,0,0,0,0,0,0,0,2168,0,260.0,1066.0158509010914,93.47443794831634,2198.879470000975,206.5
1785382818,0,TTFT,S1,6.800000,0.000000,0,0,0,0,0,0,0,0,0,0,0,1084,0,160.0,162.92342834054995,93.47443794831634,256.672624964267,157.0
1785382818,0,total,S1,6.800000,0.000000,0,0,0,0,0,0,0,0,0,0,0,1084,0,2100.0,1969.108273461633,1650.9293040144257,2198.879470000975,256.0
1785382818,0,,Aggregated,13.600000,0.000000,0,0,0,0,0,0,0,0,0,0,0,2168,0,260.0,1066.0158509010914,93.47443794831634,2198.879470000975,206.5
1785382819,0,TTFT,S1,6.800000,0.000000,0,0,0,0,0,0,0,0,0,0,0,1084,0,160.0,162.92342834054995,93.47443794831634,256.672624964267,157.0
1785382819,0,total,S1,6.800000,0.000000,0,0,0,0,0,0,0,0,0,0,0,1084,0,2100.0,1969.108273461633,1650.9293040144257,2198.879470000975,256.0
1785382819,0,,Aggregated,13.600000,0.000000,0,0,0,0,0,0,0,0,0,0,0,2168,0,260.0,1066.0158509010914,93.47443794831634,2198.879470000975,206.5
1785382820,0,TTFT,S1,6.800000,0.000000,0,0,0,0,0,0,0,0,0,0,0,1084,0,160.0,162.92342834054995,93.47443794831634,256.672624964267,157.0
1785382820,0,total,S1,6.800000,0.000000,0,0,0,0,0,0,0,0,0,0,0,1084,0,2100.0,1969.108273461633,1650.9293040144257,2198.879470000975,256.0
1785382820,0,,Aggregated,13.600000,0.000000,0,0,0,0,0,0,0,0,0,0,0,2168,0,260.0,1066.0158509010914,93.47443794831634,2198.879470000975,206.5
1785382821,0,TTFT,S1,6.800000,0.000000,0,0,0,0,0,0,0,0,0,0,0,1084,0,160.0,162.92342834054995,93.47443794831634,256.672624964267,157.0
1785382821,0,total,S1,6.800000,0.000000,0,0,0,0,0,0,0,0,0,0,0,1084,0,2100.0,1969.108273461633,1650.9293040144257,2198.879470000975,256.0
1785382821,0,,Aggregated,13.600000,0.000000,0,0,0,0,0,0,0,0,0,0,0,2168,0,260.0,1066.0158509010914,93.47443794831634,2198.879470000975,206.5
1785382822,0,TTFT,S1,6.800000,0.000000,0,0,0,0,0,0,0,0,0,0,0,1084,0,160.0,162.92342834054995,93.47443794831634,256.672624964267,157.0
1785382822,0,total,S1,6.800000,0.000000,0,0,0,0,0,0,0,0,0,0,0,1084,0,2100.0,1969.108273461633,1650.9293040144257,2198.879470000975,256.0
1785382822,0,,Aggregated,13.600000,0.000000,0,0,0,0,0,0,0,0,0,0,0,2168,0,260.0,1066.0158509010914,93.47443794831634,2198.879470000975,206.5
1785382823,0,TTFT,S1,6.800000,0.000000,0,0,0,0,0,0,0,0,0,0,0,1084,0,160.0,162.92342834054995,93.47443794831634,256.672624964267,157.0
1785382823,0,total,S1,6.800000,0.000000,0,0,0,0,0,0,0,0,0,0,0,1084,0,2100.0,1969.108273461633,1650.9293040144257,2198.879470000975,256.0
1785382823,0,,Aggregated,13.600000,0.000000,0,0,0,0,0,0,0,0,0,0,0,2168,0,260.0,1066.0158509010914,93.47443794831634,2198.879470000975,206.5
1785382824,0,TTFT,S1,6.800000,0.000000,0,0,0,0,0,0,0,0,0,0,0,1084,0,160.0,162.92342834054995,93.47443794831634,256.672624964267,157.0
1785382824,0,total,S1,6.800000,0.000000,0,0,0,0,0,0,0,0,0,0,0,1084,0,2100.0,1969.108273461633,1650.9293040144257,2198.879470000975,256.0
1785382824,0,,Aggregated,13.600000,0.000000,0,0,0,0,0,0,0,0,0,0,0,2168,0,260.0,1066.0158509010914,93.47443794831634,2198.879470000975,206.5
1785382825,0,TTFT,S1,6.800000,0.000000,0,0,0,0,0,0,0,0,0,0,0,1084,0,160.0,162.92342834054995,93.47443794831634,256.672624964267,157.0
1785382825,0,total,S1,6.800000,0.000000,0,0,0,0,0,0,0,0,0,0,0,1084,0,2100.0,1969.108273461633,1650.9293040144257,2198.879470000975,256.0
1785382825,0,,Aggregated,13.600000,0.000000,0,0,0,0,0,0,0,0,0,0,0,2168,0,260.0,1066.0158509010914,93.47443794831634,2198.879470000975,206.5
1785382826,0,TTFT,S1,6.800000,0.000000,0,0,0,0,0,0,0,0,0,0,0,1084,0,160.0,162.92342834054995,93.47443794831634,256.672624964267,157.0
1785382826,0,total,S1,6.800000,0.000000,0,0,0,0,0,0,0,0,0,0,0,1084,0,2100.0,1969.108273461633,1650.9293040144257,2198.879470000975,256.0
1785382826,0,,Aggregated,13.600000,0.000000,0,0,0,0,0,0,0,0,0,0,0,2168,0,260.0,1066.0158509010914,93.47443794831634,2198.879470000975,206.5
1785382827,0,TTFT,S1,6.800000,0.000000,0,0,0,0,0,0,0,0,0,0,0,1084,0,160.0,162.92342834054995,93.47443794831634,256.672624964267,157.0
1785382827,0,total,S1,6.800000,0.000000,0,0,0,0,0,0,0,0,0,0,0,1084,0,2100.0,1969.108273461633,1650.9293040144257,2198.879470000975,256.0
1785382827,0,,Aggregated,13.600000,0.000000,0,0,0,0,0,0,0,0,0,0,0,2168,0,260.0,1066.0158509010914,93.47443794831634,2198.879470000975,206.5
1785382828,0,TTFT,S1,6.800000,0.000000,0,0,0,0,0,0,0,0,0,0,0,1084,0,160.0,162.92342834054995,93.47443794831634,256.672624964267,157.0
1785382828,0,total,S1,6.800000,0.000000,0,0,0,0,0,0,0,0,0,0,0,1084,0,2100.0,1969.108273461633,1650.9293040144257,2198.879470000975,256.0
1785382828,0,,Aggregated,13.600000,0.000000,0,0,0,0,0,0,0,0,0,0,0,2168,0,260.0,1066.0158509010914,93.47443794831634,2198.879470000975,206.5
1785382829,0,TTFT,S1,6.800000,0.000000,0,0,0,0,0,0,0,0,0,0,0,1084,0,160.0,162.92342834054995,93.47443794831634,256.672624964267,157.0
1785382829,0,total,S1,6.800000,0.000000,0,0,0,0,0,0,0,0,0,0,0,1084,0,2100.0,1969.108273461633,1650.9293040144257,2198.879470000975,256.0
1785382829,0,,Aggregated,13.600000,0.000000,0,0,0,0,0,0,0,0,0,0,0,2168,0,260.0,1066.0158509010914,93.47443794831634,2198.879470000975,206.5
1785382830,0,TTFT,S1,6.800000,0.000000,0,0,0,0,0,0,0,0,0,0,0,1084,0,160.0,162.92342834054995,93.47443794831634,256.672624964267,157.0
1785382830,0,total,S1,6.800000,0.000000,0,0,0,0,0,0,0,0,0,0,0,1084,0,2100.0,1969.108273461633,1650.9293040144257,2198.879470000975,256.0
1785382830,0,,Aggregated,13.600000,0.000000,0,0,0,0,0,0,0,0,0,0,0,2168,0,260.0,1066.0158509010914,93.47443794831634,2198.879470000975,206.5
1785382831,0,TTFT,S1,6.800000,0.000000,0,0,0,0,0,0,0,0,0,0,0,1084,0,160.0,162.92342834054995,93.47443794831634,256.672624964267,157.0
1785382831,0,total,S1,6.800000,0.000000,0,0,0,0,0,0,0,0,0,0,0,1084,0,2100.0,1969.108273461633,1650.9293040144257,2198.879470000975,256.0
1785382831,0,,Aggregated,13.600000,0.000000,0,0,0,0,0,0,0,0,0,0,0,2168,0,260.0,1066.0158509010914,93.47443794831634,2198.879470000975,206.5
1785382832,0,TTFT,S1,6.800000,0.000000,0,0,0,0,0,0,0,0,0,0,0,1084,0,160.0,162.92342834054995,93.47443794831634,256.672624964267,157.0
1785382832,0,total,S1,6.800000,0.000000,0,0,0,0,0,0,0,0,0,0,0,1084,0,2100.0,1969.108273461633,1650.9293040144257,2198.879470000975,256.0
1785382832,0,,Aggregated,13.600000,0.000000,0,0,0,0,0,0,0,0,0,0,0,2168,0,260.0,1066.0158509010914,93.47443794831634,2198.879470000975,206.5
1785382833,0,TTFT,S1,6.800000,0.000000,0,0,0,0,0,0,0,0,0,0,0,1084,0,160.0,162.92342834054995,93.47443794831634,256.672624964267,157.0
1785382833,0,total,S1,6.800000,0.000000,0,0,0,0,0,0,0,0,0,0,0,1084,0,2100.0,1969.108273461633,1650.9293040144257,2198.879470000975,256.0
1785382833,0,,Aggregated,13.600000,0.000000,0,0,0,0,0,0,0,0,0,0,0,2168,0,260.0,1066.0158509010914,93.47443794831634,2198.879470000975,206.5
1785382834,0,TTFT,S1,6.800000,0.000000,0,0,0,0,0,0,0,0,0,0,0,1084,0,160.0,162.92342834054995,93.47443794831634,256.672624964267,157.0
1785382834,0,total,S1,6.800000,0.000000,0,0,0,0,0,0,0,0,0,0,0,1084,0,2100.0,1969.108273461633,1650.9293040144257,2198.879470000975,256.0
1785382834,0,,Aggregated,13.600000,0.000000,0,0,0,0,0,0,0,0,0,0,0,2168,0,260.0,1066.0158509010914,93.47443794831634,2198.879470000975,206.5
1785382835,0,TTFT,S1,6.800000,0.000000,0,0,0,0,0,0,0,0,0,0,0,1084,0,160.0,162.92342834054995,93.47443794831634,256.672624964267,157.0
1785382835,0,total,S1,6.800000,0.000000,0,0,0,0,0,0,0,0,0,0,0,1084,0,2100.0,1969.108273461633,1650.9293040144257,2198.879470000975,256.0
1785382835,0,,Aggregated,13.600000,0.000000,0,0,0,0,0,0,0,0,0,0,0,2168,0,260.0,1066.0158509010914,93.47443794831634,2198.879470000975,206.5
1785382836,0,TTFT,S1,6.800000,0.000000,0,0,0,0,0,0,0,0,0,0,0,1084,0,160.0,162.92342834054995,93.47443794831634,256.672624964267,157.0
1785382836,0,total,S1,6.800000,0.000000,0,0,0,0,0,0,0,0,0,0,0,1084,0,2100.0,1969.108273461633,1650.9293040144257,2198.879470000975,256.0
1785382836,0,,Aggregated,13.600000,0.000000,0,0,0,0,0,0,0,0,0,0,0,2168,0,260.0,1066.0158509010914,93.47443794831634,2198.879470000975,206.5
1785382837,0,TTFT,S1,6.800000,0.000000,0,0,0,0,0,0,0,0,0,0,0,1084,0,160.0,162.92342834054995,93.47443794831634,256.672624964267,157.0
1785382837,0,total,S1,6.800000,0.000000,0,0,0,0,0,0,0,0,0,0,0,1084,0,2100.0,1969.108273461633,1650.9293040144257,2198.879470000975,256.0
1785382837,0,,Aggregated,13.600000,0.000000,0,0,0,0,0,0,0,0,0,0,0,2168,0,260.0,1066.0158509010914,93.47443794831634,2198.879470000975,206.5
1785382838,0,TTFT,S1,6.800000,0.000000,0,0,0,0,0,0,0,0,0,0,0,1084,0,160.0,162.92342834054995,93.47443794831634,256.672624964267,157.0
1785382838,0,total,S1,6.800000,0.000000,0,0,0,0,0,0,0,0,0,0,0,1084,0,2100.0,1969.108273461633,1650.9293040144257,2198.879470000975,256.0
1785382838,0,,Aggregated,13.600000,0.000000,0,0,0,0,0,0,0,0,0,0,0,2168,0,260.0,1066.0158509010914,93.47443794831634,2198.879470000975,206.5
1785382839,0,TTFT,S1,6.800000,0.000000,0,0,0,0,0,0,0,0,0,0,0,1084,0,160.0,162.92342834054995,93.47443794831634,256.672624964267,157.0
1785382839,0,total,S1,6.800000,0.000000,0,0,0,0,0,0,0,0,0,0,0,1084,0,2100.0,1969.108273461633,1650.9293040144257,2198.879470000975,256.0
1785382839,0,,Aggregated,13.600000,0.000000,0,0,0,0,0,0,0,0,0,0,0,2168,0,260.0,1066.0158509010914,93.47443794831634,2198.879470000975,206.5
1785382840,0,TTFT,S1,6.800000,0.000000,0,0,0,0,0,0,0,0,0,0,0,1084,0,160.0,162.92342834054995,93.47443794831634,256.672624964267,157.0
1785382840,0,total,S1,6.800000,0.000000,0,0,0,0,0,0,0,0,0,0,0,1084,0,2100.0,1969.108273461633,1650.9293040144257,2198.879470000975,256.0
1785382840,0,,Aggregated,13.600000,0.000000,0,0,0,0,0,0,0,0,0,0,0,2168,0,260.0,1066.0158509010914,93.47443794831634,2198.879470000975,206.5
1785382841,0,TTFT,S1,6.800000,0.000000,0,0,0,0,0,0,0,0,0,0,0,1084,0,160.0,162.92342834054995,93.47443794831634,256.672624964267,157.0
1785382841,0,total,S1,6.800000,0.000000,0,0,0,0,0,0,0,0,0,0,0,1084,0,2100.0,1969.108273461633,1650.9293040144257,2198.879470000975,256.0
1785382841,0,,Aggregated,13.600000,0.000000,0,0,0,0,0,0,0,0,0,0,0,2168,0,260.0,1066.0158509010914,93.47443794831634,2198.879470000975,206.5
1785382842,0,TTFT,S1,6.800000,0.000000,0,0,0,0,0,0,0,0,0,0,0,1084,0,160.0,162.92342834054995,93.47443794831634,256.672624964267,157.0
1785382842,0,total,S1,6.800000,0.000000,0,0,0,0,0,0,0,0,0,0,0,1084,0,2100.0,1969.108273461633,1650.9293040144257,2198.879470000975,256.0
1785382842,0,,Aggregated,13.600000,0.000000,0,0,0,0,0,0,0,0,0,0,0,2168,0,260.0,1066.0158509010914,93.47443794831634,2198.879470000975,206.5
1785382843,0,TTFT,S1,6.800000,0.000000,0,0,0,0,0,0,0,0,0,0,0,1084,0,160.0,162.92342834054995,93.47443794831634,256.672624964267,157.0
1785382843,0,total,S1,6.800000,0.000000,0,0,0,0,0,0,0,0,0,0,0,1084,0,2100.0,1969.108273461633,1650.9293040144257,2198.879470000975,256.0
1785382843,0,,Aggregated,13.600000,0.000000,0,0,0,0,0,0,0,0,0,0,0,2168,0,260.0,1066.0158509010914,93.47443794831634,2198.879470000975,206.5
1785382844,0,TTFT,S1,6.800000,0.000000,0,0,0,0,0,0,0,0,0,0,0,1084,0,160.0,162.92342834054995,93.47443794831634,256.672624964267,157.0
1785382844,0,total,S1,6.800000,0.000000,0,0,0,0,0,0,0,0,0,0,0,1084,0,2100.0,1969.108273461633,1650.9293040144257,2198.879470000975,256.0
1785382844,0,,Aggregated,13.600000,0.000000,0,0,0,0,0,0,0,0,0,0,0,2168,0,260.0,1066.0158509010914,93.47443794831634,2198.879470000975,206.5
1785382845,0,TTFT,S1,6.800000,0.000000,0,0,0,0,0,0,0,0,0,0,0,1084,0,160.0,162.92342834054995,93.47443794831634,256.672624964267,157.0
1785382845,0,total,S1,6.800000,0.000000,0,0,0,0,0,0,0,0,0,0,0,1084,0,2100.0,1969.108273461633,1650.9293040144257,2198.879470000975,256.0
1785382845,0,,Aggregated,13.600000,0.000000,0,0,0,0,0,0,0,0,0,0,0,2168,0,260.0,1066.0158509010914,93.47443794831634,2198.879470000975,206.5
1785382846,0,TTFT,S1,6.800000,0.000000,0,0,0,0,0,0,0,0,0,0,0,1084,0,160.0,162.92342834054995,93.47443794831634,256.672624964267,157.0
1785382846,0,total,S1,6.800000,0.000000,0,0,0,0,0,0,0,0,0,0,0,1084,0,2100.0,1969.108273461633,1650.9293040144257,2198.879470000975,256.0
1785382846,0,,Aggregated,13.600000,0.000000,0,0,0,0,0,0,0,0,0,0,0,2168,0,260.0,1066.0158509010914,93.47443794831634,2198.879470000975,206.5
1785382847,0,TTFT,S1,6.800000,0.000000,0,0,0,0,0,0,0,0,0,0,0,1084,0,160.0,162.92342834054995,93.47443794831634,256.672624964267,157.0
1785382847,0,total,S1,6.800000,0.000000,0,0,0,0,0,0,0,0,0,0,0,1084,0,2100.0,1969.108273461633,1650.9293040144257,2198.879470000975,256.0
1785382847,0,,Aggregated,13.600000,0.000000,0,0,0,0,0,0,0,0,0,0,0,2168,0,260.0,1066.0158509010914,93.47443794831634,2198.879470000975,206.5
1785382848,0,TTFT,S1,6.800000,0.000000,0,0,0,0,0,0,0,0,0,0,0,1084,0,160.0,162.92342834054995,93.47443794831634,256.672624964267,157.0
1785382848,0,total,S1,6.800000,0.000000,0,0,0,0,0,0,0,0,0,0,0,1084,0,2100.0,1969.108273461633,1650.9293040144257,2198.879470000975,256.0
1785382848,0,,Aggregated,13.600000,0.000000,0,0,0,0,0,0,0,0,0,0,0,2168,0,260.0,1066.0158509010914,93.47443794831634,2198.879470000975,206.5
1785382849,0,TTFT,S1,6.800000,0.000000,0,0,0,0,0,0,0,0,0,0,0,1084,0,160.0,162.92342834054995,93.47443794831634,256.672624964267,157.0
1785382849,0,total,S1,6.800000,0.000000,0,0,0,0,0,0,0,0,0,0,0,1084,0,2100.0,1969.108273461633,1650.9293040144257,2198.879470000975,256.0
1785382849,0,,Aggregated,13.600000,0.000000,0,0,0,0,0,0,0,0,0,0,0,2168,0,260.0,1066.0158509010914,93.47443794831634,2198.879470000975,206.5
1785382850,0,TTFT,S1,6.800000,0.000000,0,0,0,0,0,0,0,0,0,0,0,1084,0,160.0,162.92342834054995,93.47443794831634,256.672624964267,157.0
1785382850,0,total,S1,6.800000,0.000000,0,0,0,0,0,0,0,0,0,0,0,1084,0,2100.0,1969.108273461633,1650.9293040144257,2198.879470000975,256.0
1785382850,0,,Aggregated,13.600000,0.000000,0,0,0,0,0,0,0,0,0,0,0,2168,0,260.0,1066.0158509010914,93.47443794831634,2198.879470000975,206.5
1785382851,0,TTFT,S1,6.800000,0.000000,0,0,0,0,0,0,0,0,0,0,0,1084,0,160.0,162.92342834054995,93.47443794831634,256.672624964267,157.0
1785382851,0,total,S1,6.800000,0.000000,0,0,0,0,0,0,0,0,0,0,0,1084,0,2100.0,1969.108273461633,1650.9293040144257,2198.879470000975,256.0
1785382851,0,,Aggregated,13.600000,0.000000,0,0,0,0,0,0,0,0,0,0,0,2168,0,260.0,1066.0158509010914,93.47443794831634,2198.879470000975,206.5
1785382852,0,TTFT,S1,6.800000,0.000000,0,0,0,0,0,0,0,0,0,0,0,1084,0,160.0,162.92342834054995,93.47443794831634,256.672624964267,157.0
1785382852,0,total,S1,6.800000,0.000000,0,0,0,0,0,0,0,0,0,0,0,1084,0,2100.0,1969.108273461633,1650.9293040144257,2198.879470000975,256.0
1785382852,0,,Aggregated,13.600000,0.000000,0,0,0,0,0,0,0,0,0,0,0,2168,0,260.0,1066.0158509010914,93.47443794831634,2198.879470000975,206.5
1785382853,0,TTFT,S1,6.800000,0.000000,0,0,0,0,0,0,0,0,0,0,0,1084,0,160.0,162.92342834054995,93.47443794831634,256.672624964267,157.0
1785382853,0,total,S1,6.800000,0.000000,0,0,0,0,0,0,0,0,0,0,0,1084,0,2100.0,1969.108273461633,1650.9293040144257,2198.879470000975,256.0
1785382853,0,,Aggregated,13.600000,0.000000,0,0,0,0,0,0,0,0,0,0,0,2168,0,260.0,1066.0158509010914,93.47443794831634,2198.879470000975,206.5
1785382854,0,TTFT,S1,6.800000,0.000000,0,0,0,0,0,0,0,0,0,0,0,1084,0,160.0,162.92342834054995,93.47443794831634,256.672624964267,157.0
1785382854,0,total,S1,6.800000,0.000000,0,0,0,0,0,0,0,0,0,0,0,1084,0,2100.0,1969.108273461633,1650.9293040144257,2198.879470000975,256.0
1785382854,0,,Aggregated,13.600000,0.000000,0,0,0,0,0,0,0,0,0,0,0,2168,0,260.0,1066.0158509010914,93.47443794831634,2198.879470000975,206.5
1785382855,0,TTFT,S1,6.800000,0.000000,0,0,0,0,0,0,0,0,0,0,0,1084,0,160.0,162.92342834054995,93.47443794831634,256.672624964267,157.0
1785382855,0,total,S1,6.800000,0.000000,0,0,0,0,0,0,0,0,0,0,0,1084,0,2100.0,1969.108273461633,1650.9293040144257,2198.879470000975,256.0
1785382855,0,,Aggregated,13.600000,0.000000,0,0,0,0,0,0,0,0,0,0,0,2168,0,260.0,1066.0158509010914,93.47443794831634,2198.879470000975,206.5
1785382856,0,TTFT,S1,6.800000,0.000000,0,0,0,0,0,0,0,0,0,0,0,1084,0,160.0,162.92342834054995,93.47443794831634,256.672624964267,157.0
1785382856,0,total,S1,6.800000,0.000000,0,0,0,0,0,0,0,0,0,0,0,1084,0,2100.0,1969.108273461633,1650.9293040144257,2198.879470000975,256.0
1785382856,0,,Aggregated,13.600000,0.000000,0,0,0,0,0,0,0,0,0,0,0,2168,0,260.0,1066.0158509010914,93.47443794831634,2198.879470000975,206.5
1785382857,0,TTFT,S1,6.800000,0.000000,0,0,0,0,0,0,0,0,0,0,0,1084,0,160.0,162.92342834054995,93.47443794831634,256.672624964267,157.0
1785382857,0,total,S1,6.800000,0.000000,0,0,0,0,0,0,0,0,0,0,0,1084,0,2100.0,1969.108273461633,1650.9293040144257,2198.879470000975,256.0
1785382857,0,,Aggregated,13.600000,0.000000,0,0,0,0,0,0,0,0,0,0,0,2168,0,260.0,1066.0158509010914,93.47443794831634,2198.879470000975,206.5
1785382858,0,TTFT,S1,6.800000,0.000000,0,0,0,0,0,0,0,0,0,0,0,1084,0,160.0,162.92342834054995,93.47443794831634,256.672624964267,157.0
1785382858,0,total,S1,6.800000,0.000000,0,0,0,0,0,0,0,0,0,0,0,1084,0,2100.0,1969.108273461633,1650.9293040144257,2198.879470000975,256.0
1785382858,0,,Aggregated,13.600000,0.000000,0,0,0,0,0,0,0,0,0,0,0,2168,0,260.0,1066.0158509010914,93.47443794831634,2198.879470000975,206.5
1785382859,0,TTFT,S1,6.800000,0.000000,0,0,0,0,0,0,0,0,0,0,0,1084,0,160.0,162.92342834054995,93.47443794831634,256.672624964267,157.0
1785382859,0,total,S1,6.800000,0.000000,0,0,0,0,0,0,0,0,0,0,0,1084,0,2100.0,1969.108273461633,1650.9293040144257,2198.879470000975,256.0
1785382859,0,,Aggregated,13.600000,0.000000,0,0,0,0,0,0,0,0,0,0,0,2168,0,260.0,1066.0158509010914,93.47443794831634,2198.879470000975,206.5
1785382860,0,TTFT,S1,6.800000,0.000000,0,0,0,0,0,0,0,0,0,0,0,1084,0,160.0,162.92342834054995,93.47443794831634,256.672624964267,157.0
1785382860,0,total,S1,6.800000,0.000000,0,0,0,0,0,0,0,0,0,0,0,1084,0,2100.0,1969.108273461633,1650.9293040144257,2198.879470000975,256.0
1785382860,0,,Aggregated,13.600000,0.000000,0,0,0,0,0,0,0,0,0,0,0,2168,0,260.0,1066.0158509010914,93.47443794831634,2198.879470000975,206.5
1785382861,0,TTFT,S1,6.800000,0.000000,0,0,0,0,0,0,0,0,0,0,0,1084,0,160.0,162.92342834054995,93.47443794831634,256.672624964267,157.0
1785382861,0,total,S1,6.800000,0.000000,0,0,0,0,0,0,0,0,0,0,0,1084,0,2100.0,1969.108273461633,1650.9293040144257,2198.879470000975,256.0
1785382861,0,,Aggregated,13.600000,0.000000,0,0,0,0,0,0,0,0,0,0,0,2168,0,260.0,1066.0158509010914,93.47443794831634,2198.879470000975,206.5
1785382862,0,TTFT,S1,6.800000,0.000000,0,0,0,0,0,0,0,0,0,0,0,1084,0,160.0,162.92342834054995,93.47443794831634,256.672624964267,157.0
1785382862,0,total,S1,6.800000,0.000000,0,0,0,0,0,0,0,0,0,0,0,1084,0,2100.0,1969.108273461633,1650.9293040144257,2198.879470000975,256.0
1785382862,0,,Aggregated,13.600000,0.000000,0,0,0,0,0,0,0,0,0,0,0,2168,0,260.0,1066.0158509010914,93.47443794831634,2198.879470000975,206.5
1785382863,0,TTFT,S1,6.800000,0.000000,0,0,0,0,0,0,0,0,0,0,0,1084,0,160.0,162.92342834054995,93.47443794831634,256.672624964267,157.0
1785382863,0,total,S1,6.800000,0.000000,0,0,0,0,0,0,0,0,0,0,0,1084,0,2100.0,1969.108273461633,1650.9293040144257,2198.879470000975,256.0
1785382863,0,,Aggregated,13.600000,0.000000,0,0,0,0,0,0,0,0,0,0,0,2168,0,260.0,1066.0158509010914,93.47443794831634,2198.879470000975,206.5
1785382864,0,TTFT,S1,6.800000,0.000000,0,0,0,0,0,0,0,0,0,0,0,1084,0,160.0,162.92342834054995,93.47443794831634,256.672624964267,157.0
1785382864,0,total,S1,6.800000,0.000000,0,0,0,0,0,0,0,0,0,0,0,1084,0,2100.0,1969.108273461633,1650.9293040144257,2198.879470000975,256.0
1785382864,0,,Aggregated,13.600000,0.000000,0,0,0,0,0,0,0,0,0,0,0,2168,0,260.0,1066.0158509010914,93.47443794831634,2198.879470000975,206.5
1785382865,0,TTFT,S1,6.800000,0.000000,0,0,0,0,0,0,0,0,0,0,0,1084,0,160.0,162.92342834054995,93.47443794831634,256.672624964267,157.0
1785382865,0,total,S1,6.800000,0.000000,0,0,0,0,0,0,0,0,0,0,0,1084,0,2100.0,1969.108273461633,1650.9293040144257,2198.879470000975,256.0
1785382865,0,,Aggregated,13.600000,0.000000,0,0,0,0,0,0,0,0,0,0,0,2168,0,260.0,1066.0158509010914,93.47443794831634,2198.879470000975,206.5
1785382866,0,TTFT,S1,6.800000,0.000000,0,0,0,0,0,0,0,0,0,0,0,1084,0,160.0,162.92342834054995,93.47443794831634,256.672624964267,157.0
1785382866,0,total,S1,6.800000,0.000000,0,0,0,0,0,0,0,0,0,0,0,1084,0,2100.0,1969.108273461633,1650.9293040144257,2198.879470000975,256.0
1785382866,0,,Aggregated,13.600000,0.000000,0,0,0,0,0,0,0,0,0,0,0,2168,0,260.0,1066.0158509010914,93.47443794831634,2198.879470000975,206.5
1785382867,0,TTFT,S1,6.800000,0.000000,0,0,0,0,0,0,0,0,0,0,0,1084,0,160.0,162.92342834054995,93.47443794831634,256.672624964267,157.0
1785382867,0,total,S1,6.800000,0.000000,0,0,0,0,0,0,0,0,0,0,0,1084,0,2100.0,1969.108273461633,1650.9293040144257,2198.879470000975,256.0
1785382867,0,,Aggregated,13.600000,0.000000,0,0,0,0,0,0,0,0,0,0,0,2168,0,260.0,1066.0158509010914,93.47443794831634,2198.879470000975,206.5
1785382868,0,TTFT,S1,6.800000,0.000000,0,0,0,0,0,0,0,0,0,0,0,1084,0,160.0,162.92342834054995,93.47443794831634,256.672624964267,157.0
1785382868,0,total,S1,6.800000,0.000000,0,0,0,0,0,0,0,0,0,0,0,1084,0,2100.0,1969.108273461633,1650.9293040144257,2198.879470000975,256.0
1785382868,0,,Aggregated,13.600000,0.000000,0,0,0,0,0,0,0,0,0,0,0,2168,0,260.0,1066.0158509010914,93.47443794831634,2198.879470000975,206.5
1785382869,0,TTFT,S1,6.800000,0.000000,0,0,0,0,0,0,0,0,0,0,0,1084,0,160.0,162.92342834054995,93.47443794831634,256.672624964267,157.0
1785382869,0,total,S1,6.800000,0.000000,0,0,0,0,0,0,0,0,0,0,0,1084,0,2100.0,1969.108273461633,1650.9293040144257,2198.879470000975,256.0
1785382869,0,,Aggregated,13.600000,0.000000,0,0,0,0,0,0,0,0,0,0,0,2168,0,260.0,1066.0158509010914,93.47443794831634,2198.879470000975,206.5
1785382870,0,TTFT,S1,6.800000,0.000000,0,0,0,0,0,0,0,0,0,0,0,1084,0,160.0,162.92342834054995,93.47443794831634,256.672624964267,157.0
1785382870,0,total,S1,6.800000,0.000000,0,0,0,0,0,0,0,0,0,0,0,1084,0,2100.0,1969.108273461633,1650.9293040144257,2198.879470000975,256.0
1785382870,0,,Aggregated,13.600000,0.000000,0,0,0,0,0,0,0,0,0,0,0,2168,0,260.0,1066.0158509010914,93.47443794831634,2198.879470000975,206.5
1785382871,0,TTFT,S1,6.800000,0.000000,0,0,0,0,0,0,0,0,0,0,0,1084,0,160.0,162.92342834054995,93.47443794831634,256.672624964267,157.0
1785382871,0,total,S1,6.800000,0.000000,0,0,0,0,0,0,0,0,0,0,0,1084,0,2100.0,1969.108273461633,1650.9293040144257,2198.879470000975,256.0
1785382871,0,,Aggregated,13.600000,0.000000,0,0,0,0,0,0,0,0,0,0,0,2168,0,260.0,1066.0158509010914,93.47443794831634,2198.879470000975,206.5
1785382872,0,TTFT,S1,6.800000,0.000000,0,0,0,0,0,0,0,0,0,0,0,1084,0,160.0,162.92342834054995,93.47443794831634,256.672624964267,157.0
1785382872,0,total,S1,6.800000,0.000000,0,0,0,0,0,0,0,0,0,0,0,1084,0,2100.0,1969.108273461633,1650.9293040144257,2198.879470000975,256.0
1785382872,0,,Aggregated,13.600000,0.000000,0,0,0,0,0,0,0,0,0,0,0,2168,0,260.0,1066.0158509010914,93.47443794831634,2198.879470000975,206.5
1785382873,0,TTFT,S1,6.800000,0.000000,0,0,0,0,0,0,0,0,0,0,0,1084,0,160.0,162.92342834054995,93.47443794831634,256.672624964267,157.0
1785382873,0,total,S1,6.800000,0.000000,0,0,0,0,0,0,0,0,0,0,0,1084,0,2100.0,1969.108273461633,1650.9293040144257,2198.879470000975,256.0
1785382873,0,,Aggregated,13.600000,0.000000,0,0,0,0,0,0,0,0,0,0,0,2168,0,260.0,1066.0158509010914,93.47443794831634,2198.879470000975,206.5
1785382874,0,TTFT,S1,6.800000,0.000000,0,0,0,0,0,0,0,0,0,0,0,1084,0,160.0,162.92342834054995,93.47443794831634,256.672624964267,157.0
1785382874,0,total,S1,6.800000,0.000000,0,0,0,0,0,0,0,0,0,0,0,1084,0,2100.0,1969.108273461633,1650.9293040144257,2198.879470000975,256.0
1785382874,0,,Aggregated,13.600000,0.000000,0,0,0,0,0,0,0,0,0,0,0,2168,0,260.0,1066.0158509010914,93.47443794831634,2198.879470000975,206.5
1785382875,0,TTFT,S1,6.800000,0.000000,0,0,0,0,0,0,0,0,0,0,0,1084,0,160.0,162.92342834054995,93.47443794831634,256.672624964267,157.0
1785382875,0,total,S1,6.800000,0.000000,0,0,0,0,0,0,0,0,0,0,0,1084,0,2100.0,1969.108273461633,1650.9293040144257,2198.879470000975,256.0
1785382875,0,,Aggregated,13.600000,0.000000,0,0,0,0,0,0,0,0,0,0,0,2168,0,260.0,1066.0158509010914,93.47443794831634,2198.879470000975,206.5
1785382876,0,TTFT,S1,6.800000,0.000000,0,0,0,0,0,0,0,0,0,0,0,1084,0,160.0,162.92342834054995,93.47443794831634,256.672624964267,157.0
1785382876,0,total,S1,6.800000,0.000000,0,0,0,0,0,0,0,0,0,0,0,1084,0,2100.0,1969.108273461633,1650.9293040144257,2198.879470000975,256.0
1785382876,0,,Aggregated,13.600000,0.000000,0,0,0,0,0,0,0,0,0,0,0,2168,0,260.0,1066.0158509010914,93.47443794831634,2198.879470000975,206.5
1785382877,0,TTFT,S1,6.800000,0.000000,0,0,0,0,0,0,0,0,0,0,0,1084,0,160.0,162.92342834054995,93.47443794831634,256.672624964267,157.0
1785382877,0,total,S1,6.800000,0.000000,0,0,0,0,0,0,0,0,0,0,0,1084,0,2100.0,1969.108273461633,1650.9293040144257,2198.879470000975,256.0
1785382877,0,,Aggregated,13.600000,0.000000,0,0,0,0,0,0,0,0,0,0,0,2168,0,260.0,1066.0158509010914,93.47443794831634,2198.879470000975,206.5
1785382878,0,TTFT,S1,6.800000,0.000000,0,0,0,0,0,0,0,0,0,0,0,1084,0,160.0,162.92342834054995,93.47443794831634,256.672624964267,157.0
1785382878,0,total,S1,6.800000,0.000000,0,0,0,0,0,0,0,0,0,0,0,1084,0,2100.0,1969.108273461633,1650.9293040144257,2198.879470000975,256.0
1785382878,0,,Aggregated,13.600000,0.000000,0,0,0,0,0,0,0,0,0,0,0,2168,0,260.0,1066.0158509010914,93.47443794831634,2198.879470000975,206.5
1785382879,0,TTFT,S1,6.800000,0.000000,0,0,0,0,0,0,0,0,0,0,0,1084,0,160.0,162.92342834054995,93.47443794831634,256.672624964267,157.0
1785382879,0,total,S1,6.800000,0.000000,0,0,0,0,0,0,0,0,0,0,0,1084,0,2100.0,1969.108273461633,1650.9293040144257,2198.879470000975,256.0
1785382879,0,,Aggregated,13.600000,0.000000,0,0,0,0,0,0,0,0,0,0,0,2168,0,260.0,1066.0158509010914,93.47443794831634,2198.879470000975,206.5
1785382880,0,TTFT,S1,6.800000,0.000000,0,0,0,0,0,0,0,0,0,0,0,1084,0,160.0,162.92342834054995,93.47443794831634,256.672624964267,157.0
1785382880,0,total,S1,6.800000,0.000000,0,0,0,0,0,0,0,0,0,0,0,1084,0,2100.0,1969.108273461633,1650.9293040144257,2198.879470000975,256.0
1785382880,0,,Aggregated,13.600000,0.000000,0,0,0,0,0,0,0,0,0,0,0,2168,0,260.0,1066.0158509010914,93.47443794831634,2198.879470000975,206.5
1785382881,0,TTFT,S1,6.800000,0.000000,0,0,0,0,0,0,0,0,0,0,0,1084,0,160.0,162.92342834054995,93.47443794831634,256.672624964267,157.0
1785382881,0,total,S1,6.800000,0.000000,0,0,0,0,0,0,0,0,0,0,0,1084,0,2100.0,1969.108273461633,1650.9293040144257,2198.879470000975,256.0
1785382881,0,,Aggregated,13.600000,0.000000,0,0,0,0,0,0,0,0,0,0,0,2168,0,260.0,1066.0158509010914,93.47443794831634,2198.879470000975,206.5
1785382882,0,TTFT,S1,6.800000,0.000000,0,0,0,0,0,0,0,0,0,0,0,1084,0,160.0,162.92342834054995,93.47443794831634,256.672624964267,157.0
1785382882,0,total,S1,6.800000,0.000000,0,0,0,0,0,0,0,0,0,0,0,1084,0,2100.0,1969.108273461633,1650.9293040144257,2198.879470000975,256.0
1785382882,0,,Aggregated,13.600000,0.000000,0,0,0,0,0,0,0,0,0,0,0,2168,0,260.0,1066.0158509010914,93.47443794831634,2198.879470000975,206.5
1785382883,0,TTFT,S1,6.800000,0.000000,0,0,0,0,0,0,0,0,0,0,0,1084,0,160.0,162.92342834054995,93.47443794831634,256.672624964267,157.0
1785382883,0,total,S1,6.800000,0.000000,0,0,0,0,0,0,0,0,0,0,0,1084,0,2100.0,1969.108273461633,1650.9293040144257,2198.879470000975,256.0
1785382883,0,,Aggregated,13.600000,0.000000,0,0,0,0,0,0,0,0,0,0,0,2168,0,260.0,1066.0158509010914,93.47443794831634,2198.879470000975,206.5
1785382884,0,TTFT,S1,6.800000,0.000000,0,0,0,0,0,0,0,0,0,0,0,1084,0,160.0,162.92342834054995,93.47443794831634,256.672624964267,157.0
1785382884,0,total,S1,6.800000,0.000000,0,0,0,0,0,0,0,0,0,0,0,1084,0,2100.0,1969.108273461633,1650.9293040144257,2198.879470000975,256.0
1785382884,0,,Aggregated,13.600000,0.000000,0,0,0,0,0,0,0,0,0,0,0,2168,0,260.0,1066.0158509010914,93.47443794831634,2198.879470000975,206.5
1785382885,0,TTFT,S1,6.800000,0.000000,0,0,0,0,0,0,0,0,0,0,0,1084,0,160.0,162.92342834054995,93.47443794831634,256.672624964267,157.0
1785382885,0,total,S1,6.800000,0.000000,0,0,0,0,0,0,0,0,0,0,0,1084,0,2100.0,1969.108273461633,1650.9293040144257,2198.879470000975,256.0
1785382885,0,,Aggregated,13.600000,0.000000,0,0,0,0,0,0,0,0,0,0,0,2168,0,260.0,1066.0158509010914,93.47443794831634,2198.879470000975,206.5
1785382886,0,TTFT,S1,6.800000,0.000000,0,0,0,0,0,0,0,0,0,0,0,1084,0,160.0,162.92342834054995,93.47443794831634,256.672624964267,157.0
1785382886,0,total,S1,6.800000,0.000000,0,0,0,0,0,0,0,0,0,0,0,1084,0,2100.0,1969.108273461633,1650.9293040144257,2198.879470000975,256.0
1785382886,0,,Aggregated,13.600000,0.000000,0,0,0,0,0,0,0,0,0,0,0,2168,0,260.0,1066.0158509010914,93.47443794831634,2198.879470000975,206.5
1785382887,0,TTFT,S1,6.800000,0.000000,0,0,0,0,0,0,0,0,0,0,0,1084,0,160.0,162.92342834054995,93.47443794831634,256.672624964267,157.0
1785382887,0,total,S1,6.800000,0.000000,0,0,0,0,0,0,0,0,0,0,0,1084,0,2100.0,1969.108273461633,1650.9293040144257,2198.879470000975,256.0
1785382887,0,,Aggregated,13.600000,0.000000,0,0,0,0,0,0,0,0,0,0,0,2168,0,260.0,1066.0158509010914,93.47443794831634,2198.879470000975,206.5
1785382888,0,TTFT,S1,6.800000,0.000000,0,0,0,0,0,0,0,0,0,0,0,1084,0,160.0,162.92342834054995,93.47443794831634,256.672624964267,157.0
1785382888,0,total,S1,6.800000,0.000000,0,0,0,0,0,0,0,0,0,0,0,1084,0,2100.0,1969.108273461633,1650.9293040144257,2198.879470000975,256.0
1785382888,0,,Aggregated,13.600000,0.000000,0,0,0,0,0,0,0,0,0,0,0,2168,0,260.0,1066.0158509010914,93.47443794831634,2198.879470000975,206.5
1785382889,0,TTFT,S1,6.800000,0.000000,0,0,0,0,0,0,0,0,0,0,0,1084,0,160.0,162.92342834054995,93.47443794831634,256.672624964267,157.0
1785382889,0,total,S1,6.800000,0.000000,0,0,0,0,0,0,0,0,0,0,0,1084,0,2100.0,1969.108273461633,1650.9293040144257,2198.879470000975,256.0
1785382889,0,,Aggregated,13.600000,0.000000,0,0,0,0,0,0,0,0,0,0,0,2168,0,260.0,1066.0158509010914,93.47443794831634,2198.879470000975,206.5
1785382890,0,TTFT,S1,6.800000,0.000000,0,0,0,0,0,0,0,0,0,0,0,1084,0,160.0,162.92342834054995,93.47443794831634,256.672624964267,157.0
1785382890,0,total,S1,6.800000,0.000000,0,0,0,0,0,0,0,0,0,0,0,1084,0,2100.0,1969.108273461633,1650.9293040144257,2198.879470000975,256.0
1785382890,0,,Aggregated,13.600000,0.000000,0,0,0,0,0,0,0,0,0,0,0,2168,0,260.0,1066.0158509010914,93.47443794831634,2198.879470000975,206.5
1785382891,0,TTFT,S1,6.800000,0.000000,0,0,0,0,0,0,0,0,0,0,0,1084,0,160.0,162.92342834054995,93.47443794831634,256.672624964267,157.0
1785382891,0,total,S1,6.800000,0.000000,0,0,0,0,0,0,0,0,0,0,0,1084,0,2100.0,1969.108273461633,1650.9293040144257,2198.879470000975,256.0
1785382891,0,,Aggregated,13.600000,0.000000,0,0,0,0,0,0,0,0,0,0,0,2168,0,260.0,1066.0158509010914,93.47443794831634,2198.879470000975,206.5
1785382892,0,TTFT,S1,6.800000,0.000000,0,0,0,0,0,0,0,0,0,0,0,1084,0,160.0,162.92342834054995,93.47443794831634,256.672624964267,157.0
1785382892,0,total,S1,6.800000,0.000000,0,0,0,0,0,0,0,0,0,0,0,1084,0,2100.0,1969.108273461633,1650.9293040144257,2198.879470000975,256.0
1785382892,0,,Aggregated,13.600000,0.000000,0,0,0,0,0,0,0,0,0,0,0,2168,0,260.0,1066.0158509010914,93.47443794831634,2198.879470000975,206.5
1785382893,0,TTFT,S1,6.800000,0.000000,0,0,0,0,0,0,0,0,0,0,0,1084,0,160.0,162.92342834054995,93.47443794831634,256.672624964267,157.0
1785382893,0,total,S1,6.800000,0.000000,0,0,0,0,0,0,0,0,0,0,0,1084,0,2100.0,1969.108273461633,1650.9293040144257,2198.879470000975,256.0
1785382893,0,,Aggregated,13.600000,0.000000,0,0,0,0,0,0,0,0,0,0,0,2168,0,260.0,1066.0158509010914,93.47443794831634,2198.879470000975,206.5
1785382894,0,TTFT,S1,6.800000,0.000000,0,0,0,0,0,0,0,0,0,0,0,1084,0,160.0,162.92342834054995,93.47443794831634,256.672624964267,157.0
1785382894,0,total,S1,6.800000,0.000000,0,0,0,0,0,0,0,0,0,0,0,1084,0,2100.0,1969.108273461633,1650.9293040144257,2198.879470000975,256.0
1785382894,0,,Aggregated,13.600000,0.000000,0,0,0,0,0,0,0,0,0,0,0,2168,0,260.0,1066.0158509010914,93.47443794831634,2198.879470000975,206.5
1785382895,0,TTFT,S1,6.800000,0.000000,0,0,0,0,0,0,0,0,0,0,0,1084,0,160.0,162.92342834054995,93.47443794831634,256.672624964267,157.0
1785382895,0,total,S1,6.800000,0.000000,0,0,0,0,0,0,0,0,0,0,0,1084,0,2100.0,1969.108273461633,1650.9293040144257,2198.879470000975,256.0
1785382895,0,,Aggregated,13.600000,0.000000,0,0,0,0,0,0,0,0,0,0,0,2168,0,260.0,1066.0158509010914,93.47443794831634,2198.879470000975,206.5
1785382896,0,TTFT,S1,6.800000,0.000000,0,0,0,0,0,0,0,0,0,0,0,1084,0,160.0,162.92342834054995,93.47443794831634,256.672624964267,157.0
1785382896,0,total,S1,6.800000,0.000000,0,0,0,0,0,0,0,0,0,0,0,1084,0,2100.0,1969.108273461633,1650.9293040144257,2198.879470000975,256.0
1785382896,0,,Aggregated,13.600000,0.000000,0,0,0,0,0,0,0,0,0,0,0,2168,0,260.0,1066.0158509010914,93.47443794831634,2198.879470000975,206.5
1785382897,0,TTFT,S1,6.800000,0.000000,0,0,0,0,0,0,0,0,0,0,0,1084,0,160.0,162.92342834054995,93.47443794831634,256.672624964267,157.0
1785382897,0,total,S1,6.800000,0.000000,0,0,0,0,0,0,0,0,0,0,0,1084,0,2100.0,1969.108273461633,1650.9293040144257,2198.879470000975,256.0
1785382897,0,,Aggregated,13.600000,0.000000,0,0,0,0,0,0,0,0,0,0,0,2168,0,260.0,1066.0158509010914,93.47443794831634,2198.879470000975,206.5
1785382898,0,TTFT,S1,6.800000,0.000000,0,0,0,0,0,0,0,0,0,0,0,1084,0,160.0,162.92342834054995,93.47443794831634,256.672624964267,157.0
1785382898,0,total,S1,6.800000,0.000000,0,0,0,0,0,0,0,0,0,0,0,1084,0,2100.0,1969.108273461633,1650.9293040144257,2198.879470000975,256.0
1785382898,0,,Aggregated,13.600000,0.000000,0,0,0,0,0,0,0,0,0,0,0,2168,0,260.0,1066.0158509010914,93.47443794831634,2198.879470000975,206.5
1785382899,0,TTFT,S1,6.800000,0.000000,0,0,0,0,0,0,0,0,0,0,0,1084,0,160.0,162.92342834054995,93.47443794831634,256.672624964267,157.0
1785382899,0,total,S1,6.800000,0.000000,0,0,0,0,0,0,0,0,0,0,0,1084,0,2100.0,1969.108273461633,1650.9293040144257,2198.879470000975,256.0
1785382899,0,,Aggregated,13.600000,0.000000,0,0,0,0,0,0,0,0,0,0,0,2168,0,260.0,1066.0158509010914,93.47443794831634,2198.879470000975,206.5
1785382900,0,TTFT,S1,6.800000,0.000000,0,0,0,0,0,0,0,0,0,0,0,1084,0,160.0,162.92342834054995,93.47443794831634,256.672624964267,157.0
1785382900,0,total,S1,6.800000,0.000000,0,0,0,0,0,0,0,0,0,0,0,1084,0,2100.0,1969.108273461633,1650.9293040144257,2198.879470000975,256.0
1785382900,0,,Aggregated,13.600000,0.000000,0,0,0,0,0,0,0,0,0,0,0,2168,0,260.0,1066.0158509010914,93.47443794831634,2198.879470000975,206.5
1785382901,0,TTFT,S1,6.800000,0.000000,0,0,0,0,0,0,0,0,0,0,0,1084,0,160.0,162.92342834054995,93.47443794831634,256.672624964267,157.0
1785382901,0,total,S1,6.800000,0.000000,0,0,0,0,0,0,0,0,0,0,0,1084,0,2100.0,1969.108273461633,1650.9293040144257,2198.879470000975,256.0
1785382901,0,,Aggregated,13.600000,0.000000,0,0,0,0,0,0,0,0,0,0,0,2168,0,260.0,1066.0158509010914,93.47443794831634,2198.879470000975,206.5
1785382902,0,TTFT,S1,6.800000,0.000000,0,0,0,0,0,0,0,0,0,0,0,1084,0,160.0,162.92342834054995,93.47443794831634,256.672624964267,157.0
1785382902,0,total,S1,6.800000,0.000000,0,0,0,0,0,0,0,0,0,0,0,1084,0,2100.0,1969.108273461633,1650.9293040144257,2198.879470000975,256.0
1785382902,0,,Aggregated,13.600000,0.000000,0,0,0,0,0,0,0,0,0,0,0,2168,0,260.0,1066.0158509010914,93.47443794831634,2198.879470000975,206.5
1785382903,0,TTFT,S1,6.800000,0.000000,0,0,0,0,0,0,0,0,0,0,0,1084,0,160.0,162.92342834054995,93.47443794831634,256.672624964267,157.0
1785382903,0,total,S1,6.800000,0.000000,0,0,0,0,0,0,0,0,0,0,0,1084,0,2100.0,1969.108273461633,1650.9293040144257,2198.879470000975,256.0
1785382903,0,,Aggregated,13.600000,0.000000,0,0,0,0,0,0,0,0,0,0,0,2168,0,260.0,1066.0158509010914,93.47443794831634,2198.879470000975,206.5
1785382904,0,TTFT,S1,6.800000,0.000000,0,0,0,0,0,0,0,0,0,0,0,1084,0,160.0,162.92342834054995,93.47443794831634,256.672624964267,157.0
1785382904,0,total,S1,6.800000,0.000000,0,0,0,0,0,0,0,0,0,0,0,1084,0,2100.0,1969.108273461633,1650.9293040144257,2198.879470000975,256.0
1785382904,0,,Aggregated,13.600000,0.000000,0,0,0,0,0,0,0,0,0,0,0,2168,0,260.0,1066.0158509010914,93.47443794831634,2198.879470000975,206.5
1785382905,0,TTFT,S1,6.800000,0.000000,0,0,0,0,0,0,0,0,0,0,0,1084,0,160.0,162.92342834054995,93.47443794831634,256.672624964267,157.0
1785382905,0,total,S1,6.800000,0.000000,0,0,0,0,0,0,0,0,0,0,0,1084,0,2100.0,1969.108273461633,1650.9293040144257,2198.879470000975,256.0
1785382905,0,,Aggregated,13.600000,0.000000,0,0,0,0,0,0,0,0,0,0,0,2168,0,260.0,1066.0158509010914,93.47443794831634,2198.879470000975,206.5
1785382906,0,TTFT,S1,6.800000,0.000000,0,0,0,0,0,0,0,0,0,0,0,1084,0,160.0,162.92342834054995,93.47443794831634,256.672624964267,157.0
1785382906,0,total,S1,6.800000,0.000000,0,0,0,0,0,0,0,0,0,0,0,1084,0,2100.0,1969.108273461633,1650.9293040144257,2198.879470000975,256.0
1785382906,0,,Aggregated,13.600000,0.000000,0,0,0,0,0,0,0,0,0,0,0,2168,0,260.0,1066.0158509010914,93.47443794831634,2198.879470000975,206.5
1785382907,0,TTFT,S1,6.800000,0.000000,0,0,0,0,0,0,0,0,0,0,0,1084,0,160.0,162.92342834054995,93.47443794831634,256.672624964267,157.0
1785382907,0,total,S1,6.800000,0.000000,0,0,0,0,0,0,0,0,0,0,0,1084,0,2100.0,1969.108273461633,1650.9293040144257,2198.879470000975,256.0
1785382907,0,,Aggregated,13.600000,0.000000,0,0,0,0,0,0,0,0,0,0,0,2168,0,260.0,1066.0158509010914,93.47443794831634,2198.879470000975,206.5
1785382908,0,TTFT,S1,6.800000,0.000000,0,0,0,0,0,0,0,0,0,0,0,1084,0,160.0,162.92342834054995,93.47443794831634,256.672624964267,157.0
1785382908,0,total,S1,6.800000,0.000000,0,0,0,0,0,0,0,0,0,0,0,1084,0,2100.0,1969.108273461633,1650.9293040144257,2198.879470000975,256.0
1785382908,0,,Aggregated,13.600000,0.000000,0,0,0,0,0,0,0,0,0,0,0,2168,0,260.0,1066.0158509010914,93.47443794831634,2198.879470000975,206.5
1785382909,0,TTFT,S1,6.800000,0.000000,0,0,0,0,0,0,0,0,0,0,0,1084,0,160.0,162.92342834054995,93.47443794831634,256.672624964267,157.0
1785382909,0,total,S1,6.800000,0.000000,0,0,0,0,0,0,0,0,0,0,0,1084,0,2100.0,1969.108273461633,1650.9293040144257,2198.879470000975,256.0
1785382909,0,,Aggregated,13.600000,0.000000,0,0,0,0,0,0,0,0,0,0,0,2168,0,260.0,1066.0158509010914,93.47443794831634,2198.879470000975,206.5
1785382910,0,TTFT,S1,6.800000,0.000000,0,0,0,0,0,0,0,0,0,0,0,1084,0,160.0,162.92342834054995,93.47443794831634,256.672624964267,157.0
1785382910,0,total,S1,6.800000,0.000000,0,0,0,0,0,0,0,0,0,0,0,1084,0,2100.0,1969.108273461633,1650.9293040144257,2198.879470000975,256.0
1785382910,0,,Aggregated,13.600000,0.000000,0,0,0,0,0,0,0,0,0,0,0,2168,0,260.0,1066.0158509010914,93.47443794831634,2198.879470000975,206.5
1785382911,0,TTFT,S1,6.800000,0.000000,0,0,0,0,0,0,0,0,0,0,0,1084,0,160.0,162.92342834054995,93.47443794831634,256.672624964267,157.0
1785382911,0,total,S1,6.800000,0.000000,0,0,0,0,0,0,0,0,0,0,0,1084,0,2100.0,1969.108273461633,1650.9293040144257,2198.879470000975,256.0
1785382911,0,,Aggregated,13.600000,0.000000,0,0,0,0,0,0,0,0,0,0,0,2168,0,260.0,1066.0158509010914,93.47443794831634,2198.879470000975,206.5
1785382912,0,TTFT,S1,6.800000,0.000000,0,0,0,0,0,0,0,0,0,0,0,1084,0,160.0,162.92342834054995,93.47443794831634,256.672624964267,157.0
1785382912,0,total,S1,6.800000,0.000000,0,0,0,0,0,0,0,0,0,0,0,1084,0,2100.0,1969.108273461633,1650.9293040144257,2198.879470000975,256.0
1785382912,0,,Aggregated,13.600000,0.000000,0,0,0,0,0,0,0,0,0,0,0,2168,0,260.0,1066.0158509010914,93.47443794831634,2198.879470000975,206.5
1785382913,0,TTFT,S1,6.800000,0.000000,0,0,0,0,0,0,0,0,0,0,0,1084,0,160.0,162.92342834054995,93.47443794831634,256.672624964267,157.0
1785382913,0,total,S1,6.800000,0.000000,0,0,0,0,0,0,0,0,0,0,0,1084,0,2100.0,1969.108273461633,1650.9293040144257,2198.879470000975,256.0
1785382913,0,,Aggregated,13.600000,0.000000,0,0,0,0,0,0,0,0,0,0,0,2168,0,260.0,1066.0158509010914,93.47443794831634,2198.879470000975,206.5
1785382914,0,TTFT,S1,6.800000,0.000000,0,0,0,0,0,0,0,0,0,0,0,1084,0,160.0,162.92342834054995,93.47443794831634,256.672624964267,157.0
1785382914,0,total,S1,6.800000,0.000000,0,0,0,0,0,0,0,0,0,0,0,1084,0,2100.0,1969.108273461633,1650.9293040144257,2198.879470000975,256.0
1785382914,0,,Aggregated,13.600000,0.000000,0,0,0,0,0,0,0,0,0,0,0,2168,0,260.0,1066.0158509010914,93.47443794831634,2198.879470000975,206.5
1785382915,0,TTFT,S1,6.800000,0.000000,0,0,0,0,0,0,0,0,0,0,0,1084,0,160.0,162.92342834054995,93.47443794831634,256.672624964267,157.0
1785382915,0,total,S1,6.800000,0.000000,0,0,0,0,0,0,0,0,0,0,0,1084,0,2100.0,1969.108273461633,1650.9293040144257,2198.879470000975,256.0
1785382915,0,,Aggregated,13.600000,0.000000,0,0,0,0,0,0,0,0,0,0,0,2168,0,260.0,1066.0158509010914,93.47443794831634,2198.879470000975,206.5
1785382916,0,TTFT,S1,6.800000,0.000000,0,0,0,0,0,0,0,0,0,0,0,1084,0,160.0,162.92342834054995,93.47443794831634,256.672624964267,157.0
1785382916,0,total,S1,6.800000,0.000000,0,0,0,0,0,0,0,0,0,0,0,1084,0,2100.0,1969.108273461633,1650.9293040144257,2198.879470000975,256.0
1785382916,0,,Aggregated,13.600000,0.000000,0,0,0,0,0,0,0,0,0,0,0,2168,0,260.0,1066.0158509010914,93.47443794831634,2198.879470000975,206.5
1785382917,0,TTFT,S1,6.800000,0.000000,0,0,0,0,0,0,0,0,0,0,0,1084,0,160.0,162.92342834054995,93.47443794831634,256.672624964267,157.0
1785382917,0,total,S1,6.800000,0.000000,0,0,0,0,0,0,0,0,0,0,0,1084,0,2100.0,1969.108273461633,1650.9293040144257,2198.879470000975,256.0
1785382917,0,,Aggregated,13.600000,0.000000,0,0,0,0,0,0,0,0,0,0,0,2168,0,260.0,1066.0158509010914,93.47443794831634,2198.879470000975,206.5
1785382918,0,TTFT,S1,6.800000,0.000000,0,0,0,0,0,0,0,0,0,0,0,1084,0,160.0,162.92342834054995,93.47443794831634,256.672624964267,157.0
1785382918,0,total,S1,6.800000,0.000000,0,0,0,0,0,0,0,0,0,0,0,1084,0,2100.0,1969.108273461633,1650.9293040144257,2198.879470000975,256.0
1785382918,0,,Aggregated,13.600000,0.000000,0,0,0,0,0,0,0,0,0,0,0,2168,0,260.0,1066.0158509010914,93.47443794831634,2198.879470000975,206.5
1785382919,0,TTFT,S1,6.800000,0.000000,0,0,0,0,0,0,0,0,0,0,0,1084,0,160.0,162.92342834054995,93.47443794831634,256.672624964267,157.0
1785382919,0,total,S1,6.800000,0.000000,0,0,0,0,0,0,0,0,0,0,0,1084,0,2100.0,1969.108273461633,1650.9293040144257,2198.879470000975,256.0
1785382919,0,,Aggregated,13.600000,0.000000,0,0,0,0,0,0,0,0,0,0,0,2168,0,260.0,1066.0158509010914,93.47443794831634,2198.879470000975,206.5
1785382920,0,TTFT,S1,6.800000,0.000000,0,0,0,0,0,0,0,0,0,0,0,1084,0,160.0,162.92342834054995,93.47443794831634,256.672624964267,157.0
1785382920,0,total,S1,6.800000,0.000000,0,0,0,0,0,0,0,0,0,0,0,1084,0,2100.0,1969.108273461633,1650.9293040144257,2198.879470000975,256.0
1785382920,0,,Aggregated,13.600000,0.000000,0,0,0,0,0,0,0,0,0,0,0,2168,0,260.0,1066.0158509010914,93.47443794831634,2198.879470000975,206.5
1785382921,0,TTFT,S1,6.800000,0.000000,0,0,0,0,0,0,0,0,0,0,0,1084,0,160.0,162.92342834054995,93.47443794831634,256.672624964267,157.0
1785382921,0,total,S1,6.800000,0.000000,0,0,0,0,0,0,0,0,0,0,0,1084,0,2100.0,1969.108273461633,1650.9293040144257,2198.879470000975,256.0
1785382921,0,,Aggregated,13.600000,0.000000,0,0,0,0,0,0,0,0,0,0,0,2168,0,260.0,1066.0158509010914,93.47443794831634,2198.879470000975,206.5
1785382922,0,TTFT,S1,6.800000,0.000000,0,0,0,0,0,0,0,0,0,0,0,1084,0,160.0,162.92342834054995,93.47443794831634,256.672624964267,157.0
1785382922,0,total,S1,6.800000,0.000000,0,0,0,0,0,0,0,0,0,0,0,1084,0,2100.0,1969.108273461633,1650.9293040144257,2198.879470000975,256.0
1785382922,0,,Aggregated,13.600000,0.000000,0,0,0,0,0,0,0,0,0,0,0,2168,0,260.0,1066.0158509010914,93.47443794831634,2198.879470000975,206.5
1785382923,0,TTFT,S1,6.800000,0.000000,0,0,0,0,0,0,0,0,0,0,0,1084,0,160.0,162.92342834054995,93.47443794831634,256.672624964267,157.0
1785382923,0,total,S1,6.800000,0.000000,0,0,0,0,0,0,0,0,0,0,0,1084,0,2100.0,1969.108273461633,1650.9293040144257,2198.879470000975,256.0
1785382923,0,,Aggregated,13.600000,0.000000,0,0,0,0,0,0,0,0,0,0,0,2168,0,260.0,1066.0158509010914,93.47443794831634,2198.879470000975,206.5
1785382924,0,TTFT,S1,6.800000,0.000000,0,0,0,0,0,0,0,0,0,0,0,1084,0,160.0,162.92342834054995,93.47443794831634,256.672624964267,157.0
1785382924,0,total,S1,6.800000,0.000000,0,0,0,0,0,0,0,0,0,0,0,1084,0,2100.0,1969.108273461633,1650.9293040144257,2198.879470000975,256.0
1785382924,0,,Aggregated,13.600000,0.000000,0,0,0,0,0,0,0,0,0,0,0,2168,0,260.0,1066.0158509010914,93.47443794831634,2198.879470000975,206.5
1785382925,0,TTFT,S1,6.800000,0.000000,0,0,0,0,0,0,0,0,0,0,0,1084,0,160.0,162.92342834054995,93.47443794831634,256.672624964267,157.0
1785382925,0,total,S1,6.800000,0.000000,0,0,0,0,0,0,0,0,0,0,0,1084,0,2100.0,1969.108273461633,1650.9293040144257,2198.879470000975,256.0
1785382925,0,,Aggregated,13.600000,0.000000,0,0,0,0,0,0,0,0,0,0,0,2168,0,260.0,1066.0158509010914,93.47443794831634,2198.879470000975,206.5
1785382926,0,TTFT,S1,6.800000,0.000000,0,0,0,0,0,0,0,0,0,0,0,1084,0,160.0,162.92342834054995,93.47443794831634,256.672624964267,157.0
1785382926,0,total,S1,6.800000,0.000000,0,0,0,0,0,0,0,0,0,0,0,1084,0,2100.0,1969.108273461633,1650.9293040144257,2198.879470000975,256.0
1785382926,0,,Aggregated,13.600000,0.000000,0,0,0,0,0,0,0,0,0,0,0,2168,0,260.0,1066.0158509010914,93.47443794831634,2198.879470000975,206.5
1785382927,0,TTFT,S1,6.800000,0.000000,0,0,0,0,0,0,0,0,0,0,0,1084,0,160.0,162.92342834054995,93.47443794831634,256.672624964267,157.0
1785382927,0,total,S1,6.800000,0.000000,0,0,0,0,0,0,0,0,0,0,0,1084,0,2100.0,1969.108273461633,1650.9293040144257,2198.879470000975,256.0
1785382927,0,,Aggregated,13.600000,0.000000,0,0,0,0,0,0,0,0,0,0,0,2168,0,260.0,1066.0158509010914,93.47443794831634,2198.879470000975,206.5
1785382928,0,TTFT,S1,6.800000,0.000000,0,0,0,0,0,0,0,0,0,0,0,1084,0,160.0,162.92342834054995,93.47443794831634,256.672624964267,157.0
1785382928,0,total,S1,6.800000,0.000000,0,0,0,0,0,0,0,0,0,0,0,1084,0,2100.0,1969.108273461633,1650.9293040144257,2198.879470000975,256.0
1785382928,0,,Aggregated,13.600000,0.000000,0,0,0,0,0,0,0,0,0,0,0,2168,0,260.0,1066.0158509010914,93.47443794831634,2198.879470000975,206.5
1785382929,0,TTFT,S1,6.800000,0.000000,0,0,0,0,0,0,0,0,0,0,0,1084,0,160.0,162.92342834054995,93.47443794831634,256.672624964267,157.0
1785382929,0,total,S1,6.800000,0.000000,0,0,0,0,0,0,0,0,0,0,0,1084,0,2100.0,1969.108273461633,1650.9293040144257,2198.879470000975,256.0
1785382929,0,,Aggregated,13.600000,0.000000,0,0,0,0,0,0,0,0,0,0,0,2168,0,260.0,1066.0158509010914,93.47443794831634,2198.879470000975,206.5
1785382930,0,TTFT,S1,6.800000,0.000000,0,0,0,0,0,0,0,0,0,0,0,1084,0,160.0,162.92342834054995,93.47443794831634,256.672624964267,157.0
1785382930,0,total,S1,6.800000,0.000000,0,0,0,0,0,0,0,0,0,0,0,1084,0,2100.0,1969.108273461633,1650.9293040144257,2198.879470000975,256.0
1785382930,0,,Aggregated,13.600000,0.000000,0,0,0,0,0,0,0,0,0,0,0,2168,0,260.0,1066.0158509010914,93.47443794831634,2198.879470000975,206.5
1785382931,0,TTFT,S1,6.800000,0.000000,0,0,0,0,0,0,0,0,0,0,0,1084,0,160.0,162.92342834054995,93.47443794831634,256.672624964267,157.0
1785382931,0,total,S1,6.800000,0.000000,0,0,0,0,0,0,0,0,0,0,0,1084,0,2100.0,1969.108273461633,1650.9293040144257,2198.879470000975,256.0
1785382931,0,,Aggregated,13.600000,0.000000,0,0,0,0,0,0,0,0,0,0,0,2168,0,260.0,1066.0158509010914,93.47443794831634,2198.879470000975,206.5
1785382932,0,TTFT,S1,6.800000,0.000000,0,0,0,0,0,0,0,0,0,0,0,1084,0,160.0,162.92342834054995,93.47443794831634,256.672624964267,157.0
1785382932,0,total,S1,6.800000,0.000000,0,0,0,0,0,0,0,0,0,0,0,1084,0,2100.0,1969.108273461633,1650.9293040144257,2198.879470000975,256.0
1785382932,0,,Aggregated,13.600000,0.000000,0,0,0,0,0,0,0,0,0,0,0,2168,0,260.0,1066.0158509010914,93.47443794831634,2198.879470000975,206.5
1785382933,0,TTFT,S1,6.800000,0.000000,0,0,0,0,0,0,0,0,0,0,0,1084,0,160.0,162.92342834054995,93.47443794831634,256.672624964267,157.0
1785382933,0,total,S1,6.800000,0.000000,0,0,0,0,0,0,0,0,0,0,0,1084,0,2100.0,1969.108273461633,1650.9293040144257,2198.879470000975,256.0
1785382933,0,,Aggregated,13.600000,0.000000,0,0,0,0,0,0,0,0,0,0,0,2168,0,260.0,1066.0158509010914,93.47443794831634,2198.879470000975,206.5
1785382934,0,TTFT,S1,6.800000,0.000000,0,0,0,0,0,0,0,0,0,0,0,1084,0,160.0,162.92342834054995,93.47443794831634,256.672624964267,157.0
1785382934,0,total,S1,6.800000,0.000000,0,0,0,0,0,0,0,0,0,0,0,1084,0,2100.0,1969.108273461633,1650.9293040144257,2198.879470000975,256.0
1785382934,0,,Aggregated,13.600000,0.000000,0,0,0,0,0,0,0,0,0,0,0,2168,0,260.0,1066.0158509010914,93.47443794831634,2198.879470000975,206.5
1785382935,0,TTFT,S1,6.800000,0.000000,0,0,0,0,0,0,0,0,0,0,0,1084,0,160.0,162.92342834054995,93.47443794831634,256.672624964267,157.0
1785382935,0,total,S1,6.800000,0.000000,0,0,0,0,0,0,0,0,0,0,0,1084,0,2100.0,1969.108273461633,1650.9293040144257,2198.879470000975,256.0
1785382935,0,,Aggregated,13.600000,0.000000,0,0,0,0,0,0,0,0,0,0,0,2168,0,260.0,1066.0158509010914,93.47443794831634,2198.879470000975,206.5
1785382936,0,TTFT,S1,6.800000,0.000000,0,0,0,0,0,0,0,0,0,0,0,1084,0,160.0,162.92342834054995,93.47443794831634,256.672624964267,157.0
1785382936,0,total,S1,6.800000,0.000000,0,0,0,0,0,0,0,0,0,0,0,1084,0,2100.0,1969.108273461633,1650.9293040144257,2198.879470000975,256.0
1785382936,0,,Aggregated,13.600000,0.000000,0,0,0,0,0,0,0,0,0,0,0,2168,0,260.0,1066.0158509010914,93.47443794831634,2198.879470000975,206.5
1785382937,0,TTFT,S1,6.800000,0.000000,0,0,0,0,0,0,0,0,0,0,0,1084,0,160.0,162.92342834054995,93.47443794831634,256.672624964267,157.0
1785382937,0,total,S1,6.800000,0.000000,0,0,0,0,0,0,0,0,0,0,0,1084,0,2100.0,1969.108273461633,1650.9293040144257,2198.879470000975,256.0
1785382937,0,,Aggregated,13.600000,0.000000,0,0,0,0,0,0,0,0,0,0,0,2168,0,260.0,1066.0158509010914,93.47443794831634,2198.879470000975,206.5
1785382938,0,TTFT,S1,6.800000,0.000000,0,0,0,0,0,0,0,0,0,0,0,1084,0,160.0,162.92342834054995,93.47443794831634,256.672624964267,157.0
1785382938,0,total,S1,6.800000,0.000000,0,0,0,0,0,0,0,0,0,0,0,1084,0,2100.0,1969.108273461633,1650.9293040144257,2198.879470000975,256.0
1785382938,0,,Aggregated,13.600000,0.000000,0,0,0,0,0,0,0,0,0,0,0,2168,0,260.0,1066.0158509010914,93.47443794831634,2198.879470000975,206.5
1785382939,0,TTFT,S1,6.800000,0.000000,0,0,0,0,0,0,0,0,0,0,0,1084,0,160.0,162.92342834054995,93.47443794831634,256.672624964267,157.0
1785382939,0,total,S1,6.800000,0.000000,0,0,0,0,0,0,0,0,0,0,0,1084,0,2100.0,1969.108273461633,1650.9293040144257,2198.879470000975,256.0
1785382939,0,,Aggregated,13.600000,0.000000,0,0,0,0,0,0,0,0,0,0,0,2168,0,260.0,1066.0158509010914,93.47443794831634,2198.879470000975,206.5
1785382940,0,TTFT,S1,6.800000,0.000000,0,0,0,0,0,0,0,0,0,0,0,1084,0,160.0,162.92342834054995,93.47443794831634,256.672624964267,157.0
1785382940,0,total,S1,6.800000,0.000000,0,0,0,0,0,0,0,0,0,0,0,1084,0,2100.0,1969.108273461633,1650.9293040144257,2198.879470000975,256.0
1785382940,0,,Aggregated,13.600000,0.000000,0,0,0,0,0,0,0,0,0,0,0,2168,0,260.0,1066.0158509010914,93.47443794831634,2198.879470000975,206.5
1785382941,0,TTFT,S1,6.800000,0.000000,0,0,0,0,0,0,0,0,0,0,0,1084,0,160.0,162.92342834054995,93.47443794831634,256.672624964267,157.0
1785382941,0,total,S1,6.800000,0.000000,0,0,0,0,0,0,0,0,0,0,0,1084,0,2100.0,1969.108273461633,1650.9293040144257,2198.879470000975,256.0
1785382941,0,,Aggregated,13.600000,0.000000,0,0,0,0,0,0,0,0,0,0,0,2168,0,260.0,1066.0158509010914,93.47443794831634,2198.879470000975,206.5
1785382942,0,TTFT,S1,6.800000,0.000000,0,0,0,0,0,0,0,0,0,0,0,1084,0,160.0,162.92342834054995,93.47443794831634,256.672624964267,157.0
1785382942,0,total,S1,6.800000,0.000000,0,0,0,0,0,0,0,0,0,0,0,1084,0,2100.0,1969.108273461633,1650.9293040144257,2198.879470000975,256.0
1785382942,0,,Aggregated,13.600000,0.000000,0,0,0,0,0,0,0,0,0,0,0,2168,0,260.0,1066.0158509010914,93.47443794831634,2198.879470000975,206.5
1785382943,0,TTFT,S1,6.800000,0.000000,0,0,0,0,0,0,0,0,0,0,0,1084,0,160.0,162.92342834054995,93.47443794831634,256.672624964267,157.0
1785382943,0,total,S1,6.800000,0.000000,0,0,0,0,0,0,0,0,0,0,0,1084,0,2100.0,1969.108273461633,1650.9293040144257,2198.879470000975,256.0
1785382943,0,,Aggregated,13.600000,0.000000,0,0,0,0,0,0,0,0,0,0,0,2168,0,260.0,1066.0158509010914,93.47443794831634,2198.879470000975,206.5
1785382944,0,TTFT,S1,6.800000,0.000000,0,0,0,0,0,0,0,0,0,0,0,1084,0,160.0,162.92342834054995,93.47443794831634,256.672624964267,157.0
1785382944,0,total,S1,6.800000,0.000000,0,0,0,0,0,0,0,0,0,0,0,1084,0,2100.0,1969.108273461633,1650.9293040144257,2198.879470000975,256.0
1785382944,0,,Aggregated,13.600000,0.000000,0,0,0,0,0,0,0,0,0,0,0,2168,0,260.0,1066.0158509010914,93.47443794831634,2198.879470000975,206.5
1785382945,0,TTFT,S1,6.800000,0.000000,0,0,0,0,0,0,0,0,0,0,0,1084,0,160.0,162.92342834054995,93.47443794831634,256.672624964267,157.0
1785382945,0,total,S1,6.800000,0.000000,0,0,0,0,0,0,0,0,0,0,0,1084,0,2100.0,1969.108273461633,1650.9293040144257,2198.879470000975,256.0
1785382945,0,,Aggregated,13.600000,0.000000,0,0,0,0,0,0,0,0,0,0,0,2168,0,260.0,1066.0158509010914,93.47443794831634,2198.879470000975,206.5
1785382946,0,TTFT,S1,6.800000,0.000000,0,0,0,0,0,0,0,0,0,0,0,1084,0,160.0,162.92342834054995,93.47443794831634,256.672624964267,157.0
1785382946,0,total,S1,6.800000,0.000000,0,0,0,0,0,0,0,0,0,0,0,1084,0,2100.0,1969.108273461633,1650.9293040144257,2198.879470000975,256.0
1785382946,0,,Aggregated,13.600000,0.000000,0,0,0,0,0,0,0,0,0,0,0,2168,0,260.0,1066.0158509010914,93.47443794831634,2198.879470000975,206.5
1785382947,0,TTFT,S1,6.800000,0.000000,0,0,0,0,0,0,0,0,0,0,0,1084,0,160.0,162.92342834054995,93.47443794831634,256.672624964267,157.0
1785382947,0,total,S1,6.800000,0.000000,0,0,0,0,0,0,0,0,0,0,0,1084,0,2100.0,1969.108273461633,1650.9293040144257,2198.879470000975,256.0
1785382947,0,,Aggregated,13.600000,0.000000,0,0,0,0,0,0,0,0,0,0,0,2168,0,260.0,1066.0158509010914,93.47443794831634,2198.879470000975,206.5
1785382948,0,TTFT,S1,6.800000,0.000000,0,0,0,0,0,0,0,0,0,0,0,1084,0,160.0,162.92342834054995,93.47443794831634,256.672624964267,157.0
1785382948,0,total,S1,6.800000,0.000000,0,0,0,0,0,0,0,0,0,0,0,1084,0,2100.0,1969.108273461633,1650.9293040144257,2198.879470000975,256.0
1785382948,0,,Aggregated,13.600000,0.000000,0,0,0,0,0,0,0,0,0,0,0,2168,0,260.0,1066.0158509010914,93.47443794831634,2198.879470000975,206.5
1785382949,0,TTFT,S1,6.800000,0.000000,0,0,0,0,0,0,0,0,0,0,0,1084,0,160.0,162.92342834054995,93.47443794831634,256.672624964267,157.0
1785382949,0,total,S1,6.800000,0.000000,0,0,0,0,0,0,0,0,0,0,0,1084,0,2100.0,1969.108273461633,1650.9293040144257,2198.879470000975,256.0
1785382949,0,,Aggregated,13.600000,0.000000,0,0,0,0,0,0,0,0,0,0,0,2168,0,260.0,1066.0158509010914,93.47443794831634,2198.879470000975,206.5
1785382950,0,TTFT,S1,6.800000,0.000000,0,0,0,0,0,0,0,0,0,0,0,1084,0,160.0,162.92342834054995,93.47443794831634,256.672624964267,157.0
1785382950,0,total,S1,6.800000,0.000000,0,0,0,0,0,0,0,0,0,0,0,1084,0,2100.0,1969.108273461633,1650.9293040144257,2198.879470000975,256.0
1785382950,0,,Aggregated,13.600000,0.000000,0,0,0,0,0,0,0,0,0,0,0,2168,0,260.0,1066.0158509010914,93.47443794831634,2198.879470000975,206.5
1785382951,0,TTFT,S1,6.800000,0.000000,0,0,0,0,0,0,0,0,0,0,0,1084,0,160.0,162.92342834054995,93.47443794831634,256.672624964267,157.0
1785382951,0,total,S1,6.800000,0.000000,0,0,0,0,0,0,0,0,0,0,0,1084,0,2100.0,1969.108273461633,1650.9293040144257,2198.879470000975,256.0
1785382951,0,,Aggregated,13.600000,0.000000,0,0,0,0,0,0,0,0,0,0,0,2168,0,260.0,1066.0158509010914,93.47443794831634,2198.879470000975,206.5
1785382952,0,TTFT,S1,6.800000,0.000000,0,0,0,0,0,0,0,0,0,0,0,1084,0,160.0,162.92342834054995,93.47443794831634,256.672624964267,157.0
1785382952,0,total,S1,6.800000,0.000000,0,0,0,0,0,0,0,0,0,0,0,1084,0,2100.0,1969.108273461633,1650.9293040144257,2198.879470000975,256.0
1785382952,0,,Aggregated,13.600000,0.000000,0,0,0,0,0,0,0,0,0,0,0,2168,0,260.0,1066.0158509010914,93.47443794831634,2198.879470000975,206.5
1785382953,0,TTFT,S1,6.800000,0.000000,0,0,0,0,0,0,0,0,0,0,0,1084,0,160.0,162.92342834054995,93.47443794831634,256.672624964267,157.0
1785382953,0,total,S1,6.800000,0.000000,0,0,0,0,0,0,0,0,0,0,0,1084,0,2100.0,1969.108273461633,1650.9293040144257,2198.879470000975,256.0
1785382953,0,,Aggregated,13.600000,0.000000,0,0,0,0,0,0,0,0,0,0,0,2168,0,260.0,1066.0158509010914,93.47443794831634,2198.879470000975,206.5
1785382954,0,TTFT,S1,6.800000,0.000000,0,0,0,0,0,0,0,0,0,0,0,1084,0,160.0,162.92342834054995,93.47443794831634,256.672624964267,157.0
1785382954,0,total,S1,6.800000,0.000000,0,0,0,0,0,0,0,0,0,0,0,1084,0,2100.0,1969.108273461633,1650.9293040144257,2198.879470000975,256.0
1785382954,0,,Aggregated,13.600000,0.000000,0,0,0,0,0,0,0,0,0,0,0,2168,0,260.0,1066.0158509010914,93.47443794831634,2198.879470000975,206.5
1785382955,0,TTFT,S1,6.800000,0.000000,0,0,0,0,0,0,0,0,0,0,0,1084,0,160.0,162.92342834054995,93.47443794831634,256.672624964267,157.0
1785382955,0,total,S1,6.800000,0.000000,0,0,0,0,0,0,0,0,0,0,0,1084,0,2100.0,1969.108273461633,1650.9293040144257,2198.879470000975,256.0
1785382955,0,,Aggregated,13.600000,0.000000,0,0,0,0,0,0,0,0,0,0,0,2168,0,260.0,1066.0158509010914,93.47443794831634,2198.879470000975,206.5
1785382956,0,TTFT,S1,6.800000,0.000000,0,0,0,0,0,0,0,0,0,0,0,1084,0,160.0,162.92342834054995,93.47443794831634,256.672624964267,157.0
1785382956,0,total,S1,6.800000,0.000000,0,0,0,0,0,0,0,0,0,0,0,1084,0,2100.0,1969.108273461633,1650.9293040144257,2198.879470000975,256.0
1785382956,0,,Aggregated,13.600000,0.000000,0,0,0,0,0,0,0,0,0,0,0,2168,0,260.0,1066.0158509010914,93.47443794831634,2198.879470000975,206.5
1785382957,0,TTFT,S1,6.800000,0.000000,0,0,0,0,0,0,0,0,0,0,0,1084,0,160.0,162.92342834054995,93.47443794831634,256.672624964267,157.0
1785382957,0,total,S1,6.800000,0.000000,0,0,0,0,0,0,0,0,0,0,0,1084,0,2100.0,1969.108273461633,1650.9293040144257,2198.879470000975,256.0
1785382957,0,,Aggregated,13.600000,0.000000,0,0,0,0,0,0,0,0,0,0,0,2168,0,260.0,1066.0158509010914,93.47443794831634,2198.879470000975,206.5
1785382958,0,TTFT,S1,6.800000,0.000000,0,0,0,0,0,0,0,0,0,0,0,1084,0,160.0,162.92342834054995,93.47443794831634,256.672624964267,157.0
1785382958,0,total,S1,6.800000,0.000000,0,0,0,0,0,0,0,0,0,0,0,1084,0,2100.0,1969.108273461633,1650.9293040144257,2198.879470000975,256.0
1785382958,0,,Aggregated,13.600000,0.000000,0,0,0,0,0,0,0,0,0,0,0,2168,0,260.0,1066.0158509010914,93.47443794831634,2198.879470000975,206.5
1785382959,0,TTFT,S1,6.800000,0.000000,0,0,0,0,0,0,0,0,0,0,0,1084,0,160.0,162.92342834054995,93.47443794831634,256.672624964267,157.0
1785382959,0,total,S1,6.800000,0.000000,0,0,0,0,0,0,0,0,0,0,0,1084,0,2100.0,1969.108273461633,1650.9293040144257,2198.879470000975,256.0
1785382959,0,,Aggregated,13.600000,0.000000,0,0,0,0,0,0,0,0,0,0,0,2168,0,260.0,1066.0158509010914,93.47443794831634,2198.879470000975,206.5
1785382960,0,TTFT,S1,6.800000,0.000000,0,0,0,0,0,0,0,0,0,0,0,1084,0,160.0,162.92342834054995,93.47443794831634,256.672624964267,157.0
1785382960,0,total,S1,6.800000,0.000000,0,0,0,0,0,0,0,0,0,0,0,1084,0,2100.0,1969.108273461633,1650.9293040144257,2198.879470000975,256.0
1785382960,0,,Aggregated,13.600000,0.000000,0,0,0,0,0,0,0,0,0,0,0,2168,0,260.0,1066.0158509010914,93.47443794831634,2198.879470000975,206.5
1785382961,0,TTFT,S1,6.800000,0.000000,0,0,0,0,0,0,0,0,0,0,0,1084,0,160.0,162.92342834054995,93.47443794831634,256.672624964267,157.0
1785382961,0,total,S1,6.800000,0.000000,0,0,0,0,0,0,0,0,0,0,0,1084,0,2100.0,1969.108273461633,1650.9293040144257,2198.879470000975,256.0
1785382961,0,,Aggregated,13.600000,0.000000,0,0,0,0,0,0,0,0,0,0,0,2168,0,260.0,1066.0158509010914,93.47443794831634,2198.879470000975,206.5
1785382962,0,TTFT,S1,6.800000,0.000000,0,0,0,0,0,0,0,0,0,0,0,1084,0,160.0,162.92342834054995,93.47443794831634,256.672624964267,157.0
1785382962,0,total,S1,6.800000,0.000000,0,0,0,0,0,0,0,0,0,0,0,1084,0,2100.0,1969.108273461633,1650.9293040144257,2198.879470000975,256.0
1785382962,0,,Aggregated,13.600000,0.000000,0,0,0,0,0,0,0,0,0,0,0,2168,0,260.0,1066.0158509010914,93.47443794831634,2198.879470000975,206.5
1785382963,0,TTFT,S1,6.800000,0.000000,0,0,0,0,0,0,0,0,0,0,0,1084,0,160.0,162.92342834054995,93.47443794831634,256.672624964267,157.0
1785382963,0,total,S1,6.800000,0.000000,0,0,0,0,0,0,0,0,0,0,0,1084,0,2100.0,1969.108273461633,1650.9293040144257,2198.879470000975,256.0
1785382963,0,,Aggregated,13.600000,0.000000,0,0,0,0,0,0,0,0,0,0,0,2168,0,260.0,1066.0158509010914,93.47443794831634,2198.879470000975,206.5
1785382964,0,TTFT,S1,6.800000,0.000000,0,0,0,0,0,0,0,0,0,0,0,1084,0,160.0,162.92342834054995,93.47443794831634,256.672624964267,157.0
1785382964,0,total,S1,6.800000,0.000000,0,0,0,0,0,0,0,0,0,0,0,1084,0,2100.0,1969.108273461633,1650.9293040144257,2198.879470000975,256.0
1785382964,0,,Aggregated,13.600000,0.000000,0,0,0,0,0,0,0,0,0,0,0,2168,0,260.0,1066.0158509010914,93.47443794831634,2198.879470000975,206.5
1785382965,0,TTFT,S1,6.800000,0.000000,0,0,0,0,0,0,0,0,0,0,0,1084,0,160.0,162.92342834054995,93.47443794831634,256.672624964267,157.0
1785382965,0,total,S1,6.800000,0.000000,0,0,0,0,0,0,0,0,0,0,0,1084,0,2100.0,1969.108273461633,1650.9293040144257,2198.879470000975,256.0
1785382965,0,,Aggregated,13.600000,0.000000,0,0,0,0,0,0,0,0,0,0,0,2168,0,260.0,1066.0158509010914,93.47443794831634,2198.879470000975,206.5
1785382966,0,TTFT,S1,6.800000,0.000000,0,0,0,0,0,0,0,0,0,0,0,1084,0,160.0,162.92342834054995,93.47443794831634,256.672624964267,157.0
1785382966,0,total,S1,6.800000,0.000000,0,0,0,0,0,0,0,0,0,0,0,1084,0,2100.0,1969.108273461633,1650.9293040144257,2198.879470000975,256.0
1785382966,0,,Aggregated,13.600000,0.000000,0,0,0,0,0,0,0,0,0,0,0,2168,0,260.0,1066.0158509010914,93.47443794831634,2198.879470000975,206.5
1785382967,0,TTFT,S1,6.800000,0.000000,0,0,0,0,0,0,0,0,0,0,0,1084,0,160.0,162.92342834054995,93.47443794831634,256.672624964267,157.0
1785382967,0,total,S1,6.800000,0.000000,0,0,0,0,0,0,0,0,0,0,0,1084,0,2100.0,1969.108273461633,1650.9293040144257,2198.879470000975,256.0
1785382967,0,,Aggregated,13.600000,0.000000,0,0,0,0,0,0,0,0,0,0,0,2168,0,260.0,1066.0158509010914,93.47443794831634,2198.879470000975,206.5
1785382968,0,TTFT,S1,6.800000,0.000000,0,0,0,0,0,0,0,0,0,0,0,1084,0,160.0,162.92342834054995,93.47443794831634,256.672624964267,157.0
1785382968,0,total,S1,6.800000,0.000000,0,0,0,0,0,0,0,0,0,0,0,1084,0,2100.0,1969.108273461633,1650.9293040144257,2198.879470000975,256.0
1785382968,0,,Aggregated,13.600000,0.000000,0,0,0,0,0,0,0,0,0,0,0,2168,0,260.0,1066.0158509010914,93.47443794831634,2198.879470000975,206.5
1785382969,0,TTFT,S1,6.800000,0.000000,0,0,0,0,0,0,0,0,0,0,0,1084,0,160.0,162.92342834054995,93.47443794831634,256.672624964267,157.0
1785382969,0,total,S1,6.800000,0.000000,0,0,0,0,0,0,0,0,0,0,0,1084,0,2100.0,1969.108273461633,1650.9293040144257,2198.879470000975,256.0
1785382969,0,,Aggregated,13.600000,0.000000,0,0,0,0,0,0,0,0,0,0,0,2168,0,260.0,1066.0158509010914,93.47443794831634,2198.879470000975,206.5
1785382970,0,TTFT,S1,6.800000,0.000000,0,0,0,0,0,0,0,0,0,0,0,1084,0,160.0,162.92342834054995,93.47443794831634,256.672624964267,157.0
1785382970,0,total,S1,6.800000,0.000000,0,0,0,0,0,0,0,0,0,0,0,1084,0,2100.0,1969.108273461633,1650.9293040144257,2198.879470000975,256.0
1785382970,0,,Aggregated,13.600000,0.000000,0,0,0,0,0,0,0,0,0,0,0,2168,0,260.0,1066.0158509010914,93.47443794831634,2198.879470000975,206.5
1785382971,0,TTFT,S1,6.800000,0.000000,0,0,0,0,0,0,0,0,0,0,0,1084,0,160.0,162.92342834054995,93.47443794831634,256.672624964267,157.0
1785382971,0,total,S1,6.800000,0.000000,0,0,0,0,0,0,0,0,0,0,0,1084,0,2100.0,1969.108273461633,1650.9293040144257,2198.879470000975,256.0
1785382971,0,,Aggregated,13.600000,0.000000,0,0,0,0,0,0,0,0,0,0,0,2168,0,260.0,1066.0158509010914,93.47443794831634,2198.879470000975,206.5
1785382972,0,TTFT,S1,6.800000,0.000000,0,0,0,0,0,0,0,0,0,0,0,1084,0,160.0,162.92342834054995,93.47443794831634,256.672624964267,157.0
1785382972,0,total,S1,6.800000,0.000000,0,0,0,0,0,0,0,0,0,0,0,1084,0,2100.0,1969.108273461633,1650.9293040144257,2198.879470000975,256.0
1785382972,0,,Aggregated,13.600000,0.000000,0,0,0,0,0,0,0,0,0,0,0,2168,0,260.0,1066.0158509010914,93.47443794831634,2198.879470000975,206.5
1785382973,0,TTFT,S1,6.800000,0.000000,0,0,0,0,0,0,0,0,0,0,0,1084,0,160.0,162.92342834054995,93.47443794831634,256.672624964267,157.0
1785382973,0,total,S1,6.800000,0.000000,0,0,0,0,0,0,0,0,0,0,0,1084,0,2100.0,1969.108273461633,1650.9293040144257,2198.879470000975,256.0
1785382973,0,,Aggregated,13.600000,0.000000,0,0,0,0,0,0,0,0,0,0,0,2168,0,260.0,1066.0158509010914,93.47443794831634,2198.879470000975,206.5
1785382974,0,TTFT,S1,6.800000,0.000000,0,0,0,0,0,0,0,0,0,0,0,1084,0,160.0,162.92342834054995,93.47443794831634,256.672624964267,157.0
1785382974,0,total,S1,6.800000,0.000000,0,0,0,0,0,0,0,0,0,0,0,1084,0,2100.0,1969.108273461633,1650.9293040144257,2198.879470000975,256.0
1785382974,0,,Aggregated,13.600000,0.000000,0,0,0,0,0,0,0,0,0,0,0,2168,0,260.0,1066.0158509010914,93.47443794831634,2198.879470000975,206.5
1785382975,0,TTFT,S1,6.800000,0.000000,0,0,0,0,0,0,0,0,0,0,0,1084,0,160.0,162.92342834054995,93.47443794831634,256.672624964267,157.0
1785382975,0,total,S1,6.800000,0.000000,0,0,0,0,0,0,0,0,0,0,0,1084,0,2100.0,1969.108273461633,1650.9293040144257,2198.879470000975,256.0
1785382975,0,,Aggregated,13.600000,0.000000,0,0,0,0,0,0,0,0,0,0,0,2168,0,260.0,1066.0158509010914,93.47443794831634,2198.879470000975,206.5
1785382976,0,TTFT,S1,6.800000,0.000000,0,0,0,0,0,0,0,0,0,0,0,1084,0,160.0,162.92342834054995,93.47443794831634,256.672624964267,157.0
1785382976,0,total,S1,6.800000,0.000000,0,0,0,0,0,0,0,0,0,0,0,1084,0,2100.0,1969.108273461633,1650.9293040144257,2198.879470000975,256.0
1785382976,0,,Aggregated,13.600000,0.000000,0,0,0,0,0,0,0,0,0,0,0,2168,0,260.0,1066.0158509010914,93.47443794831634,2198.879470000975,206.5
1785382977,0,TTFT,S1,6.800000,0.000000,0,0,0,0,0,0,0,0,0,0,0,1084,0,160.0,162.92342834054995,93.47443794831634,256.672624964267,157.0
1785382977,0,total,S1,6.800000,0.000000,0,0,0,0,0,0,0,0,0,0,0,1084,0,2100.0,1969.108273461633,1650.9293040144257,2198.879470000975,256.0
1785382977,0,,Aggregated,13.600000,0.000000,0,0,0,0,0,0,0,0,0,0,0,2168,0,260.0,1066.0158509010914,93.47443794831634,2198.879470000975,206.5
1785382978,0,TTFT,S1,6.800000,0.000000,0,0,0,0,0,0,0,0,0,0,0,1084,0,160.0,162.92342834054995,93.47443794831634,256.672624964267,157.0
1785382978,0,total,S1,6.800000,0.000000,0,0,0,0,0,0,0,0,0,0,0,1084,0,2100.0,1969.108273461633,1650.9293040144257,2198.879470000975,256.0
1785382978,0,,Aggregated,13.600000,0.000000,0,0,0,0,0,0,0,0,0,0,0,2168,0,260.0,1066.0158509010914,93.47443794831634,2198.879470000975,206.5
1785382979,0,TTFT,S1,6.800000,0.000000,0,0,0,0,0,0,0,0,0,0,0,1084,0,160.0,162.92342834054995,93.47443794831634,256.672624964267,157.0
1785382979,0,total,S1,6.800000,0.000000,0,0,0,0,0,0,0,0,0,0,0,1084,0,2100.0,1969.108273461633,1650.9293040144257,2198.879470000975,256.0
1785382979,0,,Aggregated,13.600000,0.000000,0,0,0,0,0,0,0,0,0,0,0,2168,0,260.0,1066.0158509010914,93.47443794831634,2198.879470000975,206.5
1785382980,0,TTFT,S1,6.800000,0.000000,0,0,0,0,0,0,0,0,0,0,0,1084,0,160.0,162.92342834054995,93.47443794831634,256.672624964267,157.0
1785382980,0,total,S1,6.800000,0.000000,0,0,0,0,0,0,0,0,0,0,0,1084,0,2100.0,1969.108273461633,1650.9293040144257,2198.879470000975,256.0
1785382980,0,,Aggregated,13.600000,0.000000,0,0,0,0,0,0,0,0,0,0,0,2168,0,260.0,1066.0158509010914,93.47443794831634,2198.879470000975,206.5
1785382981,0,TTFT,S1,6.800000,0.000000,0,0,0,0,0,0,0,0,0,0,0,1084,0,160.0,162.92342834054995,93.47443794831634,256.672624964267,157.0
1785382981,0,total,S1,6.800000,0.000000,0,0,0,0,0,0,0,0,0,0,0,1084,0,2100.0,1969.108273461633,1650.9293040144257,2198.879470000975,256.0
1785382981,0,,Aggregated,13.600000,0.000000,0,0,0,0,0,0,0,0,0,0,0,2168,0,260.0,1066.0158509010914,93.47443794831634,2198.879470000975,206.5
1785382982,0,TTFT,S1,6.800000,0.000000,0,0,0,0,0,0,0,0,0,0,0,1084,0,160.0,162.92342834054995,93.47443794831634,256.672624964267,157.0
1785382982,0,total,S1,6.800000,0.000000,0,0,0,0,0,0,0,0,0,0,0,1084,0,2100.0,1969.108273461633,1650.9293040144257,2198.879470000975,256.0
1785382982,0,,Aggregated,13.600000,0.000000,0,0,0,0,0,0,0,0,0,0,0,2168,0,260.0,1066.0158509010914,93.47443794831634,2198.879470000975,206.5
1785382983,0,TTFT,S1,6.800000,0.000000,0,0,0,0,0,0,0,0,0,0,0,1084,0,160.0,162.92342834054995,93.47443794831634,256.672624964267,157.0
1785382983,0,total,S1,6.800000,0.000000,0,0,0,0,0,0,0,0,0,0,0,1084,0,2100.0,1969.108273461633,1650.9293040144257,2198.879470000975,256.0
1785382983,0,,Aggregated,13.600000,0.000000,0,0,0,0,0,0,0,0,0,0,0,2168,0,260.0,1066.0158509010914,93.47443794831634,2198.879470000975,206.5
1785382984,0,TTFT,S1,6.800000,0.000000,0,0,0,0,0,0,0,0,0,0,0,1084,0,160.0,162.92342834054995,93.47443794831634,256.672624964267,157.0
1785382984,0,total,S1,6.800000,0.000000,0,0,0,0,0,0,0,0,0,0,0,1084,0,2100.0,1969.108273461633,1650.9293040144257,2198.879470000975,256.0
1785382984,0,,Aggregated,13.600000,0.000000,0,0,0,0,0,0,0,0,0,0,0,2168,0,260.0,1066.0158509010914,93.47443794831634,2198.879470000975,206.5
1785382985,0,TTFT,S1,6.800000,0.000000,0,0,0,0,0,0,0,0,0,0,0,1084,0,160.0,162.92342834054995,93.47443794831634,256.672624964267,157.0
1785382985,0,total,S1,6.800000,0.000000,0,0,0,0,0,0,0,0,0,0,0,1084,0,2100.0,1969.108273461633,1650.9293040144257,2198.879470000975,256.0
1785382985,0,,Aggregated,13.600000,0.000000,0,0,0,0,0,0,0,0,0,0,0,2168,0,260.0,1066.0158509010914,93.47443794831634,2198.879470000975,206.5
1785382986,0,TTFT,S1,6.800000,0.000000,0,0,0,0,0,0,0,0,0,0,0,1084,0,160.0,162.92342834054995,93.47443794831634,256.672624964267,157.0
1785382986,0,total,S1,6.800000,0.000000,0,0,0,0,0,0,0,0,0,0,0,1084,0,2100.0,1969.108273461633,1650.9293040144257,2198.879470000975,256.0
1785382986,0,,Aggregated,13.600000,0.000000,0,0,0,0,0,0,0,0,0,0,0,2168,0,260.0,1066.0158509010914,93.47443794831634,2198.879470000975,206.5
1785382987,0,TTFT,S1,6.800000,0.000000,0,0,0,0,0,0,0,0,0,0,0,1084,0,160.0,162.92342834054995,93.47443794831634,256.672624964267,157.0
1785382987,0,total,S1,6.800000,0.000000,0,0,0,0,0,0,0,0,0,0,0,1084,0,2100.0,1969.108273461633,1650.9293040144257,2198.879470000975,256.0
1785382987,0,,Aggregated,13.600000,0.000000,0,0,0,0,0,0,0,0,0,0,0,2168,0,260.0,1066.0158509010914,93.47443794831634,2198.879470000975,206.5
1785382988,0,TTFT,S1,6.800000,0.000000,0,0,0,0,0,0,0,0,0,0,0,1084,0,160.0,162.92342834054995,93.47443794831634,256.672624964267,157.0
1785382988,0,total,S1,6.800000,0.000000,0,0,0,0,0,0,0,0,0,0,0,1084,0,2100.0,1969.108273461633,1650.9293040144257,2198.879470000975,256.0
1785382988,0,,Aggregated,13.600000,0.000000,0,0,0,0,0,0,0,0,0,0,0,2168,0,260.0,1066.0158509010914,93.47443794831634,2198.879470000975,206.5
1785382989,0,TTFT,S1,6.800000,0.000000,0,0,0,0,0,0,0,0,0,0,0,1084,0,160.0,162.92342834054995,93.47443794831634,256.672624964267,157.0
1785382989,0,total,S1,6.800000,0.000000,0,0,0,0,0,0,0,0,0,0,0,1084,0,2100.0,1969.108273461633,1650.9293040144257,2198.879470000975,256.0
1785382989,0,,Aggregated,13.600000,0.000000,0,0,0,0,0,0,0,0,0,0,0,2168,0,260.0,1066.0158509010914,93.47443794831634,2198.879470000975,206.5
1785382990,0,TTFT,S1,6.800000,0.000000,0,0,0,0,0,0,0,0,0,0,0,1084,0,160.0,162.92342834054995,93.47443794831634,256.672624964267,157.0
1785382990,0,total,S1,6.800000,0.000000,0,0,0,0,0,0,0,0,0,0,0,1084,0,2100.0,1969.108273461633,1650.9293040144257,2198.879470000975,256.0
1785382990,0,,Aggregated,13.600000,0.000000,0,0,0,0,0,0,0,0,0,0,0,2168,0,260.0,1066.0158509010914,93.47443794831634,2198.879470000975,206.5
1785382991,0,TTFT,S1,6.800000,0.000000,0,0,0,0,0,0,0,0,0,0,0,1084,0,160.0,162.92342834054995,93.47443794831634,256.672624964267,157.0
1785382991,0,total,S1,6.800000,0.000000,0,0,0,0,0,0,0,0,0,0,0,1084,0,2100.0,1969.108273461633,1650.9293040144257,2198.879470000975,256.0
1785382991,0,,Aggregated,13.600000,0.000000,0,0,0,0,0,0,0,0,0,0,0,2168,0,260.0,1066.0158509010914,93.47443794831634,2198.879470000975,206.5
1785382992,0,TTFT,S1,6.800000,0.000000,0,0,0,0,0,0,0,0,0,0,0,1084,0,160.0,162.92342834054995,93.47443794831634,256.672624964267,157.0
1785382992,0,total,S1,6.800000,0.000000,0,0,0,0,0,0,0,0,0,0,0,1084,0,2100.0,1969.108273461633,1650.9293040144257,2198.879470000975,256.0
1785382992,0,,Aggregated,13.600000,0.000000,0,0,0,0,0,0,0,0,0,0,0,2168,0,260.0,1066.0158509010914,93.47443794831634,2198.879470000975,206.5
1785382993,0,TTFT,S1,6.800000,0.000000,0,0,0,0,0,0,0,0,0,0,0,1084,0,160.0,162.92342834054995,93.47443794831634,256.672624964267,157.0
1785382993,0,total,S1,6.800000,0.000000,0,0,0,0,0,0,0,0,0,0,0,1084,0,2100.0,1969.108273461633,1650.9293040144257,2198.879470000975,256.0
1785382993,0,,Aggregated,13.600000,0.000000,0,0,0,0,0,0,0,0,0,0,0,2168,0,260.0,1066.0158509010914,93.47443794831634,2198.879470000975,206.5
1785382994,0,TTFT,S1,6.800000,0.000000,0,0,0,0,0,0,0,0,0,0,0,1084,0,160.0,162.92342834054995,93.47443794831634,256.672624964267,157.0
1785382994,0,total,S1,6.800000,0.000000,0,0,0,0,0,0,0,0,0,0,0,1084,0,2100.0,1969.108273461633,1650.9293040144257,2198.879470000975,256.0
1785382994,0,,Aggregated,13.600000,0.000000,0,0,0,0,0,0,0,0,0,0,0,2168,0,260.0,1066.0158509010914,93.47443794831634,2198.879470000975,206.5
1785382995,0,TTFT,S1,6.800000,0.000000,0,0,0,0,0,0,0,0,0,0,0,1084,0,160.0,162.92342834054995,93.47443794831634,256.672624964267,157.0
1785382995,0,total,S1,6.800000,0.000000,0,0,0,0,0,0,0,0,0,0,0,1084,0,2100.0,1969.108273461633,1650.9293040144257,2198.879470000975,256.0
1785382995,0,,Aggregated,13.600000,0.000000,0,0,0,0,0,0,0,0,0,0,0,2168,0,260.0,1066.0158509010914,93.47443794831634,2198.879470000975,206.5
1785382996,0,TTFT,S1,6.800000,0.000000,0,0,0,0,0,0,0,0,0,0,0,1084,0,160.0,162.92342834054995,93.47443794831634,256.672624964267,157.0
1785382996,0,total,S1,6.800000,0.000000,0,0,0,0,0,0,0,0,0,0,0,1084,0,2100.0,1969.108273461633,1650.9293040144257,2198.879470000975,256.0
1785382996,0,,Aggregated,13.600000,0.000000,0,0,0,0,0,0,0,0,0,0,0,2168,0,260.0,1066.0158509010914,93.47443794831634,2198.879470000975,206.5
1785382997,0,TTFT,S1,6.800000,0.000000,0,0,0,0,0,0,0,0,0,0,0,1084,0,160.0,162.92342834054995,93.47443794831634,256.672624964267,157.0
1785382997,0,total,S1,6.800000,0.000000,0,0,0,0,0,0,0,0,0,0,0,1084,0,2100.0,1969.108273461633,1650.9293040144257,2198.879470000975,256.0
1785382997,0,,Aggregated,13.600000,0.000000,0,0,0,0,0,0,0,0,0,0,0,2168,0,260.0,1066.0158509010914,93.47443794831634,2198.879470000975,206.5
1785382998,0,TTFT,S1,6.800000,0.000000,0,0,0,0,0,0,0,0,0,0,0,1084,0,160.0,162.92342834054995,93.47443794831634,256.672624964267,157.0
1785382998,0,total,S1,6.800000,0.000000,0,0,0,0,0,0,0,0,0,0,0,1084,0,2100.0,1969.108273461633,1650.9293040144257,2198.879470000975,256.0
1785382998,0,,Aggregated,13.600000,0.000000,0,0,0,0,0,0,0,0,0,0,0,2168,0,260.0,1066.0158509010914,93.47443794831634,2198.879470000975,206.5
1785382999,0,TTFT,S1,6.800000,0.000000,0,0,0,0,0,0,0,0,0,0,0,1084,0,160.0,162.92342834054995,93.47443794831634,256.672624964267,157.0
1785382999,0,total,S1,6.800000,0.000000,0,0,0,0,0,0,0,0,0,0,0,1084,0,2100.0,1969.108273461633,1650.9293040144257,2198.879470000975,256.0
1785382999,0,,Aggregated,13.600000,0.000000,0,0,0,0,0,0,0,0,0,0,0,2168,0,260.0,1066.0158509010914,93.47443794831634,2198.879470000975,206.5
1785383000,0,TTFT,S1,6.800000,0.000000,0,0,0,0,0,0,0,0,0,0,0,1084,0,160.0,162.92342834054995,93.47443794831634,256.672624964267,157.0
1785383000,0,total,S1,6.800000,0.000000,0,0,0,0,0,0,0,0,0,0,0,1084,0,2100.0,1969.108273461633,1650.9293040144257,2198.879470000975,256.0
1785383000,0,,Aggregated,13.600000,0.000000,0,0,0,0,0,0,0,0,0,0,0,2168,0,260.0,1066.0158509010914,93.47443794831634,2198.879470000975,206.5
1785383001,0,TTFT,S1,6.800000,0.000000,0,0,0,0,0,0,0,0,0,0,0,1084,0,160.0,162.92342834054995,93.47443794831634,256.672624964267,157.0
1785383001,0,total,S1,6.800000,0.000000,0,0,0,0,0,0,0,0,0,0,0,1084,0,2100.0,1969.108273461633,1650.9293040144257,2198.879470000975,256.0
1785383001,0,,Aggregated,13.600000,0.000000,0,0,0,0,0,0,0,0,0,0,0,2168,0,260.0,1066.0158509010914,93.47443794831634,2198.879470000975,206.5
1785383002,0,TTFT,S1,6.800000,0.000000,0,0,0,0,0,0,0,0,0,0,0,1084,0,160.0,162.92342834054995,93.47443794831634,256.672624964267,157.0
1785383002,0,total,S1,6.800000,0.000000,0,0,0,0,0,0,0,0,0,0,0,1084,0,2100.0,1969.108273461633,1650.9293040144257,2198.879470000975,256.0
1785383002,0,,Aggregated,13.600000,0.000000,0,0,0,0,0,0,0,0,0,0,0,2168,0,260.0,1066.0158509010914,93.47443794831634,2198.879470000975,206.5
1785383003,0,TTFT,S1,6.800000,0.000000,0,0,0,0,0,0,0,0,0,0,0,1084,0,160.0,162.92342834054995,93.47443794831634,256.672624964267,157.0
1785383003,0,total,S1,6.800000,0.000000,0,0,0,0,0,0,0,0,0,0,0,1084,0,2100.0,1969.108273461633,1650.9293040144257,2198.879470000975,256.0
1785383003,0,,Aggregated,13.600000,0.000000,0,0,0,0,0,0,0,0,0,0,0,2168,0,260.0,1066.0158509010914,93.47443794831634,2198.879470000975,206.5
1785383004,0,TTFT,S1,6.800000,0.000000,0,0,0,0,0,0,0,0,0,0,0,1084,0,160.0,162.92342834054995,93.47443794831634,256.672624964267,157.0
1785383004,0,total,S1,6.800000,0.000000,0,0,0,0,0,0,0,0,0,0,0,1084,0,2100.0,1969.108273461633,1650.9293040144257,2198.879470000975,256.0
1785383004,0,,Aggregated,13.600000,0.000000,0,0,0,0,0,0,0,0,0,0,0,2168,0,260.0,1066.0158509010914,93.47443794831634,2198.879470000975,206.5
1785383005,0,TTFT,S1,6.800000,0.000000,0,0,0,0,0,0,0,0,0,0,0,1084,0,160.0,162.92342834054995,93.47443794831634,256.672624964267,157.0
1785383005,0,total,S1,6.800000,0.000000,0,0,0,0,0,0,0,0,0,0,0,1084,0,2100.0,1969.108273461633,1650.9293040144257,2198.879470000975,256.0
1785383005,0,,Aggregated,13.600000,0.000000,0,0,0,0,0,0,0,0,0,0,0,2168,0,260.0,1066.0158509010914,93.47443794831634,2198.879470000975,206.5
1785383006,0,TTFT,S1,6.800000,0.000000,0,0,0,0,0,0,0,0,0,0,0,1084,0,160.0,162.92342834054995,93.47443794831634,256.672624964267,157.0
1785383006,0,total,S1,6.800000,0.000000,0,0,0,0,0,0,0,0,0,0,0,1084,0,2100.0,1969.108273461633,1650.9293040144257,2198.879470000975,256.0
1785383006,0,,Aggregated,13.600000,0.000000,0,0,0,0,0,0,0,0,0,0,0,2168,0,260.0,1066.0158509010914,93.47443794831634,2198.879470000975,206.5
1785383007,0,TTFT,S1,6.800000,0.000000,0,0,0,0,0,0,0,0,0,0,0,1084,0,160.0,162.92342834054995,93.47443794831634,256.672624964267,157.0
1785383007,0,total,S1,6.800000,0.000000,0,0,0,0,0,0,0,0,0,0,0,1084,0,2100.0,1969.108273461633,1650.9293040144257,2198.879470000975,256.0
1785383007,0,,Aggregated,13.600000,0.000000,0,0,0,0,0,0,0,0,0,0,0,2168,0,260.0,1066.0158509010914,93.47443794831634,2198.879470000975,206.5
1785383008,0,TTFT,S1,6.800000,0.000000,0,0,0,0,0,0,0,0,0,0,0,1084,0,160.0,162.92342834054995,93.47443794831634,256.672624964267,157.0
1785383008,0,total,S1,6.800000,0.000000,0,0,0,0,0,0,0,0,0,0,0,1084,0,2100.0,1969.108273461633,1650.9293040144257,2198.879470000975,256.0
1785383008,0,,Aggregated,13.600000,0.000000,0,0,0,0,0,0,0,0,0,0,0,2168,0,260.0,1066.0158509010914,93.47443794831634,2198.879470000975,206.5
1785383009,0,TTFT,S1,6.800000,0.000000,0,0,0,0,0,0,0,0,0,0,0,1084,0,160.0,162.92342834054995,93.47443794831634,256.672624964267,157.0
1785383009,0,total,S1,6.800000,0.000000,0,0,0,0,0,0,0,0,0,0,0,1084,0,2100.0,1969.108273461633,1650.9293040144257,2198.879470000975,256.0
1785383009,0,,Aggregated,13.600000,0.000000,0,0,0,0,0,0,0,0,0,0,0,2168,0,260.0,1066.0158509010914,93.47443794831634,2198.879470000975,206.5
1785383010,0,TTFT,S1,6.800000,0.000000,0,0,0,0,0,0,0,0,0,0,0,1084,0,160.0,162.92342834054995,93.47443794831634,256.672624964267,157.0
1785383010,0,total,S1,6.800000,0.000000,0,0,0,0,0,0,0,0,0,0,0,1084,0,2100.0,1969.108273461633,1650.9293040144257,2198.879470000975,256.0
1785383010,0,,Aggregated,13.600000,0.000000,0,0,0,0,0,0,0,0,0,0,0,2168,0,260.0,1066.0158509010914,93.47443794831634,2198.879470000975,206.5
1785383011,0,TTFT,S1,6.800000,0.000000,0,0,0,0,0,0,0,0,0,0,0,1084,0,160.0,162.92342834054995,93.47443794831634,256.672624964267,157.0
1785383011,0,total,S1,6.800000,0.000000,0,0,0,0,0,0,0,0,0,0,0,1084,0,2100.0,1969.108273461633,1650.9293040144257,2198.879470000975,256.0
1785383011,0,,Aggregated,13.600000,0.000000,0,0,0,0,0,0,0,0,0,0,0,2168,0,260.0,1066.0158509010914,93.47443794831634,2198.879470000975,206.5
1785383012,0,TTFT,S1,6.800000,0.000000,0,0,0,0,0,0,0,0,0,0,0,1084,0,160.0,162.92342834054995,93.47443794831634,256.672624964267,157.0
1785383012,0,total,S1,6.800000,0.000000,0,0,0,0,0,0,0,0,0,0,0,1084,0,2100.0,1969.108273461633,1650.9293040144257,2198.879470000975,256.0
1785383012,0,,Aggregated,13.600000,0.000000,0,0,0,0,0,0,0,0,0,0,0,2168,0,260.0,1066.0158509010914,93.47443794831634,2198.879470000975,206.5
1785383013,0,TTFT,S1,6.800000,0.000000,0,0,0,0,0,0,0,0,0,0,0,1084,0,160.0,162.92342834054995,93.47443794831634,256.672624964267,157.0
1785383013,0,total,S1,6.800000,0.000000,0,0,0,0,0,0,0,0,0,0,0,1084,0,2100.0,1969.108273461633,1650.9293040144257,2198.879470000975,256.0
1785383013,0,,Aggregated,13.600000,0.000000,0,0,0,0,0,0,0,0,0,0,0,2168,0,260.0,1066.0158509010914,93.47443794831634,2198.879470000975,206.5
1785383014,0,TTFT,S1,6.800000,0.000000,0,0,0,0,0,0,0,0,0,0,0,1084,0,160.0,162.92342834054995,93.47443794831634,256.672624964267,157.0
1785383014,0,total,S1,6.800000,0.000000,0,0,0,0,0,0,0,0,0,0,0,1084,0,2100.0,1969.108273461633,1650.9293040144257,2198.879470000975,256.0
1785383014,0,,Aggregated,13.600000,0.000000,0,0,0,0,0,0,0,0,0,0,0,2168,0,260.0,1066.0158509010914,93.47443794831634,2198.879470000975,206.5
1785383015,0,TTFT,S1,6.800000,0.000000,0,0,0,0,0,0,0,0,0,0,0,1084,0,160.0,162.92342834054995,93.47443794831634,256.672624964267,157.0
1785383015,0,total,S1,6.800000,0.000000,0,0,0,0,0,0,0,0,0,0,0,1084,0,2100.0,1969.108273461633,1650.9293040144257,2198.879470000975,256.0
1785383015,0,,Aggregated,13.600000,0.000000,0,0,0,0,0,0,0,0,0,0,0,2168,0,260.0,1066.0158509010914,93.47443794831634,2198.879470000975,206.5
1785383016,0,TTFT,S1,6.800000,0.000000,0,0,0,0,0,0,0,0,0,0,0,1084,0,160.0,162.92342834054995,93.47443794831634,256.672624964267,157.0
1785383016,0,total,S1,6.800000,0.000000,0,0,0,0,0,0,0,0,0,0,0,1084,0,2100.0,1969.108273461633,1650.9293040144257,2198.879470000975,256.0
1785383016,0,,Aggregated,13.600000,0.000000,0,0,0,0,0,0,0,0,0,0,0,2168,0,260.0,1066.0158509010914,93.47443794831634,2198.879470000975,206.5
1785383017,0,TTFT,S1,6.800000,0.000000,0,0,0,0,0,0,0,0,0,0,0,1084,0,160.0,162.92342834054995,93.47443794831634,256.672624964267,157.0
1785383017,0,total,S1,6.800000,0.000000,0,0,0,0,0,0,0,0,0,0,0,1084,0,2100.0,1969.108273461633,1650.9293040144257,2198.879470000975,256.0
1785383017,0,,Aggregated,13.600000,0.000000,0,0,0,0,0,0,0,0,0,0,0,2168,0,260.0,1066.0158509010914,93.47443794831634,2198.879470000975,206.5
1785383018,0,TTFT,S1,6.800000,0.000000,0,0,0,0,0,0,0,0,0,0,0,1084,0,160.0,162.92342834054995,93.47443794831634,256.672624964267,157.0
1785383018,0,total,S1,6.800000,0.000000,0,0,0,0,0,0,0,0,0,0,0,1084,0,2100.0,1969.108273461633,1650.9293040144257,2198.879470000975,256.0
1785383018,0,,Aggregated,13.600000,0.000000,0,0,0,0,0,0,0,0,0,0,0,2168,0,260.0,1066.0158509010914,93.47443794831634,2198.879470000975,206.5
1785383019,0,TTFT,S1,6.800000,0.000000,0,0,0,0,0,0,0,0,0,0,0,1084,0,160.0,162.92342834054995,93.47443794831634,256.672624964267,157.0
1785383019,0,total,S1,6.800000,0.000000,0,0,0,0,0,0,0,0,0,0,0,1084,0,2100.0,1969.108273461633,1650.9293040144257,2198.879470000975,256.0
1785383019,0,,Aggregated,13.600000,0.000000,0,0,0,0,0,0,0,0,0,0,0,2168,0,260.0,1066.0158509010914,93.47443794831634,2198.879470000975,206.5
1785383020,0,TTFT,S1,6.800000,0.000000,0,0,0,0,0,0,0,0,0,0,0,1084,0,160.0,162.92342834054995,93.47443794831634,256.672624964267,157.0
1785383020,0,total,S1,6.800000,0.000000,0,0,0,0,0,0,0,0,0,0,0,1084,0,2100.0,1969.108273461633,1650.9293040144257,2198.879470000975,256.0
1785383020,0,,Aggregated,13.600000,0.000000,0,0,0,0,0,0,0,0,0,0,0,2168,0,260.0,1066.0158509010914,93.47443794831634,2198.879470000975,206.5
1785383021,0,TTFT,S1,6.800000,0.000000,0,0,0,0,0,0,0,0,0,0,0,1084,0,160.0,162.92342834054995,93.47443794831634,256.672624964267,157.0
1785383021,0,total,S1,6.800000,0.000000,0,0,0,0,0,0,0,0,0,0,0,1084,0,2100.0,1969.108273461633,1650.9293040144257,2198.879470000975,256.0
1785383021,0,,Aggregated,13.600000,0.000000,0,0,0,0,0,0,0,0,0,0,0,2168,0,260.0,1066.0158509010914,93.47443794831634,2198.879470000975,206.5
1785383022,0,TTFT,S1,6.800000,0.000000,0,0,0,0,0,0,0,0,0,0,0,1084,0,160.0,162.92342834054995,93.47443794831634,256.672624964267,157.0
1785383022,0,total,S1,6.800000,0.000000,0,0,0,0,0,0,0,0,0,0,0,1084,0,2100.0,1969.108273461633,1650.9293040144257,2198.879470000975,256.0
1785383022,0,,Aggregated,13.600000,0.000000,0,0,0,0,0,0,0,0,0,0,0,2168,0,260.0,1066.0158509010914,93.47443794831634,2198.879470000975,206.5
1785383023,0,TTFT,S1,6.800000,0.000000,0,0,0,0,0,0,0,0,0,0,0,1084,0,160.0,162.92342834054995,93.47443794831634,256.672624964267,157.0
1785383023,0,total,S1,6.800000,0.000000,0,0,0,0,0,0,0,0,0,0,0,1084,0,2100.0,1969.108273461633,1650.9293040144257,2198.879470000975,256.0
1785383023,0,,Aggregated,13.600000,0.000000,0,0,0,0,0,0,0,0,0,0,0,2168,0,260.0,1066.0158509010914,93.47443794831634,2198.879470000975,206.5
1785383024,0,TTFT,S1,6.800000,0.000000,0,0,0,0,0,0,0,0,0,0,0,1084,0,160.0,162.92342834054995,93.47443794831634,256.672624964267,157.0
1785383024,0,total,S1,6.800000,0.000000,0,0,0,0,0,0,0,0,0,0,0,1084,0,2100.0,1969.108273461633,1650.9293040144257,2198.879470000975,256.0
1785383024,0,,Aggregated,13.600000,0.000000,0,0,0,0,0,0,0,0,0,0,0,2168,0,260.0,1066.0158509010914,93.47443794831634,2198.879470000975,206.5
1785383025,0,TTFT,S1,6.800000,0.000000,0,0,0,0,0,0,0,0,0,0,0,1084,0,160.0,162.92342834054995,93.47443794831634,256.672624964267,157.0
1785383025,0,total,S1,6.800000,0.000000,0,0,0,0,0,0,0,0,0,0,0,1084,0,2100.0,1969.108273461633,1650.9293040144257,2198.879470000975,256.0
1785383025,0,,Aggregated,13.600000,0.000000,0,0,0,0,0,0,0,0,0,0,0,2168,0,260.0,1066.0158509010914,93.47443794831634,2198.879470000975,206.5
1785383026,0,TTFT,S1,6.800000,0.000000,0,0,0,0,0,0,0,0,0,0,0,1084,0,160.0,162.92342834054995,93.47443794831634,256.672624964267,157.0
1785383026,0,total,S1,6.800000,0.000000,0,0,0,0,0,0,0,0,0,0,0,1084,0,2100.0,1969.108273461633,1650.9293040144257,2198.879470000975,256.0
1785383026,0,,Aggregated,13.600000,0.000000,0,0,0,0,0,0,0,0,0,0,0,2168,0,260.0,1066.0158509010914,93.47443794831634,2198.879470000975,206.5
1785383027,0,TTFT,S1,6.800000,0.000000,0,0,0,0,0,0,0,0,0,0,0,1084,0,160.0,162.92342834054995,93.47443794831634,256.672624964267,157.0
1785383027,0,total,S1,6.800000,0.000000,0,0,0,0,0,0,0,0,0,0,0,1084,0,2100.0,1969.108273461633,1650.9293040144257,2198.879470000975,256.0
1785383027,0,,Aggregated,13.600000,0.000000,0,0,0,0,0,0,0,0,0,0,0,2168,0,260.0,1066.0158509010914,93.47443794831634,2198.879470000975,206.5
1785383028,0,TTFT,S1,6.800000,0.000000,0,0,0,0,0,0,0,0,0,0,0,1084,0,160.0,162.92342834054995,93.47443794831634,256.672624964267,157.0
1785383028,0,total,S1,6.800000,0.000000,0,0,0,0,0,0,0,0,0,0,0,1084,0,2100.0,1969.108273461633,1650.9293040144257,2198.879470000975,256.0
1785383028,0,,Aggregated,13.600000,0.000000,0,0,0,0,0,0,0,0,0,0,0,2168,0,260.0,1066.0158509010914,93.47443794831634,2198.879470000975,206.5
1785383029,0,TTFT,S1,6.800000,0.000000,0,0,0,0,0,0,0,0,0,0,0,1084,0,160.0,162.92342834054995,93.47443794831634,256.672624964267,157.0
1785383029,0,total,S1,6.800000,0.000000,0,0,0,0,0,0,0,0,0,0,0,1084,0,2100.0,1969.108273461633,1650.9293040144257,2198.879470000975,256.0
1785383029,0,,Aggregated,13.600000,0.000000,0,0,0,0,0,0,0,0,0,0,0,2168,0,260.0,1066.0158509010914,93.47443794831634,2198.879470000975,206.5
1785383030,0,TTFT,S1,6.800000,0.000000,0,0,0,0,0,0,0,0,0,0,0,1084,0,160.0,162.92342834054995,93.47443794831634,256.672624964267,157.0
1785383030,0,total,S1,6.800000,0.000000,0,0,0,0,0,0,0,0,0,0,0,1084,0,2100.0,1969.108273461633,1650.9293040144257,2198.879470000975,256.0
1785383030,0,,Aggregated,13.600000,0.000000,0,0,0,0,0,0,0,0,0,0,0,2168,0,260.0,1066.0158509010914,93.47443794831634,2198.879470000975,206.5
1785383031,0,TTFT,S1,6.800000,0.000000,0,0,0,0,0,0,0,0,0,0,0,1084,0,160.0,162.92342834054995,93.47443794831634,256.672624964267,157.0
1785383031,0,total,S1,6.800000,0.000000,0,0,0,0,0,0,0,0,0,0,0,1084,0,2100.0,1969.108273461633,1650.9293040144257,2198.879470000975,256.0
1785383031,0,,Aggregated,13.600000,0.000000,0,0,0,0,0,0,0,0,0,0,0,2168,0,260.0,1066.0158509010914,93.47443794831634,2198.879470000975,206.5
1785383032,0,TTFT,S1,6.800000,0.000000,0,0,0,0,0,0,0,0,0,0,0,1084,0,160.0,162.92342834054995,93.47443794831634,256.672624964267,157.0
1785383032,0,total,S1,6.800000,0.000000,0,0,0,0,0,0,0,0,0,0,0,1084,0,2100.0,1969.108273461633,1650.9293040144257,2198.879470000975,256.0
1785383032,0,,Aggregated,13.600000,0.000000,0,0,0,0,0,0,0,0,0,0,0,2168,0,260.0,1066.0158509010914,93.47443794831634,2198.879470000975,206.5
1785383033,0,TTFT,S1,6.800000,0.000000,0,0,0,0,0,0,0,0,0,0,0,1084,0,160.0,162.92342834054995,93.47443794831634,256.672624964267,157.0
1785383033,0,total,S1,6.800000,0.000000,0,0,0,0,0,0,0,0,0,0,0,1084,0,2100.0,1969.108273461633,1650.9293040144257,2198.879470000975,256.0
1785383033,0,,Aggregated,13.600000,0.000000,0,0,0,0,0,0,0,0,0,0,0,2168,0,260.0,1066.0158509010914,93.47443794831634,2198.879470000975,206.5
1785383034,0,TTFT,S1,6.800000,0.000000,0,0,0,0,0,0,0,0,0,0,0,1084,0,160.0,162.92342834054995,93.47443794831634,256.672624964267,157.0
1785383034,0,total,S1,6.800000,0.000000,0,0,0,0,0,0,0,0,0,0,0,1084,0,2100.0,1969.108273461633,1650.9293040144257,2198.879470000975,256.0
1785383034,0,,Aggregated,13.600000,0.000000,0,0,0,0,0,0,0,0,0,0,0,2168,0,260.0,1066.0158509010914,93.47443794831634,2198.879470000975,206.5
1785383035,0,TTFT,S1,6.800000,0.000000,0,0,0,0,0,0,0,0,0,0,0,1084,0,160.0,162.92342834054995,93.47443794831634,256.672624964267,157.0
1785383035,0,total,S1,6.800000,0.000000,0,0,0,0,0,0,0,0,0,0,0,1084,0,2100.0,1969.108273461633,1650.9293040144257,2198.879470000975,256.0
1785383035,0,,Aggregated,13.600000,0.000000,0,0,0,0,0,0,0,0,0,0,0,2168,0,260.0,1066.0158509010914,93.47443794831634,2198.879470000975,206.5
1785383036,0,TTFT,S1,6.800000,0.000000,0,0,0,0,0,0,0,0,0,0,0,1084,0,160.0,162.92342834054995,93.47443794831634,256.672624964267,157.0
1785383036,0,total,S1,6.800000,0.000000,0,0,0,0,0,0,0,0,0,0,0,1084,0,2100.0,1969.108273461633,1650.9293040144257,2198.879470000975,256.0
1785383036,0,,Aggregated,13.600000,0.000000,0,0,0,0,0,0,0,0,0,0,0,2168,0,260.0,1066.0158509010914,93.47443794831634,2198.879470000975,206.5
1785383037,0,TTFT,S1,6.800000,0.000000,0,0,0,0,0,0,0,0,0,0,0,1084,0,160.0,162.92342834054995,93.47443794831634,256.672624964267,157.0
1785383037,0,total,S1,6.800000,0.000000,0,0,0,0,0,0,0,0,0,0,0,1084,0,2100.0,1969.108273461633,1650.9293040144257,2198.879470000975,256.0
1785383037,0,,Aggregated,13.600000,0.000000,0,0,0,0,0,0,0,0,0,0,0,2168,0,260.0,1066.0158509010914,93.47443794831634,2198.879470000975,206.5
1785383038,0,TTFT,S1,6.800000,0.000000,0,0,0,0,0,0,0,0,0,0,0,1084,0,160.0,162.92342834054995,93.47443794831634,256.672624964267,157.0
1785383038,0,total,S1,6.800000,0.000000,0,0,0,0,0,0,0,0,0,0,0,1084,0,2100.0,1969.108273461633,1650.9293040144257,2198.879470000975,256.0
1785383038,0,,Aggregated,13.600000,0.000000,0,0,0,0,0,0,0,0,0,0,0,2168,0,260.0,1066.0158509010914,93.47443794831634,2198.879470000975,206.5
1785383039,0,TTFT,S1,6.800000,0.000000,0,0,0,0,0,0,0,0,0,0,0,1084,0,160.0,162.92342834054995,93.47443794831634,256.672624964267,157.0
1785383039,0,total,S1,6.800000,0.000000,0,0,0,0,0,0,0,0,0,0,0,1084,0,2100.0,1969.108273461633,1650.9293040144257,2198.879470000975,256.0
1785383039,0,,Aggregated,13.600000,0.000000,0,0,0,0,0,0,0,0,0,0,0,2168,0,260.0,1066.0158509010914,93.47443794831634,2198.879470000975,206.5
1785383040,0,TTFT,S1,6.800000,0.000000,0,0,0,0,0,0,0,0,0,0,0,1084,0,160.0,162.92342834054995,93.47443794831634,256.672624964267,157.0
1785383040,0,total,S1,6.800000,0.000000,0,0,0,0,0,0,0,0,0,0,0,1084,0,2100.0,1969.108273461633,1650.9293040144257,2198.879470000975,256.0
1785383040,0,,Aggregated,13.600000,0.000000,0,0,0,0,0,0,0,0,0,0,0,2168,0,260.0,1066.0158509010914,93.47443794831634,2198.879470000975,206.5
1785383041,0,TTFT,S1,6.800000,0.000000,0,0,0,0,0,0,0,0,0,0,0,1084,0,160.0,162.92342834054995,93.47443794831634,256.672624964267,157.0
1785383041,0,total,S1,6.800000,0.000000,0,0,0,0,0,0,0,0,0,0,0,1084,0,2100.0,1969.108273461633,1650.9293040144257,2198.879470000975,256.0
1785383041,0,,Aggregated,13.600000,0.000000,0,0,0,0,0,0,0,0,0,0,0,2168,0,260.0,1066.0158509010914,93.47443794831634,2198.879470000975,206.5
1785383042,0,TTFT,S1,6.800000,0.000000,0,0,0,0,0,0,0,0,0,0,0,1084,0,160.0,162.92342834054995,93.47443794831634,256.672624964267,157.0
1785383042,0,total,S1,6.800000,0.000000,0,0,0,0,0,0,0,0,0,0,0,1084,0,2100.0,1969.108273461633,1650.9293040144257,2198.879470000975,256.0
1785383042,0,,Aggregated,13.600000,0.000000,0,0,0,0,0,0,0,0,0,0,0,2168,0,260.0,1066.0158509010914,93.47443794831634,2198.879470000975,206.5
1785383043,0,TTFT,S1,6.800000,0.000000,0,0,0,0,0,0,0,0,0,0,0,1084,0,160.0,162.92342834054995,93.47443794831634,256.672624964267,157.0
1785383043,0,total,S1,6.800000,0.000000,0,0,0,0,0,0,0,0,0,0,0,1084,0,2100.0,1969.108273461633,1650.9293040144257,2198.879470000975,256.0
1785383043,0,,Aggregated,13.600000,0.000000,0,0,0,0,0,0,0,0,0,0,0,2168,0,260.0,1066.0158509010914,93.47443794831634,2198.879470000975,206.5
1785383044,0,TTFT,S1,6.800000,0.000000,0,0,0,0,0,0,0,0,0,0,0,1084,0,160.0,162.92342834054995,93.47443794831634,256.672624964267,157.0
1785383044,0,total,S1,6.800000,0.000000,0,0,0,0,0,0,0,0,0,0,0,1084,0,2100.0,1969.108273461633,1650.9293040144257,2198.879470000975,256.0
1785383044,0,,Aggregated,13.600000,0.000000,0,0,0,0,0,0,0,0,0,0,0,2168,0,260.0,1066.0158509010914,93.47443794831634,2198.879470000975,206.5
1785383045,0,TTFT,S1,6.800000,0.000000,0,0,0,0,0,0,0,0,0,0,0,1084,0,160.0,162.92342834054995,93.47443794831634,256.672624964267,157.0
1785383045,0,total,S1,6.800000,0.000000,0,0,0,0,0,0,0,0,0,0,0,1084,0,2100.0,1969.108273461633,1650.9293040144257,2198.879470000975,256.0
1785383045,0,,Aggregated,13.600000,0.000000,0,0,0,0,0,0,0,0,0,0,0,2168,0,260.0,1066.0158509010914,93.47443794831634,2198.879470000975,206.5
1785383046,0,TTFT,S1,6.800000,0.000000,0,0,0,0,0,0,0,0,0,0,0,1084,0,160.0,162.92342834054995,93.47443794831634,256.672624964267,157.0
1785383046,0,total,S1,6.800000,0.000000,0,0,0,0,0,0,0,0,0,0,0,1084,0,2100.0,1969.108273461633,1650.9293040144257,2198.879470000975,256.0
1785383046,0,,Aggregated,13.600000,0.000000,0,0,0,0,0,0,0,0,0,0,0,2168,0,260.0,1066.0158509010914,93.47443794831634,2198.879470000975,206.5
1785383047,0,TTFT,S1,6.800000,0.000000,0,0,0,0,0,0,0,0,0,0,0,1084,0,160.0,162.92342834054995,93.47443794831634,256.672624964267,157.0
1785383047,0,total,S1,6.800000,0.000000,0,0,0,0,0,0,0,0,0,0,0,1084,0,2100.0,1969.108273461633,1650.9293040144257,2198.879470000975,256.0
1785383047,0,,Aggregated,13.600000,0.000000,0,0,0,0,0,0,0,0,0,0,0,2168,0,260.0,1066.0158509010914,93.47443794831634,2198.879470000975,206.5
1785383048,0,TTFT,S1,6.800000,0.000000,0,0,0,0,0,0,0,0,0,0,0,1084,0,160.0,162.92342834054995,93.47443794831634,256.672624964267,157.0
1785383048,0,total,S1,6.800000,0.000000,0,0,0,0,0,0,0,0,0,0,0,1084,0,2100.0,1969.108273461633,1650.9293040144257,2198.879470000975,256.0
1785383048,0,,Aggregated,13.600000,0.000000,0,0,0,0,0,0,0,0,0,0,0,2168,0,260.0,1066.0158509010914,93.47443794831634,2198.879470000975,206.5
1785383049,0,TTFT,S1,6.800000,0.000000,0,0,0,0,0,0,0,0,0,0,0,1084,0,160.0,162.92342834054995,93.47443794831634,256.672624964267,157.0
1785383049,0,total,S1,6.800000,0.000000,0,0,0,0,0,0,0,0,0,0,0,1084,0,2100.0,1969.108273461633,1650.9293040144257,2198.879470000975,256.0
1785383049,0,,Aggregated,13.600000,0.000000,0,0,0,0,0,0,0,0,0,0,0,2168,0,260.0,1066.0158509010914,93.47443794831634,2198.879470000975,206.5
1785383050,0,TTFT,S1,6.800000,0.000000,0,0,0,0,0,0,0,0,0,0,0,1084,0,160.0,162.92342834054995,93.47443794831634,256.672624964267,157.0
1785383050,0,total,S1,6.800000,0.000000,0,0,0,0,0,0,0,0,0,0,0,1084,0,2100.0,1969.108273461633,1650.9293040144257,2198.879470000975,256.0
1785383050,0,,Aggregated,13.600000,0.000000,0,0,0,0,0,0,0,0,0,0,0,2168,0,260.0,1066.0158509010914,93.47443794831634,2198.879470000975,206.5
1785383051,0,TTFT,S1,6.800000,0.000000,0,0,0,0,0,0,0,0,0,0,0,1084,0,160.0,162.92342834054995,93.47443794831634,256.672624964267,157.0
1785383051,0,total,S1,6.800000,0.000000,0,0,0,0,0,0,0,0,0,0,0,1084,0,2100.0,1969.108273461633,1650.9293040144257,2198.879470000975,256.0
1785383051,0,,Aggregated,13.600000,0.000000,0,0,0,0,0,0,0,0,0,0,0,2168,0,260.0,1066.0158509010914,93.47443794831634,2198.879470000975,206.5
1785383052,0,TTFT,S1,6.800000,0.000000,0,0,0,0,0,0,0,0,0,0,0,1084,0,160.0,162.92342834054995,93.47443794831634,256.672624964267,157.0
1785383052,0,total,S1,6.800000,0.000000,0,0,0,0,0,0,0,0,0,0,0,1084,0,2100.0,1969.108273461633,1650.9293040144257,2198.879470000975,256.0
1785383052,0,,Aggregated,13.600000,0.000000,0,0,0,0,0,0,0,0,0,0,0,2168,0,260.0,1066.0158509010914,93.47443794831634,2198.879470000975,206.5
1785383053,0,TTFT,S1,6.800000,0.000000,0,0,0,0,0,0,0,0,0,0,0,1084,0,160.0,162.92342834054995,93.47443794831634,256.672624964267,157.0
1785383053,0,total,S1,6.800000,0.000000,0,0,0,0,0,0,0,0,0,0,0,1084,0,2100.0,1969.108273461633,1650.9293040144257,2198.879470000975,256.0
1785383053,0,,Aggregated,13.600000,0.000000,0,0,0,0,0,0,0,0,0,0,0,2168,0,260.0,1066.0158509010914,93.47443794831634,2198.879470000975,206.5
1785383054,0,TTFT,S1,6.800000,0.000000,0,0,0,0,0,0,0,0,0,0,0,1084,0,160.0,162.92342834054995,93.47443794831634,256.672624964267,157.0
1785383054,0,total,S1,6.800000,0.000000,0,0,0,0,0,0,0,0,0,0,0,1084,0,2100.0,1969.108273461633,1650.9293040144257,2198.879470000975,256.0
1785383054,0,,Aggregated,13.600000,0.000000,0,0,0,0,0,0,0,0,0,0,0,2168,0,260.0,1066.0158509010914,93.47443794831634,2198.879470000975,206.5
1785383055,0,TTFT,S1,6.800000,0.000000,0,0,0,0,0,0,0,0,0,0,0,1084,0,160.0,162.92342834054995,93.47443794831634,256.672624964267,157.0
1785383055,0,total,S1,6.800000,0.000000,0,0,0,0,0,0,0,0,0,0,0,1084,0,2100.0,1969.108273461633,1650.9293040144257,2198.879470000975,256.0
1785383055,0,,Aggregated,13.600000,0.000000,0,0,0,0,0,0,0,0,0,0,0,2168,0,260.0,1066.0158509010914,93.47443794831634,2198.879470000975,206.5
1785383056,0,TTFT,S1,6.800000,0.000000,0,0,0,0,0,0,0,0,0,0,0,1084,0,160.0,162.92342834054995,93.47443794831634,256.672624964267,157.0
1785383056,0,total,S1,6.800000,0.000000,0,0,0,0,0,0,0,0,0,0,0,1084,0,2100.0,1969.108273461633,1650.9293040144257,2198.879470000975,256.0
1785383056,0,,Aggregated,13.600000,0.000000,0,0,0,0,0,0,0,0,0,0,0,2168,0,260.0,1066.0158509010914,93.47443794831634,2198.879470000975,206.5
1785383057,0,TTFT,S1,6.800000,0.000000,0,0,0,0,0,0,0,0,0,0,0,1084,0,160.0,162.92342834054995,93.47443794831634,256.672624964267,157.0
1785383057,0,total,S1,6.800000,0.000000,0,0,0,0,0,0,0,0,0,0,0,1084,0,2100.0,1969.108273461633,1650.9293040144257,2198.879470000975,256.0
1785383057,0,,Aggregated,13.600000,0.000000,0,0,0,0,0,0,0,0,0,0,0,2168,0,260.0,1066.0158509010914,93.47443794831634,2198.879470000975,206.5
1785383058,0,TTFT,S1,6.800000,0.000000,0,0,0,0,0,0,0,0,0,0,0,1084,0,160.0,162.92342834054995,93.47443794831634,256.672624964267,157.0
1785383058,0,total,S1,6.800000,0.000000,0,0,0,0,0,0,0,0,0,0,0,1084,0,2100.0,1969.108273461633,1650.9293040144257,2198.879470000975,256.0
1785383058,0,,Aggregated,13.600000,0.000000,0,0,0,0,0,0,0,0,0,0,0,2168,0,260.0,1066.0158509010914,93.47443794831634,2198.879470000975,206.5
1785383059,0,TTFT,S1,6.800000,0.000000,0,0,0,0,0,0,0,0,0,0,0,1084,0,160.0,162.92342834054995,93.47443794831634,256.672624964267,157.0
1785383059,0,total,S1,6.800000,0.000000,0,0,0,0,0,0,0,0,0,0,0,1084,0,2100.0,1969.108273461633,1650.9293040144257,2198.879470000975,256.0
1785383059,0,,Aggregated,13.600000,0.000000,0,0,0,0,0,0,0,0,0,0,0,2168,0,260.0,1066.0158509010914,93.47443794831634,2198.879470000975,206.5
1785383060,0,TTFT,S1,6.800000,0.000000,0,0,0,0,0,0,0,0,0,0,0,1084,0,160.0,162.92342834054995,93.47443794831634,256.672624964267,157.0
1785383060,0,total,S1,6.800000,0.000000,0,0,0,0,0,0,0,0,0,0,0,1084,0,2100.0,1969.108273461633,1650.9293040144257,2198.879470000975,256.0
1785383060,0,,Aggregated,13.600000,0.000000,0,0,0,0,0,0,0,0,0,0,0,2168,0,260.0,1066.0158509010914,93.47443794831634,2198.879470000975,206.5
1785383061,0,TTFT,S1,6.800000,0.000000,0,0,0,0,0,0,0,0,0,0,0,1084,0,160.0,162.92342834054995,93.47443794831634,256.672624964267,157.0
1785383061,0,total,S1,6.800000,0.000000,0,0,0,0,0,0,0,0,0,0,0,1084,0,2100.0,1969.108273461633,1650.9293040144257,2198.879470000975,256.0
1785383061,0,,Aggregated,13.600000,0.000000,0,0,0,0,0,0,0,0,0,0,0,2168,0,260.0,1066.0158509010914,93.47443794831634,2198.879470000975,206.5
1785383062,0,TTFT,S1,6.800000,0.000000,0,0,0,0,0,0,0,0,0,0,0,1084,0,160.0,162.92342834054995,93.47443794831634,256.672624964267,157.0
1785383062,0,total,S1,6.800000,0.000000,0,0,0,0,0,0,0,0,0,0,0,1084,0,2100.0,1969.108273461633,1650.9293040144257,2198.879470000975,256.0
1785383062,0,,Aggregated,13.600000,0.000000,0,0,0,0,0,0,0,0,0,0,0,2168,0,260.0,1066.0158509010914,93.47443794831634,2198.879470000975,206.5
1785383063,0,TTFT,S1,6.800000,0.000000,0,0,0,0,0,0,0,0,0,0,0,1084,0,160.0,162.92342834054995,93.47443794831634,256.672624964267,157.0
1785383063,0,total,S1,6.800000,0.000000,0,0,0,0,0,0,0,0,0,0,0,1084,0,2100.0,1969.108273461633,1650.9293040144257,2198.879470000975,256.0
1785383063,0,,Aggregated,13.600000,0.000000,0,0,0,0,0,0,0,0,0,0,0,2168,0,260.0,1066.0158509010914,93.47443794831634,2198.879470000975,206.5
1785383064,0,TTFT,S1,6.800000,0.000000,0,0,0,0,0,0,0,0,0,0,0,1084,0,160.0,162.92342834054995,93.47443794831634,256.672624964267,157.0
1785383064,0,total,S1,6.800000,0.000000,0,0,0,0,0,0,0,0,0,0,0,1084,0,2100.0,1969.108273461633,1650.9293040144257,2198.879470000975,256.0
1785383064,0,,Aggregated,13.600000,0.000000,0,0,0,0,0,0,0,0,0,0,0,2168,0,260.0,1066.0158509010914,93.47443794831634,2198.879470000975,206.5
1785383065,0,TTFT,S1,6.800000,0.000000,0,0,0,0,0,0,0,0,0,0,0,1084,0,160.0,162.92342834054995,93.47443794831634,256.672624964267,157.0
1785383065,0,total,S1,6.800000,0.000000,0,0,0,0,0,0,0,0,0,0,0,1084,0,2100.0,1969.108273461633,1650.9293040144257,2198.879470000975,256.0
1785383065,0,,Aggregated,13.600000,0.000000,0,0,0,0,0,0,0,0,0,0,0,2168,0,260.0,1066.0158509010914,93.47443794831634,2198.879470000975,206.5
1785383066,0,TTFT,S1,6.800000,0.000000,0,0,0,0,0,0,0,0,0,0,0,1084,0,160.0,162.92342834054995,93.47443794831634,256.672624964267,157.0
1785383066,0,total,S1,6.800000,0.000000,0,0,0,0,0,0,0,0,0,0,0,1084,0,2100.0,1969.108273461633,1650.9293040144257,2198.879470000975,256.0
1785383066,0,,Aggregated,13.600000,0.000000,0,0,0,0,0,0,0,0,0,0,0,2168,0,260.0,1066.0158509010914,93.47443794831634,2198.879470000975,206.5
1785383067,0,TTFT,S1,6.800000,0.000000,0,0,0,0,0,0,0,0,0,0,0,1084,0,160.0,162.92342834054995,93.47443794831634,256.672624964267,157.0
1785383067,0,total,S1,6.800000,0.000000,0,0,0,0,0,0,0,0,0,0,0,1084,0,2100.0,1969.108273461633,1650.9293040144257,2198.879470000975,256.0
1785383067,0,,Aggregated,13.600000,0.000000,0,0,0,0,0,0,0,0,0,0,0,2168,0,260.0,1066.0158509010914,93.47443794831634,2198.879470000975,206.5
1785383068,0,TTFT,S1,6.800000,0.000000,0,0,0,0,0,0,0,0,0,0,0,1084,0,160.0,162.92342834054995,93.47443794831634,256.672624964267,157.0
1785383068,0,total,S1,6.800000,0.000000,0,0,0,0,0,0,0,0,0,0,0,1084,0,2100.0,1969.108273461633,1650.9293040144257,2198.879470000975,256.0
1785383068,0,,Aggregated,13.600000,0.000000,0,0,0,0,0,0,0,0,0,0,0,2168,0,260.0,1066.0158509010914,93.47443794831634,2198.879470000975,206.5
1785383069,0,TTFT,S1,6.800000,0.000000,0,0,0,0,0,0,0,0,0,0,0,1084,0,160.0,162.92342834054995,93.47443794831634,256.672624964267,157.0
1785383069,0,total,S1,6.800000,0.000000,0,0,0,0,0,0,0,0,0,0,0,1084,0,2100.0,1969.108273461633,1650.9293040144257,2198.879470000975,256.0
1785383069,0,,Aggregated,13.600000,0.000000,0,0,0,0,0,0,0,0,0,0,0,2168,0,260.0,1066.0158509010914,93.47443794831634,2198.879470000975,206.5
1785383070,0,TTFT,S1,6.800000,0.000000,0,0,0,0,0,0,0,0,0,0,0,1084,0,160.0,162.92342834054995,93.47443794831634,256.672624964267,157.0
1785383070,0,total,S1,6.800000,0.000000,0,0,0,0,0,0,0,0,0,0,0,1084,0,2100.0,1969.108273461633,1650.9293040144257,2198.879470000975,256.0
1785383070,0,,Aggregated,13.600000,0.000000,0,0,0,0,0,0,0,0,0,0,0,2168,0,260.0,1066.0158509010914,93.47443794831634,2198.879470000975,206.5
1785383071,0,TTFT,S1,6.800000,0.000000,0,0,0,0,0,0,0,0,0,0,0,1084,0,160.0,162.92342834054995,93.47443794831634,256.672624964267,157.0
1785383071,0,total,S1,6.800000,0.000000,0,0,0,0,0,0,0,0,0,0,0,1084,0,2100.0,1969.108273461633,1650.9293040144257,2198.879470000975,256.0
1785383071,0,,Aggregated,13.600000,0.000000,0,0,0,0,0,0,0,0,0,0,0,2168,0,260.0,1066.0158509010914,93.47443794831634,2198.879470000975,206.5
1785383072,0,TTFT,S1,6.800000,0.000000,0,0,0,0,0,0,0,0,0,0,0,1084,0,160.0,162.92342834054995,93.47443794831634,256.672624964267,157.0
1785383072,0,total,S1,6.800000,0.000000,0,0,0,0,0,0,0,0,0,0,0,1084,0,2100.0,1969.108273461633,1650.9293040144257,2198.879470000975,256.0
1785383072,0,,Aggregated,13.600000,0.000000,0,0,0,0,0,0,0,0,0,0,0,2168,0,260.0,1066.0158509010914,93.47443794831634,2198.879470000975,206.5
1785383073,0,TTFT,S1,6.800000,0.000000,0,0,0,0,0,0,0,0,0,0,0,1084,0,160.0,162.92342834054995,93.47443794831634,256.672624964267,157.0
1785383073,0,total,S1,6.800000,0.000000,0,0,0,0,0,0,0,0,0,0,0,1084,0,2100.0,1969.108273461633,1650.9293040144257,2198.879470000975,256.0
1785383073,0,,Aggregated,13.600000,0.000000,0,0,0,0,0,0,0,0,0,0,0,2168,0,260.0,1066.0158509010914,93.47443794831634,2198.879470000975,206.5
1785383074,0,TTFT,S1,6.800000,0.000000,0,0,0,0,0,0,0,0,0,0,0,1084,0,160.0,162.92342834054995,93.47443794831634,256.672624964267,157.0
1785383074,0,total,S1,6.800000,0.000000,0,0,0,0,0,0,0,0,0,0,0,1084,0,2100.0,1969.108273461633,1650.9293040144257,2198.879470000975,256.0
1785383074,0,,Aggregated,13.600000,0.000000,0,0,0,0,0,0,0,0,0,0,0,2168,0,260.0,1066.0158509010914,93.47443794831634,2198.879470000975,206.5
1785383075,0,TTFT,S1,6.800000,0.000000,0,0,0,0,0,0,0,0,0,0,0,1084,0,160.0,162.92342834054995,93.47443794831634,256.672624964267,157.0
1785383075,0,total,S1,6.800000,0.000000,0,0,0,0,0,0,0,0,0,0,0,1084,0,2100.0,1969.108273461633,1650.9293040144257,2198.879470000975,256.0
1785383075,0,,Aggregated,13.600000,0.000000,0,0,0,0,0,0,0,0,0,0,0,2168,0,260.0,1066.0158509010914,93.47443794831634,2198.879470000975,206.5
1785383076,0,TTFT,S1,6.800000,0.000000,0,0,0,0,0,0,0,0,0,0,0,1084,0,160.0,162.92342834054995,93.47443794831634,256.672624964267,157.0
1785383076,0,total,S1,6.800000,0.000000,0,0,0,0,0,0,0,0,0,0,0,1084,0,2100.0,1969.108273461633,1650.9293040144257,2198.879470000975,256.0
1785383076,0,,Aggregated,13.600000,0.000000,0,0,0,0,0,0,0,0,0,0,0,2168,0,260.0,1066.0158509010914,93.47443794831634,2198.879470000975,206.5
1785383077,0,TTFT,S1,6.800000,0.000000,0,0,0,0,0,0,0,0,0,0,0,1084,0,160.0,162.92342834054995,93.47443794831634,256.672624964267,157.0
1785383077,0,total,S1,6.800000,0.000000,0,0,0,0,0,0,0,0,0,0,0,1084,0,2100.0,1969.108273461633,1650.9293040144257,2198.879470000975,256.0
1785383077,0,,Aggregated,13.600000,0.000000,0,0,0,0,0,0,0,0,0,0,0,2168,0,260.0,1066.0158509010914,93.47443794831634,2198.879470000975,206.5
1785383078,0,TTFT,S1,6.800000,0.000000,0,0,0,0,0,0,0,0,0,0,0,1084,0,160.0,162.92342834054995,93.47443794831634,256.672624964267,157.0
1785383078,0,total,S1,6.800000,0.000000,0,0,0,0,0,0,0,0,0,0,0,1084,0,2100.0,1969.108273461633,1650.9293040144257,2198.879470000975,256.0
1785383078,0,,Aggregated,13.600000,0.000000,0,0,0,0,0,0,0,0,0,0,0,2168,0,260.0,1066.0158509010914,93.47443794831634,2198.879470000975,206.5
1785383079,0,TTFT,S1,6.800000,0.000000,0,0,0,0,0,0,0,0,0,0,0,1084,0,160.0,162.92342834054995,93.47443794831634,256.672624964267,157.0
1785383079,0,total,S1,6.800000,0.000000,0,0,0,0,0,0,0,0,0,0,0,1084,0,2100.0,1969.108273461633,1650.9293040144257,2198.879470000975,256.0
1785383079,0,,Aggregated,13.600000,0.000000,0,0,0,0,0,0,0,0,0,0,0,2168,0,260.0,1066.0158509010914,93.47443794831634,2198.879470000975,206.5
1785383080,0,TTFT,S1,6.800000,0.000000,0,0,0,0,0,0,0,0,0,0,0,1084,0,160.0,162.92342834054995,93.47443794831634,256.672624964267,157.0
1785383080,0,total,S1,6.800000,0.000000,0,0,0,0,0,0,0,0,0,0,0,1084,0,2100.0,1969.108273461633,1650.9293040144257,2198.879470000975,256.0
1785383080,0,,Aggregated,13.600000,0.000000,0,0,0,0,0,0,0,0,0,0,0,2168,0,260.0,1066.0158509010914,93.47443794831634,2198.879470000975,206.5
1785383081,0,TTFT,S1,6.800000,0.000000,0,0,0,0,0,0,0,0,0,0,0,1084,0,160.0,162.92342834054995,93.47443794831634,256.672624964267,157.0
1785383081,0,total,S1,6.800000,0.000000,0,0,0,0,0,0,0,0,0,0,0,1084,0,2100.0,1969.108273461633,1650.9293040144257,2198.879470000975,256.0
1785383081,0,,Aggregated,13.600000,0.000000,0,0,0,0,0,0,0,0,0,0,0,2168,0,260.0,1066.0158509010914,93.47443794831634,2198.879470000975,206.5
1785383082,0,TTFT,S1,6.800000,0.000000,0,0,0,0,0,0,0,0,0,0,0,1084,0,160.0,162.92342834054995,93.47443794831634,256.672624964267,157.0
1785383082,0,total,S1,6.800000,0.000000,0,0,0,0,0,0,0,0,0,0,0,1084,0,2100.0,1969.108273461633,1650.9293040144257,2198.879470000975,256.0
1785383082,0,,Aggregated,13.600000,0.000000,0,0,0,0,0,0,0,0,0,0,0,2168,0,260.0,1066.0158509010914,93.47443794831634,2198.879470000975,206.5
1785383083,0,TTFT,S1,6.800000,0.000000,0,0,0,0,0,0,0,0,0,0,0,1084,0,160.0,162.92342834054995,93.47443794831634,256.672624964267,157.0
1785383083,0,total,S1,6.800000,0.000000,0,0,0,0,0,0,0,0,0,0,0,1084,0,2100.0,1969.108273461633,1650.9293040144257,2198.879470000975,256.0
1785383083,0,,Aggregated,13.600000,0.000000,0,0,0,0,0,0,0,0,0,0,0,2168,0,260.0,1066.0158509010914,93.47443794831634,2198.879470000975,206.5
1785383084,0,TTFT,S1,6.800000,0.000000,0,0,0,0,0,0,0,0,0,0,0,1084,0,160.0,162.92342834054995,93.47443794831634,256.672624964267,157.0
1785383084,0,total,S1,6.800000,0.000000,0,0,0,0,0,0,0,0,0,0,0,1084,0,2100.0,1969.108273461633,1650.9293040144257,2198.879470000975,256.0
1785383084,0,,Aggregated,13.600000,0.000000,0,0,0,0,0,0,0,0,0,0,0,2168,0,260.0,1066.0158509010914,93.47443794831634,2198.879470000975,206.5
1785383085,0,TTFT,S1,6.800000,0.000000,0,0,0,0,0,0,0,0,0,0,0,1084,0,160.0,162.92342834054995,93.47443794831634,256.672624964267,157.0
1785383085,0,total,S1,6.800000,0.000000,0,0,0,0,0,0,0,0,0,0,0,1084,0,2100.0,1969.108273461633,1650.9293040144257,2198.879470000975,256.0
1785383085,0,,Aggregated,13.600000,0.000000,0,0,0,0,0,0,0,0,0,0,0,2168,0,260.0,1066.0158509010914,93.47443794831634,2198.879470000975,206.5
1785383086,0,TTFT,S1,6.800000,0.000000,0,0,0,0,0,0,0,0,0,0,0,1084,0,160.0,162.92342834054995,93.47443794831634,256.672624964267,157.0
1785383086,0,total,S1,6.800000,0.000000,0,0,0,0,0,0,0,0,0,0,0,1084,0,2100.0,1969.108273461633,1650.9293040144257,2198.879470000975,256.0
1785383086,0,,Aggregated,13.600000,0.000000,0,0,0,0,0,0,0,0,0,0,0,2168,0,260.0,1066.0158509010914,93.47443794831634,2198.879470000975,206.5
1785383087,0,TTFT,S1,6.800000,0.000000,0,0,0,0,0,0,0,0,0,0,0,1084,0,160.0,162.92342834054995,93.47443794831634,256.672624964267,157.0
1785383087,0,total,S1,6.800000,0.000000,0,0,0,0,0,0,0,0,0,0,0,1084,0,2100.0,1969.108273461633,1650.9293040144257,2198.879470000975,256.0
1785383087,0,,Aggregated,13.600000,0.000000,0,0,0,0,0,0,0,0,0,0,0,2168,0,260.0,1066.0158509010914,93.47443794831634,2198.879470000975,206.5
1785383088,0,TTFT,S1,6.800000,0.000000,0,0,0,0,0,0,0,0,0,0,0,1084,0,160.0,162.92342834054995,93.47443794831634,256.672624964267,157.0
1785383088,0,total,S1,6.800000,0.000000,0,0,0,0,0,0,0,0,0,0,0,1084,0,2100.0,1969.108273461633,1650.9293040144257,2198.879470000975,256.0
1785383088,0,,Aggregated,13.600000,0.000000,0,0,0,0,0,0,0,0,0,0,0,2168,0,260.0,1066.0158509010914,93.47443794831634,2198.879470000975,206.5
1785383089,0,TTFT,S1,6.800000,0.000000,0,0,0,0,0,0,0,0,0,0,0,1084,0,160.0,162.92342834054995,93.47443794831634,256.672624964267,157.0
1785383089,0,total,S1,6.800000,0.000000,0,0,0,0,0,0,0,0,0,0,0,1084,0,2100.0,1969.108273461633,1650.9293040144257,2198.879470000975,256.0
1785383089,0,,Aggregated,13.600000,0.000000,0,0,0,0,0,0,0,0,0,0,0,2168,0,260.0,1066.0158509010914,93.47443794831634,2198.879470000975,206.5
1785383090,0,TTFT,S1,6.800000,0.000000,0,0,0,0,0,0,0,0,0,0,0,1084,0,160.0,162.92342834054995,93.47443794831634,256.672624964267,157.0
1785383090,0,total,S1,6.800000,0.000000,0,0,0,0,0,0,0,0,0,0,0,1084,0,2100.0,1969.108273461633,1650.9293040144257,2198.879470000975,256.0
1785383090,0,,Aggregated,13.600000,0.000000,0,0,0,0,0,0,0,0,0,0,0,2168,0,260.0,1066.0158509010914,93.47443794831634,2198.879470000975,206.5
1785383091,0,TTFT,S1,6.800000,0.000000,0,0,0,0,0,0,0,0,0,0,0,1084,0,160.0,162.92342834054995,93.47443794831634,256.672624964267,157.0
1785383091,0,total,S1,6.800000,0.000000,0,0,0,0,0,0,0,0,0,0,0,1084,0,2100.0,1969.108273461633,1650.9293040144257,2198.879470000975,256.0
1785383091,0,,Aggregated,13.600000,0.000000,0,0,0,0,0,0,0,0,0,0,0,2168,0,260.0,1066.0158509010914,93.47443794831634,2198.879470000975,206.5
1785383092,0,TTFT,S1,6.800000,0.000000,0,0,0,0,0,0,0,0,0,0,0,1084,0,160.0,162.92342834054995,93.47443794831634,256.672624964267,157.0
1785383092,0,total,S1,6.800000,0.000000,0,0,0,0,0,0,0,0,0,0,0,1084,0,2100.0,1969.108273461633,1650.9293040144257,2198.879470000975,256.0
1785383092,0,,Aggregated,13.600000,0.000000,0,0,0,0,0,0,0,0,0,0,0,2168,0,260.0,1066.0158509010914,93.47443794831634,2198.879470000975,206.5
1785383093,0,TTFT,S1,6.800000,0.000000,0,0,0,0,0,0,0,0,0,0,0,1084,0,160.0,162.92342834054995,93.47443794831634,256.672624964267,157.0
1785383093,0,total,S1,6.800000,0.000000,0,0,0,0,0,0,0,0,0,0,0,1084,0,2100.0,1969.108273461633,1650.9293040144257,2198.879470000975,256.0
1785383093,0,,Aggregated,13.600000,0.000000,0,0,0,0,0,0,0,0,0,0,0,2168,0,260.0,1066.0158509010914,93.47443794831634,2198.879470000975,206.5
1785383094,0,TTFT,S1,6.800000,0.000000,0,0,0,0,0,0,0,0,0,0,0,1084,0,160.0,162.92342834054995,93.47443794831634,256.672624964267,157.0
1785383094,0,total,S1,6.800000,0.000000,0,0,0,0,0,0,0,0,0,0,0,1084,0,2100.0,1969.108273461633,1650.9293040144257,2198.879470000975,256.0
1785383094,0,,Aggregated,13.600000,0.000000,0,0,0,0,0,0,0,0,0,0,0,2168,0,260.0,1066.0158509010914,93.47443794831634,2198.879470000975,206.5
1785383095,0,TTFT,S1,6.800000,0.000000,0,0,0,0,0,0,0,0,0,0,0,1084,0,160.0,162.92342834054995,93.47443794831634,256.672624964267,157.0
1785383095,0,total,S1,6.800000,0.000000,0,0,0,0,0,0,0,0,0,0,0,1084,0,2100.0,1969.108273461633,1650.9293040144257,2198.879470000975,256.0
1785383095,0,,Aggregated,13.600000,0.000000,0,0,0,0,0,0,0,0,0,0,0,2168,0,260.0,1066.0158509010914,93.47443794831634,2198.879470000975,206.5
1785383096,0,TTFT,S1,6.800000,0.000000,0,0,0,0,0,0,0,0,0,0,0,1084,0,160.0,162.92342834054995,93.47443794831634,256.672624964267,157.0
1785383096,0,total,S1,6.800000,0.000000,0,0,0,0,0,0,0,0,0,0,0,1084,0,2100.0,1969.108273461633,1650.9293040144257,2198.879470000975,256.0
1785383096,0,,Aggregated,13.600000,0.000000,0,0,0,0,0,0,0,0,0,0,0,2168,0,260.0,1066.0158509010914,93.47443794831634,2198.879470000975,206.5
1785383097,0,TTFT,S1,6.800000,0.000000,0,0,0,0,0,0,0,0,0,0,0,1084,0,160.0,162.92342834054995,93.47443794831634,256.672624964267,157.0
1785383097,0,total,S1,6.800000,0.000000,0,0,0,0,0,0,0,0,0,0,0,1084,0,2100.0,1969.108273461633,1650.9293040144257,2198.879470000975,256.0
1785383097,0,,Aggregated,13.600000,0.000000,0,0,0,0,0,0,0,0,0,0,0,2168,0,260.0,1066.0158509010914,93.47443794831634,2198.879470000975,206.5
1785383098,0,TTFT,S1,6.800000,0.000000,0,0,0,0,0,0,0,0,0,0,0,1084,0,160.0,162.92342834054995,93.47443794831634,256.672624964267,157.0
1785383098,0,total,S1,6.800000,0.000000,0,0,0,0,0,0,0,0,0,0,0,1084,0,2100.0,1969.108273461633,1650.9293040144257,2198.879470000975,256.0
1785383098,0,,Aggregated,13.600000,0.000000,0,0,0,0,0,0,0,0,0,0,0,2168,0,260.0,1066.0158509010914,93.47443794831634,2198.879470000975,206.5
1785383099,0,TTFT,S1,6.800000,0.000000,0,0,0,0,0,0,0,0,0,0,0,1084,0,160.0,162.92342834054995,93.47443794831634,256.672624964267,157.0
1785383099,0,total,S1,6.800000,0.000000,0,0,0,0,0,0,0,0,0,0,0,1084,0,2100.0,1969.108273461633,1650.9293040144257,2198.879470000975,256.0
1785383099,0,,Aggregated,13.600000,0.000000,0,0,0,0,0,0,0,0,0,0,0,2168,0,260.0,1066.0158509010914,93.47443794831634,2198.879470000975,206.5
1785383100,0,TTFT,S1,6.800000,0.000000,0,0,0,0,0,0,0,0,0,0,0,1084,0,160.0,162.92342834054995,93.47443794831634,256.672624964267,157.0
1785383100,0,total,S1,6.800000,0.000000,0,0,0,0,0,0,0,0,0,0,0,1084,0,2100.0,1969.108273461633,1650.9293040144257,2198.879470000975,256.0
1785383100,0,,Aggregated,13.600000,0.000000,0,0,0,0,0,0,0,0,0,0,0,2168,0,260.0,1066.0158509010914,93.47443794831634,2198.879470000975,206.5
1785383101,0,TTFT,S1,6.800000,0.000000,0,0,0,0,0,0,0,0,0,0,0,1084,0,160.0,162.92342834054995,93.47443794831634,256.672624964267,157.0
1785383101,0,total,S1,6.800000,0.000000,0,0,0,0,0,0,0,0,0,0,0,1084,0,2100.0,1969.108273461633,1650.9293040144257,2198.879470000975,256.0
1785383101,0,,Aggregated,13.600000,0.000000,0,0,0,0,0,0,0,0,0,0,0,2168,0,260.0,1066.0158509010914,93.47443794831634,2198.879470000975,206.5
1785383102,0,TTFT,S1,6.800000,0.000000,0,0,0,0,0,0,0,0,0,0,0,1084,0,160.0,162.92342834054995,93.47443794831634,256.672624964267,157.0
1785383102,0,total,S1,6.800000,0.000000,0,0,0,0,0,0,0,0,0,0,0,1084,0,2100.0,1969.108273461633,1650.9293040144257,2198.879470000975,256.0
1785383102,0,,Aggregated,13.600000,0.000000,0,0,0,0,0,0,0,0,0,0,0,2168,0,260.0,1066.0158509010914,93.47443794831634,2198.879470000975,206.5
1785383103,0,TTFT,S1,6.800000,0.000000,0,0,0,0,0,0,0,0,0,0,0,1084,0,160.0,162.92342834054995,93.47443794831634,256.672624964267,157.0
1785383103,0,total,S1,6.800000,0.000000,0,0,0,0,0,0,0,0,0,0,0,1084,0,2100.0,1969.108273461633,1650.9293040144257,2198.879470000975,256.0
1785383103,0,,Aggregated,13.600000,0.000000,0,0,0,0,0,0,0,0,0,0,0,2168,0,260.0,1066.0158509010914,93.47443794831634,2198.879470000975,206.5
1785383104,0,TTFT,S1,6.800000,0.000000,0,0,0,0,0,0,0,0,0,0,0,1084,0,160.0,162.92342834054995,93.47443794831634,256.672624964267,157.0
1785383104,0,total,S1,6.800000,0.000000,0,0,0,0,0,0,0,0,0,0,0,1084,0,2100.0,1969.108273461633,1650.9293040144257,2198.879470000975,256.0
1785383104,0,,Aggregated,13.600000,0.000000,0,0,0,0,0,0,0,0,0,0,0,2168,0,260.0,1066.0158509010914,93.47443794831634,2198.879470000975,206.5
1785383105,0,TTFT,S1,6.800000,0.000000,0,0,0,0,0,0,0,0,0,0,0,1084,0,160.0,162.92342834054995,93.47443794831634,256.672624964267,157.0
1785383105,0,total,S1,6.800000,0.000000,0,0,0,0,0,0,0,0,0,0,0,1084,0,2100.0,1969.108273461633,1650.9293040144257,2198.879470000975,256.0
1785383105,0,,Aggregated,13.600000,0.000000,0,0,0,0,0,0,0,0,0,0,0,2168,0,260.0,1066.0158509010914,93.47443794831634,2198.879470000975,206.5
1785383106,0,TTFT,S1,6.800000,0.000000,0,0,0,0,0,0,0,0,0,0,0,1084,0,160.0,162.92342834054995,93.47443794831634,256.672624964267,157.0
1785383106,0,total,S1,6.800000,0.000000,0,0,0,0,0,0,0,0,0,0,0,1084,0,2100.0,1969.108273461633,1650.9293040144257,2198.879470000975,256.0
1785383106,0,,Aggregated,13.600000,0.000000,0,0,0,0,0,0,0,0,0,0,0,2168,0,260.0,1066.0158509010914,93.47443794831634,2198.879470000975,206.5
1785383107,0,TTFT,S1,6.800000,0.000000,0,0,0,0,0,0,0,0,0,0,0,1084,0,160.0,162.92342834054995,93.47443794831634,256.672624964267,157.0
1785383107,0,total,S1,6.800000,0.000000,0,0,0,0,0,0,0,0,0,0,0,1084,0,2100.0,1969.108273461633,1650.9293040144257,2198.879470000975,256.0
1785383107,0,,Aggregated,13.600000,0.000000,0,0,0,0,0,0,0,0,0,0,0,2168,0,260.0,1066.0158509010914,93.47443794831634,2198.879470000975,206.5
1785383108,0,TTFT,S1,6.800000,0.000000,0,0,0,0,0,0,0,0,0,0,0,1084,0,160.0,162.92342834054995,93.47443794831634,256.672624964267,157.0
1785383108,0,total,S1,6.800000,0.000000,0,0,0,0,0,0,0,0,0,0,0,1084,0,2100.0,1969.108273461633,1650.9293040144257,2198.879470000975,256.0
1785383108,0,,Aggregated,13.600000,0.000000,0,0,0,0,0,0,0,0,0,0,0,2168,0,260.0,1066.0158509010914,93.47443794831634,2198.879470000975,206.5
1785383109,0,TTFT,S1,6.800000,0.000000,0,0,0,0,0,0,0,0,0,0,0,1084,0,160.0,162.92342834054995,93.47443794831634,256.672624964267,157.0
1785383109,0,total,S1,6.800000,0.000000,0,0,0,0,0,0,0,0,0,0,0,1084,0,2100.0,1969.108273461633,1650.9293040144257,2198.879470000975,256.0
1785383109,0,,Aggregated,13.600000,0.000000,0,0,0,0,0,0,0,0,0,0,0,2168,0,260.0,1066.0158509010914,93.47443794831634,2198.879470000975,206.5
1785383110,0,TTFT,S1,6.800000,0.000000,0,0,0,0,0,0,0,0,0,0,0,1084,0,160.0,162.92342834054995,93.47443794831634,256.672624964267,157.0
1785383110,0,total,S1,6.800000,0.000000,0,0,0,0,0,0,0,0,0,0,0,1084,0,2100.0,1969.108273461633,1650.9293040144257,2198.879470000975,256.0
1785383110,0,,Aggregated,13.600000,0.000000,0,0,0,0,0,0,0,0,0,0,0,2168,0,260.0,1066.0158509010914,93.47443794831634,2198.879470000975,206.5
1785383111,0,TTFT,S1,6.800000,0.000000,0,0,0,0,0,0,0,0,0,0,0,1084,0,160.0,162.92342834054995,93.47443794831634,256.672624964267,157.0
1785383111,0,total,S1,6.800000,0.000000,0,0,0,0,0,0,0,0,0,0,0,1084,0,2100.0,1969.108273461633,1650.9293040144257,2198.879470000975,256.0
1785383111,0,,Aggregated,13.600000,0.000000,0,0,0,0,0,0,0,0,0,0,0,2168,0,260.0,1066.0158509010914,93.47443794831634,2198.879470000975,206.5
1785383112,0,TTFT,S1,6.800000,0.000000,0,0,0,0,0,0,0,0,0,0,0,1084,0,160.0,162.92342834054995,93.47443794831634,256.672624964267,157.0
1785383112,0,total,S1,6.800000,0.000000,0,0,0,0,0,0,0,0,0,0,0,1084,0,2100.0,1969.108273461633,1650.9293040144257,2198.879470000975,256.0
1785383112,0,,Aggregated,13.600000,0.000000,0,0,0,0,0,0,0,0,0,0,0,2168,0,260.0,1066.0158509010914,93.47443794831634,2198.879470000975,206.5
1785383113,0,TTFT,S1,6.800000,0.000000,0,0,0,0,0,0,0,0,0,0,0,1084,0,160.0,162.92342834054995,93.47443794831634,256.672624964267,157.0
1785383113,0,total,S1,6.800000,0.000000,0,0,0,0,0,0,0,0,0,0,0,1084,0,2100.0,1969.108273461633,1650.9293040144257,2198.879470000975,256.0
1785383113,0,,Aggregated,13.600000,0.000000,0,0,0,0,0,0,0,0,0,0,0,2168,0,260.0,1066.0158509010914,93.47443794831634,2198.879470000975,206.5
1785383114,0,TTFT,S1,6.800000,0.000000,0,0,0,0,0,0,0,0,0,0,0,1084,0,160.0,162.92342834054995,93.47443794831634,256.672624964267,157.0
1785383114,0,total,S1,6.800000,0.000000,0,0,0,0,0,0,0,0,0,0,0,1084,0,2100.0,1969.108273461633,1650.9293040144257,2198.879470000975,256.0
1785383114,0,,Aggregated,13.600000,0.000000,0,0,0,0,0,0,0,0,0,0,0,2168,0,260.0,1066.0158509010914,93.47443794831634,2198.879470000975,206.5
1785383115,0,TTFT,S1,6.800000,0.000000,0,0,0,0,0,0,0,0,0,0,0,1084,0,160.0,162.92342834054995,93.47443794831634,256.672624964267,157.0
1785383115,0,total,S1,6.800000,0.000000,0,0,0,0,0,0,0,0,0,0,0,1084,0,2100.0,1969.108273461633,1650.9293040144257,2198.879470000975,256.0
1785383115,0,,Aggregated,13.600000,0.000000,0,0,0,0,0,0,0,0,0,0,0,2168,0,260.0,1066.0158509010914,93.47443794831634,2198.879470000975,206.5
1785383116,0,TTFT,S1,6.800000,0.000000,0,0,0,0,0,0,0,0,0,0,0,1084,0,160.0,162.92342834054995,93.47443794831634,256.672624964267,157.0
1785383116,0,total,S1,6.800000,0.000000,0,0,0,0,0,0,0,0,0,0,0,1084,0,2100.0,1969.108273461633,1650.9293040144257,2198.879470000975,256.0
1785383116,0,,Aggregated,13.600000,0.000000,0,0,0,0,0,0,0,0,0,0,0,2168,0,260.0,1066.0158509010914,93.47443794831634,2198.879470000975,206.5
1785383117,0,TTFT,S1,6.800000,0.000000,0,0,0,0,0,0,0,0,0,0,0,1084,0,160.0,162.92342834054995,93.47443794831634,256.672624964267,157.0
1785383117,0,total,S1,6.800000,0.000000,0,0,0,0,0,0,0,0,0,0,0,1084,0,2100.0,1969.108273461633,1650.9293040144257,2198.879470000975,256.0
1785383117,0,,Aggregated,13.600000,0.000000,0,0,0,0,0,0,0,0,0,0,0,2168,0,260.0,1066.0158509010914,93.47443794831634,2198.879470000975,206.5
1785383118,0,TTFT,S1,6.800000,0.000000,0,0,0,0,0,0,0,0,0,0,0,1084,0,160.0,162.92342834054995,93.47443794831634,256.672624964267,157.0
1785383118,0,total,S1,6.800000,0.000000,0,0,0,0,0,0,0,0,0,0,0,1084,0,2100.0,1969.108273461633,1650.9293040144257,2198.879470000975,256.0
1785383118,0,,Aggregated,13.600000,0.000000,0,0,0,0,0,0,0,0,0,0,0,2168,0,260.0,1066.0158509010914,93.47443794831634,2198.879470000975,206.5
1785383119,0,TTFT,S1,6.800000,0.000000,0,0,0,0,0,0,0,0,0,0,0,1084,0,160.0,162.92342834054995,93.47443794831634,256.672624964267,157.0
1785383119,0,total,S1,6.800000,0.000000,0,0,0,0,0,0,0,0,0,0,0,1084,0,2100.0,1969.108273461633,1650.9293040144257,2198.879470000975,256.0
1785383119,0,,Aggregated,13.600000,0.000000,0,0,0,0,0,0,0,0,0,0,0,2168,0,260.0,1066.0158509010914,93.47443794831634,2198.879470000975,206.5
1785383120,0,TTFT,S1,6.800000,0.000000,0,0,0,0,0,0,0,0,0,0,0,1084,0,160.0,162.92342834054995,93.47443794831634,256.672624964267,157.0
1785383120,0,total,S1,6.800000,0.000000,0,0,0,0,0,0,0,0,0,0,0,1084,0,2100.0,1969.108273461633,1650.9293040144257,2198.879470000975,256.0
1785383120,0,,Aggregated,13.600000,0.000000,0,0,0,0,0,0,0,0,0,0,0,2168,0,260.0,1066.0158509010914,93.47443794831634,2198.879470000975,206.5
1785383121,0,TTFT,S1,6.800000,0.000000,0,0,0,0,0,0,0,0,0,0,0,1084,0,160.0,162.92342834054995,93.47443794831634,256.672624964267,157.0
1785383121,0,total,S1,6.800000,0.000000,0,0,0,0,0,0,0,0,0,0,0,1084,0,2100.0,1969.108273461633,1650.9293040144257,2198.879470000975,256.0
1785383121,0,,Aggregated,13.600000,0.000000,0,0,0,0,0,0,0,0,0,0,0,2168,0,260.0,1066.0158509010914,93.47443794831634,2198.879470000975,206.5
1785383122,0,TTFT,S1,6.800000,0.000000,0,0,0,0,0,0,0,0,0,0,0,1084,0,160.0,162.92342834054995,93.47443794831634,256.672624964267,157.0
1785383122,0,total,S1,6.800000,0.000000,0,0,0,0,0,0,0,0,0,0,0,1084,0,2100.0,1969.108273461633,1650.9293040144257,2198.879470000975,256.0
1785383122,0,,Aggregated,13.600000,0.000000,0,0,0,0,0,0,0,0,0,0,0,2168,0,260.0,1066.0158509010914,93.47443794831634,2198.879470000975,206.5
1785383123,0,TTFT,S1,6.800000,0.000000,0,0,0,0,0,0,0,0,0,0,0,1084,0,160.0,162.92342834054995,93.47443794831634,256.672624964267,157.0
1785383123,0,total,S1,6.800000,0.000000,0,0,0,0,0,0,0,0,0,0,0,1084,0,2100.0,1969.108273461633,1650.9293040144257,2198.879470000975,256.0
1785383123,0,,Aggregated,13.600000,0.000000,0,0,0,0,0,0,0,0,0,0,0,2168,0,260.0,1066.0158509010914,93.47443794831634,2198.879470000975,206.5
1785383124,0,TTFT,S1,6.800000,0.000000,0,0,0,0,0,0,0,0,0,0,0,1084,0,160.0,162.92342834054995,93.47443794831634,256.672624964267,157.0
1785383124,0,total,S1,6.800000,0.000000,0,0,0,0,0,0,0,0,0,0,0,1084,0,2100.0,1969.108273461633,1650.9293040144257,2198.879470000975,256.0
1785383124,0,,Aggregated,13.600000,0.000000,0,0,0,0,0,0,0,0,0,0,0,2168,0,260.0,1066.0158509010914,93.47443794831634,2198.879470000975,206.5
1785383125,0,TTFT,S1,6.800000,0.000000,0,0,0,0,0,0,0,0,0,0,0,1084,0,160.0,162.92342834054995,93.47443794831634,256.672624964267,157.0
1785383125,0,total,S1,6.800000,0.000000,0,0,0,0,0,0,0,0,0,0,0,1084,0,2100.0,1969.108273461633,1650.9293040144257,2198.879470000975,256.0
1785383125,0,,Aggregated,13.600000,0.000000,0,0,0,0,0,0,0,0,0,0,0,2168,0,260.0,1066.0158509010914,93.47443794831634,2198.879470000975,206.5
1785383126,0,TTFT,S1,6.800000,0.000000,0,0,0,0,0,0,0,0,0,0,0,1084,0,160.0,162.92342834054995,93.47443794831634,256.672624964267,157.0
1785383126,0,total,S1,6.800000,0.000000,0,0,0,0,0,0,0,0,0,0,0,1084,0,2100.0,1969.108273461633,1650.9293040144257,2198.879470000975,256.0
1785383126,0,,Aggregated,13.600000,0.000000,0,0,0,0,0,0,0,0,0,0,0,2168,0,260.0,1066.0158509010914,93.47443794831634,2198.879470000975,206.5
1785383127,0,TTFT,S1,6.800000,0.000000,0,0,0,0,0,0,0,0,0,0,0,1084,0,160.0,162.92342834054995,93.47443794831634,256.672624964267,157.0
1785383127,0,total,S1,6.800000,0.000000,0,0,0,0,0,0,0,0,0,0,0,1084,0,2100.0,1969.108273461633,1650.9293040144257,2198.879470000975,256.0
1785383127,0,,Aggregated,13.600000,0.000000,0,0,0,0,0,0,0,0,0,0,0,2168,0,260.0,1066.0158509010914,93.47443794831634,2198.879470000975,206.5
1785383128,0,TTFT,S1,6.800000,0.000000,0,0,0,0,0,0,0,0,0,0,0,1084,0,160.0,162.92342834054995,93.47443794831634,256.672624964267,157.0
1785383128,0,total,S1,6.800000,0.000000,0,0,0,0,0,0,0,0,0,0,0,1084,0,2100.0,1969.108273461633,1650.9293040144257,2198.879470000975,256.0
1785383128,0,,Aggregated,13.600000,0.000000,0,0,0,0,0,0,0,0,0,0,0,2168,0,260.0,1066.0158509010914,93.47443794831634,2198.879470000975,206.5
1785383129,0,TTFT,S1,6.800000,0.000000,0,0,0,0,0,0,0,0,0,0,0,1084,0,160.0,162.92342834054995,93.47443794831634,256.672624964267,157.0
1785383129,0,total,S1,6.800000,0.000000,0,0,0,0,0,0,0,0,0,0,0,1084,0,2100.0,1969.108273461633,1650.9293040144257,2198.879470000975,256.0
1785383129,0,,Aggregated,13.600000,0.000000,0,0,0,0,0,0,0,0,0,0,0,2168,0,260.0,1066.0158509010914,93.47443794831634,2198.879470000975,206.5
1785383130,0,TTFT,S1,6.800000,0.000000,0,0,0,0,0,0,0,0,0,0,0,1084,0,160.0,162.92342834054995,93.47443794831634,256.672624964267,157.0
1785383130,0,total,S1,6.800000,0.000000,0,0,0,0,0,0,0,0,0,0,0,1084,0,2100.0,1969.108273461633,1650.9293040144257,2198.879470000975,256.0
1785383130,0,,Aggregated,13.600000,0.000000,0,0,0,0,0,0,0,0,0,0,0,2168,0,260.0,1066.0158509010914,93.47443794831634,2198.879470000975,206.5
1785383131,0,TTFT,S1,6.800000,0.000000,0,0,0,0,0,0,0,0,0,0,0,1084,0,160.0,162.92342834054995,93.47443794831634,256.672624964267,157.0
1785383131,0,total,S1,6.800000,0.000000,0,0,0,0,0,0,0,0,0,0,0,1084,0,2100.0,1969.108273461633,1650.9293040144257,2198.879470000975,256.0
1785383131,0,,Aggregated,13.600000,0.000000,0,0,0,0,0,0,0,0,0,0,0,2168,0,260.0,1066.0158509010914,93.47443794831634,2198.879470000975,206.5
1785383132,0,TTFT,S1,6.800000,0.000000,0,0,0,0,0,0,0,0,0,0,0,1084,0,160.0,162.92342834054995,93.47443794831634,256.672624964267,157.0
1785383132,0,total,S1,6.800000,0.000000,0,0,0,0,0,0,0,0,0,0,0,1084,0,2100.0,1969.108273461633,1650.9293040144257,2198.879470000975,256.0
1785383132,0,,Aggregated,13.600000,0.000000,0,0,0,0,0,0,0,0,0,0,0,2168,0,260.0,1066.0158509010914,93.47443794831634,2198.879470000975,206.5
1785383133,0,TTFT,S1,6.800000,0.000000,0,0,0,0,0,0,0,0,0,0,0,1084,0,160.0,162.92342834054995,93.47443794831634,256.672624964267,157.0
1785383133,0,total,S1,6.800000,0.000000,0,0,0,0,0,0,0,0,0,0,0,1084,0,2100.0,1969.108273461633,1650.9293040144257,2198.879470000975,256.0
1785383133,0,,Aggregated,13.600000,0.000000,0,0,0,0,0,0,0,0,0,0,0,2168,0,260.0,1066.0158509010914,93.47443794831634,2198.879470000975,206.5
1785383134,0,TTFT,S1,6.800000,0.000000,0,0,0,0,0,0,0,0,0,0,0,1084,0,160.0,162.92342834054995,93.47443794831634,256.672624964267,157.0
1785383134,0,total,S1,6.800000,0.000000,0,0,0,0,0,0,0,0,0,0,0,1084,0,2100.0,1969.108273461633,1650.9293040144257,2198.879470000975,256.0
1785383134,0,,Aggregated,13.600000,0.000000,0,0,0,0,0,0,0,0,0,0,0,2168,0,260.0,1066.0158509010914,93.47443794831634,2198.879470000975,206.5
1785383135,0,TTFT,S1,6.800000,0.000000,0,0,0,0,0,0,0,0,0,0,0,1084,0,160.0,162.92342834054995,93.47443794831634,256.672624964267,157.0
1785383135,0,total,S1,6.800000,0.000000,0,0,0,0,0,0,0,0,0,0,0,1084,0,2100.0,1969.108273461633,1650.9293040144257,2198.879470000975,256.0
1785383135,0,,Aggregated,13.600000,0.000000,0,0,0,0,0,0,0,0,0,0,0,2168,0,260.0,1066.0158509010914,93.47443794831634,2198.879470000975,206.5
1785383136,0,TTFT,S1,6.800000,0.000000,0,0,0,0,0,0,0,0,0,0,0,1084,0,160.0,162.92342834054995,93.47443794831634,256.672624964267,157.0
1785383136,0,total,S1,6.800000,0.000000,0,0,0,0,0,0,0,0,0,0,0,1084,0,2100.0,1969.108273461633,1650.9293040144257,2198.879470000975,256.0
1785383136,0,,Aggregated,13.600000,0.000000,0,0,0,0,0,0,0,0,0,0,0,2168,0,260.0,1066.0158509010914,93.47443794831634,2198.879470000975,206.5
1785383137,0,TTFT,S1,6.800000,0.000000,0,0,0,0,0,0,0,0,0,0,0,1084,0,160.0,162.92342834054995,93.47443794831634,256.672624964267,157.0
1785383137,0,total,S1,6.800000,0.000000,0,0,0,0,0,0,0,0,0,0,0,1084,0,2100.0,1969.108273461633,1650.9293040144257,2198.879470000975,256.0
1785383137,0,,Aggregated,13.600000,0.000000,0,0,0,0,0,0,0,0,0,0,0,2168,0,260.0,1066.0158509010914,93.47443794831634,2198.879470000975,206.5
1785383138,0,TTFT,S1,6.800000,0.000000,0,0,0,0,0,0,0,0,0,0,0,1084,0,160.0,162.92342834054995,93.47443794831634,256.672624964267,157.0
1785383138,0,total,S1,6.800000,0.000000,0,0,0,0,0,0,0,0,0,0,0,1084,0,2100.0,1969.108273461633,1650.9293040144257,2198.879470000975,256.0
1785383138,0,,Aggregated,13.600000,0.000000,0,0,0,0,0,0,0,0,0,0,0,2168,0,260.0,1066.0158509010914,93.47443794831634,2198.879470000975,206.5
1785383139,0,TTFT,S1,6.800000,0.000000,0,0,0,0,0,0,0,0,0,0,0,1084,0,160.0,162.92342834054995,93.47443794831634,256.672624964267,157.0
1785383139,0,total,S1,6.800000,0.000000,0,0,0,0,0,0,0,0,0,0,0,1084,0,2100.0,1969.108273461633,1650.9293040144257,2198.879470000975,256.0
1785383139,0,,Aggregated,13.600000,0.000000,0,0,0,0,0,0,0,0,0,0,0,2168,0,260.0,1066.0158509010914,93.47443794831634,2198.879470000975,206.5
1785383140,0,TTFT,S1,6.800000,0.000000,0,0,0,0,0,0,0,0,0,0,0,1084,0,160.0,162.92342834054995,93.47443794831634,256.672624964267,157.0
1785383140,0,total,S1,6.800000,0.000000,0,0,0,0,0,0,0,0,0,0,0,1084,0,2100.0,1969.108273461633,1650.9293040144257,2198.879470000975,256.0
1785383140,0,,Aggregated,13.600000,0.000000,0,0,0,0,0,0,0,0,0,0,0,2168,0,260.0,1066.0158509010914,93.47443794831634,2198.879470000975,206.5
1785383141,0,TTFT,S1,6.800000,0.000000,0,0,0,0,0,0,0,0,0,0,0,1084,0,160.0,162.92342834054995,93.47443794831634,256.672624964267,157.0
1785383141,0,total,S1,6.800000,0.000000,0,0,0,0,0,0,0,0,0,0,0,1084,0,2100.0,1969.108273461633,1650.9293040144257,2198.879470000975,256.0
1785383141,0,,Aggregated,13.600000,0.000000,0,0,0,0,0,0,0,0,0,0,0,2168,0,260.0,1066.0158509010914,93.47443794831634,2198.879470000975,206.5
1785383142,0,TTFT,S1,6.800000,0.000000,0,0,0,0,0,0,0,0,0,0,0,1084,0,160.0,162.92342834054995,93.47443794831634,256.672624964267,157.0
1785383142,0,total,S1,6.800000,0.000000,0,0,0,0,0,0,0,0,0,0,0,1084,0,2100.0,1969.108273461633,1650.9293040144257,2198.879470000975,256.0
1785383142,0,,Aggregated,13.600000,0.000000,0,0,0,0,0,0,0,0,0,0,0,2168,0,260.0,1066.0158509010914,93.47443794831634,2198.879470000975,206.5
1785383143,0,TTFT,S1,6.800000,0.000000,0,0,0,0,0,0,0,0,0,0,0,1084,0,160.0,162.92342834054995,93.47443794831634,256.672624964267,157.0
1785383143,0,total,S1,6.800000,0.000000,0,0,0,0,0,0,0,0,0,0,0,1084,0,2100.0,1969.108273461633,1650.9293040144257,2198.879470000975,256.0
1785383143,0,,Aggregated,13.600000,0.000000,0,0,0,0,0,0,0,0,0,0,0,2168,0,260.0,1066.0158509010914,93.47443794831634,2198.879470000975,206.5
1785383144,0,TTFT,S1,6.800000,0.000000,0,0,0,0,0,0,0,0,0,0,0,1084,0,160.0,162.92342834054995,93.47443794831634,256.672624964267,157.0
1785383144,0,total,S1,6.800000,0.000000,0,0,0,0,0,0,0,0,0,0,0,1084,0,2100.0,1969.108273461633,1650.9293040144257,2198.879470000975,256.0
1785383144,0,,Aggregated,13.600000,0.000000,0,0,0,0,0,0,0,0,0,0,0,2168,0,260.0,1066.0158509010914,93.47443794831634,2198.879470000975,206.5
1785383145,0,TTFT,S1,6.800000,0.000000,0,0,0,0,0,0,0,0,0,0,0,1084,0,160.0,162.92342834054995,93.47443794831634,256.672624964267,157.0
1785383145,0,total,S1,6.800000,0.000000,0,0,0,0,0,0,0,0,0,0,0,1084,0,2100.0,1969.108273461633,1650.9293040144257,2198.879470000975,256.0
1785383145,0,,Aggregated,13.600000,0.000000,0,0,0,0,0,0,0,0,0,0,0,2168,0,260.0,1066.0158509010914,93.47443794831634,2198.879470000975,206.5
1785383146,0,TTFT,S1,6.800000,0.000000,0,0,0,0,0,0,0,0,0,0,0,1084,0,160.0,162.92342834054995,93.47443794831634,256.672624964267,157.0
1785383146,0,total,S1,6.800000,0.000000,0,0,0,0,0,0,0,0,0,0,0,1084,0,2100.0,1969.108273461633,1650.9293040144257,2198.879470000975,256.0
1785383146,0,,Aggregated,13.600000,0.000000,0,0,0,0,0,0,0,0,0,0,0,2168,0,260.0,1066.0158509010914,93.47443794831634,2198.879470000975,206.5
1785383147,0,TTFT,S1,6.800000,0.000000,0,0,0,0,0,0,0,0,0,0,0,1084,0,160.0,162.92342834054995,93.47443794831634,256.672624964267,157.0
1785383147,0,total,S1,6.800000,0.000000,0,0,0,0,0,0,0,0,0,0,0,1084,0,2100.0,1969.108273461633,1650.9293040144257,2198.879470000975,256.0
1785383147,0,,Aggregated,13.600000,0.000000,0,0,0,0,0,0,0,0,0,0,0,2168,0,260.0,1066.0158509010914,93.47443794831634,2198.879470000975,206.5
1785383148,0,TTFT,S1,6.800000,0.000000,0,0,0,0,0,0,0,0,0,0,0,1084,0,160.0,162.92342834054995,93.47443794831634,256.672624964267,157.0
1785383148,0,total,S1,6.800000,0.000000,0,0,0,0,0,0,0,0,0,0,0,1084,0,2100.0,1969.108273461633,1650.9293040144257,2198.879470000975,256.0
1785383148,0,,Aggregated,13.600000,0.000000,0,0,0,0,0,0,0,0,0,0,0,2168,0,260.0,1066.0158509010914,93.47443794831634,2198.879470000975,206.5
1785383149,0,TTFT,S1,6.800000,0.000000,0,0,0,0,0,0,0,0,0,0,0,1084,0,160.0,162.92342834054995,93.47443794831634,256.672624964267,157.0
1785383149,0,total,S1,6.800000,0.000000,0,0,0,0,0,0,0,0,0,0,0,1084,0,2100.0,1969.108273461633,1650.9293040144257,2198.879470000975,256.0
1785383149,0,,Aggregated,13.600000,0.000000,0,0,0,0,0,0,0,0,0,0,0,2168,0,260.0,1066.0158509010914,93.47443794831634,2198.879470000975,206.5
1785383150,0,TTFT,S1,6.800000,0.000000,0,0,0,0,0,0,0,0,0,0,0,1084,0,160.0,162.92342834054995,93.47443794831634,256.672624964267,157.0
1785383150,0,total,S1,6.800000,0.000000,0,0,0,0,0,0,0,0,0,0,0,1084,0,2100.0,1969.108273461633,1650.9293040144257,2198.879470000975,256.0
1785383150,0,,Aggregated,13.600000,0.000000,0,0,0,0,0,0,0,0,0,0,0,2168,0,260.0,1066.0158509010914,93.47443794831634,2198.879470000975,206.5
1785383151,0,TTFT,S1,6.800000,0.000000,0,0,0,0,0,0,0,0,0,0,0,1084,0,160.0,162.92342834054995,93.47443794831634,256.672624964267,157.0
1785383151,0,total,S1,6.800000,0.000000,0,0,0,0,0,0,0,0,0,0,0,1084,0,2100.0,1969.108273461633,1650.9293040144257,2198.879470000975,256.0
1785383151,0,,Aggregated,13.600000,0.000000,0,0,0,0,0,0,0,0,0,0,0,2168,0,260.0,1066.0158509010914,93.47443794831634,2198.879470000975,206.5
1785383152,0,TTFT,S1,6.800000,0.000000,0,0,0,0,0,0,0,0,0,0,0,1084,0,160.0,162.92342834054995,93.47443794831634,256.672624964267,157.0
1785383152,0,total,S1,6.800000,0.000000,0,0,0,0,0,0,0,0,0,0,0,1084,0,2100.0,1969.108273461633,1650.9293040144257,2198.879470000975,256.0
1785383152,0,,Aggregated,13.600000,0.000000,0,0,0,0,0,0,0,0,0,0,0,2168,0,260.0,1066.0158509010914,93.47443794831634,2198.879470000975,206.5
1785383153,0,TTFT,S1,6.800000,0.000000,0,0,0,0,0,0,0,0,0,0,0,1084,0,160.0,162.92342834054995,93.47443794831634,256.672624964267,157.0
1785383153,0,total,S1,6.800000,0.000000,0,0,0,0,0,0,0,0,0,0,0,1084,0,2100.0,1969.108273461633,1650.9293040144257,2198.879470000975,256.0
1785383153,0,,Aggregated,13.600000,0.000000,0,0,0,0,0,0,0,0,0,0,0,2168,0,260.0,1066.0158509010914,93.47443794831634,2198.879470000975,206.5
1785383154,0,TTFT,S1,6.800000,0.000000,0,0,0,0,0,0,0,0,0,0,0,1084,0,160.0,162.92342834054995,93.47443794831634,256.672624964267,157.0
1785383154,0,total,S1,6.800000,0.000000,0,0,0,0,0,0,0,0,0,0,0,1084,0,2100.0,1969.108273461633,1650.9293040144257,2198.879470000975,256.0
1785383154,0,,Aggregated,13.600000,0.000000,0,0,0,0,0,0,0,0,0,0,0,2168,0,260.0,1066.0158509010914,93.47443794831634,2198.879470000975,206.5
1785383155,0,TTFT,S1,6.800000,0.000000,0,0,0,0,0,0,0,0,0,0,0,1084,0,160.0,162.92342834054995,93.47443794831634,256.672624964267,157.0
1785383155,0,total,S1,6.800000,0.000000,0,0,0,0,0,0,0,0,0,0,0,1084,0,2100.0,1969.108273461633,1650.9293040144257,2198.879470000975,256.0
1785383155,0,,Aggregated,13.600000,0.000000,0,0,0,0,0,0,0,0,0,0,0,2168,0,260.0,1066.0158509010914,93.47443794831634,2198.879470000975,206.5
1785383156,0,TTFT,S1,6.800000,0.000000,0,0,0,0,0,0,0,0,0,0,0,1084,0,160.0,162.92342834054995,93.47443794831634,256.672624964267,157.0
1785383156,0,total,S1,6.800000,0.000000,0,0,0,0,0,0,0,0,0,0,0,1084,0,2100.0,1969.108273461633,1650.9293040144257,2198.879470000975,256.0
1785383156,0,,Aggregated,13.600000,0.000000,0,0,0,0,0,0,0,0,0,0,0,2168,0,260.0,1066.0158509010914,93.47443794831634,2198.879470000975,206.5
1785383157,0,TTFT,S1,6.800000,0.000000,0,0,0,0,0,0,0,0,0,0,0,1084,0,160.0,162.92342834054995,93.47443794831634,256.672624964267,157.0
1785383157,0,total,S1,6.800000,0.000000,0,0,0,0,0,0,0,0,0,0,0,1084,0,2100.0,1969.108273461633,1650.9293040144257,2198.879470000975,256.0
1785383157,0,,Aggregated,13.600000,0.000000,0,0,0,0,0,0,0,0,0,0,0,2168,0,260.0,1066.0158509010914,93.47443794831634,2198.879470000975,206.5
1785383158,0,TTFT,S1,6.800000,0.000000,0,0,0,0,0,0,0,0,0,0,0,1084,0,160.0,162.92342834054995,93.47443794831634,256.672624964267,157.0
1785383158,0,total,S1,6.800000,0.000000,0,0,0,0,0,0,0,0,0,0,0,1084,0,2100.0,1969.108273461633,1650.9293040144257,2198.879470000975,256.0
1785383158,0,,Aggregated,13.600000,0.000000,0,0,0,0,0,0,0,0,0,0,0,2168,0,260.0,1066.0158509010914,93.47443794831634,2198.879470000975,206.5
1785383159,0,TTFT,S1,6.800000,0.000000,0,0,0,0,0,0,0,0,0,0,0,1084,0,160.0,162.92342834054995,93.47443794831634,256.672624964267,157.0
1785383159,0,total,S1,6.800000,0.000000,0,0,0,0,0,0,0,0,0,0,0,1084,0,2100.0,1969.108273461633,1650.9293040144257,2198.879470000975,256.0
1785383159,0,,Aggregated,13.600000,0.000000,0,0,0,0,0,0,0,0,0,0,0,2168,0,260.0,1066.0158509010914,93.47443794831634,2198.879470000975,206.5
1785383160,0,TTFT,S1,6.800000,0.000000,0,0,0,0,0,0,0,0,0,0,0,1084,0,160.0,162.92342834054995,93.47443794831634,256.672624964267,157.0
1785383160,0,total,S1,6.800000,0.000000,0,0,0,0,0,0,0,0,0,0,0,1084,0,2100.0,1969.108273461633,1650.9293040144257,2198.879470000975,256.0
1785383160,0,,Aggregated,13.600000,0.000000,0,0,0,0,0,0,0,0,0,0,0,2168,0,260.0,1066.0158509010914,93.47443794831634,2198.879470000975,206.5
1785383161,0,TTFT,S1,6.800000,0.000000,0,0,0,0,0,0,0,0,0,0,0,1084,0,160.0,162.92342834054995,93.47443794831634,256.672624964267,157.0
1785383161,0,total,S1,6.800000,0.000000,0,0,0,0,0,0,0,0,0,0,0,1084,0,2100.0,1969.108273461633,1650.9293040144257,2198.879470000975,256.0
1785383161,0,,Aggregated,13.600000,0.000000,0,0,0,0,0,0,0,0,0,0,0,2168,0,260.0,1066.0158509010914,93.47443794831634,2198.879470000975,206.5
1785383162,0,TTFT,S1,6.800000,0.000000,0,0,0,0,0,0,0,0,0,0,0,1084,0,160.0,162.92342834054995,93.47443794831634,256.672624964267,157.0
1785383162,0,total,S1,6.800000,0.000000,0,0,0,0,0,0,0,0,0,0,0,1084,0,2100.0,1969.108273461633,1650.9293040144257,2198.879470000975,256.0
1785383162,0,,Aggregated,13.600000,0.000000,0,0,0,0,0,0,0,0,0,0,0,2168,0,260.0,1066.0158509010914,93.47443794831634,2198.879470000975,206.5
1785383163,0,TTFT,S1,6.800000,0.000000,0,0,0,0,0,0,0,0,0,0,0,1084,0,160.0,162.92342834054995,93.47443794831634,256.672624964267,157.0
1785383163,0,total,S1,6.800000,0.000000,0,0,0,0,0,0,0,0,0,0,0,1084,0,2100.0,1969.108273461633,1650.9293040144257,2198.879470000975,256.0
1785383163,0,,Aggregated,13.600000,0.000000,0,0,0,0,0,0,0,0,0,0,0,2168,0,260.0,1066.0158509010914,93.47443794831634,2198.879470000975,206.5
1785383164,0,TTFT,S1,6.800000,0.000000,0,0,0,0,0,0,0,0,0,0,0,1084,0,160.0,162.92342834054995,93.47443794831634,256.672624964267,157.0
1785383164,0,total,S1,6.800000,0.000000,0,0,0,0,0,0,0,0,0,0,0,1084,0,2100.0,1969.108273461633,1650.9293040144257,2198.879470000975,256.0
1785383164,0,,Aggregated,13.600000,0.000000,0,0,0,0,0,0,0,0,0,0,0,2168,0,260.0,1066.0158509010914,93.47443794831634,2198.879470000975,206.5
1785383165,0,TTFT,S1,6.800000,0.000000,0,0,0,0,0,0,0,0,0,0,0,1084,0,160.0,162.92342834054995,93.47443794831634,256.672624964267,157.0
1785383165,0,total,S1,6.800000,0.000000,0,0,0,0,0,0,0,0,0,0,0,1084,0,2100.0,1969.108273461633,1650.9293040144257,2198.879470000975,256.0
1785383165,0,,Aggregated,13.600000,0.000000,0,0,0,0,0,0,0,0,0,0,0,2168,0,260.0,1066.0158509010914,93.47443794831634,2198.879470000975,206.5
1785383166,0,TTFT,S1,6.800000,0.000000,0,0,0,0,0,0,0,0,0,0,0,1084,0,160.0,162.92342834054995,93.47443794831634,256.672624964267,157.0
1785383166,0,total,S1,6.800000,0.000000,0,0,0,0,0,0,0,0,0,0,0,1084,0,2100.0,1969.108273461633,1650.9293040144257,2198.879470000975,256.0
1785383166,0,,Aggregated,13.600000,0.000000,0,0,0,0,0,0,0,0,0,0,0,2168,0,260.0,1066.0158509010914,93.47443794831634,2198.879470000975,206.5
1785383167,0,TTFT,S1,6.800000,0.000000,0,0,0,0,0,0,0,0,0,0,0,1084,0,160.0,162.92342834054995,93.47443794831634,256.672624964267,157.0
1785383167,0,total,S1,6.800000,0.000000,0,0,0,0,0,0,0,0,0,0,0,1084,0,2100.0,1969.108273461633,1650.9293040144257,2198.879470000975,256.0
1785383167,0,,Aggregated,13.600000,0.000000,0,0,0,0,0,0,0,0,0,0,0,2168,0,260.0,1066.0158509010914,93.47443794831634,2198.879470000975,206.5
1785383168,0,TTFT,S1,6.800000,0.000000,0,0,0,0,0,0,0,0,0,0,0,1084,0,160.0,162.92342834054995,93.47443794831634,256.672624964267,157.0
1785383168,0,total,S1,6.800000,0.000000,0,0,0,0,0,0,0,0,0,0,0,1084,0,2100.0,1969.108273461633,1650.9293040144257,2198.879470000975,256.0
1785383168,0,,Aggregated,13.600000,0.000000,0,0,0,0,0,0,0,0,0,0,0,2168,0,260.0,1066.0158509010914,93.47443794831634,2198.879470000975,206.5
1785383169,0,TTFT,S1,6.800000,0.000000,0,0,0,0,0,0,0,0,0,0,0,1084,0,160.0,162.92342834054995,93.47443794831634,256.672624964267,157.0
1785383169,0,total,S1,6.800000,0.000000,0,0,0,0,0,0,0,0,0,0,0,1084,0,2100.0,1969.108273461633,1650.9293040144257,2198.879470000975,256.0
1785383169,0,,Aggregated,13.600000,0.000000,0,0,0,0,0,0,0,0,0,0,0,2168,0,260.0,1066.0158509010914,93.47443794831634,2198.879470000975,206.5
1785383170,0,TTFT,S1,6.800000,0.000000,0,0,0,0,0,0,0,0,0,0,0,1084,0,160.0,162.92342834054995,93.47443794831634,256.672624964267,157.0
1785383170,0,total,S1,6.800000,0.000000,0,0,0,0,0,0,0,0,0,0,0,1084,0,2100.0,1969.108273461633,1650.9293040144257,2198.879470000975,256.0
1785383170,0,,Aggregated,13.600000,0.000000,0,0,0,0,0,0,0,0,0,0,0,2168,0,260.0,1066.0158509010914,93.47443794831634,2198.879470000975,206.5
1785383171,0,TTFT,S1,6.800000,0.000000,0,0,0,0,0,0,0,0,0,0,0,1084,0,160.0,162.92342834054995,93.47443794831634,256.672624964267,157.0
1785383171,0,total,S1,6.800000,0.000000,0,0,0,0,0,0,0,0,0,0,0,1084,0,2100.0,1969.108273461633,1650.9293040144257,2198.879470000975,256.0
1785383171,0,,Aggregated,13.600000,0.000000,0,0,0,0,0,0,0,0,0,0,0,2168,0,260.0,1066.0158509010914,93.47443794831634,2198.879470000975,206.5
1785383172,0,TTFT,S1,6.800000,0.000000,0,0,0,0,0,0,0,0,0,0,0,1084,0,160.0,162.92342834054995,93.47443794831634,256.672624964267,157.0
1785383172,0,total,S1,6.800000,0.000000,0,0,0,0,0,0,0,0,0,0,0,1084,0,2100.0,1969.108273461633,1650.9293040144257,2198.879470000975,256.0
1785383172,0,,Aggregated,13.600000,0.000000,0,0,0,0,0,0,0,0,0,0,0,2168,0,260.0,1066.0158509010914,93.47443794831634,2198.879470000975,206.5
1785383173,0,TTFT,S1,6.800000,0.000000,0,0,0,0,0,0,0,0,0,0,0,1084,0,160.0,162.92342834054995,93.47443794831634,256.672624964267,157.0
1785383173,0,total,S1,6.800000,0.000000,0,0,0,0,0,0,0,0,0,0,0,1084,0,2100.0,1969.108273461633,1650.9293040144257,2198.879470000975,256.0
1785383173,0,,Aggregated,13.600000,0.000000,0,0,0,0,0,0,0,0,0,0,0,2168,0,260.0,1066.0158509010914,93.47443794831634,2198.879470000975,206.5
1785383174,0,TTFT,S1,6.800000,0.000000,0,0,0,0,0,0,0,0,0,0,0,1084,0,160.0,162.92342834054995,93.47443794831634,256.672624964267,157.0
1785383174,0,total,S1,6.800000,0.000000,0,0,0,0,0,0,0,0,0,0,0,1084,0,2100.0,1969.108273461633,1650.9293040144257,2198.879470000975,256.0
1785383174,0,,Aggregated,13.600000,0.000000,0,0,0,0,0,0,0,0,0,0,0,2168,0,260.0,1066.0158509010914,93.47443794831634,2198.879470000975,206.5
1785383175,0,TTFT,S1,6.800000,0.000000,0,0,0,0,0,0,0,0,0,0,0,1084,0,160.0,162.92342834054995,93.47443794831634,256.672624964267,157.0
1785383175,0,total,S1,6.800000,0.000000,0,0,0,0,0,0,0,0,0,0,0,1084,0,2100.0,1969.108273461633,1650.9293040144257,2198.879470000975,256.0
1785383175,0,,Aggregated,13.600000,0.000000,0,0,0,0,0,0,0,0,0,0,0,2168,0,260.0,1066.0158509010914,93.47443794831634,2198.879470000975,206.5
1785383176,0,TTFT,S1,6.800000,0.000000,0,0,0,0,0,0,0,0,0,0,0,1084,0,160.0,162.92342834054995,93.47443794831634,256.672624964267,157.0
1785383176,0,total,S1,6.800000,0.000000,0,0,0,0,0,0,0,0,0,0,0,1084,0,2100.0,1969.108273461633,1650.9293040144257,2198.879470000975,256.0
1785383176,0,,Aggregated,13.600000,0.000000,0,0,0,0,0,0,0,0,0,0,0,2168,0,260.0,1066.0158509010914,93.47443794831634,2198.879470000975,206.5
1785383177,0,TTFT,S1,6.800000,0.000000,0,0,0,0,0,0,0,0,0,0,0,1084,0,160.0,162.92342834054995,93.47443794831634,256.672624964267,157.0
1785383177,0,total,S1,6.800000,0.000000,0,0,0,0,0,0,0,0,0,0,0,1084,0,2100.0,1969.108273461633,1650.9293040144257,2198.879470000975,256.0
1785383177,0,,Aggregated,13.600000,0.000000,0,0,0,0,0,0,0,0,0,0,0,2168,0,260.0,1066.0158509010914,93.47443794831634,2198.879470000975,206.5
1785383178,0,TTFT,S1,6.800000,0.000000,0,0,0,0,0,0,0,0,0,0,0,1084,0,160.0,162.92342834054995,93.47443794831634,256.672624964267,157.0
1785383178,0,total,S1,6.800000,0.000000,0,0,0,0,0,0,0,0,0,0,0,1084,0,2100.0,1969.108273461633,1650.9293040144257,2198.879470000975,256.0
1785383178,0,,Aggregated,13.600000,0.000000,0,0,0,0,0,0,0,0,0,0,0,2168,0,260.0,1066.0158509010914,93.47443794831634,2198.879470000975,206.5
1785383179,0,TTFT,S1,6.800000,0.000000,0,0,0,0,0,0,0,0,0,0,0,1084,0,160.0,162.92342834054995,93.47443794831634,256.672624964267,157.0
1785383179,0,total,S1,6.800000,0.000000,0,0,0,0,0,0,0,0,0,0,0,1084,0,2100.0,1969.108273461633,1650.9293040144257,2198.879470000975,256.0
1785383179,0,,Aggregated,13.600000,0.000000,0,0,0,0,0,0,0,0,0,0,0,2168,0,260.0,1066.0158509010914,93.47443794831634,2198.879470000975,206.5
1785383180,0,TTFT,S1,6.800000,0.000000,0,0,0,0,0,0,0,0,0,0,0,1084,0,160.0,162.92342834054995,93.47443794831634,256.672624964267,157.0
1785383180,0,total,S1,6.800000,0.000000,0,0,0,0,0,0,0,0,0,0,0,1084,0,2100.0,1969.108273461633,1650.9293040144257,2198.879470000975,256.0
1785383180,0,,Aggregated,13.600000,0.000000,0,0,0,0,0,0,0,0,0,0,0,2168,0,260.0,1066.0158509010914,93.47443794831634,2198.879470000975,206.5
1785383181,0,TTFT,S1,6.800000,0.000000,0,0,0,0,0,0,0,0,0,0,0,1084,0,160.0,162.92342834054995,93.47443794831634,256.672624964267,157.0
1785383181,0,total,S1,6.800000,0.000000,0,0,0,0,0,0,0,0,0,0,0,1084,0,2100.0,1969.108273461633,1650.9293040144257,2198.879470000975,256.0
1785383181,0,,Aggregated,13.600000,0.000000,0,0,0,0,0,0,0,0,0,0,0,2168,0,260.0,1066.0158509010914,93.47443794831634,2198.879470000975,206.5
1785383182,0,TTFT,S1,6.800000,0.000000,0,0,0,0,0,0,0,0,0,0,0,1084,0,160.0,162.92342834054995,93.47443794831634,256.672624964267,157.0
1785383182,0,total,S1,6.800000,0.000000,0,0,0,0,0,0,0,0,0,0,0,1084,0,2100.0,1969.108273461633,1650.9293040144257,2198.879470000975,256.0
1785383182,0,,Aggregated,13.600000,0.000000,0,0,0,0,0,0,0,0,0,0,0,2168,0,260.0,1066.0158509010914,93.47443794831634,2198.879470000975,206.5
1785383183,0,TTFT,S1,6.800000,0.000000,0,0,0,0,0,0,0,0,0,0,0,1084,0,160.0,162.92342834054995,93.47443794831634,256.672624964267,157.0
1785383183,0,total,S1,6.800000,0.000000,0,0,0,0,0,0,0,0,0,0,0,1084,0,2100.0,1969.108273461633,1650.9293040144257,2198.879470000975,256.0
1785383183,0,,Aggregated,13.600000,0.000000,0,0,0,0,0,0,0,0,0,0,0,2168,0,260.0,1066.0158509010914,93.47443794831634,2198.879470000975,206.5
1785383184,0,TTFT,S1,6.800000,0.000000,0,0,0,0,0,0,0,0,0,0,0,1084,0,160.0,162.92342834054995,93.47443794831634,256.672624964267,157.0
1785383184,0,total,S1,6.800000,0.000000,0,0,0,0,0,0,0,0,0,0,0,1084,0,2100.0,1969.108273461633,1650.9293040144257,2198.879470000975,256.0
1785383184,0,,Aggregated,13.600000,0.000000,0,0,0,0,0,0,0,0,0,0,0,2168,0,260.0,1066.0158509010914,93.47443794831634,2198.879470000975,206.5
1785383185,0,TTFT,S1,6.800000,0.000000,0,0,0,0,0,0,0,0,0,0,0,1084,0,160.0,162.92342834054995,93.47443794831634,256.672624964267,157.0
1785383185,0,total,S1,6.800000,0.000000,0,0,0,0,0,0,0,0,0,0,0,1084,0,2100.0,1969.108273461633,1650.9293040144257,2198.879470000975,256.0
1785383185,0,,Aggregated,13.600000,0.000000,0,0,0,0,0,0,0,0,0,0,0,2168,0,260.0,1066.0158509010914,93.47443794831634,2198.879470000975,206.5
1785383186,0,TTFT,S1,6.800000,0.000000,0,0,0,0,0,0,0,0,0,0,0,1084,0,160.0,162.92342834054995,93.47443794831634,256.672624964267,157.0
1785383186,0,total,S1,6.800000,0.000000,0,0,0,0,0,0,0,0,0,0,0,1084,0,2100.0,1969.108273461633,1650.9293040144257,2198.879470000975,256.0
1785383186,0,,Aggregated,13.600000,0.000000,0,0,0,0,0,0,0,0,0,0,0,2168,0,260.0,1066.0158509010914,93.47443794831634,2198.879470000975,206.5
1785383187,0,TTFT,S1,6.800000,0.000000,0,0,0,0,0,0,0,0,0,0,0,1084,0,160.0,162.92342834054995,93.47443794831634,256.672624964267,157.0
1785383187,0,total,S1,6.800000,0.000000,0,0,0,0,0,0,0,0,0,0,0,1084,0,2100.0,1969.108273461633,1650.9293040144257,2198.879470000975,256.0
1785383187,0,,Aggregated,13.600000,0.000000,0,0,0,0,0,0,0,0,0,0,0,2168,0,260.0,1066.0158509010914,93.47443794831634,2198.879470000975,206.5
1785383188,0,TTFT,S1,6.800000,0.000000,0,0,0,0,0,0,0,0,0,0,0,1084,0,160.0,162.92342834054995,93.47443794831634,256.672624964267,157.0
1785383188,0,total,S1,6.800000,0.000000,0,0,0,0,0,0,0,0,0,0,0,1084,0,2100.0,1969.108273461633,1650.9293040144257,2198.879470000975,256.0
1785383188,0,,Aggregated,13.600000,0.000000,0,0,0,0,0,0,0,0,0,0,0,2168,0,260.0,1066.0158509010914,93.47443794831634,2198.879470000975,206.5
1785383189,0,TTFT,S1,6.800000,0.000000,0,0,0,0,0,0,0,0,0,0,0,1084,0,160.0,162.92342834054995,93.47443794831634,256.672624964267,157.0
1785383189,0,total,S1,6.800000,0.000000,0,0,0,0,0,0,0,0,0,0,0,1084,0,2100.0,1969.108273461633,1650.9293040144257,2198.879470000975,256.0
1785383189,0,,Aggregated,13.600000,0.000000,0,0,0,0,0,0,0,0,0,0,0,2168,0,260.0,1066.0158509010914,93.47443794831634,2198.879470000975,206.5
1785383190,0,TTFT,S1,6.800000,0.000000,0,0,0,0,0,0,0,0,0,0,0,1084,0,160.0,162.92342834054995,93.47443794831634,256.672624964267,157.0
1785383190,0,total,S1,6.800000,0.000000,0,0,0,0,0,0,0,0,0,0,0,1084,0,2100.0,1969.108273461633,1650.9293040144257,2198.879470000975,256.0
1785383190,0,,Aggregated,13.600000,0.000000,0,0,0,0,0,0,0,0,0,0,0,2168,0,260.0,1066.0158509010914,93.47443794831634,2198.879470000975,206.5
1785383191,0,TTFT,S1,6.800000,0.000000,0,0,0,0,0,0,0,0,0,0,0,1084,0,160.0,162.92342834054995,93.47443794831634,256.672624964267,157.0
1785383191,0,total,S1,6.800000,0.000000,0,0,0,0,0,0,0,0,0,0,0,1084,0,2100.0,1969.108273461633,1650.9293040144257,2198.879470000975,256.0
1785383191,0,,Aggregated,13.600000,0.000000,0,0,0,0,0,0,0,0,0,0,0,2168,0,260.0,1066.0158509010914,93.47443794831634,2198.879470000975,206.5
1785383192,0,TTFT,S1,6.800000,0.000000,0,0,0,0,0,0,0,0,0,0,0,1084,0,160.0,162.92342834054995,93.47443794831634,256.672624964267,157.0
1785383192,0,total,S1,6.800000,0.000000,0,0,0,0,0,0,0,0,0,0,0,1084,0,2100.0,1969.108273461633,1650.9293040144257,2198.879470000975,256.0
1785383192,0,,Aggregated,13.600000,0.000000,0,0,0,0,0,0,0,0,0,0,0,2168,0,260.0,1066.0158509010914,93.47443794831634,2198.879470000975,206.5
1785383193,0,TTFT,S1,6.800000,0.000000,0,0,0,0,0,0,0,0,0,0,0,1084,0,160.0,162.92342834054995,93.47443794831634,256.672624964267,157.0
1785383193,0,total,S1,6.800000,0.000000,0,0,0,0,0,0,0,0,0,0,0,1084,0,2100.0,1969.108273461633,1650.9293040144257,2198.879470000975,256.0
1785383193,0,,Aggregated,13.600000,0.000000,0,0,0,0,0,0,0,0,0,0,0,2168,0,260.0,1066.0158509010914,93.47443794831634,2198.879470000975,206.5
1785383194,0,TTFT,S1,6.800000,0.000000,0,0,0,0,0,0,0,0,0,0,0,1084,0,160.0,162.92342834054995,93.47443794831634,256.672624964267,157.0
1785383194,0,total,S1,6.800000,0.000000,0,0,0,0,0,0,0,0,0,0,0,1084,0,2100.0,1969.108273461633,1650.9293040144257,2198.879470000975,256.0
1785383194,0,,Aggregated,13.600000,0.000000,0,0,0,0,0,0,0,0,0,0,0,2168,0,260.0,1066.0158509010914,93.47443794831634,2198.879470000975,206.5
1785383196,0,TTFT,S1,6.800000,0.000000,0,0,0,0,0,0,0,0,0,0,0,1084,0,160.0,162.92342834054995,93.47443794831634,256.672624964267,157.0
1785383196,0,total,S1,6.800000,0.000000,0,0,0,0,0,0,0,0,0,0,0,1084,0,2100.0,1969.108273461633,1650.9293040144257,2198.879470000975,256.0
1785383196,0,,Aggregated,13.600000,0.000000,0,0,0,0,0,0,0,0,0,0,0,2168,0,260.0,1066.0158509010914,93.47443794831634,2198.879470000975,206.5
1785383197,0,TTFT,S1,6.800000,0.000000,0,0,0,0,0,0,0,0,0,0,0,1084,0,160.0,162.92342834054995,93.47443794831634,256.672624964267,157.0
1785383197,0,total,S1,6.800000,0.000000,0,0,0,0,0,0,0,0,0,0,0,1084,0,2100.0,1969.108273461633,1650.9293040144257,2198.879470000975,256.0
1785383197,0,,Aggregated,13.600000,0.000000,0,0,0,0,0,0,0,0,0,0,0,2168,0,260.0,1066.0158509010914,93.47443794831634,2198.879470000975,206.5
1785383198,0,TTFT,S1,6.800000,0.000000,0,0,0,0,0,0,0,0,0,0,0,1084,0,160.0,162.92342834054995,93.47443794831634,256.672624964267,157.0
1785383198,0,total,S1,6.800000,0.000000,0,0,0,0,0,0,0,0,0,0,0,1084,0,2100.0,1969.108273461633,1650.9293040144257,2198.879470000975,256.0
1785383198,0,,Aggregated,13.600000,0.000000,0,0,0,0,0,0,0,0,0,0,0,2168,0,260.0,1066.0158509010914,93.47443794831634,2198.879470000975,206.5
1785383199,0,TTFT,S1,6.800000,0.000000,0,0,0,0,0,0,0,0,0,0,0,1084,0,160.0,162.92342834054995,93.47443794831634,256.672624964267,157.0
1785383199,0,total,S1,6.800000,0.000000,0,0,0,0,0,0,0,0,0,0,0,1084,0,2100.0,1969.108273461633,1650.9293040144257,2198.879470000975,256.0
1785383199,0,,Aggregated,13.600000,0.000000,0,0,0,0,0,0,0,0,0,0,0,2168,0,260.0,1066.0158509010914,93.47443794831634,2198.879470000975,206.5
1785383200,0,TTFT,S1,6.800000,0.000000,0,0,0,0,0,0,0,0,0,0,0,1084,0,160.0,162.92342834054995,93.47443794831634,256.672624964267,157.0
1785383200,0,total,S1,6.800000,0.000000,0,0,0,0,0,0,0,0,0,0,0,1084,0,2100.0,1969.108273461633,1650.9293040144257,2198.879470000975,256.0
1785383200,0,,Aggregated,13.600000,0.000000,0,0,0,0,0,0,0,0,0,0,0,2168,0,260.0,1066.0158509010914,93.47443794831634,2198.879470000975,206.5
1785383201,0,TTFT,S1,6.800000,0.000000,0,0,0,0,0,0,0,0,0,0,0,1084,0,160.0,162.92342834054995,93.47443794831634,256.672624964267,157.0
1785383201,0,total,S1,6.800000,0.000000,0,0,0,0,0,0,0,0,0,0,0,1084,0,2100.0,1969.108273461633,1650.9293040144257,2198.879470000975,256.0
1785383201,0,,Aggregated,13.600000,0.000000,0,0,0,0,0,0,0,0,0,0,0,2168,0,260.0,1066.0158509010914,93.47443794831634,2198.879470000975,206.5
1785383202,0,TTFT,S1,6.800000,0.000000,0,0,0,0,0,0,0,0,0,0,0,1084,0,160.0,162.92342834054995,93.47443794831634,256.672624964267,157.0
1785383202,0,total,S1,6.800000,0.000000,0,0,0,0,0,0,0,0,0,0,0,1084,0,2100.0,1969.108273461633,1650.9293040144257,2198.879470000975,256.0
1785383202,0,,Aggregated,13.600000,0.000000,0,0,0,0,0,0,0,0,0,0,0,2168,0,260.0,1066.0158509010914,93.47443794831634,2198.879470000975,206.5
1785383203,0,TTFT,S1,6.800000,0.000000,0,0,0,0,0,0,0,0,0,0,0,1084,0,160.0,162.92342834054995,93.47443794831634,256.672624964267,157.0
1785383203,0,total,S1,6.800000,0.000000,0,0,0,0,0,0,0,0,0,0,0,1084,0,2100.0,1969.108273461633,1650.9293040144257,2198.879470000975,256.0
1785383203,0,,Aggregated,13.600000,0.000000,0,0,0,0,0,0,0,0,0,0,0,2168,0,260.0,1066.0158509010914,93.47443794831634,2198.879470000975,206.5
1785383204,0,TTFT,S1,6.800000,0.000000,0,0,0,0,0,0,0,0,0,0,0,1084,0,160.0,162.92342834054995,93.47443794831634,256.672624964267,157.0
1785383204,0,total,S1,6.800000,0.000000,0,0,0,0,0,0,0,0,0,0,0,1084,0,2100.0,1969.108273461633,1650.9293040144257,2198.879470000975,256.0
1785383204,0,,Aggregated,13.600000,0.000000,0,0,0,0,0,0,0,0,0,0,0,2168,0,260.0,1066.0158509010914,93.47443794831634,2198.879470000975,206.5
1785383205,0,TTFT,S1,6.800000,0.000000,0,0,0,0,0,0,0,0,0,0,0,1084,0,160.0,162.92342834054995,93.47443794831634,256.672624964267,157.0
1785383205,0,total,S1,6.800000,0.000000,0,0,0,0,0,0,0,0,0,0,0,1084,0,2100.0,1969.108273461633,1650.9293040144257,2198.879470000975,256.0
1785383205,0,,Aggregated,13.600000,0.000000,0,0,0,0,0,0,0,0,0,0,0,2168,0,260.0,1066.0158509010914,93.47443794831634,2198.879470000975,206.5
1785383206,0,TTFT,S1,6.800000,0.000000,0,0,0,0,0,0,0,0,0,0,0,1084,0,160.0,162.92342834054995,93.47443794831634,256.672624964267,157.0
1785383206,0,total,S1,6.800000,0.000000,0,0,0,0,0,0,0,0,0,0,0,1084,0,2100.0,1969.108273461633,1650.9293040144257,2198.879470000975,256.0
1785383206,0,,Aggregated,13.600000,0.000000,0,0,0,0,0,0,0,0,0,0,0,2168,0,260.0,1066.0158509010914,93.47443794831634,2198.879470000975,206.5
1785383207,0,TTFT,S1,6.800000,0.000000,0,0,0,0,0,0,0,0,0,0,0,1084,0,160.0,162.92342834054995,93.47443794831634,256.672624964267,157.0
1785383207,0,total,S1,6.800000,0.000000,0,0,0,0,0,0,0,0,0,0,0,1084,0,2100.0,1969.108273461633,1650.9293040144257,2198.879470000975,256.0
1785383207,0,,Aggregated,13.600000,0.000000,0,0,0,0,0,0,0,0,0,0,0,2168,0,260.0,1066.0158509010914,93.47443794831634,2198.879470000975,206.5
1785383208,0,TTFT,S1,6.800000,0.000000,0,0,0,0,0,0,0,0,0,0,0,1084,0,160.0,162.92342834054995,93.47443794831634,256.672624964267,157.0
1785383208,0,total,S1,6.800000,0.000000,0,0,0,0,0,0,0,0,0,0,0,1084,0,2100.0,1969.108273461633,1650.9293040144257,2198.879470000975,256.0
1785383208,0,,Aggregated,13.600000,0.000000,0,0,0,0,0,0,0,0,0,0,0,2168,0,260.0,1066.0158509010914,93.47443794831634,2198.879470000975,206.5
1785383209,0,TTFT,S1,6.800000,0.000000,0,0,0,0,0,0,0,0,0,0,0,1084,0,160.0,162.92342834054995,93.47443794831634,256.672624964267,157.0
1785383209,0,total,S1,6.800000,0.000000,0,0,0,0,0,0,0,0,0,0,0,1084,0,2100.0,1969.108273461633,1650.9293040144257,2198.879470000975,256.0
1785383209,0,,Aggregated,13.600000,0.000000,0,0,0,0,0,0,0,0,0,0,0,2168,0,260.0,1066.0158509010914,93.47443794831634,2198.879470000975,206.5
1785383210,0,TTFT,S1,6.800000,0.000000,0,0,0,0,0,0,0,0,0,0,0,1084,0,160.0,162.92342834054995,93.47443794831634,256.672624964267,157.0
1785383210,0,total,S1,6.800000,0.000000,0,0,0,0,0,0,0,0,0,0,0,1084,0,2100.0,1969.108273461633,1650.9293040144257,2198.879470000975,256.0
1785383210,0,,Aggregated,13.600000,0.000000,0,0,0,0,0,0,0,0,0,0,0,2168,0,260.0,1066.0158509010914,93.47443794831634,2198.879470000975,206.5
1785383211,0,TTFT,S1,6.800000,0.000000,0,0,0,0,0,0,0,0,0,0,0,1084,0,160.0,162.92342834054995,93.47443794831634,256.672624964267,157.0
1785383211,0,total,S1,6.800000,0.000000,0,0,0,0,0,0,0,0,0,0,0,1084,0,2100.0,1969.108273461633,1650.9293040144257,2198.879470000975,256.0
1785383211,0,,Aggregated,13.600000,0.000000,0,0,0,0,0,0,0,0,0,0,0,2168,0,260.0,1066.0158509010914,93.47443794831634,2198.879470000975,206.5
1785383212,0,TTFT,S1,6.800000,0.000000,0,0,0,0,0,0,0,0,0,0,0,1084,0,160.0,162.92342834054995,93.47443794831634,256.672624964267,157.0
1785383212,0,total,S1,6.800000,0.000000,0,0,0,0,0,0,0,0,0,0,0,1084,0,2100.0,1969.108273461633,1650.9293040144257,2198.879470000975,256.0
1785383212,0,,Aggregated,13.600000,0.000000,0,0,0,0,0,0,0,0,0,0,0,2168,0,260.0,1066.0158509010914,93.47443794831634,2198.879470000975,206.5
1785383213,0,TTFT,S1,6.800000,0.000000,0,0,0,0,0,0,0,0,0,0,0,1084,0,160.0,162.92342834054995,93.47443794831634,256.672624964267,157.0
1785383213,0,total,S1,6.800000,0.000000,0,0,0,0,0,0,0,0,0,0,0,1084,0,2100.0,1969.108273461633,1650.9293040144257,2198.879470000975,256.0
1785383213,0,,Aggregated,13.600000,0.000000,0,0,0,0,0,0,0,0,0,0,0,2168,0,260.0,1066.0158509010914,93.47443794831634,2198.879470000975,206.5
1785383214,0,TTFT,S1,6.800000,0.000000,0,0,0,0,0,0,0,0,0,0,0,1084,0,160.0,162.92342834054995,93.47443794831634,256.672624964267,157.0
1785383214,0,total,S1,6.800000,0.000000,0,0,0,0,0,0,0,0,0,0,0,1084,0,2100.0,1969.108273461633,1650.9293040144257,2198.879470000975,256.0
1785383214,0,,Aggregated,13.600000,0.000000,0,0,0,0,0,0,0,0,0,0,0,2168,0,260.0,1066.0158509010914,93.47443794831634,2198.879470000975,206.5
1785383215,0,TTFT,S1,6.800000,0.000000,0,0,0,0,0,0,0,0,0,0,0,1084,0,160.0,162.92342834054995,93.47443794831634,256.672624964267,157.0
1785383215,0,total,S1,6.800000,0.000000,0,0,0,0,0,0,0,0,0,0,0,1084,0,2100.0,1969.108273461633,1650.9293040144257,2198.879470000975,256.0
1785383215,0,,Aggregated,13.600000,0.000000,0,0,0,0,0,0,0,0,0,0,0,2168,0,260.0,1066.0158509010914,93.47443794831634,2198.879470000975,206.5
1785383216,0,TTFT,S1,6.800000,0.000000,0,0,0,0,0,0,0,0,0,0,0,1084,0,160.0,162.92342834054995,93.47443794831634,256.672624964267,157.0
1785383216,0,total,S1,6.800000,0.000000,0,0,0,0,0,0,0,0,0,0,0,1084,0,2100.0,1969.108273461633,1650.9293040144257,2198.879470000975,256.0
1785383216,0,,Aggregated,13.600000,0.000000,0,0,0,0,0,0,0,0,0,0,0,2168,0,260.0,1066.0158509010914,93.47443794831634,2198.879470000975,206.5
1785383217,0,TTFT,S1,6.800000,0.000000,0,0,0,0,0,0,0,0,0,0,0,1084,0,160.0,162.92342834054995,93.47443794831634,256.672624964267,157.0
1785383217,0,total,S1,6.800000,0.000000,0,0,0,0,0,0,0,0,0,0,0,1084,0,2100.0,1969.108273461633,1650.9293040144257,2198.879470000975,256.0
1785383217,0,,Aggregated,13.600000,0.000000,0,0,0,0,0,0,0,0,0,0,0,2168,0,260.0,1066.0158509010914,93.47443794831634,2198.879470000975,206.5
1785383218,0,TTFT,S1,6.800000,0.000000,0,0,0,0,0,0,0,0,0,0,0,1084,0,160.0,162.92342834054995,93.47443794831634,256.672624964267,157.0
1785383218,0,total,S1,6.800000,0.000000,0,0,0,0,0,0,0,0,0,0,0,1084,0,2100.0,1969.108273461633,1650.9293040144257,2198.879470000975,256.0
1785383218,0,,Aggregated,13.600000,0.000000,0,0,0,0,0,0,0,0,0,0,0,2168,0,260.0,1066.0158509010914,93.47443794831634,2198.879470000975,206.5
1785383219,0,TTFT,S1,6.800000,0.000000,0,0,0,0,0,0,0,0,0,0,0,1084,0,160.0,162.92342834054995,93.47443794831634,256.672624964267,157.0
1785383219,0,total,S1,6.800000,0.000000,0,0,0,0,0,0,0,0,0,0,0,1084,0,2100.0,1969.108273461633,1650.9293040144257,2198.879470000975,256.0
1785383219,0,,Aggregated,13.600000,0.000000,0,0,0,0,0,0,0,0,0,0,0,2168,0,260.0,1066.0158509010914,93.47443794831634,2198.879470000975,206.5
1785383220,0,TTFT,S1,6.800000,0.000000,0,0,0,0,0,0,0,0,0,0,0,1084,0,160.0,162.92342834054995,93.47443794831634,256.672624964267,157.0
1785383220,0,total,S1,6.800000,0.000000,0,0,0,0,0,0,0,0,0,0,0,1084,0,2100.0,1969.108273461633,1650.9293040144257,2198.879470000975,256.0
1785383220,0,,Aggregated,13.600000,0.000000,0,0,0,0,0,0,0,0,0,0,0,2168,0,260.0,1066.0158509010914,93.47443794831634,2198.879470000975,206.5
1785383221,0,TTFT,S1,6.800000,0.000000,0,0,0,0,0,0,0,0,0,0,0,1084,0,160.0,162.92342834054995,93.47443794831634,256.672624964267,157.0
1785383221,0,total,S1,6.800000,0.000000,0,0,0,0,0,0,0,0,0,0,0,1084,0,2100.0,1969.108273461633,1650.9293040144257,2198.879470000975,256.0
1785383221,0,,Aggregated,13.600000,0.000000,0,0,0,0,0,0,0,0,0,0,0,2168,0,260.0,1066.0158509010914,93.47443794831634,2198.879470000975,206.5
1785383222,0,TTFT,S1,6.800000,0.000000,0,0,0,0,0,0,0,0,0,0,0,1084,0,160.0,162.92342834054995,93.47443794831634,256.672624964267,157.0
1785383222,0,total,S1,6.800000,0.000000,0,0,0,0,0,0,0,0,0,0,0,1084,0,2100.0,1969.108273461633,1650.9293040144257,2198.879470000975,256.0
1785383222,0,,Aggregated,13.600000,0.000000,0,0,0,0,0,0,0,0,0,0,0,2168,0,260.0,1066.0158509010914,93.47443794831634,2198.879470000975,206.5
1785383223,0,TTFT,S1,6.800000,0.000000,0,0,0,0,0,0,0,0,0,0,0,1084,0,160.0,162.92342834054995,93.47443794831634,256.672624964267,157.0
1785383223,0,total,S1,6.800000,0.000000,0,0,0,0,0,0,0,0,0,0,0,1084,0,2100.0,1969.108273461633,1650.9293040144257,2198.879470000975,256.0
1785383223,0,,Aggregated,13.600000,0.000000,0,0,0,0,0,0,0,0,0,0,0,2168,0,260.0,1066.0158509010914,93.47443794831634,2198.879470000975,206.5
1785383224,0,TTFT,S1,6.800000,0.000000,0,0,0,0,0,0,0,0,0,0,0,1084,0,160.0,162.92342834054995,93.47443794831634,256.672624964267,157.0
1785383224,0,total,S1,6.800000,0.000000,0,0,0,0,0,0,0,0,0,0,0,1084,0,2100.0,1969.108273461633,1650.9293040144257,2198.879470000975,256.0
1785383224,0,,Aggregated,13.600000,0.000000,0,0,0,0,0,0,0,0,0,0,0,2168,0,260.0,1066.0158509010914,93.47443794831634,2198.879470000975,206.5
1785383225,0,TTFT,S1,6.800000,0.000000,0,0,0,0,0,0,0,0,0,0,0,1084,0,160.0,162.92342834054995,93.47443794831634,256.672624964267,157.0
1785383225,0,total,S1,6.800000,0.000000,0,0,0,0,0,0,0,0,0,0,0,1084,0,2100.0,1969.108273461633,1650.9293040144257,2198.879470000975,256.0
1785383225,0,,Aggregated,13.600000,0.000000,0,0,0,0,0,0,0,0,0,0,0,2168,0,260.0,1066.0158509010914,93.47443794831634,2198.879470000975,206.5
1785383226,0,TTFT,S1,6.800000,0.000000,0,0,0,0,0,0,0,0,0,0,0,1084,0,160.0,162.92342834054995,93.47443794831634,256.672624964267,157.0
1785383226,0,total,S1,6.800000,0.000000,0,0,0,0,0,0,0,0,0,0,0,1084,0,2100.0,1969.108273461633,1650.9293040144257,2198.879470000975,256.0
1785383226,0,,Aggregated,13.600000,0.000000,0,0,0,0,0,0,0,0,0,0,0,2168,0,260.0,1066.0158509010914,93.47443794831634,2198.879470000975,206.5
1785383227,0,TTFT,S1,6.800000,0.000000,0,0,0,0,0,0,0,0,0,0,0,1084,0,160.0,162.92342834054995,93.47443794831634,256.672624964267,157.0
1785383227,0,total,S1,6.800000,0.000000,0,0,0,0,0,0,0,0,0,0,0,1084,0,2100.0,1969.108273461633,1650.9293040144257,2198.879470000975,256.0
1785383227,0,,Aggregated,13.600000,0.000000,0,0,0,0,0,0,0,0,0,0,0,2168,0,260.0,1066.0158509010914,93.47443794831634,2198.879470000975,206.5
1785383228,0,TTFT,S1,6.800000,0.000000,0,0,0,0,0,0,0,0,0,0,0,1084,0,160.0,162.92342834054995,93.47443794831634,256.672624964267,157.0
1785383228,0,total,S1,6.800000,0.000000,0,0,0,0,0,0,0,0,0,0,0,1084,0,2100.0,1969.108273461633,1650.9293040144257,2198.879470000975,256.0
1785383228,0,,Aggregated,13.600000,0.000000,0,0,0,0,0,0,0,0,0,0,0,2168,0,260.0,1066.0158509010914,93.47443794831634,2198.879470000975,206.5
1785383229,0,TTFT,S1,6.800000,0.000000,0,0,0,0,0,0,0,0,0,0,0,1084,0,160.0,162.92342834054995,93.47443794831634,256.672624964267,157.0
1785383229,0,total,S1,6.800000,0.000000,0,0,0,0,0,0,0,0,0,0,0,1084,0,2100.0,1969.108273461633,1650.9293040144257,2198.879470000975,256.0
1785383229,0,,Aggregated,13.600000,0.000000,0,0,0,0,0,0,0,0,0,0,0,2168,0,260.0,1066.0158509010914,93.47443794831634,2198.879470000975,206.5
1785383230,0,TTFT,S1,6.800000,0.000000,0,0,0,0,0,0,0,0,0,0,0,1084,0,160.0,162.92342834054995,93.47443794831634,256.672624964267,157.0
1785383230,0,total,S1,6.800000,0.000000,0,0,0,0,0,0,0,0,0,0,0,1084,0,2100.0,1969.108273461633,1650.9293040144257,2198.879470000975,256.0
1785383230,0,,Aggregated,13.600000,0.000000,0,0,0,0,0,0,0,0,0,0,0,2168,0,260.0,1066.0158509010914,93.47443794831634,2198.879470000975,206.5
1785383231,0,TTFT,S1,6.800000,0.000000,0,0,0,0,0,0,0,0,0,0,0,1084,0,160.0,162.92342834054995,93.47443794831634,256.672624964267,157.0
1785383231,0,total,S1,6.800000,0.000000,0,0,0,0,0,0,0,0,0,0,0,1084,0,2100.0,1969.108273461633,1650.9293040144257,2198.879470000975,256.0
1785383231,0,,Aggregated,13.600000,0.000000,0,0,0,0,0,0,0,0,0,0,0,2168,0,260.0,1066.0158509010914,93.47443794831634,2198.879470000975,206.5
1785383232,0,TTFT,S1,6.800000,0.000000,0,0,0,0,0,0,0,0,0,0,0,1084,0,160.0,162.92342834054995,93.47443794831634,256.672624964267,157.0
1785383232,0,total,S1,6.800000,0.000000,0,0,0,0,0,0,0,0,0,0,0,1084,0,2100.0,1969.108273461633,1650.9293040144257,2198.879470000975,256.0
1785383232,0,,Aggregated,13.600000,0.000000,0,0,0,0,0,0,0,0,0,0,0,2168,0,260.0,1066.0158509010914,93.47443794831634,2198.879470000975,206.5
1785383233,0,TTFT,S1,6.800000,0.000000,0,0,0,0,0,0,0,0,0,0,0,1084,0,160.0,162.92342834054995,93.47443794831634,256.672624964267,157.0
1785383233,0,total,S1,6.800000,0.000000,0,0,0,0,0,0,0,0,0,0,0,1084,0,2100.0,1969.108273461633,1650.9293040144257,2198.879470000975,256.0
1785383233,0,,Aggregated,13.600000,0.000000,0,0,0,0,0,0,0,0,0,0,0,2168,0,260.0,1066.0158509010914,93.47443794831634,2198.879470000975,206.5
1785383234,0,TTFT,S1,6.800000,0.000000,0,0,0,0,0,0,0,0,0,0,0,1084,0,160.0,162.92342834054995,93.47443794831634,256.672624964267,157.0
1785383234,0,total,S1,6.800000,0.000000,0,0,0,0,0,0,0,0,0,0,0,1084,0,2100.0,1969.108273461633,1650.9293040144257,2198.879470000975,256.0
1785383234,0,,Aggregated,13.600000,0.000000,0,0,0,0,0,0,0,0,0,0,0,2168,0,260.0,1066.0158509010914,93.47443794831634,2198.879470000975,206.5
1785383235,0,TTFT,S1,6.800000,0.000000,0,0,0,0,0,0,0,0,0,0,0,1084,0,160.0,162.92342834054995,93.47443794831634,256.672624964267,157.0
1785383235,0,total,S1,6.800000,0.000000,0,0,0,0,0,0,0,0,0,0,0,1084,0,2100.0,1969.108273461633,1650.9293040144257,2198.879470000975,256.0
1785383235,0,,Aggregated,13.600000,0.000000,0,0,0,0,0,0,0,0,0,0,0,2168,0,260.0,1066.0158509010914,93.47443794831634,2198.879470000975,206.5
1785383236,0,TTFT,S1,6.800000,0.000000,0,0,0,0,0,0,0,0,0,0,0,1084,0,160.0,162.92342834054995,93.47443794831634,256.672624964267,157.0
1785383236,0,total,S1,6.800000,0.000000,0,0,0,0,0,0,0,0,0,0,0,1084,0,2100.0,1969.108273461633,1650.9293040144257,2198.879470000975,256.0
1785383236,0,,Aggregated,13.600000,0.000000,0,0,0,0,0,0,0,0,0,0,0,2168,0,260.0,1066.0158509010914,93.47443794831634,2198.879470000975,206.5
1785383237,0,TTFT,S1,6.800000,0.000000,0,0,0,0,0,0,0,0,0,0,0,1084,0,160.0,162.92342834054995,93.47443794831634,256.672624964267,157.0
1785383237,0,total,S1,6.800000,0.000000,0,0,0,0,0,0,0,0,0,0,0,1084,0,2100.0,1969.108273461633,1650.9293040144257,2198.879470000975,256.0
1785383237,0,,Aggregated,13.600000,0.000000,0,0,0,0,0,0,0,0,0,0,0,2168,0,260.0,1066.0158509010914,93.47443794831634,2198.879470000975,206.5
1785383238,0,TTFT,S1,6.800000,0.000000,0,0,0,0,0,0,0,0,0,0,0,1084,0,160.0,162.92342834054995,93.47443794831634,256.672624964267,157.0
1785383238,0,total,S1,6.800000,0.000000,0,0,0,0,0,0,0,0,0,0,0,1084,0,2100.0,1969.108273461633,1650.9293040144257,2198.879470000975,256.0
1785383238,0,,Aggregated,13.600000,0.000000,0,0,0,0,0,0,0,0,0,0,0,2168,0,260.0,1066.0158509010914,93.47443794831634,2198.879470000975,206.5
1785383239,0,TTFT,S1,6.800000,0.000000,0,0,0,0,0,0,0,0,0,0,0,1084,0,160.0,162.92342834054995,93.47443794831634,256.672624964267,157.0
1785383239,0,total,S1,6.800000,0.000000,0,0,0,0,0,0,0,0,0,0,0,1084,0,2100.0,1969.108273461633,1650.9293040144257,2198.879470000975,256.0
1785383239,0,,Aggregated,13.600000,0.000000,0,0,0,0,0,0,0,0,0,0,0,2168,0,260.0,1066.0158509010914,93.47443794831634,2198.879470000975,206.5
1785383240,0,TTFT,S1,6.800000,0.000000,0,0,0,0,0,0,0,0,0,0,0,1084,0,160.0,162.92342834054995,93.47443794831634,256.672624964267,157.0
1785383240,0,total,S1,6.800000,0.000000,0,0,0,0,0,0,0,0,0,0,0,1084,0,2100.0,1969.108273461633,1650.9293040144257,2198.879470000975,256.0
1785383240,0,,Aggregated,13.600000,0.000000,0,0,0,0,0,0,0,0,0,0,0,2168,0,260.0,1066.0158509010914,93.47443794831634,2198.879470000975,206.5
1785383241,0,TTFT,S1,6.800000,0.000000,0,0,0,0,0,0,0,0,0,0,0,1084,0,160.0,162.92342834054995,93.47443794831634,256.672624964267,157.0
1785383241,0,total,S1,6.800000,0.000000,0,0,0,0,0,0,0,0,0,0,0,1084,0,2100.0,1969.108273461633,1650.9293040144257,2198.879470000975,256.0
1785383241,0,,Aggregated,13.600000,0.000000,0,0,0,0,0,0,0,0,0,0,0,2168,0,260.0,1066.0158509010914,93.47443794831634,2198.879470000975,206.5
1785383242,0,TTFT,S1,6.800000,0.000000,0,0,0,0,0,0,0,0,0,0,0,1084,0,160.0,162.92342834054995,93.47443794831634,256.672624964267,157.0
1785383242,0,total,S1,6.800000,0.000000,0,0,0,0,0,0,0,0,0,0,0,1084,0,2100.0,1969.108273461633,1650.9293040144257,2198.879470000975,256.0
1785383242,0,,Aggregated,13.600000,0.000000,0,0,0,0,0,0,0,0,0,0,0,2168,0,260.0,1066.0158509010914,93.47443794831634,2198.879470000975,206.5
1785383243,0,TTFT,S1,6.800000,0.000000,0,0,0,0,0,0,0,0,0,0,0,1084,0,160.0,162.92342834054995,93.47443794831634,256.672624964267,157.0
1785383243,0,total,S1,6.800000,0.000000,0,0,0,0,0,0,0,0,0,0,0,1084,0,2100.0,1969.108273461633,1650.9293040144257,2198.879470000975,256.0
1785383243,0,,Aggregated,13.600000,0.000000,0,0,0,0,0,0,0,0,0,0,0,2168,0,260.0,1066.0158509010914,93.47443794831634,2198.879470000975,206.5
1785383244,0,TTFT,S1,6.800000,0.000000,0,0,0,0,0,0,0,0,0,0,0,1084,0,160.0,162.92342834054995,93.47443794831634,256.672624964267,157.0
1785383244,0,total,S1,6.800000,0.000000,0,0,0,0,0,0,0,0,0,0,0,1084,0,2100.0,1969.108273461633,1650.9293040144257,2198.879470000975,256.0
1785383244,0,,Aggregated,13.600000,0.000000,0,0,0,0,0,0,0,0,0,0,0,2168,0,260.0,1066.0158509010914,93.47443794831634,2198.879470000975,206.5
1785383245,0,TTFT,S1,6.800000,0.000000,0,0,0,0,0,0,0,0,0,0,0,1084,0,160.0,162.92342834054995,93.47443794831634,256.672624964267,157.0
1785383245,0,total,S1,6.800000,0.000000,0,0,0,0,0,0,0,0,0,0,0,1084,0,2100.0,1969.108273461633,1650.9293040144257,2198.879470000975,256.0
1785383245,0,,Aggregated,13.600000,0.000000,0,0,0,0,0,0,0,0,0,0,0,2168,0,260.0,1066.0158509010914,93.47443794831634,2198.879470000975,206.5
1785383246,0,TTFT,S1,6.800000,0.000000,0,0,0,0,0,0,0,0,0,0,0,1084,0,160.0,162.92342834054995,93.47443794831634,256.672624964267,157.0
1785383246,0,total,S1,6.800000,0.000000,0,0,0,0,0,0,0,0,0,0,0,1084,0,2100.0,1969.108273461633,1650.9293040144257,2198.879470000975,256.0
1785383246,0,,Aggregated,13.600000,0.000000,0,0,0,0,0,0,0,0,0,0,0,2168,0,260.0,1066.0158509010914,93.47443794831634,2198.879470000975,206.5
1785383247,0,TTFT,S1,6.800000,0.000000,0,0,0,0,0,0,0,0,0,0,0,1084,0,160.0,162.92342834054995,93.47443794831634,256.672624964267,157.0
1785383247,0,total,S1,6.800000,0.000000,0,0,0,0,0,0,0,0,0,0,0,1084,0,2100.0,1969.108273461633,1650.9293040144257,2198.879470000975,256.0
1785383247,0,,Aggregated,13.600000,0.000000,0,0,0,0,0,0,0,0,0,0,0,2168,0,260.0,1066.0158509010914,93.47443794831634,2198.879470000975,206.5
1785383248,0,TTFT,S1,6.800000,0.000000,0,0,0,0,0,0,0,0,0,0,0,1084,0,160.0,162.92342834054995,93.47443794831634,256.672624964267,157.0
1785383248,0,total,S1,6.800000,0.000000,0,0,0,0,0,0,0,0,0,0,0,1084,0,2100.0,1969.108273461633,1650.9293040144257,2198.879470000975,256.0
1785383248,0,,Aggregated,13.600000,0.000000,0,0,0,0,0,0,0,0,0,0,0,2168,0,260.0,1066.0158509010914,93.47443794831634,2198.879470000975,206.5
1785383249,0,TTFT,S1,6.800000,0.000000,0,0,0,0,0,0,0,0,0,0,0,1084,0,160.0,162.92342834054995,93.47443794831634,256.672624964267,157.0
1785383249,0,total,S1,6.800000,0.000000,0,0,0,0,0,0,0,0,0,0,0,1084,0,2100.0,1969.108273461633,1650.9293040144257,2198.879470000975,256.0
1785383249,0,,Aggregated,13.600000,0.000000,0,0,0,0,0,0,0,0,0,0,0,2168,0,260.0,1066.0158509010914,93.47443794831634,2198.879470000975,206.5
1785383250,0,TTFT,S1,6.800000,0.000000,0,0,0,0,0,0,0,0,0,0,0,1084,0,160.0,162.92342834054995,93.47443794831634,256.672624964267,157.0
1785383250,0,total,S1,6.800000,0.000000,0,0,0,0,0,0,0,0,0,0,0,1084,0,2100.0,1969.108273461633,1650.9293040144257,2198.879470000975,256.0
1785383250,0,,Aggregated,13.600000,0.000000,0,0,0,0,0,0,0,0,0,0,0,2168,0,260.0,1066.0158509010914,93.47443794831634,2198.879470000975,206.5
1785383251,0,TTFT,S1,6.800000,0.000000,0,0,0,0,0,0,0,0,0,0,0,1084,0,160.0,162.92342834054995,93.47443794831634,256.672624964267,157.0
1785383251,0,total,S1,6.800000,0.000000,0,0,0,0,0,0,0,0,0,0,0,1084,0,2100.0,1969.108273461633,1650.9293040144257,2198.879470000975,256.0
1785383251,0,,Aggregated,13.600000,0.000000,0,0,0,0,0,0,0,0,0,0,0,2168,0,260.0,1066.0158509010914,93.47443794831634,2198.879470000975,206.5
1785383252,0,TTFT,S1,6.800000,0.000000,0,0,0,0,0,0,0,0,0,0,0,1084,0,160.0,162.92342834054995,93.47443794831634,256.672624964267,157.0
1785383252,0,total,S1,6.800000,0.000000,0,0,0,0,0,0,0,0,0,0,0,1084,0,2100.0,1969.108273461633,1650.9293040144257,2198.879470000975,256.0
1785383252,0,,Aggregated,13.600000,0.000000,0,0,0,0,0,0,0,0,0,0,0,2168,0,260.0,1066.0158509010914,93.47443794831634,2198.879470000975,206.5
1785383253,0,TTFT,S1,6.800000,0.000000,0,0,0,0,0,0,0,0,0,0,0,1084,0,160.0,162.92342834054995,93.47443794831634,256.672624964267,157.0
1785383253,0,total,S1,6.800000,0.000000,0,0,0,0,0,0,0,0,0,0,0,1084,0,2100.0,1969.108273461633,1650.9293040144257,2198.879470000975,256.0
1785383253,0,,Aggregated,13.600000,0.000000,0,0,0,0,0,0,0,0,0,0,0,2168,0,260.0,1066.0158509010914,93.47443794831634,2198.879470000975,206.5
1785383254,0,TTFT,S1,6.800000,0.000000,0,0,0,0,0,0,0,0,0,0,0,1084,0,160.0,162.92342834054995,93.47443794831634,256.672624964267,157.0
1785383254,0,total,S1,6.800000,0.000000,0,0,0,0,0,0,0,0,0,0,0,1084,0,2100.0,1969.108273461633,1650.9293040144257,2198.879470000975,256.0
1785383254,0,,Aggregated,13.600000,0.000000,0,0,0,0,0,0,0,0,0,0,0,2168,0,260.0,1066.0158509010914,93.47443794831634,2198.879470000975,206.5
1785383255,0,TTFT,S1,6.800000,0.000000,0,0,0,0,0,0,0,0,0,0,0,1084,0,160.0,162.92342834054995,93.47443794831634,256.672624964267,157.0
1785383255,0,total,S1,6.800000,0.000000,0,0,0,0,0,0,0,0,0,0,0,1084,0,2100.0,1969.108273461633,1650.9293040144257,2198.879470000975,256.0
1785383255,0,,Aggregated,13.600000,0.000000,0,0,0,0,0,0,0,0,0,0,0,2168,0,260.0,1066.0158509010914,93.47443794831634,2198.879470000975,206.5
1785383256,0,TTFT,S1,6.800000,0.000000,0,0,0,0,0,0,0,0,0,0,0,1084,0,160.0,162.92342834054995,93.47443794831634,256.672624964267,157.0
1785383256,0,total,S1,6.800000,0.000000,0,0,0,0,0,0,0,0,0,0,0,1084,0,2100.0,1969.108273461633,1650.9293040144257,2198.879470000975,256.0
1785383256,0,,Aggregated,13.600000,0.000000,0,0,0,0,0,0,0,0,0,0,0,2168,0,260.0,1066.0158509010914,93.47443794831634,2198.879470000975,206.5
1785383257,0,TTFT,S1,6.800000,0.000000,0,0,0,0,0,0,0,0,0,0,0,1084,0,160.0,162.92342834054995,93.47443794831634,256.672624964267,157.0
1785383257,0,total,S1,6.800000,0.000000,0,0,0,0,0,0,0,0,0,0,0,1084,0,2100.0,1969.108273461633,1650.9293040144257,2198.879470000975,256.0
1785383257,0,,Aggregated,13.600000,0.000000,0,0,0,0,0,0,0,0,0,0,0,2168,0,260.0,1066.0158509010914,93.47443794831634,2198.879470000975,206.5
1785383258,0,TTFT,S1,6.800000,0.000000,0,0,0,0,0,0,0,0,0,0,0,1084,0,160.0,162.92342834054995,93.47443794831634,256.672624964267,157.0
1785383258,0,total,S1,6.800000,0.000000,0,0,0,0,0,0,0,0,0,0,0,1084,0,2100.0,1969.108273461633,1650.9293040144257,2198.879470000975,256.0
1785383258,0,,Aggregated,13.600000,0.000000,0,0,0,0,0,0,0,0,0,0,0,2168,0,260.0,1066.0158509010914,93.47443794831634,2198.879470000975,206.5
1785383259,0,TTFT,S1,6.800000,0.000000,0,0,0,0,0,0,0,0,0,0,0,1084,0,160.0,162.92342834054995,93.47443794831634,256.672624964267,157.0
1785383259,0,total,S1,6.800000,0.000000,0,0,0,0,0,0,0,0,0,0,0,1084,0,2100.0,1969.108273461633,1650.9293040144257,2198.879470000975,256.0
1785383259,0,,Aggregated,13.600000,0.000000,0,0,0,0,0,0,0,0,0,0,0,2168,0,260.0,1066.0158509010914,93.47443794831634,2198.879470000975,206.5
1785383260,0,TTFT,S1,6.800000,0.000000,0,0,0,0,0,0,0,0,0,0,0,1084,0,160.0,162.92342834054995,93.47443794831634,256.672624964267,157.0
1785383260,0,total,S1,6.800000,0.000000,0,0,0,0,0,0,0,0,0,0,0,1084,0,2100.0,1969.108273461633,1650.9293040144257,2198.879470000975,256.0
1785383260,0,,Aggregated,13.600000,0.000000,0,0,0,0,0,0,0,0,0,0,0,2168,0,260.0,1066.0158509010914,93.47443794831634,2198.879470000975,206.5
1785383261,0,TTFT,S1,6.800000,0.000000,0,0,0,0,0,0,0,0,0,0,0,1084,0,160.0,162.92342834054995,93.47443794831634,256.672624964267,157.0
1785383261,0,total,S1,6.800000,0.000000,0,0,0,0,0,0,0,0,0,0,0,1084,0,2100.0,1969.108273461633,1650.9293040144257,2198.879470000975,256.0
1785383261,0,,Aggregated,13.600000,0.000000,0,0,0,0,0,0,0,0,0,0,0,2168,0,260.0,1066.0158509010914,93.47443794831634,2198.879470000975,206.5
1785383262,0,TTFT,S1,6.800000,0.000000,0,0,0,0,0,0,0,0,0,0,0,1084,0,160.0,162.92342834054995,93.47443794831634,256.672624964267,157.0
1785383262,0,total,S1,6.800000,0.000000,0,0,0,0,0,0,0,0,0,0,0,1084,0,2100.0,1969.108273461633,1650.9293040144257,2198.879470000975,256.0
1785383262,0,,Aggregated,13.600000,0.000000,0,0,0,0,0,0,0,0,0,0,0,2168,0,260.0,1066.0158509010914,93.47443794831634,2198.879470000975,206.5
1785383263,0,TTFT,S1,6.800000,0.000000,0,0,0,0,0,0,0,0,0,0,0,1084,0,160.0,162.92342834054995,93.47443794831634,256.672624964267,157.0
1785383263,0,total,S1,6.800000,0.000000,0,0,0,0,0,0,0,0,0,0,0,1084,0,2100.0,1969.108273461633,1650.9293040144257,2198.879470000975,256.0
1785383263,0,,Aggregated,13.600000,0.000000,0,0,0,0,0,0,0,0,0,0,0,2168,0,260.0,1066.0158509010914,93.47443794831634,2198.879470000975,206.5
1785383264,0,TTFT,S1,6.800000,0.000000,0,0,0,0,0,0,0,0,0,0,0,1084,0,160.0,162.92342834054995,93.47443794831634,256.672624964267,157.0
1785383264,0,total,S1,6.800000,0.000000,0,0,0,0,0,0,0,0,0,0,0,1084,0,2100.0,1969.108273461633,1650.9293040144257,2198.879470000975,256.0
1785383264,0,,Aggregated,13.600000,0.000000,0,0,0,0,0,0,0,0,0,0,0,2168,0,260.0,1066.0158509010914,93.47443794831634,2198.879470000975,206.5
1785383265,0,TTFT,S1,6.800000,0.000000,0,0,0,0,0,0,0,0,0,0,0,1084,0,160.0,162.92342834054995,93.47443794831634,256.672624964267,157.0
1785383265,0,total,S1,6.800000,0.000000,0,0,0,0,0,0,0,0,0,0,0,1084,0,2100.0,1969.108273461633,1650.9293040144257,2198.879470000975,256.0
1785383265,0,,Aggregated,13.600000,0.000000,0,0,0,0,0,0,0,0,0,0,0,2168,0,260.0,1066.0158509010914,93.47443794831634,2198.879470000975,206.5
1785383266,0,TTFT,S1,6.800000,0.000000,0,0,0,0,0,0,0,0,0,0,0,1084,0,160.0,162.92342834054995,93.47443794831634,256.672624964267,157.0
1785383266,0,total,S1,6.800000,0.000000,0,0,0,0,0,0,0,0,0,0,0,1084,0,2100.0,1969.108273461633,1650.9293040144257,2198.879470000975,256.0
1785383266,0,,Aggregated,13.600000,0.000000,0,0,0,0,0,0,0,0,0,0,0,2168,0,260.0,1066.0158509010914,93.47443794831634,2198.879470000975,206.5
1785383267,0,TTFT,S1,6.800000,0.000000,0,0,0,0,0,0,0,0,0,0,0,1084,0,160.0,162.92342834054995,93.47443794831634,256.672624964267,157.0
1785383267,0,total,S1,6.800000,0.000000,0,0,0,0,0,0,0,0,0,0,0,1084,0,2100.0,1969.108273461633,1650.9293040144257,2198.879470000975,256.0
1785383267,0,,Aggregated,13.600000,0.000000,0,0,0,0,0,0,0,0,0,0,0,2168,0,260.0,1066.0158509010914,93.47443794831634,2198.879470000975,206.5
1785383268,0,TTFT,S1,6.800000,0.000000,0,0,0,0,0,0,0,0,0,0,0,1084,0,160.0,162.92342834054995,93.47443794831634,256.672624964267,157.0
1785383268,0,total,S1,6.800000,0.000000,0,0,0,0,0,0,0,0,0,0,0,1084,0,2100.0,1969.108273461633,1650.9293040144257,2198.879470000975,256.0
1785383268,0,,Aggregated,13.600000,0.000000,0,0,0,0,0,0,0,0,0,0,0,2168,0,260.0,1066.0158509010914,93.47443794831634,2198.879470000975,206.5
1785383269,0,TTFT,S1,6.800000,0.000000,0,0,0,0,0,0,0,0,0,0,0,1084,0,160.0,162.92342834054995,93.47443794831634,256.672624964267,157.0
1785383269,0,total,S1,6.800000,0.000000,0,0,0,0,0,0,0,0,0,0,0,1084,0,2100.0,1969.108273461633,1650.9293040144257,2198.879470000975,256.0
1785383269,0,,Aggregated,13.600000,0.000000,0,0,0,0,0,0,0,0,0,0,0,2168,0,260.0,1066.0158509010914,93.47443794831634,2198.879470000975,206.5
1785383270,0,TTFT,S1,6.800000,0.000000,0,0,0,0,0,0,0,0,0,0,0,1084,0,160.0,162.92342834054995,93.47443794831634,256.672624964267,157.0
1785383270,0,total,S1,6.800000,0.000000,0,0,0,0,0,0,0,0,0,0,0,1084,0,2100.0,1969.108273461633,1650.9293040144257,2198.879470000975,256.0
1785383270,0,,Aggregated,13.600000,0.000000,0,0,0,0,0,0,0,0,0,0,0,2168,0,260.0,1066.0158509010914,93.47443794831634,2198.879470000975,206.5
1785383271,0,TTFT,S1,6.800000,0.000000,0,0,0,0,0,0,0,0,0,0,0,1084,0,160.0,162.92342834054995,93.47443794831634,256.672624964267,157.0
1785383271,0,total,S1,6.800000,0.000000,0,0,0,0,0,0,0,0,0,0,0,1084,0,2100.0,1969.108273461633,1650.9293040144257,2198.879470000975,256.0
1785383271,0,,Aggregated,13.600000,0.000000,0,0,0,0,0,0,0,0,0,0,0,2168,0,260.0,1066.0158509010914,93.47443794831634,2198.879470000975,206.5
1785383272,0,TTFT,S1,6.800000,0.000000,0,0,0,0,0,0,0,0,0,0,0,1084,0,160.0,162.92342834054995,93.47443794831634,256.672624964267,157.0
1785383272,0,total,S1,6.800000,0.000000,0,0,0,0,0,0,0,0,0,0,0,1084,0,2100.0,1969.108273461633,1650.9293040144257,2198.879470000975,256.0
1785383272,0,,Aggregated,13.600000,0.000000,0,0,0,0,0,0,0,0,0,0,0,2168,0,260.0,1066.0158509010914,93.47443794831634,2198.879470000975,206.5
1785383273,0,TTFT,S1,6.800000,0.000000,0,0,0,0,0,0,0,0,0,0,0,1084,0,160.0,162.92342834054995,93.47443794831634,256.672624964267,157.0
1785383273,0,total,S1,6.800000,0.000000,0,0,0,0,0,0,0,0,0,0,0,1084,0,2100.0,1969.108273461633,1650.9293040144257,2198.879470000975,256.0
1785383273,0,,Aggregated,13.600000,0.000000,0,0,0,0,0,0,0,0,0,0,0,2168,0,260.0,1066.0158509010914,93.47443794831634,2198.879470000975,206.5
1785383274,0,TTFT,S1,6.800000,0.000000,0,0,0,0,0,0,0,0,0,0,0,1084,0,160.0,162.92342834054995,93.47443794831634,256.672624964267,157.0
1785383274,0,total,S1,6.800000,0.000000,0,0,0,0,0,0,0,0,0,0,0,1084,0,2100.0,1969.108273461633,1650.9293040144257,2198.879470000975,256.0
1785383274,0,,Aggregated,13.600000,0.000000,0,0,0,0,0,0,0,0,0,0,0,2168,0,260.0,1066.0158509010914,93.47443794831634,2198.879470000975,206.5
1785383275,0,TTFT,S1,6.800000,0.000000,0,0,0,0,0,0,0,0,0,0,0,1084,0,160.0,162.92342834054995,93.47443794831634,256.672624964267,157.0
1785383275,0,total,S1,6.800000,0.000000,0,0,0,0,0,0,0,0,0,0,0,1084,0,2100.0,1969.108273461633,1650.9293040144257,2198.879470000975,256.0
1785383275,0,,Aggregated,13.600000,0.000000,0,0,0,0,0,0,0,0,0,0,0,2168,0,260.0,1066.0158509010914,93.47443794831634,2198.879470000975,206.5
1785383276,0,TTFT,S1,6.800000,0.000000,0,0,0,0,0,0,0,0,0,0,0,1084,0,160.0,162.92342834054995,93.47443794831634,256.672624964267,157.0
1785383276,0,total,S1,6.800000,0.000000,0,0,0,0,0,0,0,0,0,0,0,1084,0,2100.0,1969.108273461633,1650.9293040144257,2198.879470000975,256.0
1785383276,0,,Aggregated,13.600000,0.000000,0,0,0,0,0,0,0,0,0,0,0,2168,0,260.0,1066.0158509010914,93.47443794831634,2198.879470000975,206.5
1785383277,0,TTFT,S1,6.800000,0.000000,0,0,0,0,0,0,0,0,0,0,0,1084,0,160.0,162.92342834054995,93.47443794831634,256.672624964267,157.0
1785383277,0,total,S1,6.800000,0.000000,0,0,0,0,0,0,0,0,0,0,0,1084,0,2100.0,1969.108273461633,1650.9293040144257,2198.879470000975,256.0
1785383277,0,,Aggregated,13.600000,0.000000,0,0,0,0,0,0,0,0,0,0,0,2168,0,260.0,1066.0158509010914,93.47443794831634,2198.879470000975,206.5
1785383278,0,TTFT,S1,6.800000,0.000000,0,0,0,0,0,0,0,0,0,0,0,1084,0,160.0,162.92342834054995,93.47443794831634,256.672624964267,157.0
1785383278,0,total,S1,6.800000,0.000000,0,0,0,0,0,0,0,0,0,0,0,1084,0,2100.0,1969.108273461633,1650.9293040144257,2198.879470000975,256.0
1785383278,0,,Aggregated,13.600000,0.000000,0,0,0,0,0,0,0,0,0,0,0,2168,0,260.0,1066.0158509010914,93.47443794831634,2198.879470000975,206.5
1785383279,0,TTFT,S1,6.800000,0.000000,0,0,0,0,0,0,0,0,0,0,0,1084,0,160.0,162.92342834054995,93.47443794831634,256.672624964267,157.0
1785383279,0,total,S1,6.800000,0.000000,0,0,0,0,0,0,0,0,0,0,0,1084,0,2100.0,1969.108273461633,1650.9293040144257,2198.879470000975,256.0
1785383279,0,,Aggregated,13.600000,0.000000,0,0,0,0,0,0,0,0,0,0,0,2168,0,260.0,1066.0158509010914,93.47443794831634,2198.879470000975,206.5
1785383280,0,TTFT,S1,6.800000,0.000000,0,0,0,0,0,0,0,0,0,0,0,1084,0,160.0,162.92342834054995,93.47443794831634,256.672624964267,157.0
1785383280,0,total,S1,6.800000,0.000000,0,0,0,0,0,0,0,0,0,0,0,1084,0,2100.0,1969.108273461633,1650.9293040144257,2198.879470000975,256.0
1785383280,0,,Aggregated,13.600000,0.000000,0,0,0,0,0,0,0,0,0,0,0,2168,0,260.0,1066.0158509010914,93.47443794831634,2198.879470000975,206.5
1785383281,0,TTFT,S1,6.800000,0.000000,0,0,0,0,0,0,0,0,0,0,0,1084,0,160.0,162.92342834054995,93.47443794831634,256.672624964267,157.0
1785383281,0,total,S1,6.800000,0.000000,0,0,0,0,0,0,0,0,0,0,0,1084,0,2100.0,1969.108273461633,1650.9293040144257,2198.879470000975,256.0
1785383281,0,,Aggregated,13.600000,0.000000,0,0,0,0,0,0,0,0,0,0,0,2168,0,260.0,1066.0158509010914,93.47443794831634,2198.879470000975,206.5
1785383282,0,TTFT,S1,6.800000,0.000000,0,0,0,0,0,0,0,0,0,0,0,1084,0,160.0,162.92342834054995,93.47443794831634,256.672624964267,157.0
1785383282,0,total,S1,6.800000,0.000000,0,0,0,0,0,0,0,0,0,0,0,1084,0,2100.0,1969.108273461633,1650.9293040144257,2198.879470000975,256.0
1785383282,0,,Aggregated,13.600000,0.000000,0,0,0,0,0,0,0,0,0,0,0,2168,0,260.0,1066.0158509010914,93.47443794831634,2198.879470000975,206.5
1785383283,0,TTFT,S1,6.800000,0.000000,0,0,0,0,0,0,0,0,0,0,0,1084,0,160.0,162.92342834054995,93.47443794831634,256.672624964267,157.0
1785383283,0,total,S1,6.800000,0.000000,0,0,0,0,0,0,0,0,0,0,0,1084,0,2100.0,1969.108273461633,1650.9293040144257,2198.879470000975,256.0
1785383283,0,,Aggregated,13.600000,0.000000,0,0,0,0,0,0,0,0,0,0,0,2168,0,260.0,1066.0158509010914,93.47443794831634,2198.879470000975,206.5
1785383284,0,TTFT,S1,6.800000,0.000000,0,0,0,0,0,0,0,0,0,0,0,1084,0,160.0,162.92342834054995,93.47443794831634,256.672624964267,157.0
1785383284,0,total,S1,6.800000,0.000000,0,0,0,0,0,0,0,0,0,0,0,1084,0,2100.0,1969.108273461633,1650.9293040144257,2198.879470000975,256.0
1785383284,0,,Aggregated,13.600000,0.000000,0,0,0,0,0,0,0,0,0,0,0,2168,0,260.0,1066.0158509010914,93.47443794831634,2198.879470000975,206.5
1785383285,0,TTFT,S1,6.800000,0.000000,0,0,0,0,0,0,0,0,0,0,0,1084,0,160.0,162.92342834054995,93.47443794831634,256.672624964267,157.0
1785383285,0,total,S1,6.800000,0.000000,0,0,0,0,0,0,0,0,0,0,0,1084,0,2100.0,1969.108273461633,1650.9293040144257,2198.879470000975,256.0
1785383285,0,,Aggregated,13.600000,0.000000,0,0,0,0,0,0,0,0,0,0,0,2168,0,260.0,1066.0158509010914,93.47443794831634,2198.879470000975,206.5
1785383286,0,TTFT,S1,6.800000,0.000000,0,0,0,0,0,0,0,0,0,0,0,1084,0,160.0,162.92342834054995,93.47443794831634,256.672624964267,157.0
1785383286,0,total,S1,6.800000,0.000000,0,0,0,0,0,0,0,0,0,0,0,1084,0,2100.0,1969.108273461633,1650.9293040144257,2198.879470000975,256.0
1785383286,0,,Aggregated,13.600000,0.000000,0,0,0,0,0,0,0,0,0,0,0,2168,0,260.0,1066.0158509010914,93.47443794831634,2198.879470000975,206.5
1785383287,0,TTFT,S1,6.800000,0.000000,0,0,0,0,0,0,0,0,0,0,0,1084,0,160.0,162.92342834054995,93.47443794831634,256.672624964267,157.0
1785383287,0,total,S1,6.800000,0.000000,0,0,0,0,0,0,0,0,0,0,0,1084,0,2100.0,1969.108273461633,1650.9293040144257,2198.879470000975,256.0
1785383287,0,,Aggregated,13.600000,0.000000,0,0,0,0,0,0,0,0,0,0,0,2168,0,260.0,1066.0158509010914,93.47443794831634,2198.879470000975,206.5
1785383288,0,TTFT,S1,6.800000,0.000000,0,0,0,0,0,0,0,0,0,0,0,1084,0,160.0,162.92342834054995,93.47443794831634,256.672624964267,157.0
1785383288,0,total,S1,6.800000,0.000000,0,0,0,0,0,0,0,0,0,0,0,1084,0,2100.0,1969.108273461633,1650.9293040144257,2198.879470000975,256.0
1785383288,0,,Aggregated,13.600000,0.000000,0,0,0,0,0,0,0,0,0,0,0,2168,0,260.0,1066.0158509010914,93.47443794831634,2198.879470000975,206.5
1785383289,0,TTFT,S1,6.800000,0.000000,0,0,0,0,0,0,0,0,0,0,0,1084,0,160.0,162.92342834054995,93.47443794831634,256.672624964267,157.0
1785383289,0,total,S1,6.800000,0.000000,0,0,0,0,0,0,0,0,0,0,0,1084,0,2100.0,1969.108273461633,1650.9293040144257,2198.879470000975,256.0
1785383289,0,,Aggregated,13.600000,0.000000,0,0,0,0,0,0,0,0,0,0,0,2168,0,260.0,1066.0158509010914,93.47443794831634,2198.879470000975,206.5
1785383290,0,TTFT,S1,6.800000,0.000000,0,0,0,0,0,0,0,0,0,0,0,1084,0,160.0,162.92342834054995,93.47443794831634,256.672624964267,157.0
1785383290,0,total,S1,6.800000,0.000000,0,0,0,0,0,0,0,0,0,0,0,1084,0,2100.0,1969.108273461633,1650.9293040144257,2198.879470000975,256.0
1785383290,0,,Aggregated,13.600000,0.000000,0,0,0,0,0,0,0,0,0,0,0,2168,0,260.0,1066.0158509010914,93.47443794831634,2198.879470000975,206.5
1785383291,0,TTFT,S1,6.800000,0.000000,0,0,0,0,0,0,0,0,0,0,0,1084,0,160.0,162.92342834054995,93.47443794831634,256.672624964267,157.0
1785383291,0,total,S1,6.800000,0.000000,0,0,0,0,0,0,0,0,0,0,0,1084,0,2100.0,1969.108273461633,1650.9293040144257,2198.879470000975,256.0
1785383291,0,,Aggregated,13.600000,0.000000,0,0,0,0,0,0,0,0,0,0,0,2168,0,260.0,1066.0158509010914,93.47443794831634,2198.879470000975,206.5
1785383292,0,TTFT,S1,6.800000,0.000000,0,0,0,0,0,0,0,0,0,0,0,1084,0,160.0,162.92342834054995,93.47443794831634,256.672624964267,157.0
1785383292,0,total,S1,6.800000,0.000000,0,0,0,0,0,0,0,0,0,0,0,1084,0,2100.0,1969.108273461633,1650.9293040144257,2198.879470000975,256.0
1785383292,0,,Aggregated,13.600000,0.000000,0,0,0,0,0,0,0,0,0,0,0,2168,0,260.0,1066.0158509010914,93.47443794831634,2198.879470000975,206.5
1785383293,0,TTFT,S1,6.800000,0.000000,0,0,0,0,0,0,0,0,0,0,0,1084,0,160.0,162.92342834054995,93.47443794831634,256.672624964267,157.0
1785383293,0,total,S1,6.800000,0.000000,0,0,0,0,0,0,0,0,0,0,0,1084,0,2100.0,1969.108273461633,1650.9293040144257,2198.879470000975,256.0
1785383293,0,,Aggregated,13.600000,0.000000,0,0,0,0,0,0,0,0,0,0,0,2168,0,260.0,1066.0158509010914,93.47443794831634,2198.879470000975,206.5
1785383294,0,TTFT,S1,6.800000,0.000000,0,0,0,0,0,0,0,0,0,0,0,1084,0,160.0,162.92342834054995,93.47443794831634,256.672624964267,157.0
1785383294,0,total,S1,6.800000,0.000000,0,0,0,0,0,0,0,0,0,0,0,1084,0,2100.0,1969.108273461633,1650.9293040144257,2198.879470000975,256.0
1785383294,0,,Aggregated,13.600000,0.000000,0,0,0,0,0,0,0,0,0,0,0,2168,0,260.0,1066.0158509010914,93.47443794831634,2198.879470000975,206.5
1785383295,0,TTFT,S1,6.800000,0.000000,0,0,0,0,0,0,0,0,0,0,0,1084,0,160.0,162.92342834054995,93.47443794831634,256.672624964267,157.0
1785383295,0,total,S1,6.800000,0.000000,0,0,0,0,0,0,0,0,0,0,0,1084,0,2100.0,1969.108273461633,1650.9293040144257,2198.879470000975,256.0
1785383295,0,,Aggregated,13.600000,0.000000,0,0,0,0,0,0,0,0,0,0,0,2168,0,260.0,1066.0158509010914,93.47443794831634,2198.879470000975,206.5
1785383296,0,TTFT,S1,6.800000,0.000000,0,0,0,0,0,0,0,0,0,0,0,1084,0,160.0,162.92342834054995,93.47443794831634,256.672624964267,157.0
1785383296,0,total,S1,6.800000,0.000000,0,0,0,0,0,0,0,0,0,0,0,1084,0,2100.0,1969.108273461633,1650.9293040144257,2198.879470000975,256.0
1785383296,0,,Aggregated,13.600000,0.000000,0,0,0,0,0,0,0,0,0,0,0,2168,0,260.0,1066.0158509010914,93.47443794831634,2198.879470000975,206.5
1785383297,0,TTFT,S1,6.800000,0.000000,0,0,0,0,0,0,0,0,0,0,0,1084,0,160.0,162.92342834054995,93.47443794831634,256.672624964267,157.0
1785383297,0,total,S1,6.800000,0.000000,0,0,0,0,0,0,0,0,0,0,0,1084,0,2100.0,1969.108273461633,1650.9293040144257,2198.879470000975,256.0
1785383297,0,,Aggregated,13.600000,0.000000,0,0,0,0,0,0,0,0,0,0,0,2168,0,260.0,1066.0158509010914,93.47443794831634,2198.879470000975,206.5
1785383298,0,TTFT,S1,6.800000,0.000000,0,0,0,0,0,0,0,0,0,0,0,1084,0,160.0,162.92342834054995,93.47443794831634,256.672624964267,157.0
1785383298,0,total,S1,6.800000,0.000000,0,0,0,0,0,0,0,0,0,0,0,1084,0,2100.0,1969.108273461633,1650.9293040144257,2198.879470000975,256.0
1785383298,0,,Aggregated,13.600000,0.000000,0,0,0,0,0,0,0,0,0,0,0,2168,0,260.0,1066.0158509010914,93.47443794831634,2198.879470000975,206.5
1785383299,0,TTFT,S1,6.800000,0.000000,0,0,0,0,0,0,0,0,0,0,0,1084,0,160.0,162.92342834054995,93.47443794831634,256.672624964267,157.0
1785383299,0,total,S1,6.800000,0.000000,0,0,0,0,0,0,0,0,0,0,0,1084,0,2100.0,1969.108273461633,1650.9293040144257,2198.879470000975,256.0
1785383299,0,,Aggregated,13.600000,0.000000,0,0,0,0,0,0,0,0,0,0,0,2168,0,260.0,1066.0158509010914,93.47443794831634,2198.879470000975,206.5
1785383300,0,TTFT,S1,6.800000,0.000000,0,0,0,0,0,0,0,0,0,0,0,1084,0,160.0,162.92342834054995,93.47443794831634,256.672624964267,157.0
1785383300,0,total,S1,6.800000,0.000000,0,0,0,0,0,0,0,0,0,0,0,1084,0,2100.0,1969.108273461633,1650.9293040144257,2198.879470000975,256.0
1785383300,0,,Aggregated,13.600000,0.000000,0,0,0,0,0,0,0,0,0,0,0,2168,0,260.0,1066.0158509010914,93.47443794831634,2198.879470000975,206.5
1785383301,0,TTFT,S1,6.800000,0.000000,0,0,0,0,0,0,0,0,0,0,0,1084,0,160.0,162.92342834054995,93.47443794831634,256.672624964267,157.0
1785383301,0,total,S1,6.800000,0.000000,0,0,0,0,0,0,0,0,0,0,0,1084,0,2100.0,1969.108273461633,1650.9293040144257,2198.879470000975,256.0
1785383301,0,,Aggregated,13.600000,0.000000,0,0,0,0,0,0,0,0,0,0,0,2168,0,260.0,1066.0158509010914,93.47443794831634,2198.879470000975,206.5
1785383302,0,TTFT,S1,6.800000,0.000000,0,0,0,0,0,0,0,0,0,0,0,1084,0,160.0,162.92342834054995,93.47443794831634,256.672624964267,157.0
1785383302,0,total,S1,6.800000,0.000000,0,0,0,0,0,0,0,0,0,0,0,1084,0,2100.0,1969.108273461633,1650.9293040144257,2198.879470000975,256.0
1785383302,0,,Aggregated,13.600000,0.000000,0,0,0,0,0,0,0,0,0,0,0,2168,0,260.0,1066.0158509010914,93.47443794831634,2198.879470000975,206.5
1785383303,0,TTFT,S1,6.800000,0.000000,0,0,0,0,0,0,0,0,0,0,0,1084,0,160.0,162.92342834054995,93.47443794831634,256.672624964267,157.0
1785383303,0,total,S1,6.800000,0.000000,0,0,0,0,0,0,0,0,0,0,0,1084,0,2100.0,1969.108273461633,1650.9293040144257,2198.879470000975,256.0
1785383303,0,,Aggregated,13.600000,0.000000,0,0,0,0,0,0,0,0,0,0,0,2168,0,260.0,1066.0158509010914,93.47443794831634,2198.879470000975,206.5
1785383304,0,TTFT,S1,6.800000,0.000000,0,0,0,0,0,0,0,0,0,0,0,1084,0,160.0,162.92342834054995,93.47443794831634,256.672624964267,157.0
1785383304,0,total,S1,6.800000,0.000000,0,0,0,0,0,0,0,0,0,0,0,1084,0,2100.0,1969.108273461633,1650.9293040144257,2198.879470000975,256.0
1785383304,0,,Aggregated,13.600000,0.000000,0,0,0,0,0,0,0,0,0,0,0,2168,0,260.0,1066.0158509010914,93.47443794831634,2198.879470000975,206.5
1785383305,0,TTFT,S1,6.800000,0.000000,0,0,0,0,0,0,0,0,0,0,0,1084,0,160.0,162.92342834054995,93.47443794831634,256.672624964267,157.0
1785383305,0,total,S1,6.800000,0.000000,0,0,0,0,0,0,0,0,0,0,0,1084,0,2100.0,1969.108273461633,1650.9293040144257,2198.879470000975,256.0
1785383305,0,,Aggregated,13.600000,0.000000,0,0,0,0,0,0,0,0,0,0,0,2168,0,260.0,1066.0158509010914,93.47443794831634,2198.879470000975,206.5
1785383306,0,TTFT,S1,6.800000,0.000000,0,0,0,0,0,0,0,0,0,0,0,1084,0,160.0,162.92342834054995,93.47443794831634,256.672624964267,157.0
1785383306,0,total,S1,6.800000,0.000000,0,0,0,0,0,0,0,0,0,0,0,1084,0,2100.0,1969.108273461633,1650.9293040144257,2198.879470000975,256.0
1785383306,0,,Aggregated,13.600000,0.000000,0,0,0,0,0,0,0,0,0,0,0,2168,0,260.0,1066.0158509010914,93.47443794831634,2198.879470000975,206.5
1785383307,0,TTFT,S1,6.800000,0.000000,0,0,0,0,0,0,0,0,0,0,0,1084,0,160.0,162.92342834054995,93.47443794831634,256.672624964267,157.0
1785383307,0,total,S1,6.800000,0.000000,0,0,0,0,0,0,0,0,0,0,0,1084,0,2100.0,1969.108273461633,1650.9293040144257,2198.879470000975,256.0
1785383307,0,,Aggregated,13.600000,0.000000,0,0,0,0,0,0,0,0,0,0,0,2168,0,260.0,1066.0158509010914,93.47443794831634,2198.879470000975,206.5
1785383308,0,TTFT,S1,6.800000,0.000000,0,0,0,0,0,0,0,0,0,0,0,1084,0,160.0,162.92342834054995,93.47443794831634,256.672624964267,157.0
1785383308,0,total,S1,6.800000,0.000000,0,0,0,0,0,0,0,0,0,0,0,1084,0,2100.0,1969.108273461633,1650.9293040144257,2198.879470000975,256.0
1785383308,0,,Aggregated,13.600000,0.000000,0,0,0,0,0,0,0,0,0,0,0,2168,0,260.0,1066.0158509010914,93.47443794831634,2198.879470000975,206.5
1785383309,0,TTFT,S1,6.800000,0.000000,0,0,0,0,0,0,0,0,0,0,0,1084,0,160.0,162.92342834054995,93.47443794831634,256.672624964267,157.0
1785383309,0,total,S1,6.800000,0.000000,0,0,0,0,0,0,0,0,0,0,0,1084,0,2100.0,1969.108273461633,1650.9293040144257,2198.879470000975,256.0
1785383309,0,,Aggregated,13.600000,0.000000,0,0,0,0,0,0,0,0,0,0,0,2168,0,260.0,1066.0158509010914,93.47443794831634,2198.879470000975,206.5
1785383310,0,TTFT,S1,6.800000,0.000000,0,0,0,0,0,0,0,0,0,0,0,1084,0,160.0,162.92342834054995,93.47443794831634,256.672624964267,157.0
1785383310,0,total,S1,6.800000,0.000000,0,0,0,0,0,0,0,0,0,0,0,1084,0,2100.0,1969.108273461633,1650.9293040144257,2198.879470000975,256.0
1785383310,0,,Aggregated,13.600000,0.000000,0,0,0,0,0,0,0,0,0,0,0,2168,0,260.0,1066.0158509010914,93.47443794831634,2198.879470000975,206.5
1785383311,0,TTFT,S1,6.800000,0.000000,0,0,0,0,0,0,0,0,0,0,0,1084,0,160.0,162.92342834054995,93.47443794831634,256.672624964267,157.0
1785383311,0,total,S1,6.800000,0.000000,0,0,0,0,0,0,0,0,0,0,0,1084,0,2100.0,1969.108273461633,1650.9293040144257,2198.879470000975,256.0
1785383311,0,,Aggregated,13.600000,0.000000,0,0,0,0,0,0,0,0,0,0,0,2168,0,260.0,1066.0158509010914,93.47443794831634,2198.879470000975,206.5
1785383312,0,TTFT,S1,6.800000,0.000000,0,0,0,0,0,0,0,0,0,0,0,1084,0,160.0,162.92342834054995,93.47443794831634,256.672624964267,157.0
1785383312,0,total,S1,6.800000,0.000000,0,0,0,0,0,0,0,0,0,0,0,1084,0,2100.0,1969.108273461633,1650.9293040144257,2198.879470000975,256.0
1785383312,0,,Aggregated,13.600000,0.000000,0,0,0,0,0,0,0,0,0,0,0,2168,0,260.0,1066.0158509010914,93.47443794831634,2198.879470000975,206.5
1785383313,0,TTFT,S1,6.800000,0.000000,0,0,0,0,0,0,0,0,0,0,0,1084,0,160.0,162.92342834054995,93.47443794831634,256.672624964267,157.0
1785383313,0,total,S1,6.800000,0.000000,0,0,0,0,0,0,0,0,0,0,0,1084,0,2100.0,1969.108273461633,1650.9293040144257,2198.879470000975,256.0
1785383313,0,,Aggregated,13.600000,0.000000,0,0,0,0,0,0,0,0,0,0,0,2168,0,260.0,1066.0158509010914,93.47443794831634,2198.879470000975,206.5
1785383314,0,TTFT,S1,6.800000,0.000000,0,0,0,0,0,0,0,0,0,0,0,1084,0,160.0,162.92342834054995,93.47443794831634,256.672624964267,157.0
1785383314,0,total,S1,6.800000,0.000000,0,0,0,0,0,0,0,0,0,0,0,1084,0,2100.0,1969.108273461633,1650.9293040144257,2198.879470000975,256.0
1785383314,0,,Aggregated,13.600000,0.000000,0,0,0,0,0,0,0,0,0,0,0,2168,0,260.0,1066.0158509010914,93.47443794831634,2198.879470000975,206.5
1785383315,0,TTFT,S1,6.800000,0.000000,0,0,0,0,0,0,0,0,0,0,0,1084,0,160.0,162.92342834054995,93.47443794831634,256.672624964267,157.0
1785383315,0,total,S1,6.800000,0.000000,0,0,0,0,0,0,0,0,0,0,0,1084,0,2100.0,1969.108273461633,1650.9293040144257,2198.879470000975,256.0
1785383315,0,,Aggregated,13.600000,0.000000,0,0,0,0,0,0,0,0,0,0,0,2168,0,260.0,1066.0158509010914,93.47443794831634,2198.879470000975,206.5
1785383316,0,TTFT,S1,6.800000,0.000000,0,0,0,0,0,0,0,0,0,0,0,1084,0,160.0,162.92342834054995,93.47443794831634,256.672624964267,157.0
1785383316,0,total,S1,6.800000,0.000000,0,0,0,0,0,0,0,0,0,0,0,1084,0,2100.0,1969.108273461633,1650.9293040144257,2198.879470000975,256.0
1785383316,0,,Aggregated,13.600000,0.000000,0,0,0,0,0,0,0,0,0,0,0,2168,0,260.0,1066.0158509010914,93.47443794831634,2198.879470000975,206.5
1785383317,0,TTFT,S1,6.800000,0.000000,0,0,0,0,0,0,0,0,0,0,0,1084,0,160.0,162.92342834054995,93.47443794831634,256.672624964267,157.0
1785383317,0,total,S1,6.800000,0.000000,0,0,0,0,0,0,0,0,0,0,0,1084,0,2100.0,1969.108273461633,1650.9293040144257,2198.879470000975,256.0
1785383317,0,,Aggregated,13.600000,0.000000,0,0,0,0,0,0,0,0,0,0,0,2168,0,260.0,1066.0158509010914,93.47443794831634,2198.879470000975,206.5
1785383318,0,TTFT,S1,6.800000,0.000000,0,0,0,0,0,0,0,0,0,0,0,1084,0,160.0,162.92342834054995,93.47443794831634,256.672624964267,157.0
1785383318,0,total,S1,6.800000,0.000000,0,0,0,0,0,0,0,0,0,0,0,1084,0,2100.0,1969.108273461633,1650.9293040144257,2198.879470000975,256.0
1785383318,0,,Aggregated,13.600000,0.000000,0,0,0,0,0,0,0,0,0,0,0,2168,0,260.0,1066.0158509010914,93.47443794831634,2198.879470000975,206.5
1785383319,0,TTFT,S1,6.800000,0.000000,0,0,0,0,0,0,0,0,0,0,0,1084,0,160.0,162.92342834054995,93.47443794831634,256.672624964267,157.0
1785383319,0,total,S1,6.800000,0.000000,0,0,0,0,0,0,0,0,0,0,0,1084,0,2100.0,1969.108273461633,1650.9293040144257,2198.879470000975,256.0
1785383319,0,,Aggregated,13.600000,0.000000,0,0,0,0,0,0,0,0,0,0,0,2168,0,260.0,1066.0158509010914,93.47443794831634,2198.879470000975,206.5
1785383320,0,TTFT,S1,6.800000,0.000000,0,0,0,0,0,0,0,0,0,0,0,1084,0,160.0,162.92342834054995,93.47443794831634,256.672624964267,157.0
1785383320,0,total,S1,6.800000,0.000000,0,0,0,0,0,0,0,0,0,0,0,1084,0,2100.0,1969.108273461633,1650.9293040144257,2198.879470000975,256.0
1785383320,0,,Aggregated,13.600000,0.000000,0,0,0,0,0,0,0,0,0,0,0,2168,0,260.0,1066.0158509010914,93.47443794831634,2198.879470000975,206.5
1785383321,0,TTFT,S1,6.800000,0.000000,0,0,0,0,0,0,0,0,0,0,0,1084,0,160.0,162.92342834054995,93.47443794831634,256.672624964267,157.0
1785383321,0,total,S1,6.800000,0.000000,0,0,0,0,0,0,0,0,0,0,0,1084,0,2100.0,1969.108273461633,1650.9293040144257,2198.879470000975,256.0
1785383321,0,,Aggregated,13.600000,0.000000,0,0,0,0,0,0,0,0,0,0,0,2168,0,260.0,1066.0158509010914,93.47443794831634,2198.879470000975,206.5
1785383322,0,TTFT,S1,6.800000,0.000000,0,0,0,0,0,0,0,0,0,0,0,1084,0,160.0,162.92342834054995,93.47443794831634,256.672624964267,157.0
1785383322,0,total,S1,6.800000,0.000000,0,0,0,0,0,0,0,0,0,0,0,1084,0,2100.0,1969.108273461633,1650.9293040144257,2198.879470000975,256.0
1785383322,0,,Aggregated,13.600000,0.000000,0,0,0,0,0,0,0,0,0,0,0,2168,0,260.0,1066.0158509010914,93.47443794831634,2198.879470000975,206.5
1785383323,0,TTFT,S1,6.800000,0.000000,0,0,0,0,0,0,0,0,0,0,0,1084,0,160.0,162.92342834054995,93.47443794831634,256.672624964267,157.0
1785383323,0,total,S1,6.800000,0.000000,0,0,0,0,0,0,0,0,0,0,0,1084,0,2100.0,1969.108273461633,1650.9293040144257,2198.879470000975,256.0
1785383323,0,,Aggregated,13.600000,0.000000,0,0,0,0,0,0,0,0,0,0,0,2168,0,260.0,1066.0158509010914,93.47443794831634,2198.879470000975,206.5
1785383324,0,TTFT,S1,6.800000,0.000000,0,0,0,0,0,0,0,0,0,0,0,1084,0,160.0,162.92342834054995,93.47443794831634,256.672624964267,157.0
1785383324,0,total,S1,6.800000,0.000000,0,0,0,0,0,0,0,0,0,0,0,1084,0,2100.0,1969.108273461633,1650.9293040144257,2198.879470000975,256.0
1785383324,0,,Aggregated,13.600000,0.000000,0,0,0,0,0,0,0,0,0,0,0,2168,0,260.0,1066.0158509010914,93.47443794831634,2198.879470000975,206.5
1785383325,0,TTFT,S1,6.800000,0.000000,0,0,0,0,0,0,0,0,0,0,0,1084,0,160.0,162.92342834054995,93.47443794831634,256.672624964267,157.0
1785383325,0,total,S1,6.800000,0.000000,0,0,0,0,0,0,0,0,0,0,0,1084,0,2100.0,1969.108273461633,1650.9293040144257,2198.879470000975,256.0
1785383325,0,,Aggregated,13.600000,0.000000,0,0,0,0,0,0,0,0,0,0,0,2168,0,260.0,1066.0158509010914,93.47443794831634,2198.879470000975,206.5
1785383326,0,TTFT,S1,6.800000,0.000000,0,0,0,0,0,0,0,0,0,0,0,1084,0,160.0,162.92342834054995,93.47443794831634,256.672624964267,157.0
1785383326,0,total,S1,6.800000,0.000000,0,0,0,0,0,0,0,0,0,0,0,1084,0,2100.0,1969.108273461633,1650.9293040144257,2198.879470000975,256.0
1785383326,0,,Aggregated,13.600000,0.000000,0,0,0,0,0,0,0,0,0,0,0,2168,0,260.0,1066.0158509010914,93.47443794831634,2198.879470000975,206.5
