ts,gpu,util,mem_used_mb,power_w,temp_c,sm_mhz
2026-07-30T03:07:47Z,0,98,32094,274.09,64,2805
2026-07-30T03:07:47Z,1,0,31854,77.91,55,2430
2026-07-30T03:07:47Z,2,0,1,13.08,35,210
2026-07-30T03:07:47Z,3,0,1,16.63,32,210
2026-07-30T03:07:47Z,4,0,29902,15.73,31,210
2026-07-30T03:07:47Z,5,0,29900,17.43,33,210
2026-07-30T03:07:47Z,6,0,1446,66.94,40,2430
2026-07-30T03:07:47Z,7,0,20434,389.11,43,2730
2026-07-30T03:07:51Z,0,100,32094,465.59,70,2595
2026-07-30T03:07:51Z,1,0,31854,76.40,54,2430
2026-07-30T03:07:51Z,2,0,1,13.82,35,210
2026-07-30T03:07:51Z,3,0,1,17.05,32,210
2026-07-30T03:07:51Z,4,0,29902,15.23,31,210
2026-07-30T03:07:51Z,5,0,29900,17.61,33,210
2026-07-30T03:07:51Z,6,0,1446,65.54,40,2430
2026-07-30T03:07:51Z,7,99,20434,381.91,49,2280
2026-07-30T03:07:53Z,0,98,32094,300.52,64,2797
2026-07-30T03:07:53Z,1,0,31854,29.75,53,360
2026-07-30T03:07:53Z,2,0,1,14.72,35,210
2026-07-30T03:07:53Z,3,0,1,19.98,32,210
2026-07-30T03:07:53Z,4,0,29902,18.23,31,210
2026-07-30T03:07:53Z,5,0,29900,16.82,33,210
2026-07-30T03:07:53Z,6,0,1446,65.46,40,2430
2026-07-30T03:07:53Z,7,100,20434,440.70,52,2422
2026-07-30T03:07:54Z,0,98,32094,268.70,64,2797
2026-07-30T03:07:54Z,1,0,31854,21.79,52,210
2026-07-30T03:07:54Z,2,0,1,13.75,35,210
2026-07-30T03:07:54Z,3,0,1,16.97,32,210
2026-07-30T03:07:54Z,4,0,29902,15.06,31,210
2026-07-30T03:07:54Z,5,0,29900,16.78,33,210
2026-07-30T03:07:54Z,6,0,2174,64.88,40,2437
2026-07-30T03:07:54Z,7,0,20434,131.37,43,2917
2026-07-30T03:07:56Z,0,100,32094,372.29,71,2610
2026-07-30T03:07:56Z,1,0,31854,18.72,52,210
2026-07-30T03:07:56Z,2,0,1,14.38,35,210
2026-07-30T03:07:56Z,3,0,1,19.63,32,210
2026-07-30T03:07:56Z,4,0,29902,18.04,31,210
2026-07-30T03:07:56Z,5,0,29900,17.26,33,210
2026-07-30T03:07:56Z,6,0,2176,84.28,40,2445
2026-07-30T03:07:56Z,7,99,20434,349.07,51,2257
2026-07-30T03:07:57Z,0,98,32094,348.57,64,2797
2026-07-30T03:07:57Z,1,0,31854,19.00,51,210
2026-07-30T03:07:57Z,2,0,1,15.20,35,210
2026-07-30T03:07:57Z,3,0,1,17.42,32,210
2026-07-30T03:07:57Z,4,0,29902,17.41,31,210
2026-07-30T03:07:57Z,5,0,29900,15.16,33,210
2026-07-30T03:07:57Z,6,2,5764,185.20,42,2925
2026-07-30T03:07:57Z,7,99,20434,396.26,53,2527
2026-07-30T03:07:59Z,0,100,32094,230.43,71,2760
2026-07-30T03:07:59Z,1,0,31854,19.98,51,210
2026-07-30T03:07:59Z,2,0,1,12.87,35,210
2026-07-30T03:07:59Z,3,0,1,18.12,32,210
2026-07-30T03:07:59Z,4,0,29902,17.18,31,210
2026-07-30T03:07:59Z,5,0,29900,16.64,33,210
2026-07-30T03:07:59Z,6,100,8042,449.19,51,2250
2026-07-30T03:07:59Z,7,72,20434,420.79,50,2632
2026-07-30T03:08:00Z,0,99,32094,430.53,65,2535
2026-07-30T03:08:00Z,1,0,31854,17.98,51,210
2026-07-30T03:08:00Z,2,0,1,15.15,35,210
2026-07-30T03:08:00Z,3,0,1,16.90,32,210
2026-07-30T03:08:00Z,4,0,29902,17.89,31,210
2026-07-30T03:08:00Z,5,0,29900,14.00,33,210
2026-07-30T03:08:00Z,6,100,8914,450.10,51,1515
2026-07-30T03:08:00Z,7,60,20434,119.53,47,2865
2026-07-30T03:08:02Z,0,98,32094,276.19,63,2797
2026-07-30T03:08:02Z,1,0,31854,20.00,50,210
2026-07-30T03:08:02Z,2,0,1,13.65,35,210
2026-07-30T03:08:02Z,3,0,1,19.10,32,210
2026-07-30T03:08:02Z,4,0,29902,15.94,31,210
2026-07-30T03:08:02Z,5,0,29900,17.17,33,210
2026-07-30T03:08:02Z,6,99,9464,449.77,52,1897
2026-07-30T03:08:02Z,7,99,20434,434.56,52,2212
2026-07-30T03:08:03Z,0,98,32094,271.45,63,2797
2026-07-30T03:08:03Z,1,0,31854,19.45,50,210
2026-07-30T03:08:03Z,2,0,1,13.43,35,210
2026-07-30T03:08:03Z,3,0,1,19.44,32,210
2026-07-30T03:08:03Z,4,0,29902,17.10,31,210
2026-07-30T03:08:03Z,5,0,29900,15.71,33,210
2026-07-30T03:08:03Z,6,100,9144,449.93,53,1717
2026-07-30T03:08:03Z,7,100,20434,443.83,53,2340
2026-07-30T03:08:05Z,0,100,32094,200.73,70,2790
2026-07-30T03:08:05Z,1,0,31854,19.67,50,210
2026-07-30T03:08:05Z,2,0,1,13.85,35,210
2026-07-30T03:08:05Z,3,0,1,17.01,32,210
2026-07-30T03:08:05Z,4,0,29902,14.90,31,210
2026-07-30T03:08:05Z,5,0,29900,14.87,33,210
2026-07-30T03:08:05Z,6,100,8582,449.61,53,1740
2026-07-30T03:08:05Z,7,0,20434,149.51,44,2910
2026-07-30T03:08:08Z,0,98,32094,270.48,63,2797
2026-07-30T03:08:08Z,1,0,31854,18.01,49,210
2026-07-30T03:08:08Z,2,0,1,14.38,35,210
2026-07-30T03:08:08Z,3,0,1,17.52,32,210
2026-07-30T03:08:08Z,4,0,29902,16.61,31,210
2026-07-30T03:08:08Z,5,0,29900,14.65,33,210
2026-07-30T03:08:08Z,6,2,21462,372.47,46,2797
2026-07-30T03:08:08Z,7,53,22740,439.73,48,2557
2026-07-30T03:08:10Z,0,99,32094,273.68,63,2797
2026-07-30T03:08:10Z,1,0,31854,20.07,48,210
2026-07-30T03:08:10Z,2,0,1,12.20,35,210
2026-07-30T03:08:10Z,3,0,1,19.15,32,210
2026-07-30T03:08:10Z,4,0,29902,17.58,31,210
2026-07-30T03:08:10Z,5,0,29900,17.23,33,210
2026-07-30T03:08:10Z,6,100,21462,434.11,54,1920
2026-07-30T03:08:10Z,7,0,22740,224.75,45,2910
2026-07-30T03:08:11Z,0,100,32094,369.50,70,2647
2026-07-30T03:08:11Z,1,0,31854,18.38,48,210
2026-07-30T03:08:11Z,2,0,1,15.48,35,210
2026-07-30T03:08:11Z,3,0,1,17.73,32,210
2026-07-30T03:08:11Z,4,0,29902,18.32,31,210
2026-07-30T03:08:11Z,5,0,29900,15.47,33,210
2026-07-30T03:08:11Z,6,0,21462,96.40,45,2917
2026-07-30T03:08:11Z,7,99,22740,450.74,54,2730
2026-07-30T03:08:13Z,0,99,32094,353.59,63,2797
2026-07-30T03:08:13Z,1,0,31854,19.97,48,210
2026-07-30T03:08:13Z,2,0,1,13.89,35,210
2026-07-30T03:08:13Z,3,0,1,18.85,32,210
2026-07-30T03:08:13Z,4,0,29902,15.79,31,210
2026-07-30T03:08:13Z,5,0,29900,16.87,33,210
2026-07-30T03:08:13Z,6,52,21462,365.03,47,2692
2026-07-30T03:08:13Z,7,97,22740,410.57,53,2685
2026-07-30T03:08:14Z,0,98,32094,268.23,63,2805
2026-07-30T03:08:14Z,1,0,31854,19.14,48,210
2026-07-30T03:08:14Z,2,0,1,13.17,35,210
2026-07-30T03:08:14Z,3,0,1,19.38,32,210
2026-07-30T03:08:14Z,4,0,29902,18.47,31,210
2026-07-30T03:08:14Z,5,0,29900,15.76,33,210
2026-07-30T03:08:14Z,6,99,21462,357.05,53,1912
2026-07-30T03:08:14Z,7,0,22740,177.37,46,2910
2026-07-30T03:08:16Z,0,100,32094,251.60,70,2685
2026-07-30T03:08:16Z,1,0,31854,18.99,47,210
2026-07-30T03:08:16Z,2,0,1,14.84,35,210
2026-07-30T03:08:16Z,3,0,1,16.97,32,210
2026-07-30T03:08:16Z,4,0,29902,15.04,31,210
2026-07-30T03:08:16Z,5,0,29900,15.38,33,210
2026-07-30T03:08:16Z,6,0,21462,271.95,46,2917
2026-07-30T03:08:16Z,7,100,22740,241.22,54,2257
2026-07-30T03:08:17Z,0,98,32094,397.83,63,2797
2026-07-30T03:08:17Z,1,0,31854,17.26,47,210
2026-07-30T03:08:17Z,2,0,1,12.78,35,210
2026-07-30T03:08:17Z,3,0,1,17.82,32,210
2026-07-30T03:08:17Z,4,0,29902,15.65,31,210
2026-07-30T03:08:17Z,5,0,29900,17.12,33,210
2026-07-30T03:08:17Z,6,87,21462,318.33,53,1987
2026-07-30T03:08:17Z,7,50,22740,400.38,52,2430
2026-07-30T03:08:19Z,0,98,32094,270.83,62,2797
2026-07-30T03:08:19Z,1,0,31854,17.59,47,210
2026-07-30T03:08:19Z,2,0,1,15.10,35,210
2026-07-30T03:08:19Z,3,0,1,18.02,32,210
2026-07-30T03:08:19Z,4,0,29902,16.79,31,210
2026-07-30T03:08:19Z,5,0,29900,14.37,33,210
2026-07-30T03:08:19Z,6,100,21462,382.64,53,2242
2026-07-30T03:08:19Z,7,100,22740,429.43,55,2370
2026-07-30T03:08:20Z,0,100,32094,205.25,68,2805
2026-07-30T03:08:20Z,1,0,31854,18.66,46,210
2026-07-30T03:08:20Z,2,0,1,13.13,35,210
2026-07-30T03:08:20Z,3,0,1,17.82,32,210
2026-07-30T03:08:20Z,4,0,29902,15.47,31,210
2026-07-30T03:08:20Z,5,0,29900,15.90,33,210
2026-07-30T03:08:20Z,6,0,21462,296.38,47,2917
2026-07-30T03:08:20Z,7,0,22740,138.20,46,2910
2026-07-30T03:08:22Z,0,99,32094,447.64,67,2272
2026-07-30T03:08:22Z,1,0,31854,17.76,46,210
2026-07-30T03:08:22Z,2,0,1,14.15,35,210
2026-07-30T03:08:22Z,3,0,1,17.10,32,210
2026-07-30T03:08:22Z,4,0,29902,17.65,31,210
2026-07-30T03:08:22Z,5,0,29900,13.65,33,210
2026-07-30T03:08:22Z,6,100,21462,258.35,53,2182
2026-07-30T03:08:22Z,7,85,22740,414.49,51,2310
2026-07-30T03:08:25Z,0,98,32094,267.29,62,2812
2026-07-30T03:08:25Z,1,0,31854,17.79,46,210
2026-07-30T03:08:25Z,2,0,1,15.79,35,210
2026-07-30T03:08:25Z,3,0,1,19.52,32,210
2026-07-30T03:08:25Z,4,0,29902,17.08,31,210
2026-07-30T03:08:25Z,5,0,29900,16.38,33,210
2026-07-30T03:08:25Z,6,0,21462,198.08,48,2917
2026-07-30T03:08:25Z,7,0,22740,324.16,48,2872
2026-07-30T03:08:27Z,0,89,32094,263.81,62,2812
2026-07-30T03:08:27Z,1,0,31854,18.47,45,210
2026-07-30T03:08:27Z,2,0,1,15.25,35,210
2026-07-30T03:08:27Z,3,0,1,16.68,32,210
2026-07-30T03:08:27Z,4,0,29902,15.29,31,210
2026-07-30T03:08:27Z,5,0,29900,15.07,33,210
2026-07-30T03:08:27Z,6,11,21462,361.93,50,2737
2026-07-30T03:08:27Z,7,0,22740,97.80,46,2910
2026-07-30T03:08:28Z,0,9,32094,237.01,61,2812
2026-07-30T03:08:28Z,1,0,31854,17.16,45,210
2026-07-30T03:08:28Z,2,0,1,13.69,35,210
2026-07-30T03:08:28Z,3,0,1,18.39,32,210
2026-07-30T03:08:28Z,4,0,29902,17.29,31,210
2026-07-30T03:08:28Z,5,0,29900,17.63,33,210
2026-07-30T03:08:28Z,6,100,21462,358.95,56,1912
2026-07-30T03:08:28Z,7,63,22740,407.20,49,2842
2026-07-30T03:08:30Z,0,98,32094,268.90,61,2805
2026-07-30T03:08:30Z,1,0,31854,17.63,45,202
2026-07-30T03:08:30Z,2,0,1,15.39,35,210
2026-07-30T03:08:30Z,3,0,1,17.68,32,210
2026-07-30T03:08:30Z,4,0,29902,16.97,31,210
2026-07-30T03:08:30Z,5,0,29900,14.93,33,210
2026-07-30T03:08:30Z,6,0,21462,324.37,49,2917
2026-07-30T03:08:30Z,7,0,22740,325.44,48,2850
2026-07-30T03:08:32Z,0,0,32094,190.49,58,2835
2026-07-30T03:08:32Z,1,0,31854,18.86,45,210
2026-07-30T03:08:32Z,2,0,1,12.63,35,210
2026-07-30T03:08:32Z,3,0,1,17.96,32,210
2026-07-30T03:08:32Z,4,0,29902,15.43,31,210
2026-07-30T03:08:32Z,5,0,29900,17.75,33,202
2026-07-30T03:08:32Z,6,99,21462,223.67,57,2332
2026-07-30T03:08:32Z,7,100,22740,408.18,56,2452
2026-07-30T03:08:33Z,0,100,32094,451.26,67,2490
2026-07-30T03:08:33Z,1,0,31854,17.85,45,210
2026-07-30T03:08:33Z,2,0,1,15.41,35,210
2026-07-30T03:08:33Z,3,0,1,17.51,32,210
2026-07-30T03:08:33Z,4,0,29902,17.90,31,210
2026-07-30T03:08:33Z,5,0,29900,13.86,33,210
2026-07-30T03:08:33Z,6,2,21462,337.81,50,2917
2026-07-30T03:08:33Z,7,96,22740,331.12,55,2325
2026-07-30T03:08:35Z,0,77,32094,258.64,60,2812
2026-07-30T03:08:35Z,1,0,31854,19.86,44,210
2026-07-30T03:08:35Z,2,0,1,12.72,35,210
2026-07-30T03:08:35Z,3,0,1,17.29,32,210
2026-07-30T03:08:35Z,4,0,29902,17.21,31,210
2026-07-30T03:08:35Z,5,0,29900,15.85,33,210
2026-07-30T03:08:35Z,6,5,21462,400.27,51,2572
2026-07-30T03:08:35Z,7,73,22740,383.20,50,2797
2026-07-30T03:08:36Z,0,0,32094,211.70,58,2820
2026-07-30T03:08:36Z,1,0,31854,18.95,44,202
2026-07-30T03:08:36Z,2,0,1,13.09,35,210
2026-07-30T03:08:36Z,3,0,1,19.43,32,210
2026-07-30T03:08:36Z,4,0,29902,17.92,31,210
2026-07-30T03:08:36Z,5,0,29900,17.04,33,210
2026-07-30T03:08:36Z,6,100,21462,197.94,58,2632
2026-07-30T03:08:36Z,7,4,22740,394.69,54,2790
2026-07-30T03:08:38Z,0,100,32094,456.87,69,2602
2026-07-30T03:08:38Z,1,0,31854,18.14,44,210
2026-07-30T03:08:38Z,2,0,1,14.11,35,210
2026-07-30T03:08:38Z,3,0,1,17.55,32,210
2026-07-30T03:08:38Z,4,0,29902,18.05,31,210
2026-07-30T03:08:38Z,5,0,29900,15.18,33,202
2026-07-30T03:08:38Z,6,99,21462,400.53,59,2505
2026-07-30T03:08:38Z,7,0,22740,196.65,48,2910
2026-07-30T03:08:39Z,0,98,32094,270.80,61,2812
2026-07-30T03:08:39Z,1,0,31854,19.21,44,210
2026-07-30T03:08:39Z,2,0,1,12.68,35,210
2026-07-30T03:08:39Z,3,0,1,18.20,32,210
2026-07-30T03:08:39Z,4,0,29902,16.40,31,210
2026-07-30T03:08:39Z,5,0,29900,17.55,33,210
2026-07-30T03:08:39Z,6,0,21462,300.68,50,2917
2026-07-30T03:08:39Z,7,2,22740,284.07,48,2910
2026-07-30T03:08:43Z,0,98,32094,255.18,61,2812
2026-07-30T03:08:43Z,1,0,31854,18.33,43,210
2026-07-30T03:08:43Z,2,0,1,13.04,35,210
2026-07-30T03:08:43Z,3,0,1,17.76,32,210
2026-07-30T03:08:43Z,4,0,29902,16.52,31,210
2026-07-30T03:08:43Z,5,0,29900,15.79,33,210
2026-07-30T03:08:43Z,6,100,21462,454.18,58,2287
2026-07-30T03:08:43Z,7,0,22740,362.90,49,2910
2026-07-30T03:08:44Z,0,100,32094,243.46,69,2745
2026-07-30T03:08:44Z,1,0,31854,17.46,43,210
2026-07-30T03:08:44Z,2,0,1,15.74,35,210
2026-07-30T03:08:44Z,3,0,1,19.13,32,210
2026-07-30T03:08:44Z,4,0,29902,18.32,31,210
2026-07-30T03:08:44Z,5,0,29900,14.06,33,210
2026-07-30T03:08:44Z,6,99,21462,192.01,59,2535
2026-07-30T03:08:44Z,7,73,22740,395.74,54,2602
2026-07-30T03:08:46Z,0,99,32094,419.12,62,2692
2026-07-30T03:08:46Z,1,0,31854,19.04,43,210
2026-07-30T03:08:46Z,2,0,1,12.80,35,210
2026-07-30T03:08:46Z,3,0,1,17.35,32,210
2026-07-30T03:08:46Z,4,0,29902,15.52,31,210
2026-07-30T03:08:46Z,5,0,29900,17.17,33,210
2026-07-30T03:08:46Z,6,93,21462,375.35,54,2272
2026-07-30T03:08:46Z,7,0,22740,356.95,50,2865
2026-07-30T03:08:47Z,0,98,32094,270.47,61,2812
2026-07-30T03:08:47Z,1,0,31854,17.99,43,210
2026-07-30T03:08:47Z,2,0,1,13.18,35,210
2026-07-30T03:08:47Z,3,0,1,19.85,32,210
2026-07-30T03:08:47Z,4,0,29902,16.78,31,210
2026-07-30T03:08:47Z,5,0,29900,15.92,33,210
2026-07-30T03:08:47Z,6,0,21464,182.48,50,2917
2026-07-30T03:08:47Z,7,99,22740,386.21,57,2655
2026-07-30T03:08:49Z,0,98,32094,268.78,61,2812
2026-07-30T03:08:49Z,1,0,31854,18.90,43,210
2026-07-30T03:08:49Z,2,0,1,15.09,35,210
2026-07-30T03:08:49Z,3,0,1,17.42,32,210
2026-07-30T03:08:49Z,4,0,29902,16.89,31,210
2026-07-30T03:08:49Z,5,0,29900,16.52,33,202
2026-07-30T03:08:49Z,6,0,21464,84.50,49,2430
2026-07-30T03:08:49Z,7,34,22740,131.93,49,2910
2026-07-30T03:08:50Z,0,98,32094,269.21,60,2812
2026-07-30T03:08:50Z,1,0,31854,19.31,43,210
2026-07-30T03:08:50Z,2,0,1,13.29,35,210
2026-07-30T03:08:50Z,3,0,1,19.67,32,210
2026-07-30T03:08:50Z,4,0,29902,16.65,31,210
2026-07-30T03:08:50Z,5,0,29900,17.39,33,210
2026-07-30T03:08:50Z,6,0,21464,367.56,51,2767
2026-07-30T03:08:50Z,7,86,22740,225.20,55,2910
2026-07-30T03:08:52Z,0,98,32094,259.01,60,2812
2026-07-30T03:08:52Z,1,0,31854,17.77,42,210
2026-07-30T03:08:52Z,2,0,1,14.92,35,210
2026-07-30T03:08:52Z,3,0,1,18.15,32,210
2026-07-30T03:08:52Z,4,0,29902,17.26,31,210
2026-07-30T03:08:52Z,5,0,29900,14.88,33,210
2026-07-30T03:08:52Z,6,100,21464,437.14,59,2737
2026-07-30T03:08:52Z,7,100,22740,287.08,57,2602
2026-07-30T03:08:53Z,0,94,32094,267.54,60,2820
2026-07-30T03:08:53Z,1,0,31854,20.28,42,210
2026-07-30T03:08:53Z,2,0,1,13.96,35,210
2026-07-30T03:08:53Z,3,0,1,18.05,32,210
2026-07-30T03:08:53Z,4,0,29902,16.42,31,210
2026-07-30T03:08:53Z,5,0,29900,17.68,33,210
2026-07-30T03:08:53Z,6,99,21464,387.73,59,2002
2026-07-30T03:08:53Z,7,30,22740,382.43,54,2242
2026-07-30T03:08:55Z,0,0,32094,193.51,57,2835
2026-07-30T03:08:55Z,1,0,31854,16.19,42,210
2026-07-30T03:08:55Z,2,0,1,14.02,35,210
2026-07-30T03:08:55Z,3,0,1,19.43,32,210
2026-07-30T03:08:55Z,4,0,29902,18.09,31,210
2026-07-30T03:08:55Z,5,0,29900,14.40,33,202
2026-07-30T03:08:55Z,6,100,21464,231.30,59,2280
2026-07-30T03:08:55Z,7,83,22740,418.96,56,2040
2026-07-30T03:08:56Z,0,100,32094,462.30,68,2617
2026-07-30T03:08:56Z,1,0,31854,17.39,42,210
2026-07-30T03:08:56Z,2,0,1,15.59,35,210
2026-07-30T03:08:56Z,3,0,1,17.38,32,210
2026-07-30T03:08:56Z,4,0,29902,15.99,31,210
2026-07-30T03:08:56Z,5,0,29900,15.67,33,210
2026-07-30T03:08:56Z,6,99,21464,305.41,59,1800
2026-07-30T03:08:56Z,7,100,22740,417.25,54,2062
2026-07-30T03:09:00Z,0,100,32094,451.97,68,2610
2026-07-30T03:09:00Z,1,0,31854,18.83,42,210
2026-07-30T03:09:00Z,2,0,1,15.17,35,210
2026-07-30T03:09:00Z,3,0,1,16.85,32,210
2026-07-30T03:09:00Z,4,0,29902,16.35,31,210
2026-07-30T03:09:00Z,5,0,29900,16.66,33,210
2026-07-30T03:09:00Z,6,0,21464,321.26,53,2842
2026-07-30T03:09:00Z,7,100,22740,282.14,58,2512
2026-07-30T03:09:01Z,0,98,32094,268.86,60,2812
2026-07-30T03:09:01Z,1,0,31854,19.05,42,210
2026-07-30T03:09:01Z,2,0,1,12.70,35,210
2026-07-30T03:09:01Z,3,0,1,18.19,32,210
2026-07-30T03:09:01Z,4,0,29902,15.89,31,210
2026-07-30T03:09:01Z,5,0,29900,17.19,33,210
2026-07-30T03:09:01Z,6,99,21464,428.09,59,1920
2026-07-30T03:09:01Z,7,91,22740,361.94,57,2085
2026-07-30T03:09:03Z,0,98,32094,265.89,60,2782
2026-07-30T03:09:03Z,1,0,31854,17.07,41,210
2026-07-30T03:09:03Z,2,0,1,15.08,35,210
2026-07-30T03:09:03Z,3,0,1,18.09,32,210
2026-07-30T03:09:03Z,4,0,29902,18.08,31,210
2026-07-30T03:09:03Z,5,0,29900,15.07,33,210
2026-07-30T03:09:03Z,6,0,21464,300.35,52,2917
2026-07-30T03:09:03Z,7,99,22740,420.19,59,2482
2026-07-30T03:09:04Z,0,98,32094,268.24,60,2812
2026-07-30T03:09:04Z,1,0,31854,19.35,41,210
2026-07-30T03:09:04Z,2,0,1,12.91,35,210
2026-07-30T03:09:04Z,3,0,1,17.99,32,210
2026-07-30T03:09:04Z,4,0,29902,15.74,31,210
2026-07-30T03:09:04Z,5,0,29900,17.64,33,210
2026-07-30T03:09:04Z,6,5,21464,306.13,56,2880
2026-07-30T03:09:04Z,7,99,22740,265.93,58,2422
2026-07-30T03:09:06Z,0,98,32094,260.53,60,2812
2026-07-30T03:09:06Z,1,0,31854,16.50,41,210
2026-07-30T03:09:06Z,2,0,1,15.22,35,210
2026-07-30T03:09:06Z,3,0,1,18.24,32,210
2026-07-30T03:09:06Z,4,0,29902,18.59,31,210
2026-07-30T03:09:06Z,5,0,29900,15.90,33,210
2026-07-30T03:09:06Z,6,78,21464,422.17,59,1800
2026-07-30T03:09:06Z,7,100,22740,329.32,57,2160
2026-07-30T03:09:07Z,0,98,32094,252.21,60,2812
2026-07-30T03:09:07Z,1,0,31854,18.95,41,210
2026-07-30T03:09:07Z,2,0,1,14.19,35,210
2026-07-30T03:09:07Z,3,0,1,17.52,32,210
2026-07-30T03:09:07Z,4,0,29902,16.65,31,210
2026-07-30T03:09:07Z,5,0,29900,15.16,33,210
2026-07-30T03:09:07Z,6,0,21464,253.64,52,2902
2026-07-30T03:09:07Z,7,100,22740,318.34,59,2092
2026-07-30T03:09:09Z,0,98,32094,268.43,60,2812
2026-07-30T03:09:09Z,1,0,31854,17.70,41,210
2026-07-30T03:09:09Z,2,0,1,13.27,35,210
2026-07-30T03:09:09Z,3,0,1,20.09,32,210
2026-07-30T03:09:09Z,4,0,29902,18.36,31,210
2026-07-30T03:09:09Z,5,0,29900,17.05,33,210
2026-07-30T03:09:09Z,6,3,21464,345.87,53,2842
2026-07-30T03:09:09Z,7,0,22740,369.36,52,2827
2026-07-30T03:09:10Z,0,99,32094,260.51,59,2812
2026-07-30T03:09:10Z,1,0,31854,19.22,41,210
2026-07-30T03:09:10Z,2,0,1,15.11,35,210
2026-07-30T03:09:10Z,3,0,1,18.97,32,210
2026-07-30T03:09:10Z,4,0,29902,18.71,31,210
2026-07-30T03:09:10Z,5,0,29900,14.10,33,210
2026-07-30T03:09:10Z,6,84,21464,417.18,58,2535
2026-07-30T03:09:10Z,7,99,22740,404.14,57,2025
2026-07-30T03:09:12Z,0,100,32094,380.96,67,2722
2026-07-30T03:09:12Z,1,0,31854,19.32,41,210
2026-07-30T03:09:12Z,2,0,1,12.20,34,210
2026-07-30T03:09:12Z,3,0,1,19.07,32,210
2026-07-30T03:09:12Z,4,0,29902,16.39,31,210
2026-07-30T03:09:12Z,5,0,29900,16.90,33,210
2026-07-30T03:09:12Z,6,0,21464,285.21,53,2902
2026-07-30T03:09:12Z,7,99,22740,369.52,57,2032
2026-07-30T03:09:13Z,0,99,32094,386.19,60,2775
2026-07-30T03:09:13Z,1,0,31854,17.04,41,210
2026-07-30T03:09:13Z,2,0,1,14.84,35,210
2026-07-30T03:09:13Z,3,0,1,18.95,32,210
2026-07-30T03:09:13Z,4,0,29902,18.64,31,210
2026-07-30T03:09:13Z,5,0,29900,16.13,33,210
2026-07-30T03:09:13Z,6,0,21464,347.13,53,2902
2026-07-30T03:09:13Z,7,99,22740,411.29,57,2137
2026-07-30T03:09:17Z,0,99,32094,268.03,59,2812
2026-07-30T03:09:17Z,1,0,31854,15.46,40,210
2026-07-30T03:09:17Z,2,0,1,13.97,35,210
2026-07-30T03:09:17Z,3,0,1,18.16,32,210
2026-07-30T03:09:17Z,4,0,29902,18.82,31,210
2026-07-30T03:09:17Z,5,0,29900,15.49,33,210
2026-07-30T03:09:17Z,6,30,21464,164.38,60,2820
2026-07-30T03:09:17Z,7,0,22740,102.27,51,2910
2026-07-30T03:09:18Z,0,100,32094,399.95,66,2655
2026-07-30T03:09:18Z,1,0,31854,18.30,40,210
2026-07-30T03:09:18Z,2,0,1,12.98,35,210
2026-07-30T03:09:18Z,3,0,1,17.56,32,210
2026-07-30T03:09:18Z,4,0,29902,16.15,31,210
2026-07-30T03:09:18Z,5,0,29900,15.44,33,210
2026-07-30T03:09:18Z,6,100,21464,323.57,58,1957
2026-07-30T03:09:18Z,7,55,22740,406.98,56,2722
2026-07-30T03:09:20Z,0,99,32094,358.52,60,2812
2026-07-30T03:09:20Z,1,0,31854,18.03,40,210
2026-07-30T03:09:20Z,2,0,1,13.40,34,210
2026-07-30T03:09:20Z,3,0,1,19.43,32,210
2026-07-30T03:09:20Z,4,0,29902,16.91,31,210
2026-07-30T03:09:20Z,5,0,29900,17.01,33,210
2026-07-30T03:09:20Z,6,79,21464,390.73,60,1995
2026-07-30T03:09:20Z,7,0,22740,346.00,52,2902
2026-07-30T03:09:22Z,0,0,32094,167.69,57,2835
2026-07-30T03:09:22Z,1,0,31854,17.90,40,210
2026-07-30T03:09:22Z,2,0,1,15.15,35,210
2026-07-30T03:09:22Z,3,0,1,18.56,32,210
2026-07-30T03:09:22Z,4,0,29902,15.28,31,210
2026-07-30T03:09:22Z,5,0,29900,16.41,33,210
2026-07-30T03:09:22Z,6,99,21464,290.49,60,2085
2026-07-30T03:09:22Z,7,23,22740,363.06,54,2775
2026-07-30T03:09:23Z,0,100,32094,452.30,66,2565
2026-07-30T03:09:23Z,1,0,31854,18.23,40,210
2026-07-30T03:09:23Z,2,0,1,12.65,34,210
2026-07-30T03:09:23Z,3,0,1,17.98,32,210
2026-07-30T03:09:23Z,4,0,29902,15.81,31,210
2026-07-30T03:09:23Z,5,0,29900,17.37,33,210
2026-07-30T03:09:23Z,6,100,21464,436.88,62,2730
2026-07-30T03:09:23Z,7,100,22740,385.08,59,2205
2026-07-30T03:09:25Z,0,100,32094,459.01,67,2625
2026-07-30T03:09:25Z,1,0,31854,16.44,40,210
2026-07-30T03:09:25Z,2,0,1,15.97,35,210
2026-07-30T03:09:25Z,3,0,1,17.98,32,210
2026-07-30T03:09:25Z,4,0,29902,17.07,31,210
2026-07-30T03:09:25Z,5,0,29900,14.76,33,210
2026-07-30T03:09:25Z,6,0,21464,298.42,54,2887
2026-07-30T03:09:25Z,7,71,22740,365.71,53,2625
2026-07-30T03:09:26Z,0,99,32094,281.11,60,2812
2026-07-30T03:09:26Z,1,0,31854,17.83,40,210
2026-07-30T03:09:26Z,2,0,1,14.97,35,210
2026-07-30T03:09:26Z,3,0,1,17.57,32,210
2026-07-30T03:09:26Z,4,0,29902,16.18,31,210
2026-07-30T03:09:26Z,5,0,29900,16.04,33,210
2026-07-30T03:09:26Z,6,100,21464,366.84,62,2632
2026-07-30T03:09:26Z,7,100,22740,237.15,59,2317
2026-07-30T03:09:28Z,0,99,32094,271.97,60,2812
2026-07-30T03:09:28Z,1,0,31854,17.26,40,210
2026-07-30T03:09:28Z,2,0,1,15.40,34,210
2026-07-30T03:09:28Z,3,0,1,19.65,32,210
2026-07-30T03:09:28Z,4,0,29902,18.73,31,210
2026-07-30T03:09:28Z,5,0,29900,14.34,33,210
2026-07-30T03:09:28Z,6,14,21464,382.04,56,2317
2026-07-30T03:09:28Z,7,72,22740,383.18,53,2625
2026-07-30T03:09:29Z,0,100,32094,247.36,67,2767
2026-07-30T03:09:29Z,1,0,31854,16.98,40,210
2026-07-30T03:09:29Z,2,0,1,15.62,34,210
2026-07-30T03:09:29Z,3,0,1,16.46,32,210
2026-07-30T03:09:29Z,4,0,29902,17.49,31,210
2026-07-30T03:09:29Z,5,0,29900,15.19,33,210
2026-07-30T03:09:29Z,6,0,21464,236.34,54,2902
2026-07-30T03:09:29Z,7,6,22740,283.29,52,2910
2026-07-30T03:09:31Z,0,100,32094,441.55,68,2550
2026-07-30T03:09:31Z,1,0,31854,17.85,40,210
2026-07-30T03:09:31Z,2,0,1,13.44,34,210
2026-07-30T03:09:31Z,3,0,1,19.92,32,210
2026-07-30T03:09:31Z,4,0,29902,16.73,31,210
2026-07-30T03:09:31Z,5,0,29900,16.43,33,210
2026-07-30T03:09:31Z,6,0,21464,90.79,52,2430
2026-07-30T03:09:31Z,7,0,22740,229.89,52,2902
2026-07-30T03:09:34Z,0,10,32094,162.04,57,2835
2026-07-30T03:09:34Z,1,0,31854,18.27,40,210
2026-07-30T03:09:34Z,2,0,1,13.42,34,210
2026-07-30T03:09:34Z,3,0,1,18.83,32,210
2026-07-30T03:09:34Z,4,0,29902,16.11,31,210
2026-07-30T03:09:34Z,5,0,29900,17.58,33,210
2026-07-30T03:09:34Z,6,0,21464,386.63,55,2850
2026-07-30T03:09:34Z,7,0,22740,401.98,54,2865
2026-07-30T03:09:36Z,0,100,32094,450.66,66,2355
2026-07-30T03:09:36Z,1,0,31854,16.16,39,210
2026-07-30T03:09:36Z,2,0,1,15.76,34,210
2026-07-30T03:09:36Z,3,0,1,16.33,32,210
2026-07-30T03:09:36Z,4,0,29902,17.52,31,210
2026-07-30T03:09:36Z,5,0,29900,14.90,33,210
2026-07-30T03:09:36Z,6,0,21464,299.33,54,2902
2026-07-30T03:09:36Z,7,0,22740,323.84,53,2902
2026-07-30T03:09:37Z,0,100,32094,450.51,67,2617
2026-07-30T03:09:37Z,1,0,31854,18.37,39,210
2026-07-30T03:09:37Z,2,0,1,13.20,34,210
2026-07-30T03:09:37Z,3,0,1,17.43,32,210
2026-07-30T03:09:37Z,4,0,29902,14.91,31,210
2026-07-30T03:09:37Z,5,0,29900,15.88,33,210
2026-07-30T03:09:37Z,6,84,21464,366.61,57,1942
2026-07-30T03:09:37Z,7,99,22740,350.59,58,2152
2026-07-30T03:09:39Z,0,99,32094,268.68,60,2812
2026-07-30T03:09:39Z,1,0,31854,15.65,39,210
2026-07-30T03:09:39Z,2,0,1,14.00,34,210
2026-07-30T03:09:39Z,3,0,1,19.21,32,210
2026-07-30T03:09:39Z,4,0,29902,17.96,31,210
2026-07-30T03:09:39Z,5,0,29900,15.85,33,210
2026-07-30T03:09:39Z,6,99,21464,386.62,62,2167
2026-07-30T03:09:39Z,7,79,22740,350.38,60,2880
2026-07-30T03:09:40Z,0,100,32094,411.11,68,2632
2026-07-30T03:09:40Z,1,0,31854,18.22,39,210
2026-07-30T03:09:40Z,2,0,1,13.21,34,210
2026-07-30T03:09:40Z,3,0,1,16.84,32,210
2026-07-30T03:09:40Z,4,0,29902,17.58,31,210
2026-07-30T03:09:40Z,5,0,29900,15.18,33,210
2026-07-30T03:09:40Z,6,0,21464,317.20,55,2760
2026-07-30T03:09:40Z,7,99,22740,276.52,60,2662
2026-07-30T03:09:42Z,0,99,32094,359.96,60,2812
2026-07-30T03:09:42Z,1,0,31854,17.79,39,210
2026-07-30T03:09:42Z,2,0,1,13.34,34,210
2026-07-30T03:09:42Z,3,0,1,18.87,32,210
2026-07-30T03:09:42Z,4,0,29902,17.68,31,210
2026-07-30T03:09:42Z,5,0,29900,17.34,33,210
2026-07-30T03:09:42Z,6,99,21464,366.28,61,2715
2026-07-30T03:09:42Z,7,0,22740,136.63,52,2902
2026-07-30T03:09:43Z,0,100,32094,348.73,68,2745
2026-07-30T03:09:43Z,1,0,31854,16.81,39,210
2026-07-30T03:09:43Z,2,0,1,15.05,34,210
2026-07-30T03:09:43Z,3,0,1,18.60,32,210
2026-07-30T03:09:43Z,4,0,29902,17.92,31,210
2026-07-30T03:09:43Z,5,0,29900,14.29,33,210
2026-07-30T03:09:43Z,6,80,21464,364.02,61,2685
2026-07-30T03:09:43Z,7,99,22740,402.57,60,2580
2026-07-30T03:09:45Z,0,99,32094,400.22,61,2647
2026-07-30T03:09:45Z,1,0,31854,18.63,39,210
2026-07-30T03:09:45Z,2,0,1,13.43,34,210
2026-07-30T03:09:45Z,3,0,1,18.67,32,210
2026-07-30T03:09:45Z,4,0,29902,15.74,31,210
2026-07-30T03:09:45Z,5,0,29900,17.59,33,210
2026-07-30T03:09:45Z,6,0,21464,334.30,55,2902
2026-07-30T03:09:45Z,7,99,22740,382.75,60,2055
2026-07-30T03:09:46Z,0,99,32094,267.27,60,2790
2026-07-30T03:09:46Z,1,0,31854,16.68,39,210
2026-07-30T03:09:46Z,2,0,1,15.55,34,210
2026-07-30T03:09:46Z,3,0,1,19.75,32,210
2026-07-30T03:09:46Z,4,0,29902,18.78,31,210
2026-07-30T03:09:46Z,5,0,29900,16.54,33,210
2026-07-30T03:09:46Z,6,99,21464,377.12,63,2752
2026-07-30T03:09:46Z,7,43,22740,413.28,54,2272
2026-07-30T03:09:48Z,0,82,32094,275.14,61,2820
2026-07-30T03:09:48Z,1,0,31854,17.84,39,210
2026-07-30T03:09:48Z,2,0,1,13.17,34,210
2026-07-30T03:09:48Z,3,0,1,17.49,32,210
2026-07-30T03:09:48Z,4,0,29902,15.25,31,210
2026-07-30T03:09:48Z,5,0,29900,17.24,33,210
2026-07-30T03:09:48Z,6,84,21464,379.05,62,2175
2026-07-30T03:09:48Z,7,100,22740,329.08,60,2160
2026-07-30T03:09:52Z,0,98,32094,265.06,60,2812
2026-07-30T03:09:52Z,1,0,31854,18.37,39,210
2026-07-30T03:09:52Z,2,0,1,12.50,34,210
2026-07-30T03:09:52Z,3,0,1,16.35,32,210
2026-07-30T03:09:52Z,4,0,29902,15.92,31,210
2026-07-30T03:09:52Z,5,0,29900,15.33,33,210
2026-07-30T03:09:52Z,6,99,21464,429.09,61,1807
2026-07-30T03:09:52Z,7,1,22740,381.22,55,2767
2026-07-30T03:09:53Z,0,100,32094,451.75,67,2625
2026-07-30T03:09:53Z,1,0,31854,17.30,39,210
2026-07-30T03:09:53Z,2,0,1,13.01,34,210
2026-07-30T03:09:53Z,3,0,1,19.10,32,210
2026-07-30T03:09:53Z,4,0,29902,16.61,31,210
2026-07-30T03:09:53Z,5,0,29900,17.05,33,210
2026-07-30T03:09:53Z,6,88,21464,304.08,63,2857
2026-07-30T03:09:53Z,7,82,22740,361.23,59,2497
2026-07-30T03:09:55Z,0,99,32094,273.65,60,2775
2026-07-30T03:09:55Z,1,0,31854,18.09,39,210
2026-07-30T03:09:55Z,2,0,1,15.24,34,210
2026-07-30T03:09:55Z,3,0,1,18.21,32,210
2026-07-30T03:09:55Z,4,0,29902,16.66,31,210
2026-07-30T03:09:55Z,5,0,29900,15.43,33,210
2026-07-30T03:09:55Z,6,0,21464,138.87,55,2902
2026-07-30T03:09:55Z,7,99,22740,391.46,61,2317
2026-07-30T03:09:56Z,0,92,32094,282.36,63,2797
2026-07-30T03:09:56Z,1,0,31854,18.57,39,210
2026-07-30T03:09:56Z,2,0,1,12.94,34,210
2026-07-30T03:09:56Z,3,0,1,18.37,32,210
2026-07-30T03:09:56Z,4,0,29902,16.38,31,210
2026-07-30T03:09:56Z,5,0,29900,17.95,33,210
2026-07-30T03:09:56Z,6,100,21464,433.15,62,1920
2026-07-30T03:09:56Z,7,100,22740,325.62,61,2077
2026-07-30T03:09:58Z,0,100,32094,335.08,67,2760
2026-07-30T03:09:58Z,1,0,31854,16.58,39,210
2026-07-30T03:09:58Z,2,0,1,15.32,34,210
2026-07-30T03:09:58Z,3,0,1,19.52,32,210
2026-07-30T03:09:58Z,4,0,29902,17.96,31,210
2026-07-30T03:09:58Z,5,0,29900,15.57,33,210
2026-07-30T03:09:58Z,6,1,21464,320.47,58,2902
2026-07-30T03:09:58Z,7,7,22740,105.00,53,2902
2026-07-30T03:09:59Z,0,99,32094,421.13,61,2640
2026-07-30T03:09:59Z,1,0,31854,19.00,39,210
2026-07-30T03:09:59Z,2,0,1,13.97,34,210
2026-07-30T03:09:59Z,3,0,1,17.21,32,210
2026-07-30T03:09:59Z,4,0,29902,14.90,31,210
2026-07-30T03:09:59Z,5,0,29900,16.00,33,210
2026-07-30T03:09:59Z,6,0,21464,204.71,55,2902
2026-07-30T03:09:59Z,7,100,22740,424.45,61,2085
2026-07-30T03:10:01Z,0,96,32094,278.11,64,2790
2026-07-30T03:10:01Z,1,0,31854,17.06,39,210
2026-07-30T03:10:01Z,2,0,1,15.32,34,210
2026-07-30T03:10:01Z,3,0,1,20.22,32,210
2026-07-30T03:10:01Z,4,0,29902,18.49,31,210
2026-07-30T03:10:01Z,5,0,29900,17.25,33,210
2026-07-30T03:10:01Z,6,99,21464,428.33,61,1837
2026-07-30T03:10:01Z,7,99,22740,409.30,60,2227
2026-07-30T03:10:02Z,0,99,32094,261.31,59,2812
2026-07-30T03:10:02Z,1,0,31854,17.60,39,210
2026-07-30T03:10:02Z,2,0,1,15.70,34,210
2026-07-30T03:10:02Z,3,0,1,16.28,32,210
2026-07-30T03:10:02Z,4,0,29902,17.52,31,210
2026-07-30T03:10:02Z,5,0,29900,15.05,33,210
2026-07-30T03:10:02Z,6,100,21464,336.70,63,2527
2026-07-30T03:10:02Z,7,91,22740,426.34,59,2392
2026-07-30T03:10:04Z,0,100,32094,366.92,67,2662
2026-07-30T03:10:04Z,1,0,31854,16.61,38,210
2026-07-30T03:10:04Z,2,0,1,13.18,34,210
2026-07-30T03:10:04Z,3,0,1,19.24,32,202
2026-07-30T03:10:04Z,4,0,29902,17.48,31,210
2026-07-30T03:10:04Z,5,0,29900,16.19,33,210
2026-07-30T03:10:04Z,6,99,21464,234.42,63,2505
2026-07-30T03:10:04Z,7,99,22740,189.52,61,2542
2026-07-30T03:10:05Z,0,99,32094,388.83,60,2812
2026-07-30T03:10:05Z,1,0,31854,15.91,38,210
2026-07-30T03:10:05Z,2,0,1,14.69,34,210
2026-07-30T03:10:05Z,3,0,1,17.13,32,210
2026-07-30T03:10:05Z,4,0,29902,17.73,31,210
2026-07-30T03:10:05Z,5,0,29900,15.18,33,210
2026-07-30T03:10:05Z,6,99,21464,394.15,64,2707
2026-07-30T03:10:05Z,7,100,22740,386.39,60,2280
2026-07-30T03:10:09Z,0,98,32094,448.84,66,2287
2026-07-30T03:10:09Z,1,0,31854,16.04,38,210
2026-07-30T03:10:09Z,2,0,1,14.90,34,210
2026-07-30T03:10:09Z,3,0,1,17.82,32,210
2026-07-30T03:10:09Z,4,0,29902,17.01,31,210
2026-07-30T03:10:09Z,5,0,29900,14.70,33,210
2026-07-30T03:10:09Z,6,99,21464,389.78,65,2820
2026-07-30T03:10:09Z,7,1,22740,97.98,53,2617
2026-07-30T03:10:10Z,0,99,32094,262.24,60,2812
2026-07-30T03:10:10Z,1,0,31854,17.85,38,210
2026-07-30T03:10:10Z,2,0,1,14.16,34,210
2026-07-30T03:10:10Z,3,0,1,17.18,32,202
2026-07-30T03:10:10Z,4,0,29902,15.15,31,210
2026-07-30T03:10:10Z,5,0,29900,15.87,33,210
2026-07-30T03:10:10Z,6,98,21464,318.16,61,2902
2026-07-30T03:10:10Z,7,1,22740,79.37,52,2542
2026-07-30T03:10:12Z,0,100,32094,421.68,68,2617
2026-07-30T03:10:12Z,1,0,31854,17.02,38,210
2026-07-30T03:10:12Z,2,0,1,14.51,34,210
2026-07-30T03:10:12Z,3,0,1,18.12,32,210
2026-07-30T03:10:12Z,4,0,29902,18.23,31,210
2026-07-30T03:10:12Z,5,0,29900,16.04,33,210
2026-07-30T03:10:12Z,6,1,21464,169.83,56,2902
2026-07-30T03:10:12Z,7,0,22740,79.22,52,2542
2026-07-30T03:10:13Z,0,99,32094,349.38,60,2812
2026-07-30T03:10:13Z,1,0,31854,16.44,38,210
2026-07-30T03:10:13Z,2,0,1,16.14,34,210
2026-07-30T03:10:13Z,3,0,1,17.01,32,210
2026-07-30T03:10:13Z,4,0,29902,15.77,31,210
2026-07-30T03:10:13Z,5,0,29900,15.12,33,210
2026-07-30T03:10:13Z,6,1,21464,96.14,55,2557
2026-07-30T03:10:13Z,7,0,22740,78.49,51,2497
2026-07-30T03:10:15Z,0,100,32094,351.75,68,2745
2026-07-30T03:10:15Z,1,0,31854,16.83,38,210
2026-07-30T03:10:15Z,2,0,1,13.09,34,210
2026-07-30T03:10:15Z,3,0,1,18.48,32,210
2026-07-30T03:10:15Z,4,0,29902,15.64,31,210
2026-07-30T03:10:15Z,5,0,29900,18.02,33,210
2026-07-30T03:10:15Z,6,1,21464,85.70,54,2542
2026-07-30T03:10:15Z,7,1,22740,75.21,51,2482
2026-07-30T03:10:16Z,0,99,32094,400.30,60,2647
2026-07-30T03:10:16Z,1,0,31854,16.09,38,210
2026-07-30T03:10:16Z,2,0,1,14.44,34,210
2026-07-30T03:10:16Z,3,0,1,16.41,32,210
2026-07-30T03:10:16Z,4,0,29902,17.25,31,210
2026-07-30T03:10:16Z,5,0,29900,13.79,33,210
2026-07-30T03:10:16Z,6,1,21464,83.12,54,2512
2026-07-30T03:10:16Z,7,1,22740,76.67,51,2475
2026-07-30T03:10:17Z,0,0,32094,214.61,57,2827
2026-07-30T03:10:17Z,1,0,31854,18.34,38,210
2026-07-30T03:10:17Z,2,0,1,13.86,34,210
2026-07-30T03:10:17Z,3,0,1,16.72,32,210
2026-07-30T03:10:17Z,4,0,29902,15.59,31,210
2026-07-30T03:10:17Z,5,0,29900,15.20,33,210
2026-07-30T03:10:17Z,6,1,21464,86.47,54,2632
2026-07-30T03:10:17Z,7,1,22740,73.41,51,2467
2026-07-30T03:10:19Z,0,100,32094,463.68,68,2617
2026-07-30T03:10:19Z,1,0,31854,17.16,38,210
2026-07-30T03:10:19Z,2,0,1,14.13,34,210
2026-07-30T03:10:19Z,3,0,1,18.78,32,210
2026-07-30T03:10:19Z,4,0,29902,17.82,31,210
2026-07-30T03:10:19Z,5,0,29900,15.19,33,210
2026-07-30T03:10:19Z,6,0,21464,78.86,53,2430
2026-07-30T03:10:19Z,7,1,22740,75.02,51,2482
2026-07-30T03:10:20Z,0,100,32094,449.63,68,2610
2026-07-30T03:10:20Z,1,0,31854,17.33,38,210
2026-07-30T03:10:20Z,2,0,1,15.09,34,210
2026-07-30T03:10:20Z,3,0,1,16.74,32,210
2026-07-30T03:10:20Z,4,0,29902,17.44,31,210
2026-07-30T03:10:20Z,5,0,29900,14.80,33,210
2026-07-30T03:10:20Z,6,0,21464,76.11,53,2430
2026-07-30T03:10:20Z,7,1,22740,77.29,50,2520
2026-07-30T03:10:22Z,0,99,32094,324.93,60,2812
2026-07-30T03:10:22Z,1,0,31854,17.99,38,210
2026-07-30T03:10:22Z,2,0,1,13.19,34,210
2026-07-30T03:10:22Z,3,0,1,18.31,32,210
2026-07-30T03:10:22Z,4,0,29902,15.60,31,210
2026-07-30T03:10:22Z,5,0,29900,17.03,33,210
2026-07-30T03:10:22Z,6,0,21464,78.32,53,2430
2026-07-30T03:10:22Z,7,1,22740,77.73,50,2542
2026-07-30T03:10:25Z,0,99,32094,384.99,60,2812
2026-07-30T03:10:25Z,1,0,31854,17.68,38,210
2026-07-30T03:10:25Z,2,0,1,13.15,34,210
2026-07-30T03:10:25Z,3,0,1,17.20,32,210
2026-07-30T03:10:25Z,4,0,29902,15.25,31,210
2026-07-30T03:10:25Z,5,0,29900,16.35,33,210
2026-07-30T03:10:25Z,6,0,4,51.86,51,517
2026-07-30T03:10:25Z,7,0,22740,69.84,50,2430
2026-07-30T03:10:27Z,0,99,32094,254.85,60,2812
2026-07-30T03:10:27Z,1,0,31854,15.51,38,210
2026-07-30T03:10:27Z,2,0,1,15.51,34,210
2026-07-30T03:10:27Z,3,0,1,18.51,32,210
2026-07-30T03:10:27Z,4,0,29902,17.67,31,210
2026-07-30T03:10:27Z,5,0,29900,15.20,33,210
2026-07-30T03:10:27Z,6,0,4,27.66,51,240
2026-07-30T03:10:27Z,7,0,22740,72.43,49,2430
2026-07-30T03:10:28Z,0,99,32094,256.19,59,2812
2026-07-30T03:10:28Z,1,0,31854,18.75,38,210
2026-07-30T03:10:28Z,2,0,1,12.68,34,210
2026-07-30T03:10:28Z,3,0,1,17.07,32,210
2026-07-30T03:10:28Z,4,0,29902,15.98,31,210
2026-07-30T03:10:28Z,5,0,29900,16.18,33,210
2026-07-30T03:10:28Z,6,0,4,22.17,51,210
2026-07-30T03:10:28Z,7,0,1,72.71,49,2430
2026-07-30T03:10:30Z,0,100,32094,324.49,67,2737
2026-07-30T03:10:30Z,1,0,31854,17.40,38,210
2026-07-30T03:10:30Z,2,0,1,13.41,34,210
2026-07-30T03:10:30Z,3,0,1,19.07,32,210
2026-07-30T03:10:30Z,4,0,29902,17.14,31,210
2026-07-30T03:10:30Z,5,0,29900,15.04,33,210
2026-07-30T03:10:30Z,6,0,4,17.56,50,210
2026-07-30T03:10:30Z,7,0,4,45.56,48,495
2026-07-30T03:10:32Z,0,99,32094,424.99,61,2707
2026-07-30T03:10:32Z,1,0,31854,17.57,38,210
2026-07-30T03:10:32Z,2,0,1,13.67,34,210
2026-07-30T03:10:32Z,3,0,1,17.76,32,210
2026-07-30T03:10:32Z,4,0,29902,14.92,31,210
2026-07-30T03:10:32Z,5,0,29900,14.77,33,210
2026-07-30T03:10:32Z,6,0,4,15.22,50,210
2026-07-30T03:10:32Z,7,0,4,28.52,48,397
2026-07-30T03:10:33Z,0,85,32094,268.84,63,2782
2026-07-30T03:10:33Z,1,0,31854,18.19,38,210
2026-07-30T03:10:33Z,2,0,1,12.70,34,210
2026-07-30T03:10:33Z,3,0,1,18.33,32,210
2026-07-30T03:10:33Z,4,0,29902,15.86,31,210
2026-07-30T03:10:33Z,5,0,29900,17.16,33,210
2026-07-30T03:10:33Z,6,0,4,15.96,50,210
2026-07-30T03:10:33Z,7,0,4,22.98,48,210
2026-07-30T03:10:35Z,0,50,32094,254.91,63,2820
2026-07-30T03:10:35Z,1,0,31854,17.64,38,210
2026-07-30T03:10:35Z,2,0,1,15.35,34,210
2026-07-30T03:10:35Z,3,0,1,16.35,32,210
2026-07-30T03:10:35Z,4,0,29902,17.43,31,210
2026-07-30T03:10:35Z,5,0,29900,15.45,33,210
2026-07-30T03:10:35Z,6,0,1184,76.58,51,2430
2026-07-30T03:10:35Z,7,0,4,16.74,47,210
2026-07-30T03:10:36Z,0,100,32094,460.72,68,2602
2026-07-30T03:10:36Z,1,0,31854,18.61,38,210
2026-07-30T03:10:36Z,2,0,1,12.82,34,210
2026-07-30T03:10:36Z,3,0,1,17.64,32,210
2026-07-30T03:10:36Z,4,0,29902,15.55,31,210
2026-07-30T03:10:36Z,5,0,29900,16.56,33,210
2026-07-30T03:10:36Z,6,0,1184,75.94,50,2430
2026-07-30T03:10:36Z,7,0,4,16.02,47,210
2026-07-30T03:10:38Z,0,99,32094,314.81,60,2812
2026-07-30T03:10:38Z,1,0,31854,17.00,38,210
2026-07-30T03:10:38Z,2,0,1,14.35,34,210
2026-07-30T03:10:38Z,3,0,1,17.28,32,210
2026-07-30T03:10:38Z,4,0,29902,18.08,31,210
2026-07-30T03:10:38Z,5,0,29900,15.18,33,210
2026-07-30T03:10:38Z,6,0,1184,74.65,50,2430
2026-07-30T03:10:38Z,7,0,4,15.52,47,210
2026-07-30T03:10:39Z,0,100,32094,440.17,68,2610
2026-07-30T03:10:39Z,1,0,31854,19.04,38,210
2026-07-30T03:10:39Z,2,0,1,14.97,34,210
2026-07-30T03:10:39Z,3,0,1,16.74,32,210
2026-07-30T03:10:39Z,4,0,29902,15.16,31,210
2026-07-30T03:10:39Z,5,0,29900,16.23,33,210
2026-07-30T03:10:39Z,6,0,1184,74.32,50,2430
2026-07-30T03:10:39Z,7,0,1184,49.12,47,2617
2026-07-30T03:10:43Z,0,100,32094,451.65,66,2602
2026-07-30T03:10:43Z,1,0,31854,17.53,37,210
2026-07-30T03:10:43Z,2,0,1,14.61,34,210
2026-07-30T03:10:43Z,3,0,1,16.12,32,210
2026-07-30T03:10:43Z,4,0,29902,15.62,31,210
2026-07-30T03:10:43Z,5,0,29900,15.54,33,210
2026-07-30T03:10:43Z,6,0,1184,74.05,50,2430
2026-07-30T03:10:43Z,7,0,1184,69.19,47,2430
2026-07-30T03:10:44Z,0,99,32094,321.54,61,2812
2026-07-30T03:10:44Z,1,0,31854,16.02,37,210
2026-07-30T03:10:44Z,2,0,1,14.17,34,210
2026-07-30T03:10:44Z,3,0,1,19.48,32,210
2026-07-30T03:10:44Z,4,0,29902,16.95,31,210
2026-07-30T03:10:44Z,5,0,29900,17.62,33,210
2026-07-30T03:10:44Z,6,0,1184,75.33,50,2430
2026-07-30T03:10:44Z,7,0,1184,68.77,47,2430
2026-07-30T03:10:46Z,0,100,32094,313.09,68,2805
2026-07-30T03:10:46Z,1,0,31854,16.75,37,210
2026-07-30T03:10:46Z,2,0,1,15.63,34,202
2026-07-30T03:10:46Z,3,0,1,17.29,32,210
2026-07-30T03:10:46Z,4,0,29902,16.05,31,210
2026-07-30T03:10:46Z,5,0,29900,15.01,33,210
2026-07-30T03:10:46Z,6,0,1184,73.48,49,2430
2026-07-30T03:10:46Z,7,0,1184,69.62,47,2430
2026-07-30T03:10:47Z,0,75,32094,443.32,66,2362
2026-07-30T03:10:47Z,1,0,31854,17.34,37,210
2026-07-30T03:10:47Z,2,0,1,13.16,34,210
2026-07-30T03:10:47Z,3,0,1,17.78,32,210
2026-07-30T03:10:47Z,4,0,29902,15.51,31,210
2026-07-30T03:10:47Z,5,0,29900,17.92,33,210
2026-07-30T03:10:47Z,6,0,1184,75.63,49,2430
2026-07-30T03:10:47Z,7,0,1184,67.42,47,2430
2026-07-30T03:10:49Z,0,100,32094,450.26,67,2625
2026-07-30T03:10:49Z,1,0,31854,16.51,37,210
2026-07-30T03:10:49Z,2,0,1,15.71,34,210
2026-07-30T03:10:49Z,3,0,1,18.01,32,210
2026-07-30T03:10:49Z,4,0,29902,17.58,31,210
2026-07-30T03:10:49Z,5,0,29900,13.86,33,210
2026-07-30T03:10:49Z,6,0,1184,74.05,49,2430
2026-07-30T03:10:49Z,7,0,1184,70.32,47,2430
2026-07-30T03:10:50Z,0,100,32094,450.08,68,2610
2026-07-30T03:10:50Z,1,0,31854,18.95,37,210
2026-07-30T03:10:50Z,2,0,1,12.75,34,210
2026-07-30T03:10:50Z,3,0,1,16.41,32,210
2026-07-30T03:10:50Z,4,0,29902,15.45,31,210
2026-07-30T03:10:50Z,5,0,29900,15.04,33,210
2026-07-30T03:10:50Z,6,0,1184,74.57,49,2430
2026-07-30T03:10:50Z,7,0,1184,67.69,46,2430
2026-07-30T03:10:52Z,0,99,32094,292.77,61,2812
2026-07-30T03:10:52Z,1,0,31854,17.90,37,210
2026-07-30T03:10:52Z,2,0,1,13.74,34,210
2026-07-30T03:10:52Z,3,0,1,18.72,32,210
2026-07-30T03:10:52Z,4,0,29902,18.09,31,210
2026-07-30T03:10:52Z,5,0,29900,15.18,33,210
2026-07-30T03:10:52Z,6,0,1184,34.06,48,360
2026-07-30T03:10:52Z,7,0,1184,69.12,46,2430
2026-07-30T03:10:53Z,0,99,32094,323.35,61,2812
2026-07-30T03:10:53Z,1,0,31854,17.97,37,210
2026-07-30T03:10:53Z,2,0,1,13.84,34,210
2026-07-30T03:10:53Z,3,0,1,16.67,32,210
2026-07-30T03:10:53Z,4,0,29902,17.74,31,210
2026-07-30T03:10:53Z,5,0,29900,14.90,33,210
2026-07-30T03:10:53Z,6,0,1184,16.74,48,210
2026-07-30T03:10:53Z,7,0,1184,69.01,46,2430
2026-07-30T03:10:55Z,0,99,32094,289.66,60,2820
2026-07-30T03:10:55Z,1,0,31854,18.89,37,210
2026-07-30T03:10:55Z,2,0,1,12.19,34,210
2026-07-30T03:10:55Z,3,0,1,19.25,32,210
2026-07-30T03:10:55Z,4,0,29902,16.41,31,210
2026-07-30T03:10:55Z,5,0,29900,16.68,33,210
2026-07-30T03:10:55Z,6,0,1184,16.61,48,210
2026-07-30T03:10:55Z,7,0,1184,67.86,46,2430
2026-07-30T03:10:57Z,0,100,32094,451.89,66,2617
2026-07-30T03:10:57Z,1,0,31854,17.22,37,210
2026-07-30T03:10:57Z,2,0,1,15.32,34,210
2026-07-30T03:10:57Z,3,0,1,18.79,32,210
2026-07-30T03:10:57Z,4,0,29902,17.45,31,210
2026-07-30T03:10:57Z,5,0,29900,14.31,33,210
2026-07-30T03:10:57Z,6,0,1184,16.36,47,210
2026-07-30T03:10:57Z,7,0,1184,29.12,45,345
2026-07-30T03:11:00Z,0,99,32094,292.20,61,2812
2026-07-30T03:11:00Z,1,0,31854,15.72,37,210
2026-07-30T03:11:00Z,2,0,1,13.94,34,210
2026-07-30T03:11:00Z,3,0,1,18.12,32,210
2026-07-30T03:11:00Z,4,0,29902,17.44,31,202
2026-07-30T03:11:00Z,5,0,29900,14.43,33,210
2026-07-30T03:11:00Z,6,0,1184,15.31,47,210
2026-07-30T03:11:00Z,7,0,1184,14.79,45,210
2026-07-30T03:11:02Z,0,100,32094,424.40,68,2610
2026-07-30T03:11:02Z,1,0,31854,18.70,37,210
2026-07-30T03:11:02Z,2,0,1,13.61,34,210
2026-07-30T03:11:02Z,3,0,1,17.95,32,210
2026-07-30T03:11:02Z,4,0,29902,15.81,31,210
2026-07-30T03:11:02Z,5,0,29900,17.45,33,210
2026-07-30T03:11:02Z,6,0,1184,14.06,47,210
2026-07-30T03:11:02Z,7,0,1184,15.33,44,210
2026-07-30T03:11:03Z,0,99,32094,353.66,61,2812
2026-07-30T03:11:03Z,1,0,31854,16.18,37,210
2026-07-30T03:11:03Z,2,0,1,13.12,34,210
2026-07-30T03:11:03Z,3,0,1,18.84,32,210
2026-07-30T03:11:03Z,4,0,29902,16.93,31,210
2026-07-30T03:11:03Z,5,0,29900,16.14,33,210
2026-07-30T03:11:03Z,6,0,1184,15.64,47,210
2026-07-30T03:11:03Z,7,0,1184,14.19,44,210
2026-07-30T03:11:05Z,0,100,32094,466.64,68,2610
2026-07-30T03:11:05Z,1,0,31854,17.67,37,210
2026-07-30T03:11:05Z,2,0,1,14.95,34,210
2026-07-30T03:11:05Z,3,0,1,16.76,32,210
2026-07-30T03:11:05Z,4,0,29902,16.16,31,210
2026-07-30T03:11:05Z,5,0,29900,15.47,33,210
2026-07-30T03:11:05Z,6,0,1184,15.03,47,210
2026-07-30T03:11:05Z,7,0,1184,15.37,44,210
2026-07-30T03:11:06Z,0,99,32094,303.54,61,2812
2026-07-30T03:11:06Z,1,0,31854,18.79,37,210
2026-07-30T03:11:06Z,2,0,1,13.10,34,210
2026-07-30T03:11:06Z,3,0,1,19.53,32,210
2026-07-30T03:11:06Z,4,0,29902,16.88,31,202
2026-07-30T03:11:06Z,5,0,29900,16.86,33,210
2026-07-30T03:11:06Z,6,0,1184,16.13,46,210
2026-07-30T03:11:06Z,7,0,1184,14.41,44,210
2026-07-30T03:11:08Z,0,100,32094,463.10,67,2610
2026-07-30T03:11:08Z,1,0,31854,17.09,37,210
2026-07-30T03:11:08Z,2,0,1,15.62,34,210
2026-07-30T03:11:08Z,3,0,1,15.65,32,210
2026-07-30T03:11:08Z,4,0,29902,17.21,31,210
2026-07-30T03:11:08Z,5,0,29900,14.48,33,210
2026-07-30T03:11:08Z,6,0,1184,15.72,46,210
2026-07-30T03:11:08Z,7,0,1184,16.40,44,210
2026-07-30T03:11:09Z,0,100,32094,455.46,69,2602
2026-07-30T03:11:09Z,1,0,31854,18.50,37,210
2026-07-30T03:11:09Z,2,0,1,14.52,34,210
2026-07-30T03:11:09Z,3,0,1,16.53,32,210
2026-07-30T03:11:09Z,4,0,29902,14.88,31,210
2026-07-30T03:11:09Z,5,0,29900,16.00,33,210
2026-07-30T03:11:09Z,6,0,1184,13.76,46,210
2026-07-30T03:11:09Z,7,0,1184,15.42,43,210
2026-07-30T03:11:11Z,0,99,32094,336.30,61,2812
2026-07-30T03:11:11Z,1,0,31854,15.59,37,210
2026-07-30T03:11:11Z,2,0,1,14.43,34,210
2026-07-30T03:11:11Z,3,0,1,18.74,32,210
2026-07-30T03:11:11Z,4,0,29902,17.83,31,210
2026-07-30T03:11:11Z,5,0,29900,15.15,33,210
2026-07-30T03:11:11Z,6,1,17358,307.16,49,2640
2026-07-30T03:11:11Z,7,0,1184,15.41,43,210
2026-07-30T03:11:12Z,0,100,32094,451.59,66,2610
2026-07-30T03:11:12Z,1,0,31854,18.65,37,210
2026-07-30T03:11:12Z,2,0,1,13.90,34,210
2026-07-30T03:11:12Z,3,0,1,16.98,32,210
2026-07-30T03:11:12Z,4,0,29902,15.62,31,202
2026-07-30T03:11:12Z,5,0,29900,16.40,33,210
2026-07-30T03:11:12Z,6,0,17358,97.83,48,2917
2026-07-30T03:11:12Z,7,0,1184,15.82,43,210
2026-07-30T03:11:14Z,0,99,32094,321.73,61,2805
2026-07-30T03:11:14Z,1,0,31854,16.43,37,210
2026-07-30T03:11:14Z,2,0,1,13.69,34,210
2026-07-30T03:11:14Z,3,0,1,19.21,32,210
2026-07-30T03:11:14Z,4,0,29902,16.94,31,210
2026-07-30T03:11:14Z,5,0,29900,15.32,33,210
2026-07-30T03:11:14Z,6,0,17358,73.45,47,2430
2026-07-30T03:11:14Z,7,23,17358,259.89,46,2910
2026-07-30T03:11:17Z,0,71,32094,314.95,62,2812
2026-07-30T03:11:17Z,1,0,31854,16.83,37,210
2026-07-30T03:11:17Z,2,0,1,14.63,34,210
2026-07-30T03:11:17Z,3,0,1,18.03,32,210
2026-07-30T03:11:17Z,4,0,29902,15.94,31,210
2026-07-30T03:11:17Z,5,0,29900,16.94,33,210
2026-07-30T03:11:17Z,6,0,17358,73.16,47,2430
2026-07-30T03:11:17Z,7,0,17358,66.40,44,2430
2026-07-30T03:11:19Z,0,99,32094,306.58,61,2812
2026-07-30T03:11:19Z,1,0,31854,17.72,37,210
2026-07-30T03:11:19Z,2,0,1,15.13,34,210
2026-07-30T03:11:19Z,3,0,1,17.12,32,210
2026-07-30T03:11:19Z,4,0,29902,16.32,31,210
2026-07-30T03:11:19Z,5,0,29900,14.66,33,210
2026-07-30T03:11:19Z,6,0,17358,70.78,47,2430
2026-07-30T03:11:19Z,7,0,17358,67.65,44,2430
2026-07-30T03:11:20Z,0,100,32094,451.26,68,2595
2026-07-30T03:11:20Z,1,0,31854,18.52,36,210
2026-07-30T03:11:20Z,2,0,1,13.16,34,210
2026-07-30T03:11:20Z,3,0,1,18.09,32,210
2026-07-30T03:11:20Z,4,0,29902,16.27,31,210
2026-07-30T03:11:20Z,5,0,29900,16.26,33,210
2026-07-30T03:11:20Z,6,0,17358,73.43,47,2430
2026-07-30T03:11:20Z,7,0,17358,65.21,44,2430
2026-07-30T03:11:22Z,0,99,32094,306.03,61,2812
2026-07-30T03:11:22Z,1,0,31854,16.88,36,210
2026-07-30T03:11:22Z,2,0,1,15.65,34,210
2026-07-30T03:11:22Z,3,0,1,17.28,32,210
2026-07-30T03:11:22Z,4,0,29902,18.36,31,210
2026-07-30T03:11:22Z,5,0,29900,15.17,33,210
2026-07-30T03:11:22Z,6,0,17358,70.88,47,2430
2026-07-30T03:11:22Z,7,0,17358,67.92,44,2430
2026-07-30T03:11:24Z,0,100,32094,454.93,68,2610
2026-07-30T03:11:24Z,1,0,31854,18.88,36,210
2026-07-30T03:11:24Z,2,0,1,13.93,34,210
2026-07-30T03:11:24Z,3,0,1,16.77,32,210
2026-07-30T03:11:24Z,4,0,29902,17.19,31,210
2026-07-30T03:11:24Z,5,0,29900,15.24,33,210
2026-07-30T03:11:24Z,6,0,17358,71.68,47,2430
2026-07-30T03:11:24Z,7,0,17358,65.86,44,2430
2026-07-30T03:11:25Z,0,99,32094,306.56,61,2775
2026-07-30T03:11:25Z,1,0,31854,17.67,36,210
2026-07-30T03:11:25Z,2,0,1,13.99,34,210
2026-07-30T03:11:25Z,3,0,1,19.02,32,210
2026-07-30T03:11:25Z,4,0,29902,16.94,31,210
2026-07-30T03:11:25Z,5,0,29900,15.35,33,210
2026-07-30T03:11:25Z,6,0,17358,72.79,46,2430
2026-07-30T03:11:25Z,7,0,17358,66.48,44,2430
2026-07-30T03:11:26Z,0,100,32094,323.55,67,2812
2026-07-30T03:11:26Z,1,0,31854,17.73,36,210
2026-07-30T03:11:26Z,2,0,1,15.51,34,210
2026-07-30T03:11:26Z,3,0,1,18.08,32,210
2026-07-30T03:11:26Z,4,0,29902,17.72,31,210
2026-07-30T03:11:26Z,5,0,29900,14.29,33,210
2026-07-30T03:11:26Z,6,0,17358,69.79,46,2430
2026-07-30T03:11:26Z,7,0,17358,66.76,43,2430
2026-07-30T03:11:28Z,0,99,32094,449.63,66,2385
2026-07-30T03:11:28Z,1,0,31854,18.03,36,210
2026-07-30T03:11:28Z,2,0,1,12.70,34,210
2026-07-30T03:11:28Z,3,0,1,18.05,32,210
2026-07-30T03:11:28Z,4,0,29902,15.62,31,210
2026-07-30T03:11:28Z,5,0,29900,16.74,33,210
2026-07-30T03:11:28Z,6,0,17358,72.76,46,2047
2026-07-30T03:11:28Z,7,0,17358,65.04,43,2430
2026-07-30T03:11:29Z,0,99,32094,299.91,61,2812
2026-07-30T03:11:29Z,1,0,31854,16.52,36,210
2026-07-30T03:11:29Z,2,0,1,15.29,34,210
2026-07-30T03:11:29Z,3,0,1,18.38,32,210
2026-07-30T03:11:29Z,4,0,29902,18.28,31,210
2026-07-30T03:11:29Z,5,0,29900,14.24,33,210
2026-07-30T03:11:29Z,6,0,17358,33.45,45,360
2026-07-30T03:11:29Z,7,0,17358,67.63,43,2430
2026-07-30T03:11:31Z,0,100,32094,418.58,68,2640
2026-07-30T03:11:31Z,1,0,31854,19.19,36,210
2026-07-30T03:11:31Z,2,0,1,14.36,34,210
2026-07-30T03:11:31Z,3,0,1,16.94,32,210
2026-07-30T03:11:31Z,4,0,29902,15.61,31,210
2026-07-30T03:11:31Z,5,0,29900,17.55,33,210
2026-07-30T03:11:31Z,6,0,17358,13.48,45,210
2026-07-30T03:11:31Z,7,0,17358,53.63,43,1102
2026-07-30T03:11:34Z,0,99,32094,307.93,61,2812
2026-07-30T03:11:34Z,1,0,31854,18.46,36,210
2026-07-30T03:11:34Z,2,0,1,12.43,34,210
2026-07-30T03:11:34Z,3,0,1,16.22,32,210
2026-07-30T03:11:34Z,4,0,29902,15.64,31,210
2026-07-30T03:11:34Z,5,0,29900,14.30,33,210
2026-07-30T03:11:34Z,6,100,17358,76.98,54,2160
2026-07-30T03:11:34Z,7,0,17358,12.79,42,210
2026-07-30T03:11:36Z,0,99,32094,318.99,61,2775
2026-07-30T03:11:36Z,1,0,31854,16.79,36,210
2026-07-30T03:11:36Z,2,0,1,13.28,34,210
2026-07-30T03:11:36Z,3,0,1,19.12,32,210
2026-07-30T03:11:36Z,4,0,29902,18.35,31,210
2026-07-30T03:11:36Z,5,0,29900,14.84,33,210
2026-07-30T03:11:36Z,6,0,17358,105.28,47,2917
2026-07-30T03:11:36Z,7,0,17358,13.36,42,210
2026-07-30T03:11:37Z,0,86,32094,306.89,61,2812
2026-07-30T03:11:37Z,1,0,31854,19.06,36,210
2026-07-30T03:11:37Z,2,0,1,14.53,34,210
2026-07-30T03:11:37Z,3,0,1,16.67,32,210
2026-07-30T03:11:37Z,4,0,29902,15.78,31,210
2026-07-30T03:11:37Z,5,0,29900,14.38,33,210
2026-07-30T03:11:37Z,6,0,17358,79.46,46,2430
2026-07-30T03:11:37Z,7,2,17358,298.53,44,2910
2026-07-30T03:11:39Z,0,31,32094,305.88,65,2760
2026-07-30T03:11:39Z,1,0,31854,18.43,36,210
2026-07-30T03:11:39Z,2,0,1,13.52,34,210
2026-07-30T03:11:39Z,3,0,1,18.92,32,210
2026-07-30T03:11:39Z,4,0,29902,16.12,31,210
2026-07-30T03:11:39Z,5,0,29900,16.71,33,210
2026-07-30T03:11:39Z,6,0,17358,72.57,46,2430
2026-07-30T03:11:39Z,7,0,17358,92.79,43,2737
2026-07-30T03:11:41Z,0,99,32094,288.83,60,2812
2026-07-30T03:11:41Z,1,0,31854,16.62,36,210
2026-07-30T03:11:41Z,2,0,1,15.09,34,210
2026-07-30T03:11:41Z,3,0,1,16.40,32,210
2026-07-30T03:11:41Z,4,0,29902,16.54,31,210
2026-07-30T03:11:41Z,5,0,29900,14.54,33,210
2026-07-30T03:11:41Z,6,0,17358,70.79,46,2430
2026-07-30T03:11:41Z,7,0,17358,66.99,43,2430
2026-07-30T03:11:42Z,0,100,32094,418.52,68,2617
2026-07-30T03:11:42Z,1,0,31854,19.48,36,210
2026-07-30T03:11:42Z,2,0,1,14.30,34,210
2026-07-30T03:11:42Z,3,0,1,17.39,32,210
2026-07-30T03:11:42Z,4,0,29902,15.75,31,210
2026-07-30T03:11:42Z,5,0,29900,15.94,33,210
2026-07-30T03:11:42Z,6,0,17358,72.25,46,2430
2026-07-30T03:11:42Z,7,0,17358,64.42,43,2430
2026-07-30T03:11:44Z,0,100,32094,449.89,67,2655
2026-07-30T03:11:44Z,1,0,31854,16.42,36,202
2026-07-30T03:11:44Z,2,0,1,14.33,34,210
2026-07-30T03:11:44Z,3,0,1,18.77,32,210
2026-07-30T03:11:44Z,4,0,29902,17.99,31,210
2026-07-30T03:11:44Z,5,0,29900,15.17,33,210
2026-07-30T03:11:44Z,6,0,17358,71.66,46,2430
2026-07-30T03:11:44Z,7,0,17358,65.93,43,2430
2026-07-30T03:11:45Z,0,99,32094,404.82,61,2812
2026-07-30T03:11:45Z,1,0,31854,16.69,36,210
2026-07-30T03:11:45Z,2,0,1,15.09,34,210
2026-07-30T03:11:45Z,3,0,1,15.64,32,210
2026-07-30T03:11:45Z,4,0,29902,16.61,31,210
2026-07-30T03:11:45Z,5,0,29900,14.81,33,210
2026-07-30T03:11:45Z,6,0,17358,70.01,46,2430
2026-07-30T03:11:45Z,7,0,17358,65.31,43,2430
2026-07-30T03:11:47Z,0,95,32094,322.57,68,2805
2026-07-30T03:11:47Z,1,0,31854,16.76,36,210
2026-07-30T03:11:47Z,2,0,1,13.21,34,210
2026-07-30T03:11:47Z,3,0,1,19.19,32,202
2026-07-30T03:11:47Z,4,0,29902,17.04,31,210
2026-07-30T03:11:47Z,5,0,29900,14.97,33,210
2026-07-30T03:11:47Z,6,0,17358,72.53,46,2430
2026-07-30T03:11:47Z,7,0,17358,64.20,43,2430
2026-07-30T03:11:48Z,0,100,32094,450.73,66,2310
2026-07-30T03:11:48Z,1,0,31854,16.64,36,210
2026-07-30T03:11:48Z,2,0,1,16.20,34,210
2026-07-30T03:11:48Z,3,0,1,16.38,32,210
2026-07-30T03:11:48Z,4,0,29902,17.25,31,210
2026-07-30T03:11:48Z,5,0,29900,14.45,33,210
2026-07-30T03:11:48Z,6,0,17358,69.84,45,2430
2026-07-30T03:11:48Z,7,0,17358,66.26,43,2430
2026-07-30T03:11:52Z,0,89,32094,302.53,60,2812
2026-07-30T03:11:52Z,1,0,31854,16.56,36,210
2026-07-30T03:11:52Z,2,0,1,15.70,34,210
2026-07-30T03:11:52Z,3,0,1,16.50,32,210
2026-07-30T03:11:52Z,4,0,29902,16.93,31,210
2026-07-30T03:11:52Z,5,0,29900,14.31,33,210
2026-07-30T03:11:52Z,6,0,17358,69.41,45,2430
2026-07-30T03:11:52Z,7,0,17358,66.41,43,2430
2026-07-30T03:11:53Z,0,100,32094,460.51,68,2602
2026-07-30T03:11:53Z,1,0,31854,19.44,36,210
2026-07-30T03:11:53Z,2,0,1,14.55,34,210
2026-07-30T03:11:53Z,3,0,1,17.01,32,202
2026-07-30T03:11:53Z,4,0,29902,15.17,31,210
2026-07-30T03:11:53Z,5,0,29900,17.26,33,210
2026-07-30T03:11:53Z,6,0,17358,64.84,45,2055
2026-07-30T03:11:53Z,7,0,17358,63.09,43,2430
2026-07-30T03:11:55Z,0,99,32094,341.44,61,2782
2026-07-30T03:11:55Z,1,0,31854,16.69,36,210
2026-07-30T03:11:55Z,2,0,1,15.78,34,210
2026-07-30T03:11:55Z,3,0,1,18.68,32,210
2026-07-30T03:11:55Z,4,0,29902,17.71,31,210
2026-07-30T03:11:55Z,5,0,29900,14.02,33,210
2026-07-30T03:11:55Z,6,0,17358,35.35,45,367
2026-07-30T03:11:55Z,7,0,17358,64.50,43,2430
2026-07-30T03:11:56Z,0,99,32094,317.37,61,2812
2026-07-30T03:11:56Z,1,0,31854,17.12,36,202
2026-07-30T03:11:56Z,2,0,1,15.67,34,210
2026-07-30T03:11:56Z,3,0,1,16.24,32,210
2026-07-30T03:11:56Z,4,0,29902,15.76,31,210
2026-07-30T03:11:56Z,5,0,29900,14.75,33,210
2026-07-30T03:11:56Z,6,0,17358,12.19,44,210
2026-07-30T03:11:56Z,7,0,17358,26.72,42,345
2026-07-30T03:11:58Z,0,100,32094,346.14,69,2782
2026-07-30T03:11:58Z,1,0,31854,18.08,36,210
2026-07-30T03:11:58Z,2,0,1,13.55,34,210
2026-07-30T03:11:58Z,3,0,1,19.11,32,210
2026-07-30T03:11:58Z,4,0,29902,17.07,31,210
2026-07-30T03:11:58Z,5,0,29900,15.10,33,210
2026-07-30T03:11:58Z,6,0,17358,15.45,44,210
2026-07-30T03:11:58Z,7,0,17358,12.51,42,210
2026-07-30T03:11:59Z,0,77,32094,438.77,62,2302
2026-07-30T03:11:59Z,1,0,31854,17.70,36,210
2026-07-30T03:11:59Z,2,0,1,14.16,34,210
2026-07-30T03:11:59Z,3,0,1,17.78,32,210
2026-07-30T03:11:59Z,4,0,29902,17.74,31,210
2026-07-30T03:11:59Z,5,0,29900,14.58,33,210
2026-07-30T03:11:59Z,6,0,17358,271.93,46,2917
2026-07-30T03:11:59Z,7,0,17358,13.78,42,210
2026-07-30T03:12:01Z,0,100,32094,357.95,69,2767
2026-07-30T03:12:01Z,1,0,31854,18.73,36,210
2026-07-30T03:12:01Z,2,0,1,12.34,34,210
2026-07-30T03:12:01Z,3,0,1,18.98,32,210
2026-07-30T03:12:01Z,4,0,29902,16.24,31,210
2026-07-30T03:12:01Z,5,0,29900,16.78,33,210
2026-07-30T03:12:01Z,6,0,17358,93.60,45,2745
2026-07-30T03:12:01Z,7,100,17358,206.36,52,2085
2026-07-30T03:12:02Z,0,99,32094,431.75,62,2482
2026-07-30T03:12:02Z,1,0,31854,17.56,36,210
2026-07-30T03:12:02Z,2,0,1,15.85,34,210
2026-07-30T03:12:02Z,3,0,1,18.65,32,210
2026-07-30T03:12:02Z,4,0,29902,17.36,31,210
2026-07-30T03:12:02Z,5,0,29900,14.80,33,210
2026-07-30T03:12:02Z,6,0,17358,71.12,45,2430
2026-07-30T03:12:02Z,7,0,17358,97.08,43,2910
2026-07-30T03:12:04Z,0,100,32094,398.70,68,2617
2026-07-30T03:12:04Z,1,0,31854,18.80,36,210
2026-07-30T03:12:04Z,2,0,1,14.57,34,210
2026-07-30T03:12:04Z,3,0,1,16.82,32,210
2026-07-30T03:12:04Z,4,0,29902,14.91,31,210
2026-07-30T03:12:04Z,5,0,29900,17.51,33,210
2026-07-30T03:12:04Z,6,0,17358,70.47,45,2430
2026-07-30T03:12:04Z,7,0,17358,64.38,43,2430
2026-07-30T03:12:05Z,0,99,32094,376.87,61,2812
2026-07-30T03:12:05Z,1,0,31854,17.12,36,210
2026-07-30T03:12:05Z,2,0,1,14.48,34,210
2026-07-30T03:12:05Z,3,0,1,18.70,32,210
2026-07-30T03:12:05Z,4,0,29902,16.12,31,210
2026-07-30T03:12:05Z,5,0,29900,16.88,33,210
2026-07-30T03:12:05Z,6,0,17358,72.01,45,2430
2026-07-30T03:12:05Z,7,0,17358,65.41,43,2430
2026-07-30T03:12:09Z,0,99,32094,309.64,61,2812
2026-07-30T03:12:09Z,1,0,31854,16.70,36,210
2026-07-30T03:12:09Z,2,0,1,13.58,34,210
2026-07-30T03:12:09Z,3,0,1,19.19,32,210
2026-07-30T03:12:09Z,4,0,29902,18.11,31,210
2026-07-30T03:12:09Z,5,0,29900,15.45,33,202
2026-07-30T03:12:09Z,6,0,17358,71.75,45,2430
2026-07-30T03:12:09Z,7,0,17358,65.04,43,2430
2026-07-30T03:12:10Z,0,71,32094,297.38,59,2820
2026-07-30T03:12:10Z,1,0,31854,17.65,35,210
2026-07-30T03:12:10Z,2,0,1,13.78,34,202
2026-07-30T03:12:10Z,3,0,1,18.10,32,210
2026-07-30T03:12:10Z,4,0,29902,17.98,31,210
2026-07-30T03:12:10Z,5,0,29900,14.31,33,210
2026-07-30T03:12:10Z,6,0,17358,69.44,45,2430
2026-07-30T03:12:10Z,7,0,17358,65.70,43,2430
2026-07-30T03:12:12Z,0,100,32094,450.31,66,2610
2026-07-30T03:12:12Z,1,0,31854,18.16,36,210
2026-07-30T03:12:12Z,2,0,1,13.07,34,210
2026-07-30T03:12:12Z,3,0,1,17.81,32,210
2026-07-30T03:12:12Z,4,0,29902,15.62,31,210
2026-07-30T03:12:12Z,5,0,29900,16.67,33,210
2026-07-30T03:12:12Z,6,0,17358,71.50,45,2430
2026-07-30T03:12:12Z,7,0,17358,63.73,43,2430
2026-07-30T03:12:13Z,0,100,32094,449.71,68,2610
2026-07-30T03:12:13Z,1,0,31854,16.37,35,210
2026-07-30T03:12:13Z,2,0,1,15.26,34,210
2026-07-30T03:12:13Z,3,0,1,18.79,32,210
2026-07-30T03:12:13Z,4,0,29902,18.56,31,210
2026-07-30T03:12:13Z,5,0,29900,15.70,33,210
2026-07-30T03:12:13Z,6,0,17358,69.59,45,2430
2026-07-30T03:12:13Z,7,0,17358,66.49,43,2430
2026-07-30T03:12:15Z,0,99,32094,343.49,62,2805
2026-07-30T03:12:15Z,1,0,31854,19.09,35,210
2026-07-30T03:12:15Z,2,0,1,13.61,34,210
2026-07-30T03:12:15Z,3,0,1,17.33,32,210
2026-07-30T03:12:15Z,4,0,29902,14.85,31,210
2026-07-30T03:12:15Z,5,0,29900,17.02,33,202
2026-07-30T03:12:15Z,6,0,17358,70.45,45,2430
2026-07-30T03:12:15Z,7,0,17358,63.87,43,2430
2026-07-30T03:12:17Z,0,100,32094,455.79,68,2625
2026-07-30T03:12:17Z,1,0,31854,16.85,35,210
2026-07-30T03:12:17Z,2,0,1,14.27,34,202
2026-07-30T03:12:17Z,3,0,1,18.66,32,210
2026-07-30T03:12:17Z,4,0,29902,17.91,31,210
2026-07-30T03:12:17Z,5,0,29900,16.83,33,210
2026-07-30T03:12:17Z,6,0,17358,48.01,44,412
2026-07-30T03:12:17Z,7,0,17358,65.54,43,2430
2026-07-30T03:12:18Z,0,99,32094,357.43,65,2722
2026-07-30T03:12:18Z,1,0,31854,16.89,35,210
2026-07-30T03:12:18Z,2,0,1,15.13,34,210
2026-07-30T03:12:18Z,3,0,1,16.89,32,210
2026-07-30T03:12:18Z,4,0,29902,15.73,31,210
2026-07-30T03:12:18Z,5,0,29900,14.88,33,210
2026-07-30T03:12:18Z,6,0,17358,14.41,44,217
2026-07-30T03:12:18Z,7,0,17358,64.83,43,2430
2026-07-30T03:12:20Z,0,100,32094,461.24,67,2610
2026-07-30T03:12:20Z,1,0,31854,16.62,35,210
2026-07-30T03:12:20Z,2,0,1,13.76,34,210
2026-07-30T03:12:20Z,3,0,1,18.95,32,210
2026-07-30T03:12:20Z,4,0,29902,17.91,31,210
2026-07-30T03:12:20Z,5,0,29900,16.72,33,210
2026-07-30T03:12:20Z,6,0,17358,14.53,44,210
2026-07-30T03:12:20Z,7,0,17358,24.80,42,345
2026-07-30T03:12:21Z,0,100,32094,449.56,69,2602
2026-07-30T03:12:21Z,1,0,31854,16.42,35,210
2026-07-30T03:12:21Z,2,0,1,14.83,34,210
2026-07-30T03:12:21Z,3,0,1,17.87,32,210
2026-07-30T03:12:21Z,4,0,29902,17.60,31,210
2026-07-30T03:12:21Z,5,0,29900,13.72,33,210
2026-07-30T03:12:21Z,6,0,17358,13.97,43,210
2026-07-30T03:12:21Z,7,0,17358,15.83,42,210
2026-07-30T03:12:23Z,0,100,32094,449.77,67,2602
2026-07-30T03:12:23Z,1,0,31854,18.36,35,210
2026-07-30T03:12:23Z,2,0,1,13.22,34,210
2026-07-30T03:12:23Z,3,0,1,18.12,32,210
2026-07-30T03:12:23Z,4,0,29902,15.76,31,210
2026-07-30T03:12:23Z,5,0,29900,17.57,33,210
2026-07-30T03:12:23Z,6,0,17358,293.59,46,2910
2026-07-30T03:12:23Z,7,0,17358,13.21,42,210
2026-07-30T03:12:25Z,0,97,32094,319.74,62,2782
2026-07-30T03:12:25Z,1,0,31854,16.82,35,210
2026-07-30T03:12:25Z,2,0,1,14.84,34,210
2026-07-30T03:12:25Z,3,0,1,17.20,32,210
2026-07-30T03:12:25Z,4,0,29902,17.22,31,210
2026-07-30T03:12:25Z,5,0,29900,14.60,33,210
2026-07-30T03:12:25Z,6,0,17358,69.11,45,2430
2026-07-30T03:12:25Z,7,0,17358,13.94,41,210
2026-07-30T03:12:27Z,0,100,32094,436.85,68,2610
2026-07-30T03:12:27Z,1,0,31854,18.82,35,210
2026-07-30T03:12:27Z,2,0,1,12.26,34,210
2026-07-30T03:12:27Z,3,0,1,19.48,32,210
2026-07-30T03:12:27Z,4,0,29902,16.85,31,210
2026-07-30T03:12:27Z,5,0,29900,17.03,33,210
2026-07-30T03:12:27Z,6,0,17358,71.69,44,2430
2026-07-30T03:12:27Z,7,100,17358,204.05,51,2212
2026-07-30T03:12:28Z,0,100,32094,449.91,67,2610
2026-07-30T03:12:28Z,1,0,31854,16.87,35,210
2026-07-30T03:12:28Z,2,0,1,13.74,34,210
2026-07-30T03:12:28Z,3,0,1,17.36,32,210
2026-07-30T03:12:28Z,4,0,29902,18.20,31,210
2026-07-30T03:12:28Z,5,0,29900,13.91,33,210
2026-07-30T03:12:28Z,6,0,17358,69.59,44,2430
2026-07-30T03:12:28Z,7,0,17358,97.19,43,2910
2026-07-30T03:12:30Z,0,100,32094,449.78,69,2625
2026-07-30T03:12:30Z,1,0,31854,18.83,35,210
2026-07-30T03:12:30Z,2,0,1,12.27,34,210
2026-07-30T03:12:30Z,3,0,1,18.38,32,210
2026-07-30T03:12:30Z,4,0,29902,15.31,31,210
2026-07-30T03:12:30Z,5,0,29900,17.74,33,210
2026-07-30T03:12:30Z,6,0,17358,69.63,44,2430
2026-07-30T03:12:30Z,7,0,17358,67.28,43,2430
2026-07-30T03:12:31Z,0,99,32094,431.46,63,2460
2026-07-30T03:12:31Z,1,0,31854,17.73,35,210
2026-07-30T03:12:31Z,2,0,1,13.53,34,210
2026-07-30T03:12:31Z,3,0,1,19.07,32,210
2026-07-30T03:12:31Z,4,0,29902,16.48,31,210
2026-07-30T03:12:31Z,5,0,29900,16.44,33,210
2026-07-30T03:12:31Z,6,0,17358,69.38,44,2430
2026-07-30T03:12:31Z,7,0,17358,65.37,43,2430
2026-07-30T03:12:33Z,0,100,32094,403.27,68,2700
2026-07-30T03:12:33Z,1,0,31854,17.43,35,210
2026-07-30T03:12:33Z,2,0,1,13.83,34,210
2026-07-30T03:12:33Z,3,0,1,16.61,32,210
2026-07-30T03:12:33Z,4,0,29902,14.68,31,210
2026-07-30T03:12:33Z,5,0,29900,16.60,33,210
2026-07-30T03:12:33Z,6,0,17358,68.05,44,2430
2026-07-30T03:12:33Z,7,0,17358,65.40,43,2430
2026-07-30T03:12:34Z,0,97,32094,421.25,66,2797
2026-07-30T03:12:34Z,1,0,31854,18.66,35,210
2026-07-30T03:12:34Z,2,0,1,13.30,34,210
2026-07-30T03:12:34Z,3,0,1,19.30,32,210
2026-07-30T03:12:34Z,4,0,29902,15.45,31,210
2026-07-30T03:12:34Z,5,0,29900,17.46,33,210
2026-07-30T03:12:34Z,6,0,17358,71.13,44,2430
2026-07-30T03:12:34Z,7,0,17358,63.94,43,2430
2026-07-30T03:12:36Z,0,100,32094,382.45,70,2782
2026-07-30T03:12:36Z,1,0,31854,17.25,35,210
2026-07-30T03:12:36Z,2,0,1,15.89,34,210
2026-07-30T03:12:36Z,3,0,1,16.30,32,210
2026-07-30T03:12:36Z,4,0,29902,17.83,31,210
2026-07-30T03:12:36Z,5,0,29900,14.60,33,210
2026-07-30T03:12:36Z,6,0,17358,68.84,44,2430
2026-07-30T03:12:36Z,7,0,17358,66.78,43,2430
2026-07-30T03:12:37Z,0,99,32094,436.62,63,2325
2026-07-30T03:12:37Z,1,0,31854,19.35,35,210
2026-07-30T03:12:37Z,2,0,1,14.80,34,210
2026-07-30T03:12:37Z,3,0,1,17.11,32,210
2026-07-30T03:12:37Z,4,0,29902,14.91,31,210
2026-07-30T03:12:37Z,5,0,29900,15.87,33,210
2026-07-30T03:12:37Z,6,0,17358,69.35,44,2430
2026-07-30T03:12:37Z,7,0,17358,64.12,43,2430
2026-07-30T03:12:39Z,0,100,32094,368.46,70,2775
2026-07-30T03:12:39Z,1,0,31854,17.02,35,210
2026-07-30T03:12:39Z,2,0,1,14.17,34,210
2026-07-30T03:12:39Z,3,0,1,18.93,32,210
2026-07-30T03:12:39Z,4,0,29902,18.55,31,210
2026-07-30T03:12:39Z,5,0,29900,14.46,33,210
2026-07-30T03:12:39Z,6,0,17358,69.74,44,2430
2026-07-30T03:12:39Z,7,0,17358,66.02,43,2430
2026-07-30T03:12:42Z,0,100,32094,461.35,69,2610
2026-07-30T03:12:42Z,1,0,31854,16.71,35,210
2026-07-30T03:12:42Z,2,0,1,12.73,34,210
2026-07-30T03:12:42Z,3,0,1,18.71,32,210
2026-07-30T03:12:42Z,4,0,29902,16.51,31,210
2026-07-30T03:12:42Z,5,0,29900,16.67,33,210
2026-07-30T03:12:42Z,6,0,17358,15.74,43,210
2026-07-30T03:12:42Z,7,0,17358,65.28,43,2430
2026-07-30T03:12:44Z,0,100,32094,449.75,67,2595
2026-07-30T03:12:44Z,1,0,31854,17.31,35,210
2026-07-30T03:12:44Z,2,0,1,14.12,34,210
2026-07-30T03:12:44Z,3,0,1,16.75,32,210
2026-07-30T03:12:44Z,4,0,29902,15.05,31,210
2026-07-30T03:12:44Z,5,0,29900,15.44,33,210
2026-07-30T03:12:44Z,6,0,17358,12.40,43,210
2026-07-30T03:12:44Z,7,0,17358,65.62,42,2430
2026-07-30T03:12:45Z,0,100,32094,449.55,69,2610
2026-07-30T03:12:45Z,1,0,31854,18.67,35,210
2026-07-30T03:12:45Z,2,0,1,12.64,34,210
2026-07-30T03:12:45Z,3,0,1,17.90,32,210
2026-07-30T03:12:45Z,4,0,29902,16.23,31,210
2026-07-30T03:12:45Z,5,0,29900,17.17,33,210
2026-07-30T03:12:45Z,6,44,17358,240.68,47,2512
2026-07-30T03:12:45Z,7,0,17358,40.90,42,390
2026-07-30T03:12:47Z,0,38,32094,354.84,61,2797
2026-07-30T03:12:47Z,1,0,31854,16.53,35,210
2026-07-30T03:12:47Z,2,0,1,15.52,34,210
2026-07-30T03:12:47Z,3,0,1,17.73,32,210
2026-07-30T03:12:47Z,4,0,29902,17.63,31,210
2026-07-30T03:12:47Z,5,0,29900,14.76,33,210
2026-07-30T03:12:47Z,6,0,17358,95.71,45,2917
2026-07-30T03:12:47Z,7,0,17358,16.45,42,210
2026-07-30T03:12:48Z,0,99,32094,343.99,62,2797
2026-07-30T03:12:48Z,1,0,31854,18.11,35,210
2026-07-30T03:12:48Z,2,0,1,14.59,34,210
2026-07-30T03:12:48Z,3,0,1,17.59,32,210
2026-07-30T03:12:48Z,4,0,29902,15.25,31,210
2026-07-30T03:12:48Z,5,0,29900,16.08,33,210
2026-07-30T03:12:48Z,6,0,17358,70.31,44,2430
2026-07-30T03:12:48Z,7,0,17358,14.88,42,210
2026-07-30T03:12:50Z,0,100,32094,435.81,69,2610
2026-07-30T03:12:50Z,1,0,31854,16.92,35,210
2026-07-30T03:12:50Z,2,0,1,15.30,34,210
2026-07-30T03:12:50Z,3,0,1,18.98,32,210
2026-07-30T03:12:50Z,4,0,29902,18.03,31,210
2026-07-30T03:12:50Z,5,0,29900,13.71,33,210
2026-07-30T03:12:50Z,6,0,17358,68.96,44,2430
2026-07-30T03:12:50Z,7,0,17358,14.24,41,210
2026-07-30T03:12:51Z,0,99,32094,378.43,62,2805
2026-07-30T03:12:51Z,1,0,31854,19.27,35,210
2026-07-30T03:12:51Z,2,0,1,15.40,34,210
2026-07-30T03:12:51Z,3,0,1,16.22,32,210
2026-07-30T03:12:51Z,4,0,29902,15.82,31,210
2026-07-30T03:12:51Z,5,0,29900,15.47,33,210
2026-07-30T03:12:51Z,6,0,17358,68.89,44,2430
2026-07-30T03:12:51Z,7,0,17358,14.81,41,210
2026-07-30T03:12:53Z,0,100,32094,420.46,69,2700
2026-07-30T03:12:53Z,1,0,31854,18.11,35,210
2026-07-30T03:12:53Z,2,0,1,13.16,34,210
2026-07-30T03:12:53Z,3,0,1,19.48,32,210
2026-07-30T03:12:53Z,4,0,29902,17.89,31,210
2026-07-30T03:12:53Z,5,0,29900,16.82,33,210
2026-07-30T03:12:53Z,6,0,17358,70.74,44,2430
2026-07-30T03:12:53Z,7,0,17358,269.03,44,2910
2026-07-30T03:12:54Z,0,95,32094,428.20,61,2647
2026-07-30T03:12:54Z,1,0,31854,16.09,35,210
2026-07-30T03:12:54Z,2,0,1,15.88,34,210
2026-07-30T03:12:54Z,3,0,1,18.01,32,210
2026-07-30T03:12:54Z,4,0,29902,17.31,31,210
2026-07-30T03:12:54Z,5,0,29900,13.89,33,210
2026-07-30T03:12:54Z,6,0,17358,67.94,44,2430
2026-07-30T03:12:54Z,7,0,17358,88.08,43,2737
2026-07-30T03:12:56Z,0,100,32094,381.70,69,2700
2026-07-30T03:12:56Z,1,0,31854,19.03,35,210
2026-07-30T03:12:56Z,2,0,1,12.45,34,210
2026-07-30T03:12:56Z,3,0,1,18.45,32,210
2026-07-30T03:12:56Z,4,0,29902,15.91,31,210
2026-07-30T03:12:56Z,5,0,29900,17.24,33,210
2026-07-30T03:12:56Z,6,0,17358,69.12,44,2430
2026-07-30T03:12:56Z,7,0,17358,63.99,43,2430
2026-07-30T03:12:59Z,0,100,32094,405.52,69,2737
2026-07-30T03:12:59Z,1,0,31854,18.65,35,210
2026-07-30T03:12:59Z,2,0,1,12.92,34,210
2026-07-30T03:12:59Z,3,0,1,17.28,32,210
2026-07-30T03:12:59Z,4,0,29902,15.78,31,210
2026-07-30T03:12:59Z,5,0,29900,16.01,33,210
2026-07-30T03:12:59Z,6,0,17358,69.06,44,2430
2026-07-30T03:12:59Z,7,0,17358,63.73,42,2430
2026-07-30T03:13:01Z,0,99,32094,413.10,62,2662
2026-07-30T03:13:01Z,1,0,31854,17.22,35,210
2026-07-30T03:13:01Z,2,0,1,15.08,34,210
2026-07-30T03:13:01Z,3,0,1,18.60,32,210
2026-07-30T03:13:01Z,4,0,29902,17.53,31,210
2026-07-30T03:13:01Z,5,0,29900,15.40,33,210
2026-07-30T03:13:01Z,6,0,17358,68.24,44,2430
2026-07-30T03:13:01Z,7,0,17358,66.35,42,2430
2026-07-30T03:13:02Z,0,99,32094,333.58,62,2767
2026-07-30T03:13:02Z,1,0,31854,19.65,35,210
2026-07-30T03:13:02Z,2,0,1,12.35,34,210
2026-07-30T03:13:02Z,3,0,1,17.08,32,210
2026-07-30T03:13:02Z,4,0,29902,16.20,31,210
2026-07-30T03:13:02Z,5,0,29900,15.76,33,210
2026-07-30T03:13:02Z,6,0,17358,68.09,44,2430
2026-07-30T03:13:02Z,7,0,17358,64.12,42,2430
2026-07-30T03:13:04Z,0,100,32094,456.04,67,2595
2026-07-30T03:13:04Z,1,0,31854,18.36,35,210
2026-07-30T03:13:04Z,2,0,1,12.84,34,210
2026-07-30T03:13:04Z,3,0,1,18.78,32,210
2026-07-30T03:13:04Z,4,0,29902,17.26,31,210
2026-07-30T03:13:04Z,5,0,29900,15.39,33,210
2026-07-30T03:13:04Z,6,0,17358,27.00,43,360
2026-07-30T03:13:04Z,7,0,17358,65.01,42,2430
2026-07-30T03:13:05Z,0,96,32094,345.38,67,2797
2026-07-30T03:13:05Z,1,0,31854,19.33,35,210
2026-07-30T03:13:05Z,2,0,1,14.19,34,210
2026-07-30T03:13:05Z,3,0,1,17.22,32,210
2026-07-30T03:13:05Z,4,0,29902,17.49,31,210
2026-07-30T03:13:05Z,5,0,29900,14.42,33,210
2026-07-30T03:13:05Z,6,0,17358,12.33,43,210
2026-07-30T03:13:05Z,7,0,17358,65.61,42,2430
2026-07-30T03:13:07Z,0,100,32094,450.67,66,2520
2026-07-30T03:13:07Z,1,0,31854,19.01,35,210
2026-07-30T03:13:07Z,2,0,1,13.25,34,210
2026-07-30T03:13:07Z,3,0,1,18.81,32,210
2026-07-30T03:13:07Z,4,0,29902,15.47,31,210
2026-07-30T03:13:07Z,5,0,29900,17.15,33,210
2026-07-30T03:13:07Z,6,0,17358,12.55,43,210
2026-07-30T03:13:07Z,7,0,17358,63.43,42,2430
2026-07-30T03:13:08Z,0,100,32094,450.50,69,2625
2026-07-30T03:13:08Z,1,0,31854,16.89,35,210
2026-07-30T03:13:08Z,2,0,1,15.21,34,210
2026-07-30T03:13:08Z,3,0,1,18.94,32,210
2026-07-30T03:13:08Z,4,0,29902,18.46,31,210
2026-07-30T03:13:08Z,5,0,29900,16.08,33,210
2026-07-30T03:13:08Z,6,24,17358,215.19,47,2805
2026-07-30T03:13:08Z,7,0,17358,66.41,42,2430
2026-07-30T03:13:10Z,0,100,32094,449.96,69,2602
2026-07-30T03:13:10Z,1,0,31854,19.06,35,210
2026-07-30T03:13:10Z,2,0,1,14.22,34,210
2026-07-30T03:13:10Z,3,0,1,17.01,32,210
2026-07-30T03:13:10Z,4,0,29902,15.68,31,210
2026-07-30T03:13:10Z,5,0,29900,15.87,33,210
2026-07-30T03:13:10Z,6,0,17358,95.96,45,2917
2026-07-30T03:13:10Z,7,0,17358,51.56,42,1140
2026-07-30T03:13:11Z,0,99,32094,330.51,62,2797
2026-07-30T03:13:11Z,1,0,31854,15.84,35,210
2026-07-30T03:13:11Z,2,0,1,14.02,34,210
2026-07-30T03:13:11Z,3,0,1,18.01,32,210
2026-07-30T03:13:11Z,4,0,29902,18.41,31,210
2026-07-30T03:13:11Z,5,0,29900,15.32,33,210
2026-07-30T03:13:11Z,6,0,17358,69.08,44,2430
2026-07-30T03:13:11Z,7,0,17358,15.02,41,210
2026-07-30T03:13:13Z,0,100,32094,451.04,69,2617
2026-07-30T03:13:13Z,1,0,31854,16.81,35,210
2026-07-30T03:13:13Z,2,0,1,15.23,34,210
2026-07-30T03:13:13Z,3,0,1,15.64,32,210
2026-07-30T03:13:13Z,4,0,29902,16.90,31,210
2026-07-30T03:13:13Z,5,0,29900,15.18,33,210
2026-07-30T03:13:13Z,6,0,17358,67.66,44,2430
2026-07-30T03:13:13Z,7,0,17358,15.36,41,210
2026-07-30T03:13:17Z,0,99,32094,336.71,62,2797
2026-07-30T03:13:17Z,1,0,31854,18.88,35,210
2026-07-30T03:13:17Z,2,0,1,14.08,34,210
2026-07-30T03:13:17Z,3,0,1,17.26,32,210
2026-07-30T03:13:17Z,4,0,29902,16.33,31,210
2026-07-30T03:13:17Z,5,0,29900,16.70,33,210
2026-07-30T03:13:17Z,6,0,17358,66.71,44,2430
2026-07-30T03:13:17Z,7,100,17358,243.75,49,1995
2026-07-30T03:13:18Z,0,100,32094,452.50,69,2610
2026-07-30T03:13:18Z,1,0,31854,19.17,35,210
2026-07-30T03:13:18Z,2,0,1,13.50,34,210
2026-07-30T03:13:18Z,3,0,1,18.23,32,210
2026-07-30T03:13:18Z,4,0,29902,16.57,31,210
2026-07-30T03:13:18Z,5,0,29900,17.19,33,210
2026-07-30T03:13:18Z,6,0,17358,69.55,44,2430
2026-07-30T03:13:18Z,7,0,17358,94.61,43,2910
2026-07-30T03:13:20Z,0,91,32094,332.46,66,2797
2026-07-30T03:13:20Z,1,0,31854,16.66,35,210
2026-07-30T03:13:20Z,2,0,1,15.61,34,210
2026-07-30T03:13:20Z,3,0,1,17.72,32,210
2026-07-30T03:13:20Z,4,0,29902,16.81,31,210
2026-07-30T03:13:20Z,5,0,29900,14.67,33,210
2026-07-30T03:13:20Z,6,0,17358,67.62,44,2430
2026-07-30T03:13:20Z,7,0,17358,66.57,42,2430
2026-07-30T03:13:21Z,0,100,32094,450.58,67,2497
2026-07-30T03:13:21Z,1,0,31854,19.35,35,210
2026-07-30T03:13:21Z,2,0,1,14.09,34,210
2026-07-30T03:13:21Z,3,0,1,16.93,32,210
2026-07-30T03:13:21Z,4,0,29902,15.75,31,210
2026-07-30T03:13:21Z,5,0,29900,15.78,33,210
2026-07-30T03:13:21Z,6,0,17358,68.43,44,2430
2026-07-30T03:13:21Z,7,0,17358,63.51,42,2430
2026-07-30T03:13:23Z,0,99,32094,341.45,62,2797
2026-07-30T03:13:23Z,1,0,31854,15.88,35,210
2026-07-30T03:13:23Z,2,0,1,14.23,34,210
2026-07-30T03:13:23Z,3,0,1,18.19,32,210
2026-07-30T03:13:23Z,4,0,29902,17.74,31,210
2026-07-30T03:13:23Z,5,0,29900,14.22,33,210
2026-07-30T03:13:23Z,6,0,17358,69.45,44,2430
2026-07-30T03:13:23Z,7,0,17358,65.65,42,2430
2026-07-30T03:13:24Z,0,100,32094,439.36,69,2602
2026-07-30T03:13:24Z,1,0,31854,17.10,35,210
2026-07-30T03:13:24Z,2,0,1,15.68,34,210
2026-07-30T03:13:24Z,3,0,1,17.16,32,210
2026-07-30T03:13:24Z,4,0,29902,15.78,31,210
2026-07-30T03:13:24Z,5,0,29900,14.73,33,210
2026-07-30T03:13:24Z,6,0,17358,66.82,44,2430
2026-07-30T03:13:24Z,7,0,17358,64.66,42,2430
2026-07-30T03:13:26Z,0,100,32094,449.82,69,2617
2026-07-30T03:13:26Z,1,0,31854,16.95,35,210
2026-07-30T03:13:26Z,2,0,1,13.55,34,210
2026-07-30T03:13:26Z,3,0,1,19.61,32,210
2026-07-30T03:13:26Z,4,0,29902,17.84,31,210
2026-07-30T03:13:26Z,5,0,29900,16.74,33,210
2026-07-30T03:13:26Z,6,0,17358,69.68,44,2430
2026-07-30T03:13:26Z,7,0,17358,63.60,42,2430
2026-07-30T03:13:27Z,0,99,32094,396.84,63,2790
2026-07-30T03:13:27Z,1,0,31854,16.17,35,202
2026-07-30T03:13:27Z,2,0,1,16.45,34,210
2026-07-30T03:13:27Z,3,0,1,16.53,32,210
2026-07-30T03:13:27Z,4,0,29902,17.60,31,210
2026-07-30T03:13:27Z,5,0,29900,14.67,33,210
2026-07-30T03:13:27Z,6,0,17358,24.75,43,360
2026-07-30T03:13:27Z,7,0,17358,66.17,42,2430
2026-07-30T03:13:29Z,0,100,32094,415.50,69,2670
2026-07-30T03:13:29Z,1,0,31854,19.67,34,210
2026-07-30T03:13:29Z,2,0,1,14.22,34,210
2026-07-30T03:13:29Z,3,0,1,18.48,32,210
2026-07-30T03:13:29Z,4,0,29902,16.05,31,210
2026-07-30T03:13:29Z,5,0,29900,17.23,33,210
2026-07-30T03:13:29Z,6,0,17358,13.79,43,210
2026-07-30T03:13:29Z,7,0,17358,63.40,42,2430
2026-07-30T03:13:30Z,0,99,32094,410.45,63,2797
2026-07-30T03:13:30Z,1,0,31854,16.56,34,210
2026-07-30T03:13:30Z,2,0,1,15.28,34,210
2026-07-30T03:13:30Z,3,0,1,18.39,32,210
2026-07-30T03:13:30Z,4,0,29902,17.20,31,210
2026-07-30T03:13:30Z,5,0,29900,14.34,33,210
2026-07-30T03:13:30Z,6,0,17358,13.04,43,210
2026-07-30T03:13:30Z,7,0,17358,65.45,42,2430
2026-07-30T03:13:34Z,0,100,32094,451.27,70,2610
2026-07-30T03:13:34Z,1,0,31854,16.00,34,210
2026-07-30T03:13:34Z,2,0,1,14.14,34,210
2026-07-30T03:13:34Z,3,0,1,18.59,32,210
2026-07-30T03:13:34Z,4,0,29902,17.82,31,210
2026-07-30T03:13:34Z,5,0,29900,13.64,33,210
2026-07-30T03:13:34Z,6,0,17358,242.82,45,2917
2026-07-30T03:13:34Z,7,0,17358,62.17,42,2430
2026-07-30T03:13:35Z,0,100,32094,394.93,69,2775
2026-07-30T03:13:35Z,1,0,31854,17.20,34,210
2026-07-30T03:13:35Z,2,0,1,15.65,34,210
2026-07-30T03:13:35Z,3,0,1,16.16,32,210
2026-07-30T03:13:35Z,4,0,29902,16.81,31,210
2026-07-30T03:13:35Z,5,0,29900,14.34,33,210
2026-07-30T03:13:35Z,6,0,17358,83.88,44,2430
2026-07-30T03:13:35Z,7,0,17358,28.38,41,345
2026-07-30T03:13:37Z,0,66,32094,439.05,70,2295
2026-07-30T03:13:37Z,1,0,31854,17.24,34,210
2026-07-30T03:13:37Z,2,0,1,13.36,34,210
2026-07-30T03:13:37Z,3,0,1,19.54,32,210
2026-07-30T03:13:37Z,4,0,29902,16.56,31,210
2026-07-30T03:13:37Z,5,0,29900,15.98,33,210
2026-07-30T03:13:37Z,6,0,17358,69.62,44,2430
2026-07-30T03:13:37Z,7,0,17358,13.22,41,210
2026-07-30T03:13:38Z,0,100,32094,450.51,68,2505
2026-07-30T03:13:38Z,1,0,31854,16.49,34,210
2026-07-30T03:13:38Z,2,0,1,14.76,34,210
2026-07-30T03:13:38Z,3,0,1,18.05,32,210
2026-07-30T03:13:38Z,4,0,29902,17.50,31,210
2026-07-30T03:13:38Z,5,0,29900,13.96,33,210
2026-07-30T03:13:38Z,6,0,17358,66.72,44,2430
2026-07-30T03:13:38Z,7,0,17358,14.53,41,210
2026-07-30T03:13:40Z,0,100,32094,403.79,69,2722
2026-07-30T03:13:40Z,1,0,31854,18.85,34,210
2026-07-30T03:13:40Z,2,0,1,12.63,34,210
2026-07-30T03:13:40Z,3,0,1,19.35,32,210
2026-07-30T03:13:40Z,4,0,29902,15.65,31,210
2026-07-30T03:13:40Z,5,0,29900,17.17,33,202
2026-07-30T03:13:40Z,6,0,17358,69.50,44,2430
2026-07-30T03:13:40Z,7,0,17358,12.44,41,210
2026-07-30T03:13:41Z,0,85,32094,413.38,67,2677
2026-07-30T03:13:41Z,1,0,31854,15.88,34,210
2026-07-30T03:13:41Z,2,0,1,13.59,34,210
2026-07-30T03:13:41Z,3,0,1,19.00,32,210
2026-07-30T03:13:41Z,4,0,29902,18.19,31,210
2026-07-30T03:13:41Z,5,0,29900,16.12,33,210
2026-07-30T03:13:41Z,6,0,17358,68.53,44,2430
2026-07-30T03:13:41Z,7,0,17358,161.90,43,2910
2026-07-30T03:13:43Z,0,100,32094,422.71,69,2722
2026-07-30T03:13:43Z,1,0,31854,18.26,34,210
2026-07-30T03:13:43Z,2,0,1,13.47,34,210
2026-07-30T03:13:43Z,3,0,1,16.92,32,210
2026-07-30T03:13:43Z,4,0,29902,16.17,31,210
2026-07-30T03:13:43Z,5,0,29900,15.74,33,210
2026-07-30T03:13:43Z,6,0,17358,68.48,44,2430
2026-07-30T03:13:43Z,7,0,17358,76.89,42,2430
2026-07-30T03:13:44Z,0,99,32094,426.74,63,2715
2026-07-30T03:13:44Z,1,0,31854,18.33,34,210
2026-07-30T03:13:44Z,2,0,1,13.04,34,210
2026-07-30T03:13:44Z,3,0,1,19.69,32,210
2026-07-30T03:13:44Z,4,0,29902,15.88,31,210
2026-07-30T03:13:44Z,5,0,29900,16.75,33,210
2026-07-30T03:13:44Z,6,0,17358,69.94,44,2430
2026-07-30T03:13:44Z,7,0,17358,63.54,42,2430
2026-07-30T03:13:46Z,0,100,32094,441.64,70,2617
2026-07-30T03:13:46Z,1,0,31854,17.47,34,210
2026-07-30T03:13:46Z,2,0,1,15.74,34,210
2026-07-30T03:13:46Z,3,0,1,15.78,32,210
2026-07-30T03:13:46Z,4,0,29902,17.00,31,210
2026-07-30T03:13:46Z,5,0,29900,14.96,33,202
2026-07-30T03:13:46Z,6,0,17358,67.49,44,2430
2026-07-30T03:13:46Z,7,0,17358,65.46,42,2430
2026-07-30T03:13:47Z,0,99,32094,409.07,63,2797
2026-07-30T03:13:47Z,1,0,31854,18.24,34,210
2026-07-30T03:13:47Z,2,0,1,13.27,34,210
2026-07-30T03:13:47Z,3,0,1,16.98,32,210
2026-07-30T03:13:47Z,4,0,29902,15.36,31,210
2026-07-30T03:13:47Z,5,0,29900,16.33,33,210
2026-07-30T03:13:47Z,6,0,17358,70.14,44,2430
2026-07-30T03:13:47Z,7,0,17358,62.54,42,2430
2026-07-30T03:13:51Z,0,100,32094,451.10,68,2595
2026-07-30T03:13:51Z,1,0,31854,18.22,34,210
2026-07-30T03:13:51Z,2,0,1,13.71,34,210
2026-07-30T03:13:51Z,3,0,1,18.71,32,210
2026-07-30T03:13:51Z,4,0,29902,15.64,31,210
2026-07-30T03:13:51Z,5,0,29900,17.04,33,210
2026-07-30T03:13:51Z,6,0,17358,38.94,43,367
2026-07-30T03:13:51Z,7,0,17358,62.95,42,2430
2026-07-30T03:13:52Z,0,100,32094,449.55,70,2610
2026-07-30T03:13:52Z,1,0,31854,15.82,34,210
2026-07-30T03:13:52Z,2,0,1,14.70,34,210
2026-07-30T03:13:52Z,3,0,1,18.69,32,210
2026-07-30T03:13:52Z,4,0,29902,18.16,31,210
2026-07-30T03:13:52Z,5,0,29900,15.80,33,202
2026-07-30T03:13:52Z,6,0,17358,15.11,43,217
2026-07-30T03:13:52Z,7,0,17358,65.62,42,2430
2026-07-30T03:13:54Z,0,99,32094,398.55,63,2797
2026-07-30T03:13:54Z,1,0,31854,18.43,34,210
2026-07-30T03:13:54Z,2,0,1,13.56,34,210
2026-07-30T03:13:54Z,3,0,1,17.33,32,210
2026-07-30T03:13:54Z,4,0,29902,14.90,31,210
2026-07-30T03:13:54Z,5,0,29900,17.03,33,210
2026-07-30T03:13:54Z,6,0,17358,10.94,42,210
2026-07-30T03:13:54Z,7,0,17358,63.99,42,2430
2026-07-30T03:13:55Z,0,100,32094,450.67,70,2595
2026-07-30T03:13:55Z,1,0,31854,18.25,34,210
2026-07-30T03:13:55Z,2,0,1,13.34,34,210
2026-07-30T03:13:55Z,3,0,1,18.43,32,210
2026-07-30T03:13:55Z,4,0,29902,15.84,31,210
2026-07-30T03:13:55Z,5,0,29900,16.77,33,210
2026-07-30T03:13:55Z,6,0,17358,12.73,42,210
2026-07-30T03:13:55Z,7,0,17358,64.10,42,2430
2026-07-30T03:13:57Z,0,99,32094,351.88,63,2797
2026-07-30T03:13:57Z,1,0,31854,16.58,34,210
2026-07-30T03:13:57Z,2,0,1,15.66,34,210
2026-07-30T03:13:57Z,3,0,1,16.39,32,210
2026-07-30T03:13:57Z,4,0,29902,17.04,31,210
2026-07-30T03:13:57Z,5,0,29900,15.18,33,210
2026-07-30T03:13:57Z,6,60,17358,166.72,51,2085
2026-07-30T03:13:57Z,7,0,17358,65.45,42,2430
2026-07-30T03:13:58Z,0,100,32094,416.73,70,2767
2026-07-30T03:13:58Z,1,0,31854,18.30,34,210
2026-07-30T03:13:58Z,2,0,1,13.80,34,210
2026-07-30T03:13:58Z,3,0,1,17.54,32,210
2026-07-30T03:13:58Z,4,0,29902,15.84,31,210
2026-07-30T03:13:58Z,5,0,29900,16.32,33,202
2026-07-30T03:13:58Z,6,0,17358,96.80,44,2917
2026-07-30T03:13:58Z,7,0,17358,39.35,41,390
2026-07-30T03:14:00Z,0,99,32094,437.23,64,2527
2026-07-30T03:14:00Z,1,0,31854,16.52,34,210
2026-07-30T03:14:00Z,2,0,1,15.04,34,210
2026-07-30T03:14:00Z,3,0,1,17.20,32,210
2026-07-30T03:14:00Z,4,0,29902,17.83,31,210
2026-07-30T03:14:00Z,5,0,29900,14.68,33,210
2026-07-30T03:14:00Z,6,0,17358,68.91,44,2430
2026-07-30T03:14:00Z,7,0,17358,15.38,41,210
2026-07-30T03:14:01Z,0,100,32094,420.16,70,2625
2026-07-30T03:14:01Z,1,0,31854,18.69,34,210
2026-07-30T03:14:01Z,2,0,1,15.65,34,210
2026-07-30T03:14:01Z,3,0,1,17.07,32,210
2026-07-30T03:14:01Z,4,0,29902,16.56,31,210
2026-07-30T03:14:01Z,5,0,29900,16.22,33,210
2026-07-30T03:14:01Z,6,0,17358,68.47,44,2430
2026-07-30T03:14:01Z,7,0,17358,14.62,41,210
2026-07-30T03:14:03Z,0,100,32094,448.60,70,2730
2026-07-30T03:14:03Z,1,0,31854,17.31,34,210
2026-07-30T03:14:03Z,2,0,1,13.31,34,210
2026-07-30T03:14:03Z,3,0,1,19.00,32,210
2026-07-30T03:14:03Z,4,0,29902,17.04,31,210
2026-07-30T03:14:03Z,5,0,29900,16.06,33,210
2026-07-30T03:14:03Z,6,0,17358,69.42,43,2430
2026-07-30T03:14:03Z,7,0,17358,12.97,41,210
2026-07-30T03:14:04Z,0,99,32094,441.15,64,2602
2026-07-30T03:14:04Z,1,0,31854,17.85,34,210
2026-07-30T03:14:04Z,2,0,1,14.98,34,210
2026-07-30T03:14:04Z,3,0,1,17.50,32,210
2026-07-30T03:14:04Z,4,0,29902,16.58,31,210
2026-07-30T03:14:04Z,5,0,29900,14.23,33,210
2026-07-30T03:14:04Z,6,0,17358,67.51,44,2430
2026-07-30T03:14:04Z,7,0,17358,15.08,41,210
2026-07-30T03:14:08Z,0,99,32094,436.82,64,2550
2026-07-30T03:14:08Z,1,0,31854,16.42,34,210
2026-07-30T03:14:08Z,2,0,1,15.68,34,210
2026-07-30T03:14:08Z,3,0,1,16.51,32,210
2026-07-30T03:14:08Z,4,0,29902,16.68,31,210
2026-07-30T03:14:08Z,5,0,29900,15.10,33,210
2026-07-30T03:14:08Z,6,0,17358,67.68,43,2430
2026-07-30T03:14:08Z,7,0,17358,74.98,42,2430
2026-07-30T03:14:09Z,0,100,32094,438.52,68,2610
2026-07-30T03:14:09Z,1,0,31854,18.49,34,210
2026-07-30T03:14:09Z,2,0,1,13.79,34,210
2026-07-30T03:14:09Z,3,0,1,17.14,32,210
2026-07-30T03:14:09Z,4,0,29902,15.50,31,210
2026-07-30T03:14:09Z,5,0,29900,17.88,33,210
2026-07-30T03:14:09Z,6,0,17358,69.93,43,2430
2026-07-30T03:14:09Z,7,0,17358,62.95,42,2430
2026-07-30T03:14:11Z,0,99,32094,397.71,64,2797
2026-07-30T03:14:11Z,1,0,31854,16.26,34,210
2026-07-30T03:14:11Z,2,0,1,14.99,34,210
2026-07-30T03:14:11Z,3,0,1,18.27,32,210
2026-07-30T03:14:11Z,4,0,29902,17.38,31,210
2026-07-30T03:14:11Z,5,0,29900,13.92,33,210
2026-07-30T03:14:11Z,6,0,17358,68.31,43,2430
2026-07-30T03:14:11Z,7,0,17358,66.04,42,2430
2026-07-30T03:14:12Z,0,100,32094,412.91,70,2782
2026-07-30T03:14:12Z,1,0,31854,19.00,34,210
2026-07-30T03:14:12Z,2,0,1,12.80,34,210
2026-07-30T03:14:12Z,3,0,1,16.96,32,210
2026-07-30T03:14:12Z,4,0,29902,16.26,31,210
2026-07-30T03:14:12Z,5,0,29900,15.14,33,210
2026-07-30T03:14:12Z,6,0,17358,68.27,43,2430
2026-07-30T03:14:12Z,7,0,17358,63.15,42,2430
2026-07-30T03:14:14Z,0,65,32094,439.26,66,2280
2026-07-30T03:14:14Z,1,0,31854,17.58,34,210
2026-07-30T03:14:14Z,2,0,1,13.53,34,210
2026-07-30T03:14:14Z,3,0,1,18.16,32,210
2026-07-30T03:14:14Z,4,0,29902,17.62,31,210
2026-07-30T03:14:14Z,5,0,29900,14.45,33,210
2026-07-30T03:14:14Z,6,0,17358,69.19,43,2145
2026-07-30T03:14:14Z,7,0,17358,64.71,42,2430
2026-07-30T03:14:15Z,0,100,32094,450.17,67,2587
2026-07-30T03:14:15Z,1,0,31854,18.13,34,210
2026-07-30T03:14:15Z,2,0,1,15.02,34,210
2026-07-30T03:14:15Z,3,0,1,16.64,32,210
2026-07-30T03:14:15Z,4,0,29902,17.13,31,210
2026-07-30T03:14:15Z,5,0,29900,14.51,33,210
2026-07-30T03:14:15Z,6,0,17358,24.27,43,367
2026-07-30T03:14:15Z,7,0,17358,64.99,42,2430
2026-07-30T03:14:17Z,0,100,32094,450.29,69,2602
2026-07-30T03:14:17Z,1,0,31854,18.06,34,210
2026-07-30T03:14:17Z,2,0,1,12.80,34,210
2026-07-30T03:14:17Z,3,0,1,19.00,32,210
2026-07-30T03:14:17Z,4,0,29902,15.64,31,210
2026-07-30T03:14:17Z,5,0,29900,16.45,33,210
2026-07-30T03:14:17Z,6,0,17358,13.15,42,210
2026-07-30T03:14:17Z,7,0,17358,63.35,42,2430
2026-07-30T03:14:18Z,0,100,32094,450.76,69,2602
2026-07-30T03:14:18Z,1,0,31854,16.72,34,210
2026-07-30T03:14:18Z,2,0,1,15.36,34,210
2026-07-30T03:14:18Z,3,0,1,18.06,32,210
2026-07-30T03:14:18Z,4,0,29902,18.10,31,210
2026-07-30T03:14:18Z,5,0,29900,15.25,33,210
2026-07-30T03:14:18Z,6,0,17358,13.24,42,210
2026-07-30T03:14:18Z,7,0,17358,66.27,42,2430
2026-07-30T03:14:20Z,0,100,32094,399.78,69,2730
2026-07-30T03:14:20Z,1,0,31854,18.48,34,210
2026-07-30T03:14:20Z,2,0,1,12.88,34,210
2026-07-30T03:14:20Z,3,0,1,17.15,32,210
2026-07-30T03:14:20Z,4,0,29902,14.93,31,210
2026-07-30T03:14:20Z,5,0,29900,17.64,33,210
2026-07-30T03:14:20Z,6,0,17358,12.88,42,210
2026-07-30T03:14:20Z,7,0,17358,62.83,42,2430
2026-07-30T03:14:22Z,0,60,32094,436.51,63,2475
2026-07-30T03:14:22Z,1,0,31854,15.70,34,210
2026-07-30T03:14:22Z,2,0,1,15.16,34,210
2026-07-30T03:14:22Z,3,0,1,19.07,32,210
2026-07-30T03:14:22Z,4,0,29902,17.78,31,210
2026-07-30T03:14:22Z,5,0,29900,17.03,33,210
2026-07-30T03:14:22Z,6,0,17358,13.29,42,210
2026-07-30T03:14:22Z,7,0,17358,65.28,42,2430
2026-07-30T03:14:25Z,0,99,32094,360.57,63,2797
2026-07-30T03:14:25Z,1,0,31854,17.28,34,210
2026-07-30T03:14:25Z,2,0,1,14.16,34,210
2026-07-30T03:14:25Z,3,0,1,19.03,32,210
2026-07-30T03:14:25Z,4,0,29902,17.11,31,210
2026-07-30T03:14:25Z,5,0,29900,16.05,33,210
2026-07-30T03:14:25Z,6,0,17358,12.24,42,210
2026-07-30T03:14:25Z,7,0,17358,13.28,41,210
2026-07-30T03:14:27Z,0,100,32094,462.12,70,2595
2026-07-30T03:14:27Z,1,0,31854,18.55,34,210
2026-07-30T03:14:27Z,2,0,1,15.10,34,210
2026-07-30T03:14:27Z,3,0,1,16.93,32,210
2026-07-30T03:14:27Z,4,0,29902,16.13,31,210
2026-07-30T03:14:27Z,5,0,29900,15.77,33,210
2026-07-30T03:14:27Z,6,0,17358,11.08,42,210
2026-07-30T03:14:27Z,7,0,17358,13.74,41,210
2026-07-30T03:14:28Z,0,100,32094,449.67,69,2595
2026-07-30T03:14:28Z,1,0,31854,16.66,34,210
2026-07-30T03:14:28Z,2,0,1,13.09,34,210
2026-07-30T03:14:28Z,3,0,1,19.59,32,210
2026-07-30T03:14:28Z,4,0,29902,16.68,31,210
2026-07-30T03:14:28Z,5,0,29900,16.87,33,210
2026-07-30T03:14:28Z,6,0,17358,12.05,42,210
2026-07-30T03:14:28Z,7,0,17358,12.90,41,210
2026-07-30T03:14:30Z,0,100,32094,449.82,70,2610
2026-07-30T03:14:30Z,1,0,31854,16.47,34,210
2026-07-30T03:14:30Z,2,0,1,15.72,34,210
2026-07-30T03:14:30Z,3,0,1,17.18,32,210
2026-07-30T03:14:30Z,4,0,29902,16.89,31,210
2026-07-30T03:14:30Z,5,0,29900,14.95,33,210
2026-07-30T03:14:30Z,6,100,17358,102.42,53,2002
2026-07-30T03:14:30Z,7,0,17358,14.64,41,210
2026-07-30T03:14:31Z,0,99,32094,425.50,64,2797
2026-07-30T03:14:31Z,1,0,31854,18.38,34,210
2026-07-30T03:14:31Z,2,0,1,14.14,34,210
2026-07-30T03:14:31Z,3,0,1,18.32,32,210
2026-07-30T03:14:31Z,4,0,29902,15.51,31,210
2026-07-30T03:14:31Z,5,0,29900,17.88,33,210
2026-07-30T03:14:31Z,6,0,17358,99.01,44,2917
2026-07-30T03:14:31Z,7,0,17358,13.73,41,210
2026-07-30T03:14:33Z,0,100,32094,461.59,70,2617
2026-07-30T03:14:33Z,1,0,31854,16.57,34,210
2026-07-30T03:14:33Z,2,0,1,16.06,34,210
2026-07-30T03:14:33Z,3,0,1,18.43,32,210
2026-07-30T03:14:33Z,4,0,29902,17.15,31,210
2026-07-30T03:14:33Z,5,0,29900,13.63,33,210
2026-07-30T03:14:33Z,6,0,17358,76.25,43,2430
2026-07-30T03:14:33Z,7,0,17358,13.69,41,210
2026-07-30T03:14:34Z,0,99,32094,378.37,64,2797
2026-07-30T03:14:34Z,1,0,31854,18.40,34,210
2026-07-30T03:14:34Z,2,0,1,15.83,34,210
2026-07-30T03:14:34Z,3,0,1,16.65,32,210
2026-07-30T03:14:34Z,4,0,29902,16.24,31,210
2026-07-30T03:14:34Z,5,0,29900,16.32,33,210
2026-07-30T03:14:34Z,6,0,17358,67.96,43,2430
2026-07-30T03:14:34Z,7,0,17358,14.47,41,210
2026-07-30T03:14:36Z,0,100,32094,452.10,70,2535
2026-07-30T03:14:36Z,1,0,31854,17.42,34,210
2026-07-30T03:14:36Z,2,0,1,14.46,34,210
2026-07-30T03:14:36Z,3,0,1,18.54,32,210
2026-07-30T03:14:36Z,4,0,29902,17.82,31,210
2026-07-30T03:14:36Z,5,0,29900,16.30,33,210
2026-07-30T03:14:36Z,6,0,17358,69.32,43,2430
2026-07-30T03:14:36Z,7,0,17358,12.91,40,210
2026-07-30T03:14:37Z,0,100,32094,457.20,70,2602
2026-07-30T03:14:37Z,1,0,31854,16.73,34,210
2026-07-30T03:14:37Z,2,0,1,15.45,34,210
2026-07-30T03:14:37Z,3,0,1,16.32,32,210
2026-07-30T03:14:37Z,4,0,29902,17.35,31,210
2026-07-30T03:14:37Z,5,0,29900,14.59,33,210
2026-07-30T03:14:37Z,6,0,17358,67.06,43,2430
2026-07-30T03:14:37Z,7,20,17358,180.15,45,2070
2026-07-30T03:14:39Z,0,99,32094,360.55,64,2745
2026-07-30T03:14:39Z,1,0,31854,18.76,34,210
2026-07-30T03:14:39Z,2,0,1,13.16,34,210
2026-07-30T03:14:39Z,3,0,1,18.48,32,210
2026-07-30T03:14:39Z,4,0,29902,16.69,31,210
2026-07-30T03:14:39Z,5,0,29900,17.20,33,210
2026-07-30T03:14:39Z,6,0,17358,69.30,43,2430
2026-07-30T03:14:39Z,7,0,17358,94.36,42,2917
2026-07-30T03:14:42Z,0,100,32094,375.91,71,2775
2026-07-30T03:14:42Z,1,0,31854,18.61,34,210
2026-07-30T03:14:42Z,2,0,1,13.82,34,210
2026-07-30T03:14:42Z,3,0,1,17.03,32,210
2026-07-30T03:14:42Z,4,0,29902,15.49,31,210
2026-07-30T03:14:42Z,5,0,29900,17.83,33,210
2026-07-30T03:14:42Z,6,0,17358,69.44,43,2430
2026-07-30T03:14:42Z,7,0,17358,62.83,42,2430
2026-07-30T03:14:44Z,0,99,32094,449.12,68,2287
2026-07-30T03:14:44Z,1,0,31854,15.81,34,210
2026-07-30T03:14:44Z,2,0,1,14.94,34,210
2026-07-30T03:14:44Z,3,0,1,18.20,32,210
2026-07-30T03:14:44Z,4,0,29902,17.16,31,202
2026-07-30T03:14:44Z,5,0,29900,13.33,33,210
2026-07-30T03:14:44Z,6,0,17358,67.80,43,2430
2026-07-30T03:14:44Z,7,0,17358,65.70,42,2430
2026-07-30T03:14:45Z,0,100,32094,450.22,68,2602
2026-07-30T03:14:45Z,1,0,31854,18.88,34,210
2026-07-30T03:14:45Z,2,0,1,14.07,34,210
2026-07-30T03:14:45Z,3,0,1,16.85,32,210
2026-07-30T03:14:45Z,4,0,29902,16.38,31,210
2026-07-30T03:14:45Z,5,0,29900,14.81,33,210
2026-07-30T03:14:45Z,6,0,17358,68.48,43,2430
2026-07-30T03:14:45Z,7,0,17358,63.67,42,2430
2026-07-30T03:14:47Z,0,99,32094,370.33,64,2797
2026-07-30T03:14:47Z,1,0,31854,16.66,34,210
2026-07-30T03:14:47Z,2,0,1,14.31,34,210
2026-07-30T03:14:47Z,3,0,1,18.93,32,210
2026-07-30T03:14:47Z,4,0,29902,17.03,31,210
2026-07-30T03:14:47Z,5,0,29900,16.36,33,210
2026-07-30T03:14:47Z,6,0,17358,69.55,43,2430
2026-07-30T03:14:47Z,7,0,17358,64.74,42,2430
2026-07-30T03:14:48Z,0,100,32094,452.09,68,2505
2026-07-30T03:14:48Z,1,0,31854,18.01,34,210
2026-07-30T03:14:48Z,2,0,1,15.13,34,210
2026-07-30T03:14:48Z,3,0,1,16.25,32,210
2026-07-30T03:14:48Z,4,0,29902,17.51,31,210
2026-07-30T03:14:48Z,5,0,29900,14.79,33,210
2026-07-30T03:14:48Z,6,0,17358,24.91,42,367
2026-07-30T03:14:48Z,7,0,17358,65.19,42,2430
2026-07-30T03:14:50Z,0,78,32094,393.78,64,2767
2026-07-30T03:14:50Z,1,0,31854,18.88,34,210
2026-07-30T03:14:50Z,2,0,1,12.66,34,210
2026-07-30T03:14:50Z,3,0,1,20.04,32,210
2026-07-30T03:14:50Z,4,0,29902,15.72,31,210
2026-07-30T03:14:50Z,5,0,29900,17.18,33,210
2026-07-30T03:14:50Z,6,0,17358,14.05,42,210
2026-07-30T03:14:50Z,7,0,17358,62.86,42,2430
2026-07-30T03:14:51Z,0,100,32094,406.17,71,2722
2026-07-30T03:14:51Z,1,0,31854,16.71,34,210
2026-07-30T03:14:51Z,2,0,1,15.51,34,210
2026-07-30T03:14:51Z,3,0,1,19.11,32,210
2026-07-30T03:14:51Z,4,0,29902,18.35,31,210
2026-07-30T03:14:51Z,5,0,29900,14.45,33,210
2026-07-30T03:14:51Z,6,0,17358,11.94,42,210
2026-07-30T03:14:51Z,7,0,17358,65.94,42,2430
2026-07-30T03:14:53Z,0,100,32094,442.42,70,2707
2026-07-30T03:14:53Z,1,0,31854,19.13,34,210
2026-07-30T03:14:53Z,2,0,1,13.51,34,210
2026-07-30T03:14:53Z,3,0,1,17.96,32,210
2026-07-30T03:14:53Z,4,0,29902,15.60,31,210
2026-07-30T03:14:53Z,5,0,29900,16.60,33,210
2026-07-30T03:14:53Z,6,100,17358,123.84,51,1837
2026-07-30T03:14:53Z,7,0,17358,63.65,42,2430
2026-07-30T03:14:54Z,0,100,32094,450.43,69,2287
2026-07-30T03:14:54Z,1,0,31854,18.15,34,210
2026-07-30T03:14:54Z,2,0,1,13.45,34,210
2026-07-30T03:14:54Z,3,0,1,18.71,32,210
2026-07-30T03:14:54Z,4,0,29902,17.51,31,210
2026-07-30T03:14:54Z,5,0,29900,15.90,33,210
2026-07-30T03:14:54Z,6,0,17358,96.51,44,2917
2026-07-30T03:14:54Z,7,0,17358,65.13,42,2430
2026-07-30T03:14:56Z,0,100,32094,432.57,70,2595
2026-07-30T03:14:56Z,1,0,31854,17.40,34,210
2026-07-30T03:14:56Z,2,0,1,14.68,34,210
2026-07-30T03:14:56Z,3,0,1,16.72,32,210
2026-07-30T03:14:56Z,4,0,29902,15.02,31,210
2026-07-30T03:14:56Z,5,0,29900,15.28,33,210
2026-07-30T03:14:56Z,6,0,17358,70.03,43,2430
2026-07-30T03:14:56Z,7,0,17358,27.71,41,345
2026-07-30T03:14:59Z,0,100,32094,449.84,70,2602
2026-07-30T03:14:59Z,1,0,31854,17.72,34,210
2026-07-30T03:14:59Z,2,0,1,15.76,34,210
2026-07-30T03:14:59Z,3,0,1,17.06,32,210
2026-07-30T03:14:59Z,4,0,29902,17.07,31,210
2026-07-30T03:14:59Z,5,0,29900,14.69,33,210
2026-07-30T03:14:59Z,6,0,17358,66.17,43,2430
2026-07-30T03:14:59Z,7,0,17358,13.67,40,210
2026-07-30T03:15:01Z,0,99,32094,420.58,64,2797
2026-07-30T03:15:01Z,1,0,31854,18.46,34,210
2026-07-30T03:15:01Z,2,0,1,12.74,34,210
2026-07-30T03:15:01Z,3,0,1,19.48,32,202
2026-07-30T03:15:01Z,4,0,29902,15.60,31,210
2026-07-30T03:15:01Z,5,0,29900,17.25,33,210
2026-07-30T03:15:01Z,6,0,17358,69.24,43,2430
2026-07-30T03:15:01Z,7,0,17358,11.72,40,210
2026-07-30T03:15:02Z,0,77,32094,375.78,66,2782
2026-07-30T03:15:02Z,1,0,31854,17.39,34,210
2026-07-30T03:15:02Z,2,0,1,15.71,34,210
2026-07-30T03:15:02Z,3,0,1,18.72,32,210
2026-07-30T03:15:02Z,4,0,29902,18.58,31,210
2026-07-30T03:15:02Z,5,0,29900,15.89,33,210
2026-07-30T03:15:02Z,6,0,17358,67.75,43,2430
2026-07-30T03:15:02Z,7,23,17358,177.35,44,2767
2026-07-30T03:15:04Z,0,99,32094,403.88,64,2685
2026-07-30T03:15:04Z,1,0,31854,20.08,34,210
2026-07-30T03:15:04Z,2,0,1,13.36,34,210
2026-07-30T03:15:04Z,3,0,1,17.61,32,210
2026-07-30T03:15:04Z,4,0,29902,16.12,31,210
2026-07-30T03:15:04Z,5,0,29900,17.81,33,210
2026-07-30T03:15:04Z,6,0,17358,67.99,43,2430
2026-07-30T03:15:04Z,7,0,17358,93.96,42,2917
2026-07-30T03:15:05Z,0,100,32094,454.67,70,2617
2026-07-30T03:15:05Z,1,0,31854,16.98,34,210
2026-07-30T03:15:05Z,2,0,1,16.00,34,210
2026-07-30T03:15:05Z,3,0,1,19.52,32,210
2026-07-30T03:15:05Z,4,0,29902,17.73,31,210
2026-07-30T03:15:05Z,5,0,29900,17.12,33,210
2026-07-30T03:15:05Z,6,0,17358,68.17,43,2430
2026-07-30T03:15:05Z,7,0,17358,65.20,42,2430
2026-07-30T03:15:07Z,0,99,32094,367.75,64,2797
2026-07-30T03:15:07Z,1,0,31854,18.90,34,210
2026-07-30T03:15:07Z,2,0,1,15.34,34,210
2026-07-30T03:15:07Z,3,0,1,16.84,32,202
2026-07-30T03:15:07Z,4,0,29902,15.21,31,210
2026-07-30T03:15:07Z,5,0,29900,16.15,33,210
2026-07-30T03:15:07Z,6,0,17358,66.21,43,2430
2026-07-30T03:15:07Z,7,0,17358,64.39,42,2430
2026-07-30T03:15:08Z,0,65,32094,377.23,68,2760
2026-07-30T03:15:08Z,1,0,31854,16.91,34,210
2026-07-30T03:15:08Z,2,0,1,13.86,34,210
2026-07-30T03:15:08Z,3,0,1,19.52,32,210
2026-07-30T03:15:08Z,4,0,29902,15.92,31,210
2026-07-30T03:15:08Z,5,0,29900,17.14,33,210
2026-07-30T03:15:08Z,6,0,17358,68.81,43,2430
2026-07-30T03:15:08Z,7,0,17358,63.40,42,2430
2026-07-30T03:15:10Z,0,100,32094,464.30,68,2595
2026-07-30T03:15:10Z,1,0,31854,16.85,34,210
2026-07-30T03:15:10Z,2,0,1,15.11,34,210
2026-07-30T03:15:10Z,3,0,1,15.81,32,210
2026-07-30T03:15:10Z,4,0,29902,16.67,31,210
2026-07-30T03:15:10Z,5,0,29900,14.84,33,210
2026-07-30T03:15:10Z,6,0,17358,66.33,43,2430
2026-07-30T03:15:10Z,7,0,17358,66.02,41,2430
2026-07-30T03:15:11Z,0,100,32094,449.90,70,2595
2026-07-30T03:15:11Z,1,0,31854,18.50,34,210
2026-07-30T03:15:11Z,2,0,1,14.11,34,210
2026-07-30T03:15:11Z,3,0,1,16.61,32,210
2026-07-30T03:15:11Z,4,0,29902,15.95,31,210
2026-07-30T03:15:11Z,5,0,29900,15.73,33,210
2026-07-30T03:15:11Z,6,0,17358,26.74,42,367
2026-07-30T03:15:11Z,7,0,17358,63.52,41,2430
2026-07-30T03:15:13Z,0,100,32094,450.29,70,2595
2026-07-30T03:15:13Z,1,0,31854,17.15,34,210
2026-07-30T03:15:13Z,2,0,1,13.62,34,210
2026-07-30T03:15:13Z,3,0,1,18.70,32,202
2026-07-30T03:15:13Z,4,0,29902,17.99,31,210
2026-07-30T03:15:13Z,5,0,29900,15.73,33,210
2026-07-30T03:15:13Z,6,0,17358,14.58,42,217
2026-07-30T03:15:13Z,7,0,17358,65.15,41,2430
2026-07-30T03:15:16Z,0,99,31886,410.84,64,2797
2026-07-30T03:15:16Z,1,0,31854,16.07,34,210
2026-07-30T03:15:16Z,2,0,1,14.24,34,210
2026-07-30T03:15:16Z,3,0,1,19.35,32,210
2026-07-30T03:15:16Z,4,0,29902,15.89,31,210
2026-07-30T03:15:16Z,5,0,29900,16.86,33,210
2026-07-30T03:15:16Z,6,18,17358,331.33,44,2910
2026-07-30T03:15:16Z,7,0,17358,65.28,41,2430
2026-07-30T03:15:18Z,0,100,31886,401.05,70,2790
2026-07-30T03:15:18Z,1,0,31854,18.63,34,210
2026-07-30T03:15:18Z,2,0,1,14.34,34,210
2026-07-30T03:15:18Z,3,0,1,16.92,32,210
2026-07-30T03:15:18Z,4,0,29902,15.21,31,210
2026-07-30T03:15:18Z,5,0,29900,16.15,33,210
2026-07-30T03:15:18Z,6,0,17358,94.39,44,2917
2026-07-30T03:15:18Z,7,0,17358,64.66,41,2430
2026-07-30T03:15:19Z,0,66,31904,439.17,66,2340
2026-07-30T03:15:19Z,1,0,31854,16.51,34,210
2026-07-30T03:15:19Z,2,0,1,13.31,34,210
2026-07-30T03:15:19Z,3,0,1,18.74,32,210
2026-07-30T03:15:19Z,4,0,29902,15.84,31,210
2026-07-30T03:15:19Z,5,0,29900,16.86,33,210
2026-07-30T03:15:19Z,6,0,17358,69.31,43,2430
2026-07-30T03:15:19Z,7,0,17358,63.37,41,2430
2026-07-30T03:15:21Z,0,100,31904,450.23,69,2610
2026-07-30T03:15:21Z,1,0,31854,16.53,34,210
2026-07-30T03:15:21Z,2,0,1,14.77,34,210
2026-07-30T03:15:21Z,3,0,1,15.57,32,210
2026-07-30T03:15:21Z,4,0,29902,17.36,31,210
2026-07-30T03:15:21Z,5,0,29900,14.43,33,210
2026-07-30T03:15:21Z,6,0,17358,66.39,43,2430
2026-07-30T03:15:21Z,7,0,17358,29.03,41,352
2026-07-30T03:15:22Z,0,100,31904,424.25,70,2775
2026-07-30T03:15:22Z,1,0,31854,19.29,34,210
2026-07-30T03:15:22Z,2,0,1,13.40,34,210
2026-07-30T03:15:22Z,3,0,1,17.49,32,210
2026-07-30T03:15:22Z,4,0,29902,15.48,31,210
2026-07-30T03:15:22Z,5,0,29900,17.36,33,210
2026-07-30T03:15:22Z,6,0,17358,68.78,43,2430
2026-07-30T03:15:22Z,7,0,17358,14.87,40,210
2026-07-30T03:15:24Z,0,99,31904,450.28,68,2317
2026-07-30T03:15:24Z,1,0,31854,16.42,34,210
2026-07-30T03:15:24Z,2,0,1,15.17,34,210
2026-07-30T03:15:24Z,3,0,1,18.62,32,210
2026-07-30T03:15:24Z,4,0,29902,17.43,31,210
2026-07-30T03:15:24Z,5,0,29900,15.72,33,210
2026-07-30T03:15:24Z,6,0,17358,68.16,43,2430
2026-07-30T03:15:24Z,7,0,17358,13.56,40,210
2026-07-30T03:15:25Z,0,100,31904,449.90,70,2610
2026-07-30T03:15:25Z,1,0,31854,19.15,34,210
2026-07-30T03:15:25Z,2,0,1,13.27,34,210
2026-07-30T03:15:25Z,3,0,1,17.02,32,210
2026-07-30T03:15:25Z,4,0,29902,16.32,31,210
2026-07-30T03:15:25Z,5,0,29900,15.37,33,210
2026-07-30T03:15:25Z,6,0,17358,66.79,43,2430
2026-07-30T03:15:25Z,7,0,17358,14.31,40,210
2026-07-30T03:15:27Z,0,100,31904,450.00,70,2587
2026-07-30T03:15:27Z,1,0,31854,17.42,34,210
2026-07-30T03:15:27Z,2,0,1,13.46,34,210
2026-07-30T03:15:27Z,3,0,1,19.37,32,210
2026-07-30T03:15:27Z,4,0,29902,16.14,31,210
2026-07-30T03:15:27Z,5,0,29900,16.96,33,210
2026-07-30T03:15:27Z,6,0,17358,69.56,43,2430
2026-07-30T03:15:27Z,7,100,17358,165.15,49,2017
2026-07-30T03:15:28Z,0,100,31904,378.37,64,2760
2026-07-30T03:15:28Z,1,0,31854,17.61,34,210
2026-07-30T03:15:28Z,2,0,1,15.05,34,210
2026-07-30T03:15:28Z,3,0,1,18.41,32,210
2026-07-30T03:15:28Z,4,0,29902,17.70,31,210
2026-07-30T03:15:28Z,5,0,29900,14.15,33,210
2026-07-30T03:15:28Z,6,0,17358,67.42,43,2430
2026-07-30T03:15:28Z,7,0,17358,96.57,42,2917
2026-07-30T03:15:30Z,0,80,31904,359.49,62,2797
2026-07-30T03:15:30Z,1,0,31854,19.45,34,210
2026-07-30T03:15:30Z,2,0,1,12.36,34,210
2026-07-30T03:15:30Z,3,0,1,18.00,32,210
2026-07-30T03:15:30Z,4,0,29902,15.72,31,210
2026-07-30T03:15:30Z,5,0,29900,16.98,33,210
2026-07-30T03:15:30Z,6,0,17358,69.16,43,2430
2026-07-30T03:15:30Z,7,0,17358,66.30,41,2430
2026-07-30T03:15:33Z,0,100,31526,449.57,70,2587
2026-07-30T03:15:33Z,1,0,31854,18.60,34,210
2026-07-30T03:15:33Z,2,0,1,12.68,34,210
2026-07-30T03:15:33Z,3,0,1,16.24,32,210
2026-07-30T03:15:33Z,4,0,29902,16.56,31,210
2026-07-30T03:15:33Z,5,0,29900,16.39,33,210
2026-07-30T03:15:33Z,6,0,17358,44.55,42,412
2026-07-30T03:15:33Z,7,0,17358,63.35,41,2430
2026-07-30T03:15:35Z,0,100,31526,449.81,69,2602
2026-07-30T03:15:35Z,1,0,31854,15.93,34,210
2026-07-30T03:15:35Z,2,0,1,13.91,34,210
2026-07-30T03:15:35Z,3,0,1,18.78,32,210
2026-07-30T03:15:35Z,4,0,29902,17.38,31,210
2026-07-30T03:15:35Z,5,0,29900,14.31,33,210
2026-07-30T03:15:35Z,6,0,17358,14.36,42,217
2026-07-30T03:15:35Z,7,0,17358,65.53,41,2430
2026-07-30T03:15:37Z,0,100,31526,450.18,69,2595
2026-07-30T03:15:37Z,1,0,31854,18.12,34,210
2026-07-30T03:15:37Z,2,0,1,13.07,34,202
2026-07-30T03:15:37Z,3,0,1,16.09,32,210
2026-07-30T03:15:37Z,4,0,29902,15.57,31,210
2026-07-30T03:15:37Z,5,0,29900,14.68,33,210
2026-07-30T03:15:37Z,6,0,17358,10.30,42,210
2026-07-30T03:15:37Z,7,0,17358,64.22,41,2430
2026-07-30T03:15:38Z,0,75,31532,419.39,63,2797
2026-07-30T03:15:38Z,1,0,31854,18.46,34,210
2026-07-30T03:15:38Z,2,0,1,13.18,34,210
2026-07-30T03:15:38Z,3,0,1,19.08,32,210
2026-07-30T03:15:38Z,4,0,29902,16.23,31,210
2026-07-30T03:15:38Z,5,0,29900,16.10,33,210
2026-07-30T03:15:38Z,6,0,17358,12.87,42,210
2026-07-30T03:15:38Z,7,0,17358,64.30,41,2430
2026-07-30T03:15:40Z,0,100,31692,414.93,70,2722
2026-07-30T03:15:40Z,1,0,31854,18.35,34,210
2026-07-30T03:15:40Z,2,0,1,15.31,34,210
2026-07-30T03:15:40Z,3,0,1,18.35,32,210
2026-07-30T03:15:40Z,4,0,29902,15.76,31,210
2026-07-30T03:15:40Z,5,0,29900,15.01,33,210
2026-07-30T03:15:40Z,6,0,17358,289.93,44,2910
2026-07-30T03:15:40Z,7,0,17358,65.54,41,2430
2026-07-30T03:15:41Z,0,100,31692,442.71,65,2512
2026-07-30T03:15:41Z,1,0,31854,18.43,34,210
2026-07-30T03:15:41Z,2,0,1,13.69,34,210
2026-07-30T03:15:41Z,3,0,1,17.23,32,210
2026-07-30T03:15:41Z,4,0,29902,15.48,31,210
2026-07-30T03:15:41Z,5,0,29900,17.42,33,210
2026-07-30T03:15:41Z,6,0,17358,91.71,43,2647
2026-07-30T03:15:41Z,7,0,17358,62.58,41,2430
2026-07-30T03:15:43Z,0,99,31692,400.84,67,2437
2026-07-30T03:15:43Z,1,0,31854,16.14,34,210
2026-07-30T03:15:43Z,2,0,1,16.14,34,202
2026-07-30T03:15:43Z,3,0,1,19.18,32,210
2026-07-30T03:15:43Z,4,0,29902,17.65,31,210
2026-07-30T03:15:43Z,5,0,29900,16.54,33,210
2026-07-30T03:15:43Z,6,0,17358,67.91,43,2430
2026-07-30T03:15:43Z,7,0,17358,65.98,41,2430
2026-07-30T03:15:44Z,0,100,31692,455.50,68,2610
2026-07-30T03:15:44Z,1,0,31854,17.38,34,210
2026-07-30T03:15:44Z,2,0,1,15.14,34,210
2026-07-30T03:15:44Z,3,0,1,16.20,32,210
2026-07-30T03:15:44Z,4,0,29902,14.54,31,210
2026-07-30T03:15:44Z,5,0,29900,15.84,33,210
2026-07-30T03:15:44Z,6,0,17358,67.52,43,2430
2026-07-30T03:15:44Z,7,0,17358,64.15,41,2430
2026-07-30T03:15:46Z,0,100,31706,457.02,69,2602
2026-07-30T03:15:46Z,1,0,31854,16.70,34,210
2026-07-30T03:15:46Z,2,0,1,14.80,34,210
2026-07-30T03:15:46Z,3,0,1,19.07,32,210
2026-07-30T03:15:46Z,4,0,29902,17.72,31,210
2026-07-30T03:15:46Z,5,0,29900,14.41,33,210
2026-07-30T03:15:46Z,6,0,17358,68.57,43,2430
2026-07-30T03:15:46Z,7,0,17358,27.97,41,352
2026-07-30T03:15:47Z,0,99,31706,388.12,64,2797
2026-07-30T03:15:47Z,1,0,31854,17.06,34,210
2026-07-30T03:15:47Z,2,0,1,15.39,34,210
2026-07-30T03:15:47Z,3,0,1,16.15,32,210
2026-07-30T03:15:47Z,4,0,29902,17.24,31,210
2026-07-30T03:15:47Z,5,0,29900,14.96,33,210
2026-07-30T03:15:47Z,6,0,17358,66.63,43,2430
2026-07-30T03:15:47Z,7,0,17358,15.96,40,210
2026-07-30T03:15:51Z,0,100,31706,453.48,70,2550
2026-07-30T03:15:51Z,1,0,31854,16.62,34,210
2026-07-30T03:15:51Z,2,0,1,15.51,34,210
2026-07-30T03:15:51Z,3,0,1,16.07,32,210
2026-07-30T03:15:51Z,4,0,29902,15.21,31,210
2026-07-30T03:15:51Z,5,0,29900,15.17,33,210
2026-07-30T03:15:51Z,6,0,17358,66.34,43,2430
2026-07-30T03:15:51Z,7,0,17358,13.95,40,210
2026-07-30T03:15:52Z,0,100,31706,450.45,70,2587
2026-07-30T03:15:52Z,1,0,31854,18.25,34,210
2026-07-30T03:15:52Z,2,0,1,13.93,34,210
2026-07-30T03:15:52Z,3,0,1,17.29,32,210
2026-07-30T03:15:52Z,4,0,29902,15.79,31,210
2026-07-30T03:15:52Z,5,0,29900,16.82,33,210
2026-07-30T03:15:52Z,6,0,17358,69.23,43,2430
2026-07-30T03:15:52Z,7,0,17358,12.09,40,210
2026-07-30T03:15:54Z,0,100,31706,449.79,70,2602
2026-07-30T03:15:54Z,1,0,31854,16.06,34,210
2026-07-30T03:15:54Z,2,0,1,15.49,34,210
2026-07-30T03:15:54Z,3,0,1,16.12,32,210
2026-07-30T03:15:54Z,4,0,29902,17.73,31,210
2026-07-30T03:15:54Z,5,0,29900,14.16,33,210
2026-07-30T03:15:54Z,6,0,17358,66.76,43,2430
2026-07-30T03:15:54Z,7,100,17358,94.02,48,1402
2026-07-30T03:15:55Z,0,100,31706,449.99,70,2602
2026-07-30T03:15:55Z,1,0,31854,17.48,34,210
2026-07-30T03:15:55Z,2,0,1,14.98,34,202
2026-07-30T03:15:55Z,3,0,1,16.68,32,210
2026-07-30T03:15:55Z,4,0,29902,16.16,31,210
2026-07-30T03:15:55Z,5,0,29900,15.70,33,210
2026-07-30T03:15:55Z,6,0,17358,68.35,43,2430
2026-07-30T03:15:55Z,7,0,17358,129.86,42,2917
2026-07-30T03:15:57Z,0,100,31706,450.04,70,2647
2026-07-30T03:15:57Z,1,0,31854,15.16,34,210
2026-07-30T03:15:57Z,2,0,1,13.75,34,210
2026-07-30T03:15:57Z,3,0,1,17.87,32,210
2026-07-30T03:15:57Z,4,0,29902,18.08,31,210
2026-07-30T03:15:57Z,5,0,29900,15.91,33,210
2026-07-30T03:15:57Z,6,0,17358,37.30,42,367
2026-07-30T03:15:57Z,7,0,17358,73.35,41,2430
2026-07-30T03:15:58Z,0,99,31706,427.86,64,2527
2026-07-30T03:15:58Z,1,0,31854,17.41,34,210
2026-07-30T03:15:58Z,2,0,1,15.90,34,210
2026-07-30T03:15:58Z,3,0,1,16.78,32,210
2026-07-30T03:15:58Z,4,0,29902,16.06,31,210
2026-07-30T03:15:58Z,5,0,29900,14.66,33,210
2026-07-30T03:15:58Z,6,0,17358,12.63,42,217
2026-07-30T03:15:58Z,7,0,17358,65.24,41,2430
2026-07-30T03:16:00Z,0,99,31706,389.27,64,2797
2026-07-30T03:16:00Z,1,0,31854,16.95,34,210
2026-07-30T03:16:00Z,2,0,1,12.94,34,210
2026-07-30T03:16:00Z,3,0,1,20.03,32,210
2026-07-30T03:16:00Z,4,0,29902,16.65,31,210
2026-07-30T03:16:00Z,5,0,29900,17.22,33,210
2026-07-30T03:16:00Z,6,0,17358,12.60,42,210
2026-07-30T03:16:00Z,7,0,17358,63.88,41,2430
2026-07-30T03:16:01Z,0,100,31706,395.93,70,2730
2026-07-30T03:16:01Z,1,0,31854,18.20,34,210
2026-07-30T03:16:01Z,2,0,1,15.61,34,210
2026-07-30T03:16:01Z,3,0,1,17.68,32,210
2026-07-30T03:16:01Z,4,0,29902,18.39,31,210
2026-07-30T03:16:01Z,5,0,29900,15.15,33,210
2026-07-30T03:16:01Z,6,100,17358,55.58,50,975
2026-07-30T03:16:01Z,7,0,17358,65.99,41,2430
2026-07-30T03:16:03Z,0,84,31706,444.83,68,2550
2026-07-30T03:16:03Z,1,0,31854,18.48,34,210
2026-07-30T03:16:03Z,2,0,1,12.38,34,210
2026-07-30T03:16:03Z,3,0,1,18.56,32,210
2026-07-30T03:16:03Z,4,0,29902,15.47,31,202
2026-07-30T03:16:03Z,5,0,29900,16.78,33,210
2026-07-30T03:16:03Z,6,0,17358,102.43,44,2917
2026-07-30T03:16:03Z,7,0,17358,63.04,41,2430
2026-07-30T03:16:04Z,0,100,31706,450.08,69,2602
2026-07-30T03:16:04Z,1,0,31854,17.64,34,210
2026-07-30T03:16:04Z,2,0,1,13.31,34,210
2026-07-30T03:16:04Z,3,0,1,18.94,32,210
2026-07-30T03:16:04Z,4,0,29902,16.78,31,210
2026-07-30T03:16:04Z,5,0,29900,15.57,33,210
2026-07-30T03:16:04Z,6,0,17358,79.94,43,2430
2026-07-30T03:16:04Z,7,0,17358,65.16,41,2430
2026-07-30T03:16:08Z,0,100,31706,450.59,69,2310
2026-07-30T03:16:08Z,1,0,31854,16.26,34,210
2026-07-30T03:16:08Z,2,0,1,15.12,34,210
2026-07-30T03:16:08Z,3,0,1,18.02,32,210
2026-07-30T03:16:08Z,4,0,29902,16.96,31,210
2026-07-30T03:16:08Z,5,0,29900,15.83,33,210
2026-07-30T03:16:08Z,6,0,17358,68.39,43,2430
2026-07-30T03:16:08Z,7,0,17358,65.03,41,2430
2026-07-30T03:16:09Z,0,87,31706,382.29,64,2767
2026-07-30T03:16:09Z,1,0,31854,18.61,34,210
2026-07-30T03:16:09Z,2,0,1,15.81,34,210
2026-07-30T03:16:09Z,3,0,1,17.44,32,210
2026-07-30T03:16:09Z,4,0,29902,16.86,31,202
2026-07-30T03:16:09Z,5,0,29900,15.33,33,210
2026-07-30T03:16:09Z,6,0,17358,66.60,43,2430
2026-07-30T03:16:09Z,7,0,17358,64.54,41,2430
2026-07-30T03:16:11Z,0,97,31706,368.57,63,2775
2026-07-30T03:16:11Z,1,0,31854,17.81,34,210
2026-07-30T03:16:11Z,2,0,1,13.76,34,210
2026-07-30T03:16:11Z,3,0,1,20.04,32,210
2026-07-30T03:16:11Z,4,0,29902,17.57,31,210
2026-07-30T03:16:11Z,5,0,29900,16.60,33,210
2026-07-30T03:16:11Z,6,0,17358,68.97,43,2430
2026-07-30T03:16:11Z,7,0,17358,62.91,41,2430
2026-07-30T03:16:12Z,0,100,31706,445.85,69,2602
2026-07-30T03:16:12Z,1,0,31854,16.85,34,210
2026-07-30T03:16:12Z,2,0,1,16.40,34,210
2026-07-30T03:16:12Z,3,0,1,18.69,32,210
2026-07-30T03:16:12Z,4,0,29902,18.51,31,210
2026-07-30T03:16:12Z,5,0,29900,15.48,33,210
2026-07-30T03:16:12Z,6,0,17358,66.85,43,2430
2026-07-30T03:16:12Z,7,0,17358,43.45,40,397
2026-07-30T03:16:14Z,0,100,31706,449.92,70,2640
2026-07-30T03:16:14Z,1,0,31854,18.15,34,210
2026-07-30T03:16:14Z,2,0,1,14.20,34,210
2026-07-30T03:16:14Z,3,0,1,18.72,32,210
2026-07-30T03:16:14Z,4,0,29902,15.80,31,210
2026-07-30T03:16:14Z,5,0,29900,17.02,33,210
2026-07-30T03:16:14Z,6,0,17358,68.28,43,2430
2026-07-30T03:16:14Z,7,0,17358,12.53,40,210
2026-07-30T03:16:15Z,0,100,31706,411.38,64,2797
2026-07-30T03:16:15Z,1,0,31854,16.32,34,210
2026-07-30T03:16:15Z,2,0,1,15.69,34,210
2026-07-30T03:16:15Z,3,0,1,18.78,32,210
2026-07-30T03:16:15Z,4,0,29902,18.04,31,202
2026-07-30T03:16:15Z,5,0,29900,15.33,33,210
2026-07-30T03:16:15Z,6,0,17358,68.70,43,2430
2026-07-30T03:16:15Z,7,0,17358,12.57,40,210
2026-07-30T03:16:17Z,0,100,31706,451.39,70,2595
2026-07-30T03:16:17Z,1,0,31854,17.68,34,210
2026-07-30T03:16:17Z,2,0,1,14.39,34,210
2026-07-30T03:16:17Z,3,0,1,16.93,32,210
2026-07-30T03:16:17Z,4,0,29902,14.89,31,210
2026-07-30T03:16:17Z,5,0,29900,15.98,33,210
2026-07-30T03:16:17Z,6,0,17358,67.48,43,2430
2026-07-30T03:16:17Z,7,0,17358,14.04,40,210
2026-07-30T03:16:18Z,0,100,31706,449.81,70,2610
2026-07-30T03:16:18Z,1,0,31854,16.59,34,210
2026-07-30T03:16:18Z,2,0,1,12.73,34,210
2026-07-30T03:16:18Z,3,0,1,19.40,32,210
2026-07-30T03:16:18Z,4,0,29902,15.71,31,210
2026-07-30T03:16:18Z,5,0,29900,17.47,33,210
2026-07-30T03:16:18Z,6,0,17358,69.10,43,2430
2026-07-30T03:16:18Z,7,100,17358,138.02,50,1987
2026-07-30T03:16:20Z,0,99,31706,420.82,64,2797
2026-07-30T03:16:20Z,1,0,31854,17.22,34,210
2026-07-30T03:16:20Z,2,0,1,15.53,34,210
2026-07-30T03:16:20Z,3,0,1,17.26,32,210
2026-07-30T03:16:20Z,4,0,29902,16.22,31,210
2026-07-30T03:16:20Z,5,0,29900,15.15,33,210
2026-07-30T03:16:20Z,6,0,17358,30.23,42,367
2026-07-30T03:16:20Z,7,0,17358,98.03,42,2917
2026-07-30T03:16:21Z,0,100,31706,440.55,70,2610
2026-07-30T03:16:21Z,1,0,31854,17.90,34,210
2026-07-30T03:16:21Z,2,0,1,13.20,34,210
2026-07-30T03:16:21Z,3,0,1,17.01,32,210
2026-07-30T03:16:21Z,4,0,29902,15.40,31,202
2026-07-30T03:16:21Z,5,0,29900,18.06,33,210
2026-07-30T03:16:21Z,6,0,17358,14.02,42,217
2026-07-30T03:16:21Z,7,0,17358,62.77,41,2430
2026-07-30T03:16:25Z,0,85,31714,435.48,69,2475
2026-07-30T03:16:25Z,1,0,31854,18.92,34,210
2026-07-30T03:16:25Z,2,0,1,12.65,34,210
2026-07-30T03:16:25Z,3,0,1,17.16,32,210
2026-07-30T03:16:25Z,4,0,29902,15.57,31,210
2026-07-30T03:16:25Z,5,0,29900,16.89,33,210
2026-07-30T03:16:25Z,6,0,17358,309.48,44,2872
2026-07-30T03:16:25Z,7,0,17358,62.76,41,2430
2026-07-30T03:16:26Z,0,100,31714,450.36,68,2445
2026-07-30T03:16:26Z,1,0,31854,16.82,33,210
2026-07-30T03:16:26Z,2,0,1,15.41,34,210
2026-07-30T03:16:26Z,3,0,1,19.11,32,210
2026-07-30T03:16:26Z,4,0,29902,16.74,31,210
2026-07-30T03:16:26Z,5,0,29900,16.86,33,210
2026-07-30T03:16:26Z,6,0,17358,96.00,44,2910
2026-07-30T03:16:26Z,7,0,17358,65.14,41,2430
2026-07-30T03:16:28Z,0,100,31714,449.85,70,2602
2026-07-30T03:16:28Z,1,0,31854,17.84,34,210
2026-07-30T03:16:28Z,2,0,1,14.37,34,210
2026-07-30T03:16:28Z,3,0,1,16.62,32,210
2026-07-30T03:16:28Z,4,0,29902,14.39,31,210
2026-07-30T03:16:28Z,5,0,29900,16.51,33,210
2026-07-30T03:16:28Z,6,0,17358,67.36,43,2430
2026-07-30T03:16:28Z,7,0,17358,63.88,41,2430
2026-07-30T03:16:29Z,0,100,31714,450.06,70,2602
2026-07-30T03:16:29Z,1,0,31854,17.16,34,210
2026-07-30T03:16:29Z,2,0,1,13.78,34,210
2026-07-30T03:16:29Z,3,0,1,19.27,32,210
2026-07-30T03:16:29Z,4,0,29902,15.52,31,210
2026-07-30T03:16:29Z,5,0,29900,17.36,33,210
2026-07-30T03:16:29Z,6,0,17358,69.22,43,2430
2026-07-30T03:16:29Z,7,0,17358,63.52,41,2430
2026-07-30T03:16:31Z,0,99,31714,387.43,67,2797
2026-07-30T03:16:31Z,1,0,31854,17.46,34,210
2026-07-30T03:16:31Z,2,0,1,15.90,34,210
2026-07-30T03:16:31Z,3,0,1,15.80,32,210
2026-07-30T03:16:31Z,4,0,29902,16.41,31,210
2026-07-30T03:16:31Z,5,0,29900,14.62,33,210
2026-07-30T03:16:31Z,6,0,17358,66.49,43,2430
2026-07-30T03:16:31Z,7,0,17358,65.69,41,2430
2026-07-30T03:16:32Z,0,100,31714,447.84,70,2595
2026-07-30T03:16:32Z,1,0,31854,19.16,34,210
2026-07-30T03:16:32Z,2,0,1,13.43,34,210
2026-07-30T03:16:32Z,3,0,1,17.04,32,210
2026-07-30T03:16:32Z,4,0,29902,15.86,31,210
2026-07-30T03:16:32Z,5,0,29900,16.34,33,210
2026-07-30T03:16:32Z,6,0,17358,68.40,43,2430
2026-07-30T03:16:32Z,7,0,17358,63.04,41,2430
2026-07-30T03:16:34Z,0,100,31714,428.26,70,2782
2026-07-30T03:16:34Z,1,0,31854,15.77,34,210
2026-07-30T03:16:34Z,2,0,1,15.32,34,210
2026-07-30T03:16:34Z,3,0,1,18.19,32,210
2026-07-30T03:16:34Z,4,0,29902,17.83,31,210
2026-07-30T03:16:34Z,5,0,29900,15.09,33,210
2026-07-30T03:16:34Z,6,0,17358,67.59,43,2430
2026-07-30T03:16:34Z,7,0,17358,65.43,41,2430
2026-07-30T03:16:35Z,0,100,31714,450.28,69,2265
2026-07-30T03:16:35Z,1,0,31854,18.83,33,210
2026-07-30T03:16:35Z,2,0,1,14.28,34,210
2026-07-30T03:16:35Z,3,0,1,16.45,32,210
2026-07-30T03:16:35Z,4,0,29902,16.92,31,210
2026-07-30T03:16:35Z,5,0,29900,14.76,33,210
2026-07-30T03:16:35Z,6,0,17358,67.53,43,2430
2026-07-30T03:16:35Z,7,0,17358,63.52,41,2430
2026-07-30T03:16:37Z,0,99,31714,381.25,64,2797
2026-07-30T03:16:37Z,1,0,31854,18.07,34,210
2026-07-30T03:16:37Z,2,0,1,14.53,34,210
2026-07-30T03:16:37Z,3,0,1,19.13,32,210
2026-07-30T03:16:37Z,4,0,29902,17.19,31,210
2026-07-30T03:16:37Z,5,0,29900,15.66,33,210
2026-07-30T03:16:37Z,6,0,17358,69.08,43,2430
2026-07-30T03:16:37Z,7,0,17358,21.02,40,345
2026-07-30T03:16:38Z,0,100,31714,451.32,70,2610
2026-07-30T03:16:38Z,1,0,31854,18.73,34,210
2026-07-30T03:16:38Z,2,0,1,15.30,34,210
2026-07-30T03:16:38Z,3,0,1,16.80,32,202
2026-07-30T03:16:38Z,4,0,29902,17.67,31,210
2026-07-30T03:16:38Z,5,0,29900,14.28,33,210
2026-07-30T03:16:38Z,6,0,17358,66.40,43,2430
2026-07-30T03:16:38Z,7,0,17358,15.66,40,210
2026-07-30T03:16:42Z,0,100,31714,449.87,69,2610
2026-07-30T03:16:42Z,1,0,31854,16.88,34,210
2026-07-30T03:16:42Z,2,0,1,15.56,34,210
2026-07-30T03:16:42Z,3,0,1,16.73,32,210
2026-07-30T03:16:42Z,4,0,29902,17.11,31,210
2026-07-30T03:16:42Z,5,0,29900,14.28,33,210
2026-07-30T03:16:42Z,6,0,17358,65.66,43,2430
2026-07-30T03:16:42Z,7,0,17358,14.23,40,210
2026-07-30T03:16:43Z,0,100,31714,449.93,71,2595
2026-07-30T03:16:43Z,1,0,31854,17.52,33,210
2026-07-30T03:16:43Z,2,0,1,13.01,34,210
2026-07-30T03:16:43Z,3,0,1,16.74,32,210
2026-07-30T03:16:43Z,4,0,29902,15.04,31,210
2026-07-30T03:16:43Z,5,0,29900,15.96,33,210
2026-07-30T03:16:43Z,6,0,17358,27.54,42,367
2026-07-30T03:16:43Z,7,24,17358,299.32,43,2895
2026-07-30T03:16:45Z,0,85,31714,363.95,67,2737
2026-07-30T03:16:45Z,1,0,31854,16.02,33,210
2026-07-30T03:16:45Z,2,0,1,14.26,34,210
2026-07-30T03:16:45Z,3,0,1,18.69,32,210
2026-07-30T03:16:45Z,4,0,29902,17.79,31,210
2026-07-30T03:16:45Z,5,0,29900,13.54,33,210
2026-07-30T03:16:45Z,6,0,17358,12.81,42,210
2026-07-30T03:16:45Z,7,0,17358,93.62,41,2745
2026-07-30T03:16:47Z,0,100,31714,464.55,69,2587
2026-07-30T03:16:47Z,1,0,31854,18.67,34,202
2026-07-30T03:16:47Z,2,0,1,13.95,34,210
2026-07-30T03:16:47Z,3,0,1,17.25,32,210
2026-07-30T03:16:47Z,4,0,29902,15.74,31,210
2026-07-30T03:16:47Z,5,0,29900,14.86,33,210
2026-07-30T03:16:47Z,6,0,17358,10.84,42,210
2026-07-30T03:16:47Z,7,0,17358,63.07,41,2430
2026-07-30T03:16:48Z,0,100,31714,450.13,70,2625
2026-07-30T03:16:48Z,1,0,31854,16.62,33,210
2026-07-30T03:16:48Z,2,0,1,14.16,34,210
2026-07-30T03:16:48Z,3,0,1,19.43,32,210
2026-07-30T03:16:48Z,4,0,29902,16.79,31,210
2026-07-30T03:16:48Z,5,0,29900,16.70,33,210
2026-07-30T03:16:48Z,6,100,17358,224.75,52,1867
2026-07-30T03:16:48Z,7,0,17358,64.53,41,2430
2026-07-30T03:16:49Z,0,100,31716,449.70,71,2745
2026-07-30T03:16:49Z,1,0,31854,17.16,33,210
2026-07-30T03:16:49Z,2,0,1,15.22,34,210
2026-07-30T03:16:49Z,3,0,1,16.78,32,210
2026-07-30T03:16:49Z,4,0,29902,17.45,31,210
2026-07-30T03:16:49Z,5,0,29900,14.06,33,210
2026-07-30T03:16:49Z,6,0,17358,95.99,44,2917
2026-07-30T03:16:49Z,7,0,17358,64.84,41,2430
2026-07-30T03:16:51Z,0,100,31716,450.19,69,2332
2026-07-30T03:16:51Z,1,0,31854,18.11,33,210
2026-07-30T03:16:51Z,2,0,1,13.55,34,210
2026-07-30T03:16:51Z,3,0,1,17.96,32,210
2026-07-30T03:16:51Z,4,0,29902,15.44,31,210
2026-07-30T03:16:51Z,5,0,29900,16.93,33,210
2026-07-30T03:16:51Z,6,0,17358,71.76,43,2430
2026-07-30T03:16:51Z,7,0,17358,62.81,41,2430
2026-07-30T03:16:52Z,0,100,31716,450.29,69,2407
2026-07-30T03:16:52Z,1,0,31854,16.26,33,202
2026-07-30T03:16:52Z,2,0,1,16.17,34,210
2026-07-30T03:16:52Z,3,0,1,18.39,32,210
2026-07-30T03:16:52Z,4,0,29902,18.26,31,210
2026-07-30T03:16:52Z,5,0,29900,14.78,33,210
2026-07-30T03:16:52Z,6,0,17358,66.92,43,2430
2026-07-30T03:16:52Z,7,0,17358,65.69,41,2430
2026-07-30T03:16:54Z,0,100,31716,446.67,70,2595
2026-07-30T03:16:54Z,1,0,31854,18.88,33,210
2026-07-30T03:16:54Z,2,0,1,14.86,34,210
2026-07-30T03:16:54Z,3,0,1,16.97,32,210
2026-07-30T03:16:54Z,4,0,29902,15.51,31,210
2026-07-30T03:16:54Z,5,0,29900,16.09,33,210
2026-07-30T03:16:54Z,6,0,17358,66.68,43,2430
2026-07-30T03:16:54Z,7,0,17358,62.91,41,2430
2026-07-30T03:16:55Z,0,88,31716,414.04,71,2782
2026-07-30T03:16:55Z,1,0,31854,16.68,33,210
2026-07-30T03:16:55Z,2,0,1,13.40,34,210
2026-07-30T03:16:55Z,3,0,1,19.71,32,210
2026-07-30T03:16:55Z,4,0,29902,17.23,31,210
2026-07-30T03:16:55Z,5,0,29900,16.73,33,210
2026-07-30T03:16:55Z,6,0,17358,68.82,43,2430
2026-07-30T03:16:55Z,7,0,17358,64.23,41,2430
2026-07-30T03:16:59Z,0,70,31716,437.14,65,2527
2026-07-30T03:16:59Z,1,0,31854,16.44,33,202
2026-07-30T03:16:59Z,2,0,1,13.08,34,210
2026-07-30T03:16:59Z,3,0,1,19.05,32,210
2026-07-30T03:16:59Z,4,0,29902,16.45,31,210
2026-07-30T03:16:59Z,5,0,29900,15.25,33,210
2026-07-30T03:16:59Z,6,0,17358,68.56,43,2430
2026-07-30T03:16:59Z,7,0,17358,64.11,41,2430
2026-07-30T03:17:00Z,0,100,31716,396.88,70,2715
2026-07-30T03:17:00Z,1,0,31854,18.83,33,210
2026-07-30T03:17:00Z,2,0,1,13.55,34,210
2026-07-30T03:17:00Z,3,0,1,18.10,32,210
2026-07-30T03:17:00Z,4,0,29902,17.95,31,210
2026-07-30T03:17:00Z,5,0,29900,14.13,33,202
2026-07-30T03:17:00Z,6,0,17358,66.00,43,2430
2026-07-30T03:17:00Z,7,0,17358,65.10,41,2430
2026-07-30T03:17:02Z,0,99,31716,432.96,65,2707
2026-07-30T03:17:02Z,1,0,31854,18.40,33,210
2026-07-30T03:17:02Z,2,0,1,12.46,34,210
2026-07-30T03:17:02Z,3,0,1,19.15,32,210
2026-07-30T03:17:02Z,4,0,29902,16.19,31,210
2026-07-30T03:17:02Z,5,0,29900,16.83,33,210
2026-07-30T03:17:02Z,6,0,17358,68.42,43,2430
2026-07-30T03:17:02Z,7,0,17358,21.62,40,352
2026-07-30T03:17:03Z,0,100,31716,453.08,71,2617
2026-07-30T03:17:03Z,1,0,31854,16.75,33,210
2026-07-30T03:17:03Z,2,0,1,15.69,34,210
2026-07-30T03:17:03Z,3,0,1,18.95,32,210
2026-07-30T03:17:03Z,4,0,29902,17.46,31,210
2026-07-30T03:17:03Z,5,0,29900,15.69,33,210
2026-07-30T03:17:03Z,6,0,17358,66.96,43,2430
2026-07-30T03:17:03Z,7,0,17358,13.70,40,210
2026-07-30T03:17:05Z,0,100,31716,450.39,71,2595
2026-07-30T03:17:05Z,1,0,31854,18.91,33,202
2026-07-30T03:17:05Z,2,0,1,14.43,34,210
2026-07-30T03:17:05Z,3,0,1,17.33,32,210
2026-07-30T03:17:05Z,4,0,29902,15.74,31,210
2026-07-30T03:17:05Z,5,0,29900,16.97,33,210
2026-07-30T03:17:05Z,6,0,17358,66.96,43,2430
2026-07-30T03:17:05Z,7,0,17358,12.46,40,210
2026-07-30T03:17:06Z,0,64,31716,402.45,62,2782
2026-07-30T03:17:06Z,1,0,31854,16.82,33,210
2026-07-30T03:17:06Z,2,0,1,13.97,34,210
2026-07-30T03:17:06Z,3,0,1,19.77,32,210
2026-07-30T03:17:06Z,4,0,29902,17.09,31,210
2026-07-30T03:17:06Z,5,0,29900,16.34,33,202
2026-07-30T03:17:06Z,6,0,17358,48.24,42,480
2026-07-30T03:17:06Z,7,0,17358,12.07,40,210
2026-07-30T03:17:08Z,0,96,31716,380.25,64,2775
2026-07-30T03:17:08Z,1,0,31854,18.33,33,210
2026-07-30T03:17:08Z,2,0,1,14.95,34,210
2026-07-30T03:17:08Z,3,0,1,17.51,32,210
2026-07-30T03:17:08Z,4,0,29902,17.01,31,210
2026-07-30T03:17:08Z,5,0,29900,14.80,33,210
2026-07-30T03:17:08Z,6,0,17358,13.11,42,217
2026-07-30T03:17:08Z,7,0,17358,238.09,42,2917
2026-07-30T03:17:10Z,0,100,31716,421.51,70,2752
2026-07-30T03:17:10Z,1,0,31854,18.16,33,210
2026-07-30T03:17:10Z,2,0,1,13.03,34,210
2026-07-30T03:17:10Z,3,0,1,18.41,32,210
2026-07-30T03:17:10Z,4,0,29902,16.35,31,210
2026-07-30T03:17:10Z,5,0,29900,18.47,33,210
2026-07-30T03:17:10Z,6,0,17358,13.02,42,210
2026-07-30T03:17:10Z,7,0,17358,85.08,41,2647
2026-07-30T03:17:11Z,0,77,31716,434.35,68,2557
2026-07-30T03:17:11Z,1,0,31854,16.38,33,210
2026-07-30T03:17:11Z,2,0,1,15.54,34,210
2026-07-30T03:17:11Z,3,0,1,17.95,32,210
2026-07-30T03:17:11Z,4,0,29902,17.57,31,210
2026-07-30T03:17:11Z,5,0,29900,13.77,33,210
2026-07-30T03:17:11Z,6,100,17358,142.05,52,2040
2026-07-30T03:17:11Z,7,0,17358,65.75,41,2430
2026-07-30T03:17:12Z,0,99,31716,374.50,69,2767
2026-07-30T03:17:12Z,1,0,31854,18.94,33,210
2026-07-30T03:17:12Z,2,0,1,13.32,34,210
2026-07-30T03:17:12Z,3,0,1,18.16,32,210
2026-07-30T03:17:12Z,4,0,29902,15.76,31,210
2026-07-30T03:17:12Z,5,0,29900,15.47,33,202
2026-07-30T03:17:12Z,6,0,17358,99.60,44,2917
2026-07-30T03:17:12Z,7,0,17358,62.56,41,2430
2026-07-30T03:17:16Z,0,100,31716,451.46,68,2595
2026-07-30T03:17:16Z,1,0,31854,19.44,33,210
2026-07-30T03:17:16Z,2,0,1,14.07,34,210
2026-07-30T03:17:16Z,3,0,1,16.87,32,210
2026-07-30T03:17:16Z,4,0,29902,14.45,31,210
2026-07-30T03:17:16Z,5,0,29900,15.63,33,210
2026-07-30T03:17:16Z,6,0,17358,68.09,43,2430
2026-07-30T03:17:16Z,7,0,17358,62.68,41,2430
2026-07-30T03:17:17Z,0,100,31716,438.42,71,2670
2026-07-30T03:17:17Z,1,0,31854,16.05,33,210
2026-07-30T03:17:17Z,2,0,1,14.15,34,210
2026-07-30T03:17:17Z,3,0,1,18.73,32,210
2026-07-30T03:17:17Z,4,0,29902,16.04,31,210
2026-07-30T03:17:17Z,5,0,29900,16.92,33,210
2026-07-30T03:17:17Z,6,0,17358,68.53,43,2430
2026-07-30T03:17:17Z,7,0,17358,64.14,41,2430
2026-07-30T03:17:19Z,0,93,31716,412.19,65,2752
2026-07-30T03:17:19Z,1,0,31854,17.70,33,210
2026-07-30T03:17:19Z,2,0,1,15.41,34,210
2026-07-30T03:17:19Z,3,0,1,16.30,32,210
2026-07-30T03:17:19Z,4,0,29902,16.74,31,210
2026-07-30T03:17:19Z,5,0,29900,14.79,33,210
2026-07-30T03:17:19Z,6,0,17358,66.50,43,2430
2026-07-30T03:17:19Z,7,0,17358,64.31,41,2430
2026-07-30T03:17:21Z,0,100,31716,465.63,71,2595
2026-07-30T03:17:21Z,1,0,31854,17.82,33,210
2026-07-30T03:17:21Z,2,0,1,13.19,34,210
2026-07-30T03:17:21Z,3,0,1,17.97,32,210
2026-07-30T03:17:21Z,4,0,29902,16.10,31,210
2026-07-30T03:17:21Z,5,0,29900,18.24,33,210
2026-07-30T03:17:21Z,6,0,17358,68.38,43,2430
2026-07-30T03:17:21Z,7,0,17358,62.17,41,2430
2026-07-30T03:17:22Z,0,100,31716,384.20,64,2752
2026-07-30T03:17:22Z,1,0,31854,16.26,33,210
2026-07-30T03:17:22Z,2,0,1,14.52,34,210
2026-07-30T03:17:22Z,3,0,1,16.58,32,210
2026-07-30T03:17:22Z,4,0,29902,17.76,31,210
2026-07-30T03:17:22Z,5,0,29900,14.78,33,210
2026-07-30T03:17:22Z,6,0,17358,66.79,43,2430
2026-07-30T03:17:22Z,7,0,17358,65.29,41,2430
2026-07-30T03:17:23Z,0,100,31716,451.73,68,2557
2026-07-30T03:17:23Z,1,0,31854,18.94,33,210
2026-07-30T03:17:23Z,2,0,1,12.04,34,210
2026-07-30T03:17:23Z,3,0,1,16.79,32,210
2026-07-30T03:17:23Z,4,0,29902,16.32,31,210
2026-07-30T03:17:23Z,5,0,29900,16.72,33,210
2026-07-30T03:17:23Z,6,0,17358,68.11,43,2430
2026-07-30T03:17:23Z,7,0,17358,62.23,41,2430
2026-07-30T03:17:25Z,0,100,31716,450.02,70,2610
2026-07-30T03:17:25Z,1,0,31854,15.96,33,210
2026-07-30T03:17:25Z,2,0,1,14.35,34,210
2026-07-30T03:17:25Z,3,0,1,17.91,32,210
2026-07-30T03:17:25Z,4,0,29902,17.82,31,210
2026-07-30T03:17:25Z,5,0,29900,15.68,33,210
2026-07-30T03:17:25Z,6,0,17358,67.83,43,2430
2026-07-30T03:17:25Z,7,0,17358,50.90,40,457
2026-07-30T03:17:27Z,0,100,31716,449.58,70,2602
2026-07-30T03:17:27Z,1,0,31854,18.63,33,210
2026-07-30T03:17:27Z,2,0,1,14.32,34,210
2026-07-30T03:17:27Z,3,0,1,17.22,32,210
2026-07-30T03:17:27Z,4,0,29902,14.67,31,210
2026-07-30T03:17:27Z,5,0,29900,14.43,33,210
2026-07-30T03:17:27Z,6,0,17358,66.65,43,2430
2026-07-30T03:17:27Z,7,0,17358,24.29,40,352
2026-07-30T03:17:28Z,0,100,31716,402.53,65,2797
2026-07-30T03:17:28Z,1,0,31854,18.14,33,210
2026-07-30T03:17:28Z,2,0,1,12.95,34,210
2026-07-30T03:17:28Z,3,0,1,18.70,32,210
2026-07-30T03:17:28Z,4,0,29902,17.13,31,210
2026-07-30T03:17:28Z,5,0,29900,16.36,33,210
2026-07-30T03:17:28Z,6,0,17358,69.30,43,2430
2026-07-30T03:17:28Z,7,0,17358,12.41,40,210
2026-07-30T03:17:30Z,0,100,31716,456.80,70,2610
2026-07-30T03:17:30Z,1,0,31854,17.14,33,210
2026-07-30T03:17:30Z,2,0,1,15.43,34,210
2026-07-30T03:17:30Z,3,0,1,18.32,32,210
2026-07-30T03:17:30Z,4,0,29902,15.77,31,210
2026-07-30T03:17:30Z,5,0,29900,15.22,33,210
2026-07-30T03:17:30Z,6,0,17358,44.37,42,420
2026-07-30T03:17:30Z,7,0,17358,12.66,40,210
2026-07-30T03:17:33Z,0,100,31716,450.99,70,2595
2026-07-30T03:17:33Z,1,0,31854,16.23,33,210
2026-07-30T03:17:33Z,2,0,1,15.51,34,210
2026-07-30T03:17:33Z,3,0,1,17.78,32,210
2026-07-30T03:17:33Z,4,0,29902,17.20,31,210
2026-07-30T03:17:33Z,5,0,29900,13.57,33,210
2026-07-30T03:17:33Z,6,0,17358,10.91,42,210
2026-07-30T03:17:33Z,7,100,17358,183.19,50,2032
2026-07-30T03:17:35Z,0,100,31716,449.60,70,2610
2026-07-30T03:17:35Z,1,0,31854,18.57,33,210
2026-07-30T03:17:35Z,2,0,1,12.42,34,210
2026-07-30T03:17:35Z,3,0,1,19.57,32,210
2026-07-30T03:17:35Z,4,0,29902,15.59,31,210
2026-07-30T03:17:35Z,5,0,29900,16.86,33,210
2026-07-30T03:17:35Z,6,0,17358,11.16,42,210
2026-07-30T03:17:35Z,7,0,17358,93.97,42,2917
2026-07-30T03:17:36Z,0,100,31716,449.86,71,2715
2026-07-30T03:17:36Z,1,0,31854,17.24,33,210
2026-07-30T03:17:36Z,2,0,1,13.45,34,210
2026-07-30T03:17:36Z,3,0,1,18.96,32,210
2026-07-30T03:17:36Z,4,0,29902,17.00,31,210
2026-07-30T03:17:36Z,5,0,29900,14.54,33,210
2026-07-30T03:17:36Z,6,0,17358,12.34,42,210
2026-07-30T03:17:36Z,7,0,17358,65.39,41,2430
2026-07-30T03:17:38Z,0,99,31716,426.59,65,2625
2026-07-30T03:17:38Z,1,0,31854,18.77,33,210
2026-07-30T03:17:38Z,2,0,1,14.88,34,210
2026-07-30T03:17:38Z,3,0,1,17.64,32,210
2026-07-30T03:17:38Z,4,0,29902,14.93,31,210
2026-07-30T03:17:38Z,5,0,29900,17.62,33,210
2026-07-30T03:17:38Z,6,0,17358,9.71,42,210
2026-07-30T03:17:38Z,7,0,17358,63.20,41,2430
2026-07-30T03:17:39Z,0,100,31716,452.54,71,2595
2026-07-30T03:17:39Z,1,0,31854,18.68,33,210
2026-07-30T03:17:39Z,2,0,1,13.19,34,210
2026-07-30T03:17:39Z,3,0,1,18.70,32,210
2026-07-30T03:17:39Z,4,0,29902,15.97,31,210
2026-07-30T03:17:39Z,5,0,29900,17.08,33,210
2026-07-30T03:17:39Z,6,0,17358,11.91,41,210
2026-07-30T03:17:39Z,7,0,17358,63.75,41,2430
2026-07-30T03:17:41Z,0,99,31716,378.24,64,2797
2026-07-30T03:17:41Z,1,0,31854,18.16,33,210
2026-07-30T03:17:41Z,2,0,1,15.83,34,210
2026-07-30T03:17:41Z,3,0,1,17.01,32,210
2026-07-30T03:17:41Z,4,0,29902,17.03,31,210
2026-07-30T03:17:41Z,5,0,29900,15.95,33,210
2026-07-30T03:17:41Z,6,0,17358,11.92,41,210
2026-07-30T03:17:41Z,7,0,17358,65.10,41,2430
2026-07-30T03:17:42Z,0,100,31716,461.28,70,2610
2026-07-30T03:17:42Z,1,0,31854,18.83,33,210
2026-07-30T03:17:42Z,2,0,1,13.00,34,210
2026-07-30T03:17:42Z,3,0,1,17.71,32,210
2026-07-30T03:17:42Z,4,0,29902,15.53,31,210
2026-07-30T03:17:42Z,5,0,29900,16.94,33,210
2026-07-30T03:17:42Z,6,0,17358,293.46,44,2910
2026-07-30T03:17:42Z,7,0,17358,62.49,41,2430
2026-07-30T03:17:44Z,0,84,31716,379.50,70,2790
2026-07-30T03:17:44Z,1,0,31854,16.08,33,210
2026-07-30T03:17:44Z,2,0,1,14.99,34,210
2026-07-30T03:17:44Z,3,0,1,18.38,32,210
2026-07-30T03:17:44Z,4,0,29902,17.47,31,210
2026-07-30T03:17:44Z,5,0,29900,14.15,33,210
2026-07-30T03:17:44Z,6,0,17358,89.01,43,2752
2026-07-30T03:17:44Z,7,0,17358,65.41,41,2430
2026-07-30T03:17:45Z,0,100,31716,450.65,68,2317
2026-07-30T03:17:45Z,1,0,31854,18.73,33,210
2026-07-30T03:17:45Z,2,0,1,15.14,34,210
2026-07-30T03:17:45Z,3,0,1,16.96,32,210
2026-07-30T03:17:45Z,4,0,29902,16.25,31,210
2026-07-30T03:17:45Z,5,0,29900,16.36,33,210
2026-07-30T03:17:45Z,6,0,17358,66.64,43,2430
2026-07-30T03:17:45Z,7,0,17358,63.36,41,2430
2026-07-30T03:17:47Z,0,100,31716,450.96,71,2617
2026-07-30T03:17:47Z,1,0,31854,16.99,33,210
2026-07-30T03:17:47Z,2,0,1,14.29,34,210
2026-07-30T03:17:47Z,3,0,1,18.84,32,210
2026-07-30T03:17:47Z,4,0,29902,17.60,31,210
2026-07-30T03:17:47Z,5,0,29900,14.42,33,210
2026-07-30T03:17:47Z,6,0,17358,67.45,43,2430
2026-07-30T03:17:47Z,7,0,17358,64.73,41,2430
2026-07-30T03:17:50Z,0,100,31716,455.26,71,2610
2026-07-30T03:17:50Z,1,0,31854,15.73,33,210
2026-07-30T03:17:50Z,2,0,1,13.43,34,210
2026-07-30T03:17:50Z,3,0,1,18.20,32,210
2026-07-30T03:17:50Z,4,0,29902,15.62,31,210
2026-07-30T03:17:50Z,5,0,29900,16.32,33,210
2026-07-30T03:17:50Z,6,0,17358,68.25,43,2430
2026-07-30T03:17:50Z,7,0,17358,63.91,41,2430
2026-07-30T03:17:52Z,0,100,31716,380.09,65,2797
2026-07-30T03:17:52Z,1,0,31854,16.85,33,210
2026-07-30T03:17:52Z,2,0,1,15.72,34,210
2026-07-30T03:17:52Z,3,0,1,16.16,32,210
2026-07-30T03:17:52Z,4,0,29902,15.74,31,210
2026-07-30T03:17:52Z,5,0,29900,14.75,33,210
2026-07-30T03:17:52Z,6,0,17358,66.87,43,2430
2026-07-30T03:17:52Z,7,0,17358,24.54,40,352
2026-07-30T03:17:53Z,0,100,31716,454.31,70,2595
2026-07-30T03:17:53Z,1,0,31854,16.86,33,210
2026-07-30T03:17:53Z,2,0,1,13.78,34,210
2026-07-30T03:17:53Z,3,0,1,17.11,32,210
2026-07-30T03:17:53Z,4,0,29902,15.50,31,210
2026-07-30T03:17:53Z,5,0,29900,17.38,33,210
2026-07-30T03:17:53Z,6,0,17358,68.26,43,2430
2026-07-30T03:17:53Z,7,0,17358,12.72,40,210
2026-07-30T03:17:55Z,0,100,31716,449.64,70,2595
2026-07-30T03:17:55Z,1,0,31854,16.28,33,210
2026-07-30T03:17:55Z,2,0,1,16.03,34,210
2026-07-30T03:17:55Z,3,0,1,17.99,32,210
2026-07-30T03:17:55Z,4,0,29902,17.54,31,210
2026-07-30T03:17:55Z,5,0,29900,14.54,33,210
2026-07-30T03:17:55Z,6,0,17358,65.98,43,2430
2026-07-30T03:17:55Z,7,0,17358,13.64,40,210
2026-07-30T03:17:56Z,0,100,31716,449.82,70,2587
2026-07-30T03:17:56Z,1,0,31854,18.59,33,210
2026-07-30T03:17:56Z,2,0,1,13.52,34,210
2026-07-30T03:17:56Z,3,0,1,16.63,32,210
2026-07-30T03:17:56Z,4,0,29902,16.15,31,210
2026-07-30T03:17:56Z,5,0,29900,16.36,33,210
2026-07-30T03:17:56Z,6,0,17358,67.05,43,2430
2026-07-30T03:17:56Z,7,0,17358,13.56,40,210
2026-07-30T03:17:58Z,0,100,31716,439.45,71,2760
2026-07-30T03:17:58Z,1,0,31854,17.25,33,210
2026-07-30T03:17:58Z,2,0,1,14.60,34,210
2026-07-30T03:17:58Z,3,0,1,18.73,32,210
2026-07-30T03:17:58Z,4,0,29902,17.03,31,210
2026-07-30T03:17:58Z,5,0,29900,14.03,33,210
2026-07-30T03:17:58Z,6,0,17358,67.91,43,2430
2026-07-30T03:17:58Z,7,0,17358,12.68,40,210
2026-07-30T03:17:59Z,0,93,31716,441.62,71,2460
2026-07-30T03:17:59Z,1,0,31854,18.15,33,210
2026-07-30T03:17:59Z,2,0,1,15.32,34,210
2026-07-30T03:17:59Z,3,0,1,16.55,32,210
2026-07-30T03:17:59Z,4,0,29902,16.92,31,210
2026-07-30T03:17:59Z,5,0,29900,14.29,33,210
2026-07-30T03:17:59Z,6,0,17358,47.82,42,480
2026-07-30T03:17:59Z,7,0,17358,15.24,40,210
2026-07-30T03:18:01Z,0,100,31716,449.72,69,2392
2026-07-30T03:18:01Z,1,0,31854,17.98,33,210
2026-07-30T03:18:01Z,2,0,1,13.25,34,210
2026-07-30T03:18:01Z,3,0,1,18.41,32,210
2026-07-30T03:18:01Z,4,0,29902,16.76,31,210
2026-07-30T03:18:01Z,5,0,29900,16.73,33,210
2026-07-30T03:18:01Z,6,0,17358,15.38,42,217
2026-07-30T03:18:01Z,7,0,17358,12.20,40,210
2026-07-30T03:18:02Z,0,100,31716,424.63,70,2767
2026-07-30T03:18:02Z,1,0,31854,16.93,33,210
2026-07-30T03:18:02Z,2,0,1,15.54,34,210
2026-07-30T03:18:02Z,3,0,1,18.54,32,210
2026-07-30T03:18:02Z,4,0,29902,17.72,31,210
2026-07-30T03:18:02Z,5,0,29900,14.12,33,210
2026-07-30T03:18:02Z,6,0,17358,13.09,42,210
2026-07-30T03:18:02Z,7,0,17358,12.99,40,210
2026-07-30T03:18:04Z,0,100,31716,448.78,71,2745
2026-07-30T03:18:04Z,1,0,31854,18.32,33,210
2026-07-30T03:18:04Z,2,0,1,12.92,34,210
2026-07-30T03:18:04Z,3,0,1,17.02,32,210
2026-07-30T03:18:04Z,4,0,29902,15.25,31,210
2026-07-30T03:18:04Z,5,0,29900,16.67,33,210
2026-07-30T03:18:04Z,6,0,17358,11.11,41,210
2026-07-30T03:18:04Z,7,81,17358,45.44,49,2197
2026-07-30T03:18:08Z,0,100,31716,426.89,65,2745
2026-07-30T03:18:08Z,1,0,31854,18.09,33,210
2026-07-30T03:18:08Z,2,0,1,12.20,34,210
2026-07-30T03:18:08Z,3,0,1,19.04,32,210
2026-07-30T03:18:08Z,4,0,29902,15.15,31,210
2026-07-30T03:18:08Z,5,0,29900,16.15,33,210
2026-07-30T03:18:08Z,6,0,17358,73.87,43,2430
2026-07-30T03:18:08Z,7,0,17358,63.22,41,2430
2026-07-30T03:18:09Z,0,100,31716,388.31,71,2752
2026-07-30T03:18:09Z,1,0,31854,17.16,33,210
2026-07-30T03:18:09Z,2,0,1,13.39,34,210
2026-07-30T03:18:09Z,3,0,1,19.00,32,210
2026-07-30T03:18:09Z,4,0,29902,18.33,31,210
2026-07-30T03:18:09Z,5,0,29900,15.63,33,210
2026-07-30T03:18:09Z,6,0,17358,67.33,43,2430
2026-07-30T03:18:09Z,7,0,17358,65.68,41,2430
2026-07-30T03:18:11Z,0,97,31716,426.33,65,2572
2026-07-30T03:18:11Z,1,0,31854,18.14,33,210
2026-07-30T03:18:11Z,2,0,1,12.93,34,210
2026-07-30T03:18:11Z,3,0,1,17.19,32,210
2026-07-30T03:18:11Z,4,0,29902,14.61,31,210
2026-07-30T03:18:11Z,5,0,29900,16.84,33,210
2026-07-30T03:18:11Z,6,0,17358,66.46,43,2430
2026-07-30T03:18:11Z,7,0,17358,63.47,41,2430
2026-07-30T03:18:12Z,0,88,31716,336.04,64,2790
2026-07-30T03:18:12Z,1,0,31854,18.87,33,210
2026-07-30T03:18:12Z,2,0,1,12.76,34,210
2026-07-30T03:18:12Z,3,0,1,20.49,32,210
2026-07-30T03:18:12Z,4,0,29902,16.10,31,210
2026-07-30T03:18:12Z,5,0,29900,16.74,33,210
2026-07-30T03:18:12Z,6,0,17358,68.80,43,2430
2026-07-30T03:18:12Z,7,0,17358,63.77,41,2430
2026-07-30T03:18:14Z,0,99,31716,345.35,63,2797
2026-07-30T03:18:14Z,1,0,31854,18.36,33,210
2026-07-30T03:18:14Z,2,0,1,15.30,34,210
2026-07-30T03:18:14Z,3,0,1,17.56,32,210
2026-07-30T03:18:14Z,4,0,29902,15.65,31,210
2026-07-30T03:18:14Z,5,0,29900,14.47,33,210
2026-07-30T03:18:14Z,6,0,17358,65.97,43,2430
2026-07-30T03:18:14Z,7,0,17358,64.99,41,2430
2026-07-30T03:18:15Z,0,100,31716,424.97,70,2677
2026-07-30T03:18:15Z,1,0,31854,19.24,33,210
2026-07-30T03:18:15Z,2,0,1,13.27,34,210
2026-07-30T03:18:15Z,3,0,1,17.72,32,210
2026-07-30T03:18:15Z,4,0,29902,15.77,31,210
2026-07-30T03:18:15Z,5,0,29900,16.09,33,210
2026-07-30T03:18:15Z,6,0,17358,68.45,43,2430
2026-07-30T03:18:15Z,7,0,17358,62.38,41,2430
2026-07-30T03:18:17Z,0,99,31716,422.36,64,2797
2026-07-30T03:18:17Z,1,0,31854,16.62,33,210
2026-07-30T03:18:17Z,2,0,1,14.88,34,210
2026-07-30T03:18:17Z,3,0,1,16.79,32,210
2026-07-30T03:18:17Z,4,0,29902,17.54,31,210
2026-07-30T03:18:17Z,5,0,29900,14.53,33,210
2026-07-30T03:18:17Z,6,0,17358,67.37,43,2430
2026-07-30T03:18:17Z,7,0,17358,65.45,41,2430
2026-07-30T03:18:18Z,0,100,31716,454.24,68,2602
2026-07-30T03:18:18Z,1,0,31854,17.96,33,210
2026-07-30T03:18:18Z,2,0,1,14.56,34,210
2026-07-30T03:18:18Z,3,0,1,16.01,32,210
2026-07-30T03:18:18Z,4,0,29902,16.10,31,210
2026-07-30T03:18:18Z,5,0,29900,14.76,33,210
2026-07-30T03:18:18Z,6,0,17358,66.96,43,2430
2026-07-30T03:18:18Z,7,0,17358,63.51,41,2430
2026-07-30T03:18:20Z,0,100,31716,448.21,71,2610
2026-07-30T03:18:20Z,1,0,31854,17.71,33,210
2026-07-30T03:18:20Z,2,0,1,13.47,34,210
2026-07-30T03:18:20Z,3,0,1,19.08,32,210
2026-07-30T03:18:20Z,4,0,29902,17.33,31,210
2026-07-30T03:18:20Z,5,0,29900,15.75,33,210
2026-07-30T03:18:20Z,6,0,17358,68.20,43,2430
2026-07-30T03:18:20Z,7,0,17358,63.93,41,2430
2026-07-30T03:18:21Z,0,100,31716,450.26,69,2655
2026-07-30T03:18:21Z,1,0,31854,17.35,33,210
2026-07-30T03:18:21Z,2,0,1,16.31,34,210
2026-07-30T03:18:21Z,3,0,1,15.87,32,210
2026-07-30T03:18:21Z,4,0,29902,16.55,31,210
2026-07-30T03:18:21Z,5,0,29900,13.79,33,210
2026-07-30T03:18:21Z,6,0,17358,65.23,43,2430
2026-07-30T03:18:21Z,7,0,17358,65.32,41,2430
2026-07-30T03:18:25Z,0,30,31716,370.36,62,2790
2026-07-30T03:18:25Z,1,0,31854,18.32,33,210
2026-07-30T03:18:25Z,2,0,1,15.59,34,210
2026-07-30T03:18:25Z,3,0,1,16.52,32,210
2026-07-30T03:18:25Z,4,0,29902,16.56,31,210
2026-07-30T03:18:25Z,5,0,29900,14.77,33,210
2026-07-30T03:18:25Z,6,0,17358,11.52,42,210
2026-07-30T03:18:25Z,7,0,17358,14.07,40,210
2026-07-30T03:18:26Z,0,100,31716,450.93,70,2580
2026-07-30T03:18:26Z,1,0,31854,17.11,33,210
2026-07-30T03:18:26Z,2,0,1,13.41,34,210
2026-07-30T03:18:26Z,3,0,1,17.25,32,210
2026-07-30T03:18:26Z,4,0,29902,15.70,31,210
2026-07-30T03:18:26Z,5,0,29900,16.02,33,210
2026-07-30T03:18:26Z,6,0,17358,11.81,42,210
2026-07-30T03:18:26Z,7,0,17358,12.19,40,210
2026-07-30T03:18:28Z,0,76,31716,378.90,64,2797
2026-07-30T03:18:28Z,1,0,31854,16.90,33,210
2026-07-30T03:18:28Z,2,0,1,16.03,34,210
2026-07-30T03:18:28Z,3,0,1,16.41,32,210
2026-07-30T03:18:28Z,4,0,29902,17.56,31,210
2026-07-30T03:18:28Z,5,0,29900,12.71,33,210
2026-07-30T03:18:28Z,6,100,17358,71.63,50,1567
2026-07-30T03:18:28Z,7,0,17358,13.06,40,210
2026-07-30T03:18:30Z,0,100,31716,396.50,70,2625
2026-07-30T03:18:30Z,1,0,31854,19.39,33,202
2026-07-30T03:18:30Z,2,0,1,12.81,34,210
2026-07-30T03:18:30Z,3,0,1,16.82,32,210
2026-07-30T03:18:30Z,4,0,29902,16.21,31,210
2026-07-30T03:18:30Z,5,0,29900,14.31,33,210
2026-07-30T03:18:30Z,6,0,17358,123.88,44,2917
2026-07-30T03:18:30Z,7,0,17358,288.41,42,2917
2026-07-30T03:18:31Z,0,79,31716,423.21,64,2535
2026-07-30T03:18:31Z,1,0,31854,16.14,33,210
2026-07-30T03:18:31Z,2,0,1,13.64,34,210
2026-07-30T03:18:31Z,3,0,1,19.07,32,210
2026-07-30T03:18:31Z,4,0,29902,17.13,31,210
2026-07-30T03:18:31Z,5,0,29900,14.35,33,210
2026-07-30T03:18:31Z,6,0,17358,79.93,43,2430
2026-07-30T03:18:31Z,7,0,17358,86.66,41,2842
2026-07-30T03:18:32Z,0,100,31716,450.60,69,2377
2026-07-30T03:18:32Z,1,0,31854,18.26,33,210
2026-07-30T03:18:32Z,2,0,1,14.90,34,210
2026-07-30T03:18:32Z,3,0,1,16.63,32,210
2026-07-30T03:18:32Z,4,0,29902,16.09,31,210
2026-07-30T03:18:32Z,5,0,29900,14.32,33,210
2026-07-30T03:18:32Z,6,0,17358,65.82,43,2430
2026-07-30T03:18:32Z,7,0,17358,63.95,41,2430
2026-07-30T03:18:34Z,0,100,31716,448.11,71,2595
2026-07-30T03:18:34Z,1,0,31854,18.60,33,210
2026-07-30T03:18:34Z,2,0,1,13.13,34,210
2026-07-30T03:18:34Z,3,0,1,18.62,32,210
2026-07-30T03:18:34Z,4,0,29902,16.11,31,210
2026-07-30T03:18:34Z,5,0,29900,16.33,33,210
2026-07-30T03:18:34Z,6,0,17358,68.31,43,2430
2026-07-30T03:18:34Z,7,0,17358,62.83,41,2430
2026-07-30T03:18:36Z,0,75,31716,410.03,68,2767
2026-07-30T03:18:36Z,1,0,31854,16.98,33,210
2026-07-30T03:18:36Z,2,0,1,15.46,34,210
2026-07-30T03:18:36Z,3,0,1,17.68,32,210
2026-07-30T03:18:36Z,4,0,29902,17.37,31,210
2026-07-30T03:18:36Z,5,0,29900,14.99,33,210
2026-07-30T03:18:36Z,6,0,17358,66.43,43,2430
2026-07-30T03:18:36Z,7,0,17358,65.20,41,2430
2026-07-30T03:18:37Z,0,100,31716,450.60,68,2362
2026-07-30T03:18:37Z,1,0,31854,19.17,33,210
2026-07-30T03:18:37Z,2,0,1,14.20,34,210
2026-07-30T03:18:37Z,3,0,1,17.53,32,210
2026-07-30T03:18:37Z,4,0,29902,14.95,31,210
2026-07-30T03:18:37Z,5,0,29900,16.86,33,210
2026-07-30T03:18:37Z,6,0,17358,68.47,43,2430
2026-07-30T03:18:37Z,7,0,17358,62.09,41,2430
2026-07-30T03:18:39Z,0,100,31736,450.61,69,2602
2026-07-30T03:18:39Z,1,0,31854,16.72,33,210
2026-07-30T03:18:39Z,2,0,1,15.92,34,210
2026-07-30T03:18:39Z,3,0,1,16.63,32,210
2026-07-30T03:18:39Z,4,0,29902,17.65,31,210
2026-07-30T03:18:39Z,5,0,29900,14.47,33,210
2026-07-30T03:18:39Z,6,0,17358,67.64,43,2430
2026-07-30T03:18:39Z,7,0,17358,64.50,41,2430
2026-07-30T03:18:42Z,0,98,31736,423.90,68,2797
2026-07-30T03:18:42Z,1,0,31854,15.84,33,210
2026-07-30T03:18:42Z,2,0,1,13.05,34,210
2026-07-30T03:18:42Z,3,0,1,18.44,32,210
2026-07-30T03:18:42Z,4,0,29902,17.63,31,210
2026-07-30T03:18:42Z,5,0,29900,14.31,33,210
2026-07-30T03:18:42Z,6,0,17358,67.94,43,2430
2026-07-30T03:18:42Z,7,0,17358,64.85,41,2430
2026-07-30T03:18:44Z,0,99,31736,373.78,64,2760
2026-07-30T03:18:44Z,1,0,31854,19.12,33,210
2026-07-30T03:18:44Z,2,0,1,13.27,34,210
2026-07-30T03:18:44Z,3,0,1,17.69,32,210
2026-07-30T03:18:44Z,4,0,29902,15.56,31,210
2026-07-30T03:18:44Z,5,0,29900,15.74,33,210
2026-07-30T03:18:44Z,6,0,17358,67.55,43,2430
2026-07-30T03:18:44Z,7,0,17358,63.27,41,2430
2026-07-30T03:18:45Z,0,100,31736,453.73,70,2602
2026-07-30T03:18:45Z,1,0,31854,18.73,33,210
2026-07-30T03:18:45Z,2,0,1,12.89,34,210
2026-07-30T03:18:45Z,3,0,1,18.67,32,210
2026-07-30T03:18:45Z,4,0,29902,17.03,31,210
2026-07-30T03:18:45Z,5,0,29900,16.43,33,210
2026-07-30T03:18:45Z,6,0,17358,68.84,43,2430
2026-07-30T03:18:45Z,7,0,17358,62.78,41,2430
2026-07-30T03:18:47Z,0,100,31736,429.33,70,2722
2026-07-30T03:18:47Z,1,0,31854,16.70,33,210
2026-07-30T03:18:47Z,2,0,1,15.26,34,210
2026-07-30T03:18:47Z,3,0,1,16.35,32,210
2026-07-30T03:18:47Z,4,0,29902,16.08,31,210
2026-07-30T03:18:47Z,5,0,29900,14.30,33,210
2026-07-30T03:18:47Z,6,0,17358,33.73,42,367
2026-07-30T03:18:47Z,7,0,17358,61.83,40,2430
2026-07-30T03:18:48Z,0,100,31736,449.84,70,2617
2026-07-30T03:18:48Z,1,0,31854,19.27,33,210
2026-07-30T03:18:48Z,2,0,1,13.96,34,210
2026-07-30T03:18:48Z,3,0,1,17.20,32,210
2026-07-30T03:18:48Z,4,0,29902,15.55,31,210
2026-07-30T03:18:48Z,5,0,29900,16.05,33,210
2026-07-30T03:18:48Z,6,0,17358,14.22,42,210
2026-07-30T03:18:48Z,7,0,17358,21.76,40,352
2026-07-30T03:18:50Z,0,99,31736,438.10,65,2280
2026-07-30T03:18:50Z,1,0,31854,16.35,33,210
2026-07-30T03:18:50Z,2,0,1,15.10,34,210
2026-07-30T03:18:50Z,3,0,1,18.09,32,210
2026-07-30T03:18:50Z,4,0,29902,17.44,31,210
2026-07-30T03:18:50Z,5,0,29900,13.29,33,210
2026-07-30T03:18:50Z,6,0,17358,13.39,42,210
2026-07-30T03:18:50Z,7,0,17358,14.34,40,210
2026-07-30T03:18:51Z,0,100,31736,455.19,69,2595
2026-07-30T03:18:51Z,1,0,31854,17.31,33,210
2026-07-30T03:18:51Z,2,0,1,14.73,34,210
2026-07-30T03:18:51Z,3,0,1,16.44,32,210
2026-07-30T03:18:51Z,4,0,29902,14.93,31,210
2026-07-30T03:18:51Z,5,0,29900,14.52,33,210
2026-07-30T03:18:51Z,6,8,17358,12.87,42,435
2026-07-30T03:18:51Z,7,0,17358,13.87,40,210
2026-07-30T03:18:53Z,0,100,31736,449.53,71,2610
2026-07-30T03:18:53Z,1,0,31854,17.69,33,210
2026-07-30T03:18:53Z,2,0,1,13.82,34,210
2026-07-30T03:18:53Z,3,0,1,19.23,32,210
2026-07-30T03:18:53Z,4,0,29902,17.26,31,210
2026-07-30T03:18:53Z,5,0,29900,16.10,33,210
2026-07-30T03:18:53Z,6,0,17358,131.59,44,2917
2026-07-30T03:18:53Z,7,25,17358,278.32,43,2910
2026-07-30T03:18:54Z,0,100,31736,414.21,71,2767
2026-07-30T03:18:54Z,1,0,31854,18.35,33,210
2026-07-30T03:18:54Z,2,0,1,15.10,34,210
2026-07-30T03:18:54Z,3,0,1,16.69,32,210
2026-07-30T03:18:54Z,4,0,29902,17.02,31,210
2026-07-30T03:18:54Z,5,0,29900,14.19,33,210
2026-07-30T03:18:54Z,6,0,17358,82.07,43,2430
2026-07-30T03:18:54Z,7,0,17358,96.05,42,2917
2026-07-30T03:18:56Z,0,100,31736,450.46,68,2347
2026-07-30T03:18:56Z,1,0,31854,17.60,33,210
2026-07-30T03:18:56Z,2,0,1,12.45,34,210
2026-07-30T03:18:56Z,3,0,1,18.52,32,210
2026-07-30T03:18:56Z,4,0,29902,16.34,31,210
2026-07-30T03:18:56Z,5,0,29900,16.14,33,210
2026-07-30T03:18:56Z,6,0,17358,68.57,43,2430
2026-07-30T03:18:56Z,7,0,17358,62.76,41,2430
2026-07-30T03:18:59Z,0,100,31736,439.87,70,2617
2026-07-30T03:18:59Z,1,0,31854,17.00,33,210
2026-07-30T03:18:59Z,2,0,1,12.98,34,210
2026-07-30T03:18:59Z,3,0,1,16.97,32,210
2026-07-30T03:18:59Z,4,0,29902,15.31,31,210
2026-07-30T03:18:59Z,5,0,29900,17.35,33,210
2026-07-30T03:18:59Z,6,0,17358,68.84,43,2430
2026-07-30T03:18:59Z,7,0,17358,62.60,41,2430
2026-07-30T03:19:01Z,0,100,31736,449.64,71,2617
2026-07-30T03:19:01Z,1,0,31854,16.34,33,210
2026-07-30T03:19:01Z,2,0,1,15.32,34,210
2026-07-30T03:19:01Z,3,0,1,16.29,32,210
2026-07-30T03:19:01Z,4,0,29902,17.11,31,210
2026-07-30T03:19:01Z,5,0,29900,13.33,33,210
2026-07-30T03:19:01Z,6,0,17358,67.52,43,2430
2026-07-30T03:19:01Z,7,0,17358,64.76,41,2430
2026-07-30T03:19:02Z,0,100,31736,448.20,69,2700
2026-07-30T03:19:02Z,1,0,31854,18.79,33,210
2026-07-30T03:19:02Z,2,0,1,14.76,34,210
2026-07-30T03:19:02Z,3,0,1,16.41,32,210
2026-07-30T03:19:02Z,4,0,29902,16.18,31,210
2026-07-30T03:19:02Z,5,0,29900,16.14,33,210
2026-07-30T03:19:02Z,6,0,17358,68.00,43,2430
2026-07-30T03:19:02Z,7,0,17358,62.72,41,2430
2026-07-30T03:19:04Z,0,100,31736,450.32,69,2257
2026-07-30T03:19:04Z,1,0,31854,16.03,33,210
2026-07-30T03:19:04Z,2,0,1,13.85,34,210
2026-07-30T03:19:04Z,3,0,1,18.97,32,210
2026-07-30T03:19:04Z,4,0,29902,18.01,31,210
2026-07-30T03:19:04Z,5,0,29900,16.12,33,210
2026-07-30T03:19:04Z,6,0,17358,69.02,43,2430
2026-07-30T03:19:04Z,7,0,17358,63.93,41,2430
2026-07-30T03:19:05Z,0,100,31736,450.20,68,2587
2026-07-30T03:19:05Z,1,0,31854,18.68,33,210
2026-07-30T03:19:05Z,2,0,1,13.49,34,210
2026-07-30T03:19:05Z,3,0,1,16.71,32,210
2026-07-30T03:19:05Z,4,0,29902,17.65,31,210
2026-07-30T03:19:05Z,5,0,29900,14.61,33,210
2026-07-30T03:19:05Z,6,0,17358,66.42,43,2430
2026-07-30T03:19:05Z,7,0,17358,63.90,41,2430
2026-07-30T03:19:07Z,0,100,31736,458.12,71,2595
2026-07-30T03:19:07Z,1,0,31854,18.10,33,210
2026-07-30T03:19:07Z,2,0,1,12.83,34,210
2026-07-30T03:19:07Z,3,0,1,18.31,32,210
2026-07-30T03:19:07Z,4,0,29902,16.43,31,210
2026-07-30T03:19:07Z,5,0,29900,16.82,33,210
2026-07-30T03:19:07Z,6,0,17358,68.96,43,2430
2026-07-30T03:19:07Z,7,0,17358,62.30,41,2430
2026-07-30T03:19:08Z,0,68,31736,389.09,66,2767
2026-07-30T03:19:08Z,1,0,31854,17.00,33,210
2026-07-30T03:19:08Z,2,0,1,14.62,34,202
2026-07-30T03:19:08Z,3,0,1,18.17,32,210
2026-07-30T03:19:08Z,4,0,29902,17.43,31,210
2026-07-30T03:19:08Z,5,0,29900,13.93,33,210
2026-07-30T03:19:08Z,6,0,17358,66.74,43,2430
2026-07-30T03:19:08Z,7,0,17358,65.29,41,2430
2026-07-30T03:19:10Z,0,100,31736,423.20,71,2610
2026-07-30T03:19:10Z,1,0,31854,18.91,33,210
2026-07-30T03:19:10Z,2,0,1,13.65,34,210
2026-07-30T03:19:10Z,3,0,1,18.03,32,210
2026-07-30T03:19:10Z,4,0,29902,15.91,31,210
2026-07-30T03:19:10Z,5,0,29900,16.30,33,210
2026-07-30T03:19:10Z,6,0,17358,26.53,42,367
2026-07-30T03:19:10Z,7,0,17358,52.21,40,1365
2026-07-30T03:19:11Z,0,93,31736,406.30,65,2797
2026-07-30T03:19:11Z,1,0,31854,15.88,33,210
2026-07-30T03:19:11Z,2,0,1,14.47,34,210
2026-07-30T03:19:11Z,3,0,1,18.90,32,210
2026-07-30T03:19:11Z,4,0,29902,16.30,31,210
2026-07-30T03:19:11Z,5,0,29900,15.77,33,210
2026-07-30T03:19:11Z,6,0,17358,15.69,42,210
2026-07-30T03:19:11Z,7,0,17358,21.84,40,352
2026-07-30T03:19:13Z,0,100,31736,414.19,70,2647
2026-07-30T03:19:13Z,1,0,31854,18.83,33,210
2026-07-30T03:19:13Z,2,0,1,14.85,34,210
2026-07-30T03:19:13Z,3,0,1,17.22,32,210
2026-07-30T03:19:13Z,4,0,29902,16.62,31,210
2026-07-30T03:19:13Z,5,0,29900,14.95,33,210
2026-07-30T03:19:13Z,6,0,17358,11.27,42,210
2026-07-30T03:19:13Z,7,0,17358,13.29,40,210
2026-07-30T03:19:17Z,0,100,31736,451.62,69,2512
2026-07-30T03:19:17Z,1,0,31854,18.58,33,210
2026-07-30T03:19:17Z,2,0,1,13.54,34,210
2026-07-30T03:19:17Z,3,0,1,16.56,32,210
2026-07-30T03:19:17Z,4,0,29902,15.72,31,210
2026-07-30T03:19:17Z,5,0,29900,16.69,33,210
2026-07-30T03:19:17Z,6,0,17358,94.34,44,2910
2026-07-30T03:19:17Z,7,0,17358,13.47,40,210
2026-07-30T03:19:18Z,0,99,31736,389.10,64,2775
2026-07-30T03:19:18Z,1,0,31854,18.32,33,210
2026-07-30T03:19:18Z,2,0,1,13.14,34,210
2026-07-30T03:19:18Z,3,0,1,20.28,32,210
2026-07-30T03:19:18Z,4,0,29902,15.89,31,210
2026-07-30T03:19:18Z,5,0,29900,16.82,33,210
2026-07-30T03:19:18Z,6,0,17358,69.24,43,2430
2026-07-30T03:19:18Z,7,29,17358,19.80,40,240
2026-07-30T03:19:20Z,0,100,31736,451.42,71,2610
2026-07-30T03:19:20Z,1,0,31854,16.78,33,210
2026-07-30T03:19:20Z,2,0,1,15.27,34,210
2026-07-30T03:19:20Z,3,0,1,16.22,32,210
2026-07-30T03:19:20Z,4,0,29902,16.31,31,210
2026-07-30T03:19:20Z,5,0,29900,14.71,33,210
2026-07-30T03:19:20Z,6,0,17358,66.36,43,2430
2026-07-30T03:19:20Z,7,0,17358,155.97,42,2917
2026-07-30T03:19:21Z,0,100,31736,431.70,70,2640
2026-07-30T03:19:21Z,1,0,31854,18.55,33,210
2026-07-30T03:19:21Z,2,0,1,12.94,34,210
2026-07-30T03:19:21Z,3,0,1,17.03,32,210
2026-07-30T03:19:21Z,4,0,29902,15.70,31,210
2026-07-30T03:19:21Z,5,0,29900,16.42,33,210
2026-07-30T03:19:21Z,6,0,17358,67.73,43,2430
2026-07-30T03:19:21Z,7,0,17358,74.89,41,2430
2026-07-30T03:19:23Z,0,90,31736,394.11,64,2745
2026-07-30T03:19:23Z,1,0,31854,15.42,33,210
2026-07-30T03:19:23Z,2,0,1,15.24,34,210
2026-07-30T03:19:23Z,3,0,1,18.41,32,210
2026-07-30T03:19:23Z,4,0,29902,17.57,31,210
2026-07-30T03:19:23Z,5,0,29900,14.12,33,210
2026-07-30T03:19:23Z,6,0,17358,67.53,43,2430
2026-07-30T03:19:23Z,7,0,17358,64.86,41,2430
2026-07-30T03:19:24Z,0,100,31736,455.44,69,2602
2026-07-30T03:19:24Z,1,0,31854,18.50,33,210
2026-07-30T03:19:24Z,2,0,1,15.12,34,210
2026-07-30T03:19:24Z,3,0,1,15.99,32,210
2026-07-30T03:19:24Z,4,0,29902,16.30,31,210
2026-07-30T03:19:24Z,5,0,29900,15.08,33,210
2026-07-30T03:19:24Z,6,0,17358,67.00,43,2430
2026-07-30T03:19:24Z,7,0,17358,62.68,41,2430
2026-07-30T03:19:26Z,0,100,31736,449.70,69,2595
2026-07-30T03:19:26Z,1,0,31854,17.27,33,210
2026-07-30T03:19:26Z,2,0,1,13.11,34,210
2026-07-30T03:19:26Z,3,0,1,19.13,32,210
2026-07-30T03:19:26Z,4,0,29902,17.10,31,210
2026-07-30T03:19:26Z,5,0,29900,16.33,33,210
2026-07-30T03:19:26Z,6,0,17358,68.65,43,2430
2026-07-30T03:19:26Z,7,0,17358,63.23,41,2430
2026-07-30T03:19:27Z,0,100,31736,376.58,64,2790
2026-07-30T03:19:27Z,1,0,31854,16.53,33,210
2026-07-30T03:19:27Z,2,0,1,16.12,34,210
2026-07-30T03:19:27Z,3,0,1,16.21,32,210
2026-07-30T03:19:27Z,4,0,29902,16.75,31,210
2026-07-30T03:19:27Z,5,0,29900,14.07,33,210
2026-07-30T03:19:27Z,6,0,17358,66.21,43,2430
2026-07-30T03:19:27Z,7,0,17358,64.67,41,2430
2026-07-30T03:19:29Z,0,100,31736,453.16,70,2602
2026-07-30T03:19:29Z,1,0,31854,18.35,33,210
2026-07-30T03:19:29Z,2,0,1,13.10,34,210
2026-07-30T03:19:29Z,3,0,1,19.63,32,210
2026-07-30T03:19:29Z,4,0,29902,16.69,31,202
2026-07-30T03:19:29Z,5,0,29900,16.87,33,210
2026-07-30T03:19:29Z,6,0,17358,68.04,43,2430
2026-07-30T03:19:29Z,7,0,17358,61.81,41,2430
2026-07-30T03:19:30Z,0,100,31736,434.94,70,2602
2026-07-30T03:19:30Z,1,0,31854,15.60,33,210
2026-07-30T03:19:30Z,2,0,1,13.61,34,210
2026-07-30T03:19:30Z,3,0,1,18.21,32,210
2026-07-30T03:19:30Z,4,0,29902,17.44,31,210
2026-07-30T03:19:30Z,5,0,29900,15.62,33,210
2026-07-30T03:19:30Z,6,0,17358,66.75,43,2430
2026-07-30T03:19:30Z,7,0,17358,64.91,41,2430
2026-07-30T03:19:34Z,0,99,31736,383.73,64,2782
2026-07-30T03:19:34Z,1,0,31854,16.26,33,210
2026-07-30T03:19:34Z,2,0,1,16.06,34,210
2026-07-30T03:19:34Z,3,0,1,18.61,32,210
2026-07-30T03:19:34Z,4,0,29902,17.56,31,210
2026-07-30T03:19:34Z,5,0,29900,14.85,33,210
2026-07-30T03:19:34Z,6,0,17358,27.24,42,367
2026-07-30T03:19:34Z,7,0,17358,64.95,41,2430
2026-07-30T03:19:35Z,0,100,31736,461.10,70,2602
2026-07-30T03:19:35Z,1,0,31854,18.46,33,210
2026-07-30T03:19:35Z,2,0,1,15.66,34,210
2026-07-30T03:19:35Z,3,0,1,17.03,32,210
2026-07-30T03:19:35Z,4,0,29902,14.96,31,202
2026-07-30T03:19:35Z,5,0,29900,15.78,33,210
2026-07-30T03:19:35Z,6,0,17358,11.90,42,210
2026-07-30T03:19:35Z,7,0,17358,63.48,41,2430
2026-07-30T03:19:37Z,0,100,31736,453.75,70,2587
2026-07-30T03:19:37Z,1,0,31854,15.59,33,210
2026-07-30T03:19:37Z,2,0,1,13.80,34,210
2026-07-30T03:19:37Z,3,0,1,19.20,32,210
2026-07-30T03:19:37Z,4,0,29902,17.64,31,210
2026-07-30T03:19:37Z,5,0,29900,14.85,33,210
2026-07-30T03:19:37Z,6,0,17358,13.41,42,210
2026-07-30T03:19:37Z,7,0,17358,21.92,40,352
2026-07-30T03:19:38Z,0,100,31736,385.51,64,2737
2026-07-30T03:19:38Z,1,0,31854,16.36,33,210
2026-07-30T03:19:38Z,2,0,1,15.33,34,210
2026-07-30T03:19:38Z,3,0,1,16.33,32,210
2026-07-30T03:19:38Z,4,0,29902,16.76,31,210
2026-07-30T03:19:38Z,5,0,29900,14.37,33,210
2026-07-30T03:19:38Z,6,2,17358,332.68,44,2895
2026-07-30T03:19:38Z,7,0,17358,15.20,40,210
2026-07-30T03:19:40Z,0,100,31736,438.26,70,2617
2026-07-30T03:19:40Z,1,0,31854,18.41,33,210
2026-07-30T03:19:40Z,2,0,1,12.85,34,210
2026-07-30T03:19:40Z,3,0,1,18.82,32,210
2026-07-30T03:19:40Z,4,0,29902,16.47,31,210
2026-07-30T03:19:40Z,5,0,29900,16.47,33,210
2026-07-30T03:19:40Z,6,0,17358,96.32,43,2917
2026-07-30T03:19:40Z,7,0,17358,11.96,40,210
2026-07-30T03:19:41Z,0,0,31736,327.61,60,2812
2026-07-30T03:19:41Z,1,0,31854,16.58,33,210
2026-07-30T03:19:41Z,2,0,1,14.11,34,210
2026-07-30T03:19:41Z,3,0,1,18.05,32,210
2026-07-30T03:19:41Z,4,0,29902,18.10,31,202
2026-07-30T03:19:41Z,5,0,29900,13.78,33,210
2026-07-30T03:19:41Z,6,0,17358,67.04,43,2430
2026-07-30T03:19:41Z,7,0,17358,13.18,40,210
